time_s,short_multiple_online_predictive_constrained_pf_ratio,short_multiple_online_delayed_myopic_constrained_pf_ratio,short_multiple_static_constrained_pf_ratio,short_multiple_virtual_queue_gain_1_online_pf_ratio,short_multiple_instantaneous_common_scale_oracle_ratio,short_multiple_exact_hard_null_reference_ratio,long_multiple_online_predictive_constrained_pf_ratio,long_multiple_online_delayed_myopic_constrained_pf_ratio,long_multiple_static_constrained_pf_ratio,long_multiple_virtual_queue_gain_1_online_pf_ratio,long_multiple_instantaneous_common_scale_oracle_ratio,long_multiple_exact_hard_null_reference_ratio,long_multiple_online_predictive_constrained_pf_two_drops_ratio,short_single_online_predictive_constrained_pf_ratio,short_single_online_delayed_myopic_constrained_pf_ratio,short_single_static_constrained_pf_ratio,short_single_virtual_queue_gain_1_online_pf_ratio,short_single_instantaneous_common_scale_oracle_ratio,short_single_exact_hard_null_reference_ratio,long_single_online_predictive_constrained_pf_ratio,long_single_online_delayed_myopic_constrained_pf_ratio,long_single_static_constrained_pf_ratio,long_single_virtual_queue_gain_1_online_pf_ratio,long_single_instantaneous_common_scale_oracle_ratio,long_single_exact_hard_null_reference_ratio
114.0,0.9996920351393416,0.9996920351393416,0.9702492398035486,0.9996920351393416,1.0000000000000004,0.0,0.9522157662022162,0.9522157662022162,0.7741041901163587,0.9522157662022162,0.999999999999999,0.0,0.9522157662022162,0.6998168113866796,0.6998168113866796,0.6591365695693518,0.6998168113866796,1.0000000000000007,0.0,0.9991454410691845,0.9991454410691845,0.8684812095179855,0.9991454410691845,0.9999999999999974,0.0
115.0,0.9897420270465133,0.9897420270465133,0.9605565330168031,0.9897420270465133,0.981416949527382,0.0,0.9391159687274897,0.9391159687274897,0.762969358605684,0.9391159687274897,0.9814599719075172,0.0,0.9391159687274897,0.6922016197607848,0.6922016197607848,0.6518323143892408,0.6922016197607848,0.9814169495273822,0.0,0.9841131157266277,0.9841131157266277,0.8549106805808084,0.9841131157266277,0.9814599719075153,0.0
116.0,0.979879528995104,0.979879528995104,0.9509494450327026,0.979879528995104,0.9632112448305137,0.0,0.9262188066156744,0.9262188066156744,0.7520188448918774,0.9262188066156744,0.9632915668118138,0.0,0.9262188066156744,0.6846736063059701,0.6846736063059701,0.6446138136707821,0.6846736063059701,0.9632112448305138,0.0,0.969336300035694,0.969336300035694,0.8415821832851319,0.969336300035694,0.9632915668118123,0.0
117.0,0.9701035388553021,0.9701035388553021,0.9414269939050591,0.9701035388553021,0.9453740613724058,0.0,0.9135203520154141,0.9135203520154141,0.7412487838437996,0.9135203520154141,0.9454865568049773,0.0,0.9135203520154141,0.6772311188342903,0.6772311188342903,0.637479411086729,0.6772311188342903,0.945374061372406,0.0,0.9548097260775558,0.9548097260775558,0.8284904781601188,0.9548097260775558,0.9454865568049757,0.0
118.0,0.9604130807650277,0.9604130807650277,0.9319882235226359,0.9604130807650277,0.9278968465363733,0.0,0.9010167692503606,0.9010167692503606,0.7306554063911503,0.9010167692503606,0.9280369376044649,0.0,0.9010167692503606,0.6698725554932483,0.6698725554932483,0.6304275008285759,0.6698725554932483,0.9278968465363735,0.0,0.9405282579607442,0.9405282579607442,0.8156304614125509,0.9405282579607442,0.9280369376044634,0.0
119.0,0.9975180120360285,0.9138235647838774,0.922632203017335,1.334382578175062,1.0000000000000007,0.0,0.9816212429198756,0.8938087331090889,0.720235037208384,1.7514454739281822,0.9999999999999998,0.0,0.9816212429198756,0.9785784081143386,0.9399390573982128,0.6234565265141038,1.1869340734546499,0.999999999999999,0.0,0.9999678678025379,0.9121737963636459,0.8029971606339508,1.8051819295677363,1.0000000000000002,0.0
120.0,0.9875249581962644,0.9046356001828936,0.9133580261571561,1.3210924925814944,0.9815739595689795,0.0,0.9681716783489714,0.8815716497634631,0.7099840924472851,1.7275002903077492,0.9815991228861604,0.0,0.9681716783489714,0.9681731679528035,0.930050799086576,0.6165649800703202,1.1745367264670714,0.9815739595689779,0.0,0.9851525077997914,0.8985087635177318,0.7905857307199686,1.7781285512852032,0.9815991228861607,0.0
121.0,0.9776195027703464,0.895528773171586,0.904164810725653,1.30791583951278,0.963516642065946,0.0,0.9549271365882143,0.8695213367941931,0.699899077515663,1.7039184794857356,0.9635633985157802,0.0,0.9549271365882143,0.9578762787685167,0.9202640066647746,0.6097514005957813,1.1622636104362314,0.9635166420659443,0.0,0.9705830016246648,0.8850737078813035,0.7783914499840614,1.751527901253003,0.9635633985157807,0.0
122.0,0.9678007287677163,0.8865022097449571,0.8950516978961787,1.294851340124926,0.9458197234933461,0.0,0.9418837276822879,0.8576542268700251,0.6899765849038006,1.68069320240077,0.9458849271004762,0.0,0.9418837276822879,0.9476858239328769,0.9105769389337856,0.6030143732096876,1.150112660649319,0.9458197234933444,0.0,0.9562544172061328,0.8718639492271336,0.7664097164526651,1.7253709489588147,0.9458849271004768,0.0
123.0,0.9580677415197801,0.877555057869149,0.8860178515975591,1.2818977564691953,0.9284751184005441,0.0,0.9290376514406844,0.8459668360960276,0.6802132920521926,1.6578177788045738,0.9285560099079889,0.0,0.9290376514406844,0.9375999554798192,0.9009879144425168,0.5963525278877503,1.1380818843518332,0.9284751184005426,0.0,0.9421619412386065,0.8588749217022459,0.7546360443221372,1.6996488814466881,0.9285560099079894,0.0
124.0,0.9988069004862347,0.9486860669091377,0.877062457868099,1.7620607865471125,1.000000000000001,0.0,0.9998803598342801,0.9163851953831254,0.6706059592576264,2.689950104226684,1.0,0.0,0.9998803598342801,0.9927436363933415,0.9399821048774524,0.5897645382859557,2.0598644047351016,0.9999999999999993,0.0,0.997476916339505,0.9283008758374868,0.7430660605642938,3.299770427493914,0.9999999999999982,0.0
125.0,0.9886505475103369,0.9391200340224063,0.8681847242163375,1.7442601142726266,0.9817182810411205,0.0,0.9862837207479531,0.9039227327262932,0.66115142762506,2.652675362378695,0.981732448043644,0.0,0.9862837207479531,0.9820293324894963,0.9299552176506362,0.5832491205642186,2.0386329039810964,0.9817182810411187,0.0,0.9828703061721191,0.9146666353354516,0.7316955016755046,3.250592977919392,0.9817324480436427,0.0
126.0,0.9785845341544911,0.9296371927911679,0.8593838789698456,1.7266097222411838,0.963797945798381,0.0,0.9728918179334181,0.8916467203930696,0.6518466170530836,2.6159782825426596,0.9638242695122432,0.0,0.9728918179334181,0.9714270712543054,0.920029598025218,0.5768050322017058,2.0175966630981303,0.9637979457983793,0.0,0.9685024698902096,0.9012547431948832,0.7205202105498829,3.202227022121355,0.9638242695122416,0.0
127.0,0.9686079179405355,0.9202367330850643,0.8506591706267513,1.7091079187546108,0.9462310678326781,0.0,0.9597007820814162,0.8795536970558802,0.6426885242589182,2.5798477016108965,0.9462678257648585,0.0,0.9597007820814162,0.9609349862376518,0.9102036196529737,0.570431070813498,1.996752903319327,0.9462310678326765,0.0,0.9543686691836857,0.8880608290363728,0.7095361334723355,3.154656793878442,0.9462678257648569,0.0
128.0,0.9587197806155977,0.9109178640596198,0.8420098672074596,1.6917530768900007,0.9290099339587148,0.0,0.9467068349568929,0.867640281211599,0.6336742208412297,2.5442727255605395,0.9290556631333753,0.0,0.9467068349568929,0.9505512775846523,0.9004757154725292,0.56412607296932,1.9760989522511168,0.9290099339587133,0.0,0.940464278747837,0.8750806257743289,0.6987393172232332,3.1078668947252353,0.9290556631333737,0.0
129.0,0.9999581716695415,0.9488900932282442,0.8334352556076107,0.8396227718351079,1.0000000000000002,0.0,0.9786167746156719,0.9339062872539261,0.6248008513786347,1.2595889615081086,0.9999999999999996,0.0,0.9786167746156719,0.995550267787121,0.9402742097378981,0.557888913015959,0.980861955783411,1.0000000000000004,0.0,0.9995039290724571,0.9267847833181265,0.6881259062847855,1.5385239750700817,0.9999999999999998,0.0
130.0,0.9896717624966287,0.9391765879802665,0.8249346409566085,0.8310654051810462,0.9818534350514823,0.0,0.965256273868621,0.9212955364817877,0.6160656315667944,1.2422949841633315,0.981861867162375,0.0,0.965256273868621,0.9846016381000648,0.9301021091753936,0.5517185019077481,0.9706882655729587,0.9818534350514827,0.0,0.9851216562381595,0.9133257747963814,0.6776921401465588,1.5158226009540725,0.9818618671623753,0.0
131.0,0.9794771576794309,0.9295489406699534,0.8165073459738101,0.822579486196645,0.964061869766232,0.0,0.9520976934370251,0.9088710648724233,0.6074658463867514,1.225263544646829,0.9640777996095833,0.0,0.9520976934370251,0.9737686782458183,0.9200333621765825,0.5456137860414498,0.960606099665593,0.9640618697662323,0.0,0.9709673936123691,0.9000829494533431,0.6674343506967646,1.4934895837439988,0.9640777996095835,0.0
132.0,0.9693734233735033,0.920006321932521,0.8081527103359722,0.8141643152519896,0.9466176984233153,0.0,0.9391371940961182,0.89662943732516,0.5989988483133835,1.2084896887017522,0.9466403746379858,0.0,0.9391371940961182,0.9630495773448757,0.910066412630665,0.5395737461049798,0.9506143092928749,0.9466176984233158,0.0,0.9570367726555333,0.8870521052172186,0.6573489597033724,1.471517894045384,0.9466403746379862,0.0
133.0,0.9593596507225137,0.910547922664342,0.7998700900495972,0.8058192191602295,0.9295135089209119,0.0,0.9263710286428601,0.8845672993805389,0.5906620555578526,1.1919685805089386,0.9295423425265991,0.0,0.9263710286428601,0.9524425872527805,0.9001997598809736,0.533597395936961,0.9407117896961561,0.9295135089209122,0.0,0.9433255265617497,0.8742291390357492,0.6474324763739548,1.4499006632394846,0.9295423425265992,0.0
134.0,0.9981617145557609,0.9494349548973608,0.7916588568290384,0.40000967484487665,0.9999999999999994,0.0,0.9596891187843327,0.9137955396231491,0.582452950344715,0.5892435972790372,0.999999999999999,0.0,0.9596891187843327,0.9918982524115755,0.9407195785771144,0.5276837813989854,0.4670863127305668,0.9999999999999998,0.0,0.99958555737009,0.9298294876476731,0.6376814949913752,0.7160117529740841,0.9999999999999994,0.0
135.0,0.987703520581618,0.9395984741548133,0.783518397483458,0.39589261229124667,0.9819820714191416,0.0,0.9465853038645904,0.9014071570937104,0.5743690772248268,0.5812097351730758,0.981988661040441,0.0,0.9465853038645904,0.9808838037230547,0.9304233006421272,0.5218319792632118,0.4622039815484207,0.981982071419142,0.0,0.9851786227193362,0.9165445848120446,0.6280926926226216,0.7055227571745845,0.9819886610404415,0.0
136.0,0.9773416820056069,0.9298493689194368,0.7754481133161577,0.3918097882517509,0.9643134643854234,0.0,0.9336781324394818,0.8892023964222551,0.5664080414247598,0.5732956167665517,0.9643264012056996,0.0,0.9336781324394818,0.9699832495267324,0.9202313577381395,0.5160410961178815,0.4573649611001034,0.9643134643854236,0.0,0.971000635609227,0.903466841064691,0.6186628268975226,0.6952015463905911,0.9643264012056998,0.0
137.0,0.9670752005166893,0.9201868208765853,0.7674474195263584,0.38776091116589634,0.9469868353246279,0.0,0.9209639079283024,0.8771778561167284,0.5585675072270944,0.5654990405685355,0.9470059820959957,0.0,0.9209639079283024,0.9591949612737085,0.9101423088238884,0.5103102672862975,0.4525687743807881,0.9469868353246282,0.0,0.9570471764242332,0.8905923711137509,0.6093887338499466,0.6850449794736002,0.9470059820959962,0.0
138.0,0.956903103518938,0.9106100320949344,0.7595157446292388,0.3837456999804224,0.9299950187862956,0.0,0.9084390225922799,0.8653302157000557,0.5508451963895328,0.5578178569828007,0.9300203289719321,0.0,0.9084390225922799,0.9485173681010675,0.9001547620158832,0.5046386557684489,0.44781496223018613,0.929995018786296,0.0,0.9433139298451706,0.8779173790222724,0.6002673258251771,0.6750499856833615,0.9300203289719323,0.0
139.0,0.9998436701625154,0.9467962761582881,0.7516525298853793,0.19289727782573032,1.000000000000001,0.0,0.9995145519887858,0.8984848781316997,0.5432388865984039,0.34434385677358004,0.9999999999999998,0.0,0.9995145519887858,0.9565387000198624,0.9371300109941613,0.49902545120156905,0.22712934918662464,0.9999999999999994,0.0,0.9339832495883179,0.9297239398486052,0.59129558944808,0.47025616882674326,0.9999999999999982,0.0
140.0,0.9892485762320635,0.9368106357566993,0.7438572287370016,0.1908736545829274,0.9821061543295507,0.0,0.9858369778220434,0.8863030684859657,0.5357464099516606,0.33938031588385714,0.9821136593757098,0.0,0.9858369778220434,0.945692199839704,0.9266752398291174,0.4934698688375338,0.2247001138501184,0.9821061543295492,0.0,0.9205659317798546,0.9164194851136634,0.5824705836433293,0.46295622528014335,0.9821136593757083,0.0
141.0,0.9787515895772211,0.9269165956873835,0.736129306264574,0.1888673454202414,0.964556463963406,0.0,0.9723631745739378,0.8743001158452893,0.5283656514828925,0.3344951327515627,0.9645716280333613,0.0,0.9723631745739378,0.9349608654409453,0.9163267495370293,0.48797114854685436,0.22229314409032158,0.9645564639634043,0.0,0.907359489164423,0.9033228839931574,0.5737894377189494,0.4557799733135748,0.9645716280333597,0.0
142.0,0.9683517439544189,0.9171132761408473,0.7284682386529563,0.18687821042009412,0.947343802403212,0.0,0.9590893759816603,0.86247276084989,0.5210945477158381,0.3296868420232804,0.9473668290733347,0.0,0.9590893759816603,0.9243431153168653,0.906083175905829,0.48252855384217236,0.2199082066140583,0.9473438024032106,0.0,0.8943599154714781,0.8904302125106489,0.565249349499268,0.4487250374247315,0.9473668290733331,0.0
143.0,0.9580480971522644,0.9073998180052757,0.7208735126667027,0.18490611410648133,0.9304612089430676,0.0,0.9460119058859229,0.8508178218357627,0.5139310852498666,0.3249540117444159,0.9304923417695296,0.0,0.9460119058859229,0.9138374199896989,0.8959432007270568,0.47714137092190906,0.21754507599218748,0.9304612089430662,0.0,0.8815632982804594,0.8777376382378731,0.5568475835068686,0.44178909441013847,0.9304923417695278,0.0
144.0,0.9994235145427304,0.9478397298904561,0.7133446251477537,0.09410251163880395,0.9999999999999992,0.0,0.9969551107336988,0.9331008655082275,0.5068732993848081,0.22320227310155127,0.9999999999999994,0.0,0.9969551107336988,0.9952297871575052,0.9034422996555244,0.4718089077422282,0.11259135794882144,0.9999999999999997,0.0,0.9860523734359032,0.8689658165942671,0.5485814692003664,0.343087969616183,0.9999999999999998,0.0
145.0,0.9886579704830433,0.9377257447466655,0.7058810825206083,0.0930900627195311,0.9822270840684495,0.0,0.9834475870703907,0.9204057505160649,0.4999192727741803,0.21979051441115588,0.9822373493308513,0.0,0.9834475870703907,0.9839468842650883,0.8931563218974017,0.4665304931085761,0.11134707316651152,0.9822270840684497,0.0,0.9720780030838455,0.8565637384635297,0.5404483992555532,0.3375056584226624,0.9822373493308515,0.0
146.0,0.9779935520336324,0.9277052651247155,0.6984824003155468,0.09208670614378317,0.9647935165001683,0.0,0.9701381688832956,0.9078964488712509,0.49306713411317954,0.21643580846895782,0.9648143772749428,0.0,0.9701381688832956,0.9727828210093339,0.8829780994777413,0.4613054757931684,0.11011490449644673,0.9647935165001685,0.0,0.9583183638098905,0.8443534186726062,0.5324458278948141,0.3320221367883507,0.964814377274943,0.0
147.0,0.9674292992238824,0.9177774342564377,0.6911481027044852,0.09109236632702732,0.947692353332911,0.0,0.9570232492423311,0.8955696211143344,0.48631505685809306,0.2131370657061061,0.9477241517695001,0.0,0.9570232492423311,0.961736065376516,0.8729062882037315,0.4561332236757307,0.10889472183116947,0.9476923533329114,0.0,0.9447694719204858,0.8323312964810204,0.5245712692609343,0.3266354713912914,0.9477241517695001,0.0
148.0,0.9569642746038118,0.9079414142420297,0.6838777220536582,0.09010696971413742,0.9309168065736421,0.0,0.9440993074981836,0.8834220063400616,0.4796612579783827,0.20989322057800944,0.9309598907903324,0.0,0.9440993074981836,0.950805132128788,0.8629395848687207,0.4510131229096282,0.10768639884771651,0.9309168065736424,0.0,0.9314274363864848,0.820493893422194,0.5168222958348291,0.32134377070134507,0.9309598907903325,0.0
149.0,0.9974668845798569,0.9465975621068783,0.6766707984894889,0.1769192550523071,0.999999999999999,0.0,0.9926446655565814,0.9313629068880376,0.47310399673918496,0.1609336735623097,1.0000000000000009,0.0,0.9926446655565814,0.989447394373619,0.9397643076883112,0.4459445771116166,0.2108369721913976,0.9999999999999994,0.0,0.9763583312238351,0.9182884563958054,0.5091965368944634,0.2728520082704701,1.000000000000001,0.0
150.0,0.9864860492295842,0.9363282659608138,0.6695268794823008,0.1749984651003172,0.98234578670735,0.0,0.9792029730385402,0.9188106922045598,0.4666415735170259,0.1583499324781798,0.98235994253361,0.0,0.9792029730385402,0.9780591972784186,0.9290645144591161,0.4409270065780875,0.20849143784491445,0.9823457867073503,0.0,0.9625146532636714,0.9053488189716528,0.5016916770170174,0.2682740947632515,0.9823599425336104,0.0
151.0,0.9756109738425249,0.9261555096349335,0.662445519440228,0.17309501601479288,0.9650263552131627,0.0,0.9659562502537132,0.9064393875147863,0.46027232864172807,0.15581138879558182,0.965055015617614,0.0,0.9659562502537132,0.966790394444197,0.9184762768209377,0.43595984752261696,0.20616865877338553,0.9650263552131629,0.0,0.9488828260126524,0.8926048966420568,0.49430545461565645,0.26377939784848875,0.9650550156176144,0.0
152.0,0.9648406737073931,0.9160784348414917,0.655426279326109,0.17120877641138665,0.9480349181045907,0.0,0.9529010257566534,0.8942457939501145,0.453994641274969,0.15331716373988036,0.9480784199775745,0.0,0.9529010257566534,0.9556396247913338,0.9079982769664778,0.431042551343485,0.20386841288147584,0.948034918104591,0.0,0.9354589457100986,0.880053145181647,0.4870356605221539,0.25936627023806735,0.9480784199775749,0.0
153.0,0.954174185258107,0.9060962005667849,0.6484687262807025,0.1693396178157712,0.9313648361161116,0.0,0.9400339101007626,0.8822267875394535,0.44780692831125174,0.15086639741967303,0.9314235012712371,0.0,0.9400339101007626,0.9446055642587702,0.8976292336245268,0.4261745839099667,0.20159048378408553,0.9313648361161119,0.0,0.9222391996112811,0.8676901013969481,0.4798801365988418,0.25503309970853527,0.9314235012712373,0.0
154.0,0.9996309326003618,0.9436544184719035,0.6415724332698294,0.3336460560787058,0.9999999999999994,0.0,0.9958141571698996,0.9273515935075558,0.4417076433146243,0.12699926609971265,0.9999999999999994,0.0,0.9958141571698996,0.9906883316518236,0.9336869238479137,0.42135542487873323,0.3967915650231976,0.9999999999999998,0.0,0.9970549681260963,0.9094842576221098,0.47283677439397215,0.23039524872461406,0.9999999999999996,0.0
155.0,0.9884842780808,0.9331923727035306,0.6347369787385214,0.32999061605532426,0.9824627891525954,0.0,0.9823376945504414,0.9148508435869811,0.4356952754783007,0.12489226207452424,0.9824814227655617,0.0,0.9823376945504414,0.9791800468595359,0.9228824477398372,0.4165845670296303,0.392346527755816,0.982462789152596,0.0,0.98304618430514,0.896657281878481,0.46590351382642176,0.22646686035888552,0.9824814227655624,0.0
156.0,0.977447807949129,0.9228313656634353,0.6279619462857465,0.32636846059773705,0.9652559436870093,0.0,0.9690553698074901,0.9025285031295923,0.4297683486163308,0.1228231770872008,0.9652934704637738,0.0,0.9690553698074901,0.9677941007807238,0.9121909115028215,0.41186151562902906,0.38794465101392545,0.9652559436870097,0.0,0.9692472651946693,0.8840236046978464,0.4590783419087633,0.222610846434435,0.9652934704637743,0.0
157.0,0.9665204569645303,0.9125705074359319,0.6212469243505601,0.32277935401688795,0.9483728137840679,0.0,0.9559637675011597,0.8903814879552128,0.4239254201803146,0.12079126500531998,0.9484294681952098,0.0,0.9559637675011597,0.956529120154456,0.901611120376072,0.40718578781490683,0.38358554530997163,0.9483728137840681,0.0,0.9556544662064735,0.8715797517033433,0.4523592915009913,0.21882576608337348,0.9484294681952102,0.0
158.0,0.9557011810887527,0.9024089240312413,0.6145915059161836,0.3192230646679976,0.9318068915686439,0.0,0.943059552661821,0.8784067848283046,0.4181650803058351,0.11879579545622634,0.9318828817116684,0.0,0.943059552661821,0.9453837651156297,0.8911419076375222,0.40255691200767957,0.37926882966479,0.9318068915686443,0.0,0.942264127639836,0.8593223278949677,0.44574444009969877,0.2151102087573526,0.9318828817116691,0.0
159.0,0.9974100309930956,0.9449889563851385,0.6079952882236892,0.629400232551691,0.9999999999999998,0.0,0.9429533731957558,0.9302976355996105,0.4124859508814041,0.11597760230883612,1.0000000000000007,0.0,0.9429533731957558,0.9969850905846868,0.9343567274403796,0.39797442734102745,0.74720841511798,1.0000000000000004,0.0,0.99020664696567,0.9290726723883207,0.4392319086543419,0.20187177644551085,1.0000000000000009,0.0
160.0,0.9860826958162551,0.9343827779800951,0.6014578725055271,0.6224404256978919,0.9825782875463724,0.0,0.9301422293835481,0.9177594171668318,0.406886684648314,0.11404436825127723,0.9826015859405635,0.0,0.9301422293835481,0.9851614495256242,0.9234467288829443,0.3934378831195234,0.7387749913290097,0.9825782875463729,0.0,0.9763592832142487,0.9160766037200249,0.43281986041997783,0.19840884706411946,0.9826015859405639,0.0
161.0,0.974869503467816,0.9238816590662019,0.5949788637267314,0.6155446994343232,0.9654826089086799,0.0,0.917515474482106,0.9053990178034056,0.4013659643207369,0.11214602267180375,0.965529307436234,0.0,0.917515474482106,0.9734657647208743,0.9126525195821272,0.388946838294512,0.7304238499923466,0.9654826089086804,0.0,0.9627166349435327,0.9032725031064152,0.42650649983411804,0.19501000369136046,0.9655293074362343,0.0
162.0,0.9637693763464112,0.9134846299624356,0.5885578703441539,0.608712618952677,0.9487064386881582,0.0,0.9050698941001425,0.8932134022178133,0.3959225017342431,0.11028187677438446,0.9487766085023631,0.0,0.9050698941001425,0.96189667339122,0.9019728765522084,0.38450086096494457,0.7221542909764149,0.9487064386881588,0.0,0.949275126081252,0.8906570281188024,0.4202900714267454,0.19167396803898196,0.9487766085023633,0.0
163.0,0.952781255769161,0.9031907372210161,0.5821945040777599,0.6019437548242002,0.9322433884872243,0.0,0.8928023486182641,0.8811996044644461,0.39055503701779903,0.10845125631068338,0.9323370701570408,0.0,0.8928023486182641,0.9504528408900854,0.8914066022472793,0.38009952789906754,0.7139656266284573,0.9322433884872248,0.0,0.9360312603312516,0.8782269103807668,0.41416885875791676,0.18839948850000104,0.9323370701570413,0.0
164.0,0.9990757916869868,0.9419041009396365,0.575888379693167,1.1810190553307687,0.9999999999999997,0.0,0.9941162770351976,0.8806299766612622,0.38526233778827257,0.21280167792641855,1.0,0.0,0.9941162770351976,0.9971778606981109,0.9389629502079044,0.37574242407610553,1.3951291513164548,1.0000000000000002,0.0,0.9997852571104331,0.9229816189995665,0.4081411833817414,0.1807694383089528,1.0000000000000004,0.0
165.0,0.9875318669953164,0.9311368879784063,0.5696391148006622,1.1678268963977718,0.9826922116642723,0.0,0.9807382693543161,0.8687100612333272,0.3800431983710582,0.2092789711832043,0.9827200774344735,0.0,0.9807382693543161,0.9851775920643631,0.9277693990305784,0.3714291422510572,1.3792366361715862,0.9826922116642729,0.0,0.9856697736555307,0.9101228588891038,0.4022054038405396,0.17766850910729515,0.9827200774344741,0.0
166.0,0.9761062813813899,0.9204786089980015,0.563446329660446,1.1547579089435662,0.9657061667422748,0.0,0.9675483278523618,0.8569591848218625,0.37489643903913167,0.20581928817215164,0.9657618032824782,0.0,0.9675483278523618,0.9733102065075564,0.9166971659760487,0.3671592825358302,1.363500653734626,0.965706166742275,0.0,0.9717662093505516,0.8974517102435005,0.39635991468090404,0.17462490942955183,0.9657618032824785,0.0
167.0,0.9647979624316863,0.9099282712415718,0.5573096470068306,1.1418112722772267,0.9490354557224124,0.0,0.9545433028439454,0.8453744855953432,0.3698209052792857,0.20242139323616226,0.9491187373671431,0.0,0.9545433028439454,0.9615742659145194,0.9057450166487443,0.3629324520044119,1.3479199203915573,0.9490354557224127,0.0,0.9580707775711006,0.88496497476204,0.39060314550079894,0.17163749631306408,0.9491187373671435,0.0
168.0,0.9536058523140669,0.8994848962637708,0.5512286918789867,1.1289861724749146,0.9326738021261162,0.0,0.9417201147032064,0.833953166170226,0.36481546707655965,0.19908407660224098,0.932784573357688,0.0,0.9417201147032064,0.9499683586735187,0.8949117376641974,0.35874826431403406,1.332493170596665,0.9326738021261166,0.0,0.9445797782358895,0.872659523662853,0.3849335600182181,0.16870515053028495,0.9327845733576885,0.0
169.0,0.9895526555721273,0.9425289069462665,0.5452030914638415,1.4254745542309362,0.9999999999999993,0.0,0.9998822950154809,0.9290757518515792,0.3598790182209602,0.3906447646509447,0.9999999999999998,0.0,0.9998822950154809,0.9997562239074537,0.9384910982988047,0.35460633934574304,1.9179381416631414,0.9999999999999999,0.0,0.9309322208739862,0.9304249403080735,0.379349655165883,0.3308678526560962,1.0,0.0
170.0,0.9778529827041117,0.9315660952194064,0.5392324749510087,1.4087774645526268,0.9828042854611565,0.0,0.9864420907344755,0.9166072688101145,0.3550104756350523,0.38422114211629993,0.9828364283212906,0.0,0.9864420907344755,0.9874919696270297,0.9271411221342231,0.35050630286346424,1.8951105812399784,0.982804285461157,0.0,0.9178271993444265,0.9173503906569848,0.37384996020981653,0.32523028666759135,0.9828364283212909,0.0
171.0,0.9662767163982706,0.920716398273037,0.5333164733978454,1.3922444780375536,0.9659260397970896,0.0,0.9731887391481855,0.9043117843139877,0.35020877872216677,0.3779114403529498,0.9659900167304067,0.0,0.9731887391481855,0.9753662033063102,0.9159170901326271,0.34644778619071065,1.8725185837142257,0.9659260397970898,0.0,0.9049162137291069,0.9044692255742315,0.3684330358922843,0.31969616903904613,0.9659900167304071,0.0
172.0,0.9548227287805608,0.9099788088173585,0.5274547196034608,1.3758745342475462,0.9493589644666441,0.0,0.960119189876916,0.8921864794847156,0.34547288873345355,0.37171344096601905,0.9494544395707011,0.0,0.960119189876916,0.9633774686782749,0.9048176837053633,0.34243042590357187,1.8501602569694746,0.9493589644666445,0.0,0.8921958918108415,0.8917780801640652,0.3630974735967851,0.31426344607828344,0.9494544395707015,0.0
173.0,0.9434899052615426,0.8993523305063035,0.5216468479949135,1.3596665777466468,0.9330968907180547,0.0,0.9472304583752578,0.8802285960646922,0.3408017881555422,0.3656249717364314,0.9332235022389936,0.0,0.9472304583752578,0.9515243312652143,0.8938416046442549,0.3384538635415259,1.8280337294897782,0.933096890718055,0.0,0.8796629361655948,0.8792736642755965,0.3578418945368042,0.30893010659225895,0.9332235022389942,0.0
174.0,0.9999590227483667,0.9322771437705412,0.5158924945185125,0.6736121943792719,1.0000000000000007,0.0,0.9973555301357989,0.9345196240491337,0.33619448011484193,0.7174993537180291,1.0000000000000004,0.0,0.9973555301357989,0.9719581302773759,0.939451634540506,0.3345177453319742,0.9055948399495457,0.9999999999999992,0.0,0.9915499102284023,0.867314122084743,0.35266494896481954,0.605949493151155,1.0000000000000009,0.0
175.0,0.9878316602305286,0.9211833540534095,0.5101912965451542,0.6656469836218606,0.9829140829567689,0.0,0.983861231646685,0.9219838284434456,0.33164998780305416,0.7057767665148157,0.9829500903426146,0.0,0.983861231646685,0.959928691025943,0.9278710129784837,0.3306217219330356,0.8947296622992098,0.9829140829567672,0.0,0.9777057395187706,0.855146295568384,0.3475653154055612,0.5956929663405888,0.9829500903426149,0.0
176.0,0.9758368958671634,0.9102074570176817,0.5045428927809595,0.6577614073624098,0.9661413660357306,0.0,0.9705552589126544,0.9096202734833917,0.3271673539185438,0.6942602385836766,0.9662128567787214,0.0,0.9705552589126544,0.9480369783645933,0.916421754905203,0.32676544818932085,0.8839779506329596,0.966141366035729,0.0,0.9640623803907499,0.8431563713745017,0.3425416999084401,0.5856231881117497,0.9662128567787218,0.0
177.0,0.9639734838308901,0.8993483841292483,0.4989469231867338,0.6499549425251122,0.9496756594488935,0.0,0.9574345474791123,0.8974262197752432,0.32274564012572804,0.6829457847896941,0.9497820882092216,0.0,0.9574345474791123,0.9362815327836238,0.9051025012852074,0.3229485829025365,0.8733388005816954,0.9496756594488918,0.0,0.9506164592117692,0.8313413311293592,0.33759283532137885,0.5757364672864851,0.949782088209222,0.0
178.0,0.9522401903211968,0.8886050768573031,0.4934030289058587,0.6422270666790162,0.9335109004591118,0.0,0.9444960982873715,0.8853989849639706,0.3183839265316155,0.6718295025411518,0.9336517020403423,0.0,0.9444960982873715,0.9246609135767453,0.8939119100045629,0.31917078861618214,0.8628113146623344,0.9335109004591102,0.0,0.9373646743076138,0.8196982214963597,0.33271748058491335,0.5660291889386179,0.9336517020403425,0.0
179.0,0.9980908949730588,0.9405719755348445,0.48791085220065794,0.3182355782888043,0.9999999999999989,0.0,0.9995500716893576,0.9316783667828584,0.3140813111797114,1.3171919555166371,0.9999999999999994,0.0,0.9995500716893576,0.9925688606587321,0.9131736980052549,0.3154317314142683,0.42752316233260745,0.9999999999999992,0.0,0.9993786573302884,0.9246527389633963,0.3279144200470506,1.1103590557157346,0.9999999999999996,0.0
180.0,0.9857766588052862,0.9290966117775361,0.48247003639237834,0.3144377964153116,0.9830210785096178,0.0,0.9860278640601969,0.919096642577097,0.3098369095577726,1.2958014384136174,0.9830604687701406,0.0,0.9860278640601969,0.9802002609692008,0.9018184805157109,0.3117310807307271,0.4223530329492291,0.9830210785096181,0.0,0.9854244287842819,0.9117739714763132,0.3231824627952007,1.0916855138656703,0.9830604687701409,0.0
181.0,0.9736016627404841,0.9177476988511175,0.47708022581235787,0.3106786419263256,0.9663510962861231,0.0,0.9726931529425478,0.9066885413070669,0.3056498541239856,1.2747836074954872,0.9664291467337501,0.0,0.9726931529425478,0.96797546133067,0.8905938720215992,0.30806850917375433,0.41723758757029195,0.9663510962861236,0.0,0.971672048321277,0.8990799443873003,0.3185204420097686,1.0733492501735933,0.9664291467337505,0.0
182.0,0.9615644895069573,0.9065240463048673,0.4717410657572691,0.3069578530032665,0.949983971962397,0.0,0.9595429377767649,0.8944513078280663,0.30151929384721815,1.254131305304836,0.9500999382485599,0.0,0.9595429377767649,0.9558928790252513,0.8794984992350346,0.3044436923607075,0.4121763872195798,0.9499839719623975,0.0,0.9581181423572197,0.8865676231246965,0.31392721433525617,1.05534362950994,0.9500999382485603,0.0
183.0,0.9496637366424684,0.8954244730853362,0.46645220245069385,0.3032751675920669,0.9339137488150111,0.0,0.9465742804019801,0.882382243690581,0.29744439376187304,1.2338375220703097,0.9340668737796309,0.0,0.9465742804019801,0.9439509511967351,0.8685310040483339,0.3008563087642592,0.4071689952096053,0.9339137488150113,0.0,0.9447594088433163,0.874234035975157,0.30940165926899427,1.037662153745931,0.9340668737796312,0.0
184.0,0.9995981970181802,0.937898015932065,0.461213283011576,0.15039309490672081,1.0000000000000007,0.0,0.9966955626201928,0.933784303312587,0.29342433453834,2.417281842842483,1.0000000000000002,0.0,0.9966955626201928,0.9990533333482611,0.9321481341434174,0.2973060395703138,0.20187698413249863,0.9999999999999991,0.0,0.9987653970315385,0.9315926153325014,0.30494267856901214,2.0357415206840113,1.0000000000000009,0.0
185.0,0.9870039892286447,0.9262659528876125,0.4560239554262587,0.1485817939097399,0.9831246907926318,0.0,0.9832511041500859,0.9211701879704637,0.28945831206605926,2.378243645572513,0.9831669522675859,0.0,0.9832511041500859,0.9868439553267905,0.9204829026564877,0.2937925685450254,0.19941639635093833,0.9831246907926301,0.0,0.9848660653511362,0.9186145971021497,0.30054919567761873,2.0017182896473473,0.9831669522675864,0.0
186.0,0.9745559342997138,0.9147661862772011,0.45088386852882006,0.1467892382338314,0.9665540793379755,0.0,0.9699904283801418,0.9087291731826234,0.28554553705249447,2.339880084035201,0.9666376822280004,0.0,0.9699904283801418,0.9747710303385664,0.9089537494120975,0.2903155819137951,0.19698217483938923,0.9665540793379739,0.0,0.971165109805502,0.905822255343254,0.29622015516432243,1.968304497401862,0.9666376822280007,0.0
187.0,0.9622525338017414,0.9033973676878483,0.44579267198283395,0.14501529526748022,0.9502821935433525,0.0,0.9569106897973028,0.8964585535271836,0.2816852346329773,2.302178282418954,0.9504062110420735,0.0,0.9569106897973028,0.9628331862855127,0.8975591844004245,0.28687476824753616,0.19457410415194992,0.9502821935433509,0.0,0.9576593017345998,0.8932125553988941,0.29195452218271517,1.9354882167413674,0.950406211042074,0.0
188.0,0.950092301554684,0.8921581611315014,0.4407500162700679,0.14325983216021096,0.9343031837465041,0.0,0.9440090992652518,0.8843556778392146,0.27787664399527323,2.2651256297525597,0.9344666836538263,0.0,0.9440090992652518,0.9510290634187805,0.8862977344016622,0.28346981835958207,0.19219196963141894,0.9343031837465027,0.0,0.9443454787018138,0.8807825250640936,0.2877512819455346,1.9032577668082111,0.9344666836538267,0.0
189.0,0.982272124669032,0.9380737633109876,0.43575555268307364,0.28182111103131086,1.0000000000000009,0.0,0.9382093070585626,0.931282922499745,0.27411901801621336,1.1198048991437415,0.9999999999999998,0.0,0.9382093070585626,0.9941778496632461,0.9393573140153041,0.28010042521086537,0.09545272231710251,0.9999999999999992,0.0,0.9362852341870095,0.9312205427403967,0.2836094392148928,0.941405626201891,1.0000000000000004,0.0
190.0,0.9696395545464046,0.9261954564731428,0.4308089333208978,0.2783984456613039,0.9832243201009485,0.0,0.9255550910862816,0.9187294785966286,0.27041162291018095,1.101825735807331,0.983268939009866,0.0,0.9255550910862816,0.9823677035840156,0.9278166020833822,0.27676628382287227,0.09428001775587352,0.983224320100947,0.0,0.923160452553834,0.918281458654796,0.279528017807735,0.9257734560981221,0.9832689390098663,0.0
191.0,0.9571574340525844,0.9144559298482231,0.4259098110907508,0.27501178902203327,0.9667491339618134,0.0,0.9130723846565318,0.906346138616098,0.2667537378905763,1.0841541797597762,0.9668372818116115,0.0,0.9130723846565318,0.9706834091387855,0.9164056031006387,0.27346709119962126,0.09312003954355104,0.966749133961812,0.0,0.9102237382921348,0.9055252523805524,0.2755060601173633,0.9104186027352595,0.9668372818116121,0.0
192.0,0.9448241885881851,0.9028537434268077,0.4210578397098291,0.27166087401268807,0.9505685802328554,0.0,0.900758589645697,0.8941303242100758,0.2631446548408478,1.0667844123727024,0.9506991678152173,0.0,0.900758589645697,0.9591237567590593,0.905123003771739,0.2702025462551112,0.09197268132029911,0.9505685802328538,0.0,0.8974720387154551,0.8929490093898815,0.2715426266478332,0.8953356778047711,0.9506991678152177,0.0
193.0,0.932638254696714,0.8913874681973193,0.41625267371386127,0.2683454330041111,0.9346769178644826,0.0,0.8886111575695651,0.8820795063054195,0.25958367799884724,1.0497107343961407,0.9348488578988919,0.0,0.8886111575695651,0.9476875476044396,0.8939675018177383,0.2669723497499117,0.09083783702281335,0.9346769178644809,0.0,0.8849023630016635,0.880549873155968,0.2676367955648769,0.8805194043345336,0.9348488578988924,0.0
194.0,0.9863263640693847,0.9205980799161977,0.4114939684658626,0.5285628846423195,0.9999999999999993,0.0,0.9810734422511178,0.8766275882938437,0.2560701236499593,0.5190399307136693,1.0000000000000009,0.0,0.9810734422511178,0.9912282551293896,0.9363735933677403,0.26377620423255316,0.17827576449766078,0.9999999999999999,0.0,0.9913870513215944,0.8725117805822696,0.26378766225860034,0.434010434780557,1.000000000000001,0.0
195.0,0.9735505734495122,0.9087021226659314,0.40678138017082743,0.5220922392653936,0.9833193789844206,0.0,0.9678344857886367,0.8648054287974811,0.25260331983298817,0.5107523483754124,0.9833658586182489,0.0,0.9678344857886367,0.9794671164071886,0.9251807161034151,0.26061381398929706,0.17607055108822497,0.9833193789844209,0.0,0.9775799203025664,0.8602974195912604,0.25999433892227575,0.42684427524645374,0.9833658586182495,0.0
196.0,0.9609292018949864,0.89694885214742,0.40211456588846695,0.5156907170660445,0.9669351079045908,0.0,0.9547727048589548,0.8531422719684324,0.24918260605306453,0.5026050554534749,0.9670268293174773,0.0,0.9547727048589548,0.9678305694084025,0.9141077480601633,0.2574848849969286,0.1738895663774388,0.966935107904591,0.0,0.9639670809467245,0.8482564653526228,0.2562559541410733,0.41980414718531467,0.9670268293174777,0.0
197.0,0.9484605568339779,0.8853367482794933,0.39749318355373936,0.5093577802008455,0.9508414377737836,0.0,0.9418855141478573,0.8416357554530456,0.24580733300778343,0.494595426910294,0.9509771710115223,0.0,0.9418855141478573,0.9563174122225396,0.903153531539564,0.2543891248844689,0.1717326015980257,0.9508414377737839,0.0,0.9505454809704312,0.8363861589281134,0.25257165249714275,0.4128876177804143,0.9509771710115228,0.0
198.0,0.9361429596928902,0.8738643016437428,0.3929168919945317,0.5030928900014445,0.9350327377766059,0.0,0.9291703745438807,0.8302835605348328,0.24247686231988097,0.48672089135923213,0.9352112617289365,0.0,0.9291703745438807,0.9449264540641853,0.8923169187561495,0.2513262428971911,0.16959944849887812,0.9350327377766062,0.0,0.9373121273519172,0.8246837957009314,0.24894059418433556,0.40609230449520056,0.935211261728937,0.0
199.0,0.9802167461150801,0.9239747457645358,0.388385350954909,0.9874307584826189,1.0000000000000002,0.0,0.9580379487560774,0.9317692977577883,0.23919056628106794,0.2411393419923777,0.9999999999999996,0.0,0.9580379487560774,0.978954957831942,0.941741220203174,0.24829594986762069,0.3336549439158893,1.0000000000000004,0.0,0.9790258501225467,0.921114379167045,0.2453619546369504,0.20018216099410302,1.0000000000000004,0.0
200.0,0.9672726471114924,0.9119542640913494,0.3838982211175406,0.9752436092414811,0.9834093165260679,0.0,0.945030848066488,0.9192460358761992,0.23594782760312089,0.23730891751141056,0.9834571898006415,0.0,0.945030848066488,0.967131684574493,0.9305091165184396,0.24529795818957997,0.3295005090316777,0.9834093165260684,0.0,0.9653175593970104,0.9083070212917917,0.24183492416867966,0.1968944563445092,0.9834571898006417,0.0
201.0,0.9544888687531184,0.9000798773711823,0.37945516412912733,0.9631885709053756,0.9671109245173857,0.0,0.9321976257747476,0.906888455955345,0.23274803917853287,0.233542577154432,0.96720530781445,0.0,0.9321976257747476,0.9554367423391391,0.9193963411491953,0.242331981797483,0.3253922512524517,0.967110924517386,0.0,0.9518019732508224,0.8956782553077607,0.23835870762410105,0.1936640674280749,0.9672053078144504,0.0
202.0,0.9418636130199575,0.8883499618796322,0.3750558426273624,0.9512645675340481,0.9510991887645239,0.0,0.9195357914533719,0.894694190313536,0.22959060384932817,0.22983913865977704,0.9512387332945109,0.0,0.9195357914533719,0.9438688550856539,0.9084017432680949,0.23939773614962767,0.3213297595660459,0.9510991887645242,0.0,0.9384761033425763,0.8832253288721439,0.23493252404108886,0.19048989584901835,0.9512387332945114,0.0
203.0,0.9293950955258283,0.8767629074040859,0.3706999202675471,0.939470522369808,0.9353685900578097,0.0,0.9070428972108657,0.8826609122557607,0.226474934182873,0.22619744375964101,0.9355519621965299,0.0,0.9070428972108657,0.9324267586524878,0.897524182497125,0.2364949382142668,0.3173126240595619,0.9353685900578101,0.0,0.9253370178452885,0.870945541624645,0.23155560632304964,0.18737086591190516,0.9355519621965301,0.0
204.0,0.9736677901469901,0.9315010611545177,0.36638706175176156,1.2416097465497047,0.9999999999999998,0.0,0.9574444006455685,0.9282688695462592,0.22340045225622526,0.11360080812793084,1.0000000000000002,0.0,0.9574444006455685,0.9785615384872786,0.931156751575131,0.23362330646001214,0.6246613322623352,1.0000000000000002,0.0,0.9676335063102787,0.9297687113184551,0.22822720092241885,0.09306097393421979,1.0000000000000004,0.0
205.0,0.9605014259754415,0.9190941546109113,0.3621169328589121,1.2254946840601477,0.9834936368310763,0.0,0.9444275311670547,0.9157813836395017,0.22036658944785092,0.111804357248794,0.9835424738663683,0.0,0.9444275311670547,0.9665401953605207,0.9198650790683115,0.23078256084941365,0.6168328043970914,0.9834936368310766,0.0,0.954026548509078,0.9168260508609855,0.22494656753424683,0.09154077291259109,0.9835424738663687,0.0
206.0,0.9475028541185422,0.9068431214949852,0.35788920047323475,1.2095696430894998,0.9672756181465958,0.0,0.9315837440551256,0.9034579913195355,0.21737278623498768,0.11003756315867627,0.9673718255144156,0.0,0.9315837440551256,0.954652632527974,0.9086961491078095,0.2279724228340302,0.6090922382069722,0.967275618146596,0.0,0.9406108058047136,0.9040628717304291,0.22171297879804663,0.0900468266210399,0.9673718255144159,0.0
207.0,0.9346701434453432,0.8947461446041538,0.3537035326169057,1.1938328017547701,0.9513404234735424,0.0,0.9189106072448431,0.8912963990557317,0.21441849199987187,0.108299889466296,0.9514825547984144,0.0,0.9189106072448431,0.942897468598709,0.8976487418715929,0.22519261535426266,0.601438825483825,0.9513404234735426,0.0,0.9273833391262987,0.891476451621462,0.21852572001104778,0.08857863614836052,0.9514825547984148,0.0
208.0,0.9220013768404789,0.8828014228243519,0.34955959848063706,1.1782823414921797,0.9356826460927099,0.0,0.9064057283813923,0.8792943513079068,0.21150316484113882,0.10659081051749232,0.9358692757895033,0.0,0.9064057283813923,0.9312733355509879,0.886721648820363,0.22244286284018233,0.5938717606014039,0.9356826460927102,0.0,0.9143412639620186,0.8790641183300545,0.21538408884923851,0.08713571288829419,0.9358692757895036,0.0
209.0,0.9616269295827031,0.9329943900714823,0.34545706845437396,1.581999324753209,1.0000000000000004,0.0,0.9479932143860936,0.9337402191297748,0.20862627139120865,0.05501448056422197,0.9999999999999992,0.0,0.9479932143860936,0.9724247834542178,0.932348524954508,0.21972289121432892,1.1632622766089191,1.0000000000000009,0.0,0.9368281052315965,0.9269640414199644,0.21228739509677033,0.17102901056410189,0.9999999999999996,0.0
210.0,0.9483932730764337,0.9202809747499828,0.3413956141604479,1.5603337440728324,0.9835719124291256,0.0,0.9350636786246219,0.9211747810954034,0.20578728664102144,0.05414748806077313,0.9836213244737034,0.0,0.9350636786246219,0.9602923175917316,0.9208588230374685,0.21703242789784083,1.1485768539188905,0.9835719124291261,0.0,0.92360595261398,0.9140337765083801,0.20923496038510475,0.16824798546047748,0.9836213244737037,0.0
211.0,0.9353332644498095,0.9077320825013075,0.3373749084845941,1.538947435187614,0.9674283597076155,0.0,0.9223054842816509,0.9087734087232429,0.202985693769396,0.05329457790355604,0.9675256343884084,0.0,0.9223054842816509,0.9482974963278294,0.9094969997320924,0.21437120181710262,1.1340583092043743,0.9674283597076159,0.0,0.9105695270484595,0.9012823336591116,0.20622611793925122,0.1655145694957295,0.9675256343884089,0.0
212.0,0.9224447643718194,0.895345726643995,0.33339462560757577,1.51783723516271,0.9515639364339091,0.0,0.9097162688679334,0.8965338521056011,0.20022098397807725,0.052455503070510535,0.9517075497871409,0.0,0.9097162688679334,0.9364388714869264,0.8982617366955983,0.21173894341222496,1.119705060431441,0.9515639364339095,0.0,0.897715996356246,0.8887070288146747,0.2032602123318465,0.16282786581070724,0.9517075497871411,0.0
213.0,0.9097256539339544,0.8831199384826137,0.329454441037467,1.4969999973155808,0.9359733486222293,0.0,0.8972937067045025,0.8844538971310746,0.19749265633267957,0.05163002133974552,0.9361618023635838,0.0,0.8972937067045025,0.9247150087642915,0.8871517284002933,0.20913538464744375,1.1055155317480263,0.9359733486222296,0.0,0.8850425800106373,0.8763052264433745,0.20033659924543762,0.16018699604599992,0.9361618023635843,0.0
214.0,0.9955350332636722,0.8404352503153931,0.15040667092678045,0.6498513629400304,1.0000000000000002,0.0,0.9888542412958631,2.133912345743105,0.15357667167392247,0.1366705794088214,1.0000000000000004,0.0,0.9888542412958631,0.8542090522951782,0.9739129545123957,0.14380944739743418,1.721817031314085,1.0000000000000009,0.0,0.9818350314693763,1.604334049084111,0.17695675149829232,0.4176463338919495,0.9999999999999987,0.0
215.0,0.9816528566912526,0.8296908499866399,0.1485872737590498,0.6413353597623034,0.9829507820544077,0.0,0.9756818508629366,2.1099587708089023,0.1513500602811718,0.13455543351980667,0.9830429182731382,0.0,0.9756818508629366,0.8431987253387533,0.9627536955046769,0.1420009136911588,1.7003846593470964,0.982950782054408,0.0,0.9679453179135793,1.585122351672642,0.17422576795550573,0.41067251525615744,0.9830429182731366,0.0
216.0,0.9679590908061845,0.8190768276588871,0.14678709273831161,0.6329257358435001,0.9662078196359979,0.0,0.9626802100607632,2.0862397468502216,0.1491558400865662,0.13247476643197986,0.9663884521637383,0.0,0.9626802100607632,0.8323217898986756,0.9517058669173286,0.14021295783423893,1.6791963600169222,0.9662078196359983,0.0,0.9542527284812589,1.5661264820788388,0.17153809781981855,0.40382136945926256,0.9663884521637365,0.0
217.0,0.9544511357947099,0.8085915498639794,0.14500595357100313,0.6246211491073244,0.9497650332550364,0.0,0.9498469337459584,2.0627529855729656,0.1469934969246511,0.1304279392609654,0.9500306287466631,0.0,0.9498469337459584,0.8215766079433501,0.9407684230369144,0.13844536477606154,1.658249507298293,0.9497650332550369,0.0,0.9407541539652676,1.547343729183281,0.16889298342771905,0.3970904989869326,0.9500306287466616,0.0
218.0,0.9411264297481741,0.7982334070070716,0.14324368331889445,0.6164202756230701,0.933616478705862,0.0,0.9371796779257592,2.0394962322913206,0.14486252635504973,0.12841432696073457,0.9339636076512441,0.0,0.9371796779257592,0.8109615649804902,0.9299403306335988,0.1366979216750061,1.6375415039021886,0.9336164787058625,0.0,0.9274465457802551,1.528771431317043,0.16628968254381243,0.3904775593088312,0.9339636076512423,0.0
219.0,0.9952908297523207,0.9269486933151969,0.14150011038853552,0.30492439753725864,1.0000000000000007,0.0,0.9991660239881609,1.0335389045267724,0.1427624334410075,0.25108194435424347,1.0000000000000009,0.0,0.9991660239881609,0.999886319074841,0.9376347206462602,0.13497041786583963,0.810607868133731,0.9999999999999992,0.0,0.9932570825570793,0.936840939716722,0.16372746800026194,0.7654080772946298,0.9999999999999992,0.0
220.0,0.9811499667655698,0.9145820862211624,0.1397750645218063,0.30091556434438477,0.9830266513456818,0.0,0.9858201935536401,1.0217231519147587,0.14069273253432943,0.24721222705013177,0.9831161703183232,0.0,0.9858201935536401,0.9869583315440217,0.9261126873815396,0.13326264482919073,0.8004621641107886,0.9830266513456802,0.0,0.9795409387485395,0.9247865907153938,0.16120562734601773,0.7526820780660815,0.9831161703183214,0.0
221.0,0.9672043145208682,0.9023716551628368,0.13806837678798042,0.29695678283790716,0.9663553208538073,0.0,0.9726452303497576,1.0100262271523524,0.1386529470672076,0.24340490098459294,0.9665308058951814,0.0,0.9726452303497576,0.9741850676343384,0.9147191709338859,0.13157439616349975,0.7904323936898134,0.9663553208538055,0.0,0.9660126664990532,0.9128843047128012,0.15872346250645217,0.7401777723774342,0.9665308058951799,0.0
222.0,0.9534511719103244,0.8903154647974192,0.13637987957536074,0.29304742445973603,0.949980087000554,0.0,0.9596388876639683,0.9984469305012758,0.13664260934854017,0.23965882769651317,0.950238089824728,0.0,0.9596388876639683,0.9615647650983025,0.9034527834072935,0.1299054675574786,0.7805173098893234,0.9499800870005525,0.0,0.9526694368606436,0.9011318905381003,0.1562802894504787,0.7278908837766522,0.9502380898247265,0.0
223.0,0.9398878755041027,0.8784116037786236,0.13470940658389538,0.28918686910696695,0.9338951589471598,0.0,0.9467989523194585,0.9869840802136393,0.13466126036629553,0.235972893133136,0.9342323331846276,0.0,0.9467989523194585,0.9490956812638355,0.8923121540235978,0.12825565676441805,0.7707156791639415,0.9338951589471584,0.0,0.9395084735135677,0.8895271997244457,0.1538754378669887,0.7158172294784393,0.9342323331846261,0.0
224.0,0.9925610449960911,0.9220970311997035,0.13305679281842195,0.1431124522450846,1.0000000000000004,0.0,0.9950732772147046,0.9374406049650011,0.13270844959530612,0.46245849556285873,0.9999999999999998,0.0,0.9950732772147046,0.990562583991388,0.9302723953517853,0.12662476357791605,0.38145383751869033,1.0000000000000004,0.0,0.998543394713871,0.9198070805061558,0.1515082508498003,1.4029811500677436,1.0,0.0
225.0,0.9783342534246562,0.9090274490982645,0.13142187458226207,0.14122405281076633,0.9830941418678814,0.0,0.9814604993276631,0.9256880294849874,0.1307837348102246,0.45535572101841143,0.9831809758655087,0.0,0.9814604993276631,0.9770537437176189,0.9182091310878705,0.1250125898087637,0.3766526745616564,0.9830941418678816,0.0,0.9846200338732192,0.907410536615558,0.14917808459082402,1.3797426786724973,0.9831809758655089,0.0
226.0,0.9643057259053172,0.896137093560597,0.12980448947094617,0.13935923280410514,0.966486386597778,0.0,0.9680241303213574,0.9140731466517886,0.12888668190308059,0.44836626867695195,0.9666565931670072,0.0,0.9680241303213574,0.9637176839289169,0.9062902697386859,0.12341893926265882,0.3719065658815364,0.9664863865977782,0.0,0.9708869359787203,0.8951772240050684,0.1468843080806519,1.3569053085783633,0.9666565931670075,0.0
227.0,0.950472679690807,0.883423498837449,0.12820447636663748,0.1375176973139257,0.9501709630894541,0.0,0.9547619370074308,0.9025942541413325,0.12701686470618098,0.44148810360061785,0.9504211832698871,0.0,0.9547619370074308,0.950552326387025,0.8945141719019007,0.1218436177193286,0.3672149193310417,0.9501709630894541,0.0,0.9573413464087904,0.8831047994187864,0.14462630281750904,1.3344614050550927,0.9504211832698873,0.0
228.0,0.9368323720893986,0.8708842340500635,0.12662167543277622,0.1356991553959183,0.9341422264690044,0.0,0.9416717151753186,0.8912496775589828,0.12517386481957998,0.43471923399201745,0.9344692010988237,0.0,0.9416717151753186,0.9375556151857517,0.8828792162997094,0.12028643291250424,0.36257714911300326,0.9341422264690046,0.0,0.9439805573027963,0.8711909619878198,0.14240346252355285,1.3124034989907132,0.9344692010988239,0.0
229.0,0.9719579070586882,0.9041699062344092,0.12505592810885063,0.26695059409653954,1.0000000000000002,0.0,0.9950506483919778,0.9340253503305681,0.12335727144290509,0.8522969051511362,0.9999999999999994,0.0,0.9950506483919778,0.9540788790611197,0.9279189478644388,0.11874719451062632,0.17950913741568783,1.0000000000000007,0.0,0.9994352484785933,0.9120570962346096,0.14021519286821998,2.572996758968042,0.9999999999999998,0.0
230.0,0.9578087904933646,0.8912287671719297,0.12350707710488344,0.26341623750917637,0.9831534217017773,0.0,0.9809941638165152,0.9219000323625534,0.12156668121112173,0.8392452695271267,0.983237524614073,0.0,0.9809941638165152,0.9407492714782932,0.9151724315990132,0.11722571409787842,0.17723644171176722,0.9831534217017778,0.0,0.9852701250416918,0.8993188103944635,0.13806091119816352,2.530519833935009,0.983237524614073,0.0
231.0,0.943860758101844,0.8784669617963631,0.12197496639769055,0.25992599127257016,0.9666013573542456,0.0,0.9671241587695716,0.9099227954922623,0.11980169803621622,0.8263998506365446,0.9667661966897241,0.0,0.9671241587695716,0.9275956555302413,0.9025904566307265,0.11572180515744836,0.17498990747141163,0.9666013573542459,0.0,0.9712992377334885,0.886753811258813,0.13594004627598083,2.488769693561666,0.9667661966897244,0.0
232.0,0.9301108956126405,0.865881988247875,0.12045944122537988,0.256479306722482,0.9503381784464408,0.0,0.9534383547273961,0.8980917697403658,0.11806193295096551,0.813757003088986,0.9505804878527278,0.0,0.9534383547273961,0.9146158336745523,0.8901710100555121,0.11423528305361448,0.17276925327181755,0.9503381784464409,0.0,0.9575198783162934,0.8743596180827874,0.1338520380232559,2.4477326889002744,0.9505804878527279,0.0
233.0,0.916556333945374,0.853471381175393,0.1189603480829494,0.2530756425842329,0.9343583783811078,0.0,0.9399344965535544,0.886405114521203,0.116347003957769,0.8013131579312004,0.9346749890170059,0.0,0.9399344965535544,0.9018076327563157,0.8779121016248883,0.11276596501536798,0.17057420071684457,0.934358378381108,0.0,0.9439293801417494,0.8621337920693258,0.1317963372713463,2.4073954640669886,0.9346749890170061,0.0
234.0,0.9420187804876848,0.9279728305642618,0.11747753471799019,0.4980860484922188,0.9999999999999999,0.0,0.9974594922237214,0.9326433184058872,0.11465653588133046,1.572734302758431,1.0000000000000002,0.0,0.9974594922237214,0.9799632318926116,0.9252311735179511,0.11131367012056745,0.08620722966042399,1.0000000000000002,0.0,0.9803336178722544,0.927890118950622,0.12977240551844085,1.1867947033175286,1.0000000000000009,0.0
235.0,0.9282524010763986,0.914448776870809,0.11601085012611047,0.4914662304415185,0.9832047259375646,0.0,0.9831121443317768,0.9200635406675428,0.11299016022478275,1.5487064430382882,0.9832860710144803,0.0,0.9831121443317768,0.9660761811865671,0.9121585015149511,0.10987821928026106,0.0851015608910359,0.9832047259375649,0.0,0.965980626896919,0.9147249033135602,0.12777971469241892,1.1672581939346496,0.9832860710144807,0.0
236.0,0.9146820288476787,0.9011165227050628,0.1145601445463854,0.4849290446567604,0.9667007055052568,0.0,0.9689595663433509,0.9076439406116623,0.11134751502939191,1.5250547508229824,0.9668601266164261,0.0,0.9689595663433509,0.9523766831864457,0.899261144376686,0.10845943522341155,0.0840088516391542,0.966700705505257,0.0,0.9518294261236259,0.9017397212204444,0.1258177469195876,1.1480531977642376,0.9668601266164265,0.0
237.0,0.9013048227132775,0.8879733028800035,0.11312526945706998,0.47847346911154315,0.9504824447312765,0.0,0.9549993021597614,0.8953824743456482,0.10972824473803552,1.501772684644244,0.9507167704984235,0.0,0.9549993021597614,0.9388622820081446,0.8865368472603343,0.10705714248223201,0.0829289581613688,0.9504824447312769,0.0,0.937877264395417,0.8889320800497872,0.12388599429949733,1.1291735746273979,0.950716770498424,0.0
238.0,0.8881179859708285,0.8750163951276846,0.11170607757110128,0.4720984955786421,0.9345445674100992,0.0,0.94122892243168,0.8832771275416528,0.10813200006193077,1.4788538385095518,0.934850721541952,0.0,0.94122892243168,0.9255305529524652,0.8739833826268899,0.105671167377676,0.08186173838395021,0.9345445674100995,0.0,0.9241214272134157,0.8762995253558035,0.12198395868522531,1.1106133147112323,0.9348507215419525,0.0
239.0,0.960630387572623,0.8668676262714698,0.11030242283150526,0.9292712473783825,0.9999999999999992,0.0,0.992438723510659,0.9222614129941628,0.10655843785052488,2.875872859914818,1.0000000000000009,0.0,0.992438723510659,0.9996139491927005,0.8824183424517538,0.10430133800513273,0.1610863826592822,0.9999999999999997,0.0,0.9966466111006442,0.9030487500267168,0.1201111514689246,0.5475762676434913,0.999999999999999,0.0
240.0,0.9464410644910805,0.854163770552079,0.10891416040695709,0.916869515160656,0.9832483551581466,0.0,0.9780588310680434,0.9094069843271944,0.10500722096481456,2.831989168817006,0.9833269326479629,0.0,0.9780588310680434,0.9852527680692695,0.8698090545530149,0.10294748422056828,0.15900923147207838,0.9832483551581471,0.0,0.9817888777595649,0.889787281950231,0.11826709337295653,0.5385837133140858,0.9833269326479611,0.0
241.0,0.9324559987409385,0.8416407491936414,0.10754114668685846,0.9046226909309038,0.9667850325191123,0.0,0.9638763996766885,0.8967219846581407,0.10347801815337775,2.7887873650136377,0.96693901755355,0.0,0.9638763996766885,0.9710892647004222,0.8573714823477196,0.10160943762649674,0.15695649671678008,0.9667850325191125,0.0,0.9671444873820702,0.8767126939845713,0.11645131424575453,0.5297425858658932,0.9669390175535485,0.0
242.0,0.9186721939764603,0.8292959544077303,0.1061832392767325,0.8925288703418433,0.9506046644588563,0.0,0.94988887342959,0.8842042320968779,0.10197050393174044,2.7462557719835856,0.9508309821748184,0.0,0.94988887342959,0.9571207656967559,0.8451033601860447,0.10028703155848323,0.15492790842553986,0.9506046644588566,0.0,0.9527104623428048,0.8638224323563851,0.11466335286304025,0.5210501195012198,0.9508309821748168,0.0
243.0,0.9050867019607328,0.8171268191112477,0.10484029699323845,0.8805861748255152,0.934701997141244,0.0,0.9360937266196987,0.8718515743004899,0.10048435846442264,2.7043829520432277,0.9349976652345309,0.0,0.9360937266196987,0.9433446344005353,0.8330024516945258,0.09898010107154494,0.15292319978517924,0.9347019971412445,0.0,0.9384838659188917,0.8511139775880664,0.11290275673367131,0.5125036064432185,0.9349976652345293,0.0
244.0,0.8778510399234344,0.8812417276694741,0.10351217985940028,1.171248037916019,1.0000000000000002,0.0,0.9989106376014384,0.930689604472,0.09901926745007197,1.3347926473025529,1.0000000000000009,0.0,0.9989106376014384,0.9956883705915923,0.9155198228900726,0.09768848292695473,0.30096088281927136,1.0000000000000004,0.0,0.9993571437795173,0.9243639394413978,0.11116908191049289,0.25273640001419745,0.9999999999999994,0.0
245.0,0.8648044156048404,0.8681729056155835,0.10219874909912295,1.15479844473802,0.9832846748330182,0.0,0.9842706154440148,0.917495027429076,0.09757492200877296,1.3144492168760622,0.9833604896493512,0.0,0.9842706154440148,0.9811439126038294,0.9022782605865335,0.09641201557859369,0.2970583853367258,0.9832846748330185,0.0,0.9842267392867831,0.9105538432947572,0.10946189280516512,0.24859373558279665,0.9833604896493494,0.0
246.0,0.8519464349708045,0.855292433623958,0.10089986713217779,1.1385711048403973,0.9668550679208852,0.0,0.9698337455004169,0.9044759294814579,0.0961510185726117,1.2944194622715601,0.9670036276026093,0.0,0.9698337455004169,0.9668038385652398,0.8892200652815683,0.09515053915993481,0.29320190924267836,0.9668550679208854,0.0,0.9693186069179496,0.8969422726708006,0.10778076200814767,0.244520342160661,0.9670036276026079,0.0
247.0,0.8392743310739057,0.8425975620156199,0.09961539756865102,1.1225629637421708,0.9507059297144401,0.0,0.9555974015810224,0.891630131346661,0.09474725877834174,1.2746981026254438,0.9509242567323889,0.0,0.9555974015810224,0.9526653112527251,0.8763427475372281,0.09390389547067926,0.289390947800019,0.9507059297144406,0.0,0.9546295088498107,0.8835264564423375,0.10612527011245311,0.24051497215736606,0.9509242567323875,0.0
248.0,0.8267853815506838,0.8300855851528075,0.0983452052033737,1.1067710142375045,0.934832120653343,0.0,0.941558987196261,0.8789554785451689,0.09336334936274995,1.2552799635263034,0.9351173274361282,0.0,0.941558987196261,0.9387255343269532,0.8636438525682522,0.09267192796356623,0.2856250002231833,0.9348321206533432,0.0,0.9401562563987126,0.8703036617956642,0.10449500554189164,0.236576403820689,0.9351173274361269,0.0
249.0,0.950895676776849,0.8042331497118606,0.09708915601017874,1.5253595046866704,1.0,0.0,0.9527319671829901,0.8787425334120899,0.0919990020603703,0.6195876669714063,1.0000000000000007,0.0,0.9527319671829901,0.9836697192352272,0.9276881114142896,0.09145448173115678,0.5599168086957526,1.0000000000000002,0.0,0.9973224443888693,0.9244566704420865,0.10288956438331316,0.11670860996366358,0.9999999999999988,0.0
250.0,0.936587046005356,0.7922592755962377,0.09584711713602181,1.5030512532303761,0.9833141156483038,0.0,0.9386230043833299,0.8658658544223214,0.0906539335035591,0.6101511688322044,0.9833871851514056,0.0,0.9386230043833299,0.9692261225581887,0.9141146540643,0.09025140349263486,0.5526269646162222,0.9833141156483044,0.0,0.9821762647288201,0.9104321682788341,0.10130855022284403,0.11479833283071542,0.9833871851514038,0.0
251.0,0.9225694519897226,0.7805398620036023,0.09462461653909651,1.4814976396445227,0.9669284417196352,0.0,0.9247506182517157,0.8532075946220619,0.08933106159492195,0.6008677190920978,0.9670712656188242,0.0,0.9247506182517157,0.9550986547791799,0.9008341235137787,0.08907151759523597,0.5454985421452192,0.9669284417196355,0.0,0.967279506855222,0.8966409406619048,0.09975421069190553,0.11292165078631625,0.9670712656188226,0.0
252.0,0.9087852994200728,0.7690178984145107,0.09341774184163681,1.4604028129526454,0.9508266314136061,0.0,0.9110866038317267,0.8407386189397317,0.0880279765460392,0.5917292202215605,0.9510362151159393,0.0,0.9110866038317267,0.941209589482874,0.8877755881340598,0.08790867607451089,0.5384801930416483,0.9508266314136066,0.0,0.9526108150553975,0.883061828212856,0.09822440201574155,0.11107676167155475,0.9510362151159377,0.0
253.0,0.8952036856765033,0.7576630566499222,0.09222443081908785,1.4396133416602424,0.9349979235670542,0.0,0.897615305401954,0.828442945219974,0.08674331746281215,0.5827304116537079,0.9352714777507897,0.0,0.897615305401954,0.927517849172478,0.8749015422324059,0.0867596650056037,0.5315452279382942,0.9349979235670545,0.0,0.9381577629016422,0.8696825997659866,0.09671784885907005,0.10926248035403507,0.9352714777507881,0.0
254.0,0.989245025866649,0.8776576888124111,0.09104455537310532,0.7113070483142968,1.0000000000000004,0.0,0.9980087968213546,0.9252012507380847,0.08547681968423602,0.2876522882987792,0.9999999999999998,0.0,0.9980087968213546,0.9998543851284893,0.8941425673268997,0.08562433767917864,1.036376511316751,0.9999999999999994,0.0,0.9982054990172505,0.9251332411379785,0.09523418330109376,0.05394454858348159,1.0000000000000002,0.0
255.0,0.9743232472014599,0.8645543897682072,0.08987798854779616,0.701185833286058,0.9833624464246885,0.0,0.9833483512948469,0.9116746163379448,0.08422822298101194,0.2832781055566437,0.9834322626652319,0.0,0.9833483512948469,0.9851449051525947,0.8811204653349202,0.0845025489479986,1.0230416218241716,0.983362446424688,0.0,0.9830980841169682,0.9110893415280045,0.09377304415802268,0.0530636901456395,0.9834322626652322,0.0
256.0,0.9596226700018903,0.8516432099697515,0.08872460452270882,0.6912109544757303,0.967006170547763,0.0,0.9688925598797435,0.8983359606246993,0.08299727146824078,0.2789705575709659,0.9671429377591301,0.0,0.9688925598797435,0.9706469672480398,0.8682837113514259,0.08339415521335376,1.0098648060191269,0.9670061705477623,0.0,0.9682115300056684,0.8972521271767624,0.09233407684093396,0.05219739858161356,0.9671429377591307,0.0
257.0,0.9451399936601664,0.8389213204558283,0.08758427860550444,0.6813802460460459,0.9509261349409149,0.0,0.9546387789839854,0.8851828561136325,0.08178371351981759,0.2747285591143192,0.9511270748066991,0.0,0.9546387789839854,0.9563575600918136,0.8556297074486657,0.08229901441126507,0.9968443594299412,0.9509261349409144,0.0,0.9535427136728959,0.8836186335109194,0.09091693321663959,0.05134541871665388,0.9511270748066994,0.0
258.0,0.930871972309458,0.8263859385561944,0.0864568872248948,0.6716915788303782,0.9351174051050593,0.0,0.9405843950983843,0.872212903560906,0.08058730168513913,0.270551046158543,0.9353798239277816,0.0,0.9405843950983843,0.9422737184272632,0.8431558945898501,0.08121698599903054,0.9839785971220206,0.9351174051050586,0.0,0.9390885563497464,0.8701859393790103,0.08952127147227519,0.050507500510615796,0.935379823927782,0.0
259.0,0.9080394850459904,0.9126373111267491,0.08534230792329761,0.3318952152772757,0.9999999999999999,0.0,0.9992960660949131,0.928235993886772,0.07940779260751554,0.13356931794640997,0.9999999999999998,0.0,0.9992960660949131,0.9955610724600589,0.9243466183923039,0.08014793094159457,1.2989945318831733,1.0000000000000004,0.0,0.995364553727335,0.926393536456576,0.08814675598288539,0.04845839929063136,0.9999999999999998,0.0
260.0,0.8942989195002856,0.8988703985932986,0.08424041934897217,0.32717795975535957,0.9833830634620174,0.0,0.984379230060543,0.9145326196612499,0.07824494694394295,0.1315380342378032,0.983450109239805,0.0,0.984379230060543,0.9807571843114844,0.9107312679677595,0.0790917116974945,1.2818400877881202,0.9833830634620178,0.0,0.9801844532260667,0.9123491808528322,0.08679305718156173,0.04766202797909456,0.9834501092398057,0.0
261.0,0.8807619267521829,0.8853071813017103,0.08315110124857127,0.3225288107324741,0.9670457086905997,0.0,0.9696745186427412,0.9010216179951868,0.07709852928720957,0.12953754229552514,0.9671770357088688,0.0,0.9696745186427412,0.966168430853846,0.8973121447086597,0.07804819220528812,1.2649017309514583,0.9670457086906001,0.0,0.9652277475429034,0.8985104271058129,0.08545985143325699,0.046878869227294034,0.9671770357088691,0.0
262.0,0.8674254941402897,0.8719446495049223,0.08207423445896768,0.31794677106263414,0.9509829921999302,0.0,0.9551791513974113,0.8877005013187396,0.07596830808904796,0.12756734885421456,0.9511759201130111,0.0,0.9551791513974113,0.9517917256074026,0.8840864674080657,0.07701723786935777,1.248176883460918,0.9509829921999307,0.0,0.950491291088309,0.8848743718536475,0.08414682091074076,0.04610869308451757,0.9511759201130116,0.0
263.0,0.8542866586794883,0.8587798430196754,0.08100970089947705,0.31343086033650697,0.9351900701667913,0.0,0.940890379536832,0.8745668103617291,0.07485405558549006,0.1256269701211442,0.9354420005548927,0.0,0.940890379536832,0.937624030166821,0.8710514973779728,0.07599871554616455,1.2316630022854111,0.9351900701667916,0.0,0.9359719816676457,0.8714381532172857,0.08285365347402442,0.045351274174642506,0.9354420005548929,0.0
264.0,0.8372074056708055,0.8387909325151697,0.07995738356345881,0.1548958931874552,0.9998990328853041,0.0,0.9369552482431588,0.9132322263306797,0.07375554772330875,0.06204031806327938,0.9999083928573069,0.0,0.9369552482431588,0.9538943974583101,0.9238846324927406,0.07499249352998096,0.6100867034029509,0.9998990328853047,0.0,0.9491877172481561,0.9202776939708294,0.08158004255193954,0.08888152226456611,0.9999083928573074,0.0
265.0,0.8248446904223267,0.8264971919867337,0.07895113894183628,0.1530137022778732,0.983871649623402,0.0,0.9231702948400334,0.8998814845012076,0.07270236438603458,0.061310961399142314,0.9838921202748905,0.0,0.9231702948400334,0.9403473162186022,0.910815817347124,0.07405200160206826,0.6042192974240203,0.9838716496234025,0.0,0.9349195133599596,0.9064565959465857,0.08035976466891996,0.08749170601656976,0.9838921202748908,0.0
266.0,0.8126004871531213,0.8143121284239276,0.0779506371866646,0.15110499583185108,0.9680172969506954,0.0,0.9095314800555631,0.886669358246843,0.07165901253952535,0.060556422811934255,0.9680559621789603,0.0,0.9095314800555631,0.9268805009620641,0.8978198300965713,0.07311370900996034,0.5980464461337691,0.9680172969506958,0.0,0.9208186441194749,0.8927964696245795,0.07915218454010632,0.08611322879872975,0.9680559621789607,0.0
267.0,0.8005406129385712,0.8023101820775571,0.07696176100715726,0.14922526462145694,0.9524321037993085,0.0,0.8960900781954705,0.8736472329344432,0.07063053895019562,0.05981435940678662,0.9524867671589597,0.0,0.8960900781954705,0.9136133636948721,0.8850162048240398,0.07218694227373341,0.5919586601684454,0.952432103799309,0.0,0.9069273237613154,0.8793394558581329,0.07796302673315077,0.08475795100879444,0.9524867671589602,0.0
268.0,0.7886623208773473,0.7904886309686344,0.07598439873771813,0.147374067248067,0.9371113285674239,0.0,0.8828434570052346,0.8608125865013009,0.06961673469543672,0.059084557884277064,0.9371798710459092,0.0,0.8828434570052346,0.9005429969985763,0.8724021538117165,0.07127157707723686,0.5859548158664454,0.9371113285674242,0.0,0.8932425908680207,0.8660826728524923,0.07679200695557349,0.08342546842390546,0.9371798710459096,0.0
269.0,0.9480990266912828,0.772533327904972,0.075018439744829,0.2903494684341712,1.0000000000000002,0.0,0.9990391083881383,0.9287139748349327,0.06861739421986089,0.029304957486109215,1.0,0.0,0.9990391083881383,0.988475693744016,0.874763836053067,0.07036749047240594,0.2907683664137997,1.0000000000000004,0.0,0.998955892386564,0.9267462654434542,0.07563884593230483,0.1637176674647721,1.0000000000000004,0.0
270.0,0.9337983403004043,0.7610924312973447,0.07406377441828182,0.2867682448363012,0.983942537182317,0.0,0.9842833763605134,0.9151021984692603,0.06763231527082789,0.02895023128416778,0.9839546347636108,0.0,0.9842833763605134,0.9741154475004868,0.8621826597118606,0.06947456086499432,0.2878406831706798,0.9839425371823172,0.0,0.9838339819872647,0.9128707514657395,0.07450326930267655,0.16114993879700154,0.9839546347636111,0.0
271.0,0.9197142042841391,0.7498235936020017,0.0731202941621532,0.2832413806428223,0.9681570236561355,0.0,0.9697405695173633,0.9016854097448682,0.06666129883513028,0.02860135796971753,0.9681791353877701,0.0,0.9697405695173633,0.9599691699419692,0.8497884084137848,0.06859266800012083,0.28495344875091677,0.9681570236561361,0.0,0.9689364377700804,0.8991994661671476,0.07338500751949704,0.15862532666616722,0.9681791353877702,0.0
272.0,0.9058433904046351,0.7387242736896894,0.07218789138553085,0.27976805370179525,0.9526387127437642,0.0,0.9554078645314208,0.8884610413386275,0.06570414907683722,0.028258238466399885,0.9526688306479296,0.0,0.9554078645314208,0.9460337447661873,0.8375783719918746,0.06772169294764831,0.28210613136842666,0.9526387127437647,0.0,0.9542601235189028,0.8857295639165202,0.07228379575019976,0.15614308653547582,0.9526688306479298,0.0
273.0,0.8921827237194413,0.7277919718448408,0.07126645949329573,0.2763474557326411,0.9373829511914761,0.0,0.9412824716002516,0.8754265565768743,0.06476067327655557,0.027920775598647984,0.9374191406439413,0.0,0.9412824716002516,0.9323061050845494,0.8255498828945105,0.066861518087671,0.27929820686944495,0.9373829511914764,0.0,0.939801945290472,0.872458238392017,0.07119937378034084,0.15370248837878003,0.9374191406439417,0.0
274.0,0.8733384857340564,0.8737772685636213,0.07059875343988556,0.5450817543728617,1.0000000000000002,0.0,0.9722137062743309,0.924010017758598,0.06395716013044836,0.05500316937298445,0.9999999999999992,0.0,0.9722137062743309,0.9986631038153508,0.9050131016949239,0.06639526247693778,0.5525306578601877,0.9999999999999998,0.0,0.9701184567467582,0.9269571149466087,0.07021596327261367,0.301811060340051,0.9999999999999994,0.0
275.0,0.8604796371210761,0.8609495751538365,0.06985457652859195,0.5387777501532687,0.9841157031132934,0.0,0.9583013863485194,0.9108838031152746,0.06312151567930964,0.05436105276849244,0.9841032711184646,0.0,0.9583013863485194,0.9845347798211546,0.8926386447555422,0.06580192387383516,0.5476592985770898,0.9841157031132928,0.0,0.9558055565269031,0.9133656099772207,0.06921849274435092,0.29713248968317235,0.9841032711184651,0.0
276.0,0.8478178281417391,0.8483183189614097,0.06911949795180915,0.5325711087642137,0.9685004741095109,0.0,0.9445944064970455,0.8979506231319114,0.062298173417114404,0.05372956256225661,0.9684738870658963,0.0,0.9445944064970455,0.970622722346443,0.8804525929368315,0.06521658076742019,0.5428576950048992,0.9685004741095105,0.0,0.9417090155039659,0.8999788878914423,0.06823651598280535,0.2925324947910677,0.9684738870658965,0.0
277.0,0.8353501104187324,0.8358805635885994,0.06839342474619133,0.526460343131249,0.953149657933965,0.0,0.9310899763555461,0.8852078630560027,0.06148695758093293,0.05310851999392863,0.9531072628982998,0.0,0.9310899763555461,0.9569237085544421,0.8684521579535924,0.06463913600696129,0.5381248965175803,0.9531496579339646,0.0,0.9278257645666598,0.8867940442849664,0.067269793710966,0.2880097308012041,0.9531072628983001,0.0
278.0,0.823073584020009,0.8236334208248712,0.06767626486998972,0.5204439912819215,0.9380586899242368,0.0,0.9177853399679771,0.8726529405219703,0.0606876952244298,0.052497749692991466,0.9379989020675557,0.0,0.9177853399679771,0.9434345675166598,0.8566345960871525,0.06406949363685122,0.533459966456042,0.9380586899242364,0.0,0.9141527762748666,0.8738082148465842,0.06631809080852809,0.28356287871216707,0.9379989020675559,0.0
279.0,0.9407582063405846,0.8107915951375813,0.06696792719370627,1.026527707755172,1.0000000000000002,0.0,0.9331999147491561,0.8931790802541564,0.05990021616436272,0.10349362388652829,1.0000000000000002,0.0,0.9331999147491561,0.93092273438154,0.9301227304333546,0.06350755888230977,1.0537615702661154,0.9999999999999994,0.0,0.9959560221190858,0.9025011827821242,0.0653811762276094,0.5569397831296437,1.0000000000000007,0.0
280.0,0.9266699360901997,0.7988928983558764,0.06626832149016834,1.0148930784102081,0.9842025029242261,0.0,0.9195820349093938,0.8804393662653536,0.05912435292763313,0.10231596210713798,0.9841790947582465,0.0,0.9195820349093938,0.917648309699118,0.9170583058150816,0.0629532381347205,1.044745913475354,0.9842025029242254,0.0,0.9812830908933272,0.8892117641146258,0.06445882290970063,0.5483645668816498,0.9841790947582467,0.0
281.0,0.9127983363229444,0.7871768929390303,0.06557735842498165,1.0034383447985478,0.968672196531074,0.0,0.9061682325025846,0.8678885158556999,0.058359940699793424,0.101157767533773,0.9686238951370169,0.0,0.9061682325025846,0.9045782791867262,0.9041941834217625,0.062406438937302924,1.0358597285836788,0.9686721965310735,0.0,0.966831032448655,0.8761239181373255,0.06355080770486277,0.5399331793310445,0.9686238951370172,0.0
282.0,0.8991401818599298,0.7756408654733246,0.06489494954694124,0.9921607813770598,0.9534045068627764,0.0,0.8929556925874461,0.855523954734709,0.057606817274598765,0.10001871612777709,0.9533298924687011,0.0,0.8929556925874461,0.8917095981866883,0.8915273971550625,0.06186706997082621,1.0271012633542278,0.953404506862776,0.0,0.9525967440549857,0.8632347830544679,0.06265691129269683,0.5316431845307902,0.9533298924687017,0.0
283.0,0.8856923000552329,0.7642821465650068,0.0642210072779886,0.9810577081069491,0.9383949474522678,0.0,0.8799416357710433,0.8433431410943273,0.05686482300409531,0.09889848990280646,0.9382926636870847,0.0,0.8799416357710433,0.8790392709952611,0.8790550283726845,0.06133504103902677,1.0184687910565742,0.9383949474522674,0.0,0.9385771651474875,0.850541536493066,0.061776918104461113,0.5234921926731904,0.9382926636870851,0.0
284.0,0.9568895746984555,0.871957942586813,0.06402988550951233,1.4144450361870309,1.0000000000000002,0.0,0.999528062879758,0.9325634149011962,0.05620248410839341,0.19523274425814696,0.9999999999999992,0.0,0.999528062879758,0.8625069107741988,0.8760005832181859,0.060961199585862456,1.3339724419765768,1.0000000000000004,0.0,0.9936299578988542,0.9227563393722149,0.06097793039042472,1.0282347927071864,0.9999999999999996,0.0
285.0,0.9437458944335783,0.8601755943355175,0.06382527604233046,1.399234672820633,0.9853428044408357,0.0,0.9902362911784729,0.9244258700677724,0.055547809277093706,0.19321708096676862,0.9853471365511122,0.0,0.9902362911784729,0.8522138685556025,0.8657322537235644,0.06058759153876129,1.3248956746410638,0.985342804440836,0.0,0.9833046693873567,0.9136445404121415,0.060189335301607645,1.0136010992663131,0.9853471365511127,0.0
286.0,0.9308102674539231,0.8485798639888595,0.0636236677982445,1.3842763286478195,0.9709389004944221,0.0,0.9811032569198698,0.9164266343108964,0.054903045609949255,0.19123545707882725,0.9709458746025066,0.0,0.9811032569198698,0.8420877638580303,0.8556303837774123,0.06021940274809844,1.3159673527823508,0.9709389004944227,0.0,0.9731543881447082,0.9046866453927495,0.05941327960476948,0.9992183179925032,0.970945874602507,0.0
287.0,0.9180795173255175,0.8371679009359596,0.0634250203595841,1.3695658815100884,0.9567838938247747,0.0,0.9721264444707385,0.9085635157731495,0.05426804955257437,0.18928729816669615,0.956791884010565,0.0,0.9721264444707385,0.832125974158829,0.845692360274324,0.059856561290947824,1.3071851076218846,0.9567838938247749,0.0,0.9631763263626852,0.8958802001816748,0.05864956820633664,0.9850821384401744,0.9567918840105654,0.0
288.0,0.9055505199655478,0.8259369015210711,0.06322929385223543,1.3550992824734551,0.94287347409496,0.0,0.963303373098977,0.900834353703178,0.053642679834808873,0.18737204052959935,0.9428809168237446,0.0,0.963303373098977,0.8223259205750002,0.8359156135478972,0.059498996207196383,1.2985466105264747,0.9428734740949604,0.0,0.953367737295563,0.8872227875196563,0.05789800936146541,0.9711883318307357,0.9428809168237451,0.0
289.0,0.8683534387162065,0.8908307507319616,0.0630364489386157,0.6743591183742785,0.9999999999999999,0.0,0.9954153085615495,0.9498255680063998,0.05302679742739655,0.3700191734280896,0.9999999999999996,0.0,0.9954153085615495,0.9391753841816508,0.8115146659860467,0.059146637486559066,0.6471630559690897,0.9999999999999982,0.0,0.9984999204155294,0.9483471143388833,0.05715841460668921,1.9092522064136315,1.0,0.0
290.0,0.856251076279673,0.8787928435404812,0.06285121184152688,0.6677884011081355,0.9855800825573702,0.0,0.9861532917755569,0.9413666437252443,0.05242303221101767,0.36633665756367495,0.985574792831274,0.0,0.9861532917755569,0.9275214810262079,0.8021118209427351,0.05880697511556716,0.6432709418037644,0.9855800825573685,0.0,0.988028388580011,0.938840772273299,0.05643321516310136,1.8825614947612255,0.9855747928312745,0.0
291.0,0.844366035432288,0.8669709995061967,0.06267110363855269,0.6615682865465281,0.9714282698129801,0.0,0.97707759805616,0.9330745577917035,0.05182983240802207,0.36272116864338383,0.9714154096549295,0.0,0.97707759805616,0.916100116358101,0.7929063452677355,0.05847606921324772,0.6395978598320943,0.9714282698129786,0.0,0.9777581521533947,0.9295162275601084,0.055720888783532346,1.8563619230081416,0.9714154096549298,0.0
292.0,0.8326701615417568,0.85533708782494,0.062493673827560936,0.6554543308063043,0.9575212945974687,0.0,0.9681587148716518,0.9249255174386808,0.05124566455837741,0.3591668326354459,0.9574994599247673,0.0,0.9681587148716518,0.9048637234045932,0.7838511948686595,0.05815002507681789,0.6359868441237174,0.957521294597467,0.0,0.96766460101864,0.9203507601539177,0.055019931630221404,1.8306121531099744,0.9574994599247674,0.0
293.0,0.8211605802611802,0.8438882575392919,0.06231888600754759,0.6494447548922178,0.9438549480081285,0.0,0.9593941181843869,0.9169172250135528,0.05067039867739498,0.35567262713483566,0.9438227926130032,0.0,0.9593941181843869,0.8938094293694946,0.7749440112131476,0.05782877773144216,0.6324368745979955,0.9438549480081269,0.0,0.9577448871129406,0.9113418179485974,0.054330168189533776,1.8053045283309026,0.9438227926130034,0.0
294.0,0.995856692955393,0.8064616355414931,0.06214670427169038,0.32255824185054155,0.9999762764025577,0.0,0.9775144724411585,0.9488089380069258,0.0501039068118311,0.7026596199295183,0.9999789821665748,0.0,0.9775144724411585,0.8744918752382796,0.8835072715694574,0.05751226307622742,0.3152602758450233,0.9999762764025569,0.0,0.9912616238414661,0.9488810406011681,0.053651425908010836,0.8933645332167541,0.9999789821665751,0.0
295.0,0.9823485273820461,0.7956723908989781,0.0620833387325991,0.31980434737850877,0.985864888617804,0.0,0.9687635821563344,0.9406223324720867,0.04965957374406433,0.6960449587200301,0.9858448075218018,0.0,0.9687635821563344,0.8642497999802505,0.873301801282154,0.057404122912348095,0.31380057766545405,0.9858648886178033,0.0,0.9811330294562151,0.9395618993308288,0.05305635135445016,0.8811639500234405,0.9858448075218023,0.0
296.0,0.9689795246080429,0.784981751670637,0.062011670741388705,0.3170561994795942,0.9719746908002551,0.0,0.9606874535502709,0.9331208095654773,0.0493365167702348,0.6898199318554967,0.9719333419396168,0.0,0.9606874535502709,0.8540662912720128,0.8631542697396472,0.05728174644524306,0.31229498329192174,0.9719746908002546,0.0,0.9717781853883906,0.9308621649781317,0.052567754835357784,0.8692015416705197,0.9719333419396172,0.0
297.0,0.9558353050903704,0.7744730332162558,0.06195183175074837,0.31435912782044906,0.9583252155136929,0.0,0.953024764691981,0.9260213327735487,0.0490831523725744,0.683836470936916,0.9582614672108998,0.0,0.953024764691981,0.8440706215069959,0.8531939599767665,0.05718259909912524,0.31082091175487864,0.9583252155136921,0.0,0.9628812395329152,0.922548033010587,0.05213868248160677,0.8574667245657843,0.9582614672109002,0.0
298.0,0.9429018865090439,0.764132903312135,0.06189307004816704,0.31170863923093023,0.9449123503988888,0.0,0.9455008134608232,0.919049404969172,0.04883422195814382,0.6779562372009473,0.9448251242021193,0.0,0.9455008134608232,0.8342387765581404,0.8433968683077104,0.057085234721713556,0.30937253322343905,0.944912350398888,0.0,0.9541432185412255,0.9143816033084007,0.05171705529253008,0.845934105010721,0.9448251242021197,0.0
299.0,0.9679803253767368,0.9322766910965441,0.06183536717151542,0.1559192587409116,1.0000000000000004,0.0,0.9663933009056246,0.947116076235196,0.04858964966236624,1.3407539447350023,0.9999999999999996,0.0,0.9663933009056246,0.914700817673582,0.9374513070069516,0.05698962271207027,0.15769985844986353,0.9999999999999994,0.0,0.969171519903698,0.949587238709389,0.051302746890182306,0.4183236499643468,1.0,0.0
300.0,0.9550268938419592,0.9197133110872384,0.06177870496310542,0.1546193586926453,0.986099360312576,0.0,0.9585537754703467,0.9396658000915359,0.048349360995275016,1.3294299235520481,0.9860703400679767,0.0,0.9585537754703467,0.903438281722193,0.926081591154989,0.05689573297917222,0.15694870461058774,0.9860993603125752,0.0,0.9602780794020507,0.941077290206663,0.05089563318673413,0.41274061902610415,0.9860703400679771,0.0
301.0,0.942282752332091,0.9073520997738244,0.06172306556515822,0.15334193776643631,0.9724399171870824,0.0,0.950856991221512,0.9323504902213574,0.048113282813404705,1.3183014648419138,0.9723809080551944,0.0,0.950856991221512,0.8923594677367472,0.9148975278965139,0.056803535934019864,0.15621062936014427,0.9724399171870818,0.0,0.9515448553276866,0.9327195988424901,0.05049559233693414,0.4072538909901721,0.9723809080551946,0.0
302.0,0.9297447120003549,0.8951899956147973,0.061668431415302,0.15208661874335386,0.9590175758796899,0.0,0.9433005214137647,0.925167861604764,0.04788134329228807,1.3073652703403558,0.9589276589330733,0.0,0.9433005214137647,0.8814615429096291,0.9038962500187553,0.05671300248181481,0.155485412680752,0.9590175758796893,0.0,0.9429691428826197,0.9245116110519022,0.05010250469162626,0.4018618440971806,0.9589276589330736,0.0
303.0,0.9174096351069028,0.883223985811565,0.061614785242112925,0.15085303109130152,0.9458283165090648,0.0,0.9358819765190862,0.9181156643250259,0.04765347189959448,1.2966181016688476,0.9457066210419741,0.0,0.9358819765190862,0.8707417200645673,0.8930749366001155,0.05662410401422786,0.1547728383938062,0.9458283165090641,0.0,0.9345482792471348,0.9164508128536519,0.04971625275238083,0.39656288599472017,0.9457066210419744,0.0
304.0,0.9839830541713552,0.9101006415455424,0.061562110060674594,0.2981125215341344,1.0000000000000004,0.0,0.9155743204413237,0.9492882905778918,0.0474295993687781,2.4986288434556614,1.0,0.0,0.9155743204413237,0.839176827529499,0.8655428535757101,0.05653681240171503,0.30649729057306435,0.9999999999999998,0.0,0.9752593893602175,0.943631771971882,0.04933672112701293,0.19617564406982088,1.0000000000000007,0.0
305.0,0.9706495384057381,0.8980749737072246,0.061510389168185256,0.29574411497081293,0.9863486998673868,0.0,0.9073688896358764,0.9417780723908571,0.04720965767334854,2.478026712366779,0.9863106523843997,0.0,0.9073688896358764,0.8288752288044453,0.8550734068327382,0.05645109998592961,0.30514140603882844,0.9863486998673865,0.0,0.9661217723306382,0.9352183899349376,0.04896379648617946,0.1936103059759521,0.9863106523844,0.0
306.0,0.9575320146379359,0.8862447969302355,0.0614596061396004,0.2934167717323194,0.9729347919100626,0.0,0.8993146433741556,0.9344047092597835,0.046993580001690766,2.457781075396322,0.9728579485998295,0.0,0.8993146433741556,0.8187424414251516,0.8447757273951786,0.05636693957220923,0.30380918578273025,0.972934791910062,0.0,0.9571507320159015,0.9269566564187527,0.04859736752092902,0.19108932458916675,0.97285794859983,0.0
307.0,0.9446272149779354,0.8746071377002949,0.0614097448232971,0.29112980610550415,0.9597542711639927,0.0,0.8914089818802582,0.9271658661910128,0.04678130073235498,2.4378859602021925,0.9596379287189807,0.0,0.8914089818802582,0.8087758718811959,0.8346471710277732,0.05628430442211388,0.3025002333855024,0.959754271163992,0.0,0.9483434283469241,0.9188440071575927,0.048237324901067316,0.1886119575368161,0.959637928718981,0.0
308.0,0.9319319229363552,0.8631590695398671,0.06136078933680865,0.2888825443735489,0.9468032047139797,0.0,0.8836493457579924,0.9200592448115044,0.04657275541001377,2.4183355010779386,0.9466467034708546,0.0,0.8836493457579924,0.7989729678443542,0.8246851356060579,0.056203168246095815,0.3012141592698905,0.946803204713979,0.0,0.9396970656000335,0.910877918315829,0.047883561234674,0.18617747568865695,0.9466467034708547,0.0
309.0,0.9667400601130709,0.9339549567210559,0.061312724062566624,0.5694352998725195,0.9999999999999998,0.0,0.9067404682972576,0.9076429980844689,0.04636788072179277,1.2024505352634625,0.9999999999999994,0.0,0.9067404682972576,0.9468281387931695,0.7995686814395331,0.056123505196195154,0.5933818421443537,1.0000000000000002,0.0,0.9252248177937068,0.9518412891322315,0.047535971028268495,0.09226802180586,0.9999999999999998,0.0
310.0,0.9539521009675361,0.9214214321000415,0.06126553364370496,0.5651484511747477,0.9866138806013139,0.0,0.8985431449110423,0.8996611199833393,0.0461666144742005,1.1929885064133017,0.9865667724711605,0.0,0.8985431449110423,0.9346079306557498,0.7899315500674818,0.056045289858851925,0.5909896590760495,0.9866138806013146,0.0,0.9163900916750862,0.9430341397596171,0.04719445064800907,0.09108739379986219,0.9865667724711611,0.0
311.0,0.9413732872873407,0.9090927544284718,0.061219202979899565,0.5609362200859808,0.9734612243515021,0.0,0.8904986222812563,0.8918261291547483,0.045968895570525234,1.1836907134855779,0.9733664826783718,0.0,0.8904986222812563,0.9225870759846434,0.7804533875957077,0.05596849724778995,0.588639458512383,0.9734612243515023,0.0,0.9077183490995053,0.9343875469056889,0.04685889828169831,0.08992724715233258,0.9733664826783723,0.0
312.0,0.9387733697228107,0.9067662958844827,0.06118177575778839,0.5585735694163578,0.9663203264015596,0.0,0.8837834399244611,0.8857309349792742,0.0458464212660209,1.1789249123045902,0.9666887669476462,0.0,0.8837834399244611,0.920412508090613,0.7782309349762833,0.055906707595885806,0.5871629598424638,0.96632032640156,0.0,0.900226510090308,0.9273670163954496,0.046668847626134255,0.08933698793988312,0.9666887669476468,0.0
313.0,0.9369433485215397,0.9051610000893427,0.06114897877237797,0.5566031861069044,0.9599303968607046,0.0,0.8774333698330159,0.8799937193200186,0.04573516006675441,1.1746890205639826,0.9607624607447776,0.0,0.8774333698330159,0.9189544005591352,0.7765852815589436,0.05585225301983666,0.5859510682459271,0.959930396860705,0.0,0.8930847097528554,0.9207009099579351,0.04649736710742269,0.08881251920959118,0.9607624607447781,0.0
314.0,0.9959183908690576,1.2260220405980466,0.1361022842860545,1.2329888227135979,0.9999999999999998,0.0,0.9999634993116993,2.159540082554156,0.06578655057376158,0.3695933298273381,1.0000000000000009,0.0,0.9999634993116993,0.9950827456060046,1.128047150804184,0.08416046878804963,1.2814874200911237,0.9999999999999991,0.0,0.9966795057844666,2.2334007803758116,0.06107945982737763,0.15753654197197428,0.999999999999999,0.0
315.0,0.99209329480543,1.2170759556235744,0.13605798653324677,1.2286333473011453,0.9942717432090384,0.0,0.9951616033320595,2.149266548773108,0.06568065307618651,0.3678367174696143,0.9944276620970499,0.0,0.9951616033320595,0.9919315833265757,1.1226482002176126,0.08409256682765387,1.278281536866221,0.9942717432090377,0.0,0.9919669283039085,2.22381121632865,0.06092344929813464,0.1566650084047935,0.9944276620970481,0.0
316.0,0.9884240273288043,1.2083582271307325,0.1360146410029878,1.224401611037591,0.9887355850882861,0.0,0.9905122981173305,2.1392308963726236,0.06557753366875907,0.3661361681771918,0.989035754388733,0.0,0.9905122981173305,0.9889086367817985,1.1173901786145555,0.08402613448283686,1.2751569313368827,0.9887355850882855,0.0,0.9873866382688323,2.2144409857363527,0.060771877915182855,0.15582140233083208,0.9890357543887313,0.0
317.0,0.9848259535139775,1.1998098055872202,0.13597215447077568,1.220252914777749,0.9833066766533592,0.0,0.9859549225774342,2.129393777695682,0.06547641705726778,0.3644685476380049,0.9837482899082416,0.0,0.9859549225774342,0.9859447932743521,1.112234717596974,0.08396101416826095,1.2720941163410042,0.9833066766533586,0.0,0.9828968883967228,2.2052562644670215,0.060623255297847845,0.1549941485793393,0.9837482899082398,0.0
318.0,0.9812977367360556,1.1914274859035927,0.1359305107696232,1.2161856827948223,0.9779829883635072,0.0,0.9814877619287468,2.1197514703730755,0.06537726574819837,0.362833233364323,0.9785632922693525,0.0,0.9814877619287468,0.9830389391754507,1.107179874829887,0.08389718126487637,1.2690919171548898,0.9779829883635067,0.0,0.9784959911031189,2.19625357914336,0.060477526049603395,0.1541829379295858,0.9785632922693507,0.0
319.0,0.9936135707650876,0.9377472035067785,0.13588969401842002,1.8113805105427891,0.9999999999999984,0.0,0.9796450996050193,1.062191442960062,0.06528004294271339,0.18149695362569976,1.0000000000000007,0.0,0.9796450996050193,0.9987090798939042,0.9484657227670897,0.08383461158880345,1.8434127864716565,0.9999999999999999,0.0,0.9991219446640138,1.105470821444209,0.06033463580787328,0.30493190654394653,1.0000000000000009,0.0
320.0,0.9887737340006585,0.931788396188677,0.13584968861735947,1.804726352127117,0.9947374824922588,0.0,0.975201140964303,1.0575247953948237,0.06518471252330452,0.18070607122068486,0.9948783268209349,0.0,0.975201140964303,0.9941340315463056,0.9435191158844227,0.08377328138431346,1.8384635891890924,0.9947374824922603,0.0,0.9948286950178661,1.1010885626304072,0.06019453122387777,0.30338971611249116,0.9948783268209349,0.0
321.0,0.9840272683106532,0.9259453373981972,0.13581047924344145,1.7982025700075674,0.9895771117978456,0.0,0.9708445195651295,1.0529508450157739,0.0650912390407759,0.1799305359118927,0.9898560546121528,0.0,0.9708445195651295,0.9896483678857396,0.9386695285943389,0.08371316731693022,1.833612306705657,0.9895771117978469,0.0,0.990619910837388,1.096793418859755,0.06005715994298835,0.3018774684867877,0.9898560546121529,0.0
322.0,0.9793724326597838,0.920215847079833,0.13577205084599178,1.7918066940471962,0.9845169584483403,0.0,0.9665735965234504,1.048467845179952,0.06499958770140507,0.1791700580900085,0.984931305878718,0.0,0.9665735965234504,0.9852504057426071,0.9339151238154851,0.08365424646656092,1.8288570741633405,0.9845169584483416,0.0,0.9864940065649878,1.0925837501428728,0.05992247058536408,0.3003945982774293,0.9849313058787184,0.0
323.0,0.9748075186385352,0.9145977866448703,0.1357343886422392,1.7855363007626381,0.9795551301266123,0.0,0.9623867624893249,1.0440740800893793,0.06490972435437632,0.17842435370813853,0.9801022392881465,0.0,0.9623867624893249,0.9809384933176217,0.9292540989870316,0.08359649632071825,1.8241960615081703,0.9795551301266138,0.0,0.9824494251531987,1.088457945268374,0.059790412727008246,0.29894055095866723,0.9801022392881469,0.0
324.0,0.9942775793930544,0.9714381663043623,0.1356974781129402,0.9320711789976973,1.0000000000000004,0.0,0.9735206332559484,0.973718646115911,0.0648216154794556,0.08965776383332394,1.0,0.0,0.9735206332559484,0.9976171363547285,0.9716503000396861,0.08353989476781991,0.9149394194478345,0.9999999999999999,0.0,0.9801923588302826,0.9621444828177759,0.059660936881199056,0.591945898295638,1.0000000000000004,0.0
325.0,0.9888291760504659,0.9660913380199061,0.13566130499804296,0.9290480521457732,0.9951054061606517,0.0,0.968610454877866,0.969897562544128,0.06473522817487878,0.08929504513215865,0.9952396531199766,0.0,0.968610454877866,0.991668623816201,0.9664331402357463,0.0834844200905504,0.9126897125895951,0.9951054061606508,0.0,0.9754395627926667,0.9583380861753085,0.0595339944802523,0.589173503531534,0.9952396531199772,0.0
326.0,0.9834863317429723,0.9608484218739495,0.1356258552924021,0.9260843587767296,0.9903060869090226,0.0,0.9637970759690839,0.9661524823642362,0.06465053014547661,0.08893938860758906,0.9905719559768462,0.0,0.9637970759690839,0.9858363385341359,0.9613185532037845,0.08343005095930389,0.9104846800288422,0.9903060869090217,0.0,0.9707806199052593,0.9546073618674696,0.059409537857649464,0.5864550766871752,0.9905719559768467,0.0
327.0,0.9782470747887466,0.9557074694902596,0.1355911152415514,0.9231789722905607,0.9856002453243878,0.0,0.9590786681881456,0.9624819657262229,0.06456748969104774,0.08859066116707846,0.9859951613159644,0.0,0.9590786681881456,0.9801180947085463,0.9563045981070663,0.08337676642571842,0.9083234692189022,0.9856002453243871,0.0,0.9662137552277948,0.9509508788638785,0.05928752023054754,0.5837896001440992,0.9859951613159648,0.0
328.0,0.9731094703309846,0.950666569027155,0.1355570713375081,0.9203307872442249,0.9809861187272012,0.0,0.9544534367430857,0.9588845986918747,0.06448607569491076,0.08824873224517121,0.9815075551849043,0.0,0.9544534367430857,0.9745117472270081,0.9513893703108428,0.08332454591626104,0.9062052434933413,0.9809861187272004,0.0,0.9617372263641543,0.9473672317501355,0.059167895682567966,0.5811760756576425,0.9815075551849046,0.0
329.0,0.9490580843487271,0.9628689307525742,0.1355238705386022,0.4600710912959301,0.9996788745463584,0.0,0.9745864128416232,0.9698592797159988,0.06440922416816854,0.04459113288847475,0.9997039329678847,0.0,0.9745864128416232,0.9946157178464813,0.9709210885784929,0.08327366995599009,0.45326269924431706,0.9996788745463566,0.0,0.991730052748941,0.9766835496112908,0.059056502056687415,1.1528032494429001,0.9997039329678851,0.0
330.0,0.945601835850267,0.9601964956753855,0.1354931794452456,0.4591299408317496,0.9967609658358955,0.0,0.9700470439906632,0.966256348347924,0.06434489812169863,0.04447488964143824,0.996760319735633,0.0,0.9700470439906632,0.991344867192667,0.967636279748471,0.08322688415837265,0.45244041894645554,0.9967609658358937,0.0,0.9870324059036967,0.9735670483241007,0.05896817811003164,1.149454206821871,0.9967603197356335,0.0
331.0,0.941630310769691,0.9569940137951661,0.13546263492827385,0.45811295221776743,0.9935862359468901,0.0,0.964923983419175,0.9625426215613351,0.06427905054420749,0.044350591354307786,0.9935848430244704,0.0,0.964923983419175,0.9873685189922125,0.9638991649103745,0.08318025181991004,0.45159180407356003,0.9935862359468883,0.0,0.9818881036229695,0.9703644133230862,0.0588763180030365,1.14584579828466,0.9935848430244707,0.0
332.0,0.9377661593329178,0.953879005723285,0.1354379262473311,0.45712251384042013,0.9904768503997357,0.0,0.9600459777896103,0.9590555840342958,0.06423395425021944,0.044233575490224226,0.9904743189710402,0.0,0.9600459777896103,0.9835005993032186,0.9602619546715558,0.08314496869501072,0.4507676126675374,0.9904768503997339,0.0,0.9771240962001295,0.9675082736030213,0.05880016067714159,1.1423398207848177,0.9904743189710407,0.0
333.0,0.9339752798649178,0.9508231269739473,0.13541303870870458,0.45615117765979335,0.9874289818584654,0.0,0.9552484545379302,0.9556192664399253,0.06418721739377696,0.04411825598907811,0.9874252639641418,0.0,0.9552484545379302,0.9797064903749242,0.9566944665579692,0.08310904273903419,0.4499591118607553,0.9874289818584637,0.0,0.9724206569460166,0.9646730341081049,0.058723712285790014,1.1388993857761933,0.987425263964142,0.0
334.0,0.9610877786205771,0.9496429828641801,0.13538866020708604,0.22923503037396734,0.9999999999999997,0.0,0.9776710964188591,0.9777572740258769,0.06414142217614012,0.08694786117746793,0.9999999999999996,0.0,0.9776710964188591,0.997856739812696,0.9758980859368036,0.08307385167840543,0.22530687390407056,1.0000000000000002,0.0,0.9878007087829453,0.9764760561372228,0.0586487983603288,2.263197101071869,1.0,0.0
335.0,0.9569580665953296,0.9459650582195093,0.13536478085150103,0.22876748943506184,0.9970259638600928,0.0,0.970938967554097,0.9740702600658558,0.0640965504556293,0.08673107333316665,0.9970245779251713,0.0,0.970938967554097,0.9937245186140776,0.9724075698716605,0.08303938124236726,0.2249176526670877,0.9970259638600932,0.0,0.9812162830742671,0.9734140976622779,0.0585753893937017,2.256616451845117,0.9970245779251716,0.0
336.0,0.9546392286750981,0.9438473060669752,0.13534198651682156,0.2284232912694816,0.995386693870747,0.0,0.9647399227294622,0.9708660106409037,0.0640647543920982,0.08661462566219298,0.9954854299209837,0.0,0.9647399227294622,0.9909367513338192,0.9698748333262766,0.08300671378933898,0.22460001525535467,0.9953866938707475,0.0,0.9750950515226674,0.9707528391148685,0.05852760643579717,2.253202756227856,0.9954854299209839,0.0
337.0,0.9528113067040288,0.9421543326858189,0.13531981338358534,0.22811535849715273,0.994108152939107,0.0,0.9587692923861483,0.9678320750862043,0.0640367338862376,0.08652519492240454,0.9943310391241468,0.0,0.9587692923861483,0.9885296833127909,0.9676216215727436,0.08297499930275845,0.22430522018377308,0.9941081529391076,0.0,0.9691834560469064,0.9682329822013043,0.05848700068763418,2.2506377484203597,0.9943310391241469,0.0
338.0,0.951020784521463,0.9404960032014672,0.13529809635125586,0.22781372292877147,0.9928556959706936,0.0,0.9529209225681677,0.9648604078573478,0.0640092895212281,0.08643759161278058,0.9932002012463608,0.0,0.9529209225681677,0.9861718990393009,0.9654145480091633,0.08294393758608574,0.22401646023351654,0.9928556959706941,0.0,0.963392900741087,0.9657648607786392,0.058447229395274976,2.248125080601127,0.9932002012463608,0.0
339.0,0.9968874332846989,0.9491750016198256,0.13527682649794942,0.11647006772096428,0.9999999999999999,0.0,0.9951782795731178,0.9722293070249739,0.06398241001017434,0.1713358319449914,0.9999999999999994,0.0,0.9951782795731178,0.9962226924704355,0.9822219641135164,0.08291351587220629,0.11493758892583875,1.0000000000000004,0.0,0.9886236685573857,0.9725867182181445,0.0584082761998171,1.1268309809867822,0.9999999999999998,0.0
340.0,0.9950741039548295,0.9474008946419201,0.13525599506379005,0.11632491614872262,0.9987880345525715,0.0,0.988094643253945,0.967556862140781,0.06395608427257624,0.17117436306338502,0.9989062368910768,0.0,0.988094643253945,0.9936322910447699,0.9798496286624485,0.08288372162516465,0.11479851487085826,0.998788034552572,0.0,0.9828718597236374,0.9686772304431225,0.058370125042879036,1.1256156446383385,0.9989062368910769,0.0
341.0,0.9932979718092059,0.9456631844247885,0.13523559344820535,0.11618274049704631,0.9976008491756437,0.0,0.9811564347109962,0.9629804437065839,0.06393030143080686,0.17101619923018488,0.9978348390447813,0.0,0.9811564347109962,0.9910950625929004,0.9775259967413817,0.08285454253635126,0.11466229563441901,0.9976008491756444,0.0,0.9772381624649952,0.9648481208994761,0.05833276016139142,1.1244251652064212,0.9978348390447817,0.0
342.0,0.9916509862416681,0.9440394739149284,0.1352157504448471,0.11605500797461701,0.9967166677379846,0.0,0.9743817332629557,0.9585269589657178,0.06390720962033392,0.170895036314046,0.9970299602484914,0.0,0.9743817332629557,0.988675381298015,0.975303348484497,0.0828262170859284,0.11453452862700912,0.9967166677379852,0.0,0.9717413782310468,0.9611287298959598,0.058300432706701495,1.1235271459940017,0.9970299602484921,0.0
343.0,0.9901836849864499,0.9425723735623835,0.13519653366058193,0.11594803524923893,0.9962891479330778,0.0,0.9677793133139634,0.9542104801112125,0.06388799225262135,0.17082948133487325,0.9966264367300447,0.0,0.9677793133139634,0.9864084004902998,0.9732101864593454,0.08279887197934899,0.11441828535724508,0.9962891479330783,0.0,0.9663909106662802,0.9575346068715375,0.05827548707209463,1.1230693705480572,0.9966264367300451,0.0
344.0,0.9976495727828878,0.9905805243420949,0.13517771465831363,0.22783409154238082,1.0,0.0,0.9993614963451615,0.9670490891239866,0.06386917363568556,0.33979286833778344,1.0000000000000009,0.0,0.9993614963451615,0.9939042456585288,0.9866363866787041,0.0827720933516709,0.22711929358269653,1.0000000000000013,0.0,0.949822719633297,0.9390003544097522,0.058251059417334515,0.5632957000363892,0.9999999999999994,0.0
345.0,0.9961409541181224,0.9891731525335423,0.13515928559007692,0.22762953644978307,0.9995881910368636,0.0,0.9927911989710921,0.960905853759288,0.06385074589945729,0.33967302535996496,0.9996114462581739,0.0,0.9927911989710921,0.991576787116206,0.984398416933776,0.08274587002527044,0.22689718467288983,0.9995881910368651,0.0,0.944674206378119,0.93407888317487,0.05822713951799496,0.5630726840227249,0.9996114462581721,0.0
346.0,0.9962863215619975,0.989302491583412,0.13515393505104156,0.2276499701467176,0.9996533520745687,0.0,0.9932823756543502,0.9613294222381331,0.0638423175711646,0.3396812670329303,0.999672925218575,0.0,0.9932823756543502,0.9917587658892553,0.9845662287315988,0.08273683143905221,0.22690850449972488,0.9996533520745702,0.0,0.9450454961575656,0.9344142299226684,0.05821500736832629,0.5630970952563302,0.9996729252185732,0.0
347.0,0.9962075563011958,0.9892237263226101,0.13514696714438293,0.2276398997498152,0.9996533247219558,0.0,0.9928197326602228,0.9608667792440059,0.06383275603113804,0.33967222374298367,0.9996728974089762,0.0,0.9928197326602228,0.9916016085326489,0.9844090713749925,0.08272571554685101,0.22688841141628882,0.9996533247219573,0.0,0.9446715070660087,0.9340402408311115,0.05820159168535395,0.5630879139515698,0.9996728974089747,0.0
348.0,0.9961304451699875,0.9891466151914019,0.1351401455689938,0.22763004083880606,0.9996532979437682,0.0,0.9923668055162046,0.9604138520999873,0.06382339529062835,0.3396633703689133,0.9996728701834005,0.0,0.9923668055162046,0.9914477515984842,0.9842552144408278,0.08271483309672899,0.22686874030268558,0.9996532979437697,0.0,0.9443053720260685,0.9336741057911715,0.058188457741793036,0.5630789254611,0.9996728701833987,0.0
349.0,0.9996309173520159,0.9966923731268973,0.1351334674096468,0.4500935236150517,0.999999999999999,0.0,0.9842838974209817,0.9921542992483109,0.06381423134928572,0.676798515374299,1.0,0.0,0.9842838974209817,0.9994462895363388,0.9844074245019047,0.08270417943802762,0.44678621076480085,1.0000000000000002,0.0,0.9539073936781213,0.9897922817112395,0.05817559992480037,0.2828677041062819,1.0000000000000004,0.0
350.0,0.9995570162102423,0.9966184719851237,0.13512692980344065,0.45007483635705897,0.9999999743276351,0.0,0.9837886100587662,0.9916590118860955,0.06380526027856387,0.6767866390615632,0.9999999738992338,0.0,0.9837886100587662,0.9992988373731247,0.9842599723386903,0.08269375000356449,0.44674892478315775,0.9999999743276364,0.0,0.9534682678891281,0.9893531559222462,0.05816301272227938,0.28286052505015624,0.9999999738992341,0.0
351.0,0.9995341446681184,0.9965956004429998,0.1351249064905101,0.45006905286849436,0.9999999663823376,0.0,0.9836353243923139,0.9915057262196432,0.06380248383672564,0.6767829634811798,0.9999999658213508,0.0,0.9836353243923139,0.9992532026470397,0.9842143376126051,0.08269052221514436,0.4467373852063757,0.9999999663823389,0.0,0.9533323635750726,0.9892172516081907,0.0581591171297923,0.2828583032159511,0.9999999658213511,0.0
352.0,0.9995341446681184,0.9965956004429998,0.1351249064905101,0.45006905286849436,0.9999999663823376,0.0,0.9836353243923139,0.9915057262196432,0.06380248383672564,0.6767829634811798,0.9999999658213508,0.0,0.9836353243923139,0.9992532026470397,0.9842143376126051,0.08269052221514436,0.4467373852063757,0.9999999663823389,0.0,0.9533323635750726,0.9892172516081907,0.0581591171297923,0.2828583032159511,0.9999999658213511,0.0
353.0,0.9995341446681184,0.9965956004429998,0.1351249064905101,0.45006905286849436,0.9999999663823376,0.0,0.9836353243923139,0.9915057262196432,0.06380248383672564,0.6767829634811798,0.9999999658213508,0.0,0.9836353243923139,0.9992532026470397,0.9842143376126051,0.08269052221514436,0.4467373852063757,0.9999999663823389,0.0,0.9533323635750726,0.9892172516081907,0.0581591171297923,0.2828583032159511,0.9999999658213511,0.0
354.0,0.9910974804034457,0.9996286810164334,0.1351249064905101,0.8938617330983742,1.0000000000000002,0.0,0.9843917290911806,0.9991778393645293,0.06380248383672564,1.3488093829141046,1.0000000000000009,0.0,0.9843917290911806,0.9915464457444472,0.9993867037732614,0.08269052221514436,0.8832402552893073,0.9999999999999987,0.0,0.9793668501427393,0.957205271329162,0.0581591171297923,0.14261320120818285,1.0000000000000009,0.0
355.0,0.9910974804034457,0.9996286810164334,0.1351249064905101,0.8938617330983742,1.0000000000000002,0.0,0.9843917290911806,0.9991778393645293,0.06380248383672564,1.3488093829141046,1.0000000000000009,0.0,0.9843917290911806,0.9915464457444472,0.9993867037732614,0.08269052221514436,0.8832402552893073,0.9999999999999987,0.0,0.9793668501427393,0.957205271329162,0.0581591171297923,0.14261320120818285,1.0000000000000009,0.0
356.0,0.9910974804034457,0.9996286810164334,0.1351249064905101,0.8938617330983742,1.0000000000000002,0.0,0.9843917290911806,0.9991778393645293,0.06380248383672564,1.3488093829141046,1.0000000000000009,0.0,0.9843917290911806,0.9915464457444472,0.9993867037732614,0.08269052221514436,0.8832402552893073,0.9999999999999987,0.0,0.9793668501427393,0.957205271329162,0.0581591171297923,0.14261320120818285,1.0000000000000009,0.0
357.0,0.9910974804034457,0.9996286810164334,0.1351249064905101,0.8938617330983742,1.0000000000000002,0.0,0.9843917290911806,0.9991778393645293,0.06380248383672564,1.3488093829141046,1.0000000000000009,0.0,0.9843917290911806,0.9915464457444472,0.9993867037732614,0.08269052221514436,0.8832402552893073,0.9999999999999987,0.0,0.9793668501427393,0.957205271329162,0.0581591171297923,0.14261320120818285,1.0000000000000009,0.0
358.0,0.9910974804034457,0.9996286810164334,0.1351249064905101,0.8938617330983742,1.0000000000000002,0.0,0.9843917290911806,0.9991778393645293,0.06380248383672564,1.3488093829141046,1.0000000000000009,0.0,0.9843917290911806,0.9915464457444472,0.9993867037732614,0.08269052221514436,0.8832402552893073,0.9999999999999987,0.0,0.9793668501427393,0.957205271329162,0.0581591171297923,0.14261320120818285,1.0000000000000009,0.0
359.0,0.9965813647821357,1.0552580518370318,0.13876912646339631,2.2536929784642457,1.0000000000000013,0.0,0.9956898624980507,0.9955381480385977,0.06590131408385795,2.6850780086787904,0.9999999999999998,0.0,0.9956898624980507,0.9931639455759559,1.0301622880131693,0.08847069138282107,2.4558002316932845,0.9999999999999998,0.0,0.9864922396294774,0.9852725356082752,0.059938855234915205,0.07517545669968745,0.9999999999999998,0.0
360.0,0.9965813647821357,1.0552580518370318,0.13876912646339631,2.2536929784642457,1.0000000000000013,0.0,0.9956898624980507,0.9955381480385977,0.06590131408385795,2.6850780086787904,0.9999999999999998,0.0,0.9956898624980507,0.9931639455759559,1.0301622880131693,0.08847069138282107,2.4558002316932845,0.9999999999999998,0.0,0.9864922396294774,0.9852725356082752,0.059938855234915205,0.07517545669968745,0.9999999999999998,0.0
361.0,0.9965813647821357,1.0552580518370318,0.13876912646339631,2.2536929784642457,1.0000000000000013,0.0,0.9956898624980507,0.9955381480385977,0.06590131408385795,2.6850780086787904,0.9999999999999998,0.0,0.9956898624980507,0.9931639455759559,1.0301622880131693,0.08847069138282107,2.4558002316932845,0.9999999999999998,0.0,0.9864922396294774,0.9852725356082752,0.059938855234915205,0.07517545669968745,0.9999999999999998,0.0
362.0,0.9965813647821357,1.0552580518370318,0.13876912646339631,2.2536929784642457,1.0000000000000013,0.0,0.9956898624980507,0.9955381480385977,0.06590131408385795,2.6850780086787904,0.9999999999999998,0.0,0.9956898624980507,0.9931639455759559,1.0301622880131693,0.08847069138282107,2.4558002316932845,0.9999999999999998,0.0,0.9864922396294774,0.9852725356082752,0.059938855234915205,0.07517545669968745,0.9999999999999998,0.0
363.0,0.9965813647821357,1.0552580518370318,0.13876912646339631,2.2536929784642457,1.0000000000000013,0.0,0.9956898624980507,0.9955381480385977,0.06590131408385795,2.6850780086787904,0.9999999999999998,0.0,0.9956898624980507,0.9931639455759559,1.0301622880131693,0.08847069138282107,2.4558002316932845,0.9999999999999998,0.0,0.9864922396294774,0.9852725356082752,0.059938855234915205,0.07517545669968745,0.9999999999999998,0.0
364.0,0.931724792002451,0.995762965708074,0.13876912646339631,3.4953997901423692,0.9094325535696314,0.0,0.916970894500768,0.9930492761920184,0.06590131408385795,1.3461754879171663,0.9141596745321737,0.0,0.916970894500768,0.9142999222393476,0.9978123982928683,0.08847069138282107,3.157054536711143,0.9094325535696318,0.0,0.9295863398173513,0.9940239399228323,0.059938855234915205,0.14840851140096345,0.9141596745321742,0.0
365.0,0.9374996876185007,1.0118323014147994,0.13933299873614768,3.9904011186845545,0.999999999999999,0.0,0.9198870517643627,1.0042630085712299,0.06701621708708143,1.5077611079145385,0.9999999999999994,0.0,0.9198870517643627,0.9193660947495392,1.0168653408497441,0.08934418150348589,3.3617507912040985,0.9999999999999993,0.0,0.9330485429305223,1.003945726300012,0.06179470933844357,0.1622718770389823,0.9999999999999996,0.0
366.0,0.9374996876185007,1.0118323014147994,0.13933299873614768,3.9904011186845545,0.999999999999999,0.0,0.9198870517643627,1.0042630085712299,0.06701621708708143,1.5077611079145385,0.9999999999999994,0.0,0.9198870517643627,0.9193660947495392,1.0168653408497441,0.08934418150348589,3.3617507912040985,0.9999999999999993,0.0,0.9330485429305223,1.003945726300012,0.06179470933844357,0.1622718770389823,0.9999999999999996,0.0
367.0,0.9374996876185007,1.0118323014147994,0.13933299873614768,3.9904011186845545,0.999999999999999,0.0,0.9198870517643627,1.0042630085712299,0.06701621708708143,1.5077611079145385,0.9999999999999994,0.0,0.9198870517643627,0.9193660947495392,1.0168653408497441,0.08934418150348589,3.3617507912040985,0.9999999999999993,0.0,0.9330485429305223,1.003945726300012,0.06179470933844357,0.1622718770389823,0.9999999999999996,0.0
368.0,0.9374996876185007,1.0118323014147994,0.13933299873614768,3.9904011186845545,0.999999999999999,0.0,0.9198870517643627,1.0042630085712299,0.06701621708708143,1.5077611079145385,0.9999999999999994,0.0,0.9198870517643627,0.9193660947495392,1.0168653408497441,0.08934418150348589,3.3617507912040985,0.9999999999999993,0.0,0.9330485429305223,1.003945726300012,0.06179470933844357,0.1622718770389823,0.9999999999999996,0.0
369.0,0.7894120706276428,0.9997134631633089,0.13933299873614768,2.000052358178502,0.7633053607475436,0.0,0.8663311975220923,0.9981903174582267,0.06701621708708143,0.7560291621143198,0.7853802291284697,0.0,0.8663311975220923,0.719519088761491,0.9962372393934971,0.08934418150348589,1.6849144743785798,0.7633053607475431,0.0,0.8694555680795425,0.9959576548789514,0.06179470933844357,0.3219890080201577,0.7853802291284683,0.0
370.0,0.9256961582430597,1.2419588469407,0.20657798700559465,2.3284943780677474,0.9999999999999999,0.0,0.9805304623913995,1.3973829843636048,0.11552540871158865,1.025051666286939,1.0000000000000009,0.0,0.9805304623913995,0.8695266772584307,1.3641888655169563,0.19580225160473386,2.0292427849462853,0.9999999999999992,0.0,0.9749973169972036,1.365541426896124,0.09853109060977287,0.4107803275761172,0.9999999999999992,0.0
371.0,0.9256961582430597,1.2419588469407,0.20657798700559465,2.3284943780677474,0.9999999999999999,0.0,0.9805304623913995,1.3973829843636048,0.11552540871158865,1.025051666286939,1.0000000000000009,0.0,0.9805304623913995,0.8695266772584307,1.3641888655169563,0.19580225160473386,2.0292427849462853,0.9999999999999992,0.0,0.9749973169972036,1.365541426896124,0.09853109060977287,0.4107803275761172,0.9999999999999992,0.0
372.0,0.9256961582430597,1.2419588469407,0.20657798700559465,2.3284943780677474,0.9999999999999999,0.0,0.9805304623913995,1.3973829843636048,0.11552540871158865,1.025051666286939,1.0000000000000009,0.0,0.9805304623913995,0.8695266772584307,1.3641888655169563,0.19580225160473386,2.0292427849462853,0.9999999999999992,0.0,0.9749973169972036,1.365541426896124,0.09853109060977287,0.4107803275761172,0.9999999999999992,0.0
373.0,0.9256961582430597,1.2419588469407,0.20657798700559465,2.3284943780677474,0.9999999999999999,0.0,0.9805304623913995,1.3973829843636048,0.11552540871158865,1.025051666286939,1.0000000000000009,0.0,0.9805304623913995,0.8695266772584307,1.3641888655169563,0.19580225160473386,2.0292427849462853,0.9999999999999992,0.0,0.9749973169972036,1.365541426896124,0.09853109060977287,0.4107803275761172,0.9999999999999992,0.0
374.0,0.7324410394146429,0.99665257251756,0.20657798700559465,1.1670287757953746,0.6765651967993154,0.0,0.8815679338967773,0.9989875291777025,0.11552540871158865,0.5140651844986156,0.6523067296155445,0.0,0.8815679338967773,0.5761691307640375,0.9986866199965497,0.19580225160473386,1.0170647365063594,0.6765651967993156,0.0,0.8176674641345157,0.9974918919465432,0.09853109060977287,0.8178285089724594,0.6523067296155434,0.0
375.0,0.9716313041119617,1.2987650479746478,0.40476661106918965,1.469801570418506,0.9999999999999994,0.0,0.9122564038542639,1.0815771249697972,0.13007330536750075,0.7331269674656509,1.0000000000000009,0.0,0.9122564038542639,0.9759905220860483,1.5170410567278962,0.21990959290606574,1.3138041798972255,1.0000000000000002,0.0,0.850073004814166,1.0711239622906006,0.11683122841911373,1.240709482910153,0.9999999999999992,0.0
376.0,0.9716313041119617,1.2987650479746478,0.40476661106918965,1.469801570418506,0.9999999999999994,0.0,0.9122564038542639,1.0815771249697972,0.13007330536750075,0.7331269674656509,1.0000000000000009,0.0,0.9122564038542639,0.9759905220860483,1.5170410567278962,0.21990959290606574,1.3138041798972255,1.0000000000000002,0.0,0.850073004814166,1.0711239622906006,0.11683122841911373,1.240709482910153,0.9999999999999992,0.0
377.0,0.9716313041119617,1.2987650479746478,0.40476661106918965,1.469801570418506,0.9999999999999994,0.0,0.9122564038542639,1.0815771249697972,0.13007330536750075,0.7331269674656509,1.0000000000000009,0.0,0.9122564038542639,0.9759905220860483,1.5170410567278962,0.21990959290606574,1.3138041798972255,1.0000000000000002,0.0,0.850073004814166,1.0711239622906006,0.11683122841911373,1.240709482910153,0.9999999999999992,0.0
378.0,0.9716313041119617,1.2987650479746478,0.40476661106918965,1.469801570418506,0.9999999999999994,0.0,0.9122564038542639,1.0815771249697972,0.13007330536750075,0.7331269674656509,1.0000000000000009,0.0,0.9122564038542639,0.9759905220860483,1.5170410567278962,0.21990959290606574,1.3138041798972255,1.0000000000000002,0.0,0.850073004814166,1.0711239622906006,0.11683122841911373,1.240709482910153,0.9999999999999992,0.0
379.0,0.9460479262037379,0.9989238123236063,0.4052789098048002,0.789917476098195,0.9679960905831595,0.0,0.7367755023702302,0.996647781678143,0.1311130755078168,0.3807472018565361,0.9705331279528068,0.0,0.7367755023702302,0.962287984313642,0.7883135192318556,0.22073260944590342,0.6881976817815454,0.9679960905831597,0.0,0.6734035918463239,0.996670878267147,0.1186018367094877,2.5758814235825938,0.9705331279528069,0.0
380.0,0.9460479262037379,0.9989238123236063,0.4052789098048002,0.789917476098195,0.9679960905831595,0.0,0.7367755023702302,0.996647781678143,0.1311130755078168,0.3807472018565361,0.9705331279528068,0.0,0.7367755023702302,0.962287984313642,0.7883135192318556,0.22073260944590342,0.6881976817815454,0.9679960905831597,0.0,0.6734035918463239,0.996670878267147,0.1186018367094877,2.5758814235825938,0.9705331279528069,0.0
381.0,0.9460479262037379,0.9989238123236063,0.4052789098048002,0.789917476098195,0.9679960905831595,0.0,0.7367755023702302,0.996647781678143,0.1311130755078168,0.3807472018565361,0.9705331279528068,0.0,0.7367755023702302,0.962287984313642,0.7883135192318556,0.22073260944590342,0.6881976817815454,0.9679960905831597,0.0,0.6734035918463239,0.996670878267147,0.1186018367094877,2.5758814235825938,0.9705331279528069,0.0
382.0,0.966245835740861,1.0319366214425942,0.4134797189047545,0.8103054450129924,0.999998798083343,0.0,0.7912961629614641,1.1771607992655555,0.14026713648367742,0.39397661416979257,0.999998988200588,0.0,0.7912961629614641,0.9831853336050509,0.8217213929972741,0.23623565384295286,0.705185151052782,0.9999987980833432,0.0,0.7284998791050391,1.1775874208167159,0.12520888097110133,2.6547314402006035,0.9999989882005882,0.0
383.0,0.9744810247962452,1.0401718104979785,0.4217149079601387,0.8113556586470624,1.0000000000000004,0.0,0.9688186984962414,1.3861097782643985,0.18877797199893948,0.4073635412845538,0.9999999999999998,0.0,0.9688186984962414,0.9996166959839033,0.8381527553761267,0.25266701622180526,0.7072806027395082,1.0000000000000007,0.0,0.9918388493531352,1.5944954443643315,0.16421178185924099,2.688565508248884,1.0000000000000002,0.0
384.0,0.9452442200553812,0.9922779570105863,0.4217149079601387,0.4066676310091286,1.0000000000000004,0.0,0.9925621949438769,0.9934130484584776,0.18877797199893948,0.20448351023331027,0.9999999999999998,0.0,0.9925621949438769,0.9873656258313216,0.9994191236979515,0.25266701622180526,0.3545294984732334,1.0000000000000007,0.0,0.9937445258086467,0.9859419902541272,0.16421178185924099,1.3487588186310548,1.0000000000000002,0.0
385.0,0.9452442200553812,0.9922779570105863,0.4217149079601387,0.4066676310091286,1.0000000000000004,0.0,0.9925621949438769,0.9934130484584776,0.18877797199893948,0.20448351023331027,0.9999999999999998,0.0,0.9925621949438769,0.9873656258313216,0.9994191236979515,0.25266701622180526,0.3545294984732334,1.0000000000000007,0.0,0.9937445258086467,0.9859419902541272,0.16421178185924099,1.3487588186310548,1.0000000000000002,0.0
386.0,0.9452442200553812,0.9922779570105863,0.4217149079601387,0.4066676310091286,1.0000000000000004,0.0,0.9925621949438769,0.9934130484584776,0.18877797199893948,0.20448351023331027,0.9999999999999998,0.0,0.9925621949438769,0.9873656258313216,0.9994191236979515,0.25266701622180526,0.3545294984732334,1.0000000000000007,0.0,0.9937445258086467,0.9859419902541272,0.16421178185924099,1.3487588186310548,1.0000000000000002,0.0
387.0,0.9452442200553812,0.9922779570105863,0.4217149079601387,0.4066676310091286,1.0000000000000004,0.0,0.9925621949438769,0.9934130484584776,0.18877797199893948,0.20448351023331027,0.9999999999999998,0.0,0.9925621949438769,0.9873656258313216,0.9994191236979515,0.25266701622180526,0.3545294984732334,1.0000000000000007,0.0,0.9937445258086467,0.9859419902541272,0.16421178185924099,1.3487588186310548,1.0000000000000002,0.0
388.0,0.9452442200553812,0.9922779570105863,0.4217149079601387,0.4066676310091286,1.0000000000000004,0.0,0.9925621949438769,0.9934130484584776,0.18877797199893948,0.20448351023331027,0.9999999999999998,0.0,0.9925621949438769,0.9873656258313216,0.9994191236979515,0.25266701622180526,0.3545294984732334,1.0000000000000007,0.0,0.9937445258086467,0.9859419902541272,0.16421178185924099,1.3487588186310548,1.0000000000000002,0.0
389.0,0.8753469807075401,0.9812903066339508,0.4217149079601387,0.20385380044081008,0.9247983585175763,0.0,0.9388883108331337,0.9571069234436068,0.18877797199893948,0.10284447910895661,0.9175847857264855,0.0,0.9388883108331337,0.9546721647444029,0.9999576778705829,0.25266701622180526,0.177741896213648,0.9247983585175759,0.0,0.9536875701482432,0.9842788543921511,0.16421178185924099,0.676478882799212,0.9175847857264859,0.0
390.0,0.8753469807075401,0.9812903066339508,0.4217149079601387,0.20385380044081008,0.9247983585175763,0.0,0.9388883108331337,0.9571069234436068,0.18877797199893948,0.10284447910895661,0.9175847857264855,0.0,0.9388883108331337,0.9546721647444029,0.9999576778705829,0.25266701622180526,0.177741896213648,0.9247983585175759,0.0,0.9536875701482432,0.9842788543921511,0.16421178185924099,0.676478882799212,0.9175847857264859,0.0
391.0,0.8753469807075401,0.9812903066339508,0.4217149079601387,0.20385380044081008,0.9247983585175763,0.0,0.9388883108331337,0.9571069234436068,0.18877797199893948,0.10284447910895661,0.9175847857264855,0.0,0.9388883108331337,0.9546721647444029,0.9999576778705829,0.25266701622180526,0.177741896213648,0.9247983585175759,0.0,0.9536875701482432,0.9842788543921511,0.16421178185924099,0.676478882799212,0.9175847857264859,0.0
392.0,0.8753469807075401,0.9812903066339508,0.4217149079601387,0.20385380044081008,0.9247983585175763,0.0,0.9388883108331337,0.9571069234436068,0.18877797199893948,0.10284447910895661,0.9175847857264855,0.0,0.9388883108331337,0.9546721647444029,0.9999576778705829,0.25266701622180526,0.177741896213648,0.9247983585175759,0.0,0.9536875701482432,0.9842788543921511,0.16421178185924099,0.676478882799212,0.9175847857264859,0.0
393.0,0.9750803388721079,1.4563630078095338,0.4225691184430434,0.23374804369814245,1.0000000000000002,0.0,0.9518898819061892,1.0075162815393746,0.19097164086867036,0.11027126997996656,1.0000000000000002,0.0,0.9518898819061892,0.9776638820489014,1.1108944606547815,0.25404364116079414,0.20514660850815633,0.9999999999999999,0.0,0.9660122314712861,1.0223463356025506,0.16811977399178368,0.7353497444769258,1.0000000000000007,0.0
394.0,0.9954747061350605,1.0672216117206932,0.42442526540123615,0.12077150406213674,0.9810548744530657,0.0,0.980534683475541,1.1792252241145158,0.19358050102569438,0.057764138422260455,0.9832066508863226,0.0,0.5456390977005594,0.9933546268253387,1.1145462430006396,0.2569855378611384,0.10719433829937836,0.9810548744530652,0.0,0.9924490191477511,1.1572155754205433,0.17172143557878364,0.37802329731334794,0.9832066508863211,0.0
395.0,0.9995559941318579,1.0742747864624502,0.4244676133929602,0.12213219204530758,1.0000000000000002,0.0,0.9819646052681642,1.1833498448783968,0.1939871127408068,0.05854726276967446,1.0000000000000009,0.0,0.5470690194931828,0.9951102322904329,1.120072223845142,0.2570586438120129,0.10783095572292264,0.9999999999999997,0.0,0.9939651640011744,1.1609623403787837,0.1725124524979385,0.3842347069770181,0.9999999999999992,0.0
396.0,0.9995559941318579,1.0742747864624502,0.4244676133929602,0.12213219204530758,1.0000000000000002,0.0,0.9819646052681642,1.1833498448783968,0.1939871127408068,0.05854726276967446,1.0000000000000009,0.0,0.5470690194931828,0.9951102322904329,1.120072223845142,0.2570586438120129,0.10783095572292264,0.9999999999999997,0.0,0.9939651640011744,1.1609623403787837,0.1725124524979385,0.3842347069770181,0.9999999999999992,0.0
397.0,0.9995559941318579,1.0742747864624502,0.4244676133929602,0.12213219204530758,1.0000000000000002,0.0,0.9819646052681642,1.1833498448783968,0.1939871127408068,0.05854726276967446,1.0000000000000009,0.0,0.5470690194931828,0.9951102322904329,1.120072223845142,0.2570586438120129,0.10783095572292264,0.9999999999999997,0.0,0.9939651640011744,1.1609623403787837,0.1725124524979385,0.3842347069770181,0.9999999999999992,0.0
398.0,0.9995559941318579,1.0742747864624502,0.4244676133929602,0.12213219204530758,1.0000000000000002,0.0,0.9819646052681642,1.1833498448783968,0.1939871127408068,0.05854726276967446,1.0000000000000009,0.0,0.5470690194931828,0.9951102322904329,1.120072223845142,0.2570586438120129,0.10783095572292264,0.9999999999999997,0.0,0.9939651640011744,1.1609623403787837,0.1725124524979385,0.3842347069770181,0.9999999999999992,0.0
399.0,0.9638510904157724,0.992068049901909,0.4244676133929602,0.06127975955804914,1.0000000000000002,0.0,0.9760957546049726,0.9996539163772863,0.1939871127408068,0.036542034051920545,1.0000000000000009,0.0,0.2857911719501413,0.967230319281105,0.9997440094999147,0.2570586438120129,0.054158031595390364,0.9999999999999997,0.0,0.98116515530977,0.9997222566391858,0.1725124524979385,0.19341900188221667,0.9999999999999992,0.0
400.0,0.9638510904157724,0.992068049901909,0.4244676133929602,0.06127975955804914,1.0000000000000002,0.0,0.9760957546049726,0.9996539163772863,0.1939871127408068,0.036542034051920545,1.0000000000000009,0.0,0.2857911719501413,0.967230319281105,0.9997440094999147,0.2570586438120129,0.054158031595390364,0.9999999999999997,0.0,0.98116515530977,0.9997222566391858,0.1725124524979385,0.19341900188221667,0.9999999999999992,0.0
401.0,0.9638510904157724,0.992068049901909,0.4244676133929602,0.06127975955804914,1.0000000000000002,0.0,0.9760957546049726,0.9996539163772863,0.1939871127408068,0.036542034051920545,1.0000000000000009,0.0,0.2857911719501413,0.967230319281105,0.9997440094999147,0.2570586438120129,0.054158031595390364,0.9999999999999997,0.0,0.98116515530977,0.9997222566391858,0.1725124524979385,0.19341900188221667,0.9999999999999992,0.0
402.0,0.9638510904157724,0.992068049901909,0.4244676133929602,0.06127975955804914,1.0000000000000002,0.0,0.9760957546049726,0.9996539163772863,0.1939871127408068,0.036542034051920545,1.0000000000000009,0.0,0.2857911719501413,0.967230319281105,0.9997440094999147,0.2570586438120129,0.054158031595390364,0.9999999999999997,0.0,0.98116515530977,0.9997222566391858,0.1725124524979385,0.19341900188221667,0.9999999999999992,0.0
403.0,0.9638510904157724,0.992068049901909,0.4244676133929602,0.06127975955804914,1.0000000000000002,0.0,0.9760957546049726,0.9996539163772863,0.1939871127408068,0.036542034051920545,1.0000000000000009,0.0,0.2857911719501413,0.967230319281105,0.9997440094999147,0.2570586438120129,0.054158031595390364,0.9999999999999997,0.0,0.98116515530977,0.9997222566391858,0.1725124524979385,0.19341900188221667,0.9999999999999992,0.0
404.0,0.8889739828320993,0.9849460947397196,0.4244676133929602,0.030794980217499573,0.9422540958799539,0.0,0.8571010368278392,0.9909156605804575,0.1939871127408068,0.07101862552843265,0.947932760876485,0.0,0.5702282557666583,0.9323337766407943,0.9994683754123178,0.2570586438120129,0.02727614149804003,0.9422540958799542,0.0,0.8366406689615847,0.9960748074984614,0.1725124524979385,0.09841788201289214,0.9479327608764855,0.0
405.0,0.8889739828320993,0.9849460947397196,0.4244676133929602,0.030794980217499573,0.9422540958799539,0.0,0.8571010368278392,0.9909156605804575,0.1939871127408068,0.07101862552843265,0.947932760876485,0.0,0.5702282557666583,0.9323337766407943,0.9994683754123178,0.2570586438120129,0.02727614149804003,0.9422540958799542,0.0,0.8366406689615847,0.9960748074984614,0.1725124524979385,0.09841788201289214,0.9479327608764855,0.0
406.0,0.8958552851067406,1.0129235707277668,0.42448817273714323,0.031050469782777965,0.9601501453502014,0.0,0.8590144456369482,0.9981437627805712,0.19436777014266587,0.07177372903990034,0.9632614179868286,0.0,0.5740460082566026,0.9350732724190752,1.010374504542664,0.25709723237991644,0.027401756889717264,0.9601501453502016,0.0,0.8386007783514489,1.0016852993763812,0.1732673256700716,0.09992019162546736,0.9632614179868288,0.0
407.0,0.9480635380270898,1.1636724238550413,0.42465335048568004,0.03209775362488141,0.9999999999999998,0.0,0.8975599310881197,1.1494309348286855,0.19534451994682628,0.0736234497286922,1.0000000000000002,0.0,0.6509543627895068,0.9726810820965822,1.1347368980243164,0.2573723874971371,0.02787622974245518,1.0000000000000002,0.0,0.8698100176313796,1.1205552728926467,0.1751171146649249,0.10352486268651359,1.0000000000000009,0.0
408.0,0.9480635380270898,1.1636724238550413,0.42465335048568004,0.03209775362488141,0.9999999999999998,0.0,0.8975599310881197,1.1494309348286855,0.19534451994682628,0.0736234497286922,1.0000000000000002,0.0,0.6509543627895068,0.9726810820965822,1.1347368980243164,0.2573723874971371,0.02787622974245518,1.0000000000000002,0.0,0.8698100176313796,1.1205552728926467,0.1751171146649249,0.10352486268651359,1.0000000000000009,0.0
409.0,0.8835324077866882,1.0019487167159626,0.42519947624254595,0.01642057643939423,0.936793988200827,0.0,0.7547067604951182,1.0114172622241118,0.19737942889393567,0.14577052533117218,0.9321044086171271,0.0,0.6970716057868188,0.9044007998083919,0.9994832761625961,0.2584617625380052,0.014447657266101402,0.9367939882008275,0.0,0.7177802522310643,1.0278520360257244,0.17656902830826304,0.05375387621714785,0.9321044086171274,0.0
410.0,0.8835324077866882,1.0019487167159626,0.42519947624254595,0.01642057643939423,0.936793988200827,0.0,0.7547067604951182,1.0114172622241118,0.19737942889393567,0.14577052533117218,0.9321044086171271,0.0,0.6970716057868188,0.9044007998083919,0.9994832761625961,0.2584617625380052,0.014447657266101402,0.9367939882008275,0.0,0.7177802522310643,1.0278520360257244,0.17656902830826304,0.05375387621714785,0.9321044086171274,0.0
411.0,0.8835324077866882,1.0019487167159626,0.42519947624254595,0.01642057643939423,0.936793988200827,0.0,0.7547067604951182,1.0114172622241118,0.19737942889393567,0.14577052533117218,0.9321044086171271,0.0,0.6970716057868188,0.9044007998083919,0.9994832761625961,0.2584617625380052,0.014447657266101402,0.9367939882008275,0.0,0.7177802522310643,1.0278520360257244,0.17656902830826304,0.05375387621714785,0.9321044086171274,0.0
412.0,0.922844319887201,1.1584658587212606,0.42528784497787175,0.016955100460872802,1.0000000000000002,0.0,0.7683792922263146,1.0616688167528359,0.1991851170560037,0.15294188766282957,0.9999999999999994,0.0,0.7096698418669681,0.923284353879597,1.0673444661329168,0.2586244339772386,0.014746543140274824,1.0000000000000007,0.0,0.7303803824003434,1.0656010558396467,0.18015222506109685,0.05733214841360355,0.9999999999999998,0.0
413.0,0.922844319887201,1.1584658587212606,0.42528784497787175,0.016955100460872802,1.0000000000000002,0.0,0.7683792922263146,1.0616688167528359,0.1991851170560037,0.15294188766282957,0.9999999999999994,0.0,0.7096698418669681,0.923284353879597,1.0673444661329168,0.2586244339772386,0.014746543140274824,1.0000000000000007,0.0,0.7303803824003434,1.0656010558396467,0.18015222506109685,0.05733214841360355,0.9999999999999998,0.0
414.0,0.9021697428919763,1.0883394442709537,0.35610594439729293,0.011480604577283941,0.960319041956484,0.0,0.8637679698241201,2.172431222081777,0.4329658889852894,0.4134058401068756,0.964867753388627,0.0,0.8912158669974599,0.8960889908995897,1.0940113713529367,0.19792014434396382,0.006362967331719842,0.9603190419564843,0.0,0.8659899008933902,2.723950319395737,0.3692830737359249,0.10115734237136029,0.9648677533886273,0.0
415.0,0.9021697428919763,1.0883394442709537,0.35610594439729293,0.011480604577283941,0.960319041956484,0.0,0.8637679698241201,2.172431222081777,0.4329658889852894,0.4134058401068756,0.964867753388627,0.0,0.8912158669974599,0.8960889908995897,1.0940113713529367,0.19792014434396382,0.006362967331719842,0.9603190419564843,0.0,0.8659899008933902,2.723950319395737,0.3692830737359249,0.10115734237136029,0.9648677533886273,0.0
416.0,0.9021697428919763,1.0883394442709537,0.35610594439729293,0.011480604577283941,0.960319041956484,0.0,0.8637679698241201,2.172431222081777,0.4329658889852894,0.4134058401068756,0.964867753388627,0.0,0.8912158669974599,0.8960889908995897,1.0940113713529367,0.19792014434396382,0.006362967331719842,0.9603190419564843,0.0,0.8659899008933902,2.723950319395737,0.3692830737359249,0.10115734237136029,0.9648677533886273,0.0
417.0,0.9021697428919763,1.0883394442709537,0.35610594439729293,0.011480604577283941,0.960319041956484,0.0,0.8637679698241201,2.172431222081777,0.4329658889852894,0.4134058401068756,0.964867753388627,0.0,0.8912158669974599,0.8960889908995897,1.0940113713529367,0.19792014434396382,0.006362967331719842,0.9603190419564843,0.0,0.8659899008933902,2.723950319395737,0.3692830737359249,0.10115734237136029,0.9648677533886273,0.0
418.0,0.9201180971101123,1.0996917525147447,0.35614266309954573,0.01161086484740399,0.9999999999999997,0.0,0.8665331249850469,2.177840822844255,0.4338011195693766,0.4200228403850964,0.9999999999999996,0.0,0.8939533494566768,0.9051150605513693,1.09974281106535,0.19799126641779732,0.0064280750555913676,0.9999999999999999,0.0,0.8691860941950664,2.7287090778433574,0.3709458239377109,0.10447189073805077,1.0,0.0
419.0,0.8204207902310917,0.9796861749253797,0.35614266309954573,0.0058455550389397105,0.995482006033343,0.0,0.7570832900634435,1.103317967844541,0.4338011195693766,0.8373471871277302,0.9956968871610287,0.0,0.7577288354503292,0.8160999932147,0.9916441937806462,0.19799126641779732,0.012771201666869481,0.9954820060333434,0.0,0.7668017048200148,1.3911622195517794,0.3709458239377109,0.20755469134157917,0.9956968871610271,0.0
420.0,0.8204207902310917,0.9796861749253797,0.35614266309954573,0.0058455550389397105,0.995482006033343,0.0,0.7570832900634435,1.103317967844541,0.4338011195693766,0.8373471871277302,0.9956968871610287,0.0,0.7577288354503292,0.8160999932147,0.9916441937806462,0.19799126641779732,0.012771201666869481,0.9954820060333434,0.0,0.7668017048200148,1.3911622195517794,0.3709458239377109,0.20755469134157917,0.9956968871610271,0.0
421.0,0.8204207902310917,0.9796861749253797,0.35614266309954573,0.0058455550389397105,0.995482006033343,0.0,0.7570832900634435,1.103317967844541,0.4338011195693766,0.8373471871277302,0.9956968871610287,0.0,0.7577288354503292,0.8160999932147,0.9916441937806462,0.19799126641779732,0.012771201666869481,0.9954820060333434,0.0,0.7668017048200148,1.3911622195517794,0.3709458239377109,0.20755469134157917,0.9956968871610271,0.0
422.0,0.981884968553016,1.217753434473054,0.35761899129718777,0.0059476767214205264,1.0000000000000007,0.0,0.9767256118246285,1.5550552976115237,0.4345688483331402,0.840008696974177,1.0000000000000009,0.0,0.9320273611806071,0.9928915693395238,1.3824798275723342,0.19989953172205588,0.01355800956428254,1.0000000000000009,0.0,0.93649825401952,1.7298026281891652,0.3715689796155681,0.20841619012072193,0.9999999999999994,0.0
423.0,0.981884968553016,1.217753434473054,0.35761899129718777,0.0059476767214205264,1.0000000000000007,0.0,0.9767256118246285,1.5550552976115237,0.4345688483331402,0.840008696974177,1.0000000000000009,0.0,0.9320273611806071,0.9928915693395238,1.3824798275723342,0.19989953172205588,0.01355800956428254,1.0000000000000009,0.0,0.93649825401952,1.7298026281891652,0.3715689796155681,0.20841619012072193,0.9999999999999994,0.0
424.0,0.9784714893275127,0.9855972881962721,0.35761899129718777,0.01183986340179099,0.999999892600457,0.0,0.9765560002088782,0.9993080405196988,0.4345688483331402,1.6753291395998466,0.9999998897744049,0.0,0.9536860839066141,0.9997267951076064,0.9777017249826522,0.19989953172205588,0.026881384628049912,0.9999998926004573,0.0,0.9776205716934875,0.9749124814921398,0.3715689796155681,0.4148403862510595,0.9999998897744033,0.0
425.0,0.9784714893275127,0.9855972881962721,0.35761899129718777,0.01183986340179099,0.999999892600457,0.0,0.9765560002088782,0.9993080405196988,0.4345688483331402,1.6753291395998466,0.9999998897744049,0.0,0.9536860839066141,0.9997267951076064,0.9777017249826522,0.19989953172205588,0.026881384628049912,0.9999998926004573,0.0,0.9776205716934875,0.9749124814921398,0.3715689796155681,0.4148403862510595,0.9999998897744033,0.0
426.0,0.9784714893275127,0.9855972881962721,0.35761899129718777,0.01183986340179099,0.999999892600457,0.0,0.9765560002088782,0.9993080405196988,0.4345688483331402,1.6753291395998466,0.9999998897744049,0.0,0.9536860839066141,0.9997267951076064,0.9777017249826522,0.19989953172205588,0.026881384628049912,0.9999998926004573,0.0,0.9776205716934875,0.9749124814921398,0.3715689796155681,0.4148403862510595,0.9999998897744033,0.0
427.0,0.9785888903520218,0.9858206398848667,0.3576993528938615,0.011852553052587016,1.0000000000000002,0.0,0.9779568060459917,1.0017693502602891,0.4349465224115964,1.6758040050278755,1.0000000000000004,0.0,0.9549022281478515,0.9999610409475482,0.9781473701898894,0.2000313881741172,0.02692996508011975,1.0000000000000004,0.0,0.9791703812915157,0.9772701868871112,0.3722646641154819,0.4155118951960118,0.999999999999999,0.0
428.0,0.9785888903520218,0.9858206398848667,0.3576993528938615,0.011852553052587016,1.0000000000000002,0.0,0.9779568060459917,1.0017693502602891,0.4349465224115964,1.6758040050278755,1.0000000000000004,0.0,0.9549022281478515,0.9999610409475482,0.9781473701898894,0.2000313881741172,0.02692996508011975,1.0000000000000004,0.0,0.9791703812915157,0.9772701868871112,0.3722646641154819,0.4155118951960118,0.999999999999999,0.0
429.0,0.9947179770491308,0.9798884868517896,0.3576993528938615,0.02361074646857196,1.0000000000000002,0.0,0.9261978902523557,0.9805283639182165,0.4349465224115964,3.338356825960796,1.0000000000000004,0.0,0.9129607107384899,0.9852016879650728,0.9757578536768831,0.2000313881741172,0.05302333423507644,1.0000000000000004,0.0,0.9498589809769772,0.9788361552757854,0.3722646641154819,0.8269757174793004,0.999999999999999,0.0
430.0,0.9947179770491308,0.9798884868517896,0.3576993528938615,0.02361074646857196,1.0000000000000002,0.0,0.9261978902523557,0.9805283639182165,0.4349465224115964,3.338356825960796,1.0000000000000004,0.0,0.9129607107384899,0.9852016879650728,0.9757578536768831,0.2000313881741172,0.05302333423507644,1.0000000000000004,0.0,0.9498589809769772,0.9788361552757854,0.3722646641154819,0.8269757174793004,0.999999999999999,0.0
431.0,0.9947179770491308,0.9798884868517896,0.3576993528938615,0.02361074646857196,1.0000000000000002,0.0,0.9261978902523557,0.9805283639182165,0.4349465224115964,3.338356825960796,1.0000000000000004,0.0,0.9129607107384899,0.9852016879650728,0.9757578536768831,0.2000313881741172,0.05302333423507644,1.0000000000000004,0.0,0.9498589809769772,0.9788361552757854,0.3722646641154819,0.8269757174793004,0.999999999999999,0.0
432.0,0.9947179770491308,0.9798884868517896,0.3576993528938615,0.02361074646857196,1.0000000000000002,0.0,0.9261978902523557,0.9805283639182165,0.4349465224115964,3.338356825960796,1.0000000000000004,0.0,0.9129607107384899,0.9852016879650728,0.9757578536768831,0.2000313881741172,0.05302333423507644,1.0000000000000004,0.0,0.9498589809769772,0.9788361552757854,0.3722646641154819,0.8269757174793004,0.999999999999999,0.0
433.0,0.9947179770491308,0.9798884868517896,0.3576993528938615,0.02361074646857196,1.0000000000000002,0.0,0.9261978902523557,0.9805283639182165,0.4349465224115964,3.338356825960796,1.0000000000000004,0.0,0.9129607107384899,0.9852016879650728,0.9757578536768831,0.2000313881741172,0.05302333423507644,1.0000000000000004,0.0,0.9498589809769772,0.9788361552757854,0.3722646641154819,0.8269757174793004,0.999999999999999,0.0
434.0,0.9965423823182942,0.9999102282396707,0.3576993528938615,0.047013335739199406,1.0000000000000002,0.0,0.9247051910283313,0.9593086316549942,0.4349465224115964,1.673141822464013,1.0000000000000004,0.0,0.9174125441004076,0.9975856783129804,0.9976488202306055,0.2000313881741172,0.1044448444129816,1.0000000000000004,0.0,0.9486188297320021,0.9707355845147815,0.3722646641154819,1.6479539760541984,0.999999999999999,0.0
435.0,0.9965423823182942,0.9999102282396707,0.3576993528938615,0.047013335739199406,1.0000000000000002,0.0,0.9247051910283313,0.9593086316549942,0.4349465224115964,1.673141822464013,1.0000000000000004,0.0,0.9174125441004076,0.9975856783129804,0.9976488202306055,0.2000313881741172,0.1044448444129816,1.0000000000000004,0.0,0.9486188297320021,0.9707355845147815,0.3722646641154819,1.6479539760541984,0.999999999999999,0.0
436.0,0.9965423823182942,0.9999102282396707,0.3576993528938615,0.047013335739199406,1.0000000000000002,0.0,0.9247051910283313,0.9593086316549942,0.4349465224115964,1.673141822464013,1.0000000000000004,0.0,0.9174125441004076,0.9975856783129804,0.9976488202306055,0.2000313881741172,0.1044448444129816,1.0000000000000004,0.0,0.9486188297320021,0.9707355845147815,0.3722646641154819,1.6479539760541984,0.999999999999999,0.0
437.0,0.9965423823182942,0.9999102282396707,0.3576993528938615,0.047013335739199406,1.0000000000000002,0.0,0.9247051910283313,0.9593086316549942,0.4349465224115964,1.673141822464013,1.0000000000000004,0.0,0.9174125441004076,0.9975856783129804,0.9976488202306055,0.2000313881741172,0.1044448444129816,1.0000000000000004,0.0,0.9486188297320021,0.9707355845147815,0.3722646641154819,1.6479539760541984,0.999999999999999,0.0
438.0,0.9965423823182942,0.9999102282396707,0.3576993528938615,0.047013335739199406,1.0000000000000002,0.0,0.9247051910283313,0.9593086316549942,0.4349465224115964,1.673141822464013,1.0000000000000004,0.0,0.9174125441004076,0.9975856783129804,0.9976488202306055,0.2000313881741172,0.1044448444129816,1.0000000000000004,0.0,0.9486188297320021,0.9707355845147815,0.3722646641154819,1.6479539760541984,0.999999999999999,0.0
439.0,0.9999358629422938,0.998515014187749,0.3576993528938615,0.09333322047181175,1.0000000000000002,0.0,0.9406770791370139,0.9534849630483113,0.4349465224115964,0.8385573214668318,1.0000000000000004,0.0,0.9382342245148171,0.9876372130433019,0.982304624285589,0.2000313881741172,0.20704424584974457,1.0000000000000004,0.0,0.9735254701057566,0.9811588862124205,0.3722646641154819,3.286020956797469,0.999999999999999,0.0
440.0,0.9999358629422938,0.998515014187749,0.3576993528938615,0.09333322047181175,1.0000000000000002,0.0,0.9406770791370139,0.9534849630483113,0.4349465224115964,0.8385573214668318,1.0000000000000004,0.0,0.9382342245148171,0.9876372130433019,0.982304624285589,0.2000313881741172,0.20704424584974457,1.0000000000000004,0.0,0.9735254701057566,0.9811588862124205,0.3722646641154819,3.286020956797469,0.999999999999999,0.0
441.0,0.9999358629422938,0.998515014187749,0.3576993528938615,0.09333322047181175,1.0000000000000002,0.0,0.9406770791370139,0.9534849630483113,0.4349465224115964,0.8385573214668318,1.0000000000000004,0.0,0.9382342245148171,0.9876372130433019,0.982304624285589,0.2000313881741172,0.20704424584974457,1.0000000000000004,0.0,0.9735254701057566,0.9811588862124205,0.3722646641154819,3.286020956797469,0.999999999999999,0.0
442.0,0.9999358629422938,0.998515014187749,0.3576993528938615,0.09333322047181175,1.0000000000000002,0.0,0.9406770791370139,0.9534849630483113,0.4349465224115964,0.8385573214668318,1.0000000000000004,0.0,0.9382342245148171,0.9876372130433019,0.982304624285589,0.2000313881741172,0.20704424584974457,1.0000000000000004,0.0,0.9735254701057566,0.9811588862124205,0.3722646641154819,3.286020956797469,0.999999999999999,0.0
443.0,0.9999358629422938,0.998515014187749,0.3576993528938615,0.09333322047181175,1.0000000000000002,0.0,0.9406770791370139,0.9534849630483113,0.4349465224115964,0.8385573214668318,1.0000000000000004,0.0,0.9382342245148171,0.9876372130433019,0.982304624285589,0.2000313881741172,0.20704424584974457,1.0000000000000004,0.0,0.9735254701057566,0.9811588862124205,0.3722646641154819,3.286020956797469,0.999999999999999,0.0
444.0,0.9935774018439918,0.9974077123483736,0.3576993528938615,0.1855473459449847,1.0000000000000002,0.0,0.9690100482487639,0.9727834488136653,0.4349465224115964,0.4202742241838567,1.0000000000000004,0.0,0.9712808615354588,0.9946570131948015,0.9981390354457471,0.2000313881741172,0.4117569650748814,1.0000000000000004,0.0,0.9874041459328201,0.9864608283953296,0.3722646641154819,1.6469117529785664,0.999999999999999,0.0
445.0,0.9935774018439918,0.9974077123483736,0.3576993528938615,0.1855473459449847,1.0000000000000002,0.0,0.9690100482487639,0.9727834488136653,0.4349465224115964,0.4202742241838567,1.0000000000000004,0.0,0.9712808615354588,0.9946570131948015,0.9981390354457471,0.2000313881741172,0.4117569650748814,1.0000000000000004,0.0,0.9874041459328201,0.9864608283953296,0.3722646641154819,1.6469117529785664,0.999999999999999,0.0
446.0,0.9935774018439918,0.9974077123483736,0.3576993528938615,0.1855473459449847,1.0000000000000002,0.0,0.9690100482487639,0.9727834488136653,0.4349465224115964,0.4202742241838567,1.0000000000000004,0.0,0.9712808615354588,0.9946570131948015,0.9981390354457471,0.2000313881741172,0.4117569650748814,1.0000000000000004,0.0,0.9874041459328201,0.9864608283953296,0.3722646641154819,1.6469117529785664,0.999999999999999,0.0
447.0,0.9935774018439918,0.9974077123483736,0.3576993528938615,0.1855473459449847,1.0000000000000002,0.0,0.9690100482487639,0.9727834488136653,0.4349465224115964,0.4202742241838567,1.0000000000000004,0.0,0.9712808615354588,0.9946570131948015,0.9981390354457471,0.2000313881741172,0.4117569650748814,1.0000000000000004,0.0,0.9874041459328201,0.9864608283953296,0.3722646641154819,1.6469117529785664,0.999999999999999,0.0
448.0,0.9935774018439918,0.9974077123483736,0.3576993528938615,0.1855473459449847,1.0000000000000002,0.0,0.9690100482487639,0.9727834488136653,0.4349465224115964,0.4202742241838567,1.0000000000000004,0.0,0.9712808615354588,0.9946570131948015,0.9981390354457471,0.2000313881741172,0.4117569650748814,1.0000000000000004,0.0,0.9874041459328201,0.9864608283953296,0.3722646641154819,1.6469117529785664,0.999999999999999,0.0
449.0,0.9999878095720259,0.9965976658717537,0.3567089518519973,0.23243118609046123,0.9999999999999993,0.0,0.9864924191304807,0.9785228050544803,0.43115326735733767,0.19718518024486184,1.000000000000001,0.0,0.9910726822920083,0.9984910668800395,0.9939290022162679,0.19841664892806793,0.6354920479593115,1.0000000000000007,0.0,0.9799208311429243,0.9739634397993464,0.3652797399675848,0.7189570741681919,0.9999999999999996,0.0
450.0,0.9999878095720259,0.9965976658717537,0.3567089518519973,0.23243118609046123,0.9999999999999993,0.0,0.9864924191304807,0.9785228050544803,0.43115326735733767,0.19718518024486184,1.000000000000001,0.0,0.9910726822920083,0.9984910668800395,0.9939290022162679,0.19841664892806793,0.6354920479593115,1.0000000000000007,0.0,0.9799208311429243,0.9739634397993464,0.3652797399675848,0.7189570741681919,0.9999999999999996,0.0
451.0,0.9999878095720259,0.9965976658717537,0.3567089518519973,0.23243118609046123,0.9999999999999993,0.0,0.9864924191304807,0.9785228050544803,0.43115326735733767,0.19718518024486184,1.000000000000001,0.0,0.9910726822920083,0.9984910668800395,0.9939290022162679,0.19841664892806793,0.6354920479593115,1.0000000000000007,0.0,0.9799208311429243,0.9739634397993464,0.3652797399675848,0.7189570741681919,0.9999999999999996,0.0
452.0,0.9999878095720259,0.9965976658717537,0.3567089518519973,0.23243118609046123,0.9999999999999993,0.0,0.9864924191304807,0.9785228050544803,0.43115326735733767,0.19718518024486184,1.000000000000001,0.0,0.9910726822920083,0.9984910668800395,0.9939290022162679,0.19841664892806793,0.6354920479593115,1.0000000000000007,0.0,0.9799208311429243,0.9739634397993464,0.3652797399675848,0.7189570741681919,0.9999999999999996,0.0
453.0,0.9999878095720259,0.9965976658717537,0.3567089518519973,0.23243118609046123,0.9999999999999993,0.0,0.9864924191304807,0.9785228050544803,0.43115326735733767,0.19718518024486184,1.000000000000001,0.0,0.9910726822920083,0.9984910668800395,0.9939290022162679,0.19841664892806793,0.6354920479593115,1.0000000000000007,0.0,0.9799208311429243,0.9739634397993464,0.3652797399675848,0.7189570741681919,0.9999999999999996,0.0
454.0,0.9798112222916877,0.9775622466381103,0.3567089518519973,0.463084274832713,0.9999999999999993,0.0,0.9998126385687227,0.9916575149547951,0.43115326735733767,0.09882675796328842,1.000000000000001,0.0,0.9832151915950432,0.9841352259871938,0.999639990453532,0.19841664892806793,1.199685836414938,1.0000000000000007,0.0,0.9993467119771205,0.9953485772285505,0.3652797399675848,0.3603321070991139,0.9999999999999996,0.0
455.0,0.9796098672171755,0.9773606638390383,0.35644643628088685,0.453121291180608,0.9786591484360669,0.0,0.9993287794767002,0.9911736558627726,0.4306112134053949,0.0977204719081183,0.9795859194742649,0.0,0.9827313325030205,0.9839194301330045,0.9994241026370839,0.19800843518302833,1.1782469493740908,0.9786591484360683,0.0,0.9984476905817765,0.9944495558332064,0.3643689799233862,0.35355082859648607,0.9795859194742633,0.0
456.0,0.9796098672171755,0.9773606638390383,0.35644643628088685,0.453121291180608,0.9786591484360669,0.0,0.9993287794767002,0.9911736558627726,0.4306112134053949,0.0977204719081183,0.9795859194742649,0.0,0.9827313325030205,0.9839194301330045,0.9994241026370839,0.19800843518302833,1.1782469493740908,0.9786591484360683,0.0,0.9984476905817765,0.9944495558332064,0.3643689799233862,0.35355082859648607,0.9795859194742633,0.0
457.0,0.9796098672171755,0.9773606638390383,0.35644643628088685,0.453121291180608,0.9786591484360669,0.0,0.9993287794767002,0.9911736558627726,0.4306112134053949,0.0977204719081183,0.9795859194742649,0.0,0.9827313325030205,0.9839194301330045,0.9994241026370839,0.19800843518302833,1.1782469493740908,0.9786591484360683,0.0,0.9984476905817765,0.9944495558332064,0.3643689799233862,0.35355082859648607,0.9795859194742633,0.0
458.0,0.9796098672171755,0.9773606638390383,0.35644643628088685,0.453121291180608,0.9786591484360669,0.0,0.9993287794767002,0.9911736558627726,0.4306112134053949,0.0977204719081183,0.9795859194742649,0.0,0.9827313325030205,0.9839194301330045,0.9994241026370839,0.19800843518302833,1.1782469493740908,0.9786591484360683,0.0,0.9984476905817765,0.9944495558332064,0.3643689799233862,0.35355082859648607,0.9795859194742633,0.0
459.0,0.9811379920445104,0.9737993417335902,0.3378272254161226,0.8769104506425784,1.0000000000000002,0.0,0.9832617294192474,0.9950944067305838,0.40773630013987466,0.047506654141313116,1.0000000000000002,0.0,0.9831051531272146,0.9924370451164541,0.9714640835941809,0.1691002758579111,2.147382236528096,0.9999999999999997,0.0,0.9997253845691291,0.9965511205069884,0.34687719431533187,0.17524928405995271,1.0000000000000004,0.0
460.0,0.9811379920445104,0.9737993417335902,0.3378272254161226,0.8769104506425784,1.0000000000000002,0.0,0.9832617294192474,0.9950944067305838,0.40773630013987466,0.047506654141313116,1.0000000000000002,0.0,0.9831051531272146,0.9924370451164541,0.9714640835941809,0.1691002758579111,2.147382236528096,0.9999999999999997,0.0,0.9997253845691291,0.9965511205069884,0.34687719431533187,0.17524928405995271,1.0000000000000004,0.0
461.0,0.9811379920445104,0.9737993417335902,0.3378272254161226,0.8769104506425784,1.0000000000000002,0.0,0.9832617294192474,0.9950944067305838,0.40773630013987466,0.047506654141313116,1.0000000000000002,0.0,0.9831051531272146,0.9924370451164541,0.9714640835941809,0.1691002758579111,2.147382236528096,0.9999999999999997,0.0,0.9997253845691291,0.9965511205069884,0.34687719431533187,0.17524928405995271,1.0000000000000004,0.0
462.0,0.9811379920445104,0.9737993417335902,0.3378272254161226,0.8769104506425784,1.0000000000000002,0.0,0.9832617294192474,0.9950944067305838,0.40773630013987466,0.047506654141313116,1.0000000000000002,0.0,0.9831051531272146,0.9924370451164541,0.9714640835941809,0.1691002758579111,2.147382236528096,0.9999999999999997,0.0,0.9997253845691291,0.9965511205069884,0.34687719431533187,0.17524928405995271,1.0000000000000004,0.0
463.0,0.9811379920445104,0.9737993417335902,0.3378272254161226,0.8769104506425784,1.0000000000000002,0.0,0.9832617294192474,0.9950944067305838,0.40773630013987466,0.047506654141313116,1.0000000000000002,0.0,0.9831051531272146,0.9924370451164541,0.9714640835941809,0.1691002758579111,2.147382236528096,0.9999999999999997,0.0,0.9997253845691291,0.9965511205069884,0.34687719431533187,0.17524928405995271,1.0000000000000004,0.0
464.0,0.9997544933361063,0.9929185446844823,0.3378272254161226,1.6900441917366371,1.0000000000000002,0.0,0.9794537761254714,0.9982528718684078,0.40773630013987466,0.03369700068182359,1.0000000000000002,0.0,0.9791414490695818,0.9998358870559667,0.9923170930676646,0.1691002758579111,1.0762787686392856,0.9999999999999997,0.0,0.988218779579952,0.9948926804057785,0.34687719431533187,0.08783270387316773,1.0000000000000004,0.0
465.0,0.9997544933361063,0.9929185446844823,0.3378272254161226,1.6900441917366371,1.0000000000000002,0.0,0.9794537761254714,0.9982528718684078,0.40773630013987466,0.03369700068182359,1.0000000000000002,0.0,0.9791414490695818,0.9998358870559667,0.9923170930676646,0.1691002758579111,1.0762787686392856,0.9999999999999997,0.0,0.988218779579952,0.9948926804057785,0.34687719431533187,0.08783270387316773,1.0000000000000004,0.0
466.0,0.9842492140949305,0.9774132654433066,0.16227603250509293,1.6359882900154974,0.9971247647636419,0.0,0.9743705999680887,0.993153180073563,0.4043240741492171,0.033560348280432105,0.996861977112219,0.0,0.974058272912199,0.9843795440937144,0.9768607501054123,0.15921264021084794,0.971254300576672,0.9971247647636411,0.0,0.983074314446562,0.9897482152723888,0.34464021037480735,0.08755723255789136,0.9968619771122194,0.0
467.0,0.9842492140949305,0.9774132654433066,0.16227603250509293,1.6359882900154974,0.9971247647636419,0.0,0.9743705999680887,0.993153180073563,0.4043240741492171,0.033560348280432105,0.996861977112219,0.0,0.974058272912199,0.9843795440937144,0.9768607501054123,0.15921264021084794,0.971254300576672,0.9971247647636411,0.0,0.983074314446562,0.9897482152723888,0.34464021037480735,0.08755723255789136,0.9968619771122194,0.0
468.0,0.9842492140949305,0.9774132654433066,0.16227603250509293,1.6359882900154974,0.9971247647636419,0.0,0.9743705999680887,0.993153180073563,0.4043240741492171,0.033560348280432105,0.996861977112219,0.0,0.974058272912199,0.9843795440937144,0.9768607501054123,0.15921264021084794,0.971254300576672,0.9971247647636411,0.0,0.983074314446562,0.9897482152723888,0.34464021037480735,0.08755723255789136,0.9968619771122194,0.0
469.0,0.9998813543837537,0.9843122933620719,0.16227603250509293,3.199273620525276,1.0000000000000007,0.0,0.9898001427676366,0.9694075026847612,0.4043240741492171,0.026689546463344833,0.999999999999999,0.0,0.9891769688868209,0.9819362924183493,0.9644111137992423,0.15921264021084794,0.48679348087473123,1.0000000000000002,0.0,0.9343543113705246,0.9145235330475432,0.34464021037480735,0.04388260689739238,0.9999999999999996,0.0
470.0,0.9898074649585518,0.9742383476428252,0.16204967017403454,3.125054114636631,0.9804626085063765,0.0,0.986395222999204,0.9660025829163286,0.403834091693938,0.02629975452219006,0.980325512134989,0.0,0.9857720491183882,0.9739187610222091,0.9563935763568822,0.15884856031057865,0.47362041826559687,0.9804626085063759,0.0,0.9305622111800831,0.9107314328571019,0.34379502495164577,0.04310595922844,0.9803255121349894,0.0
471.0,0.9898074649585518,0.9742383476428252,0.16204967017403454,3.125054114636631,0.9804626085063765,0.0,0.986395222999204,0.9660025829163286,0.403834091693938,0.02629975452219006,0.980325512134989,0.0,0.9857720491183882,0.9739187610222091,0.9563935763568822,0.15884856031057865,0.47362041826559687,0.9804626085063759,0.0,0.9305622111800831,0.9107314328571019,0.34379502495164577,0.04310595922844,0.9803255121349894,0.0
472.0,0.9898074649585518,0.9742383476428252,0.16204967017403454,3.125054114636631,0.9804626085063765,0.0,0.986395222999204,0.9660025829163286,0.403834091693938,0.02629975452219006,0.980325512134989,0.0,0.9857720491183882,0.9739187610222091,0.9563935763568822,0.15884856031057865,0.47362041826559687,0.9804626085063759,0.0,0.9305622111800831,0.9107314328571019,0.34379502495164577,0.04310595922844,0.9803255121349894,0.0
473.0,0.9854161720278481,0.9698470547121216,0.16107218081927172,3.0859257196127605,0.9562881022831821,0.0,0.984459959209259,0.9640673191263835,0.40252728947058236,0.025827596924852887,0.9577886942145415,0.0,0.9838367853284433,0.969553704657067,0.95202851999174,0.15725404001115553,0.4681655490048509,0.9562881022831815,0.0,0.9281833909572126,0.9083526126342315,0.3423619775445238,0.042212506328535515,0.9577886942145419,0.0
474.0,0.9984945698927109,0.9412811283435865,0.1169353703378514,1.5245217291137065,0.9999999999999992,0.0,0.999229262371278,0.5508704573377139,0.15286119929064662,0.04263354716793911,0.9999999999999996,0.0,0.9990024582072959,0.9938290125024408,0.8788552798905375,0.06918952535465409,0.22356039300230143,1.0000000000000004,0.0,0.9847254189092722,0.5669128982223581,0.14385041518120706,0.03859267519603433,0.9999999999999996,0.0
475.0,0.9984945698927109,0.9412811283435865,0.1169353703378514,1.5245217291137065,0.9999999999999992,0.0,0.999229262371278,0.5508704573377139,0.15286119929064662,0.04263354716793911,0.9999999999999996,0.0,0.9990024582072959,0.9938290125024408,0.8788552798905375,0.06918952535465409,0.22356039300230143,1.0000000000000004,0.0,0.9847254189092722,0.5669128982223581,0.14385041518120706,0.03859267519603433,0.9999999999999996,0.0
476.0,0.9984945698927109,0.9412811283435865,0.1169353703378514,1.5245217291137065,0.9999999999999992,0.0,0.999229262371278,0.5508704573377139,0.15286119929064662,0.04263354716793911,0.9999999999999996,0.0,0.9990024582072959,0.9938290125024408,0.8788552798905375,0.06918952535465409,0.22356039300230143,1.0000000000000004,0.0,0.9847254189092722,0.5669128982223581,0.14385041518120706,0.03859267519603433,0.9999999999999996,0.0
477.0,0.9984945698927109,0.9412811283435865,0.1169353703378514,1.5245217291137065,0.9999999999999992,0.0,0.999229262371278,0.5508704573377139,0.15286119929064662,0.04263354716793911,0.9999999999999996,0.0,0.9990024582072959,0.9938290125024408,0.8788552798905375,0.06918952535465409,0.22356039300230143,1.0000000000000004,0.0,0.9847254189092722,0.5669128982223581,0.14385041518120706,0.03859267519603433,0.9999999999999996,0.0
478.0,0.9984945698927109,0.9412811283435865,0.1169353703378514,1.5245217291137065,0.9999999999999992,0.0,0.999229262371278,0.5508704573377139,0.15286119929064662,0.04263354716793911,0.9999999999999996,0.0,0.9990024582072959,0.9938290125024408,0.8788552798905375,0.06918952535465409,0.22356039300230143,1.0000000000000004,0.0,0.9847254189092722,0.5669128982223581,0.14385041518120706,0.03859267519603433,0.9999999999999996,0.0
479.0,0.999555125486194,0.9999210608088066,0.1169353703378514,0.764074649634183,0.9999999999999992,0.0,0.9986107101305086,0.9609063925605245,0.15286119929064662,0.08506511001763706,0.9999999999999996,0.0,0.9986105747783696,0.9788669237185472,0.9932632584271391,0.06918952535465409,0.11208020446682175,1.0000000000000004,0.0,0.9946715503883929,0.9712699341171918,0.14385041518120706,0.07700251045248148,0.9999999999999996,0.0
480.0,0.999555125486194,0.9999210608088066,0.1169353703378514,0.764074649634183,0.9999999999999992,0.0,0.9986107101305086,0.9609063925605245,0.15286119929064662,0.08506511001763706,0.9999999999999996,0.0,0.9986105747783696,0.9788669237185472,0.9932632584271391,0.06918952535465409,0.11208020446682175,1.0000000000000004,0.0,0.9946715503883929,0.9712699341171918,0.14385041518120706,0.07700251045248148,0.9999999999999996,0.0
481.0,0.999555125486194,0.9999210608088066,0.1169353703378514,0.764074649634183,0.9999999999999992,0.0,0.9986107101305086,0.9609063925605245,0.15286119929064662,0.08506511001763706,0.9999999999999996,0.0,0.9986105747783696,0.9788669237185472,0.9932632584271391,0.06918952535465409,0.11208020446682175,1.0000000000000004,0.0,0.9946715503883929,0.9712699341171918,0.14385041518120706,0.07700251045248148,0.9999999999999996,0.0
482.0,0.999555125486194,0.9999210608088066,0.1169353703378514,0.764074649634183,0.9999999999999992,0.0,0.9986107101305086,0.9609063925605245,0.15286119929064662,0.08506511001763706,0.9999999999999996,0.0,0.9986105747783696,0.9788669237185472,0.9932632584271391,0.06918952535465409,0.11208020446682175,1.0000000000000004,0.0,0.9946715503883929,0.9712699341171918,0.14385041518120706,0.07700251045248148,0.9999999999999996,0.0
483.0,0.999555125486194,0.9999210608088066,0.1169353703378514,0.764074649634183,0.9999999999999992,0.0,0.9986107101305086,0.9609063925605245,0.15286119929064662,0.08506511001763706,0.9999999999999996,0.0,0.9986105747783696,0.9788669237185472,0.9932632584271391,0.06918952535465409,0.11208020446682175,1.0000000000000004,0.0,0.9946715503883929,0.9712699341171918,0.14385041518120706,0.07700251045248148,0.9999999999999996,0.0
484.0,0.9985492700711972,0.9985962470617428,0.1169353703378514,0.3829472629021482,0.9999999999999992,0.0,0.9968171523212971,0.9979397063238914,0.15286119929064662,0.16972720833687321,0.9999999999999996,0.0,0.996817084484533,0.9857304371891377,0.9819482251915134,0.06918952535465409,0.05633216188115595,1.0000000000000004,0.0,0.9454961726037905,0.9873114054745126,0.14385041518120706,0.1536402072638335,0.9999999999999996,0.0
485.0,0.9985492700711972,0.9985962470617428,0.1169353703378514,0.3829472629021482,0.9999999999999992,0.0,0.9968171523212971,0.9979397063238914,0.15286119929064662,0.16972720833687321,0.9999999999999996,0.0,0.996817084484533,0.9857304371891377,0.9819482251915134,0.06918952535465409,0.05633216188115595,1.0000000000000004,0.0,0.9454961726037905,0.9873114054745126,0.14385041518120706,0.1536402072638335,0.9999999999999996,0.0
486.0,0.9985492700711972,0.9985962470617428,0.1169353703378514,0.3829472629021482,0.9999999999999992,0.0,0.9968171523212971,0.9979397063238914,0.15286119929064662,0.16972720833687321,0.9999999999999996,0.0,0.996817084484533,0.9857304371891377,0.9819482251915134,0.06918952535465409,0.05633216188115595,1.0000000000000004,0.0,0.9454961726037905,0.9873114054745126,0.14385041518120706,0.1536402072638335,0.9999999999999996,0.0
487.0,0.9985492700711972,0.9985962470617428,0.1169353703378514,0.3829472629021482,0.9999999999999992,0.0,0.9968171523212971,0.9979397063238914,0.15286119929064662,0.16972720833687321,0.9999999999999996,0.0,0.996817084484533,0.9857304371891377,0.9819482251915134,0.06918952535465409,0.05633216188115595,1.0000000000000004,0.0,0.9454961726037905,0.9873114054745126,0.14385041518120706,0.1536402072638335,0.9999999999999996,0.0
488.0,0.9985492700711972,0.9985962470617428,0.1169353703378514,0.3829472629021482,0.9999999999999992,0.0,0.9968171523212971,0.9979397063238914,0.15286119929064662,0.16972720833687321,0.9999999999999996,0.0,0.996817084484533,0.9857304371891377,0.9819482251915134,0.06918952535465409,0.05633216188115595,1.0000000000000004,0.0,0.9454961726037905,0.9873114054745126,0.14385041518120706,0.1536402072638335,0.9999999999999996,0.0
489.0,0.9984473247171548,0.9796126083489846,0.11676504323046044,0.18125828639761576,1.0000000000000007,0.0,0.968814077898004,0.9588120759548315,0.15082103662514795,0.30705694069319867,1.0,0.0,0.9688140438990839,0.998302599192898,0.9695978081592692,0.06889546599562146,0.10576734693933405,0.9999999999999999,0.0,0.9443484970749072,0.9424298382035452,0.1398464415114572,0.2749718354983464,1.0000000000000002,0.0
490.0,0.8879252090977194,0.8690904927295492,0.1158913119506784,0.16566334324654067,0.8338974992725754,0.0,0.9059753029747025,0.8959733010315301,0.14731482518267466,0.26268251355354033,0.8363240750196442,0.0,0.9059752689757824,0.8842130073157902,0.8555082162821613,0.06750170044161648,0.09612422474346609,0.8338974992725748,0.0,0.9134447892881568,0.9115261304167948,0.13355164638536862,0.23094163959167646,0.8363240750196448,0.0
491.0,0.8879252090977194,0.8690904927295492,0.1158913119506784,0.16566334324654067,0.8338974992725754,0.0,0.9059753029747025,0.8959733010315301,0.14731482518267466,0.26268251355354033,0.8363240750196442,0.0,0.9059752689757824,0.8842130073157902,0.8555082162821613,0.06750170044161648,0.09612422474346609,0.8338974992725748,0.0,0.9134447892881568,0.9115261304167948,0.13355164638536862,0.23094163959167646,0.8363240750196448,0.0
492.0,0.8875660305756935,0.868731239122008,0.11584371654563276,0.16305928250461882,0.8136684229448102,0.0,0.9055688425074354,0.895566840564263,0.14698265035807298,0.2577076672409973,0.8178537152464045,0.0,0.9055688085085153,0.883853842043715,0.855149032060202,0.06742148287744722,0.09493624831711268,0.8136684229448097,0.0,0.9127829674815795,0.9108643086102175,0.13291513051442244,0.22597988299062027,0.8178537152464048,0.0
493.0,0.8875660305756935,0.868731239122008,0.11584371654563276,0.16305928250461882,0.8136684229448102,0.0,0.9055688425074354,0.895566840564263,0.14698265035807298,0.2577076672409973,0.8178537152464045,0.0,0.9055688085085153,0.883853842043715,0.855149032060202,0.06742148287744722,0.09493624831711268,0.8136684229448097,0.0,0.9127829674815795,0.9108643086102175,0.13291513051442244,0.22597988299062027,0.8178537152464048,0.0
494.0,0.9809590565480116,0.8888860633254898,0.11584371654563276,0.08173191846523671,0.9999999999999984,0.0,0.9956725793847304,0.9096625264649634,0.14698265035807298,0.5141943967245018,1.0000000000000002,0.0,0.9956725623449058,0.9905780727611869,0.8703669570721905,0.06742148287744722,0.1893768755624908,0.9999999999999998,0.0,0.9313259753840638,0.9179081347425609,0.13291513051442244,0.45088914447226136,1.0000000000000007,0.0
495.0,0.9809590565480116,0.8888860633254898,0.11584371654563276,0.08173191846523671,0.9999999999999984,0.0,0.9956725793847304,0.9096625264649634,0.14698265035807298,0.5141943967245018,1.0000000000000002,0.0,0.9956725623449058,0.9905780727611869,0.8703669570721905,0.06742148287744722,0.1893768755624908,0.9999999999999998,0.0,0.9313259753840638,0.9179081347425609,0.13291513051442244,0.45088914447226136,1.0000000000000007,0.0
496.0,0.9809590565480116,0.8888860633254898,0.11584371654563276,0.08173191846523671,0.9999999999999984,0.0,0.9956725793847304,0.9096625264649634,0.14698265035807298,0.5141943967245018,1.0000000000000002,0.0,0.9956725623449058,0.9905780727611869,0.8703669570721905,0.06742148287744722,0.1893768755624908,0.9999999999999998,0.0,0.9313259753840638,0.9179081347425609,0.13291513051442244,0.45088914447226136,1.0000000000000007,0.0
497.0,0.9809590565480116,0.8888860633254898,0.11584371654563276,0.08173191846523671,0.9999999999999984,0.0,0.9956725793847304,0.9096625264649634,0.14698265035807298,0.5141943967245018,1.0000000000000002,0.0,0.9956725623449058,0.9905780727611869,0.8703669570721905,0.06742148287744722,0.1893768755624908,0.9999999999999998,0.0,0.9313259753840638,0.9179081347425609,0.13291513051442244,0.45088914447226136,1.0000000000000007,0.0
498.0,0.9809590565480116,0.8888860633254898,0.11584371654563276,0.08173191846523671,0.9999999999999984,0.0,0.9956725793847304,0.9096625264649634,0.14698265035807298,0.5141943967245018,1.0000000000000002,0.0,0.9956725623449058,0.9905780727611869,0.8703669570721905,0.06742148287744722,0.1893768755624908,0.9999999999999998,0.0,0.9313259753840638,0.9179081347425609,0.13291513051442244,0.45088914447226136,1.0000000000000007,0.0
499.0,0.976642846730455,0.980628531411778,0.11584371654563276,0.04097786830478786,0.9999999999999984,0.0,0.9895818046489885,0.9999742674311607,0.14698265035807298,1.0259432497097258,1.0000000000000002,0.0,0.9895817961088458,0.9677929570049486,0.9960857337185999,0.06742148287744722,0.377810700107217,0.9999999999999998,0.0,0.9604756498287983,0.9367790262223574,0.13291513051442244,0.8996421181940613,1.0000000000000007,0.0
500.0,0.976642846730455,0.980628531411778,0.11584371654563276,0.04097786830478786,0.9999999999999984,0.0,0.9895818046489885,0.9999742674311607,0.14698265035807298,1.0259432497097258,1.0000000000000002,0.0,0.9895817961088458,0.9677929570049486,0.9960857337185999,0.06742148287744722,0.377810700107217,0.9999999999999998,0.0,0.9604756498287983,0.9367790262223574,0.13291513051442244,0.8996421181940613,1.0000000000000007,0.0
501.0,0.976642846730455,0.980628531411778,0.11584371654563276,0.04097786830478786,0.9999999999999984,0.0,0.9895818046489885,0.9999742674311607,0.14698265035807298,1.0259432497097258,1.0000000000000002,0.0,0.9895817961088458,0.9677929570049486,0.9960857337185999,0.06742148287744722,0.377810700107217,0.9999999999999998,0.0,0.9604756498287983,0.9367790262223574,0.13291513051442244,0.8996421181940613,1.0000000000000007,0.0
502.0,0.976642846730455,0.980628531411778,0.11584371654563276,0.04097786830478786,0.9999999999999984,0.0,0.9895818046489885,0.9999742674311607,0.14698265035807298,1.0259432497097258,1.0000000000000002,0.0,0.9895817961088458,0.9677929570049486,0.9960857337185999,0.06742148287744722,0.377810700107217,0.9999999999999998,0.0,0.9604756498287983,0.9367790262223574,0.13291513051442244,0.8996421181940613,1.0000000000000007,0.0
503.0,0.976642846730455,0.980628531411778,0.11584371654563276,0.04097786830478786,0.9999999999999984,0.0,0.9895818046489885,0.9999742674311607,0.14698265035807298,1.0259432497097258,1.0000000000000002,0.0,0.9895817961088458,0.9677929570049486,0.9960857337185999,0.06742148287744722,0.377810700107217,0.9999999999999998,0.0,0.9604756498287983,0.9367790262223574,0.13291513051442244,0.8996421181940613,1.0000000000000007,0.0
504.0,0.9574956152570796,0.9935537763152249,0.11584371654563276,0.020558674572802124,0.9999999999999984,0.0,0.9836130230059444,0.9993783323493222,0.14698265035807298,2.046362658210833,1.0000000000000002,0.0,0.9836130230059444,0.9595069898253016,0.9873025685834607,0.06742148287744722,0.7525112238254821,0.9999999999999998,0.0,0.9753075795097175,0.9724598079486589,0.13291513051442244,1.7950220153913883,1.0000000000000007,0.0
505.0,0.9574956152570796,0.9935537763152249,0.11584371654563276,0.020558674572802124,0.9999999999999984,0.0,0.9836130230059444,0.9993783323493222,0.14698265035807298,2.046362658210833,1.0000000000000002,0.0,0.9836130230059444,0.9595069898253016,0.9873025685834607,0.06742148287744722,0.7525112238254821,0.9999999999999998,0.0,0.9753075795097175,0.9724598079486589,0.13291513051442244,1.7950220153913883,1.0000000000000007,0.0
506.0,0.9574956152570796,0.9935537763152249,0.11584371654563276,0.020558674572802124,0.9999999999999984,0.0,0.9836130230059444,0.9993783323493222,0.14698265035807298,2.046362658210833,1.0000000000000002,0.0,0.9836130230059444,0.9595069898253016,0.9873025685834607,0.06742148287744722,0.7525112238254821,0.9999999999999998,0.0,0.9753075795097175,0.9724598079486589,0.13291513051442244,1.7950220153913883,1.0000000000000007,0.0
507.0,0.9574956152570796,0.9935537763152249,0.11584371654563276,0.020558674572802124,0.9999999999999984,0.0,0.9836130230059444,0.9993783323493222,0.14698265035807298,2.046362658210833,1.0000000000000002,0.0,0.9836130230059444,0.9595069898253016,0.9873025685834607,0.06742148287744722,0.7525112238254821,0.9999999999999998,0.0,0.9753075795097175,0.9724598079486589,0.13291513051442244,1.7950220153913883,1.0000000000000007,0.0
508.0,0.9574956152570796,0.9935537763152249,0.11584371654563276,0.020558674572802124,0.9999999999999984,0.0,0.9836130230059444,0.9993783323493222,0.14698265035807298,2.046362658210833,1.0000000000000002,0.0,0.9836130230059444,0.9595069898253016,0.9873025685834607,0.06742148287744722,0.7525112238254821,0.9999999999999998,0.0,0.9753075795097175,0.9724598079486589,0.13291513051442244,1.7950220153913883,1.0000000000000007,0.0
509.0,0.9297322552982146,0.9797361138056873,0.11582124695705834,0.04042099368260198,1.0000000000000004,0.0,0.9582042100707916,0.9940066260005807,0.14654675812812062,0.9986167073882865,0.9999999999999992,0.0,0.9582042100707916,0.9250926245468504,0.985405179347661,0.06737898230294104,1.4822166031824295,1.0000000000000007,0.0,0.9717106718741734,0.9869458864684106,0.13204951681501342,3.4727934783251406,0.9999999999999994,0.0
510.0,0.9297322552982146,0.9797361138056873,0.11582124695705834,0.04042099368260198,1.0000000000000004,0.0,0.9582042100707916,0.9940066260005807,0.14654675812812062,0.9986167073882865,0.9999999999999992,0.0,0.9582042100707916,0.9250926245468504,0.985405179347661,0.06737898230294104,1.4822166031824295,1.0000000000000007,0.0,0.9717106718741734,0.9869458864684106,0.13204951681501342,3.4727934783251406,0.9999999999999994,0.0
511.0,0.8823471432806173,0.9323509950666591,0.11531030043302172,0.03438800893065724,0.8163497963371618,0.0,0.9431158051624918,0.9789182163841099,0.14400887618783698,0.8520980500440466,0.8283442947772082,0.0,0.9431158051624918,0.887182712799755,0.9474952654647036,0.0665351235970435,1.3129568496819406,0.8163497963371621,0.0,0.9569590254060515,0.9721942340730532,0.127303927972531,2.8934675730964603,0.8283442947772084,0.0
512.0,0.8823471432806173,0.9323509950666591,0.11531030043302172,0.03438800893065724,0.8163497963371618,0.0,0.9431158051624918,0.9789182163841099,0.14400887618783698,0.8520980500440466,0.8283442947772082,0.0,0.9431158051624918,0.887182712799755,0.9474952654647036,0.0665351235970435,1.3129568496819406,0.8163497963371621,0.0,0.9569590254060515,0.9721942340730532,0.127303927972531,2.8934675730964603,0.8283442947772084,0.0
513.0,0.8823471432806173,0.9323509950666591,0.11531030043302172,0.03438800893065724,0.8163497963371618,0.0,0.9431158051624918,0.9789182163841099,0.14400887618783698,0.8520980500440466,0.8283442947772082,0.0,0.9431158051624918,0.887182712799755,0.9474952654647036,0.0665351235970435,1.3129568496819406,0.8163497963371621,0.0,0.9569590254060515,0.9721942340730532,0.127303927972531,2.8934675730964603,0.8283442947772084,0.0
514.0,0.7640926406781364,1.3353595059433248,0.04980711562480247,0.05429982503163488,0.9999999999999998,0.0,0.646900025821359,0.7197388997151514,0.06001215711680695,0.44079742655239473,1.0000000000000009,0.0,0.646900025821359,0.8459824410592189,1.4154809546081244,0.05909916892783738,2.4167321519355367,1.0,0.0,0.6113731361967679,0.5672942003561537,0.06188371377927092,1.6633214241120693,0.9999999999999992,0.0
515.0,0.763550590194515,1.3348172843868564,0.04926457552794739,0.05423875394982025,0.9998560327681213,0.0,0.6327019791963051,0.7055424476192544,0.05800749524841497,0.4389597373503388,0.999877241616531,0.0,0.6327019791963051,0.8449009081564387,1.4143992523812852,0.058016910122267,2.4149360008038,0.9998560327681215,0.0,0.5830443088196267,0.5389685544829496,0.060446728940260486,1.6592885632542818,0.9998772416165292,0.0
516.0,0.763550590194515,1.3348172843868564,0.04926457552794739,0.05423875394982025,0.9998560327681213,0.0,0.6327019791963051,0.7055424476192544,0.05800749524841497,0.4389597373503388,0.999877241616531,0.0,0.6327019791963051,0.8449009081564387,1.4143992523812852,0.058016910122267,2.4149360008038,0.9998560327681215,0.0,0.5830443088196267,0.5389685544829496,0.060446728940260486,1.6592885632542818,0.9998772416165292,0.0
517.0,0.763550590194515,1.3348172843868564,0.04926457552794739,0.05423875394982025,0.9998560327681213,0.0,0.6327019791963051,0.7055424476192544,0.05800749524841497,0.4389597373503388,0.999877241616531,0.0,0.6327019791963051,0.8449009081564387,1.4143992523812852,0.058016910122267,2.4149360008038,0.9998560327681215,0.0,0.5830443088196267,0.5389685544829496,0.060446728940260486,1.6592885632542818,0.9998772416165292,0.0
518.0,0.763550590194515,1.3348172843868564,0.04926457552794739,0.05423875394982025,0.9998560327681213,0.0,0.6327019791963051,0.7055424476192544,0.05800749524841497,0.4389597373503388,0.999877241616531,0.0,0.6327019791963051,0.8449009081564387,1.4143992523812852,0.058016910122267,2.4149360008038,0.9998560327681215,0.0,0.5830443088196267,0.5389685544829496,0.060446728940260486,1.6592885632542818,0.9998772416165292,0.0
519.0,0.9999964940951186,0.9993455270097512,0.04926457552794739,0.10791802998788998,1.0000000000000002,0.0,0.9995579786672445,0.9570265678335915,0.05800749524841497,0.22081577989998977,0.9999999999999994,0.0,0.9995579786672445,0.9853490318641118,0.9983166531204862,0.058016910122267,1.2104801403054726,1.0000000000000004,0.0,0.9179447970568603,0.971296056386916,0.060446728940260486,0.8326598961172214,0.9999999999999998,0.0
520.0,0.9999964940951186,0.9993455270097512,0.04926457552794739,0.10791802998788998,1.0000000000000002,0.0,0.9995579786672445,0.9570265678335915,0.05800749524841497,0.22081577989998977,0.9999999999999994,0.0,0.9995579786672445,0.9853490318641118,0.9983166531204862,0.058016910122267,1.2104801403054726,1.0000000000000004,0.0,0.9179447970568603,0.971296056386916,0.060446728940260486,0.8326598961172214,0.9999999999999998,0.0
521.0,0.9999964940951186,0.9993455270097512,0.04926457552794739,0.10791802998788998,1.0000000000000002,0.0,0.9995579786672445,0.9570265678335915,0.05800749524841497,0.22081577989998977,0.9999999999999994,0.0,0.9995579786672445,0.9853490318641118,0.9983166531204862,0.058016910122267,1.2104801403054726,1.0000000000000004,0.0,0.9179447970568603,0.971296056386916,0.060446728940260486,0.8326598961172214,0.9999999999999998,0.0
522.0,0.9999964940951186,0.9993455270097512,0.04926457552794739,0.10791802998788998,1.0000000000000002,0.0,0.9995579786672445,0.9570265678335915,0.05800749524841497,0.22081577989998977,0.9999999999999994,0.0,0.9995579786672445,0.9853490318641118,0.9983166531204862,0.058016910122267,1.2104801403054726,1.0000000000000004,0.0,0.9179447970568603,0.971296056386916,0.060446728940260486,0.8326598961172214,0.9999999999999998,0.0
523.0,0.9275094070032533,0.9821193889703507,0.04916779850483095,0.09829076521267047,0.8364141305131034,0.0,0.9780211481075977,0.9451053877317445,0.05573453993128724,0.18498701332237102,0.8269480712133386,0.0,0.9780211481075977,0.9318905426130187,0.9825506408075102,0.057834992741223806,1.13513547947753,0.836414130513104,0.0,0.8878318990231479,0.9606913027254157,0.05592910333651373,0.6900494008265737,0.8269480712133387,0.0
524.0,0.9990340327421556,0.9459349129990572,0.04916779850483095,0.1959399358998427,1.000000000000001,0.0,0.9755832642508107,0.9792431778080259,0.05573453993128724,0.09358735778007331,0.9999999999999994,0.0,0.9755832642508107,0.9982993689217504,0.9424938082847544,0.057834992741223806,0.5689951615360881,1.0000000000000004,0.0,0.958083240308451,0.9546924601378106,0.05592910333651373,0.3465493587677152,0.9999999999999998,0.0
525.0,0.9990340327421556,0.9459349129990572,0.04916779850483095,0.1959399358998427,1.000000000000001,0.0,0.9755832642508107,0.9792431778080259,0.05573453993128724,0.09358735778007331,0.9999999999999994,0.0,0.9755832642508107,0.9982993689217504,0.9424938082847544,0.057834992741223806,0.5689951615360881,1.0000000000000004,0.0,0.958083240308451,0.9546924601378106,0.05592910333651373,0.3465493587677152,0.9999999999999998,0.0
526.0,0.9990340327421556,0.9459349129990572,0.04916779850483095,0.1959399358998427,1.000000000000001,0.0,0.9755832642508107,0.9792431778080259,0.05573453993128724,0.09358735778007331,0.9999999999999994,0.0,0.9755832642508107,0.9982993689217504,0.9424938082847544,0.057834992741223806,0.5689951615360881,1.0000000000000004,0.0,0.958083240308451,0.9546924601378106,0.05592910333651373,0.3465493587677152,0.9999999999999998,0.0
527.0,0.9990340327421556,0.9459349129990572,0.04916779850483095,0.1959399358998427,1.000000000000001,0.0,0.9755832642508107,0.9792431778080259,0.05573453993128724,0.09358735778007331,0.9999999999999994,0.0,0.9755832642508107,0.9982993689217504,0.9424938082847544,0.057834992741223806,0.5689951615360881,1.0000000000000004,0.0,0.958083240308451,0.9546924601378106,0.05592910333651373,0.3465493587677152,0.9999999999999998,0.0
528.0,0.9990340327421556,0.9459349129990572,0.04916779850483095,0.1959399358998427,1.000000000000001,0.0,0.9755832642508107,0.9792431778080259,0.05573453993128724,0.09358735778007331,0.9999999999999994,0.0,0.9755832642508107,0.9982993689217504,0.9424938082847544,0.057834992741223806,0.5689951615360881,1.0000000000000004,0.0,0.958083240308451,0.9546924601378106,0.05592910333651373,0.3465493587677152,0.9999999999999998,0.0
529.0,0.9335551787395192,0.9516308392727842,0.04916779850483095,0.39083909051968224,1.000000000000001,0.0,0.9844558029035216,0.9921238377660304,0.05573453993128724,0.1851203972897448,0.9999999999999994,0.0,0.9816941424683406,0.9586301889622941,0.9691456360705416,0.057834992741223806,0.2852679025694097,1.0000000000000004,0.0,0.9771506978367074,0.9999715973067302,0.05592910333651373,0.1744160678889907,0.9999999999999998,0.0
530.0,0.9335551787395192,0.9516308392727842,0.04916779850483095,0.39083909051968224,1.000000000000001,0.0,0.9844558029035216,0.9921238377660304,0.05573453993128724,0.1851203972897448,0.9999999999999994,0.0,0.9816941424683406,0.9586301889622941,0.9691456360705416,0.057834992741223806,0.2852679025694097,1.0000000000000004,0.0,0.9771506978367074,0.9999715973067302,0.05592910333651373,0.1744160678889907,0.9999999999999998,0.0
531.0,0.9335551787395192,0.9516308392727842,0.04916779850483095,0.39083909051968224,1.000000000000001,0.0,0.9844558029035216,0.9921238377660304,0.05573453993128724,0.1851203972897448,0.9999999999999994,0.0,0.9816941424683406,0.9586301889622941,0.9691456360705416,0.057834992741223806,0.2852679025694097,1.0000000000000004,0.0,0.9771506978367074,0.9999715973067302,0.05592910333651373,0.1744160678889907,0.9999999999999998,0.0
532.0,0.9335551787395192,0.9516308392727842,0.04916779850483095,0.39083909051968224,1.000000000000001,0.0,0.9844558029035216,0.9921238377660304,0.05573453993128724,0.1851203972897448,0.9999999999999994,0.0,0.9816941424683406,0.9586301889622941,0.9691456360705416,0.057834992741223806,0.2852679025694097,1.0000000000000004,0.0,0.9771506978367074,0.9999715973067302,0.05592910333651373,0.1744160678889907,0.9999999999999998,0.0
533.0,0.9335551787395192,0.9516308392727842,0.04916779850483095,0.39083909051968224,1.000000000000001,0.0,0.9844558029035216,0.9921238377660304,0.05573453993128724,0.1851203972897448,0.9999999999999994,0.0,0.9816941424683406,0.9586301889622941,0.9691456360705416,0.057834992741223806,0.2852679025694097,1.0000000000000004,0.0,0.9771506978367074,0.9999715973067302,0.05592910333651373,0.1744160678889907,0.9999999999999998,0.0
534.0,0.9425545564282437,0.9619113842717816,0.04916779850483095,0.7796158194862461,1.000000000000001,0.0,0.9956601264115842,0.991078826680142,0.05573453993128724,0.3677724985349414,0.9999999999999994,0.0,0.9956601264115842,0.9501496296862915,0.9966575586140547,0.057834992741223806,0.14312347181582735,1.0000000000000004,0.0,0.997111642641166,0.9988796528286471,0.05592910333651373,0.08816783294658921,0.9999999999999998,0.0
535.0,0.9328381220843329,0.9527175852918023,0.049124943239979096,0.7551560349028594,0.9433612803497358,0.0,0.9843618585878854,0.9834144292802645,0.05519063470527789,0.3509324226147096,0.9507165407282667,0.0,0.9843618585878854,0.9404133512379755,0.9877847461869786,0.05775881197928587,0.1400786016556578,0.9433612803497353,0.0,0.9863494584000626,0.9904596017619428,0.054860219878270375,0.08393964322114761,0.9507165407282671,0.0
536.0,0.9328381220843329,0.9527175852918023,0.049124943239979096,0.7551560349028594,0.9433612803497358,0.0,0.9843618585878854,0.9834144292802645,0.05519063470527789,0.3509324226147096,0.9507165407282667,0.0,0.9843618585878854,0.9404133512379755,0.9877847461869786,0.05775881197928587,0.1400786016556578,0.9433612803497353,0.0,0.9863494584000626,0.9904596017619428,0.054860219878270375,0.08393964322114761,0.9507165407282671,0.0
537.0,0.9328381220843329,0.9527175852918023,0.049124943239979096,0.7551560349028594,0.9433612803497358,0.0,0.9843618585878854,0.9834144292802645,0.05519063470527789,0.3509324226147096,0.9507165407282667,0.0,0.9843618585878854,0.9404133512379755,0.9877847461869786,0.05775881197928587,0.1400786016556578,0.9433612803497353,0.0,0.9863494584000626,0.9904596017619428,0.054860219878270375,0.08393964322114761,0.9507165407282671,0.0
538.0,0.9328381220843329,0.9527175852918023,0.049124943239979096,0.7551560349028594,0.9433612803497358,0.0,0.9843618585878854,0.9834144292802645,0.05519063470527789,0.3509324226147096,0.9507165407282667,0.0,0.9843618585878854,0.9404133512379755,0.9877847461869786,0.05775881197928587,0.1400786016556578,0.9433612803497353,0.0,0.9863494584000626,0.9904596017619428,0.054860219878270375,0.08393964322114761,0.9507165407282671,0.0
539.0,0.9440995001310974,0.952173788192329,0.049124943239979096,1.5064410696092887,0.9999999999999999,0.0,0.9901814153902557,0.9907556123502883,0.05519063470527789,0.6987333250667426,1.0,0.0,0.9901814153902557,0.9668568936003068,0.9190029959858238,0.05775881197928587,0.07105043901361338,0.9999999999999992,0.0,0.9870741497740058,0.9675392677475902,0.054860219878270375,0.04285738549254774,1.0000000000000004,0.0
540.0,0.9440995001310974,0.952173788192329,0.049124943239979096,1.5064410696092887,0.9999999999999999,0.0,0.9901814153902557,0.9907556123502883,0.05519063470527789,0.6987333250667426,1.0,0.0,0.9901814153902557,0.9668568936003068,0.9190029959858238,0.05775881197928587,0.07105043901361338,0.9999999999999992,0.0,0.9870741497740058,0.9675392677475902,0.054860219878270375,0.04285738549254774,1.0000000000000004,0.0
541.0,0.9440995001310974,0.952173788192329,0.049124943239979096,1.5064410696092887,0.9999999999999999,0.0,0.9901814153902557,0.9907556123502883,0.05519063470527789,0.6987333250667426,1.0,0.0,0.9901814153902557,0.9668568936003068,0.9190029959858238,0.05775881197928587,0.07105043901361338,0.9999999999999992,0.0,0.9870741497740058,0.9675392677475902,0.054860219878270375,0.04285738549254774,1.0000000000000004,0.0
542.0,0.9440995001310974,0.952173788192329,0.049124943239979096,1.5064410696092887,0.9999999999999999,0.0,0.9901814153902557,0.9907556123502883,0.05519063470527789,0.6987333250667426,1.0,0.0,0.9901814153902557,0.9668568936003068,0.9190029959858238,0.05775881197928587,0.07105043901361338,0.9999999999999992,0.0,0.9870741497740058,0.9675392677475902,0.054860219878270375,0.04285738549254774,1.0000000000000004,0.0
543.0,0.9021064350115467,0.9101807230727782,0.04869406816463501,1.426722410216578,0.9663325563142848,0.0,0.8682780297345577,0.9014368085117122,0.05466950180740009,0.6781880378766869,0.9687360048050233,0.0,0.8682780297345577,0.8972813988662519,0.8494275012517689,0.057155292742583644,0.06736268203403412,0.9663325563142844,0.0,0.8815261227897646,0.9055442522374924,0.05409403388737463,0.04157706897001438,0.9687360048050236,0.0
544.0,0.9988581823091145,0.9223824817748371,0.04869406816463501,2.82787934782537,1.0,0.0,0.9991376677348065,0.9036463816222141,0.05466950180740009,1.351089498467478,0.9999999999999998,0.0,0.9991376677348065,0.9554690945847782,0.935351707965678,0.057155292742583644,0.042037598910713424,1.0000000000000004,0.0,0.9989086136671143,0.9212242033397278,0.05409403388737463,0.02182053751169154,1.0,0.0
545.0,0.9988581823091145,0.9223824817748371,0.04869406816463501,2.82787934782537,1.0,0.0,0.9991376677348065,0.9036463816222141,0.05466950180740009,1.351089498467478,0.9999999999999998,0.0,0.9991376677348065,0.9554690945847782,0.935351707965678,0.057155292742583644,0.042037598910713424,1.0000000000000004,0.0,0.9989086136671143,0.9212242033397278,0.05409403388737463,0.02182053751169154,1.0,0.0
546.0,0.9988581823091145,0.9223824817748371,0.04869406816463501,2.82787934782537,1.0,0.0,0.9991376677348065,0.9036463816222141,0.05466950180740009,1.351089498467478,0.9999999999999998,0.0,0.9991376677348065,0.9554690945847782,0.935351707965678,0.057155292742583644,0.042037598910713424,1.0000000000000004,0.0,0.9989086136671143,0.9212242033397278,0.05409403388737463,0.02182053751169154,1.0,0.0
547.0,0.9988581823091145,0.9223824817748371,0.04869406816463501,2.82787934782537,1.0,0.0,0.9991376677348065,0.9036463816222141,0.05466950180740009,1.351089498467478,0.9999999999999998,0.0,0.9991376677348065,0.9554690945847782,0.935351707965678,0.057155292742583644,0.042037598910713424,1.0000000000000004,0.0,0.9989086136671143,0.9212242033397278,0.05409403388737463,0.02182053751169154,1.0,0.0
548.0,0.9988581823091145,0.9223824817748371,0.04869406816463501,2.82787934782537,1.0,0.0,0.9991376677348065,0.9036463816222141,0.05466950180740009,1.351089498467478,0.9999999999999998,0.0,0.9991376677348065,0.9554690945847782,0.935351707965678,0.057155292742583644,0.042037598910713424,1.0000000000000004,0.0,0.9989086136671143,0.9212242033397278,0.05409403388737463,0.02182053751169154,1.0,0.0
549.0,0.9447292730702571,0.9324652254071601,0.04869406816463501,1.4176414953127692,1.0,0.0,0.9979191098477224,0.9439634051672279,0.05466950180740009,2.691752122469163,0.9999999999999998,0.0,0.992215490307475,0.9858839883632178,0.9600839833126618,0.057155292742583644,0.08340027675853302,1.0000000000000004,0.0,0.9956633118321634,0.9780875588609274,0.05409403388737463,0.022145891991356078,1.0,0.0
550.0,0.9447292730702571,0.9324652254071601,0.04869406816463501,1.4176414953127692,1.0,0.0,0.9979191098477224,0.9439634051672279,0.05466950180740009,2.691752122469163,0.9999999999999998,0.0,0.992215490307475,0.9858839883632178,0.9600839833126618,0.057155292742583644,0.08340027675853302,1.0000000000000004,0.0,0.9956633118321634,0.9780875588609274,0.05409403388737463,0.022145891991356078,1.0,0.0
551.0,0.9447292730702571,0.9324652254071601,0.04869406816463501,1.4176414953127692,1.0,0.0,0.9979191098477224,0.9439634051672279,0.05466950180740009,2.691752122469163,0.9999999999999998,0.0,0.992215490307475,0.9858839883632178,0.9600839833126618,0.057155292742583644,0.08340027675853302,1.0000000000000004,0.0,0.9956633118321634,0.9780875588609274,0.05409403388737463,0.022145891991356078,1.0,0.0
552.0,0.9447292730702571,0.9324652254071601,0.04869406816463501,1.4176414953127692,1.0,0.0,0.9979191098477224,0.9439634051672279,0.05466950180740009,2.691752122469163,0.9999999999999998,0.0,0.992215490307475,0.9858839883632178,0.9600839833126618,0.057155292742583644,0.08340027675853302,1.0000000000000004,0.0,0.9956633118321634,0.9780875588609274,0.05409403388737463,0.022145891991356078,1.0,0.0
553.0,0.9447292730702571,0.9324652254071601,0.04869406816463501,1.4176414953127692,1.0,0.0,0.9979191098477224,0.9439634051672279,0.05466950180740009,2.691752122469163,0.9999999999999998,0.0,0.992215490307475,0.9858839883632178,0.9600839833126618,0.057155292742583644,0.08340027675853302,1.0000000000000004,0.0,0.9956633118321634,0.9780875588609274,0.05409403388737463,0.022145891991356078,1.0,0.0
554.0,0.9455248759447873,0.9429033903697713,0.04869406816463501,0.7105380308561097,1.0,0.0,0.9754137553482173,0.9990976776869062,0.05466950180740009,1.3497343924458924,0.9999999999999998,0.0,0.9754137553482173,0.9891028684370299,0.9869789034681622,0.057155292742583644,0.16577024087904266,1.0000000000000004,0.0,0.9999428505530061,0.9999790634358459,0.05409403388737463,0.04221235077929128,1.0,0.0
555.0,0.9455248759447873,0.9429033903697713,0.04869406816463501,0.7105380308561097,1.0,0.0,0.9754137553482173,0.9990976776869062,0.05466950180740009,1.3497343924458924,0.9999999999999998,0.0,0.9754137553482173,0.9891028684370299,0.9869789034681622,0.057155292742583644,0.16577024087904266,1.0000000000000004,0.0,0.9999428505530061,0.9999790634358459,0.05409403388737463,0.04221235077929128,1.0,0.0
556.0,0.9455248759447873,0.9429033903697713,0.04869406816463501,0.7105380308561097,1.0,0.0,0.9754137553482173,0.9990976776869062,0.05466950180740009,1.3497343924458924,0.9999999999999998,0.0,0.9754137553482173,0.9891028684370299,0.9869789034681622,0.057155292742583644,0.16577024087904266,1.0000000000000004,0.0,0.9999428505530061,0.9999790634358459,0.05409403388737463,0.04221235077929128,1.0,0.0
557.0,0.9455248759447873,0.9429033903697713,0.04869406816463501,0.7105380308561097,1.0,0.0,0.9754137553482173,0.9990976776869062,0.05466950180740009,1.3497343924458924,0.9999999999999998,0.0,0.9754137553482173,0.9891028684370299,0.9869789034681622,0.057155292742583644,0.16577024087904266,1.0000000000000004,0.0,0.9999428505530061,0.9999790634358459,0.05409403388737463,0.04221235077929128,1.0,0.0
558.0,0.9454935921411425,0.942825955633859,0.048071785826381386,0.7087680713334713,0.999997841398282,0.0,0.974869364481422,0.9984433743445679,0.05380074832899933,1.3479825728447012,0.9999978453786738,0.0,0.974869364481422,0.9890491872480697,0.9868657679022571,0.05616236365261789,0.16270053135746243,0.9999978413982824,0.0,0.9988967732069697,0.9987883417160015,0.0528658951077336,0.04159847428453223,0.999997845378674,0.0
559.0,0.9482934186868749,0.9487659186090752,0.048071785826381386,0.3552650622846981,1.0,0.0,0.988106425507719,0.9981591463449162,0.05380074832899933,0.6759130244568207,1.0000000000000009,0.0,0.988106425507719,0.9911652144871377,0.9896438868836117,0.05616236365261789,0.31902329018972747,1.0000000000000004,0.0,0.9635619734954718,0.9736127383722611,0.0528658951077336,0.08143275614329674,1.000000000000001,0.0
560.0,0.9482934186868749,0.9487659186090752,0.048071785826381386,0.3552650622846981,1.0,0.0,0.988106425507719,0.9981591463449162,0.05380074832899933,0.6759130244568207,1.0000000000000009,0.0,0.988106425507719,0.9911652144871377,0.9896438868836117,0.05616236365261789,0.31902329018972747,1.0000000000000004,0.0,0.9635619734954718,0.9736127383722611,0.0528658951077336,0.08143275614329674,1.000000000000001,0.0
561.0,0.9482934186868749,0.9487659186090752,0.048071785826381386,0.3552650622846981,1.0,0.0,0.988106425507719,0.9981591463449162,0.05380074832899933,0.6759130244568207,1.0000000000000009,0.0,0.988106425507719,0.9911652144871377,0.9896438868836117,0.05616236365261789,0.31902329018972747,1.0000000000000004,0.0,0.9635619734954718,0.9736127383722611,0.0528658951077336,0.08143275614329674,1.000000000000001,0.0
562.0,0.9482934186868749,0.9487659186090752,0.048071785826381386,0.3552650622846981,1.0,0.0,0.988106425507719,0.9981591463449162,0.05380074832899933,0.6759130244568207,1.0000000000000009,0.0,0.988106425507719,0.9911652144871377,0.9896438868836117,0.05616236365261789,0.31902329018972747,1.0000000000000004,0.0,0.9635619734954718,0.9736127383722611,0.0528658951077336,0.08143275614329674,1.000000000000001,0.0
563.0,0.9482934186868749,0.9487659186090752,0.048071785826381386,0.3552650622846981,1.0,0.0,0.988106425507719,0.9981591463449162,0.05380074832899933,0.6759130244568207,1.0000000000000009,0.0,0.988106425507719,0.9911652144871377,0.9896438868836117,0.05616236365261789,0.31902329018972747,1.0000000000000004,0.0,0.9635619734954718,0.9736127383722611,0.0528658951077336,0.08143275614329674,1.000000000000001,0.0
564.0,0.9490772770775107,0.9495899018872042,0.048071785826381386,0.1781143309434235,1.0,0.0,0.9979590459585337,0.9983095971115312,0.05380074832899933,0.3390871961602532,1.0000000000000009,0.0,0.9979590459585337,0.98458067967082,0.9915911787449802,0.05616236365261789,0.6274132470538573,1.0000000000000004,0.0,0.9742141756708369,0.9807391752184036,0.0528658951077336,0.16089338007969728,1.000000000000001,0.0
565.0,0.9490772770775107,0.9495899018872042,0.048071785826381386,0.1781143309434235,1.0,0.0,0.9979590459585337,0.9983095971115312,0.05380074832899933,0.3390871961602532,1.0000000000000009,0.0,0.9979590459585337,0.98458067967082,0.9915911787449802,0.05616236365261789,0.6274132470538573,1.0000000000000004,0.0,0.9742141756708369,0.9807391752184036,0.0528658951077336,0.16089338007969728,1.000000000000001,0.0
566.0,0.9490772770775107,0.9495899018872042,0.048071785826381386,0.1781143309434235,1.0,0.0,0.9979590459585337,0.9983095971115312,0.05380074832899933,0.3390871961602532,1.0000000000000009,0.0,0.9979590459585337,0.98458067967082,0.9915911787449802,0.05616236365261789,0.6274132470538573,1.0000000000000004,0.0,0.9742141756708369,0.9807391752184036,0.0528658951077336,0.16089338007969728,1.000000000000001,0.0
567.0,0.9490772770775107,0.9495899018872042,0.048071785826381386,0.1781143309434235,1.0,0.0,0.9979590459585337,0.9983095971115312,0.05380074832899933,0.3390871961602532,1.0000000000000009,0.0,0.9979590459585337,0.98458067967082,0.9915911787449802,0.05616236365261789,0.6274132470538573,1.0000000000000004,0.0,0.9742141756708369,0.9807391752184036,0.0528658951077336,0.16089338007969728,1.000000000000001,0.0
568.0,0.9490772770775107,0.9495899018872042,0.048071785826381386,0.1781143309434235,1.0,0.0,0.9979590459585337,0.9983095971115312,0.05380074832899933,0.3390871961602532,1.0000000000000009,0.0,0.9979590459585337,0.98458067967082,0.9915911787449802,0.05616236365261789,0.6274132470538573,1.0000000000000004,0.0,0.9742141756708369,0.9807391752184036,0.0528658951077336,0.16089338007969728,1.000000000000001,0.0
569.0,0.9627529489053854,0.9631560720698666,0.048071785826381386,0.08947883506239795,1.0,0.0,0.9995635104090629,0.9992726913081333,0.05380074832899933,0.17034710340060302,1.0000000000000009,0.0,0.9995635104090629,0.9895828729840661,0.9303124407195638,0.05616236365261789,1.1364138069310359,1.0000000000000004,0.0,0.9946904675399939,0.9978013050132258,0.0528658951077336,0.3194381685439109,1.000000000000001,0.0
570.0,0.9627529489053854,0.9631560720698666,0.048071785826381386,0.08947883506239795,1.0,0.0,0.9995635104090629,0.9992726913081333,0.05380074832899933,0.17034710340060302,1.0000000000000009,0.0,0.9995635104090629,0.9895828729840661,0.9303124407195638,0.05616236365261789,1.1364138069310359,1.0000000000000004,0.0,0.9946904675399939,0.9978013050132258,0.0528658951077336,0.3194381685439109,1.000000000000001,0.0
571.0,0.9627529489053854,0.9631560720698666,0.048071785826381386,0.08947883506239795,1.0,0.0,0.9995635104090629,0.9992726913081333,0.05380074832899933,0.17034710340060302,1.0000000000000009,0.0,0.9995635104090629,0.9895828729840661,0.9303124407195638,0.05616236365261789,1.1364138069310359,1.0000000000000004,0.0,0.9946904675399939,0.9978013050132258,0.0528658951077336,0.3194381685439109,1.000000000000001,0.0
572.0,0.9627529489053854,0.9631560720698666,0.048071785826381386,0.08947883506239795,1.0,0.0,0.9995635104090629,0.9992726913081333,0.05380074832899933,0.17034710340060302,1.0000000000000009,0.0,0.9995635104090629,0.9895828729840661,0.9303124407195638,0.05616236365261789,1.1364138069310359,1.0000000000000004,0.0,0.9946904675399939,0.9978013050132258,0.0528658951077336,0.3194381685439109,1.000000000000001,0.0
573.0,0.9627529489053854,0.9631560720698666,0.048071785826381386,0.08947883506239795,1.0,0.0,0.9995635104090629,0.9992726913081333,0.05380074832899933,0.17034710340060302,1.0000000000000009,0.0,0.9995635104090629,0.9895828729840661,0.9303124407195638,0.05616236365261789,1.1364138069310359,1.0000000000000004,0.0,0.9946904675399939,0.9978013050132258,0.0528658951077336,0.3194381685439109,1.000000000000001,0.0
574.0,0.9635880614463987,0.9642166176143913,0.048071785826381386,0.04549418821245466,1.0,0.0,0.9850670981811712,0.9845452883801913,0.05380074832899933,0.08584385506933868,1.0000000000000009,0.0,0.9850670981811712,0.9309540849387595,0.9317153872291003,0.05616236365261789,2.127999311991835,1.0000000000000004,0.0,0.9996572293548917,0.9996893923079551,0.0528658951077336,0.6355852140403547,1.000000000000001,0.0
575.0,0.9635880614463987,0.9642166176143913,0.048071785826381386,0.04549418821245466,1.0,0.0,0.9850670981811712,0.9845452883801913,0.05380074832899933,0.08584385506933868,1.0000000000000009,0.0,0.9850670981811712,0.9309540849387595,0.9317153872291003,0.05616236365261789,2.127999311991835,1.0000000000000004,0.0,0.9996572293548917,0.9996893923079551,0.0528658951077336,0.6355852140403547,1.000000000000001,0.0
576.0,0.9635880614463987,0.9642166176143913,0.048071785826381386,0.04549418821245466,1.0,0.0,0.9850670981811712,0.9845452883801913,0.05380074832899933,0.08584385506933868,1.0000000000000009,0.0,0.9850670981811712,0.9309540849387595,0.9317153872291003,0.05616236365261789,2.127999311991835,1.0000000000000004,0.0,0.9996572293548917,0.9996893923079551,0.0528658951077336,0.6355852140403547,1.000000000000001,0.0
577.0,0.9635880614463987,0.9642166176143913,0.048071785826381386,0.04549418821245466,1.0,0.0,0.9850670981811712,0.9845452883801913,0.05380074832899933,0.08584385506933868,1.0000000000000009,0.0,0.9850670981811712,0.9309540849387595,0.9317153872291003,0.05616236365261789,2.127999311991835,1.0000000000000004,0.0,0.9996572293548917,0.9996893923079551,0.0528658951077336,0.6355852140403547,1.000000000000001,0.0
578.0,0.9635880614463987,0.9642166176143913,0.048071785826381386,0.04549418821245466,1.0,0.0,0.9850670981811712,0.9845452883801913,0.05380074832899933,0.08584385506933868,1.0000000000000009,0.0,0.9850670981811712,0.9309540849387595,0.9317153872291003,0.05616236365261789,2.127999311991835,1.0000000000000004,0.0,0.9996572293548917,0.9996893923079551,0.0528658951077336,0.6355852140403547,1.000000000000001,0.0
579.0,0.9650730974136643,0.9699639554918463,0.048071785826381386,0.03011024853697838,1.0,0.0,0.9994133446317571,0.9990367601519834,0.05380074832899933,0.04353181311155925,1.0000000000000009,0.0,0.9994133446317571,0.9330258211514687,0.9345136433996099,0.05616236365261789,1.069030726947292,1.0000000000000004,0.0,0.9965473664032007,0.9971722889429198,0.0528658951077336,1.2663814999081606,1.000000000000001,0.0
580.0,0.9650730974136643,0.9699639554918463,0.048071785826381386,0.03011024853697838,1.0,0.0,0.9994133446317571,0.9990367601519834,0.05380074832899933,0.04353181311155925,1.0000000000000009,0.0,0.9994133446317571,0.9330258211514687,0.9345136433996099,0.05616236365261789,1.069030726947292,1.0000000000000004,0.0,0.9965473664032007,0.9971722889429198,0.0528658951077336,1.2663814999081606,1.000000000000001,0.0
581.0,0.9650730974136643,0.9699639554918463,0.048071785826381386,0.03011024853697838,1.0,0.0,0.9994133446317571,0.9990367601519834,0.05380074832899933,0.04353181311155925,1.0000000000000009,0.0,0.9994133446317571,0.9330258211514687,0.9345136433996099,0.05616236365261789,1.069030726947292,1.0000000000000004,0.0,0.9965473664032007,0.9971722889429198,0.0528658951077336,1.2663814999081606,1.000000000000001,0.0
582.0,0.9650730974136643,0.9699639554918463,0.048071785826381386,0.03011024853697838,1.0,0.0,0.9994133446317571,0.9990367601519834,0.05380074832899933,0.04353181311155925,1.0000000000000009,0.0,0.9994133446317571,0.9330258211514687,0.9345136433996099,0.05616236365261789,1.069030726947292,1.0000000000000004,0.0,0.9965473664032007,0.9971722889429198,0.0528658951077336,1.2663814999081606,1.000000000000001,0.0
583.0,0.9650730974136643,0.9699639554918463,0.048071785826381386,0.03011024853697838,1.0,0.0,0.9994133446317571,0.9990367601519834,0.05380074832899933,0.04353181311155925,1.0000000000000009,0.0,0.9994133446317571,0.9330258211514687,0.9345136433996099,0.05616236365261789,1.069030726947292,1.0000000000000004,0.0,0.9965473664032007,0.9971722889429198,0.0528658951077336,1.2663814999081606,1.000000000000001,0.0
584.0,0.9716782838516618,0.9785931234005588,0.048071785826381386,0.059794526742008504,1.0,0.0,0.9997094998567252,0.9975567649153644,0.05380074832899933,0.08596641281913482,1.0000000000000009,0.0,0.9997094998567252,0.9299821568068511,0.9319391295248195,0.05616236365261789,0.5358330903457466,1.0000000000000004,0.0,0.9770635767025591,0.9737819495591672,0.0528658951077336,2.5249855575225295,1.000000000000001,0.0
585.0,0.9716782838516618,0.9785931234005588,0.048071785826381386,0.059794526742008504,1.0,0.0,0.9997094998567252,0.9975567649153644,0.05380074832899933,0.08596641281913482,1.0000000000000009,0.0,0.9997094998567252,0.9299821568068511,0.9319391295248195,0.05616236365261789,0.5358330903457466,1.0000000000000004,0.0,0.9770635767025591,0.9737819495591672,0.0528658951077336,2.5249855575225295,1.000000000000001,0.0
586.0,0.9716782838516618,0.9785931234005588,0.048071785826381386,0.059794526742008504,1.0,0.0,0.9997094998567252,0.9975567649153644,0.05380074832899933,0.08596641281913482,1.0000000000000009,0.0,0.9997094998567252,0.9299821568068511,0.9319391295248195,0.05616236365261789,0.5358330903457466,1.0000000000000004,0.0,0.9770635767025591,0.9737819495591672,0.0528658951077336,2.5249855575225295,1.000000000000001,0.0
587.0,0.9716782838516618,0.9785931234005588,0.048071785826381386,0.059794526742008504,1.0,0.0,0.9997094998567252,0.9975567649153644,0.05380074832899933,0.08596641281913482,1.0000000000000009,0.0,0.9997094998567252,0.9299821568068511,0.9319391295248195,0.05616236365261789,0.5358330903457466,1.0000000000000004,0.0,0.9770635767025591,0.9737819495591672,0.0528658951077336,2.5249855575225295,1.000000000000001,0.0
588.0,0.9716782838516618,0.9785931234005588,0.048071785826381386,0.059794526742008504,1.0,0.0,0.9997094998567252,0.9975567649153644,0.05380074832899933,0.08596641281913482,1.0000000000000009,0.0,0.9997094998567252,0.9299821568068511,0.9319391295248195,0.05616236365261789,0.5358330903457466,1.0000000000000004,0.0,0.9770635767025591,0.9737819495591672,0.0528658951077336,2.5249855575225295,1.000000000000001,0.0
589.0,0.9815941709629465,0.9836869975946525,0.048071785826381386,0.119022448643933,1.0,0.0,0.997049007022156,0.9593010486125494,0.05380074832899933,0.1706345704664496,1.0000000000000009,0.0,0.997049007022156,0.9386492749922963,0.938972451893767,0.05616236365261789,0.26861645925378363,1.0000000000000004,0.0,0.9777457333805781,0.988207971103449,0.0528658951077336,1.2663814999081606,1.000000000000001,0.0
590.0,0.9815941709629465,0.9836869975946525,0.048071785826381386,0.119022448643933,1.0,0.0,0.997049007022156,0.9593010486125494,0.05380074832899933,0.1706345704664496,1.0000000000000009,0.0,0.997049007022156,0.9386492749922963,0.938972451893767,0.05616236365261789,0.26861645925378363,1.0000000000000004,0.0,0.9777457333805781,0.988207971103449,0.0528658951077336,1.2663814999081606,1.000000000000001,0.0
591.0,0.9815941709629465,0.9836869975946525,0.048071785826381386,0.119022448643933,1.0,0.0,0.997049007022156,0.9593010486125494,0.05380074832899933,0.1706345704664496,1.0000000000000009,0.0,0.997049007022156,0.9386492749922963,0.938972451893767,0.05616236365261789,0.26861645925378363,1.0000000000000004,0.0,0.9777457333805781,0.988207971103449,0.0528658951077336,1.2663814999081606,1.000000000000001,0.0
592.0,0.9815941709629465,0.9836869975946525,0.048071785826381386,0.119022448643933,1.0,0.0,0.997049007022156,0.9593010486125494,0.05380074832899933,0.1706345704664496,1.0000000000000009,0.0,0.997049007022156,0.9386492749922963,0.938972451893767,0.05616236365261789,0.26861645925378363,1.0000000000000004,0.0,0.9777457333805781,0.988207971103449,0.0528658951077336,1.2663814999081606,1.000000000000001,0.0
593.0,0.9815941709629465,0.9836869975946525,0.048071785826381386,0.119022448643933,1.0,0.0,0.997049007022156,0.9593010486125494,0.05380074832899933,0.1706345704664496,1.0000000000000009,0.0,0.997049007022156,0.9386492749922963,0.938972451893767,0.05616236365261789,0.26861645925378363,1.0000000000000004,0.0,0.9777457333805781,0.988207971103449,0.0528658951077336,1.2663814999081606,1.000000000000001,0.0
594.0,0.9909253751507195,0.9999806477060695,0.048071785826381386,0.23300127965946654,1.0,0.0,0.9482330309489265,0.9734877580573875,0.05380074832899933,0.33956975469798084,1.0000000000000009,0.0,0.9482330309489265,0.947409451740488,0.9451405884902604,0.05616236365261789,0.13480732597330233,1.0000000000000004,0.0,0.980996169104056,0.9951259030502855,0.0528658951077336,0.6351357916692366,1.000000000000001,0.0
595.0,0.9909253751507195,0.9999806477060695,0.048071785826381386,0.23300127965946654,1.0,0.0,0.9482330309489265,0.9734877580573875,0.05380074832899933,0.33956975469798084,1.0000000000000009,0.0,0.9482330309489265,0.947409451740488,0.9451405884902604,0.05616236365261789,0.13480732597330233,1.0000000000000004,0.0,0.980996169104056,0.9951259030502855,0.0528658951077336,0.6351357916692366,1.000000000000001,0.0
596.0,0.9909253751507195,0.9999806477060695,0.048071785826381386,0.23300127965946654,1.0,0.0,0.9482330309489265,0.9734877580573875,0.05380074832899933,0.33956975469798084,1.0000000000000009,0.0,0.9482330309489265,0.947409451740488,0.9451405884902604,0.05616236365261789,0.13480732597330233,1.0000000000000004,0.0,0.980996169104056,0.9951259030502855,0.0528658951077336,0.6351357916692366,1.000000000000001,0.0
597.0,0.9909253751507195,0.9999806477060695,0.048071785826381386,0.23300127965946654,1.0,0.0,0.9482330309489265,0.9734877580573875,0.05380074832899933,0.33956975469798084,1.0000000000000009,0.0,0.9482330309489265,0.947409451740488,0.9451405884902604,0.05616236365261789,0.13480732597330233,1.0000000000000004,0.0,0.980996169104056,0.9951259030502855,0.0528658951077336,0.6351357916692366,1.000000000000001,0.0
598.0,0.9909253751507195,0.9999806477060695,0.048071785826381386,0.23300127965946654,1.0,0.0,0.9482330309489265,0.9734877580573875,0.05380074832899933,0.33956975469798084,1.0000000000000009,0.0,0.9482330309489265,0.947409451740488,0.9451405884902604,0.05616236365261789,0.13480732597330233,1.0000000000000004,0.0,0.980996169104056,0.9951259030502855,0.0528658951077336,0.6351357916692366,1.000000000000001,0.0
599.0,0.986726318850698,0.9967952988293632,0.048071785826381386,0.4603306205847299,1.0,0.0,0.9508955550245011,0.9997469118589474,0.05380074832899933,0.6766397614674798,1.0000000000000009,0.0,0.9508955550245011,0.9597881341714407,0.9544759947122342,0.05616236365261789,0.07435217191770342,1.0000000000000004,0.0,0.9731130623206885,0.9944219911009886,0.0528658951077336,0.318844326962946,1.000000000000001,0.0
600.0,0.986726318850698,0.9967952988293632,0.048071785826381386,0.4603306205847299,1.0,0.0,0.9508955550245011,0.9997469118589474,0.05380074832899933,0.6766397614674798,1.0000000000000009,0.0,0.9508955550245011,0.9597881341714407,0.9544759947122342,0.05616236365261789,0.07435217191770342,1.0000000000000004,0.0,0.9731130623206885,0.9944219911009886,0.0528658951077336,0.318844326962946,1.000000000000001,0.0
601.0,0.986726318850698,0.9967952988293632,0.048071785826381386,0.4603306205847299,1.0,0.0,0.9508955550245011,0.9997469118589474,0.05380074832899933,0.6766397614674798,1.0000000000000009,0.0,0.9508955550245011,0.9597881341714407,0.9544759947122342,0.05616236365261789,0.07435217191770342,1.0000000000000004,0.0,0.9731130623206885,0.9944219911009886,0.0528658951077336,0.318844326962946,1.000000000000001,0.0
602.0,0.986726318850698,0.9967952988293632,0.048071785826381386,0.4603306205847299,1.0,0.0,0.9508955550245011,0.9997469118589474,0.05380074832899933,0.6766397614674798,1.0000000000000009,0.0,0.9508955550245011,0.9597881341714407,0.9544759947122342,0.05616236365261789,0.07435217191770342,1.0000000000000004,0.0,0.9731130623206885,0.9944219911009886,0.0528658951077336,0.318844326962946,1.000000000000001,0.0
603.0,0.986726318850698,0.9967952988293632,0.048071785826381386,0.4603306205847299,1.0,0.0,0.9508955550245011,0.9997469118589474,0.05380074832899933,0.6766397614674798,1.0000000000000009,0.0,0.9508955550245011,0.9597881341714407,0.9544759947122342,0.05616236365261789,0.07435217191770342,1.0000000000000004,0.0,0.9731130623206885,0.9944219911009886,0.0528658951077336,0.318844326962946,1.000000000000001,0.0
604.0,0.9789345287871473,0.998335906776095,0.048071785826381386,0.9106317377273258,1.0,0.0,0.9686436272065123,0.9994499118944651,0.05380074832899933,1.3490829332879082,1.0000000000000009,0.0,0.9686436272065123,0.966868940222456,0.9687107717495752,0.05616236365261789,0.1480564324977529,1.0000000000000004,0.0,0.9820640717498547,0.9960403007106913,0.0528658951077336,0.16034750804470402,1.000000000000001,0.0
605.0,0.9789345287871473,0.998335906776095,0.048071785826381386,0.9106317377273258,1.0,0.0,0.9686436272065123,0.9994499118944651,0.05380074832899933,1.3490829332879082,1.0000000000000009,0.0,0.9686436272065123,0.966868940222456,0.9687107717495752,0.05616236365261789,0.1480564324977529,1.0000000000000004,0.0,0.9820640717498547,0.9960403007106913,0.0528658951077336,0.16034750804470402,1.000000000000001,0.0
606.0,0.9789345287871473,0.998335906776095,0.048071785826381386,0.9106317377273258,1.0,0.0,0.9686436272065123,0.9994499118944651,0.05380074832899933,1.3490829332879082,1.0000000000000009,0.0,0.9686436272065123,0.966868940222456,0.9687107717495752,0.05616236365261789,0.1480564324977529,1.0000000000000004,0.0,0.9820640717498547,0.9960403007106913,0.0528658951077336,0.16034750804470402,1.000000000000001,0.0
607.0,0.9789345287871473,0.998335906776095,0.048071785826381386,0.9106317377273258,1.0,0.0,0.9686436272065123,0.9994499118944651,0.05380074832899933,1.3490829332879082,1.0000000000000009,0.0,0.9686436272065123,0.966868940222456,0.9687107717495752,0.05616236365261789,0.1480564324977529,1.0000000000000004,0.0,0.9820640717498547,0.9960403007106913,0.0528658951077336,0.16034750804470402,1.000000000000001,0.0
608.0,0.9789345287871473,0.998335906776095,0.048071785826381386,0.9106317377273258,1.0,0.0,0.9686436272065123,0.9994499118944651,0.05380074832899933,1.3490829332879082,1.0000000000000009,0.0,0.9686436272065123,0.966868940222456,0.9687107717495752,0.05616236365261789,0.1480564324977529,1.0000000000000004,0.0,0.9820640717498547,0.9960403007106913,0.0528658951077336,0.16034750804470402,1.000000000000001,0.0
609.0,0.9749952447770912,0.9995420423659227,0.048071785826381386,1.6529581148656478,1.0,0.0,0.9618197340774568,0.9731085823997854,0.05380074832899933,2.6891742475841727,1.0000000000000009,0.0,0.961264168079541,0.9643558404116611,0.9779825160394604,0.05616236365261789,0.2948461281075941,1.0000000000000004,0.0,0.9764216987912807,0.970635112959892,0.0528658951077336,0.08112349810541875,1.000000000000001,0.0
610.0,0.9749952447770912,0.9995420423659227,0.048071785826381386,1.6529581148656478,1.0,0.0,0.9618197340774568,0.9731085823997854,0.05380074832899933,2.6891742475841727,1.0000000000000009,0.0,0.961264168079541,0.9643558404116611,0.9779825160394604,0.05616236365261789,0.2948461281075941,1.0000000000000004,0.0,0.9764216987912807,0.970635112959892,0.0528658951077336,0.08112349810541875,1.000000000000001,0.0
611.0,0.9749952447770912,0.9995420423659227,0.048071785826381386,1.6529581148656478,1.0,0.0,0.9618197340774568,0.9731085823997854,0.05380074832899933,2.6891742475841727,1.0000000000000009,0.0,0.961264168079541,0.9643558404116611,0.9779825160394604,0.05616236365261789,0.2948461281075941,1.0000000000000004,0.0,0.9764216987912807,0.970635112959892,0.0528658951077336,0.08112349810541875,1.000000000000001,0.0
612.0,0.9749952447770912,0.9995420423659227,0.048071785826381386,1.6529581148656478,1.0,0.0,0.9618197340774568,0.9731085823997854,0.05380074832899933,2.6891742475841727,1.0000000000000009,0.0,0.961264168079541,0.9643558404116611,0.9779825160394604,0.05616236365261789,0.2948461281075941,1.0000000000000004,0.0,0.9764216987912807,0.970635112959892,0.0528658951077336,0.08112349810541875,1.000000000000001,0.0
613.0,0.9749952447770912,0.9995420423659227,0.048071785826381386,1.6529581148656478,1.0,0.0,0.9618197340774568,0.9731085823997854,0.05380074832899933,2.6891742475841727,1.0000000000000009,0.0,0.961264168079541,0.9643558404116611,0.9779825160394604,0.05616236365261789,0.2948461281075941,1.0000000000000004,0.0,0.9764216987912807,0.970635112959892,0.0528658951077336,0.08112349810541875,1.000000000000001,0.0
614.0,0.9296759575599677,1.1026390652000047,0.06055812799012584,2.6443254758984844,1.0000000000000002,0.0,0.9845173032881159,2.0608364830928387,0.04401639250247714,1.4920226713804228,0.9999999999999998,0.0,0.9844532208559152,0.9381402127716174,1.2021867441933074,0.054889357018200635,0.5692822039331531,1.0000000000000007,0.0,0.9978836300764921,1.6127615624353184,0.04388319576230556,0.04000718838006864,1.0000000000000002,0.0
615.0,0.9296759575599677,1.1026390652000047,0.06055812799012584,2.6443254758984844,1.0000000000000002,0.0,0.9845173032881159,2.0608364830928387,0.04401639250247714,1.4920226713804228,0.9999999999999998,0.0,0.9844532208559152,0.9381402127716174,1.2021867441933074,0.054889357018200635,0.5692822039331531,1.0000000000000007,0.0,0.9978836300764921,1.6127615624353184,0.04388319576230556,0.04000718838006864,1.0000000000000002,0.0
616.0,0.9296759575599677,1.1026390652000047,0.06055812799012584,2.6443254758984844,1.0000000000000002,0.0,0.9845173032881159,2.0608364830928387,0.04401639250247714,1.4920226713804228,0.9999999999999998,0.0,0.9844532208559152,0.9381402127716174,1.2021867441933074,0.054889357018200635,0.5692822039331531,1.0000000000000007,0.0,0.9978836300764921,1.6127615624353184,0.04388319576230556,0.04000718838006864,1.0000000000000002,0.0
617.0,0.9296759575599677,1.1026390652000047,0.06055812799012584,2.6443254758984844,1.0000000000000002,0.0,0.9845173032881159,2.0608364830928387,0.04401639250247714,1.4920226713804228,0.9999999999999998,0.0,0.9844532208559152,0.9381402127716174,1.2021867441933074,0.054889357018200635,0.5692822039331531,1.0000000000000007,0.0,0.9978836300764921,1.6127615624353184,0.04388319576230556,0.04000718838006864,1.0000000000000002,0.0
618.0,0.9296759575599677,1.1026390652000047,0.06055812799012584,2.6443254758984844,1.0000000000000002,0.0,0.9845173032881159,2.0608364830928387,0.04401639250247714,1.4920226713804228,0.9999999999999998,0.0,0.9844532208559152,0.9381402127716174,1.2021867441933074,0.054889357018200635,0.5692822039331531,1.0000000000000007,0.0,0.9978836300764921,1.6127615624353184,0.04388319576230556,0.04000718838006864,1.0000000000000002,0.0
619.0,0.9987458040239253,0.9648385882867596,0.06055812799012584,1.3253926283144033,1.0000000000000002,0.0,0.9977506135857338,1.0376283925993357,0.04401639250247714,0.7478056876766246,0.9999999999999998,0.0,0.997718496288815,0.8816952845233647,0.9509918221031867,0.054889357018200635,1.0866021938192696,1.0000000000000007,0.0,0.9941984079712963,0.9993575708752699,0.04388319576230556,0.07918393333960894,1.0000000000000002,0.0
620.0,0.9987458040239253,0.9648385882867596,0.06055812799012584,1.3253926283144033,1.0000000000000002,0.0,0.9977506135857338,1.0376283925993357,0.04401639250247714,0.7478056876766246,0.9999999999999998,0.0,0.997718496288815,0.8816952845233647,0.9509918221031867,0.054889357018200635,1.0866021938192696,1.0000000000000007,0.0,0.9941984079712963,0.9993575708752699,0.04388319576230556,0.07918393333960894,1.0000000000000002,0.0
621.0,0.9987458040239253,0.9648385882867596,0.06055812799012584,1.3253926283144033,1.0000000000000002,0.0,0.9977506135857338,1.0376283925993357,0.04401639250247714,0.7478056876766246,0.9999999999999998,0.0,0.997718496288815,0.8816952845233647,0.9509918221031867,0.054889357018200635,1.0866021938192696,1.0000000000000007,0.0,0.9941984079712963,0.9993575708752699,0.04388319576230556,0.07918393333960894,1.0000000000000002,0.0
622.0,0.9987458040239253,0.9648385882867596,0.06055812799012584,1.3253926283144033,1.0000000000000002,0.0,0.9977506135857338,1.0376283925993357,0.04401639250247714,0.7478056876766246,0.9999999999999998,0.0,0.997718496288815,0.8816952845233647,0.9509918221031867,0.054889357018200635,1.0866021938192696,1.0000000000000007,0.0,0.9941984079712963,0.9993575708752699,0.04388319576230556,0.07918393333960894,1.0000000000000002,0.0
623.0,0.9987458040239253,0.9648385882867596,0.06055812799012584,1.3253926283144033,1.0000000000000002,0.0,0.9977506135857338,1.0376283925993357,0.04401639250247714,0.7478056876766246,0.9999999999999998,0.0,0.997718496288815,0.8816952845233647,0.9509918221031867,0.054889357018200635,1.0866021938192696,1.0000000000000007,0.0,0.9941984079712963,0.9993575708752699,0.04388319576230556,0.07918393333960894,1.0000000000000002,0.0
624.0,0.9951613544929037,0.9973742104167729,0.06055812799012584,0.6642827911643563,1.0000000000000002,0.0,0.9527273280134664,0.9792291318663053,0.04401639250247714,0.3748126391995622,0.9999999999999998,0.0,0.952711231234272,0.8606204222493081,0.9188522198166776,0.054889357018200635,2.0021528003043305,1.0000000000000007,0.0,0.9948725601830498,0.9836228337886398,0.04388319576230556,0.15729200847183208,1.0000000000000002,0.0
625.0,0.9951613544929037,0.9973742104167729,0.06055812799012584,0.6642827911643563,1.0000000000000002,0.0,0.9527273280134664,0.9792291318663053,0.04401639250247714,0.3748126391995622,0.9999999999999998,0.0,0.952711231234272,0.8606204222493081,0.9188522198166776,0.054889357018200635,2.0021528003043305,1.0000000000000007,0.0,0.9948725601830498,0.9836228337886398,0.04388319576230556,0.15729200847183208,1.0000000000000002,0.0
626.0,0.9951613544929037,0.9973742104167729,0.06055812799012584,0.6642827911643563,1.0000000000000002,0.0,0.9527273280134664,0.9792291318663053,0.04401639250247714,0.3748126391995622,0.9999999999999998,0.0,0.952711231234272,0.8606204222493081,0.9188522198166776,0.054889357018200635,2.0021528003043305,1.0000000000000007,0.0,0.9948725601830498,0.9836228337886398,0.04388319576230556,0.15729200847183208,1.0000000000000002,0.0
627.0,0.9951613544929037,0.9973742104167729,0.06055812799012584,0.6642827911643563,1.0000000000000002,0.0,0.9527273280134664,0.9792291318663053,0.04401639250247714,0.3748126391995622,0.9999999999999998,0.0,0.952711231234272,0.8606204222493081,0.9188522198166776,0.054889357018200635,2.0021528003043305,1.0000000000000007,0.0,0.9948725601830498,0.9836228337886398,0.04388319576230556,0.15729200847183208,1.0000000000000002,0.0
628.0,0.9951613544929037,0.9973742104167729,0.06055812799012584,0.6642827911643563,1.0000000000000002,0.0,0.9527273280134664,0.9792291318663053,0.04401639250247714,0.3748126391995622,0.9999999999999998,0.0,0.952711231234272,0.8606204222493081,0.9188522198166776,0.054889357018200635,2.0021528003043305,1.0000000000000007,0.0,0.9948725601830498,0.9836228337886398,0.04388319576230556,0.15729200847183208,1.0000000000000002,0.0
629.0,0.9984809116115646,0.9986692314289493,0.06055812799012584,0.33294254778873383,1.0000000000000002,0.0,0.9997905691153769,0.9950396097468341,0.04401639250247714,0.18788371399913525,0.9999999999999998,0.0,0.9997905691153769,0.8436538210217913,0.860005405361931,0.054889357018200635,1.003736841601533,1.0000000000000007,0.0,0.9505756924680157,0.999742898781794,0.04388319576230556,0.313131145531931,1.0000000000000002,0.0
630.0,0.9984809116115646,0.9986692314289493,0.06055812799012584,0.33294254778873383,1.0000000000000002,0.0,0.9997905691153769,0.9950396097468341,0.04401639250247714,0.18788371399913525,0.9999999999999998,0.0,0.9997905691153769,0.8436538210217913,0.860005405361931,0.054889357018200635,1.003736841601533,1.0000000000000007,0.0,0.9505756924680157,0.999742898781794,0.04388319576230556,0.313131145531931,1.0000000000000002,0.0
631.0,0.9984809116115646,0.9986692314289493,0.06055812799012584,0.33294254778873383,1.0000000000000002,0.0,0.9997905691153769,0.9950396097468341,0.04401639250247714,0.18788371399913525,0.9999999999999998,0.0,0.9997905691153769,0.8436538210217913,0.860005405361931,0.054889357018200635,1.003736841601533,1.0000000000000007,0.0,0.9505756924680157,0.999742898781794,0.04388319576230556,0.313131145531931,1.0000000000000002,0.0
632.0,0.9984809116115646,0.9986692314289493,0.06055812799012584,0.33294254778873383,1.0000000000000002,0.0,0.9997905691153769,0.9950396097468341,0.04401639250247714,0.18788371399913525,0.9999999999999998,0.0,0.9997905691153769,0.8436538210217913,0.860005405361931,0.054889357018200635,1.003736841601533,1.0000000000000007,0.0,0.9505756924680157,0.999742898781794,0.04388319576230556,0.313131145531931,1.0000000000000002,0.0
633.0,0.9984809116115646,0.9986692314289493,0.06055812799012584,0.33294254778873383,1.0000000000000002,0.0,0.9997905691153769,0.9950396097468341,0.04401639250247714,0.18788371399913525,0.9999999999999998,0.0,0.9997905691153769,0.8436538210217913,0.860005405361931,0.054889357018200635,1.003736841601533,1.0000000000000007,0.0,0.9505756924680157,0.999742898781794,0.04388319576230556,0.313131145531931,1.0000000000000002,0.0
634.0,0.9995082425446206,0.999319367699062,0.06055812799012584,0.16688103486213499,1.0000000000000002,0.0,0.9970828711329637,0.9971039675263564,0.04401639250247714,0.09420951054473092,0.9999999999999998,0.0,0.9970828711329637,0.8378838710233293,0.8385692731608733,0.054889357018200635,0.5030826064954199,1.0000000000000007,0.0,0.9995619947554619,0.9607942334328631,0.04388319576230556,0.6240711029052163,1.0000000000000002,0.0
635.0,0.9995082425446206,0.999319367699062,0.06055812799012584,0.16688103486213499,1.0000000000000002,0.0,0.9970828711329637,0.9971039675263564,0.04401639250247714,0.09420951054473092,0.9999999999999998,0.0,0.9970828711329637,0.8378838710233293,0.8385692731608733,0.054889357018200635,0.5030826064954199,1.0000000000000007,0.0,0.9995619947554619,0.9607942334328631,0.04388319576230556,0.6240711029052163,1.0000000000000002,0.0
636.0,0.9995082425446206,0.999319367699062,0.06055812799012584,0.16688103486213499,1.0000000000000002,0.0,0.9970828711329637,0.9971039675263564,0.04401639250247714,0.09420951054473092,0.9999999999999998,0.0,0.9970828711329637,0.8378838710233293,0.8385692731608733,0.054889357018200635,0.5030826064954199,1.0000000000000007,0.0,0.9995619947554619,0.9607942334328631,0.04388319576230556,0.6240711029052163,1.0000000000000002,0.0
637.0,0.9995082425446206,0.999319367699062,0.06055812799012584,0.16688103486213499,1.0000000000000002,0.0,0.9970828711329637,0.9971039675263564,0.04401639250247714,0.09420951054473092,0.9999999999999998,0.0,0.9970828711329637,0.8378838710233293,0.8385692731608733,0.054889357018200635,0.5030826064954199,1.0000000000000007,0.0,0.9995619947554619,0.9607942334328631,0.04388319576230556,0.6240711029052163,1.0000000000000002,0.0
638.0,0.9995082425446206,0.999319367699062,0.06055812799012584,0.16688103486213499,1.0000000000000002,0.0,0.9970828711329637,0.9971039675263564,0.04401639250247714,0.09420951054473092,0.9999999999999998,0.0,0.9970828711329637,0.8378838710233293,0.8385692731608733,0.054889357018200635,0.5030826064954199,1.0000000000000007,0.0,0.9995619947554619,0.9607942334328631,0.04388319576230556,0.6240711029052163,1.0000000000000002,0.0
639.0,0.9995757395030253,0.9994491323290458,0.06055812799012584,0.08367448650054997,1.0000000000000002,0.0,0.9979302679578335,0.9972245369533582,0.04401639250247714,0.04731843845829585,0.9999999999999998,0.0,0.9979302679578335,0.8295885427273996,0.8295996752994893,0.054889357018200635,0.2521665399887951,1.0000000000000007,0.0,0.9615230545079478,0.9986186980028066,0.04388319576230556,1.2407453043286674,1.0000000000000002,0.0
640.0,0.9995757395030253,0.9994491323290458,0.06055812799012584,0.08367448650054997,1.0000000000000002,0.0,0.9979302679578335,0.9972245369533582,0.04401639250247714,0.04731843845829585,0.9999999999999998,0.0,0.9979302679578335,0.8295885427273996,0.8295996752994893,0.054889357018200635,0.2521665399887951,1.0000000000000007,0.0,0.9615230545079478,0.9986186980028066,0.04388319576230556,1.2407453043286674,1.0000000000000002,0.0
641.0,0.9995757395030253,0.9994491323290458,0.06055812799012584,0.08367448650054997,1.0000000000000002,0.0,0.9979302679578335,0.9972245369533582,0.04401639250247714,0.04731843845829585,0.9999999999999998,0.0,0.9979302679578335,0.8295885427273996,0.8295996752994893,0.054889357018200635,0.2521665399887951,1.0000000000000007,0.0,0.9615230545079478,0.9986186980028066,0.04388319576230556,1.2407453043286674,1.0000000000000002,0.0
642.0,0.9995757395030253,0.9994491323290458,0.06055812799012584,0.08367448650054997,1.0000000000000002,0.0,0.9979302679578335,0.9972245369533582,0.04401639250247714,0.04731843845829585,0.9999999999999998,0.0,0.9979302679578335,0.8295885427273996,0.8295996752994893,0.054889357018200635,0.2521665399887951,1.0000000000000007,0.0,0.9615230545079478,0.9986186980028066,0.04388319576230556,1.2407453043286674,1.0000000000000002,0.0
643.0,0.9995757395030253,0.9994491323290458,0.06055812799012584,0.08367448650054997,1.0000000000000002,0.0,0.9979302679578335,0.9972245369533582,0.04401639250247714,0.04731843845829585,0.9999999999999998,0.0,0.9979302679578335,0.8295885427273996,0.8295996752994893,0.054889357018200635,0.2521665399887951,1.0000000000000007,0.0,0.9615230545079478,0.9986186980028066,0.04388319576230556,1.2407453043286674,1.0000000000000002,0.0
644.0,0.9986899524281272,0.9985419218725575,0.06055812799012584,0.04203918734344637,1.0000000000000002,0.0,0.9991961525873255,0.9974812239543369,0.04401639250247714,0.09436914463663863,0.9999999999999998,0.0,0.9991961525873255,0.8255889492641072,0.8255059642777934,0.054889357018200635,0.12645679497555443,1.0000000000000007,0.0,0.9497788506239595,0.9504266858919954,0.04388319576230556,2.4684045516846047,1.0000000000000002,0.0
645.0,0.9986899524281272,0.9985419218725575,0.06055812799012584,0.04203918734344637,1.0000000000000002,0.0,0.9991961525873255,0.9974812239543369,0.04401639250247714,0.09436914463663863,0.9999999999999998,0.0,0.9991961525873255,0.8255889492641072,0.8255059642777934,0.054889357018200635,0.12645679497555443,1.0000000000000007,0.0,0.9497788506239595,0.9504266858919954,0.04388319576230556,2.4684045516846047,1.0000000000000002,0.0
646.0,0.9986899524281272,0.9985419218725575,0.06055812799012584,0.04203918734344637,1.0000000000000002,0.0,0.9991961525873255,0.9974812239543369,0.04401639250247714,0.09436914463663863,0.9999999999999998,0.0,0.9991961525873255,0.8255889492641072,0.8255059642777934,0.054889357018200635,0.12645679497555443,1.0000000000000007,0.0,0.9497788506239595,0.9504266858919954,0.04388319576230556,2.4684045516846047,1.0000000000000002,0.0
647.0,0.9986899524281272,0.9985419218725575,0.06055812799012584,0.04203918734344637,1.0000000000000002,0.0,0.9991961525873255,0.9974812239543369,0.04401639250247714,0.09436914463663863,0.9999999999999998,0.0,0.9991961525873255,0.8255889492641072,0.8255059642777934,0.054889357018200635,0.12645679497555443,1.0000000000000007,0.0,0.9497788506239595,0.9504266858919954,0.04388319576230556,2.4684045516846047,1.0000000000000002,0.0
648.0,0.9986899524281272,0.9985419218725575,0.06055812799012584,0.04203918734344637,1.0000000000000002,0.0,0.9991961525873255,0.9974812239543369,0.04401639250247714,0.09436914463663863,0.9999999999999998,0.0,0.9991961525873255,0.8255889492641072,0.8255059642777934,0.054889357018200635,0.12645679497555443,1.0000000000000007,0.0,0.9497788506239595,0.9504266858919954,0.04388319576230556,2.4684045516846047,1.0000000000000002,0.0
649.0,0.9988526707944317,0.9997855826621255,0.06055812799012584,0.08383046286771209,1.0000000000000002,0.0,0.9985560550547689,0.9958253428451508,0.04401639250247714,0.1881732090015319,0.9999999999999998,0.0,0.9985560550547689,0.9981919032014057,0.9980254100387707,0.054889357018200635,0.25224119331638273,1.0000000000000007,0.0,0.999582910583221,0.9998264925361163,0.04388319576230556,1.2372585011061505,1.0000000000000002,0.0
650.0,0.9988526707944317,0.9997855826621255,0.06055812799012584,0.08383046286771209,1.0000000000000002,0.0,0.9985560550547689,0.9958253428451508,0.04401639250247714,0.1881732090015319,0.9999999999999998,0.0,0.9985560550547689,0.9981919032014057,0.9980254100387707,0.054889357018200635,0.25224119331638273,1.0000000000000007,0.0,0.999582910583221,0.9998264925361163,0.04388319576230556,1.2372585011061505,1.0000000000000002,0.0
651.0,0.9988526707944317,0.9997855826621255,0.06055812799012584,0.08383046286771209,1.0000000000000002,0.0,0.9985560550547689,0.9958253428451508,0.04401639250247714,0.1881732090015319,0.9999999999999998,0.0,0.9985560550547689,0.9981919032014057,0.9980254100387707,0.054889357018200635,0.25224119331638273,1.0000000000000007,0.0,0.999582910583221,0.9998264925361163,0.04388319576230556,1.2372585011061505,1.0000000000000002,0.0
652.0,0.9988526707944317,0.9997855826621255,0.06055812799012584,0.08383046286771209,1.0000000000000002,0.0,0.9985560550547689,0.9958253428451508,0.04401639250247714,0.1881732090015319,0.9999999999999998,0.0,0.9985560550547689,0.9981919032014057,0.9980254100387707,0.054889357018200635,0.25224119331638273,1.0000000000000007,0.0,0.999582910583221,0.9998264925361163,0.04388319576230556,1.2372585011061505,1.0000000000000002,0.0
653.0,0.9988526707944317,0.9997855826621255,0.06055812799012584,0.08383046286771209,1.0000000000000002,0.0,0.9985560550547689,0.9958253428451508,0.04401639250247714,0.1881732090015319,0.9999999999999998,0.0,0.9985560550547689,0.9981919032014057,0.9980254100387707,0.054889357018200635,0.25224119331638273,1.0000000000000007,0.0,0.999582910583221,0.9998264925361163,0.04388319576230556,1.2372585011061505,1.0000000000000002,0.0
654.0,0.9987808886301599,0.9998100567275202,0.06055812799012584,0.16722810700786064,1.0000000000000002,0.0,0.9938336840524393,0.9937828764019152,0.04401639250247714,0.37532926023314356,0.9999999999999998,0.0,0.9938336840524393,0.9957585831523029,0.995409970731246,0.054889357018200635,0.5032192539802179,1.0000000000000007,0.0,0.9940535098608666,0.994052074097956,0.04388319576230556,0.6201090277523598,1.0000000000000002,0.0
655.0,0.9987808886301599,0.9998100567275202,0.06055812799012584,0.16722810700786064,1.0000000000000002,0.0,0.9938336840524393,0.9937828764019152,0.04401639250247714,0.37532926023314356,0.9999999999999998,0.0,0.9938336840524393,0.9957585831523029,0.995409970731246,0.054889357018200635,0.5032192539802179,1.0000000000000007,0.0,0.9940535098608666,0.994052074097956,0.04388319576230556,0.6201090277523598,1.0000000000000002,0.0
656.0,0.9987808886301599,0.9998100567275202,0.06055812799012584,0.16722810700786064,1.0000000000000002,0.0,0.9938336840524393,0.9937828764019152,0.04401639250247714,0.37532926023314356,0.9999999999999998,0.0,0.9938336840524393,0.9957585831523029,0.995409970731246,0.054889357018200635,0.5032192539802179,1.0000000000000007,0.0,0.9940535098608666,0.994052074097956,0.04388319576230556,0.6201090277523598,1.0000000000000002,0.0
657.0,0.9987808886301599,0.9998100567275202,0.06055812799012584,0.16722810700786064,1.0000000000000002,0.0,0.9938336840524393,0.9937828764019152,0.04401639250247714,0.37532926023314356,0.9999999999999998,0.0,0.9938336840524393,0.9957585831523029,0.995409970731246,0.054889357018200635,0.5032192539802179,1.0000000000000007,0.0,0.9940535098608666,0.994052074097956,0.04388319576230556,0.6201090277523598,1.0000000000000002,0.0
658.0,0.9987808886301599,0.9998100567275202,0.06055812799012584,0.16722810700786064,1.0000000000000002,0.0,0.9938336840524393,0.9937828764019152,0.04401639250247714,0.37532926023314356,0.9999999999999998,0.0,0.9938336840524393,0.9957585831523029,0.995409970731246,0.054889357018200635,0.5032192539802179,1.0000000000000007,0.0,0.9940535098608666,0.994052074097956,0.04388319576230556,0.6201090277523598,1.0000000000000002,0.0
659.0,0.9990002303614294,0.9982929519483777,0.06055812799012584,0.3333784469589587,1.0000000000000002,0.0,0.9963433655955259,0.9961469831641121,0.04401639250247714,0.7485256527681939,0.9999999999999998,0.0,0.9963433655955259,0.989100411661428,0.9890988772004661,0.054889357018200635,1.0036935477522992,1.0000000000000007,0.0,0.9955493383345446,0.9954855789486926,0.04388319576230556,0.31080215536047173,1.0000000000000002,0.0
660.0,0.9990002303614294,0.9982929519483777,0.06055812799012584,0.3333784469589587,1.0000000000000002,0.0,0.9963433655955259,0.9961469831641121,0.04401639250247714,0.7485256527681939,0.9999999999999998,0.0,0.9963433655955259,0.989100411661428,0.9890988772004661,0.054889357018200635,1.0036935477522992,1.0000000000000007,0.0,0.9955493383345446,0.9954855789486926,0.04388319576230556,0.31080215536047173,1.0000000000000002,0.0
661.0,0.9990002303614294,0.9982929519483777,0.06055812799012584,0.3333784469589587,1.0000000000000002,0.0,0.9963433655955259,0.9961469831641121,0.04401639250247714,0.7485256527681939,0.9999999999999998,0.0,0.9963433655955259,0.989100411661428,0.9890988772004661,0.054889357018200635,1.0036935477522992,1.0000000000000007,0.0,0.9955493383345446,0.9954855789486926,0.04388319576230556,0.31080215536047173,1.0000000000000002,0.0
662.0,0.9990002303614294,0.9982929519483777,0.06055812799012584,0.3333784469589587,1.0000000000000002,0.0,0.9963433655955259,0.9961469831641121,0.04401639250247714,0.7485256527681939,0.9999999999999998,0.0,0.9963433655955259,0.989100411661428,0.9890988772004661,0.054889357018200635,1.0036935477522992,1.0000000000000007,0.0,0.9955493383345446,0.9954855789486926,0.04388319576230556,0.31080215536047173,1.0000000000000002,0.0
663.0,0.9990002303614294,0.9982929519483777,0.06055812799012584,0.3333784469589587,1.0000000000000002,0.0,0.9963433655955259,0.9961469831641121,0.04401639250247714,0.7485256527681939,0.9999999999999998,0.0,0.9963433655955259,0.989100411661428,0.9890988772004661,0.054889357018200635,1.0036935477522992,1.0000000000000007,0.0,0.9955493383345446,0.9954855789486926,0.04388319576230556,0.31080215536047173,1.0000000000000002,0.0
664.0,0.9975446318220001,0.997534630139736,0.06055812799012584,0.6648929945920641,1.0000000000000002,0.0,0.9963094170931456,0.9959170739631024,0.04401639250247714,1.493015370621475,0.9999999999999998,0.0,0.9963094170931456,0.9858852494378758,0.985878064552313,0.054889357018200635,2.0020664211294754,1.0000000000000007,0.0,0.9976828891416427,0.997535702602216,0.04388319576230556,0.15578521979880813,1.0000000000000002,0.0
665.0,0.9975446318220001,0.997534630139736,0.06055812799012584,0.6648929945920641,1.0000000000000002,0.0,0.9963094170931456,0.9959170739631024,0.04401639250247714,1.493015370621475,0.9999999999999998,0.0,0.9963094170931456,0.9858852494378758,0.985878064552313,0.054889357018200635,2.0020664211294754,1.0000000000000007,0.0,0.9976828891416427,0.997535702602216,0.04388319576230556,0.15578521979880813,1.0000000000000002,0.0
666.0,0.9975446318220001,0.997534630139736,0.06055812799012584,0.6648929945920641,1.0000000000000002,0.0,0.9963094170931456,0.9959170739631024,0.04401639250247714,1.493015370621475,0.9999999999999998,0.0,0.9963094170931456,0.9858852494378758,0.985878064552313,0.054889357018200635,2.0020664211294754,1.0000000000000007,0.0,0.9976828891416427,0.997535702602216,0.04388319576230556,0.15578521979880813,1.0000000000000002,0.0
667.0,0.9975446318220001,0.997534630139736,0.06055812799012584,0.6648929945920641,1.0000000000000002,0.0,0.9963094170931456,0.9959170739631024,0.04401639250247714,1.493015370621475,0.9999999999999998,0.0,0.9963094170931456,0.9858852494378758,0.985878064552313,0.054889357018200635,2.0020664211294754,1.0000000000000007,0.0,0.9976828891416427,0.997535702602216,0.04388319576230556,0.15578521979880813,1.0000000000000002,0.0
668.0,0.9975446318220001,0.997534630139736,0.06055812799012584,0.6648929945920641,1.0000000000000002,0.0,0.9963094170931456,0.9959170739631024,0.04401639250247714,1.493015370621475,0.9999999999999998,0.0,0.9963094170931456,0.9858852494378758,0.985878064552313,0.054889357018200635,2.0020664211294754,1.0000000000000007,0.0,0.9976828891416427,0.997535702602216,0.04388319576230556,0.15578521979880813,1.0000000000000002,0.0
669.0,0.997546934067325,0.9975269780876168,0.06055812799012584,1.3259440504735982,1.0000000000000002,0.0,0.9986479507161751,0.9980462155361424,0.04401639250247714,2.978372944529809,0.9999999999999998,0.0,0.9986479507161751,0.9821996647399817,0.9821832624966232,0.054889357018200635,1.2750002832535672,1.0000000000000007,0.0,0.9950067314936814,0.9948394372194949,0.04388319576230556,0.0781338970888677,1.0000000000000002,0.0
670.0,0.997546934067325,0.9975269780876168,0.06055812799012584,1.3259440504735982,1.0000000000000002,0.0,0.9986479507161751,0.9980462155361424,0.04401639250247714,2.978372944529809,0.9999999999999998,0.0,0.9986479507161751,0.9821996647399817,0.9821832624966232,0.054889357018200635,1.2750002832535672,1.0000000000000007,0.0,0.9950067314936814,0.9948394372194949,0.04388319576230556,0.0781338970888677,1.0000000000000002,0.0
671.0,0.997546934067325,0.9975269780876168,0.06055812799012584,1.3259440504735982,1.0000000000000002,0.0,0.9986479507161751,0.9980462155361424,0.04401639250247714,2.978372944529809,0.9999999999999998,0.0,0.9986479507161751,0.9821996647399817,0.9821832624966232,0.054889357018200635,1.2750002832535672,1.0000000000000007,0.0,0.9950067314936814,0.9948394372194949,0.04388319576230556,0.0781338970888677,1.0000000000000002,0.0
672.0,0.997546934067325,0.9975269780876168,0.06055812799012584,1.3259440504735982,1.0000000000000002,0.0,0.9986479507161751,0.9980462155361424,0.04401639250247714,2.978372944529809,0.9999999999999998,0.0,0.9986479507161751,0.9821996647399817,0.9821832624966232,0.054889357018200635,1.2750002832535672,1.0000000000000007,0.0,0.9950067314936814,0.9948394372194949,0.04388319576230556,0.0781338970888677,1.0000000000000002,0.0
673.0,0.997546934067325,0.9975269780876168,0.06055812799012584,1.3259440504735982,1.0000000000000002,0.0,0.9986479507161751,0.9980462155361424,0.04401639250247714,2.978372944529809,0.9999999999999998,0.0,0.9986479507161751,0.9821996647399817,0.9821832624966232,0.054889357018200635,1.2750002832535672,1.0000000000000007,0.0,0.9950067314936814,0.9948394372194949,0.04388319576230556,0.0781338970888677,1.0000000000000002,0.0
674.0,0.9936971111812687,0.9936572937669989,0.06055812799012584,2.643752700183936,1.0000000000000002,0.0,0.9990239805603879,0.9985271165735672,0.04401639250247714,1.492785472145118,0.9999999999999998,0.0,0.9990239805603879,0.9803611268830908,0.9803441750567751,0.054889357018200635,0.6390363804012158,1.0000000000000007,0.0,0.9984279730636445,0.9984280190808987,0.04388319576230556,0.04004597069520041,1.0000000000000002,0.0
675.0,0.9936971111812687,0.9936572937669989,0.06055812799012584,2.643752700183936,1.0000000000000002,0.0,0.9990239805603879,0.9985271165735672,0.04401639250247714,1.492785472145118,0.9999999999999998,0.0,0.9990239805603879,0.9803611268830908,0.9803441750567751,0.054889357018200635,0.6390363804012158,1.0000000000000007,0.0,0.9984279730636445,0.9984280190808987,0.04388319576230556,0.04004597069520041,1.0000000000000002,0.0
676.0,0.9936971111812687,0.9936572937669989,0.06055812799012584,2.643752700183936,1.0000000000000002,0.0,0.9990239805603879,0.9985271165735672,0.04401639250247714,1.492785472145118,0.9999999999999998,0.0,0.9990239805603879,0.9803611268830908,0.9803441750567751,0.054889357018200635,0.6390363804012158,1.0000000000000007,0.0,0.9984279730636445,0.9984280190808987,0.04388319576230556,0.04004597069520041,1.0000000000000002,0.0
677.0,0.9936971111812687,0.9936572937669989,0.06055812799012584,2.643752700183936,1.0000000000000002,0.0,0.9990239805603879,0.9985271165735672,0.04401639250247714,1.492785472145118,0.9999999999999998,0.0,0.9990239805603879,0.9803611268830908,0.9803441750567751,0.054889357018200635,0.6390363804012158,1.0000000000000007,0.0,0.9984279730636445,0.9984280190808987,0.04388319576230556,0.04004597069520041,1.0000000000000002,0.0
678.0,0.9936971111812687,0.9936572937669989,0.06055812799012584,2.643752700183936,1.0000000000000002,0.0,0.9990239805603879,0.9985271165735672,0.04401639250247714,1.492785472145118,0.9999999999999998,0.0,0.9990239805603879,0.9803611268830908,0.9803441750567751,0.054889357018200635,0.6390363804012158,1.0000000000000007,0.0,0.9984279730636445,0.9984280190808987,0.04388319576230556,0.04004597069520041,1.0000000000000002,0.0
679.0,0.9908517420476228,0.9908021701370505,0.06055812799012584,1.3251571469857275,1.0000000000000002,0.0,0.9996194038506988,0.9999558880930446,0.04401639250247714,0.7481710301228802,0.9999999999999998,0.0,0.9996194038506988,0.9781916628512286,0.9781859256793054,0.054889357018200635,0.3202993912438424,1.0000000000000007,0.0,0.9965965185651472,0.9965965185651472,0.04388319576230556,0.07986505627387652,1.0000000000000002,0.0
680.0,0.9908517420476228,0.9908021701370505,0.06055812799012584,1.3251571469857275,1.0000000000000002,0.0,0.9996194038506988,0.9999558880930446,0.04401639250247714,0.7481710301228802,0.9999999999999998,0.0,0.9996194038506988,0.9781916628512286,0.9781859256793054,0.054889357018200635,0.3202993912438424,1.0000000000000007,0.0,0.9965965185651472,0.9965965185651472,0.04388319576230556,0.07986505627387652,1.0000000000000002,0.0
681.0,0.9908517420476228,0.9908021701370505,0.06055812799012584,1.3251571469857275,1.0000000000000002,0.0,0.9996194038506988,0.9999558880930446,0.04401639250247714,0.7481710301228802,0.9999999999999998,0.0,0.9996194038506988,0.9781916628512286,0.9781859256793054,0.054889357018200635,0.3202993912438424,1.0000000000000007,0.0,0.9965965185651472,0.9965965185651472,0.04388319576230556,0.07986505627387652,1.0000000000000002,0.0
682.0,0.9908517420476228,0.9908021701370505,0.06055812799012584,1.3251571469857275,1.0000000000000002,0.0,0.9996194038506988,0.9999558880930446,0.04401639250247714,0.7481710301228802,0.9999999999999998,0.0,0.9996194038506988,0.9781916628512286,0.9781859256793054,0.054889357018200635,0.3202993912438424,1.0000000000000007,0.0,0.9965965185651472,0.9965965185651472,0.04388319576230556,0.07986505627387652,1.0000000000000002,0.0
683.0,0.9908517420476228,0.9908021701370505,0.06055812799012584,1.3251571469857275,1.0000000000000002,0.0,0.9996194038506988,0.9999558880930446,0.04401639250247714,0.7481710301228802,0.9999999999999998,0.0,0.9996194038506988,0.9781916628512286,0.9781859256793054,0.054889357018200635,0.3202993912438424,1.0000000000000007,0.0,0.9965965185651472,0.9965965185651472,0.04388319576230556,0.07986505627387652,1.0000000000000002,0.0
684.0,0.9992908602363304,0.9992563436850258,0.06055812799012584,0.6641631291321055,1.0000000000000002,0.0,0.9998829105842177,0.9998829165843086,0.04401639250247714,0.3749802421527451,0.9999999999999998,0.0,0.9998829105842177,0.9800178166479481,0.9800179039180535,0.054889357018200635,0.1605559148087554,1.0000000000000007,0.0,0.9932064959133408,0.9932064959133408,0.04388319576230556,0.15914702997688104,1.0000000000000002,0.0
685.0,0.9992908602363304,0.9992563436850258,0.06055812799012584,0.6641631291321055,1.0000000000000002,0.0,0.9998829105842177,0.9998829165843086,0.04401639250247714,0.3749802421527451,0.9999999999999998,0.0,0.9998829105842177,0.9800178166479481,0.9800179039180535,0.054889357018200635,0.1605559148087554,1.0000000000000007,0.0,0.9932064959133408,0.9932064959133408,0.04388319576230556,0.15914702997688104,1.0000000000000002,0.0
686.0,0.9992908602363304,0.9992563436850258,0.06055812799012584,0.6641631291321055,1.0000000000000002,0.0,0.9998829105842177,0.9998829165843086,0.04401639250247714,0.3749802421527451,0.9999999999999998,0.0,0.9998829105842177,0.9800178166479481,0.9800179039180535,0.054889357018200635,0.1605559148087554,1.0000000000000007,0.0,0.9932064959133408,0.9932064959133408,0.04388319576230556,0.15914702997688104,1.0000000000000002,0.0
687.0,0.9992908602363304,0.9992563436850258,0.06055812799012584,0.6641631291321055,1.0000000000000002,0.0,0.9998829105842177,0.9998829165843086,0.04401639250247714,0.3749802421527451,0.9999999999999998,0.0,0.9998829105842177,0.9800178166479481,0.9800179039180535,0.054889357018200635,0.1605559148087554,1.0000000000000007,0.0,0.9932064959133408,0.9932064959133408,0.04388319576230556,0.15914702997688104,1.0000000000000002,0.0
688.0,0.9992908602363304,0.9992563436850258,0.06055812799012584,0.6641631291321055,1.0000000000000002,0.0,0.9998829105842177,0.9998829165843086,0.04401639250247714,0.3749802421527451,0.9999999999999998,0.0,0.9998829105842177,0.9800178166479481,0.9800179039180535,0.054889357018200635,0.1605559148087554,1.0000000000000007,0.0,0.9932064959133408,0.9932064959133408,0.04388319576230556,0.15914702997688104,1.0000000000000002,0.0
689.0,0.9992929402625055,0.9992811456710256,0.06055812799012584,0.33288136587987277,1.0000000000000002,0.0,0.9939459358876532,0.9939459358876532,0.04401639250247714,0.1879426681773437,0.9999999999999998,0.0,0.9939459358876532,0.9781484638303525,0.9781485075690152,0.054889357018200635,0.08064602908004827,1.0000000000000007,0.0,0.9990172132986819,0.9990172132986819,0.04388319576230556,0.31728936200471497,1.0000000000000002,0.0
690.0,0.9992929402625055,0.9992811456710256,0.06055812799012584,0.33288136587987277,1.0000000000000002,0.0,0.9939459358876532,0.9939459358876532,0.04401639250247714,0.1879426681773437,0.9999999999999998,0.0,0.9939459358876532,0.9781484638303525,0.9781485075690152,0.054889357018200635,0.08064602908004827,1.0000000000000007,0.0,0.9990172132986819,0.9990172132986819,0.04388319576230556,0.31728936200471497,1.0000000000000002,0.0
691.0,0.9992929402625055,0.9992811456710256,0.06055812799012584,0.33288136587987277,1.0000000000000002,0.0,0.9939459358876532,0.9939459358876532,0.04401639250247714,0.1879426681773437,0.9999999999999998,0.0,0.9939459358876532,0.9781484638303525,0.9781485075690152,0.054889357018200635,0.08064602908004827,1.0000000000000007,0.0,0.9990172132986819,0.9990172132986819,0.04388319576230556,0.31728936200471497,1.0000000000000002,0.0
692.0,0.9992929402625055,0.9992811456710256,0.06055812799012584,0.33288136587987277,1.0000000000000002,0.0,0.9939459358876532,0.9939459358876532,0.04401639250247714,0.1879426681773437,0.9999999999999998,0.0,0.9939459358876532,0.9781484638303525,0.9781485075690152,0.054889357018200635,0.08064602908004827,1.0000000000000007,0.0,0.9990172132986819,0.9990172132986819,0.04388319576230556,0.31728936200471497,1.0000000000000002,0.0
693.0,0.9992929402625055,0.9992811456710256,0.06055812799012584,0.33288136587987277,1.0000000000000002,0.0,0.9939459358876532,0.9939459358876532,0.04401639250247714,0.1879426681773437,0.9999999999999998,0.0,0.9939459358876532,0.9781484638303525,0.9781485075690152,0.054889357018200635,0.08064602908004827,1.0000000000000007,0.0,0.9990172132986819,0.9990172132986819,0.04388319576230556,0.31728936200471497,1.0000000000000002,0.0
694.0,0.9994600808916401,0.9994600808916401,0.06055812799012584,0.16684830818214733,1.0000000000000002,0.0,0.9926065750354953,0.9926065750354953,0.04401639250247714,0.09421244153184559,0.9999999999999998,0.0,0.9926065750354953,0.9781230210218951,0.9789558264187416,0.054889357018200635,0.16086030486053982,1.0000000000000007,0.0,0.9978181749410799,0.9978181749410799,0.04388319576230556,0.6327883543571513,1.0000000000000002,0.0
695.0,0.9994600808916401,0.9994600808916401,0.06055812799012584,0.16684830818214733,1.0000000000000002,0.0,0.9926065750354953,0.9926065750354953,0.04401639250247714,0.09421244153184559,0.9999999999999998,0.0,0.9926065750354953,0.9781230210218951,0.9789558264187416,0.054889357018200635,0.16086030486053982,1.0000000000000007,0.0,0.9978181749410799,0.9978181749410799,0.04388319576230556,0.6327883543571513,1.0000000000000002,0.0
696.0,0.9994600808916401,0.9994600808916401,0.06055812799012584,0.16684830818214733,1.0000000000000002,0.0,0.9926065750354953,0.9926065750354953,0.04401639250247714,0.09421244153184559,0.9999999999999998,0.0,0.9926065750354953,0.9781230210218951,0.9789558264187416,0.054889357018200635,0.16086030486053982,1.0000000000000007,0.0,0.9978181749410799,0.9978181749410799,0.04388319576230556,0.6327883543571513,1.0000000000000002,0.0
697.0,0.9994600808916401,0.9994600808916401,0.06055812799012584,0.16684830818214733,1.0000000000000002,0.0,0.9926065750354953,0.9926065750354953,0.04401639250247714,0.09421244153184559,0.9999999999999998,0.0,0.9926065750354953,0.9781230210218951,0.9789558264187416,0.054889357018200635,0.16086030486053982,1.0000000000000007,0.0,0.9978181749410799,0.9978181749410799,0.04388319576230556,0.6327883543571513,1.0000000000000002,0.0
698.0,0.9994600808916401,0.9994600808916401,0.06055812799012584,0.16684830818214733,1.0000000000000002,0.0,0.9926065750354953,0.9926065750354953,0.04401639250247714,0.09421244153184559,0.9999999999999998,0.0,0.9926065750354953,0.9781230210218951,0.9789558264187416,0.054889357018200635,0.16086030486053982,1.0000000000000007,0.0,0.9978181749410799,0.9978181749410799,0.04388319576230556,0.6327883543571513,1.0000000000000002,0.0
699.0,0.9999732537450807,0.9999732537450807,0.06055812799012584,0.08366106381801554,1.0000000000000002,0.0,0.9942505938073382,0.9942505938073382,0.04401639250247714,0.047259715628520174,0.9999999999999998,0.0,0.9942505938073382,0.9763720695311624,0.9763764985811155,0.054889357018200635,0.3208955850602831,1.0000000000000007,0.0,0.992166744682034,0.992166744682034,0.04388319576230556,1.2509084583881556,1.0000000000000002,0.0
700.0,0.9999732537450807,0.9999732537450807,0.06055812799012584,0.08366106381801554,1.0000000000000002,0.0,0.9942505938073382,0.9942505938073382,0.04401639250247714,0.047259715628520174,0.9999999999999998,0.0,0.9942505938073382,0.9763720695311624,0.9763764985811155,0.054889357018200635,0.3208955850602831,1.0000000000000007,0.0,0.992166744682034,0.992166744682034,0.04388319576230556,1.2509084583881556,1.0000000000000002,0.0
