campaign_seed,pass_slot,interval_index,classification,user_index,user_id,serving_sector,serving_stream,full_load_nominal_total_rate_bps_hz,current_load_nominal_total_rate_bps_hz,floor_bps_hz,floor_branch,current_load_nominal_meets_absolute_floor,current_load_serviceability_mismatch,optimistic_single_user_floor_feasible,optimistic_user_index,optimistic_serving_sector,optimistic_serving_stream,optimistic_maximum_target_stream_scale,optimistic_eess_limited_target_stream_scale,optimistic_protected_rate_bps_hz,optimistic_total_rate_bps_hz
44025,0,20,FIXED_Q_FIXED_BEAM_JOINT_GLOBAL_INFEASIBLE,81,E3_SITE_07_SEC_3_UE_2,20,1,0.14106549627875736,0.0778726347388416,0.1,ABSOLUTE_0P1,False,True,True,81,20,1,1.0,3761.9600446783124,1.3217269035864647,0.20880050503417158
44025,0,20,FIXED_Q_FIXED_BEAM_JOINT_GLOBAL_INFEASIBLE,82,E3_SITE_07_SEC_3_UE_3,20,2,0.20561812248659442,0.08648378376020682,0.1,ABSOLUTE_0P1,False,True,True,82,20,2,1.0,1553555.8440187536,3.1814677231352393,0.39630979679714534
44025,0,20,FIXED_Q_FIXED_BEAM_JOINT_GLOBAL_INFEASIBLE,151,E3_SITE_13_SEC_2_UE_4,37,3,0.12032732519934713,0.058529336439695524,0.1,ABSOLUTE_0P1,False,True,True,151,37,3,1.0,30979646.539872795,3.2069320457268016,0.37804418952078334
44025,0,20,FIXED_Q_FIXED_BEAM_JOINT_GLOBAL_INFEASIBLE,157,E3_SITE_14_SEC_1_UE_2,39,1,0.5404281785642094,1.0322549385807984,0.9290294447227186,RELATIVE_0P9_CURRENT_LOAD_NOMINAL,True,False,True,157,39,1,1.0,13953312.849387597,5.981756403690334,1.5056454772470718
44025,0,21,FIXED_Q_FIXED_BEAM_JOINT_GLOBAL_INFEASIBLE,81,E3_SITE_07_SEC_3_UE_2,20,1,0.14106549627875736,0.0778726347388416,0.1,ABSOLUTE_0P1,False,True,True,81,20,1,1.0,2041.4419032777764,1.3217364121880053,0.20880145589432564
44025,0,21,FIXED_Q_FIXED_BEAM_JOINT_GLOBAL_INFEASIBLE,82,E3_SITE_07_SEC_3_UE_3,20,2,0.20561812248659442,0.08648378376020682,0.1,ABSOLUTE_0P1,False,True,True,82,20,2,1.0,843042.9779679229,3.1815281543934977,0.3963158399229712
44025,0,21,FIXED_Q_FIXED_BEAM_JOINT_GLOBAL_INFEASIBLE,151,E3_SITE_13_SEC_2_UE_4,37,3,0.12032732519934713,0.058529336439695524,0.1,ABSOLUTE_0P1,False,True,True,151,37,3,1.0,17176633.940244634,3.2069499805687762,0.3780459830049807
44025,0,21,FIXED_Q_FIXED_BEAM_JOINT_GLOBAL_INFEASIBLE,157,E3_SITE_14_SEC_1_UE_2,39,1,0.5404281785642094,1.0322549385807984,0.9290294447227186,RELATIVE_0P9_CURRENT_LOAD_NOMINAL,True,False,True,157,39,1,1.0,14617679.397663647,5.981756403690334,1.5056454772470718
44025,0,22,FIXED_Q_FIXED_BEAM_JOINT_GLOBAL_INFEASIBLE,81,E3_SITE_07_SEC_3_UE_2,20,1,0.14106549627875736,0.0778726347388416,0.1,ABSOLUTE_0P1,False,True,True,81,20,1,1.0,1107.7003401378033,1.3217498434306392,0.208802799018589
44025,0,22,FIXED_Q_FIXED_BEAM_JOINT_GLOBAL_INFEASIBLE,82,E3_SITE_07_SEC_3_UE_3,20,2,0.20561812248659442,0.08648378376020682,0.1,ABSOLUTE_0P1,False,True,True,82,20,2,1.0,457440.8862414646,3.181613513926315,0.3963243758762529
44025,0,22,FIXED_Q_FIXED_BEAM_JOINT_GLOBAL_INFEASIBLE,151,E3_SITE_13_SEC_2_UE_4,37,3,0.12032732519934713,0.058529336439695524,0.1,ABSOLUTE_0P1,False,True,True,151,37,3,1.0,9523548.093086071,3.206975314042742,0.37804851635237735
44025,0,22,FIXED_Q_FIXED_BEAM_JOINT_GLOBAL_INFEASIBLE,157,E3_SITE_14_SEC_1_UE_2,39,1,0.5404281785642094,1.0322549385807984,0.9290294447227186,RELATIVE_0P9_CURRENT_LOAD_NOMINAL,True,False,True,157,39,1,1.0,15325018.487623855,5.981756403690334,1.5056454772470718
44025,0,23,FIXED_Q_FIXED_BEAM_JOINT_GLOBAL_INFEASIBLE,81,E3_SITE_07_SEC_3_UE_2,20,1,0.14106549627875736,0.0778726347388416,0.1,ABSOLUTE_0P1,False,True,True,81,20,1,1.0,601.0156897652771,1.3217688155371174,0.2088046962292368
44025,0,23,FIXED_Q_FIXED_BEAM_JOINT_GLOBAL_INFEASIBLE,82,E3_SITE_07_SEC_3_UE_3,20,2,0.20561812248659442,0.08648378376020682,0.1,ABSOLUTE_0P1,False,True,True,82,20,2,1.0,248198.1270648103,3.1817340837036405,0.39633643285398545
44025,0,23,FIXED_Q_FIXED_BEAM_JOINT_GLOBAL_INFEASIBLE,151,E3_SITE_13_SEC_2_UE_4,37,3,0.12032732519934713,0.058529336439695524,0.1,ABSOLUTE_0P1,False,True,True,151,37,3,1.0,5345078.458491865,3.207010632442892,0.37805204819239235
44025,0,23,FIXED_Q_FIXED_BEAM_JOINT_GLOBAL_INFEASIBLE,157,E3_SITE_14_SEC_1_UE_2,39,1,0.5404281785642094,1.0322549385807984,0.9290294447227186,RELATIVE_0P9_CURRENT_LOAD_NOMINAL,True,False,True,157,39,1,1.0,16078643.905655986,5.981756403690334,1.5056454772470718
44025,0,24,FIXED_Q_FIXED_BEAM_JOINT_GLOBAL_INFEASIBLE,81,E3_SITE_07_SEC_3_UE_2,20,1,0.14106549627875736,0.0778726347388416,0.1,ABSOLUTE_0P1,False,True,True,81,20,1,1.0,326.09384643830475,1.3217956142939213,0.20880737610491723
44025,0,24,FIXED_Q_FIXED_BEAM_JOINT_GLOBAL_INFEASIBLE,82,E3_SITE_07_SEC_3_UE_3,20,2,0.20561812248659442,0.08648378376020682,0.1,ABSOLUTE_0P1,False,True,True,82,20,2,1.0,134665.17315871175,3.181904385524036,0.39635346303602503
44025,0,24,FIXED_Q_FIXED_BEAM_JOINT_GLOBAL_INFEASIBLE,151,E3_SITE_13_SEC_2_UE_4,37,3,0.12032732519934713,0.058529336439695524,0.1,ABSOLUTE_0P1,False,True,True,151,37,3,1.0,2986432.0172288516,3.2070604635419278,0.37805703130229595
44025,0,24,FIXED_Q_FIXED_BEAM_JOINT_GLOBAL_INFEASIBLE,157,E3_SITE_14_SEC_1_UE_2,39,1,0.5404281785642094,1.0322549385807984,0.9290294447227186,RELATIVE_0P9_CURRENT_LOAD_NOMINAL,True,False,True,157,39,1,1.0,16882154.916862197,5.981756403690334,1.5056454772470718
44025,0,25,FIXED_Q_FIXED_BEAM_JOINT_GLOBAL_INFEASIBLE,81,E3_SITE_07_SEC_3_UE_2,20,1,0.14106549627875736,0.0778726347388416,0.1,ABSOLUTE_0P1,False,True,True,81,20,1,1.0,176.9321750115285,1.3218334684325164,0.2088111615187767
44025,0,25,FIXED_Q_FIXED_BEAM_JOINT_GLOBAL_INFEASIBLE,82,E3_SITE_07_SEC_3_UE_3,20,2,0.20561812248659442,0.08648378376020682,0.1,ABSOLUTE_0P1,False,True,True,82,20,2,1.0,73066.70225616515,3.1821449282425487,0.3963775173078763
44025,0,25,FIXED_Q_FIXED_BEAM_JOINT_GLOBAL_INFEASIBLE,151,E3_SITE_13_SEC_2_UE_4,37,3,0.12032732519934713,0.058529336439695524,0.1,ABSOLUTE_0P1,False,True,True,151,37,3,1.0,1666611.5321017501,3.2071305405471437,0.3780640390028175
44025,0,25,FIXED_Q_FIXED_BEAM_JOINT_GLOBAL_INFEASIBLE,157,E3_SITE_14_SEC_1_UE_2,39,1,0.5404281785642094,1.0322549385807984,0.9290294447227186,RELATIVE_0P9_CURRENT_LOAD_NOMINAL,True,False,True,157,39,1,1.0,17739460.58406255,5.981756403690334,1.5056454772470718
44025,0,26,FIXED_Q_FIXED_BEAM_JOINT_GLOBAL_INFEASIBLE,81,E3_SITE_07_SEC_3_UE_2,20,1,0.14106549627875736,0.0778726347388416,0.1,ABSOLUTE_0P1,False,True,True,81,20,1,1.0,96.00451555308541,1.3218869386019232,0.20881650853571743
44025,0,26,FIXED_Q_FIXED_BEAM_JOINT_GLOBAL_INFEASIBLE,82,E3_SITE_07_SEC_3_UE_3,20,2,0.20561812248659442,0.08648378376020682,0.1,ABSOLUTE_0P1,False,True,True,82,20,2,1.0,39646.45408732259,3.182484673944868,0.3964114918781082
44025,0,26,FIXED_Q_FIXED_BEAM_JOINT_GLOBAL_INFEASIBLE,151,E3_SITE_13_SEC_2_UE_4,37,3,0.12032732519934713,0.058529336439695524,0.1,ABSOLUTE_0P1,False,True,True,151,37,3,1.0,926886.255980353,3.2072295244364173,0.3780739373917449
44025,0,26,FIXED_Q_FIXED_BEAM_JOINT_GLOBAL_INFEASIBLE,157,E3_SITE_14_SEC_1_UE_2,39,1,0.5404281785642094,1.0322549385807984,0.9290294447227186,RELATIVE_0P9_CURRENT_LOAD_NOMINAL,True,False,True,157,39,1,1.0,18654805.586025354,5.981756403690334,1.5056454772470718
44025,0,27,FIXED_Q_FIXED_BEAM_JOINT_GLOBAL_INFEASIBLE,81,E3_SITE_07_SEC_3_UE_2,20,1,0.14106549627875736,0.0778726347388416,0.1,ABSOLUTE_0P1,False,True,True,81,20,1,1.0,52.096595374300236,1.321962466779546,0.2088240613534797
44025,0,27,FIXED_Q_FIXED_BEAM_JOINT_GLOBAL_INFEASIBLE,82,E3_SITE_07_SEC_3_UE_3,20,2,0.20561812248659442,0.08648378376020682,0.1,ABSOLUTE_0P1,False,True,True,82,20,2,1.0,21514.04300843438,3.182964517819906,0.396459476265612
44025,0,27,FIXED_Q_FIXED_BEAM_JOINT_GLOBAL_INFEASIBLE,151,E3_SITE_13_SEC_2_UE_4,37,3,0.12032732519934713,0.058529336439695524,0.1,ABSOLUTE_0P1,False,True,True,151,37,3,1.0,514335.8055927394,3.207369584131057,0.3780879433612089
44025,0,27,FIXED_Q_FIXED_BEAM_JOINT_GLOBAL_INFEASIBLE,157,E3_SITE_14_SEC_1_UE_2,39,1,0.5404281785642094,1.0322549385807984,0.9290294447227186,RELATIVE_0P9_CURRENT_LOAD_NOMINAL,True,False,True,157,39,1,1.0,19632797.43430376,5.981756403690334,1.5056454772470718
44025,0,28,FIXED_Q_FIXED_BEAM_JOINT_GLOBAL_INFEASIBLE,81,E3_SITE_07_SEC_3_UE_2,20,1,0.14106549627875736,0.0778726347388416,0.1,ABSOLUTE_0P1,False,True,True,81,20,1,1.0,28.272940155764058,1.3220691522796342,0.2088347299034885
44025,0,28,FIXED_Q_FIXED_BEAM_JOINT_GLOBAL_INFEASIBLE,82,E3_SITE_07_SEC_3_UE_3,20,2,0.20561812248659442,0.08648378376020682,0.1,ABSOLUTE_0P1,False,True,True,82,20,2,1.0,11675.719806942783,3.183642196251007,0.3965272441087221
44025,0,28,FIXED_Q_FIXED_BEAM_JOINT_GLOBAL_INFEASIBLE,151,E3_SITE_13_SEC_2_UE_4,37,3,0.12032732519934713,0.058529336439695524,0.1,ABSOLUTE_0P1,False,True,True,151,37,3,1.0,285240.8967793811,3.2075673421443605,0.37810771916253916
44025,0,28,FIXED_Q_FIXED_BEAM_JOINT_GLOBAL_INFEASIBLE,157,E3_SITE_14_SEC_1_UE_2,39,1,0.5404281785642094,1.0322549385807984,0.9290294447227186,RELATIVE_0P9_CURRENT_LOAD_NOMINAL,True,False,True,157,39,1,1.0,19888461.99688986,5.981756403690334,1.5056454772470718
44025,0,29,FIXED_Q_FIXED_BEAM_JOINT_GLOBAL_INFEASIBLE,81,E3_SITE_07_SEC_3_UE_2,20,1,0.14106549627875736,0.0778726347388416,0.1,ABSOLUTE_0P1,False,True,True,81,20,1,1.0,15.345691888913127,1.32221984778459,0.20884979945398408
44025,0,29,FIXED_Q_FIXED_BEAM_JOINT_GLOBAL_INFEASIBLE,82,E3_SITE_07_SEC_3_UE_3,20,2,0.20561812248659442,0.08648378376020682,0.1,ABSOLUTE_0P1,False,True,True,82,20,2,1.0,6337.2255503499655,3.1845992050094125,0.3966229449845627
44025,0,29,FIXED_Q_FIXED_BEAM_JOINT_GLOBAL_INFEASIBLE,151,E3_SITE_13_SEC_2_UE_4,37,3,0.12032732519934713,0.058529336439695524,0.1,ABSOLUTE_0P1,False,True,True,151,37,3,1.0,158150.01963831816,3.207846272543533,0.3781356122024564
44025,0,29,FIXED_Q_FIXED_BEAM_JOINT_GLOBAL_INFEASIBLE,157,E3_SITE_14_SEC_1_UE_2,39,1,0.5404281785642094,1.0322549385807984,0.9290294447227186,RELATIVE_0P9_CURRENT_LOAD_NOMINAL,True,False,True,157,39,1,1.0,19888461.99688986,5.981756403690334,1.5056454772470718
44025,0,30,FIXED_Q_FIXED_BEAM_JOINT_GLOBAL_INFEASIBLE,81,E3_SITE_07_SEC_3_UE_2,20,1,0.14106549627875736,0.0778726347388416,0.1,ABSOLUTE_0P1,False,True,True,81,20,1,1.0,8.330373066071147,1.3224327073109923,0.2088710854066243
44025,0,30,FIXED_Q_FIXED_BEAM_JOINT_GLOBAL_INFEASIBLE,82,E3_SITE_07_SEC_3_UE_3,20,2,0.20561812248659442,0.08648378376020682,0.1,ABSOLUTE_0P1,False,True,True,82,20,2,1.0,3440.1481158626493,3.185950542233059,0.3967580787069273
44025,0,30,FIXED_Q_FIXED_BEAM_JOINT_GLOBAL_INFEASIBLE,151,E3_SITE_13_SEC_2_UE_4,37,3,0.12032732519934713,0.058529336439695524,0.1,ABSOLUTE_0P1,False,True,True,151,37,3,1.0,138859.01108942265,3.2079631109879805,0.3781472960469012
44025,0,30,FIXED_Q_FIXED_BEAM_JOINT_GLOBAL_INFEASIBLE,157,E3_SITE_14_SEC_1_UE_2,39,1,0.5404281785642094,1.0322549385807984,0.9290294447227186,RELATIVE_0P9_CURRENT_LOAD_NOMINAL,True,False,True,157,39,1,1.0,19888461.99688986,5.981756403690334,1.5056454772470718
44025,0,31,FIXED_Q_FIXED_BEAM_JOINT_GLOBAL_INFEASIBLE,81,E3_SITE_07_SEC_3_UE_2,20,1,0.14106549627875736,0.0778726347388416,0.1,ABSOLUTE_0P1,False,True,True,81,20,1,1.0,7.602173329775305,1.3224994832772865,0.20887776300325372
44025,0,31,FIXED_Q_FIXED_BEAM_JOINT_GLOBAL_INFEASIBLE,82,E3_SITE_07_SEC_3_UE_3,20,2,0.20561812248659442,0.08648378376020682,0.1,ABSOLUTE_0P1,False,True,True,82,20,2,1.0,2350.4552849833576,3.187042438718418,0.3968672683554632
44025,0,31,FIXED_Q_FIXED_BEAM_JOINT_GLOBAL_INFEASIBLE,151,E3_SITE_13_SEC_2_UE_4,37,3,0.12032732519934713,0.058529336439695524,0.1,ABSOLUTE_0P1,False,True,True,151,37,3,1.0,153467.99411626332,3.2079631109879805,0.3781472960469012
44025,0,31,FIXED_Q_FIXED_BEAM_JOINT_GLOBAL_INFEASIBLE,157,E3_SITE_14_SEC_1_UE_2,39,1,0.5404281785642094,1.0322549385807984,0.9290294447227186,RELATIVE_0P9_CURRENT_LOAD_NOMINAL,True,False,True,157,39,1,1.0,19888461.99688986,5.981756403690334,1.5056454772470718
44025,0,32,FIXED_Q_FIXED_BEAM_JOINT_GLOBAL_INFEASIBLE,81,E3_SITE_07_SEC_3_UE_2,20,1,0.14106549627875736,0.0778726347388416,0.1,ABSOLUTE_0P1,False,True,True,81,20,1,1.0,5.522334834119959,1.3226629955678484,0.2088941142323099
44025,0,32,FIXED_Q_FIXED_BEAM_JOINT_GLOBAL_INFEASIBLE,82,E3_SITE_07_SEC_3_UE_3,20,2,0.20561812248659442,0.08648378376020682,0.1,ABSOLUTE_0P1,False,True,True,82,20,2,1.0,1411.6327550044825,3.1888254225902606,0.39704556674264746
44025,0,32,FIXED_Q_FIXED_BEAM_JOINT_GLOBAL_INFEASIBLE,151,E3_SITE_13_SEC_2_UE_4,37,3,0.12032732519934713,0.058529336439695524,0.1,ABSOLUTE_0P1,False,True,True,151,37,3,1.0,134709.50901023543,3.2080942010036266,0.3781604050484658
44025,0,32,FIXED_Q_FIXED_BEAM_JOINT_GLOBAL_INFEASIBLE,157,E3_SITE_14_SEC_1_UE_2,39,1,0.5404281785642094,1.0322549385807984,0.9290294447227186,RELATIVE_0P9_CURRENT_LOAD_NOMINAL,True,False,True,157,39,1,1.0,19888461.99688986,5.981756403690334,1.5056454772470718
44025,0,33,FIXED_Q_FIXED_BEAM_JOINT_GLOBAL_INFEASIBLE,81,E3_SITE_07_SEC_3_UE_2,20,1,0.14106549627875736,0.0778726347388416,0.1,ABSOLUTE_0P1,False,True,True,81,20,1,1.0,4.798378955148811,1.322746639699186,0.2089024786454437
44025,0,33,FIXED_Q_FIXED_BEAM_JOINT_GLOBAL_INFEASIBLE,82,E3_SITE_07_SEC_3_UE_3,20,2,0.20561812248659442,0.08648378376020682,0.1,ABSOLUTE_0P1,False,True,True,82,20,2,1.0,1034.38128201993,3.1901915686570996,0.39718218134933136
44025,0,33,FIXED_Q_FIXED_BEAM_JOINT_GLOBAL_INFEASIBLE,151,E3_SITE_13_SEC_2_UE_4,37,3,0.12032732519934713,0.058529336439695524,0.1,ABSOLUTE_0P1,False,True,True,151,37,3,1.0,148837.51659208865,3.2080942010036266,0.3781604050484658
44025,0,33,FIXED_Q_FIXED_BEAM_JOINT_GLOBAL_INFEASIBLE,157,E3_SITE_14_SEC_1_UE_2,39,1,0.5404281785642094,1.0322549385807984,0.9290294447227186,RELATIVE_0P9_CURRENT_LOAD_NOMINAL,True,False,True,157,39,1,1.0,19888461.99688986,5.981756403690334,1.5056454772470718
44025,0,34,FIXED_Q_FIXED_BEAM_JOINT_GLOBAL_INFEASIBLE,81,E3_SITE_07_SEC_3_UE_2,20,1,0.14106549627875736,0.0778726347388416,0.1,ABSOLUTE_0P1,False,True,True,81,20,1,1.0,5.200886689609102,1.322746639699186,0.2089024786454437
44025,0,34,FIXED_Q_FIXED_BEAM_JOINT_GLOBAL_INFEASIBLE,82,E3_SITE_07_SEC_3_UE_3,20,2,0.20561812248659442,0.08648378376020682,0.1,ABSOLUTE_0P1,False,True,True,82,20,2,1.0,1121.1494323235281,3.1901915686570996,0.39718218134933136
44025,0,34,FIXED_Q_FIXED_BEAM_JOINT_GLOBAL_INFEASIBLE,151,E3_SITE_13_SEC_2_UE_4,37,3,0.12032732519934713,0.058529336439695524,0.1,ABSOLUTE_0P1,False,True,True,151,37,3,1.0,130603.93192260618,3.2082412802832363,0.3781751129764268
44025,0,34,FIXED_Q_FIXED_BEAM_JOINT_GLOBAL_INFEASIBLE,157,E3_SITE_14_SEC_1_UE_2,39,1,0.5404281785642094,1.0322549385807984,0.9290294447227186,RELATIVE_0P9_CURRENT_LOAD_NOMINAL,True,False,True,157,39,1,1.0,19888461.99688986,5.981756403690334,1.5056454772470718
44025,0,35,FIXED_Q_FIXED_BEAM_JOINT_GLOBAL_INFEASIBLE,81,E3_SITE_07_SEC_3_UE_2,20,1,0.14106549627875736,0.0778726347388416,0.1,ABSOLUTE_0P1,False,True,True,81,20,1,1.0,5.034694710472435,1.322824254860103,0.20891024016153537
44025,0,35,FIXED_Q_FIXED_BEAM_JOINT_GLOBAL_INFEASIBLE,82,E3_SITE_07_SEC_3_UE_3,20,2,0.20561812248659442,0.08648378376020682,0.1,ABSOLUTE_0P1,False,True,True,82,20,2,1.0,1178.0505924094182,3.190462124751545,0.3972092369587759
44025,0,35,FIXED_Q_FIXED_BEAM_JOINT_GLOBAL_INFEASIBLE,151,E3_SITE_13_SEC_2_UE_4,37,3,0.12032732519934713,0.058529336439695524,0.1,ABSOLUTE_0P1,False,True,True,151,37,3,1.0,114584.07654573112,3.2084062982235726,0.37819161477046037
44025,0,35,FIXED_Q_FIXED_BEAM_JOINT_GLOBAL_INFEASIBLE,157,E3_SITE_14_SEC_1_UE_2,39,1,0.5404281785642094,1.0322549385807984,0.9290294447227186,RELATIVE_0P9_CURRENT_LOAD_NOMINAL,True,False,True,157,39,1,1.0,19888461.99688986,5.981756403690334,1.5056454772470718
44025,0,36,FIXED_Q_FIXED_BEAM_JOINT_GLOBAL_INFEASIBLE,81,E3_SITE_07_SEC_3_UE_2,20,1,0.14106549627875736,0.0778726347388416,0.1,ABSOLUTE_0P1,False,True,True,81,20,1,1.0,4.810750257990111,1.3229113398756975,0.20891894866309485
44025,0,36,FIXED_Q_FIXED_BEAM_JOINT_GLOBAL_INFEASIBLE,82,E3_SITE_07_SEC_3_UE_3,20,2,0.20561812248659442,0.08648378376020682,0.1,ABSOLUTE_0P1,False,True,True,82,20,2,1.0,1229.7357629179921,3.190765667254167,0.3972395912090381
44025,0,36,FIXED_Q_FIXED_BEAM_JOINT_GLOBAL_INFEASIBLE,151,E3_SITE_13_SEC_2_UE_4,37,3,0.12032732519934713,0.058529336439695524,0.1,ABSOLUTE_0P1,False,True,True,151,37,3,1.0,100524.0215792233,3.208590950504789,0.378210079998582
44025,0,36,FIXED_Q_FIXED_BEAM_JOINT_GLOBAL_INFEASIBLE,157,E3_SITE_14_SEC_1_UE_2,39,1,0.5404281785642094,1.0322549385807984,0.9290294447227186,RELATIVE_0P9_CURRENT_LOAD_NOMINAL,True,False,True,157,39,1,1.0,19888461.99688986,5.981756403690334,1.5056454772470718
44025,0,37,FIXED_Q_FIXED_BEAM_JOINT_GLOBAL_INFEASIBLE,81,E3_SITE_07_SEC_3_UE_2,20,1,0.14106549627875736,0.0778726347388416,0.1,ABSOLUTE_0P1,False,True,True,81,20,1,1.0,5.217081772400949,1.3229113398756975,0.20891894866309485
44025,0,37,FIXED_Q_FIXED_BEAM_JOINT_GLOBAL_INFEASIBLE,82,E3_SITE_07_SEC_3_UE_3,20,2,0.20561812248659442,0.08648378376020682,0.1,ABSOLUTE_0P1,False,True,True,82,20,2,1.0,1333.6032197750014,3.190765667254167,0.3972395912090381
44025,0,37,FIXED_Q_FIXED_BEAM_JOINT_GLOBAL_INFEASIBLE,151,E3_SITE_13_SEC_2_UE_4,37,3,0.12032732519934713,0.058529336439695524,0.1,ABSOLUTE_0P1,False,True,True,151,37,3,1.0,110968.9774909439,3.208591441672697,0.3782101291153728
44025,0,37,FIXED_Q_FIXED_BEAM_JOINT_GLOBAL_INFEASIBLE,157,E3_SITE_14_SEC_1_UE_2,39,1,0.5404281785642094,1.0322549385807984,0.9290294447227186,RELATIVE_0P9_CURRENT_LOAD_NOMINAL,True,False,True,157,39,1,1.0,19888461.99688986,5.981756403690334,1.5056454772470718
44025,0,38,FIXED_Q_FIXED_BEAM_JOINT_GLOBAL_INFEASIBLE,81,E3_SITE_07_SEC_3_UE_2,20,1,0.14106549627875736,0.0778726347388416,0.1,ABSOLUTE_0P1,False,True,True,81,20,1,1.0,5.658582894537342,1.3229113398756975,0.20891894866309485
44025,0,38,FIXED_Q_FIXED_BEAM_JOINT_GLOBAL_INFEASIBLE,82,E3_SITE_07_SEC_3_UE_3,20,2,0.20561812248659442,0.08648378376020682,0.1,ABSOLUTE_0P1,False,True,True,82,20,2,1.0,1446.4608178924268,3.190765667254167,0.3972395912090381
44025,0,38,FIXED_Q_FIXED_BEAM_JOINT_GLOBAL_INFEASIBLE,151,E3_SITE_13_SEC_2_UE_4,37,3,0.12032732519934713,0.058529336439695524,0.1,ABSOLUTE_0P1,False,True,True,151,37,3,1.0,97308.39139509929,3.208798612727531,0.37823084622085623
44025,0,38,FIXED_Q_FIXED_BEAM_JOINT_GLOBAL_INFEASIBLE,157,E3_SITE_14_SEC_1_UE_2,39,1,0.5404281785642094,1.0322549385807984,0.9290294447227186,RELATIVE_0P9_CURRENT_LOAD_NOMINAL,True,False,True,157,39,1,1.0,19888461.99688986,5.981756403690334,1.5056454772470718
44025,0,39,FIXED_Q_FIXED_BEAM_JOINT_GLOBAL_INFEASIBLE,81,E3_SITE_07_SEC_3_UE_2,20,1,0.14106549627875736,0.0778726347388416,0.1,ABSOLUTE_0P1,False,True,True,81,20,1,1.0,6.722532219530528,1.3228671140678967,0.20891452608231476
44025,0,39,FIXED_Q_FIXED_BEAM_JOINT_GLOBAL_INFEASIBLE,82,E3_SITE_07_SEC_3_UE_3,20,2,0.20561812248659442,0.08648378376020682,0.1,ABSOLUTE_0P1,False,True,True,82,20,2,1.0,1886.8150922169166,3.190043513482615,0.3971673758318829
44025,0,39,FIXED_Q_FIXED_BEAM_JOINT_GLOBAL_INFEASIBLE,151,E3_SITE_13_SEC_2_UE_4,37,3,0.12032732519934713,0.058529336439695524,0.1,ABSOLUTE_0P1,False,True,True,151,37,3,1.0,214134.2770043822,3.2082422092900917,0.3781752058771123
44025,0,39,FIXED_Q_FIXED_BEAM_JOINT_GLOBAL_INFEASIBLE,157,E3_SITE_14_SEC_1_UE_2,39,1,0.5404281785642094,1.0322549385807984,0.9290294447227186,RELATIVE_0P9_CURRENT_LOAD_NOMINAL,True,False,True,157,39,1,1.0,19888461.99688986,5.981756403690334,1.5056454772470718
44025,0,80,EXPANDED_LOCAL_HYBRID_K4_FEASIBLE,151,E3_SITE_13_SEC_2_UE_4,37,3,0.12032732519934713,0.08787904209545966,0.1,ABSOLUTE_0P1,False,True,True,151,37,3,1.0,414640.1296420462,3.6847914108390034,0.4546562828729309
44025,0,81,EXPANDED_LOCAL_HYBRID_K4_FEASIBLE,151,E3_SITE_13_SEC_2_UE_4,37,3,0.12032732519934713,0.08787904209545966,0.1,ABSOLUTE_0P1,False,True,True,151,37,3,1.0,827315.8249485965,3.6846055011750343,0.454637691906534
44025,0,82,EXPANDED_LOCAL_HYBRID_K4_FEASIBLE,151,E3_SITE_13_SEC_2_UE_4,37,3,0.12032732519934713,0.08787904209545966,0.1,ABSOLUTE_0P1,False,True,True,151,37,3,1.0,859631.8944902568,3.684601314192606,0.45463727320829117
44025,0,83,EXPANDED_LOCAL_HYBRID_K4_FEASIBLE,151,E3_SITE_13_SEC_2_UE_4,37,3,0.12032732519934713,0.08787904209545966,0.1,ABSOLUTE_0P1,False,True,True,151,37,3,1.0,876796.9911440241,3.6845983500352344,0.4546369767925541
44025,0,84,EXPANDED_LOCAL_HYBRID_K4_FEASIBLE,151,E3_SITE_13_SEC_2_UE_4,37,3,0.12032732519934713,0.08787904209545966,0.1,ABSOLUTE_0P1,False,True,True,151,37,3,1.0,885660.4036347098,3.6845962515721116,0.4546367669462418
44025,0,100,FIXED_Q_FIXED_BEAM_JOINT_GLOBAL_INFEASIBLE,81,E3_SITE_07_SEC_3_UE_2,20,1,0.14106549627875736,0.0778726347388416,0.1,ABSOLUTE_0P1,False,True,True,81,20,1,1.0,196.00456310911795,1.3218860737013798,0.20881642204566309
44025,0,100,FIXED_Q_FIXED_BEAM_JOINT_GLOBAL_INFEASIBLE,82,E3_SITE_07_SEC_3_UE_3,20,2,0.20561812248659442,0.08648378376020682,0.1,ABSOLUTE_0P1,False,True,True,82,20,2,1.0,30393.40067160766,3.183273194865424,0.3964903439701638
44025,0,100,FIXED_Q_FIXED_BEAM_JOINT_GLOBAL_INFEASIBLE,151,E3_SITE_13_SEC_2_UE_4,37,3,0.12032732519934713,0.058529336439695524,0.1,ABSOLUTE_0P1,False,True,True,151,37,3,1.0,160475.32200448954,3.2090315981709203,0.37825414476519514
44025,0,100,FIXED_Q_FIXED_BEAM_JOINT_GLOBAL_INFEASIBLE,157,E3_SITE_14_SEC_1_UE_2,39,1,0.5404281785642094,1.0322549385807984,0.9290294447227186,RELATIVE_0P9_CURRENT_LOAD_NOMINAL,True,False,True,157,39,1,1.0,19888461.99688986,5.981756403690334,1.5056454772470718
44025,0,101,FIXED_Q_FIXED_BEAM_JOINT_GLOBAL_INFEASIBLE,81,E3_SITE_07_SEC_3_UE_2,20,1,0.14106549627875736,0.0778726347388416,0.1,ABSOLUTE_0P1,False,True,True,81,20,1,1.0,98.23498476298063,1.3219612489317907,0.20882393956870415
44025,0,101,FIXED_Q_FIXED_BEAM_JOINT_GLOBAL_INFEASIBLE,82,E3_SITE_07_SEC_3_UE_3,20,2,0.20561812248659442,0.08648378376020682,0.1,ABSOLUTE_0P1,False,True,True,82,20,2,1.0,15232.784403128333,3.1840781170077435,0.39657083618439576
44025,0,101,FIXED_Q_FIXED_BEAM_JOINT_GLOBAL_INFEASIBLE,151,E3_SITE_13_SEC_2_UE_4,37,3,0.12032732519934713,0.058529336439695524,0.1,ABSOLUTE_0P1,False,True,True,151,37,3,1.0,80428.18270087584,3.2099152760560594,0.3783425125537091
44025,0,101,FIXED_Q_FIXED_BEAM_JOINT_GLOBAL_INFEASIBLE,157,E3_SITE_14_SEC_1_UE_2,39,1,0.5404281785642094,1.0322549385807984,0.9290294447227186,RELATIVE_0P9_CURRENT_LOAD_NOMINAL,True,False,True,157,39,1,1.0,19888461.99688986,5.981756403690334,1.5056454772470718
44025,0,102,FIXED_Q_FIXED_BEAM_JOINT_GLOBAL_INFEASIBLE,81,E3_SITE_07_SEC_3_UE_2,20,1,0.14106549627875736,0.0778726347388416,0.1,ABSOLUTE_0P1,False,True,True,81,20,1,1.0,49.23412025877538,1.322067439718194,0.20883455864734446
44025,0,102,FIXED_Q_FIXED_BEAM_JOINT_GLOBAL_INFEASIBLE,82,E3_SITE_07_SEC_3_UE_3,20,2,0.20561812248659442,0.08648378376020682,0.1,ABSOLUTE_0P1,False,True,True,82,20,2,1.0,7634.477075444554,3.185214765671247,0.3966845010507461
44025,0,102,FIXED_Q_FIXED_BEAM_JOINT_GLOBAL_INFEASIBLE,151,E3_SITE_13_SEC_2_UE_4,37,3,0.12032732519934713,0.058529336439695524,0.1,ABSOLUTE_0P1,False,True,True,151,37,3,1.0,101221.13754768253,3.209587909336548,0.37830977588175796
44025,0,102,FIXED_Q_FIXED_BEAM_JOINT_GLOBAL_INFEASIBLE,157,E3_SITE_14_SEC_1_UE_2,39,1,0.5404281785642094,1.0322549385807984,0.9290294447227186,RELATIVE_0P9_CURRENT_LOAD_NOMINAL,True,False,True,157,39,1,1.0,19888461.99688986,5.981756403690334,1.5056454772470718
44025,0,103,FIXED_Q_FIXED_BEAM_JOINT_GLOBAL_INFEASIBLE,81,E3_SITE_07_SEC_3_UE_2,20,1,0.14106549627875736,0.0778726347388416,0.1,ABSOLUTE_0P1,False,True,True,81,20,1,1.0,24.675512532568177,1.3222174440765726,0.20884955908318237
44025,0,103,FIXED_Q_FIXED_BEAM_JOINT_GLOBAL_INFEASIBLE,82,E3_SITE_07_SEC_3_UE_3,20,2,0.20561812248659442,0.08648378376020682,0.1,ABSOLUTE_0P1,False,True,True,82,20,2,1.0,3826.3024456328885,3.1868196583881643,0.39684499032243786
44025,0,103,FIXED_Q_FIXED_BEAM_JOINT_GLOBAL_INFEASIBLE,151,E3_SITE_13_SEC_2_UE_4,37,3,0.12032732519934713,0.058529336439695524,0.1,ABSOLUTE_0P1,False,True,True,151,37,3,1.0,101238.93864766309,3.2095870361299914,0.37830968856110225
44025,0,103,FIXED_Q_FIXED_BEAM_JOINT_GLOBAL_INFEASIBLE,157,E3_SITE_14_SEC_1_UE_2,39,1,0.5404281785642094,1.0322549385807984,0.9290294447227186,RELATIVE_0P9_CURRENT_LOAD_NOMINAL,True,False,True,157,39,1,1.0,19888461.99688986,5.981756403690334,1.5056454772470718
44025,0,104,FIXED_Q_FIXED_BEAM_JOINT_GLOBAL_INFEASIBLE,81,E3_SITE_07_SEC_3_UE_2,20,1,0.14106549627875736,0.0778726347388416,0.1,ABSOLUTE_0P1,False,True,True,81,20,1,1.0,12.36705186453289,1.322429342601454,0.20887074893567048
44025,0,104,FIXED_Q_FIXED_BEAM_JOINT_GLOBAL_INFEASIBLE,82,E3_SITE_07_SEC_3_UE_3,20,2,0.20561812248659442,0.08648378376020682,0.1,ABSOLUTE_0P1,False,True,True,82,20,2,1.0,1917.693937748011,3.1890853014641207,0.39707155463003346
44025,0,104,FIXED_Q_FIXED_BEAM_JOINT_GLOBAL_INFEASIBLE,151,E3_SITE_13_SEC_2_UE_4,37,3,0.12032732519934713,0.058529336439695524,0.1,ABSOLUTE_0P1,False,True,True,151,37,3,1.0,101238.93864766309,3.2095870361299914,0.37830968856110225
44025,0,104,FIXED_Q_FIXED_BEAM_JOINT_GLOBAL_INFEASIBLE,157,E3_SITE_14_SEC_1_UE_2,39,1,0.5404281785642094,1.0322549385807984,0.9290294447227186,RELATIVE_0P9_CURRENT_LOAD_NOMINAL,True,False,True,157,39,1,1.0,19888461.99688986,5.981756403690334,1.5056454772470718
44025,0,105,FIXED_Q_FIXED_BEAM_JOINT_GLOBAL_INFEASIBLE,81,E3_SITE_07_SEC_3_UE_2,20,1,0.14106549627875736,0.0778726347388416,0.1,ABSOLUTE_0P1,False,True,True,81,20,1,1.0,10.505932406391223,1.3225608637353583,0.2088839010490609
44025,0,105,FIXED_Q_FIXED_BEAM_JOINT_GLOBAL_INFEASIBLE,82,E3_SITE_07_SEC_3_UE_3,20,2,0.20561812248659442,0.08648378376020682,0.1,ABSOLUTE_0P1,False,True,True,82,20,2,1.0,1855.132866677333,3.189543895715632,0.3971174140551846
44025,0,105,FIXED_Q_FIXED_BEAM_JOINT_GLOBAL_INFEASIBLE,151,E3_SITE_13_SEC_2_UE_4,37,3,0.12032732519934713,0.058529336439695524,0.1,ABSOLUTE_0P1,False,True,True,151,37,3,1.0,101221.13754768253,3.209587909336548,0.37830977588175796
44025,0,105,FIXED_Q_FIXED_BEAM_JOINT_GLOBAL_INFEASIBLE,157,E3_SITE_14_SEC_1_UE_2,39,1,0.5404281785642094,1.0322549385807984,0.9290294447227186,RELATIVE_0P9_CURRENT_LOAD_NOMINAL,True,False,True,157,39,1,1.0,19888461.99688986,5.981756403690334,1.5056454772470718
44025,0,106,FIXED_Q_FIXED_BEAM_JOINT_GLOBAL_INFEASIBLE,81,E3_SITE_07_SEC_3_UE_2,20,1,0.14106549627875736,0.0778726347388416,0.1,ABSOLUTE_0P1,False,True,True,81,20,1,1.0,8.079825006415952,1.322746639699186,0.2089024786454437
44025,0,106,FIXED_Q_FIXED_BEAM_JOINT_GLOBAL_INFEASIBLE,82,E3_SITE_07_SEC_3_UE_3,20,2,0.20561812248659442,0.08648378376020682,0.1,ABSOLUTE_0P1,False,True,True,82,20,2,1.0,1741.7590037704788,3.1901915686570996,0.39718218134933136
44025,0,106,FIXED_Q_FIXED_BEAM_JOINT_GLOBAL_INFEASIBLE,151,E3_SITE_13_SEC_2_UE_4,37,3,0.12032732519934713,0.058529336439695524,0.1,ABSOLUTE_0P1,False,True,True,151,37,3,1.0,101221.13754768253,3.209587909336548,0.37830977588175796
44025,0,106,FIXED_Q_FIXED_BEAM_JOINT_GLOBAL_INFEASIBLE,157,E3_SITE_14_SEC_1_UE_2,39,1,0.5404281785642094,1.0322549385807984,0.9290294447227186,RELATIVE_0P9_CURRENT_LOAD_NOMINAL,True,False,True,157,39,1,1.0,19888461.99688986,5.981756403690334,1.5056454772470718
44025,0,107,FIXED_Q_FIXED_BEAM_JOINT_GLOBAL_INFEASIBLE,81,E3_SITE_07_SEC_3_UE_2,20,1,0.14106549627875736,0.0778726347388416,0.1,ABSOLUTE_0P1,False,True,True,81,20,1,1.0,7.214963310925135,1.322824254860103,0.20891024016153537
44025,0,107,FIXED_Q_FIXED_BEAM_JOINT_GLOBAL_INFEASIBLE,82,E3_SITE_07_SEC_3_UE_3,20,2,0.20561812248659442,0.08648378376020682,0.1,ABSOLUTE_0P1,False,True,True,82,20,2,1.0,1688.2040106558927,3.190462124751545,0.3972092369587759
44025,0,107,FIXED_Q_FIXED_BEAM_JOINT_GLOBAL_INFEASIBLE,151,E3_SITE_13_SEC_2_UE_4,37,3,0.12032732519934713,0.058529336439695524,0.1,ABSOLUTE_0P1,False,True,True,151,37,3,1.0,101238.93864766309,3.2095870361299914,0.37830968856110225
44025,0,107,FIXED_Q_FIXED_BEAM_JOINT_GLOBAL_INFEASIBLE,157,E3_SITE_14_SEC_1_UE_2,39,1,0.5404281785642094,1.0322549385807984,0.9290294447227186,RELATIVE_0P9_CURRENT_LOAD_NOMINAL,True,False,True,157,39,1,1.0,19888461.99688986,5.981756403690334,1.5056454772470718
44025,0,108,FIXED_Q_FIXED_BEAM_JOINT_GLOBAL_INFEASIBLE,81,E3_SITE_07_SEC_3_UE_2,20,1,0.14106549627875736,0.0778726347388416,0.1,ABSOLUTE_0P1,False,True,True,81,20,1,1.0,7.214963310925135,1.322824254860103,0.20891024016153537
44025,0,108,FIXED_Q_FIXED_BEAM_JOINT_GLOBAL_INFEASIBLE,82,E3_SITE_07_SEC_3_UE_3,20,2,0.20561812248659442,0.08648378376020682,0.1,ABSOLUTE_0P1,False,True,True,82,20,2,1.0,1688.2040106558927,3.190462124751545,0.3972092369587759
44025,0,108,FIXED_Q_FIXED_BEAM_JOINT_GLOBAL_INFEASIBLE,151,E3_SITE_13_SEC_2_UE_4,37,3,0.12032732519934713,0.058529336439695524,0.1,ABSOLUTE_0P1,False,True,True,151,37,3,1.0,101221.13754768253,3.209587909336548,0.37830977588175796
44025,0,108,FIXED_Q_FIXED_BEAM_JOINT_GLOBAL_INFEASIBLE,157,E3_SITE_14_SEC_1_UE_2,39,1,0.5404281785642094,1.0322549385807984,0.9290294447227186,RELATIVE_0P9_CURRENT_LOAD_NOMINAL,True,False,True,157,39,1,1.0,19888461.99688986,5.981756403690334,1.5056454772470718
44025,0,109,FIXED_Q_FIXED_BEAM_JOINT_GLOBAL_INFEASIBLE,81,E3_SITE_07_SEC_3_UE_2,20,1,0.14106549627875736,0.0778726347388416,0.1,ABSOLUTE_0P1,False,True,True,81,20,1,1.0,7.214963310925135,1.322824254860103,0.20891024016153537
44025,0,109,FIXED_Q_FIXED_BEAM_JOINT_GLOBAL_INFEASIBLE,82,E3_SITE_07_SEC_3_UE_3,20,2,0.20561812248659442,0.08648378376020682,0.1,ABSOLUTE_0P1,False,True,True,82,20,2,1.0,1688.2040106558927,3.190462124751545,0.3972092369587759
44025,0,109,FIXED_Q_FIXED_BEAM_JOINT_GLOBAL_INFEASIBLE,151,E3_SITE_13_SEC_2_UE_4,37,3,0.12032732519934713,0.058529336439695524,0.1,ABSOLUTE_0P1,False,True,True,151,37,3,1.0,80416.94742135804,3.2099161491874026,0.3783425998668434
44025,0,109,FIXED_Q_FIXED_BEAM_JOINT_GLOBAL_INFEASIBLE,157,E3_SITE_14_SEC_1_UE_2,39,1,0.5404281785642094,1.0322549385807984,0.9290294447227186,RELATIVE_0P9_CURRENT_LOAD_NOMINAL,True,False,True,157,39,1,1.0,19888461.99688986,5.981756403690334,1.5056454772470718
44025,0,110,FIXED_Q_FIXED_BEAM_JOINT_GLOBAL_INFEASIBLE,81,E3_SITE_07_SEC_3_UE_2,20,1,0.14106549627875736,0.0778726347388416,0.1,ABSOLUTE_0P1,False,True,True,81,20,1,1.0,7.214963310925135,1.322824254860103,0.20891024016153537
44025,0,110,FIXED_Q_FIXED_BEAM_JOINT_GLOBAL_INFEASIBLE,82,E3_SITE_07_SEC_3_UE_3,20,2,0.20561812248659442,0.08648378376020682,0.1,ABSOLUTE_0P1,False,True,True,82,20,2,1.0,1688.2040106558927,3.190462124751545,0.3972092369587759
44025,0,110,FIXED_Q_FIXED_BEAM_JOINT_GLOBAL_INFEASIBLE,151,E3_SITE_13_SEC_2_UE_4,37,3,0.12032732519934713,0.058529336439695524,0.1,ABSOLUTE_0P1,False,True,True,151,37,3,1.0,80416.94742135804,3.2099161491874026,0.3783425998668434
44025,0,110,FIXED_Q_FIXED_BEAM_JOINT_GLOBAL_INFEASIBLE,157,E3_SITE_14_SEC_1_UE_2,39,1,0.5404281785642094,1.0322549385807984,0.9290294447227186,RELATIVE_0P9_CURRENT_LOAD_NOMINAL,True,False,True,157,39,1,1.0,19888461.99688986,5.981756403690334,1.5056454772470718
44025,0,111,FIXED_Q_FIXED_BEAM_JOINT_GLOBAL_INFEASIBLE,81,E3_SITE_07_SEC_3_UE_2,20,1,0.14106549627875736,0.0778726347388416,0.1,ABSOLUTE_0P1,False,True,True,81,20,1,1.0,7.214963310925135,1.322824254860103,0.20891024016153537
44025,0,111,FIXED_Q_FIXED_BEAM_JOINT_GLOBAL_INFEASIBLE,82,E3_SITE_07_SEC_3_UE_3,20,2,0.20561812248659442,0.08648378376020682,0.1,ABSOLUTE_0P1,False,True,True,82,20,2,1.0,1688.2040106558927,3.190462124751545,0.3972092369587759
44025,0,111,FIXED_Q_FIXED_BEAM_JOINT_GLOBAL_INFEASIBLE,151,E3_SITE_13_SEC_2_UE_4,37,3,0.12032732519934713,0.058529336439695524,0.1,ABSOLUTE_0P1,False,True,True,151,37,3,1.0,80416.94742135804,3.2099161491874026,0.3783425998668434
44025,0,111,FIXED_Q_FIXED_BEAM_JOINT_GLOBAL_INFEASIBLE,157,E3_SITE_14_SEC_1_UE_2,39,1,0.5404281785642094,1.0322549385807984,0.9290294447227186,RELATIVE_0P9_CURRENT_LOAD_NOMINAL,True,False,True,157,39,1,1.0,19888461.99688986,5.981756403690334,1.5056454772470718
44025,0,112,FIXED_Q_FIXED_BEAM_JOINT_GLOBAL_INFEASIBLE,81,E3_SITE_07_SEC_3_UE_2,20,1,0.14106549627875736,0.0778726347388416,0.1,ABSOLUTE_0P1,False,True,True,81,20,1,1.0,7.214963310925135,1.322824254860103,0.20891024016153537
44025,0,112,FIXED_Q_FIXED_BEAM_JOINT_GLOBAL_INFEASIBLE,82,E3_SITE_07_SEC_3_UE_3,20,2,0.20561812248659442,0.08648378376020682,0.1,ABSOLUTE_0P1,False,True,True,82,20,2,1.0,1688.2040106558927,3.190462124751545,0.3972092369587759
44025,0,112,FIXED_Q_FIXED_BEAM_JOINT_GLOBAL_INFEASIBLE,151,E3_SITE_13_SEC_2_UE_4,37,3,0.12032732519934713,0.058529336439695524,0.1,ABSOLUTE_0P1,False,True,True,151,37,3,1.0,80416.94742135804,3.2099161491874026,0.3783425998668434
44025,0,112,FIXED_Q_FIXED_BEAM_JOINT_GLOBAL_INFEASIBLE,157,E3_SITE_14_SEC_1_UE_2,39,1,0.5404281785642094,1.0322549385807984,0.9290294447227186,RELATIVE_0P9_CURRENT_LOAD_NOMINAL,True,False,True,157,39,1,1.0,19888461.99688986,5.981756403690334,1.5056454772470718
44025,0,113,FIXED_Q_FIXED_BEAM_JOINT_GLOBAL_INFEASIBLE,81,E3_SITE_07_SEC_3_UE_2,20,1,0.14106549627875736,0.0778726347388416,0.1,ABSOLUTE_0P1,False,True,True,81,20,1,1.0,7.214963310925135,1.322824254860103,0.20891024016153537
44025,0,113,FIXED_Q_FIXED_BEAM_JOINT_GLOBAL_INFEASIBLE,82,E3_SITE_07_SEC_3_UE_3,20,2,0.20561812248659442,0.08648378376020682,0.1,ABSOLUTE_0P1,False,True,True,82,20,2,1.0,1688.2040106558927,3.190462124751545,0.3972092369587759
44025,0,113,FIXED_Q_FIXED_BEAM_JOINT_GLOBAL_INFEASIBLE,151,E3_SITE_13_SEC_2_UE_4,37,3,0.12032732519934713,0.058529336439695524,0.1,ABSOLUTE_0P1,False,True,True,151,37,3,1.0,80416.94742135804,3.2099161491874026,0.3783425998668434
44025,0,113,FIXED_Q_FIXED_BEAM_JOINT_GLOBAL_INFEASIBLE,157,E3_SITE_14_SEC_1_UE_2,39,1,0.5404281785642094,1.0322549385807984,0.9290294447227186,RELATIVE_0P9_CURRENT_LOAD_NOMINAL,True,False,True,157,39,1,1.0,19888461.99688986,5.981756403690334,1.5056454772470718
44025,0,114,FIXED_Q_FIXED_BEAM_JOINT_GLOBAL_INFEASIBLE,81,E3_SITE_07_SEC_3_UE_2,20,1,0.14106549627875736,0.0778726347388416,0.1,ABSOLUTE_0P1,False,True,True,81,20,1,1.0,7.214963310925135,1.322824254860103,0.20891024016153537
44025,0,114,FIXED_Q_FIXED_BEAM_JOINT_GLOBAL_INFEASIBLE,82,E3_SITE_07_SEC_3_UE_3,20,2,0.20561812248659442,0.08648378376020682,0.1,ABSOLUTE_0P1,False,True,True,82,20,2,1.0,1688.2040106558927,3.190462124751545,0.3972092369587759
44025,0,114,FIXED_Q_FIXED_BEAM_JOINT_GLOBAL_INFEASIBLE,151,E3_SITE_13_SEC_2_UE_4,37,3,0.12032732519934713,0.058529336439695524,0.1,ABSOLUTE_0P1,False,True,True,151,37,3,1.0,80416.94742135804,3.2099161491874026,0.3783425998668434
44025,0,114,FIXED_Q_FIXED_BEAM_JOINT_GLOBAL_INFEASIBLE,157,E3_SITE_14_SEC_1_UE_2,39,1,0.5404281785642094,1.0322549385807984,0.9290294447227186,RELATIVE_0P9_CURRENT_LOAD_NOMINAL,True,False,True,157,39,1,1.0,19888461.99688986,5.981756403690334,1.5056454772470718
44025,0,115,FIXED_Q_FIXED_BEAM_JOINT_GLOBAL_INFEASIBLE,81,E3_SITE_07_SEC_3_UE_2,20,1,0.14106549627875736,0.0778726347388416,0.1,ABSOLUTE_0P1,False,True,True,81,20,1,1.0,7.214963310925135,1.322824254860103,0.20891024016153537
44025,0,115,FIXED_Q_FIXED_BEAM_JOINT_GLOBAL_INFEASIBLE,82,E3_SITE_07_SEC_3_UE_3,20,2,0.20561812248659442,0.08648378376020682,0.1,ABSOLUTE_0P1,False,True,True,82,20,2,1.0,1688.2040106558927,3.190462124751545,0.3972092369587759
44025,0,115,FIXED_Q_FIXED_BEAM_JOINT_GLOBAL_INFEASIBLE,151,E3_SITE_13_SEC_2_UE_4,37,3,0.12032732519934713,0.058529336439695524,0.1,ABSOLUTE_0P1,False,True,True,151,37,3,1.0,80416.94742135804,3.2099161491874026,0.3783425998668434
44025,0,115,FIXED_Q_FIXED_BEAM_JOINT_GLOBAL_INFEASIBLE,157,E3_SITE_14_SEC_1_UE_2,39,1,0.5404281785642094,1.0322549385807984,0.9290294447227186,RELATIVE_0P9_CURRENT_LOAD_NOMINAL,True,False,True,157,39,1,1.0,19888461.99688986,5.981756403690334,1.5056454772470718
44025,0,116,FIXED_Q_FIXED_BEAM_JOINT_GLOBAL_INFEASIBLE,81,E3_SITE_07_SEC_3_UE_2,20,1,0.14106549627875736,0.0778726347388416,0.1,ABSOLUTE_0P1,False,True,True,81,20,1,1.0,7.214963310925135,1.322824254860103,0.20891024016153537
44025,0,116,FIXED_Q_FIXED_BEAM_JOINT_GLOBAL_INFEASIBLE,82,E3_SITE_07_SEC_3_UE_3,20,2,0.20561812248659442,0.08648378376020682,0.1,ABSOLUTE_0P1,False,True,True,82,20,2,1.0,1688.2040106558927,3.190462124751545,0.3972092369587759
44025,0,116,FIXED_Q_FIXED_BEAM_JOINT_GLOBAL_INFEASIBLE,151,E3_SITE_13_SEC_2_UE_4,37,3,0.12032732519934713,0.058529336439695524,0.1,ABSOLUTE_0P1,False,True,True,151,37,3,1.0,80416.94742135804,3.2099161491874026,0.3783425998668434
44025,0,116,FIXED_Q_FIXED_BEAM_JOINT_GLOBAL_INFEASIBLE,157,E3_SITE_14_SEC_1_UE_2,39,1,0.5404281785642094,1.0322549385807984,0.9290294447227186,RELATIVE_0P9_CURRENT_LOAD_NOMINAL,True,False,True,157,39,1,1.0,19888461.99688986,5.981756403690334,1.5056454772470718
44025,0,117,FIXED_Q_FIXED_BEAM_JOINT_GLOBAL_INFEASIBLE,81,E3_SITE_07_SEC_3_UE_2,20,1,0.14106549627875736,0.0778726347388416,0.1,ABSOLUTE_0P1,False,True,True,81,20,1,1.0,7.214963310925135,1.322824254860103,0.20891024016153537
44025,0,117,FIXED_Q_FIXED_BEAM_JOINT_GLOBAL_INFEASIBLE,82,E3_SITE_07_SEC_3_UE_3,20,2,0.20561812248659442,0.08648378376020682,0.1,ABSOLUTE_0P1,False,True,True,82,20,2,1.0,1688.2040106558927,3.190462124751545,0.3972092369587759
44025,0,117,FIXED_Q_FIXED_BEAM_JOINT_GLOBAL_INFEASIBLE,151,E3_SITE_13_SEC_2_UE_4,37,3,0.12032732519934713,0.058529336439695524,0.1,ABSOLUTE_0P1,False,True,True,151,37,3,1.0,80416.94742135804,3.2099161491874026,0.3783425998668434
44025,0,117,FIXED_Q_FIXED_BEAM_JOINT_GLOBAL_INFEASIBLE,157,E3_SITE_14_SEC_1_UE_2,39,1,0.5404281785642094,1.0322549385807984,0.9290294447227186,RELATIVE_0P9_CURRENT_LOAD_NOMINAL,True,False,True,157,39,1,1.0,19888461.99688986,5.981756403690334,1.5056454772470718
44025,1,20,FIXED_Q_FIXED_BEAM_JOINT_GLOBAL_INFEASIBLE,81,E3_SITE_07_SEC_3_UE_2,20,1,0.14106549627875736,0.0778726347388416,0.1,ABSOLUTE_0P1,False,True,True,81,20,1,1.0,1972.0749322694844,1.3217448421863602,0.20880229889416113
44025,1,20,FIXED_Q_FIXED_BEAM_JOINT_GLOBAL_INFEASIBLE,82,E3_SITE_07_SEC_3_UE_3,20,2,0.20561812248659442,0.08648378376020682,0.1,ABSOLUTE_0P1,False,True,True,82,20,2,1.0,814396.8834023419,3.181581729780921,0.3963211974617135
44025,1,20,FIXED_Q_FIXED_BEAM_JOINT_GLOBAL_INFEASIBLE,151,E3_SITE_13_SEC_2_UE_4,37,3,0.12032732519934713,0.058529336439695524,0.1,ABSOLUTE_0P1,False,True,True,151,37,3,1.0,15084337.006130585,3.206965725527102,0.3780475575008133
44025,1,20,FIXED_Q_FIXED_BEAM_JOINT_GLOBAL_INFEASIBLE,157,E3_SITE_14_SEC_1_UE_2,39,1,0.5404281785642094,1.0322549385807984,0.9290294447227186,RELATIVE_0P9_CURRENT_LOAD_NOMINAL,True,False,True,157,39,1,1.0,19888461.99688986,5.981756403690334,1.5056454772470718
44025,1,21,FIXED_Q_FIXED_BEAM_JOINT_GLOBAL_INFEASIBLE,81,E3_SITE_07_SEC_3_UE_2,20,1,0.14106549627875736,0.0778726347388416,0.1,ABSOLUTE_0P1,False,True,True,81,20,1,1.0,1059.5890372457818,1.3217617511033541,0.2088039897858605
44025,1,21,FIXED_Q_FIXED_BEAM_JOINT_GLOBAL_INFEASIBLE,82,E3_SITE_07_SEC_3_UE_3,20,2,0.20561812248659442,0.08648378376020682,0.1,ABSOLUTE_0P1,False,True,True,82,20,2,1.0,437572.62743925245,3.181689188958379,0.3963319433794593
44025,1,21,FIXED_Q_FIXED_BEAM_JOINT_GLOBAL_INFEASIBLE,151,E3_SITE_13_SEC_2_UE_4,37,3,0.12032732519934713,0.058529336439695524,0.1,ABSOLUTE_0P1,False,True,True,151,37,3,1.0,8367022.265846715,3.2069975541973768,0.3780507403678408
44025,1,21,FIXED_Q_FIXED_BEAM_JOINT_GLOBAL_INFEASIBLE,157,E3_SITE_14_SEC_1_UE_2,39,1,0.5404281785642094,1.0322549385807984,0.9290294447227186,RELATIVE_0P9_CURRENT_LOAD_NOMINAL,True,False,True,157,39,1,1.0,19888461.99688986,5.981756403690334,1.5056454772470718
44025,1,22,FIXED_Q_FIXED_BEAM_JOINT_GLOBAL_INFEASIBLE,81,E3_SITE_07_SEC_3_UE_2,20,1,0.14106549627875736,0.0778726347388416,0.1,ABSOLUTE_0P1,False,True,True,81,20,1,1.0,569.3686655612879,1.321785635539047,0.20880637822942977
44025,1,22,FIXED_Q_FIXED_BEAM_JOINT_GLOBAL_INFEASIBLE,82,E3_SITE_07_SEC_3_UE_3,20,2,0.20561812248659442,0.08648378376020682,0.1,ABSOLUTE_0P1,False,True,True,82,20,2,1.0,235129.03041996396,3.1818409731100896,0.3963471217946304
44025,1,22,FIXED_Q_FIXED_BEAM_JOINT_GLOBAL_INFEASIBLE,151,E3_SITE_13_SEC_2_UE_4,37,3,0.12032732519934713,0.058529336439695524,0.1,ABSOLUTE_0P1,False,True,True,151,37,3,1.0,4661668.96502771,3.2070422365572657,0.3780552086038297
44025,1,22,FIXED_Q_FIXED_BEAM_JOINT_GLOBAL_INFEASIBLE,157,E3_SITE_14_SEC_1_UE_2,39,1,0.5404281785642094,1.0322549385807984,0.9290294447227186,RELATIVE_0P9_CURRENT_LOAD_NOMINAL,True,False,True,157,39,1,1.0,19888461.99688986,5.981756403690334,1.5056454772470718
44025,1,23,FIXED_Q_FIXED_BEAM_JOINT_GLOBAL_INFEASIBLE,81,E3_SITE_07_SEC_3_UE_2,20,1,0.14106549627875736,0.0778726347388416,0.1,ABSOLUTE_0P1,False,True,True,81,20,1,1.0,305.98280614990824,1.3218193731125996,0.20880975198678503
44025,1,23,FIXED_Q_FIXED_BEAM_JOINT_GLOBAL_INFEASIBLE,82,E3_SITE_07_SEC_3_UE_3,20,2,0.20561812248659442,0.08648378376020682,0.1,ABSOLUTE_0P1,False,True,True,82,20,2,1.0,126360.02802206141,3.182055362010356,0.39636856068465703
44025,1,23,FIXED_Q_FIXED_BEAM_JOINT_GLOBAL_INFEASIBLE,151,E3_SITE_13_SEC_2_UE_4,37,3,0.12032732519934713,0.058529336439695524,0.1,ABSOLUTE_0P1,False,True,True,151,37,3,1.0,2608122.777084964,3.2071046931676297,0.37806145426486615
44025,1,23,FIXED_Q_FIXED_BEAM_JOINT_GLOBAL_INFEASIBLE,157,E3_SITE_14_SEC_1_UE_2,39,1,0.5404281785642094,1.0322549385807984,0.9290294447227186,RELATIVE_0P9_CURRENT_LOAD_NOMINAL,True,False,True,157,39,1,1.0,19888461.99688986,5.981756403690334,1.5056454772470718
44025,1,24,FIXED_Q_FIXED_BEAM_JOINT_GLOBAL_INFEASIBLE,81,E3_SITE_07_SEC_3_UE_2,20,1,0.14106549627875736,0.0778726347388416,0.1,ABSOLUTE_0P1,False,True,True,81,20,1,1.0,164.45705354283166,1.3218670285251146,0.20881451752803654
44025,1,24,FIXED_Q_FIXED_BEAM_JOINT_GLOBAL_INFEASIBLE,82,E3_SITE_07_SEC_3_UE_3,20,2,0.20561812248659442,0.08648378376020682,0.1,ABSOLUTE_0P1,False,True,True,82,20,2,1.0,67914.92030410643,3.1823581706147923,0.39639884154510063
44025,1,24,FIXED_Q_FIXED_BEAM_JOINT_GLOBAL_INFEASIBLE,151,E3_SITE_13_SEC_2_UE_4,37,3,0.12032732519934713,0.058529336439695524,0.1,ABSOLUTE_0P1,False,True,True,151,37,3,1.0,1448313.667793773,3.207193189784752,0.37807030392657837
44025,1,24,FIXED_Q_FIXED_BEAM_JOINT_GLOBAL_INFEASIBLE,157,E3_SITE_14_SEC_1_UE_2,39,1,0.5404281785642094,1.0322549385807984,0.9290294447227186,RELATIVE_0P9_CURRENT_LOAD_NOMINAL,True,False,True,157,39,1,1.0,19888461.99688986,5.981756403690334,1.5056454772470718
44025,1,25,FIXED_Q_FIXED_BEAM_JOINT_GLOBAL_INFEASIBLE,81,E3_SITE_07_SEC_3_UE_2,20,1,0.14106549627875736,0.0778726347388416,0.1,ABSOLUTE_0P1,False,True,True,81,20,1,1.0,88.4023830935653,1.3219343432316948,0.2088212489986946
44025,1,25,FIXED_Q_FIXED_BEAM_JOINT_GLOBAL_INFEASIBLE,82,E3_SITE_07_SEC_3_UE_3,20,2,0.20561812248659442,0.08648378376020682,0.1,ABSOLUTE_0P1,False,True,True,82,20,2,1.0,36507.04346912636,3.182785851724728,0.3964416096560942
44025,1,25,FIXED_Q_FIXED_BEAM_JOINT_GLOBAL_INFEASIBLE,151,E3_SITE_13_SEC_2_UE_4,37,3,0.12032732519934713,0.058529336439695524,0.1,ABSOLUTE_0P1,False,True,True,151,37,3,1.0,803142.3545631823,3.207317800298089,0.37808276497791204
44025,1,25,FIXED_Q_FIXED_BEAM_JOINT_GLOBAL_INFEASIBLE,157,E3_SITE_14_SEC_1_UE_2,39,1,0.5404281785642094,1.0322549385807984,0.9290294447227186,RELATIVE_0P9_CURRENT_LOAD_NOMINAL,True,False,True,157,39,1,1.0,19888461.99688986,5.981756403690334,1.5056454772470718
44025,1,26,FIXED_Q_FIXED_BEAM_JOINT_GLOBAL_INFEASIBLE,81,E3_SITE_07_SEC_3_UE_2,20,1,0.14106549627875736,0.0778726347388416,0.1,ABSOLUTE_0P1,False,True,True,81,20,1,1.0,47.52636547348903,1.3220294270779533,0.2088307573833204
44025,1,26,FIXED_Q_FIXED_BEAM_JOINT_GLOBAL_INFEASIBLE,82,E3_SITE_07_SEC_3_UE_3,20,2,0.20561812248659442,0.08648378376020682,0.1,ABSOLUTE_0P1,False,True,True,82,20,2,1.0,19626.700429940563,3.1833898727698204,0.39650201176060346
44025,1,26,FIXED_Q_FIXED_BEAM_JOINT_GLOBAL_INFEASIBLE,151,E3_SITE_13_SEC_2_UE_4,37,3,0.12032732519934713,0.058529336439695524,0.1,ABSOLUTE_0P1,False,True,True,151,37,3,1.0,444083.6263811225,3.2074941193800033,0.3781003968861034
44025,1,26,FIXED_Q_FIXED_BEAM_JOINT_GLOBAL_INFEASIBLE,157,E3_SITE_14_SEC_1_UE_2,39,1,0.5404281785642094,1.0322549385807984,0.9290294447227186,RELATIVE_0P9_CURRENT_LOAD_NOMINAL,True,False,True,157,39,1,1.0,19888461.99688986,5.981756403690334,1.5056454772470718
44025,1,27,FIXED_Q_FIXED_BEAM_JOINT_GLOBAL_INFEASIBLE,81,E3_SITE_07_SEC_3_UE_2,20,1,0.14106549627875736,0.0778726347388416,0.1,ABSOLUTE_0P1,False,True,True,81,20,1,1.0,25.554459392933847,1.322163735175392,0.20884418819306427
44025,1,27,FIXED_Q_FIXED_BEAM_JOINT_GLOBAL_INFEASIBLE,82,E3_SITE_07_SEC_3_UE_3,20,2,0.20561812248659442,0.08648378376020682,0.1,ABSOLUTE_0P1,False,True,True,82,20,2,1.0,10553.083833729363,3.1842428865210723,0.39658731313572865
44025,1,27,FIXED_Q_FIXED_BEAM_JOINT_GLOBAL_INFEASIBLE,151,E3_SITE_13_SEC_2_UE_4,37,3,0.12032732519934713,0.058529336439695524,0.1,ABSOLUTE_0P1,False,True,True,151,37,3,1.0,245255.08068562121,3.2077430707563757,0.3781252920237407
44025,1,27,FIXED_Q_FIXED_BEAM_JOINT_GLOBAL_INFEASIBLE,157,E3_SITE_14_SEC_1_UE_2,39,1,0.5404281785642094,1.0322549385807984,0.9290294447227186,RELATIVE_0P9_CURRENT_LOAD_NOMINAL,True,False,True,157,39,1,1.0,19888461.99688986,5.981756403690334,1.5056454772470718
44025,1,28,FIXED_Q_FIXED_BEAM_JOINT_GLOBAL_INFEASIBLE,81,E3_SITE_07_SEC_3_UE_2,20,1,0.14106549627875736,0.0778726347388416,0.1,ABSOLUTE_0P1,False,True,True,81,20,1,1.0,13.742368279625138,1.3223534476004033,0.20886315943556544
44025,1,28,FIXED_Q_FIXED_BEAM_JOINT_GLOBAL_INFEASIBLE,82,E3_SITE_07_SEC_3_UE_3,20,2,0.20561812248659442,0.08648378376020682,0.1,ABSOLUTE_0P1,False,True,True,82,20,2,1.0,5675.109862389374,3.1854474242250457,0.39670776690612597
44025,1,28,FIXED_Q_FIXED_BEAM_JOINT_GLOBAL_INFEASIBLE,151,E3_SITE_13_SEC_2_UE_4,37,3,0.12032732519934713,0.058529336439695524,0.1,ABSOLUTE_0P1,False,True,True,151,37,3,1.0,135337.79050957406,3.2080942010036266,0.3781604050484658
44025,1,28,FIXED_Q_FIXED_BEAM_JOINT_GLOBAL_INFEASIBLE,157,E3_SITE_14_SEC_1_UE_2,39,1,0.5404281785642094,1.0322549385807984,0.9290294447227186,RELATIVE_0P9_CURRENT_LOAD_NOMINAL,True,False,True,157,39,1,1.0,19888461.99688986,5.981756403690334,1.5056454772470718
44025,1,29,FIXED_Q_FIXED_BEAM_JOINT_GLOBAL_INFEASIBLE,81,E3_SITE_07_SEC_3_UE_2,20,1,0.14106549627875736,0.0778726347388416,0.1,ABSOLUTE_0P1,False,True,True,81,20,1,1.0,7.391277528467099,1.3226214179228515,0.20888995646781022
44025,1,29,FIXED_Q_FIXED_BEAM_JOINT_GLOBAL_INFEASIBLE,82,E3_SITE_07_SEC_3_UE_3,20,2,0.20561812248659442,0.08648378376020682,0.1,ABSOLUTE_0P1,False,True,True,82,20,2,1.0,3052.3350228978734,3.18714812871402,0.3968778373550234
44025,1,29,FIXED_Q_FIXED_BEAM_JOINT_GLOBAL_INFEASIBLE,151,E3_SITE_13_SEC_2_UE_4,37,3,0.12032732519934713,0.058529336439695524,0.1,ABSOLUTE_0P1,False,True,True,151,37,3,1.0,148812.45447338,3.2080942010036266,0.3781604050484658
44025,1,29,FIXED_Q_FIXED_BEAM_JOINT_GLOBAL_INFEASIBLE,157,E3_SITE_14_SEC_1_UE_2,39,1,0.5404281785642094,1.0322549385807984,0.9290294447227186,RELATIVE_0P9_CURRENT_LOAD_NOMINAL,True,False,True,157,39,1,1.0,19888461.99688986,5.981756403690334,1.5056454772470718
44025,1,30,FIXED_Q_FIXED_BEAM_JOINT_GLOBAL_INFEASIBLE,81,E3_SITE_07_SEC_3_UE_2,20,1,0.14106549627875736,0.0778726347388416,0.1,ABSOLUTE_0P1,False,True,True,81,20,1,1.0,6.68290425184261,1.322705486366544,0.20889836331217948
44025,1,30,FIXED_Q_FIXED_BEAM_JOINT_GLOBAL_INFEASIBLE,82,E3_SITE_07_SEC_3_UE_3,20,2,0.20561812248659442,0.08648378376020682,0.1,ABSOLUTE_0P1,False,True,True,82,20,2,1.0,2066.2338171452184,3.1885221871705633,0.39701524320067777
44025,1,30,FIXED_Q_FIXED_BEAM_JOINT_GLOBAL_INFEASIBLE,151,E3_SITE_13_SEC_2_UE_4,37,3,0.12032732519934713,0.058529336439695524,0.1,ABSOLUTE_0P1,False,True,True,151,37,3,1.0,129892.54179528367,3.2082412802832363,0.3781751129764268
44025,1,30,FIXED_Q_FIXED_BEAM_JOINT_GLOBAL_INFEASIBLE,157,E3_SITE_14_SEC_1_UE_2,39,1,0.5404281785642094,1.0322549385807984,0.9290294447227186,RELATIVE_0P9_CURRENT_LOAD_NOMINAL,True,False,True,157,39,1,1.0,19888461.99688986,5.981756403690334,1.5056454772470718
44025,1,31,FIXED_Q_FIXED_BEAM_JOINT_GLOBAL_INFEASIBLE,81,E3_SITE_07_SEC_3_UE_2,20,1,0.14106549627875736,0.0778726347388416,0.1,ABSOLUTE_0P1,False,True,True,81,20,1,1.0,5.45769619236262,1.322824254860103,0.20891024016153537
44025,1,31,FIXED_Q_FIXED_BEAM_JOINT_GLOBAL_INFEASIBLE,82,E3_SITE_07_SEC_3_UE_3,20,2,0.20561812248659442,0.08648378376020682,0.1,ABSOLUTE_0P1,False,True,True,82,20,2,1.0,1277.0272285288372,3.190462124751545,0.3972092369587759
44025,1,31,FIXED_Q_FIXED_BEAM_JOINT_GLOBAL_INFEASIBLE,151,E3_SITE_13_SEC_2_UE_4,37,3,0.12032732519934713,0.058529336439695524,0.1,ABSOLUTE_0P1,False,True,True,151,37,3,1.0,113308.81554675166,3.2084062982235726,0.37819161477046037
44025,1,31,FIXED_Q_FIXED_BEAM_JOINT_GLOBAL_INFEASIBLE,157,E3_SITE_14_SEC_1_UE_2,39,1,0.5404281785642094,1.0322549385807984,0.9290294447227186,RELATIVE_0P9_CURRENT_LOAD_NOMINAL,True,False,True,157,39,1,1.0,19888461.99688986,5.981756403690334,1.5056454772470718
44025,1,32,FIXED_Q_FIXED_BEAM_JOINT_GLOBAL_INFEASIBLE,81,E3_SITE_07_SEC_3_UE_2,20,1,0.14106549627875736,0.0778726347388416,0.1,ABSOLUTE_0P1,False,True,True,81,20,1,1.0,5.163490847641229,1.3229113398756975,0.20891894866309485
44025,1,32,FIXED_Q_FIXED_BEAM_JOINT_GLOBAL_INFEASIBLE,82,E3_SITE_07_SEC_3_UE_3,20,2,0.20561812248659442,0.08648378376020682,0.1,ABSOLUTE_0P1,False,True,True,82,20,2,1.0,1319.9041763388102,3.190765667254167,0.3972395912090381
44025,1,32,FIXED_Q_FIXED_BEAM_JOINT_GLOBAL_INFEASIBLE,151,E3_SITE_13_SEC_2_UE_4,37,3,0.12032732519934713,0.058529336439695524,0.1,ABSOLUTE_0P1,False,True,True,151,37,3,1.0,124361.27504495753,3.2084062982235726,0.37819161477046037
44025,1,32,FIXED_Q_FIXED_BEAM_JOINT_GLOBAL_INFEASIBLE,157,E3_SITE_14_SEC_1_UE_2,39,1,0.5404281785642094,1.0322549385807984,0.9290294447227186,RELATIVE_0P9_CURRENT_LOAD_NOMINAL,True,False,True,157,39,1,1.0,19888461.99688986,5.981756403690334,1.5056454772470718
44025,1,33,FIXED_Q_FIXED_BEAM_JOINT_GLOBAL_INFEASIBLE,81,E3_SITE_07_SEC_3_UE_2,20,1,0.14106549627875736,0.0778726347388416,0.1,ABSOLUTE_0P1,False,True,True,81,20,1,1.0,5.544094100334155,1.3229113398756975,0.20891894866309485
44025,1,33,FIXED_Q_FIXED_BEAM_JOINT_GLOBAL_INFEASIBLE,82,E3_SITE_07_SEC_3_UE_3,20,2,0.20561812248659442,0.08648378376020682,0.1,ABSOLUTE_0P1,False,True,True,82,20,2,1.0,1417.194911924604,3.190765667254167,0.3972395912090381
44025,1,33,FIXED_Q_FIXED_BEAM_JOINT_GLOBAL_INFEASIBLE,151,E3_SITE_13_SEC_2_UE_4,37,3,0.12032732519934713,0.058529336439695524,0.1,ABSOLUTE_0P1,False,True,True,151,37,3,1.0,108356.15978675627,3.208591441672697,0.3782101291153728
44025,1,33,FIXED_Q_FIXED_BEAM_JOINT_GLOBAL_INFEASIBLE,157,E3_SITE_14_SEC_1_UE_2,39,1,0.5404281785642094,1.0322549385807984,0.9290294447227186,RELATIVE_0P9_CURRENT_LOAD_NOMINAL,True,False,True,157,39,1,1.0,19888461.99688986,5.981756403690334,1.5056454772470718
44025,1,34,FIXED_Q_FIXED_BEAM_JOINT_GLOBAL_INFEASIBLE,81,E3_SITE_07_SEC_3_UE_2,20,1,0.14106549627875736,0.0778726347388416,0.1,ABSOLUTE_0P1,False,True,True,81,20,1,1.0,5.179082273591706,1.3230090500803435,0.20892871968355942
44025,1,34,FIXED_Q_FIXED_BEAM_JOINT_GLOBAL_INFEASIBLE,82,E3_SITE_07_SEC_3_UE_3,20,2,0.20561812248659442,0.08648378376020682,0.1,ABSOLUTE_0P1,False,True,True,82,20,2,1.0,1453.6145426355963,3.19110621427758,0.3972736459113794
44025,1,34,FIXED_Q_FIXED_BEAM_JOINT_GLOBAL_INFEASIBLE,151,E3_SITE_13_SEC_2_UE_4,37,3,0.12032732519934713,0.058529336439695524,0.1,ABSOLUTE_0P1,False,True,True,151,37,3,1.0,94369.611981417,3.208798612727531,0.37823084622085623
44025,1,34,FIXED_Q_FIXED_BEAM_JOINT_GLOBAL_INFEASIBLE,157,E3_SITE_14_SEC_1_UE_2,39,1,0.5404281785642094,1.0322549385807984,0.9290294447227186,RELATIVE_0P9_CURRENT_LOAD_NOMINAL,True,False,True,157,39,1,1.0,19888461.99688986,5.981756403690334,1.5056454772470718
44025,1,35,FIXED_Q_FIXED_BEAM_JOINT_GLOBAL_INFEASIBLE,81,E3_SITE_07_SEC_3_UE_2,20,1,0.14106549627875736,0.0778726347388416,0.1,ABSOLUTE_0P1,False,True,True,81,20,1,1.0,5.531244823585666,1.3230090500803435,0.20892871968355942
44025,1,35,FIXED_Q_FIXED_BEAM_JOINT_GLOBAL_INFEASIBLE,82,E3_SITE_07_SEC_3_UE_3,20,2,0.20561812248659442,0.08648378376020682,0.1,ABSOLUTE_0P1,False,True,True,82,20,2,1.0,1552.4561089596327,3.19110621427758,0.3972736459113794
44025,1,35,FIXED_Q_FIXED_BEAM_JOINT_GLOBAL_INFEASIBLE,151,E3_SITE_13_SEC_2_UE_4,37,3,0.12032732519934713,0.058529336439695524,0.1,ABSOLUTE_0P1,False,True,True,151,37,3,1.0,103380.52796096186,3.2087991637970648,0.37823090132780957
44025,1,35,FIXED_Q_FIXED_BEAM_JOINT_GLOBAL_INFEASIBLE,157,E3_SITE_14_SEC_1_UE_2,39,1,0.5404281785642094,1.0322549385807984,0.9290294447227186,RELATIVE_0P9_CURRENT_LOAD_NOMINAL,True,False,True,157,39,1,1.0,19888461.99688986,5.981756403690334,1.5056454772470718
44025,1,36,FIXED_Q_FIXED_BEAM_JOINT_GLOBAL_INFEASIBLE,81,E3_SITE_07_SEC_3_UE_2,20,1,0.14106549627875736,0.0778726347388416,0.1,ABSOLUTE_0P1,False,True,True,81,20,1,1.0,5.531244823585666,1.3230090500803435,0.20892871968355942
44025,1,36,FIXED_Q_FIXED_BEAM_JOINT_GLOBAL_INFEASIBLE,82,E3_SITE_07_SEC_3_UE_3,20,2,0.20561812248659442,0.08648378376020682,0.1,ABSOLUTE_0P1,False,True,True,82,20,2,1.0,1552.4561089596327,3.19110621427758,0.3972736459113794
44025,1,36,FIXED_Q_FIXED_BEAM_JOINT_GLOBAL_INFEASIBLE,151,E3_SITE_13_SEC_2_UE_4,37,3,0.12032732519934713,0.058529336439695524,0.1,ABSOLUTE_0P1,False,True,True,151,37,3,1.0,89919.23662375288,3.209032216443439,0.378254206592447
44025,1,36,FIXED_Q_FIXED_BEAM_JOINT_GLOBAL_INFEASIBLE,157,E3_SITE_14_SEC_1_UE_2,39,1,0.5404281785642094,1.0322549385807984,0.9290294447227186,RELATIVE_0P9_CURRENT_LOAD_NOMINAL,True,False,True,157,39,1,1.0,19888461.99688986,5.981756403690334,1.5056454772470718
44025,1,37,FIXED_Q_FIXED_BEAM_JOINT_GLOBAL_INFEASIBLE,81,E3_SITE_07_SEC_3_UE_2,20,1,0.14106549627875736,0.0778726347388416,0.1,ABSOLUTE_0P1,False,True,True,81,20,1,1.0,5.531244823585666,1.3230090500803435,0.20892871968355942
44025,1,37,FIXED_Q_FIXED_BEAM_JOINT_GLOBAL_INFEASIBLE,82,E3_SITE_07_SEC_3_UE_3,20,2,0.20561812248659442,0.08648378376020682,0.1,ABSOLUTE_0P1,False,True,True,82,20,2,1.0,1552.4561089596327,3.19110621427758,0.3972736459113794
44025,1,37,FIXED_Q_FIXED_BEAM_JOINT_GLOBAL_INFEASIBLE,151,E3_SITE_13_SEC_2_UE_4,37,3,0.12032732519934713,0.058529336439695524,0.1,ABSOLUTE_0P1,False,True,True,151,37,3,1.0,78175.07812278703,3.2092929927491958,0.37828028422302273
44025,1,37,FIXED_Q_FIXED_BEAM_JOINT_GLOBAL_INFEASIBLE,157,E3_SITE_14_SEC_1_UE_2,39,1,0.5404281785642094,1.0322549385807984,0.9290294447227186,RELATIVE_0P9_CURRENT_LOAD_NOMINAL,True,False,True,157,39,1,1.0,19888461.99688986,5.981756403690334,1.5056454772470718
44025,1,38,FIXED_Q_FIXED_BEAM_JOINT_GLOBAL_INFEASIBLE,81,E3_SITE_07_SEC_3_UE_2,20,1,0.14106549627875736,0.0778726347388416,0.1,ABSOLUTE_0P1,False,True,True,81,20,1,1.0,5.531244823585666,1.3230090500803435,0.20892871968355942
44025,1,38,FIXED_Q_FIXED_BEAM_JOINT_GLOBAL_INFEASIBLE,82,E3_SITE_07_SEC_3_UE_3,20,2,0.20561812248659442,0.08648378376020682,0.1,ABSOLUTE_0P1,False,True,True,82,20,2,1.0,1552.4561089596327,3.19110621427758,0.3972736459113794
44025,1,38,FIXED_Q_FIXED_BEAM_JOINT_GLOBAL_INFEASIBLE,151,E3_SITE_13_SEC_2_UE_4,37,3,0.12032732519934713,0.058529336439695524,0.1,ABSOLUTE_0P1,False,True,True,151,37,3,1.0,85498.07682902363,3.2092929927491958,0.37828028422302273
44025,1,38,FIXED_Q_FIXED_BEAM_JOINT_GLOBAL_INFEASIBLE,157,E3_SITE_14_SEC_1_UE_2,39,1,0.5404281785642094,1.0322549385807984,0.9290294447227186,RELATIVE_0P9_CURRENT_LOAD_NOMINAL,True,False,True,157,39,1,1.0,19888461.99688986,5.981756403690334,1.5056454772470718
44025,1,39,FIXED_Q_FIXED_BEAM_JOINT_GLOBAL_INFEASIBLE,81,E3_SITE_07_SEC_3_UE_2,20,1,0.14106549627875736,0.0778726347388416,0.1,ABSOLUTE_0P1,False,True,True,81,20,1,1.0,7.5330338626308535,1.3228277003280782,0.2089105847083329
44025,1,39,FIXED_Q_FIXED_BEAM_JOINT_GLOBAL_INFEASIBLE,82,E3_SITE_07_SEC_3_UE_3,20,2,0.20561812248659442,0.08648378376020682,0.1,ABSOLUTE_0P1,False,True,True,82,20,2,1.0,2329.0786050655074,3.189399760398761,0.3971030005234975
44025,1,39,FIXED_Q_FIXED_BEAM_JOINT_GLOBAL_INFEASIBLE,151,E3_SITE_13_SEC_2_UE_4,37,3,0.12032732519934713,0.058529336439695524,0.1,ABSOLUTE_0P1,False,True,True,151,37,3,1.0,186351.63352778886,3.208592611116017,0.37821024605970477
44025,1,39,FIXED_Q_FIXED_BEAM_JOINT_GLOBAL_INFEASIBLE,157,E3_SITE_14_SEC_1_UE_2,39,1,0.5404281785642094,1.0322549385807984,0.9290294447227186,RELATIVE_0P9_CURRENT_LOAD_NOMINAL,True,False,True,157,39,1,1.0,19888461.99688986,5.981756403690334,1.5056454772470718
44025,1,80,EXPANDED_LOCAL_HYBRID_K4_FEASIBLE,151,E3_SITE_13_SEC_2_UE_4,37,3,0.12032732519934713,0.08787904209545966,0.1,ABSOLUTE_0P1,False,True,True,151,37,3,1.0,414640.1296420462,3.6847914108390034,0.4546562828729309
44025,1,81,EXPANDED_LOCAL_HYBRID_K4_FEASIBLE,151,E3_SITE_13_SEC_2_UE_4,37,3,0.12032732519934713,0.08787904209545966,0.1,ABSOLUTE_0P1,False,True,True,151,37,3,1.0,827315.8249485965,3.6846055011750343,0.454637691906534
44025,1,82,EXPANDED_LOCAL_HYBRID_K4_FEASIBLE,151,E3_SITE_13_SEC_2_UE_4,37,3,0.12032732519934713,0.08787904209545966,0.1,ABSOLUTE_0P1,False,True,True,151,37,3,1.0,859631.8944902568,3.684601314192606,0.45463727320829117
44025,1,83,EXPANDED_LOCAL_HYBRID_K4_FEASIBLE,151,E3_SITE_13_SEC_2_UE_4,37,3,0.12032732519934713,0.08787904209545966,0.1,ABSOLUTE_0P1,False,True,True,151,37,3,1.0,876796.9911440241,3.6845983500352344,0.4546369767925541
44025,1,84,EXPANDED_LOCAL_HYBRID_K4_FEASIBLE,151,E3_SITE_13_SEC_2_UE_4,37,3,0.12032732519934713,0.08787904209545966,0.1,ABSOLUTE_0P1,False,True,True,151,37,3,1.0,885660.4036347098,3.6845962515721116,0.4546367669462418
44025,1,100,FIXED_Q_FIXED_BEAM_JOINT_GLOBAL_INFEASIBLE,81,E3_SITE_07_SEC_3_UE_2,20,1,0.14106549627875736,0.0778726347388416,0.1,ABSOLUTE_0P1,False,True,True,81,20,1,1.0,196.00456310911795,1.3218860737013798,0.20881642204566309
44025,1,100,FIXED_Q_FIXED_BEAM_JOINT_GLOBAL_INFEASIBLE,82,E3_SITE_07_SEC_3_UE_3,20,2,0.20561812248659442,0.08648378376020682,0.1,ABSOLUTE_0P1,False,True,True,82,20,2,1.0,30393.40067160766,3.183273194865424,0.3964903439701638
44025,1,100,FIXED_Q_FIXED_BEAM_JOINT_GLOBAL_INFEASIBLE,151,E3_SITE_13_SEC_2_UE_4,37,3,0.12032732519934713,0.058529336439695524,0.1,ABSOLUTE_0P1,False,True,True,151,37,3,1.0,160475.32200448954,3.2090315981709203,0.37825414476519514
44025,1,100,FIXED_Q_FIXED_BEAM_JOINT_GLOBAL_INFEASIBLE,157,E3_SITE_14_SEC_1_UE_2,39,1,0.5404281785642094,1.0322549385807984,0.9290294447227186,RELATIVE_0P9_CURRENT_LOAD_NOMINAL,True,False,True,157,39,1,1.0,19888461.99688986,5.981756403690334,1.5056454772470718
44025,1,101,FIXED_Q_FIXED_BEAM_JOINT_GLOBAL_INFEASIBLE,81,E3_SITE_07_SEC_3_UE_2,20,1,0.14106549627875736,0.0778726347388416,0.1,ABSOLUTE_0P1,False,True,True,81,20,1,1.0,98.23498476298063,1.3219612489317907,0.20882393956870415
44025,1,101,FIXED_Q_FIXED_BEAM_JOINT_GLOBAL_INFEASIBLE,82,E3_SITE_07_SEC_3_UE_3,20,2,0.20561812248659442,0.08648378376020682,0.1,ABSOLUTE_0P1,False,True,True,82,20,2,1.0,15232.784403128333,3.1840781170077435,0.39657083618439576
44025,1,101,FIXED_Q_FIXED_BEAM_JOINT_GLOBAL_INFEASIBLE,151,E3_SITE_13_SEC_2_UE_4,37,3,0.12032732519934713,0.058529336439695524,0.1,ABSOLUTE_0P1,False,True,True,151,37,3,1.0,80428.18270087584,3.2099152760560594,0.3783425125537091
44025,1,101,FIXED_Q_FIXED_BEAM_JOINT_GLOBAL_INFEASIBLE,157,E3_SITE_14_SEC_1_UE_2,39,1,0.5404281785642094,1.0322549385807984,0.9290294447227186,RELATIVE_0P9_CURRENT_LOAD_NOMINAL,True,False,True,157,39,1,1.0,19888461.99688986,5.981756403690334,1.5056454772470718
44025,1,102,FIXED_Q_FIXED_BEAM_JOINT_GLOBAL_INFEASIBLE,81,E3_SITE_07_SEC_3_UE_2,20,1,0.14106549627875736,0.0778726347388416,0.1,ABSOLUTE_0P1,False,True,True,81,20,1,1.0,49.23412025877538,1.322067439718194,0.20883455864734446
44025,1,102,FIXED_Q_FIXED_BEAM_JOINT_GLOBAL_INFEASIBLE,82,E3_SITE_07_SEC_3_UE_3,20,2,0.20561812248659442,0.08648378376020682,0.1,ABSOLUTE_0P1,False,True,True,82,20,2,1.0,7634.477075444554,3.185214765671247,0.3966845010507461
44025,1,102,FIXED_Q_FIXED_BEAM_JOINT_GLOBAL_INFEASIBLE,151,E3_SITE_13_SEC_2_UE_4,37,3,0.12032732519934713,0.058529336439695524,0.1,ABSOLUTE_0P1,False,True,True,151,37,3,1.0,101221.13754768253,3.209587909336548,0.37830977588175796
44025,1,102,FIXED_Q_FIXED_BEAM_JOINT_GLOBAL_INFEASIBLE,157,E3_SITE_14_SEC_1_UE_2,39,1,0.5404281785642094,1.0322549385807984,0.9290294447227186,RELATIVE_0P9_CURRENT_LOAD_NOMINAL,True,False,True,157,39,1,1.0,19888461.99688986,5.981756403690334,1.5056454772470718
44025,1,103,FIXED_Q_FIXED_BEAM_JOINT_GLOBAL_INFEASIBLE,81,E3_SITE_07_SEC_3_UE_2,20,1,0.14106549627875736,0.0778726347388416,0.1,ABSOLUTE_0P1,False,True,True,81,20,1,1.0,24.675512532568177,1.3222174440765726,0.20884955908318237
44025,1,103,FIXED_Q_FIXED_BEAM_JOINT_GLOBAL_INFEASIBLE,82,E3_SITE_07_SEC_3_UE_3,20,2,0.20561812248659442,0.08648378376020682,0.1,ABSOLUTE_0P1,False,True,True,82,20,2,1.0,3826.3024456328885,3.1868196583881643,0.39684499032243786
44025,1,103,FIXED_Q_FIXED_BEAM_JOINT_GLOBAL_INFEASIBLE,151,E3_SITE_13_SEC_2_UE_4,37,3,0.12032732519934713,0.058529336439695524,0.1,ABSOLUTE_0P1,False,True,True,151,37,3,1.0,101238.93864766309,3.2095870361299914,0.37830968856110225
44025,1,103,FIXED_Q_FIXED_BEAM_JOINT_GLOBAL_INFEASIBLE,157,E3_SITE_14_SEC_1_UE_2,39,1,0.5404281785642094,1.0322549385807984,0.9290294447227186,RELATIVE_0P9_CURRENT_LOAD_NOMINAL,True,False,True,157,39,1,1.0,19888461.99688986,5.981756403690334,1.5056454772470718
44025,1,104,FIXED_Q_FIXED_BEAM_JOINT_GLOBAL_INFEASIBLE,81,E3_SITE_07_SEC_3_UE_2,20,1,0.14106549627875736,0.0778726347388416,0.1,ABSOLUTE_0P1,False,True,True,81,20,1,1.0,12.36705186453289,1.322429342601454,0.20887074893567048
44025,1,104,FIXED_Q_FIXED_BEAM_JOINT_GLOBAL_INFEASIBLE,82,E3_SITE_07_SEC_3_UE_3,20,2,0.20561812248659442,0.08648378376020682,0.1,ABSOLUTE_0P1,False,True,True,82,20,2,1.0,1917.693937748011,3.1890853014641207,0.39707155463003346
44025,1,104,FIXED_Q_FIXED_BEAM_JOINT_GLOBAL_INFEASIBLE,151,E3_SITE_13_SEC_2_UE_4,37,3,0.12032732519934713,0.058529336439695524,0.1,ABSOLUTE_0P1,False,True,True,151,37,3,1.0,101238.93864766309,3.2095870361299914,0.37830968856110225
44025,1,104,FIXED_Q_FIXED_BEAM_JOINT_GLOBAL_INFEASIBLE,157,E3_SITE_14_SEC_1_UE_2,39,1,0.5404281785642094,1.0322549385807984,0.9290294447227186,RELATIVE_0P9_CURRENT_LOAD_NOMINAL,True,False,True,157,39,1,1.0,19888461.99688986,5.981756403690334,1.5056454772470718
44025,1,105,FIXED_Q_FIXED_BEAM_JOINT_GLOBAL_INFEASIBLE,81,E3_SITE_07_SEC_3_UE_2,20,1,0.14106549627875736,0.0778726347388416,0.1,ABSOLUTE_0P1,False,True,True,81,20,1,1.0,10.505932406391223,1.3225608637353583,0.2088839010490609
44025,1,105,FIXED_Q_FIXED_BEAM_JOINT_GLOBAL_INFEASIBLE,82,E3_SITE_07_SEC_3_UE_3,20,2,0.20561812248659442,0.08648378376020682,0.1,ABSOLUTE_0P1,False,True,True,82,20,2,1.0,1855.132866677333,3.189543895715632,0.3971174140551846
44025,1,105,FIXED_Q_FIXED_BEAM_JOINT_GLOBAL_INFEASIBLE,151,E3_SITE_13_SEC_2_UE_4,37,3,0.12032732519934713,0.058529336439695524,0.1,ABSOLUTE_0P1,False,True,True,151,37,3,1.0,101221.13754768253,3.209587909336548,0.37830977588175796
44025,1,105,FIXED_Q_FIXED_BEAM_JOINT_GLOBAL_INFEASIBLE,157,E3_SITE_14_SEC_1_UE_2,39,1,0.5404281785642094,1.0322549385807984,0.9290294447227186,RELATIVE_0P9_CURRENT_LOAD_NOMINAL,True,False,True,157,39,1,1.0,19888461.99688986,5.981756403690334,1.5056454772470718
44025,1,106,FIXED_Q_FIXED_BEAM_JOINT_GLOBAL_INFEASIBLE,81,E3_SITE_07_SEC_3_UE_2,20,1,0.14106549627875736,0.0778726347388416,0.1,ABSOLUTE_0P1,False,True,True,81,20,1,1.0,8.079825006415952,1.322746639699186,0.2089024786454437
44025,1,106,FIXED_Q_FIXED_BEAM_JOINT_GLOBAL_INFEASIBLE,82,E3_SITE_07_SEC_3_UE_3,20,2,0.20561812248659442,0.08648378376020682,0.1,ABSOLUTE_0P1,False,True,True,82,20,2,1.0,1741.7590037704788,3.1901915686570996,0.39718218134933136
44025,1,106,FIXED_Q_FIXED_BEAM_JOINT_GLOBAL_INFEASIBLE,151,E3_SITE_13_SEC_2_UE_4,37,3,0.12032732519934713,0.058529336439695524,0.1,ABSOLUTE_0P1,False,True,True,151,37,3,1.0,101221.13754768253,3.209587909336548,0.37830977588175796
44025,1,106,FIXED_Q_FIXED_BEAM_JOINT_GLOBAL_INFEASIBLE,157,E3_SITE_14_SEC_1_UE_2,39,1,0.5404281785642094,1.0322549385807984,0.9290294447227186,RELATIVE_0P9_CURRENT_LOAD_NOMINAL,True,False,True,157,39,1,1.0,19888461.99688986,5.981756403690334,1.5056454772470718
44025,1,107,FIXED_Q_FIXED_BEAM_JOINT_GLOBAL_INFEASIBLE,81,E3_SITE_07_SEC_3_UE_2,20,1,0.14106549627875736,0.0778726347388416,0.1,ABSOLUTE_0P1,False,True,True,81,20,1,1.0,7.214963310925135,1.322824254860103,0.20891024016153537
44025,1,107,FIXED_Q_FIXED_BEAM_JOINT_GLOBAL_INFEASIBLE,82,E3_SITE_07_SEC_3_UE_3,20,2,0.20561812248659442,0.08648378376020682,0.1,ABSOLUTE_0P1,False,True,True,82,20,2,1.0,1688.2040106558927,3.190462124751545,0.3972092369587759
44025,1,107,FIXED_Q_FIXED_BEAM_JOINT_GLOBAL_INFEASIBLE,151,E3_SITE_13_SEC_2_UE_4,37,3,0.12032732519934713,0.058529336439695524,0.1,ABSOLUTE_0P1,False,True,True,151,37,3,1.0,101238.93864766309,3.2095870361299914,0.37830968856110225
44025,1,107,FIXED_Q_FIXED_BEAM_JOINT_GLOBAL_INFEASIBLE,157,E3_SITE_14_SEC_1_UE_2,39,1,0.5404281785642094,1.0322549385807984,0.9290294447227186,RELATIVE_0P9_CURRENT_LOAD_NOMINAL,True,False,True,157,39,1,1.0,19888461.99688986,5.981756403690334,1.5056454772470718
44025,1,108,FIXED_Q_FIXED_BEAM_JOINT_GLOBAL_INFEASIBLE,81,E3_SITE_07_SEC_3_UE_2,20,1,0.14106549627875736,0.0778726347388416,0.1,ABSOLUTE_0P1,False,True,True,81,20,1,1.0,7.214963310925135,1.322824254860103,0.20891024016153537
44025,1,108,FIXED_Q_FIXED_BEAM_JOINT_GLOBAL_INFEASIBLE,82,E3_SITE_07_SEC_3_UE_3,20,2,0.20561812248659442,0.08648378376020682,0.1,ABSOLUTE_0P1,False,True,True,82,20,2,1.0,1688.2040106558927,3.190462124751545,0.3972092369587759
44025,1,108,FIXED_Q_FIXED_BEAM_JOINT_GLOBAL_INFEASIBLE,151,E3_SITE_13_SEC_2_UE_4,37,3,0.12032732519934713,0.058529336439695524,0.1,ABSOLUTE_0P1,False,True,True,151,37,3,1.0,101221.13754768253,3.209587909336548,0.37830977588175796
44025,1,108,FIXED_Q_FIXED_BEAM_JOINT_GLOBAL_INFEASIBLE,157,E3_SITE_14_SEC_1_UE_2,39,1,0.5404281785642094,1.0322549385807984,0.9290294447227186,RELATIVE_0P9_CURRENT_LOAD_NOMINAL,True,False,True,157,39,1,1.0,19888461.99688986,5.981756403690334,1.5056454772470718
44025,1,109,FIXED_Q_FIXED_BEAM_JOINT_GLOBAL_INFEASIBLE,81,E3_SITE_07_SEC_3_UE_2,20,1,0.14106549627875736,0.0778726347388416,0.1,ABSOLUTE_0P1,False,True,True,81,20,1,1.0,7.214963310925135,1.322824254860103,0.20891024016153537
44025,1,109,FIXED_Q_FIXED_BEAM_JOINT_GLOBAL_INFEASIBLE,82,E3_SITE_07_SEC_3_UE_3,20,2,0.20561812248659442,0.08648378376020682,0.1,ABSOLUTE_0P1,False,True,True,82,20,2,1.0,1688.2040106558927,3.190462124751545,0.3972092369587759
44025,1,109,FIXED_Q_FIXED_BEAM_JOINT_GLOBAL_INFEASIBLE,151,E3_SITE_13_SEC_2_UE_4,37,3,0.12032732519934713,0.058529336439695524,0.1,ABSOLUTE_0P1,False,True,True,151,37,3,1.0,80416.94742135804,3.2099161491874026,0.3783425998668434
44025,1,109,FIXED_Q_FIXED_BEAM_JOINT_GLOBAL_INFEASIBLE,157,E3_SITE_14_SEC_1_UE_2,39,1,0.5404281785642094,1.0322549385807984,0.9290294447227186,RELATIVE_0P9_CURRENT_LOAD_NOMINAL,True,False,True,157,39,1,1.0,19888461.99688986,5.981756403690334,1.5056454772470718
44025,1,110,FIXED_Q_FIXED_BEAM_JOINT_GLOBAL_INFEASIBLE,81,E3_SITE_07_SEC_3_UE_2,20,1,0.14106549627875736,0.0778726347388416,0.1,ABSOLUTE_0P1,False,True,True,81,20,1,1.0,7.214963310925135,1.322824254860103,0.20891024016153537
44025,1,110,FIXED_Q_FIXED_BEAM_JOINT_GLOBAL_INFEASIBLE,82,E3_SITE_07_SEC_3_UE_3,20,2,0.20561812248659442,0.08648378376020682,0.1,ABSOLUTE_0P1,False,True,True,82,20,2,1.0,1688.2040106558927,3.190462124751545,0.3972092369587759
44025,1,110,FIXED_Q_FIXED_BEAM_JOINT_GLOBAL_INFEASIBLE,151,E3_SITE_13_SEC_2_UE_4,37,3,0.12032732519934713,0.058529336439695524,0.1,ABSOLUTE_0P1,False,True,True,151,37,3,1.0,80416.94742135804,3.2099161491874026,0.3783425998668434
44025,1,110,FIXED_Q_FIXED_BEAM_JOINT_GLOBAL_INFEASIBLE,157,E3_SITE_14_SEC_1_UE_2,39,1,0.5404281785642094,1.0322549385807984,0.9290294447227186,RELATIVE_0P9_CURRENT_LOAD_NOMINAL,True,False,True,157,39,1,1.0,19888461.99688986,5.981756403690334,1.5056454772470718
44025,1,111,FIXED_Q_FIXED_BEAM_JOINT_GLOBAL_INFEASIBLE,81,E3_SITE_07_SEC_3_UE_2,20,1,0.14106549627875736,0.0778726347388416,0.1,ABSOLUTE_0P1,False,True,True,81,20,1,1.0,7.214963310925135,1.322824254860103,0.20891024016153537
44025,1,111,FIXED_Q_FIXED_BEAM_JOINT_GLOBAL_INFEASIBLE,82,E3_SITE_07_SEC_3_UE_3,20,2,0.20561812248659442,0.08648378376020682,0.1,ABSOLUTE_0P1,False,True,True,82,20,2,1.0,1688.2040106558927,3.190462124751545,0.3972092369587759
44025,1,111,FIXED_Q_FIXED_BEAM_JOINT_GLOBAL_INFEASIBLE,151,E3_SITE_13_SEC_2_UE_4,37,3,0.12032732519934713,0.058529336439695524,0.1,ABSOLUTE_0P1,False,True,True,151,37,3,1.0,80416.94742135804,3.2099161491874026,0.3783425998668434
44025,1,111,FIXED_Q_FIXED_BEAM_JOINT_GLOBAL_INFEASIBLE,157,E3_SITE_14_SEC_1_UE_2,39,1,0.5404281785642094,1.0322549385807984,0.9290294447227186,RELATIVE_0P9_CURRENT_LOAD_NOMINAL,True,False,True,157,39,1,1.0,19888461.99688986,5.981756403690334,1.5056454772470718
44025,1,112,FIXED_Q_FIXED_BEAM_JOINT_GLOBAL_INFEASIBLE,81,E3_SITE_07_SEC_3_UE_2,20,1,0.14106549627875736,0.0778726347388416,0.1,ABSOLUTE_0P1,False,True,True,81,20,1,1.0,7.214963310925135,1.322824254860103,0.20891024016153537
44025,1,112,FIXED_Q_FIXED_BEAM_JOINT_GLOBAL_INFEASIBLE,82,E3_SITE_07_SEC_3_UE_3,20,2,0.20561812248659442,0.08648378376020682,0.1,ABSOLUTE_0P1,False,True,True,82,20,2,1.0,1688.2040106558927,3.190462124751545,0.3972092369587759
44025,1,112,FIXED_Q_FIXED_BEAM_JOINT_GLOBAL_INFEASIBLE,151,E3_SITE_13_SEC_2_UE_4,37,3,0.12032732519934713,0.058529336439695524,0.1,ABSOLUTE_0P1,False,True,True,151,37,3,1.0,80416.94742135804,3.2099161491874026,0.3783425998668434
44025,1,112,FIXED_Q_FIXED_BEAM_JOINT_GLOBAL_INFEASIBLE,157,E3_SITE_14_SEC_1_UE_2,39,1,0.5404281785642094,1.0322549385807984,0.9290294447227186,RELATIVE_0P9_CURRENT_LOAD_NOMINAL,True,False,True,157,39,1,1.0,19888461.99688986,5.981756403690334,1.5056454772470718
44025,1,113,FIXED_Q_FIXED_BEAM_JOINT_GLOBAL_INFEASIBLE,81,E3_SITE_07_SEC_3_UE_2,20,1,0.14106549627875736,0.0778726347388416,0.1,ABSOLUTE_0P1,False,True,True,81,20,1,1.0,7.214963310925135,1.322824254860103,0.20891024016153537
44025,1,113,FIXED_Q_FIXED_BEAM_JOINT_GLOBAL_INFEASIBLE,82,E3_SITE_07_SEC_3_UE_3,20,2,0.20561812248659442,0.08648378376020682,0.1,ABSOLUTE_0P1,False,True,True,82,20,2,1.0,1688.2040106558927,3.190462124751545,0.3972092369587759
44025,1,113,FIXED_Q_FIXED_BEAM_JOINT_GLOBAL_INFEASIBLE,151,E3_SITE_13_SEC_2_UE_4,37,3,0.12032732519934713,0.058529336439695524,0.1,ABSOLUTE_0P1,False,True,True,151,37,3,1.0,80416.94742135804,3.2099161491874026,0.3783425998668434
44025,1,113,FIXED_Q_FIXED_BEAM_JOINT_GLOBAL_INFEASIBLE,157,E3_SITE_14_SEC_1_UE_2,39,1,0.5404281785642094,1.0322549385807984,0.9290294447227186,RELATIVE_0P9_CURRENT_LOAD_NOMINAL,True,False,True,157,39,1,1.0,19888461.99688986,5.981756403690334,1.5056454772470718
44025,1,114,FIXED_Q_FIXED_BEAM_JOINT_GLOBAL_INFEASIBLE,81,E3_SITE_07_SEC_3_UE_2,20,1,0.14106549627875736,0.0778726347388416,0.1,ABSOLUTE_0P1,False,True,True,81,20,1,1.0,7.214963310925135,1.322824254860103,0.20891024016153537
44025,1,114,FIXED_Q_FIXED_BEAM_JOINT_GLOBAL_INFEASIBLE,82,E3_SITE_07_SEC_3_UE_3,20,2,0.20561812248659442,0.08648378376020682,0.1,ABSOLUTE_0P1,False,True,True,82,20,2,1.0,1688.2040106558927,3.190462124751545,0.3972092369587759
44025,1,114,FIXED_Q_FIXED_BEAM_JOINT_GLOBAL_INFEASIBLE,151,E3_SITE_13_SEC_2_UE_4,37,3,0.12032732519934713,0.058529336439695524,0.1,ABSOLUTE_0P1,False,True,True,151,37,3,1.0,80416.94742135804,3.2099161491874026,0.3783425998668434
44025,1,114,FIXED_Q_FIXED_BEAM_JOINT_GLOBAL_INFEASIBLE,157,E3_SITE_14_SEC_1_UE_2,39,1,0.5404281785642094,1.0322549385807984,0.9290294447227186,RELATIVE_0P9_CURRENT_LOAD_NOMINAL,True,False,True,157,39,1,1.0,19888461.99688986,5.981756403690334,1.5056454772470718
44025,2,20,FIXED_Q_FIXED_BEAM_JOINT_GLOBAL_INFEASIBLE,81,E3_SITE_07_SEC_3_UE_2,20,1,0.14106549627875736,0.0778726347388416,0.1,ABSOLUTE_0P1,False,True,True,81,20,1,1.0,1784.2028333099336,1.3217767419567548,0.20880548887120054
44025,2,20,FIXED_Q_FIXED_BEAM_JOINT_GLOBAL_INFEASIBLE,82,E3_SITE_07_SEC_3_UE_3,20,2,0.20561812248659442,0.08648378376020682,0.1,ABSOLUTE_0P1,False,True,True,82,20,2,1.0,736812.3812278096,3.181784455708148,0.3963414700544362
44025,2,20,FIXED_Q_FIXED_BEAM_JOINT_GLOBAL_INFEASIBLE,151,E3_SITE_13_SEC_2_UE_4,37,3,0.12032732519934713,0.058529336439695524,0.1,ABSOLUTE_0P1,False,True,True,151,37,3,1.0,4910155.289243774,3.2072760209558484,0.378078587043688
44025,2,20,FIXED_Q_FIXED_BEAM_JOINT_GLOBAL_INFEASIBLE,157,E3_SITE_14_SEC_1_UE_2,39,1,0.5404281785642094,1.0322549385807984,0.9290294447227186,RELATIVE_0P9_CURRENT_LOAD_NOMINAL,True,False,True,157,39,1,1.0,19888461.99688986,5.981756403690334,1.5056454772470718
44025,2,21,FIXED_Q_FIXED_BEAM_JOINT_GLOBAL_INFEASIBLE,81,E3_SITE_07_SEC_3_UE_2,20,1,0.14106549627875736,0.0778726347388416,0.1,ABSOLUTE_0P1,False,True,True,81,20,1,1.0,894.219682256549,1.321806810630237,0.20880849573854876
44025,2,21,FIXED_Q_FIXED_BEAM_JOINT_GLOBAL_INFEASIBLE,82,E3_SITE_07_SEC_3_UE_3,20,2,0.20561812248659442,0.08648378376020682,0.1,ABSOLUTE_0P1,False,True,True,82,20,2,1.0,369280.95904989465,3.181975533969937,0.39636057788061513
44025,2,21,FIXED_Q_FIXED_BEAM_JOINT_GLOBAL_INFEASIBLE,151,E3_SITE_13_SEC_2_UE_4,37,3,0.12032732519934713,0.058529336439695524,0.1,ABSOLUTE_0P1,False,True,True,151,37,3,1.0,2460907.146096433,3.2074358455966903,0.3780945695077722
44025,2,21,FIXED_Q_FIXED_BEAM_JOINT_GLOBAL_INFEASIBLE,157,E3_SITE_14_SEC_1_UE_2,39,1,0.5404281785642094,1.0322549385807984,0.9290294447227186,RELATIVE_0P9_CURRENT_LOAD_NOMINAL,True,False,True,157,39,1,1.0,19888461.99688986,5.981756403690334,1.5056454772470718
44025,2,22,FIXED_Q_FIXED_BEAM_JOINT_GLOBAL_INFEASIBLE,81,E3_SITE_07_SEC_3_UE_2,20,1,0.14106549627875736,0.0778726347388416,0.1,ABSOLUTE_0P1,False,True,True,81,20,1,1.0,448.1714888052168,1.3218492836200215,0.20881274303752723
44025,2,22,FIXED_Q_FIXED_BEAM_JOINT_GLOBAL_INFEASIBLE,82,E3_SITE_07_SEC_3_UE_3,20,2,0.20561812248659442,0.08648378376020682,0.1,ABSOLUTE_0P1,False,True,True,82,20,2,1.0,185078.9022974427,3.182245420309622,0.3963875665145836
44025,2,22,FIXED_Q_FIXED_BEAM_JOINT_GLOBAL_INFEASIBLE,151,E3_SITE_13_SEC_2_UE_4,37,3,0.12032732519934713,0.058529336439695524,0.1,ABSOLUTE_0P1,False,True,True,151,37,3,1.0,1258324.6658690537,3.20765631874579,0.37811661682268216
44025,2,22,FIXED_Q_FIXED_BEAM_JOINT_GLOBAL_INFEASIBLE,157,E3_SITE_14_SEC_1_UE_2,39,1,0.5404281785642094,1.0322549385807984,0.9290294447227186,RELATIVE_0P9_CURRENT_LOAD_NOMINAL,True,False,True,157,39,1,1.0,19888461.99688986,5.981756403690334,1.5056454772470718
44025,2,23,FIXED_Q_FIXED_BEAM_JOINT_GLOBAL_INFEASIBLE,81,E3_SITE_07_SEC_3_UE_2,20,1,0.14106549627875736,0.0778726347388416,0.1,ABSOLUTE_0P1,False,True,True,81,20,1,1.0,224.61782866490222,1.3219092780325006,0.20881874247877513
44025,2,23,FIXED_Q_FIXED_BEAM_JOINT_GLOBAL_INFEASIBLE,82,E3_SITE_07_SEC_3_UE_3,20,2,0.20561812248659442,0.08648378376020682,0.1,ABSOLUTE_0P1,False,True,True,82,20,2,1.0,92759.18304522752,3.1826266072337956,0.396425685207001
44025,2,23,FIXED_Q_FIXED_BEAM_JOINT_GLOBAL_INFEASIBLE,151,E3_SITE_13_SEC_2_UE_4,37,3,0.12032732519934713,0.058529336439695524,0.1,ABSOLUTE_0P1,False,True,True,151,37,3,1.0,634893.5125602918,3.207969273920324,0.37814791234013556
44025,2,23,FIXED_Q_FIXED_BEAM_JOINT_GLOBAL_INFEASIBLE,157,E3_SITE_14_SEC_1_UE_2,39,1,0.5404281785642094,1.0322549385807984,0.9290294447227186,RELATIVE_0P9_CURRENT_LOAD_NOMINAL,True,False,True,157,39,1,1.0,19888461.99688986,5.981756403690334,1.5056454772470718
44025,2,24,FIXED_Q_FIXED_BEAM_JOINT_GLOBAL_INFEASIBLE,81,E3_SITE_07_SEC_3_UE_2,20,1,0.14106549627875736,0.0778726347388416,0.1,ABSOLUTE_0P1,False,True,True,81,20,1,1.0,112.57558817192712,1.3219940218333626,0.20882721685886135
44025,2,24,FIXED_Q_FIXED_BEAM_JOINT_GLOBAL_INFEASIBLE,82,E3_SITE_07_SEC_3_UE_3,20,2,0.20561812248659442,0.08648378376020682,0.1,ABSOLUTE_0P1,False,True,True,82,20,2,1.0,46489.71834396329,3.1831649729421136,0.3964795217778328
44025,2,24,FIXED_Q_FIXED_BEAM_JOINT_GLOBAL_INFEASIBLE,151,E3_SITE_13_SEC_2_UE_4,37,3,0.12032732519934713,0.058529336439695524,0.1,ABSOLUTE_0P1,False,True,True,151,37,3,1.0,319498.72605214757,3.2084103047051,0.37819201541861314
44025,2,24,FIXED_Q_FIXED_BEAM_JOINT_GLOBAL_INFEASIBLE,157,E3_SITE_14_SEC_1_UE_2,39,1,0.5404281785642094,1.0322549385807984,0.9290294447227186,RELATIVE_0P9_CURRENT_LOAD_NOMINAL,True,False,True,157,39,1,1.0,19888461.99688986,5.981756403690334,1.5056454772470718
44025,2,25,FIXED_Q_FIXED_BEAM_JOINT_GLOBAL_INFEASIBLE,81,E3_SITE_07_SEC_3_UE_2,20,1,0.14106549627875736,0.0778726347388416,0.1,ABSOLUTE_0P1,False,True,True,81,20,1,1.0,56.421447609851256,1.3221137245176247,0.20883918712728755
44025,2,25,FIXED_Q_FIXED_BEAM_JOINT_GLOBAL_INFEASIBLE,82,E3_SITE_07_SEC_3_UE_3,20,2,0.20561812248659442,0.08648378376020682,0.1,ABSOLUTE_0P1,False,True,True,82,20,2,1.0,23300.053328922106,3.183925284848288,0.3965555529684502
44025,2,25,FIXED_Q_FIXED_BEAM_JOINT_GLOBAL_INFEASIBLE,151,E3_SITE_13_SEC_2_UE_4,37,3,0.12032732519934713,0.058529336439695524,0.1,ABSOLUTE_0P1,False,True,True,151,37,3,1.0,160344.51382633921,3.2090345618491187,0.378254441133015
44025,2,25,FIXED_Q_FIXED_BEAM_JOINT_GLOBAL_INFEASIBLE,157,E3_SITE_14_SEC_1_UE_2,39,1,0.5404281785642094,1.0322549385807984,0.9290294447227186,RELATIVE_0P9_CURRENT_LOAD_NOMINAL,True,False,True,157,39,1,1.0,19888461.99688986,5.981756403690334,1.5056454772470718
44025,2,26,FIXED_Q_FIXED_BEAM_JOINT_GLOBAL_INFEASIBLE,81,E3_SITE_07_SEC_3_UE_2,20,1,0.14106549627875736,0.0778726347388416,0.1,ABSOLUTE_0P1,False,True,True,81,20,1,1.0,28.277709244827417,1.3222828068254824,0.2088560953580733
44025,2,26,FIXED_Q_FIXED_BEAM_JOINT_GLOBAL_INFEASIBLE,82,E3_SITE_07_SEC_3_UE_3,20,2,0.20561812248659442,0.08648378376020682,0.1,ABSOLUTE_0P1,False,True,True,82,20,2,1.0,11677.689271290312,3.184998955049716,0.396662919988593
44025,2,26,FIXED_Q_FIXED_BEAM_JOINT_GLOBAL_INFEASIBLE,151,E3_SITE_13_SEC_2_UE_4,37,3,0.12032732519934713,0.058529336439695524,0.1,ABSOLUTE_0P1,False,True,True,151,37,3,1.0,80416.94742135804,3.2099161491874026,0.3783425998668434
44025,2,26,FIXED_Q_FIXED_BEAM_JOINT_GLOBAL_INFEASIBLE,157,E3_SITE_14_SEC_1_UE_2,39,1,0.5404281785642094,1.0322549385807984,0.9290294447227186,RELATIVE_0P9_CURRENT_LOAD_NOMINAL,True,False,True,157,39,1,1.0,6289283.90678726,5.981756403690334,1.5056454772470718
44025,2,27,FIXED_Q_FIXED_BEAM_JOINT_GLOBAL_INFEASIBLE,81,E3_SITE_07_SEC_3_UE_2,20,1,0.14106549627875736,0.0778726347388416,0.1,ABSOLUTE_0P1,False,True,True,81,20,1,1.0,14.172426869731401,1.3225216374858177,0.20887997842410688
44025,2,27,FIXED_Q_FIXED_BEAM_JOINT_GLOBAL_INFEASIBLE,82,E3_SITE_07_SEC_3_UE_3,20,2,0.20561812248659442,0.08648378376020682,0.1,ABSOLUTE_0P1,False,True,True,82,20,2,1.0,5852.708781036883,3.1865149584433783,0.3968145203279592
44025,2,27,FIXED_Q_FIXED_BEAM_JOINT_GLOBAL_INFEASIBLE,151,E3_SITE_13_SEC_2_UE_4,37,3,0.12032732519934713,0.058529336439695524,0.1,ABSOLUTE_0P1,False,True,True,151,37,3,1.0,80416.94742135804,3.2099161491874026,0.3783425998668434
44025,2,27,FIXED_Q_FIXED_BEAM_JOINT_GLOBAL_INFEASIBLE,157,E3_SITE_14_SEC_1_UE_2,39,1,0.5404281785642094,1.0322549385807984,0.9290294447227186,RELATIVE_0P9_CURRENT_LOAD_NOMINAL,True,False,True,157,39,1,1.0,6289283.90678726,5.981756403690334,1.5056454772470718
44025,2,28,FIXED_Q_FIXED_BEAM_JOINT_GLOBAL_INFEASIBLE,81,E3_SITE_07_SEC_3_UE_2,20,1,0.14106549627875736,0.0778726347388416,0.1,ABSOLUTE_0P1,False,True,True,81,20,1,1.0,10.142551939034146,1.3226741814317253,0.2088952328186976
44025,2,28,FIXED_Q_FIXED_BEAM_JOINT_GLOBAL_INFEASIBLE,82,E3_SITE_07_SEC_3_UE_3,20,2,0.20561812248659442,0.08648378376020682,0.1,ABSOLUTE_0P1,False,True,True,82,20,2,1.0,3458.801323706556,3.1880106105781008,0.3969640855414315
44025,2,28,FIXED_Q_FIXED_BEAM_JOINT_GLOBAL_INFEASIBLE,151,E3_SITE_13_SEC_2_UE_4,37,3,0.12032732519934713,0.058529336439695524,0.1,ABSOLUTE_0P1,False,True,True,151,37,3,1.0,80416.94742135804,3.2099161491874026,0.3783425998668434
44025,2,28,FIXED_Q_FIXED_BEAM_JOINT_GLOBAL_INFEASIBLE,157,E3_SITE_14_SEC_1_UE_2,39,1,0.5404281785642094,1.0322549385807984,0.9290294447227186,RELATIVE_0P9_CURRENT_LOAD_NOMINAL,True,False,True,157,39,1,1.0,6289283.90678726,5.981756403690334,1.5056454772470718
44025,2,29,FIXED_Q_FIXED_BEAM_JOINT_GLOBAL_INFEASIBLE,81,E3_SITE_07_SEC_3_UE_2,20,1,0.14106549627875736,0.0778726347388416,0.1,ABSOLUTE_0P1,False,True,True,81,20,1,1.0,8.004460086682508,1.322780027770722,0.2089058174525973
44025,2,29,FIXED_Q_FIXED_BEAM_JOINT_GLOBAL_INFEASIBLE,82,E3_SITE_07_SEC_3_UE_3,20,2,0.20561812248659442,0.08648378376020682,0.1,ABSOLUTE_0P1,False,True,True,82,20,2,1.0,2046.1196910179247,3.189739904117179,0.3971370148953393
44025,2,29,FIXED_Q_FIXED_BEAM_JOINT_GLOBAL_INFEASIBLE,151,E3_SITE_13_SEC_2_UE_4,37,3,0.12032732519934713,0.058529336439695524,0.1,ABSOLUTE_0P1,False,True,True,151,37,3,1.0,80416.94742135804,3.2099161491874026,0.3783425998668434
44025,2,29,FIXED_Q_FIXED_BEAM_JOINT_GLOBAL_INFEASIBLE,157,E3_SITE_14_SEC_1_UE_2,39,1,0.5404281785642094,1.0322549385807984,0.9290294447227186,RELATIVE_0P9_CURRENT_LOAD_NOMINAL,True,False,True,157,39,1,1.0,6289283.90678726,5.981756403690334,1.5056454772470718
44025,2,30,FIXED_Q_FIXED_BEAM_JOINT_GLOBAL_INFEASIBLE,81,E3_SITE_07_SEC_3_UE_2,20,1,0.14106549627875736,0.0778726347388416,0.1,ABSOLUTE_0P1,False,True,True,81,20,1,1.0,7.214963310925135,1.322824254860103,0.20891024016153537
44025,2,30,FIXED_Q_FIXED_BEAM_JOINT_GLOBAL_INFEASIBLE,82,E3_SITE_07_SEC_3_UE_3,20,2,0.20561812248659442,0.08648378376020682,0.1,ABSOLUTE_0P1,False,True,True,82,20,2,1.0,1688.2040106558927,3.190462124751545,0.3972092369587759
44025,2,30,FIXED_Q_FIXED_BEAM_JOINT_GLOBAL_INFEASIBLE,151,E3_SITE_13_SEC_2_UE_4,37,3,0.12032732519934713,0.058529336439695524,0.1,ABSOLUTE_0P1,False,True,True,151,37,3,1.0,80416.94742135804,3.2099161491874026,0.3783425998668434
44025,2,30,FIXED_Q_FIXED_BEAM_JOINT_GLOBAL_INFEASIBLE,157,E3_SITE_14_SEC_1_UE_2,39,1,0.5404281785642094,1.0322549385807984,0.9290294447227186,RELATIVE_0P9_CURRENT_LOAD_NOMINAL,True,False,True,157,39,1,1.0,6289283.90678726,5.981756403690334,1.5056454772470718
44025,2,31,FIXED_Q_FIXED_BEAM_JOINT_GLOBAL_INFEASIBLE,81,E3_SITE_07_SEC_3_UE_2,20,1,0.14106549627875736,0.0778726347388416,0.1,ABSOLUTE_0P1,False,True,True,81,20,1,1.0,7.214963310925135,1.322824254860103,0.20891024016153537
44025,2,31,FIXED_Q_FIXED_BEAM_JOINT_GLOBAL_INFEASIBLE,82,E3_SITE_07_SEC_3_UE_3,20,2,0.20561812248659442,0.08648378376020682,0.1,ABSOLUTE_0P1,False,True,True,82,20,2,1.0,1688.2040106558927,3.190462124751545,0.3972092369587759
44025,2,31,FIXED_Q_FIXED_BEAM_JOINT_GLOBAL_INFEASIBLE,151,E3_SITE_13_SEC_2_UE_4,37,3,0.12032732519934713,0.058529336439695524,0.1,ABSOLUTE_0P1,False,True,True,151,37,3,1.0,80416.94742135804,3.2099161491874026,0.3783425998668434
44025,2,31,FIXED_Q_FIXED_BEAM_JOINT_GLOBAL_INFEASIBLE,157,E3_SITE_14_SEC_1_UE_2,39,1,0.5404281785642094,1.0322549385807984,0.9290294447227186,RELATIVE_0P9_CURRENT_LOAD_NOMINAL,True,False,True,157,39,1,1.0,6289283.90678726,5.981756403690334,1.5056454772470718
44025,2,32,FIXED_Q_FIXED_BEAM_JOINT_GLOBAL_INFEASIBLE,81,E3_SITE_07_SEC_3_UE_2,20,1,0.14106549627875736,0.0778726347388416,0.1,ABSOLUTE_0P1,False,True,True,81,20,1,1.0,7.214963310925135,1.322824254860103,0.20891024016153537
44025,2,32,FIXED_Q_FIXED_BEAM_JOINT_GLOBAL_INFEASIBLE,82,E3_SITE_07_SEC_3_UE_3,20,2,0.20561812248659442,0.08648378376020682,0.1,ABSOLUTE_0P1,False,True,True,82,20,2,1.0,1688.2040106558927,3.190462124751545,0.3972092369587759
44025,2,32,FIXED_Q_FIXED_BEAM_JOINT_GLOBAL_INFEASIBLE,151,E3_SITE_13_SEC_2_UE_4,37,3,0.12032732519934713,0.058529336439695524,0.1,ABSOLUTE_0P1,False,True,True,151,37,3,1.0,80416.94742135804,3.2099161491874026,0.3783425998668434
44025,2,32,FIXED_Q_FIXED_BEAM_JOINT_GLOBAL_INFEASIBLE,157,E3_SITE_14_SEC_1_UE_2,39,1,0.5404281785642094,1.0322549385807984,0.9290294447227186,RELATIVE_0P9_CURRENT_LOAD_NOMINAL,True,False,True,157,39,1,1.0,6289283.90678726,5.981756403690334,1.5056454772470718
44025,2,33,FIXED_Q_FIXED_BEAM_JOINT_GLOBAL_INFEASIBLE,81,E3_SITE_07_SEC_3_UE_2,20,1,0.14106549627875736,0.0778726347388416,0.1,ABSOLUTE_0P1,False,True,True,81,20,1,1.0,7.214963310925135,1.322824254860103,0.20891024016153537
44025,2,33,FIXED_Q_FIXED_BEAM_JOINT_GLOBAL_INFEASIBLE,82,E3_SITE_07_SEC_3_UE_3,20,2,0.20561812248659442,0.08648378376020682,0.1,ABSOLUTE_0P1,False,True,True,82,20,2,1.0,1688.2040106558927,3.190462124751545,0.3972092369587759
44025,2,33,FIXED_Q_FIXED_BEAM_JOINT_GLOBAL_INFEASIBLE,151,E3_SITE_13_SEC_2_UE_4,37,3,0.12032732519934713,0.058529336439695524,0.1,ABSOLUTE_0P1,False,True,True,151,37,3,1.0,80416.94742135804,3.2099161491874026,0.3783425998668434
44025,2,33,FIXED_Q_FIXED_BEAM_JOINT_GLOBAL_INFEASIBLE,157,E3_SITE_14_SEC_1_UE_2,39,1,0.5404281785642094,1.0322549385807984,0.9290294447227186,RELATIVE_0P9_CURRENT_LOAD_NOMINAL,True,False,True,157,39,1,1.0,6289283.90678726,5.981756403690334,1.5056454772470718
44025,2,34,FIXED_Q_FIXED_BEAM_JOINT_GLOBAL_INFEASIBLE,81,E3_SITE_07_SEC_3_UE_2,20,1,0.14106549627875736,0.0778726347388416,0.1,ABSOLUTE_0P1,False,True,True,81,20,1,1.0,6.358168650575482,1.3229113398756975,0.20891894866309485
44025,2,34,FIXED_Q_FIXED_BEAM_JOINT_GLOBAL_INFEASIBLE,82,E3_SITE_07_SEC_3_UE_3,20,2,0.20561812248659442,0.08648378376020682,0.1,ABSOLUTE_0P1,False,True,True,82,20,2,1.0,1625.2906422008602,3.190765667254167,0.3972395912090381
44025,2,34,FIXED_Q_FIXED_BEAM_JOINT_GLOBAL_INFEASIBLE,151,E3_SITE_13_SEC_2_UE_4,37,3,0.12032732519934713,0.058529336439695524,0.1,ABSOLUTE_0P1,False,True,True,151,37,3,1.0,80416.94742135804,3.2099161491874026,0.3783425998668434
44025,2,34,FIXED_Q_FIXED_BEAM_JOINT_GLOBAL_INFEASIBLE,157,E3_SITE_14_SEC_1_UE_2,39,1,0.5404281785642094,1.0322549385807984,0.9290294447227186,RELATIVE_0P9_CURRENT_LOAD_NOMINAL,True,False,True,157,39,1,1.0,6289283.90678726,5.981756403690334,1.5056454772470718
44025,2,35,FIXED_Q_FIXED_BEAM_JOINT_GLOBAL_INFEASIBLE,81,E3_SITE_07_SEC_3_UE_2,20,1,0.14106549627875736,0.0778726347388416,0.1,ABSOLUTE_0P1,False,True,True,81,20,1,1.0,6.358168650575482,1.3229113398756975,0.20891894866309485
44025,2,35,FIXED_Q_FIXED_BEAM_JOINT_GLOBAL_INFEASIBLE,82,E3_SITE_07_SEC_3_UE_3,20,2,0.20561812248659442,0.08648378376020682,0.1,ABSOLUTE_0P1,False,True,True,82,20,2,1.0,1625.2906422008602,3.190765667254167,0.3972395912090381
44025,2,35,FIXED_Q_FIXED_BEAM_JOINT_GLOBAL_INFEASIBLE,151,E3_SITE_13_SEC_2_UE_4,37,3,0.12032732519934713,0.058529336439695524,0.1,ABSOLUTE_0P1,False,True,True,151,37,3,1.0,80416.94742135804,3.2099161491874026,0.3783425998668434
44025,2,35,FIXED_Q_FIXED_BEAM_JOINT_GLOBAL_INFEASIBLE,157,E3_SITE_14_SEC_1_UE_2,39,1,0.5404281785642094,1.0322549385807984,0.9290294447227186,RELATIVE_0P9_CURRENT_LOAD_NOMINAL,True,False,True,157,39,1,1.0,6289283.90678726,5.981756403690334,1.5056454772470718
44025,2,36,FIXED_Q_FIXED_BEAM_JOINT_GLOBAL_INFEASIBLE,81,E3_SITE_07_SEC_3_UE_2,20,1,0.14106549627875736,0.0778726347388416,0.1,ABSOLUTE_0P1,False,True,True,81,20,1,1.0,6.358168650575482,1.3229113398756975,0.20891894866309485
44025,2,36,FIXED_Q_FIXED_BEAM_JOINT_GLOBAL_INFEASIBLE,82,E3_SITE_07_SEC_3_UE_3,20,2,0.20561812248659442,0.08648378376020682,0.1,ABSOLUTE_0P1,False,True,True,82,20,2,1.0,1625.2906422008602,3.190765667254167,0.3972395912090381
44025,2,36,FIXED_Q_FIXED_BEAM_JOINT_GLOBAL_INFEASIBLE,151,E3_SITE_13_SEC_2_UE_4,37,3,0.12032732519934713,0.058529336439695524,0.1,ABSOLUTE_0P1,False,True,True,151,37,3,1.0,63886.37638686884,3.210284401847721,0.37837942513287526
44025,2,36,FIXED_Q_FIXED_BEAM_JOINT_GLOBAL_INFEASIBLE,157,E3_SITE_14_SEC_1_UE_2,39,1,0.5404281785642094,1.0322549385807984,0.9290294447227186,RELATIVE_0P9_CURRENT_LOAD_NOMINAL,True,False,True,157,39,1,1.0,6289283.90678726,5.981756403690334,1.5056454772470718
44025,2,37,FIXED_Q_FIXED_BEAM_JOINT_GLOBAL_INFEASIBLE,81,E3_SITE_07_SEC_3_UE_2,20,1,0.14106549627875736,0.0778726347388416,0.1,ABSOLUTE_0P1,False,True,True,81,20,1,1.0,6.358168650575482,1.3229113398756975,0.20891894866309485
44025,2,37,FIXED_Q_FIXED_BEAM_JOINT_GLOBAL_INFEASIBLE,82,E3_SITE_07_SEC_3_UE_3,20,2,0.20561812248659442,0.08648378376020682,0.1,ABSOLUTE_0P1,False,True,True,82,20,2,1.0,1625.2906422008602,3.190765667254167,0.3972395912090381
44025,2,37,FIXED_Q_FIXED_BEAM_JOINT_GLOBAL_INFEASIBLE,151,E3_SITE_13_SEC_2_UE_4,37,3,0.12032732519934713,0.058529336439695524,0.1,ABSOLUTE_0P1,False,True,True,151,37,3,1.0,63886.37638686884,3.210284401847721,0.37837942513287526
44025,2,37,FIXED_Q_FIXED_BEAM_JOINT_GLOBAL_INFEASIBLE,157,E3_SITE_14_SEC_1_UE_2,39,1,0.5404281785642094,1.0322549385807984,0.9290294447227186,RELATIVE_0P9_CURRENT_LOAD_NOMINAL,True,False,True,157,39,1,1.0,6289283.90678726,5.981756403690334,1.5056454772470718
44025,2,38,FIXED_Q_FIXED_BEAM_JOINT_GLOBAL_INFEASIBLE,81,E3_SITE_07_SEC_3_UE_2,20,1,0.14106549627875736,0.0778726347388416,0.1,ABSOLUTE_0P1,False,True,True,81,20,1,1.0,7.214963310925135,1.322824254860103,0.20891024016153537
44025,2,38,FIXED_Q_FIXED_BEAM_JOINT_GLOBAL_INFEASIBLE,82,E3_SITE_07_SEC_3_UE_3,20,2,0.20561812248659442,0.08648378376020682,0.1,ABSOLUTE_0P1,False,True,True,82,20,2,1.0,1688.2040106558927,3.190462124751545,0.3972092369587759
44025,2,38,FIXED_Q_FIXED_BEAM_JOINT_GLOBAL_INFEASIBLE,151,E3_SITE_13_SEC_2_UE_4,37,3,0.12032732519934713,0.058529336439695524,0.1,ABSOLUTE_0P1,False,True,True,151,37,3,1.0,80416.94742135804,3.2099161491874026,0.3783425998668434
44025,2,38,FIXED_Q_FIXED_BEAM_JOINT_GLOBAL_INFEASIBLE,157,E3_SITE_14_SEC_1_UE_2,39,1,0.5404281785642094,1.0322549385807984,0.9290294447227186,RELATIVE_0P9_CURRENT_LOAD_NOMINAL,True,False,True,157,39,1,1.0,6289283.90678726,5.981756403690334,1.5056454772470718
44025,2,39,FIXED_Q_FIXED_BEAM_JOINT_GLOBAL_INFEASIBLE,81,E3_SITE_07_SEC_3_UE_2,20,1,0.14106549627875736,0.0778726347388416,0.1,ABSOLUTE_0P1,False,True,True,81,20,1,1.0,14.395744398172047,1.322497035277522,0.20887751820327727
44025,2,39,FIXED_Q_FIXED_BEAM_JOINT_GLOBAL_INFEASIBLE,82,E3_SITE_07_SEC_3_UE_3,20,2,0.20561812248659442,0.08648378376020682,0.1,ABSOLUTE_0P1,False,True,True,82,20,2,1.0,3368.4098424410286,3.1877951070678203,0.39694253519040346
44025,2,39,FIXED_Q_FIXED_BEAM_JOINT_GLOBAL_INFEASIBLE,151,E3_SITE_13_SEC_2_UE_4,37,3,0.12032732519934713,0.058529336439695524,0.1,ABSOLUTE_0P1,False,True,True,151,37,3,1.0,160344.51382633921,3.2090345618491187,0.378254441133015
44025,2,39,FIXED_Q_FIXED_BEAM_JOINT_GLOBAL_INFEASIBLE,157,E3_SITE_14_SEC_1_UE_2,39,1,0.5404281785642094,1.0322549385807984,0.9290294447227186,RELATIVE_0P9_CURRENT_LOAD_NOMINAL,True,False,True,157,39,1,1.0,6289283.90678726,5.981756403690334,1.5056454772470718
44025,2,80,EXPANDED_LOCAL_HYBRID_K4_FEASIBLE,151,E3_SITE_13_SEC_2_UE_4,37,3,0.12032732519934713,0.08787904209545966,0.1,ABSOLUTE_0P1,False,True,True,151,37,3,1.0,165071.20880973138,3.6859486806253363,0.4547720098515643
44025,2,81,EXPANDED_LOCAL_HYBRID_K4_FEASIBLE,151,E3_SITE_13_SEC_2_UE_4,37,3,0.12032732519934713,0.08787904209545966,0.1,ABSOLUTE_0P1,False,True,True,151,37,3,1.0,329360.36222441593,3.6854248743786533,0.4547196292268959
44025,2,82,EXPANDED_LOCAL_HYBRID_K4_FEASIBLE,151,E3_SITE_13_SEC_2_UE_4,37,3,0.12032732519934713,0.08787904209545966,0.1,ABSOLUTE_0P1,False,True,True,151,37,3,1.0,342225.62123305525,3.6854130764153945,0.45471844943057005
44025,2,83,EXPANDED_LOCAL_HYBRID_K4_FEASIBLE,151,E3_SITE_13_SEC_2_UE_4,37,3,0.12032732519934713,0.08787904209545966,0.1,ABSOLUTE_0P1,False,True,True,151,37,3,1.0,349059.1692941623,3.685404724090589,0.45471761419808954
44025,2,84,EXPANDED_LOCAL_HYBRID_K4_FEASIBLE,151,E3_SITE_13_SEC_2_UE_4,37,3,0.12032732519934713,0.08787904209545966,0.1,ABSOLUTE_0P1,False,True,True,151,37,3,1.0,280656.7035357455,3.685548820980345,0.45473202388706513
44025,2,88,EXPANDED_LOCAL_HYBRID_K4_FEASIBLE,151,E3_SITE_13_SEC_2_UE_4,37,3,0.12032732519934713,0.08787904209545966,0.1,ABSOLUTE_0P1,False,True,True,151,37,3,1.0,257404.96997452583,3.6855395737414667,0.45473109916317733
44025,2,89,EXPANDED_LOCAL_HYBRID_K4_FEASIBLE,151,E3_SITE_13_SEC_2_UE_4,37,3,0.12032732519934713,0.08787904209545966,0.1,ABSOLUTE_0P1,False,True,True,151,37,3,1.0,306501.88559103967,3.6853895634794176,0.45471609813697234
44025,2,91,EXPANDED_LOCAL_HYBRID_K4_FEASIBLE,151,E3_SITE_13_SEC_2_UE_4,37,3,0.12032732519934713,0.08787904209545966,0.1,ABSOLUTE_0P1,False,True,True,151,37,3,1.0,274951.1183176855,3.6853890104221954,0.4547160428312501
44025,2,92,EXPANDED_LOCAL_HYBRID_K4_FEASIBLE,151,E3_SITE_13_SEC_2_UE_4,37,3,0.12032732519934713,0.08787904209545966,0.1,ABSOLUTE_0P1,False,True,True,151,37,3,1.0,260632.46494028714,3.6853890104221954,0.4547160428312501
44025,2,94,EXPANDED_LOCAL_HYBRID_K4_FEASIBLE,151,E3_SITE_13_SEC_2_UE_4,37,3,0.12032732519934713,0.08787904209545966,0.1,ABSOLUTE_0P1,False,True,True,151,37,3,1.0,295395.42936310475,3.685254814835004,0.45470262327253097
44025,2,95,EXPANDED_LOCAL_HYBRID_K4_FEASIBLE,151,E3_SITE_13_SEC_2_UE_4,37,3,0.12032732519934713,0.08787904209545966,0.1,ABSOLUTE_0P1,False,True,True,151,37,3,1.0,280603.2778237143,3.685254375510087,0.4547025793400393
44025,2,96,EXPANDED_LOCAL_HYBRID_K4_FEASIBLE,151,E3_SITE_13_SEC_2_UE_4,37,3,0.12032732519934713,0.08787904209545966,0.1,ABSOLUTE_0P1,False,True,True,151,37,3,1.0,266661.1427916686,3.685254375510087,0.4547025793400393
44025,2,97,EXPANDED_LOCAL_HYBRID_K4_FEASIBLE,151,E3_SITE_13_SEC_2_UE_4,37,3,0.12032732519934713,0.08787904209545966,0.1,ABSOLUTE_0P1,False,True,True,151,37,3,1.0,319155.18547488697,3.685135208214975,0.45469066261052815
44025,2,98,EXPANDED_LOCAL_HYBRID_K4_FEASIBLE,151,E3_SITE_13_SEC_2_UE_4,37,3,0.12032732519934713,0.08787904209545966,0.1,ABSOLUTE_0P1,False,True,True,151,37,3,1.0,303732.3400752095,3.6851348166535733,0.45469062345438793
44025,2,99,EXPANDED_LOCAL_HYBRID_K4_FEASIBLE,151,E3_SITE_13_SEC_2_UE_4,37,3,0.12032732519934713,0.08787904209545966,0.1,ABSOLUTE_0P1,False,True,True,151,37,3,1.0,364040.3072041598,3.6850282559978025,0.4546799673888109
44025,2,100,FIXED_Q_FIXED_BEAM_JOINT_GLOBAL_INFEASIBLE,81,E3_SITE_07_SEC_3_UE_2,20,1,0.14106549627875736,0.0778726347388416,0.1,ABSOLUTE_0P1,False,True,True,81,20,1,1.0,597.7649150318249,1.3217454870735619,0.20880236338288127
44025,2,100,FIXED_Q_FIXED_BEAM_JOINT_GLOBAL_INFEASIBLE,82,E3_SITE_07_SEC_3_UE_3,20,2,0.20561812248659442,0.08648378376020682,0.1,ABSOLUTE_0P1,False,True,True,82,20,2,1.0,87700.25949049815,3.1817971924213992,0.39634274372576134
44025,2,100,FIXED_Q_FIXED_BEAM_JOINT_GLOBAL_INFEASIBLE,151,E3_SITE_13_SEC_2_UE_4,37,3,0.12032732519934713,0.058529336439695524,0.1,ABSOLUTE_0P1,False,True,True,151,37,3,1.0,247814.69433599105,3.2080938532381826,0.3781603702719214
44025,2,100,FIXED_Q_FIXED_BEAM_JOINT_GLOBAL_INFEASIBLE,157,E3_SITE_14_SEC_1_UE_2,39,1,0.5404281785642094,1.0322549385807984,0.9290294447227186,RELATIVE_0P9_CURRENT_LOAD_NOMINAL,True,False,True,157,39,1,1.0,879898.0145512058,5.981756403690334,1.5056454772470718
44025,2,101,FIXED_Q_FIXED_BEAM_JOINT_GLOBAL_INFEASIBLE,81,E3_SITE_07_SEC_3_UE_2,20,1,0.14106549627875736,0.0778726347388416,0.1,ABSOLUTE_0P1,False,True,True,81,20,1,1.0,277.6845066191308,1.321762662286946,0.2088040809042197
44025,2,101,FIXED_Q_FIXED_BEAM_JOINT_GLOBAL_INFEASIBLE,82,E3_SITE_07_SEC_3_UE_3,20,2,0.20561812248659442,0.08648378376020682,0.1,ABSOLUTE_0P1,False,True,True,82,20,2,1.0,40740.10145893539,3.1819935240614816,0.39636237688976955
44025,2,101,FIXED_Q_FIXED_BEAM_JOINT_GLOBAL_INFEASIBLE,151,E3_SITE_13_SEC_2_UE_4,37,3,0.12032732519934713,0.058529336439695524,0.1,ABSOLUTE_0P1,False,True,True,151,37,3,1.0,149017.70137828198,3.2084062982235726,0.37819161477046037
44025,2,101,FIXED_Q_FIXED_BEAM_JOINT_GLOBAL_INFEASIBLE,157,E3_SITE_14_SEC_1_UE_2,39,1,0.5404281785642094,1.0322549385807984,0.9290294447227186,RELATIVE_0P9_CURRENT_LOAD_NOMINAL,True,False,True,157,39,1,1.0,807527.3120800086,5.981756403690334,1.5056454772470718
44025,2,102,FIXED_Q_FIXED_BEAM_JOINT_GLOBAL_INFEASIBLE,81,E3_SITE_07_SEC_3_UE_2,20,1,0.14106549627875736,0.0778726347388416,0.1,ABSOLUTE_0P1,False,True,True,81,20,1,1.0,128.9689387625802,1.3217869231312667,0.20880650698865177
44025,2,102,FIXED_Q_FIXED_BEAM_JOINT_GLOBAL_INFEASIBLE,82,E3_SITE_07_SEC_3_UE_3,20,2,0.20561812248659442,0.08648378376020682,0.1,ABSOLUTE_0P1,False,True,True,82,20,2,1.0,18921.50092999412,3.1822708300060403,0.39639010748422543
44025,2,102,FIXED_Q_FIXED_BEAM_JOINT_GLOBAL_INFEASIBLE,151,E3_SITE_13_SEC_2_UE_4,37,3,0.12032732519934713,0.058529336439695524,0.1,ABSOLUTE_0P1,False,True,True,151,37,3,1.0,112891.60680899721,3.208591441672697,0.3782101291153728
44025,2,102,FIXED_Q_FIXED_BEAM_JOINT_GLOBAL_INFEASIBLE,157,E3_SITE_14_SEC_1_UE_2,39,1,0.5404281785642094,1.0322549385807984,0.9290294447227186,RELATIVE_0P9_CURRENT_LOAD_NOMINAL,True,False,True,157,39,1,1.0,743423.2547080654,5.981756403690334,1.5056454772470718
44025,2,103,FIXED_Q_FIXED_BEAM_JOINT_GLOBAL_INFEASIBLE,81,E3_SITE_07_SEC_3_UE_2,20,1,0.14106549627875736,0.0778726347388416,0.1,ABSOLUTE_0P1,False,True,True,81,20,1,1.0,59.884712692104586,1.3218211929048593,0.208809933966011
44025,2,103,FIXED_Q_FIXED_BEAM_JOINT_GLOBAL_INFEASIBLE,82,E3_SITE_07_SEC_3_UE_3,20,2,0.20561812248659442,0.08648378376020682,0.1,ABSOLUTE_0P1,False,True,True,82,20,2,1.0,8785.903472323955,3.182662495427312,0.39642927402635264
44025,2,103,FIXED_Q_FIXED_BEAM_JOINT_GLOBAL_INFEASIBLE,151,E3_SITE_13_SEC_2_UE_4,37,3,0.12032732519934713,0.058529336439695524,0.1,ABSOLUTE_0P1,False,True,True,151,37,3,1.0,107729.61658547005,3.208591441672697,0.3782101291153728
44025,2,103,FIXED_Q_FIXED_BEAM_JOINT_GLOBAL_INFEASIBLE,157,E3_SITE_14_SEC_1_UE_2,39,1,0.5404281785642094,1.0322549385807984,0.9290294447227186,RELATIVE_0P9_CURRENT_LOAD_NOMINAL,True,False,True,157,39,1,1.0,686803.1037649487,5.981756403690334,1.5056454772470718
44025,2,104,FIXED_Q_FIXED_BEAM_JOINT_GLOBAL_INFEASIBLE,81,E3_SITE_07_SEC_3_UE_2,20,1,0.14106549627875736,0.0778726347388416,0.1,ABSOLUTE_0P1,False,True,True,81,20,1,1.0,27.798984913009175,1.321869601084868,0.2088147747840119
44025,2,104,FIXED_Q_FIXED_BEAM_JOINT_GLOBAL_INFEASIBLE,82,E3_SITE_07_SEC_3_UE_3,20,2,0.20561812248659442,0.08648378376020682,0.1,ABSOLUTE_0P1,False,True,True,82,20,2,1.0,4078.4899366560285,3.1832156584698774,0.3964845903306092
44025,2,104,FIXED_Q_FIXED_BEAM_JOINT_GLOBAL_INFEASIBLE,151,E3_SITE_13_SEC_2_UE_4,37,3,0.12032732519934713,0.058529336439695524,0.1,ABSOLUTE_0P1,False,True,True,151,37,3,1.0,129473.04553181012,3.2084067894152746,0.37819166388963055
44025,2,104,FIXED_Q_FIXED_BEAM_JOINT_GLOBAL_INFEASIBLE,157,E3_SITE_14_SEC_1_UE_2,39,1,0.5404281785642094,1.0322549385807984,0.9290294447227186,RELATIVE_0P9_CURRENT_LOAD_NOMINAL,True,False,True,157,39,1,1.0,636961.4803592688,5.981756403690334,1.5056454772470718
44025,2,105,FIXED_Q_FIXED_BEAM_JOINT_GLOBAL_INFEASIBLE,81,E3_SITE_07_SEC_3_UE_2,20,1,0.14106549627875736,0.0778726347388416,0.1,ABSOLUTE_0P1,False,True,True,81,20,1,1.0,12.900556542184816,1.3219379811286849,0.20882161278839356
44025,2,105,FIXED_Q_FIXED_BEAM_JOINT_GLOBAL_INFEASIBLE,82,E3_SITE_07_SEC_3_UE_3,20,2,0.20561812248659442,0.08648378376020682,0.1,ABSOLUTE_0P1,False,True,True,82,20,2,1.0,1892.6874560063782,3.1839968643151937,0.3965627109151408
44025,2,105,FIXED_Q_FIXED_BEAM_JOINT_GLOBAL_INFEASIBLE,151,E3_SITE_13_SEC_2_UE_4,37,3,0.12032732519934713,0.058529336439695524,0.1,ABSOLUTE_0P1,False,True,True,151,37,3,1.0,123714.66267280585,3.2084062982235726,0.37819161477046037
44025,2,105,FIXED_Q_FIXED_BEAM_JOINT_GLOBAL_INFEASIBLE,157,E3_SITE_14_SEC_1_UE_2,39,1,0.5404281785642094,1.0322549385807984,0.9290294447227186,RELATIVE_0P9_CURRENT_LOAD_NOMINAL,True,False,True,157,39,1,1.0,593263.4440219203,5.981756403690334,1.5056454772470718
44025,2,106,FIXED_Q_FIXED_BEAM_JOINT_GLOBAL_INFEASIBLE,81,E3_SITE_07_SEC_3_UE_2,20,1,0.14106549627875736,0.0778726347388416,0.1,ABSOLUTE_0P1,False,True,True,81,20,1,1.0,11.156578958772803,1.3219612489317907,0.20882393956870415
44025,2,106,FIXED_Q_FIXED_BEAM_JOINT_GLOBAL_INFEASIBLE,82,E3_SITE_07_SEC_3_UE_3,20,2,0.20561812248659442,0.08648378376020682,0.1,ABSOLUTE_0P1,False,True,True,82,20,2,1.0,1729.9922463011094,3.1840781170077435,0.39657083618439576
44025,2,106,FIXED_Q_FIXED_BEAM_JOINT_GLOBAL_INFEASIBLE,151,E3_SITE_13_SEC_2_UE_4,37,3,0.12032732519934713,0.058529336439695524,0.1,ABSOLUTE_0P1,False,True,True,151,37,3,1.0,148851.39830336827,3.208241718077182,0.37817515675582136
44025,2,106,FIXED_Q_FIXED_BEAM_JOINT_GLOBAL_INFEASIBLE,157,E3_SITE_14_SEC_1_UE_2,39,1,0.5404281785642094,1.0322549385807984,0.9290294447227186,RELATIVE_0P9_CURRENT_LOAD_NOMINAL,True,False,True,157,39,1,1.0,555138.215101928,5.981756403690334,1.5056454772470718
44025,2,107,FIXED_Q_FIXED_BEAM_JOINT_GLOBAL_INFEASIBLE,81,E3_SITE_07_SEC_3_UE_2,20,1,0.14106549627875736,0.0778726347388416,0.1,ABSOLUTE_0P1,False,True,True,81,20,1,1.0,10.715011375454122,1.321948946073664,0.20882270928289148
44025,2,107,FIXED_Q_FIXED_BEAM_JOINT_GLOBAL_INFEASIBLE,82,E3_SITE_07_SEC_3_UE_3,20,2,0.20561812248659442,0.08648378376020682,0.1,ABSOLUTE_0P1,False,True,True,82,20,2,1.0,1611.9290443854052,3.184035154850037,0.3965665399686251
44025,2,107,FIXED_Q_FIXED_BEAM_JOINT_GLOBAL_INFEASIBLE,151,E3_SITE_13_SEC_2_UE_4,37,3,0.12032732519934713,0.058529336439695524,0.1,ABSOLUTE_0P1,False,True,True,151,37,3,1.0,142389.55286578584,3.2082412802832363,0.3781751129764268
44025,2,107,FIXED_Q_FIXED_BEAM_JOINT_GLOBAL_INFEASIBLE,157,E3_SITE_14_SEC_1_UE_2,39,1,0.5404281785642094,1.0322549385807984,0.9290294447227186,RELATIVE_0P9_CURRENT_LOAD_NOMINAL,True,False,True,157,39,1,1.0,522073.4679402505,5.981756403690334,1.5056454772470718
44025,2,108,FIXED_Q_FIXED_BEAM_JOINT_GLOBAL_INFEASIBLE,81,E3_SITE_07_SEC_3_UE_2,20,1,0.14106549627875736,0.0778726347388416,0.1,ABSOLUTE_0P1,False,True,True,81,20,1,1.0,12.47599588459619,1.321922291541681,0.2088200438296932
44025,2,108,FIXED_Q_FIXED_BEAM_JOINT_GLOBAL_INFEASIBLE,82,E3_SITE_07_SEC_3_UE_3,20,2,0.20561812248659442,0.08648378376020682,0.1,ABSOLUTE_0P1,False,True,True,82,20,2,1.0,1876.8454292155143,3.183740126262361,0.3965370371098575
44025,2,108,FIXED_Q_FIXED_BEAM_JOINT_GLOBAL_INFEASIBLE,151,E3_SITE_13_SEC_2_UE_4,37,3,0.12032732519934713,0.058529336439695524,0.1,ABSOLUTE_0P1,False,True,True,151,37,3,1.0,136259.2388744241,3.2082412802832363,0.3781751129764268
44025,2,108,FIXED_Q_FIXED_BEAM_JOINT_GLOBAL_INFEASIBLE,157,E3_SITE_14_SEC_1_UE_2,39,1,0.5404281785642094,1.0322549385807984,0.9290294447227186,RELATIVE_0P9_CURRENT_LOAD_NOMINAL,True,False,True,157,39,1,1.0,493610.12570768973,5.981756403690334,1.5056454772470718
44025,2,109,FIXED_Q_FIXED_BEAM_JOINT_GLOBAL_INFEASIBLE,81,E3_SITE_07_SEC_3_UE_2,20,1,0.14106549627875736,0.0778726347388416,0.1,ABSOLUTE_0P1,False,True,True,81,20,1,1.0,13.988208577134271,1.321908308504275,0.20881864552595258
44025,2,109,FIXED_Q_FIXED_BEAM_JOINT_GLOBAL_INFEASIBLE,82,E3_SITE_07_SEC_3_UE_3,20,2,0.20561812248659442,0.08648378376020682,0.1,ABSOLUTE_0P1,False,True,True,82,20,2,1.0,2169.0782154197905,3.1835112914538413,0.39651415362900555
44025,2,109,FIXED_Q_FIXED_BEAM_JOINT_GLOBAL_INFEASIBLE,151,E3_SITE_13_SEC_2_UE_4,37,3,0.12032732519934713,0.058529336439695524,0.1,ABSOLUTE_0P1,False,True,True,151,37,3,1.0,164244.67033593095,3.2080942010036266,0.3781604050484658
44025,2,109,FIXED_Q_FIXED_BEAM_JOINT_GLOBAL_INFEASIBLE,157,E3_SITE_14_SEC_1_UE_2,39,1,0.5404281785642094,1.0322549385807984,0.9290294447227186,RELATIVE_0P9_CURRENT_LOAD_NOMINAL,True,False,True,157,39,1,1.0,469337.59286839975,5.981756403690334,1.5056454772470718
44025,2,110,FIXED_Q_FIXED_BEAM_JOINT_GLOBAL_INFEASIBLE,81,E3_SITE_07_SEC_3_UE_2,20,1,0.14106549627875736,0.0778726347388416,0.1,ABSOLUTE_0P1,False,True,True,81,20,1,1.0,16.271603082931552,1.3218860737013798,0.20881642204566309
44025,2,110,FIXED_Q_FIXED_BEAM_JOINT_GLOBAL_INFEASIBLE,82,E3_SITE_07_SEC_3_UE_3,20,2,0.20561812248659442,0.08648378376020682,0.1,ABSOLUTE_0P1,False,True,True,82,20,2,1.0,2523.1522380098054,3.183273194865424,0.3964903439701638
44025,2,110,FIXED_Q_FIXED_BEAM_JOINT_GLOBAL_INFEASIBLE,151,E3_SITE_13_SEC_2_UE_4,37,3,0.12032732519934713,0.058529336439695524,0.1,ABSOLUTE_0P1,False,True,True,151,37,3,1.0,157366.9469859373,3.2080938532381826,0.3781603702719214
44025,2,110,FIXED_Q_FIXED_BEAM_JOINT_GLOBAL_INFEASIBLE,157,E3_SITE_14_SEC_1_UE_2,39,1,0.5404281785642094,1.0322549385807984,0.9290294447227186,RELATIVE_0P9_CURRENT_LOAD_NOMINAL,True,False,True,157,39,1,1.0,448889.367499937,5.981756403690334,1.5056454772470718
44025,2,111,FIXED_Q_FIXED_BEAM_JOINT_GLOBAL_INFEASIBLE,81,E3_SITE_07_SEC_3_UE_2,20,1,0.14106549627875736,0.0778726347388416,0.1,ABSOLUTE_0P1,False,True,True,81,20,1,1.0,18.917593015665137,1.3218662570401745,0.20881444037954255
44025,2,111,FIXED_Q_FIXED_BEAM_JOINT_GLOBAL_INFEASIBLE,82,E3_SITE_07_SEC_3_UE_3,20,2,0.20561812248659442,0.08648378376020682,0.1,ABSOLUTE_0P1,False,True,True,82,20,2,1.0,2933.45203370304,3.1830609765949944,0.39646912214312086
44025,2,111,FIXED_Q_FIXED_BEAM_JOINT_GLOBAL_INFEASIBLE,151,E3_SITE_13_SEC_2_UE_4,37,3,0.12032732519934713,0.058529336439695524,0.1,ABSOLUTE_0P1,False,True,True,151,37,3,1.0,189867.0618833014,3.2079631109879805,0.3781472960469012
44025,2,111,FIXED_Q_FIXED_BEAM_JOINT_GLOBAL_INFEASIBLE,157,E3_SITE_14_SEC_1_UE_2,39,1,0.5404281785642094,1.0322549385807984,0.9290294447227186,RELATIVE_0P9_CURRENT_LOAD_NOMINAL,True,False,True,157,39,1,1.0,431938.9832081779,5.981756403690334,1.5056454772470718
44025,2,112,FIXED_Q_FIXED_BEAM_JOINT_GLOBAL_INFEASIBLE,81,E3_SITE_07_SEC_3_UE_2,20,1,0.14106549627875736,0.0778726347388416,0.1,ABSOLUTE_0P1,False,True,True,81,20,1,1.0,22.81647254701827,1.3218416769446975,0.20881198236999482
44025,2,112,FIXED_Q_FIXED_BEAM_JOINT_GLOBAL_INFEASIBLE,82,E3_SITE_07_SEC_3_UE_3,20,2,0.20561812248659442,0.08648378376020682,0.1,ABSOLUTE_0P1,False,True,True,82,20,2,1.0,3432.4307740085897,3.182847657169186,0.39644779020054
44025,2,112,FIXED_Q_FIXED_BEAM_JOINT_GLOBAL_INFEASIBLE,151,E3_SITE_13_SEC_2_UE_4,37,3,0.12032732519934713,0.058529336439695524,0.1,ABSOLUTE_0P1,False,True,True,151,37,3,1.0,229267.00036823365,3.2078459962857213,0.3781355845766753
44025,2,112,FIXED_Q_FIXED_BEAM_JOINT_GLOBAL_INFEASIBLE,157,E3_SITE_14_SEC_1_UE_2,39,1,0.5404281785642094,1.0322549385807984,0.9290294447227186,RELATIVE_0P9_CURRENT_LOAD_NOMINAL,True,False,True,157,39,1,1.0,418196.23883612076,5.981756403690334,1.5056454772470718
44025,2,113,FIXED_Q_FIXED_BEAM_JOINT_GLOBAL_INFEASIBLE,81,E3_SITE_07_SEC_3_UE_2,20,1,0.14106549627875736,0.0778726347388416,0.1,ABSOLUTE_0P1,False,True,True,81,20,1,1.0,33.35546286153516,1.3218133301968842,0.20880914769521353
44025,2,113,FIXED_Q_FIXED_BEAM_JOINT_GLOBAL_INFEASIBLE,82,E3_SITE_07_SEC_3_UE_3,20,2,0.20561812248659442,0.08648378376020682,0.1,ABSOLUTE_0P1,False,True,True,82,20,2,1.0,5017.879822189929,3.182533772164561,0.3964164017000775
44025,2,113,FIXED_Q_FIXED_BEAM_JOINT_GLOBAL_INFEASIBLE,151,E3_SITE_13_SEC_2_UE_4,37,3,0.12032732519934713,0.058529336439695524,0.1,ABSOLUTE_0P1,False,True,True,151,37,3,1.0,348615.01582345326,3.2076493228253895,0.3781159172306421
44025,2,113,FIXED_Q_FIXED_BEAM_JOINT_GLOBAL_INFEASIBLE,157,E3_SITE_14_SEC_1_UE_2,39,1,0.5404281785642094,1.0322549385807984,0.9290294447227186,RELATIVE_0P9_CURRENT_LOAD_NOMINAL,True,False,True,157,39,1,1.0,407403.6831626496,5.981756403690334,1.5056454772470718
44025,2,114,FIXED_Q_FIXED_BEAM_JOINT_GLOBAL_INFEASIBLE,81,E3_SITE_07_SEC_3_UE_2,20,1,0.14106549627875736,0.0778726347388416,0.1,ABSOLUTE_0P1,False,True,True,81,20,1,1.0,61.34808815898701,1.321781356908392,0.2088059503663643
44025,2,114,FIXED_Q_FIXED_BEAM_JOINT_GLOBAL_INFEASIBLE,82,E3_SITE_07_SEC_3_UE_3,20,2,0.20561812248659442,0.08648378376020682,0.1,ABSOLUTE_0P1,False,True,True,82,20,2,1.0,9228.993013252491,3.18217969064231,0.39638099354785244
44025,2,114,FIXED_Q_FIXED_BEAM_JOINT_GLOBAL_INFEASIBLE,151,E3_SITE_13_SEC_2_UE_4,37,3,0.12032732519934713,0.058529336439695524,0.1,ABSOLUTE_0P1,False,True,True,151,37,3,1.0,667797.8780965658,3.2074271599596798,0.37809370094407113
44025,2,114,FIXED_Q_FIXED_BEAM_JOINT_GLOBAL_INFEASIBLE,157,E3_SITE_14_SEC_1_UE_2,39,1,0.5404281785642094,1.0322549385807984,0.9290294447227186,RELATIVE_0P9_CURRENT_LOAD_NOMINAL,True,False,True,157,39,1,1.0,399333.33076886827,5.981756403690334,1.5056454772470718
44025,2,115,FIXED_Q_FIXED_BEAM_JOINT_GLOBAL_INFEASIBLE,81,E3_SITE_07_SEC_3_UE_2,20,1,0.14106549627875736,0.0778726347388416,0.1,ABSOLUTE_0P1,False,True,True,81,20,1,1.0,112.75441273107936,1.3217587217771523,0.2088036868532403
44025,2,115,FIXED_Q_FIXED_BEAM_JOINT_GLOBAL_INFEASIBLE,82,E3_SITE_07_SEC_3_UE_3,20,2,0.20561812248659442,0.08648378376020682,0.1,ABSOLUTE_0P1,False,True,True,82,20,2,1.0,16962.38169006547,3.1819289971838796,0.3963559242020094
44025,2,115,FIXED_Q_FIXED_BEAM_JOINT_GLOBAL_INFEASIBLE,151,E3_SITE_13_SEC_2_UE_4,37,3,0.12032732519934713,0.058529336439695524,0.1,ABSOLUTE_0P1,False,True,True,151,37,3,1.0,1279905.0293421014,3.2072698717438555,0.3780779721224887
44025,2,115,FIXED_Q_FIXED_BEAM_JOINT_GLOBAL_INFEASIBLE,157,E3_SITE_14_SEC_1_UE_2,39,1,0.5404281785642094,1.0322549385807984,0.9290294447227186,RELATIVE_0P9_CURRENT_LOAD_NOMINAL,True,False,True,157,39,1,1.0,393783.5935601719,5.981756403690334,1.5056454772470718
44025,2,116,FIXED_Q_FIXED_BEAM_JOINT_GLOBAL_INFEASIBLE,81,E3_SITE_07_SEC_3_UE_2,20,1,0.14106549627875736,0.0778726347388416,0.1,ABSOLUTE_0P1,False,True,True,81,20,1,1.0,221.29029618822025,1.3217426974434683,0.20880208441987191
44025,2,116,FIXED_Q_FIXED_BEAM_JOINT_GLOBAL_INFEASIBLE,82,E3_SITE_07_SEC_3_UE_3,20,2,0.20561812248659442,0.08648378376020682,0.1,ABSOLUTE_0P1,False,True,True,82,20,2,1.0,33290.14250825489,3.1817515083093935,0.3963381753145608
44025,2,116,FIXED_Q_FIXED_BEAM_JOINT_GLOBAL_INFEASIBLE,151,E3_SITE_13_SEC_2_UE_4,37,3,0.12032732519934713,0.058529336439695524,0.1,ABSOLUTE_0P1,False,True,True,151,37,3,1.0,2533450.139588684,3.2071585157277527,0.37806683652087836
44025,2,116,FIXED_Q_FIXED_BEAM_JOINT_GLOBAL_INFEASIBLE,157,E3_SITE_14_SEC_1_UE_2,39,1,0.5404281785642094,1.0322549385807984,0.9290294447227186,RELATIVE_0P9_CURRENT_LOAD_NOMINAL,True,False,True,157,39,1,1.0,392960.0677406552,5.981756403690334,1.5056454772470718
44025,3,20,FIXED_Q_FIXED_BEAM_JOINT_GLOBAL_INFEASIBLE,81,E3_SITE_07_SEC_3_UE_2,20,1,0.14106549627875736,0.0778726347388416,0.1,ABSOLUTE_0P1,False,True,True,81,20,1,1.0,1784.2028333099336,1.3217767419567548,0.20880548887120054
44025,3,20,FIXED_Q_FIXED_BEAM_JOINT_GLOBAL_INFEASIBLE,82,E3_SITE_07_SEC_3_UE_3,20,2,0.20561812248659442,0.08648378376020682,0.1,ABSOLUTE_0P1,False,True,True,82,20,2,1.0,736812.3812278096,3.181784455708148,0.3963414700544362
44025,3,20,FIXED_Q_FIXED_BEAM_JOINT_GLOBAL_INFEASIBLE,151,E3_SITE_13_SEC_2_UE_4,37,3,0.12032732519934713,0.058529336439695524,0.1,ABSOLUTE_0P1,False,True,True,151,37,3,1.0,4910155.289243774,3.2072760209558484,0.378078587043688
44025,3,20,FIXED_Q_FIXED_BEAM_JOINT_GLOBAL_INFEASIBLE,157,E3_SITE_14_SEC_1_UE_2,39,1,0.5404281785642094,1.0322549385807984,0.9290294447227186,RELATIVE_0P9_CURRENT_LOAD_NOMINAL,True,False,True,157,39,1,1.0,19888461.99688986,5.981756403690334,1.5056454772470718
44025,3,21,FIXED_Q_FIXED_BEAM_JOINT_GLOBAL_INFEASIBLE,81,E3_SITE_07_SEC_3_UE_2,20,1,0.14106549627875736,0.0778726347388416,0.1,ABSOLUTE_0P1,False,True,True,81,20,1,1.0,894.219682256549,1.321806810630237,0.20880849573854876
44025,3,21,FIXED_Q_FIXED_BEAM_JOINT_GLOBAL_INFEASIBLE,82,E3_SITE_07_SEC_3_UE_3,20,2,0.20561812248659442,0.08648378376020682,0.1,ABSOLUTE_0P1,False,True,True,82,20,2,1.0,369280.95904989465,3.181975533969937,0.39636057788061513
44025,3,21,FIXED_Q_FIXED_BEAM_JOINT_GLOBAL_INFEASIBLE,151,E3_SITE_13_SEC_2_UE_4,37,3,0.12032732519934713,0.058529336439695524,0.1,ABSOLUTE_0P1,False,True,True,151,37,3,1.0,2460907.146096433,3.2074358455966903,0.3780945695077722
44025,3,21,FIXED_Q_FIXED_BEAM_JOINT_GLOBAL_INFEASIBLE,157,E3_SITE_14_SEC_1_UE_2,39,1,0.5404281785642094,1.0322549385807984,0.9290294447227186,RELATIVE_0P9_CURRENT_LOAD_NOMINAL,True,False,True,157,39,1,1.0,19888461.99688986,5.981756403690334,1.5056454772470718
44025,3,22,FIXED_Q_FIXED_BEAM_JOINT_GLOBAL_INFEASIBLE,81,E3_SITE_07_SEC_3_UE_2,20,1,0.14106549627875736,0.0778726347388416,0.1,ABSOLUTE_0P1,False,True,True,81,20,1,1.0,448.1714888052168,1.3218492836200215,0.20881274303752723
44025,3,22,FIXED_Q_FIXED_BEAM_JOINT_GLOBAL_INFEASIBLE,82,E3_SITE_07_SEC_3_UE_3,20,2,0.20561812248659442,0.08648378376020682,0.1,ABSOLUTE_0P1,False,True,True,82,20,2,1.0,185078.9022974427,3.182245420309622,0.3963875665145836
44025,3,22,FIXED_Q_FIXED_BEAM_JOINT_GLOBAL_INFEASIBLE,151,E3_SITE_13_SEC_2_UE_4,37,3,0.12032732519934713,0.058529336439695524,0.1,ABSOLUTE_0P1,False,True,True,151,37,3,1.0,1258324.6658690537,3.20765631874579,0.37811661682268216
44025,3,22,FIXED_Q_FIXED_BEAM_JOINT_GLOBAL_INFEASIBLE,157,E3_SITE_14_SEC_1_UE_2,39,1,0.5404281785642094,1.0322549385807984,0.9290294447227186,RELATIVE_0P9_CURRENT_LOAD_NOMINAL,True,False,True,157,39,1,1.0,19888461.99688986,5.981756403690334,1.5056454772470718
44025,3,23,FIXED_Q_FIXED_BEAM_JOINT_GLOBAL_INFEASIBLE,81,E3_SITE_07_SEC_3_UE_2,20,1,0.14106549627875736,0.0778726347388416,0.1,ABSOLUTE_0P1,False,True,True,81,20,1,1.0,224.61782866490222,1.3219092780325006,0.20881874247877513
44025,3,23,FIXED_Q_FIXED_BEAM_JOINT_GLOBAL_INFEASIBLE,82,E3_SITE_07_SEC_3_UE_3,20,2,0.20561812248659442,0.08648378376020682,0.1,ABSOLUTE_0P1,False,True,True,82,20,2,1.0,92759.18304522752,3.1826266072337956,0.396425685207001
44025,3,23,FIXED_Q_FIXED_BEAM_JOINT_GLOBAL_INFEASIBLE,151,E3_SITE_13_SEC_2_UE_4,37,3,0.12032732519934713,0.058529336439695524,0.1,ABSOLUTE_0P1,False,True,True,151,37,3,1.0,634893.5125602918,3.207969273920324,0.37814791234013556
44025,3,23,FIXED_Q_FIXED_BEAM_JOINT_GLOBAL_INFEASIBLE,157,E3_SITE_14_SEC_1_UE_2,39,1,0.5404281785642094,1.0322549385807984,0.9290294447227186,RELATIVE_0P9_CURRENT_LOAD_NOMINAL,True,False,True,157,39,1,1.0,19888461.99688986,5.981756403690334,1.5056454772470718
44025,3,24,FIXED_Q_FIXED_BEAM_JOINT_GLOBAL_INFEASIBLE,81,E3_SITE_07_SEC_3_UE_2,20,1,0.14106549627875736,0.0778726347388416,0.1,ABSOLUTE_0P1,False,True,True,81,20,1,1.0,112.57558817192712,1.3219940218333626,0.20882721685886135
44025,3,24,FIXED_Q_FIXED_BEAM_JOINT_GLOBAL_INFEASIBLE,82,E3_SITE_07_SEC_3_UE_3,20,2,0.20561812248659442,0.08648378376020682,0.1,ABSOLUTE_0P1,False,True,True,82,20,2,1.0,46489.71834396329,3.1831649729421136,0.3964795217778328
44025,3,24,FIXED_Q_FIXED_BEAM_JOINT_GLOBAL_INFEASIBLE,151,E3_SITE_13_SEC_2_UE_4,37,3,0.12032732519934713,0.058529336439695524,0.1,ABSOLUTE_0P1,False,True,True,151,37,3,1.0,319498.72605214757,3.2084103047051,0.37819201541861314
44025,3,24,FIXED_Q_FIXED_BEAM_JOINT_GLOBAL_INFEASIBLE,157,E3_SITE_14_SEC_1_UE_2,39,1,0.5404281785642094,1.0322549385807984,0.9290294447227186,RELATIVE_0P9_CURRENT_LOAD_NOMINAL,True,False,True,157,39,1,1.0,19888461.99688986,5.981756403690334,1.5056454772470718
44025,3,25,FIXED_Q_FIXED_BEAM_JOINT_GLOBAL_INFEASIBLE,81,E3_SITE_07_SEC_3_UE_2,20,1,0.14106549627875736,0.0778726347388416,0.1,ABSOLUTE_0P1,False,True,True,81,20,1,1.0,56.421447609851256,1.3221137245176247,0.20883918712728755
44025,3,25,FIXED_Q_FIXED_BEAM_JOINT_GLOBAL_INFEASIBLE,82,E3_SITE_07_SEC_3_UE_3,20,2,0.20561812248659442,0.08648378376020682,0.1,ABSOLUTE_0P1,False,True,True,82,20,2,1.0,23300.053328922106,3.183925284848288,0.3965555529684502
44025,3,25,FIXED_Q_FIXED_BEAM_JOINT_GLOBAL_INFEASIBLE,151,E3_SITE_13_SEC_2_UE_4,37,3,0.12032732519934713,0.058529336439695524,0.1,ABSOLUTE_0P1,False,True,True,151,37,3,1.0,160344.51382633921,3.2090345618491187,0.378254441133015
44025,3,25,FIXED_Q_FIXED_BEAM_JOINT_GLOBAL_INFEASIBLE,157,E3_SITE_14_SEC_1_UE_2,39,1,0.5404281785642094,1.0322549385807984,0.9290294447227186,RELATIVE_0P9_CURRENT_LOAD_NOMINAL,True,False,True,157,39,1,1.0,19888461.99688986,5.981756403690334,1.5056454772470718
44025,3,26,FIXED_Q_FIXED_BEAM_JOINT_GLOBAL_INFEASIBLE,81,E3_SITE_07_SEC_3_UE_2,20,1,0.14106549627875736,0.0778726347388416,0.1,ABSOLUTE_0P1,False,True,True,81,20,1,1.0,28.277709244827417,1.3222828068254824,0.2088560953580733
44025,3,26,FIXED_Q_FIXED_BEAM_JOINT_GLOBAL_INFEASIBLE,82,E3_SITE_07_SEC_3_UE_3,20,2,0.20561812248659442,0.08648378376020682,0.1,ABSOLUTE_0P1,False,True,True,82,20,2,1.0,11677.689271290312,3.184998955049716,0.396662919988593
44025,3,26,FIXED_Q_FIXED_BEAM_JOINT_GLOBAL_INFEASIBLE,151,E3_SITE_13_SEC_2_UE_4,37,3,0.12032732519934713,0.058529336439695524,0.1,ABSOLUTE_0P1,False,True,True,151,37,3,1.0,80416.94742135804,3.2099161491874026,0.3783425998668434
44025,3,26,FIXED_Q_FIXED_BEAM_JOINT_GLOBAL_INFEASIBLE,157,E3_SITE_14_SEC_1_UE_2,39,1,0.5404281785642094,1.0322549385807984,0.9290294447227186,RELATIVE_0P9_CURRENT_LOAD_NOMINAL,True,False,True,157,39,1,1.0,19888461.99688986,5.981756403690334,1.5056454772470718
44025,3,27,FIXED_Q_FIXED_BEAM_JOINT_GLOBAL_INFEASIBLE,81,E3_SITE_07_SEC_3_UE_2,20,1,0.14106549627875736,0.0778726347388416,0.1,ABSOLUTE_0P1,False,True,True,81,20,1,1.0,14.172426869731401,1.3225216374858177,0.20887997842410688
44025,3,27,FIXED_Q_FIXED_BEAM_JOINT_GLOBAL_INFEASIBLE,82,E3_SITE_07_SEC_3_UE_3,20,2,0.20561812248659442,0.08648378376020682,0.1,ABSOLUTE_0P1,False,True,True,82,20,2,1.0,5852.708781036883,3.1865149584433783,0.3968145203279592
44025,3,27,FIXED_Q_FIXED_BEAM_JOINT_GLOBAL_INFEASIBLE,151,E3_SITE_13_SEC_2_UE_4,37,3,0.12032732519934713,0.058529336439695524,0.1,ABSOLUTE_0P1,False,True,True,151,37,3,1.0,80416.94742135804,3.2099161491874026,0.3783425998668434
44025,3,27,FIXED_Q_FIXED_BEAM_JOINT_GLOBAL_INFEASIBLE,157,E3_SITE_14_SEC_1_UE_2,39,1,0.5404281785642094,1.0322549385807984,0.9290294447227186,RELATIVE_0P9_CURRENT_LOAD_NOMINAL,True,False,True,157,39,1,1.0,19888461.99688986,5.981756403690334,1.5056454772470718
44025,3,28,FIXED_Q_FIXED_BEAM_JOINT_GLOBAL_INFEASIBLE,81,E3_SITE_07_SEC_3_UE_2,20,1,0.14106549627875736,0.0778726347388416,0.1,ABSOLUTE_0P1,False,True,True,81,20,1,1.0,10.142551939034146,1.3226741814317253,0.2088952328186976
44025,3,28,FIXED_Q_FIXED_BEAM_JOINT_GLOBAL_INFEASIBLE,82,E3_SITE_07_SEC_3_UE_3,20,2,0.20561812248659442,0.08648378376020682,0.1,ABSOLUTE_0P1,False,True,True,82,20,2,1.0,3458.801323706556,3.1880106105781008,0.3969640855414315
44025,3,28,FIXED_Q_FIXED_BEAM_JOINT_GLOBAL_INFEASIBLE,151,E3_SITE_13_SEC_2_UE_4,37,3,0.12032732519934713,0.058529336439695524,0.1,ABSOLUTE_0P1,False,True,True,151,37,3,1.0,80416.94742135804,3.2099161491874026,0.3783425998668434
44025,3,28,FIXED_Q_FIXED_BEAM_JOINT_GLOBAL_INFEASIBLE,157,E3_SITE_14_SEC_1_UE_2,39,1,0.5404281785642094,1.0322549385807984,0.9290294447227186,RELATIVE_0P9_CURRENT_LOAD_NOMINAL,True,False,True,157,39,1,1.0,19888461.99688986,5.981756403690334,1.5056454772470718
44025,3,29,FIXED_Q_FIXED_BEAM_JOINT_GLOBAL_INFEASIBLE,81,E3_SITE_07_SEC_3_UE_2,20,1,0.14106549627875736,0.0778726347388416,0.1,ABSOLUTE_0P1,False,True,True,81,20,1,1.0,8.004460086682508,1.322780027770722,0.2089058174525973
44025,3,29,FIXED_Q_FIXED_BEAM_JOINT_GLOBAL_INFEASIBLE,82,E3_SITE_07_SEC_3_UE_3,20,2,0.20561812248659442,0.08648378376020682,0.1,ABSOLUTE_0P1,False,True,True,82,20,2,1.0,2046.1196910179247,3.189739904117179,0.3971370148953393
44025,3,29,FIXED_Q_FIXED_BEAM_JOINT_GLOBAL_INFEASIBLE,151,E3_SITE_13_SEC_2_UE_4,37,3,0.12032732519934713,0.058529336439695524,0.1,ABSOLUTE_0P1,False,True,True,151,37,3,1.0,80416.94742135804,3.2099161491874026,0.3783425998668434
44025,3,29,FIXED_Q_FIXED_BEAM_JOINT_GLOBAL_INFEASIBLE,157,E3_SITE_14_SEC_1_UE_2,39,1,0.5404281785642094,1.0322549385807984,0.9290294447227186,RELATIVE_0P9_CURRENT_LOAD_NOMINAL,True,False,True,157,39,1,1.0,19888461.99688986,5.981756403690334,1.5056454772470718
44025,3,30,FIXED_Q_FIXED_BEAM_JOINT_GLOBAL_INFEASIBLE,81,E3_SITE_07_SEC_3_UE_2,20,1,0.14106549627875736,0.0778726347388416,0.1,ABSOLUTE_0P1,False,True,True,81,20,1,1.0,7.214963310925135,1.322824254860103,0.20891024016153537
44025,3,30,FIXED_Q_FIXED_BEAM_JOINT_GLOBAL_INFEASIBLE,82,E3_SITE_07_SEC_3_UE_3,20,2,0.20561812248659442,0.08648378376020682,0.1,ABSOLUTE_0P1,False,True,True,82,20,2,1.0,1688.2040106558927,3.190462124751545,0.3972092369587759
44025,3,30,FIXED_Q_FIXED_BEAM_JOINT_GLOBAL_INFEASIBLE,151,E3_SITE_13_SEC_2_UE_4,37,3,0.12032732519934713,0.058529336439695524,0.1,ABSOLUTE_0P1,False,True,True,151,37,3,1.0,80416.94742135804,3.2099161491874026,0.3783425998668434
44025,3,30,FIXED_Q_FIXED_BEAM_JOINT_GLOBAL_INFEASIBLE,157,E3_SITE_14_SEC_1_UE_2,39,1,0.5404281785642094,1.0322549385807984,0.9290294447227186,RELATIVE_0P9_CURRENT_LOAD_NOMINAL,True,False,True,157,39,1,1.0,19888461.99688986,5.981756403690334,1.5056454772470718
44025,3,31,FIXED_Q_FIXED_BEAM_JOINT_GLOBAL_INFEASIBLE,81,E3_SITE_07_SEC_3_UE_2,20,1,0.14106549627875736,0.0778726347388416,0.1,ABSOLUTE_0P1,False,True,True,81,20,1,1.0,7.214963310925135,1.322824254860103,0.20891024016153537
44025,3,31,FIXED_Q_FIXED_BEAM_JOINT_GLOBAL_INFEASIBLE,82,E3_SITE_07_SEC_3_UE_3,20,2,0.20561812248659442,0.08648378376020682,0.1,ABSOLUTE_0P1,False,True,True,82,20,2,1.0,1688.2040106558927,3.190462124751545,0.3972092369587759
44025,3,31,FIXED_Q_FIXED_BEAM_JOINT_GLOBAL_INFEASIBLE,151,E3_SITE_13_SEC_2_UE_4,37,3,0.12032732519934713,0.058529336439695524,0.1,ABSOLUTE_0P1,False,True,True,151,37,3,1.0,80416.94742135804,3.2099161491874026,0.3783425998668434
44025,3,31,FIXED_Q_FIXED_BEAM_JOINT_GLOBAL_INFEASIBLE,157,E3_SITE_14_SEC_1_UE_2,39,1,0.5404281785642094,1.0322549385807984,0.9290294447227186,RELATIVE_0P9_CURRENT_LOAD_NOMINAL,True,False,True,157,39,1,1.0,6289283.90678726,5.981756403690334,1.5056454772470718
44025,3,32,FIXED_Q_FIXED_BEAM_JOINT_GLOBAL_INFEASIBLE,81,E3_SITE_07_SEC_3_UE_2,20,1,0.14106549627875736,0.0778726347388416,0.1,ABSOLUTE_0P1,False,True,True,81,20,1,1.0,7.214963310925135,1.322824254860103,0.20891024016153537
44025,3,32,FIXED_Q_FIXED_BEAM_JOINT_GLOBAL_INFEASIBLE,82,E3_SITE_07_SEC_3_UE_3,20,2,0.20561812248659442,0.08648378376020682,0.1,ABSOLUTE_0P1,False,True,True,82,20,2,1.0,1688.2040106558927,3.190462124751545,0.3972092369587759
44025,3,32,FIXED_Q_FIXED_BEAM_JOINT_GLOBAL_INFEASIBLE,151,E3_SITE_13_SEC_2_UE_4,37,3,0.12032732519934713,0.058529336439695524,0.1,ABSOLUTE_0P1,False,True,True,151,37,3,1.0,80416.94742135804,3.2099161491874026,0.3783425998668434
44025,3,32,FIXED_Q_FIXED_BEAM_JOINT_GLOBAL_INFEASIBLE,157,E3_SITE_14_SEC_1_UE_2,39,1,0.5404281785642094,1.0322549385807984,0.9290294447227186,RELATIVE_0P9_CURRENT_LOAD_NOMINAL,True,False,True,157,39,1,1.0,6289283.90678726,5.981756403690334,1.5056454772470718
44025,3,33,FIXED_Q_FIXED_BEAM_JOINT_GLOBAL_INFEASIBLE,81,E3_SITE_07_SEC_3_UE_2,20,1,0.14106549627875736,0.0778726347388416,0.1,ABSOLUTE_0P1,False,True,True,81,20,1,1.0,7.214963310925135,1.322824254860103,0.20891024016153537
44025,3,33,FIXED_Q_FIXED_BEAM_JOINT_GLOBAL_INFEASIBLE,82,E3_SITE_07_SEC_3_UE_3,20,2,0.20561812248659442,0.08648378376020682,0.1,ABSOLUTE_0P1,False,True,True,82,20,2,1.0,1688.2040106558927,3.190462124751545,0.3972092369587759
44025,3,33,FIXED_Q_FIXED_BEAM_JOINT_GLOBAL_INFEASIBLE,151,E3_SITE_13_SEC_2_UE_4,37,3,0.12032732519934713,0.058529336439695524,0.1,ABSOLUTE_0P1,False,True,True,151,37,3,1.0,80416.94742135804,3.2099161491874026,0.3783425998668434
44025,3,33,FIXED_Q_FIXED_BEAM_JOINT_GLOBAL_INFEASIBLE,157,E3_SITE_14_SEC_1_UE_2,39,1,0.5404281785642094,1.0322549385807984,0.9290294447227186,RELATIVE_0P9_CURRENT_LOAD_NOMINAL,True,False,True,157,39,1,1.0,6289283.90678726,5.981756403690334,1.5056454772470718
44025,3,34,FIXED_Q_FIXED_BEAM_JOINT_GLOBAL_INFEASIBLE,81,E3_SITE_07_SEC_3_UE_2,20,1,0.14106549627875736,0.0778726347388416,0.1,ABSOLUTE_0P1,False,True,True,81,20,1,1.0,7.214963310925135,1.322824254860103,0.20891024016153537
44025,3,34,FIXED_Q_FIXED_BEAM_JOINT_GLOBAL_INFEASIBLE,82,E3_SITE_07_SEC_3_UE_3,20,2,0.20561812248659442,0.08648378376020682,0.1,ABSOLUTE_0P1,False,True,True,82,20,2,1.0,1688.2040106558927,3.190462124751545,0.3972092369587759
44025,3,34,FIXED_Q_FIXED_BEAM_JOINT_GLOBAL_INFEASIBLE,151,E3_SITE_13_SEC_2_UE_4,37,3,0.12032732519934713,0.058529336439695524,0.1,ABSOLUTE_0P1,False,True,True,151,37,3,1.0,80416.94742135804,3.2099161491874026,0.3783425998668434
44025,3,34,FIXED_Q_FIXED_BEAM_JOINT_GLOBAL_INFEASIBLE,157,E3_SITE_14_SEC_1_UE_2,39,1,0.5404281785642094,1.0322549385807984,0.9290294447227186,RELATIVE_0P9_CURRENT_LOAD_NOMINAL,True,False,True,157,39,1,1.0,6289283.90678726,5.981756403690334,1.5056454772470718
44025,3,35,FIXED_Q_FIXED_BEAM_JOINT_GLOBAL_INFEASIBLE,81,E3_SITE_07_SEC_3_UE_2,20,1,0.14106549627875736,0.0778726347388416,0.1,ABSOLUTE_0P1,False,True,True,81,20,1,1.0,7.214963310925135,1.322824254860103,0.20891024016153537
44025,3,35,FIXED_Q_FIXED_BEAM_JOINT_GLOBAL_INFEASIBLE,82,E3_SITE_07_SEC_3_UE_3,20,2,0.20561812248659442,0.08648378376020682,0.1,ABSOLUTE_0P1,False,True,True,82,20,2,1.0,1688.2040106558927,3.190462124751545,0.3972092369587759
44025,3,35,FIXED_Q_FIXED_BEAM_JOINT_GLOBAL_INFEASIBLE,151,E3_SITE_13_SEC_2_UE_4,37,3,0.12032732519934713,0.058529336439695524,0.1,ABSOLUTE_0P1,False,True,True,151,37,3,1.0,80416.94742135804,3.2099161491874026,0.3783425998668434
44025,3,35,FIXED_Q_FIXED_BEAM_JOINT_GLOBAL_INFEASIBLE,157,E3_SITE_14_SEC_1_UE_2,39,1,0.5404281785642094,1.0322549385807984,0.9290294447227186,RELATIVE_0P9_CURRENT_LOAD_NOMINAL,True,False,True,157,39,1,1.0,6289283.90678726,5.981756403690334,1.5056454772470718
44025,3,36,FIXED_Q_FIXED_BEAM_JOINT_GLOBAL_INFEASIBLE,81,E3_SITE_07_SEC_3_UE_2,20,1,0.14106549627875736,0.0778726347388416,0.1,ABSOLUTE_0P1,False,True,True,81,20,1,1.0,6.358168650575482,1.3229113398756975,0.20891894866309485
44025,3,36,FIXED_Q_FIXED_BEAM_JOINT_GLOBAL_INFEASIBLE,82,E3_SITE_07_SEC_3_UE_3,20,2,0.20561812248659442,0.08648378376020682,0.1,ABSOLUTE_0P1,False,True,True,82,20,2,1.0,1625.2906422008602,3.190765667254167,0.3972395912090381
44025,3,36,FIXED_Q_FIXED_BEAM_JOINT_GLOBAL_INFEASIBLE,151,E3_SITE_13_SEC_2_UE_4,37,3,0.12032732519934713,0.058529336439695524,0.1,ABSOLUTE_0P1,False,True,True,151,37,3,1.0,63886.37638686884,3.210284401847721,0.37837942513287526
44025,3,36,FIXED_Q_FIXED_BEAM_JOINT_GLOBAL_INFEASIBLE,157,E3_SITE_14_SEC_1_UE_2,39,1,0.5404281785642094,1.0322549385807984,0.9290294447227186,RELATIVE_0P9_CURRENT_LOAD_NOMINAL,True,False,True,157,39,1,1.0,6289283.90678726,5.981756403690334,1.5056454772470718
44025,3,37,FIXED_Q_FIXED_BEAM_JOINT_GLOBAL_INFEASIBLE,81,E3_SITE_07_SEC_3_UE_2,20,1,0.14106549627875736,0.0778726347388416,0.1,ABSOLUTE_0P1,False,True,True,81,20,1,1.0,6.358168650575482,1.3229113398756975,0.20891894866309485
44025,3,37,FIXED_Q_FIXED_BEAM_JOINT_GLOBAL_INFEASIBLE,82,E3_SITE_07_SEC_3_UE_3,20,2,0.20561812248659442,0.08648378376020682,0.1,ABSOLUTE_0P1,False,True,True,82,20,2,1.0,1625.2906422008602,3.190765667254167,0.3972395912090381
44025,3,37,FIXED_Q_FIXED_BEAM_JOINT_GLOBAL_INFEASIBLE,151,E3_SITE_13_SEC_2_UE_4,37,3,0.12032732519934713,0.058529336439695524,0.1,ABSOLUTE_0P1,False,True,True,151,37,3,1.0,63886.37638686884,3.210284401847721,0.37837942513287526
44025,3,37,FIXED_Q_FIXED_BEAM_JOINT_GLOBAL_INFEASIBLE,157,E3_SITE_14_SEC_1_UE_2,39,1,0.5404281785642094,1.0322549385807984,0.9290294447227186,RELATIVE_0P9_CURRENT_LOAD_NOMINAL,True,False,True,157,39,1,1.0,6289283.90678726,5.981756403690334,1.5056454772470718
44025,3,38,FIXED_Q_FIXED_BEAM_JOINT_GLOBAL_INFEASIBLE,81,E3_SITE_07_SEC_3_UE_2,20,1,0.14106549627875736,0.0778726347388416,0.1,ABSOLUTE_0P1,False,True,True,81,20,1,1.0,6.358168650575482,1.3229113398756975,0.20891894866309485
44025,3,38,FIXED_Q_FIXED_BEAM_JOINT_GLOBAL_INFEASIBLE,82,E3_SITE_07_SEC_3_UE_3,20,2,0.20561812248659442,0.08648378376020682,0.1,ABSOLUTE_0P1,False,True,True,82,20,2,1.0,1625.2906422008602,3.190765667254167,0.3972395912090381
44025,3,38,FIXED_Q_FIXED_BEAM_JOINT_GLOBAL_INFEASIBLE,151,E3_SITE_13_SEC_2_UE_4,37,3,0.12032732519934713,0.058529336439695524,0.1,ABSOLUTE_0P1,False,True,True,151,37,3,1.0,80416.94742135804,3.2099161491874026,0.3783425998668434
44025,3,38,FIXED_Q_FIXED_BEAM_JOINT_GLOBAL_INFEASIBLE,157,E3_SITE_14_SEC_1_UE_2,39,1,0.5404281785642094,1.0322549385807984,0.9290294447227186,RELATIVE_0P9_CURRENT_LOAD_NOMINAL,True,False,True,157,39,1,1.0,6289283.90678726,5.981756403690334,1.5056454772470718
44025,3,39,FIXED_Q_FIXED_BEAM_JOINT_GLOBAL_INFEASIBLE,81,E3_SITE_07_SEC_3_UE_2,20,1,0.14106549627875736,0.0778726347388416,0.1,ABSOLUTE_0P1,False,True,True,81,20,1,1.0,8.766432266736697,1.3227406128888515,0.20890187596441023
44025,3,39,FIXED_Q_FIXED_BEAM_JOINT_GLOBAL_INFEASIBLE,82,E3_SITE_07_SEC_3_UE_3,20,2,0.20561812248659442,0.08648378376020682,0.1,ABSOLUTE_0P1,False,True,True,82,20,2,1.0,2460.477118684792,3.189096091421518,0.3970726336257732
44025,3,39,FIXED_Q_FIXED_BEAM_JOINT_GLOBAL_INFEASIBLE,151,E3_SITE_13_SEC_2_UE_4,37,3,0.12032732519934713,0.058529336439695524,0.1,ABSOLUTE_0P1,False,True,True,151,37,3,1.0,160344.51382633921,3.2090345618491187,0.378254441133015
44025,3,39,FIXED_Q_FIXED_BEAM_JOINT_GLOBAL_INFEASIBLE,157,E3_SITE_14_SEC_1_UE_2,39,1,0.5404281785642094,1.0322549385807984,0.9290294447227186,RELATIVE_0P9_CURRENT_LOAD_NOMINAL,True,False,True,157,39,1,1.0,6289283.90678726,5.981756403690334,1.5056454772470718
44025,3,80,EXPANDED_LOCAL_HYBRID_K4_FEASIBLE,151,E3_SITE_13_SEC_2_UE_4,37,3,0.12032732519934713,0.08787904209545966,0.1,ABSOLUTE_0P1,False,True,True,151,37,3,1.0,161911.68721907027,3.6859556422166224,0.45477270601069286
44025,3,81,EXPANDED_LOCAL_HYBRID_K4_FEASIBLE,151,E3_SITE_13_SEC_2_UE_4,37,3,0.12032732519934713,0.08787904209545966,0.1,ABSOLUTE_0P1,False,True,True,151,37,3,1.0,323056.28786123986,3.6854298034919504,0.45472012213822566
44025,3,82,EXPANDED_LOCAL_HYBRID_K4_FEASIBLE,151,E3_SITE_13_SEC_2_UE_4,37,3,0.12032732519934713,0.08787904209545966,0.1,ABSOLUTE_0P1,False,True,True,151,37,3,1.0,338782.86907184246,3.685416565963724,0.45471879838540297
44025,3,83,EXPANDED_LOCAL_HYBRID_K4_FEASIBLE,151,E3_SITE_13_SEC_2_UE_4,37,3,0.12032732519934713,0.08787904209545966,0.1,ABSOLUTE_0P1,False,True,True,151,37,3,1.0,276734.0544874841,3.6855572040486266,0.4547328621938933
44025,3,84,EXPANDED_LOCAL_HYBRID_K4_FEASIBLE,151,E3_SITE_13_SEC_2_UE_4,37,3,0.12032732519934713,0.08787904209545966,0.1,ABSOLUTE_0P1,False,True,True,151,37,3,1.0,328162.4208646555,3.6854005600133233,0.4547171977903629
44025,3,85,EXPANDED_LOCAL_HYBRID_K4_FEASIBLE,151,E3_SITE_13_SEC_2_UE_4,37,3,0.12032732519934713,0.08787904209545966,0.1,ABSOLUTE_0P1,False,True,True,151,37,3,1.0,309035.1569854889,3.6853958631520745,0.454716728104238
44025,3,88,EXPANDED_LOCAL_HYBRID_K4_FEASIBLE,151,E3_SITE_13_SEC_2_UE_4,37,3,0.12032732519934713,0.08787904209545966,0.1,ABSOLUTE_0P1,False,True,True,151,37,3,1.0,321944.42171437625,3.6852553077656505,0.4547026725655957
44025,3,90,EXPANDED_LOCAL_HYBRID_K4_FEASIBLE,151,E3_SITE_13_SEC_2_UE_4,37,3,0.12032732519934713,0.08787904209545966,0.1,ABSOLUTE_0P1,False,True,True,151,37,3,1.0,283987.4406633097,3.685254814835004,0.45470262327253097
44025,3,91,EXPANDED_LOCAL_HYBRID_K4_FEASIBLE,151,E3_SITE_13_SEC_2_UE_4,37,3,0.12032732519934713,0.08787904209545966,0.1,ABSOLUTE_0P1,False,True,True,151,37,3,1.0,336126.8992390593,3.685135208214975,0.45469066261052815
44025,3,92,EXPANDED_LOCAL_HYBRID_K4_FEASIBLE,151,E3_SITE_13_SEC_2_UE_4,37,3,0.12032732519934713,0.08787904209545966,0.1,ABSOLUTE_0P1,False,True,True,151,37,3,1.0,316253.79820633464,3.685135208214975,0.45469066261052815
44025,3,93,EXPANDED_LOCAL_HYBRID_K4_FEASIBLE,151,E3_SITE_13_SEC_2_UE_4,37,3,0.12032732519934713,0.08787904209545966,0.1,ABSOLUTE_0P1,False,True,True,151,37,3,1.0,297776.933368915,3.685135208214975,0.45469066261052815
44025,3,94,EXPANDED_LOCAL_HYBRID_K4_FEASIBLE,151,E3_SITE_13_SEC_2_UE_4,37,3,0.12032732519934713,0.08787904209545966,0.1,ABSOLUTE_0P1,False,True,True,151,37,3,1.0,353234.7566060461,3.685028604987322,0.45468000228776284
44025,3,95,EXPANDED_LOCAL_HYBRID_K4_FEASIBLE,151,E3_SITE_13_SEC_2_UE_4,37,3,0.12032732519934713,0.08787904209545966,0.1,ABSOLUTE_0P1,False,True,True,151,37,3,1.0,333149.0491270932,3.6850282559978025,0.4546799673888109
44025,3,96,EXPANDED_LOCAL_HYBRID_K4_FEASIBLE,151,E3_SITE_13_SEC_2_UE_4,37,3,0.12032732519934713,0.08787904209545966,0.1,ABSOLUTE_0P1,False,True,True,151,37,3,1.0,314360.1225893109,3.6850282559978025,0.4546799673888109
44025,3,97,EXPANDED_LOCAL_HYBRID_K4_FEASIBLE,151,E3_SITE_13_SEC_2_UE_4,37,3,0.12032732519934713,0.08787904209545966,0.1,ABSOLUTE_0P1,False,True,True,151,37,3,1.0,373693.67661587463,3.6849332807640773,0.45467046986543835
44025,3,98,EXPANDED_LOCAL_HYBRID_K4_FEASIBLE,151,E3_SITE_13_SEC_2_UE_4,37,3,0.12032732519934713,0.08787904209545966,0.1,ABSOLUTE_0P1,False,True,True,151,37,3,1.0,353100.0023228037,3.6849332807640773,0.45467046986543835
44025,3,99,EXPANDED_LOCAL_HYBRID_K4_FEASIBLE,151,E3_SITE_13_SEC_2_UE_4,37,3,0.12032732519934713,0.08787904209545966,0.1,ABSOLUTE_0P1,False,True,True,151,37,3,1.0,420308.11433399195,3.684848631655092,0.4546620049545398
44025,3,100,FIXED_Q_FIXED_BEAM_JOINT_GLOBAL_INFEASIBLE,81,E3_SITE_07_SEC_3_UE_2,20,1,0.14106549627875736,0.0778726347388416,0.1,ABSOLUTE_0P1,False,True,True,81,20,1,1.0,829.1592341637072,1.3217347085010729,0.20880128552563237
44025,3,100,FIXED_Q_FIXED_BEAM_JOINT_GLOBAL_INFEASIBLE,82,E3_SITE_07_SEC_3_UE_3,20,2,0.20561812248659442,0.08648378376020682,0.1,ABSOLUTE_0P1,False,True,True,82,20,2,1.0,124735.83136183355,3.181663017165817,0.3963293262002031
44025,3,100,FIXED_Q_FIXED_BEAM_JOINT_GLOBAL_INFEASIBLE,151,E3_SITE_13_SEC_2_UE_4,37,3,0.12032732519934713,0.058529336439695524,0.1,ABSOLUTE_0P1,False,True,True,151,37,3,1.0,284172.29444000276,3.2078459962857213,0.3781355845766753
44025,3,100,FIXED_Q_FIXED_BEAM_JOINT_GLOBAL_INFEASIBLE,157,E3_SITE_14_SEC_1_UE_2,39,1,0.5404281785642094,1.0322549385807984,0.9290294447227186,RELATIVE_0P9_CURRENT_LOAD_NOMINAL,True,False,True,157,39,1,1.0,1342373.8722731662,5.981756403690334,1.5056454772470718
44025,3,101,FIXED_Q_FIXED_BEAM_JOINT_GLOBAL_INFEASIBLE,81,E3_SITE_07_SEC_3_UE_2,20,1,0.14106549627875736,0.0778726347388416,0.1,ABSOLUTE_0P1,False,True,True,81,20,1,1.0,380.9497766733227,1.3217474370373827,0.20880255837926337
44025,3,101,FIXED_Q_FIXED_BEAM_JOINT_GLOBAL_INFEASIBLE,82,E3_SITE_07_SEC_3_UE_3,20,2,0.20561812248659442,0.08648378376020682,0.1,ABSOLUTE_0P1,False,True,True,82,20,2,1.0,57308.75945484823,3.181804006143679,0.3963434250979893
44025,3,101,FIXED_Q_FIXED_BEAM_JOINT_GLOBAL_INFEASIBLE,151,E3_SITE_13_SEC_2_UE_4,37,3,0.12032732519934713,0.058529336439695524,0.1,ABSOLUTE_0P1,False,True,True,151,37,3,1.0,134837.93824204532,3.208240890098989,0.3781750739580021
44025,3,101,FIXED_Q_FIXED_BEAM_JOINT_GLOBAL_INFEASIBLE,157,E3_SITE_14_SEC_1_UE_2,39,1,0.5404281785642094,1.0322549385807984,0.9290294447227186,RELATIVE_0P9_CURRENT_LOAD_NOMINAL,True,False,True,157,39,1,1.0,1278858.1893493894,5.981756403690334,1.5056454772470718
44025,3,102,FIXED_Q_FIXED_BEAM_JOINT_GLOBAL_INFEASIBLE,81,E3_SITE_07_SEC_3_UE_2,20,1,0.14106549627875736,0.0778726347388416,0.1,ABSOLUTE_0P1,False,True,True,81,20,1,1.0,174.93314991500222,1.3217654166726833,0.20880435634279343
44025,3,102,FIXED_Q_FIXED_BEAM_JOINT_GLOBAL_INFEASIBLE,82,E3_SITE_07_SEC_3_UE_3,20,2,0.20561812248659442,0.08648378376020682,0.1,ABSOLUTE_0P1,False,True,True,82,20,2,1.0,26316.334653621827,3.1820031481205477,0.3963633392956762
44025,3,102,FIXED_Q_FIXED_BEAM_JOINT_GLOBAL_INFEASIBLE,151,E3_SITE_13_SEC_2_UE_4,37,3,0.12032732519934713,0.058529336439695524,0.1,ABSOLUTE_0P1,False,True,True,151,37,3,1.0,127696.27436784978,3.208241718077182,0.37817515675582136
44025,3,102,FIXED_Q_FIXED_BEAM_JOINT_GLOBAL_INFEASIBLE,157,E3_SITE_14_SEC_1_UE_2,39,1,0.5404281785642094,1.0322549385807984,0.9290294447227186,RELATIVE_0P9_CURRENT_LOAD_NOMINAL,True,False,True,157,39,1,1.0,1223143.930455554,5.981756403690334,1.5056454772470718
44025,3,103,FIXED_Q_FIXED_BEAM_JOINT_GLOBAL_INFEASIBLE,81,E3_SITE_07_SEC_3_UE_2,20,1,0.14106549627875736,0.0778726347388416,0.1,ABSOLUTE_0P1,False,True,True,81,20,1,1.0,80.28234633395253,1.3217908137818437,0.20880689605370945
44025,3,103,FIXED_Q_FIXED_BEAM_JOINT_GLOBAL_INFEASIBLE,82,E3_SITE_07_SEC_3_UE_3,20,2,0.20561812248659442,0.08648378376020682,0.1,ABSOLUTE_0P1,False,True,True,82,20,2,1.0,12077.39695951771,3.1822844231947385,0.3963914668030953
44025,3,103,FIXED_Q_FIXED_BEAM_JOINT_GLOBAL_INFEASIBLE,151,E3_SITE_13_SEC_2_UE_4,37,3,0.12032732519934713,0.058529336439695524,0.1,ABSOLUTE_0P1,False,True,True,151,37,3,1.0,121045.79714884944,3.208241718077182,0.37817515675582136
44025,3,103,FIXED_Q_FIXED_BEAM_JOINT_GLOBAL_INFEASIBLE,157,E3_SITE_14_SEC_1_UE_2,39,1,0.5404281785642094,1.0322549385807984,0.9290294447227186,RELATIVE_0P9_CURRENT_LOAD_NOMINAL,True,False,True,157,39,1,1.0,1174499.8709711246,5.981756403690334,1.5056454772470718
44025,3,104,FIXED_Q_FIXED_BEAM_JOINT_GLOBAL_INFEASIBLE,81,E3_SITE_07_SEC_3_UE_2,20,1,0.14106549627875736,0.0778726347388416,0.1,ABSOLUTE_0P1,False,True,True,81,20,1,1.0,36.819590559967345,1.3218266885496002,0.2088104835304851
44025,3,104,FIXED_Q_FIXED_BEAM_JOINT_GLOBAL_INFEASIBLE,82,E3_SITE_07_SEC_3_UE_3,20,2,0.20561812248659442,0.08648378376020682,0.1,ABSOLUTE_0P1,False,True,True,82,20,2,1.0,5539.011144864527,3.182681694010435,0.3964311938846649
44025,3,104,FIXED_Q_FIXED_BEAM_JOINT_GLOBAL_INFEASIBLE,151,E3_SITE_13_SEC_2_UE_4,37,3,0.12032732519934713,0.058529336439695524,0.1,ABSOLUTE_0P1,False,True,True,151,37,3,1.0,114831.6978342513,3.2082412802832363,0.3781751129764268
44025,3,104,FIXED_Q_FIXED_BEAM_JOINT_GLOBAL_INFEASIBLE,157,E3_SITE_14_SEC_1_UE_2,39,1,0.5404281785642094,1.0322549385807984,0.9290294447227186,RELATIVE_0P9_CURRENT_LOAD_NOMINAL,True,False,True,157,39,1,1.0,1132274.0449737154,5.981756403690334,1.5056454772470718
44025,3,105,FIXED_Q_FIXED_BEAM_JOINT_GLOBAL_INFEASIBLE,81,E3_SITE_07_SEC_3_UE_2,20,1,0.14106549627875736,0.0778726347388416,0.1,ABSOLUTE_0P1,False,True,True,81,20,1,1.0,16.873864904662504,1.3218773637990608,0.20881555105543115
44025,3,105,FIXED_Q_FIXED_BEAM_JOINT_GLOBAL_INFEASIBLE,82,E3_SITE_07_SEC_3_UE_3,20,2,0.20561812248659442,0.08648378376020682,0.1,ABSOLUTE_0P1,False,True,True,82,20,2,1.0,2538.445548753154,3.1832427725888284,0.39648730174250424
44025,3,105,FIXED_Q_FIXED_BEAM_JOINT_GLOBAL_INFEASIBLE,151,E3_SITE_13_SEC_2_UE_4,37,3,0.12032732519934713,0.058529336439695524,0.1,ABSOLUTE_0P1,False,True,True,151,37,3,1.0,108982.80466564857,3.2082412802832363,0.3781751129764268
44025,3,105,FIXED_Q_FIXED_BEAM_JOINT_GLOBAL_INFEASIBLE,157,E3_SITE_14_SEC_1_UE_2,39,1,0.5404281785642094,1.0322549385807984,0.9290294447227186,RELATIVE_0P9_CURRENT_LOAD_NOMINAL,True,False,True,157,39,1,1.0,1095885.080302782,5.981756403690334,1.5056454772470718
44025,3,106,FIXED_Q_FIXED_BEAM_JOINT_GLOBAL_INFEASIBLE,81,E3_SITE_07_SEC_3_UE_2,20,1,0.14106549627875736,0.0778726347388416,0.1,ABSOLUTE_0P1,False,True,True,81,20,1,1.0,9.727267340480308,1.321922291541681,0.2088200438296932
44025,3,106,FIXED_Q_FIXED_BEAM_JOINT_GLOBAL_INFEASIBLE,82,E3_SITE_07_SEC_3_UE_3,20,2,0.20561812248659442,0.08648378376020682,0.1,ABSOLUTE_0P1,False,True,True,82,20,2,1.0,1463.3362671495247,3.183740126262361,0.3965370371098575
44025,3,106,FIXED_Q_FIXED_BEAM_JOINT_GLOBAL_INFEASIBLE,151,E3_SITE_13_SEC_2_UE_4,37,3,0.12032732519934713,0.058529336439695524,0.1,ABSOLUTE_0P1,False,True,True,151,37,3,1.0,130290.08220294751,3.2080942010036266,0.3781604050484658
44025,3,106,FIXED_Q_FIXED_BEAM_JOINT_GLOBAL_INFEASIBLE,157,E3_SITE_14_SEC_1_UE_2,39,1,0.5404281785642094,1.0322549385807984,0.9290294447227186,RELATIVE_0P9_CURRENT_LOAD_NOMINAL,True,False,True,157,39,1,1.0,1064814.444106051,5.981756403690334,1.5056454772470718
44025,3,107,FIXED_Q_FIXED_BEAM_JOINT_GLOBAL_INFEASIBLE,81,E3_SITE_07_SEC_3_UE_2,20,1,0.14106549627875736,0.0778726347388416,0.1,ABSOLUTE_0P1,False,True,True,81,20,1,1.0,11.178146381684117,1.3218985358815127,0.20881766826367637
44025,3,107,FIXED_Q_FIXED_BEAM_JOINT_GLOBAL_INFEASIBLE,82,E3_SITE_07_SEC_3_UE_3,20,2,0.20561812248659442,0.08648378376020682,0.1,ABSOLUTE_0P1,False,True,True,82,20,2,1.0,1681.60146393354,3.183477159553616,0.396510740438983
44025,3,107,FIXED_Q_FIXED_BEAM_JOINT_GLOBAL_INFEASIBLE,151,E3_SITE_13_SEC_2_UE_4,37,3,0.12032732519934713,0.058529336439695524,0.1,ABSOLUTE_0P1,False,True,True,151,37,3,1.0,123799.54304396996,3.2080942010036266,0.3781604050484658
44025,3,107,FIXED_Q_FIXED_BEAM_JOINT_GLOBAL_INFEASIBLE,157,E3_SITE_14_SEC_1_UE_2,39,1,0.5404281785642094,1.0322549385807984,0.9290294447227186,RELATIVE_0P9_CURRENT_LOAD_NOMINAL,True,False,True,157,39,1,1.0,1038599.5053955682,5.981756403690334,1.5056454772470718
44025,3,108,FIXED_Q_FIXED_BEAM_JOINT_GLOBAL_INFEASIBLE,81,E3_SITE_07_SEC_3_UE_2,20,1,0.14106549627875736,0.0778726347388416,0.1,ABSOLUTE_0P1,False,True,True,81,20,1,1.0,12.362725147897526,1.3218860737013798,0.20881642204566309
44025,3,108,FIXED_Q_FIXED_BEAM_JOINT_GLOBAL_INFEASIBLE,82,E3_SITE_07_SEC_3_UE_3,20,2,0.20561812248659442,0.08648378376020682,0.1,ABSOLUTE_0P1,False,True,True,82,20,2,1.0,1917.0230164683867,3.183273194865424,0.3964903439701638
44025,3,108,FIXED_Q_FIXED_BEAM_JOINT_GLOBAL_INFEASIBLE,151,E3_SITE_13_SEC_2_UE_4,37,3,0.12032732519934713,0.058529336439695524,0.1,ABSOLUTE_0P1,False,True,True,151,37,3,1.0,148176.25060957103,3.2079631109879805,0.3781472960469012
44025,3,108,FIXED_Q_FIXED_BEAM_JOINT_GLOBAL_INFEASIBLE,157,E3_SITE_14_SEC_1_UE_2,39,1,0.5404281785642094,1.0322549385807984,0.9290294447227186,RELATIVE_0P9_CURRENT_LOAD_NOMINAL,True,False,True,157,39,1,1.0,1016827.3313820274,5.981756403690334,1.5056454772470718
44025,3,109,FIXED_Q_FIXED_BEAM_JOINT_GLOBAL_INFEASIBLE,81,E3_SITE_07_SEC_3_UE_2,20,1,0.14106549627875736,0.0778726347388416,0.1,ABSOLUTE_0P1,False,True,True,81,20,1,1.0,14.176712441188084,1.3218662570401745,0.20881444037954255
44025,3,109,FIXED_Q_FIXED_BEAM_JOINT_GLOBAL_INFEASIBLE,82,E3_SITE_07_SEC_3_UE_3,20,2,0.20561812248659442,0.08648378376020682,0.1,ABSOLUTE_0P1,False,True,True,82,20,2,1.0,2198.3085219874197,3.1830609765949944,0.39646912214312086
44025,3,109,FIXED_Q_FIXED_BEAM_JOINT_GLOBAL_INFEASIBLE,151,E3_SITE_13_SEC_2_UE_4,37,3,0.12032732519934713,0.058529336439695524,0.1,ABSOLUTE_0P1,False,True,True,151,37,3,1.0,140957.46187983654,3.2079631109879805,0.3781472960469012
44025,3,109,FIXED_Q_FIXED_BEAM_JOINT_GLOBAL_INFEASIBLE,157,E3_SITE_14_SEC_1_UE_2,39,1,0.5404281785642094,1.0322549385807984,0.9290294447227186,RELATIVE_0P9_CURRENT_LOAD_NOMINAL,True,False,True,157,39,1,1.0,999129.1434661543,5.981756403690334,1.5056454772470718
44025,3,110,FIXED_Q_FIXED_BEAM_JOINT_GLOBAL_INFEASIBLE,81,E3_SITE_07_SEC_3_UE_2,20,1,0.14106549627875736,0.0778726347388416,0.1,ABSOLUTE_0P1,False,True,True,81,20,1,1.0,13.387778661670847,1.3218584942973162,0.2088136641052567
44025,3,110,FIXED_Q_FIXED_BEAM_JOINT_GLOBAL_INFEASIBLE,82,E3_SITE_07_SEC_3_UE_3,20,2,0.20561812248659442,0.08648378376020682,0.1,ABSOLUTE_0P1,False,True,True,82,20,2,1.0,2014.0108590072098,3.1830338609738584,0.39646641058100723
44025,3,110,FIXED_Q_FIXED_BEAM_JOINT_GLOBAL_INFEASIBLE,151,E3_SITE_13_SEC_2_UE_4,37,3,0.12032732519934713,0.058529336439695524,0.1,ABSOLUTE_0P1,False,True,True,151,37,3,1.0,134185.82288288503,3.2079628010310826,0.37814726505121143
44025,3,110,FIXED_Q_FIXED_BEAM_JOINT_GLOBAL_INFEASIBLE,157,E3_SITE_14_SEC_1_UE_2,39,1,0.5404281785642094,1.0322549385807984,0.9290294447227186,RELATIVE_0P9_CURRENT_LOAD_NOMINAL,True,False,True,157,39,1,1.0,985175.366793398,5.981756403690334,1.5056454772470718
44025,3,111,FIXED_Q_FIXED_BEAM_JOINT_GLOBAL_INFEASIBLE,81,E3_SITE_07_SEC_3_UE_2,20,1,0.14106549627875736,0.0778726347388416,0.1,ABSOLUTE_0P1,False,True,True,81,20,1,1.0,15.313379805818315,1.3218416769446975,0.20881198236999482
44025,3,111,FIXED_Q_FIXED_BEAM_JOINT_GLOBAL_INFEASIBLE,82,E3_SITE_07_SEC_3_UE_3,20,2,0.20561812248659442,0.08648378376020682,0.1,ABSOLUTE_0P1,False,True,True,82,20,2,1.0,2303.6915978689017,3.182847657169186,0.39644779020054
44025,3,111,FIXED_Q_FIXED_BEAM_JOINT_GLOBAL_INFEASIBLE,151,E3_SITE_13_SEC_2_UE_4,37,3,0.12032732519934713,0.058529336439695524,0.1,ABSOLUTE_0P1,False,True,True,151,37,3,1.0,160861.1879941875,3.207846272543533,0.3781356122024564
44025,3,111,FIXED_Q_FIXED_BEAM_JOINT_GLOBAL_INFEASIBLE,157,E3_SITE_14_SEC_1_UE_2,39,1,0.5404281785642094,1.0322549385807984,0.9290294447227186,RELATIVE_0P9_CURRENT_LOAD_NOMINAL,True,False,True,157,39,1,1.0,974671.214318275,5.981756403690334,1.5056454772470718
44025,3,112,FIXED_Q_FIXED_BEAM_JOINT_GLOBAL_INFEASIBLE,81,E3_SITE_07_SEC_3_UE_2,20,1,0.14106549627875736,0.0778726347388416,0.1,ABSOLUTE_0P1,False,True,True,81,20,1,1.0,17.49076059639897,1.3218266885496002,0.2088104835304851
44025,3,112,FIXED_Q_FIXED_BEAM_JOINT_GLOBAL_INFEASIBLE,82,E3_SITE_07_SEC_3_UE_3,20,2,0.20561812248659442,0.08648378376020682,0.1,ABSOLUTE_0P1,False,True,True,82,20,2,1.0,2631.249191047418,3.182681694010435,0.3964311938846649
44025,3,112,FIXED_Q_FIXED_BEAM_JOINT_GLOBAL_INFEASIBLE,151,E3_SITE_13_SEC_2_UE_4,37,3,0.12032732519934713,0.058529336439695524,0.1,ABSOLUTE_0P1,False,True,True,151,37,3,1.0,192976.0885591564,3.2077421367187418,0.3781251986199773
44025,3,112,FIXED_Q_FIXED_BEAM_JOINT_GLOBAL_INFEASIBLE,157,E3_SITE_14_SEC_1_UE_2,39,1,0.5404281785642094,1.0322549385807984,0.9290294447227186,RELATIVE_0P9_CURRENT_LOAD_NOMINAL,True,False,True,157,39,1,1.0,967352.7523595482,5.981756403690334,1.5056454772470718
44025,3,113,FIXED_Q_FIXED_BEAM_JOINT_GLOBAL_INFEASIBLE,81,E3_SITE_07_SEC_3_UE_2,20,1,0.14106549627875736,0.0778726347388416,0.1,ABSOLUTE_0P1,False,True,True,81,20,1,1.0,30.45575647558019,1.3217951791620182,0.2088073325917269
44025,3,113,FIXED_Q_FIXED_BEAM_JOINT_GLOBAL_INFEASIBLE,82,E3_SITE_07_SEC_3_UE_3,20,2,0.20561812248659442,0.08648378376020682,0.1,ABSOLUTE_0P1,False,True,True,82,20,2,1.0,4722.614589354777,3.182299674936653,0.39639299197728667
44025,3,113,FIXED_Q_FIXED_BEAM_JOINT_GLOBAL_INFEASIBLE,151,E3_SITE_13_SEC_2_UE_4,37,3,0.12032732519934713,0.058529336439695524,0.1,ABSOLUTE_0P1,False,True,True,151,37,3,1.0,231634.18274982675,3.2076493228253895,0.3781159172306421
44025,3,113,FIXED_Q_FIXED_BEAM_JOINT_GLOBAL_INFEASIBLE,157,E3_SITE_14_SEC_1_UE_2,39,1,0.5404281785642094,1.0322549385807984,0.9290294447227186,RELATIVE_0P9_CURRENT_LOAD_NOMINAL,True,False,True,157,39,1,1.0,962983.3998524062,5.981756403690334,1.5056454772470718
44025,3,114,FIXED_Q_FIXED_BEAM_JOINT_GLOBAL_INFEASIBLE,81,E3_SITE_07_SEC_3_UE_2,20,1,0.14106549627875736,0.0778726347388416,0.1,ABSOLUTE_0P1,False,True,True,81,20,1,1.0,49.77106657674156,1.3217758653777563,0.2088054012133007
44025,3,114,FIXED_Q_FIXED_BEAM_JOINT_GLOBAL_INFEASIBLE,82,E3_SITE_07_SEC_3_UE_3,20,2,0.20561812248659442,0.08648378376020682,0.1,ABSOLUTE_0P1,False,True,True,82,20,2,1.0,8355.612069399638,3.1820396565545295,0.39636699013907434
44025,3,114,FIXED_Q_FIXED_BEAM_JOINT_GLOBAL_INFEASIBLE,151,E3_SITE_13_SEC_2_UE_4,37,3,0.12032732519934713,0.058529336439695524,0.1,ABSOLUTE_0P1,False,True,True,151,37,3,1.0,278194.9497568044,3.2075666001778687,0.37810764496589
44025,3,114,FIXED_Q_FIXED_BEAM_JOINT_GLOBAL_INFEASIBLE,157,E3_SITE_14_SEC_1_UE_2,39,1,0.5404281785642094,1.0322549385807984,0.9290294447227186,RELATIVE_0P9_CURRENT_LOAD_NOMINAL,True,False,True,157,39,1,1.0,961350.8180183861,5.981756403690334,1.5056454772470718
44025,3,115,FIXED_Q_FIXED_BEAM_JOINT_GLOBAL_INFEASIBLE,81,E3_SITE_07_SEC_3_UE_2,20,1,0.14106549627875736,0.0778726347388416,0.1,ABSOLUTE_0P1,False,True,True,81,20,1,1.0,89.63812265253883,1.3217548341858734,0.2088032980941124
44025,3,115,FIXED_Q_FIXED_BEAM_JOINT_GLOBAL_INFEASIBLE,82,E3_SITE_07_SEC_3_UE_3,20,2,0.20561812248659442,0.08648378376020682,0.1,ABSOLUTE_0P1,False,True,True,82,20,2,1.0,15048.529819207999,3.1818298537445795,0.3963460098580794
44025,3,115,FIXED_Q_FIXED_BEAM_JOINT_GLOBAL_INFEASIBLE,151,E3_SITE_13_SEC_2_UE_4,37,3,0.12032732519934713,0.058529336439695524,0.1,ABSOLUTE_0P1,False,True,True,151,37,3,1.0,529839.4804390669,3.207368593119245,0.3780878442600276
44025,3,115,FIXED_Q_FIXED_BEAM_JOINT_GLOBAL_INFEASIBLE,157,E3_SITE_14_SEC_1_UE_2,39,1,0.5404281785642094,1.0322549385807984,0.9290294447227186,RELATIVE_0P9_CURRENT_LOAD_NOMINAL,True,False,True,157,39,1,1.0,961335.5692511379,5.981756403690334,1.5056454772470718
44025,3,116,FIXED_Q_FIXED_BEAM_JOINT_GLOBAL_INFEASIBLE,81,E3_SITE_07_SEC_3_UE_2,20,1,0.14106549627875736,0.0778726347388416,0.1,ABSOLUTE_0P1,False,True,True,81,20,1,1.0,161.1153520697447,1.3217399452970908,0.20880180920523417
44025,3,116,FIXED_Q_FIXED_BEAM_JOINT_GLOBAL_INFEASIBLE,82,E3_SITE_07_SEC_3_UE_3,20,2,0.20561812248659442,0.08648378376020682,0.1,ABSOLUTE_0P1,False,True,True,82,20,2,1.0,27048.19231156638,3.181681316672375,0.39633115615085895
44025,3,116,FIXED_Q_FIXED_BEAM_JOINT_GLOBAL_INFEASIBLE,151,E3_SITE_13_SEC_2_UE_4,37,3,0.12032732519934713,0.058529336439695524,0.1,ABSOLUTE_0P1,False,True,True,151,37,3,1.0,1009693.2163563438,3.2072284077461006,0.3780738257227132
44025,3,116,FIXED_Q_FIXED_BEAM_JOINT_GLOBAL_INFEASIBLE,157,E3_SITE_14_SEC_1_UE_2,39,1,0.5404281785642094,1.0322549385807984,0.9290294447227186,RELATIVE_0P9_CURRENT_LOAD_NOMINAL,True,False,True,157,39,1,1.0,962736.8977830539,5.981756403690334,1.5056454772470718
44025,3,117,FIXED_Q_FIXED_BEAM_JOINT_GLOBAL_INFEASIBLE,81,E3_SITE_07_SEC_3_UE_2,20,1,0.14106549627875736,0.0778726347388416,0.1,ABSOLUTE_0P1,False,True,True,81,20,1,1.0,288.9580809410174,1.3217294047985357,0.20880075515537866
44025,3,117,FIXED_Q_FIXED_BEAM_JOINT_GLOBAL_INFEASIBLE,82,E3_SITE_07_SEC_3_UE_3,20,2,0.20561812248659442,0.08648378376020682,0.1,ABSOLUTE_0P1,False,True,True,82,20,2,1.0,48510.54628171584,3.1815761564397365,0.39632064012759505
44025,3,117,FIXED_Q_FIXED_BEAM_JOINT_GLOBAL_INFEASIBLE,151,E3_SITE_13_SEC_2_UE_4,37,3,0.12032732519934713,0.058529336439695524,0.1,ABSOLUTE_0P1,False,True,True,151,37,3,1.0,1925248.0963672318,3.2071291605381025,0.37806390100191334
44025,3,117,FIXED_Q_FIXED_BEAM_JOINT_GLOBAL_INFEASIBLE,157,E3_SITE_14_SEC_1_UE_2,39,1,0.5404281785642094,1.0322549385807984,0.9290294447227186,RELATIVE_0P9_CURRENT_LOAD_NOMINAL,True,False,True,157,39,1,1.0,966480.0508838807,5.981756403690334,1.5056454772470718
44025,4,20,FIXED_Q_FIXED_BEAM_JOINT_GLOBAL_INFEASIBLE,81,E3_SITE_07_SEC_3_UE_2,20,1,0.14106549627875736,0.0778726347388416,0.1,ABSOLUTE_0P1,False,True,True,81,20,1,1.0,1784.2028333099336,1.3217767419567548,0.20880548887120054
44025,4,20,FIXED_Q_FIXED_BEAM_JOINT_GLOBAL_INFEASIBLE,82,E3_SITE_07_SEC_3_UE_3,20,2,0.20561812248659442,0.08648378376020682,0.1,ABSOLUTE_0P1,False,True,True,82,20,2,1.0,736812.3812278096,3.181784455708148,0.3963414700544362
44025,4,20,FIXED_Q_FIXED_BEAM_JOINT_GLOBAL_INFEASIBLE,151,E3_SITE_13_SEC_2_UE_4,37,3,0.12032732519934713,0.058529336439695524,0.1,ABSOLUTE_0P1,False,True,True,151,37,3,1.0,4910155.289243774,3.2072760209558484,0.378078587043688
44025,4,20,FIXED_Q_FIXED_BEAM_JOINT_GLOBAL_INFEASIBLE,157,E3_SITE_14_SEC_1_UE_2,39,1,0.5404281785642094,1.0322549385807984,0.9290294447227186,RELATIVE_0P9_CURRENT_LOAD_NOMINAL,True,False,True,157,39,1,1.0,19888461.99688986,5.981756403690334,1.5056454772470718
44025,4,21,FIXED_Q_FIXED_BEAM_JOINT_GLOBAL_INFEASIBLE,81,E3_SITE_07_SEC_3_UE_2,20,1,0.14106549627875736,0.0778726347388416,0.1,ABSOLUTE_0P1,False,True,True,81,20,1,1.0,894.219682256549,1.321806810630237,0.20880849573854876
44025,4,21,FIXED_Q_FIXED_BEAM_JOINT_GLOBAL_INFEASIBLE,82,E3_SITE_07_SEC_3_UE_3,20,2,0.20561812248659442,0.08648378376020682,0.1,ABSOLUTE_0P1,False,True,True,82,20,2,1.0,369280.95904989465,3.181975533969937,0.39636057788061513
44025,4,21,FIXED_Q_FIXED_BEAM_JOINT_GLOBAL_INFEASIBLE,151,E3_SITE_13_SEC_2_UE_4,37,3,0.12032732519934713,0.058529336439695524,0.1,ABSOLUTE_0P1,False,True,True,151,37,3,1.0,2460907.146096433,3.2074358455966903,0.3780945695077722
44025,4,21,FIXED_Q_FIXED_BEAM_JOINT_GLOBAL_INFEASIBLE,157,E3_SITE_14_SEC_1_UE_2,39,1,0.5404281785642094,1.0322549385807984,0.9290294447227186,RELATIVE_0P9_CURRENT_LOAD_NOMINAL,True,False,True,157,39,1,1.0,19888461.99688986,5.981756403690334,1.5056454772470718
44025,4,22,FIXED_Q_FIXED_BEAM_JOINT_GLOBAL_INFEASIBLE,81,E3_SITE_07_SEC_3_UE_2,20,1,0.14106549627875736,0.0778726347388416,0.1,ABSOLUTE_0P1,False,True,True,81,20,1,1.0,448.1714888052168,1.3218492836200215,0.20881274303752723
44025,4,22,FIXED_Q_FIXED_BEAM_JOINT_GLOBAL_INFEASIBLE,82,E3_SITE_07_SEC_3_UE_3,20,2,0.20561812248659442,0.08648378376020682,0.1,ABSOLUTE_0P1,False,True,True,82,20,2,1.0,185078.9022974427,3.182245420309622,0.3963875665145836
44025,4,22,FIXED_Q_FIXED_BEAM_JOINT_GLOBAL_INFEASIBLE,151,E3_SITE_13_SEC_2_UE_4,37,3,0.12032732519934713,0.058529336439695524,0.1,ABSOLUTE_0P1,False,True,True,151,37,3,1.0,1258324.6658690537,3.20765631874579,0.37811661682268216
44025,4,22,FIXED_Q_FIXED_BEAM_JOINT_GLOBAL_INFEASIBLE,157,E3_SITE_14_SEC_1_UE_2,39,1,0.5404281785642094,1.0322549385807984,0.9290294447227186,RELATIVE_0P9_CURRENT_LOAD_NOMINAL,True,False,True,157,39,1,1.0,19888461.99688986,5.981756403690334,1.5056454772470718
44025,4,23,FIXED_Q_FIXED_BEAM_JOINT_GLOBAL_INFEASIBLE,81,E3_SITE_07_SEC_3_UE_2,20,1,0.14106549627875736,0.0778726347388416,0.1,ABSOLUTE_0P1,False,True,True,81,20,1,1.0,224.61782866490222,1.3219092780325006,0.20881874247877513
44025,4,23,FIXED_Q_FIXED_BEAM_JOINT_GLOBAL_INFEASIBLE,82,E3_SITE_07_SEC_3_UE_3,20,2,0.20561812248659442,0.08648378376020682,0.1,ABSOLUTE_0P1,False,True,True,82,20,2,1.0,92759.18304522752,3.1826266072337956,0.396425685207001
44025,4,23,FIXED_Q_FIXED_BEAM_JOINT_GLOBAL_INFEASIBLE,151,E3_SITE_13_SEC_2_UE_4,37,3,0.12032732519934713,0.058529336439695524,0.1,ABSOLUTE_0P1,False,True,True,151,37,3,1.0,634893.5125602918,3.207969273920324,0.37814791234013556
44025,4,23,FIXED_Q_FIXED_BEAM_JOINT_GLOBAL_INFEASIBLE,157,E3_SITE_14_SEC_1_UE_2,39,1,0.5404281785642094,1.0322549385807984,0.9290294447227186,RELATIVE_0P9_CURRENT_LOAD_NOMINAL,True,False,True,157,39,1,1.0,19888461.99688986,5.981756403690334,1.5056454772470718
44025,4,24,FIXED_Q_FIXED_BEAM_JOINT_GLOBAL_INFEASIBLE,81,E3_SITE_07_SEC_3_UE_2,20,1,0.14106549627875736,0.0778726347388416,0.1,ABSOLUTE_0P1,False,True,True,81,20,1,1.0,112.57558817192712,1.3219940218333626,0.20882721685886135
44025,4,24,FIXED_Q_FIXED_BEAM_JOINT_GLOBAL_INFEASIBLE,82,E3_SITE_07_SEC_3_UE_3,20,2,0.20561812248659442,0.08648378376020682,0.1,ABSOLUTE_0P1,False,True,True,82,20,2,1.0,46489.71834396329,3.1831649729421136,0.3964795217778328
44025,4,24,FIXED_Q_FIXED_BEAM_JOINT_GLOBAL_INFEASIBLE,151,E3_SITE_13_SEC_2_UE_4,37,3,0.12032732519934713,0.058529336439695524,0.1,ABSOLUTE_0P1,False,True,True,151,37,3,1.0,319498.72605214757,3.2084103047051,0.37819201541861314
44025,4,24,FIXED_Q_FIXED_BEAM_JOINT_GLOBAL_INFEASIBLE,157,E3_SITE_14_SEC_1_UE_2,39,1,0.5404281785642094,1.0322549385807984,0.9290294447227186,RELATIVE_0P9_CURRENT_LOAD_NOMINAL,True,False,True,157,39,1,1.0,19888461.99688986,5.981756403690334,1.5056454772470718
44025,4,25,FIXED_Q_FIXED_BEAM_JOINT_GLOBAL_INFEASIBLE,81,E3_SITE_07_SEC_3_UE_2,20,1,0.14106549627875736,0.0778726347388416,0.1,ABSOLUTE_0P1,False,True,True,81,20,1,1.0,56.421447609851256,1.3221137245176247,0.20883918712728755
44025,4,25,FIXED_Q_FIXED_BEAM_JOINT_GLOBAL_INFEASIBLE,82,E3_SITE_07_SEC_3_UE_3,20,2,0.20561812248659442,0.08648378376020682,0.1,ABSOLUTE_0P1,False,True,True,82,20,2,1.0,23300.053328922106,3.183925284848288,0.3965555529684502
44025,4,25,FIXED_Q_FIXED_BEAM_JOINT_GLOBAL_INFEASIBLE,151,E3_SITE_13_SEC_2_UE_4,37,3,0.12032732519934713,0.058529336439695524,0.1,ABSOLUTE_0P1,False,True,True,151,37,3,1.0,160344.51382633921,3.2090345618491187,0.378254441133015
44025,4,25,FIXED_Q_FIXED_BEAM_JOINT_GLOBAL_INFEASIBLE,157,E3_SITE_14_SEC_1_UE_2,39,1,0.5404281785642094,1.0322549385807984,0.9290294447227186,RELATIVE_0P9_CURRENT_LOAD_NOMINAL,True,False,True,157,39,1,1.0,19888461.99688986,5.981756403690334,1.5056454772470718
44025,4,26,FIXED_Q_FIXED_BEAM_JOINT_GLOBAL_INFEASIBLE,81,E3_SITE_07_SEC_3_UE_2,20,1,0.14106549627875736,0.0778726347388416,0.1,ABSOLUTE_0P1,False,True,True,81,20,1,1.0,28.277709244827417,1.3222828068254824,0.2088560953580733
44025,4,26,FIXED_Q_FIXED_BEAM_JOINT_GLOBAL_INFEASIBLE,82,E3_SITE_07_SEC_3_UE_3,20,2,0.20561812248659442,0.08648378376020682,0.1,ABSOLUTE_0P1,False,True,True,82,20,2,1.0,11677.689271290312,3.184998955049716,0.396662919988593
44025,4,26,FIXED_Q_FIXED_BEAM_JOINT_GLOBAL_INFEASIBLE,151,E3_SITE_13_SEC_2_UE_4,37,3,0.12032732519934713,0.058529336439695524,0.1,ABSOLUTE_0P1,False,True,True,151,37,3,1.0,80416.94742135804,3.2099161491874026,0.3783425998668434
44025,4,26,FIXED_Q_FIXED_BEAM_JOINT_GLOBAL_INFEASIBLE,157,E3_SITE_14_SEC_1_UE_2,39,1,0.5404281785642094,1.0322549385807984,0.9290294447227186,RELATIVE_0P9_CURRENT_LOAD_NOMINAL,True,False,True,157,39,1,1.0,19888461.99688986,5.981756403690334,1.5056454772470718
44025,4,27,FIXED_Q_FIXED_BEAM_JOINT_GLOBAL_INFEASIBLE,81,E3_SITE_07_SEC_3_UE_2,20,1,0.14106549627875736,0.0778726347388416,0.1,ABSOLUTE_0P1,False,True,True,81,20,1,1.0,14.172426869731401,1.3225216374858177,0.20887997842410688
44025,4,27,FIXED_Q_FIXED_BEAM_JOINT_GLOBAL_INFEASIBLE,82,E3_SITE_07_SEC_3_UE_3,20,2,0.20561812248659442,0.08648378376020682,0.1,ABSOLUTE_0P1,False,True,True,82,20,2,1.0,5852.708781036883,3.1865149584433783,0.3968145203279592
44025,4,27,FIXED_Q_FIXED_BEAM_JOINT_GLOBAL_INFEASIBLE,151,E3_SITE_13_SEC_2_UE_4,37,3,0.12032732519934713,0.058529336439695524,0.1,ABSOLUTE_0P1,False,True,True,151,37,3,1.0,80416.94742135804,3.2099161491874026,0.3783425998668434
44025,4,27,FIXED_Q_FIXED_BEAM_JOINT_GLOBAL_INFEASIBLE,157,E3_SITE_14_SEC_1_UE_2,39,1,0.5404281785642094,1.0322549385807984,0.9290294447227186,RELATIVE_0P9_CURRENT_LOAD_NOMINAL,True,False,True,157,39,1,1.0,19888461.99688986,5.981756403690334,1.5056454772470718
44025,4,28,FIXED_Q_FIXED_BEAM_JOINT_GLOBAL_INFEASIBLE,81,E3_SITE_07_SEC_3_UE_2,20,1,0.14106549627875736,0.0778726347388416,0.1,ABSOLUTE_0P1,False,True,True,81,20,1,1.0,10.142551939034146,1.3226741814317253,0.2088952328186976
44025,4,28,FIXED_Q_FIXED_BEAM_JOINT_GLOBAL_INFEASIBLE,82,E3_SITE_07_SEC_3_UE_3,20,2,0.20561812248659442,0.08648378376020682,0.1,ABSOLUTE_0P1,False,True,True,82,20,2,1.0,3458.801323706556,3.1880106105781008,0.3969640855414315
44025,4,28,FIXED_Q_FIXED_BEAM_JOINT_GLOBAL_INFEASIBLE,151,E3_SITE_13_SEC_2_UE_4,37,3,0.12032732519934713,0.058529336439695524,0.1,ABSOLUTE_0P1,False,True,True,151,37,3,1.0,80416.94742135804,3.2099161491874026,0.3783425998668434
44025,4,28,FIXED_Q_FIXED_BEAM_JOINT_GLOBAL_INFEASIBLE,157,E3_SITE_14_SEC_1_UE_2,39,1,0.5404281785642094,1.0322549385807984,0.9290294447227186,RELATIVE_0P9_CURRENT_LOAD_NOMINAL,True,False,True,157,39,1,1.0,19888461.99688986,5.981756403690334,1.5056454772470718
44025,4,29,FIXED_Q_FIXED_BEAM_JOINT_GLOBAL_INFEASIBLE,81,E3_SITE_07_SEC_3_UE_2,20,1,0.14106549627875736,0.0778726347388416,0.1,ABSOLUTE_0P1,False,True,True,81,20,1,1.0,8.004460086682508,1.322780027770722,0.2089058174525973
44025,4,29,FIXED_Q_FIXED_BEAM_JOINT_GLOBAL_INFEASIBLE,82,E3_SITE_07_SEC_3_UE_3,20,2,0.20561812248659442,0.08648378376020682,0.1,ABSOLUTE_0P1,False,True,True,82,20,2,1.0,2046.1196910179247,3.189739904117179,0.3971370148953393
44025,4,29,FIXED_Q_FIXED_BEAM_JOINT_GLOBAL_INFEASIBLE,151,E3_SITE_13_SEC_2_UE_4,37,3,0.12032732519934713,0.058529336439695524,0.1,ABSOLUTE_0P1,False,True,True,151,37,3,1.0,80416.94742135804,3.2099161491874026,0.3783425998668434
44025,4,29,FIXED_Q_FIXED_BEAM_JOINT_GLOBAL_INFEASIBLE,157,E3_SITE_14_SEC_1_UE_2,39,1,0.5404281785642094,1.0322549385807984,0.9290294447227186,RELATIVE_0P9_CURRENT_LOAD_NOMINAL,True,False,True,157,39,1,1.0,19888461.99688986,5.981756403690334,1.5056454772470718
44025,4,30,FIXED_Q_FIXED_BEAM_JOINT_GLOBAL_INFEASIBLE,81,E3_SITE_07_SEC_3_UE_2,20,1,0.14106549627875736,0.0778726347388416,0.1,ABSOLUTE_0P1,False,True,True,81,20,1,1.0,7.214963310925135,1.322824254860103,0.20891024016153537
44025,4,30,FIXED_Q_FIXED_BEAM_JOINT_GLOBAL_INFEASIBLE,82,E3_SITE_07_SEC_3_UE_3,20,2,0.20561812248659442,0.08648378376020682,0.1,ABSOLUTE_0P1,False,True,True,82,20,2,1.0,1688.2040106558927,3.190462124751545,0.3972092369587759
44025,4,30,FIXED_Q_FIXED_BEAM_JOINT_GLOBAL_INFEASIBLE,151,E3_SITE_13_SEC_2_UE_4,37,3,0.12032732519934713,0.058529336439695524,0.1,ABSOLUTE_0P1,False,True,True,151,37,3,1.0,80416.94742135804,3.2099161491874026,0.3783425998668434
44025,4,30,FIXED_Q_FIXED_BEAM_JOINT_GLOBAL_INFEASIBLE,157,E3_SITE_14_SEC_1_UE_2,39,1,0.5404281785642094,1.0322549385807984,0.9290294447227186,RELATIVE_0P9_CURRENT_LOAD_NOMINAL,True,False,True,157,39,1,1.0,19888461.99688986,5.981756403690334,1.5056454772470718
44025,4,31,FIXED_Q_FIXED_BEAM_JOINT_GLOBAL_INFEASIBLE,81,E3_SITE_07_SEC_3_UE_2,20,1,0.14106549627875736,0.0778726347388416,0.1,ABSOLUTE_0P1,False,True,True,81,20,1,1.0,7.214963310925135,1.322824254860103,0.20891024016153537
44025,4,31,FIXED_Q_FIXED_BEAM_JOINT_GLOBAL_INFEASIBLE,82,E3_SITE_07_SEC_3_UE_3,20,2,0.20561812248659442,0.08648378376020682,0.1,ABSOLUTE_0P1,False,True,True,82,20,2,1.0,1688.2040106558927,3.190462124751545,0.3972092369587759
44025,4,31,FIXED_Q_FIXED_BEAM_JOINT_GLOBAL_INFEASIBLE,151,E3_SITE_13_SEC_2_UE_4,37,3,0.12032732519934713,0.058529336439695524,0.1,ABSOLUTE_0P1,False,True,True,151,37,3,1.0,80416.94742135804,3.2099161491874026,0.3783425998668434
44025,4,31,FIXED_Q_FIXED_BEAM_JOINT_GLOBAL_INFEASIBLE,157,E3_SITE_14_SEC_1_UE_2,39,1,0.5404281785642094,1.0322549385807984,0.9290294447227186,RELATIVE_0P9_CURRENT_LOAD_NOMINAL,True,False,True,157,39,1,1.0,19888461.99688986,5.981756403690334,1.5056454772470718
44025,4,32,FIXED_Q_FIXED_BEAM_JOINT_GLOBAL_INFEASIBLE,81,E3_SITE_07_SEC_3_UE_2,20,1,0.14106549627875736,0.0778726347388416,0.1,ABSOLUTE_0P1,False,True,True,81,20,1,1.0,7.214963310925135,1.322824254860103,0.20891024016153537
44025,4,32,FIXED_Q_FIXED_BEAM_JOINT_GLOBAL_INFEASIBLE,82,E3_SITE_07_SEC_3_UE_3,20,2,0.20561812248659442,0.08648378376020682,0.1,ABSOLUTE_0P1,False,True,True,82,20,2,1.0,1688.2040106558927,3.190462124751545,0.3972092369587759
44025,4,32,FIXED_Q_FIXED_BEAM_JOINT_GLOBAL_INFEASIBLE,151,E3_SITE_13_SEC_2_UE_4,37,3,0.12032732519934713,0.058529336439695524,0.1,ABSOLUTE_0P1,False,True,True,151,37,3,1.0,80416.94742135804,3.2099161491874026,0.3783425998668434
44025,4,32,FIXED_Q_FIXED_BEAM_JOINT_GLOBAL_INFEASIBLE,157,E3_SITE_14_SEC_1_UE_2,39,1,0.5404281785642094,1.0322549385807984,0.9290294447227186,RELATIVE_0P9_CURRENT_LOAD_NOMINAL,True,False,True,157,39,1,1.0,19888461.99688986,5.981756403690334,1.5056454772470718
44025,4,33,FIXED_Q_FIXED_BEAM_JOINT_GLOBAL_INFEASIBLE,81,E3_SITE_07_SEC_3_UE_2,20,1,0.14106549627875736,0.0778726347388416,0.1,ABSOLUTE_0P1,False,True,True,81,20,1,1.0,7.214963310925135,1.322824254860103,0.20891024016153537
44025,4,33,FIXED_Q_FIXED_BEAM_JOINT_GLOBAL_INFEASIBLE,82,E3_SITE_07_SEC_3_UE_3,20,2,0.20561812248659442,0.08648378376020682,0.1,ABSOLUTE_0P1,False,True,True,82,20,2,1.0,1688.2040106558927,3.190462124751545,0.3972092369587759
44025,4,33,FIXED_Q_FIXED_BEAM_JOINT_GLOBAL_INFEASIBLE,151,E3_SITE_13_SEC_2_UE_4,37,3,0.12032732519934713,0.058529336439695524,0.1,ABSOLUTE_0P1,False,True,True,151,37,3,1.0,80416.94742135804,3.2099161491874026,0.3783425998668434
44025,4,33,FIXED_Q_FIXED_BEAM_JOINT_GLOBAL_INFEASIBLE,157,E3_SITE_14_SEC_1_UE_2,39,1,0.5404281785642094,1.0322549385807984,0.9290294447227186,RELATIVE_0P9_CURRENT_LOAD_NOMINAL,True,False,True,157,39,1,1.0,19888461.99688986,5.981756403690334,1.5056454772470718
44025,4,34,FIXED_Q_FIXED_BEAM_JOINT_GLOBAL_INFEASIBLE,81,E3_SITE_07_SEC_3_UE_2,20,1,0.14106549627875736,0.0778726347388416,0.1,ABSOLUTE_0P1,False,True,True,81,20,1,1.0,7.214963310925135,1.322824254860103,0.20891024016153537
44025,4,34,FIXED_Q_FIXED_BEAM_JOINT_GLOBAL_INFEASIBLE,82,E3_SITE_07_SEC_3_UE_3,20,2,0.20561812248659442,0.08648378376020682,0.1,ABSOLUTE_0P1,False,True,True,82,20,2,1.0,1688.2040106558927,3.190462124751545,0.3972092369587759
44025,4,34,FIXED_Q_FIXED_BEAM_JOINT_GLOBAL_INFEASIBLE,151,E3_SITE_13_SEC_2_UE_4,37,3,0.12032732519934713,0.058529336439695524,0.1,ABSOLUTE_0P1,False,True,True,151,37,3,1.0,80416.94742135804,3.2099161491874026,0.3783425998668434
44025,4,34,FIXED_Q_FIXED_BEAM_JOINT_GLOBAL_INFEASIBLE,157,E3_SITE_14_SEC_1_UE_2,39,1,0.5404281785642094,1.0322549385807984,0.9290294447227186,RELATIVE_0P9_CURRENT_LOAD_NOMINAL,True,False,True,157,39,1,1.0,19888461.99688986,5.981756403690334,1.5056454772470718
44025,4,35,FIXED_Q_FIXED_BEAM_JOINT_GLOBAL_INFEASIBLE,81,E3_SITE_07_SEC_3_UE_2,20,1,0.14106549627875736,0.0778726347388416,0.1,ABSOLUTE_0P1,False,True,True,81,20,1,1.0,7.214963310925135,1.322824254860103,0.20891024016153537
44025,4,35,FIXED_Q_FIXED_BEAM_JOINT_GLOBAL_INFEASIBLE,82,E3_SITE_07_SEC_3_UE_3,20,2,0.20561812248659442,0.08648378376020682,0.1,ABSOLUTE_0P1,False,True,True,82,20,2,1.0,1688.2040106558927,3.190462124751545,0.3972092369587759
44025,4,35,FIXED_Q_FIXED_BEAM_JOINT_GLOBAL_INFEASIBLE,151,E3_SITE_13_SEC_2_UE_4,37,3,0.12032732519934713,0.058529336439695524,0.1,ABSOLUTE_0P1,False,True,True,151,37,3,1.0,80416.94742135804,3.2099161491874026,0.3783425998668434
44025,4,35,FIXED_Q_FIXED_BEAM_JOINT_GLOBAL_INFEASIBLE,157,E3_SITE_14_SEC_1_UE_2,39,1,0.5404281785642094,1.0322549385807984,0.9290294447227186,RELATIVE_0P9_CURRENT_LOAD_NOMINAL,True,False,True,157,39,1,1.0,19888461.99688986,5.981756403690334,1.5056454772470718
44025,4,36,FIXED_Q_FIXED_BEAM_JOINT_GLOBAL_INFEASIBLE,81,E3_SITE_07_SEC_3_UE_2,20,1,0.14106549627875736,0.0778726347388416,0.1,ABSOLUTE_0P1,False,True,True,81,20,1,1.0,6.358168650575482,1.3229113398756975,0.20891894866309485
44025,4,36,FIXED_Q_FIXED_BEAM_JOINT_GLOBAL_INFEASIBLE,82,E3_SITE_07_SEC_3_UE_3,20,2,0.20561812248659442,0.08648378376020682,0.1,ABSOLUTE_0P1,False,True,True,82,20,2,1.0,1625.2906422008602,3.190765667254167,0.3972395912090381
44025,4,36,FIXED_Q_FIXED_BEAM_JOINT_GLOBAL_INFEASIBLE,151,E3_SITE_13_SEC_2_UE_4,37,3,0.12032732519934713,0.058529336439695524,0.1,ABSOLUTE_0P1,False,True,True,151,37,3,1.0,80416.94742135804,3.2099161491874026,0.3783425998668434
44025,4,36,FIXED_Q_FIXED_BEAM_JOINT_GLOBAL_INFEASIBLE,157,E3_SITE_14_SEC_1_UE_2,39,1,0.5404281785642094,1.0322549385807984,0.9290294447227186,RELATIVE_0P9_CURRENT_LOAD_NOMINAL,True,False,True,157,39,1,1.0,19888461.99688986,5.981756403690334,1.5056454772470718
44025,4,37,FIXED_Q_FIXED_BEAM_JOINT_GLOBAL_INFEASIBLE,81,E3_SITE_07_SEC_3_UE_2,20,1,0.14106549627875736,0.0778726347388416,0.1,ABSOLUTE_0P1,False,True,True,81,20,1,1.0,7.214963310925135,1.322824254860103,0.20891024016153537
44025,4,37,FIXED_Q_FIXED_BEAM_JOINT_GLOBAL_INFEASIBLE,82,E3_SITE_07_SEC_3_UE_3,20,2,0.20561812248659442,0.08648378376020682,0.1,ABSOLUTE_0P1,False,True,True,82,20,2,1.0,1688.2040106558927,3.190462124751545,0.3972092369587759
44025,4,37,FIXED_Q_FIXED_BEAM_JOINT_GLOBAL_INFEASIBLE,151,E3_SITE_13_SEC_2_UE_4,37,3,0.12032732519934713,0.058529336439695524,0.1,ABSOLUTE_0P1,False,True,True,151,37,3,1.0,80416.94742135804,3.2099161491874026,0.3783425998668434
44025,4,37,FIXED_Q_FIXED_BEAM_JOINT_GLOBAL_INFEASIBLE,157,E3_SITE_14_SEC_1_UE_2,39,1,0.5404281785642094,1.0322549385807984,0.9290294447227186,RELATIVE_0P9_CURRENT_LOAD_NOMINAL,True,False,True,157,39,1,1.0,6289283.90678726,5.981756403690334,1.5056454772470718
44025,4,38,FIXED_Q_FIXED_BEAM_JOINT_GLOBAL_INFEASIBLE,81,E3_SITE_07_SEC_3_UE_2,20,1,0.14106549627875736,0.0778726347388416,0.1,ABSOLUTE_0P1,False,True,True,81,20,1,1.0,7.214963310925135,1.322824254860103,0.20891024016153537
44025,4,38,FIXED_Q_FIXED_BEAM_JOINT_GLOBAL_INFEASIBLE,82,E3_SITE_07_SEC_3_UE_3,20,2,0.20561812248659442,0.08648378376020682,0.1,ABSOLUTE_0P1,False,True,True,82,20,2,1.0,1688.2040106558927,3.190462124751545,0.3972092369587759
44025,4,38,FIXED_Q_FIXED_BEAM_JOINT_GLOBAL_INFEASIBLE,151,E3_SITE_13_SEC_2_UE_4,37,3,0.12032732519934713,0.058529336439695524,0.1,ABSOLUTE_0P1,False,True,True,151,37,3,1.0,80428.18270087584,3.2099152760560594,0.3783425125537091
44025,4,38,FIXED_Q_FIXED_BEAM_JOINT_GLOBAL_INFEASIBLE,157,E3_SITE_14_SEC_1_UE_2,39,1,0.5404281785642094,1.0322549385807984,0.9290294447227186,RELATIVE_0P9_CURRENT_LOAD_NOMINAL,True,False,True,157,39,1,1.0,6289283.90678726,5.981756403690334,1.5056454772470718
44025,4,39,FIXED_Q_FIXED_BEAM_JOINT_GLOBAL_INFEASIBLE,81,E3_SITE_07_SEC_3_UE_2,20,1,0.14106549627875736,0.0778726347388416,0.1,ABSOLUTE_0P1,False,True,True,81,20,1,1.0,8.766432266736697,1.3227406128888515,0.20890187596441023
44025,4,39,FIXED_Q_FIXED_BEAM_JOINT_GLOBAL_INFEASIBLE,82,E3_SITE_07_SEC_3_UE_3,20,2,0.20561812248659442,0.08648378376020682,0.1,ABSOLUTE_0P1,False,True,True,82,20,2,1.0,2460.477118684792,3.189096091421518,0.3970726336257732
44025,4,39,FIXED_Q_FIXED_BEAM_JOINT_GLOBAL_INFEASIBLE,151,E3_SITE_13_SEC_2_UE_4,37,3,0.12032732519934713,0.058529336439695524,0.1,ABSOLUTE_0P1,False,True,True,151,37,3,1.0,160389.18807284633,3.2090336885157655,0.37825435379967964
44025,4,39,FIXED_Q_FIXED_BEAM_JOINT_GLOBAL_INFEASIBLE,157,E3_SITE_14_SEC_1_UE_2,39,1,0.5404281785642094,1.0322549385807984,0.9290294447227186,RELATIVE_0P9_CURRENT_LOAD_NOMINAL,True,False,True,157,39,1,1.0,6289283.90678726,5.981756403690334,1.5056454772470718
44025,4,80,EXPANDED_LOCAL_HYBRID_K4_FEASIBLE,151,E3_SITE_13_SEC_2_UE_4,37,3,0.12032732519934713,0.08787904209545966,0.1,ABSOLUTE_0P1,False,True,True,151,37,3,1.0,165071.20880973138,3.6859486806253363,0.4547720098515643
44025,4,81,EXPANDED_LOCAL_HYBRID_K4_FEASIBLE,151,E3_SITE_13_SEC_2_UE_4,37,3,0.12032732519934713,0.08787904209545966,0.1,ABSOLUTE_0P1,False,True,True,151,37,3,1.0,310292.97910684766,3.6854248743786533,0.4547196292268959
44025,4,82,EXPANDED_LOCAL_HYBRID_K4_FEASIBLE,151,E3_SITE_13_SEC_2_UE_4,37,3,0.12032732519934713,0.08787904209545966,0.1,ABSOLUTE_0P1,False,True,True,151,37,3,1.0,371245.86972393474,3.685279374630817,0.45470507925211234
44025,4,83,EXPANDED_LOCAL_HYBRID_K4_FEASIBLE,151,E3_SITE_13_SEC_2_UE_4,37,3,0.12032732519934713,0.08787904209545966,0.1,ABSOLUTE_0P1,False,True,True,151,37,3,1.0,351932.37698539963,3.685271022003386,0.45470424398936926
44025,4,84,EXPANDED_LOCAL_HYBRID_K4_FEASIBLE,151,E3_SITE_13_SEC_2_UE_4,37,3,0.12032732519934713,0.08787904209545966,0.1,ABSOLUTE_0P1,False,True,True,151,37,3,1.0,329941.33978068014,3.685265108792775,0.45470365266830814
44025,4,85,EXPANDED_LOCAL_HYBRID_K4_FEASIBLE,151,E3_SITE_13_SEC_2_UE_4,37,3,0.12032732519934713,0.08787904209545966,0.1,ABSOLUTE_0P1,False,True,True,151,37,3,1.0,386732.9339063099,3.685141755474939,0.45469131733652446
44025,4,89,EXPANDED_LOCAL_HYBRID_K4_FEASIBLE,151,E3_SITE_13_SEC_2_UE_4,37,3,0.12032732519934713,0.08787904209545966,0.1,ABSOLUTE_0P1,False,True,True,151,37,3,1.0,364920.92835593416,3.685028996559993,0.45468004144502994
44025,4,90,EXPANDED_LOCAL_HYBRID_K4_FEASIBLE,151,E3_SITE_13_SEC_2_UE_4,37,3,0.12032732519934713,0.08787904209545966,0.1,ABSOLUTE_0P1,False,True,True,151,37,3,1.0,339824.11859957775,3.685028604987322,0.45468000228776284
44025,4,92,EXPANDED_LOCAL_HYBRID_K4_FEASIBLE,151,E3_SITE_13_SEC_2_UE_4,37,3,0.12032732519934713,0.08787904209545966,0.1,ABSOLUTE_0P1,False,True,True,151,37,3,1.0,295347.17799349566,3.6850282559978025,0.4546799673888109
44025,4,93,EXPANDED_LOCAL_HYBRID_K4_FEASIBLE,151,E3_SITE_13_SEC_2_UE_4,37,3,0.12032732519934713,0.08787904209545966,0.1,ABSOLUTE_0P1,False,True,True,151,37,3,1.0,346948.73213872587,3.684933591809301,0.45467050096996076
44025,4,94,EXPANDED_LOCAL_HYBRID_K4_FEASIBLE,151,E3_SITE_13_SEC_2_UE_4,37,3,0.12032732519934713,0.08787904209545966,0.1,ABSOLUTE_0P1,False,True,True,151,37,3,1.0,324130.02944553,3.6849332807640773,0.45467046986543835
44025,4,95,EXPANDED_LOCAL_HYBRID_K4_FEASIBLE,151,E3_SITE_13_SEC_2_UE_4,37,3,0.12032732519934713,0.08787904209545966,0.1,ABSOLUTE_0P1,False,True,True,151,37,3,1.0,381424.5169415693,3.684848631655092,0.4546620049545398
44025,4,96,EXPANDED_LOCAL_HYBRID_K4_FEASIBLE,151,E3_SITE_13_SEC_2_UE_4,37,3,0.12032732519934713,0.08787904209545966,0.1,ABSOLUTE_0P1,False,True,True,151,37,3,1.0,356790.8398395341,3.684848631655092,0.4546620049545398
44025,4,97,EXPANDED_LOCAL_HYBRID_K4_FEASIBLE,151,E3_SITE_13_SEC_2_UE_4,37,3,0.12032732519934713,0.08787904209545966,0.1,ABSOLUTE_0P1,False,True,True,151,37,3,1.0,420458.9999767232,3.684773186196239,0.45465446040865454
44025,4,98,EXPANDED_LOCAL_HYBRID_K4_FEASIBLE,151,E3_SITE_13_SEC_2_UE_4,37,3,0.12032732519934713,0.08787904209545966,0.1,ABSOLUTE_0P1,False,True,True,151,37,3,1.0,495719.9448256184,3.684706164098597,0.45464775819889036
44025,4,99,EXPANDED_LOCAL_HYBRID_K4_FEASIBLE,151,E3_SITE_13_SEC_2_UE_4,37,3,0.12032732519934713,0.08787904209545966,0.1,ABSOLUTE_0P1,False,True,True,151,37,3,1.0,464746.95811731607,3.6847059438819088,0.45464773617722154
44025,4,100,FIXED_Q_FIXED_BEAM_JOINT_GLOBAL_INFEASIBLE,81,E3_SITE_07_SEC_3_UE_2,20,1,0.14106549627875736,0.0778726347388416,0.1,ABSOLUTE_0P1,False,True,True,81,20,1,1.0,815.1214832177989,1.3217313531401527,0.20880094998954035
44025,4,100,FIXED_Q_FIXED_BEAM_JOINT_GLOBAL_INFEASIBLE,82,E3_SITE_07_SEC_3_UE_3,20,2,0.20561812248659442,0.08648378376020682,0.1,ABSOLUTE_0P1,False,True,True,82,20,2,1.0,122624.04093300129,3.1816258500460424,0.39632560948822565
44025,4,100,FIXED_Q_FIXED_BEAM_JOINT_GLOBAL_INFEASIBLE,151,E3_SITE_13_SEC_2_UE_4,37,3,0.12032732519934713,0.058529336439695524,0.1,ABSOLUTE_0P1,False,True,True,151,37,3,1.0,311487.8062710216,3.207649103374714,0.37811589528557454
44025,4,100,FIXED_Q_FIXED_BEAM_JOINT_GLOBAL_INFEASIBLE,157,E3_SITE_14_SEC_1_UE_2,39,1,0.5404281785642094,1.0322549385807984,0.9290294447227186,RELATIVE_0P9_CURRENT_LOAD_NOMINAL,True,False,True,157,39,1,1.0,2379634.0045236833,5.981756403690334,1.5056454772470718
44025,4,101,FIXED_Q_FIXED_BEAM_JOINT_GLOBAL_INFEASIBLE,81,E3_SITE_07_SEC_3_UE_2,20,1,0.14106549627875736,0.0778726347388416,0.1,ABSOLUTE_0P1,False,True,True,81,20,1,1.0,372.2243216647184,1.3217426974434683,0.20880208441987191
44025,4,101,FIXED_Q_FIXED_BEAM_JOINT_GLOBAL_INFEASIBLE,82,E3_SITE_07_SEC_3_UE_3,20,2,0.20561812248659442,0.08648378376020682,0.1,ABSOLUTE_0P1,False,True,True,82,20,2,1.0,55996.13235059061,3.1817515083093935,0.3963381753145608
44025,4,101,FIXED_Q_FIXED_BEAM_JOINT_GLOBAL_INFEASIBLE,151,E3_SITE_13_SEC_2_UE_4,37,3,0.12032732519934713,0.058529336439695524,0.1,ABSOLUTE_0P1,False,True,True,151,37,3,1.0,146510.93301103212,3.2079628010310826,0.37814726505121143
44025,4,101,FIXED_Q_FIXED_BEAM_JOINT_GLOBAL_INFEASIBLE,157,E3_SITE_14_SEC_1_UE_2,39,1,0.5404281785642094,1.0322549385807984,0.9290294447227186,RELATIVE_0P9_CURRENT_LOAD_NOMINAL,True,False,True,157,39,1,1.0,2315110.6582199456,5.981756403690334,1.5056454772470718
44025,4,102,FIXED_Q_FIXED_BEAM_JOINT_GLOBAL_INFEASIBLE,81,E3_SITE_07_SEC_3_UE_2,20,1,0.14106549627875736,0.0778726347388416,0.1,ABSOLUTE_0P1,False,True,True,81,20,1,1.0,169.88494752178067,1.3217587217771523,0.2088036868532403
44025,4,102,FIXED_Q_FIXED_BEAM_JOINT_GLOBAL_INFEASIBLE,82,E3_SITE_07_SEC_3_UE_3,20,2,0.20561812248659442,0.08648378376020682,0.1,ABSOLUTE_0P1,False,True,True,82,20,2,1.0,25556.900643294233,3.1819289971838796,0.3963559242020094
44025,4,102,FIXED_Q_FIXED_BEAM_JOINT_GLOBAL_INFEASIBLE,151,E3_SITE_13_SEC_2_UE_4,37,3,0.12032732519934713,0.058529336439695524,0.1,ABSOLUTE_0P1,False,True,True,151,37,3,1.0,109268.65472161688,3.2080942010036266,0.3781604050484658
44025,4,102,FIXED_Q_FIXED_BEAM_JOINT_GLOBAL_INFEASIBLE,157,E3_SITE_14_SEC_1_UE_2,39,1,0.5404281785642094,1.0322549385807984,0.9290294447227186,RELATIVE_0P9_CURRENT_LOAD_NOMINAL,True,False,True,157,39,1,1.0,2258610.4097447335,5.981756403690334,1.5056454772470718
44025,4,103,FIXED_Q_FIXED_BEAM_JOINT_GLOBAL_INFEASIBLE,81,E3_SITE_07_SEC_3_UE_2,20,1,0.14106549627875736,0.0778726347388416,0.1,ABSOLUTE_0P1,False,True,True,81,20,1,1.0,77.48825729755224,1.321781356908392,0.2088059503663643
44025,4,103,FIXED_Q_FIXED_BEAM_JOINT_GLOBAL_INFEASIBLE,82,E3_SITE_07_SEC_3_UE_3,20,2,0.20561812248659442,0.08648378376020682,0.1,ABSOLUTE_0P1,False,True,True,82,20,2,1.0,11657.063922756637,3.18217969064231,0.39638099354785244
44025,4,103,FIXED_Q_FIXED_BEAM_JOINT_GLOBAL_INFEASIBLE,151,E3_SITE_13_SEC_2_UE_4,37,3,0.12032732519934713,0.058529336439695524,0.1,ABSOLUTE_0P1,False,True,True,151,37,3,1.0,129227.49073533416,3.207963458765352,0.37814733082463836
44025,4,103,FIXED_Q_FIXED_BEAM_JOINT_GLOBAL_INFEASIBLE,157,E3_SITE_14_SEC_1_UE_2,39,1,0.5404281785642094,1.0322549385807984,0.9290294447227186,RELATIVE_0P9_CURRENT_LOAD_NOMINAL,True,False,True,157,39,1,1.0,2209391.8023418533,5.981756403690334,1.5056454772470718
44025,4,104,FIXED_Q_FIXED_BEAM_JOINT_GLOBAL_INFEASIBLE,81,E3_SITE_07_SEC_3_UE_2,20,1,0.14106549627875736,0.0778726347388416,0.1,ABSOLUTE_0P1,False,True,True,81,20,1,1.0,35.31907963270887,1.3218133301968842,0.20880914769521353
44025,4,104,FIXED_Q_FIXED_BEAM_JOINT_GLOBAL_INFEASIBLE,82,E3_SITE_07_SEC_3_UE_3,20,2,0.20561812248659442,0.08648378376020682,0.1,ABSOLUTE_0P1,False,True,True,82,20,2,1.0,5313.279499762647,3.182533772164561,0.3964164017000775
44025,4,104,FIXED_Q_FIXED_BEAM_JOINT_GLOBAL_INFEASIBLE,151,E3_SITE_13_SEC_2_UE_4,37,3,0.12032732519934713,0.058529336439695524,0.1,ABSOLUTE_0P1,False,True,True,151,37,3,1.0,121509.23506276001,3.2079631109879805,0.3781472960469012
44025,4,104,FIXED_Q_FIXED_BEAM_JOINT_GLOBAL_INFEASIBLE,157,E3_SITE_14_SEC_1_UE_2,39,1,0.5404281785642094,1.0322549385807984,0.9290294447227186,RELATIVE_0P9_CURRENT_LOAD_NOMINAL,True,False,True,157,39,1,1.0,2166794.191967177,5.981756403690334,1.5056454772470718
44025,4,105,FIXED_Q_FIXED_BEAM_JOINT_GLOBAL_INFEASIBLE,81,E3_SITE_07_SEC_3_UE_2,20,1,0.14106549627875736,0.0778726347388416,0.1,ABSOLUTE_0P1,False,True,True,81,20,1,1.0,16.08553224737563,1.3218584942973162,0.2088136641052567
44025,4,105,FIXED_Q_FIXED_BEAM_JOINT_GLOBAL_INFEASIBLE,82,E3_SITE_07_SEC_3_UE_3,20,2,0.20561812248659442,0.08648378376020682,0.1,ABSOLUTE_0P1,False,True,True,82,20,2,1.0,2419.8515256213514,3.1830338609738584,0.39646641058100723
44025,4,105,FIXED_Q_FIXED_BEAM_JOINT_GLOBAL_INFEASIBLE,151,E3_SITE_13_SEC_2_UE_4,37,3,0.12032732519934713,0.058529336439695524,0.1,ABSOLUTE_0P1,False,True,True,151,37,3,1.0,114293.93537313958,3.2079631109879805,0.3781472960469012
44025,4,105,FIXED_Q_FIXED_BEAM_JOINT_GLOBAL_INFEASIBLE,157,E3_SITE_14_SEC_1_UE_2,39,1,0.5404281785642094,1.0322549385807984,0.9290294447227186,RELATIVE_0P9_CURRENT_LOAD_NOMINAL,True,False,True,157,39,1,1.0,2130228.1997474176,5.981756403690334,1.5056454772470718
44025,4,106,FIXED_Q_FIXED_BEAM_JOINT_GLOBAL_INFEASIBLE,81,E3_SITE_07_SEC_3_UE_2,20,1,0.14106549627875736,0.0778726347388416,0.1,ABSOLUTE_0P1,False,True,True,81,20,1,1.0,9.214514185547714,1.3218985358815127,0.20881766826367637
44025,4,106,FIXED_Q_FIXED_BEAM_JOINT_GLOBAL_INFEASIBLE,82,E3_SITE_07_SEC_3_UE_3,20,2,0.20561812248659442,0.08648378376020682,0.1,ABSOLUTE_0P1,False,True,True,82,20,2,1.0,1386.19946588308,3.183477159553616,0.396510740438983
44025,4,106,FIXED_Q_FIXED_BEAM_JOINT_GLOBAL_INFEASIBLE,151,E3_SITE_13_SEC_2_UE_4,37,3,0.12032732519934713,0.058529336439695524,0.1,ABSOLUTE_0P1,False,True,True,151,37,3,1.0,135415.16132115645,3.207846272543533,0.3781356122024564
44025,4,106,FIXED_Q_FIXED_BEAM_JOINT_GLOBAL_INFEASIBLE,157,E3_SITE_14_SEC_1_UE_2,39,1,0.5404281785642094,1.0322549385807984,0.9290294447227186,RELATIVE_0P9_CURRENT_LOAD_NOMINAL,True,False,True,157,39,1,1.0,2099167.3402531715,5.981756403690334,1.5056454772470718
44025,4,107,FIXED_Q_FIXED_BEAM_JOINT_GLOBAL_INFEASIBLE,81,E3_SITE_07_SEC_3_UE_2,20,1,0.14106549627875736,0.0778726347388416,0.1,ABSOLUTE_0P1,False,True,True,81,20,1,1.0,10.521481954791344,1.3218773637990608,0.20881555105543115
44025,4,107,FIXED_Q_FIXED_BEAM_JOINT_GLOBAL_INFEASIBLE,82,E3_SITE_07_SEC_3_UE_3,20,2,0.20561812248659442,0.08648378376020682,0.1,ABSOLUTE_0P1,False,True,True,82,20,2,1.0,1582.815151438533,3.1832427725888284,0.39648730174250424
44025,4,107,FIXED_Q_FIXED_BEAM_JOINT_GLOBAL_INFEASIBLE,151,E3_SITE_13_SEC_2_UE_4,37,3,0.12032732519934713,0.058529336439695524,0.1,ABSOLUTE_0P1,False,True,True,151,37,3,1.0,127507.77899842765,3.207846272543533,0.3781356122024564
44025,4,107,FIXED_Q_FIXED_BEAM_JOINT_GLOBAL_INFEASIBLE,157,E3_SITE_14_SEC_1_UE_2,39,1,0.5404281785642094,1.0322549385807984,0.9290294447227186,RELATIVE_0P9_CURRENT_LOAD_NOMINAL,True,False,True,157,39,1,1.0,2073140.6798290652,5.981756403690334,1.5056454772470718
44025,4,108,FIXED_Q_FIXED_BEAM_JOINT_GLOBAL_INFEASIBLE,81,E3_SITE_07_SEC_3_UE_2,20,1,0.14106549627875736,0.0778726347388416,0.1,ABSOLUTE_0P1,False,True,True,81,20,1,1.0,9.532423638820042,1.3218773637990608,0.20881555105543115
44025,4,108,FIXED_Q_FIXED_BEAM_JOINT_GLOBAL_INFEASIBLE,82,E3_SITE_07_SEC_3_UE_3,20,2,0.20561812248659442,0.08648378376020682,0.1,ABSOLUTE_0P1,False,True,True,82,20,2,1.0,1434.0246583404812,3.1832427725888284,0.39648730174250424
44025,4,108,FIXED_Q_FIXED_BEAM_JOINT_GLOBAL_INFEASIBLE,151,E3_SITE_13_SEC_2_UE_4,37,3,0.12032732519934713,0.058529336439695524,0.1,ABSOLUTE_0P1,False,True,True,151,37,3,1.0,151226.26820480474,3.2077421367187418,0.3781251986199773
44025,4,108,FIXED_Q_FIXED_BEAM_JOINT_GLOBAL_INFEASIBLE,157,E3_SITE_14_SEC_1_UE_2,39,1,0.5404281785642094,1.0322549385807984,0.9290294447227186,RELATIVE_0P9_CURRENT_LOAD_NOMINAL,True,False,True,157,39,1,1.0,2051726.396714098,5.981756403690334,1.5056454772470718
44025,4,109,FIXED_Q_FIXED_BEAM_JOINT_GLOBAL_INFEASIBLE,81,E3_SITE_07_SEC_3_UE_2,20,1,0.14106549627875736,0.0778726347388416,0.1,ABSOLUTE_0P1,False,True,True,81,20,1,1.0,10.859353552459813,1.3218584942973162,0.2088136641052567
44025,4,109,FIXED_Q_FIXED_BEAM_JOINT_GLOBAL_INFEASIBLE,82,E3_SITE_07_SEC_3_UE_3,20,2,0.20561812248659442,0.08648378376020682,0.1,ABSOLUTE_0P1,False,True,True,82,20,2,1.0,1633.6433794703187,3.1830338609738584,0.39646641058100723
44025,4,109,FIXED_Q_FIXED_BEAM_JOINT_GLOBAL_INFEASIBLE,151,E3_SITE_13_SEC_2_UE_4,37,3,0.12032732519934713,0.058529336439695524,0.1,ABSOLUTE_0P1,False,True,True,151,37,3,1.0,142539.64260398893,3.2077421367187418,0.3781251986199773
44025,4,109,FIXED_Q_FIXED_BEAM_JOINT_GLOBAL_INFEASIBLE,157,E3_SITE_14_SEC_1_UE_2,39,1,0.5404281785642094,1.0322549385807984,0.9290294447227186,RELATIVE_0P9_CURRENT_LOAD_NOMINAL,True,False,True,157,39,1,1.0,2034546.1304571405,5.981756403690334,1.5056454772470718
44025,4,110,FIXED_Q_FIXED_BEAM_JOINT_GLOBAL_INFEASIBLE,81,E3_SITE_07_SEC_3_UE_2,20,1,0.14106549627875736,0.0778726347388416,0.1,ABSOLUTE_0P1,False,True,True,81,20,1,1.0,12.354599838562416,1.3218416769446975,0.20881198236999482
44025,4,110,FIXED_Q_FIXED_BEAM_JOINT_GLOBAL_INFEASIBLE,82,E3_SITE_07_SEC_3_UE_3,20,2,0.20561812248659442,0.08648378376020682,0.1,ABSOLUTE_0P1,False,True,True,82,20,2,1.0,1858.5830302670943,3.182847657169186,0.39644779020054
44025,4,110,FIXED_Q_FIXED_BEAM_JOINT_GLOBAL_INFEASIBLE,151,E3_SITE_13_SEC_2_UE_4,37,3,0.12032732519934713,0.058529336439695524,0.1,ABSOLUTE_0P1,False,True,True,151,37,3,1.0,169223.06095328697,3.2076493228253895,0.3781159172306421
44025,4,110,FIXED_Q_FIXED_BEAM_JOINT_GLOBAL_INFEASIBLE,157,E3_SITE_14_SEC_1_UE_2,39,1,0.5404281785642094,1.0322549385807984,0.9290294447227186,RELATIVE_0P9_CURRENT_LOAD_NOMINAL,True,False,True,157,39,1,1.0,2021260.0218538216,5.981756403690334,1.5056454772470718
44025,4,111,FIXED_Q_FIXED_BEAM_JOINT_GLOBAL_INFEASIBLE,81,E3_SITE_07_SEC_3_UE_2,20,1,0.14106549627875736,0.0778726347388416,0.1,ABSOLUTE_0P1,False,True,True,81,20,1,1.0,14.035396789430107,1.3218266885496002,0.2088104835304851
44025,4,111,FIXED_Q_FIXED_BEAM_JOINT_GLOBAL_INFEASIBLE,82,E3_SITE_07_SEC_3_UE_3,20,2,0.20561812248659442,0.08648378376020682,0.1,ABSOLUTE_0P1,False,True,True,82,20,2,1.0,2111.436277723728,3.182681694010435,0.3964311938846649
44025,4,111,FIXED_Q_FIXED_BEAM_JOINT_GLOBAL_INFEASIBLE,151,E3_SITE_13_SEC_2_UE_4,37,3,0.12032732519934713,0.058529336439695524,0.1,ABSOLUTE_0P1,False,True,True,151,37,3,1.0,159660.44949671737,3.2076493228253895,0.3781159172306421
44025,4,111,FIXED_Q_FIXED_BEAM_JOINT_GLOBAL_INFEASIBLE,157,E3_SITE_14_SEC_1_UE_2,39,1,0.5404281785642094,1.0322549385807984,0.9290294447227186,RELATIVE_0P9_CURRENT_LOAD_NOMINAL,True,False,True,157,39,1,1.0,2011562.356996893,5.981756403690334,1.5056454772470718
44025,4,112,FIXED_Q_FIXED_BEAM_JOINT_GLOBAL_INFEASIBLE,81,E3_SITE_07_SEC_3_UE_2,20,1,0.14106549627875736,0.0778726347388416,0.1,ABSOLUTE_0P1,False,True,True,81,20,1,1.0,15.919755235096444,1.3218133301968842,0.20880914769521353
44025,4,112,FIXED_Q_FIXED_BEAM_JOINT_GLOBAL_INFEASIBLE,82,E3_SITE_07_SEC_3_UE_3,20,2,0.20561812248659442,0.08648378376020682,0.1,ABSOLUTE_0P1,False,True,True,82,20,2,1.0,2394.9126084684876,3.182533772164561,0.3964164017000775
44025,4,112,FIXED_Q_FIXED_BEAM_JOINT_GLOBAL_INFEASIBLE,151,E3_SITE_13_SEC_2_UE_4,37,3,0.12032732519934713,0.058529336439695524,0.1,ABSOLUTE_0P1,False,True,True,151,37,3,1.0,189735.44347284426,3.2075666001778687,0.37810764496589
44025,4,112,FIXED_Q_FIXED_BEAM_JOINT_GLOBAL_INFEASIBLE,157,E3_SITE_14_SEC_1_UE_2,39,1,0.5404281785642094,1.0322549385807984,0.9290294447227186,RELATIVE_0P9_CURRENT_LOAD_NOMINAL,True,False,True,157,39,1,1.0,2005177.7396548162,5.981756403690334,1.5056454772470718
44025,4,113,FIXED_Q_FIXED_BEAM_JOINT_GLOBAL_INFEASIBLE,81,E3_SITE_07_SEC_3_UE_2,20,1,0.14106549627875736,0.0778726347388416,0.1,ABSOLUTE_0P1,False,True,True,81,20,1,1.0,26.311180200576285,1.3217896129544215,0.20880677597096725
44025,4,113,FIXED_Q_FIXED_BEAM_JOINT_GLOBAL_INFEASIBLE,82,E3_SITE_07_SEC_3_UE_3,20,2,0.20561812248659442,0.08648378376020682,0.1,ABSOLUTE_0P1,False,True,True,82,20,2,1.0,4230.849393356328,3.182208536373985,0.3963838781210199
44025,4,113,FIXED_Q_FIXED_BEAM_JOINT_GLOBAL_INFEASIBLE,151,E3_SITE_13_SEC_2_UE_4,37,3,0.12032732519934713,0.058529336439695524,0.1,ABSOLUTE_0P1,False,True,True,151,37,3,1.0,179214.82599491457,3.2075664045880203,0.3781076254069051
44025,4,113,FIXED_Q_FIXED_BEAM_JOINT_GLOBAL_INFEASIBLE,157,E3_SITE_14_SEC_1_UE_2,39,1,0.5404281785642094,1.0322549385807984,0.9290294447227186,RELATIVE_0P9_CURRENT_LOAD_NOMINAL,True,False,True,157,39,1,1.0,2001857.7257990742,5.981756403690334,1.5056454772470718
44025,4,114,FIXED_Q_FIXED_BEAM_JOINT_GLOBAL_INFEASIBLE,81,E3_SITE_07_SEC_3_UE_2,20,1,0.14106549627875736,0.0778726347388416,0.1,ABSOLUTE_0P1,False,True,True,81,20,1,1.0,44.654027873032774,1.3217680342102498,0.20880461809655004
44025,4,114,FIXED_Q_FIXED_BEAM_JOINT_GLOBAL_INFEASIBLE,82,E3_SITE_07_SEC_3_UE_3,20,2,0.20561812248659442,0.08648378376020682,0.1,ABSOLUTE_0P1,False,True,True,82,20,2,1.0,7496.558942893565,3.181961536114131,0.3963591780950345
44025,4,114,FIXED_Q_FIXED_BEAM_JOINT_GLOBAL_INFEASIBLE,151,E3_SITE_13_SEC_2_UE_4,37,3,0.12032732519934713,0.058529336439695524,0.1,ABSOLUTE_0P1,False,True,True,151,37,3,1.0,268344.74179958337,3.2074271599596798,0.37809370094407113
44025,4,114,FIXED_Q_FIXED_BEAM_JOINT_GLOBAL_INFEASIBLE,157,E3_SITE_14_SEC_1_UE_2,39,1,0.5404281785642094,1.0322549385807984,0.9290294447227186,RELATIVE_0P9_CURRENT_LOAD_NOMINAL,True,False,True,157,39,1,1.0,2001242.437019203,5.981756403690334,1.5056454772470718
44025,4,115,FIXED_Q_FIXED_BEAM_JOINT_GLOBAL_INFEASIBLE,81,E3_SITE_07_SEC_3_UE_2,20,1,0.14106549627875736,0.0778726347388416,0.1,ABSOLUTE_0P1,False,True,True,81,20,1,1.0,74.874357295563,1.3217520445644477,0.20880301913196986
44025,4,115,FIXED_Q_FIXED_BEAM_JOINT_GLOBAL_INFEASIBLE,82,E3_SITE_07_SEC_3_UE_3,20,2,0.20561812248659442,0.08648378376020682,0.1,ABSOLUTE_0P1,False,True,True,82,20,2,1.0,13221.28067432076,3.1817841700872105,0.39634144149234246
44025,4,115,FIXED_Q_FIXED_BEAM_JOINT_GLOBAL_INFEASIBLE,151,E3_SITE_13_SEC_2_UE_4,37,3,0.12032732519934713,0.058529336439695524,0.1,ABSOLUTE_0P1,False,True,True,151,37,3,1.0,319411.8357353274,3.2073684546450716,0.3780878304126103
44025,4,115,FIXED_Q_FIXED_BEAM_JOINT_GLOBAL_INFEASIBLE,157,E3_SITE_14_SEC_1_UE_2,39,1,0.5404281785642094,1.0322549385807984,0.9290294447227186,RELATIVE_0P9_CURRENT_LOAD_NOMINAL,True,False,True,157,39,1,1.0,2001604.4880714659,5.981756403690334,1.5056454772470718
44025,4,116,FIXED_Q_FIXED_BEAM_JOINT_GLOBAL_INFEASIBLE,81,E3_SITE_07_SEC_3_UE_2,20,1,0.14106549627875736,0.0778726347388416,0.1,ABSOLUTE_0P1,False,True,True,81,20,1,1.0,133.56299853535646,1.321737970413216,0.2088016117168467
44025,4,116,FIXED_Q_FIXED_BEAM_JOINT_GLOBAL_INFEASIBLE,82,E3_SITE_07_SEC_3_UE_3,20,2,0.20561812248659442,0.08648378376020682,0.1,ABSOLUTE_0P1,False,True,True,82,20,2,1.0,23584.494814013837,3.181648973732061,0.39632792185682747
44025,4,116,FIXED_Q_FIXED_BEAM_JOINT_GLOBAL_INFEASIBLE,151,E3_SITE_13_SEC_2_UE_4,37,3,0.12032732519934713,0.058529336439695524,0.1,ABSOLUTE_0P1,False,True,True,151,37,3,1.0,602604.0843805048,3.207228517744077,0.3780738367225108
44025,4,116,FIXED_Q_FIXED_BEAM_JOINT_GLOBAL_INFEASIBLE,157,E3_SITE_14_SEC_1_UE_2,39,1,0.5404281785642094,1.0322549385807984,0.9290294447227186,RELATIVE_0P9_CURRENT_LOAD_NOMINAL,True,False,True,157,39,1,1.0,2004266.4697530286,5.981756403690334,1.5056454772470718
44025,4,117,FIXED_Q_FIXED_BEAM_JOINT_GLOBAL_INFEASIBLE,81,E3_SITE_07_SEC_3_UE_2,20,1,0.14106549627875736,0.0778726347388416,0.1,ABSOLUTE_0P1,False,True,True,81,20,1,1.0,237.69824557033348,1.3217280066962698,0.20880061534515204
44025,4,117,FIXED_Q_FIXED_BEAM_JOINT_GLOBAL_INFEASIBLE,82,E3_SITE_07_SEC_3_UE_3,20,2,0.20561812248659442,0.08648378376020682,0.1,ABSOLUTE_0P1,False,True,True,82,20,2,1.0,41972.650370452575,3.181553258695965,0.39631835035321794
44025,4,117,FIXED_Q_FIXED_BEAM_JOINT_GLOBAL_INFEASIBLE,151,E3_SITE_13_SEC_2_UE_4,37,3,0.12032732519934713,0.058529336439695524,0.1,ABSOLUTE_0P1,False,True,True,151,37,3,1.0,1137825.322683261,3.2071292384127266,0.3780639087893758
44025,4,117,FIXED_Q_FIXED_BEAM_JOINT_GLOBAL_INFEASIBLE,157,E3_SITE_14_SEC_1_UE_2,39,1,0.5404281785642094,1.0322549385807984,0.9290294447227186,RELATIVE_0P9_CURRENT_LOAD_NOMINAL,True,False,True,157,39,1,1.0,2009346.857786974,5.981756403690334,1.5056454772470718
