campaign_seed,pass_slot,interval_index,classification,user_index,user_id,serving_sector,serving_stream,full_load_nominal_total_rate_bps_hz,current_load_nominal_total_rate_bps_hz,floor_bps_hz,floor_branch,current_load_nominal_meets_absolute_floor,current_load_serviceability_mismatch,optimistic_single_user_floor_feasible,optimistic_user_index,optimistic_serving_sector,optimistic_serving_stream,optimistic_maximum_target_stream_scale,optimistic_eess_limited_target_stream_scale,optimistic_protected_rate_bps_hz,optimistic_total_rate_bps_hz
44026,0,0,FIXED_Q_FIXED_BEAM_JOINT_GLOBAL_INFEASIBLE,26,E3_SITE_03_SEC_1_UE_3,6,2,0.1414137992486354,0.1414137992486354,0.12727241932377187,RELATIVE_0P9_CURRENT_LOAD_NOMINAL,True,False,True,26,6,2,1.0,57385167.18443655,3.8678164502517816,0.49346811792349193
44026,0,0,FIXED_Q_FIXED_BEAM_JOINT_GLOBAL_INFEASIBLE,211,E3_SITE_18_SEC_2_UE_4,52,3,0.14204267444413815,0.14204267444413815,0.12783840699972435,RELATIVE_0P9_CURRENT_LOAD_NOMINAL,True,False,True,211,52,3,1.0,16208020436.479315,3.3740286720156156,0.4501584774793731
44026,0,0,FIXED_Q_FIXED_BEAM_JOINT_GLOBAL_INFEASIBLE,219,E3_SITE_19_SEC_1_UE_4,54,3,0.537566724432956,0.537566724432956,0.4838100519896604,RELATIVE_0P9_CURRENT_LOAD_NOMINAL,True,False,True,219,54,3,1.0,239851.40125561596,3.602714465312732,0.8276703930895155
44026,0,1,FIXED_Q_FIXED_BEAM_JOINT_GLOBAL_INFEASIBLE,26,E3_SITE_03_SEC_1_UE_3,6,2,0.1414137992486354,0.1414137992486354,0.12727241932377187,RELATIVE_0P9_CURRENT_LOAD_NOMINAL,True,False,True,26,6,2,1.0,60752218.78186459,3.8678164502517816,0.49346811792349193
44026,0,1,FIXED_Q_FIXED_BEAM_JOINT_GLOBAL_INFEASIBLE,211,E3_SITE_18_SEC_2_UE_4,52,3,0.14204267444413815,0.14204267444413815,0.12783840699972435,RELATIVE_0P9_CURRENT_LOAD_NOMINAL,True,False,True,211,52,3,1.0,18042189124.84183,3.3740286720156156,0.4501584774793731
44026,0,1,FIXED_Q_FIXED_BEAM_JOINT_GLOBAL_INFEASIBLE,219,E3_SITE_19_SEC_1_UE_4,54,3,0.537566724432956,0.537566724432956,0.4838100519896604,RELATIVE_0P9_CURRENT_LOAD_NOMINAL,True,False,True,219,54,3,1.0,262815.33521787374,3.602714465312732,0.8276703930895155
44026,0,2,FIXED_Q_FIXED_BEAM_JOINT_GLOBAL_INFEASIBLE,26,E3_SITE_03_SEC_1_UE_3,6,2,0.1414137992486354,0.1414137992486354,0.12727241932377187,RELATIVE_0P9_CURRENT_LOAD_NOMINAL,True,False,True,26,6,2,1.0,51109241.89747974,3.8678185178683697,0.4934683246851507
44026,0,2,FIXED_Q_FIXED_BEAM_JOINT_GLOBAL_INFEASIBLE,211,E3_SITE_18_SEC_2_UE_4,52,3,0.14204267444413815,0.14204267444413815,0.12783840699972435,RELATIVE_0P9_CURRENT_LOAD_NOMINAL,True,False,True,211,52,3,1.0,15973876629.594584,3.374030255086854,0.45015863578649695
44026,0,2,FIXED_Q_FIXED_BEAM_JOINT_GLOBAL_INFEASIBLE,219,E3_SITE_19_SEC_1_UE_4,54,3,0.537566724432956,0.537566724432956,0.4838100519896604,RELATIVE_0P9_CURRENT_LOAD_NOMINAL,True,False,True,219,54,3,1.0,228475.43868940626,3.602725775859367,0.827671524144179
44026,0,3,FIXED_Q_FIXED_BEAM_JOINT_GLOBAL_INFEASIBLE,26,E3_SITE_03_SEC_1_UE_3,6,2,0.1414137992486354,0.1414137992486354,0.12727241932377187,RELATIVE_0P9_CURRENT_LOAD_NOMINAL,True,False,True,26,6,2,1.0,27139733.457192555,3.8678263613661894,0.4934691090349327
44026,0,3,FIXED_Q_FIXED_BEAM_JOINT_GLOBAL_INFEASIBLE,211,E3_SITE_18_SEC_2_UE_4,52,3,0.14204267444413815,0.14204267444413815,0.12783840699972435,RELATIVE_0P9_CURRENT_LOAD_NOMINAL,True,False,True,211,52,3,1.0,8930846227.250444,3.374036260432931,0.4501592363211046
44026,0,3,FIXED_Q_FIXED_BEAM_JOINT_GLOBAL_INFEASIBLE,219,E3_SITE_19_SEC_1_UE_4,54,3,0.537566724432956,0.537566724432956,0.4838100519896604,RELATIVE_0P9_CURRENT_LOAD_NOMINAL,True,False,True,219,54,3,1.0,125181.99871337603,3.602768681842613,0.8276758147425036
44026,0,4,FIXED_Q_FIXED_BEAM_JOINT_GLOBAL_INFEASIBLE,26,E3_SITE_03_SEC_1_UE_3,6,2,0.1414137992486354,0.1414137992486354,0.12727241932377187,RELATIVE_0P9_CURRENT_LOAD_NOMINAL,True,False,True,26,6,2,1.0,25119892.459055606,3.867821440431843,0.4934686169414981
44026,0,4,FIXED_Q_FIXED_BEAM_JOINT_GLOBAL_INFEASIBLE,211,E3_SITE_18_SEC_2_UE_4,52,3,0.14204267444413815,0.14204267444413815,0.12783840699972435,RELATIVE_0P9_CURRENT_LOAD_NOMINAL,True,False,True,211,52,3,1.0,4995401930.628479,3.374044743195614,0.45016008459737294
44026,0,4,FIXED_Q_FIXED_BEAM_JOINT_GLOBAL_INFEASIBLE,219,E3_SITE_19_SEC_1_UE_4,54,3,0.537566724432956,0.537566724432956,0.4838100519896604,RELATIVE_0P9_CURRENT_LOAD_NOMINAL,True,False,True,219,54,3,1.0,68515.65814563702,3.602829287170068,0.8276818752752492
44026,0,5,FIXED_Q_FIXED_BEAM_JOINT_GLOBAL_INFEASIBLE,26,E3_SITE_03_SEC_1_UE_3,6,2,0.1414137992486354,0.1414137992486354,0.12727241932377187,RELATIVE_0P9_CURRENT_LOAD_NOMINAL,True,False,True,26,6,2,1.0,53143215.521891415,3.8678150340884034,0.4934679763071541
44026,0,5,FIXED_Q_FIXED_BEAM_JOINT_GLOBAL_INFEASIBLE,211,E3_SITE_18_SEC_2_UE_4,52,3,0.14204267444413815,0.14204267444413815,0.12783840699972435,RELATIVE_0P9_CURRENT_LOAD_NOMINAL,True,False,True,211,52,3,1.0,2794531995.3673143,3.3740567253882157,0.4501612828166331
44026,0,5,FIXED_Q_FIXED_BEAM_JOINT_GLOBAL_INFEASIBLE,219,E3_SITE_19_SEC_1_UE_4,54,3,0.537566724432956,0.537566724432956,0.4838100519896604,RELATIVE_0P9_CURRENT_LOAD_NOMINAL,True,False,True,219,54,3,1.0,43474.27333232886,3.6029019155869064,0.827689138116933
44026,0,6,FIXED_Q_FIXED_BEAM_JOINT_GLOBAL_INFEASIBLE,26,E3_SITE_03_SEC_1_UE_3,6,2,0.1414137992486354,0.1414137992486354,0.12727241932377187,RELATIVE_0P9_CURRENT_LOAD_NOMINAL,True,False,True,26,6,2,1.0,76356969.50243601,3.867814987056178,0.4934679716039316
44026,0,6,FIXED_Q_FIXED_BEAM_JOINT_GLOBAL_INFEASIBLE,211,E3_SITE_18_SEC_2_UE_4,52,3,0.14204267444413815,0.14204267444413815,0.12783840699972435,RELATIVE_0P9_CURRENT_LOAD_NOMINAL,True,False,True,211,52,3,1.0,1563150205.6693573,3.374073650628924,0.45016297534070393
44026,0,6,FIXED_Q_FIXED_BEAM_JOINT_GLOBAL_INFEASIBLE,219,E3_SITE_19_SEC_1_UE_4,54,3,0.537566724432956,0.537566724432956,0.4838100519896604,RELATIVE_0P9_CURRENT_LOAD_NOMINAL,True,False,True,219,54,3,1.0,55701.366437005185,3.6028769014239828,0.8276866367006406
44026,0,7,FIXED_Q_FIXED_BEAM_JOINT_GLOBAL_INFEASIBLE,26,E3_SITE_03_SEC_1_UE_3,6,2,0.1414137992486354,0.1414137992486354,0.12727241932377187,RELATIVE_0P9_CURRENT_LOAD_NOMINAL,True,False,True,26,6,2,1.0,81019688.67454809,3.867814987056178,0.4934679716039316
44026,0,7,FIXED_Q_FIXED_BEAM_JOINT_GLOBAL_INFEASIBLE,211,E3_SITE_18_SEC_2_UE_4,52,3,0.14204267444413815,0.14204267444413815,0.12783840699972435,RELATIVE_0P9_CURRENT_LOAD_NOMINAL,True,False,True,211,52,3,1.0,874098719.9044638,3.374097558054726,0.4501653660832841
44026,0,7,FIXED_Q_FIXED_BEAM_JOINT_GLOBAL_INFEASIBLE,219,E3_SITE_19_SEC_1_UE_4,54,3,0.537566724432956,0.537566724432956,0.4838100519896604,RELATIVE_0P9_CURRENT_LOAD_NOMINAL,True,False,True,219,54,3,1.0,60664.11563221644,3.6028769014239828,0.8276866367006406
44026,0,8,FIXED_Q_FIXED_BEAM_JOINT_GLOBAL_INFEASIBLE,26,E3_SITE_03_SEC_1_UE_3,6,2,0.1414137992486354,0.1414137992486354,0.12727241932377187,RELATIVE_0P9_CURRENT_LOAD_NOMINAL,True,False,True,26,6,2,1.0,85997533.61765006,3.867814987056178,0.4934679716039316
44026,0,8,FIXED_Q_FIXED_BEAM_JOINT_GLOBAL_INFEASIBLE,211,E3_SITE_18_SEC_2_UE_4,52,3,0.14204267444413815,0.14204267444413815,0.12783840699972435,RELATIVE_0P9_CURRENT_LOAD_NOMINAL,True,False,True,211,52,3,1.0,488565800.4544795,3.3741313279674974,0.4501687430745613
44026,0,8,FIXED_Q_FIXED_BEAM_JOINT_GLOBAL_INFEASIBLE,219,E3_SITE_19_SEC_1_UE_4,54,3,0.537566724432956,0.537566724432956,0.4838100519896604,RELATIVE_0P9_CURRENT_LOAD_NOMINAL,True,False,True,219,54,3,1.0,56164.01822943931,3.6029019155869064,0.827689138116933
44026,0,9,FIXED_Q_FIXED_BEAM_JOINT_GLOBAL_INFEASIBLE,26,E3_SITE_03_SEC_1_UE_3,6,2,0.1414137992486354,0.1414137992486354,0.12727241932377187,RELATIVE_0P9_CURRENT_LOAD_NOMINAL,True,False,True,26,6,2,1.0,91313379.97036491,3.867814987056178,0.4934679716039316
44026,0,9,FIXED_Q_FIXED_BEAM_JOINT_GLOBAL_INFEASIBLE,211,E3_SITE_18_SEC_2_UE_4,52,3,0.14204267444413815,0.14204267444413815,0.12783840699972435,RELATIVE_0P9_CURRENT_LOAD_NOMINAL,True,False,True,211,52,3,1.0,272922573.1772375,3.374179028790686,0.45017351315688015
44026,0,9,FIXED_Q_FIXED_BEAM_JOINT_GLOBAL_INFEASIBLE,219,E3_SITE_19_SEC_1_UE_4,54,3,0.537566724432956,0.537566724432956,0.4838100519896604,RELATIVE_0P9_CURRENT_LOAD_NOMINAL,True,False,True,219,54,3,1.0,57026.87072951591,3.6029080309583352,0.8276897496540758
44026,0,10,FIXED_Q_FIXED_BEAM_JOINT_GLOBAL_INFEASIBLE,26,E3_SITE_03_SEC_1_UE_3,6,2,0.1414137992486354,0.1414137992486354,0.12727241932377187,RELATIVE_0P9_CURRENT_LOAD_NOMINAL,True,False,True,26,6,2,1.0,103223851.1707608,3.8678164502517816,0.49346811792349193
44026,0,10,FIXED_Q_FIXED_BEAM_JOINT_GLOBAL_INFEASIBLE,211,E3_SITE_18_SEC_2_UE_4,52,3,0.14204267444413815,0.14204267444413815,0.12783840699972435,RELATIVE_0P9_CURRENT_LOAD_NOMINAL,True,False,True,211,52,3,1.0,152361161.13778073,3.374246407103507,0.4501802509881622
44026,0,10,FIXED_Q_FIXED_BEAM_JOINT_GLOBAL_INFEASIBLE,219,E3_SITE_19_SEC_1_UE_4,54,3,0.537566724432956,0.537566724432956,0.4838100519896604,RELATIVE_0P9_CURRENT_LOAD_NOMINAL,True,False,True,219,54,3,1.0,61974.616031551006,3.6029080309583352,0.8276897496540758
44026,0,11,FIXED_Q_FIXED_BEAM_JOINT_GLOBAL_INFEASIBLE,26,E3_SITE_03_SEC_1_UE_3,6,2,0.1414137992486354,0.1414137992486354,0.12727241932377187,RELATIVE_0P9_CURRENT_LOAD_NOMINAL,True,False,True,26,6,2,1.0,109682075.98609279,3.8678164502517816,0.49346811792349193
44026,0,11,FIXED_Q_FIXED_BEAM_JOINT_GLOBAL_INFEASIBLE,211,E3_SITE_18_SEC_2_UE_4,52,3,0.14204267444413815,0.14204267444413815,0.12783840699972435,RELATIVE_0P9_CURRENT_LOAD_NOMINAL,True,False,True,211,52,3,1.0,84996951.10690431,3.3743415797225937,0.4501897682500709
44026,0,11,FIXED_Q_FIXED_BEAM_JOINT_GLOBAL_INFEASIBLE,219,E3_SITE_19_SEC_1_UE_4,54,3,0.537566724432956,0.537566724432956,0.4838100519896604,RELATIVE_0P9_CURRENT_LOAD_NOMINAL,True,False,True,219,54,3,1.0,78211.03331893834,3.602883016843838,0.8276872482426262
44026,0,12,FIXED_Q_FIXED_BEAM_JOINT_GLOBAL_INFEASIBLE,26,E3_SITE_03_SEC_1_UE_3,6,2,0.1414137992486354,0.1414137992486354,0.12727241932377187,RELATIVE_0P9_CURRENT_LOAD_NOMINAL,True,False,True,26,6,2,1.0,116586088.6914977,3.8678164502517816,0.49346811792349193
44026,0,12,FIXED_Q_FIXED_BEAM_JOINT_GLOBAL_INFEASIBLE,211,E3_SITE_18_SEC_2_UE_4,52,3,0.14204267444413815,0.14204267444413815,0.12783840699972435,RELATIVE_0P9_CURRENT_LOAD_NOMINAL,True,False,True,211,52,3,1.0,47381817.83747766,3.3744760110737566,0.4502032113851872
44026,0,12,FIXED_Q_FIXED_BEAM_JOINT_GLOBAL_INFEASIBLE,219,E3_SITE_19_SEC_1_UE_4,54,3,0.537566724432956,0.537566724432956,0.4838100519896604,RELATIVE_0P9_CURRENT_LOAD_NOMINAL,True,False,True,219,54,3,1.0,115805.24400224556,3.6028491569406405,0.8276838622523064
44026,0,13,FIXED_Q_FIXED_BEAM_JOINT_GLOBAL_INFEASIBLE,26,E3_SITE_03_SEC_1_UE_3,6,2,0.1414137992486354,0.1414137992486354,0.12727241932377187,RELATIVE_0P9_CURRENT_LOAD_NOMINAL,True,False,True,26,6,2,1.0,123969626.3982587,3.8678164502517816,0.49346811792349193
44026,0,13,FIXED_Q_FIXED_BEAM_JOINT_GLOBAL_INFEASIBLE,211,E3_SITE_18_SEC_2_UE_4,52,3,0.14204267444413815,0.14204267444413815,0.12783840699972435,RELATIVE_0P9_CURRENT_LOAD_NOMINAL,True,False,True,211,52,3,1.0,26393192.18700773,3.374665893328207,0.45022219961063226
44026,0,13,FIXED_Q_FIXED_BEAM_JOINT_GLOBAL_INFEASIBLE,219,E3_SITE_19_SEC_1_UE_4,54,3,0.537566724432956,0.537566724432956,0.4838100519896604,RELATIVE_0P9_CURRENT_LOAD_NOMINAL,True,False,True,219,54,3,1.0,250700.77343705777,3.602782748844944,0.8276772214427368
44026,0,14,FIXED_Q_FIXED_BEAM_JOINT_GLOBAL_INFEASIBLE,26,E3_SITE_03_SEC_1_UE_3,6,2,0.1414137992486354,0.1414137992486354,0.12727241932377187,RELATIVE_0P9_CURRENT_LOAD_NOMINAL,True,False,True,26,6,2,1.0,131869354.4110228,3.8678164502517816,0.49346811792349193
44026,0,14,FIXED_Q_FIXED_BEAM_JOINT_GLOBAL_INFEASIBLE,211,E3_SITE_18_SEC_2_UE_4,52,3,0.14204267444413815,0.14204267444413815,0.12783840699972435,RELATIVE_0P9_CURRENT_LOAD_NOMINAL,True,False,True,211,52,3,1.0,14690701.61799792,3.3749340950226854,0.4502490197800801
44026,0,14,FIXED_Q_FIXED_BEAM_JOINT_GLOBAL_INFEASIBLE,219,E3_SITE_19_SEC_1_UE_4,54,3,0.537566724432956,0.537566724432956,0.4838100519896604,RELATIVE_0P9_CURRENT_LOAD_NOMINAL,True,False,True,219,54,3,1.0,542492.2357486847,3.6027357346757136,0.8276725200258137
44026,0,15,FIXED_Q_FIXED_BEAM_JOINT_GLOBAL_INFEASIBLE,26,E3_SITE_03_SEC_1_UE_3,6,2,0.1414137992486354,0.1414137992486354,0.12727241932377187,RELATIVE_0P9_CURRENT_LOAD_NOMINAL,True,False,True,26,6,2,1.0,140325145.11835316,3.8678164502517816,0.49346811792349193
44026,0,15,FIXED_Q_FIXED_BEAM_JOINT_GLOBAL_INFEASIBLE,211,E3_SITE_18_SEC_2_UE_4,52,3,0.14204267444413815,0.14204267444413815,0.12783840699972435,RELATIVE_0P9_CURRENT_LOAD_NOMINAL,True,False,True,211,52,3,1.0,8170845.613123224,3.3753129118144956,0.4502869014592611
44026,0,15,FIXED_Q_FIXED_BEAM_JOINT_GLOBAL_INFEASIBLE,219,E3_SITE_19_SEC_1_UE_4,54,3,0.537566724432956,0.537566724432956,0.4838100519896604,RELATIVE_0P9_CURRENT_LOAD_NOMINAL,True,False,True,219,54,3,1.0,860285.9093459799,3.602714465312732,0.8276703930895155
44026,0,16,FIXED_Q_FIXED_BEAM_JOINT_GLOBAL_INFEASIBLE,26,E3_SITE_03_SEC_1_UE_3,6,2,0.1414137992486354,0.1414137992486354,0.12727241932377187,RELATIVE_0P9_CURRENT_LOAD_NOMINAL,True,False,True,26,6,2,1.0,149380384.07161787,3.8678164502517816,0.49346811792349193
44026,0,16,FIXED_Q_FIXED_BEAM_JOINT_GLOBAL_INFEASIBLE,211,E3_SITE_18_SEC_2_UE_4,52,3,0.14204267444413815,0.14204267444413815,0.12783840699972435,RELATIVE_0P9_CURRENT_LOAD_NOMINAL,True,False,True,211,52,3,1.0,4541220.527139855,3.375847948546349,0.4503404051324464
44026,0,16,FIXED_Q_FIXED_BEAM_JOINT_GLOBAL_INFEASIBLE,219,E3_SITE_19_SEC_1_UE_4,54,3,0.537566724432956,0.537566724432956,0.4838100519896604,RELATIVE_0P9_CURRENT_LOAD_NOMINAL,True,False,True,219,54,3,1.0,932321.8209174771,3.602714465312732,0.8276703930895155
44026,0,17,FIXED_Q_FIXED_BEAM_JOINT_GLOBAL_INFEASIBLE,26,E3_SITE_03_SEC_1_UE_3,6,2,0.1414137992486354,0.1414137992486354,0.12727241932377187,RELATIVE_0P9_CURRENT_LOAD_NOMINAL,True,False,True,26,6,2,1.0,159082305.62169608,3.8678164502517816,0.49346811792349193
44026,0,17,FIXED_Q_FIXED_BEAM_JOINT_GLOBAL_INFEASIBLE,211,E3_SITE_18_SEC_2_UE_4,52,3,0.14204267444413815,0.14204267444413815,0.12783840699972435,RELATIVE_0P9_CURRENT_LOAD_NOMINAL,True,False,True,211,52,3,1.0,3030927.472598391,3.3763523522136385,0.45039084549917535
44026,0,17,FIXED_Q_FIXED_BEAM_JOINT_GLOBAL_INFEASIBLE,219,E3_SITE_19_SEC_1_UE_4,54,3,0.537566724432956,0.537566724432956,0.4838100519896604,RELATIVE_0P9_CURRENT_LOAD_NOMINAL,True,False,True,219,54,3,1.0,1010094.9306004755,3.602714465312732,0.8276703930895155
44026,0,18,FIXED_Q_FIXED_BEAM_JOINT_GLOBAL_INFEASIBLE,26,E3_SITE_03_SEC_1_UE_3,6,2,0.1414137992486354,0.1414137992486354,0.12727241932377187,RELATIVE_0P9_CURRENT_LOAD_NOMINAL,True,False,True,26,6,2,1.0,169482360.57470185,3.8678164502517816,0.49346811792349193
44026,0,18,FIXED_Q_FIXED_BEAM_JOINT_GLOBAL_INFEASIBLE,211,E3_SITE_18_SEC_2_UE_4,52,3,0.14204267444413815,0.14204267444413815,0.12783840699972435,RELATIVE_0P9_CURRENT_LOAD_NOMINAL,True,False,True,211,52,3,1.0,2869660.8403329724,3.376518985341342,0.45040750881194574
44026,0,18,FIXED_Q_FIXED_BEAM_JOINT_GLOBAL_INFEASIBLE,219,E3_SITE_19_SEC_1_UE_4,54,3,0.537566724432956,0.537566724432956,0.4838100519896604,RELATIVE_0P9_CURRENT_LOAD_NOMINAL,True,False,True,219,54,3,1.0,1094085.711799828,3.602714465312732,0.8276703930895155
44026,0,19,FIXED_Q_FIXED_BEAM_JOINT_GLOBAL_INFEASIBLE,26,E3_SITE_03_SEC_1_UE_3,6,2,0.1414137992486354,0.1414137992486354,0.12727241932377187,RELATIVE_0P9_CURRENT_LOAD_NOMINAL,True,False,True,26,6,2,1.0,180636618.38398406,3.8678164502517816,0.49346811792349193
44026,0,19,FIXED_Q_FIXED_BEAM_JOINT_GLOBAL_INFEASIBLE,211,E3_SITE_18_SEC_2_UE_4,52,3,0.14204267444413815,0.14204267444413815,0.12783840699972435,RELATIVE_0P9_CURRENT_LOAD_NOMINAL,True,False,True,211,52,3,1.0,2950500.232804141,3.37663738099897,0.45041934837770853
44026,0,19,FIXED_Q_FIXED_BEAM_JOINT_GLOBAL_INFEASIBLE,219,E3_SITE_19_SEC_1_UE_4,54,3,0.537566724432956,0.537566724432956,0.4838100519896604,RELATIVE_0P9_CURRENT_LOAD_NOMINAL,True,False,True,219,54,3,1.0,1184819.2612852112,3.602714465312732,0.8276703930895155
44026,0,40,FIXED_Q_FIXED_BEAM_JOINT_GLOBAL_INFEASIBLE,26,E3_SITE_03_SEC_1_UE_3,6,2,0.1414137992486354,0.1414137992486354,0.12727241932377187,RELATIVE_0P9_CURRENT_LOAD_NOMINAL,True,False,True,26,6,2,1.0,569613368.1780891,3.8678164502517816,0.49346811792349193
44026,0,40,FIXED_Q_FIXED_BEAM_JOINT_GLOBAL_INFEASIBLE,211,E3_SITE_18_SEC_2_UE_4,52,3,0.14204267444413815,0.14204267444413815,0.12783840699972435,RELATIVE_0P9_CURRENT_LOAD_NOMINAL,True,False,True,211,52,3,1.0,1724846073.744357,3.3743057860682546,0.45018618888463696
44026,0,40,FIXED_Q_FIXED_BEAM_JOINT_GLOBAL_INFEASIBLE,219,E3_SITE_19_SEC_1_UE_4,54,3,0.537566724432956,0.537566724432956,0.4838100519896604,RELATIVE_0P9_CURRENT_LOAD_NOMINAL,True,False,True,219,54,3,1.0,6063933.665962637,3.602714465312732,0.8276703930895155
44026,0,41,FIXED_Q_FIXED_BEAM_JOINT_GLOBAL_INFEASIBLE,26,E3_SITE_03_SEC_1_UE_3,6,2,0.1414137992486354,0.1414137992486354,0.12727241932377187,RELATIVE_0P9_CURRENT_LOAD_NOMINAL,True,False,True,26,6,2,1.0,569613368.1780891,3.8678164502517816,0.49346811792349193
44026,0,41,FIXED_Q_FIXED_BEAM_JOINT_GLOBAL_INFEASIBLE,211,E3_SITE_18_SEC_2_UE_4,52,3,0.14204267444413815,0.14204267444413815,0.12783840699972435,RELATIVE_0P9_CURRENT_LOAD_NOMINAL,True,False,True,211,52,3,1.0,949820077.9029983,3.3744254526322703,0.45019815554103854
44026,0,41,FIXED_Q_FIXED_BEAM_JOINT_GLOBAL_INFEASIBLE,219,E3_SITE_19_SEC_1_UE_4,54,3,0.537566724432956,0.537566724432956,0.4838100519896604,RELATIVE_0P9_CURRENT_LOAD_NOMINAL,True,False,True,219,54,3,1.0,6063933.665962637,3.602714465312732,0.8276703930895155
44026,0,42,FIXED_Q_FIXED_BEAM_JOINT_GLOBAL_INFEASIBLE,26,E3_SITE_03_SEC_1_UE_3,6,2,0.1414137992486354,0.1414137992486354,0.12727241932377187,RELATIVE_0P9_CURRENT_LOAD_NOMINAL,True,False,True,26,6,2,1.0,569613368.1780891,3.8678164502517816,0.49346811792349193
44026,0,42,FIXED_Q_FIXED_BEAM_JOINT_GLOBAL_INFEASIBLE,211,E3_SITE_18_SEC_2_UE_4,52,3,0.14204267444413815,0.14204267444413815,0.12783840699972435,RELATIVE_0P9_CURRENT_LOAD_NOMINAL,True,False,True,211,52,3,1.0,522848802.6522838,3.3745944805028674,0.45021505832809827
44026,0,42,FIXED_Q_FIXED_BEAM_JOINT_GLOBAL_INFEASIBLE,219,E3_SITE_19_SEC_1_UE_4,54,3,0.537566724432956,0.537566724432956,0.4838100519896604,RELATIVE_0P9_CURRENT_LOAD_NOMINAL,True,False,True,219,54,3,1.0,6063933.665962637,3.602714465312732,0.8276703930895155
44026,0,43,FIXED_Q_FIXED_BEAM_JOINT_GLOBAL_INFEASIBLE,26,E3_SITE_03_SEC_1_UE_3,6,2,0.1414137992486354,0.1414137992486354,0.12727241932377187,RELATIVE_0P9_CURRENT_LOAD_NOMINAL,True,False,True,26,6,2,1.0,569613368.1780891,3.8678164502517816,0.49346811792349193
44026,0,43,FIXED_Q_FIXED_BEAM_JOINT_GLOBAL_INFEASIBLE,211,E3_SITE_18_SEC_2_UE_4,52,3,0.14204267444413815,0.14204267444413815,0.12783840699972435,RELATIVE_0P9_CURRENT_LOAD_NOMINAL,True,False,True,211,52,3,1.0,287693185.44902045,3.3748332274550923,0.45023893302332074
44026,0,43,FIXED_Q_FIXED_BEAM_JOINT_GLOBAL_INFEASIBLE,219,E3_SITE_19_SEC_1_UE_4,54,3,0.537566724432956,0.537566724432956,0.4838100519896604,RELATIVE_0P9_CURRENT_LOAD_NOMINAL,True,False,True,219,54,3,1.0,6063933.665962637,3.602714465312732,0.8276703930895155
44026,0,44,FIXED_Q_FIXED_BEAM_JOINT_GLOBAL_INFEASIBLE,26,E3_SITE_03_SEC_1_UE_3,6,2,0.1414137992486354,0.1414137992486354,0.12727241932377187,RELATIVE_0P9_CURRENT_LOAD_NOMINAL,True,False,True,26,6,2,1.0,569613368.1780891,3.8678164502517816,0.49346811792349193
44026,0,44,FIXED_Q_FIXED_BEAM_JOINT_GLOBAL_INFEASIBLE,211,E3_SITE_18_SEC_2_UE_4,52,3,0.14204267444413815,0.14204267444413815,0.12783840699972435,RELATIVE_0P9_CURRENT_LOAD_NOMINAL,True,False,True,211,52,3,1.0,158224053.15749654,3.375170444019981,0.45027265467980965
44026,0,44,FIXED_Q_FIXED_BEAM_JOINT_GLOBAL_INFEASIBLE,219,E3_SITE_19_SEC_1_UE_4,54,3,0.537566724432956,0.537566724432956,0.4838100519896604,RELATIVE_0P9_CURRENT_LOAD_NOMINAL,True,False,True,219,54,3,1.0,6063933.665962637,3.602714465312732,0.8276703930895155
44026,0,45,FIXED_Q_FIXED_BEAM_JOINT_GLOBAL_INFEASIBLE,26,E3_SITE_03_SEC_1_UE_3,6,2,0.1414137992486354,0.1414137992486354,0.12727241932377187,RELATIVE_0P9_CURRENT_LOAD_NOMINAL,True,False,True,26,6,2,1.0,569613368.1780891,3.8678164502517816,0.49346811792349193
44026,0,45,FIXED_Q_FIXED_BEAM_JOINT_GLOBAL_INFEASIBLE,211,E3_SITE_18_SEC_2_UE_4,52,3,0.14204267444413815,0.14204267444413815,0.12783840699972435,RELATIVE_0P9_CURRENT_LOAD_NOMINAL,True,False,True,211,52,3,1.0,81090077.63733453,3.3756467302474626,0.4503202833025578
44026,0,45,FIXED_Q_FIXED_BEAM_JOINT_GLOBAL_INFEASIBLE,219,E3_SITE_19_SEC_1_UE_4,54,3,0.537566724432956,0.537566724432956,0.4838100519896604,RELATIVE_0P9_CURRENT_LOAD_NOMINAL,True,False,True,219,54,3,1.0,6063933.665962637,3.602714465312732,0.8276703930895155
44026,0,46,FIXED_Q_FIXED_BEAM_JOINT_GLOBAL_INFEASIBLE,26,E3_SITE_03_SEC_1_UE_3,6,2,0.1414137992486354,0.1414137992486354,0.12727241932377187,RELATIVE_0P9_CURRENT_LOAD_NOMINAL,True,False,True,26,6,2,1.0,569613368.1780891,3.8678164502517816,0.49346811792349193
44026,0,46,FIXED_Q_FIXED_BEAM_JOINT_GLOBAL_INFEASIBLE,211,E3_SITE_18_SEC_2_UE_4,52,3,0.14204267444413815,0.14204267444413815,0.12783840699972435,RELATIVE_0P9_CURRENT_LOAD_NOMINAL,True,False,True,211,52,3,1.0,40641311.68567608,3.3763194129761303,0.45038755157542454
44026,0,46,FIXED_Q_FIXED_BEAM_JOINT_GLOBAL_INFEASIBLE,219,E3_SITE_19_SEC_1_UE_4,54,3,0.537566724432956,0.537566724432956,0.4838100519896604,RELATIVE_0P9_CURRENT_LOAD_NOMINAL,True,False,True,219,54,3,1.0,6063933.665962637,3.602714465312732,0.8276703930895155
44026,0,47,FIXED_Q_FIXED_BEAM_JOINT_GLOBAL_INFEASIBLE,26,E3_SITE_03_SEC_1_UE_3,6,2,0.1414137992486354,0.1414137992486354,0.12727241932377187,RELATIVE_0P9_CURRENT_LOAD_NOMINAL,True,False,True,26,6,2,1.0,569613368.1780891,3.8678164502517816,0.49346811792349193
44026,0,47,FIXED_Q_FIXED_BEAM_JOINT_GLOBAL_INFEASIBLE,211,E3_SITE_18_SEC_2_UE_4,52,3,0.14204267444413815,0.14204267444413815,0.12783840699972435,RELATIVE_0P9_CURRENT_LOAD_NOMINAL,True,False,True,211,52,3,1.0,20368906.574727777,3.3772694241109997,0.4504825526889115
44026,0,47,FIXED_Q_FIXED_BEAM_JOINT_GLOBAL_INFEASIBLE,219,E3_SITE_19_SEC_1_UE_4,54,3,0.537566724432956,0.537566724432956,0.4838100519896604,RELATIVE_0P9_CURRENT_LOAD_NOMINAL,True,False,True,219,54,3,1.0,6063933.665962637,3.602714465312732,0.8276703930895155
44026,0,48,FIXED_Q_FIXED_BEAM_JOINT_GLOBAL_INFEASIBLE,26,E3_SITE_03_SEC_1_UE_3,6,2,0.1414137992486354,0.1414137992486354,0.12727241932377187,RELATIVE_0P9_CURRENT_LOAD_NOMINAL,True,False,True,26,6,2,1.0,569613368.1780891,3.8678164502517816,0.49346811792349193
44026,0,48,FIXED_Q_FIXED_BEAM_JOINT_GLOBAL_INFEASIBLE,211,E3_SITE_18_SEC_2_UE_4,52,3,0.14204267444413815,0.14204267444413815,0.12783840699972435,RELATIVE_0P9_CURRENT_LOAD_NOMINAL,True,False,True,211,52,3,1.0,10208635.93820012,3.378610994404078,0.4506167097182193
44026,0,48,FIXED_Q_FIXED_BEAM_JOINT_GLOBAL_INFEASIBLE,219,E3_SITE_19_SEC_1_UE_4,54,3,0.537566724432956,0.537566724432956,0.4838100519896604,RELATIVE_0P9_CURRENT_LOAD_NOMINAL,True,False,True,219,54,3,1.0,6063933.665962637,3.602714465312732,0.8276703930895155
44026,0,49,FIXED_Q_FIXED_BEAM_JOINT_GLOBAL_INFEASIBLE,26,E3_SITE_03_SEC_1_UE_3,6,2,0.1414137992486354,0.1414137992486354,0.12727241932377187,RELATIVE_0P9_CURRENT_LOAD_NOMINAL,True,False,True,26,6,2,1.0,569613368.1780891,3.8678164502517816,0.49346811792349193
44026,0,49,FIXED_Q_FIXED_BEAM_JOINT_GLOBAL_INFEASIBLE,211,E3_SITE_18_SEC_2_UE_4,52,3,0.14204267444413815,0.14204267444413815,0.12783840699972435,RELATIVE_0P9_CURRENT_LOAD_NOMINAL,True,False,True,211,52,3,1.0,5116438.004974469,3.3805053022993357,0.4508061405077451
44026,0,49,FIXED_Q_FIXED_BEAM_JOINT_GLOBAL_INFEASIBLE,219,E3_SITE_19_SEC_1_UE_4,54,3,0.537566724432956,0.537566724432956,0.4838100519896604,RELATIVE_0P9_CURRENT_LOAD_NOMINAL,True,False,True,219,54,3,1.0,6063933.665962637,3.602714465312732,0.8276703930895155
44026,0,50,FIXED_Q_FIXED_BEAM_JOINT_GLOBAL_INFEASIBLE,26,E3_SITE_03_SEC_1_UE_3,6,2,0.1414137992486354,0.1414137992486354,0.12727241932377187,RELATIVE_0P9_CURRENT_LOAD_NOMINAL,True,False,True,26,6,2,1.0,569613368.1780891,3.8678164502517816,0.49346811792349193
44026,0,50,FIXED_Q_FIXED_BEAM_JOINT_GLOBAL_INFEASIBLE,211,E3_SITE_18_SEC_2_UE_4,52,3,0.14204267444413815,0.14204267444413815,0.12783840699972435,RELATIVE_0P9_CURRENT_LOAD_NOMINAL,True,False,True,211,52,3,1.0,2564293.4097385933,3.3831796656848887,0.4510735768463004
44026,0,50,FIXED_Q_FIXED_BEAM_JOINT_GLOBAL_INFEASIBLE,219,E3_SITE_19_SEC_1_UE_4,54,3,0.537566724432956,0.537566724432956,0.4838100519896604,RELATIVE_0P9_CURRENT_LOAD_NOMINAL,True,False,True,219,54,3,1.0,6063933.665962637,3.602714465312732,0.8276703930895155
44026,0,51,FIXED_Q_FIXED_BEAM_JOINT_GLOBAL_INFEASIBLE,26,E3_SITE_03_SEC_1_UE_3,6,2,0.1414137992486354,0.1414137992486354,0.12727241932377187,RELATIVE_0P9_CURRENT_LOAD_NOMINAL,True,False,True,26,6,2,1.0,569613368.1780891,3.8678164502517816,0.49346811792349193
44026,0,51,FIXED_Q_FIXED_BEAM_JOINT_GLOBAL_INFEASIBLE,211,E3_SITE_18_SEC_2_UE_4,52,3,0.14204267444413815,0.14204267444413815,0.12783840699972435,RELATIVE_0P9_CURRENT_LOAD_NOMINAL,True,False,True,211,52,3,1.0,4854042.408091166,3.3807701116744715,0.45083262144525865
44026,0,51,FIXED_Q_FIXED_BEAM_JOINT_GLOBAL_INFEASIBLE,219,E3_SITE_19_SEC_1_UE_4,54,3,0.537566724432956,0.537566724432956,0.4838100519896604,RELATIVE_0P9_CURRENT_LOAD_NOMINAL,True,False,True,219,54,3,1.0,6063933.665962637,3.602714465312732,0.8276703930895155
44026,0,52,FIXED_Q_FIXED_BEAM_JOINT_GLOBAL_INFEASIBLE,26,E3_SITE_03_SEC_1_UE_3,6,2,0.1414137992486354,0.1414137992486354,0.12727241932377187,RELATIVE_0P9_CURRENT_LOAD_NOMINAL,True,False,True,26,6,2,1.0,569613368.1780891,3.8678164502517816,0.49346811792349193
44026,0,52,FIXED_Q_FIXED_BEAM_JOINT_GLOBAL_INFEASIBLE,211,E3_SITE_18_SEC_2_UE_4,52,3,0.14204267444413815,0.14204267444413815,0.12783840699972435,RELATIVE_0P9_CURRENT_LOAD_NOMINAL,True,False,True,211,52,3,1.0,2432784.0864206757,3.3835534857765803,0.45111095885546953
44026,0,52,FIXED_Q_FIXED_BEAM_JOINT_GLOBAL_INFEASIBLE,219,E3_SITE_19_SEC_1_UE_4,54,3,0.537566724432956,0.537566724432956,0.4838100519896604,RELATIVE_0P9_CURRENT_LOAD_NOMINAL,True,False,True,219,54,3,1.0,6063933.665962637,3.602714465312732,0.8276703930895155
44026,0,53,FIXED_Q_FIXED_BEAM_JOINT_GLOBAL_INFEASIBLE,26,E3_SITE_03_SEC_1_UE_3,6,2,0.1414137992486354,0.1414137992486354,0.12727241932377187,RELATIVE_0P9_CURRENT_LOAD_NOMINAL,True,False,True,26,6,2,1.0,180127562.91228372,3.8678164502517816,0.49346811792349193
44026,0,53,FIXED_Q_FIXED_BEAM_JOINT_GLOBAL_INFEASIBLE,211,E3_SITE_18_SEC_2_UE_4,52,3,0.14204267444413815,0.14204267444413815,0.12783840699972435,RELATIVE_0P9_CURRENT_LOAD_NOMINAL,True,False,True,211,52,3,1.0,4854042.408091166,3.3807701116744715,0.45083262144525865
44026,0,53,FIXED_Q_FIXED_BEAM_JOINT_GLOBAL_INFEASIBLE,219,E3_SITE_19_SEC_1_UE_4,54,3,0.537566724432956,0.537566724432956,0.4838100519896604,RELATIVE_0P9_CURRENT_LOAD_NOMINAL,True,False,True,219,54,3,1.0,6063933.665962637,3.602714465312732,0.8276703930895155
44026,0,54,FIXED_Q_FIXED_BEAM_JOINT_GLOBAL_INFEASIBLE,26,E3_SITE_03_SEC_1_UE_3,6,2,0.1414137992486354,0.1414137992486354,0.12727241932377187,RELATIVE_0P9_CURRENT_LOAD_NOMINAL,True,False,True,26,6,2,1.0,180127562.91228372,3.8678164502517816,0.49346811792349193
44026,0,54,FIXED_Q_FIXED_BEAM_JOINT_GLOBAL_INFEASIBLE,211,E3_SITE_18_SEC_2_UE_4,52,3,0.14204267444413815,0.14204267444413815,0.12783840699972435,RELATIVE_0P9_CURRENT_LOAD_NOMINAL,True,False,True,211,52,3,1.0,2432784.0864206757,3.3835534857765803,0.45111095885546953
44026,0,54,FIXED_Q_FIXED_BEAM_JOINT_GLOBAL_INFEASIBLE,219,E3_SITE_19_SEC_1_UE_4,54,3,0.537566724432956,0.537566724432956,0.4838100519896604,RELATIVE_0P9_CURRENT_LOAD_NOMINAL,True,False,True,219,54,3,1.0,6063933.665962637,3.602714465312732,0.8276703930895155
44026,0,55,FIXED_Q_FIXED_BEAM_JOINT_GLOBAL_INFEASIBLE,26,E3_SITE_03_SEC_1_UE_3,6,2,0.1414137992486354,0.1414137992486354,0.12727241932377187,RELATIVE_0P9_CURRENT_LOAD_NOMINAL,True,False,True,26,6,2,1.0,180127562.91228372,3.8678164502517816,0.49346811792349193
44026,0,55,FIXED_Q_FIXED_BEAM_JOINT_GLOBAL_INFEASIBLE,211,E3_SITE_18_SEC_2_UE_4,52,3,0.14204267444413815,0.14204267444413815,0.12783840699972435,RELATIVE_0P9_CURRENT_LOAD_NOMINAL,True,False,True,211,52,3,1.0,4854042.408091166,3.3807701116744715,0.45083262144525865
44026,0,55,FIXED_Q_FIXED_BEAM_JOINT_GLOBAL_INFEASIBLE,219,E3_SITE_19_SEC_1_UE_4,54,3,0.537566724432956,0.537566724432956,0.4838100519896604,RELATIVE_0P9_CURRENT_LOAD_NOMINAL,True,False,True,219,54,3,1.0,1917584.1964616594,3.602714465312732,0.8276703930895155
44026,0,56,FIXED_Q_FIXED_BEAM_JOINT_GLOBAL_INFEASIBLE,26,E3_SITE_03_SEC_1_UE_3,6,2,0.1414137992486354,0.1414137992486354,0.12727241932377187,RELATIVE_0P9_CURRENT_LOAD_NOMINAL,True,False,True,26,6,2,1.0,180127562.91228372,3.8678164502517816,0.49346811792349193
44026,0,56,FIXED_Q_FIXED_BEAM_JOINT_GLOBAL_INFEASIBLE,211,E3_SITE_18_SEC_2_UE_4,52,3,0.14204267444413815,0.14204267444413815,0.12783840699972435,RELATIVE_0P9_CURRENT_LOAD_NOMINAL,True,False,True,211,52,3,1.0,2432784.0864206757,3.3835534857765803,0.45111095885546953
44026,0,56,FIXED_Q_FIXED_BEAM_JOINT_GLOBAL_INFEASIBLE,219,E3_SITE_19_SEC_1_UE_4,54,3,0.537566724432956,0.537566724432956,0.4838100519896604,RELATIVE_0P9_CURRENT_LOAD_NOMINAL,True,False,True,219,54,3,1.0,1917584.1964616594,3.602714465312732,0.8276703930895155
44026,0,57,FIXED_Q_FIXED_BEAM_JOINT_GLOBAL_INFEASIBLE,26,E3_SITE_03_SEC_1_UE_3,6,2,0.1414137992486354,0.1414137992486354,0.12727241932377187,RELATIVE_0P9_CURRENT_LOAD_NOMINAL,True,False,True,26,6,2,1.0,180127562.91228372,3.8678164502517816,0.49346811792349193
44026,0,57,FIXED_Q_FIXED_BEAM_JOINT_GLOBAL_INFEASIBLE,211,E3_SITE_18_SEC_2_UE_4,52,3,0.14204267444413815,0.14204267444413815,0.12783840699972435,RELATIVE_0P9_CURRENT_LOAD_NOMINAL,True,False,True,211,52,3,1.0,4854042.408091166,3.3807701116744715,0.45083262144525865
44026,0,57,FIXED_Q_FIXED_BEAM_JOINT_GLOBAL_INFEASIBLE,219,E3_SITE_19_SEC_1_UE_4,54,3,0.537566724432956,0.537566724432956,0.4838100519896604,RELATIVE_0P9_CURRENT_LOAD_NOMINAL,True,False,True,219,54,3,1.0,1917584.1964616594,3.602714465312732,0.8276703930895155
44026,0,58,FIXED_Q_FIXED_BEAM_JOINT_GLOBAL_INFEASIBLE,26,E3_SITE_03_SEC_1_UE_3,6,2,0.1414137992486354,0.1414137992486354,0.12727241932377187,RELATIVE_0P9_CURRENT_LOAD_NOMINAL,True,False,True,26,6,2,1.0,180127562.91228372,3.8678164502517816,0.49346811792349193
44026,0,58,FIXED_Q_FIXED_BEAM_JOINT_GLOBAL_INFEASIBLE,211,E3_SITE_18_SEC_2_UE_4,52,3,0.14204267444413815,0.14204267444413815,0.12783840699972435,RELATIVE_0P9_CURRENT_LOAD_NOMINAL,True,False,True,211,52,3,1.0,2876947.1755163497,3.3828911580035848,0.45104472607817
44026,0,58,FIXED_Q_FIXED_BEAM_JOINT_GLOBAL_INFEASIBLE,219,E3_SITE_19_SEC_1_UE_4,54,3,0.537566724432956,0.537566724432956,0.4838100519896604,RELATIVE_0P9_CURRENT_LOAD_NOMINAL,True,False,True,219,54,3,1.0,1917584.1964616594,3.602714465312732,0.8276703930895155
44026,0,59,FIXED_Q_FIXED_BEAM_JOINT_GLOBAL_INFEASIBLE,26,E3_SITE_03_SEC_1_UE_3,6,2,0.1414137992486354,0.1414137992486354,0.12727241932377187,RELATIVE_0P9_CURRENT_LOAD_NOMINAL,True,False,True,26,6,2,1.0,180127562.91228372,3.8678164502517816,0.49346811792349193
44026,0,59,FIXED_Q_FIXED_BEAM_JOINT_GLOBAL_INFEASIBLE,211,E3_SITE_18_SEC_2_UE_4,52,3,0.14204267444413815,0.14204267444413815,0.12783840699972435,RELATIVE_0P9_CURRENT_LOAD_NOMINAL,True,False,True,211,52,3,1.0,1815230.9500735905,3.3803009249848435,0.45078570277629587
44026,0,59,FIXED_Q_FIXED_BEAM_JOINT_GLOBAL_INFEASIBLE,219,E3_SITE_19_SEC_1_UE_4,54,3,0.537566724432956,0.537566724432956,0.4838100519896604,RELATIVE_0P9_CURRENT_LOAD_NOMINAL,True,False,True,219,54,3,1.0,1917584.1964616594,3.602714465312732,0.8276703930895155
44026,0,80,FIXED_Q_FIXED_BEAM_JOINT_GLOBAL_INFEASIBLE,26,E3_SITE_03_SEC_1_UE_3,6,2,0.1414137992486354,0.446426892401261,0.4017842031611349,RELATIVE_0P9_CURRENT_LOAD_NOMINAL,True,False,True,26,6,2,1.0,79841055.92563671,6.328764559858947,0.9514010016657972
44026,0,80,FIXED_Q_FIXED_BEAM_JOINT_GLOBAL_INFEASIBLE,219,E3_SITE_19_SEC_1_UE_4,54,3,0.537566724432956,0.7868365415064549,0.7081528873558094,RELATIVE_0P9_CURRENT_LOAD_NOMINAL,True,False,True,219,54,3,1.0,7902694.138468956,3.751627874411035,1.078333292155134
44026,0,81,FIXED_Q_FIXED_BEAM_JOINT_GLOBAL_INFEASIBLE,26,E3_SITE_03_SEC_1_UE_3,6,2,0.1414137992486354,0.446426892401261,0.4017842031611349,RELATIVE_0P9_CURRENT_LOAD_NOMINAL,True,False,True,26,6,2,1.0,63420005.01192879,6.328770037599534,0.9514015494398558
44026,0,81,FIXED_Q_FIXED_BEAM_JOINT_GLOBAL_INFEASIBLE,219,E3_SITE_19_SEC_1_UE_4,54,3,0.537566724432956,0.7868365415064549,0.7081528873558094,RELATIVE_0P9_CURRENT_LOAD_NOMINAL,True,False,True,219,54,3,1.0,6277333.084577729,3.751637762723363,1.078334280986367
44026,0,82,FIXED_Q_FIXED_BEAM_JOINT_GLOBAL_INFEASIBLE,26,E3_SITE_03_SEC_1_UE_3,6,2,0.1414137992486354,0.446426892401261,0.4017842031611349,RELATIVE_0P9_CURRENT_LOAD_NOMINAL,True,False,True,26,6,2,1.0,79841055.92563671,6.328764559858947,0.9514010016657972
44026,0,82,FIXED_Q_FIXED_BEAM_JOINT_GLOBAL_INFEASIBLE,219,E3_SITE_19_SEC_1_UE_4,54,3,0.537566724432956,0.7868365415064549,0.7081528873558094,RELATIVE_0P9_CURRENT_LOAD_NOMINAL,True,False,True,219,54,3,1.0,7902694.138468956,3.751627874411035,1.078333292155134
44026,0,83,FIXED_Q_FIXED_BEAM_JOINT_GLOBAL_INFEASIBLE,26,E3_SITE_03_SEC_1_UE_3,6,2,0.1414137992486354,0.446426892401261,0.4017842031611349,RELATIVE_0P9_CURRENT_LOAD_NOMINAL,True,False,True,26,6,2,1.0,79841055.92563671,6.328764559858947,0.9514010016657972
44026,0,83,FIXED_Q_FIXED_BEAM_JOINT_GLOBAL_INFEASIBLE,219,E3_SITE_19_SEC_1_UE_4,54,3,0.537566724432956,0.7868365415064549,0.7081528873558094,RELATIVE_0P9_CURRENT_LOAD_NOMINAL,True,False,True,219,54,3,1.0,7902694.138468956,3.751627874411035,1.078333292155134
44026,0,84,FIXED_Q_FIXED_BEAM_JOINT_GLOBAL_INFEASIBLE,26,E3_SITE_03_SEC_1_UE_3,6,2,0.1414137992486354,0.446426892401261,0.4017842031611349,RELATIVE_0P9_CURRENT_LOAD_NOMINAL,True,False,True,26,6,2,1.0,79841055.92563671,6.328764559858947,0.9514010016657972
44026,0,84,FIXED_Q_FIXED_BEAM_JOINT_GLOBAL_INFEASIBLE,219,E3_SITE_19_SEC_1_UE_4,54,3,0.537566724432956,0.7868365415064549,0.7081528873558094,RELATIVE_0P9_CURRENT_LOAD_NOMINAL,True,False,True,219,54,3,1.0,7902694.138468956,3.751627874411035,1.078333292155134
44026,0,85,FIXED_Q_FIXED_BEAM_JOINT_GLOBAL_INFEASIBLE,26,E3_SITE_03_SEC_1_UE_3,6,2,0.1414137992486354,0.446426892401261,0.4017842031611349,RELATIVE_0P9_CURRENT_LOAD_NOMINAL,True,False,True,26,6,2,1.0,79841055.92563671,6.328764559858947,0.9514010016657972
44026,0,85,FIXED_Q_FIXED_BEAM_JOINT_GLOBAL_INFEASIBLE,219,E3_SITE_19_SEC_1_UE_4,54,3,0.537566724432956,0.7868365415064549,0.7081528873558094,RELATIVE_0P9_CURRENT_LOAD_NOMINAL,True,False,True,219,54,3,1.0,7902694.138468956,3.751627874411035,1.078333292155134
44026,0,86,FIXED_Q_FIXED_BEAM_JOINT_GLOBAL_INFEASIBLE,26,E3_SITE_03_SEC_1_UE_3,6,2,0.1414137992486354,0.446426892401261,0.4017842031611349,RELATIVE_0P9_CURRENT_LOAD_NOMINAL,True,False,True,26,6,2,1.0,79841055.92563671,6.328764559858947,0.9514010016657972
44026,0,86,FIXED_Q_FIXED_BEAM_JOINT_GLOBAL_INFEASIBLE,219,E3_SITE_19_SEC_1_UE_4,54,3,0.537566724432956,0.7868365415064549,0.7081528873558094,RELATIVE_0P9_CURRENT_LOAD_NOMINAL,True,False,True,219,54,3,1.0,7902694.138468956,3.751627874411035,1.078333292155134
44026,0,87,FIXED_Q_FIXED_BEAM_JOINT_GLOBAL_INFEASIBLE,26,E3_SITE_03_SEC_1_UE_3,6,2,0.1414137992486354,0.446426892401261,0.4017842031611349,RELATIVE_0P9_CURRENT_LOAD_NOMINAL,True,False,True,26,6,2,1.0,79841055.92563671,6.328764559858947,0.9514010016657972
44026,0,87,FIXED_Q_FIXED_BEAM_JOINT_GLOBAL_INFEASIBLE,219,E3_SITE_19_SEC_1_UE_4,54,3,0.537566724432956,0.7868365415064549,0.7081528873558094,RELATIVE_0P9_CURRENT_LOAD_NOMINAL,True,False,True,219,54,3,1.0,7902694.138468956,3.751627874411035,1.078333292155134
44026,0,88,FIXED_Q_FIXED_BEAM_JOINT_GLOBAL_INFEASIBLE,26,E3_SITE_03_SEC_1_UE_3,6,2,0.1414137992486354,0.446426892401261,0.4017842031611349,RELATIVE_0P9_CURRENT_LOAD_NOMINAL,True,False,True,26,6,2,1.0,79841055.92563671,6.328764559858947,0.9514010016657972
44026,0,88,FIXED_Q_FIXED_BEAM_JOINT_GLOBAL_INFEASIBLE,219,E3_SITE_19_SEC_1_UE_4,54,3,0.537566724432956,0.7868365415064549,0.7081528873558094,RELATIVE_0P9_CURRENT_LOAD_NOMINAL,True,False,True,219,54,3,1.0,7902694.138468956,3.751627874411035,1.078333292155134
44026,0,89,FIXED_Q_FIXED_BEAM_JOINT_GLOBAL_INFEASIBLE,26,E3_SITE_03_SEC_1_UE_3,6,2,0.1414137992486354,0.446426892401261,0.4017842031611349,RELATIVE_0P9_CURRENT_LOAD_NOMINAL,True,False,True,26,6,2,1.0,79841055.92563671,6.328764559858947,0.9514010016657972
44026,0,89,FIXED_Q_FIXED_BEAM_JOINT_GLOBAL_INFEASIBLE,219,E3_SITE_19_SEC_1_UE_4,54,3,0.537566724432956,0.7868365415064549,0.7081528873558094,RELATIVE_0P9_CURRENT_LOAD_NOMINAL,True,False,True,219,54,3,1.0,7902694.138468956,3.751627874411035,1.078333292155134
44026,0,90,FIXED_Q_FIXED_BEAM_JOINT_GLOBAL_INFEASIBLE,26,E3_SITE_03_SEC_1_UE_3,6,2,0.1414137992486354,0.446426892401261,0.4017842031611349,RELATIVE_0P9_CURRENT_LOAD_NOMINAL,True,False,True,26,6,2,1.0,79841055.92563671,6.328764559858947,0.9514010016657972
44026,0,90,FIXED_Q_FIXED_BEAM_JOINT_GLOBAL_INFEASIBLE,219,E3_SITE_19_SEC_1_UE_4,54,3,0.537566724432956,0.7868365415064549,0.7081528873558094,RELATIVE_0P9_CURRENT_LOAD_NOMINAL,True,False,True,219,54,3,1.0,7902694.138468956,3.751627874411035,1.078333292155134
44026,0,91,FIXED_Q_FIXED_BEAM_JOINT_GLOBAL_INFEASIBLE,26,E3_SITE_03_SEC_1_UE_3,6,2,0.1414137992486354,0.446426892401261,0.4017842031611349,RELATIVE_0P9_CURRENT_LOAD_NOMINAL,True,False,True,26,6,2,1.0,79841055.92563671,6.328764559858947,0.9514010016657972
44026,0,91,FIXED_Q_FIXED_BEAM_JOINT_GLOBAL_INFEASIBLE,219,E3_SITE_19_SEC_1_UE_4,54,3,0.537566724432956,0.7868365415064549,0.7081528873558094,RELATIVE_0P9_CURRENT_LOAD_NOMINAL,True,False,True,219,54,3,1.0,7902694.138468956,3.751627874411035,1.078333292155134
44026,0,92,FIXED_Q_FIXED_BEAM_JOINT_GLOBAL_INFEASIBLE,26,E3_SITE_03_SEC_1_UE_3,6,2,0.1414137992486354,0.446426892401261,0.4017842031611349,RELATIVE_0P9_CURRENT_LOAD_NOMINAL,True,False,True,26,6,2,1.0,79841055.92563671,6.328764559858947,0.9514010016657972
44026,0,92,FIXED_Q_FIXED_BEAM_JOINT_GLOBAL_INFEASIBLE,219,E3_SITE_19_SEC_1_UE_4,54,3,0.537566724432956,0.7868365415064549,0.7081528873558094,RELATIVE_0P9_CURRENT_LOAD_NOMINAL,True,False,True,219,54,3,1.0,7902694.138468956,3.751627874411035,1.078333292155134
44026,0,93,FIXED_Q_FIXED_BEAM_JOINT_GLOBAL_INFEASIBLE,26,E3_SITE_03_SEC_1_UE_3,6,2,0.1414137992486354,0.446426892401261,0.4017842031611349,RELATIVE_0P9_CURRENT_LOAD_NOMINAL,True,False,True,26,6,2,1.0,79841055.92563671,6.328764559858947,0.9514010016657972
44026,0,93,FIXED_Q_FIXED_BEAM_JOINT_GLOBAL_INFEASIBLE,219,E3_SITE_19_SEC_1_UE_4,54,3,0.537566724432956,0.7868365415064549,0.7081528873558094,RELATIVE_0P9_CURRENT_LOAD_NOMINAL,True,False,True,219,54,3,1.0,7902694.138468956,3.751627874411035,1.078333292155134
44026,0,94,FIXED_Q_FIXED_BEAM_JOINT_GLOBAL_INFEASIBLE,26,E3_SITE_03_SEC_1_UE_3,6,2,0.1414137992486354,0.446426892401261,0.4017842031611349,RELATIVE_0P9_CURRENT_LOAD_NOMINAL,True,False,True,26,6,2,1.0,79841055.92563671,6.328764559858947,0.9514010016657972
44026,0,94,FIXED_Q_FIXED_BEAM_JOINT_GLOBAL_INFEASIBLE,219,E3_SITE_19_SEC_1_UE_4,54,3,0.537566724432956,0.7868365415064549,0.7081528873558094,RELATIVE_0P9_CURRENT_LOAD_NOMINAL,True,False,True,219,54,3,1.0,7902694.138468956,3.751627874411035,1.078333292155134
44026,0,95,FIXED_Q_FIXED_BEAM_JOINT_GLOBAL_INFEASIBLE,26,E3_SITE_03_SEC_1_UE_3,6,2,0.1414137992486354,0.446426892401261,0.4017842031611349,RELATIVE_0P9_CURRENT_LOAD_NOMINAL,True,False,True,26,6,2,1.0,79841055.92563671,6.328764559858947,0.9514010016657972
44026,0,95,FIXED_Q_FIXED_BEAM_JOINT_GLOBAL_INFEASIBLE,219,E3_SITE_19_SEC_1_UE_4,54,3,0.537566724432956,0.7868365415064549,0.7081528873558094,RELATIVE_0P9_CURRENT_LOAD_NOMINAL,True,False,True,219,54,3,1.0,7902694.138468956,3.751627874411035,1.078333292155134
44026,0,96,FIXED_Q_FIXED_BEAM_JOINT_GLOBAL_INFEASIBLE,26,E3_SITE_03_SEC_1_UE_3,6,2,0.1414137992486354,0.446426892401261,0.4017842031611349,RELATIVE_0P9_CURRENT_LOAD_NOMINAL,True,False,True,26,6,2,1.0,79841055.92563671,6.328764559858947,0.9514010016657972
44026,0,96,FIXED_Q_FIXED_BEAM_JOINT_GLOBAL_INFEASIBLE,219,E3_SITE_19_SEC_1_UE_4,54,3,0.537566724432956,0.7868365415064549,0.7081528873558094,RELATIVE_0P9_CURRENT_LOAD_NOMINAL,True,False,True,219,54,3,1.0,7902694.138468956,3.751627874411035,1.078333292155134
44026,0,97,FIXED_Q_FIXED_BEAM_JOINT_GLOBAL_INFEASIBLE,26,E3_SITE_03_SEC_1_UE_3,6,2,0.1414137992486354,0.446426892401261,0.4017842031611349,RELATIVE_0P9_CURRENT_LOAD_NOMINAL,True,False,True,26,6,2,1.0,79841055.92563671,6.328764559858947,0.9514010016657972
44026,0,97,FIXED_Q_FIXED_BEAM_JOINT_GLOBAL_INFEASIBLE,219,E3_SITE_19_SEC_1_UE_4,54,3,0.537566724432956,0.7868365415064549,0.7081528873558094,RELATIVE_0P9_CURRENT_LOAD_NOMINAL,True,False,True,219,54,3,1.0,7902694.138468956,3.751627874411035,1.078333292155134
44026,0,98,FIXED_Q_FIXED_BEAM_JOINT_GLOBAL_INFEASIBLE,26,E3_SITE_03_SEC_1_UE_3,6,2,0.1414137992486354,0.446426892401261,0.4017842031611349,RELATIVE_0P9_CURRENT_LOAD_NOMINAL,True,False,True,26,6,2,1.0,79841055.92563671,6.328764559858947,0.9514010016657972
44026,0,98,FIXED_Q_FIXED_BEAM_JOINT_GLOBAL_INFEASIBLE,219,E3_SITE_19_SEC_1_UE_4,54,3,0.537566724432956,0.7868365415064549,0.7081528873558094,RELATIVE_0P9_CURRENT_LOAD_NOMINAL,True,False,True,219,54,3,1.0,7902694.138468956,3.751627874411035,1.078333292155134
44026,0,99,FIXED_Q_FIXED_BEAM_JOINT_GLOBAL_INFEASIBLE,26,E3_SITE_03_SEC_1_UE_3,6,2,0.1414137992486354,0.446426892401261,0.4017842031611349,RELATIVE_0P9_CURRENT_LOAD_NOMINAL,True,False,True,26,6,2,1.0,79841055.92563671,6.328764559858947,0.9514010016657972
44026,0,99,FIXED_Q_FIXED_BEAM_JOINT_GLOBAL_INFEASIBLE,219,E3_SITE_19_SEC_1_UE_4,54,3,0.537566724432956,0.7868365415064549,0.7081528873558094,RELATIVE_0P9_CURRENT_LOAD_NOMINAL,True,False,True,219,54,3,1.0,7902694.138468956,3.751627874411035,1.078333292155134
44026,1,0,FIXED_Q_FIXED_BEAM_JOINT_GLOBAL_INFEASIBLE,26,E3_SITE_03_SEC_1_UE_3,6,2,0.1414137992486354,0.1414137992486354,0.12727241932377187,RELATIVE_0P9_CURRENT_LOAD_NOMINAL,True,False,True,26,6,2,1.0,107557184.47641511,3.8678164502517816,0.49346811792349193
44026,1,0,FIXED_Q_FIXED_BEAM_JOINT_GLOBAL_INFEASIBLE,211,E3_SITE_18_SEC_2_UE_4,52,3,0.14204267444413815,0.14204267444413815,0.12783840699972435,RELATIVE_0P9_CURRENT_LOAD_NOMINAL,True,False,True,211,52,3,1.0,24721866160.487396,3.3740286720156156,0.4501584774793731
44026,1,0,FIXED_Q_FIXED_BEAM_JOINT_GLOBAL_INFEASIBLE,219,E3_SITE_19_SEC_1_UE_4,54,3,0.537566724432956,0.537566724432956,0.4838100519896604,RELATIVE_0P9_CURRENT_LOAD_NOMINAL,True,False,True,219,54,3,1.0,526142.7131718242,3.602714465312732,0.8276703930895155
44026,1,1,FIXED_Q_FIXED_BEAM_JOINT_GLOBAL_INFEASIBLE,26,E3_SITE_03_SEC_1_UE_3,6,2,0.1414137992486354,0.1414137992486354,0.12727241932377187,RELATIVE_0P9_CURRENT_LOAD_NOMINAL,True,False,True,26,6,2,1.0,112922157.58476305,3.8678164502517816,0.49346811792349193
44026,1,1,FIXED_Q_FIXED_BEAM_JOINT_GLOBAL_INFEASIBLE,211,E3_SITE_18_SEC_2_UE_4,52,3,0.14204267444413815,0.14204267444413815,0.12783840699972435,RELATIVE_0P9_CURRENT_LOAD_NOMINAL,True,False,True,211,52,3,1.0,28236815352.32002,3.3740286720156156,0.4501584774793731
44026,1,1,FIXED_Q_FIXED_BEAM_JOINT_GLOBAL_INFEASIBLE,219,E3_SITE_19_SEC_1_UE_4,54,3,0.537566724432956,0.537566724432956,0.4838100519896604,RELATIVE_0P9_CURRENT_LOAD_NOMINAL,True,False,True,219,54,3,1.0,564944.2804462207,3.602714465312732,0.8276703930895155
44026,1,2,FIXED_Q_FIXED_BEAM_JOINT_GLOBAL_INFEASIBLE,26,E3_SITE_03_SEC_1_UE_3,6,2,0.1414137992486354,0.1414137992486354,0.12727241932377187,RELATIVE_0P9_CURRENT_LOAD_NOMINAL,True,False,True,26,6,2,1.0,94213430.8739437,3.8678185178683697,0.4934683246851507
44026,1,2,FIXED_Q_FIXED_BEAM_JOINT_GLOBAL_INFEASIBLE,211,E3_SITE_18_SEC_2_UE_4,52,3,0.14204267444413815,0.14204267444413815,0.12783840699972435,RELATIVE_0P9_CURRENT_LOAD_NOMINAL,True,False,True,211,52,3,1.0,25521315600.621605,3.374030255086854,0.45015863578649695
44026,1,2,FIXED_Q_FIXED_BEAM_JOINT_GLOBAL_INFEASIBLE,219,E3_SITE_19_SEC_1_UE_4,54,3,0.537566724432956,0.537566724432956,0.4838100519896604,RELATIVE_0P9_CURRENT_LOAD_NOMINAL,True,False,True,219,54,3,1.0,481726.52709030133,3.602725775859367,0.827671524144179
44026,1,3,FIXED_Q_FIXED_BEAM_JOINT_GLOBAL_INFEASIBLE,26,E3_SITE_03_SEC_1_UE_3,6,2,0.1414137992486354,0.1414137992486354,0.12727241932377187,RELATIVE_0P9_CURRENT_LOAD_NOMINAL,True,False,True,26,6,2,1.0,49617829.27983251,3.8678263613661894,0.4934691090349327
44026,1,3,FIXED_Q_FIXED_BEAM_JOINT_GLOBAL_INFEASIBLE,211,E3_SITE_18_SEC_2_UE_4,52,3,0.14204267444413815,0.14204267444413815,0.12783840699972435,RELATIVE_0P9_CURRENT_LOAD_NOMINAL,True,False,True,211,52,3,1.0,14503629581.114553,3.374036260432931,0.4501592363211046
44026,1,3,FIXED_Q_FIXED_BEAM_JOINT_GLOBAL_INFEASIBLE,219,E3_SITE_19_SEC_1_UE_4,54,3,0.537566724432956,0.537566724432956,0.4838100519896604,RELATIVE_0P9_CURRENT_LOAD_NOMINAL,True,False,True,219,54,3,1.0,259116.13552723508,3.602768681842613,0.8276758147425036
44026,1,4,FIXED_Q_FIXED_BEAM_JOINT_GLOBAL_INFEASIBLE,26,E3_SITE_03_SEC_1_UE_3,6,2,0.1414137992486354,0.1414137992486354,0.12727241932377187,RELATIVE_0P9_CURRENT_LOAD_NOMINAL,True,False,True,26,6,2,1.0,26142782.64312811,3.8678374406895997,0.4934702169672737
44026,1,4,FIXED_Q_FIXED_BEAM_JOINT_GLOBAL_INFEASIBLE,211,E3_SITE_18_SEC_2_UE_4,52,3,0.14204267444413815,0.14204267444413815,0.12783840699972435,RELATIVE_0P9_CURRENT_LOAD_NOMINAL,True,False,True,211,52,3,1.0,8215947962.255251,3.374044743195614,0.45016008459737294
44026,1,4,FIXED_Q_FIXED_BEAM_JOINT_GLOBAL_INFEASIBLE,219,E3_SITE_19_SEC_1_UE_4,54,3,0.537566724432956,0.537566724432956,0.4838100519896604,RELATIVE_0P9_CURRENT_LOAD_NOMINAL,True,False,True,219,54,3,1.0,139345.80475969423,3.602829287170068,0.8276818752752492
44026,1,5,FIXED_Q_FIXED_BEAM_JOINT_GLOBAL_INFEASIBLE,26,E3_SITE_03_SEC_1_UE_3,6,2,0.1414137992486354,0.1414137992486354,0.12727241932377187,RELATIVE_0P9_CURRENT_LOAD_NOMINAL,True,False,True,26,6,2,1.0,16300809.400518924,3.867843139602189,0.4934707868585327
44026,1,5,FIXED_Q_FIXED_BEAM_JOINT_GLOBAL_INFEASIBLE,211,E3_SITE_18_SEC_2_UE_4,52,3,0.14204267444413815,0.14204267444413815,0.12783840699972435,RELATIVE_0P9_CURRENT_LOAD_NOMINAL,True,False,True,211,52,3,1.0,4640406575.442567,3.3740567253882157,0.4501612828166331
44026,1,5,FIXED_Q_FIXED_BEAM_JOINT_GLOBAL_INFEASIBLE,219,E3_SITE_19_SEC_1_UE_4,54,3,0.537566724432956,0.537566724432956,0.4838100519896604,RELATIVE_0P9_CURRENT_LOAD_NOMINAL,True,False,True,219,54,3,1.0,74921.40661292299,3.6029148925057,0.8276904358088124
44026,1,6,FIXED_Q_FIXED_BEAM_JOINT_GLOBAL_INFEASIBLE,26,E3_SITE_03_SEC_1_UE_3,6,2,0.1414137992486354,0.1414137992486354,0.12727241932377187,RELATIVE_0P9_CURRENT_LOAD_NOMINAL,True,False,True,26,6,2,1.0,34221304.927348,3.867830395776438,0.49346951247595755
44026,1,6,FIXED_Q_FIXED_BEAM_JOINT_GLOBAL_INFEASIBLE,211,E3_SITE_18_SEC_2_UE_4,52,3,0.14204267444413815,0.14204267444413815,0.12783840699972435,RELATIVE_0P9_CURRENT_LOAD_NOMINAL,True,False,True,211,52,3,1.0,2613797861.365465,3.374073650628924,0.45016297534070393
44026,1,6,FIXED_Q_FIXED_BEAM_JOINT_GLOBAL_INFEASIBLE,219,E3_SITE_19_SEC_1_UE_4,54,3,0.537566724432956,0.537566724432956,0.4838100519896604,RELATIVE_0P9_CURRENT_LOAD_NOMINAL,True,False,True,219,54,3,1.0,40275.22145973795,3.6030358093361934,0.8277025274918617
44026,1,7,FIXED_Q_FIXED_BEAM_JOINT_GLOBAL_INFEASIBLE,26,E3_SITE_03_SEC_1_UE_3,6,2,0.1414137992486354,0.1414137992486354,0.12727241932377187,RELATIVE_0P9_CURRENT_LOAD_NOMINAL,True,False,True,26,6,2,1.0,71873529.45144604,3.867821373956518,0.49346861029396555
44026,1,7,FIXED_Q_FIXED_BEAM_JOINT_GLOBAL_INFEASIBLE,211,E3_SITE_18_SEC_2_UE_4,52,3,0.14204267444413815,0.14204267444413815,0.12783840699972435,RELATIVE_0P9_CURRENT_LOAD_NOMINAL,True,False,True,211,52,3,1.0,1468578224.3125143,3.374097558054726,0.4501653660832841
44026,1,7,FIXED_Q_FIXED_BEAM_JOINT_GLOBAL_INFEASIBLE,219,E3_SITE_19_SEC_1_UE_4,54,3,0.537566724432956,0.537566724432956,0.4838100519896604,RELATIVE_0P9_CURRENT_LOAD_NOMINAL,True,False,True,219,54,3,1.0,39812.15278767815,3.6030657603172633,0.8277055225899687
44026,1,8,FIXED_Q_FIXED_BEAM_JOINT_GLOBAL_INFEASIBLE,26,E3_SITE_03_SEC_1_UE_3,6,2,0.1414137992486354,0.1414137992486354,0.12727241932377187,RELATIVE_0P9_CURRENT_LOAD_NOMINAL,True,False,True,26,6,2,1.0,88554765.24992813,3.867816928919587,0.4934681657902725
44026,1,8,FIXED_Q_FIXED_BEAM_JOINT_GLOBAL_INFEASIBLE,211,E3_SITE_18_SEC_2_UE_4,52,3,0.14204267444413815,0.14204267444413815,0.12783840699972435,RELATIVE_0P9_CURRENT_LOAD_NOMINAL,True,False,True,211,52,3,1.0,823218293.038294,3.3741313279674974,0.4501687430745613
44026,1,8,FIXED_Q_FIXED_BEAM_JOINT_GLOBAL_INFEASIBLE,219,E3_SITE_19_SEC_1_UE_4,54,3,0.537566724432956,0.537566724432956,0.4838100519896604,RELATIVE_0P9_CURRENT_LOAD_NOMINAL,True,False,True,219,54,3,1.0,42688.50944398399,3.6030657603172633,0.8277055225899687
44026,1,9,FIXED_Q_FIXED_BEAM_JOINT_GLOBAL_INFEASIBLE,26,E3_SITE_03_SEC_1_UE_3,6,2,0.1414137992486354,0.1414137992486354,0.12727241932377187,RELATIVE_0P9_CURRENT_LOAD_NOMINAL,True,False,True,26,6,2,1.0,93293801.62749152,3.867816928919587,0.4934681657902725
44026,1,9,FIXED_Q_FIXED_BEAM_JOINT_GLOBAL_INFEASIBLE,211,E3_SITE_18_SEC_2_UE_4,52,3,0.14204267444413815,0.14204267444413815,0.12783840699972435,RELATIVE_0P9_CURRENT_LOAD_NOMINAL,True,False,True,211,52,3,1.0,460471268.1708412,3.374179028790686,0.45017351315688015
44026,1,9,FIXED_Q_FIXED_BEAM_JOINT_GLOBAL_INFEASIBLE,219,E3_SITE_19_SEC_1_UE_4,54,3,0.537566724432956,0.537566724432956,0.4838100519896604,RELATIVE_0P9_CURRENT_LOAD_NOMINAL,True,False,True,219,54,3,1.0,42731.94979441693,3.6030754520321997,0.8277064917614623
44026,1,10,FIXED_Q_FIXED_BEAM_JOINT_GLOBAL_INFEASIBLE,26,E3_SITE_03_SEC_1_UE_3,6,2,0.1414137992486354,0.1414137992486354,0.12727241932377187,RELATIVE_0P9_CURRENT_LOAD_NOMINAL,True,False,True,26,6,2,1.0,98328113.76132788,3.867816928919587,0.4934681657902725
44026,1,10,FIXED_Q_FIXED_BEAM_JOINT_GLOBAL_INFEASIBLE,211,E3_SITE_18_SEC_2_UE_4,52,3,0.14204267444413815,0.14204267444413815,0.12783840699972435,RELATIVE_0P9_CURRENT_LOAD_NOMINAL,True,False,True,211,52,3,1.0,257057431.98002335,3.374246407103507,0.4501802509881622
44026,1,10,FIXED_Q_FIXED_BEAM_JOINT_GLOBAL_INFEASIBLE,219,E3_SITE_19_SEC_1_UE_4,54,3,0.537566724432956,0.537566724432956,0.4838100519896604,RELATIVE_0P9_CURRENT_LOAD_NOMINAL,True,False,True,219,54,3,1.0,49061.52531483534,3.6030657603172633,0.8277055225899687
44026,1,11,FIXED_Q_FIXED_BEAM_JOINT_GLOBAL_INFEASIBLE,26,E3_SITE_03_SEC_1_UE_3,6,2,0.1414137992486354,0.1414137992486354,0.12727241932377187,RELATIVE_0P9_CURRENT_LOAD_NOMINAL,True,False,True,26,6,2,1.0,119864108.78430307,3.8678129672735655,0.4934677696256703
44026,1,11,FIXED_Q_FIXED_BEAM_JOINT_GLOBAL_INFEASIBLE,211,E3_SITE_18_SEC_2_UE_4,52,3,0.14204267444413815,0.14204267444413815,0.12783840699972435,RELATIVE_0P9_CURRENT_LOAD_NOMINAL,True,False,True,211,52,3,1.0,143239496.11069578,3.3743415797225937,0.4501897682500709
44026,1,11,FIXED_Q_FIXED_BEAM_JOINT_GLOBAL_INFEASIBLE,219,E3_SITE_19_SEC_1_UE_4,54,3,0.537566724432956,0.537566724432956,0.4838100519896604,RELATIVE_0P9_CURRENT_LOAD_NOMINAL,True,False,True,219,54,3,1.0,49101.52094522761,3.6030754520321997,0.8277064917614623
44026,1,12,FIXED_Q_FIXED_BEAM_JOINT_GLOBAL_INFEASIBLE,26,E3_SITE_03_SEC_1_UE_3,6,2,0.1414137992486354,0.1414137992486354,0.12727241932377187,RELATIVE_0P9_CURRENT_LOAD_NOMINAL,True,False,True,26,6,2,1.0,137683221.45763177,3.8678150340884034,0.4934679763071541
44026,1,12,FIXED_Q_FIXED_BEAM_JOINT_GLOBAL_INFEASIBLE,211,E3_SITE_18_SEC_2_UE_4,52,3,0.14204267444413815,0.14204267444413815,0.12783840699972435,RELATIVE_0P9_CURRENT_LOAD_NOMINAL,True,False,True,211,52,3,1.0,79681998.29366578,3.3744760110737566,0.4502032113851872
44026,1,12,FIXED_Q_FIXED_BEAM_JOINT_GLOBAL_INFEASIBLE,219,E3_SITE_19_SEC_1_UE_4,54,3,0.537566724432956,0.537566724432956,0.4838100519896604,RELATIVE_0P9_CURRENT_LOAD_NOMINAL,True,False,True,219,54,3,1.0,66254.39896849985,3.603026117499623,0.8277015583082047
44026,1,13,FIXED_Q_FIXED_BEAM_JOINT_GLOBAL_INFEASIBLE,26,E3_SITE_03_SEC_1_UE_3,6,2,0.1414137992486354,0.1414137992486354,0.12727241932377187,RELATIVE_0P9_CURRENT_LOAD_NOMINAL,True,False,True,26,6,2,1.0,196822361.55675036,3.867814987056178,0.4934679716039316
44026,1,13,FIXED_Q_FIXED_BEAM_JOINT_GLOBAL_INFEASIBLE,211,E3_SITE_18_SEC_2_UE_4,52,3,0.14204267444413815,0.14204267444413815,0.12783840699972435,RELATIVE_0P9_CURRENT_LOAD_NOMINAL,True,False,True,211,52,3,1.0,44256563.892600104,3.374665893328207,0.45022219961063226
44026,1,13,FIXED_Q_FIXED_BEAM_JOINT_GLOBAL_INFEASIBLE,219,E3_SITE_19_SEC_1_UE_4,54,3,0.537566724432956,0.537566724432956,0.4838100519896604,RELATIVE_0P9_CURRENT_LOAD_NOMINAL,True,False,True,219,54,3,1.0,112541.13987041907,3.6029429585078367,0.827693242409026
44026,1,14,FIXED_Q_FIXED_BEAM_JOINT_GLOBAL_INFEASIBLE,26,E3_SITE_03_SEC_1_UE_3,6,2,0.1414137992486354,0.1414137992486354,0.12727241932377187,RELATIVE_0P9_CURRENT_LOAD_NOMINAL,True,False,True,26,6,2,1.0,221148752.97062188,3.8678164502517816,0.49346811792349193
44026,1,14,FIXED_Q_FIXED_BEAM_JOINT_GLOBAL_INFEASIBLE,211,E3_SITE_18_SEC_2_UE_4,52,3,0.14204267444413815,0.14204267444413815,0.12783840699972435,RELATIVE_0P9_CURRENT_LOAD_NOMINAL,True,False,True,211,52,3,1.0,24545182.612040866,3.3749340950226854,0.4502490197800801
44026,1,14,FIXED_Q_FIXED_BEAM_JOINT_GLOBAL_INFEASIBLE,219,E3_SITE_19_SEC_1_UE_4,54,3,0.537566724432956,0.537566724432956,0.4838100519896604,RELATIVE_0P9_CURRENT_LOAD_NOMINAL,True,False,True,219,54,3,1.0,240653.91010273417,3.6028491569406405,0.8276838622523064
44026,1,15,FIXED_Q_FIXED_BEAM_JOINT_GLOBAL_INFEASIBLE,26,E3_SITE_03_SEC_1_UE_3,6,2,0.1414137992486354,0.1414137992486354,0.12727241932377187,RELATIVE_0P9_CURRENT_LOAD_NOMINAL,True,False,True,26,6,2,1.0,233581221.65023518,3.8678164502517816,0.49346811792349193
44026,1,15,FIXED_Q_FIXED_BEAM_JOINT_GLOBAL_INFEASIBLE,211,E3_SITE_18_SEC_2_UE_4,52,3,0.14204267444413815,0.14204267444413815,0.12783840699972435,RELATIVE_0P9_CURRENT_LOAD_NOMINAL,True,False,True,211,52,3,1.0,13594811.541227186,3.3753129118144956,0.4502869014592611
44026,1,15,FIXED_Q_FIXED_BEAM_JOINT_GLOBAL_INFEASIBLE,219,E3_SITE_19_SEC_1_UE_4,54,3,0.537566724432956,0.537566724432956,0.4838100519896604,RELATIVE_0P9_CURRENT_LOAD_NOMINAL,True,False,True,219,54,3,1.0,514597.4658664341,3.602782748844944,0.8276772214427368
44026,1,16,FIXED_Q_FIXED_BEAM_JOINT_GLOBAL_INFEASIBLE,26,E3_SITE_03_SEC_1_UE_3,6,2,0.1414137992486354,0.1414137992486354,0.12727241932377187,RELATIVE_0P9_CURRENT_LOAD_NOMINAL,True,False,True,26,6,2,1.0,246819734.78150436,3.8678164502517816,0.49346811792349193
44026,1,16,FIXED_Q_FIXED_BEAM_JOINT_GLOBAL_INFEASIBLE,211,E3_SITE_18_SEC_2_UE_4,52,3,0.14204267444413815,0.14204267444413815,0.12783840699972435,RELATIVE_0P9_CURRENT_LOAD_NOMINAL,True,False,True,211,52,3,1.0,7520422.097814001,3.375847948546349,0.4503404051324464
44026,1,16,FIXED_Q_FIXED_BEAM_JOINT_GLOBAL_INFEASIBLE,219,E3_SITE_19_SEC_1_UE_4,54,3,0.537566724432956,0.537566724432956,0.4838100519896604,RELATIVE_0P9_CURRENT_LOAD_NOMINAL,True,False,True,219,54,3,1.0,1100381.787543732,3.6027357346757136,0.8276725200258137
44026,1,17,FIXED_Q_FIXED_BEAM_JOINT_GLOBAL_INFEASIBLE,26,E3_SITE_03_SEC_1_UE_3,6,2,0.1414137992486354,0.1414137992486354,0.12727241932377187,RELATIVE_0P9_CURRENT_LOAD_NOMINAL,True,False,True,26,6,2,1.0,260922491.12103552,3.8678164502517816,0.49346811792349193
44026,1,17,FIXED_Q_FIXED_BEAM_JOINT_GLOBAL_INFEASIBLE,211,E3_SITE_18_SEC_2_UE_4,52,3,0.14204267444413815,0.14204267444413815,0.12783840699972435,RELATIVE_0P9_CURRENT_LOAD_NOMINAL,True,False,True,211,52,3,1.0,4155409.926308812,3.376603595865294,0.4504159698643409
44026,1,17,FIXED_Q_FIXED_BEAM_JOINT_GLOBAL_INFEASIBLE,219,E3_SITE_19_SEC_1_UE_4,54,3,0.537566724432956,0.537566724432956,0.4838100519896604,RELATIVE_0P9_CURRENT_LOAD_NOMINAL,True,False,True,219,54,3,1.0,1725071.9021575265,3.602714465312732,0.8276703930895155
44026,1,18,FIXED_Q_FIXED_BEAM_JOINT_GLOBAL_INFEASIBLE,26,E3_SITE_03_SEC_1_UE_3,6,2,0.1414137992486354,0.1414137992486354,0.12727241932377187,RELATIVE_0P9_CURRENT_LOAD_NOMINAL,True,False,True,26,6,2,1.0,275952280.33287346,3.8678164502517816,0.49346811792349193
44026,1,18,FIXED_Q_FIXED_BEAM_JOINT_GLOBAL_INFEASIBLE,211,E3_SITE_18_SEC_2_UE_4,52,3,0.14204267444413815,0.14204267444413815,0.12783840699972435,RELATIVE_0P9_CURRENT_LOAD_NOMINAL,True,False,True,211,52,3,1.0,2756332.9196552318,3.3773159431159354,0.45048720458940505
44026,1,18,FIXED_Q_FIXED_BEAM_JOINT_GLOBAL_INFEASIBLE,219,E3_SITE_19_SEC_1_UE_4,54,3,0.537566724432956,0.537566724432956,0.4838100519896604,RELATIVE_0P9_CURRENT_LOAD_NOMINAL,True,False,True,219,54,3,1.0,1848876.417316659,3.602714465312732,0.8276703930895155
44026,1,19,FIXED_Q_FIXED_BEAM_JOINT_GLOBAL_INFEASIBLE,26,E3_SITE_03_SEC_1_UE_3,6,2,0.1414137992486354,0.1414137992486354,0.12727241932377187,RELATIVE_0P9_CURRENT_LOAD_NOMINAL,True,False,True,26,6,2,1.0,291976839.5751266,3.8678164502517816,0.49346811792349193
44026,1,19,FIXED_Q_FIXED_BEAM_JOINT_GLOBAL_INFEASIBLE,211,E3_SITE_18_SEC_2_UE_4,52,3,0.14204267444413815,0.14204267444413815,0.12783840699972435,RELATIVE_0P9_CURRENT_LOAD_NOMINAL,True,False,True,211,52,3,1.0,2408898.029430711,3.377718462026865,0.450527456480498
44026,1,19,FIXED_Q_FIXED_BEAM_JOINT_GLOBAL_INFEASIBLE,219,E3_SITE_19_SEC_1_UE_4,54,3,0.537566724432956,0.537566724432956,0.4838100519896604,RELATIVE_0P9_CURRENT_LOAD_NOMINAL,True,False,True,219,54,3,1.0,1981672.5520673837,3.602714465312732,0.8276703930895155
44026,1,40,FIXED_Q_FIXED_BEAM_JOINT_GLOBAL_INFEASIBLE,26,E3_SITE_03_SEC_1_UE_3,6,2,0.1414137992486354,0.1414137992486354,0.12727241932377187,RELATIVE_0P9_CURRENT_LOAD_NOMINAL,True,False,True,26,6,2,1.0,569613368.1780891,3.8678164502517816,0.49346811792349193
44026,1,40,FIXED_Q_FIXED_BEAM_JOINT_GLOBAL_INFEASIBLE,211,E3_SITE_18_SEC_2_UE_4,52,3,0.14204267444413815,0.14204267444413815,0.12783840699972435,RELATIVE_0P9_CURRENT_LOAD_NOMINAL,True,False,True,211,52,3,1.0,1237816604.2385235,3.3744105401807563,0.4501966642958872
44026,1,40,FIXED_Q_FIXED_BEAM_JOINT_GLOBAL_INFEASIBLE,219,E3_SITE_19_SEC_1_UE_4,54,3,0.537566724432956,0.537566724432956,0.4838100519896604,RELATIVE_0P9_CURRENT_LOAD_NOMINAL,True,False,True,219,54,3,1.0,6063933.665962637,3.602714465312732,0.8276703930895155
44026,1,41,FIXED_Q_FIXED_BEAM_JOINT_GLOBAL_INFEASIBLE,26,E3_SITE_03_SEC_1_UE_3,6,2,0.1414137992486354,0.1414137992486354,0.12727241932377187,RELATIVE_0P9_CURRENT_LOAD_NOMINAL,True,False,True,26,6,2,1.0,569613368.1780891,3.8678164502517816,0.49346811792349193
44026,1,41,FIXED_Q_FIXED_BEAM_JOINT_GLOBAL_INFEASIBLE,211,E3_SITE_18_SEC_2_UE_4,52,3,0.14204267444413815,0.14204267444413815,0.12783840699972435,RELATIVE_0P9_CURRENT_LOAD_NOMINAL,True,False,True,211,52,3,1.0,673020269.5090697,3.374573416901379,0.4502129519679494
44026,1,41,FIXED_Q_FIXED_BEAM_JOINT_GLOBAL_INFEASIBLE,219,E3_SITE_19_SEC_1_UE_4,54,3,0.537566724432956,0.537566724432956,0.4838100519896604,RELATIVE_0P9_CURRENT_LOAD_NOMINAL,True,False,True,219,54,3,1.0,6063933.665962637,3.602714465312732,0.8276703930895155
44026,1,42,FIXED_Q_FIXED_BEAM_JOINT_GLOBAL_INFEASIBLE,26,E3_SITE_03_SEC_1_UE_3,6,2,0.1414137992486354,0.1414137992486354,0.12727241932377187,RELATIVE_0P9_CURRENT_LOAD_NOMINAL,True,False,True,26,6,2,1.0,569613368.1780891,3.8678164502517816,0.49346811792349193
44026,1,42,FIXED_Q_FIXED_BEAM_JOINT_GLOBAL_INFEASIBLE,211,E3_SITE_18_SEC_2_UE_4,52,3,0.14204267444413815,0.14204267444413815,0.12783840699972435,RELATIVE_0P9_CURRENT_LOAD_NOMINAL,True,False,True,211,52,3,1.0,337309167.0503336,3.3748034759157175,0.45023595786938325
44026,1,42,FIXED_Q_FIXED_BEAM_JOINT_GLOBAL_INFEASIBLE,219,E3_SITE_19_SEC_1_UE_4,54,3,0.537566724432956,0.537566724432956,0.4838100519896604,RELATIVE_0P9_CURRENT_LOAD_NOMINAL,True,False,True,219,54,3,1.0,6063933.665962637,3.602714465312732,0.8276703930895155
44026,1,43,FIXED_Q_FIXED_BEAM_JOINT_GLOBAL_INFEASIBLE,26,E3_SITE_03_SEC_1_UE_3,6,2,0.1414137992486354,0.1414137992486354,0.12727241932377187,RELATIVE_0P9_CURRENT_LOAD_NOMINAL,True,False,True,26,6,2,1.0,569613368.1780891,3.8678164502517816,0.49346811792349193
44026,1,43,FIXED_Q_FIXED_BEAM_JOINT_GLOBAL_INFEASIBLE,211,E3_SITE_18_SEC_2_UE_4,52,3,0.14204267444413815,0.14204267444413815,0.12783840699972435,RELATIVE_0P9_CURRENT_LOAD_NOMINAL,True,False,True,211,52,3,1.0,169055048.31107682,3.375128422023195,0.45026845248013103
44026,1,43,FIXED_Q_FIXED_BEAM_JOINT_GLOBAL_INFEASIBLE,219,E3_SITE_19_SEC_1_UE_4,54,3,0.537566724432956,0.537566724432956,0.4838100519896604,RELATIVE_0P9_CURRENT_LOAD_NOMINAL,True,False,True,219,54,3,1.0,6063933.665962637,3.602714465312732,0.8276703930895155
44026,1,44,FIXED_Q_FIXED_BEAM_JOINT_GLOBAL_INFEASIBLE,26,E3_SITE_03_SEC_1_UE_3,6,2,0.1414137992486354,0.1414137992486354,0.12727241932377187,RELATIVE_0P9_CURRENT_LOAD_NOMINAL,True,False,True,26,6,2,1.0,569613368.1780891,3.8678164502517816,0.49346811792349193
44026,1,44,FIXED_Q_FIXED_BEAM_JOINT_GLOBAL_INFEASIBLE,211,E3_SITE_18_SEC_2_UE_4,52,3,0.14204267444413815,0.14204267444413815,0.12783840699972435,RELATIVE_0P9_CURRENT_LOAD_NOMINAL,True,False,True,211,52,3,1.0,84728231.99375345,3.375587378923518,0.4503143481701633
44026,1,44,FIXED_Q_FIXED_BEAM_JOINT_GLOBAL_INFEASIBLE,219,E3_SITE_19_SEC_1_UE_4,54,3,0.537566724432956,0.537566724432956,0.4838100519896604,RELATIVE_0P9_CURRENT_LOAD_NOMINAL,True,False,True,219,54,3,1.0,6063933.665962637,3.602714465312732,0.8276703930895155
44026,1,45,FIXED_Q_FIXED_BEAM_JOINT_GLOBAL_INFEASIBLE,26,E3_SITE_03_SEC_1_UE_3,6,2,0.1414137992486354,0.1414137992486354,0.12727241932377187,RELATIVE_0P9_CURRENT_LOAD_NOMINAL,True,False,True,26,6,2,1.0,569613368.1780891,3.8678164502517816,0.49346811792349193
44026,1,45,FIXED_Q_FIXED_BEAM_JOINT_GLOBAL_INFEASIBLE,211,E3_SITE_18_SEC_2_UE_4,52,3,0.14204267444413815,0.14204267444413815,0.12783840699972435,RELATIVE_0P9_CURRENT_LOAD_NOMINAL,True,False,True,211,52,3,1.0,42464708.20307883,3.3762355896213285,0.45037916923994437
44026,1,45,FIXED_Q_FIXED_BEAM_JOINT_GLOBAL_INFEASIBLE,219,E3_SITE_19_SEC_1_UE_4,54,3,0.537566724432956,0.537566724432956,0.4838100519896604,RELATIVE_0P9_CURRENT_LOAD_NOMINAL,True,False,True,219,54,3,1.0,6063933.665962637,3.602714465312732,0.8276703930895155
44026,1,46,FIXED_Q_FIXED_BEAM_JOINT_GLOBAL_INFEASIBLE,26,E3_SITE_03_SEC_1_UE_3,6,2,0.1414137992486354,0.1414137992486354,0.12727241932377187,RELATIVE_0P9_CURRENT_LOAD_NOMINAL,True,False,True,26,6,2,1.0,569613368.1780891,3.8678164502517816,0.49346811792349193
44026,1,46,FIXED_Q_FIXED_BEAM_JOINT_GLOBAL_INFEASIBLE,211,E3_SITE_18_SEC_2_UE_4,52,3,0.14204267444413815,0.14204267444413815,0.12783840699972435,RELATIVE_0P9_CURRENT_LOAD_NOMINAL,True,False,True,211,52,3,1.0,21282769.631090384,3.3771510456529703,0.4504707148431086
44026,1,46,FIXED_Q_FIXED_BEAM_JOINT_GLOBAL_INFEASIBLE,219,E3_SITE_19_SEC_1_UE_4,54,3,0.537566724432956,0.537566724432956,0.4838100519896604,RELATIVE_0P9_CURRENT_LOAD_NOMINAL,True,False,True,219,54,3,1.0,6063933.665962637,3.602714465312732,0.8276703930895155
44026,1,47,FIXED_Q_FIXED_BEAM_JOINT_GLOBAL_INFEASIBLE,26,E3_SITE_03_SEC_1_UE_3,6,2,0.1414137992486354,0.1414137992486354,0.12727241932377187,RELATIVE_0P9_CURRENT_LOAD_NOMINAL,True,False,True,26,6,2,1.0,569613368.1780891,3.8678164502517816,0.49346811792349193
44026,1,47,FIXED_Q_FIXED_BEAM_JOINT_GLOBAL_INFEASIBLE,211,E3_SITE_18_SEC_2_UE_4,52,3,0.14204267444413815,0.14204267444413815,0.12783840699972435,RELATIVE_0P9_CURRENT_LOAD_NOMINAL,True,False,True,211,52,3,1.0,10666652.435332654,3.3784438306247417,0.4505999933402857
44026,1,47,FIXED_Q_FIXED_BEAM_JOINT_GLOBAL_INFEASIBLE,219,E3_SITE_19_SEC_1_UE_4,54,3,0.537566724432956,0.537566724432956,0.4838100519896604,RELATIVE_0P9_CURRENT_LOAD_NOMINAL,True,False,True,219,54,3,1.0,6063933.665962637,3.602714465312732,0.8276703930895155
44026,1,48,FIXED_Q_FIXED_BEAM_JOINT_GLOBAL_INFEASIBLE,26,E3_SITE_03_SEC_1_UE_3,6,2,0.1414137992486354,0.1414137992486354,0.12727241932377187,RELATIVE_0P9_CURRENT_LOAD_NOMINAL,True,False,True,26,6,2,1.0,569613368.1780891,3.8678164502517816,0.49346811792349193
44026,1,48,FIXED_Q_FIXED_BEAM_JOINT_GLOBAL_INFEASIBLE,211,E3_SITE_18_SEC_2_UE_4,52,3,0.14204267444413815,0.14204267444413815,0.12783840699972435,RELATIVE_0P9_CURRENT_LOAD_NOMINAL,True,False,True,211,52,3,1.0,5345990.026127988,3.3802692774234555,0.45078253802015705
44026,1,48,FIXED_Q_FIXED_BEAM_JOINT_GLOBAL_INFEASIBLE,219,E3_SITE_19_SEC_1_UE_4,54,3,0.537566724432956,0.537566724432956,0.4838100519896604,RELATIVE_0P9_CURRENT_LOAD_NOMINAL,True,False,True,219,54,3,1.0,6063933.665962637,3.602714465312732,0.8276703930895155
44026,1,49,FIXED_Q_FIXED_BEAM_JOINT_GLOBAL_INFEASIBLE,26,E3_SITE_03_SEC_1_UE_3,6,2,0.1414137992486354,0.1414137992486354,0.12727241932377187,RELATIVE_0P9_CURRENT_LOAD_NOMINAL,True,False,True,26,6,2,1.0,569613368.1780891,3.8678164502517816,0.49346811792349193
44026,1,49,FIXED_Q_FIXED_BEAM_JOINT_GLOBAL_INFEASIBLE,211,E3_SITE_18_SEC_2_UE_4,52,3,0.14204267444413815,0.14204267444413815,0.12783840699972435,RELATIVE_0P9_CURRENT_LOAD_NOMINAL,True,False,True,211,52,3,1.0,2679341.9521940737,3.3828464716941142,0.4510402574472229
44026,1,49,FIXED_Q_FIXED_BEAM_JOINT_GLOBAL_INFEASIBLE,219,E3_SITE_19_SEC_1_UE_4,54,3,0.537566724432956,0.537566724432956,0.4838100519896604,RELATIVE_0P9_CURRENT_LOAD_NOMINAL,True,False,True,219,54,3,1.0,6063933.665962637,3.602714465312732,0.8276703930895155
44026,1,50,FIXED_Q_FIXED_BEAM_JOINT_GLOBAL_INFEASIBLE,26,E3_SITE_03_SEC_1_UE_3,6,2,0.1414137992486354,0.1414137992486354,0.12727241932377187,RELATIVE_0P9_CURRENT_LOAD_NOMINAL,True,False,True,26,6,2,1.0,180127562.91228372,3.8678164502517816,0.49346811792349193
44026,1,50,FIXED_Q_FIXED_BEAM_JOINT_GLOBAL_INFEASIBLE,211,E3_SITE_18_SEC_2_UE_4,52,3,0.14204267444413815,0.14204267444413815,0.12783840699972435,RELATIVE_0P9_CURRENT_LOAD_NOMINAL,True,False,True,211,52,3,1.0,1932429.0888318599,3.3847158303706735,0.45122719331487887
44026,1,50,FIXED_Q_FIXED_BEAM_JOINT_GLOBAL_INFEASIBLE,219,E3_SITE_19_SEC_1_UE_4,54,3,0.537566724432956,0.537566724432956,0.4838100519896604,RELATIVE_0P9_CURRENT_LOAD_NOMINAL,True,False,True,219,54,3,1.0,6063933.665962637,3.602714465312732,0.8276703930895155
44026,1,51,FIXED_Q_FIXED_BEAM_JOINT_GLOBAL_INFEASIBLE,26,E3_SITE_03_SEC_1_UE_3,6,2,0.1414137992486354,0.1414137992486354,0.12727241932377187,RELATIVE_0P9_CURRENT_LOAD_NOMINAL,True,False,True,26,6,2,1.0,180127562.91228372,3.8678164502517816,0.49346811792349193
44026,1,51,FIXED_Q_FIXED_BEAM_JOINT_GLOBAL_INFEASIBLE,211,E3_SITE_18_SEC_2_UE_4,52,3,0.14204267444413815,0.14204267444413815,0.12783840699972435,RELATIVE_0P9_CURRENT_LOAD_NOMINAL,True,False,True,211,52,3,1.0,3855702.9372958564,3.381593552309652,0.4509149655087767
44026,1,51,FIXED_Q_FIXED_BEAM_JOINT_GLOBAL_INFEASIBLE,219,E3_SITE_19_SEC_1_UE_4,54,3,0.537566724432956,0.537566724432956,0.4838100519896604,RELATIVE_0P9_CURRENT_LOAD_NOMINAL,True,False,True,219,54,3,1.0,6063933.665962637,3.602714465312732,0.8276703930895155
44026,1,52,FIXED_Q_FIXED_BEAM_JOINT_GLOBAL_INFEASIBLE,26,E3_SITE_03_SEC_1_UE_3,6,2,0.1414137992486354,0.1414137992486354,0.12727241932377187,RELATIVE_0P9_CURRENT_LOAD_NOMINAL,True,False,True,26,6,2,1.0,180127562.91228372,3.8678164502517816,0.49346811792349193
44026,1,52,FIXED_Q_FIXED_BEAM_JOINT_GLOBAL_INFEASIBLE,211,E3_SITE_18_SEC_2_UE_4,52,3,0.14204267444413815,0.14204267444413815,0.12783840699972435,RELATIVE_0P9_CURRENT_LOAD_NOMINAL,True,False,True,211,52,3,1.0,1932429.0888318599,3.3847158303706735,0.45122719331487887
44026,1,52,FIXED_Q_FIXED_BEAM_JOINT_GLOBAL_INFEASIBLE,219,E3_SITE_19_SEC_1_UE_4,54,3,0.537566724432956,0.537566724432956,0.4838100519896604,RELATIVE_0P9_CURRENT_LOAD_NOMINAL,True,False,True,219,54,3,1.0,6063933.665962637,3.602714465312732,0.8276703930895155
44026,1,53,FIXED_Q_FIXED_BEAM_JOINT_GLOBAL_INFEASIBLE,26,E3_SITE_03_SEC_1_UE_3,6,2,0.1414137992486354,0.1414137992486354,0.12727241932377187,RELATIVE_0P9_CURRENT_LOAD_NOMINAL,True,False,True,26,6,2,1.0,180127562.91228372,3.8678164502517816,0.49346811792349193
44026,1,53,FIXED_Q_FIXED_BEAM_JOINT_GLOBAL_INFEASIBLE,211,E3_SITE_18_SEC_2_UE_4,52,3,0.14204267444413815,0.14204267444413815,0.12783840699972435,RELATIVE_0P9_CURRENT_LOAD_NOMINAL,True,False,True,211,52,3,1.0,3855702.9372958564,3.381593552309652,0.4509149655087767
44026,1,53,FIXED_Q_FIXED_BEAM_JOINT_GLOBAL_INFEASIBLE,219,E3_SITE_19_SEC_1_UE_4,54,3,0.537566724432956,0.537566724432956,0.4838100519896604,RELATIVE_0P9_CURRENT_LOAD_NOMINAL,True,False,True,219,54,3,1.0,1917584.1964616594,3.602714465312732,0.8276703930895155
44026,1,54,FIXED_Q_FIXED_BEAM_JOINT_GLOBAL_INFEASIBLE,26,E3_SITE_03_SEC_1_UE_3,6,2,0.1414137992486354,0.1414137992486354,0.12727241932377187,RELATIVE_0P9_CURRENT_LOAD_NOMINAL,True,False,True,26,6,2,1.0,180127562.91228372,3.8678164502517816,0.49346811792349193
44026,1,54,FIXED_Q_FIXED_BEAM_JOINT_GLOBAL_INFEASIBLE,211,E3_SITE_18_SEC_2_UE_4,52,3,0.14204267444413815,0.14204267444413815,0.12783840699972435,RELATIVE_0P9_CURRENT_LOAD_NOMINAL,True,False,True,211,52,3,1.0,1932429.0888318599,3.3847158303706735,0.45122719331487887
44026,1,54,FIXED_Q_FIXED_BEAM_JOINT_GLOBAL_INFEASIBLE,219,E3_SITE_19_SEC_1_UE_4,54,3,0.537566724432956,0.537566724432956,0.4838100519896604,RELATIVE_0P9_CURRENT_LOAD_NOMINAL,True,False,True,219,54,3,1.0,1917584.1964616594,3.602714465312732,0.8276703930895155
44026,1,55,FIXED_Q_FIXED_BEAM_JOINT_GLOBAL_INFEASIBLE,26,E3_SITE_03_SEC_1_UE_3,6,2,0.1414137992486354,0.1414137992486354,0.12727241932377187,RELATIVE_0P9_CURRENT_LOAD_NOMINAL,True,False,True,26,6,2,1.0,180127562.91228372,3.8678164502517816,0.49346811792349193
44026,1,55,FIXED_Q_FIXED_BEAM_JOINT_GLOBAL_INFEASIBLE,211,E3_SITE_18_SEC_2_UE_4,52,3,0.14204267444413815,0.14204267444413815,0.12783840699972435,RELATIVE_0P9_CURRENT_LOAD_NOMINAL,True,False,True,211,52,3,1.0,3855702.9372958564,3.381593552309652,0.4509149655087767
44026,1,55,FIXED_Q_FIXED_BEAM_JOINT_GLOBAL_INFEASIBLE,219,E3_SITE_19_SEC_1_UE_4,54,3,0.537566724432956,0.537566724432956,0.4838100519896604,RELATIVE_0P9_CURRENT_LOAD_NOMINAL,True,False,True,219,54,3,1.0,1917584.1964616594,3.602714465312732,0.8276703930895155
44026,1,56,FIXED_Q_FIXED_BEAM_JOINT_GLOBAL_INFEASIBLE,26,E3_SITE_03_SEC_1_UE_3,6,2,0.1414137992486354,0.1414137992486354,0.12727241932377187,RELATIVE_0P9_CURRENT_LOAD_NOMINAL,True,False,True,26,6,2,1.0,180127562.91228372,3.8678164502517816,0.49346811792349193
44026,1,56,FIXED_Q_FIXED_BEAM_JOINT_GLOBAL_INFEASIBLE,211,E3_SITE_18_SEC_2_UE_4,52,3,0.14204267444413815,0.14204267444413815,0.12783840699972435,RELATIVE_0P9_CURRENT_LOAD_NOMINAL,True,False,True,211,52,3,1.0,1932429.0888318599,3.3847158303706735,0.45122719331487887
44026,1,56,FIXED_Q_FIXED_BEAM_JOINT_GLOBAL_INFEASIBLE,219,E3_SITE_19_SEC_1_UE_4,54,3,0.537566724432956,0.537566724432956,0.4838100519896604,RELATIVE_0P9_CURRENT_LOAD_NOMINAL,True,False,True,219,54,3,1.0,1917584.1964616594,3.602714465312732,0.8276703930895155
44026,1,57,FIXED_Q_FIXED_BEAM_JOINT_GLOBAL_INFEASIBLE,26,E3_SITE_03_SEC_1_UE_3,6,2,0.1414137992486354,0.1414137992486354,0.12727241932377187,RELATIVE_0P9_CURRENT_LOAD_NOMINAL,True,False,True,26,6,2,1.0,180127562.91228372,3.8678164502517816,0.49346811792349193
44026,1,57,FIXED_Q_FIXED_BEAM_JOINT_GLOBAL_INFEASIBLE,211,E3_SITE_18_SEC_2_UE_4,52,3,0.14204267444413815,0.14204267444413815,0.12783840699972435,RELATIVE_0P9_CURRENT_LOAD_NOMINAL,True,False,True,211,52,3,1.0,3855702.9372958564,3.381593552309652,0.4509149655087767
44026,1,57,FIXED_Q_FIXED_BEAM_JOINT_GLOBAL_INFEASIBLE,219,E3_SITE_19_SEC_1_UE_4,54,3,0.537566724432956,0.537566724432956,0.4838100519896604,RELATIVE_0P9_CURRENT_LOAD_NOMINAL,True,False,True,219,54,3,1.0,1917584.1964616594,3.602714465312732,0.8276703930895155
44026,1,58,FIXED_Q_FIXED_BEAM_JOINT_GLOBAL_INFEASIBLE,26,E3_SITE_03_SEC_1_UE_3,6,2,0.1414137992486354,0.1414137992486354,0.12727241932377187,RELATIVE_0P9_CURRENT_LOAD_NOMINAL,True,False,True,26,6,2,1.0,180127562.91228372,3.8678164502517816,0.49346811792349193
44026,1,58,FIXED_Q_FIXED_BEAM_JOINT_GLOBAL_INFEASIBLE,211,E3_SITE_18_SEC_2_UE_4,52,3,0.14204267444413815,0.14204267444413815,0.12783840699972435,RELATIVE_0P9_CURRENT_LOAD_NOMINAL,True,False,True,211,52,3,1.0,2285240.3713229094,3.379617854723541,0.4507173957501656
44026,1,58,FIXED_Q_FIXED_BEAM_JOINT_GLOBAL_INFEASIBLE,219,E3_SITE_19_SEC_1_UE_4,54,3,0.537566724432956,0.537566724432956,0.4838100519896604,RELATIVE_0P9_CURRENT_LOAD_NOMINAL,True,False,True,219,54,3,1.0,1917584.1964616594,3.602714465312732,0.8276703930895155
44026,1,59,FIXED_Q_FIXED_BEAM_JOINT_GLOBAL_INFEASIBLE,26,E3_SITE_03_SEC_1_UE_3,6,2,0.1414137992486354,0.1414137992486354,0.12727241932377187,RELATIVE_0P9_CURRENT_LOAD_NOMINAL,True,False,True,26,6,2,1.0,180127562.91228372,3.8678164502517816,0.49346811792349193
44026,1,59,FIXED_Q_FIXED_BEAM_JOINT_GLOBAL_INFEASIBLE,211,E3_SITE_18_SEC_2_UE_4,52,3,0.14204267444413815,0.14204267444413815,0.12783840699972435,RELATIVE_0P9_CURRENT_LOAD_NOMINAL,True,False,True,211,52,3,1.0,2123135.9180149753,3.379882718203757,0.4507438820981872
44026,1,59,FIXED_Q_FIXED_BEAM_JOINT_GLOBAL_INFEASIBLE,219,E3_SITE_19_SEC_1_UE_4,54,3,0.537566724432956,0.537566724432956,0.4838100519896604,RELATIVE_0P9_CURRENT_LOAD_NOMINAL,True,False,True,219,54,3,1.0,1917584.1964616594,3.602714465312732,0.8276703930895155
44026,1,80,FIXED_Q_FIXED_BEAM_JOINT_GLOBAL_INFEASIBLE,26,E3_SITE_03_SEC_1_UE_3,6,2,0.1414137992486354,0.446426892401261,0.4017842031611349,RELATIVE_0P9_CURRENT_LOAD_NOMINAL,True,False,True,26,6,2,1.0,79841055.92563671,6.328764559858947,0.9514010016657972
44026,1,80,FIXED_Q_FIXED_BEAM_JOINT_GLOBAL_INFEASIBLE,219,E3_SITE_19_SEC_1_UE_4,54,3,0.537566724432956,0.7868365415064549,0.7081528873558094,RELATIVE_0P9_CURRENT_LOAD_NOMINAL,True,False,True,219,54,3,1.0,7902694.138468956,3.751627874411035,1.078333292155134
44026,1,81,FIXED_Q_FIXED_BEAM_JOINT_GLOBAL_INFEASIBLE,26,E3_SITE_03_SEC_1_UE_3,6,2,0.1414137992486354,0.446426892401261,0.4017842031611349,RELATIVE_0P9_CURRENT_LOAD_NOMINAL,True,False,True,26,6,2,1.0,63420005.01192879,6.328770037599534,0.9514015494398558
44026,1,81,FIXED_Q_FIXED_BEAM_JOINT_GLOBAL_INFEASIBLE,219,E3_SITE_19_SEC_1_UE_4,54,3,0.537566724432956,0.7868365415064549,0.7081528873558094,RELATIVE_0P9_CURRENT_LOAD_NOMINAL,True,False,True,219,54,3,1.0,6277333.084577729,3.751637762723363,1.078334280986367
44026,1,82,FIXED_Q_FIXED_BEAM_JOINT_GLOBAL_INFEASIBLE,26,E3_SITE_03_SEC_1_UE_3,6,2,0.1414137992486354,0.446426892401261,0.4017842031611349,RELATIVE_0P9_CURRENT_LOAD_NOMINAL,True,False,True,26,6,2,1.0,79841055.92563671,6.328764559858947,0.9514010016657972
44026,1,82,FIXED_Q_FIXED_BEAM_JOINT_GLOBAL_INFEASIBLE,219,E3_SITE_19_SEC_1_UE_4,54,3,0.537566724432956,0.7868365415064549,0.7081528873558094,RELATIVE_0P9_CURRENT_LOAD_NOMINAL,True,False,True,219,54,3,1.0,7902694.138468956,3.751627874411035,1.078333292155134
44026,1,83,FIXED_Q_FIXED_BEAM_JOINT_GLOBAL_INFEASIBLE,26,E3_SITE_03_SEC_1_UE_3,6,2,0.1414137992486354,0.446426892401261,0.4017842031611349,RELATIVE_0P9_CURRENT_LOAD_NOMINAL,True,False,True,26,6,2,1.0,79841055.92563671,6.328764559858947,0.9514010016657972
44026,1,83,FIXED_Q_FIXED_BEAM_JOINT_GLOBAL_INFEASIBLE,219,E3_SITE_19_SEC_1_UE_4,54,3,0.537566724432956,0.7868365415064549,0.7081528873558094,RELATIVE_0P9_CURRENT_LOAD_NOMINAL,True,False,True,219,54,3,1.0,7902694.138468956,3.751627874411035,1.078333292155134
44026,1,84,FIXED_Q_FIXED_BEAM_JOINT_GLOBAL_INFEASIBLE,26,E3_SITE_03_SEC_1_UE_3,6,2,0.1414137992486354,0.446426892401261,0.4017842031611349,RELATIVE_0P9_CURRENT_LOAD_NOMINAL,True,False,True,26,6,2,1.0,79841055.92563671,6.328764559858947,0.9514010016657972
44026,1,84,FIXED_Q_FIXED_BEAM_JOINT_GLOBAL_INFEASIBLE,219,E3_SITE_19_SEC_1_UE_4,54,3,0.537566724432956,0.7868365415064549,0.7081528873558094,RELATIVE_0P9_CURRENT_LOAD_NOMINAL,True,False,True,219,54,3,1.0,7902694.138468956,3.751627874411035,1.078333292155134
44026,1,85,FIXED_Q_FIXED_BEAM_JOINT_GLOBAL_INFEASIBLE,26,E3_SITE_03_SEC_1_UE_3,6,2,0.1414137992486354,0.446426892401261,0.4017842031611349,RELATIVE_0P9_CURRENT_LOAD_NOMINAL,True,False,True,26,6,2,1.0,79841055.92563671,6.328764559858947,0.9514010016657972
44026,1,85,FIXED_Q_FIXED_BEAM_JOINT_GLOBAL_INFEASIBLE,219,E3_SITE_19_SEC_1_UE_4,54,3,0.537566724432956,0.7868365415064549,0.7081528873558094,RELATIVE_0P9_CURRENT_LOAD_NOMINAL,True,False,True,219,54,3,1.0,7902694.138468956,3.751627874411035,1.078333292155134
44026,1,86,FIXED_Q_FIXED_BEAM_JOINT_GLOBAL_INFEASIBLE,26,E3_SITE_03_SEC_1_UE_3,6,2,0.1414137992486354,0.446426892401261,0.4017842031611349,RELATIVE_0P9_CURRENT_LOAD_NOMINAL,True,False,True,26,6,2,1.0,79841055.92563671,6.328764559858947,0.9514010016657972
44026,1,86,FIXED_Q_FIXED_BEAM_JOINT_GLOBAL_INFEASIBLE,219,E3_SITE_19_SEC_1_UE_4,54,3,0.537566724432956,0.7868365415064549,0.7081528873558094,RELATIVE_0P9_CURRENT_LOAD_NOMINAL,True,False,True,219,54,3,1.0,7902694.138468956,3.751627874411035,1.078333292155134
44026,1,87,FIXED_Q_FIXED_BEAM_JOINT_GLOBAL_INFEASIBLE,26,E3_SITE_03_SEC_1_UE_3,6,2,0.1414137992486354,0.446426892401261,0.4017842031611349,RELATIVE_0P9_CURRENT_LOAD_NOMINAL,True,False,True,26,6,2,1.0,79841055.92563671,6.328764559858947,0.9514010016657972
44026,1,87,FIXED_Q_FIXED_BEAM_JOINT_GLOBAL_INFEASIBLE,219,E3_SITE_19_SEC_1_UE_4,54,3,0.537566724432956,0.7868365415064549,0.7081528873558094,RELATIVE_0P9_CURRENT_LOAD_NOMINAL,True,False,True,219,54,3,1.0,7902694.138468956,3.751627874411035,1.078333292155134
44026,1,88,FIXED_Q_FIXED_BEAM_JOINT_GLOBAL_INFEASIBLE,26,E3_SITE_03_SEC_1_UE_3,6,2,0.1414137992486354,0.446426892401261,0.4017842031611349,RELATIVE_0P9_CURRENT_LOAD_NOMINAL,True,False,True,26,6,2,1.0,79841055.92563671,6.328764559858947,0.9514010016657972
44026,1,88,FIXED_Q_FIXED_BEAM_JOINT_GLOBAL_INFEASIBLE,219,E3_SITE_19_SEC_1_UE_4,54,3,0.537566724432956,0.7868365415064549,0.7081528873558094,RELATIVE_0P9_CURRENT_LOAD_NOMINAL,True,False,True,219,54,3,1.0,7902694.138468956,3.751627874411035,1.078333292155134
44026,1,89,FIXED_Q_FIXED_BEAM_JOINT_GLOBAL_INFEASIBLE,26,E3_SITE_03_SEC_1_UE_3,6,2,0.1414137992486354,0.446426892401261,0.4017842031611349,RELATIVE_0P9_CURRENT_LOAD_NOMINAL,True,False,True,26,6,2,1.0,79841055.92563671,6.328764559858947,0.9514010016657972
44026,1,89,FIXED_Q_FIXED_BEAM_JOINT_GLOBAL_INFEASIBLE,219,E3_SITE_19_SEC_1_UE_4,54,3,0.537566724432956,0.7868365415064549,0.7081528873558094,RELATIVE_0P9_CURRENT_LOAD_NOMINAL,True,False,True,219,54,3,1.0,7902694.138468956,3.751627874411035,1.078333292155134
44026,1,90,FIXED_Q_FIXED_BEAM_JOINT_GLOBAL_INFEASIBLE,26,E3_SITE_03_SEC_1_UE_3,6,2,0.1414137992486354,0.446426892401261,0.4017842031611349,RELATIVE_0P9_CURRENT_LOAD_NOMINAL,True,False,True,26,6,2,1.0,79841055.92563671,6.328764559858947,0.9514010016657972
44026,1,90,FIXED_Q_FIXED_BEAM_JOINT_GLOBAL_INFEASIBLE,219,E3_SITE_19_SEC_1_UE_4,54,3,0.537566724432956,0.7868365415064549,0.7081528873558094,RELATIVE_0P9_CURRENT_LOAD_NOMINAL,True,False,True,219,54,3,1.0,7902694.138468956,3.751627874411035,1.078333292155134
44026,1,91,FIXED_Q_FIXED_BEAM_JOINT_GLOBAL_INFEASIBLE,26,E3_SITE_03_SEC_1_UE_3,6,2,0.1414137992486354,0.446426892401261,0.4017842031611349,RELATIVE_0P9_CURRENT_LOAD_NOMINAL,True,False,True,26,6,2,1.0,79841055.92563671,6.328764559858947,0.9514010016657972
44026,1,91,FIXED_Q_FIXED_BEAM_JOINT_GLOBAL_INFEASIBLE,219,E3_SITE_19_SEC_1_UE_4,54,3,0.537566724432956,0.7868365415064549,0.7081528873558094,RELATIVE_0P9_CURRENT_LOAD_NOMINAL,True,False,True,219,54,3,1.0,7902694.138468956,3.751627874411035,1.078333292155134
44026,1,92,FIXED_Q_FIXED_BEAM_JOINT_GLOBAL_INFEASIBLE,26,E3_SITE_03_SEC_1_UE_3,6,2,0.1414137992486354,0.446426892401261,0.4017842031611349,RELATIVE_0P9_CURRENT_LOAD_NOMINAL,True,False,True,26,6,2,1.0,79841055.92563671,6.328764559858947,0.9514010016657972
44026,1,92,FIXED_Q_FIXED_BEAM_JOINT_GLOBAL_INFEASIBLE,219,E3_SITE_19_SEC_1_UE_4,54,3,0.537566724432956,0.7868365415064549,0.7081528873558094,RELATIVE_0P9_CURRENT_LOAD_NOMINAL,True,False,True,219,54,3,1.0,7902694.138468956,3.751627874411035,1.078333292155134
44026,1,93,FIXED_Q_FIXED_BEAM_JOINT_GLOBAL_INFEASIBLE,26,E3_SITE_03_SEC_1_UE_3,6,2,0.1414137992486354,0.446426892401261,0.4017842031611349,RELATIVE_0P9_CURRENT_LOAD_NOMINAL,True,False,True,26,6,2,1.0,79841055.92563671,6.328764559858947,0.9514010016657972
44026,1,93,FIXED_Q_FIXED_BEAM_JOINT_GLOBAL_INFEASIBLE,219,E3_SITE_19_SEC_1_UE_4,54,3,0.537566724432956,0.7868365415064549,0.7081528873558094,RELATIVE_0P9_CURRENT_LOAD_NOMINAL,True,False,True,219,54,3,1.0,7902694.138468956,3.751627874411035,1.078333292155134
44026,1,94,FIXED_Q_FIXED_BEAM_JOINT_GLOBAL_INFEASIBLE,26,E3_SITE_03_SEC_1_UE_3,6,2,0.1414137992486354,0.446426892401261,0.4017842031611349,RELATIVE_0P9_CURRENT_LOAD_NOMINAL,True,False,True,26,6,2,1.0,79841055.92563671,6.328764559858947,0.9514010016657972
44026,1,94,FIXED_Q_FIXED_BEAM_JOINT_GLOBAL_INFEASIBLE,219,E3_SITE_19_SEC_1_UE_4,54,3,0.537566724432956,0.7868365415064549,0.7081528873558094,RELATIVE_0P9_CURRENT_LOAD_NOMINAL,True,False,True,219,54,3,1.0,7902694.138468956,3.751627874411035,1.078333292155134
44026,1,95,FIXED_Q_FIXED_BEAM_JOINT_GLOBAL_INFEASIBLE,26,E3_SITE_03_SEC_1_UE_3,6,2,0.1414137992486354,0.446426892401261,0.4017842031611349,RELATIVE_0P9_CURRENT_LOAD_NOMINAL,True,False,True,26,6,2,1.0,79841055.92563671,6.328764559858947,0.9514010016657972
44026,1,95,FIXED_Q_FIXED_BEAM_JOINT_GLOBAL_INFEASIBLE,219,E3_SITE_19_SEC_1_UE_4,54,3,0.537566724432956,0.7868365415064549,0.7081528873558094,RELATIVE_0P9_CURRENT_LOAD_NOMINAL,True,False,True,219,54,3,1.0,7902694.138468956,3.751627874411035,1.078333292155134
44026,1,96,FIXED_Q_FIXED_BEAM_JOINT_GLOBAL_INFEASIBLE,26,E3_SITE_03_SEC_1_UE_3,6,2,0.1414137992486354,0.446426892401261,0.4017842031611349,RELATIVE_0P9_CURRENT_LOAD_NOMINAL,True,False,True,26,6,2,1.0,79841055.92563671,6.328764559858947,0.9514010016657972
44026,1,96,FIXED_Q_FIXED_BEAM_JOINT_GLOBAL_INFEASIBLE,219,E3_SITE_19_SEC_1_UE_4,54,3,0.537566724432956,0.7868365415064549,0.7081528873558094,RELATIVE_0P9_CURRENT_LOAD_NOMINAL,True,False,True,219,54,3,1.0,7902694.138468956,3.751627874411035,1.078333292155134
44026,1,97,FIXED_Q_FIXED_BEAM_JOINT_GLOBAL_INFEASIBLE,26,E3_SITE_03_SEC_1_UE_3,6,2,0.1414137992486354,0.446426892401261,0.4017842031611349,RELATIVE_0P9_CURRENT_LOAD_NOMINAL,True,False,True,26,6,2,1.0,79841055.92563671,6.328764559858947,0.9514010016657972
44026,1,97,FIXED_Q_FIXED_BEAM_JOINT_GLOBAL_INFEASIBLE,219,E3_SITE_19_SEC_1_UE_4,54,3,0.537566724432956,0.7868365415064549,0.7081528873558094,RELATIVE_0P9_CURRENT_LOAD_NOMINAL,True,False,True,219,54,3,1.0,7902694.138468956,3.751627874411035,1.078333292155134
44026,1,98,FIXED_Q_FIXED_BEAM_JOINT_GLOBAL_INFEASIBLE,26,E3_SITE_03_SEC_1_UE_3,6,2,0.1414137992486354,0.446426892401261,0.4017842031611349,RELATIVE_0P9_CURRENT_LOAD_NOMINAL,True,False,True,26,6,2,1.0,79841055.92563671,6.328764559858947,0.9514010016657972
44026,1,98,FIXED_Q_FIXED_BEAM_JOINT_GLOBAL_INFEASIBLE,219,E3_SITE_19_SEC_1_UE_4,54,3,0.537566724432956,0.7868365415064549,0.7081528873558094,RELATIVE_0P9_CURRENT_LOAD_NOMINAL,True,False,True,219,54,3,1.0,7902694.138468956,3.751627874411035,1.078333292155134
44026,1,99,FIXED_Q_FIXED_BEAM_JOINT_GLOBAL_INFEASIBLE,26,E3_SITE_03_SEC_1_UE_3,6,2,0.1414137992486354,0.446426892401261,0.4017842031611349,RELATIVE_0P9_CURRENT_LOAD_NOMINAL,True,False,True,26,6,2,1.0,79841055.92563671,6.328764559858947,0.9514010016657972
44026,1,99,FIXED_Q_FIXED_BEAM_JOINT_GLOBAL_INFEASIBLE,219,E3_SITE_19_SEC_1_UE_4,54,3,0.537566724432956,0.7868365415064549,0.7081528873558094,RELATIVE_0P9_CURRENT_LOAD_NOMINAL,True,False,True,219,54,3,1.0,7902694.138468956,3.751627874411035,1.078333292155134
44026,2,0,FIXED_Q_FIXED_BEAM_JOINT_GLOBAL_INFEASIBLE,26,E3_SITE_03_SEC_1_UE_3,6,2,0.1414137992486354,0.1414137992486354,0.12727241932377187,RELATIVE_0P9_CURRENT_LOAD_NOMINAL,True,False,True,26,6,2,1.0,569613368.1780891,3.8678164502517816,0.49346811792349193
44026,2,0,FIXED_Q_FIXED_BEAM_JOINT_GLOBAL_INFEASIBLE,211,E3_SITE_18_SEC_2_UE_4,52,3,0.14204267444413815,0.14204267444413815,0.12783840699972435,RELATIVE_0P9_CURRENT_LOAD_NOMINAL,True,False,True,211,52,3,1.0,1403368823882.7256,3.3740286720156156,0.4501584774793731
44026,2,0,FIXED_Q_FIXED_BEAM_JOINT_GLOBAL_INFEASIBLE,219,E3_SITE_19_SEC_1_UE_4,54,3,0.537566724432956,0.537566724432956,0.4838100519896604,RELATIVE_0P9_CURRENT_LOAD_NOMINAL,True,False,True,219,54,3,1.0,6063933.665962637,3.602714465312732,0.8276703930895155
44026,2,1,FIXED_Q_FIXED_BEAM_JOINT_GLOBAL_INFEASIBLE,26,E3_SITE_03_SEC_1_UE_3,6,2,0.1414137992486354,0.1414137992486354,0.12727241932377187,RELATIVE_0P9_CURRENT_LOAD_NOMINAL,True,False,True,26,6,2,1.0,569613368.1780891,3.8678164502517816,0.49346811792349193
44026,2,1,FIXED_Q_FIXED_BEAM_JOINT_GLOBAL_INFEASIBLE,211,E3_SITE_18_SEC_2_UE_4,52,3,0.14204267444413815,0.14204267444413815,0.12783840699972435,RELATIVE_0P9_CURRENT_LOAD_NOMINAL,True,False,True,211,52,3,1.0,1403368823882.7256,3.3740286720156156,0.4501584774793731
44026,2,1,FIXED_Q_FIXED_BEAM_JOINT_GLOBAL_INFEASIBLE,219,E3_SITE_19_SEC_1_UE_4,54,3,0.537566724432956,0.537566724432956,0.4838100519896604,RELATIVE_0P9_CURRENT_LOAD_NOMINAL,True,False,True,219,54,3,1.0,6063933.665962637,3.602714465312732,0.8276703930895155
44026,2,2,FIXED_Q_FIXED_BEAM_JOINT_GLOBAL_INFEASIBLE,26,E3_SITE_03_SEC_1_UE_3,6,2,0.1414137992486354,0.1414137992486354,0.12727241932377187,RELATIVE_0P9_CURRENT_LOAD_NOMINAL,True,False,True,26,6,2,1.0,452459981.2204768,3.8678185178683697,0.4934683246851507
44026,2,2,FIXED_Q_FIXED_BEAM_JOINT_GLOBAL_INFEASIBLE,211,E3_SITE_18_SEC_2_UE_4,52,3,0.14204267444413815,0.14204267444413815,0.12783840699972435,RELATIVE_0P9_CURRENT_LOAD_NOMINAL,True,False,True,211,52,3,1.0,1114735480543.087,3.374030255086854,0.45015863578649695
44026,2,2,FIXED_Q_FIXED_BEAM_JOINT_GLOBAL_INFEASIBLE,219,E3_SITE_19_SEC_1_UE_4,54,3,0.537566724432956,0.537566724432956,0.4838100519896604,RELATIVE_0P9_CURRENT_LOAD_NOMINAL,True,False,True,219,54,3,1.0,4816753.724369712,3.602725775859367,0.827671524144179
44026,2,3,FIXED_Q_FIXED_BEAM_JOINT_GLOBAL_INFEASIBLE,26,E3_SITE_03_SEC_1_UE_3,6,2,0.1414137992486354,0.1414137992486354,0.12727241932377187,RELATIVE_0P9_CURRENT_LOAD_NOMINAL,True,False,True,26,6,2,1.0,226767166.31478453,3.8678263613661894,0.4934691090349327
44026,2,3,FIXED_Q_FIXED_BEAM_JOINT_GLOBAL_INFEASIBLE,211,E3_SITE_18_SEC_2_UE_4,52,3,0.14204267444413815,0.14204267444413815,0.12783840699972435,RELATIVE_0P9_CURRENT_LOAD_NOMINAL,True,False,True,211,52,3,1.0,558691191719.7653,3.374036260432931,0.4501592363211046
44026,2,3,FIXED_Q_FIXED_BEAM_JOINT_GLOBAL_INFEASIBLE,219,E3_SITE_19_SEC_1_UE_4,54,3,0.537566724432956,0.537566724432956,0.4838100519896604,RELATIVE_0P9_CURRENT_LOAD_NOMINAL,True,False,True,219,54,3,1.0,2414095.4741809154,3.602768681842613,0.8276758147425036
44026,2,4,FIXED_Q_FIXED_BEAM_JOINT_GLOBAL_INFEASIBLE,26,E3_SITE_03_SEC_1_UE_3,6,2,0.1414137992486354,0.1414137992486354,0.12727241932377187,RELATIVE_0P9_CURRENT_LOAD_NOMINAL,True,False,True,26,6,2,1.0,113652808.76283565,3.8678374406895997,0.4934702169672737
44026,2,4,FIXED_Q_FIXED_BEAM_JOINT_GLOBAL_INFEASIBLE,211,E3_SITE_18_SEC_2_UE_4,52,3,0.14204267444413815,0.14204267444413815,0.12783840699972435,RELATIVE_0P9_CURRENT_LOAD_NOMINAL,True,False,True,211,52,3,1.0,280008892829.84937,3.374044743195614,0.45016008459737294
44026,2,4,FIXED_Q_FIXED_BEAM_JOINT_GLOBAL_INFEASIBLE,219,E3_SITE_19_SEC_1_UE_4,54,3,0.537566724432956,0.537566724432956,0.4838100519896604,RELATIVE_0P9_CURRENT_LOAD_NOMINAL,True,False,True,219,54,3,1.0,1209913.8324171128,3.602829287170068,0.8276818752752492
44026,2,5,FIXED_Q_FIXED_BEAM_JOINT_GLOBAL_INFEASIBLE,26,E3_SITE_03_SEC_1_UE_3,6,2,0.1414137992486354,0.1414137992486354,0.12727241932377187,RELATIVE_0P9_CURRENT_LOAD_NOMINAL,True,False,True,26,6,2,1.0,56961336.817784704,3.867853090825981,0.49347178198091185
44026,2,5,FIXED_Q_FIXED_BEAM_JOINT_GLOBAL_INFEASIBLE,211,E3_SITE_18_SEC_2_UE_4,52,3,0.14204267444413815,0.14204267444413815,0.12783840699972435,RELATIVE_0P9_CURRENT_LOAD_NOMINAL,True,False,True,211,52,3,1.0,140336882388.32727,3.3740567253882157,0.4501612828166331
44026,2,5,FIXED_Q_FIXED_BEAM_JOINT_GLOBAL_INFEASIBLE,219,E3_SITE_19_SEC_1_UE_4,54,3,0.537566724432956,0.537566724432956,0.4838100519896604,RELATIVE_0P9_CURRENT_LOAD_NOMINAL,True,False,True,219,54,3,1.0,606393.3665965236,3.6029148925057,0.8276904358088124
44026,2,6,FIXED_Q_FIXED_BEAM_JOINT_GLOBAL_INFEASIBLE,26,E3_SITE_03_SEC_1_UE_3,6,2,0.1414137992486354,0.1414137992486354,0.12727241932377187,RELATIVE_0P9_CURRENT_LOAD_NOMINAL,True,False,True,26,6,2,1.0,28548294.823426455,3.867875197582538,0.49347399265656755
44026,2,6,FIXED_Q_FIXED_BEAM_JOINT_GLOBAL_INFEASIBLE,211,E3_SITE_18_SEC_2_UE_4,52,3,0.14204267444413815,0.14204267444413815,0.12783840699972435,RELATIVE_0P9_CURRENT_LOAD_NOMINAL,True,False,True,211,52,3,1.0,70335053860.10272,3.374073650628924,0.45016297534070393
44026,2,6,FIXED_Q_FIXED_BEAM_JOINT_GLOBAL_INFEASIBLE,219,E3_SITE_19_SEC_1_UE_4,54,3,0.537566724432956,0.537566724432956,0.4838100519896604,RELATIVE_0P9_CURRENT_LOAD_NOMINAL,True,False,True,219,54,3,1.0,303916.6138944408,3.6030358093361934,0.8277025274918617
44026,2,7,FIXED_Q_FIXED_BEAM_JOINT_GLOBAL_INFEASIBLE,26,E3_SITE_03_SEC_1_UE_3,6,2,0.1414137992486354,0.1414137992486354,0.12727241932377187,RELATIVE_0P9_CURRENT_LOAD_NOMINAL,True,False,True,26,6,2,1.0,31385012.60603569,3.8678546055166114,0.4934719334499749
44026,2,7,FIXED_Q_FIXED_BEAM_JOINT_GLOBAL_INFEASIBLE,211,E3_SITE_18_SEC_2_UE_4,52,3,0.14204267444413815,0.14204267444413815,0.12783840699972435,RELATIVE_0P9_CURRENT_LOAD_NOMINAL,True,False,True,211,52,3,1.0,35251031071.16233,3.374097558054726,0.4501653660832841
44026,2,7,FIXED_Q_FIXED_BEAM_JOINT_GLOBAL_INFEASIBLE,219,E3_SITE_19_SEC_1_UE_4,54,3,0.537566724432956,0.537566724432956,0.4838100519896604,RELATIVE_0P9_CURRENT_LOAD_NOMINAL,True,False,True,219,54,3,1.0,152319.12697112784,3.603206601077942,0.8277196066660366
44026,2,8,FIXED_Q_FIXED_BEAM_JOINT_GLOBAL_INFEASIBLE,26,E3_SITE_03_SEC_1_UE_3,6,2,0.1414137992486354,0.1414137992486354,0.12727241932377187,RELATIVE_0P9_CURRENT_LOAD_NOMINAL,True,False,True,26,6,2,1.0,62621332.9076496,3.8678385127030106,0.4934703241686148
44026,2,8,FIXED_Q_FIXED_BEAM_JOINT_GLOBAL_INFEASIBLE,211,E3_SITE_18_SEC_2_UE_4,52,3,0.14204267444413815,0.14204267444413815,0.12783840699972435,RELATIVE_0P9_CURRENT_LOAD_NOMINAL,True,False,True,211,52,3,1.0,17667366745.065212,3.3741313279674974,0.4501687430745613
44026,2,8,FIXED_Q_FIXED_BEAM_JOINT_GLOBAL_INFEASIBLE,219,E3_SITE_19_SEC_1_UE_4,54,3,0.537566724432956,0.537566724432956,0.4838100519896604,RELATIVE_0P9_CURRENT_LOAD_NOMINAL,True,False,True,219,54,3,1.0,76340.40187518075,3.603447835221849,0.8277437300804272
44026,2,9,FIXED_Q_FIXED_BEAM_JOINT_GLOBAL_INFEASIBLE,26,E3_SITE_03_SEC_1_UE_3,6,2,0.1414137992486354,0.1414137992486354,0.12727241932377187,RELATIVE_0P9_CURRENT_LOAD_NOMINAL,True,False,True,26,6,2,1.0,99248124.22818317,3.867830489756221,0.49346952187393583
44026,2,9,FIXED_Q_FIXED_BEAM_JOINT_GLOBAL_INFEASIBLE,211,E3_SITE_18_SEC_2_UE_4,52,3,0.14204267444413815,0.14204267444413815,0.12783840699972435,RELATIVE_0P9_CURRENT_LOAD_NOMINAL,True,False,True,211,52,3,1.0,8854658664.437555,3.374179028790686,0.45017351315688015
44026,2,9,FIXED_Q_FIXED_BEAM_JOINT_GLOBAL_INFEASIBLE,219,E3_SITE_19_SEC_1_UE_4,54,3,0.537566724432956,0.537566724432956,0.4838100519896604,RELATIVE_0P9_CURRENT_LOAD_NOMINAL,True,False,True,219,54,3,1.0,38260.834829817664,3.603788556378129,0.8277778021960552
44026,2,10,FIXED_Q_FIXED_BEAM_JOINT_GLOBAL_INFEASIBLE,26,E3_SITE_03_SEC_1_UE_3,6,2,0.1414137992486354,0.1414137992486354,0.12727241932377187,RELATIVE_0P9_CURRENT_LOAD_NOMINAL,True,False,True,26,6,2,1.0,124945985.66371246,3.8678271201404817,0.4934691849123619
44026,2,10,FIXED_Q_FIXED_BEAM_JOINT_GLOBAL_INFEASIBLE,211,E3_SITE_18_SEC_2_UE_4,52,3,0.14204267444413815,0.14204267444413815,0.12783840699972435,RELATIVE_0P9_CURRENT_LOAD_NOMINAL,True,False,True,211,52,3,1.0,4437841880.743173,3.374246407103507,0.4501802509881622
44026,2,10,FIXED_Q_FIXED_BEAM_JOINT_GLOBAL_INFEASIBLE,219,E3_SITE_19_SEC_1_UE_4,54,3,0.537566724432956,0.537566724432956,0.4838100519896604,RELATIVE_0P9_CURRENT_LOAD_NOMINAL,True,False,True,219,54,3,1.0,32928.74090962159,3.6039002568567855,0.8277889722439209
44026,2,11,FIXED_Q_FIXED_BEAM_JOINT_GLOBAL_INFEASIBLE,26,E3_SITE_03_SEC_1_UE_3,6,2,0.1414137992486354,0.1414137992486354,0.12727241932377187,RELATIVE_0P9_CURRENT_LOAD_NOMINAL,True,False,True,26,6,2,1.0,124945985.66371246,3.8678271201404817,0.4934691849123619
44026,2,11,FIXED_Q_FIXED_BEAM_JOINT_GLOBAL_INFEASIBLE,211,E3_SITE_18_SEC_2_UE_4,52,3,0.14204267444413815,0.14204267444413815,0.12783840699972435,RELATIVE_0P9_CURRENT_LOAD_NOMINAL,True,False,True,211,52,3,1.0,2224189695.484902,3.3743415797225937,0.4501897682500709
44026,2,11,FIXED_Q_FIXED_BEAM_JOINT_GLOBAL_INFEASIBLE,219,E3_SITE_19_SEC_1_UE_4,54,3,0.537566724432956,0.537566724432956,0.4838100519896604,RELATIVE_0P9_CURRENT_LOAD_NOMINAL,True,False,True,219,54,3,1.0,32928.74090962159,3.6039002568567855,0.8277889722439209
44026,2,12,FIXED_Q_FIXED_BEAM_JOINT_GLOBAL_INFEASIBLE,26,E3_SITE_03_SEC_1_UE_3,6,2,0.1414137992486354,0.1414137992486354,0.12727241932377187,RELATIVE_0P9_CURRENT_LOAD_NOMINAL,True,False,True,26,6,2,1.0,124945985.66371246,3.8678271201404817,0.4934691849123619
44026,2,12,FIXED_Q_FIXED_BEAM_JOINT_GLOBAL_INFEASIBLE,211,E3_SITE_18_SEC_2_UE_4,52,3,0.14204267444413815,0.14204267444413815,0.12783840699972435,RELATIVE_0P9_CURRENT_LOAD_NOMINAL,True,False,True,211,52,3,1.0,1114735480.5423172,3.3744760110737566,0.4502032113851872
44026,2,12,FIXED_Q_FIXED_BEAM_JOINT_GLOBAL_INFEASIBLE,219,E3_SITE_19_SEC_1_UE_4,54,3,0.537566724432956,0.537566724432956,0.4838100519896604,RELATIVE_0P9_CURRENT_LOAD_NOMINAL,True,False,True,219,54,3,1.0,32928.74090962159,3.6039002568567855,0.8277889722439209
44026,2,13,FIXED_Q_FIXED_BEAM_JOINT_GLOBAL_INFEASIBLE,26,E3_SITE_03_SEC_1_UE_3,6,2,0.1414137992486354,0.1414137992486354,0.12727241932377187,RELATIVE_0P9_CURRENT_LOAD_NOMINAL,True,False,True,26,6,2,1.0,124945985.66371246,3.8678271201404817,0.4934691849123619
44026,2,13,FIXED_Q_FIXED_BEAM_JOINT_GLOBAL_INFEASIBLE,211,E3_SITE_18_SEC_2_UE_4,52,3,0.14204267444413815,0.14204267444413815,0.12783840699972435,RELATIVE_0P9_CURRENT_LOAD_NOMINAL,True,False,True,211,52,3,1.0,558691191.7191709,3.374665893328207,0.45022219961063226
44026,2,13,FIXED_Q_FIXED_BEAM_JOINT_GLOBAL_INFEASIBLE,219,E3_SITE_19_SEC_1_UE_4,54,3,0.537566724432956,0.537566724432956,0.4838100519896604,RELATIVE_0P9_CURRENT_LOAD_NOMINAL,True,False,True,219,54,3,1.0,32928.74090962159,3.6039002568567855,0.8277889722439209
44026,2,14,FIXED_Q_FIXED_BEAM_JOINT_GLOBAL_INFEASIBLE,26,E3_SITE_03_SEC_1_UE_3,6,2,0.1414137992486354,0.1414137992486354,0.12727241932377187,RELATIVE_0P9_CURRENT_LOAD_NOMINAL,True,False,True,26,6,2,1.0,157297676.45372254,3.8678241169842247,0.4934688845967362
44026,2,14,FIXED_Q_FIXED_BEAM_JOINT_GLOBAL_INFEASIBLE,211,E3_SITE_18_SEC_2_UE_4,52,3,0.14204267444413815,0.14204267444413815,0.12783840699972435,RELATIVE_0P9_CURRENT_LOAD_NOMINAL,True,False,True,211,52,3,1.0,280008892.829656,3.3749340950226854,0.4502490197800801
44026,2,14,FIXED_Q_FIXED_BEAM_JOINT_GLOBAL_INFEASIBLE,219,E3_SITE_19_SEC_1_UE_4,54,3,0.537566724432956,0.537566724432956,0.4838100519896604,RELATIVE_0P9_CURRENT_LOAD_NOMINAL,True,False,True,219,54,3,1.0,41454.8287095085,3.603761247329152,0.8277750712911576
44026,2,15,FIXED_Q_FIXED_BEAM_JOINT_GLOBAL_INFEASIBLE,26,E3_SITE_03_SEC_1_UE_3,6,2,0.1414137992486354,0.1414137992486354,0.12727241932377187,RELATIVE_0P9_CURRENT_LOAD_NOMINAL,True,False,True,26,6,2,1.0,198026042.10377803,3.867821440431843,0.4934686169414981
44026,2,15,FIXED_Q_FIXED_BEAM_JOINT_GLOBAL_INFEASIBLE,211,E3_SITE_18_SEC_2_UE_4,52,3,0.14204267444413815,0.14204267444413815,0.12783840699972435,RELATIVE_0P9_CURRENT_LOAD_NOMINAL,True,False,True,211,52,3,1.0,140336882.38833016,3.3753129118144956,0.4502869014592611
44026,2,15,FIXED_Q_FIXED_BEAM_JOINT_GLOBAL_INFEASIBLE,219,E3_SITE_19_SEC_1_UE_4,54,3,0.537566724432956,0.537566724432956,0.4838100519896604,RELATIVE_0P9_CURRENT_LOAD_NOMINAL,True,False,True,219,54,3,1.0,52188.53730397385,3.603637349838975,0.8277626815421398
44026,2,16,FIXED_Q_FIXED_BEAM_JOINT_GLOBAL_INFEASIBLE,26,E3_SITE_03_SEC_1_UE_3,6,2,0.1414137992486354,0.1414137992486354,0.12727241932377187,RELATIVE_0P9_CURRENT_LOAD_NOMINAL,True,False,True,26,6,2,1.0,395113899.19215447,3.8678150340884034,0.4934679763071541
44026,2,16,FIXED_Q_FIXED_BEAM_JOINT_GLOBAL_INFEASIBLE,211,E3_SITE_18_SEC_2_UE_4,52,3,0.14204267444413815,0.14204267444413815,0.12783840699972435,RELATIVE_0P9_CURRENT_LOAD_NOMINAL,True,False,True,211,52,3,1.0,70335053.86008257,3.375847948546349,0.4503404051324464
44026,2,16,FIXED_Q_FIXED_BEAM_JOINT_GLOBAL_INFEASIBLE,219,E3_SITE_19_SEC_1_UE_4,54,3,0.537566724432956,0.537566724432956,0.4838100519896604,RELATIVE_0P9_CURRENT_LOAD_NOMINAL,True,False,True,219,54,3,1.0,104129.82175596566,3.6033407785108196,0.8277330244093243
44026,2,17,FIXED_Q_FIXED_BEAM_JOINT_GLOBAL_INFEASIBLE,26,E3_SITE_03_SEC_1_UE_3,6,2,0.1414137992486354,0.1414137992486354,0.12727241932377187,RELATIVE_0P9_CURRENT_LOAD_NOMINAL,True,False,True,26,6,2,1.0,569613368.1780891,3.8678164502517816,0.49346811792349193
44026,2,17,FIXED_Q_FIXED_BEAM_JOINT_GLOBAL_INFEASIBLE,211,E3_SITE_18_SEC_2_UE_4,52,3,0.14204267444413815,0.14204267444413815,0.12783840699972435,RELATIVE_0P9_CURRENT_LOAD_NOMINAL,True,False,True,211,52,3,1.0,35251031.071160145,3.376603595865294,0.4504159698643409
44026,2,17,FIXED_Q_FIXED_BEAM_JOINT_GLOBAL_INFEASIBLE,219,E3_SITE_19_SEC_1_UE_4,54,3,0.537566724432956,0.537566724432956,0.4838100519896604,RELATIVE_0P9_CURRENT_LOAD_NOMINAL,True,False,True,219,54,3,1.0,207766.3092141061,3.6031308053776696,0.8277120270960093
44026,2,18,FIXED_Q_FIXED_BEAM_JOINT_GLOBAL_INFEASIBLE,26,E3_SITE_03_SEC_1_UE_3,6,2,0.1414137992486354,0.1414137992486354,0.12727241932377187,RELATIVE_0P9_CURRENT_LOAD_NOMINAL,True,False,True,26,6,2,1.0,569613368.1780891,3.8678164502517816,0.49346811792349193
44026,2,18,FIXED_Q_FIXED_BEAM_JOINT_GLOBAL_INFEASIBLE,211,E3_SITE_18_SEC_2_UE_4,52,3,0.14204267444413815,0.14204267444413815,0.12783840699972435,RELATIVE_0P9_CURRENT_LOAD_NOMINAL,True,False,True,211,52,3,1.0,17667366.745063726,3.377670752298396,0.4505226855076511
44026,2,18,FIXED_Q_FIXED_BEAM_JOINT_GLOBAL_INFEASIBLE,219,E3_SITE_19_SEC_1_UE_4,54,3,0.537566724432956,0.537566724432956,0.4838100519896604,RELATIVE_0P9_CURRENT_LOAD_NOMINAL,True,False,True,219,54,3,1.0,414548.2870950595,3.6029821474065677,0.8276971612988991
44026,2,19,FIXED_Q_FIXED_BEAM_JOINT_GLOBAL_INFEASIBLE,26,E3_SITE_03_SEC_1_UE_3,6,2,0.1414137992486354,0.1414137992486354,0.12727241932377187,RELATIVE_0P9_CURRENT_LOAD_NOMINAL,True,False,True,26,6,2,1.0,569613368.1780891,3.8678164502517816,0.49346811792349193
44026,2,19,FIXED_Q_FIXED_BEAM_JOINT_GLOBAL_INFEASIBLE,211,E3_SITE_18_SEC_2_UE_4,52,3,0.14204267444413815,0.14204267444413815,0.12783840699972435,RELATIVE_0P9_CURRENT_LOAD_NOMINAL,True,False,True,211,52,3,1.0,8854658.664436936,3.379177704331351,0.4506733807109466
44026,2,19,FIXED_Q_FIXED_BEAM_JOINT_GLOBAL_INFEASIBLE,219,E3_SITE_19_SEC_1_UE_4,54,3,0.537566724432956,0.537566724432956,0.4838100519896604,RELATIVE_0P9_CURRENT_LOAD_NOMINAL,True,False,True,219,54,3,1.0,827132.5749756609,3.6028769014239828,0.8276866367006406
44026,2,40,FIXED_Q_FIXED_BEAM_JOINT_GLOBAL_INFEASIBLE,26,E3_SITE_03_SEC_1_UE_3,6,2,0.1414137992486354,0.1414137992486354,0.12727241932377187,RELATIVE_0P9_CURRENT_LOAD_NOMINAL,True,False,True,26,6,2,1.0,180127562.91228372,3.8678164502517816,0.49346811792349193
44026,2,40,FIXED_Q_FIXED_BEAM_JOINT_GLOBAL_INFEASIBLE,211,E3_SITE_18_SEC_2_UE_4,52,3,0.14204267444413815,0.14204267444413815,0.12783840699972435,RELATIVE_0P9_CURRENT_LOAD_NOMINAL,True,False,True,211,52,3,1.0,644121382.2331834,3.3745944805028674,0.45021505832809827
44026,2,40,FIXED_Q_FIXED_BEAM_JOINT_GLOBAL_INFEASIBLE,219,E3_SITE_19_SEC_1_UE_4,54,3,0.537566724432956,0.537566724432956,0.4838100519896604,RELATIVE_0P9_CURRENT_LOAD_NOMINAL,True,False,True,219,54,3,1.0,6063933.665962637,3.602714465312732,0.8276703930895155
44026,2,41,FIXED_Q_FIXED_BEAM_JOINT_GLOBAL_INFEASIBLE,26,E3_SITE_03_SEC_1_UE_3,6,2,0.1414137992486354,0.1414137992486354,0.12727241932377187,RELATIVE_0P9_CURRENT_LOAD_NOMINAL,True,False,True,26,6,2,1.0,180127562.91228372,3.8678164502517816,0.49346811792349193
44026,2,41,FIXED_Q_FIXED_BEAM_JOINT_GLOBAL_INFEASIBLE,211,E3_SITE_18_SEC_2_UE_4,52,3,0.14204267444413815,0.14204267444413815,0.12783840699972435,RELATIVE_0P9_CURRENT_LOAD_NOMINAL,True,False,True,211,52,3,1.0,322825413.68162346,3.3748332274550923,0.45023893302332074
44026,2,41,FIXED_Q_FIXED_BEAM_JOINT_GLOBAL_INFEASIBLE,219,E3_SITE_19_SEC_1_UE_4,54,3,0.537566724432956,0.537566724432956,0.4838100519896604,RELATIVE_0P9_CURRENT_LOAD_NOMINAL,True,False,True,219,54,3,1.0,1917584.1964616594,3.602714465312732,0.8276703930895155
44026,2,42,FIXED_Q_FIXED_BEAM_JOINT_GLOBAL_INFEASIBLE,26,E3_SITE_03_SEC_1_UE_3,6,2,0.1414137992486354,0.1414137992486354,0.12727241932377187,RELATIVE_0P9_CURRENT_LOAD_NOMINAL,True,False,True,26,6,2,1.0,180127562.91228372,3.8678164502517816,0.49346811792349193
44026,2,42,FIXED_Q_FIXED_BEAM_JOINT_GLOBAL_INFEASIBLE,211,E3_SITE_18_SEC_2_UE_4,52,3,0.14204267444413815,0.14204267444413815,0.12783840699972435,RELATIVE_0P9_CURRENT_LOAD_NOMINAL,True,False,True,211,52,3,1.0,161795976.02767402,3.375170444019981,0.45027265467980965
44026,2,42,FIXED_Q_FIXED_BEAM_JOINT_GLOBAL_INFEASIBLE,219,E3_SITE_19_SEC_1_UE_4,54,3,0.537566724432956,0.537566724432956,0.4838100519896604,RELATIVE_0P9_CURRENT_LOAD_NOMINAL,True,False,True,219,54,3,1.0,1917584.1964616594,3.602714465312732,0.8276703930895155
44026,2,43,FIXED_Q_FIXED_BEAM_JOINT_GLOBAL_INFEASIBLE,26,E3_SITE_03_SEC_1_UE_3,6,2,0.1414137992486354,0.1414137992486354,0.12727241932377187,RELATIVE_0P9_CURRENT_LOAD_NOMINAL,True,False,True,26,6,2,1.0,180127562.91228372,3.8678164502517816,0.49346811792349193
44026,2,43,FIXED_Q_FIXED_BEAM_JOINT_GLOBAL_INFEASIBLE,211,E3_SITE_18_SEC_2_UE_4,52,3,0.14204267444413815,0.14204267444413815,0.12783840699972435,RELATIVE_0P9_CURRENT_LOAD_NOMINAL,True,False,True,211,52,3,1.0,81090077.63733453,3.3756467302474626,0.4503202833025578
44026,2,43,FIXED_Q_FIXED_BEAM_JOINT_GLOBAL_INFEASIBLE,219,E3_SITE_19_SEC_1_UE_4,54,3,0.537566724432956,0.537566724432956,0.4838100519896604,RELATIVE_0P9_CURRENT_LOAD_NOMINAL,True,False,True,219,54,3,1.0,1917584.1964616594,3.602714465312732,0.8276703930895155
44026,2,44,FIXED_Q_FIXED_BEAM_JOINT_GLOBAL_INFEASIBLE,26,E3_SITE_03_SEC_1_UE_3,6,2,0.1414137992486354,0.1414137992486354,0.12727241932377187,RELATIVE_0P9_CURRENT_LOAD_NOMINAL,True,False,True,26,6,2,1.0,180127562.91228372,3.8678164502517816,0.49346811792349193
44026,2,44,FIXED_Q_FIXED_BEAM_JOINT_GLOBAL_INFEASIBLE,211,E3_SITE_18_SEC_2_UE_4,52,3,0.14204267444413815,0.14204267444413815,0.12783840699972435,RELATIVE_0P9_CURRENT_LOAD_NOMINAL,True,False,True,211,52,3,1.0,40641311.68567608,3.3763194129761303,0.45038755157542454
44026,2,44,FIXED_Q_FIXED_BEAM_JOINT_GLOBAL_INFEASIBLE,219,E3_SITE_19_SEC_1_UE_4,54,3,0.537566724432956,0.537566724432956,0.4838100519896604,RELATIVE_0P9_CURRENT_LOAD_NOMINAL,True,False,True,219,54,3,1.0,1917584.1964616594,3.602714465312732,0.8276703930895155
44026,2,45,FIXED_Q_FIXED_BEAM_JOINT_GLOBAL_INFEASIBLE,26,E3_SITE_03_SEC_1_UE_3,6,2,0.1414137992486354,0.1414137992486354,0.12727241932377187,RELATIVE_0P9_CURRENT_LOAD_NOMINAL,True,False,True,26,6,2,1.0,180127562.91228372,3.8678164502517816,0.49346811792349193
44026,2,45,FIXED_Q_FIXED_BEAM_JOINT_GLOBAL_INFEASIBLE,211,E3_SITE_18_SEC_2_UE_4,52,3,0.14204267444413815,0.14204267444413815,0.12783840699972435,RELATIVE_0P9_CURRENT_LOAD_NOMINAL,True,False,True,211,52,3,1.0,20368906.574727777,3.3772694241109997,0.4504825526889115
44026,2,45,FIXED_Q_FIXED_BEAM_JOINT_GLOBAL_INFEASIBLE,219,E3_SITE_19_SEC_1_UE_4,54,3,0.537566724432956,0.537566724432956,0.4838100519896604,RELATIVE_0P9_CURRENT_LOAD_NOMINAL,True,False,True,219,54,3,1.0,1917584.1964616594,3.602714465312732,0.8276703930895155
44026,2,46,FIXED_Q_FIXED_BEAM_JOINT_GLOBAL_INFEASIBLE,26,E3_SITE_03_SEC_1_UE_3,6,2,0.1414137992486354,0.1414137992486354,0.12727241932377187,RELATIVE_0P9_CURRENT_LOAD_NOMINAL,True,False,True,26,6,2,1.0,180127562.91228372,3.8678164502517816,0.49346811792349193
44026,2,46,FIXED_Q_FIXED_BEAM_JOINT_GLOBAL_INFEASIBLE,211,E3_SITE_18_SEC_2_UE_4,52,3,0.14204267444413815,0.14204267444413815,0.12783840699972435,RELATIVE_0P9_CURRENT_LOAD_NOMINAL,True,False,True,211,52,3,1.0,3228254.13681623,3.378610994404078,0.4506167097182193
44026,2,46,FIXED_Q_FIXED_BEAM_JOINT_GLOBAL_INFEASIBLE,219,E3_SITE_19_SEC_1_UE_4,54,3,0.537566724432956,0.537566724432956,0.4838100519896604,RELATIVE_0P9_CURRENT_LOAD_NOMINAL,True,False,True,219,54,3,1.0,1917584.1964616594,3.602714465312732,0.8276703930895155
44026,2,47,FIXED_Q_FIXED_BEAM_JOINT_GLOBAL_INFEASIBLE,26,E3_SITE_03_SEC_1_UE_3,6,2,0.1414137992486354,0.1414137992486354,0.12727241932377187,RELATIVE_0P9_CURRENT_LOAD_NOMINAL,True,False,True,26,6,2,1.0,180127562.91228372,3.8678164502517816,0.49346811792349193
44026,2,47,FIXED_Q_FIXED_BEAM_JOINT_GLOBAL_INFEASIBLE,211,E3_SITE_18_SEC_2_UE_4,52,3,0.14204267444413815,0.14204267444413815,0.12783840699972435,RELATIVE_0P9_CURRENT_LOAD_NOMINAL,True,False,True,211,52,3,1.0,2285240.3713229094,3.379617854723541,0.4507173957501656
44026,2,47,FIXED_Q_FIXED_BEAM_JOINT_GLOBAL_INFEASIBLE,219,E3_SITE_19_SEC_1_UE_4,54,3,0.537566724432956,0.537566724432956,0.4838100519896604,RELATIVE_0P9_CURRENT_LOAD_NOMINAL,True,False,True,219,54,3,1.0,1917584.1964616594,3.602714465312732,0.8276703930895155
44026,2,48,FIXED_Q_FIXED_BEAM_JOINT_GLOBAL_INFEASIBLE,26,E3_SITE_03_SEC_1_UE_3,6,2,0.1414137992486354,0.1414137992486354,0.12727241932377187,RELATIVE_0P9_CURRENT_LOAD_NOMINAL,True,False,True,26,6,2,1.0,180127562.91228372,3.8678164502517816,0.49346811792349193
44026,2,48,FIXED_Q_FIXED_BEAM_JOINT_GLOBAL_INFEASIBLE,211,E3_SITE_18_SEC_2_UE_4,52,3,0.14204267444413815,0.14204267444413815,0.12783840699972435,RELATIVE_0P9_CURRENT_LOAD_NOMINAL,True,False,True,211,52,3,1.0,2672869.759881988,3.3792450700974968,0.4506801172875612
44026,2,48,FIXED_Q_FIXED_BEAM_JOINT_GLOBAL_INFEASIBLE,219,E3_SITE_19_SEC_1_UE_4,54,3,0.537566724432956,0.537566724432956,0.4838100519896604,RELATIVE_0P9_CURRENT_LOAD_NOMINAL,True,False,True,219,54,3,1.0,1917584.1964616594,3.602714465312732,0.8276703930895155
44026,2,49,FIXED_Q_FIXED_BEAM_JOINT_GLOBAL_INFEASIBLE,26,E3_SITE_03_SEC_1_UE_3,6,2,0.1414137992486354,0.1414137992486354,0.12727241932377187,RELATIVE_0P9_CURRENT_LOAD_NOMINAL,True,False,True,26,6,2,1.0,180127562.91228372,3.8678164502517816,0.49346811792349193
44026,2,49,FIXED_Q_FIXED_BEAM_JOINT_GLOBAL_INFEASIBLE,211,E3_SITE_18_SEC_2_UE_4,52,3,0.14204267444413815,0.14204267444413815,0.12783840699972435,RELATIVE_0P9_CURRENT_LOAD_NOMINAL,True,False,True,211,52,3,1.0,2123135.9180149753,3.379882718203757,0.4507438820981872
44026,2,49,FIXED_Q_FIXED_BEAM_JOINT_GLOBAL_INFEASIBLE,219,E3_SITE_19_SEC_1_UE_4,54,3,0.537566724432956,0.537566724432956,0.4838100519896604,RELATIVE_0P9_CURRENT_LOAD_NOMINAL,True,False,True,219,54,3,1.0,1917584.1964616594,3.602714465312732,0.8276703930895155
44026,2,50,FIXED_Q_FIXED_BEAM_JOINT_GLOBAL_INFEASIBLE,26,E3_SITE_03_SEC_1_UE_3,6,2,0.1414137992486354,0.1414137992486354,0.12727241932377187,RELATIVE_0P9_CURRENT_LOAD_NOMINAL,True,False,True,26,6,2,1.0,180127562.91228372,3.8678164502517816,0.49346811792349193
44026,2,50,FIXED_Q_FIXED_BEAM_JOINT_GLOBAL_INFEASIBLE,211,E3_SITE_18_SEC_2_UE_4,52,3,0.14204267444413815,0.14204267444413815,0.12783840699972435,RELATIVE_0P9_CURRENT_LOAD_NOMINAL,True,False,True,211,52,3,1.0,2672869.759881988,3.3792450700974968,0.4506801172875612
44026,2,50,FIXED_Q_FIXED_BEAM_JOINT_GLOBAL_INFEASIBLE,219,E3_SITE_19_SEC_1_UE_4,54,3,0.537566724432956,0.537566724432956,0.4838100519896604,RELATIVE_0P9_CURRENT_LOAD_NOMINAL,True,False,True,219,54,3,1.0,1917584.1964616594,3.602714465312732,0.8276703930895155
44026,2,51,FIXED_Q_FIXED_BEAM_JOINT_GLOBAL_INFEASIBLE,26,E3_SITE_03_SEC_1_UE_3,6,2,0.1414137992486354,0.1414137992486354,0.12727241932377187,RELATIVE_0P9_CURRENT_LOAD_NOMINAL,True,False,True,26,6,2,1.0,180127562.91228372,3.8678164502517816,0.49346811792349193
44026,2,51,FIXED_Q_FIXED_BEAM_JOINT_GLOBAL_INFEASIBLE,211,E3_SITE_18_SEC_2_UE_4,52,3,0.14204267444413815,0.14204267444413815,0.12783840699972435,RELATIVE_0P9_CURRENT_LOAD_NOMINAL,True,False,True,211,52,3,1.0,2123135.9180149753,3.379882718203757,0.4507438820981872
44026,2,51,FIXED_Q_FIXED_BEAM_JOINT_GLOBAL_INFEASIBLE,219,E3_SITE_19_SEC_1_UE_4,54,3,0.537566724432956,0.537566724432956,0.4838100519896604,RELATIVE_0P9_CURRENT_LOAD_NOMINAL,True,False,True,219,54,3,1.0,1917584.1964616594,3.602714465312732,0.8276703930895155
44026,2,52,FIXED_Q_FIXED_BEAM_JOINT_GLOBAL_INFEASIBLE,26,E3_SITE_03_SEC_1_UE_3,6,2,0.1414137992486354,0.1414137992486354,0.12727241932377187,RELATIVE_0P9_CURRENT_LOAD_NOMINAL,True,False,True,26,6,2,1.0,180127562.91228372,3.8678164502517816,0.49346811792349193
44026,2,52,FIXED_Q_FIXED_BEAM_JOINT_GLOBAL_INFEASIBLE,211,E3_SITE_18_SEC_2_UE_4,52,3,0.14204267444413815,0.14204267444413815,0.12783840699972435,RELATIVE_0P9_CURRENT_LOAD_NOMINAL,True,False,True,211,52,3,1.0,2672869.759881988,3.3792450700974968,0.4506801172875612
44026,2,52,FIXED_Q_FIXED_BEAM_JOINT_GLOBAL_INFEASIBLE,219,E3_SITE_19_SEC_1_UE_4,54,3,0.537566724432956,0.537566724432956,0.4838100519896604,RELATIVE_0P9_CURRENT_LOAD_NOMINAL,True,False,True,219,54,3,1.0,1917584.1964616594,3.602714465312732,0.8276703930895155
44026,2,53,FIXED_Q_FIXED_BEAM_JOINT_GLOBAL_INFEASIBLE,26,E3_SITE_03_SEC_1_UE_3,6,2,0.1414137992486354,0.1414137992486354,0.12727241932377187,RELATIVE_0P9_CURRENT_LOAD_NOMINAL,True,False,True,26,6,2,1.0,180127562.91228372,3.8678164502517816,0.49346811792349193
44026,2,53,FIXED_Q_FIXED_BEAM_JOINT_GLOBAL_INFEASIBLE,211,E3_SITE_18_SEC_2_UE_4,52,3,0.14204267444413815,0.14204267444413815,0.12783840699972435,RELATIVE_0P9_CURRENT_LOAD_NOMINAL,True,False,True,211,52,3,1.0,2123135.9180149753,3.379882718203757,0.4507438820981872
44026,2,53,FIXED_Q_FIXED_BEAM_JOINT_GLOBAL_INFEASIBLE,219,E3_SITE_19_SEC_1_UE_4,54,3,0.537566724432956,0.537566724432956,0.4838100519896604,RELATIVE_0P9_CURRENT_LOAD_NOMINAL,True,False,True,219,54,3,1.0,1917584.1964616594,3.602714465312732,0.8276703930895155
44026,2,54,FIXED_Q_FIXED_BEAM_JOINT_GLOBAL_INFEASIBLE,26,E3_SITE_03_SEC_1_UE_3,6,2,0.1414137992486354,0.1414137992486354,0.12727241932377187,RELATIVE_0P9_CURRENT_LOAD_NOMINAL,True,False,True,26,6,2,1.0,180127562.91228372,3.8678164502517816,0.49346811792349193
44026,2,54,FIXED_Q_FIXED_BEAM_JOINT_GLOBAL_INFEASIBLE,211,E3_SITE_18_SEC_2_UE_4,52,3,0.14204267444413815,0.14204267444413815,0.12783840699972435,RELATIVE_0P9_CURRENT_LOAD_NOMINAL,True,False,True,211,52,3,1.0,2672869.759881988,3.3792450700974968,0.4506801172875612
44026,2,54,FIXED_Q_FIXED_BEAM_JOINT_GLOBAL_INFEASIBLE,219,E3_SITE_19_SEC_1_UE_4,54,3,0.537566724432956,0.537566724432956,0.4838100519896604,RELATIVE_0P9_CURRENT_LOAD_NOMINAL,True,False,True,219,54,3,1.0,1917584.1964616594,3.602714465312732,0.8276703930895155
44026,2,55,FIXED_Q_FIXED_BEAM_JOINT_GLOBAL_INFEASIBLE,26,E3_SITE_03_SEC_1_UE_3,6,2,0.1414137992486354,0.1414137992486354,0.12727241932377187,RELATIVE_0P9_CURRENT_LOAD_NOMINAL,True,False,True,26,6,2,1.0,180127562.91228372,3.8678164502517816,0.49346811792349193
44026,2,55,FIXED_Q_FIXED_BEAM_JOINT_GLOBAL_INFEASIBLE,211,E3_SITE_18_SEC_2_UE_4,52,3,0.14204267444413815,0.14204267444413815,0.12783840699972435,RELATIVE_0P9_CURRENT_LOAD_NOMINAL,True,False,True,211,52,3,1.0,2123135.9180149753,3.379882718203757,0.4507438820981872
44026,2,55,FIXED_Q_FIXED_BEAM_JOINT_GLOBAL_INFEASIBLE,219,E3_SITE_19_SEC_1_UE_4,54,3,0.537566724432956,0.537566724432956,0.4838100519896604,RELATIVE_0P9_CURRENT_LOAD_NOMINAL,True,False,True,219,54,3,1.0,1917584.1964616594,3.602714465312732,0.8276703930895155
44026,2,56,FIXED_Q_FIXED_BEAM_JOINT_GLOBAL_INFEASIBLE,26,E3_SITE_03_SEC_1_UE_3,6,2,0.1414137992486354,0.1414137992486354,0.12727241932377187,RELATIVE_0P9_CURRENT_LOAD_NOMINAL,True,False,True,26,6,2,1.0,180127562.91228372,3.8678164502517816,0.49346811792349193
44026,2,56,FIXED_Q_FIXED_BEAM_JOINT_GLOBAL_INFEASIBLE,211,E3_SITE_18_SEC_2_UE_4,52,3,0.14204267444413815,0.14204267444413815,0.12783840699972435,RELATIVE_0P9_CURRENT_LOAD_NOMINAL,True,False,True,211,52,3,1.0,2672869.759881988,3.3792450700974968,0.4506801172875612
44026,2,56,FIXED_Q_FIXED_BEAM_JOINT_GLOBAL_INFEASIBLE,219,E3_SITE_19_SEC_1_UE_4,54,3,0.537566724432956,0.537566724432956,0.4838100519896604,RELATIVE_0P9_CURRENT_LOAD_NOMINAL,True,False,True,219,54,3,1.0,1917584.1964616594,3.602714465312732,0.8276703930895155
44026,2,57,FIXED_Q_FIXED_BEAM_JOINT_GLOBAL_INFEASIBLE,26,E3_SITE_03_SEC_1_UE_3,6,2,0.1414137992486354,0.1414137992486354,0.12727241932377187,RELATIVE_0P9_CURRENT_LOAD_NOMINAL,True,False,True,26,6,2,1.0,180127562.91228372,3.8678164502517816,0.49346811792349193
44026,2,57,FIXED_Q_FIXED_BEAM_JOINT_GLOBAL_INFEASIBLE,211,E3_SITE_18_SEC_2_UE_4,52,3,0.14204267444413815,0.14204267444413815,0.12783840699972435,RELATIVE_0P9_CURRENT_LOAD_NOMINAL,True,False,True,211,52,3,1.0,2123135.9180149753,3.379882718203757,0.4507438820981872
44026,2,57,FIXED_Q_FIXED_BEAM_JOINT_GLOBAL_INFEASIBLE,219,E3_SITE_19_SEC_1_UE_4,54,3,0.537566724432956,0.537566724432956,0.4838100519896604,RELATIVE_0P9_CURRENT_LOAD_NOMINAL,True,False,True,219,54,3,1.0,1917584.1964616594,3.602714465312732,0.8276703930895155
44026,2,58,FIXED_Q_FIXED_BEAM_JOINT_GLOBAL_INFEASIBLE,26,E3_SITE_03_SEC_1_UE_3,6,2,0.1414137992486354,0.1414137992486354,0.12727241932377187,RELATIVE_0P9_CURRENT_LOAD_NOMINAL,True,False,True,26,6,2,1.0,569613368.1780891,3.8678164502517816,0.49346811792349193
44026,2,58,FIXED_Q_FIXED_BEAM_JOINT_GLOBAL_INFEASIBLE,211,E3_SITE_18_SEC_2_UE_4,52,3,0.14204267444413815,0.14204267444413815,0.12783840699972435,RELATIVE_0P9_CURRENT_LOAD_NOMINAL,True,False,True,211,52,3,1.0,2672869.759881988,3.3792450700974968,0.4506801172875612
44026,2,58,FIXED_Q_FIXED_BEAM_JOINT_GLOBAL_INFEASIBLE,219,E3_SITE_19_SEC_1_UE_4,54,3,0.537566724432956,0.537566724432956,0.4838100519896604,RELATIVE_0P9_CURRENT_LOAD_NOMINAL,True,False,True,219,54,3,1.0,1917584.1964616594,3.602714465312732,0.8276703930895155
44026,2,59,FIXED_Q_FIXED_BEAM_JOINT_GLOBAL_INFEASIBLE,26,E3_SITE_03_SEC_1_UE_3,6,2,0.1414137992486354,0.1414137992486354,0.12727241932377187,RELATIVE_0P9_CURRENT_LOAD_NOMINAL,True,False,True,26,6,2,1.0,569613368.1780891,3.8678164502517816,0.49346811792349193
44026,2,59,FIXED_Q_FIXED_BEAM_JOINT_GLOBAL_INFEASIBLE,211,E3_SITE_18_SEC_2_UE_4,52,3,0.14204267444413815,0.14204267444413815,0.12783840699972435,RELATIVE_0P9_CURRENT_LOAD_NOMINAL,True,False,True,211,52,3,1.0,2123135.9180149753,3.379882718203757,0.4507438820981872
44026,2,59,FIXED_Q_FIXED_BEAM_JOINT_GLOBAL_INFEASIBLE,219,E3_SITE_19_SEC_1_UE_4,54,3,0.537566724432956,0.537566724432956,0.4838100519896604,RELATIVE_0P9_CURRENT_LOAD_NOMINAL,True,False,True,219,54,3,1.0,1917584.1964616594,3.602714465312732,0.8276703930895155
44026,2,80,FIXED_Q_FIXED_BEAM_JOINT_GLOBAL_INFEASIBLE,26,E3_SITE_03_SEC_1_UE_3,6,2,0.1414137992486354,0.446426892401261,0.4017842031611349,RELATIVE_0P9_CURRENT_LOAD_NOMINAL,True,False,True,26,6,2,1.0,43492741.91293555,6.328764559858947,0.9514010016657972
44026,2,80,FIXED_Q_FIXED_BEAM_JOINT_GLOBAL_INFEASIBLE,219,E3_SITE_19_SEC_1_UE_4,54,3,0.537566724432956,0.7868365415064549,0.7081528873558094,RELATIVE_0P9_CURRENT_LOAD_NOMINAL,True,False,True,219,54,3,1.0,6495797.747499485,3.751627874411035,1.078333292155134
44026,2,81,FIXED_Q_FIXED_BEAM_JOINT_GLOBAL_INFEASIBLE,26,E3_SITE_03_SEC_1_UE_3,6,2,0.1414137992486354,0.446426892401261,0.4017842031611349,RELATIVE_0P9_CURRENT_LOAD_NOMINAL,True,False,True,26,6,2,1.0,31571312.76181379,6.328770037599534,0.9514015494398558
44026,2,81,FIXED_Q_FIXED_BEAM_JOINT_GLOBAL_INFEASIBLE,219,E3_SITE_19_SEC_1_UE_4,54,3,0.537566724432956,0.7868365415064549,0.7081528873558094,RELATIVE_0P9_CURRENT_LOAD_NOMINAL,True,False,True,219,54,3,1.0,4777708.617938647,3.751637762723363,1.078334280986367
44026,2,82,FIXED_Q_FIXED_BEAM_JOINT_GLOBAL_INFEASIBLE,26,E3_SITE_03_SEC_1_UE_3,6,2,0.1414137992486354,0.446426892401261,0.4017842031611349,RELATIVE_0P9_CURRENT_LOAD_NOMINAL,True,False,True,26,6,2,1.0,14455632.221347077,6.328790817226275,0.9514036274025299
44026,2,82,FIXED_Q_FIXED_BEAM_JOINT_GLOBAL_INFEASIBLE,219,E3_SITE_19_SEC_1_UE_4,54,3,0.537566724432956,0.7868365415064549,0.7081528873558094,RELATIVE_0P9_CURRENT_LOAD_NOMINAL,True,False,True,219,54,3,1.0,2217533.490984664,3.751675273570672,1.0783380320710978
44026,2,83,FIXED_Q_FIXED_BEAM_JOINT_GLOBAL_INFEASIBLE,26,E3_SITE_03_SEC_1_UE_3,6,2,0.1414137992486354,0.446426892401261,0.4017842031611349,RELATIVE_0P9_CURRENT_LOAD_NOMINAL,True,False,True,26,6,2,1.0,16620633.178021932,6.328783079756814,0.9514028536555839
44026,2,83,FIXED_Q_FIXED_BEAM_JOINT_GLOBAL_INFEASIBLE,219,E3_SITE_19_SEC_1_UE_4,54,3,0.537566724432956,0.7868365415064549,0.7081528873558094,RELATIVE_0P9_CURRENT_LOAD_NOMINAL,True,False,True,219,54,3,1.0,1029410.4888299113,3.751728258291157,1.0783433305431465
44026,2,84,FIXED_Q_FIXED_BEAM_JOINT_GLOBAL_INFEASIBLE,26,E3_SITE_03_SEC_1_UE_3,6,2,0.1414137992486354,0.446426892401261,0.4017842031611349,RELATIVE_0P9_CURRENT_LOAD_NOMINAL,True,False,True,26,6,2,1.0,30277410.03187829,6.328764559858947,0.9514010016657972
44026,2,84,FIXED_Q_FIXED_BEAM_JOINT_GLOBAL_INFEASIBLE,219,E3_SITE_19_SEC_1_UE_4,54,3,0.537566724432956,0.7868365415064549,0.7081528873558094,RELATIVE_0P9_CURRENT_LOAD_NOMINAL,True,False,True,219,54,3,1.0,1902730.735851653,3.751675273570672,1.0783380320710978
44026,2,85,FIXED_Q_FIXED_BEAM_JOINT_GLOBAL_INFEASIBLE,26,E3_SITE_03_SEC_1_UE_3,6,2,0.1414137992486354,0.446426892401261,0.4017842031611349,RELATIVE_0P9_CURRENT_LOAD_NOMINAL,True,False,True,26,6,2,1.0,27633924.509806197,6.328764559858947,0.9514010016657972
44026,2,85,FIXED_Q_FIXED_BEAM_JOINT_GLOBAL_INFEASIBLE,219,E3_SITE_19_SEC_1_UE_4,54,3,0.537566724432956,0.7868365415064549,0.7081528873558094,RELATIVE_0P9_CURRENT_LOAD_NOMINAL,True,False,True,219,54,3,1.0,3517523.6040315633,3.751637762723363,1.078334280986367
44026,2,86,FIXED_Q_FIXED_BEAM_JOINT_GLOBAL_INFEASIBLE,26,E3_SITE_03_SEC_1_UE_3,6,2,0.1414137992486354,0.446426892401261,0.4017842031611349,RELATIVE_0P9_CURRENT_LOAD_NOMINAL,True,False,True,26,6,2,1.0,25212072.39984766,6.328764559858947,0.9514010016657972
44026,2,86,FIXED_Q_FIXED_BEAM_JOINT_GLOBAL_INFEASIBLE,219,E3_SITE_19_SEC_1_UE_4,54,3,0.537566724432956,0.7868365415064549,0.7081528873558094,RELATIVE_0P9_CURRENT_LOAD_NOMINAL,True,False,True,219,54,3,1.0,4103614.3490741453,3.751627874411035,1.078333292155134
44026,2,87,FIXED_Q_FIXED_BEAM_JOINT_GLOBAL_INFEASIBLE,26,E3_SITE_03_SEC_1_UE_3,6,2,0.1414137992486354,0.446426892401261,0.4017842031611349,RELATIVE_0P9_CURRENT_LOAD_NOMINAL,True,False,True,26,6,2,1.0,22993423.31583672,6.328764559858947,0.9514010016657972
44026,2,87,FIXED_Q_FIXED_BEAM_JOINT_GLOBAL_INFEASIBLE,219,E3_SITE_19_SEC_1_UE_4,54,3,0.537566724432956,0.7868365415064549,0.7081528873558094,RELATIVE_0P9_CURRENT_LOAD_NOMINAL,True,False,True,219,54,3,1.0,3803323.1456389143,3.751627874411035,1.078333292155134
44026,2,88,FIXED_Q_FIXED_BEAM_JOINT_GLOBAL_INFEASIBLE,26,E3_SITE_03_SEC_1_UE_3,6,2,0.1414137992486354,0.446426892401261,0.4017842031611349,RELATIVE_0P9_CURRENT_LOAD_NOMINAL,True,False,True,26,6,2,1.0,20961019.78220495,6.328764559858947,0.9514010016657972
44026,2,88,FIXED_Q_FIXED_BEAM_JOINT_GLOBAL_INFEASIBLE,219,E3_SITE_19_SEC_1_UE_4,54,3,0.537566724432956,0.7868365415064549,0.7081528873558094,RELATIVE_0P9_CURRENT_LOAD_NOMINAL,True,False,True,219,54,3,1.0,3525518.534978977,3.751627874411035,1.078333292155134
44026,2,89,FIXED_Q_FIXED_BEAM_JOINT_GLOBAL_INFEASIBLE,26,E3_SITE_03_SEC_1_UE_3,6,2,0.1414137992486354,0.446426892401261,0.4017842031611349,RELATIVE_0P9_CURRENT_LOAD_NOMINAL,True,False,True,26,6,2,1.0,19099283.84996361,6.328764559858947,0.9514010016657972
44026,2,89,FIXED_Q_FIXED_BEAM_JOINT_GLOBAL_INFEASIBLE,219,E3_SITE_19_SEC_1_UE_4,54,3,0.537566724432956,0.7868365415064549,0.7081528873558094,RELATIVE_0P9_CURRENT_LOAD_NOMINAL,True,False,True,219,54,3,1.0,3268439.936119609,3.751627874411035,1.078333292155134
44026,2,90,FIXED_Q_FIXED_BEAM_JOINT_GLOBAL_INFEASIBLE,26,E3_SITE_03_SEC_1_UE_3,6,2,0.1414137992486354,0.446426892401261,0.4017842031611349,RELATIVE_0P9_CURRENT_LOAD_NOMINAL,True,False,True,26,6,2,1.0,17393923.41393869,6.328764559858947,0.9514010016657972
44026,2,90,FIXED_Q_FIXED_BEAM_JOINT_GLOBAL_INFEASIBLE,219,E3_SITE_19_SEC_1_UE_4,54,3,0.537566724432956,0.7868365415064549,0.7081528873558094,RELATIVE_0P9_CURRENT_LOAD_NOMINAL,True,False,True,219,54,3,1.0,3030464.672575077,3.751627874411035,1.078333292155134
44026,2,91,FIXED_Q_FIXED_BEAM_JOINT_GLOBAL_INFEASIBLE,26,E3_SITE_03_SEC_1_UE_3,6,2,0.1414137992486354,0.446426892401261,0.4017842031611349,RELATIVE_0P9_CURRENT_LOAD_NOMINAL,True,False,True,26,6,2,1.0,15831839.99557383,6.328764559858947,0.9514010016657972
44026,2,91,FIXED_Q_FIXED_BEAM_JOINT_GLOBAL_INFEASIBLE,219,E3_SITE_19_SEC_1_UE_4,54,3,0.537566724432956,0.7868365415064549,0.7081528873558094,RELATIVE_0P9_CURRENT_LOAD_NOMINAL,True,False,True,219,54,3,1.0,2810098.7688061236,3.751627874411035,1.078333292155134
44026,2,92,FIXED_Q_FIXED_BEAM_JOINT_GLOBAL_INFEASIBLE,26,E3_SITE_03_SEC_1_UE_3,6,2,0.1414137992486354,0.446426892401261,0.4017842031611349,RELATIVE_0P9_CURRENT_LOAD_NOMINAL,True,False,True,26,6,2,1.0,14401039.295510849,6.328764559858947,0.9514010016657972
44026,2,92,FIXED_Q_FIXED_BEAM_JOINT_GLOBAL_INFEASIBLE,219,E3_SITE_19_SEC_1_UE_4,54,3,0.537566724432956,0.7868365415064549,0.7081528873558094,RELATIVE_0P9_CURRENT_LOAD_NOMINAL,True,False,True,219,54,3,1.0,2605967.9199236217,3.751627874411035,1.078333292155134
44026,2,93,FIXED_Q_FIXED_BEAM_JOINT_GLOBAL_INFEASIBLE,26,E3_SITE_03_SEC_1_UE_3,6,2,0.1414137992486354,0.446426892401261,0.4017842031611349,RELATIVE_0P9_CURRENT_LOAD_NOMINAL,True,False,True,26,6,2,1.0,13090545.44212204,6.328764559858947,0.9514010016657972
44026,2,93,FIXED_Q_FIXED_BEAM_JOINT_GLOBAL_INFEASIBLE,219,E3_SITE_19_SEC_1_UE_4,54,3,0.537566724432956,0.7868365415064549,0.7081528873558094,RELATIVE_0P9_CURRENT_LOAD_NOMINAL,True,False,True,219,54,3,1.0,2416808.749172293,3.751627874411035,1.078333292155134
44026,2,94,FIXED_Q_FIXED_BEAM_JOINT_GLOBAL_INFEASIBLE,26,E3_SITE_03_SEC_1_UE_3,6,2,0.1414137992486354,0.446426892401261,0.4017842031611349,RELATIVE_0P9_CURRENT_LOAD_NOMINAL,True,False,True,26,6,2,1.0,11890319.557383126,6.328764559858947,0.9514010016657972
44026,2,94,FIXED_Q_FIXED_BEAM_JOINT_GLOBAL_INFEASIBLE,219,E3_SITE_19_SEC_1_UE_4,54,3,0.537566724432956,0.7868365415064549,0.7081528873558094,RELATIVE_0P9_CURRENT_LOAD_NOMINAL,True,False,True,219,54,3,1.0,2241460.434019008,3.751627874411035,1.078333292155134
44026,2,95,FIXED_Q_FIXED_BEAM_JOINT_GLOBAL_INFEASIBLE,26,E3_SITE_03_SEC_1_UE_3,6,2,0.1414137992486354,0.446426892401261,0.4017842031611349,RELATIVE_0P9_CURRENT_LOAD_NOMINAL,True,False,True,26,6,2,1.0,10791183.020380372,6.328764559858947,0.9514010016657972
44026,2,95,FIXED_Q_FIXED_BEAM_JOINT_GLOBAL_INFEASIBLE,219,E3_SITE_19_SEC_1_UE_4,54,3,0.537566724432956,0.7868365415064549,0.7081528873558094,RELATIVE_0P9_CURRENT_LOAD_NOMINAL,True,False,True,219,54,3,1.0,2078856.754688157,3.751627874411035,1.078333292155134
44026,2,96,FIXED_Q_FIXED_BEAM_JOINT_GLOBAL_INFEASIBLE,26,E3_SITE_03_SEC_1_UE_3,6,2,0.1414137992486354,0.446426892401261,0.4017842031611349,RELATIVE_0P9_CURRENT_LOAD_NOMINAL,True,False,True,26,6,2,1.0,9784745.61840327,6.328764559858947,0.9514010016657972
44026,2,96,FIXED_Q_FIXED_BEAM_JOINT_GLOBAL_INFEASIBLE,219,E3_SITE_19_SEC_1_UE_4,54,3,0.537566724432956,0.7868365415064549,0.7081528873558094,RELATIVE_0P9_CURRENT_LOAD_NOMINAL,True,False,True,219,54,3,1.0,1928018.5972847166,3.751627874411035,1.078333292155134
44026,2,97,FIXED_Q_FIXED_BEAM_JOINT_GLOBAL_INFEASIBLE,26,E3_SITE_03_SEC_1_UE_3,6,2,0.1414137992486354,0.446426892401261,0.4017842031611349,RELATIVE_0P9_CURRENT_LOAD_NOMINAL,True,False,True,26,6,2,1.0,8863338.633395404,6.328764559858947,0.9514010016657972
44026,2,97,FIXED_Q_FIXED_BEAM_JOINT_GLOBAL_INFEASIBLE,219,E3_SITE_19_SEC_1_UE_4,54,3,0.537566724432956,0.7868365415064549,0.7081528873558094,RELATIVE_0P9_CURRENT_LOAD_NOMINAL,True,False,True,219,54,3,1.0,1788046.927254177,3.751627874411035,1.078333292155134
44026,2,98,FIXED_Q_FIXED_BEAM_JOINT_GLOBAL_INFEASIBLE,26,E3_SITE_03_SEC_1_UE_3,6,2,0.1414137992486354,0.446426892401261,0.4017842031611349,RELATIVE_0P9_CURRENT_LOAD_NOMINAL,True,False,True,26,6,2,1.0,8019952.801356925,6.328764559858947,0.9514010016657972
44026,2,98,FIXED_Q_FIXED_BEAM_JOINT_GLOBAL_INFEASIBLE,219,E3_SITE_19_SEC_1_UE_4,54,3,0.537566724432956,0.7868365415064549,0.7081528873558094,RELATIVE_0P9_CURRENT_LOAD_NOMINAL,True,False,True,219,54,3,1.0,1658116.2358328358,3.751627874411035,1.078333292155134
44026,2,99,FIXED_Q_FIXED_BEAM_JOINT_GLOBAL_INFEASIBLE,26,E3_SITE_03_SEC_1_UE_3,6,2,0.1414137992486354,0.446426892401261,0.4017842031611349,RELATIVE_0P9_CURRENT_LOAD_NOMINAL,True,False,True,26,6,2,1.0,7248181.005062264,6.328764559858947,0.9514010016657972
44026,2,99,FIXED_Q_FIXED_BEAM_JOINT_GLOBAL_INFEASIBLE,219,E3_SITE_19_SEC_1_UE_4,54,3,0.537566724432956,0.7868365415064549,0.7081528873558094,RELATIVE_0P9_CURRENT_LOAD_NOMINAL,True,False,True,219,54,3,1.0,1537468.452790516,3.751627874411035,1.078333292155134
44026,3,0,FIXED_Q_FIXED_BEAM_JOINT_GLOBAL_INFEASIBLE,26,E3_SITE_03_SEC_1_UE_3,6,2,0.1414137992486354,0.1414137992486354,0.12727241932377187,RELATIVE_0P9_CURRENT_LOAD_NOMINAL,True,False,True,26,6,2,1.0,569613368.1780891,3.8678164502517816,0.49346811792349193
44026,3,0,FIXED_Q_FIXED_BEAM_JOINT_GLOBAL_INFEASIBLE,211,E3_SITE_18_SEC_2_UE_4,52,3,0.14204267444413815,0.14204267444413815,0.12783840699972435,RELATIVE_0P9_CURRENT_LOAD_NOMINAL,True,False,True,211,52,3,1.0,1403368823882.7256,3.3740286720156156,0.4501584774793731
44026,3,0,FIXED_Q_FIXED_BEAM_JOINT_GLOBAL_INFEASIBLE,219,E3_SITE_19_SEC_1_UE_4,54,3,0.537566724432956,0.537566724432956,0.4838100519896604,RELATIVE_0P9_CURRENT_LOAD_NOMINAL,True,False,True,219,54,3,1.0,6063933.665962637,3.602714465312732,0.8276703930895155
44026,3,1,FIXED_Q_FIXED_BEAM_JOINT_GLOBAL_INFEASIBLE,26,E3_SITE_03_SEC_1_UE_3,6,2,0.1414137992486354,0.1414137992486354,0.12727241932377187,RELATIVE_0P9_CURRENT_LOAD_NOMINAL,True,False,True,26,6,2,1.0,569613368.1780891,3.8678164502517816,0.49346811792349193
44026,3,1,FIXED_Q_FIXED_BEAM_JOINT_GLOBAL_INFEASIBLE,211,E3_SITE_18_SEC_2_UE_4,52,3,0.14204267444413815,0.14204267444413815,0.12783840699972435,RELATIVE_0P9_CURRENT_LOAD_NOMINAL,True,False,True,211,52,3,1.0,1403368823882.7256,3.3740286720156156,0.4501584774793731
44026,3,1,FIXED_Q_FIXED_BEAM_JOINT_GLOBAL_INFEASIBLE,219,E3_SITE_19_SEC_1_UE_4,54,3,0.537566724432956,0.537566724432956,0.4838100519896604,RELATIVE_0P9_CURRENT_LOAD_NOMINAL,True,False,True,219,54,3,1.0,6063933.665962637,3.602714465312732,0.8276703930895155
44026,3,2,FIXED_Q_FIXED_BEAM_JOINT_GLOBAL_INFEASIBLE,26,E3_SITE_03_SEC_1_UE_3,6,2,0.1414137992486354,0.1414137992486354,0.12727241932377187,RELATIVE_0P9_CURRENT_LOAD_NOMINAL,True,False,True,26,6,2,1.0,452459981.2204768,3.8678185178683697,0.4934683246851507
44026,3,2,FIXED_Q_FIXED_BEAM_JOINT_GLOBAL_INFEASIBLE,211,E3_SITE_18_SEC_2_UE_4,52,3,0.14204267444413815,0.14204267444413815,0.12783840699972435,RELATIVE_0P9_CURRENT_LOAD_NOMINAL,True,False,True,211,52,3,1.0,1114735480543.087,3.374030255086854,0.45015863578649695
44026,3,2,FIXED_Q_FIXED_BEAM_JOINT_GLOBAL_INFEASIBLE,219,E3_SITE_19_SEC_1_UE_4,54,3,0.537566724432956,0.537566724432956,0.4838100519896604,RELATIVE_0P9_CURRENT_LOAD_NOMINAL,True,False,True,219,54,3,1.0,4816753.724369712,3.602725775859367,0.827671524144179
44026,3,3,FIXED_Q_FIXED_BEAM_JOINT_GLOBAL_INFEASIBLE,26,E3_SITE_03_SEC_1_UE_3,6,2,0.1414137992486354,0.1414137992486354,0.12727241932377187,RELATIVE_0P9_CURRENT_LOAD_NOMINAL,True,False,True,26,6,2,1.0,226767166.31478453,3.8678263613661894,0.4934691090349327
44026,3,3,FIXED_Q_FIXED_BEAM_JOINT_GLOBAL_INFEASIBLE,211,E3_SITE_18_SEC_2_UE_4,52,3,0.14204267444413815,0.14204267444413815,0.12783840699972435,RELATIVE_0P9_CURRENT_LOAD_NOMINAL,True,False,True,211,52,3,1.0,558691191719.7653,3.374036260432931,0.4501592363211046
44026,3,3,FIXED_Q_FIXED_BEAM_JOINT_GLOBAL_INFEASIBLE,219,E3_SITE_19_SEC_1_UE_4,54,3,0.537566724432956,0.537566724432956,0.4838100519896604,RELATIVE_0P9_CURRENT_LOAD_NOMINAL,True,False,True,219,54,3,1.0,2414095.4741809154,3.602768681842613,0.8276758147425036
44026,3,4,FIXED_Q_FIXED_BEAM_JOINT_GLOBAL_INFEASIBLE,26,E3_SITE_03_SEC_1_UE_3,6,2,0.1414137992486354,0.1414137992486354,0.12727241932377187,RELATIVE_0P9_CURRENT_LOAD_NOMINAL,True,False,True,26,6,2,1.0,113652808.76283565,3.8678374406895997,0.4934702169672737
44026,3,4,FIXED_Q_FIXED_BEAM_JOINT_GLOBAL_INFEASIBLE,211,E3_SITE_18_SEC_2_UE_4,52,3,0.14204267444413815,0.14204267444413815,0.12783840699972435,RELATIVE_0P9_CURRENT_LOAD_NOMINAL,True,False,True,211,52,3,1.0,280008892829.84937,3.374044743195614,0.45016008459737294
44026,3,4,FIXED_Q_FIXED_BEAM_JOINT_GLOBAL_INFEASIBLE,219,E3_SITE_19_SEC_1_UE_4,54,3,0.537566724432956,0.537566724432956,0.4838100519896604,RELATIVE_0P9_CURRENT_LOAD_NOMINAL,True,False,True,219,54,3,1.0,1209913.8324171128,3.602829287170068,0.8276818752752492
44026,3,5,FIXED_Q_FIXED_BEAM_JOINT_GLOBAL_INFEASIBLE,26,E3_SITE_03_SEC_1_UE_3,6,2,0.1414137992486354,0.1414137992486354,0.12727241932377187,RELATIVE_0P9_CURRENT_LOAD_NOMINAL,True,False,True,26,6,2,1.0,56961336.817784704,3.867853090825981,0.49347178198091185
44026,3,5,FIXED_Q_FIXED_BEAM_JOINT_GLOBAL_INFEASIBLE,211,E3_SITE_18_SEC_2_UE_4,52,3,0.14204267444413815,0.14204267444413815,0.12783840699972435,RELATIVE_0P9_CURRENT_LOAD_NOMINAL,True,False,True,211,52,3,1.0,140336882388.32727,3.3740567253882157,0.4501612828166331
44026,3,5,FIXED_Q_FIXED_BEAM_JOINT_GLOBAL_INFEASIBLE,219,E3_SITE_19_SEC_1_UE_4,54,3,0.537566724432956,0.537566724432956,0.4838100519896604,RELATIVE_0P9_CURRENT_LOAD_NOMINAL,True,False,True,219,54,3,1.0,606393.3665965236,3.6029148925057,0.8276904358088124
44026,3,6,FIXED_Q_FIXED_BEAM_JOINT_GLOBAL_INFEASIBLE,26,E3_SITE_03_SEC_1_UE_3,6,2,0.1414137992486354,0.1414137992486354,0.12727241932377187,RELATIVE_0P9_CURRENT_LOAD_NOMINAL,True,False,True,26,6,2,1.0,28548294.823426455,3.867875197582538,0.49347399265656755
44026,3,6,FIXED_Q_FIXED_BEAM_JOINT_GLOBAL_INFEASIBLE,211,E3_SITE_18_SEC_2_UE_4,52,3,0.14204267444413815,0.14204267444413815,0.12783840699972435,RELATIVE_0P9_CURRENT_LOAD_NOMINAL,True,False,True,211,52,3,1.0,70335053860.10272,3.374073650628924,0.45016297534070393
44026,3,6,FIXED_Q_FIXED_BEAM_JOINT_GLOBAL_INFEASIBLE,219,E3_SITE_19_SEC_1_UE_4,54,3,0.537566724432956,0.537566724432956,0.4838100519896604,RELATIVE_0P9_CURRENT_LOAD_NOMINAL,True,False,True,219,54,3,1.0,303916.6138944408,3.6030358093361934,0.8277025274918617
44026,3,7,FIXED_Q_FIXED_BEAM_JOINT_GLOBAL_INFEASIBLE,26,E3_SITE_03_SEC_1_UE_3,6,2,0.1414137992486354,0.1414137992486354,0.12727241932377187,RELATIVE_0P9_CURRENT_LOAD_NOMINAL,True,False,True,26,6,2,1.0,31385012.60603569,3.8678546055166114,0.4934719334499749
44026,3,7,FIXED_Q_FIXED_BEAM_JOINT_GLOBAL_INFEASIBLE,211,E3_SITE_18_SEC_2_UE_4,52,3,0.14204267444413815,0.14204267444413815,0.12783840699972435,RELATIVE_0P9_CURRENT_LOAD_NOMINAL,True,False,True,211,52,3,1.0,35251031071.16233,3.374097558054726,0.4501653660832841
44026,3,7,FIXED_Q_FIXED_BEAM_JOINT_GLOBAL_INFEASIBLE,219,E3_SITE_19_SEC_1_UE_4,54,3,0.537566724432956,0.537566724432956,0.4838100519896604,RELATIVE_0P9_CURRENT_LOAD_NOMINAL,True,False,True,219,54,3,1.0,152319.12697112784,3.603206601077942,0.8277196066660366
44026,3,8,FIXED_Q_FIXED_BEAM_JOINT_GLOBAL_INFEASIBLE,26,E3_SITE_03_SEC_1_UE_3,6,2,0.1414137992486354,0.1414137992486354,0.12727241932377187,RELATIVE_0P9_CURRENT_LOAD_NOMINAL,True,False,True,26,6,2,1.0,62621332.9076496,3.8678385127030106,0.4934703241686148
44026,3,8,FIXED_Q_FIXED_BEAM_JOINT_GLOBAL_INFEASIBLE,211,E3_SITE_18_SEC_2_UE_4,52,3,0.14204267444413815,0.14204267444413815,0.12783840699972435,RELATIVE_0P9_CURRENT_LOAD_NOMINAL,True,False,True,211,52,3,1.0,17667366745.065212,3.3741313279674974,0.4501687430745613
44026,3,8,FIXED_Q_FIXED_BEAM_JOINT_GLOBAL_INFEASIBLE,219,E3_SITE_19_SEC_1_UE_4,54,3,0.537566724432956,0.537566724432956,0.4838100519896604,RELATIVE_0P9_CURRENT_LOAD_NOMINAL,True,False,True,219,54,3,1.0,76340.40187518075,3.603447835221849,0.8277437300804272
44026,3,9,FIXED_Q_FIXED_BEAM_JOINT_GLOBAL_INFEASIBLE,26,E3_SITE_03_SEC_1_UE_3,6,2,0.1414137992486354,0.1414137992486354,0.12727241932377187,RELATIVE_0P9_CURRENT_LOAD_NOMINAL,True,False,True,26,6,2,1.0,99248124.22818317,3.867830489756221,0.49346952187393583
44026,3,9,FIXED_Q_FIXED_BEAM_JOINT_GLOBAL_INFEASIBLE,211,E3_SITE_18_SEC_2_UE_4,52,3,0.14204267444413815,0.14204267444413815,0.12783840699972435,RELATIVE_0P9_CURRENT_LOAD_NOMINAL,True,False,True,211,52,3,1.0,8854658664.437555,3.374179028790686,0.45017351315688015
44026,3,9,FIXED_Q_FIXED_BEAM_JOINT_GLOBAL_INFEASIBLE,219,E3_SITE_19_SEC_1_UE_4,54,3,0.537566724432956,0.537566724432956,0.4838100519896604,RELATIVE_0P9_CURRENT_LOAD_NOMINAL,True,False,True,219,54,3,1.0,38260.834829817664,3.603788556378129,0.8277778021960552
44026,3,10,FIXED_Q_FIXED_BEAM_JOINT_GLOBAL_INFEASIBLE,26,E3_SITE_03_SEC_1_UE_3,6,2,0.1414137992486354,0.1414137992486354,0.12727241932377187,RELATIVE_0P9_CURRENT_LOAD_NOMINAL,True,False,True,26,6,2,1.0,124945985.66371246,3.8678271201404817,0.4934691849123619
44026,3,10,FIXED_Q_FIXED_BEAM_JOINT_GLOBAL_INFEASIBLE,211,E3_SITE_18_SEC_2_UE_4,52,3,0.14204267444413815,0.14204267444413815,0.12783840699972435,RELATIVE_0P9_CURRENT_LOAD_NOMINAL,True,False,True,211,52,3,1.0,4437841880.743173,3.374246407103507,0.4501802509881622
44026,3,10,FIXED_Q_FIXED_BEAM_JOINT_GLOBAL_INFEASIBLE,219,E3_SITE_19_SEC_1_UE_4,54,3,0.537566724432956,0.537566724432956,0.4838100519896604,RELATIVE_0P9_CURRENT_LOAD_NOMINAL,True,False,True,219,54,3,1.0,32928.74090962159,3.6039002568567855,0.8277889722439209
44026,3,11,FIXED_Q_FIXED_BEAM_JOINT_GLOBAL_INFEASIBLE,26,E3_SITE_03_SEC_1_UE_3,6,2,0.1414137992486354,0.1414137992486354,0.12727241932377187,RELATIVE_0P9_CURRENT_LOAD_NOMINAL,True,False,True,26,6,2,1.0,124945985.66371246,3.8678271201404817,0.4934691849123619
44026,3,11,FIXED_Q_FIXED_BEAM_JOINT_GLOBAL_INFEASIBLE,211,E3_SITE_18_SEC_2_UE_4,52,3,0.14204267444413815,0.14204267444413815,0.12783840699972435,RELATIVE_0P9_CURRENT_LOAD_NOMINAL,True,False,True,211,52,3,1.0,2224189695.484902,3.3743415797225937,0.4501897682500709
44026,3,11,FIXED_Q_FIXED_BEAM_JOINT_GLOBAL_INFEASIBLE,219,E3_SITE_19_SEC_1_UE_4,54,3,0.537566724432956,0.537566724432956,0.4838100519896604,RELATIVE_0P9_CURRENT_LOAD_NOMINAL,True,False,True,219,54,3,1.0,32928.74090962159,3.6039002568567855,0.8277889722439209
44026,3,12,FIXED_Q_FIXED_BEAM_JOINT_GLOBAL_INFEASIBLE,26,E3_SITE_03_SEC_1_UE_3,6,2,0.1414137992486354,0.1414137992486354,0.12727241932377187,RELATIVE_0P9_CURRENT_LOAD_NOMINAL,True,False,True,26,6,2,1.0,124945985.66371246,3.8678271201404817,0.4934691849123619
44026,3,12,FIXED_Q_FIXED_BEAM_JOINT_GLOBAL_INFEASIBLE,211,E3_SITE_18_SEC_2_UE_4,52,3,0.14204267444413815,0.14204267444413815,0.12783840699972435,RELATIVE_0P9_CURRENT_LOAD_NOMINAL,True,False,True,211,52,3,1.0,1114735480.5423172,3.3744760110737566,0.4502032113851872
44026,3,12,FIXED_Q_FIXED_BEAM_JOINT_GLOBAL_INFEASIBLE,219,E3_SITE_19_SEC_1_UE_4,54,3,0.537566724432956,0.537566724432956,0.4838100519896604,RELATIVE_0P9_CURRENT_LOAD_NOMINAL,True,False,True,219,54,3,1.0,32928.74090962159,3.6039002568567855,0.8277889722439209
44026,3,13,FIXED_Q_FIXED_BEAM_JOINT_GLOBAL_INFEASIBLE,26,E3_SITE_03_SEC_1_UE_3,6,2,0.1414137992486354,0.1414137992486354,0.12727241932377187,RELATIVE_0P9_CURRENT_LOAD_NOMINAL,True,False,True,26,6,2,1.0,124945985.66371246,3.8678271201404817,0.4934691849123619
44026,3,13,FIXED_Q_FIXED_BEAM_JOINT_GLOBAL_INFEASIBLE,211,E3_SITE_18_SEC_2_UE_4,52,3,0.14204267444413815,0.14204267444413815,0.12783840699972435,RELATIVE_0P9_CURRENT_LOAD_NOMINAL,True,False,True,211,52,3,1.0,558691191.7191709,3.374665893328207,0.45022219961063226
44026,3,13,FIXED_Q_FIXED_BEAM_JOINT_GLOBAL_INFEASIBLE,219,E3_SITE_19_SEC_1_UE_4,54,3,0.537566724432956,0.537566724432956,0.4838100519896604,RELATIVE_0P9_CURRENT_LOAD_NOMINAL,True,False,True,219,54,3,1.0,32928.74090962159,3.6039002568567855,0.8277889722439209
44026,3,14,FIXED_Q_FIXED_BEAM_JOINT_GLOBAL_INFEASIBLE,26,E3_SITE_03_SEC_1_UE_3,6,2,0.1414137992486354,0.1414137992486354,0.12727241932377187,RELATIVE_0P9_CURRENT_LOAD_NOMINAL,True,False,True,26,6,2,1.0,157297676.45372254,3.8678241169842247,0.4934688845967362
44026,3,14,FIXED_Q_FIXED_BEAM_JOINT_GLOBAL_INFEASIBLE,211,E3_SITE_18_SEC_2_UE_4,52,3,0.14204267444413815,0.14204267444413815,0.12783840699972435,RELATIVE_0P9_CURRENT_LOAD_NOMINAL,True,False,True,211,52,3,1.0,280008892.829656,3.3749340950226854,0.4502490197800801
44026,3,14,FIXED_Q_FIXED_BEAM_JOINT_GLOBAL_INFEASIBLE,219,E3_SITE_19_SEC_1_UE_4,54,3,0.537566724432956,0.537566724432956,0.4838100519896604,RELATIVE_0P9_CURRENT_LOAD_NOMINAL,True,False,True,219,54,3,1.0,41454.8287095085,3.603761247329152,0.8277750712911576
44026,3,15,FIXED_Q_FIXED_BEAM_JOINT_GLOBAL_INFEASIBLE,26,E3_SITE_03_SEC_1_UE_3,6,2,0.1414137992486354,0.1414137992486354,0.12727241932377187,RELATIVE_0P9_CURRENT_LOAD_NOMINAL,True,False,True,26,6,2,1.0,198026042.10377803,3.867821440431843,0.4934686169414981
44026,3,15,FIXED_Q_FIXED_BEAM_JOINT_GLOBAL_INFEASIBLE,211,E3_SITE_18_SEC_2_UE_4,52,3,0.14204267444413815,0.14204267444413815,0.12783840699972435,RELATIVE_0P9_CURRENT_LOAD_NOMINAL,True,False,True,211,52,3,1.0,140336882.38833016,3.3753129118144956,0.4502869014592611
44026,3,15,FIXED_Q_FIXED_BEAM_JOINT_GLOBAL_INFEASIBLE,219,E3_SITE_19_SEC_1_UE_4,54,3,0.537566724432956,0.537566724432956,0.4838100519896604,RELATIVE_0P9_CURRENT_LOAD_NOMINAL,True,False,True,219,54,3,1.0,52188.53730397385,3.603637349838975,0.8277626815421398
44026,3,16,FIXED_Q_FIXED_BEAM_JOINT_GLOBAL_INFEASIBLE,26,E3_SITE_03_SEC_1_UE_3,6,2,0.1414137992486354,0.1414137992486354,0.12727241932377187,RELATIVE_0P9_CURRENT_LOAD_NOMINAL,True,False,True,26,6,2,1.0,395113899.19215447,3.8678150340884034,0.4934679763071541
44026,3,16,FIXED_Q_FIXED_BEAM_JOINT_GLOBAL_INFEASIBLE,211,E3_SITE_18_SEC_2_UE_4,52,3,0.14204267444413815,0.14204267444413815,0.12783840699972435,RELATIVE_0P9_CURRENT_LOAD_NOMINAL,True,False,True,211,52,3,1.0,70335053.86008257,3.375847948546349,0.4503404051324464
44026,3,16,FIXED_Q_FIXED_BEAM_JOINT_GLOBAL_INFEASIBLE,219,E3_SITE_19_SEC_1_UE_4,54,3,0.537566724432956,0.537566724432956,0.4838100519896604,RELATIVE_0P9_CURRENT_LOAD_NOMINAL,True,False,True,219,54,3,1.0,104129.82175596566,3.6033407785108196,0.8277330244093243
44026,3,17,FIXED_Q_FIXED_BEAM_JOINT_GLOBAL_INFEASIBLE,26,E3_SITE_03_SEC_1_UE_3,6,2,0.1414137992486354,0.1414137992486354,0.12727241932377187,RELATIVE_0P9_CURRENT_LOAD_NOMINAL,True,False,True,26,6,2,1.0,569613368.1780891,3.8678164502517816,0.49346811792349193
44026,3,17,FIXED_Q_FIXED_BEAM_JOINT_GLOBAL_INFEASIBLE,211,E3_SITE_18_SEC_2_UE_4,52,3,0.14204267444413815,0.14204267444413815,0.12783840699972435,RELATIVE_0P9_CURRENT_LOAD_NOMINAL,True,False,True,211,52,3,1.0,35251031.071160145,3.376603595865294,0.4504159698643409
44026,3,17,FIXED_Q_FIXED_BEAM_JOINT_GLOBAL_INFEASIBLE,219,E3_SITE_19_SEC_1_UE_4,54,3,0.537566724432956,0.537566724432956,0.4838100519896604,RELATIVE_0P9_CURRENT_LOAD_NOMINAL,True,False,True,219,54,3,1.0,207766.3092141061,3.6031308053776696,0.8277120270960093
44026,3,18,FIXED_Q_FIXED_BEAM_JOINT_GLOBAL_INFEASIBLE,26,E3_SITE_03_SEC_1_UE_3,6,2,0.1414137992486354,0.1414137992486354,0.12727241932377187,RELATIVE_0P9_CURRENT_LOAD_NOMINAL,True,False,True,26,6,2,1.0,569613368.1780891,3.8678164502517816,0.49346811792349193
44026,3,18,FIXED_Q_FIXED_BEAM_JOINT_GLOBAL_INFEASIBLE,211,E3_SITE_18_SEC_2_UE_4,52,3,0.14204267444413815,0.14204267444413815,0.12783840699972435,RELATIVE_0P9_CURRENT_LOAD_NOMINAL,True,False,True,211,52,3,1.0,17667366.745063726,3.377670752298396,0.4505226855076511
44026,3,18,FIXED_Q_FIXED_BEAM_JOINT_GLOBAL_INFEASIBLE,219,E3_SITE_19_SEC_1_UE_4,54,3,0.537566724432956,0.537566724432956,0.4838100519896604,RELATIVE_0P9_CURRENT_LOAD_NOMINAL,True,False,True,219,54,3,1.0,414548.2870950595,3.6029821474065677,0.8276971612988991
44026,3,19,FIXED_Q_FIXED_BEAM_JOINT_GLOBAL_INFEASIBLE,26,E3_SITE_03_SEC_1_UE_3,6,2,0.1414137992486354,0.1414137992486354,0.12727241932377187,RELATIVE_0P9_CURRENT_LOAD_NOMINAL,True,False,True,26,6,2,1.0,569613368.1780891,3.8678164502517816,0.49346811792349193
44026,3,19,FIXED_Q_FIXED_BEAM_JOINT_GLOBAL_INFEASIBLE,211,E3_SITE_18_SEC_2_UE_4,52,3,0.14204267444413815,0.14204267444413815,0.12783840699972435,RELATIVE_0P9_CURRENT_LOAD_NOMINAL,True,False,True,211,52,3,1.0,8854658.664436936,3.379177704331351,0.4506733807109466
44026,3,19,FIXED_Q_FIXED_BEAM_JOINT_GLOBAL_INFEASIBLE,219,E3_SITE_19_SEC_1_UE_4,54,3,0.537566724432956,0.537566724432956,0.4838100519896604,RELATIVE_0P9_CURRENT_LOAD_NOMINAL,True,False,True,219,54,3,1.0,827132.5749756609,3.6028769014239828,0.8276866367006406
44026,3,40,FIXED_Q_FIXED_BEAM_JOINT_GLOBAL_INFEASIBLE,26,E3_SITE_03_SEC_1_UE_3,6,2,0.1414137992486354,0.1414137992486354,0.12727241932377187,RELATIVE_0P9_CURRENT_LOAD_NOMINAL,True,False,True,26,6,2,1.0,180127562.91228372,3.8678164502517816,0.49346811792349193
44026,3,40,FIXED_Q_FIXED_BEAM_JOINT_GLOBAL_INFEASIBLE,211,E3_SITE_18_SEC_2_UE_4,52,3,0.14204267444413815,0.14204267444413815,0.12783840699972435,RELATIVE_0P9_CURRENT_LOAD_NOMINAL,True,False,True,211,52,3,1.0,673020269.5090697,3.374573416901379,0.4502129519679494
44026,3,40,FIXED_Q_FIXED_BEAM_JOINT_GLOBAL_INFEASIBLE,219,E3_SITE_19_SEC_1_UE_4,54,3,0.537566724432956,0.537566724432956,0.4838100519896604,RELATIVE_0P9_CURRENT_LOAD_NOMINAL,True,False,True,219,54,3,1.0,6063933.665962637,3.602714465312732,0.8276703930895155
44026,3,41,FIXED_Q_FIXED_BEAM_JOINT_GLOBAL_INFEASIBLE,26,E3_SITE_03_SEC_1_UE_3,6,2,0.1414137992486354,0.1414137992486354,0.12727241932377187,RELATIVE_0P9_CURRENT_LOAD_NOMINAL,True,False,True,26,6,2,1.0,180127562.91228372,3.8678164502517816,0.49346811792349193
44026,3,41,FIXED_Q_FIXED_BEAM_JOINT_GLOBAL_INFEASIBLE,211,E3_SITE_18_SEC_2_UE_4,52,3,0.14204267444413815,0.14204267444413815,0.12783840699972435,RELATIVE_0P9_CURRENT_LOAD_NOMINAL,True,False,True,211,52,3,1.0,337309167.0503336,3.3748034759157175,0.45023595786938325
44026,3,41,FIXED_Q_FIXED_BEAM_JOINT_GLOBAL_INFEASIBLE,219,E3_SITE_19_SEC_1_UE_4,54,3,0.537566724432956,0.537566724432956,0.4838100519896604,RELATIVE_0P9_CURRENT_LOAD_NOMINAL,True,False,True,219,54,3,1.0,6063933.665962637,3.602714465312732,0.8276703930895155
44026,3,42,FIXED_Q_FIXED_BEAM_JOINT_GLOBAL_INFEASIBLE,26,E3_SITE_03_SEC_1_UE_3,6,2,0.1414137992486354,0.1414137992486354,0.12727241932377187,RELATIVE_0P9_CURRENT_LOAD_NOMINAL,True,False,True,26,6,2,1.0,180127562.91228372,3.8678164502517816,0.49346811792349193
44026,3,42,FIXED_Q_FIXED_BEAM_JOINT_GLOBAL_INFEASIBLE,211,E3_SITE_18_SEC_2_UE_4,52,3,0.14204267444413815,0.14204267444413815,0.12783840699972435,RELATIVE_0P9_CURRENT_LOAD_NOMINAL,True,False,True,211,52,3,1.0,169055048.31107682,3.375128422023195,0.45026845248013103
44026,3,42,FIXED_Q_FIXED_BEAM_JOINT_GLOBAL_INFEASIBLE,219,E3_SITE_19_SEC_1_UE_4,54,3,0.537566724432956,0.537566724432956,0.4838100519896604,RELATIVE_0P9_CURRENT_LOAD_NOMINAL,True,False,True,219,54,3,1.0,6063933.665962637,3.602714465312732,0.8276703930895155
44026,3,43,FIXED_Q_FIXED_BEAM_JOINT_GLOBAL_INFEASIBLE,26,E3_SITE_03_SEC_1_UE_3,6,2,0.1414137992486354,0.1414137992486354,0.12727241932377187,RELATIVE_0P9_CURRENT_LOAD_NOMINAL,True,False,True,26,6,2,1.0,180127562.91228372,3.8678164502517816,0.49346811792349193
44026,3,43,FIXED_Q_FIXED_BEAM_JOINT_GLOBAL_INFEASIBLE,211,E3_SITE_18_SEC_2_UE_4,52,3,0.14204267444413815,0.14204267444413815,0.12783840699972435,RELATIVE_0P9_CURRENT_LOAD_NOMINAL,True,False,True,211,52,3,1.0,84728231.99375345,3.375587378923518,0.4503143481701633
44026,3,43,FIXED_Q_FIXED_BEAM_JOINT_GLOBAL_INFEASIBLE,219,E3_SITE_19_SEC_1_UE_4,54,3,0.537566724432956,0.537566724432956,0.4838100519896604,RELATIVE_0P9_CURRENT_LOAD_NOMINAL,True,False,True,219,54,3,1.0,6063933.665962637,3.602714465312732,0.8276703930895155
44026,3,44,FIXED_Q_FIXED_BEAM_JOINT_GLOBAL_INFEASIBLE,26,E3_SITE_03_SEC_1_UE_3,6,2,0.1414137992486354,0.1414137992486354,0.12727241932377187,RELATIVE_0P9_CURRENT_LOAD_NOMINAL,True,False,True,26,6,2,1.0,180127562.91228372,3.8678164502517816,0.49346811792349193
44026,3,44,FIXED_Q_FIXED_BEAM_JOINT_GLOBAL_INFEASIBLE,211,E3_SITE_18_SEC_2_UE_4,52,3,0.14204267444413815,0.14204267444413815,0.12783840699972435,RELATIVE_0P9_CURRENT_LOAD_NOMINAL,True,False,True,211,52,3,1.0,42464708.20307883,3.3762355896213285,0.45037916923994437
44026,3,44,FIXED_Q_FIXED_BEAM_JOINT_GLOBAL_INFEASIBLE,219,E3_SITE_19_SEC_1_UE_4,54,3,0.537566724432956,0.537566724432956,0.4838100519896604,RELATIVE_0P9_CURRENT_LOAD_NOMINAL,True,False,True,219,54,3,1.0,1917584.1964616594,3.602714465312732,0.8276703930895155
44026,3,45,FIXED_Q_FIXED_BEAM_JOINT_GLOBAL_INFEASIBLE,26,E3_SITE_03_SEC_1_UE_3,6,2,0.1414137992486354,0.1414137992486354,0.12727241932377187,RELATIVE_0P9_CURRENT_LOAD_NOMINAL,True,False,True,26,6,2,1.0,180127562.91228372,3.8678164502517816,0.49346811792349193
44026,3,45,FIXED_Q_FIXED_BEAM_JOINT_GLOBAL_INFEASIBLE,211,E3_SITE_18_SEC_2_UE_4,52,3,0.14204267444413815,0.14204267444413815,0.12783840699972435,RELATIVE_0P9_CURRENT_LOAD_NOMINAL,True,False,True,211,52,3,1.0,21282769.631090384,3.3771510456529703,0.4504707148431086
44026,3,45,FIXED_Q_FIXED_BEAM_JOINT_GLOBAL_INFEASIBLE,219,E3_SITE_19_SEC_1_UE_4,54,3,0.537566724432956,0.537566724432956,0.4838100519896604,RELATIVE_0P9_CURRENT_LOAD_NOMINAL,True,False,True,219,54,3,1.0,1917584.1964616594,3.602714465312732,0.8276703930895155
44026,3,46,FIXED_Q_FIXED_BEAM_JOINT_GLOBAL_INFEASIBLE,26,E3_SITE_03_SEC_1_UE_3,6,2,0.1414137992486354,0.1414137992486354,0.12727241932377187,RELATIVE_0P9_CURRENT_LOAD_NOMINAL,True,False,True,26,6,2,1.0,180127562.91228372,3.8678164502517816,0.49346811792349193
44026,3,46,FIXED_Q_FIXED_BEAM_JOINT_GLOBAL_INFEASIBLE,211,E3_SITE_18_SEC_2_UE_4,52,3,0.14204267444413815,0.14204267444413815,0.12783840699972435,RELATIVE_0P9_CURRENT_LOAD_NOMINAL,True,False,True,211,52,3,1.0,10666652.435332654,3.3784438306247417,0.4505999933402857
44026,3,46,FIXED_Q_FIXED_BEAM_JOINT_GLOBAL_INFEASIBLE,219,E3_SITE_19_SEC_1_UE_4,54,3,0.537566724432956,0.537566724432956,0.4838100519896604,RELATIVE_0P9_CURRENT_LOAD_NOMINAL,True,False,True,219,54,3,1.0,1917584.1964616594,3.602714465312732,0.8276703930895155
44026,3,47,FIXED_Q_FIXED_BEAM_JOINT_GLOBAL_INFEASIBLE,26,E3_SITE_03_SEC_1_UE_3,6,2,0.1414137992486354,0.1414137992486354,0.12727241932377187,RELATIVE_0P9_CURRENT_LOAD_NOMINAL,True,False,True,26,6,2,1.0,180127562.91228372,3.8678164502517816,0.49346811792349193
44026,3,47,FIXED_Q_FIXED_BEAM_JOINT_GLOBAL_INFEASIBLE,211,E3_SITE_18_SEC_2_UE_4,52,3,0.14204267444413815,0.14204267444413815,0.12783840699972435,RELATIVE_0P9_CURRENT_LOAD_NOMINAL,True,False,True,211,52,3,1.0,5345990.026127988,3.3802692774234555,0.45078253802015705
44026,3,47,FIXED_Q_FIXED_BEAM_JOINT_GLOBAL_INFEASIBLE,219,E3_SITE_19_SEC_1_UE_4,54,3,0.537566724432956,0.537566724432956,0.4838100519896604,RELATIVE_0P9_CURRENT_LOAD_NOMINAL,True,False,True,219,54,3,1.0,1917584.1964616594,3.602714465312732,0.8276703930895155
44026,3,48,FIXED_Q_FIXED_BEAM_JOINT_GLOBAL_INFEASIBLE,26,E3_SITE_03_SEC_1_UE_3,6,2,0.1414137992486354,0.1414137992486354,0.12727241932377187,RELATIVE_0P9_CURRENT_LOAD_NOMINAL,True,False,True,26,6,2,1.0,180127562.91228372,3.8678164502517816,0.49346811792349193
44026,3,48,FIXED_Q_FIXED_BEAM_JOINT_GLOBAL_INFEASIBLE,211,E3_SITE_18_SEC_2_UE_4,52,3,0.14204267444413815,0.14204267444413815,0.12783840699972435,RELATIVE_0P9_CURRENT_LOAD_NOMINAL,True,False,True,211,52,3,1.0,2672869.759881988,3.3792450700974968,0.4506801172875612
44026,3,48,FIXED_Q_FIXED_BEAM_JOINT_GLOBAL_INFEASIBLE,219,E3_SITE_19_SEC_1_UE_4,54,3,0.537566724432956,0.537566724432956,0.4838100519896604,RELATIVE_0P9_CURRENT_LOAD_NOMINAL,True,False,True,219,54,3,1.0,1917584.1964616594,3.602714465312732,0.8276703930895155
44026,3,49,FIXED_Q_FIXED_BEAM_JOINT_GLOBAL_INFEASIBLE,26,E3_SITE_03_SEC_1_UE_3,6,2,0.1414137992486354,0.1414137992486354,0.12727241932377187,RELATIVE_0P9_CURRENT_LOAD_NOMINAL,True,False,True,26,6,2,1.0,180127562.91228372,3.8678164502517816,0.49346811792349193
44026,3,49,FIXED_Q_FIXED_BEAM_JOINT_GLOBAL_INFEASIBLE,211,E3_SITE_18_SEC_2_UE_4,52,3,0.14204267444413815,0.14204267444413815,0.12783840699972435,RELATIVE_0P9_CURRENT_LOAD_NOMINAL,True,False,True,211,52,3,1.0,2123135.9180149753,3.379882718203757,0.4507438820981872
44026,3,49,FIXED_Q_FIXED_BEAM_JOINT_GLOBAL_INFEASIBLE,219,E3_SITE_19_SEC_1_UE_4,54,3,0.537566724432956,0.537566724432956,0.4838100519896604,RELATIVE_0P9_CURRENT_LOAD_NOMINAL,True,False,True,219,54,3,1.0,1917584.1964616594,3.602714465312732,0.8276703930895155
44026,3,50,FIXED_Q_FIXED_BEAM_JOINT_GLOBAL_INFEASIBLE,26,E3_SITE_03_SEC_1_UE_3,6,2,0.1414137992486354,0.1414137992486354,0.12727241932377187,RELATIVE_0P9_CURRENT_LOAD_NOMINAL,True,False,True,26,6,2,1.0,180127562.91228372,3.8678164502517816,0.49346811792349193
44026,3,50,FIXED_Q_FIXED_BEAM_JOINT_GLOBAL_INFEASIBLE,211,E3_SITE_18_SEC_2_UE_4,52,3,0.14204267444413815,0.14204267444413815,0.12783840699972435,RELATIVE_0P9_CURRENT_LOAD_NOMINAL,True,False,True,211,52,3,1.0,2672869.759881988,3.3792450700974968,0.4506801172875612
44026,3,50,FIXED_Q_FIXED_BEAM_JOINT_GLOBAL_INFEASIBLE,219,E3_SITE_19_SEC_1_UE_4,54,3,0.537566724432956,0.537566724432956,0.4838100519896604,RELATIVE_0P9_CURRENT_LOAD_NOMINAL,True,False,True,219,54,3,1.0,1917584.1964616594,3.602714465312732,0.8276703930895155
44026,3,51,FIXED_Q_FIXED_BEAM_JOINT_GLOBAL_INFEASIBLE,26,E3_SITE_03_SEC_1_UE_3,6,2,0.1414137992486354,0.1414137992486354,0.12727241932377187,RELATIVE_0P9_CURRENT_LOAD_NOMINAL,True,False,True,26,6,2,1.0,180127562.91228372,3.8678164502517816,0.49346811792349193
44026,3,51,FIXED_Q_FIXED_BEAM_JOINT_GLOBAL_INFEASIBLE,211,E3_SITE_18_SEC_2_UE_4,52,3,0.14204267444413815,0.14204267444413815,0.12783840699972435,RELATIVE_0P9_CURRENT_LOAD_NOMINAL,True,False,True,211,52,3,1.0,2123135.9180149753,3.379882718203757,0.4507438820981872
44026,3,51,FIXED_Q_FIXED_BEAM_JOINT_GLOBAL_INFEASIBLE,219,E3_SITE_19_SEC_1_UE_4,54,3,0.537566724432956,0.537566724432956,0.4838100519896604,RELATIVE_0P9_CURRENT_LOAD_NOMINAL,True,False,True,219,54,3,1.0,1917584.1964616594,3.602714465312732,0.8276703930895155
44026,3,52,FIXED_Q_FIXED_BEAM_JOINT_GLOBAL_INFEASIBLE,26,E3_SITE_03_SEC_1_UE_3,6,2,0.1414137992486354,0.1414137992486354,0.12727241932377187,RELATIVE_0P9_CURRENT_LOAD_NOMINAL,True,False,True,26,6,2,1.0,180127562.91228372,3.8678164502517816,0.49346811792349193
44026,3,52,FIXED_Q_FIXED_BEAM_JOINT_GLOBAL_INFEASIBLE,211,E3_SITE_18_SEC_2_UE_4,52,3,0.14204267444413815,0.14204267444413815,0.12783840699972435,RELATIVE_0P9_CURRENT_LOAD_NOMINAL,True,False,True,211,52,3,1.0,2672869.759881988,3.3792450700974968,0.4506801172875612
44026,3,52,FIXED_Q_FIXED_BEAM_JOINT_GLOBAL_INFEASIBLE,219,E3_SITE_19_SEC_1_UE_4,54,3,0.537566724432956,0.537566724432956,0.4838100519896604,RELATIVE_0P9_CURRENT_LOAD_NOMINAL,True,False,True,219,54,3,1.0,1917584.1964616594,3.602714465312732,0.8276703930895155
44026,3,53,FIXED_Q_FIXED_BEAM_JOINT_GLOBAL_INFEASIBLE,26,E3_SITE_03_SEC_1_UE_3,6,2,0.1414137992486354,0.1414137992486354,0.12727241932377187,RELATIVE_0P9_CURRENT_LOAD_NOMINAL,True,False,True,26,6,2,1.0,180127562.91228372,3.8678164502517816,0.49346811792349193
44026,3,53,FIXED_Q_FIXED_BEAM_JOINT_GLOBAL_INFEASIBLE,211,E3_SITE_18_SEC_2_UE_4,52,3,0.14204267444413815,0.14204267444413815,0.12783840699972435,RELATIVE_0P9_CURRENT_LOAD_NOMINAL,True,False,True,211,52,3,1.0,2123135.9180149753,3.379882718203757,0.4507438820981872
44026,3,53,FIXED_Q_FIXED_BEAM_JOINT_GLOBAL_INFEASIBLE,219,E3_SITE_19_SEC_1_UE_4,54,3,0.537566724432956,0.537566724432956,0.4838100519896604,RELATIVE_0P9_CURRENT_LOAD_NOMINAL,True,False,True,219,54,3,1.0,1917584.1964616594,3.602714465312732,0.8276703930895155
44026,3,54,FIXED_Q_FIXED_BEAM_JOINT_GLOBAL_INFEASIBLE,26,E3_SITE_03_SEC_1_UE_3,6,2,0.1414137992486354,0.1414137992486354,0.12727241932377187,RELATIVE_0P9_CURRENT_LOAD_NOMINAL,True,False,True,26,6,2,1.0,180127562.91228372,3.8678164502517816,0.49346811792349193
44026,3,54,FIXED_Q_FIXED_BEAM_JOINT_GLOBAL_INFEASIBLE,211,E3_SITE_18_SEC_2_UE_4,52,3,0.14204267444413815,0.14204267444413815,0.12783840699972435,RELATIVE_0P9_CURRENT_LOAD_NOMINAL,True,False,True,211,52,3,1.0,2672869.759881988,3.3792450700974968,0.4506801172875612
44026,3,54,FIXED_Q_FIXED_BEAM_JOINT_GLOBAL_INFEASIBLE,219,E3_SITE_19_SEC_1_UE_4,54,3,0.537566724432956,0.537566724432956,0.4838100519896604,RELATIVE_0P9_CURRENT_LOAD_NOMINAL,True,False,True,219,54,3,1.0,1917584.1964616594,3.602714465312732,0.8276703930895155
44026,3,55,FIXED_Q_FIXED_BEAM_JOINT_GLOBAL_INFEASIBLE,26,E3_SITE_03_SEC_1_UE_3,6,2,0.1414137992486354,0.1414137992486354,0.12727241932377187,RELATIVE_0P9_CURRENT_LOAD_NOMINAL,True,False,True,26,6,2,1.0,180127562.91228372,3.8678164502517816,0.49346811792349193
44026,3,55,FIXED_Q_FIXED_BEAM_JOINT_GLOBAL_INFEASIBLE,211,E3_SITE_18_SEC_2_UE_4,52,3,0.14204267444413815,0.14204267444413815,0.12783840699972435,RELATIVE_0P9_CURRENT_LOAD_NOMINAL,True,False,True,211,52,3,1.0,2123135.9180149753,3.379882718203757,0.4507438820981872
44026,3,55,FIXED_Q_FIXED_BEAM_JOINT_GLOBAL_INFEASIBLE,219,E3_SITE_19_SEC_1_UE_4,54,3,0.537566724432956,0.537566724432956,0.4838100519896604,RELATIVE_0P9_CURRENT_LOAD_NOMINAL,True,False,True,219,54,3,1.0,1917584.1964616594,3.602714465312732,0.8276703930895155
44026,3,56,FIXED_Q_FIXED_BEAM_JOINT_GLOBAL_INFEASIBLE,26,E3_SITE_03_SEC_1_UE_3,6,2,0.1414137992486354,0.1414137992486354,0.12727241932377187,RELATIVE_0P9_CURRENT_LOAD_NOMINAL,True,False,True,26,6,2,1.0,180127562.91228372,3.8678164502517816,0.49346811792349193
44026,3,56,FIXED_Q_FIXED_BEAM_JOINT_GLOBAL_INFEASIBLE,211,E3_SITE_18_SEC_2_UE_4,52,3,0.14204267444413815,0.14204267444413815,0.12783840699972435,RELATIVE_0P9_CURRENT_LOAD_NOMINAL,True,False,True,211,52,3,1.0,2672869.759881988,3.3792450700974968,0.4506801172875612
44026,3,56,FIXED_Q_FIXED_BEAM_JOINT_GLOBAL_INFEASIBLE,219,E3_SITE_19_SEC_1_UE_4,54,3,0.537566724432956,0.537566724432956,0.4838100519896604,RELATIVE_0P9_CURRENT_LOAD_NOMINAL,True,False,True,219,54,3,1.0,1917584.1964616594,3.602714465312732,0.8276703930895155
44026,3,57,FIXED_Q_FIXED_BEAM_JOINT_GLOBAL_INFEASIBLE,26,E3_SITE_03_SEC_1_UE_3,6,2,0.1414137992486354,0.1414137992486354,0.12727241932377187,RELATIVE_0P9_CURRENT_LOAD_NOMINAL,True,False,True,26,6,2,1.0,180127562.91228372,3.8678164502517816,0.49346811792349193
44026,3,57,FIXED_Q_FIXED_BEAM_JOINT_GLOBAL_INFEASIBLE,211,E3_SITE_18_SEC_2_UE_4,52,3,0.14204267444413815,0.14204267444413815,0.12783840699972435,RELATIVE_0P9_CURRENT_LOAD_NOMINAL,True,False,True,211,52,3,1.0,2123135.9180149753,3.379882718203757,0.4507438820981872
44026,3,57,FIXED_Q_FIXED_BEAM_JOINT_GLOBAL_INFEASIBLE,219,E3_SITE_19_SEC_1_UE_4,54,3,0.537566724432956,0.537566724432956,0.4838100519896604,RELATIVE_0P9_CURRENT_LOAD_NOMINAL,True,False,True,219,54,3,1.0,1917584.1964616594,3.602714465312732,0.8276703930895155
44026,3,58,FIXED_Q_FIXED_BEAM_JOINT_GLOBAL_INFEASIBLE,26,E3_SITE_03_SEC_1_UE_3,6,2,0.1414137992486354,0.1414137992486354,0.12727241932377187,RELATIVE_0P9_CURRENT_LOAD_NOMINAL,True,False,True,26,6,2,1.0,180127562.91228372,3.8678164502517816,0.49346811792349193
44026,3,58,FIXED_Q_FIXED_BEAM_JOINT_GLOBAL_INFEASIBLE,211,E3_SITE_18_SEC_2_UE_4,52,3,0.14204267444413815,0.14204267444413815,0.12783840699972435,RELATIVE_0P9_CURRENT_LOAD_NOMINAL,True,False,True,211,52,3,1.0,2672869.759881988,3.3792450700974968,0.4506801172875612
44026,3,58,FIXED_Q_FIXED_BEAM_JOINT_GLOBAL_INFEASIBLE,219,E3_SITE_19_SEC_1_UE_4,54,3,0.537566724432956,0.537566724432956,0.4838100519896604,RELATIVE_0P9_CURRENT_LOAD_NOMINAL,True,False,True,219,54,3,1.0,1917584.1964616594,3.602714465312732,0.8276703930895155
44026,3,59,FIXED_Q_FIXED_BEAM_JOINT_GLOBAL_INFEASIBLE,26,E3_SITE_03_SEC_1_UE_3,6,2,0.1414137992486354,0.1414137992486354,0.12727241932377187,RELATIVE_0P9_CURRENT_LOAD_NOMINAL,True,False,True,26,6,2,1.0,180127562.91228372,3.8678164502517816,0.49346811792349193
44026,3,59,FIXED_Q_FIXED_BEAM_JOINT_GLOBAL_INFEASIBLE,211,E3_SITE_18_SEC_2_UE_4,52,3,0.14204267444413815,0.14204267444413815,0.12783840699972435,RELATIVE_0P9_CURRENT_LOAD_NOMINAL,True,False,True,211,52,3,1.0,2123135.9180149753,3.379882718203757,0.4507438820981872
44026,3,59,FIXED_Q_FIXED_BEAM_JOINT_GLOBAL_INFEASIBLE,219,E3_SITE_19_SEC_1_UE_4,54,3,0.537566724432956,0.537566724432956,0.4838100519896604,RELATIVE_0P9_CURRENT_LOAD_NOMINAL,True,False,True,219,54,3,1.0,1917584.1964616594,3.602714465312732,0.8276703930895155
44026,3,80,FIXED_Q_FIXED_BEAM_JOINT_GLOBAL_INFEASIBLE,26,E3_SITE_03_SEC_1_UE_3,6,2,0.1414137992486354,0.446426892401261,0.4017842031611349,RELATIVE_0P9_CURRENT_LOAD_NOMINAL,True,False,True,26,6,2,1.0,39099479.40135123,6.328764559858947,0.9514010016657972
44026,3,80,FIXED_Q_FIXED_BEAM_JOINT_GLOBAL_INFEASIBLE,219,E3_SITE_19_SEC_1_UE_4,54,3,0.537566724432956,0.7868365415064549,0.7081528873558094,RELATIVE_0P9_CURRENT_LOAD_NOMINAL,True,False,True,219,54,3,1.0,5669618.773913367,3.751627874411035,1.078333292155134
44026,3,81,FIXED_Q_FIXED_BEAM_JOINT_GLOBAL_INFEASIBLE,26,E3_SITE_03_SEC_1_UE_3,6,2,0.1414137992486354,0.446426892401261,0.4017842031611349,RELATIVE_0P9_CURRENT_LOAD_NOMINAL,True,False,True,26,6,2,1.0,28125735.882301,6.328770037599534,0.9514015494398558
44026,3,81,FIXED_Q_FIXED_BEAM_JOINT_GLOBAL_INFEASIBLE,219,E3_SITE_19_SEC_1_UE_4,54,3,0.537566724432956,0.7868365415064549,0.7081528873558094,RELATIVE_0P9_CURRENT_LOAD_NOMINAL,True,False,True,219,54,3,1.0,4128511.864372681,3.751637762723363,1.078334280986367
44026,3,82,FIXED_Q_FIXED_BEAM_JOINT_GLOBAL_INFEASIBLE,26,E3_SITE_03_SEC_1_UE_3,6,2,0.1414137992486354,0.446426892401261,0.4017842031611349,RELATIVE_0P9_CURRENT_LOAD_NOMINAL,True,False,True,26,6,2,1.0,12764436.953036694,6.328790817226275,0.9514036274025299
44026,3,82,FIXED_Q_FIXED_BEAM_JOINT_GLOBAL_INFEASIBLE,219,E3_SITE_19_SEC_1_UE_4,54,3,0.537566724432956,0.7868365415064549,0.7081528873558094,RELATIVE_0P9_CURRENT_LOAD_NOMINAL,True,False,True,219,54,3,1.0,1897342.631650044,3.751675273570672,1.0783380320710978
44026,3,83,FIXED_Q_FIXED_BEAM_JOINT_GLOBAL_INFEASIBLE,26,E3_SITE_03_SEC_1_UE_3,6,2,0.1414137992486354,0.446426892401261,0.4017842031611349,RELATIVE_0P9_CURRENT_LOAD_NOMINAL,True,False,True,26,6,2,1.0,14550001.212205207,6.328783079756814,0.9514028536555839
44026,3,83,FIXED_Q_FIXED_BEAM_JOINT_GLOBAL_INFEASIBLE,219,E3_SITE_19_SEC_1_UE_4,54,3,0.537566724432956,0.7868365415064549,0.7081528873558094,RELATIVE_0P9_CURRENT_LOAD_NOMINAL,True,False,True,219,54,3,1.0,872190.9947372094,3.751728258291157,1.0783433305431465
44026,3,84,FIXED_Q_FIXED_BEAM_JOINT_GLOBAL_INFEASIBLE,26,E3_SITE_03_SEC_1_UE_3,6,2,0.1414137992486354,0.446426892401261,0.4017842031611349,RELATIVE_0P9_CURRENT_LOAD_NOMINAL,True,False,True,26,6,2,1.0,26283511.51505958,6.328764559858947,0.9514010016657972
44026,3,84,FIXED_Q_FIXED_BEAM_JOINT_GLOBAL_INFEASIBLE,219,E3_SITE_19_SEC_1_UE_4,54,3,0.537566724432956,0.7868365415064549,0.7081528873558094,RELATIVE_0P9_CURRENT_LOAD_NOMINAL,True,False,True,219,54,3,1.0,1596574.1925724144,3.751675273570672,1.0783380320710978
44026,3,85,FIXED_Q_FIXED_BEAM_JOINT_GLOBAL_INFEASIBLE,26,E3_SITE_03_SEC_1_UE_3,6,2,0.1414137992486354,0.446426892401261,0.4017842031611349,RELATIVE_0P9_CURRENT_LOAD_NOMINAL,True,False,True,26,6,2,1.0,23793320.95805491,6.328764559858947,0.9514010016657972
44026,3,85,FIXED_Q_FIXED_BEAM_JOINT_GLOBAL_INFEASIBLE,219,E3_SITE_19_SEC_1_UE_4,54,3,0.537566724432956,0.7868365415064549,0.7081528873558094,RELATIVE_0P9_CURRENT_LOAD_NOMINAL,True,False,True,219,54,3,1.0,2923301.8162513026,3.751637762723363,1.078334280986367
44026,3,86,FIXED_Q_FIXED_BEAM_JOINT_GLOBAL_INFEASIBLE,26,E3_SITE_03_SEC_1_UE_3,6,2,0.1414137992486354,0.446426892401261,0.4017842031611349,RELATIVE_0P9_CURRENT_LOAD_NOMINAL,True,False,True,26,6,2,1.0,21536126.393269993,6.328764559858947,0.9514010016657972
44026,3,86,FIXED_Q_FIXED_BEAM_JOINT_GLOBAL_INFEASIBLE,219,E3_SITE_19_SEC_1_UE_4,54,3,0.537566724432956,0.7868365415064549,0.7081528873558094,RELATIVE_0P9_CURRENT_LOAD_NOMINAL,True,False,True,219,54,3,1.0,3377988.7139150617,3.751627874411035,1.078333292155134
44026,3,87,FIXED_Q_FIXED_BEAM_JOINT_GLOBAL_INFEASIBLE,26,E3_SITE_03_SEC_1_UE_3,6,2,0.1414137992486354,0.446426892401261,0.4017842031611349,RELATIVE_0P9_CURRENT_LOAD_NOMINAL,True,False,True,26,6,2,1.0,19489826.00305805,6.328764559858947,0.9514010016657972
44026,3,87,FIXED_Q_FIXED_BEAM_JOINT_GLOBAL_INFEASIBLE,219,E3_SITE_19_SEC_1_UE_4,54,3,0.537566724432956,0.7868365415064549,0.7081528873558094,RELATIVE_0P9_CURRENT_LOAD_NOMINAL,True,False,True,219,54,3,1.0,3101226.3861864344,3.751627874411035,1.078333292155134
44026,3,88,FIXED_Q_FIXED_BEAM_JOINT_GLOBAL_INFEASIBLE,26,E3_SITE_03_SEC_1_UE_3,6,2,0.1414137992486354,0.446426892401261,0.4017842031611349,RELATIVE_0P9_CURRENT_LOAD_NOMINAL,True,False,True,26,6,2,1.0,17634406.43684301,6.328764559858947,0.9514010016657972
44026,3,88,FIXED_Q_FIXED_BEAM_JOINT_GLOBAL_INFEASIBLE,219,E3_SITE_19_SEC_1_UE_4,54,3,0.537566724432956,0.7868365415064549,0.7081528873558094,RELATIVE_0P9_CURRENT_LOAD_NOMINAL,True,False,True,219,54,3,1.0,2847660.8266557935,3.751627874411035,1.078333292155134
44026,3,89,FIXED_Q_FIXED_BEAM_JOINT_GLOBAL_INFEASIBLE,26,E3_SITE_03_SEC_1_UE_3,6,2,0.1414137992486354,0.446426892401261,0.4017842031611349,RELATIVE_0P9_CURRENT_LOAD_NOMINAL,True,False,True,26,6,2,1.0,15951767.163929855,6.328764559858947,0.9514010016657972
44026,3,89,FIXED_Q_FIXED_BEAM_JOINT_GLOBAL_INFEASIBLE,219,E3_SITE_19_SEC_1_UE_4,54,3,0.537566724432956,0.7868365415064549,0.7081528873558094,RELATIVE_0P9_CURRENT_LOAD_NOMINAL,True,False,True,219,54,3,1.0,2615227.973604958,3.751627874411035,1.078333292155134
44026,3,90,FIXED_Q_FIXED_BEAM_JOINT_GLOBAL_INFEASIBLE,26,E3_SITE_03_SEC_1_UE_3,6,2,0.1414137992486354,0.446426892401261,0.4017842031611349,RELATIVE_0P9_CURRENT_LOAD_NOMINAL,True,False,True,26,6,2,1.0,14425552.581998616,6.328764559858947,0.9514010016657972
44026,3,90,FIXED_Q_FIXED_BEAM_JOINT_GLOBAL_INFEASIBLE,219,E3_SITE_19_SEC_1_UE_4,54,3,0.537566724432956,0.7868365415064549,0.7081528873558094,RELATIVE_0P9_CURRENT_LOAD_NOMINAL,True,False,True,219,54,3,1.0,2402053.664556963,3.751627874411035,1.078333292155134
44026,3,91,FIXED_Q_FIXED_BEAM_JOINT_GLOBAL_INFEASIBLE,26,E3_SITE_03_SEC_1_UE_3,6,2,0.1414137992486354,0.446426892401261,0.4017842031611349,RELATIVE_0P9_CURRENT_LOAD_NOMINAL,True,False,True,26,6,2,1.0,13040993.592839139,6.328764559858947,0.9514010016657972
44026,3,91,FIXED_Q_FIXED_BEAM_JOINT_GLOBAL_INFEASIBLE,219,E3_SITE_19_SEC_1_UE_4,54,3,0.537566724432956,0.7868365415064549,0.7081528873558094,RELATIVE_0P9_CURRENT_LOAD_NOMINAL,True,False,True,219,54,3,1.0,2206437.283511368,3.751627874411035,1.078333292155134
44026,3,92,FIXED_Q_FIXED_BEAM_JOINT_GLOBAL_INFEASIBLE,26,E3_SITE_03_SEC_1_UE_3,6,2,0.1414137992486354,0.446426892401261,0.4017842031611349,RELATIVE_0P9_CURRENT_LOAD_NOMINAL,True,False,True,26,6,2,1.0,11784759.63284929,6.328764559858947,0.9514010016657972
44026,3,92,FIXED_Q_FIXED_BEAM_JOINT_GLOBAL_INFEASIBLE,219,E3_SITE_19_SEC_1_UE_4,54,3,0.537566724432956,0.7868365415064549,0.7081528873558094,RELATIVE_0P9_CURRENT_LOAD_NOMINAL,True,False,True,219,54,3,1.0,2026836.363925406,3.751627874411035,1.078333292155134
44026,3,93,FIXED_Q_FIXED_BEAM_JOINT_GLOBAL_INFEASIBLE,26,E3_SITE_03_SEC_1_UE_3,6,2,0.1414137992486354,0.446426892401261,0.4017842031611349,RELATIVE_0P9_CURRENT_LOAD_NOMINAL,True,False,True,26,6,2,1.0,10644821.602098487,6.328764559858947,0.9514010016657972
44026,3,93,FIXED_Q_FIXED_BEAM_JOINT_GLOBAL_INFEASIBLE,219,E3_SITE_19_SEC_1_UE_4,54,3,0.537566724432956,0.7868365415064549,0.7081528873558094,RELATIVE_0P9_CURRENT_LOAD_NOMINAL,True,False,True,219,54,3,1.0,1861852.2223901334,3.751627874411035,1.078333292155134
44026,3,94,FIXED_Q_FIXED_BEAM_JOINT_GLOBAL_INFEASIBLE,26,E3_SITE_03_SEC_1_UE_3,6,2,0.1414137992486354,0.446426892401261,0.4017842031611349,RELATIVE_0P9_CURRENT_LOAD_NOMINAL,True,False,True,26,6,2,1.0,9610325.734418767,6.328764559858947,0.9514010016657972
44026,3,94,FIXED_Q_FIXED_BEAM_JOINT_GLOBAL_INFEASIBLE,219,E3_SITE_19_SEC_1_UE_4,54,3,0.537566724432956,0.7868365415064549,0.7081528873558094,RELATIVE_0P9_CURRENT_LOAD_NOMINAL,True,False,True,219,54,3,1.0,1710216.6515725665,3.751627874411035,1.078333292155134
44026,3,95,FIXED_Q_FIXED_BEAM_JOINT_GLOBAL_INFEASIBLE,26,E3_SITE_03_SEC_1_UE_3,6,2,0.1414137992486354,0.446426892401261,0.4017842031611349,RELATIVE_0P9_CURRENT_LOAD_NOMINAL,True,False,True,26,6,2,1.0,8671478.166462518,6.328764559858947,0.9514010016657972
44026,3,95,FIXED_Q_FIXED_BEAM_JOINT_GLOBAL_INFEASIBLE,219,E3_SITE_19_SEC_1_UE_4,54,3,0.537566724432956,0.7868365415064549,0.7081528873558094,RELATIVE_0P9_CURRENT_LOAD_NOMINAL,True,False,True,219,54,3,1.0,1570779.6673605228,3.751627874411035,1.078333292155134
44026,3,96,FIXED_Q_FIXED_BEAM_JOINT_GLOBAL_INFEASIBLE,26,E3_SITE_03_SEC_1_UE_3,6,2,0.1414137992486354,0.446426892401261,0.4017842031611349,RELATIVE_0P9_CURRENT_LOAD_NOMINAL,True,False,True,26,6,2,1.0,7819439.769434624,6.328764559858947,0.9514010016657972
44026,3,96,FIXED_Q_FIXED_BEAM_JOINT_GLOBAL_INFEASIBLE,219,E3_SITE_19_SEC_1_UE_4,54,3,0.537566724432956,0.7868365415064549,0.7081528873558094,RELATIVE_0P9_CURRENT_LOAD_NOMINAL,True,False,True,219,54,3,1.0,1442498.2813834664,3.751627874411035,1.078333292155134
44026,3,97,FIXED_Q_FIXED_BEAM_JOINT_GLOBAL_INFEASIBLE,26,E3_SITE_03_SEC_1_UE_3,6,2,0.1414137992486354,0.446426892401261,0.4017842031611349,RELATIVE_0P9_CURRENT_LOAD_NOMINAL,True,False,True,26,6,2,1.0,7046230.680355261,6.328764559858947,0.9514010016657972
44026,3,97,FIXED_Q_FIXED_BEAM_JOINT_GLOBAL_INFEASIBLE,219,E3_SITE_19_SEC_1_UE_4,54,3,0.537566724432956,0.7868365415064549,0.7081528873558094,RELATIVE_0P9_CURRENT_LOAD_NOMINAL,True,False,True,219,54,3,1.0,1324426.253770369,3.751627874411035,1.078333292155134
44026,3,98,FIXED_Q_FIXED_BEAM_JOINT_GLOBAL_INFEASIBLE,26,E3_SITE_03_SEC_1_UE_3,6,2,0.1414137992486354,0.446426892401261,0.4017842031611349,RELATIVE_0P9_CURRENT_LOAD_NOMINAL,True,False,True,26,6,2,1.0,6344643.897459826,6.328764559858947,0.9514010016657972
44026,3,98,FIXED_Q_FIXED_BEAM_JOINT_GLOBAL_INFEASIBLE,219,E3_SITE_19_SEC_1_UE_4,54,3,0.537566724432956,0.7868365415064549,0.7081528873558094,RELATIVE_0P9_CURRENT_LOAD_NOMINAL,True,False,True,219,54,3,1.0,1215704.7709055704,3.751627874411035,1.078333292155134
44026,3,99,FIXED_Q_FIXED_BEAM_JOINT_GLOBAL_INFEASIBLE,26,E3_SITE_03_SEC_1_UE_3,6,2,0.1414137992486354,0.446426892401261,0.4017842031611349,RELATIVE_0P9_CURRENT_LOAD_NOMINAL,True,False,True,26,6,2,1.0,5708167.269084169,6.328764559858947,0.9514010016657972
44026,3,99,FIXED_Q_FIXED_BEAM_JOINT_GLOBAL_INFEASIBLE,219,E3_SITE_19_SEC_1_UE_4,54,3,0.537566724432956,0.7868365415064549,0.7081528873558094,RELATIVE_0P9_CURRENT_LOAD_NOMINAL,True,False,True,219,54,3,1.0,1115553.9870127449,3.751627874411035,1.078333292155134
44026,4,0,FIXED_Q_FIXED_BEAM_JOINT_GLOBAL_INFEASIBLE,26,E3_SITE_03_SEC_1_UE_3,6,2,0.1414137992486354,0.1414137992486354,0.12727241932377187,RELATIVE_0P9_CURRENT_LOAD_NOMINAL,True,False,True,26,6,2,1.0,569613368.1780891,3.8678164502517816,0.49346811792349193
44026,4,0,FIXED_Q_FIXED_BEAM_JOINT_GLOBAL_INFEASIBLE,211,E3_SITE_18_SEC_2_UE_4,52,3,0.14204267444413815,0.14204267444413815,0.12783840699972435,RELATIVE_0P9_CURRENT_LOAD_NOMINAL,True,False,True,211,52,3,1.0,1403368823882.7256,3.3740286720156156,0.4501584774793731
44026,4,0,FIXED_Q_FIXED_BEAM_JOINT_GLOBAL_INFEASIBLE,219,E3_SITE_19_SEC_1_UE_4,54,3,0.537566724432956,0.537566724432956,0.4838100519896604,RELATIVE_0P9_CURRENT_LOAD_NOMINAL,True,False,True,219,54,3,1.0,6063933.665962637,3.602714465312732,0.8276703930895155
44026,4,1,FIXED_Q_FIXED_BEAM_JOINT_GLOBAL_INFEASIBLE,26,E3_SITE_03_SEC_1_UE_3,6,2,0.1414137992486354,0.1414137992486354,0.12727241932377187,RELATIVE_0P9_CURRENT_LOAD_NOMINAL,True,False,True,26,6,2,1.0,569613368.1780891,3.8678164502517816,0.49346811792349193
44026,4,1,FIXED_Q_FIXED_BEAM_JOINT_GLOBAL_INFEASIBLE,211,E3_SITE_18_SEC_2_UE_4,52,3,0.14204267444413815,0.14204267444413815,0.12783840699972435,RELATIVE_0P9_CURRENT_LOAD_NOMINAL,True,False,True,211,52,3,1.0,1403368823882.7256,3.3740286720156156,0.4501584774793731
44026,4,1,FIXED_Q_FIXED_BEAM_JOINT_GLOBAL_INFEASIBLE,219,E3_SITE_19_SEC_1_UE_4,54,3,0.537566724432956,0.537566724432956,0.4838100519896604,RELATIVE_0P9_CURRENT_LOAD_NOMINAL,True,False,True,219,54,3,1.0,6063933.665962637,3.602714465312732,0.8276703930895155
44026,4,2,FIXED_Q_FIXED_BEAM_JOINT_GLOBAL_INFEASIBLE,26,E3_SITE_03_SEC_1_UE_3,6,2,0.1414137992486354,0.1414137992486354,0.12727241932377187,RELATIVE_0P9_CURRENT_LOAD_NOMINAL,True,False,True,26,6,2,1.0,452459981.2204768,3.8678185178683697,0.4934683246851507
44026,4,2,FIXED_Q_FIXED_BEAM_JOINT_GLOBAL_INFEASIBLE,211,E3_SITE_18_SEC_2_UE_4,52,3,0.14204267444413815,0.14204267444413815,0.12783840699972435,RELATIVE_0P9_CURRENT_LOAD_NOMINAL,True,False,True,211,52,3,1.0,1114735480543.087,3.374030255086854,0.45015863578649695
44026,4,2,FIXED_Q_FIXED_BEAM_JOINT_GLOBAL_INFEASIBLE,219,E3_SITE_19_SEC_1_UE_4,54,3,0.537566724432956,0.537566724432956,0.4838100519896604,RELATIVE_0P9_CURRENT_LOAD_NOMINAL,True,False,True,219,54,3,1.0,4816753.724369712,3.602725775859367,0.827671524144179
44026,4,3,FIXED_Q_FIXED_BEAM_JOINT_GLOBAL_INFEASIBLE,26,E3_SITE_03_SEC_1_UE_3,6,2,0.1414137992486354,0.1414137992486354,0.12727241932377187,RELATIVE_0P9_CURRENT_LOAD_NOMINAL,True,False,True,26,6,2,1.0,226767166.31478453,3.8678263613661894,0.4934691090349327
44026,4,3,FIXED_Q_FIXED_BEAM_JOINT_GLOBAL_INFEASIBLE,211,E3_SITE_18_SEC_2_UE_4,52,3,0.14204267444413815,0.14204267444413815,0.12783840699972435,RELATIVE_0P9_CURRENT_LOAD_NOMINAL,True,False,True,211,52,3,1.0,558691191719.7653,3.374036260432931,0.4501592363211046
44026,4,3,FIXED_Q_FIXED_BEAM_JOINT_GLOBAL_INFEASIBLE,219,E3_SITE_19_SEC_1_UE_4,54,3,0.537566724432956,0.537566724432956,0.4838100519896604,RELATIVE_0P9_CURRENT_LOAD_NOMINAL,True,False,True,219,54,3,1.0,2414095.4741809154,3.602768681842613,0.8276758147425036
44026,4,4,FIXED_Q_FIXED_BEAM_JOINT_GLOBAL_INFEASIBLE,26,E3_SITE_03_SEC_1_UE_3,6,2,0.1414137992486354,0.1414137992486354,0.12727241932377187,RELATIVE_0P9_CURRENT_LOAD_NOMINAL,True,False,True,26,6,2,1.0,113652808.76283565,3.8678374406895997,0.4934702169672737
44026,4,4,FIXED_Q_FIXED_BEAM_JOINT_GLOBAL_INFEASIBLE,211,E3_SITE_18_SEC_2_UE_4,52,3,0.14204267444413815,0.14204267444413815,0.12783840699972435,RELATIVE_0P9_CURRENT_LOAD_NOMINAL,True,False,True,211,52,3,1.0,280008892829.84937,3.374044743195614,0.45016008459737294
44026,4,4,FIXED_Q_FIXED_BEAM_JOINT_GLOBAL_INFEASIBLE,219,E3_SITE_19_SEC_1_UE_4,54,3,0.537566724432956,0.537566724432956,0.4838100519896604,RELATIVE_0P9_CURRENT_LOAD_NOMINAL,True,False,True,219,54,3,1.0,1209913.8324171128,3.602829287170068,0.8276818752752492
44026,4,5,FIXED_Q_FIXED_BEAM_JOINT_GLOBAL_INFEASIBLE,26,E3_SITE_03_SEC_1_UE_3,6,2,0.1414137992486354,0.1414137992486354,0.12727241932377187,RELATIVE_0P9_CURRENT_LOAD_NOMINAL,True,False,True,26,6,2,1.0,56961336.817784704,3.867853090825981,0.49347178198091185
44026,4,5,FIXED_Q_FIXED_BEAM_JOINT_GLOBAL_INFEASIBLE,211,E3_SITE_18_SEC_2_UE_4,52,3,0.14204267444413815,0.14204267444413815,0.12783840699972435,RELATIVE_0P9_CURRENT_LOAD_NOMINAL,True,False,True,211,52,3,1.0,140336882388.32727,3.3740567253882157,0.4501612828166331
44026,4,5,FIXED_Q_FIXED_BEAM_JOINT_GLOBAL_INFEASIBLE,219,E3_SITE_19_SEC_1_UE_4,54,3,0.537566724432956,0.537566724432956,0.4838100519896604,RELATIVE_0P9_CURRENT_LOAD_NOMINAL,True,False,True,219,54,3,1.0,606393.3665965236,3.6029148925057,0.8276904358088124
44026,4,6,FIXED_Q_FIXED_BEAM_JOINT_GLOBAL_INFEASIBLE,26,E3_SITE_03_SEC_1_UE_3,6,2,0.1414137992486354,0.1414137992486354,0.12727241932377187,RELATIVE_0P9_CURRENT_LOAD_NOMINAL,True,False,True,26,6,2,1.0,28548294.823426455,3.867875197582538,0.49347399265656755
44026,4,6,FIXED_Q_FIXED_BEAM_JOINT_GLOBAL_INFEASIBLE,211,E3_SITE_18_SEC_2_UE_4,52,3,0.14204267444413815,0.14204267444413815,0.12783840699972435,RELATIVE_0P9_CURRENT_LOAD_NOMINAL,True,False,True,211,52,3,1.0,70335053860.10272,3.374073650628924,0.45016297534070393
44026,4,6,FIXED_Q_FIXED_BEAM_JOINT_GLOBAL_INFEASIBLE,219,E3_SITE_19_SEC_1_UE_4,54,3,0.537566724432956,0.537566724432956,0.4838100519896604,RELATIVE_0P9_CURRENT_LOAD_NOMINAL,True,False,True,219,54,3,1.0,303916.6138944408,3.6030358093361934,0.8277025274918617
44026,4,7,FIXED_Q_FIXED_BEAM_JOINT_GLOBAL_INFEASIBLE,26,E3_SITE_03_SEC_1_UE_3,6,2,0.1414137992486354,0.1414137992486354,0.12727241932377187,RELATIVE_0P9_CURRENT_LOAD_NOMINAL,True,False,True,26,6,2,1.0,31385012.60603569,3.8678546055166114,0.4934719334499749
44026,4,7,FIXED_Q_FIXED_BEAM_JOINT_GLOBAL_INFEASIBLE,211,E3_SITE_18_SEC_2_UE_4,52,3,0.14204267444413815,0.14204267444413815,0.12783840699972435,RELATIVE_0P9_CURRENT_LOAD_NOMINAL,True,False,True,211,52,3,1.0,35251031071.16233,3.374097558054726,0.4501653660832841
44026,4,7,FIXED_Q_FIXED_BEAM_JOINT_GLOBAL_INFEASIBLE,219,E3_SITE_19_SEC_1_UE_4,54,3,0.537566724432956,0.537566724432956,0.4838100519896604,RELATIVE_0P9_CURRENT_LOAD_NOMINAL,True,False,True,219,54,3,1.0,152319.12697112784,3.603206601077942,0.8277196066660366
44026,4,8,FIXED_Q_FIXED_BEAM_JOINT_GLOBAL_INFEASIBLE,26,E3_SITE_03_SEC_1_UE_3,6,2,0.1414137992486354,0.1414137992486354,0.12727241932377187,RELATIVE_0P9_CURRENT_LOAD_NOMINAL,True,False,True,26,6,2,1.0,62621332.9076496,3.8678385127030106,0.4934703241686148
44026,4,8,FIXED_Q_FIXED_BEAM_JOINT_GLOBAL_INFEASIBLE,211,E3_SITE_18_SEC_2_UE_4,52,3,0.14204267444413815,0.14204267444413815,0.12783840699972435,RELATIVE_0P9_CURRENT_LOAD_NOMINAL,True,False,True,211,52,3,1.0,17667366745.065212,3.3741313279674974,0.4501687430745613
44026,4,8,FIXED_Q_FIXED_BEAM_JOINT_GLOBAL_INFEASIBLE,219,E3_SITE_19_SEC_1_UE_4,54,3,0.537566724432956,0.537566724432956,0.4838100519896604,RELATIVE_0P9_CURRENT_LOAD_NOMINAL,True,False,True,219,54,3,1.0,76340.40187518075,3.603447835221849,0.8277437300804272
44026,4,9,FIXED_Q_FIXED_BEAM_JOINT_GLOBAL_INFEASIBLE,26,E3_SITE_03_SEC_1_UE_3,6,2,0.1414137992486354,0.1414137992486354,0.12727241932377187,RELATIVE_0P9_CURRENT_LOAD_NOMINAL,True,False,True,26,6,2,1.0,99248124.22818317,3.867830489756221,0.49346952187393583
44026,4,9,FIXED_Q_FIXED_BEAM_JOINT_GLOBAL_INFEASIBLE,211,E3_SITE_18_SEC_2_UE_4,52,3,0.14204267444413815,0.14204267444413815,0.12783840699972435,RELATIVE_0P9_CURRENT_LOAD_NOMINAL,True,False,True,211,52,3,1.0,8854658664.437555,3.374179028790686,0.45017351315688015
44026,4,9,FIXED_Q_FIXED_BEAM_JOINT_GLOBAL_INFEASIBLE,219,E3_SITE_19_SEC_1_UE_4,54,3,0.537566724432956,0.537566724432956,0.4838100519896604,RELATIVE_0P9_CURRENT_LOAD_NOMINAL,True,False,True,219,54,3,1.0,38260.834829817664,3.603788556378129,0.8277778021960552
44026,4,10,FIXED_Q_FIXED_BEAM_JOINT_GLOBAL_INFEASIBLE,26,E3_SITE_03_SEC_1_UE_3,6,2,0.1414137992486354,0.1414137992486354,0.12727241932377187,RELATIVE_0P9_CURRENT_LOAD_NOMINAL,True,False,True,26,6,2,1.0,124945985.66371246,3.8678271201404817,0.4934691849123619
44026,4,10,FIXED_Q_FIXED_BEAM_JOINT_GLOBAL_INFEASIBLE,211,E3_SITE_18_SEC_2_UE_4,52,3,0.14204267444413815,0.14204267444413815,0.12783840699972435,RELATIVE_0P9_CURRENT_LOAD_NOMINAL,True,False,True,211,52,3,1.0,4437841880.743173,3.374246407103507,0.4501802509881622
44026,4,10,FIXED_Q_FIXED_BEAM_JOINT_GLOBAL_INFEASIBLE,219,E3_SITE_19_SEC_1_UE_4,54,3,0.537566724432956,0.537566724432956,0.4838100519896604,RELATIVE_0P9_CURRENT_LOAD_NOMINAL,True,False,True,219,54,3,1.0,32928.74090962159,3.6039002568567855,0.8277889722439209
44026,4,11,FIXED_Q_FIXED_BEAM_JOINT_GLOBAL_INFEASIBLE,26,E3_SITE_03_SEC_1_UE_3,6,2,0.1414137992486354,0.1414137992486354,0.12727241932377187,RELATIVE_0P9_CURRENT_LOAD_NOMINAL,True,False,True,26,6,2,1.0,124945985.66371246,3.8678271201404817,0.4934691849123619
44026,4,11,FIXED_Q_FIXED_BEAM_JOINT_GLOBAL_INFEASIBLE,211,E3_SITE_18_SEC_2_UE_4,52,3,0.14204267444413815,0.14204267444413815,0.12783840699972435,RELATIVE_0P9_CURRENT_LOAD_NOMINAL,True,False,True,211,52,3,1.0,2224189695.484902,3.3743415797225937,0.4501897682500709
44026,4,11,FIXED_Q_FIXED_BEAM_JOINT_GLOBAL_INFEASIBLE,219,E3_SITE_19_SEC_1_UE_4,54,3,0.537566724432956,0.537566724432956,0.4838100519896604,RELATIVE_0P9_CURRENT_LOAD_NOMINAL,True,False,True,219,54,3,1.0,32928.74090962159,3.6039002568567855,0.8277889722439209
44026,4,12,FIXED_Q_FIXED_BEAM_JOINT_GLOBAL_INFEASIBLE,26,E3_SITE_03_SEC_1_UE_3,6,2,0.1414137992486354,0.1414137992486354,0.12727241932377187,RELATIVE_0P9_CURRENT_LOAD_NOMINAL,True,False,True,26,6,2,1.0,124945985.66371246,3.8678271201404817,0.4934691849123619
44026,4,12,FIXED_Q_FIXED_BEAM_JOINT_GLOBAL_INFEASIBLE,211,E3_SITE_18_SEC_2_UE_4,52,3,0.14204267444413815,0.14204267444413815,0.12783840699972435,RELATIVE_0P9_CURRENT_LOAD_NOMINAL,True,False,True,211,52,3,1.0,1114735480.5423172,3.3744760110737566,0.4502032113851872
44026,4,12,FIXED_Q_FIXED_BEAM_JOINT_GLOBAL_INFEASIBLE,219,E3_SITE_19_SEC_1_UE_4,54,3,0.537566724432956,0.537566724432956,0.4838100519896604,RELATIVE_0P9_CURRENT_LOAD_NOMINAL,True,False,True,219,54,3,1.0,32928.74090962159,3.6039002568567855,0.8277889722439209
44026,4,13,FIXED_Q_FIXED_BEAM_JOINT_GLOBAL_INFEASIBLE,26,E3_SITE_03_SEC_1_UE_3,6,2,0.1414137992486354,0.1414137992486354,0.12727241932377187,RELATIVE_0P9_CURRENT_LOAD_NOMINAL,True,False,True,26,6,2,1.0,124945985.66371246,3.8678271201404817,0.4934691849123619
44026,4,13,FIXED_Q_FIXED_BEAM_JOINT_GLOBAL_INFEASIBLE,211,E3_SITE_18_SEC_2_UE_4,52,3,0.14204267444413815,0.14204267444413815,0.12783840699972435,RELATIVE_0P9_CURRENT_LOAD_NOMINAL,True,False,True,211,52,3,1.0,558691191.7191709,3.374665893328207,0.45022219961063226
44026,4,13,FIXED_Q_FIXED_BEAM_JOINT_GLOBAL_INFEASIBLE,219,E3_SITE_19_SEC_1_UE_4,54,3,0.537566724432956,0.537566724432956,0.4838100519896604,RELATIVE_0P9_CURRENT_LOAD_NOMINAL,True,False,True,219,54,3,1.0,32928.74090962159,3.6039002568567855,0.8277889722439209
44026,4,14,FIXED_Q_FIXED_BEAM_JOINT_GLOBAL_INFEASIBLE,26,E3_SITE_03_SEC_1_UE_3,6,2,0.1414137992486354,0.1414137992486354,0.12727241932377187,RELATIVE_0P9_CURRENT_LOAD_NOMINAL,True,False,True,26,6,2,1.0,157297676.45372254,3.8678241169842247,0.4934688845967362
44026,4,14,FIXED_Q_FIXED_BEAM_JOINT_GLOBAL_INFEASIBLE,211,E3_SITE_18_SEC_2_UE_4,52,3,0.14204267444413815,0.14204267444413815,0.12783840699972435,RELATIVE_0P9_CURRENT_LOAD_NOMINAL,True,False,True,211,52,3,1.0,280008892.829656,3.3749340950226854,0.4502490197800801
44026,4,14,FIXED_Q_FIXED_BEAM_JOINT_GLOBAL_INFEASIBLE,219,E3_SITE_19_SEC_1_UE_4,54,3,0.537566724432956,0.537566724432956,0.4838100519896604,RELATIVE_0P9_CURRENT_LOAD_NOMINAL,True,False,True,219,54,3,1.0,41454.8287095085,3.603761247329152,0.8277750712911576
44026,4,15,FIXED_Q_FIXED_BEAM_JOINT_GLOBAL_INFEASIBLE,26,E3_SITE_03_SEC_1_UE_3,6,2,0.1414137992486354,0.1414137992486354,0.12727241932377187,RELATIVE_0P9_CURRENT_LOAD_NOMINAL,True,False,True,26,6,2,1.0,198026042.10377803,3.867821440431843,0.4934686169414981
44026,4,15,FIXED_Q_FIXED_BEAM_JOINT_GLOBAL_INFEASIBLE,211,E3_SITE_18_SEC_2_UE_4,52,3,0.14204267444413815,0.14204267444413815,0.12783840699972435,RELATIVE_0P9_CURRENT_LOAD_NOMINAL,True,False,True,211,52,3,1.0,140336882.38833016,3.3753129118144956,0.4502869014592611
44026,4,15,FIXED_Q_FIXED_BEAM_JOINT_GLOBAL_INFEASIBLE,219,E3_SITE_19_SEC_1_UE_4,54,3,0.537566724432956,0.537566724432956,0.4838100519896604,RELATIVE_0P9_CURRENT_LOAD_NOMINAL,True,False,True,219,54,3,1.0,52188.53730397385,3.603637349838975,0.8277626815421398
44026,4,16,FIXED_Q_FIXED_BEAM_JOINT_GLOBAL_INFEASIBLE,26,E3_SITE_03_SEC_1_UE_3,6,2,0.1414137992486354,0.1414137992486354,0.12727241932377187,RELATIVE_0P9_CURRENT_LOAD_NOMINAL,True,False,True,26,6,2,1.0,395113899.19215447,3.8678150340884034,0.4934679763071541
44026,4,16,FIXED_Q_FIXED_BEAM_JOINT_GLOBAL_INFEASIBLE,211,E3_SITE_18_SEC_2_UE_4,52,3,0.14204267444413815,0.14204267444413815,0.12783840699972435,RELATIVE_0P9_CURRENT_LOAD_NOMINAL,True,False,True,211,52,3,1.0,70335053.86008257,3.375847948546349,0.4503404051324464
44026,4,16,FIXED_Q_FIXED_BEAM_JOINT_GLOBAL_INFEASIBLE,219,E3_SITE_19_SEC_1_UE_4,54,3,0.537566724432956,0.537566724432956,0.4838100519896604,RELATIVE_0P9_CURRENT_LOAD_NOMINAL,True,False,True,219,54,3,1.0,104129.82175596566,3.6033407785108196,0.8277330244093243
44026,4,17,FIXED_Q_FIXED_BEAM_JOINT_GLOBAL_INFEASIBLE,26,E3_SITE_03_SEC_1_UE_3,6,2,0.1414137992486354,0.1414137992486354,0.12727241932377187,RELATIVE_0P9_CURRENT_LOAD_NOMINAL,True,False,True,26,6,2,1.0,569613368.1780891,3.8678164502517816,0.49346811792349193
44026,4,17,FIXED_Q_FIXED_BEAM_JOINT_GLOBAL_INFEASIBLE,211,E3_SITE_18_SEC_2_UE_4,52,3,0.14204267444413815,0.14204267444413815,0.12783840699972435,RELATIVE_0P9_CURRENT_LOAD_NOMINAL,True,False,True,211,52,3,1.0,35251031.071160145,3.376603595865294,0.4504159698643409
44026,4,17,FIXED_Q_FIXED_BEAM_JOINT_GLOBAL_INFEASIBLE,219,E3_SITE_19_SEC_1_UE_4,54,3,0.537566724432956,0.537566724432956,0.4838100519896604,RELATIVE_0P9_CURRENT_LOAD_NOMINAL,True,False,True,219,54,3,1.0,207766.3092141061,3.6031308053776696,0.8277120270960093
44026,4,18,FIXED_Q_FIXED_BEAM_JOINT_GLOBAL_INFEASIBLE,26,E3_SITE_03_SEC_1_UE_3,6,2,0.1414137992486354,0.1414137992486354,0.12727241932377187,RELATIVE_0P9_CURRENT_LOAD_NOMINAL,True,False,True,26,6,2,1.0,569613368.1780891,3.8678164502517816,0.49346811792349193
44026,4,18,FIXED_Q_FIXED_BEAM_JOINT_GLOBAL_INFEASIBLE,211,E3_SITE_18_SEC_2_UE_4,52,3,0.14204267444413815,0.14204267444413815,0.12783840699972435,RELATIVE_0P9_CURRENT_LOAD_NOMINAL,True,False,True,211,52,3,1.0,17667366.745063726,3.377670752298396,0.4505226855076511
44026,4,18,FIXED_Q_FIXED_BEAM_JOINT_GLOBAL_INFEASIBLE,219,E3_SITE_19_SEC_1_UE_4,54,3,0.537566724432956,0.537566724432956,0.4838100519896604,RELATIVE_0P9_CURRENT_LOAD_NOMINAL,True,False,True,219,54,3,1.0,414548.2870950595,3.6029821474065677,0.8276971612988991
44026,4,19,FIXED_Q_FIXED_BEAM_JOINT_GLOBAL_INFEASIBLE,26,E3_SITE_03_SEC_1_UE_3,6,2,0.1414137992486354,0.1414137992486354,0.12727241932377187,RELATIVE_0P9_CURRENT_LOAD_NOMINAL,True,False,True,26,6,2,1.0,569613368.1780891,3.8678164502517816,0.49346811792349193
44026,4,19,FIXED_Q_FIXED_BEAM_JOINT_GLOBAL_INFEASIBLE,211,E3_SITE_18_SEC_2_UE_4,52,3,0.14204267444413815,0.14204267444413815,0.12783840699972435,RELATIVE_0P9_CURRENT_LOAD_NOMINAL,True,False,True,211,52,3,1.0,8854658.664436936,3.379177704331351,0.4506733807109466
44026,4,19,FIXED_Q_FIXED_BEAM_JOINT_GLOBAL_INFEASIBLE,219,E3_SITE_19_SEC_1_UE_4,54,3,0.537566724432956,0.537566724432956,0.4838100519896604,RELATIVE_0P9_CURRENT_LOAD_NOMINAL,True,False,True,219,54,3,1.0,827132.5749756609,3.6028769014239828,0.8276866367006406
44026,4,40,FIXED_Q_FIXED_BEAM_JOINT_GLOBAL_INFEASIBLE,26,E3_SITE_03_SEC_1_UE_3,6,2,0.1414137992486354,0.1414137992486354,0.12727241932377187,RELATIVE_0P9_CURRENT_LOAD_NOMINAL,True,False,True,26,6,2,1.0,569613368.1780891,3.8678164502517816,0.49346811792349193
44026,4,40,FIXED_Q_FIXED_BEAM_JOINT_GLOBAL_INFEASIBLE,211,E3_SITE_18_SEC_2_UE_4,52,3,0.14204267444413815,0.14204267444413815,0.12783840699972435,RELATIVE_0P9_CURRENT_LOAD_NOMINAL,True,False,True,211,52,3,1.0,810900776.3733426,3.3745315421995525,0.45020876449776676
44026,4,40,FIXED_Q_FIXED_BEAM_JOINT_GLOBAL_INFEASIBLE,219,E3_SITE_19_SEC_1_UE_4,54,3,0.537566724432956,0.537566724432956,0.4838100519896604,RELATIVE_0P9_CURRENT_LOAD_NOMINAL,True,False,True,219,54,3,1.0,6063933.665962637,3.602714465312732,0.8276703930895155
44026,4,41,FIXED_Q_FIXED_BEAM_JOINT_GLOBAL_INFEASIBLE,26,E3_SITE_03_SEC_1_UE_3,6,2,0.1414137992486354,0.1414137992486354,0.12727241932377187,RELATIVE_0P9_CURRENT_LOAD_NOMINAL,True,False,True,26,6,2,1.0,569613368.1780891,3.8678164502517816,0.49346811792349193
44026,4,41,FIXED_Q_FIXED_BEAM_JOINT_GLOBAL_INFEASIBLE,211,E3_SITE_18_SEC_2_UE_4,52,3,0.14204267444413815,0.14204267444413815,0.12783840699972435,RELATIVE_0P9_CURRENT_LOAD_NOMINAL,True,False,True,211,52,3,1.0,406413116.8567642,3.374744329381863,0.4502300432159978
44026,4,41,FIXED_Q_FIXED_BEAM_JOINT_GLOBAL_INFEASIBLE,219,E3_SITE_19_SEC_1_UE_4,54,3,0.537566724432956,0.537566724432956,0.4838100519896604,RELATIVE_0P9_CURRENT_LOAD_NOMINAL,True,False,True,219,54,3,1.0,6063933.665962637,3.602714465312732,0.8276703930895155
44026,4,42,FIXED_Q_FIXED_BEAM_JOINT_GLOBAL_INFEASIBLE,26,E3_SITE_03_SEC_1_UE_3,6,2,0.1414137992486354,0.1414137992486354,0.12727241932377187,RELATIVE_0P9_CURRENT_LOAD_NOMINAL,True,False,True,26,6,2,1.0,569613368.1780891,3.8678164502517816,0.49346811792349193
44026,4,42,FIXED_Q_FIXED_BEAM_JOINT_GLOBAL_INFEASIBLE,211,E3_SITE_18_SEC_2_UE_4,52,3,0.14204267444413815,0.14204267444413815,0.12783840699972435,RELATIVE_0P9_CURRENT_LOAD_NOMINAL,True,False,True,211,52,3,1.0,203689065.74727565,3.375044881418289,0.45026009841964043
44026,4,42,FIXED_Q_FIXED_BEAM_JOINT_GLOBAL_INFEASIBLE,219,E3_SITE_19_SEC_1_UE_4,54,3,0.537566724432956,0.537566724432956,0.4838100519896604,RELATIVE_0P9_CURRENT_LOAD_NOMINAL,True,False,True,219,54,3,1.0,6063933.665962637,3.602714465312732,0.8276703930895155
44026,4,43,FIXED_Q_FIXED_BEAM_JOINT_GLOBAL_INFEASIBLE,26,E3_SITE_03_SEC_1_UE_3,6,2,0.1414137992486354,0.1414137992486354,0.12727241932377187,RELATIVE_0P9_CURRENT_LOAD_NOMINAL,True,False,True,26,6,2,1.0,569613368.1780891,3.8678164502517816,0.49346811792349193
44026,4,43,FIXED_Q_FIXED_BEAM_JOINT_GLOBAL_INFEASIBLE,211,E3_SITE_18_SEC_2_UE_4,52,3,0.14204267444413815,0.14204267444413815,0.12783840699972435,RELATIVE_0P9_CURRENT_LOAD_NOMINAL,True,False,True,211,52,3,1.0,102086359.38200125,3.375469386843236,0.4503025489621351
44026,4,43,FIXED_Q_FIXED_BEAM_JOINT_GLOBAL_INFEASIBLE,219,E3_SITE_19_SEC_1_UE_4,54,3,0.537566724432956,0.537566724432956,0.4838100519896604,RELATIVE_0P9_CURRENT_LOAD_NOMINAL,True,False,True,219,54,3,1.0,6063933.665962637,3.602714465312732,0.8276703930895155
44026,4,44,FIXED_Q_FIXED_BEAM_JOINT_GLOBAL_INFEASIBLE,26,E3_SITE_03_SEC_1_UE_3,6,2,0.1414137992486354,0.1414137992486354,0.12727241932377187,RELATIVE_0P9_CURRENT_LOAD_NOMINAL,True,False,True,26,6,2,1.0,180127562.91228372,3.8678164502517816,0.49346811792349193
44026,4,44,FIXED_Q_FIXED_BEAM_JOINT_GLOBAL_INFEASIBLE,211,E3_SITE_18_SEC_2_UE_4,52,3,0.14204267444413815,0.14204267444413815,0.12783840699972435,RELATIVE_0P9_CURRENT_LOAD_NOMINAL,True,False,True,211,52,3,1.0,51164380.049745075,3.376068945641452,0.4503625048419567
44026,4,44,FIXED_Q_FIXED_BEAM_JOINT_GLOBAL_INFEASIBLE,219,E3_SITE_19_SEC_1_UE_4,54,3,0.537566724432956,0.537566724432956,0.4838100519896604,RELATIVE_0P9_CURRENT_LOAD_NOMINAL,True,False,True,219,54,3,1.0,6063933.665962637,3.602714465312732,0.8276703930895155
44026,4,45,FIXED_Q_FIXED_BEAM_JOINT_GLOBAL_INFEASIBLE,26,E3_SITE_03_SEC_1_UE_3,6,2,0.1414137992486354,0.1414137992486354,0.12727241932377187,RELATIVE_0P9_CURRENT_LOAD_NOMINAL,True,False,True,26,6,2,1.0,180127562.91228372,3.8678164502517816,0.49346811792349193
44026,4,45,FIXED_Q_FIXED_BEAM_JOINT_GLOBAL_INFEASIBLE,211,E3_SITE_18_SEC_2_UE_4,52,3,0.14204267444413815,0.14204267444413815,0.12783840699972435,RELATIVE_0P9_CURRENT_LOAD_NOMINAL,True,False,True,211,52,3,1.0,25642934.097385965,3.3769157031862593,0.45044718059643746
44026,4,45,FIXED_Q_FIXED_BEAM_JOINT_GLOBAL_INFEASIBLE,219,E3_SITE_19_SEC_1_UE_4,54,3,0.537566724432956,0.537566724432956,0.4838100519896604,RELATIVE_0P9_CURRENT_LOAD_NOMINAL,True,False,True,219,54,3,1.0,6063933.665962637,3.602714465312732,0.8276703930895155
44026,4,46,FIXED_Q_FIXED_BEAM_JOINT_GLOBAL_INFEASIBLE,26,E3_SITE_03_SEC_1_UE_3,6,2,0.1414137992486354,0.1414137992486354,0.12727241932377187,RELATIVE_0P9_CURRENT_LOAD_NOMINAL,True,False,True,26,6,2,1.0,180127562.91228372,3.8678164502517816,0.49346811792349193
44026,4,46,FIXED_Q_FIXED_BEAM_JOINT_GLOBAL_INFEASIBLE,211,E3_SITE_18_SEC_2_UE_4,52,3,0.14204267444413815,0.14204267444413815,0.12783840699972435,RELATIVE_0P9_CURRENT_LOAD_NOMINAL,True,False,True,211,52,3,1.0,12851911.20235531,3.378111497146504,0.45056675999246193
44026,4,46,FIXED_Q_FIXED_BEAM_JOINT_GLOBAL_INFEASIBLE,219,E3_SITE_19_SEC_1_UE_4,54,3,0.537566724432956,0.537566724432956,0.4838100519896604,RELATIVE_0P9_CURRENT_LOAD_NOMINAL,True,False,True,219,54,3,1.0,6063933.665962637,3.602714465312732,0.8276703930895155
44026,4,47,FIXED_Q_FIXED_BEAM_JOINT_GLOBAL_INFEASIBLE,26,E3_SITE_03_SEC_1_UE_3,6,2,0.1414137992486354,0.1414137992486354,0.12727241932377187,RELATIVE_0P9_CURRENT_LOAD_NOMINAL,True,False,True,26,6,2,1.0,180127562.91228372,3.8678164502517816,0.49346811792349193
44026,4,47,FIXED_Q_FIXED_BEAM_JOINT_GLOBAL_INFEASIBLE,211,E3_SITE_18_SEC_2_UE_4,52,3,0.14204267444413815,0.14204267444413815,0.12783840699972435,RELATIVE_0P9_CURRENT_LOAD_NOMINAL,True,False,True,211,52,3,1.0,6441213.822331828,3.379800036629,0.45073561394071154
44026,4,47,FIXED_Q_FIXED_BEAM_JOINT_GLOBAL_INFEASIBLE,219,E3_SITE_19_SEC_1_UE_4,54,3,0.537566724432956,0.537566724432956,0.4838100519896604,RELATIVE_0P9_CURRENT_LOAD_NOMINAL,True,False,True,219,54,3,1.0,1917584.1964616594,3.602714465312732,0.8276703930895155
44026,4,48,FIXED_Q_FIXED_BEAM_JOINT_GLOBAL_INFEASIBLE,26,E3_SITE_03_SEC_1_UE_3,6,2,0.1414137992486354,0.1414137992486354,0.12727241932377187,RELATIVE_0P9_CURRENT_LOAD_NOMINAL,True,False,True,26,6,2,1.0,180127562.91228372,3.8678164502517816,0.49346811792349193
44026,4,48,FIXED_Q_FIXED_BEAM_JOINT_GLOBAL_INFEASIBLE,211,E3_SITE_18_SEC_2_UE_4,52,3,0.14204267444413815,0.14204267444413815,0.12783840699972435,RELATIVE_0P9_CURRENT_LOAD_NOMINAL,True,False,True,211,52,3,1.0,3228254.1368162315,3.3821840359673008,0.4509740138745416
44026,4,48,FIXED_Q_FIXED_BEAM_JOINT_GLOBAL_INFEASIBLE,219,E3_SITE_19_SEC_1_UE_4,54,3,0.537566724432956,0.537566724432956,0.4838100519896604,RELATIVE_0P9_CURRENT_LOAD_NOMINAL,True,False,True,219,54,3,1.0,1917584.1964616594,3.602714465312732,0.8276703930895155
44026,4,49,FIXED_Q_FIXED_BEAM_JOINT_GLOBAL_INFEASIBLE,26,E3_SITE_03_SEC_1_UE_3,6,2,0.1414137992486354,0.1414137992486354,0.12727241932377187,RELATIVE_0P9_CURRENT_LOAD_NOMINAL,True,False,True,26,6,2,1.0,180127562.91228372,3.8678164502517816,0.49346811792349193
44026,4,49,FIXED_Q_FIXED_BEAM_JOINT_GLOBAL_INFEASIBLE,211,E3_SITE_18_SEC_2_UE_4,52,3,0.14204267444413815,0.14204267444413815,0.12783840699972435,RELATIVE_0P9_CURRENT_LOAD_NOMINAL,True,False,True,211,52,3,1.0,5740264.281463937,3.3803009249848435,0.45078570277629587
44026,4,49,FIXED_Q_FIXED_BEAM_JOINT_GLOBAL_INFEASIBLE,219,E3_SITE_19_SEC_1_UE_4,54,3,0.537566724432956,0.537566724432956,0.4838100519896604,RELATIVE_0P9_CURRENT_LOAD_NOMINAL,True,False,True,219,54,3,1.0,1917584.1964616594,3.602714465312732,0.8276703930895155
44026,4,50,FIXED_Q_FIXED_BEAM_JOINT_GLOBAL_INFEASIBLE,26,E3_SITE_03_SEC_1_UE_3,6,2,0.1414137992486354,0.1414137992486354,0.12727241932377187,RELATIVE_0P9_CURRENT_LOAD_NOMINAL,True,False,True,26,6,2,1.0,180127562.91228372,3.8678164502517816,0.49346811792349193
44026,4,50,FIXED_Q_FIXED_BEAM_JOINT_GLOBAL_INFEASIBLE,211,E3_SITE_18_SEC_2_UE_4,52,3,0.14204267444413815,0.14204267444413815,0.12783840699972435,RELATIVE_0P9_CURRENT_LOAD_NOMINAL,True,False,True,211,52,3,1.0,2672869.759881988,3.3792450700974968,0.4506801172875612
44026,4,50,FIXED_Q_FIXED_BEAM_JOINT_GLOBAL_INFEASIBLE,219,E3_SITE_19_SEC_1_UE_4,54,3,0.537566724432956,0.537566724432956,0.4838100519896604,RELATIVE_0P9_CURRENT_LOAD_NOMINAL,True,False,True,219,54,3,1.0,1917584.1964616594,3.602714465312732,0.8276703930895155
44026,4,51,FIXED_Q_FIXED_BEAM_JOINT_GLOBAL_INFEASIBLE,26,E3_SITE_03_SEC_1_UE_3,6,2,0.1414137992486354,0.1414137992486354,0.12727241932377187,RELATIVE_0P9_CURRENT_LOAD_NOMINAL,True,False,True,26,6,2,1.0,180127562.91228372,3.8678164502517816,0.49346811792349193
44026,4,51,FIXED_Q_FIXED_BEAM_JOINT_GLOBAL_INFEASIBLE,211,E3_SITE_18_SEC_2_UE_4,52,3,0.14204267444413815,0.14204267444413815,0.12783840699972435,RELATIVE_0P9_CURRENT_LOAD_NOMINAL,True,False,True,211,52,3,1.0,2123135.9180149753,3.379882718203757,0.4507438820981872
44026,4,51,FIXED_Q_FIXED_BEAM_JOINT_GLOBAL_INFEASIBLE,219,E3_SITE_19_SEC_1_UE_4,54,3,0.537566724432956,0.537566724432956,0.4838100519896604,RELATIVE_0P9_CURRENT_LOAD_NOMINAL,True,False,True,219,54,3,1.0,1917584.1964616594,3.602714465312732,0.8276703930895155
44026,4,52,FIXED_Q_FIXED_BEAM_JOINT_GLOBAL_INFEASIBLE,26,E3_SITE_03_SEC_1_UE_3,6,2,0.1414137992486354,0.1414137992486354,0.12727241932377187,RELATIVE_0P9_CURRENT_LOAD_NOMINAL,True,False,True,26,6,2,1.0,180127562.91228372,3.8678164502517816,0.49346811792349193
44026,4,52,FIXED_Q_FIXED_BEAM_JOINT_GLOBAL_INFEASIBLE,211,E3_SITE_18_SEC_2_UE_4,52,3,0.14204267444413815,0.14204267444413815,0.12783840699972435,RELATIVE_0P9_CURRENT_LOAD_NOMINAL,True,False,True,211,52,3,1.0,2672869.759881988,3.3792450700974968,0.4506801172875612
44026,4,52,FIXED_Q_FIXED_BEAM_JOINT_GLOBAL_INFEASIBLE,219,E3_SITE_19_SEC_1_UE_4,54,3,0.537566724432956,0.537566724432956,0.4838100519896604,RELATIVE_0P9_CURRENT_LOAD_NOMINAL,True,False,True,219,54,3,1.0,1917584.1964616594,3.602714465312732,0.8276703930895155
44026,4,53,FIXED_Q_FIXED_BEAM_JOINT_GLOBAL_INFEASIBLE,26,E3_SITE_03_SEC_1_UE_3,6,2,0.1414137992486354,0.1414137992486354,0.12727241932377187,RELATIVE_0P9_CURRENT_LOAD_NOMINAL,True,False,True,26,6,2,1.0,180127562.91228372,3.8678164502517816,0.49346811792349193
44026,4,53,FIXED_Q_FIXED_BEAM_JOINT_GLOBAL_INFEASIBLE,211,E3_SITE_18_SEC_2_UE_4,52,3,0.14204267444413815,0.14204267444413815,0.12783840699972435,RELATIVE_0P9_CURRENT_LOAD_NOMINAL,True,False,True,211,52,3,1.0,2123135.9180149753,3.379882718203757,0.4507438820981872
44026,4,53,FIXED_Q_FIXED_BEAM_JOINT_GLOBAL_INFEASIBLE,219,E3_SITE_19_SEC_1_UE_4,54,3,0.537566724432956,0.537566724432956,0.4838100519896604,RELATIVE_0P9_CURRENT_LOAD_NOMINAL,True,False,True,219,54,3,1.0,1917584.1964616594,3.602714465312732,0.8276703930895155
44026,4,54,FIXED_Q_FIXED_BEAM_JOINT_GLOBAL_INFEASIBLE,26,E3_SITE_03_SEC_1_UE_3,6,2,0.1414137992486354,0.1414137992486354,0.12727241932377187,RELATIVE_0P9_CURRENT_LOAD_NOMINAL,True,False,True,26,6,2,1.0,180127562.91228372,3.8678164502517816,0.49346811792349193
44026,4,54,FIXED_Q_FIXED_BEAM_JOINT_GLOBAL_INFEASIBLE,211,E3_SITE_18_SEC_2_UE_4,52,3,0.14204267444413815,0.14204267444413815,0.12783840699972435,RELATIVE_0P9_CURRENT_LOAD_NOMINAL,True,False,True,211,52,3,1.0,2672869.759881988,3.3792450700974968,0.4506801172875612
44026,4,54,FIXED_Q_FIXED_BEAM_JOINT_GLOBAL_INFEASIBLE,219,E3_SITE_19_SEC_1_UE_4,54,3,0.537566724432956,0.537566724432956,0.4838100519896604,RELATIVE_0P9_CURRENT_LOAD_NOMINAL,True,False,True,219,54,3,1.0,1917584.1964616594,3.602714465312732,0.8276703930895155
44026,4,55,FIXED_Q_FIXED_BEAM_JOINT_GLOBAL_INFEASIBLE,26,E3_SITE_03_SEC_1_UE_3,6,2,0.1414137992486354,0.1414137992486354,0.12727241932377187,RELATIVE_0P9_CURRENT_LOAD_NOMINAL,True,False,True,26,6,2,1.0,180127562.91228372,3.8678164502517816,0.49346811792349193
44026,4,55,FIXED_Q_FIXED_BEAM_JOINT_GLOBAL_INFEASIBLE,211,E3_SITE_18_SEC_2_UE_4,52,3,0.14204267444413815,0.14204267444413815,0.12783840699972435,RELATIVE_0P9_CURRENT_LOAD_NOMINAL,True,False,True,211,52,3,1.0,2123135.9180149753,3.379882718203757,0.4507438820981872
44026,4,55,FIXED_Q_FIXED_BEAM_JOINT_GLOBAL_INFEASIBLE,219,E3_SITE_19_SEC_1_UE_4,54,3,0.537566724432956,0.537566724432956,0.4838100519896604,RELATIVE_0P9_CURRENT_LOAD_NOMINAL,True,False,True,219,54,3,1.0,1917584.1964616594,3.602714465312732,0.8276703930895155
44026,4,56,FIXED_Q_FIXED_BEAM_JOINT_GLOBAL_INFEASIBLE,26,E3_SITE_03_SEC_1_UE_3,6,2,0.1414137992486354,0.1414137992486354,0.12727241932377187,RELATIVE_0P9_CURRENT_LOAD_NOMINAL,True,False,True,26,6,2,1.0,180127562.91228372,3.8678164502517816,0.49346811792349193
44026,4,56,FIXED_Q_FIXED_BEAM_JOINT_GLOBAL_INFEASIBLE,211,E3_SITE_18_SEC_2_UE_4,52,3,0.14204267444413815,0.14204267444413815,0.12783840699972435,RELATIVE_0P9_CURRENT_LOAD_NOMINAL,True,False,True,211,52,3,1.0,2672869.759881988,3.3792450700974968,0.4506801172875612
44026,4,56,FIXED_Q_FIXED_BEAM_JOINT_GLOBAL_INFEASIBLE,219,E3_SITE_19_SEC_1_UE_4,54,3,0.537566724432956,0.537566724432956,0.4838100519896604,RELATIVE_0P9_CURRENT_LOAD_NOMINAL,True,False,True,219,54,3,1.0,1917584.1964616594,3.602714465312732,0.8276703930895155
44026,4,57,FIXED_Q_FIXED_BEAM_JOINT_GLOBAL_INFEASIBLE,26,E3_SITE_03_SEC_1_UE_3,6,2,0.1414137992486354,0.1414137992486354,0.12727241932377187,RELATIVE_0P9_CURRENT_LOAD_NOMINAL,True,False,True,26,6,2,1.0,180127562.91228372,3.8678164502517816,0.49346811792349193
44026,4,57,FIXED_Q_FIXED_BEAM_JOINT_GLOBAL_INFEASIBLE,211,E3_SITE_18_SEC_2_UE_4,52,3,0.14204267444413815,0.14204267444413815,0.12783840699972435,RELATIVE_0P9_CURRENT_LOAD_NOMINAL,True,False,True,211,52,3,1.0,2123135.9180149753,3.379882718203757,0.4507438820981872
44026,4,57,FIXED_Q_FIXED_BEAM_JOINT_GLOBAL_INFEASIBLE,219,E3_SITE_19_SEC_1_UE_4,54,3,0.537566724432956,0.537566724432956,0.4838100519896604,RELATIVE_0P9_CURRENT_LOAD_NOMINAL,True,False,True,219,54,3,1.0,1917584.1964616594,3.602714465312732,0.8276703930895155
44026,4,58,FIXED_Q_FIXED_BEAM_JOINT_GLOBAL_INFEASIBLE,26,E3_SITE_03_SEC_1_UE_3,6,2,0.1414137992486354,0.1414137992486354,0.12727241932377187,RELATIVE_0P9_CURRENT_LOAD_NOMINAL,True,False,True,26,6,2,1.0,180127562.91228372,3.8678164502517816,0.49346811792349193
44026,4,58,FIXED_Q_FIXED_BEAM_JOINT_GLOBAL_INFEASIBLE,211,E3_SITE_18_SEC_2_UE_4,52,3,0.14204267444413815,0.14204267444413815,0.12783840699972435,RELATIVE_0P9_CURRENT_LOAD_NOMINAL,True,False,True,211,52,3,1.0,2672869.759881988,3.3792450700974968,0.4506801172875612
44026,4,58,FIXED_Q_FIXED_BEAM_JOINT_GLOBAL_INFEASIBLE,219,E3_SITE_19_SEC_1_UE_4,54,3,0.537566724432956,0.537566724432956,0.4838100519896604,RELATIVE_0P9_CURRENT_LOAD_NOMINAL,True,False,True,219,54,3,1.0,1917584.1964616594,3.602714465312732,0.8276703930895155
44026,4,59,FIXED_Q_FIXED_BEAM_JOINT_GLOBAL_INFEASIBLE,26,E3_SITE_03_SEC_1_UE_3,6,2,0.1414137992486354,0.1414137992486354,0.12727241932377187,RELATIVE_0P9_CURRENT_LOAD_NOMINAL,True,False,True,26,6,2,1.0,180127562.91228372,3.8678164502517816,0.49346811792349193
44026,4,59,FIXED_Q_FIXED_BEAM_JOINT_GLOBAL_INFEASIBLE,211,E3_SITE_18_SEC_2_UE_4,52,3,0.14204267444413815,0.14204267444413815,0.12783840699972435,RELATIVE_0P9_CURRENT_LOAD_NOMINAL,True,False,True,211,52,3,1.0,2123135.9180149753,3.379882718203757,0.4507438820981872
44026,4,59,FIXED_Q_FIXED_BEAM_JOINT_GLOBAL_INFEASIBLE,219,E3_SITE_19_SEC_1_UE_4,54,3,0.537566724432956,0.537566724432956,0.4838100519896604,RELATIVE_0P9_CURRENT_LOAD_NOMINAL,True,False,True,219,54,3,1.0,1917584.1964616594,3.602714465312732,0.8276703930895155
44026,4,80,FIXED_Q_FIXED_BEAM_JOINT_GLOBAL_INFEASIBLE,26,E3_SITE_03_SEC_1_UE_3,6,2,0.1414137992486354,0.446426892401261,0.4017842031611349,RELATIVE_0P9_CURRENT_LOAD_NOMINAL,True,False,True,26,6,2,1.0,37779383.03679702,6.328764559858947,0.9514010016657972
44026,4,80,FIXED_Q_FIXED_BEAM_JOINT_GLOBAL_INFEASIBLE,219,E3_SITE_19_SEC_1_UE_4,54,3,0.537566724432956,0.7868365415064549,0.7081528873558094,RELATIVE_0P9_CURRENT_LOAD_NOMINAL,True,False,True,219,54,3,1.0,5100201.851393012,3.751627874411035,1.078333292155134
44026,4,81,FIXED_Q_FIXED_BEAM_JOINT_GLOBAL_INFEASIBLE,26,E3_SITE_03_SEC_1_UE_3,6,2,0.1414137992486354,0.446426892401261,0.4017842031611349,RELATIVE_0P9_CURRENT_LOAD_NOMINAL,True,False,True,26,6,2,1.0,27057424.959879562,6.328770037599534,0.9514015494398558
44026,4,81,FIXED_Q_FIXED_BEAM_JOINT_GLOBAL_INFEASIBLE,219,E3_SITE_19_SEC_1_UE_4,54,3,0.537566724432956,0.7868365415064549,0.7081528873558094,RELATIVE_0P9_CURRENT_LOAD_NOMINAL,True,False,True,219,54,3,1.0,3681255.4250538656,3.751637762723363,1.078334280986367
44026,4,82,FIXED_Q_FIXED_BEAM_JOINT_GLOBAL_INFEASIBLE,26,E3_SITE_03_SEC_1_UE_3,6,2,0.1414137992486354,0.446426892401261,0.4017842031611349,RELATIVE_0P9_CURRENT_LOAD_NOMINAL,True,False,True,26,6,2,1.0,12234175.62829133,6.328790817226275,0.9514036274025299
44026,4,82,FIXED_Q_FIXED_BEAM_JOINT_GLOBAL_INFEASIBLE,219,E3_SITE_19_SEC_1_UE_4,54,3,0.537566724432956,0.7868365415064549,0.7081528873558094,RELATIVE_0P9_CURRENT_LOAD_NOMINAL,True,False,True,219,54,3,1.0,1677394.0948671226,3.751675273570672,1.0783380320710978
44026,4,83,FIXED_Q_FIXED_BEAM_JOINT_GLOBAL_INFEASIBLE,26,E3_SITE_03_SEC_1_UE_3,6,2,0.1414137992486354,0.446426892401261,0.4017842031611349,RELATIVE_0P9_CURRENT_LOAD_NOMINAL,True,False,True,26,6,2,1.0,17503673.897683065,6.32877618371504,0.9514021640514065
44026,4,83,FIXED_Q_FIXED_BEAM_JOINT_GLOBAL_INFEASIBLE,219,E3_SITE_19_SEC_1_UE_4,54,3,0.537566724432956,0.7868365415064549,0.7081528873558094,RELATIVE_0P9_CURRENT_LOAD_NOMINAL,True,False,True,219,54,3,1.0,764719.1461188523,3.751728258291157,1.0783433305431465
44026,4,84,FIXED_Q_FIXED_BEAM_JOINT_GLOBAL_INFEASIBLE,26,E3_SITE_03_SEC_1_UE_3,6,2,0.1414137992486354,0.446426892401261,0.4017842031611349,RELATIVE_0P9_CURRENT_LOAD_NOMINAL,True,False,True,26,6,2,1.0,25058584.700480893,6.328764559858947,0.9514010016657972
44026,4,84,FIXED_Q_FIXED_BEAM_JOINT_GLOBAL_INFEASIBLE,219,E3_SITE_19_SEC_1_UE_4,54,3,0.537566724432956,0.7868365415064549,0.7081528873558094,RELATIVE_0P9_CURRENT_LOAD_NOMINAL,True,False,True,219,54,3,1.0,1388640.3056395503,3.751675273570672,1.0783380320710978
44026,4,85,FIXED_Q_FIXED_BEAM_JOINT_GLOBAL_INFEASIBLE,26,E3_SITE_03_SEC_1_UE_3,6,2,0.1414137992486354,0.446426892401261,0.4017842031611349,RELATIVE_0P9_CURRENT_LOAD_NOMINAL,True,False,True,26,6,2,1.0,22649616.543901548,6.328764559858947,0.9514010016657972
44026,4,85,FIXED_Q_FIXED_BEAM_JOINT_GLOBAL_INFEASIBLE,219,E3_SITE_19_SEC_1_UE_4,54,3,0.537566724432956,0.7868365415064549,0.7081528873558094,RELATIVE_0P9_CURRENT_LOAD_NOMINAL,True,False,True,219,54,3,1.0,2522832.3885191036,3.751637762723363,1.078334280986367
44026,4,86,FIXED_Q_FIXED_BEAM_JOINT_GLOBAL_INFEASIBLE,26,E3_SITE_03_SEC_1_UE_3,6,2,0.1414137992486354,0.446426892401261,0.4017842031611349,RELATIVE_0P9_CURRENT_LOAD_NOMINAL,True,False,True,26,6,2,1.0,20485403.78311205,6.328764559858947,0.9514010016657972
44026,4,86,FIXED_Q_FIXED_BEAM_JOINT_GLOBAL_INFEASIBLE,219,E3_SITE_19_SEC_1_UE_4,54,3,0.537566724432956,0.7868365415064549,0.7081528873558094,RELATIVE_0P9_CURRENT_LOAD_NOMINAL,True,False,True,219,54,3,1.0,2893242.2956757178,3.751627874411035,1.078333292155134
44026,4,87,FIXED_Q_FIXED_BEAM_JOINT_GLOBAL_INFEASIBLE,26,E3_SITE_03_SEC_1_UE_3,6,2,0.1414137992486354,0.446426892401261,0.4017842031611349,RELATIVE_0P9_CURRENT_LOAD_NOMINAL,True,False,True,26,6,2,1.0,18539955.783738863,6.328764559858947,0.9514010016657972
44026,4,87,FIXED_Q_FIXED_BEAM_JOINT_GLOBAL_INFEASIBLE,219,E3_SITE_19_SEC_1_UE_4,54,3,0.537566724432956,0.7868365415064549,0.7081528873558094,RELATIVE_0P9_CURRENT_LOAD_NOMINAL,True,False,True,219,54,3,1.0,2636716.220810176,3.751627874411035,1.078333292155134
44026,4,88,FIXED_Q_FIXED_BEAM_JOINT_GLOBAL_INFEASIBLE,26,E3_SITE_03_SEC_1_UE_3,6,2,0.1414137992486354,0.446426892401261,0.4017842031611349,RELATIVE_0P9_CURRENT_LOAD_NOMINAL,True,False,True,26,6,2,1.0,16790118.7822768,6.328764559858947,0.9514010016657972
44026,4,88,FIXED_Q_FIXED_BEAM_JOINT_GLOBAL_INFEASIBLE,219,E3_SITE_19_SEC_1_UE_4,54,3,0.537566724432956,0.7868365415064549,0.7081528873558094,RELATIVE_0P9_CURRENT_LOAD_NOMINAL,True,False,True,219,54,3,1.0,2403844.3483508714,3.751627874411035,1.078333292155134
44026,4,89,FIXED_Q_FIXED_BEAM_JOINT_GLOBAL_INFEASIBLE,26,E3_SITE_03_SEC_1_UE_3,6,2,0.1414137992486354,0.446426892401261,0.4017842031611349,RELATIVE_0P9_CURRENT_LOAD_NOMINAL,True,False,True,26,6,2,1.0,15215280.163081033,6.328764559858947,0.9514010016657972
44026,4,89,FIXED_Q_FIXED_BEAM_JOINT_GLOBAL_INFEASIBLE,219,E3_SITE_19_SEC_1_UE_4,54,3,0.537566724432956,0.7868365415064549,0.7081528873558094,RELATIVE_0P9_CURRENT_LOAD_NOMINAL,True,False,True,219,54,3,1.0,2192269.3860941962,3.751627874411035,1.078333292155134
44026,4,90,FIXED_Q_FIXED_BEAM_JOINT_GLOBAL_INFEASIBLE,26,E3_SITE_03_SEC_1_UE_3,6,2,0.1414137992486354,0.446426892401261,0.4017842031611349,RELATIVE_0P9_CURRENT_LOAD_NOMINAL,True,False,True,26,6,2,1.0,13797096.55196206,6.328764559858947,0.9514010016657972
44026,4,90,FIXED_Q_FIXED_BEAM_JOINT_GLOBAL_INFEASIBLE,219,E3_SITE_19_SEC_1_UE_4,54,3,0.537566724432956,0.7868365415064549,0.7081528873558094,RELATIVE_0P9_CURRENT_LOAD_NOMINAL,True,False,True,219,54,3,1.0,1999883.4256575021,3.751627874411035,1.078333292155134
44026,4,91,FIXED_Q_FIXED_BEAM_JOINT_GLOBAL_INFEASIBLE,26,E3_SITE_03_SEC_1_UE_3,6,2,0.1414137992486354,0.446426892401261,0.4017842031611349,RELATIVE_0P9_CURRENT_LOAD_NOMINAL,True,False,True,26,6,2,1.0,12519246.11796817,6.328764559858947,0.9514010016657972
44026,4,91,FIXED_Q_FIXED_BEAM_JOINT_GLOBAL_INFEASIBLE,219,E3_SITE_19_SEC_1_UE_4,54,3,0.537566724432956,0.7868365415064549,0.7081528873558094,RELATIVE_0P9_CURRENT_LOAD_NOMINAL,True,False,True,219,54,3,1.0,1824801.757245823,3.751627874411035,1.078333292155134
44026,4,92,FIXED_Q_FIXED_BEAM_JOINT_GLOBAL_INFEASIBLE,26,E3_SITE_03_SEC_1_UE_3,6,2,0.1414137992486354,0.446426892401261,0.4017842031611349,RELATIVE_0P9_CURRENT_LOAD_NOMINAL,True,False,True,26,6,2,1.0,11367204.579515234,6.328764559858947,0.9514010016657972
44026,4,92,FIXED_Q_FIXED_BEAM_JOINT_GLOBAL_INFEASIBLE,219,E3_SITE_19_SEC_1_UE_4,54,3,0.537566724432956,0.7868365415064549,0.7081528873558094,RELATIVE_0P9_CURRENT_LOAD_NOMINAL,True,False,True,219,54,3,1.0,1665339.045810088,3.751627874411035,1.078333292155134
44026,4,93,FIXED_Q_FIXED_BEAM_JOINT_GLOBAL_INFEASIBLE,26,E3_SITE_03_SEC_1_UE_3,6,2,0.1414137992486354,0.446426892401261,0.4017842031611349,RELATIVE_0P9_CURRENT_LOAD_NOMINAL,True,False,True,26,6,2,1.0,10328043.826977784,6.328764559858947,0.9514010016657972
44026,4,93,FIXED_Q_FIXED_BEAM_JOINT_GLOBAL_INFEASIBLE,219,E3_SITE_19_SEC_1_UE_4,54,3,0.537566724432956,0.7868365415064549,0.7081528873558094,RELATIVE_0P9_CURRENT_LOAD_NOMINAL,True,False,True,219,54,3,1.0,1519987.7907062287,3.751627874411035,1.078333292155134
44026,4,94,FIXED_Q_FIXED_BEAM_JOINT_GLOBAL_INFEASIBLE,26,E3_SITE_03_SEC_1_UE_3,6,2,0.1414137992486354,0.446426892401261,0.4017842031611349,RELATIVE_0P9_CURRENT_LOAD_NOMINAL,True,False,True,26,6,2,1.0,9390251.718776515,6.328764559858947,0.9514010016657972
44026,4,94,FIXED_Q_FIXED_BEAM_JOINT_GLOBAL_INFEASIBLE,219,E3_SITE_19_SEC_1_UE_4,54,3,0.537566724432956,0.7868365415064549,0.7081528873558094,RELATIVE_0P9_CURRENT_LOAD_NOMINAL,True,False,True,219,54,3,1.0,1387398.9463652384,3.751627874411035,1.078333292155134
44026,4,95,FIXED_Q_FIXED_BEAM_JOINT_GLOBAL_INFEASIBLE,26,E3_SITE_03_SEC_1_UE_3,6,2,0.1414137992486354,0.446426892401261,0.4017842031611349,RELATIVE_0P9_CURRENT_LOAD_NOMINAL,True,False,True,26,6,2,1.0,8543571.420494454,6.328764559858947,0.9514010016657972
44026,4,95,FIXED_Q_FIXED_BEAM_JOINT_GLOBAL_INFEASIBLE,219,E3_SITE_19_SEC_1_UE_4,54,3,0.537566724432956,0.7868365415064549,0.7081528873558094,RELATIVE_0P9_CURRENT_LOAD_NOMINAL,True,False,True,219,54,3,1.0,1266364.5556408002,3.751627874411035,1.078333292155134
44026,4,96,FIXED_Q_FIXED_BEAM_JOINT_GLOBAL_INFEASIBLE,26,E3_SITE_03_SEC_1_UE_3,6,2,0.1414137992486354,0.446426892401261,0.4017842031611349,RELATIVE_0P9_CURRENT_LOAD_NOMINAL,True,False,True,26,6,2,1.0,7778858.585985391,6.328764559858947,0.9514010016657972
44026,4,96,FIXED_Q_FIXED_BEAM_JOINT_GLOBAL_INFEASIBLE,219,E3_SITE_19_SEC_1_UE_4,54,3,0.537566724432956,0.7868365415064549,0.7081528873558094,RELATIVE_0P9_CURRENT_LOAD_NOMINAL,True,False,True,219,54,3,1.0,1155802.234962301,3.751627874411035,1.078333292155134
44026,4,97,FIXED_Q_FIXED_BEAM_JOINT_GLOBAL_INFEASIBLE,26,E3_SITE_03_SEC_1_UE_3,6,2,0.1414137992486354,0.446426892401261,0.4017842031611349,RELATIVE_0P9_CURRENT_LOAD_NOMINAL,True,False,True,26,6,2,1.0,7087954.68957136,6.328764559858947,0.9514010016657972
44026,4,97,FIXED_Q_FIXED_BEAM_JOINT_GLOBAL_INFEASIBLE,219,E3_SITE_19_SEC_1_UE_4,54,3,0.537566724432956,0.7868365415064549,0.7081528873558094,RELATIVE_0P9_CURRENT_LOAD_NOMINAL,True,False,True,219,54,3,1.0,1054741.3472842602,3.751627874411035,1.078333292155134
44026,4,98,FIXED_Q_FIXED_BEAM_JOINT_GLOBAL_INFEASIBLE,26,E3_SITE_03_SEC_1_UE_3,6,2,0.1414137992486354,0.446426892401261,0.4017842031611349,RELATIVE_0P9_CURRENT_LOAD_NOMINAL,True,False,True,26,6,2,1.0,6463574.881657908,6.328764559858947,0.9514010016657972
44026,4,98,FIXED_Q_FIXED_BEAM_JOINT_GLOBAL_INFEASIBLE,219,E3_SITE_19_SEC_1_UE_4,54,3,0.537566724432956,0.7868365415064549,0.7081528873558094,RELATIVE_0P9_CURRENT_LOAD_NOMINAL,True,False,True,219,54,3,1.0,962310.7020669486,3.751627874411035,1.078333292155134
44026,4,99,FIXED_Q_FIXED_BEAM_JOINT_GLOBAL_INFEASIBLE,26,E3_SITE_03_SEC_1_UE_3,6,2,0.1414137992486354,0.446426892401261,0.4017842031611349,RELATIVE_0P9_CURRENT_LOAD_NOMINAL,True,False,True,26,6,2,1.0,5899208.835200357,6.328764559858947,0.9514010016657972
44026,4,99,FIXED_Q_FIXED_BEAM_JOINT_GLOBAL_INFEASIBLE,219,E3_SITE_19_SEC_1_UE_4,54,3,0.537566724432956,0.7868365415064549,0.7081528873558094,RELATIVE_0P9_CURRENT_LOAD_NOMINAL,True,False,True,219,54,3,1.0,877727.6287443298,3.751627874411035,1.078333292155134
