campaign_seed,pass_slot,interval_index,classification,user_index,user_id,serving_sector,serving_stream,full_load_nominal_total_rate_bps_hz,current_load_nominal_total_rate_bps_hz,floor_bps_hz,floor_branch,current_load_nominal_meets_absolute_floor,current_load_serviceability_mismatch,optimistic_single_user_floor_feasible,optimistic_user_index,optimistic_serving_sector,optimistic_serving_stream,optimistic_maximum_target_stream_scale,optimistic_eess_limited_target_stream_scale,optimistic_protected_rate_bps_hz,optimistic_total_rate_bps_hz
44007,0,0,FIXED_Q_FIXED_BEAM_JOINT_GLOBAL_INFEASIBLE,30,E3_SITE_03_SEC_2_UE_3,7,2,1.5202351280397512,1.5202351280397512,1.3682116152357762,RELATIVE_0P9_CURRENT_LOAD_NOMINAL,True,False,True,30,7,2,1.0,19956544814.479504,3.587456974945907,1.6575396717531121
44007,0,0,FIXED_Q_FIXED_BEAM_JOINT_GLOBAL_INFEASIBLE,132,E3_SITE_12_SEC_1_UE_1,33,0,0.38195655533623496,0.38195655533623496,0.3437608998026115,RELATIVE_0P9_CURRENT_LOAD_NOMINAL,True,False,True,132,33,0,1.0,143683388.2287197,3.5068295975301402,0.6516537985784359
44007,0,1,FIXED_Q_FIXED_BEAM_JOINT_GLOBAL_INFEASIBLE,30,E3_SITE_03_SEC_2_UE_3,7,2,1.5202351280397512,1.5202351280397512,1.3682116152357762,RELATIVE_0P9_CURRENT_LOAD_NOMINAL,True,False,True,30,7,2,1.0,21127487052.58038,3.587456974945907,1.6575396717531121
44007,0,1,FIXED_Q_FIXED_BEAM_JOINT_GLOBAL_INFEASIBLE,132,E3_SITE_12_SEC_1_UE_1,33,0,0.38195655533623496,0.38195655533623496,0.3437608998026115,RELATIVE_0P9_CURRENT_LOAD_NOMINAL,True,False,True,132,33,0,1.0,149193204.24116236,3.5068295975301402,0.6516537985784359
44007,0,2,FIXED_Q_FIXED_BEAM_JOINT_GLOBAL_INFEASIBLE,30,E3_SITE_03_SEC_2_UE_3,7,2,1.5202351280397512,1.5202351280397512,1.3682116152357762,RELATIVE_0P9_CURRENT_LOAD_NOMINAL,True,False,True,30,7,2,1.0,17773998515.721134,3.5874588805462992,1.6575398623131512
44007,0,2,FIXED_Q_FIXED_BEAM_JOINT_GLOBAL_INFEASIBLE,132,E3_SITE_12_SEC_1_UE_1,33,0,0.38195655533623496,0.38195655533623496,0.3437608998026115,RELATIVE_0P9_CURRENT_LOAD_NOMINAL,True,False,True,132,33,0,1.0,123126905.76827036,3.506838229576657,0.6516546617830876
44007,0,3,FIXED_Q_FIXED_BEAM_JOINT_GLOBAL_INFEASIBLE,30,E3_SITE_03_SEC_2_UE_3,7,2,1.5202351280397512,1.5202351280397512,1.3682116152357762,RELATIVE_0P9_CURRENT_LOAD_NOMINAL,True,False,True,30,7,2,1.0,9438245692.494076,3.5874661093956868,1.65754058519809
44007,0,3,FIXED_Q_FIXED_BEAM_JOINT_GLOBAL_INFEASIBLE,132,E3_SITE_12_SEC_1_UE_1,33,0,0.38195655533623496,0.38195655533623496,0.3437608998026115,RELATIVE_0P9_CURRENT_LOAD_NOMINAL,True,False,True,132,33,0,1.0,64153222.10393499,3.506870974886583,0.6516579363140802
44007,0,4,FIXED_Q_FIXED_BEAM_JOINT_GLOBAL_INFEASIBLE,30,E3_SITE_03_SEC_2_UE_3,7,2,1.5202351280397512,1.5202351280397512,1.3682116152357762,RELATIVE_0P9_CURRENT_LOAD_NOMINAL,True,False,True,30,7,2,1.0,5013734610.919356,3.5874763203891327,1.6575416062974346
44007,0,4,FIXED_Q_FIXED_BEAM_JOINT_GLOBAL_INFEASIBLE,132,E3_SITE_12_SEC_1_UE_1,33,0,0.38195655533623496,0.38195655533623496,0.3437608998026115,RELATIVE_0P9_CURRENT_LOAD_NOMINAL,True,False,True,132,33,0,1.0,33446136.66443925,3.506917228332093,0.6516625616586311
44007,0,5,FIXED_Q_FIXED_BEAM_JOINT_GLOBAL_INFEASIBLE,30,E3_SITE_03_SEC_2_UE_3,7,2,1.5202351280397512,1.5202351280397512,1.3682116152357762,RELATIVE_0P9_CURRENT_LOAD_NOMINAL,True,False,True,30,7,2,1.0,2664350735.041669,3.58749074374544,1.6575430486330653
44007,0,5,FIXED_Q_FIXED_BEAM_JOINT_GLOBAL_INFEASIBLE,132,E3_SITE_12_SEC_1_UE_1,33,0,0.38195655533623496,0.38195655533623496,0.3437608998026115,RELATIVE_0P9_CURRENT_LOAD_NOMINAL,True,False,True,132,33,0,1.0,19400397.38303384,3.5069709125424975,0.6516679300796716
44007,0,6,FIXED_Q_FIXED_BEAM_JOINT_GLOBAL_INFEASIBLE,30,E3_SITE_03_SEC_2_UE_3,7,2,1.5202351280397512,1.5202351280397512,1.3682116152357762,RELATIVE_0P9_CURRENT_LOAD_NOMINAL,True,False,True,30,7,2,1.0,1416375580.3089488,3.587511117167401,1.6575450859752614
44007,0,6,FIXED_Q_FIXED_BEAM_JOINT_GLOBAL_INFEASIBLE,132,E3_SITE_12_SEC_1_UE_1,33,0,0.38195655533623496,0.38195655533623496,0.3437608998026115,RELATIVE_0P9_CURRENT_LOAD_NOMINAL,True,False,True,132,33,0,1.0,14375533.949786924,3.5069993699736632,0.6516707758227882
44007,0,7,FIXED_Q_FIXED_BEAM_JOINT_GLOBAL_INFEASIBLE,30,E3_SITE_03_SEC_2_UE_3,7,2,1.5202351280397512,1.5202351280397512,1.3682116152357762,RELATIVE_0P9_CURRENT_LOAD_NOMINAL,True,False,True,30,7,2,1.0,753217353.0485756,3.587539895170669,1.6575479637755883
44007,0,7,FIXED_Q_FIXED_BEAM_JOINT_GLOBAL_INFEASIBLE,132,E3_SITE_12_SEC_1_UE_1,33,0,0.38195655533623496,0.38195655533623496,0.3437608998026115,RELATIVE_0P9_CURRENT_LOAD_NOMINAL,True,False,True,132,33,0,1.0,23743369.302421972,3.5069499037623237,0.6516658292016543
44007,0,8,FIXED_Q_FIXED_BEAM_JOINT_GLOBAL_INFEASIBLE,30,E3_SITE_03_SEC_2_UE_3,7,2,1.5202351280397512,1.5202351280397512,1.3682116152357762,RELATIVE_0P9_CURRENT_LOAD_NOMINAL,True,False,True,30,7,2,1.0,400696678.9565164,3.5875805447414724,1.6575520287326686
44007,0,8,FIXED_Q_FIXED_BEAM_JOINT_GLOBAL_INFEASIBLE,132,E3_SITE_12_SEC_1_UE_1,33,0,0.38195655533623496,0.38195655533623496,0.3437608998026115,RELATIVE_0P9_CURRENT_LOAD_NOMINAL,True,False,True,132,33,0,1.0,39239805.71963918,3.506910610854511,0.651661899910873
44007,0,9,FIXED_Q_FIXED_BEAM_JOINT_GLOBAL_INFEASIBLE,30,E3_SITE_03_SEC_2_UE_3,7,2,1.5202351280397512,1.5202351280397512,1.3682116152357762,RELATIVE_0P9_CURRENT_LOAD_NOMINAL,True,False,True,30,7,2,1.0,213237786.37714854,3.5876379629099566,1.657557770549517
44007,0,9,FIXED_Q_FIXED_BEAM_JOINT_GLOBAL_INFEASIBLE,132,E3_SITE_12_SEC_1_UE_1,33,0,0.38195655533623496,0.38195655533623496,0.3437608998026115,RELATIVE_0P9_CURRENT_LOAD_NOMINAL,True,False,True,132,33,0,1.0,64890209.19927675,3.506879399073254,0.6516587787327472
44007,0,10,FIXED_Q_FIXED_BEAM_JOINT_GLOBAL_INFEASIBLE,30,E3_SITE_03_SEC_2_UE_3,7,2,1.5202351280397512,1.5202351280397512,1.3682116152357762,RELATIVE_0P9_CURRENT_LOAD_NOMINAL,True,False,True,30,7,2,1.0,113518268.59341694,3.587719066479999,1.6575658809065212
44007,0,10,FIXED_Q_FIXED_BEAM_JOINT_GLOBAL_INFEASIBLE,132,E3_SITE_12_SEC_1_UE_1,33,0,0.38195655533623496,0.38195655533623496,0.3437608998026115,RELATIVE_0P9_CURRENT_LOAD_NOMINAL,True,False,True,132,33,0,1.0,67748746.74528255,3.506879399073254,0.6516587787327472
44007,0,11,FIXED_Q_FIXED_BEAM_JOINT_GLOBAL_INFEASIBLE,30,E3_SITE_03_SEC_2_UE_3,7,2,1.5202351280397512,1.5202351280397512,1.3682116152357762,RELATIVE_0P9_CURRENT_LOAD_NOMINAL,True,False,True,30,7,2,1.0,60453487.83461085,3.587833624828758,1.657577336741397
44007,0,11,FIXED_Q_FIXED_BEAM_JOINT_GLOBAL_INFEASIBLE,132,E3_SITE_12_SEC_1_UE_1,33,0,0.38195655533623496,0.38195655533623496,0.3437608998026115,RELATIVE_0P9_CURRENT_LOAD_NOMINAL,True,False,True,132,33,0,1.0,89103612.63443036,3.506866289995036,0.6516574678249255
44007,0,12,FIXED_Q_FIXED_BEAM_JOINT_GLOBAL_INFEASIBLE,30,E3_SITE_03_SEC_2_UE_3,7,2,1.5202351280397512,1.5202351280397512,1.3682116152357762,RELATIVE_0P9_CURRENT_LOAD_NOMINAL,True,False,True,30,7,2,1.0,32205677.002582386,3.5879954358365467,1.657593517842176
44007,0,12,FIXED_Q_FIXED_BEAM_JOINT_GLOBAL_INFEASIBLE,132,E3_SITE_12_SEC_1_UE_1,33,0,0.38195655533623496,0.38195655533623496,0.3437608998026115,RELATIVE_0P9_CURRENT_LOAD_NOMINAL,True,False,True,132,33,0,1.0,111653890.54947563,3.5068582904894416,0.651656667874366
44007,0,13,FIXED_Q_FIXED_BEAM_JOINT_GLOBAL_INFEASIBLE,30,E3_SITE_03_SEC_2_UE_3,7,2,1.5202351280397512,1.5202351280397512,1.3682116152357762,RELATIVE_0P9_CURRENT_LOAD_NOMINAL,True,False,True,30,7,2,1.0,17163307.8717896,3.5882239860726464,1.657616372865786
44007,0,13,FIXED_Q_FIXED_BEAM_JOINT_GLOBAL_INFEASIBLE,132,E3_SITE_12_SEC_1_UE_1,33,0,0.38195655533623496,0.38195655533623496,0.3437608998026115,RELATIVE_0P9_CURRENT_LOAD_NOMINAL,True,False,True,132,33,0,1.0,189227840.3580093,3.506839143402244,0.6516547531656462
44007,0,14,FIXED_Q_FIXED_BEAM_JOINT_GLOBAL_INFEASIBLE,30,E3_SITE_03_SEC_2_UE_3,7,2,1.5202351280397512,1.5202351280397512,1.3682116152357762,RELATIVE_0P9_CURRENT_LOAD_NOMINAL,True,False,True,30,7,2,1.0,9150178.798967345,3.588546794156226,1.657648653674144
44007,0,14,FIXED_Q_FIXED_BEAM_JOINT_GLOBAL_INFEASIBLE,132,E3_SITE_12_SEC_1_UE_1,33,0,0.38195655533623496,0.38195655533623496,0.3437608998026115,RELATIVE_0P9_CURRENT_LOAD_NOMINAL,True,False,True,132,33,0,1.0,257217423.8351441,3.5068295975301402,0.6516537985784359
44007,0,15,FIXED_Q_FIXED_BEAM_JOINT_GLOBAL_INFEASIBLE,30,E3_SITE_03_SEC_2_UE_3,7,2,1.5202351280397512,1.5202351280397512,1.3682116152357762,RELATIVE_0P9_CURRENT_LOAD_NOMINAL,True,False,True,30,7,2,1.0,4880015.4892914435,3.5890027174237122,1.6576942460008925
44007,0,15,FIXED_Q_FIXED_BEAM_JOINT_GLOBAL_INFEASIBLE,132,E3_SITE_12_SEC_1_UE_1,33,0,0.38195655533623496,0.38195655533623496,0.3437608998026115,RELATIVE_0P9_CURRENT_LOAD_NOMINAL,True,False,True,132,33,0,1.0,269406962.7306595,3.5068295975301402,0.6516537985784359
44007,0,16,FIXED_Q_FIXED_BEAM_JOINT_GLOBAL_INFEASIBLE,30,E3_SITE_03_SEC_2_UE_3,7,2,1.5202351280397512,1.5202351280397512,1.3682116152357762,RELATIVE_0P9_CURRENT_LOAD_NOMINAL,True,False,True,30,7,2,1.0,2603630.030940408,3.5896466159058438,1.6577586358491057
44007,0,16,FIXED_Q_FIXED_BEAM_JOINT_GLOBAL_INFEASIBLE,132,E3_SITE_12_SEC_1_UE_1,33,0,0.38195655533623496,0.38195655533623496,0.3437608998026115,RELATIVE_0P9_CURRENT_LOAD_NOMINAL,True,False,True,132,33,0,1.0,282360238.9993414,3.5068295975301402,0.6516537985784359
44007,0,17,FIXED_Q_FIXED_BEAM_JOINT_GLOBAL_INFEASIBLE,30,E3_SITE_03_SEC_2_UE_3,7,2,1.5202351280397512,1.5202351280397512,1.3682116152357762,RELATIVE_0P9_CURRENT_LOAD_NOMINAL,True,False,True,30,7,2,1.0,1389656.8648111373,3.590555926786787,1.6578495669372
44007,0,17,FIXED_Q_FIXED_BEAM_JOINT_GLOBAL_INFEASIBLE,132,E3_SITE_12_SEC_1_UE_1,33,0,0.38195655533623496,0.38195655533623496,0.3437608998026115,RELATIVE_0P9_CURRENT_LOAD_NOMINAL,True,False,True,132,33,0,1.0,296133814.0877773,3.5068295975301402,0.6516537985784359
44007,0,18,FIXED_Q_FIXED_BEAM_JOINT_GLOBAL_INFEASIBLE,30,E3_SITE_03_SEC_2_UE_3,7,2,1.5202351280397512,1.5202351280397512,1.3682116152357762,RELATIVE_0P9_CURRENT_LOAD_NOMINAL,True,False,True,30,7,2,1.0,742010.7628087086,3.591839924010219,1.6579779666595431
44007,0,18,FIXED_Q_FIXED_BEAM_JOINT_GLOBAL_INFEASIBLE,132,E3_SITE_12_SEC_1_UE_1,33,0,0.38195655533623496,0.38195655533623496,0.3437608998026115,RELATIVE_0P9_CURRENT_LOAD_NOMINAL,True,False,True,132,33,0,1.0,310789097.3355231,3.5068295975301402,0.6516537985784359
44007,0,19,FIXED_Q_FIXED_BEAM_JOINT_GLOBAL_INFEASIBLE,30,E3_SITE_03_SEC_2_UE_3,7,2,1.5202351280397512,1.5202351280397512,1.3682116152357762,RELATIVE_0P9_CURRENT_LOAD_NOMINAL,True,False,True,30,7,2,1.0,396361.5288182687,3.593652743928625,1.6581592486513839
44007,0,19,FIXED_Q_FIXED_BEAM_JOINT_GLOBAL_INFEASIBLE,132,E3_SITE_12_SEC_1_UE_1,33,0,0.38195655533623496,0.38195655533623496,0.3437608998026115,RELATIVE_0P9_CURRENT_LOAD_NOMINAL,True,False,True,132,33,0,1.0,326392790.63894504,3.5068295975301402,0.6516537985784359
44007,0,40,FIXED_Q_FIXED_BEAM_JOINT_GLOBAL_INFEASIBLE,30,E3_SITE_03_SEC_2_UE_3,7,2,1.5202351280397512,1.5202351280397512,1.3682116152357762,RELATIVE_0P9_CURRENT_LOAD_NOMINAL,True,False,True,30,7,2,1.0,9928093.843315821,3.5896466159058438,1.6577586358491057
44007,0,40,FIXED_Q_FIXED_BEAM_JOINT_GLOBAL_INFEASIBLE,132,E3_SITE_12_SEC_1_UE_1,33,0,0.38195655533623496,0.38195655533623496,0.3437608998026115,RELATIVE_0P9_CURRENT_LOAD_NOMINAL,True,False,True,132,33,0,1.0,585237931.3025247,3.5068295975301402,0.6516537985784359
44007,0,41,FIXED_Q_FIXED_BEAM_JOINT_GLOBAL_INFEASIBLE,30,E3_SITE_03_SEC_2_UE_3,7,2,1.5202351280397512,1.5202351280397512,1.3682116152357762,RELATIVE_0P9_CURRENT_LOAD_NOMINAL,True,False,True,30,7,2,1.0,4975833.888523441,3.590555926786787,1.6578495669372
44007,0,41,FIXED_Q_FIXED_BEAM_JOINT_GLOBAL_INFEASIBLE,132,E3_SITE_12_SEC_1_UE_1,33,0,0.38195655533623496,0.38195655533623496,0.3437608998026115,RELATIVE_0P9_CURRENT_LOAD_NOMINAL,True,False,True,132,33,0,1.0,585237931.3025247,3.5068295975301402,0.6516537985784359
44007,0,42,FIXED_Q_FIXED_BEAM_JOINT_GLOBAL_INFEASIBLE,30,E3_SITE_03_SEC_2_UE_3,7,2,1.5202351280397512,1.5202351280397512,1.3682116152357762,RELATIVE_0P9_CURRENT_LOAD_NOMINAL,True,False,True,30,7,2,1.0,2493824.421577903,3.591839924010219,1.6579779666595431
44007,0,42,FIXED_Q_FIXED_BEAM_JOINT_GLOBAL_INFEASIBLE,132,E3_SITE_12_SEC_1_UE_1,33,0,0.38195655533623496,0.38195655533623496,0.3437608998026115,RELATIVE_0P9_CURRENT_LOAD_NOMINAL,True,False,True,132,33,0,1.0,585237931.3025247,3.5068295975301402,0.6516537985784359
44007,0,43,FIXED_Q_FIXED_BEAM_JOINT_GLOBAL_INFEASIBLE,30,E3_SITE_03_SEC_2_UE_3,7,2,1.5202351280397512,1.5202351280397512,1.3682116152357762,RELATIVE_0P9_CURRENT_LOAD_NOMINAL,True,False,True,30,7,2,1.0,1249872.9630027642,3.593652743928625,1.6581592486513839
44007,0,43,FIXED_Q_FIXED_BEAM_JOINT_GLOBAL_INFEASIBLE,132,E3_SITE_12_SEC_1_UE_1,33,0,0.38195655533623496,0.38195655533623496,0.3437608998026115,RELATIVE_0P9_CURRENT_LOAD_NOMINAL,True,False,True,132,33,0,1.0,585237931.3025247,3.5068295975301402,0.6516537985784359
44007,0,44,FIXED_Q_FIXED_BEAM_JOINT_GLOBAL_INFEASIBLE,30,E3_SITE_03_SEC_2_UE_3,7,2,1.5202351280397512,1.5202351280397512,1.3682116152357762,RELATIVE_0P9_CURRENT_LOAD_NOMINAL,True,False,True,30,7,2,1.0,626420.3727128778,3.596211677298392,1.6584151419883604
44007,0,44,FIXED_Q_FIXED_BEAM_JOINT_GLOBAL_INFEASIBLE,132,E3_SITE_12_SEC_1_UE_1,33,0,0.38195655533623496,0.38195655533623496,0.3437608998026115,RELATIVE_0P9_CURRENT_LOAD_NOMINAL,True,False,True,132,33,0,1.0,585237931.3025247,3.5068295975301402,0.6516537985784359
44007,0,45,FIXED_Q_FIXED_BEAM_JOINT_GLOBAL_INFEASIBLE,30,E3_SITE_03_SEC_2_UE_3,7,2,1.5202351280397512,1.5202351280397512,1.3682116152357762,RELATIVE_0P9_CURRENT_LOAD_NOMINAL,True,False,True,30,7,2,1.0,313953.8936877321,3.599822794327676,1.658776253691289
44007,0,45,FIXED_Q_FIXED_BEAM_JOINT_GLOBAL_INFEASIBLE,132,E3_SITE_12_SEC_1_UE_1,33,0,0.38195655533623496,0.38195655533623496,0.3437608998026115,RELATIVE_0P9_CURRENT_LOAD_NOMINAL,True,False,True,132,33,0,1.0,585237931.3025247,3.5068295975301402,0.6516537985784359
44007,0,46,FIXED_Q_FIXED_BEAM_JOINT_GLOBAL_INFEASIBLE,30,E3_SITE_03_SEC_2_UE_3,7,2,1.5202351280397512,1.5202351280397512,1.3682116152357762,RELATIVE_0P9_CURRENT_LOAD_NOMINAL,True,False,True,30,7,2,1.0,626420.3727128778,3.596211677298392,1.6584151419883604
44007,0,46,FIXED_Q_FIXED_BEAM_JOINT_GLOBAL_INFEASIBLE,132,E3_SITE_12_SEC_1_UE_1,33,0,0.38195655533623496,0.38195655533623496,0.3437608998026115,RELATIVE_0P9_CURRENT_LOAD_NOMINAL,True,False,True,132,33,0,1.0,585237931.3025247,3.5068295975301402,0.6516537985784359
44007,0,47,FIXED_Q_FIXED_BEAM_JOINT_GLOBAL_INFEASIBLE,30,E3_SITE_03_SEC_2_UE_3,7,2,1.5202351280397512,1.5202351280397512,1.3682116152357762,RELATIVE_0P9_CURRENT_LOAD_NOMINAL,True,False,True,30,7,2,1.0,313953.8936877321,3.599822794327676,1.658776253691289
44007,0,47,FIXED_Q_FIXED_BEAM_JOINT_GLOBAL_INFEASIBLE,132,E3_SITE_12_SEC_1_UE_1,33,0,0.38195655533623496,0.38195655533623496,0.3437608998026115,RELATIVE_0P9_CURRENT_LOAD_NOMINAL,True,False,True,132,33,0,1.0,585237931.3025247,3.5068295975301402,0.6516537985784359
44007,0,48,FIXED_Q_FIXED_BEAM_JOINT_GLOBAL_INFEASIBLE,30,E3_SITE_03_SEC_2_UE_3,7,2,1.5202351280397512,1.5202351280397512,1.3682116152357762,RELATIVE_0P9_CURRENT_LOAD_NOMINAL,True,False,True,30,7,2,1.0,626420.3727128778,3.596211677298392,1.6584151419883604
44007,0,48,FIXED_Q_FIXED_BEAM_JOINT_GLOBAL_INFEASIBLE,132,E3_SITE_12_SEC_1_UE_1,33,0,0.38195655533623496,0.38195655533623496,0.3437608998026115,RELATIVE_0P9_CURRENT_LOAD_NOMINAL,True,False,True,132,33,0,1.0,585237931.3025247,3.5068295975301402,0.6516537985784359
44007,0,49,FIXED_Q_FIXED_BEAM_JOINT_GLOBAL_INFEASIBLE,30,E3_SITE_03_SEC_2_UE_3,7,2,1.5202351280397512,1.5202351280397512,1.3682116152357762,RELATIVE_0P9_CURRENT_LOAD_NOMINAL,True,False,True,30,7,2,1.0,313953.8936877321,3.599822794327676,1.658776253691289
44007,0,49,FIXED_Q_FIXED_BEAM_JOINT_GLOBAL_INFEASIBLE,132,E3_SITE_12_SEC_1_UE_1,33,0,0.38195655533623496,0.38195655533623496,0.3437608998026115,RELATIVE_0P9_CURRENT_LOAD_NOMINAL,True,False,True,132,33,0,1.0,585237931.3025247,3.5068295975301402,0.6516537985784359
44007,0,50,FIXED_Q_FIXED_BEAM_JOINT_GLOBAL_INFEASIBLE,30,E3_SITE_03_SEC_2_UE_3,7,2,1.5202351280397512,1.5202351280397512,1.3682116152357762,RELATIVE_0P9_CURRENT_LOAD_NOMINAL,True,False,True,30,7,2,1.0,626420.3727128778,3.596211677298392,1.6584151419883604
44007,0,50,FIXED_Q_FIXED_BEAM_JOINT_GLOBAL_INFEASIBLE,132,E3_SITE_12_SEC_1_UE_1,33,0,0.38195655533623496,0.38195655533623496,0.3437608998026115,RELATIVE_0P9_CURRENT_LOAD_NOMINAL,True,False,True,132,33,0,1.0,185068483.604113,3.5068295975301402,0.6516537985784359
44007,0,51,FIXED_Q_FIXED_BEAM_JOINT_GLOBAL_INFEASIBLE,30,E3_SITE_03_SEC_2_UE_3,7,2,1.5202351280397512,1.5202351280397512,1.3682116152357762,RELATIVE_0P9_CURRENT_LOAD_NOMINAL,True,False,True,30,7,2,1.0,313953.8936877321,3.599822794327676,1.658776253691289
44007,0,51,FIXED_Q_FIXED_BEAM_JOINT_GLOBAL_INFEASIBLE,132,E3_SITE_12_SEC_1_UE_1,33,0,0.38195655533623496,0.38195655533623496,0.3437608998026115,RELATIVE_0P9_CURRENT_LOAD_NOMINAL,True,False,True,132,33,0,1.0,185068483.604113,3.5068295975301402,0.6516537985784359
44007,0,52,FIXED_Q_FIXED_BEAM_JOINT_GLOBAL_INFEASIBLE,30,E3_SITE_03_SEC_2_UE_3,7,2,1.5202351280397512,1.5202351280397512,1.3682116152357762,RELATIVE_0P9_CURRENT_LOAD_NOMINAL,True,False,True,30,7,2,1.0,626420.3727128778,3.596211677298392,1.6584151419883604
44007,0,52,FIXED_Q_FIXED_BEAM_JOINT_GLOBAL_INFEASIBLE,132,E3_SITE_12_SEC_1_UE_1,33,0,0.38195655533623496,0.38195655533623496,0.3437608998026115,RELATIVE_0P9_CURRENT_LOAD_NOMINAL,True,False,True,132,33,0,1.0,185068483.604113,3.5068295975301402,0.6516537985784359
44007,0,53,FIXED_Q_FIXED_BEAM_JOINT_GLOBAL_INFEASIBLE,30,E3_SITE_03_SEC_2_UE_3,7,2,1.5202351280397512,1.5202351280397512,1.3682116152357762,RELATIVE_0P9_CURRENT_LOAD_NOMINAL,True,False,True,30,7,2,1.0,364006.11388487276,3.593949269764009,1.6581889012349222
44007,0,53,FIXED_Q_FIXED_BEAM_JOINT_GLOBAL_INFEASIBLE,132,E3_SITE_12_SEC_1_UE_1,33,0,0.38195655533623496,0.38195655533623496,0.3437608998026115,RELATIVE_0P9_CURRENT_LOAD_NOMINAL,True,False,True,132,33,0,1.0,185068483.604113,3.5068295975301402,0.6516537985784359
44007,0,54,FIXED_Q_FIXED_BEAM_JOINT_GLOBAL_INFEASIBLE,30,E3_SITE_03_SEC_2_UE_3,7,2,1.5202351280397512,1.5202351280397512,1.3682116152357762,RELATIVE_0P9_CURRENT_LOAD_NOMINAL,True,False,True,30,7,2,1.0,289140.3338710168,3.5947424517745805,1.6582682194359792
44007,0,54,FIXED_Q_FIXED_BEAM_JOINT_GLOBAL_INFEASIBLE,132,E3_SITE_12_SEC_1_UE_1,33,0,0.38195655533623496,0.38195655533623496,0.3437608998026115,RELATIVE_0P9_CURRENT_LOAD_NOMINAL,True,False,True,132,33,0,1.0,185068483.604113,3.5068295975301402,0.6516537985784359
44007,0,55,FIXED_Q_FIXED_BEAM_JOINT_GLOBAL_INFEASIBLE,30,E3_SITE_03_SEC_2_UE_3,7,2,1.5202351280397512,1.5202351280397512,1.3682116152357762,RELATIVE_0P9_CURRENT_LOAD_NOMINAL,True,False,True,30,7,2,1.0,364006.11388487276,3.593949269764009,1.6581889012349222
44007,0,55,FIXED_Q_FIXED_BEAM_JOINT_GLOBAL_INFEASIBLE,132,E3_SITE_12_SEC_1_UE_1,33,0,0.38195655533623496,0.38195655533623496,0.3437608998026115,RELATIVE_0P9_CURRENT_LOAD_NOMINAL,True,False,True,132,33,0,1.0,185068483.604113,3.5068295975301402,0.6516537985784359
44007,0,56,FIXED_Q_FIXED_BEAM_JOINT_GLOBAL_INFEASIBLE,30,E3_SITE_03_SEC_2_UE_3,7,2,1.5202351280397512,1.5202351280397512,1.3682116152357762,RELATIVE_0P9_CURRENT_LOAD_NOMINAL,True,False,True,30,7,2,1.0,289140.3338710168,3.5947424517745805,1.6582682194359792
44007,0,56,FIXED_Q_FIXED_BEAM_JOINT_GLOBAL_INFEASIBLE,132,E3_SITE_12_SEC_1_UE_1,33,0,0.38195655533623496,0.38195655533623496,0.3437608998026115,RELATIVE_0P9_CURRENT_LOAD_NOMINAL,True,False,True,132,33,0,1.0,185068483.604113,3.5068295975301402,0.6516537985784359
44007,0,57,FIXED_Q_FIXED_BEAM_JOINT_GLOBAL_INFEASIBLE,30,E3_SITE_03_SEC_2_UE_3,7,2,1.5202351280397512,1.5202351280397512,1.3682116152357762,RELATIVE_0P9_CURRENT_LOAD_NOMINAL,True,False,True,30,7,2,1.0,364006.11388487276,3.593949269764009,1.6581889012349222
44007,0,57,FIXED_Q_FIXED_BEAM_JOINT_GLOBAL_INFEASIBLE,132,E3_SITE_12_SEC_1_UE_1,33,0,0.38195655533623496,0.38195655533623496,0.3437608998026115,RELATIVE_0P9_CURRENT_LOAD_NOMINAL,True,False,True,132,33,0,1.0,185068483.604113,3.5068295975301402,0.6516537985784359
44007,0,58,FIXED_Q_FIXED_BEAM_JOINT_GLOBAL_INFEASIBLE,30,E3_SITE_03_SEC_2_UE_3,7,2,1.5202351280397512,1.5202351280397512,1.3682116152357762,RELATIVE_0P9_CURRENT_LOAD_NOMINAL,True,False,True,30,7,2,1.0,182435.21724137326,3.5966301840972394,1.6584569926682453
44007,0,58,FIXED_Q_FIXED_BEAM_JOINT_GLOBAL_INFEASIBLE,132,E3_SITE_12_SEC_1_UE_1,33,0,0.38195655533623496,0.38195655533623496,0.3437608998026115,RELATIVE_0P9_CURRENT_LOAD_NOMINAL,True,False,True,132,33,0,1.0,185068483.604113,3.5068295975301402,0.6516537985784359
44007,0,59,FIXED_Q_FIXED_BEAM_JOINT_GLOBAL_INFEASIBLE,30,E3_SITE_03_SEC_2_UE_3,7,2,1.5202351280397512,1.5202351280397512,1.3682116152357762,RELATIVE_0P9_CURRENT_LOAD_NOMINAL,True,False,True,30,7,2,1.0,364006.11388487276,3.593949269764009,1.6581889012349222
44007,0,59,FIXED_Q_FIXED_BEAM_JOINT_GLOBAL_INFEASIBLE,132,E3_SITE_12_SEC_1_UE_1,33,0,0.38195655533623496,0.38195655533623496,0.3437608998026115,RELATIVE_0P9_CURRENT_LOAD_NOMINAL,True,False,True,132,33,0,1.0,185068483.604113,3.5068295975301402,0.6516537985784359
44007,0,80,EXPANDED_LOCAL_ALL_STREAM_K4_FEASIBLE,194,E3_SITE_17_SEC_1_UE_3,48,2,0.17267253949852726,0.06456717597462834,0.1,ABSOLUTE_0P1,False,True,True,194,48,2,1.0,183.95103012092613,4.116473797677798,0.47084693347887036
44007,0,81,EXPANDED_LOCAL_HYBRID_K4_FEASIBLE,194,E3_SITE_17_SEC_1_UE_3,48,2,0.17267253949852726,0.06456717597462834,0.1,ABSOLUTE_0P1,False,True,True,194,48,2,1.0,168.99990708543646,4.126313426406653,0.4718308963517559
44007,0,82,EXPANDED_LOCAL_HYBRID_K4_FEASIBLE,194,E3_SITE_17_SEC_1_UE_3,48,2,0.17267253949852726,0.06456717597462834,0.1,ABSOLUTE_0P1,False,True,True,194,48,2,1.0,168.99990708543646,4.126313426406653,0.4718308963517559
44007,0,83,EXPANDED_LOCAL_HYBRID_K4_FEASIBLE,194,E3_SITE_17_SEC_1_UE_3,48,2,0.17267253949852726,0.06456717597462834,0.1,ABSOLUTE_0P1,False,True,True,194,48,2,1.0,168.99990708543646,4.126313426406653,0.4718308963517559
44007,0,84,EXPANDED_LOCAL_HYBRID_K4_FEASIBLE,194,E3_SITE_17_SEC_1_UE_3,48,2,0.17267253949852726,0.06456717597462834,0.1,ABSOLUTE_0P1,False,True,True,194,48,2,1.0,168.99990708543646,4.126313426406653,0.4718308963517559
44007,0,85,EXPANDED_LOCAL_HYBRID_K4_FEASIBLE,194,E3_SITE_17_SEC_1_UE_3,48,2,0.17267253949852726,0.06456717597462834,0.1,ABSOLUTE_0P1,False,True,True,194,48,2,1.0,168.99990708543646,4.126313426406653,0.4718308963517559
44007,0,86,EXPANDED_LOCAL_HYBRID_K4_FEASIBLE,194,E3_SITE_17_SEC_1_UE_3,48,2,0.17267253949852726,0.06456717597462834,0.1,ABSOLUTE_0P1,False,True,True,194,48,2,1.0,168.99990708543646,4.126313426406653,0.4718308963517559
44007,0,87,EXPANDED_LOCAL_HYBRID_K4_FEASIBLE,194,E3_SITE_17_SEC_1_UE_3,48,2,0.17267253949852726,0.06456717597462834,0.1,ABSOLUTE_0P1,False,True,True,194,48,2,1.0,168.99990708543646,4.126313426406653,0.4718308963517559
44007,0,88,EXPANDED_LOCAL_HYBRID_K4_FEASIBLE,194,E3_SITE_17_SEC_1_UE_3,48,2,0.17267253949852726,0.06456717597462834,0.1,ABSOLUTE_0P1,False,True,True,194,48,2,1.0,168.99990708543646,4.126313426406653,0.4718308963517559
44007,0,89,EXPANDED_LOCAL_HYBRID_K4_FEASIBLE,194,E3_SITE_17_SEC_1_UE_3,48,2,0.17267253949852726,0.06456717597462834,0.1,ABSOLUTE_0P1,False,True,True,194,48,2,1.0,534.4246307468076,4.126313426406653,0.4718308963517559
44007,0,90,EXPANDED_LOCAL_HYBRID_K4_FEASIBLE,194,E3_SITE_17_SEC_1_UE_3,48,2,0.17267253949852726,0.06456717597462834,0.1,ABSOLUTE_0P1,False,True,True,194,48,2,1.0,534.4246307468076,4.126313426406653,0.4718308963517559
44007,0,91,EXPANDED_LOCAL_HYBRID_K4_FEASIBLE,194,E3_SITE_17_SEC_1_UE_3,48,2,0.17267253949852726,0.06456717597462834,0.1,ABSOLUTE_0P1,False,True,True,194,48,2,1.0,534.4246307468076,4.126313426406653,0.4718308963517559
44007,0,92,EXPANDED_LOCAL_HYBRID_K4_FEASIBLE,194,E3_SITE_17_SEC_1_UE_3,48,2,0.17267253949852726,0.06456717597462834,0.1,ABSOLUTE_0P1,False,True,True,194,48,2,1.0,534.4246307468076,4.126313426406653,0.4718308963517559
44007,0,93,EXPANDED_LOCAL_HYBRID_K4_FEASIBLE,194,E3_SITE_17_SEC_1_UE_3,48,2,0.17267253949852726,0.06456717597462834,0.1,ABSOLUTE_0P1,False,True,True,194,48,2,1.0,534.4246307468076,4.126313426406653,0.4718308963517559
44007,0,94,EXPANDED_LOCAL_HYBRID_K4_FEASIBLE,194,E3_SITE_17_SEC_1_UE_3,48,2,0.17267253949852726,0.06456717597462834,0.1,ABSOLUTE_0P1,False,True,True,194,48,2,1.0,534.4246307468076,4.126313426406653,0.4718308963517559
44007,0,95,EXPANDED_LOCAL_HYBRID_K4_FEASIBLE,194,E3_SITE_17_SEC_1_UE_3,48,2,0.17267253949852726,0.06456717597462834,0.1,ABSOLUTE_0P1,False,True,True,194,48,2,1.0,534.4246307468076,4.126313426406653,0.4718308963517559
44007,0,96,EXPANDED_LOCAL_HYBRID_K4_FEASIBLE,194,E3_SITE_17_SEC_1_UE_3,48,2,0.17267253949852726,0.06456717597462834,0.1,ABSOLUTE_0P1,False,True,True,194,48,2,1.0,534.4246307468076,4.126313426406653,0.4718308963517559
44007,0,97,EXPANDED_LOCAL_HYBRID_K4_FEASIBLE,194,E3_SITE_17_SEC_1_UE_3,48,2,0.17267253949852726,0.06456717597462834,0.1,ABSOLUTE_0P1,False,True,True,194,48,2,1.0,534.4246307468076,4.126313426406653,0.4718308963517559
44007,0,98,EXPANDED_LOCAL_HYBRID_K4_FEASIBLE,194,E3_SITE_17_SEC_1_UE_3,48,2,0.17267253949852726,0.06456717597462834,0.1,ABSOLUTE_0P1,False,True,True,194,48,2,1.0,534.4246307468076,4.126313426406653,0.4718308963517559
44007,0,99,EXPANDED_LOCAL_HYBRID_K4_FEASIBLE,194,E3_SITE_17_SEC_1_UE_3,48,2,0.17267253949852726,0.06456717597462834,0.1,ABSOLUTE_0P1,False,True,True,194,48,2,1.0,534.4246307468076,4.126313426406653,0.4718308963517559
44007,1,0,FIXED_Q_FIXED_BEAM_JOINT_GLOBAL_INFEASIBLE,30,E3_SITE_03_SEC_2_UE_3,7,2,1.5202351280397512,1.5202351280397512,1.3682116152357762,RELATIVE_0P9_CURRENT_LOAD_NOMINAL,True,False,True,30,7,2,1.0,37404609543.50868,3.587456974945907,1.6575396717531121
44007,1,0,FIXED_Q_FIXED_BEAM_JOINT_GLOBAL_INFEASIBLE,132,E3_SITE_12_SEC_1_UE_1,33,0,0.38195655533623496,0.38195655533623496,0.3437608998026115,RELATIVE_0P9_CURRENT_LOAD_NOMINAL,True,False,True,132,33,0,1.0,228945817.76553366,3.5068295975301402,0.6516537985784359
44007,1,1,FIXED_Q_FIXED_BEAM_JOINT_GLOBAL_INFEASIBLE,30,E3_SITE_03_SEC_2_UE_3,7,2,1.5202351280397512,1.5202351280397512,1.3682116152357762,RELATIVE_0P9_CURRENT_LOAD_NOMINAL,True,False,True,30,7,2,1.0,39270358682.499626,3.587456974945907,1.6575396717531121
44007,1,1,FIXED_Q_FIXED_BEAM_JOINT_GLOBAL_INFEASIBLE,132,E3_SITE_12_SEC_1_UE_1,33,0,0.38195655533623496,0.38195655533623496,0.3437608998026115,RELATIVE_0P9_CURRENT_LOAD_NOMINAL,True,False,True,132,33,0,1.0,237140932.23380706,3.5068295975301402,0.6516537985784359
44007,1,2,FIXED_Q_FIXED_BEAM_JOINT_GLOBAL_INFEASIBLE,30,E3_SITE_03_SEC_2_UE_3,7,2,1.5202351280397512,1.5202351280397512,1.3682116152357762,RELATIVE_0P9_CURRENT_LOAD_NOMINAL,True,False,True,30,7,2,1.0,32764120897.615166,3.5874588805462992,1.6575398623131512
44007,1,2,FIXED_Q_FIXED_BEAM_JOINT_GLOBAL_INFEASIBLE,132,E3_SITE_12_SEC_1_UE_1,33,0,0.38195655533623496,0.38195655533623496,0.3437608998026115,RELATIVE_0P9_CURRENT_LOAD_NOMINAL,True,False,True,132,33,0,1.0,195213355.4723115,3.506838229576657,0.6516546617830876
44007,1,3,FIXED_Q_FIXED_BEAM_JOINT_GLOBAL_INFEASIBLE,30,E3_SITE_03_SEC_2_UE_3,7,2,1.5202351280397512,1.5202351280397512,1.3682116152357762,RELATIVE_0P9_CURRENT_LOAD_NOMINAL,True,False,True,30,7,2,1.0,17255337610.811195,3.5874661093956868,1.65754058519809
44007,1,3,FIXED_Q_FIXED_BEAM_JOINT_GLOBAL_INFEASIBLE,132,E3_SITE_12_SEC_1_UE_1,33,0,0.38195655533623496,0.38195655533623496,0.3437608998026115,RELATIVE_0P9_CURRENT_LOAD_NOMINAL,True,False,True,132,33,0,1.0,101447841.65521674,3.506870974886583,0.6516579363140802
44007,1,4,FIXED_Q_FIXED_BEAM_JOINT_GLOBAL_INFEASIBLE,30,E3_SITE_03_SEC_2_UE_3,7,2,1.5202351280397512,1.5202351280397512,1.3682116152357762,RELATIVE_0P9_CURRENT_LOAD_NOMINAL,True,False,True,30,7,2,1.0,9091541229.047132,3.5874763203891327,1.6575416062974346
44007,1,4,FIXED_Q_FIXED_BEAM_JOINT_GLOBAL_INFEASIBLE,132,E3_SITE_12_SEC_1_UE_1,33,0,0.38195655533623496,0.38195655533623496,0.3437608998026115,RELATIVE_0P9_CURRENT_LOAD_NOMINAL,True,False,True,132,33,0,1.0,52748194.04347158,3.506917228332093,0.6516625616586311
44007,1,5,FIXED_Q_FIXED_BEAM_JOINT_GLOBAL_INFEASIBLE,30,E3_SITE_03_SEC_2_UE_3,7,2,1.5202351280397512,1.5202351280397512,1.3682116152357762,RELATIVE_0P9_CURRENT_LOAD_NOMINAL,True,False,True,30,7,2,1.0,4792243934.214084,3.58749074374544,1.6575430486330653
44007,1,5,FIXED_Q_FIXED_BEAM_JOINT_GLOBAL_INFEASIBLE,132,E3_SITE_12_SEC_1_UE_1,33,0,0.38195655533623496,0.38195655533623496,0.3437608998026115,RELATIVE_0P9_CURRENT_LOAD_NOMINAL,True,False,True,132,33,0,1.0,27441334.08452381,3.5069825619946586,0.6516690950248878
44007,1,6,FIXED_Q_FIXED_BEAM_JOINT_GLOBAL_INFEASIBLE,30,E3_SITE_03_SEC_2_UE_3,7,2,1.5202351280397512,1.5202351280397512,1.3682116152357762,RELATIVE_0P9_CURRENT_LOAD_NOMINAL,True,False,True,30,7,2,1.0,2527122607.8029957,3.587511117167401,1.6575450859752614
44007,1,6,FIXED_Q_FIXED_BEAM_JOINT_GLOBAL_INFEASIBLE,132,E3_SITE_12_SEC_1_UE_1,33,0,0.38195655533623496,0.38195655533623496,0.3437608998026115,RELATIVE_0P9_CURRENT_LOAD_NOMINAL,True,False,True,132,33,0,1.0,15882238.27841248,3.507058391276314,0.6516766779530533
44007,1,7,FIXED_Q_FIXED_BEAM_JOINT_GLOBAL_INFEASIBLE,30,E3_SITE_03_SEC_2_UE_3,7,2,1.5202351280397512,1.5202351280397512,1.3682116152357762,RELATIVE_0P9_CURRENT_LOAD_NOMINAL,True,False,True,30,7,2,1.0,1333210480.3144455,3.587539895170669,1.6575479637755883
44007,1,7,FIXED_Q_FIXED_BEAM_JOINT_GLOBAL_INFEASIBLE,132,E3_SITE_12_SEC_1_UE_1,33,0,0.38195655533623496,0.38195655533623496,0.3437608998026115,RELATIVE_0P9_CURRENT_LOAD_NOMINAL,True,False,True,132,33,0,1.0,11741923.368257744,3.5070985874564307,0.651680697571065
44007,1,8,FIXED_Q_FIXED_BEAM_JOINT_GLOBAL_INFEASIBLE,30,E3_SITE_03_SEC_2_UE_3,7,2,1.5202351280397512,1.5202351280397512,1.3682116152357762,RELATIVE_0P9_CURRENT_LOAD_NOMINAL,True,False,True,30,7,2,1.0,703648072.4076954,3.5875805447414724,1.6575520287326686
44007,1,8,FIXED_Q_FIXED_BEAM_JOINT_GLOBAL_INFEASIBLE,132,E3_SITE_12_SEC_1_UE_1,33,0,0.38195655533623496,0.38195655533623496,0.3437608998026115,RELATIVE_0P9_CURRENT_LOAD_NOMINAL,True,False,True,132,33,0,1.0,20152667.253752027,3.5070194629965727,0.6516727851250792
44007,1,9,FIXED_Q_FIXED_BEAM_JOINT_GLOBAL_INFEASIBLE,30,E3_SITE_03_SEC_2_UE_3,7,2,1.5202351280397512,1.5202351280397512,1.3682116152357762,RELATIVE_0P9_CURRENT_LOAD_NOMINAL,True,False,True,30,7,2,1.0,371532112.2651569,3.5876379629099566,1.657557770549517
44007,1,9,FIXED_Q_FIXED_BEAM_JOINT_GLOBAL_INFEASIBLE,132,E3_SITE_12_SEC_1_UE_1,33,0,0.38195655533623496,0.38195655533623496,0.3437608998026115,RELATIVE_0P9_CURRENT_LOAD_NOMINAL,True,False,True,132,33,0,1.0,41828985.77582729,3.506943352732625,0.6516651740986844
44007,1,10,FIXED_Q_FIXED_BEAM_JOINT_GLOBAL_INFEASIBLE,30,E3_SITE_03_SEC_2_UE_3,7,2,1.5202351280397512,1.5202351280397512,1.3682116152357762,RELATIVE_0P9_CURRENT_LOAD_NOMINAL,True,False,True,30,7,2,1.0,196255245.9152349,3.587719066479999,1.6575658809065212
44007,1,10,FIXED_Q_FIXED_BEAM_JOINT_GLOBAL_INFEASIBLE,132,E3_SITE_12_SEC_1_UE_1,33,0,0.38195655533623496,0.38195655533623496,0.3437608998026115,RELATIVE_0P9_CURRENT_LOAD_NOMINAL,True,False,True,132,33,0,1.0,66248420.3292431,3.506910610854511,0.651661899910873
44007,1,11,FIXED_Q_FIXED_BEAM_JOINT_GLOBAL_INFEASIBLE,30,E3_SITE_03_SEC_2_UE_3,7,2,1.5202351280397512,1.5202351280397512,1.3682116152357762,RELATIVE_0P9_CURRENT_LOAD_NOMINAL,True,False,True,30,7,2,1.0,103712360.014519,3.587833624828758,1.657577336741397
44007,1,11,FIXED_Q_FIXED_BEAM_JOINT_GLOBAL_INFEASIBLE,132,E3_SITE_12_SEC_1_UE_1,33,0,0.38195655533623496,0.38195655533623496,0.3437608998026115,RELATIVE_0P9_CURRENT_LOAD_NOMINAL,True,False,True,132,33,0,1.0,68992967.39574306,3.506910610854511,0.651661899910873
44007,1,12,FIXED_Q_FIXED_BEAM_JOINT_GLOBAL_INFEASIBLE,30,E3_SITE_03_SEC_2_UE_3,7,2,1.5202351280397512,1.5202351280397512,1.3682116152357762,RELATIVE_0P9_CURRENT_LOAD_NOMINAL,True,False,True,30,7,2,1.0,54830800.33108811,3.5879954358365467,1.657593517842176
44007,1,12,FIXED_Q_FIXED_BEAM_JOINT_GLOBAL_INFEASIBLE,132,E3_SITE_12_SEC_1_UE_1,33,0,0.38195655533623496,0.38195655533623496,0.3437608998026115,RELATIVE_0P9_CURRENT_LOAD_NOMINAL,True,False,True,132,33,0,1.0,74880243.96601696,3.5069054071264567,0.6516613795380676
44007,1,13,FIXED_Q_FIXED_BEAM_JOINT_GLOBAL_INFEASIBLE,30,E3_SITE_03_SEC_2_UE_3,7,2,1.5202351280397512,1.5202351280397512,1.3682116152357762,RELATIVE_0P9_CURRENT_LOAD_NOMINAL,True,False,True,30,7,2,1.0,29000413.166169345,3.5882239860726464,1.657616372865786
44007,1,13,FIXED_Q_FIXED_BEAM_JOINT_GLOBAL_INFEASIBLE,132,E3_SITE_12_SEC_1_UE_1,33,0,0.38195655533623496,0.38195655533623496,0.3437608998026115,RELATIVE_0P9_CURRENT_LOAD_NOMINAL,True,False,True,132,33,0,1.0,118795844.87950014,3.506879399073254,0.6516587787327472
44007,1,14,FIXED_Q_FIXED_BEAM_JOINT_GLOBAL_INFEASIBLE,30,E3_SITE_03_SEC_2_UE_3,7,2,1.5202351280397512,1.5202351280397512,1.3682116152357762,RELATIVE_0P9_CURRENT_LOAD_NOMINAL,True,False,True,30,7,2,1.0,15345116.686797893,3.588546794156226,1.657648653674144
44007,1,14,FIXED_Q_FIXED_BEAM_JOINT_GLOBAL_INFEASIBLE,132,E3_SITE_12_SEC_1_UE_1,33,0,0.38195655533623496,0.38195655533623496,0.3437608998026115,RELATIVE_0P9_CURRENT_LOAD_NOMINAL,True,False,True,132,33,0,1.0,222066991.2323156,3.5068511609078605,0.651655954916208
44007,1,15,FIXED_Q_FIXED_BEAM_JOINT_GLOBAL_INFEASIBLE,30,E3_SITE_03_SEC_2_UE_3,7,2,1.5202351280397512,1.5202351280397512,1.3682116152357762,RELATIVE_0P9_CURRENT_LOAD_NOMINAL,True,False,True,30,7,2,1.0,8123134.1588805225,3.5890027174237122,1.6576942460008925
44007,1,15,FIXED_Q_FIXED_BEAM_JOINT_GLOBAL_INFEASIBLE,132,E3_SITE_12_SEC_1_UE_1,33,0,0.38195655533623496,0.38195655533623496,0.3437608998026115,RELATIVE_0P9_CURRENT_LOAD_NOMINAL,True,False,True,132,33,0,1.0,362773575.98806465,3.506834096020084,0.6516542484274302
44007,1,16,FIXED_Q_FIXED_BEAM_JOINT_GLOBAL_INFEASIBLE,30,E3_SITE_03_SEC_2_UE_3,7,2,1.5202351280397512,1.5202351280397512,1.3682116152357762,RELATIVE_0P9_CURRENT_LOAD_NOMINAL,True,False,True,30,7,2,1.0,4301952.212130943,3.5896466159058438,1.6577586358491057
44007,1,16,FIXED_Q_FIXED_BEAM_JOINT_GLOBAL_INFEASIBLE,132,E3_SITE_12_SEC_1_UE_1,33,0,0.38195655533623496,0.38195655533623496,0.3437608998026115,RELATIVE_0P9_CURRENT_LOAD_NOMINAL,True,False,True,132,33,0,1.0,428980439.09839374,3.5068295975301402,0.6516537985784359
44007,1,17,FIXED_Q_FIXED_BEAM_JOINT_GLOBAL_INFEASIBLE,30,E3_SITE_03_SEC_2_UE_3,7,2,1.5202351280397512,1.5202351280397512,1.3682116152357762,RELATIVE_0P9_CURRENT_LOAD_NOMINAL,True,False,True,30,7,2,1.0,2279277.569890348,3.590555926786787,1.6578495669372
44007,1,17,FIXED_Q_FIXED_BEAM_JOINT_GLOBAL_INFEASIBLE,132,E3_SITE_12_SEC_1_UE_1,33,0,0.38195655533623496,0.38195655533623496,0.3437608998026115,RELATIVE_0P9_CURRENT_LOAD_NOMINAL,True,False,True,132,33,0,1.0,448300773.4543612,3.5068295975301402,0.6516537985784359
44007,1,18,FIXED_Q_FIXED_BEAM_JOINT_GLOBAL_INFEASIBLE,30,E3_SITE_03_SEC_2_UE_3,7,2,1.5202351280397512,1.5202351280397512,1.3682116152357762,RELATIVE_0P9_CURRENT_LOAD_NOMINAL,True,False,True,30,7,2,1.0,1208146.7436155335,3.591839924010219,1.6579779666595431
44007,1,18,FIXED_Q_FIXED_BEAM_JOINT_GLOBAL_INFEASIBLE,132,E3_SITE_12_SEC_1_UE_1,33,0,0.38195655533623496,0.38195655533623496,0.3437608998026115,RELATIVE_0P9_CURRENT_LOAD_NOMINAL,True,False,True,132,33,0,1.0,468769149.3520267,3.5068295975301402,0.6516537985784359
44007,1,19,FIXED_Q_FIXED_BEAM_JOINT_GLOBAL_INFEASIBLE,30,E3_SITE_03_SEC_2_UE_3,7,2,1.5202351280397512,1.5202351280397512,1.3682116152357762,RELATIVE_0P9_CURRENT_LOAD_NOMINAL,True,False,True,30,7,2,1.0,640669.5804475045,3.593652743928625,1.6581592486513839
44007,1,19,FIXED_Q_FIXED_BEAM_JOINT_GLOBAL_INFEASIBLE,132,E3_SITE_12_SEC_1_UE_1,33,0,0.38195655533623496,0.38195655533623496,0.3437608998026115,RELATIVE_0P9_CURRENT_LOAD_NOMINAL,True,False,True,132,33,0,1.0,490464858.76149744,3.5068295975301402,0.6516537985784359
44007,1,40,FIXED_Q_FIXED_BEAM_JOINT_GLOBAL_INFEASIBLE,30,E3_SITE_03_SEC_2_UE_3,7,2,1.5202351280397512,1.5202351280397512,1.3682116152357762,RELATIVE_0P9_CURRENT_LOAD_NOMINAL,True,False,True,30,7,2,1.0,9928093.843315821,3.5896466159058438,1.6577586358491057
44007,1,40,FIXED_Q_FIXED_BEAM_JOINT_GLOBAL_INFEASIBLE,132,E3_SITE_12_SEC_1_UE_1,33,0,0.38195655533623496,0.38195655533623496,0.3437608998026115,RELATIVE_0P9_CURRENT_LOAD_NOMINAL,True,False,True,132,33,0,1.0,585237931.3025247,3.5068295975301402,0.6516537985784359
44007,1,41,FIXED_Q_FIXED_BEAM_JOINT_GLOBAL_INFEASIBLE,30,E3_SITE_03_SEC_2_UE_3,7,2,1.5202351280397512,1.5202351280397512,1.3682116152357762,RELATIVE_0P9_CURRENT_LOAD_NOMINAL,True,False,True,30,7,2,1.0,4975833.888523441,3.590555926786787,1.6578495669372
44007,1,41,FIXED_Q_FIXED_BEAM_JOINT_GLOBAL_INFEASIBLE,132,E3_SITE_12_SEC_1_UE_1,33,0,0.38195655533623496,0.38195655533623496,0.3437608998026115,RELATIVE_0P9_CURRENT_LOAD_NOMINAL,True,False,True,132,33,0,1.0,585237931.3025247,3.5068295975301402,0.6516537985784359
44007,1,42,FIXED_Q_FIXED_BEAM_JOINT_GLOBAL_INFEASIBLE,30,E3_SITE_03_SEC_2_UE_3,7,2,1.5202351280397512,1.5202351280397512,1.3682116152357762,RELATIVE_0P9_CURRENT_LOAD_NOMINAL,True,False,True,30,7,2,1.0,2493824.421577903,3.591839924010219,1.6579779666595431
44007,1,42,FIXED_Q_FIXED_BEAM_JOINT_GLOBAL_INFEASIBLE,132,E3_SITE_12_SEC_1_UE_1,33,0,0.38195655533623496,0.38195655533623496,0.3437608998026115,RELATIVE_0P9_CURRENT_LOAD_NOMINAL,True,False,True,132,33,0,1.0,585237931.3025247,3.5068295975301402,0.6516537985784359
44007,1,43,FIXED_Q_FIXED_BEAM_JOINT_GLOBAL_INFEASIBLE,30,E3_SITE_03_SEC_2_UE_3,7,2,1.5202351280397512,1.5202351280397512,1.3682116152357762,RELATIVE_0P9_CURRENT_LOAD_NOMINAL,True,False,True,30,7,2,1.0,1249872.9630027642,3.593652743928625,1.6581592486513839
44007,1,43,FIXED_Q_FIXED_BEAM_JOINT_GLOBAL_INFEASIBLE,132,E3_SITE_12_SEC_1_UE_1,33,0,0.38195655533623496,0.38195655533623496,0.3437608998026115,RELATIVE_0P9_CURRENT_LOAD_NOMINAL,True,False,True,132,33,0,1.0,585237931.3025247,3.5068295975301402,0.6516537985784359
44007,1,44,FIXED_Q_FIXED_BEAM_JOINT_GLOBAL_INFEASIBLE,30,E3_SITE_03_SEC_2_UE_3,7,2,1.5202351280397512,1.5202351280397512,1.3682116152357762,RELATIVE_0P9_CURRENT_LOAD_NOMINAL,True,False,True,30,7,2,1.0,626420.3727128778,3.596211677298392,1.6584151419883604
44007,1,44,FIXED_Q_FIXED_BEAM_JOINT_GLOBAL_INFEASIBLE,132,E3_SITE_12_SEC_1_UE_1,33,0,0.38195655533623496,0.38195655533623496,0.3437608998026115,RELATIVE_0P9_CURRENT_LOAD_NOMINAL,True,False,True,132,33,0,1.0,585237931.3025247,3.5068295975301402,0.6516537985784359
44007,1,45,FIXED_Q_FIXED_BEAM_JOINT_GLOBAL_INFEASIBLE,30,E3_SITE_03_SEC_2_UE_3,7,2,1.5202351280397512,1.5202351280397512,1.3682116152357762,RELATIVE_0P9_CURRENT_LOAD_NOMINAL,True,False,True,30,7,2,1.0,313953.8936877321,3.599822794327676,1.658776253691289
44007,1,45,FIXED_Q_FIXED_BEAM_JOINT_GLOBAL_INFEASIBLE,132,E3_SITE_12_SEC_1_UE_1,33,0,0.38195655533623496,0.38195655533623496,0.3437608998026115,RELATIVE_0P9_CURRENT_LOAD_NOMINAL,True,False,True,132,33,0,1.0,585237931.3025247,3.5068295975301402,0.6516537985784359
44007,1,46,FIXED_Q_FIXED_BEAM_JOINT_GLOBAL_INFEASIBLE,30,E3_SITE_03_SEC_2_UE_3,7,2,1.5202351280397512,1.5202351280397512,1.3682116152357762,RELATIVE_0P9_CURRENT_LOAD_NOMINAL,True,False,True,30,7,2,1.0,626420.3727128778,3.596211677298392,1.6584151419883604
44007,1,46,FIXED_Q_FIXED_BEAM_JOINT_GLOBAL_INFEASIBLE,132,E3_SITE_12_SEC_1_UE_1,33,0,0.38195655533623496,0.38195655533623496,0.3437608998026115,RELATIVE_0P9_CURRENT_LOAD_NOMINAL,True,False,True,132,33,0,1.0,185068483.604113,3.5068295975301402,0.6516537985784359
44007,1,47,FIXED_Q_FIXED_BEAM_JOINT_GLOBAL_INFEASIBLE,30,E3_SITE_03_SEC_2_UE_3,7,2,1.5202351280397512,1.5202351280397512,1.3682116152357762,RELATIVE_0P9_CURRENT_LOAD_NOMINAL,True,False,True,30,7,2,1.0,313953.8936877321,3.599822794327676,1.658776253691289
44007,1,47,FIXED_Q_FIXED_BEAM_JOINT_GLOBAL_INFEASIBLE,132,E3_SITE_12_SEC_1_UE_1,33,0,0.38195655533623496,0.38195655533623496,0.3437608998026115,RELATIVE_0P9_CURRENT_LOAD_NOMINAL,True,False,True,132,33,0,1.0,185068483.604113,3.5068295975301402,0.6516537985784359
44007,1,48,FIXED_Q_FIXED_BEAM_JOINT_GLOBAL_INFEASIBLE,30,E3_SITE_03_SEC_2_UE_3,7,2,1.5202351280397512,1.5202351280397512,1.3682116152357762,RELATIVE_0P9_CURRENT_LOAD_NOMINAL,True,False,True,30,7,2,1.0,626420.3727128778,3.596211677298392,1.6584151419883604
44007,1,48,FIXED_Q_FIXED_BEAM_JOINT_GLOBAL_INFEASIBLE,132,E3_SITE_12_SEC_1_UE_1,33,0,0.38195655533623496,0.38195655533623496,0.3437608998026115,RELATIVE_0P9_CURRENT_LOAD_NOMINAL,True,False,True,132,33,0,1.0,185068483.604113,3.5068295975301402,0.6516537985784359
44007,1,49,FIXED_Q_FIXED_BEAM_JOINT_GLOBAL_INFEASIBLE,30,E3_SITE_03_SEC_2_UE_3,7,2,1.5202351280397512,1.5202351280397512,1.3682116152357762,RELATIVE_0P9_CURRENT_LOAD_NOMINAL,True,False,True,30,7,2,1.0,313953.8936877321,3.599822794327676,1.658776253691289
44007,1,49,FIXED_Q_FIXED_BEAM_JOINT_GLOBAL_INFEASIBLE,132,E3_SITE_12_SEC_1_UE_1,33,0,0.38195655533623496,0.38195655533623496,0.3437608998026115,RELATIVE_0P9_CURRENT_LOAD_NOMINAL,True,False,True,132,33,0,1.0,185068483.604113,3.5068295975301402,0.6516537985784359
44007,1,50,FIXED_Q_FIXED_BEAM_JOINT_GLOBAL_INFEASIBLE,30,E3_SITE_03_SEC_2_UE_3,7,2,1.5202351280397512,1.5202351280397512,1.3682116152357762,RELATIVE_0P9_CURRENT_LOAD_NOMINAL,True,False,True,30,7,2,1.0,198091.51505042837,3.596211677298392,1.6584151419883604
44007,1,50,FIXED_Q_FIXED_BEAM_JOINT_GLOBAL_INFEASIBLE,132,E3_SITE_12_SEC_1_UE_1,33,0,0.38195655533623496,0.38195655533623496,0.3437608998026115,RELATIVE_0P9_CURRENT_LOAD_NOMINAL,True,False,True,132,33,0,1.0,185068483.604113,3.5068295975301402,0.6516537985784359
44007,1,51,FIXED_Q_FIXED_BEAM_JOINT_GLOBAL_INFEASIBLE,30,E3_SITE_03_SEC_2_UE_3,7,2,1.5202351280397512,1.5202351280397512,1.3682116152357762,RELATIVE_0P9_CURRENT_LOAD_NOMINAL,True,False,True,30,7,2,1.0,364006.11388487276,3.593949269764009,1.6581889012349222
44007,1,51,FIXED_Q_FIXED_BEAM_JOINT_GLOBAL_INFEASIBLE,132,E3_SITE_12_SEC_1_UE_1,33,0,0.38195655533623496,0.38195655533623496,0.3437608998026115,RELATIVE_0P9_CURRENT_LOAD_NOMINAL,True,False,True,132,33,0,1.0,185068483.604113,3.5068295975301402,0.6516537985784359
44007,1,52,FIXED_Q_FIXED_BEAM_JOINT_GLOBAL_INFEASIBLE,30,E3_SITE_03_SEC_2_UE_3,7,2,1.5202351280397512,1.5202351280397512,1.3682116152357762,RELATIVE_0P9_CURRENT_LOAD_NOMINAL,True,False,True,30,7,2,1.0,289140.3338710168,3.5947424517745805,1.6582682194359792
44007,1,52,FIXED_Q_FIXED_BEAM_JOINT_GLOBAL_INFEASIBLE,132,E3_SITE_12_SEC_1_UE_1,33,0,0.38195655533623496,0.38195655533623496,0.3437608998026115,RELATIVE_0P9_CURRENT_LOAD_NOMINAL,True,False,True,132,33,0,1.0,185068483.604113,3.5068295975301402,0.6516537985784359
44007,1,53,FIXED_Q_FIXED_BEAM_JOINT_GLOBAL_INFEASIBLE,30,E3_SITE_03_SEC_2_UE_3,7,2,1.5202351280397512,1.5202351280397512,1.3682116152357762,RELATIVE_0P9_CURRENT_LOAD_NOMINAL,True,False,True,30,7,2,1.0,364006.11388487276,3.593949269764009,1.6581889012349222
44007,1,53,FIXED_Q_FIXED_BEAM_JOINT_GLOBAL_INFEASIBLE,132,E3_SITE_12_SEC_1_UE_1,33,0,0.38195655533623496,0.38195655533623496,0.3437608998026115,RELATIVE_0P9_CURRENT_LOAD_NOMINAL,True,False,True,132,33,0,1.0,185068483.604113,3.5068295975301402,0.6516537985784359
44007,1,54,FIXED_Q_FIXED_BEAM_JOINT_GLOBAL_INFEASIBLE,30,E3_SITE_03_SEC_2_UE_3,7,2,1.5202351280397512,1.5202351280397512,1.3682116152357762,RELATIVE_0P9_CURRENT_LOAD_NOMINAL,True,False,True,30,7,2,1.0,182435.21724137326,3.5966301840972394,1.6584569926682453
44007,1,54,FIXED_Q_FIXED_BEAM_JOINT_GLOBAL_INFEASIBLE,132,E3_SITE_12_SEC_1_UE_1,33,0,0.38195655533623496,0.38195655533623496,0.3437608998026115,RELATIVE_0P9_CURRENT_LOAD_NOMINAL,True,False,True,132,33,0,1.0,185068483.604113,3.5068295975301402,0.6516537985784359
44007,1,55,FIXED_Q_FIXED_BEAM_JOINT_GLOBAL_INFEASIBLE,30,E3_SITE_03_SEC_2_UE_3,7,2,1.5202351280397512,1.5202351280397512,1.3682116152357762,RELATIVE_0P9_CURRENT_LOAD_NOMINAL,True,False,True,30,7,2,1.0,364006.11388487276,3.593949269764009,1.6581889012349222
44007,1,55,FIXED_Q_FIXED_BEAM_JOINT_GLOBAL_INFEASIBLE,132,E3_SITE_12_SEC_1_UE_1,33,0,0.38195655533623496,0.38195655533623496,0.3437608998026115,RELATIVE_0P9_CURRENT_LOAD_NOMINAL,True,False,True,132,33,0,1.0,185068483.604113,3.5068295975301402,0.6516537985784359
44007,1,56,FIXED_Q_FIXED_BEAM_JOINT_GLOBAL_INFEASIBLE,30,E3_SITE_03_SEC_2_UE_3,7,2,1.5202351280397512,1.5202351280397512,1.3682116152357762,RELATIVE_0P9_CURRENT_LOAD_NOMINAL,True,False,True,30,7,2,1.0,182435.21724137326,3.5966301840972394,1.6584569926682453
44007,1,56,FIXED_Q_FIXED_BEAM_JOINT_GLOBAL_INFEASIBLE,132,E3_SITE_12_SEC_1_UE_1,33,0,0.38195655533623496,0.38195655533623496,0.3437608998026115,RELATIVE_0P9_CURRENT_LOAD_NOMINAL,True,False,True,132,33,0,1.0,185068483.604113,3.5068295975301402,0.6516537985784359
44007,1,57,FIXED_Q_FIXED_BEAM_JOINT_GLOBAL_INFEASIBLE,30,E3_SITE_03_SEC_2_UE_3,7,2,1.5202351280397512,1.5202351280397512,1.3682116152357762,RELATIVE_0P9_CURRENT_LOAD_NOMINAL,True,False,True,30,7,2,1.0,364006.11388487276,3.593949269764009,1.6581889012349222
44007,1,57,FIXED_Q_FIXED_BEAM_JOINT_GLOBAL_INFEASIBLE,132,E3_SITE_12_SEC_1_UE_1,33,0,0.38195655533623496,0.38195655533623496,0.3437608998026115,RELATIVE_0P9_CURRENT_LOAD_NOMINAL,True,False,True,132,33,0,1.0,185068483.604113,3.5068295975301402,0.6516537985784359
44007,1,58,FIXED_Q_FIXED_BEAM_JOINT_GLOBAL_INFEASIBLE,30,E3_SITE_03_SEC_2_UE_3,7,2,1.5202351280397512,1.5202351280397512,1.3682116152357762,RELATIVE_0P9_CURRENT_LOAD_NOMINAL,True,False,True,30,7,2,1.0,182435.21724137326,3.5966301840972394,1.6584569926682453
44007,1,58,FIXED_Q_FIXED_BEAM_JOINT_GLOBAL_INFEASIBLE,132,E3_SITE_12_SEC_1_UE_1,33,0,0.38195655533623496,0.38195655533623496,0.3437608998026115,RELATIVE_0P9_CURRENT_LOAD_NOMINAL,True,False,True,132,33,0,1.0,185068483.604113,3.5068295975301402,0.6516537985784359
44007,1,59,FIXED_Q_FIXED_BEAM_JOINT_GLOBAL_INFEASIBLE,30,E3_SITE_03_SEC_2_UE_3,7,2,1.5202351280397512,1.5202351280397512,1.3682116152357762,RELATIVE_0P9_CURRENT_LOAD_NOMINAL,True,False,True,30,7,2,1.0,364006.11388487276,3.593949269764009,1.6581889012349222
44007,1,59,FIXED_Q_FIXED_BEAM_JOINT_GLOBAL_INFEASIBLE,132,E3_SITE_12_SEC_1_UE_1,33,0,0.38195655533623496,0.38195655533623496,0.3437608998026115,RELATIVE_0P9_CURRENT_LOAD_NOMINAL,True,False,True,132,33,0,1.0,185068483.604113,3.5068295975301402,0.6516537985784359
44007,1,80,EXPANDED_LOCAL_ALL_STREAM_K4_FEASIBLE,194,E3_SITE_17_SEC_1_UE_3,48,2,0.17267253949852726,0.06456717597462834,0.1,ABSOLUTE_0P1,False,True,True,194,48,2,1.0,183.95103012092613,4.116473797677798,0.47084693347887036
44007,1,81,EXPANDED_LOCAL_HYBRID_K4_FEASIBLE,194,E3_SITE_17_SEC_1_UE_3,48,2,0.17267253949852726,0.06456717597462834,0.1,ABSOLUTE_0P1,False,True,True,194,48,2,1.0,168.99990708543646,4.126313426406653,0.4718308963517559
44007,1,82,EXPANDED_LOCAL_HYBRID_K4_FEASIBLE,194,E3_SITE_17_SEC_1_UE_3,48,2,0.17267253949852726,0.06456717597462834,0.1,ABSOLUTE_0P1,False,True,True,194,48,2,1.0,168.99990708543646,4.126313426406653,0.4718308963517559
44007,1,83,EXPANDED_LOCAL_HYBRID_K4_FEASIBLE,194,E3_SITE_17_SEC_1_UE_3,48,2,0.17267253949852726,0.06456717597462834,0.1,ABSOLUTE_0P1,False,True,True,194,48,2,1.0,168.99990708543646,4.126313426406653,0.4718308963517559
44007,1,84,EXPANDED_LOCAL_HYBRID_K4_FEASIBLE,194,E3_SITE_17_SEC_1_UE_3,48,2,0.17267253949852726,0.06456717597462834,0.1,ABSOLUTE_0P1,False,True,True,194,48,2,1.0,168.99990708543646,4.126313426406653,0.4718308963517559
44007,1,85,EXPANDED_LOCAL_HYBRID_K4_FEASIBLE,194,E3_SITE_17_SEC_1_UE_3,48,2,0.17267253949852726,0.06456717597462834,0.1,ABSOLUTE_0P1,False,True,True,194,48,2,1.0,168.99990708543646,4.126313426406653,0.4718308963517559
44007,1,86,EXPANDED_LOCAL_HYBRID_K4_FEASIBLE,194,E3_SITE_17_SEC_1_UE_3,48,2,0.17267253949852726,0.06456717597462834,0.1,ABSOLUTE_0P1,False,True,True,194,48,2,1.0,168.99990708543646,4.126313426406653,0.4718308963517559
44007,1,87,EXPANDED_LOCAL_HYBRID_K4_FEASIBLE,194,E3_SITE_17_SEC_1_UE_3,48,2,0.17267253949852726,0.06456717597462834,0.1,ABSOLUTE_0P1,False,True,True,194,48,2,1.0,168.99990708543646,4.126313426406653,0.4718308963517559
44007,1,88,EXPANDED_LOCAL_HYBRID_K4_FEASIBLE,194,E3_SITE_17_SEC_1_UE_3,48,2,0.17267253949852726,0.06456717597462834,0.1,ABSOLUTE_0P1,False,True,True,194,48,2,1.0,168.99990708543646,4.126313426406653,0.4718308963517559
44007,1,89,EXPANDED_LOCAL_HYBRID_K4_FEASIBLE,194,E3_SITE_17_SEC_1_UE_3,48,2,0.17267253949852726,0.06456717597462834,0.1,ABSOLUTE_0P1,False,True,True,194,48,2,1.0,168.99990708543646,4.126313426406653,0.4718308963517559
44007,1,90,EXPANDED_LOCAL_HYBRID_K4_FEASIBLE,194,E3_SITE_17_SEC_1_UE_3,48,2,0.17267253949852726,0.06456717597462834,0.1,ABSOLUTE_0P1,False,True,True,194,48,2,1.0,168.99990708543646,4.126313426406653,0.4718308963517559
44007,1,91,EXPANDED_LOCAL_HYBRID_K4_FEASIBLE,194,E3_SITE_17_SEC_1_UE_3,48,2,0.17267253949852726,0.06456717597462834,0.1,ABSOLUTE_0P1,False,True,True,194,48,2,1.0,168.99990708543646,4.126313426406653,0.4718308963517559
44007,1,92,EXPANDED_LOCAL_HYBRID_K4_FEASIBLE,194,E3_SITE_17_SEC_1_UE_3,48,2,0.17267253949852726,0.06456717597462834,0.1,ABSOLUTE_0P1,False,True,True,194,48,2,1.0,534.4246307468076,4.126313426406653,0.4718308963517559
44007,1,93,EXPANDED_LOCAL_HYBRID_K4_FEASIBLE,194,E3_SITE_17_SEC_1_UE_3,48,2,0.17267253949852726,0.06456717597462834,0.1,ABSOLUTE_0P1,False,True,True,194,48,2,1.0,534.4246307468076,4.126313426406653,0.4718308963517559
44007,1,94,EXPANDED_LOCAL_HYBRID_K4_FEASIBLE,194,E3_SITE_17_SEC_1_UE_3,48,2,0.17267253949852726,0.06456717597462834,0.1,ABSOLUTE_0P1,False,True,True,194,48,2,1.0,534.4246307468076,4.126313426406653,0.4718308963517559
44007,1,95,EXPANDED_LOCAL_HYBRID_K4_FEASIBLE,194,E3_SITE_17_SEC_1_UE_3,48,2,0.17267253949852726,0.06456717597462834,0.1,ABSOLUTE_0P1,False,True,True,194,48,2,1.0,534.4246307468076,4.126313426406653,0.4718308963517559
44007,1,96,EXPANDED_LOCAL_HYBRID_K4_FEASIBLE,194,E3_SITE_17_SEC_1_UE_3,48,2,0.17267253949852726,0.06456717597462834,0.1,ABSOLUTE_0P1,False,True,True,194,48,2,1.0,534.4246307468076,4.126313426406653,0.4718308963517559
44007,1,97,EXPANDED_LOCAL_HYBRID_K4_FEASIBLE,194,E3_SITE_17_SEC_1_UE_3,48,2,0.17267253949852726,0.06456717597462834,0.1,ABSOLUTE_0P1,False,True,True,194,48,2,1.0,534.4246307468076,4.126313426406653,0.4718308963517559
44007,1,98,EXPANDED_LOCAL_HYBRID_K4_FEASIBLE,194,E3_SITE_17_SEC_1_UE_3,48,2,0.17267253949852726,0.06456717597462834,0.1,ABSOLUTE_0P1,False,True,True,194,48,2,1.0,534.4246307468076,4.126313426406653,0.4718308963517559
44007,1,99,EXPANDED_LOCAL_HYBRID_K4_FEASIBLE,194,E3_SITE_17_SEC_1_UE_3,48,2,0.17267253949852726,0.06456717597462834,0.1,ABSOLUTE_0P1,False,True,True,194,48,2,1.0,534.4246307468076,4.126313426406653,0.4718308963517559
44007,2,0,FIXED_Q_FIXED_BEAM_JOINT_GLOBAL_INFEASIBLE,30,E3_SITE_03_SEC_2_UE_3,7,2,1.5202351280397512,1.5202351280397512,1.3682116152357762,RELATIVE_0P9_CURRENT_LOAD_NOMINAL,True,False,True,30,7,2,1.0,198091515050.1746,3.587456974945907,1.6575396717531121
44007,2,0,FIXED_Q_FIXED_BEAM_JOINT_GLOBAL_INFEASIBLE,132,E3_SITE_12_SEC_1_UE_1,33,0,0.38195655533623496,0.38195655533623496,0.3437608998026115,RELATIVE_0P9_CURRENT_LOAD_NOMINAL,True,False,True,132,33,0,1.0,585237931.3025247,3.5068295975301402,0.6516537985784359
44007,2,1,FIXED_Q_FIXED_BEAM_JOINT_GLOBAL_INFEASIBLE,30,E3_SITE_03_SEC_2_UE_3,7,2,1.5202351280397512,1.5202351280397512,1.3682116152357762,RELATIVE_0P9_CURRENT_LOAD_NOMINAL,True,False,True,30,7,2,1.0,198091515050.1746,3.587456974945907,1.6575396717531121
44007,2,1,FIXED_Q_FIXED_BEAM_JOINT_GLOBAL_INFEASIBLE,132,E3_SITE_12_SEC_1_UE_1,33,0,0.38195655533623496,0.38195655533623496,0.3437608998026115,RELATIVE_0P9_CURRENT_LOAD_NOMINAL,True,False,True,132,33,0,1.0,585237931.3025247,3.5068295975301402,0.6516537985784359
44007,2,2,FIXED_Q_FIXED_BEAM_JOINT_GLOBAL_INFEASIBLE,30,E3_SITE_03_SEC_2_UE_3,7,2,1.5202351280397512,1.5202351280397512,1.3682116152357762,RELATIVE_0P9_CURRENT_LOAD_NOMINAL,True,False,True,30,7,2,1.0,157349683463.65866,3.5874588805462992,1.6575398623131512
44007,2,2,FIXED_Q_FIXED_BEAM_JOINT_GLOBAL_INFEASIBLE,132,E3_SITE_12_SEC_1_UE_1,33,0,0.38195655533623496,0.38195655533623496,0.3437608998026115,RELATIVE_0P9_CURRENT_LOAD_NOMINAL,True,False,True,132,33,0,1.0,464871012.865376,3.506838229576657,0.6516546617830876
44007,2,3,FIXED_Q_FIXED_BEAM_JOINT_GLOBAL_INFEASIBLE,30,E3_SITE_03_SEC_2_UE_3,7,2,1.5202351280397512,1.5202351280397512,1.3682116152357762,RELATIVE_0P9_CURRENT_LOAD_NOMINAL,True,False,True,30,7,2,1.0,78861652567.27625,3.5874661093956868,1.65754058519809
44007,2,3,FIXED_Q_FIXED_BEAM_JOINT_GLOBAL_INFEASIBLE,132,E3_SITE_12_SEC_1_UE_1,33,0,0.38195655533623496,0.38195655533623496,0.3437608998026115,RELATIVE_0P9_CURRENT_LOAD_NOMINAL,True,False,True,132,33,0,1.0,232987416.93153107,3.506870974886583,0.6516579363140802
44007,2,4,FIXED_Q_FIXED_BEAM_JOINT_GLOBAL_INFEASIBLE,30,E3_SITE_03_SEC_2_UE_3,7,2,1.5202351280397512,1.5202351280397512,1.3682116152357762,RELATIVE_0P9_CURRENT_LOAD_NOMINAL,True,False,True,30,7,2,1.0,39524453489.4962,3.5874763203891327,1.6575416062974346
44007,2,4,FIXED_Q_FIXED_BEAM_JOINT_GLOBAL_INFEASIBLE,132,E3_SITE_12_SEC_1_UE_1,33,0,0.38195655533623496,0.38195655533623496,0.3437608998026115,RELATIVE_0P9_CURRENT_LOAD_NOMINAL,True,False,True,132,33,0,1.0,116770318.9618532,3.506917228332093,0.6516625616586311
44007,2,5,FIXED_Q_FIXED_BEAM_JOINT_GLOBAL_INFEASIBLE,30,E3_SITE_03_SEC_2_UE_3,7,2,1.5202351280397512,1.5202351280397512,1.3682116152357762,RELATIVE_0P9_CURRENT_LOAD_NOMINAL,True,False,True,30,7,2,1.0,19809151505.03361,3.58749074374544,1.6575430486330653
44007,2,5,FIXED_Q_FIXED_BEAM_JOINT_GLOBAL_INFEASIBLE,132,E3_SITE_12_SEC_1_UE_1,33,0,0.38195655533623496,0.38195655533623496,0.3437608998026115,RELATIVE_0P9_CURRENT_LOAD_NOMINAL,True,False,True,132,33,0,1.0,58523793.13026922,3.5069825619946586,0.6516690950248878
44007,2,6,FIXED_Q_FIXED_BEAM_JOINT_GLOBAL_INFEASIBLE,30,E3_SITE_03_SEC_2_UE_3,7,2,1.5202351280397512,1.5202351280397512,1.3682116152357762,RELATIVE_0P9_CURRENT_LOAD_NOMINAL,True,False,True,30,7,2,1.0,9928093843.314014,3.587511117167401,1.6575450859752614
44007,2,6,FIXED_Q_FIXED_BEAM_JOINT_GLOBAL_INFEASIBLE,132,E3_SITE_12_SEC_1_UE_1,33,0,0.38195655533623496,0.38195655533623496,0.3437608998026115,RELATIVE_0P9_CURRENT_LOAD_NOMINAL,True,False,True,132,33,0,1.0,29331377.980331905,3.507074846119501,0.651678323437372
44007,2,7,FIXED_Q_FIXED_BEAM_JOINT_GLOBAL_INFEASIBLE,30,E3_SITE_03_SEC_2_UE_3,7,2,1.5202351280397512,1.5202351280397512,1.3682116152357762,RELATIVE_0P9_CURRENT_LOAD_NOMINAL,True,False,True,30,7,2,1.0,4975833888.522848,3.587539895170669,1.6575479637755883
44007,2,7,FIXED_Q_FIXED_BEAM_JOINT_GLOBAL_INFEASIBLE,132,E3_SITE_12_SEC_1_UE_1,33,0,0.38195655533623496,0.38195655533623496,0.3437608998026115,RELATIVE_0P9_CURRENT_LOAD_NOMINAL,True,False,True,132,33,0,1.0,22094126.537822593,3.507111657857458,0.6516820046111677
44007,2,8,FIXED_Q_FIXED_BEAM_JOINT_GLOBAL_INFEASIBLE,30,E3_SITE_03_SEC_2_UE_3,7,2,1.5202351280397512,1.5202351280397512,1.3682116152357762,RELATIVE_0P9_CURRENT_LOAD_NOMINAL,True,False,True,30,7,2,1.0,2493824421.5776153,3.5875805447414724,1.6575520287326686
44007,2,8,FIXED_Q_FIXED_BEAM_JOINT_GLOBAL_INFEASIBLE,132,E3_SITE_12_SEC_1_UE_1,33,0,0.38195655533623496,0.38195655533623496,0.3437608998026115,RELATIVE_0P9_CURRENT_LOAD_NOMINAL,True,False,True,132,33,0,1.0,23204206.500364933,3.5070985874564307,0.651680697571065
44007,2,9,FIXED_Q_FIXED_BEAM_JOINT_GLOBAL_INFEASIBLE,30,E3_SITE_03_SEC_2_UE_3,7,2,1.5202351280397512,1.5202351280397512,1.3682116152357762,RELATIVE_0P9_CURRENT_LOAD_NOMINAL,True,False,True,30,7,2,1.0,1249872963.0025237,3.5876379629099566,1.657557770549517
44007,2,9,FIXED_Q_FIXED_BEAM_JOINT_GLOBAL_INFEASIBLE,132,E3_SITE_12_SEC_1_UE_1,33,0,0.38195655533623496,0.38195655533623496,0.3437608998026115,RELATIVE_0P9_CURRENT_LOAD_NOMINAL,True,False,True,132,33,0,1.0,36776188.91889098,3.5070287163572664,0.6516737104611485
44007,2,10,FIXED_Q_FIXED_BEAM_JOINT_GLOBAL_INFEASIBLE,30,E3_SITE_03_SEC_2_UE_3,7,2,1.5202351280397512,1.5202351280397512,1.3682116152357762,RELATIVE_0P9_CURRENT_LOAD_NOMINAL,True,False,True,30,7,2,1.0,626420372.712823,3.587719066479999,1.6575658809065212
44007,2,10,FIXED_Q_FIXED_BEAM_JOINT_GLOBAL_INFEASIBLE,132,E3_SITE_12_SEC_1_UE_1,33,0,0.38195655533623496,0.38195655533623496,0.3437608998026115,RELATIVE_0P9_CURRENT_LOAD_NOMINAL,True,False,True,132,33,0,1.0,73378143.83803448,3.5069499037623237,0.6516658292016543
44007,2,11,FIXED_Q_FIXED_BEAM_JOINT_GLOBAL_INFEASIBLE,30,E3_SITE_03_SEC_2_UE_3,7,2,1.5202351280397512,1.5202351280397512,1.3682116152357762,RELATIVE_0P9_CURRENT_LOAD_NOMINAL,True,False,True,30,7,2,1.0,313953893.6877164,3.587833624828758,1.657577336741397
44007,2,11,FIXED_Q_FIXED_BEAM_JOINT_GLOBAL_INFEASIBLE,132,E3_SITE_12_SEC_1_UE_1,33,0,0.38195655533623496,0.38195655533623496,0.3437608998026115,RELATIVE_0P9_CURRENT_LOAD_NOMINAL,True,False,True,132,33,0,1.0,76428369.86994581,3.506943352732625,0.6516651740986844
44007,2,12,FIXED_Q_FIXED_BEAM_JOINT_GLOBAL_INFEASIBLE,30,E3_SITE_03_SEC_2_UE_3,7,2,1.5202351280397512,1.5202351280397512,1.3682116152357762,RELATIVE_0P9_CURRENT_LOAD_NOMINAL,True,False,True,30,7,2,1.0,157349683.46385857,3.5879954358365467,1.657593517842176
44007,2,12,FIXED_Q_FIXED_BEAM_JOINT_GLOBAL_INFEASIBLE,132,E3_SITE_12_SEC_1_UE_1,33,0,0.38195655533623496,0.38195655533623496,0.3437608998026115,RELATIVE_0P9_CURRENT_LOAD_NOMINAL,True,False,True,132,33,0,1.0,92377609.94799493,3.5069291276702566,0.6516637515924475
44007,2,13,FIXED_Q_FIXED_BEAM_JOINT_GLOBAL_INFEASIBLE,30,E3_SITE_03_SEC_2_UE_3,7,2,1.5202351280397512,1.5202351280397512,1.3682116152357762,RELATIVE_0P9_CURRENT_LOAD_NOMINAL,True,False,True,30,7,2,1.0,78861652.56738165,3.5882239860726464,1.657616372865786
44007,2,13,FIXED_Q_FIXED_BEAM_JOINT_GLOBAL_INFEASIBLE,132,E3_SITE_12_SEC_1_UE_1,33,0,0.38195655533623496,0.38195655533623496,0.3437608998026115,RELATIVE_0P9_CURRENT_LOAD_NOMINAL,True,False,True,132,33,0,1.0,92377609.94799493,3.5069291276702566,0.6516637515924475
44007,2,14,FIXED_Q_FIXED_BEAM_JOINT_GLOBAL_INFEASIBLE,30,E3_SITE_03_SEC_2_UE_3,7,2,1.5202351280397512,1.5202351280397512,1.3682116152357762,RELATIVE_0P9_CURRENT_LOAD_NOMINAL,True,False,True,30,7,2,1.0,39524453.489520244,3.588546794156226,1.657648653674144
44007,2,14,FIXED_Q_FIXED_BEAM_JOINT_GLOBAL_INFEASIBLE,132,E3_SITE_12_SEC_1_UE_1,33,0,0.38195655533623496,0.38195655533623496,0.3437608998026115,RELATIVE_0P9_CURRENT_LOAD_NOMINAL,True,False,True,132,33,0,1.0,92377609.94799493,3.5069291276702566,0.6516637515924475
44007,2,15,FIXED_Q_FIXED_BEAM_JOINT_GLOBAL_INFEASIBLE,30,E3_SITE_03_SEC_2_UE_3,7,2,1.5202351280397512,1.5202351280397512,1.3682116152357762,RELATIVE_0P9_CURRENT_LOAD_NOMINAL,True,False,True,30,7,2,1.0,19809151.505042505,3.5890027174237122,1.6576942460008925
44007,2,15,FIXED_Q_FIXED_BEAM_JOINT_GLOBAL_INFEASIBLE,132,E3_SITE_12_SEC_1_UE_1,33,0,0.38195655533623496,0.38195655533623496,0.3437608998026115,RELATIVE_0P9_CURRENT_LOAD_NOMINAL,True,False,True,132,33,0,1.0,116296520.64434579,3.506910610854511,0.651661899910873
44007,2,16,FIXED_Q_FIXED_BEAM_JOINT_GLOBAL_INFEASIBLE,30,E3_SITE_03_SEC_2_UE_3,7,2,1.5202351280397512,1.5202351280397512,1.3682116152357762,RELATIVE_0P9_CURRENT_LOAD_NOMINAL,True,False,True,30,7,2,1.0,9928093.843315821,3.5896466159058438,1.6577586358491057
44007,2,16,FIXED_Q_FIXED_BEAM_JOINT_GLOBAL_INFEASIBLE,132,E3_SITE_12_SEC_1_UE_1,33,0,0.38195655533623496,0.38195655533623496,0.3437608998026115,RELATIVE_0P9_CURRENT_LOAD_NOMINAL,True,False,True,132,33,0,1.0,232042065.0036289,3.506866289995036,0.6516574678249255
44007,2,17,FIXED_Q_FIXED_BEAM_JOINT_GLOBAL_INFEASIBLE,30,E3_SITE_03_SEC_2_UE_3,7,2,1.5202351280397512,1.5202351280397512,1.3682116152357762,RELATIVE_0P9_CURRENT_LOAD_NOMINAL,True,False,True,30,7,2,1.0,4975833.888523441,3.590555926786787,1.6578495669372
44007,2,17,FIXED_Q_FIXED_BEAM_JOINT_GLOBAL_INFEASIBLE,132,E3_SITE_12_SEC_1_UE_1,33,0,0.38195655533623496,0.38195655533623496,0.3437608998026115,RELATIVE_0P9_CURRENT_LOAD_NOMINAL,True,False,True,132,33,0,1.0,388043561.8498893,3.506844806649899,0.6516553194904118
44007,2,18,FIXED_Q_FIXED_BEAM_JOINT_GLOBAL_INFEASIBLE,30,E3_SITE_03_SEC_2_UE_3,7,2,1.5202351280397512,1.5202351280397512,1.3682116152357762,RELATIVE_0P9_CURRENT_LOAD_NOMINAL,True,False,True,30,7,2,1.0,2493824.421577903,3.591839924010219,1.6579779666595431
44007,2,18,FIXED_Q_FIXED_BEAM_JOINT_GLOBAL_INFEASIBLE,132,E3_SITE_12_SEC_1_UE_1,33,0,0.38195655533623496,0.38195655533623496,0.3437608998026115,RELATIVE_0P9_CURRENT_LOAD_NOMINAL,True,False,True,132,33,0,1.0,585237931.3025247,3.5068295975301402,0.6516537985784359
44007,2,19,FIXED_Q_FIXED_BEAM_JOINT_GLOBAL_INFEASIBLE,30,E3_SITE_03_SEC_2_UE_3,7,2,1.5202351280397512,1.5202351280397512,1.3682116152357762,RELATIVE_0P9_CURRENT_LOAD_NOMINAL,True,False,True,30,7,2,1.0,1249872.9630027642,3.593652743928625,1.6581592486513839
44007,2,19,FIXED_Q_FIXED_BEAM_JOINT_GLOBAL_INFEASIBLE,132,E3_SITE_12_SEC_1_UE_1,33,0,0.38195655533623496,0.38195655533623496,0.3437608998026115,RELATIVE_0P9_CURRENT_LOAD_NOMINAL,True,False,True,132,33,0,1.0,585237931.3025247,3.5068295975301402,0.6516537985784359
44007,2,40,FIXED_Q_FIXED_BEAM_JOINT_GLOBAL_INFEASIBLE,30,E3_SITE_03_SEC_2_UE_3,7,2,1.5202351280397512,1.5202351280397512,1.3682116152357762,RELATIVE_0P9_CURRENT_LOAD_NOMINAL,True,False,True,30,7,2,1.0,24938244.215779133,3.5882239860726464,1.657616372865786
44007,2,40,FIXED_Q_FIXED_BEAM_JOINT_GLOBAL_INFEASIBLE,132,E3_SITE_12_SEC_1_UE_1,33,0,0.38195655533623496,0.38195655533623496,0.3437608998026115,RELATIVE_0P9_CURRENT_LOAD_NOMINAL,True,False,True,132,33,0,1.0,185068483.604113,3.5068295975301402,0.6516537985784359
44007,2,41,FIXED_Q_FIXED_BEAM_JOINT_GLOBAL_INFEASIBLE,30,E3_SITE_03_SEC_2_UE_3,7,2,1.5202351280397512,1.5202351280397512,1.3682116152357762,RELATIVE_0P9_CURRENT_LOAD_NOMINAL,True,False,True,30,7,2,1.0,12498729.630027402,3.588546794156226,1.657648653674144
44007,2,41,FIXED_Q_FIXED_BEAM_JOINT_GLOBAL_INFEASIBLE,132,E3_SITE_12_SEC_1_UE_1,33,0,0.38195655533623496,0.38195655533623496,0.3437608998026115,RELATIVE_0P9_CURRENT_LOAD_NOMINAL,True,False,True,132,33,0,1.0,185068483.604113,3.5068295975301402,0.6516537985784359
44007,2,42,FIXED_Q_FIXED_BEAM_JOINT_GLOBAL_INFEASIBLE,30,E3_SITE_03_SEC_2_UE_3,7,2,1.5202351280397512,1.5202351280397512,1.3682116152357762,RELATIVE_0P9_CURRENT_LOAD_NOMINAL,True,False,True,30,7,2,1.0,6264203.727128674,3.5890027174237122,1.6576942460008925
44007,2,42,FIXED_Q_FIXED_BEAM_JOINT_GLOBAL_INFEASIBLE,132,E3_SITE_12_SEC_1_UE_1,33,0,0.38195655533623496,0.38195655533623496,0.3437608998026115,RELATIVE_0P9_CURRENT_LOAD_NOMINAL,True,False,True,132,33,0,1.0,185068483.604113,3.5068295975301402,0.6516537985784359
44007,2,43,FIXED_Q_FIXED_BEAM_JOINT_GLOBAL_INFEASIBLE,30,E3_SITE_03_SEC_2_UE_3,7,2,1.5202351280397512,1.5202351280397512,1.3682116152357762,RELATIVE_0P9_CURRENT_LOAD_NOMINAL,True,False,True,30,7,2,1.0,3139538.9368772847,3.5896466159058438,1.6577586358491057
44007,2,43,FIXED_Q_FIXED_BEAM_JOINT_GLOBAL_INFEASIBLE,132,E3_SITE_12_SEC_1_UE_1,33,0,0.38195655533623496,0.38195655533623496,0.3437608998026115,RELATIVE_0P9_CURRENT_LOAD_NOMINAL,True,False,True,132,33,0,1.0,185068483.604113,3.5068295975301402,0.6516537985784359
44007,2,44,FIXED_Q_FIXED_BEAM_JOINT_GLOBAL_INFEASIBLE,30,E3_SITE_03_SEC_2_UE_3,7,2,1.5202351280397512,1.5202351280397512,1.3682116152357762,RELATIVE_0P9_CURRENT_LOAD_NOMINAL,True,False,True,30,7,2,1.0,1573496.8346386435,3.590555926786787,1.6578495669372
44007,2,44,FIXED_Q_FIXED_BEAM_JOINT_GLOBAL_INFEASIBLE,132,E3_SITE_12_SEC_1_UE_1,33,0,0.38195655533623496,0.38195655533623496,0.3437608998026115,RELATIVE_0P9_CURRENT_LOAD_NOMINAL,True,False,True,132,33,0,1.0,185068483.604113,3.5068295975301402,0.6516537985784359
44007,2,45,FIXED_Q_FIXED_BEAM_JOINT_GLOBAL_INFEASIBLE,30,E3_SITE_03_SEC_2_UE_3,7,2,1.5202351280397512,1.5202351280397512,1.3682116152357762,RELATIVE_0P9_CURRENT_LOAD_NOMINAL,True,False,True,30,7,2,1.0,788616.5256738132,3.591839924010219,1.6579779666595431
44007,2,45,FIXED_Q_FIXED_BEAM_JOINT_GLOBAL_INFEASIBLE,132,E3_SITE_12_SEC_1_UE_1,33,0,0.38195655533623496,0.38195655533623496,0.3437608998026115,RELATIVE_0P9_CURRENT_LOAD_NOMINAL,True,False,True,132,33,0,1.0,185068483.604113,3.5068295975301402,0.6516537985784359
44007,2,46,FIXED_Q_FIXED_BEAM_JOINT_GLOBAL_INFEASIBLE,30,E3_SITE_03_SEC_2_UE_3,7,2,1.5202351280397512,1.5202351280397512,1.3682116152357762,RELATIVE_0P9_CURRENT_LOAD_NOMINAL,True,False,True,30,7,2,1.0,395244.5348952101,3.593652743928625,1.6581592486513839
44007,2,46,FIXED_Q_FIXED_BEAM_JOINT_GLOBAL_INFEASIBLE,132,E3_SITE_12_SEC_1_UE_1,33,0,0.38195655533623496,0.38195655533623496,0.3437608998026115,RELATIVE_0P9_CURRENT_LOAD_NOMINAL,True,False,True,132,33,0,1.0,185068483.604113,3.5068295975301402,0.6516537985784359
44007,2,47,FIXED_Q_FIXED_BEAM_JOINT_GLOBAL_INFEASIBLE,30,E3_SITE_03_SEC_2_UE_3,7,2,1.5202351280397512,1.5202351280397512,1.3682116152357762,RELATIVE_0P9_CURRENT_LOAD_NOMINAL,True,False,True,30,7,2,1.0,289140.3338710168,3.5947424517745805,1.6582682194359792
44007,2,47,FIXED_Q_FIXED_BEAM_JOINT_GLOBAL_INFEASIBLE,132,E3_SITE_12_SEC_1_UE_1,33,0,0.38195655533623496,0.38195655533623496,0.3437608998026115,RELATIVE_0P9_CURRENT_LOAD_NOMINAL,True,False,True,132,33,0,1.0,185068483.604113,3.5068295975301402,0.6516537985784359
44007,2,48,FIXED_Q_FIXED_BEAM_JOINT_GLOBAL_INFEASIBLE,30,E3_SITE_03_SEC_2_UE_3,7,2,1.5202351280397512,1.5202351280397512,1.3682116152357762,RELATIVE_0P9_CURRENT_LOAD_NOMINAL,True,False,True,30,7,2,1.0,364006.11388487276,3.593949269764009,1.6581889012349222
44007,2,48,FIXED_Q_FIXED_BEAM_JOINT_GLOBAL_INFEASIBLE,132,E3_SITE_12_SEC_1_UE_1,33,0,0.38195655533623496,0.38195655533623496,0.3437608998026115,RELATIVE_0P9_CURRENT_LOAD_NOMINAL,True,False,True,132,33,0,1.0,185068483.604113,3.5068295975301402,0.6516537985784359
44007,2,49,FIXED_Q_FIXED_BEAM_JOINT_GLOBAL_INFEASIBLE,30,E3_SITE_03_SEC_2_UE_3,7,2,1.5202351280397512,1.5202351280397512,1.3682116152357762,RELATIVE_0P9_CURRENT_LOAD_NOMINAL,True,False,True,30,7,2,1.0,289140.3338710168,3.5947424517745805,1.6582682194359792
44007,2,49,FIXED_Q_FIXED_BEAM_JOINT_GLOBAL_INFEASIBLE,132,E3_SITE_12_SEC_1_UE_1,33,0,0.38195655533623496,0.38195655533623496,0.3437608998026115,RELATIVE_0P9_CURRENT_LOAD_NOMINAL,True,False,True,132,33,0,1.0,185068483.604113,3.5068295975301402,0.6516537985784359
44007,2,50,FIXED_Q_FIXED_BEAM_JOINT_GLOBAL_INFEASIBLE,30,E3_SITE_03_SEC_2_UE_3,7,2,1.5202351280397512,1.5202351280397512,1.3682116152357762,RELATIVE_0P9_CURRENT_LOAD_NOMINAL,True,False,True,30,7,2,1.0,364006.11388487276,3.593949269764009,1.6581889012349222
44007,2,50,FIXED_Q_FIXED_BEAM_JOINT_GLOBAL_INFEASIBLE,132,E3_SITE_12_SEC_1_UE_1,33,0,0.38195655533623496,0.38195655533623496,0.3437608998026115,RELATIVE_0P9_CURRENT_LOAD_NOMINAL,True,False,True,132,33,0,1.0,185068483.604113,3.5068295975301402,0.6516537985784359
44007,2,51,FIXED_Q_FIXED_BEAM_JOINT_GLOBAL_INFEASIBLE,30,E3_SITE_03_SEC_2_UE_3,7,2,1.5202351280397512,1.5202351280397512,1.3682116152357762,RELATIVE_0P9_CURRENT_LOAD_NOMINAL,True,False,True,30,7,2,1.0,289140.3338710168,3.5947424517745805,1.6582682194359792
44007,2,51,FIXED_Q_FIXED_BEAM_JOINT_GLOBAL_INFEASIBLE,132,E3_SITE_12_SEC_1_UE_1,33,0,0.38195655533623496,0.38195655533623496,0.3437608998026115,RELATIVE_0P9_CURRENT_LOAD_NOMINAL,True,False,True,132,33,0,1.0,185068483.604113,3.5068295975301402,0.6516537985784359
44007,2,52,FIXED_Q_FIXED_BEAM_JOINT_GLOBAL_INFEASIBLE,30,E3_SITE_03_SEC_2_UE_3,7,2,1.5202351280397512,1.5202351280397512,1.3682116152357762,RELATIVE_0P9_CURRENT_LOAD_NOMINAL,True,False,True,30,7,2,1.0,364006.11388487276,3.593949269764009,1.6581889012349222
44007,2,52,FIXED_Q_FIXED_BEAM_JOINT_GLOBAL_INFEASIBLE,132,E3_SITE_12_SEC_1_UE_1,33,0,0.38195655533623496,0.38195655533623496,0.3437608998026115,RELATIVE_0P9_CURRENT_LOAD_NOMINAL,True,False,True,132,33,0,1.0,185068483.604113,3.5068295975301402,0.6516537985784359
44007,2,53,FIXED_Q_FIXED_BEAM_JOINT_GLOBAL_INFEASIBLE,30,E3_SITE_03_SEC_2_UE_3,7,2,1.5202351280397512,1.5202351280397512,1.3682116152357762,RELATIVE_0P9_CURRENT_LOAD_NOMINAL,True,False,True,30,7,2,1.0,289140.3338710168,3.5947424517745805,1.6582682194359792
44007,2,53,FIXED_Q_FIXED_BEAM_JOINT_GLOBAL_INFEASIBLE,132,E3_SITE_12_SEC_1_UE_1,33,0,0.38195655533623496,0.38195655533623496,0.3437608998026115,RELATIVE_0P9_CURRENT_LOAD_NOMINAL,True,False,True,132,33,0,1.0,185068483.604113,3.5068295975301402,0.6516537985784359
44007,2,54,FIXED_Q_FIXED_BEAM_JOINT_GLOBAL_INFEASIBLE,30,E3_SITE_03_SEC_2_UE_3,7,2,1.5202351280397512,1.5202351280397512,1.3682116152357762,RELATIVE_0P9_CURRENT_LOAD_NOMINAL,True,False,True,30,7,2,1.0,364006.11388487276,3.593949269764009,1.6581889012349222
44007,2,54,FIXED_Q_FIXED_BEAM_JOINT_GLOBAL_INFEASIBLE,132,E3_SITE_12_SEC_1_UE_1,33,0,0.38195655533623496,0.38195655533623496,0.3437608998026115,RELATIVE_0P9_CURRENT_LOAD_NOMINAL,True,False,True,132,33,0,1.0,185068483.604113,3.5068295975301402,0.6516537985784359
44007,2,55,FIXED_Q_FIXED_BEAM_JOINT_GLOBAL_INFEASIBLE,30,E3_SITE_03_SEC_2_UE_3,7,2,1.5202351280397512,1.5202351280397512,1.3682116152357762,RELATIVE_0P9_CURRENT_LOAD_NOMINAL,True,False,True,30,7,2,1.0,289140.3338710168,3.5947424517745805,1.6582682194359792
44007,2,55,FIXED_Q_FIXED_BEAM_JOINT_GLOBAL_INFEASIBLE,132,E3_SITE_12_SEC_1_UE_1,33,0,0.38195655533623496,0.38195655533623496,0.3437608998026115,RELATIVE_0P9_CURRENT_LOAD_NOMINAL,True,False,True,132,33,0,1.0,585237931.3025247,3.5068295975301402,0.6516537985784359
44007,2,56,FIXED_Q_FIXED_BEAM_JOINT_GLOBAL_INFEASIBLE,30,E3_SITE_03_SEC_2_UE_3,7,2,1.5202351280397512,1.5202351280397512,1.3682116152357762,RELATIVE_0P9_CURRENT_LOAD_NOMINAL,True,False,True,30,7,2,1.0,364006.11388487276,3.593949269764009,1.6581889012349222
44007,2,56,FIXED_Q_FIXED_BEAM_JOINT_GLOBAL_INFEASIBLE,132,E3_SITE_12_SEC_1_UE_1,33,0,0.38195655533623496,0.38195655533623496,0.3437608998026115,RELATIVE_0P9_CURRENT_LOAD_NOMINAL,True,False,True,132,33,0,1.0,585237931.3025247,3.5068295975301402,0.6516537985784359
44007,2,57,FIXED_Q_FIXED_BEAM_JOINT_GLOBAL_INFEASIBLE,30,E3_SITE_03_SEC_2_UE_3,7,2,1.5202351280397512,1.5202351280397512,1.3682116152357762,RELATIVE_0P9_CURRENT_LOAD_NOMINAL,True,False,True,30,7,2,1.0,289140.3338710168,3.5947424517745805,1.6582682194359792
44007,2,57,FIXED_Q_FIXED_BEAM_JOINT_GLOBAL_INFEASIBLE,132,E3_SITE_12_SEC_1_UE_1,33,0,0.38195655533623496,0.38195655533623496,0.3437608998026115,RELATIVE_0P9_CURRENT_LOAD_NOMINAL,True,False,True,132,33,0,1.0,585237931.3025247,3.5068295975301402,0.6516537985784359
44007,2,58,FIXED_Q_FIXED_BEAM_JOINT_GLOBAL_INFEASIBLE,30,E3_SITE_03_SEC_2_UE_3,7,2,1.5202351280397512,1.5202351280397512,1.3682116152357762,RELATIVE_0P9_CURRENT_LOAD_NOMINAL,True,False,True,30,7,2,1.0,458256.5468181085,3.5977495898788865,1.65856893324641
44007,2,58,FIXED_Q_FIXED_BEAM_JOINT_GLOBAL_INFEASIBLE,132,E3_SITE_12_SEC_1_UE_1,33,0,0.38195655533623496,0.38195655533623496,0.3437608998026115,RELATIVE_0P9_CURRENT_LOAD_NOMINAL,True,False,True,132,33,0,1.0,585237931.3025247,3.5068295975301402,0.6516537985784359
44007,2,59,FIXED_Q_FIXED_BEAM_JOINT_GLOBAL_INFEASIBLE,30,E3_SITE_03_SEC_2_UE_3,7,2,1.5202351280397512,1.5202351280397512,1.3682116152357762,RELATIVE_0P9_CURRENT_LOAD_NOMINAL,True,False,True,30,7,2,1.0,229672.3309913543,3.6019924834825763,1.658993222606779
44007,2,59,FIXED_Q_FIXED_BEAM_JOINT_GLOBAL_INFEASIBLE,132,E3_SITE_12_SEC_1_UE_1,33,0,0.38195655533623496,0.38195655533623496,0.3437608998026115,RELATIVE_0P9_CURRENT_LOAD_NOMINAL,True,False,True,132,33,0,1.0,585237931.3025247,3.5068295975301402,0.6516537985784359
44007,2,80,EXPANDED_LOCAL_HYBRID_K4_FEASIBLE,194,E3_SITE_17_SEC_1_UE_3,48,2,0.17267253949852726,0.06456717597462834,0.1,ABSOLUTE_0P1,False,True,True,194,48,2,1.0,534.4246307468076,4.126313426406653,0.4718308963517559
44007,2,81,EXPANDED_LOCAL_HYBRID_K4_FEASIBLE,194,E3_SITE_17_SEC_1_UE_3,48,2,0.17267253949852726,0.06456717597462834,0.1,ABSOLUTE_0P1,False,True,True,194,48,2,1.0,534.4246307468076,4.126313426406653,0.4718308963517559
44007,2,82,EXPANDED_LOCAL_HYBRID_K4_FEASIBLE,194,E3_SITE_17_SEC_1_UE_3,48,2,0.17267253949852726,0.06456717597462834,0.1,ABSOLUTE_0P1,False,True,True,194,48,2,1.0,534.4246307468076,4.126313426406653,0.4718308963517559
44007,2,83,EXPANDED_LOCAL_HYBRID_K4_FEASIBLE,194,E3_SITE_17_SEC_1_UE_3,48,2,0.17267253949852726,0.06456717597462834,0.1,ABSOLUTE_0P1,False,True,True,194,48,2,1.0,534.4246307468076,4.126313426406653,0.4718308963517559
44007,2,84,EXPANDED_LOCAL_HYBRID_K4_FEASIBLE,194,E3_SITE_17_SEC_1_UE_3,48,2,0.17267253949852726,0.06456717597462834,0.1,ABSOLUTE_0P1,False,True,True,194,48,2,1.0,534.4246307468076,4.126313426406653,0.4718308963517559
44007,2,85,EXPANDED_LOCAL_HYBRID_K4_FEASIBLE,194,E3_SITE_17_SEC_1_UE_3,48,2,0.17267253949852726,0.06456717597462834,0.1,ABSOLUTE_0P1,False,True,True,194,48,2,1.0,534.4246307468076,4.126313426406653,0.4718308963517559
44007,2,86,EXPANDED_LOCAL_HYBRID_K4_FEASIBLE,194,E3_SITE_17_SEC_1_UE_3,48,2,0.17267253949852726,0.06456717597462834,0.1,ABSOLUTE_0P1,False,True,True,194,48,2,1.0,534.4246307468076,4.126313426406653,0.4718308963517559
44007,2,87,EXPANDED_LOCAL_HYBRID_K4_FEASIBLE,194,E3_SITE_17_SEC_1_UE_3,48,2,0.17267253949852726,0.06456717597462834,0.1,ABSOLUTE_0P1,False,True,True,194,48,2,1.0,534.4246307468076,4.126313426406653,0.4718308963517559
44007,2,88,EXPANDED_LOCAL_HYBRID_K4_FEASIBLE,194,E3_SITE_17_SEC_1_UE_3,48,2,0.17267253949852726,0.06456717597462834,0.1,ABSOLUTE_0P1,False,True,True,194,48,2,1.0,534.4246307468076,4.126313426406653,0.4718308963517559
44007,2,89,EXPANDED_LOCAL_HYBRID_K4_FEASIBLE,194,E3_SITE_17_SEC_1_UE_3,48,2,0.17267253949852726,0.06456717597462834,0.1,ABSOLUTE_0P1,False,True,True,194,48,2,1.0,534.4246307468076,4.126313426406653,0.4718308963517559
44007,2,90,EXPANDED_LOCAL_HYBRID_K4_FEASIBLE,194,E3_SITE_17_SEC_1_UE_3,48,2,0.17267253949852726,0.06456717597462834,0.1,ABSOLUTE_0P1,False,True,True,194,48,2,1.0,534.4246307468076,4.126313426406653,0.4718308963517559
44007,2,91,EXPANDED_LOCAL_HYBRID_K4_FEASIBLE,194,E3_SITE_17_SEC_1_UE_3,48,2,0.17267253949852726,0.06456717597462834,0.1,ABSOLUTE_0P1,False,True,True,194,48,2,1.0,534.4246307468076,4.126313426406653,0.4718308963517559
44007,2,92,EXPANDED_LOCAL_HYBRID_K4_FEASIBLE,194,E3_SITE_17_SEC_1_UE_3,48,2,0.17267253949852726,0.06456717597462834,0.1,ABSOLUTE_0P1,False,True,True,194,48,2,1.0,513.825417067513,4.126313426406653,0.4718308963517559
44007,2,93,EXPANDED_LOCAL_HYBRID_K4_FEASIBLE,194,E3_SITE_17_SEC_1_UE_3,48,2,0.17267253949852726,0.06456717597462834,0.1,ABSOLUTE_0P1,False,True,True,194,48,2,1.0,490.3726536162766,4.126313426406653,0.4718308963517559
44007,2,94,EXPANDED_LOCAL_HYBRID_K4_FEASIBLE,194,E3_SITE_17_SEC_1_UE_3,48,2,0.17267253949852726,0.06456717597462834,0.1,ABSOLUTE_0P1,False,True,True,194,48,2,1.0,468.3162078717441,4.126313426406653,0.4718308963517559
44007,2,95,EXPANDED_LOCAL_HYBRID_K4_FEASIBLE,194,E3_SITE_17_SEC_1_UE_3,48,2,0.17267253949852726,0.06456717597462834,0.1,ABSOLUTE_0P1,False,True,True,194,48,2,1.0,447.5598513027979,4.126313426406653,0.4718308963517559
44007,2,96,EXPANDED_LOCAL_HYBRID_K4_FEASIBLE,194,E3_SITE_17_SEC_1_UE_3,48,2,0.17267253949852726,0.06456717597462834,0.1,ABSOLUTE_0P1,False,True,True,194,48,2,1.0,428.0145570761885,4.126313426406653,0.4718308963517559
44007,2,97,EXPANDED_LOCAL_HYBRID_K4_FEASIBLE,194,E3_SITE_17_SEC_1_UE_3,48,2,0.17267253949852726,0.06456717597462834,0.1,ABSOLUTE_0P1,False,True,True,194,48,2,1.0,409.59797320216643,4.126313426406653,0.4718308963517559
44007,2,98,EXPANDED_LOCAL_HYBRID_K4_FEASIBLE,194,E3_SITE_17_SEC_1_UE_3,48,2,0.17267253949852726,0.06456717597462834,0.1,ABSOLUTE_0P1,False,True,True,194,48,2,1.0,392.2339251641961,4.126313426406653,0.4718308963517559
44007,2,99,EXPANDED_LOCAL_ALL_STREAM_K4_FEASIBLE,194,E3_SITE_17_SEC_1_UE_3,48,2,0.17267253949852726,0.06456717597462834,0.1,ABSOLUTE_0P1,False,True,True,194,48,2,1.0,375.8519487471311,4.126313426406653,0.4718308963517559
44007,3,0,FIXED_Q_FIXED_BEAM_JOINT_GLOBAL_INFEASIBLE,30,E3_SITE_03_SEC_2_UE_3,7,2,1.5202351280397512,1.5202351280397512,1.3682116152357762,RELATIVE_0P9_CURRENT_LOAD_NOMINAL,True,False,True,30,7,2,1.0,198091515050.1746,3.587456974945907,1.6575396717531121
44007,3,0,FIXED_Q_FIXED_BEAM_JOINT_GLOBAL_INFEASIBLE,132,E3_SITE_12_SEC_1_UE_1,33,0,0.38195655533623496,0.38195655533623496,0.3437608998026115,RELATIVE_0P9_CURRENT_LOAD_NOMINAL,True,False,True,132,33,0,1.0,585237931.3025247,3.5068295975301402,0.6516537985784359
44007,3,1,FIXED_Q_FIXED_BEAM_JOINT_GLOBAL_INFEASIBLE,30,E3_SITE_03_SEC_2_UE_3,7,2,1.5202351280397512,1.5202351280397512,1.3682116152357762,RELATIVE_0P9_CURRENT_LOAD_NOMINAL,True,False,True,30,7,2,1.0,198091515050.1746,3.587456974945907,1.6575396717531121
44007,3,1,FIXED_Q_FIXED_BEAM_JOINT_GLOBAL_INFEASIBLE,132,E3_SITE_12_SEC_1_UE_1,33,0,0.38195655533623496,0.38195655533623496,0.3437608998026115,RELATIVE_0P9_CURRENT_LOAD_NOMINAL,True,False,True,132,33,0,1.0,585237931.3025247,3.5068295975301402,0.6516537985784359
44007,3,2,FIXED_Q_FIXED_BEAM_JOINT_GLOBAL_INFEASIBLE,30,E3_SITE_03_SEC_2_UE_3,7,2,1.5202351280397512,1.5202351280397512,1.3682116152357762,RELATIVE_0P9_CURRENT_LOAD_NOMINAL,True,False,True,30,7,2,1.0,157349683463.65866,3.5874588805462992,1.6575398623131512
44007,3,2,FIXED_Q_FIXED_BEAM_JOINT_GLOBAL_INFEASIBLE,132,E3_SITE_12_SEC_1_UE_1,33,0,0.38195655533623496,0.38195655533623496,0.3437608998026115,RELATIVE_0P9_CURRENT_LOAD_NOMINAL,True,False,True,132,33,0,1.0,464871012.865376,3.506838229576657,0.6516546617830876
44007,3,3,FIXED_Q_FIXED_BEAM_JOINT_GLOBAL_INFEASIBLE,30,E3_SITE_03_SEC_2_UE_3,7,2,1.5202351280397512,1.5202351280397512,1.3682116152357762,RELATIVE_0P9_CURRENT_LOAD_NOMINAL,True,False,True,30,7,2,1.0,78861652567.27625,3.5874661093956868,1.65754058519809
44007,3,3,FIXED_Q_FIXED_BEAM_JOINT_GLOBAL_INFEASIBLE,132,E3_SITE_12_SEC_1_UE_1,33,0,0.38195655533623496,0.38195655533623496,0.3437608998026115,RELATIVE_0P9_CURRENT_LOAD_NOMINAL,True,False,True,132,33,0,1.0,232987416.93153107,3.506870974886583,0.6516579363140802
44007,3,4,FIXED_Q_FIXED_BEAM_JOINT_GLOBAL_INFEASIBLE,30,E3_SITE_03_SEC_2_UE_3,7,2,1.5202351280397512,1.5202351280397512,1.3682116152357762,RELATIVE_0P9_CURRENT_LOAD_NOMINAL,True,False,True,30,7,2,1.0,39524453489.4962,3.5874763203891327,1.6575416062974346
44007,3,4,FIXED_Q_FIXED_BEAM_JOINT_GLOBAL_INFEASIBLE,132,E3_SITE_12_SEC_1_UE_1,33,0,0.38195655533623496,0.38195655533623496,0.3437608998026115,RELATIVE_0P9_CURRENT_LOAD_NOMINAL,True,False,True,132,33,0,1.0,116770318.9618532,3.506917228332093,0.6516625616586311
44007,3,5,FIXED_Q_FIXED_BEAM_JOINT_GLOBAL_INFEASIBLE,30,E3_SITE_03_SEC_2_UE_3,7,2,1.5202351280397512,1.5202351280397512,1.3682116152357762,RELATIVE_0P9_CURRENT_LOAD_NOMINAL,True,False,True,30,7,2,1.0,19809151505.03361,3.58749074374544,1.6575430486330653
44007,3,5,FIXED_Q_FIXED_BEAM_JOINT_GLOBAL_INFEASIBLE,132,E3_SITE_12_SEC_1_UE_1,33,0,0.38195655533623496,0.38195655533623496,0.3437608998026115,RELATIVE_0P9_CURRENT_LOAD_NOMINAL,True,False,True,132,33,0,1.0,58523793.13026922,3.5069825619946586,0.6516690950248878
44007,3,6,FIXED_Q_FIXED_BEAM_JOINT_GLOBAL_INFEASIBLE,30,E3_SITE_03_SEC_2_UE_3,7,2,1.5202351280397512,1.5202351280397512,1.3682116152357762,RELATIVE_0P9_CURRENT_LOAD_NOMINAL,True,False,True,30,7,2,1.0,9928093843.314014,3.587511117167401,1.6575450859752614
44007,3,6,FIXED_Q_FIXED_BEAM_JOINT_GLOBAL_INFEASIBLE,132,E3_SITE_12_SEC_1_UE_1,33,0,0.38195655533623496,0.38195655533623496,0.3437608998026115,RELATIVE_0P9_CURRENT_LOAD_NOMINAL,True,False,True,132,33,0,1.0,29331377.980331905,3.507074846119501,0.651678323437372
44007,3,7,FIXED_Q_FIXED_BEAM_JOINT_GLOBAL_INFEASIBLE,30,E3_SITE_03_SEC_2_UE_3,7,2,1.5202351280397512,1.5202351280397512,1.3682116152357762,RELATIVE_0P9_CURRENT_LOAD_NOMINAL,True,False,True,30,7,2,1.0,4975833888.522848,3.587539895170669,1.6575479637755883
44007,3,7,FIXED_Q_FIXED_BEAM_JOINT_GLOBAL_INFEASIBLE,132,E3_SITE_12_SEC_1_UE_1,33,0,0.38195655533623496,0.38195655533623496,0.3437608998026115,RELATIVE_0P9_CURRENT_LOAD_NOMINAL,True,False,True,132,33,0,1.0,22094126.537822593,3.507111657857458,0.6516820046111677
44007,3,8,FIXED_Q_FIXED_BEAM_JOINT_GLOBAL_INFEASIBLE,30,E3_SITE_03_SEC_2_UE_3,7,2,1.5202351280397512,1.5202351280397512,1.3682116152357762,RELATIVE_0P9_CURRENT_LOAD_NOMINAL,True,False,True,30,7,2,1.0,2493824421.5776153,3.5875805447414724,1.6575520287326686
44007,3,8,FIXED_Q_FIXED_BEAM_JOINT_GLOBAL_INFEASIBLE,132,E3_SITE_12_SEC_1_UE_1,33,0,0.38195655533623496,0.38195655533623496,0.3437608998026115,RELATIVE_0P9_CURRENT_LOAD_NOMINAL,True,False,True,132,33,0,1.0,23204206.500364933,3.5070985874564307,0.651680697571065
44007,3,9,FIXED_Q_FIXED_BEAM_JOINT_GLOBAL_INFEASIBLE,30,E3_SITE_03_SEC_2_UE_3,7,2,1.5202351280397512,1.5202351280397512,1.3682116152357762,RELATIVE_0P9_CURRENT_LOAD_NOMINAL,True,False,True,30,7,2,1.0,1249872963.0025237,3.5876379629099566,1.657557770549517
44007,3,9,FIXED_Q_FIXED_BEAM_JOINT_GLOBAL_INFEASIBLE,132,E3_SITE_12_SEC_1_UE_1,33,0,0.38195655533623496,0.38195655533623496,0.3437608998026115,RELATIVE_0P9_CURRENT_LOAD_NOMINAL,True,False,True,132,33,0,1.0,36776188.91889098,3.5070287163572664,0.6516737104611485
44007,3,10,FIXED_Q_FIXED_BEAM_JOINT_GLOBAL_INFEASIBLE,30,E3_SITE_03_SEC_2_UE_3,7,2,1.5202351280397512,1.5202351280397512,1.3682116152357762,RELATIVE_0P9_CURRENT_LOAD_NOMINAL,True,False,True,30,7,2,1.0,626420372.712823,3.587719066479999,1.6575658809065212
44007,3,10,FIXED_Q_FIXED_BEAM_JOINT_GLOBAL_INFEASIBLE,132,E3_SITE_12_SEC_1_UE_1,33,0,0.38195655533623496,0.38195655533623496,0.3437608998026115,RELATIVE_0P9_CURRENT_LOAD_NOMINAL,True,False,True,132,33,0,1.0,73378143.83803448,3.5069499037623237,0.6516658292016543
44007,3,11,FIXED_Q_FIXED_BEAM_JOINT_GLOBAL_INFEASIBLE,30,E3_SITE_03_SEC_2_UE_3,7,2,1.5202351280397512,1.5202351280397512,1.3682116152357762,RELATIVE_0P9_CURRENT_LOAD_NOMINAL,True,False,True,30,7,2,1.0,313953893.6877164,3.587833624828758,1.657577336741397
44007,3,11,FIXED_Q_FIXED_BEAM_JOINT_GLOBAL_INFEASIBLE,132,E3_SITE_12_SEC_1_UE_1,33,0,0.38195655533623496,0.38195655533623496,0.3437608998026115,RELATIVE_0P9_CURRENT_LOAD_NOMINAL,True,False,True,132,33,0,1.0,76428369.86994581,3.506943352732625,0.6516651740986844
44007,3,12,FIXED_Q_FIXED_BEAM_JOINT_GLOBAL_INFEASIBLE,30,E3_SITE_03_SEC_2_UE_3,7,2,1.5202351280397512,1.5202351280397512,1.3682116152357762,RELATIVE_0P9_CURRENT_LOAD_NOMINAL,True,False,True,30,7,2,1.0,157349683.46385857,3.5879954358365467,1.657593517842176
44007,3,12,FIXED_Q_FIXED_BEAM_JOINT_GLOBAL_INFEASIBLE,132,E3_SITE_12_SEC_1_UE_1,33,0,0.38195655533623496,0.38195655533623496,0.3437608998026115,RELATIVE_0P9_CURRENT_LOAD_NOMINAL,True,False,True,132,33,0,1.0,92377609.94799493,3.5069291276702566,0.6516637515924475
44007,3,13,FIXED_Q_FIXED_BEAM_JOINT_GLOBAL_INFEASIBLE,30,E3_SITE_03_SEC_2_UE_3,7,2,1.5202351280397512,1.5202351280397512,1.3682116152357762,RELATIVE_0P9_CURRENT_LOAD_NOMINAL,True,False,True,30,7,2,1.0,78861652.56738165,3.5882239860726464,1.657616372865786
44007,3,13,FIXED_Q_FIXED_BEAM_JOINT_GLOBAL_INFEASIBLE,132,E3_SITE_12_SEC_1_UE_1,33,0,0.38195655533623496,0.38195655533623496,0.3437608998026115,RELATIVE_0P9_CURRENT_LOAD_NOMINAL,True,False,True,132,33,0,1.0,92377609.94799493,3.5069291276702566,0.6516637515924475
44007,3,14,FIXED_Q_FIXED_BEAM_JOINT_GLOBAL_INFEASIBLE,30,E3_SITE_03_SEC_2_UE_3,7,2,1.5202351280397512,1.5202351280397512,1.3682116152357762,RELATIVE_0P9_CURRENT_LOAD_NOMINAL,True,False,True,30,7,2,1.0,39524453.489520244,3.588546794156226,1.657648653674144
44007,3,14,FIXED_Q_FIXED_BEAM_JOINT_GLOBAL_INFEASIBLE,132,E3_SITE_12_SEC_1_UE_1,33,0,0.38195655533623496,0.38195655533623496,0.3437608998026115,RELATIVE_0P9_CURRENT_LOAD_NOMINAL,True,False,True,132,33,0,1.0,92377609.94799493,3.5069291276702566,0.6516637515924475
44007,3,15,FIXED_Q_FIXED_BEAM_JOINT_GLOBAL_INFEASIBLE,30,E3_SITE_03_SEC_2_UE_3,7,2,1.5202351280397512,1.5202351280397512,1.3682116152357762,RELATIVE_0P9_CURRENT_LOAD_NOMINAL,True,False,True,30,7,2,1.0,19809151.505042505,3.5890027174237122,1.6576942460008925
44007,3,15,FIXED_Q_FIXED_BEAM_JOINT_GLOBAL_INFEASIBLE,132,E3_SITE_12_SEC_1_UE_1,33,0,0.38195655533623496,0.38195655533623496,0.3437608998026115,RELATIVE_0P9_CURRENT_LOAD_NOMINAL,True,False,True,132,33,0,1.0,116296520.64434579,3.506910610854511,0.651661899910873
44007,3,16,FIXED_Q_FIXED_BEAM_JOINT_GLOBAL_INFEASIBLE,30,E3_SITE_03_SEC_2_UE_3,7,2,1.5202351280397512,1.5202351280397512,1.3682116152357762,RELATIVE_0P9_CURRENT_LOAD_NOMINAL,True,False,True,30,7,2,1.0,9928093.843315821,3.5896466159058438,1.6577586358491057
44007,3,16,FIXED_Q_FIXED_BEAM_JOINT_GLOBAL_INFEASIBLE,132,E3_SITE_12_SEC_1_UE_1,33,0,0.38195655533623496,0.38195655533623496,0.3437608998026115,RELATIVE_0P9_CURRENT_LOAD_NOMINAL,True,False,True,132,33,0,1.0,232042065.0036289,3.506866289995036,0.6516574678249255
44007,3,17,FIXED_Q_FIXED_BEAM_JOINT_GLOBAL_INFEASIBLE,30,E3_SITE_03_SEC_2_UE_3,7,2,1.5202351280397512,1.5202351280397512,1.3682116152357762,RELATIVE_0P9_CURRENT_LOAD_NOMINAL,True,False,True,30,7,2,1.0,4975833.888523441,3.590555926786787,1.6578495669372
44007,3,17,FIXED_Q_FIXED_BEAM_JOINT_GLOBAL_INFEASIBLE,132,E3_SITE_12_SEC_1_UE_1,33,0,0.38195655533623496,0.38195655533623496,0.3437608998026115,RELATIVE_0P9_CURRENT_LOAD_NOMINAL,True,False,True,132,33,0,1.0,388043561.8498893,3.506844806649899,0.6516553194904118
44007,3,18,FIXED_Q_FIXED_BEAM_JOINT_GLOBAL_INFEASIBLE,30,E3_SITE_03_SEC_2_UE_3,7,2,1.5202351280397512,1.5202351280397512,1.3682116152357762,RELATIVE_0P9_CURRENT_LOAD_NOMINAL,True,False,True,30,7,2,1.0,2493824.421577903,3.591839924010219,1.6579779666595431
44007,3,18,FIXED_Q_FIXED_BEAM_JOINT_GLOBAL_INFEASIBLE,132,E3_SITE_12_SEC_1_UE_1,33,0,0.38195655533623496,0.38195655533623496,0.3437608998026115,RELATIVE_0P9_CURRENT_LOAD_NOMINAL,True,False,True,132,33,0,1.0,585237931.3025247,3.5068295975301402,0.6516537985784359
44007,3,19,FIXED_Q_FIXED_BEAM_JOINT_GLOBAL_INFEASIBLE,30,E3_SITE_03_SEC_2_UE_3,7,2,1.5202351280397512,1.5202351280397512,1.3682116152357762,RELATIVE_0P9_CURRENT_LOAD_NOMINAL,True,False,True,30,7,2,1.0,1249872.9630027642,3.593652743928625,1.6581592486513839
44007,3,19,FIXED_Q_FIXED_BEAM_JOINT_GLOBAL_INFEASIBLE,132,E3_SITE_12_SEC_1_UE_1,33,0,0.38195655533623496,0.38195655533623496,0.3437608998026115,RELATIVE_0P9_CURRENT_LOAD_NOMINAL,True,False,True,132,33,0,1.0,585237931.3025247,3.5068295975301402,0.6516537985784359
44007,3,40,FIXED_Q_FIXED_BEAM_JOINT_GLOBAL_INFEASIBLE,30,E3_SITE_03_SEC_2_UE_3,7,2,1.5202351280397512,1.5202351280397512,1.3682116152357762,RELATIVE_0P9_CURRENT_LOAD_NOMINAL,True,False,True,30,7,2,1.0,12498729.630027402,3.588546794156226,1.657648653674144
44007,3,40,FIXED_Q_FIXED_BEAM_JOINT_GLOBAL_INFEASIBLE,132,E3_SITE_12_SEC_1_UE_1,33,0,0.38195655533623496,0.38195655533623496,0.3437608998026115,RELATIVE_0P9_CURRENT_LOAD_NOMINAL,True,False,True,132,33,0,1.0,185068483.604113,3.5068295975301402,0.6516537985784359
44007,3,41,FIXED_Q_FIXED_BEAM_JOINT_GLOBAL_INFEASIBLE,30,E3_SITE_03_SEC_2_UE_3,7,2,1.5202351280397512,1.5202351280397512,1.3682116152357762,RELATIVE_0P9_CURRENT_LOAD_NOMINAL,True,False,True,30,7,2,1.0,6264203.727128674,3.5890027174237122,1.6576942460008925
44007,3,41,FIXED_Q_FIXED_BEAM_JOINT_GLOBAL_INFEASIBLE,132,E3_SITE_12_SEC_1_UE_1,33,0,0.38195655533623496,0.38195655533623496,0.3437608998026115,RELATIVE_0P9_CURRENT_LOAD_NOMINAL,True,False,True,132,33,0,1.0,185068483.604113,3.5068295975301402,0.6516537985784359
44007,3,42,FIXED_Q_FIXED_BEAM_JOINT_GLOBAL_INFEASIBLE,30,E3_SITE_03_SEC_2_UE_3,7,2,1.5202351280397512,1.5202351280397512,1.3682116152357762,RELATIVE_0P9_CURRENT_LOAD_NOMINAL,True,False,True,30,7,2,1.0,3139538.9368772847,3.5896466159058438,1.6577586358491057
44007,3,42,FIXED_Q_FIXED_BEAM_JOINT_GLOBAL_INFEASIBLE,132,E3_SITE_12_SEC_1_UE_1,33,0,0.38195655533623496,0.38195655533623496,0.3437608998026115,RELATIVE_0P9_CURRENT_LOAD_NOMINAL,True,False,True,132,33,0,1.0,185068483.604113,3.5068295975301402,0.6516537985784359
44007,3,43,FIXED_Q_FIXED_BEAM_JOINT_GLOBAL_INFEASIBLE,30,E3_SITE_03_SEC_2_UE_3,7,2,1.5202351280397512,1.5202351280397512,1.3682116152357762,RELATIVE_0P9_CURRENT_LOAD_NOMINAL,True,False,True,30,7,2,1.0,1573496.8346386435,3.590555926786787,1.6578495669372
44007,3,43,FIXED_Q_FIXED_BEAM_JOINT_GLOBAL_INFEASIBLE,132,E3_SITE_12_SEC_1_UE_1,33,0,0.38195655533623496,0.38195655533623496,0.3437608998026115,RELATIVE_0P9_CURRENT_LOAD_NOMINAL,True,False,True,132,33,0,1.0,185068483.604113,3.5068295975301402,0.6516537985784359
44007,3,44,FIXED_Q_FIXED_BEAM_JOINT_GLOBAL_INFEASIBLE,30,E3_SITE_03_SEC_2_UE_3,7,2,1.5202351280397512,1.5202351280397512,1.3682116152357762,RELATIVE_0P9_CURRENT_LOAD_NOMINAL,True,False,True,30,7,2,1.0,788616.5256738132,3.591839924010219,1.6579779666595431
44007,3,44,FIXED_Q_FIXED_BEAM_JOINT_GLOBAL_INFEASIBLE,132,E3_SITE_12_SEC_1_UE_1,33,0,0.38195655533623496,0.38195655533623496,0.3437608998026115,RELATIVE_0P9_CURRENT_LOAD_NOMINAL,True,False,True,132,33,0,1.0,185068483.604113,3.5068295975301402,0.6516537985784359
44007,3,45,FIXED_Q_FIXED_BEAM_JOINT_GLOBAL_INFEASIBLE,30,E3_SITE_03_SEC_2_UE_3,7,2,1.5202351280397512,1.5202351280397512,1.3682116152357762,RELATIVE_0P9_CURRENT_LOAD_NOMINAL,True,False,True,30,7,2,1.0,395244.5348952101,3.593652743928625,1.6581592486513839
44007,3,45,FIXED_Q_FIXED_BEAM_JOINT_GLOBAL_INFEASIBLE,132,E3_SITE_12_SEC_1_UE_1,33,0,0.38195655533623496,0.38195655533623496,0.3437608998026115,RELATIVE_0P9_CURRENT_LOAD_NOMINAL,True,False,True,132,33,0,1.0,185068483.604113,3.5068295975301402,0.6516537985784359
44007,3,46,FIXED_Q_FIXED_BEAM_JOINT_GLOBAL_INFEASIBLE,30,E3_SITE_03_SEC_2_UE_3,7,2,1.5202351280397512,1.5202351280397512,1.3682116152357762,RELATIVE_0P9_CURRENT_LOAD_NOMINAL,True,False,True,30,7,2,1.0,289140.3338710168,3.5947424517745805,1.6582682194359792
44007,3,46,FIXED_Q_FIXED_BEAM_JOINT_GLOBAL_INFEASIBLE,132,E3_SITE_12_SEC_1_UE_1,33,0,0.38195655533623496,0.38195655533623496,0.3437608998026115,RELATIVE_0P9_CURRENT_LOAD_NOMINAL,True,False,True,132,33,0,1.0,185068483.604113,3.5068295975301402,0.6516537985784359
44007,3,47,FIXED_Q_FIXED_BEAM_JOINT_GLOBAL_INFEASIBLE,30,E3_SITE_03_SEC_2_UE_3,7,2,1.5202351280397512,1.5202351280397512,1.3682116152357762,RELATIVE_0P9_CURRENT_LOAD_NOMINAL,True,False,True,30,7,2,1.0,364006.11388487276,3.593949269764009,1.6581889012349222
44007,3,47,FIXED_Q_FIXED_BEAM_JOINT_GLOBAL_INFEASIBLE,132,E3_SITE_12_SEC_1_UE_1,33,0,0.38195655533623496,0.38195655533623496,0.3437608998026115,RELATIVE_0P9_CURRENT_LOAD_NOMINAL,True,False,True,132,33,0,1.0,185068483.604113,3.5068295975301402,0.6516537985784359
44007,3,48,FIXED_Q_FIXED_BEAM_JOINT_GLOBAL_INFEASIBLE,30,E3_SITE_03_SEC_2_UE_3,7,2,1.5202351280397512,1.5202351280397512,1.3682116152357762,RELATIVE_0P9_CURRENT_LOAD_NOMINAL,True,False,True,30,7,2,1.0,289140.3338710168,3.5947424517745805,1.6582682194359792
44007,3,48,FIXED_Q_FIXED_BEAM_JOINT_GLOBAL_INFEASIBLE,132,E3_SITE_12_SEC_1_UE_1,33,0,0.38195655533623496,0.38195655533623496,0.3437608998026115,RELATIVE_0P9_CURRENT_LOAD_NOMINAL,True,False,True,132,33,0,1.0,185068483.604113,3.5068295975301402,0.6516537985784359
44007,3,49,FIXED_Q_FIXED_BEAM_JOINT_GLOBAL_INFEASIBLE,30,E3_SITE_03_SEC_2_UE_3,7,2,1.5202351280397512,1.5202351280397512,1.3682116152357762,RELATIVE_0P9_CURRENT_LOAD_NOMINAL,True,False,True,30,7,2,1.0,364006.11388487276,3.593949269764009,1.6581889012349222
44007,3,49,FIXED_Q_FIXED_BEAM_JOINT_GLOBAL_INFEASIBLE,132,E3_SITE_12_SEC_1_UE_1,33,0,0.38195655533623496,0.38195655533623496,0.3437608998026115,RELATIVE_0P9_CURRENT_LOAD_NOMINAL,True,False,True,132,33,0,1.0,185068483.604113,3.5068295975301402,0.6516537985784359
44007,3,50,FIXED_Q_FIXED_BEAM_JOINT_GLOBAL_INFEASIBLE,30,E3_SITE_03_SEC_2_UE_3,7,2,1.5202351280397512,1.5202351280397512,1.3682116152357762,RELATIVE_0P9_CURRENT_LOAD_NOMINAL,True,False,True,30,7,2,1.0,289140.3338710168,3.5947424517745805,1.6582682194359792
44007,3,50,FIXED_Q_FIXED_BEAM_JOINT_GLOBAL_INFEASIBLE,132,E3_SITE_12_SEC_1_UE_1,33,0,0.38195655533623496,0.38195655533623496,0.3437608998026115,RELATIVE_0P9_CURRENT_LOAD_NOMINAL,True,False,True,132,33,0,1.0,185068483.604113,3.5068295975301402,0.6516537985784359
44007,3,51,FIXED_Q_FIXED_BEAM_JOINT_GLOBAL_INFEASIBLE,30,E3_SITE_03_SEC_2_UE_3,7,2,1.5202351280397512,1.5202351280397512,1.3682116152357762,RELATIVE_0P9_CURRENT_LOAD_NOMINAL,True,False,True,30,7,2,1.0,364006.11388487276,3.593949269764009,1.6581889012349222
44007,3,51,FIXED_Q_FIXED_BEAM_JOINT_GLOBAL_INFEASIBLE,132,E3_SITE_12_SEC_1_UE_1,33,0,0.38195655533623496,0.38195655533623496,0.3437608998026115,RELATIVE_0P9_CURRENT_LOAD_NOMINAL,True,False,True,132,33,0,1.0,185068483.604113,3.5068295975301402,0.6516537985784359
44007,3,52,FIXED_Q_FIXED_BEAM_JOINT_GLOBAL_INFEASIBLE,30,E3_SITE_03_SEC_2_UE_3,7,2,1.5202351280397512,1.5202351280397512,1.3682116152357762,RELATIVE_0P9_CURRENT_LOAD_NOMINAL,True,False,True,30,7,2,1.0,289140.3338710168,3.5947424517745805,1.6582682194359792
44007,3,52,FIXED_Q_FIXED_BEAM_JOINT_GLOBAL_INFEASIBLE,132,E3_SITE_12_SEC_1_UE_1,33,0,0.38195655533623496,0.38195655533623496,0.3437608998026115,RELATIVE_0P9_CURRENT_LOAD_NOMINAL,True,False,True,132,33,0,1.0,185068483.604113,3.5068295975301402,0.6516537985784359
44007,3,53,FIXED_Q_FIXED_BEAM_JOINT_GLOBAL_INFEASIBLE,30,E3_SITE_03_SEC_2_UE_3,7,2,1.5202351280397512,1.5202351280397512,1.3682116152357762,RELATIVE_0P9_CURRENT_LOAD_NOMINAL,True,False,True,30,7,2,1.0,364006.11388487276,3.593949269764009,1.6581889012349222
44007,3,53,FIXED_Q_FIXED_BEAM_JOINT_GLOBAL_INFEASIBLE,132,E3_SITE_12_SEC_1_UE_1,33,0,0.38195655533623496,0.38195655533623496,0.3437608998026115,RELATIVE_0P9_CURRENT_LOAD_NOMINAL,True,False,True,132,33,0,1.0,185068483.604113,3.5068295975301402,0.6516537985784359
44007,3,54,FIXED_Q_FIXED_BEAM_JOINT_GLOBAL_INFEASIBLE,30,E3_SITE_03_SEC_2_UE_3,7,2,1.5202351280397512,1.5202351280397512,1.3682116152357762,RELATIVE_0P9_CURRENT_LOAD_NOMINAL,True,False,True,30,7,2,1.0,289140.3338710168,3.5947424517745805,1.6582682194359792
44007,3,54,FIXED_Q_FIXED_BEAM_JOINT_GLOBAL_INFEASIBLE,132,E3_SITE_12_SEC_1_UE_1,33,0,0.38195655533623496,0.38195655533623496,0.3437608998026115,RELATIVE_0P9_CURRENT_LOAD_NOMINAL,True,False,True,132,33,0,1.0,185068483.604113,3.5068295975301402,0.6516537985784359
44007,3,55,FIXED_Q_FIXED_BEAM_JOINT_GLOBAL_INFEASIBLE,30,E3_SITE_03_SEC_2_UE_3,7,2,1.5202351280397512,1.5202351280397512,1.3682116152357762,RELATIVE_0P9_CURRENT_LOAD_NOMINAL,True,False,True,30,7,2,1.0,364006.11388487276,3.593949269764009,1.6581889012349222
44007,3,55,FIXED_Q_FIXED_BEAM_JOINT_GLOBAL_INFEASIBLE,132,E3_SITE_12_SEC_1_UE_1,33,0,0.38195655533623496,0.38195655533623496,0.3437608998026115,RELATIVE_0P9_CURRENT_LOAD_NOMINAL,True,False,True,132,33,0,1.0,185068483.604113,3.5068295975301402,0.6516537985784359
44007,3,56,FIXED_Q_FIXED_BEAM_JOINT_GLOBAL_INFEASIBLE,30,E3_SITE_03_SEC_2_UE_3,7,2,1.5202351280397512,1.5202351280397512,1.3682116152357762,RELATIVE_0P9_CURRENT_LOAD_NOMINAL,True,False,True,30,7,2,1.0,182435.21724137326,3.5966301840972394,1.6584569926682453
44007,3,56,FIXED_Q_FIXED_BEAM_JOINT_GLOBAL_INFEASIBLE,132,E3_SITE_12_SEC_1_UE_1,33,0,0.38195655533623496,0.38195655533623496,0.3437608998026115,RELATIVE_0P9_CURRENT_LOAD_NOMINAL,True,False,True,132,33,0,1.0,185068483.604113,3.5068295975301402,0.6516537985784359
44007,3,57,FIXED_Q_FIXED_BEAM_JOINT_GLOBAL_INFEASIBLE,30,E3_SITE_03_SEC_2_UE_3,7,2,1.5202351280397512,1.5202351280397512,1.3682116152357762,RELATIVE_0P9_CURRENT_LOAD_NOMINAL,True,False,True,30,7,2,1.0,364006.11388487276,3.593949269764009,1.6581889012349222
44007,3,57,FIXED_Q_FIXED_BEAM_JOINT_GLOBAL_INFEASIBLE,132,E3_SITE_12_SEC_1_UE_1,33,0,0.38195655533623496,0.38195655533623496,0.3437608998026115,RELATIVE_0P9_CURRENT_LOAD_NOMINAL,True,False,True,132,33,0,1.0,585237931.3025247,3.5068295975301402,0.6516537985784359
44007,3,58,FIXED_Q_FIXED_BEAM_JOINT_GLOBAL_INFEASIBLE,30,E3_SITE_03_SEC_2_UE_3,7,2,1.5202351280397512,1.5202351280397512,1.3682116152357762,RELATIVE_0P9_CURRENT_LOAD_NOMINAL,True,False,True,30,7,2,1.0,289140.3338710168,3.5947424517745805,1.6582682194359792
44007,3,58,FIXED_Q_FIXED_BEAM_JOINT_GLOBAL_INFEASIBLE,132,E3_SITE_12_SEC_1_UE_1,33,0,0.38195655533623496,0.38195655533623496,0.3437608998026115,RELATIVE_0P9_CURRENT_LOAD_NOMINAL,True,False,True,132,33,0,1.0,585237931.3025247,3.5068295975301402,0.6516537985784359
44007,3,59,FIXED_Q_FIXED_BEAM_JOINT_GLOBAL_INFEASIBLE,30,E3_SITE_03_SEC_2_UE_3,7,2,1.5202351280397512,1.5202351280397512,1.3682116152357762,RELATIVE_0P9_CURRENT_LOAD_NOMINAL,True,False,True,30,7,2,1.0,364006.11388487276,3.593949269764009,1.6581889012349222
44007,3,59,FIXED_Q_FIXED_BEAM_JOINT_GLOBAL_INFEASIBLE,132,E3_SITE_12_SEC_1_UE_1,33,0,0.38195655533623496,0.38195655533623496,0.3437608998026115,RELATIVE_0P9_CURRENT_LOAD_NOMINAL,True,False,True,132,33,0,1.0,585237931.3025247,3.5068295975301402,0.6516537985784359
44007,3,80,EXPANDED_LOCAL_HYBRID_K4_FEASIBLE,194,E3_SITE_17_SEC_1_UE_3,48,2,0.17267253949852726,0.06456717597462834,0.1,ABSOLUTE_0P1,False,True,True,194,48,2,1.0,534.4246307468076,4.126313426406653,0.4718308963517559
44007,3,81,EXPANDED_LOCAL_HYBRID_K4_FEASIBLE,194,E3_SITE_17_SEC_1_UE_3,48,2,0.17267253949852726,0.06456717597462834,0.1,ABSOLUTE_0P1,False,True,True,194,48,2,1.0,534.4246307468076,4.126313426406653,0.4718308963517559
44007,3,82,EXPANDED_LOCAL_HYBRID_K4_FEASIBLE,194,E3_SITE_17_SEC_1_UE_3,48,2,0.17267253949852726,0.06456717597462834,0.1,ABSOLUTE_0P1,False,True,True,194,48,2,1.0,534.4246307468076,4.126313426406653,0.4718308963517559
44007,3,83,EXPANDED_LOCAL_HYBRID_K4_FEASIBLE,194,E3_SITE_17_SEC_1_UE_3,48,2,0.17267253949852726,0.06456717597462834,0.1,ABSOLUTE_0P1,False,True,True,194,48,2,1.0,534.4246307468076,4.126313426406653,0.4718308963517559
44007,3,84,EXPANDED_LOCAL_HYBRID_K4_FEASIBLE,194,E3_SITE_17_SEC_1_UE_3,48,2,0.17267253949852726,0.06456717597462834,0.1,ABSOLUTE_0P1,False,True,True,194,48,2,1.0,534.4246307468076,4.126313426406653,0.4718308963517559
44007,3,85,EXPANDED_LOCAL_HYBRID_K4_FEASIBLE,194,E3_SITE_17_SEC_1_UE_3,48,2,0.17267253949852726,0.06456717597462834,0.1,ABSOLUTE_0P1,False,True,True,194,48,2,1.0,534.4246307468076,4.126313426406653,0.4718308963517559
44007,3,86,EXPANDED_LOCAL_HYBRID_K4_FEASIBLE,194,E3_SITE_17_SEC_1_UE_3,48,2,0.17267253949852726,0.06456717597462834,0.1,ABSOLUTE_0P1,False,True,True,194,48,2,1.0,534.4246307468076,4.126313426406653,0.4718308963517559
44007,3,87,EXPANDED_LOCAL_HYBRID_K4_FEASIBLE,194,E3_SITE_17_SEC_1_UE_3,48,2,0.17267253949852726,0.06456717597462834,0.1,ABSOLUTE_0P1,False,True,True,194,48,2,1.0,526.0883403044082,4.126313426406653,0.4718308963517559
44007,3,88,EXPANDED_LOCAL_HYBRID_K4_FEASIBLE,194,E3_SITE_17_SEC_1_UE_3,48,2,0.17267253949852726,0.06456717597462834,0.1,ABSOLUTE_0P1,False,True,True,194,48,2,1.0,496.9287092779816,4.126313426406653,0.4718308963517559
44007,3,89,EXPANDED_LOCAL_HYBRID_K4_FEASIBLE,194,E3_SITE_17_SEC_1_UE_3,48,2,0.17267253949852726,0.06456717597462834,0.1,ABSOLUTE_0P1,False,True,True,194,48,2,1.0,469.80909928150083,4.126313426406653,0.4718308963517559
44007,3,90,EXPANDED_LOCAL_HYBRID_K4_FEASIBLE,194,E3_SITE_17_SEC_1_UE_3,48,2,0.17267253949852726,0.06456717597462834,0.1,ABSOLUTE_0P1,False,True,True,194,48,2,1.0,444.56598781292917,4.126313426406653,0.4718308963517559
44007,3,91,EXPANDED_LOCAL_HYBRID_K4_FEASIBLE,194,E3_SITE_17_SEC_1_UE_3,48,2,0.17267253949852726,0.06456717597462834,0.1,ABSOLUTE_0P1,False,True,True,194,48,2,1.0,421.0497981403667,4.126313426406653,0.4718308963517559
44007,3,92,EXPANDED_LOCAL_HYBRID_K4_FEASIBLE,194,E3_SITE_17_SEC_1_UE_3,48,2,0.17267253949852726,0.06456717597462834,0.1,ABSOLUTE_0P1,False,True,True,194,48,2,1.0,399.12377685319314,4.126313426406653,0.4718308963517559
44007,3,93,EXPANDED_LOCAL_HYBRID_K4_FEASIBLE,194,E3_SITE_17_SEC_1_UE_3,48,2,0.17267253949852726,0.06456717597462834,0.1,ABSOLUTE_0P1,False,True,True,194,48,2,1.0,378.66293085299606,4.126313426406653,0.4718308963517559
44007,3,94,EXPANDED_LOCAL_HYBRID_K4_FEASIBLE,194,E3_SITE_17_SEC_1_UE_3,48,2,0.17267253949852726,0.06456717597462834,0.1,ABSOLUTE_0P1,False,True,True,194,48,2,1.0,359.5530295271396,4.126313426406653,0.4718308963517559
44007,3,95,EXPANDED_LOCAL_HYBRID_K4_FEASIBLE,194,E3_SITE_17_SEC_1_UE_3,48,2,0.17267253949852726,0.06456717597462834,0.1,ABSOLUTE_0P1,False,True,True,194,48,2,1.0,341.6896747857498,4.126313426406653,0.4718308963517559
44007,3,96,EXPANDED_LOCAL_HYBRID_K4_FEASIBLE,194,E3_SITE_17_SEC_1_UE_3,48,2,0.17267253949852726,0.06456717597462834,0.1,ABSOLUTE_0P1,False,True,True,194,48,2,1.0,324.9774393707921,4.126313426406653,0.4718308963517559
44007,3,97,EXPANDED_LOCAL_ALL_STREAM_K4_FEASIBLE,194,E3_SITE_17_SEC_1_UE_3,48,2,0.17267253949852726,0.06456717597462834,0.1,ABSOLUTE_0P1,False,True,True,194,48,2,1.0,309.3290721852876,4.126313426406653,0.4718308963517559
44007,3,98,EXPANDED_LOCAL_HYBRID_K4_FEASIBLE,194,E3_SITE_17_SEC_1_UE_3,48,2,0.17267253949852726,0.06456717597462834,0.1,ABSOLUTE_0P1,False,True,True,194,48,2,1.0,294.6647682656307,4.126313426406653,0.4718308963517559
44007,3,99,EXPANDED_LOCAL_ALL_STREAM_K4_FEASIBLE,194,E3_SITE_17_SEC_1_UE_3,48,2,0.17267253949852726,0.06456717597462834,0.1,ABSOLUTE_0P1,False,True,True,194,48,2,1.0,320.8195353083284,4.111126072943537,0.4703121610054443
44007,3,118,FIXED_Q_FIXED_BEAM_JOINT_GLOBAL_INFEASIBLE,30,E3_SITE_03_SEC_2_UE_3,7,2,1.5202351280397512,2.2872436988843874,2.0585193289959487,RELATIVE_0P9_CURRENT_LOAD_NOMINAL,True,False,True,30,7,2,1.0,663157131.9832556,4.814028137940118,2.3860922703678904
44007,3,118,FIXED_Q_FIXED_BEAM_JOINT_GLOBAL_INFEASIBLE,132,E3_SITE_12_SEC_1_UE_1,33,0,0.38195655533623496,0.2623547283664146,0.23611925552977314,RELATIVE_0P9_CURRENT_LOAD_NOMINAL,True,False,True,132,33,0,1.0,23589464.005211227,3.095599628291847,0.5391797660233306
44007,4,0,FIXED_Q_FIXED_BEAM_JOINT_GLOBAL_INFEASIBLE,30,E3_SITE_03_SEC_2_UE_3,7,2,1.5202351280397512,1.5202351280397512,1.3682116152357762,RELATIVE_0P9_CURRENT_LOAD_NOMINAL,True,False,True,30,7,2,1.0,198091515050.1746,3.587456974945907,1.6575396717531121
44007,4,0,FIXED_Q_FIXED_BEAM_JOINT_GLOBAL_INFEASIBLE,132,E3_SITE_12_SEC_1_UE_1,33,0,0.38195655533623496,0.38195655533623496,0.3437608998026115,RELATIVE_0P9_CURRENT_LOAD_NOMINAL,True,False,True,132,33,0,1.0,585237931.3025247,3.5068295975301402,0.6516537985784359
44007,4,1,FIXED_Q_FIXED_BEAM_JOINT_GLOBAL_INFEASIBLE,30,E3_SITE_03_SEC_2_UE_3,7,2,1.5202351280397512,1.5202351280397512,1.3682116152357762,RELATIVE_0P9_CURRENT_LOAD_NOMINAL,True,False,True,30,7,2,1.0,198091515050.1746,3.587456974945907,1.6575396717531121
44007,4,1,FIXED_Q_FIXED_BEAM_JOINT_GLOBAL_INFEASIBLE,132,E3_SITE_12_SEC_1_UE_1,33,0,0.38195655533623496,0.38195655533623496,0.3437608998026115,RELATIVE_0P9_CURRENT_LOAD_NOMINAL,True,False,True,132,33,0,1.0,585237931.3025247,3.5068295975301402,0.6516537985784359
44007,4,2,FIXED_Q_FIXED_BEAM_JOINT_GLOBAL_INFEASIBLE,30,E3_SITE_03_SEC_2_UE_3,7,2,1.5202351280397512,1.5202351280397512,1.3682116152357762,RELATIVE_0P9_CURRENT_LOAD_NOMINAL,True,False,True,30,7,2,1.0,157349683463.65866,3.5874588805462992,1.6575398623131512
44007,4,2,FIXED_Q_FIXED_BEAM_JOINT_GLOBAL_INFEASIBLE,132,E3_SITE_12_SEC_1_UE_1,33,0,0.38195655533623496,0.38195655533623496,0.3437608998026115,RELATIVE_0P9_CURRENT_LOAD_NOMINAL,True,False,True,132,33,0,1.0,464871012.865376,3.506838229576657,0.6516546617830876
44007,4,3,FIXED_Q_FIXED_BEAM_JOINT_GLOBAL_INFEASIBLE,30,E3_SITE_03_SEC_2_UE_3,7,2,1.5202351280397512,1.5202351280397512,1.3682116152357762,RELATIVE_0P9_CURRENT_LOAD_NOMINAL,True,False,True,30,7,2,1.0,78861652567.27625,3.5874661093956868,1.65754058519809
44007,4,3,FIXED_Q_FIXED_BEAM_JOINT_GLOBAL_INFEASIBLE,132,E3_SITE_12_SEC_1_UE_1,33,0,0.38195655533623496,0.38195655533623496,0.3437608998026115,RELATIVE_0P9_CURRENT_LOAD_NOMINAL,True,False,True,132,33,0,1.0,232987416.93153107,3.506870974886583,0.6516579363140802
44007,4,4,FIXED_Q_FIXED_BEAM_JOINT_GLOBAL_INFEASIBLE,30,E3_SITE_03_SEC_2_UE_3,7,2,1.5202351280397512,1.5202351280397512,1.3682116152357762,RELATIVE_0P9_CURRENT_LOAD_NOMINAL,True,False,True,30,7,2,1.0,39524453489.4962,3.5874763203891327,1.6575416062974346
44007,4,4,FIXED_Q_FIXED_BEAM_JOINT_GLOBAL_INFEASIBLE,132,E3_SITE_12_SEC_1_UE_1,33,0,0.38195655533623496,0.38195655533623496,0.3437608998026115,RELATIVE_0P9_CURRENT_LOAD_NOMINAL,True,False,True,132,33,0,1.0,116770318.9618532,3.506917228332093,0.6516625616586311
44007,4,5,FIXED_Q_FIXED_BEAM_JOINT_GLOBAL_INFEASIBLE,30,E3_SITE_03_SEC_2_UE_3,7,2,1.5202351280397512,1.5202351280397512,1.3682116152357762,RELATIVE_0P9_CURRENT_LOAD_NOMINAL,True,False,True,30,7,2,1.0,19809151505.03361,3.58749074374544,1.6575430486330653
44007,4,5,FIXED_Q_FIXED_BEAM_JOINT_GLOBAL_INFEASIBLE,132,E3_SITE_12_SEC_1_UE_1,33,0,0.38195655533623496,0.38195655533623496,0.3437608998026115,RELATIVE_0P9_CURRENT_LOAD_NOMINAL,True,False,True,132,33,0,1.0,58523793.13026922,3.5069825619946586,0.6516690950248878
44007,4,6,FIXED_Q_FIXED_BEAM_JOINT_GLOBAL_INFEASIBLE,30,E3_SITE_03_SEC_2_UE_3,7,2,1.5202351280397512,1.5202351280397512,1.3682116152357762,RELATIVE_0P9_CURRENT_LOAD_NOMINAL,True,False,True,30,7,2,1.0,9928093843.314014,3.587511117167401,1.6575450859752614
44007,4,6,FIXED_Q_FIXED_BEAM_JOINT_GLOBAL_INFEASIBLE,132,E3_SITE_12_SEC_1_UE_1,33,0,0.38195655533623496,0.38195655533623496,0.3437608998026115,RELATIVE_0P9_CURRENT_LOAD_NOMINAL,True,False,True,132,33,0,1.0,29331377.980331905,3.507074846119501,0.651678323437372
44007,4,7,FIXED_Q_FIXED_BEAM_JOINT_GLOBAL_INFEASIBLE,30,E3_SITE_03_SEC_2_UE_3,7,2,1.5202351280397512,1.5202351280397512,1.3682116152357762,RELATIVE_0P9_CURRENT_LOAD_NOMINAL,True,False,True,30,7,2,1.0,4975833888.522848,3.587539895170669,1.6575479637755883
44007,4,7,FIXED_Q_FIXED_BEAM_JOINT_GLOBAL_INFEASIBLE,132,E3_SITE_12_SEC_1_UE_1,33,0,0.38195655533623496,0.38195655533623496,0.3437608998026115,RELATIVE_0P9_CURRENT_LOAD_NOMINAL,True,False,True,132,33,0,1.0,22094126.537822593,3.507111657857458,0.6516820046111677
44007,4,8,FIXED_Q_FIXED_BEAM_JOINT_GLOBAL_INFEASIBLE,30,E3_SITE_03_SEC_2_UE_3,7,2,1.5202351280397512,1.5202351280397512,1.3682116152357762,RELATIVE_0P9_CURRENT_LOAD_NOMINAL,True,False,True,30,7,2,1.0,2493824421.5776153,3.5875805447414724,1.6575520287326686
44007,4,8,FIXED_Q_FIXED_BEAM_JOINT_GLOBAL_INFEASIBLE,132,E3_SITE_12_SEC_1_UE_1,33,0,0.38195655533623496,0.38195655533623496,0.3437608998026115,RELATIVE_0P9_CURRENT_LOAD_NOMINAL,True,False,True,132,33,0,1.0,23204206.500364933,3.5070985874564307,0.651680697571065
44007,4,9,FIXED_Q_FIXED_BEAM_JOINT_GLOBAL_INFEASIBLE,30,E3_SITE_03_SEC_2_UE_3,7,2,1.5202351280397512,1.5202351280397512,1.3682116152357762,RELATIVE_0P9_CURRENT_LOAD_NOMINAL,True,False,True,30,7,2,1.0,1249872963.0025237,3.5876379629099566,1.657557770549517
44007,4,9,FIXED_Q_FIXED_BEAM_JOINT_GLOBAL_INFEASIBLE,132,E3_SITE_12_SEC_1_UE_1,33,0,0.38195655533623496,0.38195655533623496,0.3437608998026115,RELATIVE_0P9_CURRENT_LOAD_NOMINAL,True,False,True,132,33,0,1.0,36776188.91889098,3.5070287163572664,0.6516737104611485
44007,4,10,FIXED_Q_FIXED_BEAM_JOINT_GLOBAL_INFEASIBLE,30,E3_SITE_03_SEC_2_UE_3,7,2,1.5202351280397512,1.5202351280397512,1.3682116152357762,RELATIVE_0P9_CURRENT_LOAD_NOMINAL,True,False,True,30,7,2,1.0,626420372.712823,3.587719066479999,1.6575658809065212
44007,4,10,FIXED_Q_FIXED_BEAM_JOINT_GLOBAL_INFEASIBLE,132,E3_SITE_12_SEC_1_UE_1,33,0,0.38195655533623496,0.38195655533623496,0.3437608998026115,RELATIVE_0P9_CURRENT_LOAD_NOMINAL,True,False,True,132,33,0,1.0,73378143.83803448,3.5069499037623237,0.6516658292016543
44007,4,11,FIXED_Q_FIXED_BEAM_JOINT_GLOBAL_INFEASIBLE,30,E3_SITE_03_SEC_2_UE_3,7,2,1.5202351280397512,1.5202351280397512,1.3682116152357762,RELATIVE_0P9_CURRENT_LOAD_NOMINAL,True,False,True,30,7,2,1.0,313953893.6877164,3.587833624828758,1.657577336741397
44007,4,11,FIXED_Q_FIXED_BEAM_JOINT_GLOBAL_INFEASIBLE,132,E3_SITE_12_SEC_1_UE_1,33,0,0.38195655533623496,0.38195655533623496,0.3437608998026115,RELATIVE_0P9_CURRENT_LOAD_NOMINAL,True,False,True,132,33,0,1.0,76428369.86994581,3.506943352732625,0.6516651740986844
44007,4,12,FIXED_Q_FIXED_BEAM_JOINT_GLOBAL_INFEASIBLE,30,E3_SITE_03_SEC_2_UE_3,7,2,1.5202351280397512,1.5202351280397512,1.3682116152357762,RELATIVE_0P9_CURRENT_LOAD_NOMINAL,True,False,True,30,7,2,1.0,157349683.46385857,3.5879954358365467,1.657593517842176
44007,4,12,FIXED_Q_FIXED_BEAM_JOINT_GLOBAL_INFEASIBLE,132,E3_SITE_12_SEC_1_UE_1,33,0,0.38195655533623496,0.38195655533623496,0.3437608998026115,RELATIVE_0P9_CURRENT_LOAD_NOMINAL,True,False,True,132,33,0,1.0,92377609.94799493,3.5069291276702566,0.6516637515924475
44007,4,13,FIXED_Q_FIXED_BEAM_JOINT_GLOBAL_INFEASIBLE,30,E3_SITE_03_SEC_2_UE_3,7,2,1.5202351280397512,1.5202351280397512,1.3682116152357762,RELATIVE_0P9_CURRENT_LOAD_NOMINAL,True,False,True,30,7,2,1.0,78861652.56738165,3.5882239860726464,1.657616372865786
44007,4,13,FIXED_Q_FIXED_BEAM_JOINT_GLOBAL_INFEASIBLE,132,E3_SITE_12_SEC_1_UE_1,33,0,0.38195655533623496,0.38195655533623496,0.3437608998026115,RELATIVE_0P9_CURRENT_LOAD_NOMINAL,True,False,True,132,33,0,1.0,92377609.94799493,3.5069291276702566,0.6516637515924475
44007,4,14,FIXED_Q_FIXED_BEAM_JOINT_GLOBAL_INFEASIBLE,30,E3_SITE_03_SEC_2_UE_3,7,2,1.5202351280397512,1.5202351280397512,1.3682116152357762,RELATIVE_0P9_CURRENT_LOAD_NOMINAL,True,False,True,30,7,2,1.0,39524453.489520244,3.588546794156226,1.657648653674144
44007,4,14,FIXED_Q_FIXED_BEAM_JOINT_GLOBAL_INFEASIBLE,132,E3_SITE_12_SEC_1_UE_1,33,0,0.38195655533623496,0.38195655533623496,0.3437608998026115,RELATIVE_0P9_CURRENT_LOAD_NOMINAL,True,False,True,132,33,0,1.0,92377609.94799493,3.5069291276702566,0.6516637515924475
44007,4,15,FIXED_Q_FIXED_BEAM_JOINT_GLOBAL_INFEASIBLE,30,E3_SITE_03_SEC_2_UE_3,7,2,1.5202351280397512,1.5202351280397512,1.3682116152357762,RELATIVE_0P9_CURRENT_LOAD_NOMINAL,True,False,True,30,7,2,1.0,19809151.505042505,3.5890027174237122,1.6576942460008925
44007,4,15,FIXED_Q_FIXED_BEAM_JOINT_GLOBAL_INFEASIBLE,132,E3_SITE_12_SEC_1_UE_1,33,0,0.38195655533623496,0.38195655533623496,0.3437608998026115,RELATIVE_0P9_CURRENT_LOAD_NOMINAL,True,False,True,132,33,0,1.0,116296520.64434579,3.506910610854511,0.651661899910873
44007,4,16,FIXED_Q_FIXED_BEAM_JOINT_GLOBAL_INFEASIBLE,30,E3_SITE_03_SEC_2_UE_3,7,2,1.5202351280397512,1.5202351280397512,1.3682116152357762,RELATIVE_0P9_CURRENT_LOAD_NOMINAL,True,False,True,30,7,2,1.0,9928093.843315821,3.5896466159058438,1.6577586358491057
44007,4,16,FIXED_Q_FIXED_BEAM_JOINT_GLOBAL_INFEASIBLE,132,E3_SITE_12_SEC_1_UE_1,33,0,0.38195655533623496,0.38195655533623496,0.3437608998026115,RELATIVE_0P9_CURRENT_LOAD_NOMINAL,True,False,True,132,33,0,1.0,232042065.0036289,3.506866289995036,0.6516574678249255
44007,4,17,FIXED_Q_FIXED_BEAM_JOINT_GLOBAL_INFEASIBLE,30,E3_SITE_03_SEC_2_UE_3,7,2,1.5202351280397512,1.5202351280397512,1.3682116152357762,RELATIVE_0P9_CURRENT_LOAD_NOMINAL,True,False,True,30,7,2,1.0,4975833.888523441,3.590555926786787,1.6578495669372
44007,4,17,FIXED_Q_FIXED_BEAM_JOINT_GLOBAL_INFEASIBLE,132,E3_SITE_12_SEC_1_UE_1,33,0,0.38195655533623496,0.38195655533623496,0.3437608998026115,RELATIVE_0P9_CURRENT_LOAD_NOMINAL,True,False,True,132,33,0,1.0,388043561.8498893,3.506844806649899,0.6516553194904118
44007,4,18,FIXED_Q_FIXED_BEAM_JOINT_GLOBAL_INFEASIBLE,30,E3_SITE_03_SEC_2_UE_3,7,2,1.5202351280397512,1.5202351280397512,1.3682116152357762,RELATIVE_0P9_CURRENT_LOAD_NOMINAL,True,False,True,30,7,2,1.0,2493824.421577903,3.591839924010219,1.6579779666595431
44007,4,18,FIXED_Q_FIXED_BEAM_JOINT_GLOBAL_INFEASIBLE,132,E3_SITE_12_SEC_1_UE_1,33,0,0.38195655533623496,0.38195655533623496,0.3437608998026115,RELATIVE_0P9_CURRENT_LOAD_NOMINAL,True,False,True,132,33,0,1.0,585237931.3025247,3.5068295975301402,0.6516537985784359
44007,4,19,FIXED_Q_FIXED_BEAM_JOINT_GLOBAL_INFEASIBLE,30,E3_SITE_03_SEC_2_UE_3,7,2,1.5202351280397512,1.5202351280397512,1.3682116152357762,RELATIVE_0P9_CURRENT_LOAD_NOMINAL,True,False,True,30,7,2,1.0,1249872.9630027642,3.593652743928625,1.6581592486513839
44007,4,19,FIXED_Q_FIXED_BEAM_JOINT_GLOBAL_INFEASIBLE,132,E3_SITE_12_SEC_1_UE_1,33,0,0.38195655533623496,0.38195655533623496,0.3437608998026115,RELATIVE_0P9_CURRENT_LOAD_NOMINAL,True,False,True,132,33,0,1.0,585237931.3025247,3.5068295975301402,0.6516537985784359
44007,4,40,FIXED_Q_FIXED_BEAM_JOINT_GLOBAL_INFEASIBLE,30,E3_SITE_03_SEC_2_UE_3,7,2,1.5202351280397512,1.5202351280397512,1.3682116152357762,RELATIVE_0P9_CURRENT_LOAD_NOMINAL,True,False,True,30,7,2,1.0,7886165.256738067,3.5899155945023233,1.6577855337087537
44007,4,40,FIXED_Q_FIXED_BEAM_JOINT_GLOBAL_INFEASIBLE,132,E3_SITE_12_SEC_1_UE_1,33,0,0.38195655533623496,0.38195655533623496,0.3437608998026115,RELATIVE_0P9_CURRENT_LOAD_NOMINAL,True,False,True,132,33,0,1.0,185068483.604113,3.5068295975301402,0.6516537985784359
44007,4,41,FIXED_Q_FIXED_BEAM_JOINT_GLOBAL_INFEASIBLE,30,E3_SITE_03_SEC_2_UE_3,7,2,1.5202351280397512,1.5202351280397512,1.3682116152357762,RELATIVE_0P9_CURRENT_LOAD_NOMINAL,True,False,True,30,7,2,1.0,3952445.3489521085,3.59093575503912,1.6578875497624332
44007,4,41,FIXED_Q_FIXED_BEAM_JOINT_GLOBAL_INFEASIBLE,132,E3_SITE_12_SEC_1_UE_1,33,0,0.38195655533623496,0.38195655533623496,0.3437608998026115,RELATIVE_0P9_CURRENT_LOAD_NOMINAL,True,False,True,132,33,0,1.0,185068483.604113,3.5068295975301402,0.6516537985784359
44007,4,42,FIXED_Q_FIXED_BEAM_JOINT_GLOBAL_INFEASIBLE,30,E3_SITE_03_SEC_2_UE_3,7,2,1.5202351280397512,1.5202351280397512,1.3682116152357762,RELATIVE_0P9_CURRENT_LOAD_NOMINAL,True,False,True,30,7,2,1.0,1980915.1505042799,3.5923762181322325,1.6580315960717447
44007,4,42,FIXED_Q_FIXED_BEAM_JOINT_GLOBAL_INFEASIBLE,132,E3_SITE_12_SEC_1_UE_1,33,0,0.38195655533623496,0.38195655533623496,0.3437608998026115,RELATIVE_0P9_CURRENT_LOAD_NOMINAL,True,False,True,132,33,0,1.0,185068483.604113,3.5068295975301402,0.6516537985784359
44007,4,43,FIXED_Q_FIXED_BEAM_JOINT_GLOBAL_INFEASIBLE,30,E3_SITE_03_SEC_2_UE_3,7,2,1.5202351280397512,1.5202351280397512,1.3682116152357762,RELATIVE_0P9_CURRENT_LOAD_NOMINAL,True,False,True,30,7,2,1.0,992809.3843315926,3.5944098258996693,1.6582349568484882
44007,4,43,FIXED_Q_FIXED_BEAM_JOINT_GLOBAL_INFEASIBLE,132,E3_SITE_12_SEC_1_UE_1,33,0,0.38195655533623496,0.38195655533623496,0.3437608998026115,RELATIVE_0P9_CURRENT_LOAD_NOMINAL,True,False,True,132,33,0,1.0,185068483.604113,3.5068295975301402,0.6516537985784359
44007,4,44,FIXED_Q_FIXED_BEAM_JOINT_GLOBAL_INFEASIBLE,30,E3_SITE_03_SEC_2_UE_3,7,2,1.5202351280397512,1.5202351280397512,1.3682116152357762,RELATIVE_0P9_CURRENT_LOAD_NOMINAL,True,False,True,30,7,2,1.0,364006.11388487276,3.593949269764009,1.6581889012349222
44007,4,44,FIXED_Q_FIXED_BEAM_JOINT_GLOBAL_INFEASIBLE,132,E3_SITE_12_SEC_1_UE_1,33,0,0.38195655533623496,0.38195655533623496,0.3437608998026115,RELATIVE_0P9_CURRENT_LOAD_NOMINAL,True,False,True,132,33,0,1.0,185068483.604113,3.5068295975301402,0.6516537985784359
44007,4,45,FIXED_Q_FIXED_BEAM_JOINT_GLOBAL_INFEASIBLE,30,E3_SITE_03_SEC_2_UE_3,7,2,1.5202351280397512,1.5202351280397512,1.3682116152357762,RELATIVE_0P9_CURRENT_LOAD_NOMINAL,True,False,True,30,7,2,1.0,289140.3338710168,3.5947424517745805,1.6582682194359792
44007,4,45,FIXED_Q_FIXED_BEAM_JOINT_GLOBAL_INFEASIBLE,132,E3_SITE_12_SEC_1_UE_1,33,0,0.38195655533623496,0.38195655533623496,0.3437608998026115,RELATIVE_0P9_CURRENT_LOAD_NOMINAL,True,False,True,132,33,0,1.0,185068483.604113,3.5068295975301402,0.6516537985784359
44007,4,46,FIXED_Q_FIXED_BEAM_JOINT_GLOBAL_INFEASIBLE,30,E3_SITE_03_SEC_2_UE_3,7,2,1.5202351280397512,1.5202351280397512,1.3682116152357762,RELATIVE_0P9_CURRENT_LOAD_NOMINAL,True,False,True,30,7,2,1.0,364006.11388487276,3.593949269764009,1.6581889012349222
44007,4,46,FIXED_Q_FIXED_BEAM_JOINT_GLOBAL_INFEASIBLE,132,E3_SITE_12_SEC_1_UE_1,33,0,0.38195655533623496,0.38195655533623496,0.3437608998026115,RELATIVE_0P9_CURRENT_LOAD_NOMINAL,True,False,True,132,33,0,1.0,185068483.604113,3.5068295975301402,0.6516537985784359
44007,4,47,FIXED_Q_FIXED_BEAM_JOINT_GLOBAL_INFEASIBLE,30,E3_SITE_03_SEC_2_UE_3,7,2,1.5202351280397512,1.5202351280397512,1.3682116152357762,RELATIVE_0P9_CURRENT_LOAD_NOMINAL,True,False,True,30,7,2,1.0,289140.3338710168,3.5947424517745805,1.6582682194359792
44007,4,47,FIXED_Q_FIXED_BEAM_JOINT_GLOBAL_INFEASIBLE,132,E3_SITE_12_SEC_1_UE_1,33,0,0.38195655533623496,0.38195655533623496,0.3437608998026115,RELATIVE_0P9_CURRENT_LOAD_NOMINAL,True,False,True,132,33,0,1.0,185068483.604113,3.5068295975301402,0.6516537985784359
44007,4,48,FIXED_Q_FIXED_BEAM_JOINT_GLOBAL_INFEASIBLE,30,E3_SITE_03_SEC_2_UE_3,7,2,1.5202351280397512,1.5202351280397512,1.3682116152357762,RELATIVE_0P9_CURRENT_LOAD_NOMINAL,True,False,True,30,7,2,1.0,364006.11388487276,3.593949269764009,1.6581889012349222
44007,4,48,FIXED_Q_FIXED_BEAM_JOINT_GLOBAL_INFEASIBLE,132,E3_SITE_12_SEC_1_UE_1,33,0,0.38195655533623496,0.38195655533623496,0.3437608998026115,RELATIVE_0P9_CURRENT_LOAD_NOMINAL,True,False,True,132,33,0,1.0,185068483.604113,3.5068295975301402,0.6516537985784359
44007,4,49,FIXED_Q_FIXED_BEAM_JOINT_GLOBAL_INFEASIBLE,30,E3_SITE_03_SEC_2_UE_3,7,2,1.5202351280397512,1.5202351280397512,1.3682116152357762,RELATIVE_0P9_CURRENT_LOAD_NOMINAL,True,False,True,30,7,2,1.0,182435.21724137326,3.5966301840972394,1.6584569926682453
44007,4,49,FIXED_Q_FIXED_BEAM_JOINT_GLOBAL_INFEASIBLE,132,E3_SITE_12_SEC_1_UE_1,33,0,0.38195655533623496,0.38195655533623496,0.3437608998026115,RELATIVE_0P9_CURRENT_LOAD_NOMINAL,True,False,True,132,33,0,1.0,185068483.604113,3.5068295975301402,0.6516537985784359
44007,4,50,FIXED_Q_FIXED_BEAM_JOINT_GLOBAL_INFEASIBLE,30,E3_SITE_03_SEC_2_UE_3,7,2,1.5202351280397512,1.5202351280397512,1.3682116152357762,RELATIVE_0P9_CURRENT_LOAD_NOMINAL,True,False,True,30,7,2,1.0,364006.11388487276,3.593949269764009,1.6581889012349222
44007,4,50,FIXED_Q_FIXED_BEAM_JOINT_GLOBAL_INFEASIBLE,132,E3_SITE_12_SEC_1_UE_1,33,0,0.38195655533623496,0.38195655533623496,0.3437608998026115,RELATIVE_0P9_CURRENT_LOAD_NOMINAL,True,False,True,132,33,0,1.0,185068483.604113,3.5068295975301402,0.6516537985784359
44007,4,51,FIXED_Q_FIXED_BEAM_JOINT_GLOBAL_INFEASIBLE,30,E3_SITE_03_SEC_2_UE_3,7,2,1.5202351280397512,1.5202351280397512,1.3682116152357762,RELATIVE_0P9_CURRENT_LOAD_NOMINAL,True,False,True,30,7,2,1.0,289140.3338710168,3.5947424517745805,1.6582682194359792
44007,4,51,FIXED_Q_FIXED_BEAM_JOINT_GLOBAL_INFEASIBLE,132,E3_SITE_12_SEC_1_UE_1,33,0,0.38195655533623496,0.38195655533623496,0.3437608998026115,RELATIVE_0P9_CURRENT_LOAD_NOMINAL,True,False,True,132,33,0,1.0,185068483.604113,3.5068295975301402,0.6516537985784359
44007,4,52,FIXED_Q_FIXED_BEAM_JOINT_GLOBAL_INFEASIBLE,30,E3_SITE_03_SEC_2_UE_3,7,2,1.5202351280397512,1.5202351280397512,1.3682116152357762,RELATIVE_0P9_CURRENT_LOAD_NOMINAL,True,False,True,30,7,2,1.0,364006.11388487276,3.593949269764009,1.6581889012349222
44007,4,52,FIXED_Q_FIXED_BEAM_JOINT_GLOBAL_INFEASIBLE,132,E3_SITE_12_SEC_1_UE_1,33,0,0.38195655533623496,0.38195655533623496,0.3437608998026115,RELATIVE_0P9_CURRENT_LOAD_NOMINAL,True,False,True,132,33,0,1.0,185068483.604113,3.5068295975301402,0.6516537985784359
44007,4,53,FIXED_Q_FIXED_BEAM_JOINT_GLOBAL_INFEASIBLE,30,E3_SITE_03_SEC_2_UE_3,7,2,1.5202351280397512,1.5202351280397512,1.3682116152357762,RELATIVE_0P9_CURRENT_LOAD_NOMINAL,True,False,True,30,7,2,1.0,289140.3338710168,3.5947424517745805,1.6582682194359792
44007,4,53,FIXED_Q_FIXED_BEAM_JOINT_GLOBAL_INFEASIBLE,132,E3_SITE_12_SEC_1_UE_1,33,0,0.38195655533623496,0.38195655533623496,0.3437608998026115,RELATIVE_0P9_CURRENT_LOAD_NOMINAL,True,False,True,132,33,0,1.0,185068483.604113,3.5068295975301402,0.6516537985784359
44007,4,54,FIXED_Q_FIXED_BEAM_JOINT_GLOBAL_INFEASIBLE,30,E3_SITE_03_SEC_2_UE_3,7,2,1.5202351280397512,1.5202351280397512,1.3682116152357762,RELATIVE_0P9_CURRENT_LOAD_NOMINAL,True,False,True,30,7,2,1.0,364006.11388487276,3.593949269764009,1.6581889012349222
44007,4,54,FIXED_Q_FIXED_BEAM_JOINT_GLOBAL_INFEASIBLE,132,E3_SITE_12_SEC_1_UE_1,33,0,0.38195655533623496,0.38195655533623496,0.3437608998026115,RELATIVE_0P9_CURRENT_LOAD_NOMINAL,True,False,True,132,33,0,1.0,185068483.604113,3.5068295975301402,0.6516537985784359
44007,4,55,FIXED_Q_FIXED_BEAM_JOINT_GLOBAL_INFEASIBLE,30,E3_SITE_03_SEC_2_UE_3,7,2,1.5202351280397512,1.5202351280397512,1.3682116152357762,RELATIVE_0P9_CURRENT_LOAD_NOMINAL,True,False,True,30,7,2,1.0,289140.3338710168,3.5947424517745805,1.6582682194359792
44007,4,55,FIXED_Q_FIXED_BEAM_JOINT_GLOBAL_INFEASIBLE,132,E3_SITE_12_SEC_1_UE_1,33,0,0.38195655533623496,0.38195655533623496,0.3437608998026115,RELATIVE_0P9_CURRENT_LOAD_NOMINAL,True,False,True,132,33,0,1.0,185068483.604113,3.5068295975301402,0.6516537985784359
44007,4,56,FIXED_Q_FIXED_BEAM_JOINT_GLOBAL_INFEASIBLE,30,E3_SITE_03_SEC_2_UE_3,7,2,1.5202351280397512,1.5202351280397512,1.3682116152357762,RELATIVE_0P9_CURRENT_LOAD_NOMINAL,True,False,True,30,7,2,1.0,364006.11388487276,3.593949269764009,1.6581889012349222
44007,4,56,FIXED_Q_FIXED_BEAM_JOINT_GLOBAL_INFEASIBLE,132,E3_SITE_12_SEC_1_UE_1,33,0,0.38195655533623496,0.38195655533623496,0.3437608998026115,RELATIVE_0P9_CURRENT_LOAD_NOMINAL,True,False,True,132,33,0,1.0,185068483.604113,3.5068295975301402,0.6516537985784359
44007,4,57,FIXED_Q_FIXED_BEAM_JOINT_GLOBAL_INFEASIBLE,30,E3_SITE_03_SEC_2_UE_3,7,2,1.5202351280397512,1.5202351280397512,1.3682116152357762,RELATIVE_0P9_CURRENT_LOAD_NOMINAL,True,False,True,30,7,2,1.0,289140.3338710168,3.5947424517745805,1.6582682194359792
44007,4,57,FIXED_Q_FIXED_BEAM_JOINT_GLOBAL_INFEASIBLE,132,E3_SITE_12_SEC_1_UE_1,33,0,0.38195655533623496,0.38195655533623496,0.3437608998026115,RELATIVE_0P9_CURRENT_LOAD_NOMINAL,True,False,True,132,33,0,1.0,185068483.604113,3.5068295975301402,0.6516537985784359
44007,4,58,FIXED_Q_FIXED_BEAM_JOINT_GLOBAL_INFEASIBLE,30,E3_SITE_03_SEC_2_UE_3,7,2,1.5202351280397512,1.5202351280397512,1.3682116152357762,RELATIVE_0P9_CURRENT_LOAD_NOMINAL,True,False,True,30,7,2,1.0,364006.11388487276,3.593949269764009,1.6581889012349222
44007,4,58,FIXED_Q_FIXED_BEAM_JOINT_GLOBAL_INFEASIBLE,132,E3_SITE_12_SEC_1_UE_1,33,0,0.38195655533623496,0.38195655533623496,0.3437608998026115,RELATIVE_0P9_CURRENT_LOAD_NOMINAL,True,False,True,132,33,0,1.0,185068483.604113,3.5068295975301402,0.6516537985784359
44007,4,59,FIXED_Q_FIXED_BEAM_JOINT_GLOBAL_INFEASIBLE,30,E3_SITE_03_SEC_2_UE_3,7,2,1.5202351280397512,1.5202351280397512,1.3682116152357762,RELATIVE_0P9_CURRENT_LOAD_NOMINAL,True,False,True,30,7,2,1.0,182435.21724137326,3.5966301840972394,1.6584569926682453
44007,4,59,FIXED_Q_FIXED_BEAM_JOINT_GLOBAL_INFEASIBLE,132,E3_SITE_12_SEC_1_UE_1,33,0,0.38195655533623496,0.38195655533623496,0.3437608998026115,RELATIVE_0P9_CURRENT_LOAD_NOMINAL,True,False,True,132,33,0,1.0,585237931.3025247,3.5068295975301402,0.6516537985784359
44007,4,80,EXPANDED_LOCAL_HYBRID_K4_FEASIBLE,194,E3_SITE_17_SEC_1_UE_3,48,2,0.17267253949852726,0.06456717597462834,0.1,ABSOLUTE_0P1,False,True,True,194,48,2,1.0,534.4246307468076,4.126313426406653,0.4718308963517559
44007,4,81,EXPANDED_LOCAL_HYBRID_K4_FEASIBLE,194,E3_SITE_17_SEC_1_UE_3,48,2,0.17267253949852726,0.06456717597462834,0.1,ABSOLUTE_0P1,False,True,True,194,48,2,1.0,534.4246307468076,4.126313426406653,0.4718308963517559
44007,4,82,EXPANDED_LOCAL_HYBRID_K4_FEASIBLE,194,E3_SITE_17_SEC_1_UE_3,48,2,0.17267253949852726,0.06456717597462834,0.1,ABSOLUTE_0P1,False,True,True,194,48,2,1.0,534.4246307468076,4.126313426406653,0.4718308963517559
44007,4,83,EXPANDED_LOCAL_HYBRID_K4_FEASIBLE,194,E3_SITE_17_SEC_1_UE_3,48,2,0.17267253949852726,0.06456717597462834,0.1,ABSOLUTE_0P1,False,True,True,194,48,2,1.0,534.4246307468076,4.126313426406653,0.4718308963517559
44007,4,84,EXPANDED_LOCAL_HYBRID_K4_FEASIBLE,194,E3_SITE_17_SEC_1_UE_3,48,2,0.17267253949852726,0.06456717597462834,0.1,ABSOLUTE_0P1,False,True,True,194,48,2,1.0,499.2382258664926,4.126313426406653,0.4718308963517559
44007,4,85,EXPANDED_LOCAL_HYBRID_K4_FEASIBLE,194,E3_SITE_17_SEC_1_UE_3,48,2,0.17267253949852726,0.06456717597462834,0.1,ABSOLUTE_0P1,False,True,True,194,48,2,1.0,466.2396075275276,4.126313426406653,0.4718308963517559
44007,4,86,EXPANDED_LOCAL_HYBRID_K4_FEASIBLE,194,E3_SITE_17_SEC_1_UE_3,48,2,0.17267253949852726,0.06456717597462834,0.1,ABSOLUTE_0P1,False,True,True,194,48,2,1.0,435.9216305719282,4.126313426406653,0.4718308963517559
44007,4,87,EXPANDED_LOCAL_HYBRID_K4_FEASIBLE,194,E3_SITE_17_SEC_1_UE_3,48,2,0.17267253949852726,0.06456717597462834,0.1,ABSOLUTE_0P1,False,True,True,194,48,2,1.0,408.0363025098734,4.126313426406653,0.4718308963517559
44007,4,88,EXPANDED_LOCAL_HYBRID_K4_FEASIBLE,194,E3_SITE_17_SEC_1_UE_3,48,2,0.17267253949852726,0.06456717597462834,0.1,ABSOLUTE_0P1,False,True,True,194,48,2,1.0,382.3598792483339,4.126313426406653,0.4718308963517559
44007,4,89,EXPANDED_LOCAL_HYBRID_K4_FEASIBLE,194,E3_SITE_17_SEC_1_UE_3,48,2,0.17267253949852726,0.06456717597462834,0.1,ABSOLUTE_0P1,False,True,True,194,48,2,1.0,358.6906378703725,4.126313426406653,0.4718308963517559
44007,4,90,EXPANDED_LOCAL_HYBRID_K4_FEASIBLE,194,E3_SITE_17_SEC_1_UE_3,48,2,0.17267253949852726,0.06456717597462834,0.1,ABSOLUTE_0P1,False,True,True,194,48,2,1.0,336.84678301617964,4.126313426406653,0.4718308963517559
44007,4,91,EXPANDED_LOCAL_HYBRID_K4_FEASIBLE,194,E3_SITE_17_SEC_1_UE_3,48,2,0.17267253949852726,0.06456717597462834,0.1,ABSOLUTE_0P1,False,True,True,194,48,2,1.0,316.6645019233895,4.126313426406653,0.4718308963517559
44007,4,92,EXPANDED_LOCAL_HYBRID_K4_FEASIBLE,194,E3_SITE_17_SEC_1_UE_3,48,2,0.17267253949852726,0.06456717597462834,0.1,ABSOLUTE_0P1,False,True,True,194,48,2,1.0,297.99617413247057,4.126313426406653,0.4718308963517559
44007,4,93,EXPANDED_LOCAL_HYBRID_K4_FEASIBLE,194,E3_SITE_17_SEC_1_UE_3,48,2,0.17267253949852726,0.06456717597462834,0.1,ABSOLUTE_0P1,False,True,True,194,48,2,1.0,280.7087354717211,4.126313426406653,0.4718308963517559
44007,4,94,EXPANDED_LOCAL_HYBRID_K4_FEASIBLE,194,E3_SITE_17_SEC_1_UE_3,48,2,0.17267253949852726,0.06456717597462834,0.1,ABSOLUTE_0P1,False,True,True,194,48,2,1.0,264.68219159092394,4.126313426406653,0.4718308963517559
44007,4,95,EXPANDED_LOCAL_HYBRID_K4_FEASIBLE,194,E3_SITE_17_SEC_1_UE_3,48,2,0.17267253949852726,0.06456717597462834,0.1,ABSOLUTE_0P1,False,True,True,194,48,2,1.0,249.80827351620545,4.126313426406653,0.4718308963517559
44007,4,96,EXPANDED_LOCAL_HYBRID_K4_FEASIBLE,194,E3_SITE_17_SEC_1_UE_3,48,2,0.17267253949852726,0.06456717597462834,0.1,ABSOLUTE_0P1,False,True,True,194,48,2,1.0,235.98922603037593,4.126313426406653,0.4718308963517559
44007,4,97,EXPANDED_LOCAL_HYBRID_K4_FEASIBLE,194,E3_SITE_17_SEC_1_UE_3,48,2,0.17267253949852726,0.06456717597462834,0.1,ABSOLUTE_0P1,False,True,True,194,48,2,1.0,223.13671884173053,4.126313426406653,0.4718308963517559
44007,4,98,EXPANDED_LOCAL_ALL_STREAM_K4_FEASIBLE,194,E3_SITE_17_SEC_1_UE_3,48,2,0.17267253949852726,0.06456717597462834,0.1,ABSOLUTE_0P1,False,True,True,194,48,2,1.0,211.1708702500826,4.126313426406653,0.4718308963517559
44007,4,99,EXPANDED_LOCAL_ALL_STREAM_K4_FEASIBLE,194,E3_SITE_17_SEC_1_UE_3,48,2,0.17267253949852726,0.06456717597462834,0.1,ABSOLUTE_0P1,False,True,True,194,48,2,1.0,287.5830915727624,4.087594473423272,0.46795900105341787
44007,4,118,FIXED_Q_FIXED_BEAM_JOINT_GLOBAL_INFEASIBLE,30,E3_SITE_03_SEC_2_UE_3,7,2,1.5202351280397512,2.2872436988843874,2.0585193289959487,RELATIVE_0P9_CURRENT_LOAD_NOMINAL,True,False,True,30,7,2,1.0,1508726941.0368602,4.814028137940118,2.3860922703678904
44007,4,118,FIXED_Q_FIXED_BEAM_JOINT_GLOBAL_INFEASIBLE,132,E3_SITE_12_SEC_1_UE_1,33,0,0.38195655533623496,0.2623547283664146,0.23611925552977314,RELATIVE_0P9_CURRENT_LOAD_NOMINAL,True,False,True,132,33,0,1.0,54936364.15141126,3.095599628291847,0.5391797660233306
44007,4,119,FIXED_Q_FIXED_BEAM_JOINT_GLOBAL_INFEASIBLE,30,E3_SITE_03_SEC_2_UE_3,7,2,1.5202351280397512,2.2872436988843874,2.0585193289959487,RELATIVE_0P9_CURRENT_LOAD_NOMINAL,True,False,True,30,7,2,1.0,1444135177.0944798,4.814028137940118,2.3860922703678904
44007,4,119,FIXED_Q_FIXED_BEAM_JOINT_GLOBAL_INFEASIBLE,132,E3_SITE_12_SEC_1_UE_1,33,0,0.38195655533623496,0.2623547283664146,0.23611925552977314,RELATIVE_0P9_CURRENT_LOAD_NOMINAL,True,False,True,132,33,0,1.0,55001176.16139706,3.095599628291847,0.5391797660233306
44007,4,120,FIXED_Q_FIXED_BEAM_JOINT_GLOBAL_INFEASIBLE,30,E3_SITE_03_SEC_2_UE_3,7,2,1.5202351280397512,2.2872436988843874,2.0585193289959487,RELATIVE_0P9_CURRENT_LOAD_NOMINAL,True,False,True,30,7,2,1.0,1388557537.1921859,4.814028137940118,2.3860922703678904
44007,4,120,FIXED_Q_FIXED_BEAM_JOINT_GLOBAL_INFEASIBLE,132,E3_SITE_12_SEC_1_UE_1,33,0,0.38195655533623496,0.2623547283664146,0.23611925552977314,RELATIVE_0P9_CURRENT_LOAD_NOMINAL,True,False,True,132,33,0,1.0,55149323.069080934,3.095599628291847,0.5391797660233306
