scenario,batch_index,user_index,bs_index,total_energy,maximum_path_energy,raw_max_delay_s,active_max_delay_s,energy_support_delay_s,rms_delay_spread_s,active_path_count
uma,0,0,0,2.598953092127324e-13,9.053540794660975e-14,0.9999998807907104,2.7748305910790805e-06,2.7748305910790805e-06,8.406886392270078e-07,16
uma,0,0,1,3.4541157649615883e-14,7.09331182183995e-15,1.0,2.2992703634372447e-06,2.2992703634372447e-06,5.232387119059561e-07,16
uma,0,0,2,5.862925633126595e-17,9.234440872111313e-18,0.9999999403953552,3.5612536066764733e-06,3.5612536066764733e-06,2.9530149611137925e-07,16
uma,0,0,3,1.3361901309088183e-17,3.3535370278487024e-18,0.9999999403953552,1.2336149666225538e-06,1.2336149666225538e-06,3.62491545896097e-07,16
uma,0,0,4,7.870856573654948e-18,1.894304400521456e-18,1.0,9.36869014367403e-07,9.36869014367403e-07,1.9692152640604094e-07,16
uma,0,0,5,2.3381986021491985e-14,6.247160212367268e-15,0.9999999403953552,2.2015067315805936e-06,2.2015067315805936e-06,5.9755227500481e-07,16
uma,0,0,6,9.970492749168296e-16,4.952342238755797e-16,1.0,1.5664693364669802e-06,1.5664693364669802e-06,4.3722136214164224e-07,16
uma,0,0,7,1.23436417214892e-17,3.2544267283944362e-18,1.0,9.354431540486985e-07,9.354431540486985e-07,8.414066129365392e-08,16
uma,0,0,8,3.999352927854257e-15,1.6120455766435986e-15,0.9999999403953552,4.16007833337062e-06,4.16007833337062e-06,2.482874419035101e-07,16
uma,0,0,9,4.126391842813971e-18,8.008136101424405e-19,1.0,9.560209264236619e-07,9.560209264236619e-07,3.234459264889995e-07,16
uma,0,0,10,1.434253617440911e-16,7.11330989914771e-17,1.0,6.924950071152125e-07,6.924950071152125e-07,1.3391023278395462e-07,16
uma,0,0,11,1.0373065904199281e-16,9.113607320846302e-17,0.9999997615814209,1.224497736984631e-05,1.224497736984631e-05,2.656538723858757e-07,16
uma,0,0,12,8.010444979560094e-16,2.1048355810707577e-16,1.0,7.509016768381116e-07,7.509016768381116e-07,1.0102907145762615e-07,16
uma,0,0,13,2.560322250385129e-17,7.586678066751593e-18,0.9999998807907104,2.0293102807045216e-06,2.0293102807045216e-06,1.7390015779562258e-07,16
uma,0,0,14,6.267721134279684e-17,1.206105351000608e-17,1.0,9.4376207471214e-07,9.4376207471214e-07,2.259246564969611e-07,16
uma,0,0,15,8.541181692797251e-17,3.8075461085505786e-17,0.9999999403953552,1.6369857576137292e-06,1.6369857576137292e-06,7.05339897588091e-08,16
uma,0,0,16,1.3849816945816982e-17,2.843812204371582e-18,1.0,1.1464310318842763e-06,1.1464310318842763e-06,1.6358341288718075e-07,16
uma,0,0,17,4.183463628003813e-18,1.391820199138742e-18,0.9999999403953552,1.7174282902487903e-06,1.7174282902487903e-06,7.393624727028233e-07,16
uma,0,0,18,2.569847597333118e-15,5.938513053090825e-16,1.0,1.3543143495553522e-06,1.3543143495553522e-06,1.6320255101192542e-07,16
uma,0,0,19,4.5372553805129465e-18,7.633802753043892e-19,0.9999999403953552,1.1214671076231753e-06,1.1214671076231753e-06,2.894014155749054e-07,16
uma,0,0,20,1.2170996418936118e-17,3.757386868822098e-18,0.9999998807907104,2.103398628605646e-06,2.103398628605646e-06,3.064459462412252e-07,16
uma,0,1,0,2.2453552213115064e-15,3.815585377662308e-16,1.0,3.024298678155901e-07,3.024298678155901e-07,3.555066265832246e-08,16
uma,0,1,1,1.3301972237602277e-13,4.267014530340979e-14,1.0,1.0250954574075877e-06,1.0250954574075877e-06,5.709869705073388e-08,16
uma,0,1,2,7.234854056037617e-14,3.940174331555288e-14,0.9999999403953552,2.7491314540384337e-06,2.7491314540384337e-06,1.6500475056479745e-07,16
uma,0,1,3,9.14199003187024e-16,6.479501879194714e-16,1.0,6.487784389719309e-07,6.487784389719309e-07,1.1141718830839206e-07,16
uma,0,1,4,3.48101356799163e-17,1.035784478818693e-17,0.9999996423721313,6.819238478783518e-06,6.819238478783518e-06,1.5916871140112331e-06,16
uma,0,1,5,2.551008823174183e-14,4.315904763836729e-15,1.0,3.054550745673623e-07,3.054550745673623e-07,4.641520903584993e-08,16
uma,0,1,6,9.988817354302722e-18,2.6618279201165468e-18,1.0,4.3824215367749275e-07,4.3824215367749275e-07,1.435649220304661e-07,16
uma,0,1,7,1.920232799697761e-17,7.585133720547957e-18,0.9999999403953552,2.9027360142208636e-06,2.9027360142208636e-06,3.118012901167354e-07,16
uma,0,1,8,2.6661650766359364e-15,6.502154187182255e-16,0.9999998807907104,6.55254098091973e-07,6.55254098091973e-07,2.0077066888604427e-07,16
uma,0,1,9,7.511136777166309e-17,1.57721902292385e-17,1.0,2.4096743800328113e-06,2.4096743800328113e-06,4.7238093591536966e-07,16
uma,0,1,10,2.45903437565302e-17,4.706237891265857e-18,1.0,1.4587114947062219e-06,1.4587114947062219e-06,2.229379834140555e-07,16
uma,0,1,11,4.114833222892234e-17,1.760404952454741e-17,1.0,1.4852764707029564e-06,1.4852764707029564e-06,1.7228012620289744e-07,16
uma,0,1,12,5.116733481580028e-16,1.7800419885861783e-16,1.0,5.662171815856709e-07,5.662171815856709e-07,6.990433533169822e-08,16
uma,0,1,13,2.617592379041301e-15,6.770624985583649e-16,1.0,1.225018877448747e-06,1.225018877448747e-06,1.3166011643572576e-07,16
uma,0,1,14,6.529514173130808e-18,8.798436866366756e-19,0.9999999403953552,2.0304851204855368e-06,2.0304851204855368e-06,2.264129076350002e-07,16
uma,0,1,15,1.7788586530581945e-15,5.865597280617623e-16,0.9999999403953552,2.2926351448404603e-06,2.2926351448404603e-06,1.9789166247258917e-07,16
uma,0,1,16,2.6216466391712158e-15,7.076605579263017e-16,1.0,1.6068960349002737e-06,1.6068960349002737e-06,1.2640500685907569e-07,16
uma,0,1,17,1.6244021860386953e-18,3.3257613368549374e-19,0.9999999403953552,1.111926167141064e-06,1.111926167141064e-06,1.2422704415046793e-07,16
uma,0,1,18,2.241876104576833e-13,3.646403315469941e-14,1.0,1.5349073692050297e-06,1.5349073692050297e-06,4.5604428006063646e-07,16
uma,0,1,19,1.3451314893445546e-14,4.250871268212438e-15,0.9999999403953552,4.087419256393332e-06,4.087419256393332e-06,6.111342013094308e-07,16
uma,0,1,20,1.9591512594099857e-16,3.995408420956477e-17,0.9999998807907104,1.5128490531424177e-06,1.5128490531424177e-06,3.0369689305000947e-07,16
uma,0,2,0,5.688159513535786e-15,1.6906337170063263e-15,0.9999998807907104,2.225024900326389e-06,2.225024900326389e-06,5.79391420517818e-07,16
uma,0,2,1,3.50732682370174e-16,6.810837080661159e-17,0.9999999403953552,9.940592917700997e-07,9.940592917700997e-07,2.2515680962052864e-07,16
uma,0,2,2,1.0584454517309375e-11,2.817381310887823e-12,0.9999999403953552,9.75282205217809e-07,9.75282205217809e-07,1.3095123808097906e-07,16
uma,0,2,3,1.3077739177404433e-15,6.179107467802489e-16,0.9999999403953552,9.603393209545175e-07,9.603393209545175e-07,1.929611028307748e-07,16
uma,0,2,4,1.2797607238833169e-17,5.02433722685833e-18,0.9999999403953552,1.3505948572856141e-06,1.3505948572856141e-06,2.3525098969713157e-07,16
uma,0,2,5,5.51506393316204e-16,2.9610508948688867e-16,1.0,1.3287810816109413e-06,1.3287810816109413e-06,1.917665356036048e-07,16
uma,0,2,6,1.3711775175959819e-19,4.535763140225552e-20,1.0,7.4669806053861976e-06,7.4669806053861976e-06,1.1218872907118366e-06,16
uma,0,2,7,1.076062180852051e-19,3.0062955247399204e-20,0.9999999403953552,4.5305378080229275e-06,4.5305378080229275e-06,5.570496980660944e-07,16
uma,0,2,8,4.250359600398248e-15,3.58592795824471e-15,0.9999999403953552,1.986218194360845e-06,1.986218194360845e-06,2.924449856006059e-08,16
uma,0,2,9,9.658009437437539e-17,1.5013020406649583e-17,1.0,1.5410781770697213e-06,1.5410781770697213e-06,4.231853120979993e-07,16
uma,0,2,10,3.3372002843508714e-17,7.30034867053575e-18,0.9999997019767761,6.644886070716893e-06,6.644886070716893e-06,8.146137265488137e-07,16
uma,0,2,11,4.4129869619158675e-17,1.600148800376065e-17,1.0,2.4111084258038318e-06,2.4111084258038318e-06,3.0826791829314737e-07,16
uma,0,2,12,1.993005752085732e-15,1.018970682909793e-15,0.9999999403953552,3.1791910259926226e-06,3.1791910259926226e-06,4.32725827636964e-07,16
uma,0,2,13,5.130951323673705e-17,1.0514129811580862e-17,0.9999999403953552,1.2633886399271432e-06,1.2633886399271432e-06,2.179153287595531e-07,16
uma,0,2,14,1.1473064429355462e-16,2.931492356685468e-17,0.9999999403953552,1.8729316479948466e-06,1.8729316479948466e-06,3.574282563010859e-07,16
uma,0,2,15,1.5744816459617508e-15,3.295464267005213e-16,1.0,5.867567551831598e-07,5.867567551831598e-07,7.957109295092577e-08,16
uma,0,2,16,3.9964929975574364e-17,1.4220371275948194e-17,0.9999998807907104,3.577021288947435e-06,3.577021288947435e-06,5.501930578857004e-07,16
uma,0,2,17,1.4563102217460452e-15,9.612766218943425e-16,0.9999999403953552,3.0166513624863e-06,3.0166513624863e-06,3.8543192376634217e-07,16
uma,0,2,18,2.3521620356999693e-15,9.876188171583592e-16,1.0,1.565287107041513e-06,1.565287107041513e-06,2.817338222677312e-07,16
uma,0,2,19,1.0381022202835028e-15,1.6638125246106372e-16,1.0,5.033875822846312e-07,5.033875822846312e-07,1.268612472979815e-07,16
uma,0,2,20,6.091644704044559e-17,1.9350624844340876e-17,0.9999991655349731,6.9864909164607525e-06,6.9864909164607525e-06,7.140955703953356e-07,16
uma,0,3,0,1.0053452938327769e-13,1.750447456796457e-14,4.7280258286264143e-07,4.7280258286264143e-07,4.7280258286264143e-07,1.1407885567923927e-07,24
uma,0,3,1,1.175373690890754e-13,3.682794561389417e-14,2.061170789602329e-06,2.061170789602329e-06,2.061170789602329e-06,1.386209196237457e-07,24
uma,0,3,2,6.562943496269827e-17,1.1170864895833663e-17,3.552739826773177e-06,3.552739826773177e-06,3.552739826773177e-06,9.199867045660914e-07,24
uma,0,3,3,7.926808727391881e-13,1.5265202025615404e-13,1.747537112350983e-06,1.747537112350983e-06,1.747537112350983e-06,1.837817250310369e-07,24
uma,0,3,4,5.387323735774059e-14,1.2224426928619109e-14,9.018355626722041e-07,9.018355626722041e-07,9.018355626722041e-07,1.2504107774173325e-07,24
uma,0,3,5,1.0685757597137623e-13,2.7833475541721997e-14,1.898179471027106e-05,1.898179471027106e-05,1.898179471027106e-05,2.108840255166532e-06,24
uma,0,3,6,4.181533973036858e-14,7.021595236261823e-15,6.494784884125693e-06,6.494784884125693e-06,6.494784884125693e-06,1.203072149603838e-06,24
uma,0,3,7,1.5463953797861524e-13,4.099586609854905e-14,7.450487828464247e-06,7.450487828464247e-06,7.450487828464247e-06,8.994322107544318e-07,24
uma,0,3,8,8.939288797219122e-14,4.413967292799664e-14,3.2242130032500427e-07,3.2242130032500427e-07,3.2242130032500427e-07,3.0574441361134077e-08,24
uma,0,3,9,1.4767695244725493e-15,3.3865589547132685e-16,4.050511051900685e-06,4.050511051900685e-06,4.050511051900685e-06,5.89976179750356e-07,24
uma,0,3,10,1.086402650368298e-12,3.549068862147148e-13,1.7474683318141615e-06,1.7474683318141615e-06,1.7474683318141615e-06,3.1878338120830667e-07,24
uma,0,3,11,4.46324324605376e-16,7.528373248659058e-17,1.2642527735806652e-06,1.2642527735806652e-06,1.2642527735806652e-06,1.6475147529894127e-07,24
uma,0,3,12,4.399404782344629e-15,1.4553885271148103e-15,1.2009404599666595e-06,1.2009404599666595e-06,1.2009404599666595e-06,1.9638950074018095e-07,24
uma,0,3,13,3.4315562809490012e-15,7.226775521086139e-16,1.7050620044756215e-06,1.7050620044756215e-06,1.7050620044756215e-06,2.879627247189932e-07,24
uma,0,3,14,2.101926321906187e-13,3.844876348725601e-14,2.97841552310274e-06,2.97841552310274e-06,2.97841552310274e-06,4.4216658674245063e-07,24
uma,0,3,15,7.790495858697035e-15,3.39094563246798e-15,8.83708617038792e-06,8.83708617038792e-06,8.83708617038792e-06,8.107199408892302e-07,24
uma,0,3,16,1.8562921023271393e-16,4.3607496129750175e-17,2.9567420369858155e-06,2.9567420369858155e-06,2.9567420369858155e-06,6.214851949771898e-07,24
uma,0,3,17,2.8075506994812536e-13,5.444129440876702e-14,8.281484156213992e-07,8.281484156213992e-07,8.281484156213992e-07,1.546548033838866e-07,24
uma,0,3,18,2.773743311486986e-13,3.712023296706911e-14,3.835261850326788e-06,3.835261850326788e-06,3.835261850326788e-06,6.702816284997193e-07,24
uma,0,3,19,1.028288445891802e-15,1.9474793587835701e-16,2.943531853816239e-06,2.943531853816239e-06,2.943531853816239e-06,6.190989918226412e-07,24
uma,0,3,20,1.38769945935643e-15,4.941292693958865e-16,3.512645662340219e-06,3.512645662340219e-06,3.512645662340219e-06,1.302179834628407e-06,24
uma,0,4,0,6.8840024030193085e-18,1.3446956162440194e-18,1.0,3.8751518331991974e-06,3.8751518331991974e-06,4.849032473805423e-07,16
uma,0,4,1,2.1214520433768597e-16,4.081082163976554e-17,0.9999998807907104,1.3530548130802345e-06,1.3530548130802345e-06,1.727803038375004e-07,16
uma,0,4,2,5.340456128890051e-19,8.606597784938311e-20,0.9999999403953552,6.628968094446464e-07,6.628968094446464e-07,1.9679587608893016e-07,16
uma,0,4,3,1.3025526621451147e-14,6.223228990508492e-15,1.0,2.1032976746937493e-06,2.1032976746937493e-06,1.5902081967187144e-07,16
uma,0,4,4,6.768266702088687e-14,1.348799510394929e-14,0.9999997019767761,6.379735623340821e-06,6.379735623340821e-06,3.064595229623155e-07,16
uma,0,4,5,1.8012049507722334e-16,5.787052180116528e-17,1.0,5.776963689640979e-07,5.776963689640979e-07,2.944668245154386e-08,16
uma,0,4,6,4.1124969864444093e-16,1.181191812459756e-16,1.0,8.264789812528761e-07,8.264789812528761e-07,1.4700002364489058e-07,16
uma,0,4,7,5.480322656755126e-19,7.935601796732366e-20,1.0,1.8939713299914729e-06,1.8939713299914729e-06,4.3123307923553877e-07,16
uma,0,4,8,1.5167650280411887e-17,3.2541202579774853e-18,0.9999998807907104,1.7532850051793503e-06,1.7532850051793503e-06,3.987005975119212e-07,16
uma,0,4,9,6.391691368747657e-16,3.210332161850235e-16,0.9999998807907104,5.487544058269123e-06,5.487544058269123e-06,1.3645725345090945e-07,16
uma,0,4,10,1.4217666973272975e-15,5.774953108558388e-16,0.9999998807907104,1.0576205795587157e-06,1.0576205795587157e-06,2.363792244027334e-07,16
uma,0,4,11,1.0269727211456017e-16,3.964791157763439e-17,1.0,1.1489446478663012e-06,1.1489446478663012e-06,2.3691342103618225e-07,16
uma,0,4,12,1.2455006283584295e-17,4.099999288277274e-18,1.0,1.5164341675699688e-06,1.5164341675699688e-06,1.482467874516737e-07,16
uma,0,4,13,8.10071363290659e-16,3.3848770649173767e-16,0.9999999403953552,1.8422864513922832e-06,1.8422864513922832e-06,3.6483025249194576e-07,16
uma,0,4,14,5.651527087045906e-16,3.8520644397225905e-16,1.0,3.0266041903814767e-06,3.0266041903814767e-06,9.947242635413815e-07,16
uma,0,4,15,4.276243654592421e-16,1.655995204600868e-16,1.0,1.5309975651689456e-06,1.5309975651689456e-06,4.895870025425699e-07,16
uma,0,4,16,9.414139107337161e-18,5.296959413143557e-18,0.9999995231628418,9.683008102001622e-06,9.683008102001622e-06,7.352432511509648e-07,16
uma,0,4,17,1.4427031721069335e-14,3.5165201727225615e-15,1.0,2.1085334083181806e-06,2.1085334083181806e-06,1.9775322920928714e-07,16
uma,0,4,18,4.512841865828143e-15,2.4513950880333552e-15,0.9999998807907104,2.9787943276460283e-06,2.9787943276460283e-06,1.3891201286712688e-07,16
uma,0,4,19,7.526258804614166e-15,2.433488176253689e-15,0.9999999403953552,6.71753923597862e-07,6.71753923597862e-07,9.900285282908482e-08,16
uma,0,4,20,4.540658264874318e-17,7.989625040086387e-18,1.0,8.304726293317799e-07,8.304726293317799e-07,8.291355181661453e-08,16
uma,0,5,0,4.4427462734745005e-15,6.623433952756901e-16,1.8279743017046712e-06,1.8279743017046712e-06,1.8279743017046712e-06,3.352875136675814e-07,24
uma,0,5,1,1.068121624405063e-12,1.6615394227582209e-13,8.779737981967628e-06,8.779737981967628e-06,8.779737981967628e-06,5.990100146980228e-07,24
uma,0,5,2,2.9629551994694236e-14,7.967220700994156e-15,2.566052671681973e-06,2.566052671681973e-06,2.566052671681973e-06,6.585488352205786e-07,24
uma,0,5,3,1.4235471522550437e-14,2.979770428882325e-15,3.3813594200182706e-06,3.3813594200182706e-06,3.3813594200182706e-06,4.3983770048390994e-07,24
uma,0,5,4,5.032323610938602e-13,1.2486623605749425e-13,3.2214384191320278e-06,3.2214384191320278e-06,3.2214384191320278e-06,3.897983568319234e-07,24
uma,0,5,5,4.577134637113816e-09,3.700325601485588e-09,1.817299246788025,1.1129594668091158e-06,1.1129594668091158e-06,7.36927265832806e-08,16
uma,0,5,6,3.5253083378668767e-15,4.80042211510541e-16,1.1894552471858333e-06,1.1894552471858333e-06,1.1894552471858333e-06,1.084183428024853e-07,24
uma,0,5,7,2.378167867533718e-13,9.457923810449187e-14,2.084517973344191e-06,2.084517973344191e-06,2.084517973344191e-06,4.441211484590673e-07,24
uma,0,5,8,1.0326375525137253e-14,2.296704001975144e-15,2.436565182506456e-06,2.436565182506456e-06,2.436565182506456e-06,5.190168685108054e-07,24
uma,0,5,9,8.310680129408348e-14,1.5749862758386232e-14,3.0789522043050965e-06,3.0789522043050965e-06,3.0789522043050965e-06,6.645475773293569e-07,24
uma,0,5,10,4.828434163033045e-15,7.399373836561372e-16,6.567996706507984e-07,6.567996706507984e-07,6.567996706507984e-07,9.9215082493523e-08,24
uma,0,5,11,1.1082255108184204e-12,2.1267983576524208e-13,2.4645014491397887e-06,2.4645014491397887e-06,2.4645014491397887e-06,2.8803412764531576e-07,24
uma,0,5,12,7.341476235348494e-17,9.231678088865386e-18,1.3813851182931103e-06,1.3813851182931103e-06,1.3813851182931103e-06,1.7572986190341622e-07,24
uma,0,5,13,9.856890045558207e-16,2.4749320689947433e-16,1.7248203221242875e-06,1.7248203221242875e-06,1.7248203221242875e-06,2.228604642612154e-07,24
uma,0,5,14,1.6762328937733924e-13,2.825718513886112e-14,6.65668812871445e-06,6.65668812871445e-06,6.65668812871445e-06,6.958267980658822e-07,24
uma,0,5,15,2.7201049877018605e-15,1.4116272051696273e-15,5.140765551914228e-06,5.140765551914228e-06,5.140765551914228e-06,2.22948556020167e-07,24
uma,0,5,16,9.068741734072921e-14,2.405656579431044e-14,3.508679128572112e-06,3.508679128572112e-06,3.508679128572112e-06,2.713573499209103e-07,24
uma,0,5,17,1.8143570832982956e-15,2.3791736708186646e-16,1.3636509947900777e-06,1.3636509947900777e-06,1.3636509947900777e-06,2.8179293905158706e-07,24
uma,0,5,18,5.661950944584797e-13,8.500632923263973e-14,4.678370714827906e-06,4.678370714827906e-06,4.678370714827906e-06,4.1470982749378484e-07,24
uma,0,5,19,1.0670339344652294e-13,1.8762028809369245e-14,7.669584647373995e-07,7.669584647373995e-07,7.669584647373995e-07,7.473913956072195e-08,24
uma,0,5,20,5.794593268537409e-15,1.0190278576337327e-15,8.166702173184603e-06,8.166702173184603e-06,8.166702173184603e-06,5.009407519263691e-07,24
uma,0,6,0,9.098537951884993e-15,6.786814220425402e-15,0.9999999403953552,1.4321182106868946e-06,1.4321182106868946e-06,9.52938238886537e-08,16
uma,0,6,1,4.0681558844055035e-16,1.7151535738238845e-16,0.9999999403953552,4.3015276673941116e-07,4.3015276673941116e-07,1.0582579860736485e-07,16
uma,0,6,2,5.069072302461805e-18,1.0817936293369032e-18,1.0,1.665651780058397e-06,1.665651780058397e-06,1.9947887412325658e-07,16
uma,0,6,3,8.932970555168146e-16,1.6540697928326407e-16,1.0,2.221571548943757e-07,2.221571548943757e-07,3.92517771488823e-08,16
uma,0,6,4,8.752585705277592e-16,2.0699206182871394e-16,1.0,2.05659858920626e-07,2.05659858920626e-07,1.405918217557719e-08,16
uma,0,6,5,2.582247961880549e-18,6.645152866005334e-19,1.0,2.967251475638477e-06,2.967251475638477e-06,5.51235061166587e-07,16
uma,0,6,6,3.7754253095057055e-12,1.334355802934395e-12,1.0,4.888314606432687e-07,4.888314606432687e-07,2.473683212465586e-08,16
uma,0,6,7,1.3289025418239642e-15,4.001183001899934e-16,1.0,2.0577252257680811e-07,2.0577252257680811e-07,2.7270979552354688e-08,16
uma,0,6,8,7.838350092498373e-16,1.151411325174377e-16,1.0,2.3603047338838223e-06,2.3603047338838223e-06,3.1760703304634253e-07,16
uma,0,6,9,1.1964539569743698e-18,3.969840350940524e-19,0.9999995231628418,7.399105470540235e-06,7.399105470540235e-06,1.394380373875636e-06,16
uma,0,6,10,1.843786642562758e-15,1.0047779047247184e-15,0.9999998807907104,1.9344886368344305e-06,1.9344886368344305e-06,1.1997545052696975e-07,16
uma,0,6,11,7.947878835617685e-18,2.0209290018959204e-18,0.9999999403953552,2.5465465114393737e-06,2.5465465114393737e-06,3.5166597967248746e-07,16
uma,0,6,12,3.440994582628576e-17,9.749463373821529e-18,0.9999999403953552,2.319017085028463e-06,2.319017085028463e-06,2.43228195484278e-07,16
uma,0,6,13,3.275958617140346e-17,7.355900466113586e-18,1.0,5.846271733389585e-07,5.846271733389585e-07,1.4981810428398514e-07,16
uma,0,6,14,6.513842250271605e-17,1.847283897627308e-17,0.9999999403953552,1.800204017854412e-06,1.800204017854412e-06,2.039878269040157e-07,16
uma,0,6,15,6.328549595118118e-17,1.0666087026009916e-17,1.0,2.1066296085336944e-07,2.1066296085336944e-07,4.427128168082421e-08,16
uma,0,6,16,4.044125045702546e-15,1.1436230160430513e-15,1.0,6.691271892123041e-07,6.691271892123041e-07,7.202211982740816e-08,16
uma,0,6,17,3.4979881746936074e-17,1.3586200024444614e-17,1.0,7.864820759095892e-07,7.864820759095892e-07,1.84656971852364e-07,16
uma,0,6,18,2.530397378703634e-16,4.673676340043013e-17,1.0,7.524036504946707e-07,7.524036504946707e-07,1.9133746487052266e-07,16
uma,0,6,19,8.096042130914185e-17,2.734711713787268e-17,0.9999998211860657,2.7033265723730437e-06,2.7033265723730437e-06,7.456106015328742e-07,16
uma,0,6,20,2.1265254809592047e-15,4.575181231353915e-16,0.9999999403953552,5.627176733469241e-07,5.627176733469241e-07,1.293739442573123e-07,16
uma,0,7,0,6.199403402288544e-17,3.064150289370802e-17,0.9999999403953552,3.135538918286329e-06,3.135538918286329e-06,4.1655433547001875e-07,16
uma,0,7,1,1.4563282116157426e-17,5.06258853992462e-18,0.9999999403953552,4.231933871778892e-06,4.231933871778892e-06,6.739116843594206e-07,16
uma,0,7,2,6.495447831739714e-18,1.2217754398452972e-18,1.0,6.012365929564112e-07,6.012365929564112e-07,1.0179491207546077e-07,16
uma,0,7,3,2.4232187205219405e-16,1.0925913059091192e-16,0.9999999403953552,2.9393183922366006e-06,2.9393183922366006e-06,6.686754446824023e-07,16
uma,0,7,4,1.6794258187174807e-17,1.0660692981235457e-17,0.9999998807907104,2.292749968546559e-06,2.292749968546559e-06,4.425732439582801e-07,16
uma,0,7,5,2.4876034416488706e-18,8.549982829628797e-19,1.0,2.022234866672079e-06,2.022234866672079e-06,1.917277465401925e-07,16
uma,0,7,6,6.221470978920422e-13,1.7165511633637776e-13,0.9999999403953552,6.41005817669793e-06,6.41005817669793e-06,1.7648494778768521e-06,16
uma,0,7,7,4.309404118166098e-09,1.0442391396026096e-09,1.0,3.833992536783626e-07,3.833992536783626e-07,6.539850847646713e-08,16
uma,0,7,8,1.4744533954020531e-12,3.1866515177482457e-13,1.0,1.962331452887156e-06,1.962331452887156e-06,3.009614149229537e-07,16
uma,0,7,9,8.402988748635145e-16,2.1859266773228422e-16,0.9999998807907104,8.285137482744176e-06,8.285137482744176e-06,7.951809191697722e-07,16
uma,0,7,10,1.2521642529879083e-14,5.090653613438242e-15,0.9999999403953552,1.6301819414366037e-06,1.6301819414366037e-06,4.7842586622086593e-08,16
uma,0,7,11,6.238034746543801e-16,1.7472502991733101e-16,1.0,2.0665915201334428e-07,2.0665915201334428e-07,3.6833635440170985e-08,16
uma,0,7,12,3.016805746346664e-16,1.2869614783278906e-16,1.0,1.9345393411640543e-06,1.9345393411640543e-06,2.872729760865022e-07,16
uma,0,7,13,1.2073009353690192e-16,6.373486176725182e-17,0.9999999403953552,8.528375587957271e-07,8.528375587957271e-07,2.969293497963607e-07,16
uma,0,7,14,1.1000009675315796e-15,2.980038197172776e-16,0.9999998807907104,3.982484940934228e-06,3.982484940934228e-06,6.596510864910666e-07,16
uma,0,7,15,1.967051442622329e-19,3.8563955026092025e-20,1.0,2.3117195269151125e-06,2.3117195269151125e-06,1.873164191316272e-07,16
uma,0,7,16,2.5403397088127765e-14,7.854675433292477e-15,1.0,2.1795071916130837e-06,2.1795071916130837e-06,1.5901395252791742e-07,16
uma,0,7,17,2.2299462910728403e-17,1.0656307269627701e-17,0.9999999403953552,1.4778451031816076e-06,1.4778451031816076e-06,1.196917827594028e-07,16
uma,0,7,18,5.370901469378236e-18,1.3207877183969758e-18,0.9999998807907104,1.7536550558361341e-06,1.7536550558361341e-06,4.6158002112669035e-07,16
uma,0,7,19,6.803840588613774e-16,5.626913983993202e-16,0.9999998211860657,9.08381935005309e-06,9.08381935005309e-06,1.097687429432995e-06,16
uma,0,7,20,1.0258682874278028e-16,2.4835753784769834e-17,1.0,3.271138666605111e-06,3.271138666605111e-06,7.038903521283477e-07,16
uma,0,8,0,7.789816959118276e-14,2.8178009581149473e-14,1.0,5.190673846300342e-07,5.190673846300342e-07,4.2411483060401245e-08,16
uma,0,8,1,1.0322057108498038e-14,1.9311017120506122e-15,1.0,4.6621747173958283e-07,4.6621747173958283e-07,9.606793458429365e-08,16
uma,0,8,2,6.29476497050565e-16,1.8318969485703925e-16,0.9999998211860657,2.2727076611772645e-06,2.2727076611772645e-06,4.041153225839858e-07,16
uma,0,8,3,5.245406507389058e-16,1.3636003576509697e-16,1.0,3.65192795470648e-06,3.65192795470648e-06,2.851129441437981e-07,16
uma,0,8,4,1.2217402106107495e-16,5.334571150160221e-17,1.0,3.8935840507292596e-07,3.8935840507292596e-07,4.383157378137227e-08,16
uma,0,8,5,2.948539750694779e-14,1.1880948292243912e-14,1.0,1.366844799122191e-06,1.366844799122191e-06,1.8942042729218777e-07,16
uma,0,8,6,2.4741271089899152e-18,6.548523177810537e-19,1.0,1.4573763564840192e-06,1.4573763564840192e-06,3.3054167551716034e-07,16
uma,0,8,7,3.575155212650587e-17,1.201002060211462e-17,0.9999999403953552,1.0108839205713593e-06,1.0108839205713593e-06,9.486224735006188e-08,16
uma,0,8,8,1.9033386825450475e-14,3.0047913586277435e-15,1.0,6.402033250196837e-07,6.402033250196837e-07,1.8167343365048038e-07,16
uma,0,8,9,2.1504824668057244e-14,1.1196892954370812e-14,1.0,1.343474764325947e-06,1.343474764325947e-06,3.613176482924297e-07,16
uma,0,8,10,5.084348592339073e-14,1.525978643576384e-14,0.9999998807907104,2.789311110973358e-06,2.789311110973358e-06,4.0192018022667947e-07,16
uma,0,8,11,4.161740604152413e-18,1.1332717671930689e-18,0.9999999403953552,1.9551303012121934e-06,1.9551303012121934e-06,2.6019129674572753e-07,16
uma,0,8,12,1.3516536381567546e-16,4.358259799331233e-17,1.0,7.040545142444898e-07,7.040545142444898e-07,7.258848817552926e-08,16
uma,0,8,13,1.1638234633978647e-17,3.4000316093093892e-18,1.0,1.3258262470117188e-06,1.3258262470117188e-06,4.190155582060629e-07,16
uma,0,8,14,2.5067360674361603e-15,1.2385976440451238e-15,1.0,1.7427704506189912e-06,1.7427704506189912e-06,9.057221006082061e-08,16
uma,0,8,15,8.960979606414292e-18,1.9046507756232693e-18,1.0,2.6723710107035004e-06,2.6723710107035004e-06,2.2875045761646758e-07,16
uma,0,8,16,2.2293143834277402e-17,7.41368730370654e-18,0.9999999403953552,3.6804306091653416e-06,3.6804306091653416e-06,3.4699248715624855e-07,16
uma,0,8,17,5.967594714706102e-18,1.628513588722575e-18,1.0,4.558011823974084e-06,4.558011823974084e-06,7.976056309695268e-07,16
uma,0,8,18,1.9405387973752326e-16,5.422130864976919e-17,0.9999999403953552,2.29192960432556e-06,2.29192960432556e-06,2.1537115921505933e-07,16
uma,0,8,19,1.3903550031236368e-18,3.005105806374522e-19,1.0,2.554706725277356e-06,2.554706725277356e-06,4.298094347517211e-07,16
uma,0,8,20,5.630040508184337e-16,2.244033799248977e-16,1.0,1.7058841876860242e-06,1.7058841876860242e-06,1.226073806717103e-07,16
uma,0,9,0,1.1691905949205154e-15,1.9757027612838794e-16,1.0,1.1190828672624775e-06,1.1190828672624775e-06,1.7672748496395438e-07,16
uma,0,9,1,1.0289340769487483e-16,2.6263209441685243e-17,1.0,2.5912174805853283e-06,2.5912174805853283e-06,2.7392277916423776e-07,16
uma,0,9,2,1.182253248497287e-15,2.578221384165301e-16,1.0,1.3736228083871538e-06,1.3736228083871538e-06,1.9337388984013036e-07,16
uma,0,9,3,6.013341062413049e-16,2.4133353036748185e-16,1.0,1.3155295164324343e-06,1.3155295164324343e-06,4.052191145093908e-07,16
uma,0,9,4,1.214816581804957e-13,2.4383349411295253e-14,0.9999998211860657,2.1228647710813675e-06,2.1228647710813675e-06,1.3181141023016497e-07,16
uma,0,9,5,2.364498506276376e-19,6.474779509213552e-20,0.9999998807907104,5.811323262605583e-06,5.811323262605583e-06,1.81569535312797e-06,16
uma,0,9,6,2.8985072730249766e-17,1.229753452096764e-17,1.0,2.464461658746586e-06,2.464461658746586e-06,1.752371534169152e-07,16
uma,0,9,7,1.9001059320755577e-17,3.3935767053993317e-18,1.0,1.2099360446882201e-06,1.2099360446882201e-06,8.564912495886008e-08,16
uma,0,9,8,9.196857690196575e-15,2.332827839593172e-15,0.9999999403953552,2.1681007638107985e-06,2.1681007638107985e-06,1.8535793516468649e-07,16
uma,0,9,9,5.558294689675835e-12,1.2673158963222297e-12,1.0,1.1100133860963979e-06,1.1100133860963979e-06,9.209476688709778e-08,16
uma,0,9,10,1.1027428210400576e-15,2.532330462572043e-16,0.9999998807907104,1.280383912671823e-06,1.280383912671823e-06,2.3794087721876482e-07,16
uma,0,9,11,1.6392674247223257e-15,5.417156862517515e-16,0.9999998211860657,5.588424301095074e-06,5.588424301095074e-06,7.386243423600842e-07,16
uma,0,9,12,4.194964113652915e-17,1.3142047048895491e-17,0.9999999403953552,2.0314575976954075e-06,2.0314575976954075e-06,1.1269476986396617e-07,16
uma,0,9,13,8.822153033041475e-15,3.1794914804824694e-15,0.9999999403953552,1.3456556189339608e-06,1.3456556189339608e-06,1.7689618955992488e-07,16
uma,0,9,14,1.030599295694876e-16,2.3179635628042716e-17,1.0,9.48701028846699e-07,9.48701028846699e-07,6.75727315353408e-08,16
uma,0,9,15,4.9723416358302244e-18,1.5429118724543357e-18,0.9999998211860657,1.2859451317126513e-06,1.2859451317126513e-06,3.3914097888134144e-07,16
uma,0,9,16,7.008213815758159e-17,1.5993742284504703e-17,1.0,1.7041452338162344e-06,1.7041452338162344e-06,5.319365045574648e-07,16
uma,0,9,17,1.672274623739483e-14,5.74126427890548e-15,1.0,1.5194142406471656e-06,1.5194142406471656e-06,2.4039858313340764e-07,16
uma,0,9,18,7.224081250728808e-15,2.9952622379711327e-15,0.9999999403953552,5.745816451963037e-06,5.745816451963037e-06,8.406096116571931e-07,16
uma,0,9,19,1.851253685435736e-13,3.696122116594695e-14,0.9999999403953552,7.049092687338998e-07,7.049092687338998e-07,1.008617800990466e-07,16
uma,0,9,20,3.4654304407800437e-18,1.062547824819785e-18,0.9999999403953552,9.47952912611072e-07,9.47952912611072e-07,1.3210628758818284e-07,16
uma,0,10,0,9.907712763432587e-15,1.7931592202166972e-15,1.0030723387899343e-05,1.0030723387899343e-05,1.0030723387899343e-05,9.867434594575772e-07,24
uma,0,10,1,1.6915759252514633e-16,2.4089602130661276e-17,9.399909117746574e-07,9.399909117746574e-07,9.399909117746574e-07,1.2093816763530292e-07,24
uma,0,10,2,3.820324450901579e-15,6.521897466391568e-16,9.427453164789767e-07,9.427453164789767e-07,9.427453164789767e-07,1.904785841068133e-07,24
uma,0,10,3,5.1552389832935975e-15,1.4148844703682937e-15,1.7681660438029212e-06,1.7681660438029212e-06,1.7681660438029212e-06,2.2973190669730657e-07,24
uma,0,10,4,5.909712794727083e-13,1.5120573521563985e-13,5.356620022212155e-06,5.356620022212155e-06,5.356620022212155e-06,3.0783022096816705e-07,24
uma,0,10,5,2.516535673503513e-15,1.0840704588622064e-15,4.242126124154311e-06,4.242126124154311e-06,4.242126124154311e-06,3.6846495082441454e-07,24
uma,0,10,6,4.626385392594125e-13,9.830259165271443e-14,5.389522812038194e-06,5.389522812038194e-06,5.389522812038194e-06,1.0174295567785902e-06,24
uma,0,10,7,6.98498778646469e-15,8.083942688158745e-16,5.354463041840063e-07,5.354463041840063e-07,5.354463041840063e-07,6.894995921680519e-08,24
uma,0,10,8,7.493721478732137e-13,1.930668353054138e-13,2.2625213205174077e-06,2.2625213205174077e-06,2.2625213205174077e-06,2.7281998748643486e-07,24
uma,0,10,9,2.062007349104875e-12,5.453645347819336e-13,2.01721059056581e-06,2.01721059056581e-06,2.01721059056581e-06,3.579999154579661e-07,24
uma,0,10,10,2.8624591729880567e-12,7.465580345762668e-13,1.5230493772833142e-06,1.5230493772833142e-06,1.5230493772833142e-06,2.1382817310913773e-07,24
uma,0,10,11,1.3693433659376263e-14,1.0987987736281826e-15,4.095838448847644e-06,4.095838448847644e-06,4.095838448847644e-06,9.126754329272046e-07,24
uma,0,10,12,1.4642620732680967e-14,4.968194248605425e-15,2.408250566077186e-06,2.408250566077186e-06,2.408250566077186e-06,1.8634615709856087e-07,24
uma,0,10,13,6.456852949748838e-15,2.5345735116954907e-15,1.4585597227778635e-06,1.4585597227778635e-06,1.4585597227778635e-06,1.801556763117157e-07,24
uma,0,10,14,2.604402059076429e-15,9.515731183297156e-16,3.696276053233305e-06,3.696276053233305e-06,3.696276053233305e-06,4.673430638709561e-07,24
uma,0,10,15,2.8098847678535376e-14,5.649126576001999e-15,7.884502792876447e-07,7.884502792876447e-07,7.884502792876447e-07,3.214240263897108e-08,24
uma,0,10,16,7.774156218283048e-14,1.5066451165553045e-14,1.992106945181149e-06,1.992106945181149e-06,1.992106945181149e-06,6.688130723105492e-07,24
uma,0,10,17,1.5641056278761262e-12,5.256399157084479e-13,9.431888088329288e-07,9.431888088329288e-07,9.431888088329288e-07,1.8303899752049554e-07,24
uma,0,10,18,5.231155684259382e-16,1.1666810792821059e-16,2.630504695844138e-06,2.630504695844138e-06,2.630504695844138e-06,8.676105436437744e-07,24
uma,0,10,19,2.4169462680980878e-14,1.2658139137832359e-14,3.414676257307292e-07,3.414676257307292e-07,3.414676257307292e-07,4.7281583748911164e-08,24
uma,0,10,20,9.06433720453016e-15,1.58741343502097e-15,3.4137726743210806e-06,3.4137726743210806e-06,3.4137726743210806e-06,4.1149838348002893e-07,24
uma,0,11,0,1.794996126244321e-14,5.738145080077216e-15,0.9999999403953552,2.7038779535359936e-06,2.7038779535359936e-06,1.87277697388755e-07,16
uma,0,11,1,6.102325997437519e-19,1.9854487955804716e-19,0.9999998211860657,3.089674919465324e-06,3.089674919465324e-06,8.414951827149167e-07,16
uma,0,11,2,2.4166836842655237e-16,7.746228799203884e-17,1.0,7.74126988289936e-07,7.74126988289936e-07,1.2691850383394168e-07,16
uma,0,11,3,1.2271847424265964e-18,2.775895868093668e-19,1.0,4.973200702806935e-06,4.973200702806935e-06,5.440004860131516e-07,16
uma,0,11,4,5.26052025910562e-16,1.5915598201164574e-16,0.9999998807907104,4.531744252744829e-06,4.531744252744829e-06,5.363600796686301e-07,16
uma,0,11,5,9.631595584809526e-16,2.302092349129543e-16,0.9999999403953552,2.584195897270547e-07,2.584195897270547e-07,3.6740804101003565e-08,16
uma,0,11,6,2.225782568669956e-18,6.105654296764826e-19,0.9999999403953552,1.065961669155513e-06,1.065961669155513e-06,2.531380176072397e-07,16
uma,0,11,7,3.703511426649228e-18,8.536263522181722e-19,1.0,2.359881818847498e-06,2.359881818847498e-06,3.323276876213252e-07,16
uma,0,11,8,9.529507895850896e-16,2.4372809250936976e-16,0.9999999403953552,2.604195515232277e-06,2.604195515232277e-06,4.4709887635771035e-07,16
uma,0,11,9,1.888339397741303e-15,6.274119153496004e-16,0.9999998807907104,1.3323876828508219e-06,1.3323876828508219e-06,2.3035359992596136e-07,16
uma,0,11,10,1.5204794496238805e-17,5.277117831790248e-18,0.9999999403953552,1.6220785710174823e-06,1.6220785710174823e-06,2.6127613218645495e-07,16
uma,0,11,11,1.6351664486836715e-14,3.458215506831259e-15,0.9999999403953552,6.708826731482986e-06,6.708826731482986e-06,1.3045920050704624e-06,16
uma,0,11,12,5.902548786949389e-17,1.4330521955038205e-17,1.0,2.2622489268542267e-06,2.2622489268542267e-06,2.5861597507102433e-07,16
uma,0,11,13,6.135861954842343e-13,3.0645378270612034e-13,0.9999998807907104,1.520891601103358e-06,1.520891601103358e-06,1.6034098051881874e-07,16
uma,0,11,14,3.3330269100770396e-17,6.452176695577964e-18,1.0,9.137383472079819e-07,9.137383472079819e-07,3.019671048068467e-07,16
uma,0,11,15,7.73864248589147e-18,2.593348945925732e-18,0.9999999403953552,5.5210607570188586e-06,5.5210607570188586e-06,1.3700950769422114e-06,16
uma,0,11,16,6.119749151480142e-18,1.021229015849419e-18,1.0,3.3929200071725063e-06,3.3929200071725063e-06,4.6431514337084916e-07,16
uma,0,11,17,6.62583936169102e-14,1.0343464908364741e-14,1.0,1.7829652279033326e-06,1.7829652279033326e-06,1.5153010812782357e-07,16
uma,0,11,18,2.9125575223347417e-16,1.514759078091114e-16,0.9999999403953552,9.808595677895937e-06,9.808595677895937e-06,2.2503893244865744e-07,16
uma,0,11,19,3.8977806591802224e-13,1.8158998610351418e-13,0.9999999403953552,1.0210593472947949e-06,1.0210593472947949e-06,1.9283539212627995e-07,16
uma,0,11,20,1.603662625567882e-15,7.211892622807289e-16,1.0,9.413001293978596e-07,9.413001293978596e-07,2.8214620200288426e-07,16
uma,0,12,0,3.609527659927245e-15,8.192608544962e-16,1.0,1.0130738701263908e-06,1.0130738701263908e-06,2.8598200892155925e-07,16
uma,0,12,1,7.993770128468828e-19,2.25286982527033e-19,0.9999999403953552,2.1444755020638695e-06,2.1444755020638695e-06,1.9355091276550715e-07,16
uma,0,12,2,1.9084540682553728e-14,7.644589239516782e-15,1.0,7.808155260136118e-07,7.808155260136118e-07,1.9910326734740069e-07,16
uma,0,12,3,1.5422940309680942e-16,4.3675824557069505e-17,0.9999998211860657,7.431908215949079e-06,7.431908215949079e-06,2.1909911580792646e-07,16
uma,0,12,4,8.942944590426855e-17,2.8498873496624164e-17,0.9999998807907104,4.625586370821111e-06,4.625586370821111e-06,2.8733031828934313e-07,16
uma,0,12,5,1.1667519978057936e-17,4.642851868106531e-18,0.9999999403953552,4.364588050975726e-07,4.364588050975726e-07,2.8061335453041948e-08,16
uma,0,12,6,8.962784391152727e-16,2.605862980909965e-16,1.0,1.7357668866679887e-06,1.7357668866679887e-06,2.271211468167629e-07,16
uma,0,12,7,3.649044883020085e-16,7.847433354533012e-17,0.9999999403953552,9.843489578997833e-07,9.843489578997833e-07,1.228163685468213e-07,16
uma,0,12,8,4.0703447795086656e-19,7.964540839709505e-20,0.9999998807907104,1.5534375052084215e-05,1.5534375052084215e-05,2.8358144733271977e-06,16
uma,0,12,9,1.514656200216614e-17,5.129934276676237e-18,1.0,8.837316727294819e-07,8.837316727294819e-07,1.766835861975021e-07,16
uma,0,12,10,4.620261264125304e-16,2.2258342375860345e-16,0.9999998211860657,2.171219421143178e-06,2.171219421143178e-06,4.543041553348791e-07,16
uma,0,12,11,9.618035568669738e-14,2.7944706214289537e-14,1.0,1.278542981708597e-06,1.278542981708597e-06,3.0500115499584944e-08,16
uma,0,12,12,1.2274960282120876e-13,4.4623240649452334e-14,0.9999998807907104,3.3317373890895396e-06,3.3317373890895396e-06,4.203380165534983e-07,16
uma,0,12,13,2.364749520703682e-16,7.739032989619163e-17,0.9999998807907104,2.2306728624243988e-06,2.2306728624243988e-06,2.915559786368425e-07,16
uma,0,12,14,2.362178573049515e-16,3.5081226086741436e-17,0.9999999403953552,3.596239366743248e-06,3.596239366743248e-06,8.690636423561382e-07,16
uma,0,12,15,2.4488225136897397e-17,4.602601673090007e-18,0.9999998211860657,5.896065886190627e-06,5.896065886190627e-06,1.0265819041244118e-06,16
uma,0,12,16,2.2611121134072336e-18,5.620711390849488e-19,1.0,9.01390876606456e-07,9.01390876606456e-07,1.222028496751962e-07,16
uma,0,12,17,2.5259834934599237e-15,8.169743949342054e-16,1.0,1.2451164366211742e-06,1.2451164366211742e-06,4.5554776797374894e-07,16
uma,0,12,18,9.160987272490695e-17,1.977553594448079e-17,0.9999998211860657,1.3054582268523518e-06,1.3054582268523518e-06,2.9557835528249287e-07,16
uma,0,12,19,1.7619708694111705e-13,4.7461190657909977e-14,0.9999999403953552,1.3697617760044523e-06,1.3697617760044523e-06,2.041749898932108e-07,16
uma,0,12,20,7.473266569308594e-17,3.652252543838853e-17,1.0,6.503632903331891e-07,6.503632903331891e-07,1.4612931024194518e-07,16
uma,0,13,0,6.971859151257623e-17,3.4581721493322714e-17,0.9999998807907104,7.845703748898814e-07,7.845703748898814e-07,1.7045667536678423e-07,16
uma,0,13,1,4.287047452042676e-17,1.7244174672888864e-17,0.9999999403953552,1.4465081221715081e-06,1.4465081221715081e-06,3.0850281211559054e-07,16
uma,0,13,2,1.028082167878024e-13,3.4351956500720815e-14,1.0,2.9304533200047445e-06,2.9304533200047445e-06,1.9664037151702472e-07,16
uma,0,13,3,1.6053038754309795e-14,5.105959498795127e-15,1.0,4.630819319118018e-07,4.630819319118018e-07,1.3930546357657321e-08,16
uma,0,13,4,4.6260438973327514e-18,8.9989909417833e-19,0.9999998807907104,6.800906930948258e-07,6.800906930948258e-07,1.469079979592697e-07,16
uma,0,13,5,2.3721021251523224e-18,9.34529837703475e-19,1.0,1.0757602240119013e-06,1.0757602240119013e-06,3.297217741905271e-07,16
uma,0,13,6,1.4999809857284493e-17,2.0988115720853913e-18,0.9999999403953552,1.929406153067248e-06,1.929406153067248e-06,4.1316221109523785e-07,16
uma,0,13,7,9.650437208975317e-16,2.4157019666690063e-16,0.9999998807907104,3.3824530873971526e-06,3.3824530873971526e-06,3.2900774022345885e-07,16
uma,0,13,8,4.543821179939462e-19,6.397367036105953e-20,1.0,1.1185649100298178e-06,1.1185649100298178e-06,2.81046065870904e-07,16
uma,0,13,9,3.895733161150493e-16,1.9462196619723254e-16,1.0,5.880172011529794e-07,5.880172011529794e-07,1.1688476570647696e-07,16
uma,0,13,10,1.0109339220578351e-14,6.364132921284245e-15,1.0,1.4540660231432412e-06,1.4540660231432412e-06,2.882600191147323e-07,16
uma,0,13,11,3.942360118905507e-17,9.970647333715146e-18,1.0,8.553637940167391e-07,8.553637940167391e-07,2.0407640125359394e-07,16
uma,0,13,12,3.3933352422795407e-15,6.864035779006853e-16,1.0,4.910862116958015e-07,4.910862116958015e-07,1.2943376435483416e-07,16
uma,0,13,13,1.9518085652151677e-11,7.445088816282475e-12,0.9999998211860657,1.1591539077926427e-05,1.1591539077926427e-05,9.605399494694084e-07,16
uma,0,13,14,3.7012437608176417e-13,8.419355707403597e-14,0.9999999403953552,4.492366315389518e-06,4.492366315389518e-06,2.0830828819503524e-07,16
uma,0,13,15,7.159131599475574e-15,1.6299577823791853e-15,1.0,6.86092619162082e-07,6.86092619162082e-07,1.683604557025297e-07,16
uma,0,13,16,2.3334715798250978e-17,4.520773244583505e-18,1.0,1.4749901993127423e-06,1.4749901993127423e-06,4.5704268812147493e-07,16
uma,0,13,17,3.655936650027577e-15,1.0580432539754499e-15,0.9999999403953552,3.613280341596692e-07,3.613280341596692e-07,1.5136986886555905e-07,16
uma,0,13,18,3.043788040473391e-17,4.9334060893009885e-18,1.0,3.728756325926952e-07,3.728756325926952e-07,1.0744425046199357e-07,16
uma,0,13,19,8.716227198054591e-16,4.699988889153876e-16,1.0,4.401990736369044e-06,4.401990736369044e-06,4.1822428424048665e-07,16
uma,0,13,20,7.214596137794923e-19,1.4849143106003333e-19,1.0,2.2740184704161948e-06,2.2740184704161948e-06,6.206728255186897e-07,16
uma,0,14,0,1.1376267163370614e-14,3.4619176760854707e-15,4.846079946219106e-07,4.846079946219106e-07,4.846079946219106e-07,8.857576666790314e-08,24
uma,0,14,1,7.471171405913203e-15,1.711685450360911e-15,4.948209152644267e-06,4.948209152644267e-06,4.948209152644267e-06,8.942080163604645e-07,24
uma,0,14,2,1.4111304061847306e-13,2.6587112299616446e-14,6.97782525094226e-06,6.97782525094226e-06,6.97782525094226e-06,9.618792758200602e-07,24
uma,0,14,3,1.6107889242937594e-12,6.039370392674215e-13,5.4948382057773415e-06,5.4948382057773415e-06,5.4948382057773415e-06,6.547152653525847e-07,24
uma,0,14,4,2.4690806433694266e-13,8.208796869243334e-14,7.559745540675067e-07,7.559745540675067e-07,7.559745540675067e-07,7.95778158675234e-08,24
uma,0,14,5,3.601099669296921e-16,8.851548561855622e-17,1.8757679072223254e-06,1.8757679072223254e-06,1.8757679072223254e-06,2.4270015681260424e-07,24
uma,0,14,6,2.5960958959290317e-14,4.5390678757686095e-15,1.5909597550489707e-06,1.5909597550489707e-06,1.5909597550489707e-06,1.5929323251795931e-07,24
uma,0,14,7,7.68169742876391e-14,1.5783345970791195e-14,1.7139809642685577e-06,1.7139809642685577e-06,1.7139809642685577e-06,1.7312122844796763e-07,24
uma,0,14,8,8.863632385890133e-17,3.854925359676391e-17,7.021703822829295e-06,7.021703822829295e-06,7.021703822829295e-06,8.363112282458866e-07,24
uma,0,14,9,1.1160479785414727e-16,3.377944232592998e-17,1.0958474376820959e-05,1.0958474376820959e-05,1.0958474376820959e-05,3.5940555262105485e-06,24
uma,0,14,10,1.188018225720998e-14,3.4583429852898208e-15,4.807709046872333e-06,4.807709046872333e-06,4.807709046872333e-06,6.929505208325122e-07,24
uma,0,14,11,5.148218308356048e-14,9.007112038909946e-15,5.528852398128947e-06,5.528852398128947e-06,5.528852398128947e-06,6.927313935960854e-07,24
uma,0,14,12,3.8762591408908424e-10,3.094987044427455e-10,1.9773696660995483,1.1913783737327321e-06,1.1913783737327321e-06,3.858650408868491e-08,16
uma,0,14,13,7.434363816258922e-09,7.392762846336609e-09,4.048565864562988,2.2182535985848517e-07,2.2182535985848517e-07,3.127203823301672e-09,16
uma,0,14,14,1.5609604884074557e-08,4.314010482175945e-09,5.868312200618675e-07,5.868312200618675e-07,5.868312200618675e-07,3.899214719167421e-08,24
uma,0,14,15,1.6212675490718192e-13,3.8849884409757757e-14,6.037929551894194e-07,6.037929551894194e-07,6.037929551894194e-07,3.534972498654831e-08,24
uma,0,14,16,3.9265674735635844e-16,6.364779604469694e-17,7.4339573075121734e-06,7.4339573075121734e-06,7.4339573075121734e-06,8.699606817217153e-07,24
uma,0,14,17,2.4073263809749e-14,5.4042379160059925e-15,3.697845386341214e-06,3.697845386341214e-06,3.697845386341214e-06,8.542721220094057e-07,24
uma,0,14,18,1.3267912577641088e-15,1.6853275585175905e-16,4.924297172692604e-06,4.924297172692604e-06,4.924297172692604e-06,7.81023464120554e-07,24
uma,0,14,19,1.653445480151288e-13,3.779895030330861e-14,2.2302008346741786e-06,2.2302008346741786e-06,2.2302008346741786e-06,1.9728843452158515e-07,24
uma,0,14,20,6.023149945354915e-14,1.6335911302064327e-14,8.437239557679277e-06,8.437239557679277e-06,8.437239557679277e-06,1.0869261752599405e-06,24
uma,0,15,0,1.5855095000667693e-17,4.029951152464446e-18,1.0,3.2343956490876735e-07,3.2343956490876735e-07,7.124380636537938e-08,16
uma,0,15,1,3.06927776175118e-16,8.672929827358881e-17,1.0,1.0452956757944776e-06,1.0452956757944776e-06,1.2754994252324208e-07,16
uma,0,15,2,1.146394547030013e-13,4.221432299317436e-14,1.0,6.493839350696362e-07,6.493839350696362e-07,1.2893093068732254e-07,16
uma,0,15,3,9.877790290379382e-18,2.2333704898954642e-18,1.0,1.5881962553976336e-06,1.5881962553976336e-06,2.7844591252099583e-07,16
uma,0,15,4,2.0250306839590768e-14,1.0062393965477347e-14,1.0,1.6489890413140529e-06,1.6489890413140529e-06,6.529763992099636e-08,16
uma,0,15,5,1.1816391966321912e-18,2.3710413645675383e-19,1.0,1.7223312624992104e-06,1.7223312624992104e-06,1.704499016414483e-07,16
uma,0,15,6,6.844273981188179e-15,2.91869469470408e-15,1.0,1.801439850623865e-07,1.801439850623865e-07,1.7677540413997752e-08,16
uma,0,15,7,5.578786323113606e-18,1.3597406874178636e-18,1.0,1.9162205262546195e-06,1.9162205262546195e-06,3.3244246721467016e-07,16
uma,0,15,8,1.6737949241904534e-15,5.052159777633796e-16,1.0,7.692773920098261e-07,7.692773920098261e-07,1.782630820996049e-07,16
uma,0,15,9,1.4964783218164693e-14,4.3770478371342805e-15,0.9999998211860657,4.27948680226109e-06,4.27948680226109e-06,4.803541481196959e-07,16
uma,0,15,10,1.0660835356467219e-16,3.909725413513539e-17,1.0,4.5282681071512343e-07,4.5282681071512343e-07,6.098605886588782e-08,16
uma,0,15,11,7.165426445650433e-19,1.6740397226317212e-19,0.9999998211860657,1.0789511861730716e-06,1.0789511861730716e-06,2.4922405262899855e-07,16
uma,0,15,12,2.904753841612389e-17,6.3771559635127736e-18,1.0,1.6757722676175035e-07,1.6757722676175035e-07,2.9764393859832112e-08,16
uma,0,15,13,1.7144689329744866e-14,6.886215230851589e-15,0.9999999403953552,7.899483875917213e-07,7.899483875917213e-07,2.742053027067503e-07,16
uma,0,15,14,2.0434756263157204e-16,4.775020192587295e-17,1.0,1.8877582874665677e-07,1.8877582874665677e-07,2.1200198551764096e-08,16
uma,0,15,15,3.0471411818203033e-11,9.961501241939619e-12,0.9999999403953552,5.923696448917326e-07,5.923696448917326e-07,1.2024306231305648e-07,16
uma,0,15,16,5.8578644819228446e-15,1.6323142280384468e-15,0.9999998211860657,5.660284841724206e-06,5.660284841724206e-06,1.2034121327204004e-06,16
uma,0,15,17,3.284838510876028e-17,5.311269224150418e-18,1.0,3.4883746593550313e-06,3.4883746593550313e-06,3.801452730643137e-07,16
uma,0,15,18,2.4216645699274492e-15,7.700268526788069e-16,1.0,2.557815719228529e-07,2.557815719228529e-07,8.876235502250608e-08,16
uma,0,15,19,1.7425219197169198e-19,3.363341573799899e-20,1.0,1.8929112002297188e-06,1.8929112002297188e-06,2.858582295421751e-07,16
uma,0,15,20,2.0883725338849143e-16,4.39424943516668e-17,1.0,1.659971189837961e-06,1.659971189837961e-06,2.9996320044046656e-07,16
uma,0,16,0,1.845595769580972e-18,4.2407810341367953e-19,1.0,1.8342709608987207e-06,1.8342709608987207e-06,2.585363069887364e-07,16
uma,0,16,1,8.634712473158664e-16,1.6307900187196423e-16,0.9999999403953552,4.95133861022623e-07,4.95133861022623e-07,1.0031970493630739e-07,16
uma,0,16,2,1.7672795793881365e-15,2.7881627353070154e-16,0.9999995827674866,2.636350700413459e-06,2.636350700413459e-06,6.951196606199951e-07,16
uma,0,16,3,1.9071699283294054e-17,4.4483465509192805e-18,1.0,8.792765129328473e-07,8.792765129328473e-07,1.1868309452442286e-07,16
uma,0,16,4,6.065199850539055e-18,1.8982537743560905e-18,0.9999998807907104,1.044506916514365e-06,1.044506916514365e-06,4.505832221734575e-07,16
uma,0,16,5,4.4737653026369847e-17,1.3959632366342904e-17,0.9999995827674866,6.301108442130499e-06,6.301108442130499e-06,9.92057757522691e-07,16
uma,0,16,6,9.345122361272206e-16,1.9796070537751297e-16,1.0,4.182822124221275e-07,4.182822124221275e-07,8.588096451359896e-08,16
uma,0,16,7,1.8881332805499185e-18,3.189199504589144e-19,0.9999999403953552,1.2404915423758212e-06,1.2404915423758212e-06,2.7932928560949865e-07,16
uma,0,16,8,7.202418738428551e-18,1.5590555428792269e-18,1.0,5.334161414793925e-07,5.334161414793925e-07,1.4074526532842018e-07,16
uma,0,16,9,6.65093776431441e-16,2.6011029204441917e-16,1.0,1.6039072079365724e-06,1.6039072079365724e-06,6.293669231536048e-08,16
uma,0,16,10,1.5077107383185052e-18,3.1982767778361476e-19,0.9999998211860657,2.1249982182780514e-06,2.1249982182780514e-06,5.769413939508155e-07,16
uma,0,16,11,1.2625681732551894e-18,2.82613907699408e-19,1.0,5.741166546613385e-07,5.741166546613385e-07,1.411729788313944e-07,16
uma,0,16,12,3.896527965364571e-16,2.2271934607685816e-16,1.0,6.956939273550233e-07,6.956939273550233e-07,2.0348141531694524e-07,16
uma,0,16,13,5.295068359205394e-15,2.478676113440285e-15,0.9999999403953552,2.1104181087139295e-06,2.1104181087139295e-06,6.670449343285492e-08,16
uma,0,16,14,9.892002604479148e-17,3.675954907983193e-17,1.0,1.2057896583428374e-06,1.2057896583428374e-06,8.61896443102263e-08,16
uma,0,16,15,4.3144111287677255e-16,1.1083453246346612e-16,1.0,1.458770270801324e-06,1.458770270801324e-06,3.1031891298231974e-07,16
uma,0,16,16,5.538506369267453e-13,8.914378702437956e-14,1.0,3.1866493372945115e-06,3.1866493372945115e-06,3.619387526680147e-07,16
uma,0,16,17,1.8716239716161854e-16,3.5311159135974026e-17,0.9999999403953552,2.939939349744236e-06,2.939939349744236e-06,2.9828074153974457e-07,16
uma,0,16,18,3.0331788045989444e-14,1.2428756686485264e-14,1.0,6.383164077305992e-07,6.383164077305992e-07,1.0150303723496172e-07,16
uma,0,16,19,9.41055205076731e-14,5.361036186377413e-14,0.9999999403953552,1.2535666655821842e-06,1.2535666655821842e-06,2.206293153982377e-07,16
uma,0,16,20,6.789437964593395e-14,3.547428193209634e-14,0.9999999403953552,8.455464239887078e-07,8.455464239887078e-07,1.3383581813416315e-07,16
uma,0,17,0,4.265331023260294e-18,1.189480654370002e-18,1.0,2.109303522956907e-06,2.109303522956907e-06,2.4679589743990757e-07,16
uma,0,17,1,4.730098707349527e-17,2.0120066595776478e-17,1.0,2.5403478502994403e-06,2.5403478502994403e-06,6.297904332929923e-07,16
uma,0,17,2,3.4787422154678653e-16,7.35915790336582e-17,1.0,2.1871583157917485e-06,2.1871583157917485e-06,2.657678613426091e-07,16
uma,0,17,3,5.998020452013414e-18,1.4413601494221193e-18,0.9999998211860657,1.7453025975555647e-06,1.7453025975555647e-06,2.7496822448065853e-07,16
uma,0,17,4,1.6516188156494877e-14,4.697723499536444e-15,1.0,1.6111902141346945e-06,1.6111902141346945e-06,2.642522115319545e-07,16
uma,0,17,5,5.762652924707166e-17,2.6249974551884395e-17,1.0,1.5889011137915077e-06,1.5889011137915077e-06,4.190816756386291e-07,16
uma,0,17,6,2.947712221715111e-15,8.566391479091114e-16,1.0,1.5922081502139918e-06,1.5922081502139918e-06,2.2851084374330205e-07,16
uma,0,17,7,2.0861553503761036e-17,3.0491324944776568e-18,1.0,9.495192330177815e-07,9.495192330177815e-07,1.560004060931573e-07,16
uma,0,17,8,1.1771208725282396e-17,3.674724228667836e-18,1.0,2.721531700444757e-06,2.721531700444757e-06,1.6616532029112157e-07,16
uma,0,17,9,4.511744244886191e-16,9.70634046325567e-17,0.9999998807907104,9.080886229639873e-07,9.080886229639873e-07,3.2912708878058073e-07,16
uma,0,17,10,3.184305098311197e-18,4.930308194509401e-19,0.9999997615814209,7.946347977849655e-06,7.946347977849655e-06,7.735811769456012e-07,16
uma,0,17,11,2.8512132549146187e-17,7.023695633125552e-18,0.9999999403953552,9.839928907240392e-07,9.839928907240392e-07,2.3193830467460217e-07,16
uma,0,17,12,5.67870886869296e-18,1.3327342743937729e-18,0.9999999403953552,9.222228527505649e-07,9.222228527505649e-07,1.2603227421271847e-07,16
uma,0,17,13,1.1410816245958402e-16,2.5179834449812292e-17,1.0,1.222495484398678e-06,1.222495484398678e-06,4.454199622514823e-07,16
uma,0,17,14,8.654691161766456e-16,3.910847996866447e-16,1.0,1.010276832857926e-06,1.010276832857926e-06,8.762558267109917e-08,16
uma,0,17,15,1.1947750104410306e-13,3.4968809938624654e-14,0.9999999403953552,7.925750082904415e-07,7.925750082904415e-07,1.468297566887713e-07,16
uma,0,17,16,8.438002483892486e-17,1.848413991780178e-17,0.9999998211860657,1.7217255390278297e-06,1.7217255390278297e-06,3.3627642447974775e-07,16
uma,0,17,17,3.4586499289368e-14,1.601708471258602e-14,0.9999997019767761,1.9654557945614215e-06,1.9654557945614215e-06,1.888973647913143e-07,16
uma,0,17,18,4.2531130136992406e-14,1.0971789713473245e-14,1.0,2.2214011607957218e-07,2.2214011607957218e-07,2.775795374640788e-08,16
uma,0,17,19,2.433580445704854e-16,5.0730020820921725e-17,1.0,5.64626077448338e-07,5.64626077448338e-07,1.8150890653943012e-07,16
uma,0,17,20,4.5427830610005654e-18,1.7208358372750777e-18,1.0,1.933320845637354e-06,1.933320845637354e-06,1.3976803272620486e-07,16
uma,0,18,0,3.657378067045666e-18,7.476635851719403e-19,0.999999463558197,1.714452537271427e-06,1.714452537271427e-06,2.3124137760863864e-07,16
uma,0,18,1,8.879637562447341e-15,2.8377681081322203e-15,1.0,5.62041861940088e-07,5.62041861940088e-07,1.0100073704976933e-07,16
uma,0,18,2,9.233510112976432e-17,1.8996417834239544e-17,0.9999999403953552,4.7505304223705025e-07,4.7505304223705025e-07,1.538000109320018e-07,16
uma,0,18,3,3.9646700020771857e-19,8.223143348587724e-20,1.0,2.935459860964329e-06,2.935459860964329e-06,8.649119211189982e-07,16
uma,0,18,4,4.300837957122272e-17,1.2070857254626058e-17,1.0,6.46159037387406e-07,6.46159037387406e-07,1.323407182243415e-07,16
uma,0,18,5,2.006678195372703e-13,4.47684288728753e-14,0.9999999403953552,2.5991844267991837e-06,2.5991844267991837e-06,1.3030723111577492e-07,16
uma,0,18,6,2.1982618809561417e-14,1.279469694255575e-14,1.0,3.0872599836584413e-06,3.0872599836584413e-06,2.3742635004541126e-07,16
uma,0,18,7,1.7519519548474896e-16,6.145962539180836e-17,1.0,2.186310666729696e-06,2.186310666729696e-06,3.7926613423084855e-07,16
uma,0,18,8,5.333510629651685e-17,3.001301437301268e-17,0.9999999403953552,3.5441410091152648e-06,3.5441410091152648e-06,3.8522546684623195e-07,16
uma,0,18,9,8.278794330256084e-14,2.1154581789106265e-14,1.0,5.486390932674112e-07,5.486390932674112e-07,4.734986186549531e-08,16
uma,0,18,10,8.051803166293884e-18,1.9807534599296792e-18,0.9999999403953552,2.710938360905857e-06,2.710938360905857e-06,4.2297346836909203e-07,16
uma,0,18,11,1.8496929904955874e-16,6.578839388619637e-17,0.9999998807907104,8.707756933290511e-07,8.707756933290511e-07,2.42550754492169e-07,16
uma,0,18,12,2.5669273469088026e-17,1.4740378368029654e-17,0.9999999403953552,2.1896846646995982e-06,2.1896846646995982e-06,5.9668065565466e-08,16
uma,0,18,13,2.7951284292391527e-18,1.2160795775448336e-18,0.9999998211860657,1.9371962025616085e-06,1.9371962025616085e-06,1.4693088866975438e-07,16
uma,0,18,14,8.519097689164263e-18,2.393018622864883e-18,1.0,5.60068144750403e-07,5.60068144750403e-07,1.8931590131125225e-07,16
uma,0,18,15,1.6952746230806758e-15,3.2041596739449155e-16,1.0,6.572164465978858e-07,6.572164465978858e-07,1.287939335301307e-07,16
uma,0,18,16,1.867997156533452e-15,3.4401388178852273e-16,1.0,1.945203166542342e-06,1.945203166542342e-06,1.9165871757438097e-07,16
uma,0,18,17,2.061634555910547e-15,1.1741808942855527e-15,1.0,2.2878742811371922e-07,2.2878742811371922e-07,6.527104894054149e-08,16
uma,0,18,18,3.1963863694940514e-13,1.6016453842446904e-13,0.9999999403953552,8.444321792921983e-06,8.444321792921983e-06,3.8587109546234616e-07,16
uma,0,18,19,1.5194104408840498e-11,4.1993531048334365e-12,1.0,1.8464518234395655e-06,1.8464518234395655e-06,1.01272881663948e-07,16
uma,0,18,20,2.4502163806826807e-15,6.930218698340568e-16,1.0,1.2371699540381087e-06,1.2371699540381087e-06,8.118774426683836e-08,16
uma,0,19,0,3.711006963481009e-16,8.70347992348618e-17,0.9999998807907104,9.940422387444414e-07,9.940422387444414e-07,1.065989836072761e-07,16
uma,0,19,1,8.752295297964967e-19,1.4501202506029973e-19,0.9999998211860657,3.0196952138794586e-06,3.0196952138794586e-06,5.604065273747819e-07,16
uma,0,19,2,6.640794181894014e-16,2.1493368392349265e-16,0.9999999403953552,2.0989405129512306e-06,2.0989405129512306e-06,1.9793610392483976e-07,16
uma,0,19,3,1.0172424123712286e-19,2.1131220551765e-20,1.0,1.4734850992681459e-06,1.4734850992681459e-06,1.503078460885905e-07,16
uma,0,19,4,6.234123753217505e-15,1.795384587527371e-15,1.0,2.1826613192388322e-06,2.1826613192388322e-06,1.3747231725632743e-07,16
uma,0,19,5,6.733739692849795e-15,2.2600084171177197e-15,0.9999999403953552,1.6426689626314328e-06,1.6426689626314328e-06,1.8161947989329336e-07,16
uma,0,19,6,7.152063151096563e-16,1.9599782563625934e-16,0.9999999403953552,9.235967013410118e-07,9.235967013410118e-07,9.68683627777651e-08,16
uma,0,19,7,5.60235093251653e-16,1.5295662728003032e-16,1.0,1.0675780686142389e-06,1.0675780686142389e-06,1.5447213749772702e-07,16
uma,0,19,8,3.253591743930571e-17,1.5888427303275677e-17,1.0,1.0939809271803824e-06,1.0939809271803824e-06,9.34608924620726e-08,16
uma,0,19,9,7.376478809276883e-15,3.162762579774197e-15,0.9999999403953552,1.0475642966412124e-06,1.0475642966412124e-06,1.0771408290879304e-07,16
uma,0,19,10,4.2070492582229107e-17,1.913063946915485e-17,0.9999998807907104,5.120614332554396e-06,5.120614332554396e-06,5.902951757215637e-07,16
uma,0,19,11,4.2180343103479313e-14,1.8950142968493164e-14,1.0,2.085649612126872e-06,2.085649612126872e-06,1.767828790412148e-07,16
uma,0,19,12,5.3400613980251525e-14,7.405659032788236e-15,0.9999998211860657,1.3847806030753418e-06,1.3847806030753418e-06,2.7484709287100847e-07,16
uma,0,19,13,4.410017795087625e-19,1.236373161404115e-19,1.0,8.451912663076655e-07,8.451912663076655e-07,1.4534488567398977e-07,16
uma,0,19,14,4.70707409654814e-18,9.059661537786768e-19,1.0,2.3441959910996957e-06,2.3441959910996957e-06,7.218724098251539e-07,16
uma,0,19,15,6.784732270589013e-19,4.2042971992443784e-19,0.9999998211860657,4.553434337140061e-06,4.553434337140061e-06,9.159316720827267e-07,16
uma,0,19,16,4.4022432902533227e-16,7.055980988741864e-17,1.0,4.2204231931464165e-07,4.2204231931464165e-07,1.1835583761879617e-07,16
uma,0,19,17,4.040585528187199e-19,9.50821883650743e-20,0.9999998807907104,3.263388407503953e-06,3.263388407503953e-06,5.082931230805784e-07,16
uma,0,19,18,2.073182652016601e-14,7.751320473068507e-15,0.9999999403953552,2.0671709535236005e-06,2.0671709535236005e-06,3.195379012802714e-07,16
uma,0,19,19,2.3424817008861008e-12,9.646172749455673e-13,0.9999999403953552,1.8921547280115192e-06,1.8921547280115192e-06,1.6446370331750097e-07,16
uma,0,19,20,7.695738318307829e-15,4.499862108771997e-15,0.9999998807907104,1.7935728919837857e-06,1.7935728919837857e-06,2.3052410055591153e-07,16
uma,0,20,0,8.326676280339399e-17,2.816941076736674e-17,1.0,9.790495596462279e-07,9.790495596462279e-07,1.1329364783514737e-07,16
uma,0,20,1,4.0084732783217304e-15,1.2579589113952258e-15,0.9999999403953552,1.019077785713307e-06,1.019077785713307e-06,9.843022996511823e-08,16
uma,0,20,2,1.648961786700413e-15,4.721446351290196e-16,1.0,5.533537432711455e-07,5.533537432711455e-07,1.6745732312985938e-07,16
uma,0,20,3,6.431970243563988e-18,1.1306328542438716e-18,1.0,1.0694224101825966e-06,1.0694224101825966e-06,2.0815978152920978e-07,16
uma,0,20,4,1.3751623564310256e-15,8.778164009585674e-16,1.0,8.971609304353478e-07,8.971609304353478e-07,2.1412786380209153e-07,16
uma,0,20,5,2.9735361367299725e-16,1.1891668923559514e-16,0.9999999403953552,1.710705646473798e-06,1.710705646473798e-06,1.874504219135689e-07,16
uma,0,20,6,1.2696950576250439e-14,1.7463468855955042e-15,1.0,3.7187719499343075e-06,3.7187719499343075e-06,3.128697967031195e-07,16
uma,0,20,7,1.114639508794621e-17,5.595399147117483e-18,1.0,1.2864800282841315e-06,1.2864800282841315e-06,1.2430412275294788e-07,16
uma,0,20,8,3.727514382235351e-18,1.2762535549880396e-18,1.0,1.5247999272105517e-06,1.5247999272105517e-06,1.1002331847047863e-07,16
uma,0,20,9,2.810711858111149e-16,1.4828217008148905e-16,1.0,4.851552830587025e-07,4.851552830587025e-07,7.24096060182129e-08,16
uma,0,20,10,1.405909313188295e-17,2.8206294337290176e-18,1.0,8.1609032349661e-06,8.1609032349661e-06,9.162605806778512e-07,16
uma,0,20,11,3.418007710327049e-16,1.1086925419685864e-16,0.9999997019767761,5.77686387259746e-06,5.77686387259746e-06,7.299100735207465e-07,16
uma,0,20,12,1.6605432071141805e-17,6.8123820058912244e-18,0.9999998807907104,2.621887915665866e-06,2.621887915665866e-06,8.452590550085787e-07,16
uma,0,20,13,4.848537992570998e-18,1.2145562210492407e-18,1.0,1.4480481240752852e-06,1.4480481240752852e-06,2.4318039718915193e-07,16
uma,0,20,14,2.7160285025928457e-17,8.674603379174199e-18,1.0,3.6702929264720296e-06,3.6702929264720296e-06,7.449288990351667e-07,16
uma,0,20,15,7.407214528817843e-16,2.0270723978590966e-16,0.9999999403953552,2.108733724526246e-06,2.108733724526246e-06,2.903930708916677e-07,16
uma,0,20,16,5.283502746930857e-16,2.6213597133777783e-16,1.0,4.1234211494156625e-06,4.1234211494156625e-06,6.267314214195374e-08,16
uma,0,20,17,5.561681422998877e-16,1.3273739496369853e-16,1.0,2.505366410332499e-06,2.505366410332499e-06,4.5711511160258846e-07,16
uma,0,20,18,2.990986312876202e-15,9.549850729203744e-16,0.9999998807907104,1.3077396943117492e-06,1.3077396943117492e-06,3.745398024966141e-07,16
uma,0,20,19,1.3900169469482815e-16,2.6422014884405624e-17,0.9999999403953552,6.971716175030451e-06,6.971716175030451e-06,2.5678596406904455e-07,16
uma,0,20,20,5.633968917696842e-13,1.1487372739236307e-13,0.9999999403953552,7.197218110377435e-07,7.197218110377435e-07,3.006948853709999e-08,16
umi,0,0,0,1.3609150812284388e-13,4.06456484680455e-14,1.0,1.1197117828487535e-06,1.1197117828487535e-06,1.0068356730499334e-07,16
umi,0,0,1,4.968777932474651e-15,1.893958258522327e-15,0.9999999403953552,7.01163514804648e-07,7.01163514804648e-07,9.88115039609212e-08,16
umi,0,0,2,3.4980598400554057e-13,1.3306172027931218e-13,0.9999998807907104,2.0256002244423144e-06,2.0256002244423144e-06,3.429660979316523e-07,16
umi,0,0,3,3.3178585219385966e-14,2.885439080052045e-14,0.9999998807907104,1.7286223510382115e-06,1.7286223510382115e-06,1.6402045106882344e-07,16
umi,0,0,4,5.170065435232736e-17,1.9864649766232354e-17,0.9999999403953552,3.1976221634977264e-06,3.1976221634977264e-06,5.639193471984389e-07,16
umi,0,0,5,4.136867600469153e-14,1.6091125556571412e-14,0.9999999403953552,7.919321092231257e-07,7.919321092231257e-07,1.447256667568151e-07,16
umi,0,0,6,5.634404965336364e-13,3.7582987394944867e-13,1.0,1.6525688124602311e-06,1.6525688124602311e-06,6.463196149004808e-08,16
umi,0,0,7,3.8161585442515472e-16,1.876907882340792e-16,0.9999999403953552,4.303378318581963e-06,4.303378318581963e-06,7.278201991331771e-07,16
umi,0,0,8,2.7529896484971443e-13,5.295665910453294e-14,1.0,1.4275539115260472e-06,1.4275539115260472e-06,9.808697991509992e-08,16
umi,0,0,9,6.236327756055619e-15,3.2715902198703767e-15,0.9999998211860657,1.2580211659951601e-05,1.2580211659951601e-05,9.232126919955537e-07,16
umi,0,0,10,1.2833253581262382e-12,2.3419119291392954e-13,1.0,1.6631652215437498e-06,1.6631652215437498e-06,1.5546565056317166e-07,16
umi,0,0,11,1.0974010630280805e-14,3.4970269799909246e-15,0.9999998807907104,4.595889549818821e-06,4.595889549818821e-06,6.847692136538985e-07,16
umi,0,0,12,6.134905762466593e-15,2.952546789957572e-15,1.0,5.405766501098697e-07,5.405766501098697e-07,2.0133519599416215e-08,16
umi,0,0,13,2.2077714871461764e-13,6.77721767594619e-14,1.0,3.406127575544815e-07,3.406127575544815e-07,5.025883045113486e-08,16
umi,0,0,14,1.53022638795547e-13,5.153976949542026e-14,0.9999999403953552,4.247535798640456e-06,4.247535798640456e-06,6.8206601065278e-07,16
umi,0,0,15,9.648191325724296e-17,3.563524519124985e-17,0.9999999403953552,1.6329805703207967e-06,1.6329805703207967e-06,1.9545990485784921e-07,16
umi,0,0,16,1.164154096453272e-14,2.698896632913404e-15,0.9999999403953552,2.0715128812298644e-06,2.0715128812298644e-06,5.638038168342307e-07,16
umi,0,0,17,1.885451036629028e-14,3.0543936080189554e-15,1.0,8.827126976029831e-07,8.827126976029831e-07,2.2618480970089843e-07,16
umi,0,0,18,3.835089811360743e-13,8.456160305401333e-14,1.0,1.036485855365754e-06,1.036485855365754e-06,1.367243080616608e-07,16
umi,0,0,19,6.811132715012086e-17,1.404170688108164e-17,0.9999999403953552,2.0979089185857447e-06,2.0979089185857447e-06,4.824599843476983e-07,16
umi,0,0,20,2.3343513906523078e-17,1.062263688279373e-17,0.9999998807907104,5.9844242059625685e-06,5.9844242059625685e-06,1.3943421647469128e-06,16
umi,0,1,0,1.8526579245482244e-14,1.6105697911395975e-14,1.0,3.6698306757898536e-06,3.6698306757898536e-06,4.516670813341636e-07,16
umi,0,1,1,7.847963568577248e-12,4.0264215572793915e-12,0.9999999403953552,1.1187589734618086e-06,1.1187589734618086e-06,9.199172957779002e-08,16
umi,0,1,2,7.781211508741415e-14,1.339672984498148e-14,1.0,1.141809093496704e-06,1.141809093496704e-06,2.6131603086976044e-07,16
umi,0,1,3,2.483456459784213e-13,1.1996562868533261e-13,0.9999998807907104,1.1488275049487129e-05,1.1488275049487129e-05,1.5492878557061458e-06,16
umi,0,1,4,3.53673872304625e-18,1.054906123525867e-18,0.9999999403953552,4.837917003897019e-06,4.837917003897019e-06,7.254285191927481e-07,16
umi,0,1,5,2.557455268075893e-11,5.102841760251664e-12,0.9999999403953552,9.629513897380093e-07,9.629513897380093e-07,1.2940982051812336e-07,16
umi,0,1,6,3.438803698244898e-17,5.910054929819898e-18,1.0,6.357986421789974e-07,6.357986421789974e-07,1.0772515315755283e-07,16
umi,0,1,7,8.424658047337112e-14,6.119850313361999e-14,1.0,1.7410983446097816e-06,1.7410983446097816e-06,1.5739044404389712e-07,16
umi,0,1,8,2.5147856763611228e-14,3.908916020592878e-15,1.0,7.345205972342228e-07,7.345205972342228e-07,8.843781631158416e-08,16
umi,0,1,9,2.995683124889695e-19,4.6335181171708473e-20,0.9999999403953552,3.687465550683555e-06,3.687465550683555e-06,7.42464998627267e-07,16
umi,0,1,10,1.3648288449635522e-13,6.611752161392315e-14,0.9999999403953552,1.7766078599379398e-06,1.7766078599379398e-06,1.3955086225476626e-07,16
umi,0,1,11,6.56690902726827e-16,2.9478551803418488e-16,1.0,4.411188456288073e-06,4.411188456288073e-06,4.001651927813675e-07,16
umi,0,1,12,3.040768004117544e-17,1.0587203774074409e-17,1.0,2.8627175652218284e-06,2.8627175652218284e-06,5.919187984237097e-07,16
umi,0,1,13,3.283403971688956e-14,8.269533536132793e-15,0.9999999403953552,1.7195280861415085e-06,1.7195280861415085e-06,1.5830804021545935e-07,16
umi,0,1,14,4.5709714309479047e-17,1.3928000979718876e-17,1.0,1.0365895377617562e-06,1.0365895377617562e-06,3.4286950041906175e-07,16
umi,0,1,15,4.0974368103321944e-15,9.013179124152892e-16,0.9999999403953552,4.2210790525132325e-06,4.2210790525132325e-06,4.167477591778538e-07,16
umi,0,1,16,7.701254918559277e-14,2.1029049812257283e-14,1.0,1.3900485100748483e-06,1.3900485100748483e-06,1.117043071174588e-07,16
umi,0,1,17,1.7998582514919012e-16,4.058839608177248e-17,1.0,5.582870699072373e-07,5.582870699072373e-07,4.255608346393658e-08,16
umi,0,1,18,1.83244666342404e-13,5.880968726324626e-14,0.9999998211860657,1.8780389154926524e-06,1.8780389154926524e-06,4.021597329610084e-07,16
umi,0,1,19,1.2164461748933304e-15,2.1620699943634248e-16,1.0,7.614435730829427e-07,7.614435730829427e-07,1.4616226563922778e-07,16
umi,0,1,20,1.707388261244166e-16,3.8976604879710855e-17,0.9999998211860657,1.5315450809794129e-06,1.5315450809794129e-06,5.512307317794171e-07,16
umi,0,2,0,5.0011940798214685e-14,1.4589061702414627e-14,1.0,1.247497834810929e-06,1.247497834810929e-06,2.912146774287075e-07,16
umi,0,2,1,1.2388731701118151e-12,3.402599382806848e-13,0.9999999403953552,1.205076387122972e-06,1.205076387122972e-06,3.79291721114559e-07,16
umi,0,2,2,6.094985515845819e-11,2.5421173846518208e-11,1.0,7.653794114048651e-07,7.653794114048651e-07,1.470077519808965e-07,16
umi,0,2,3,1.7070296867979786e-15,7.468059738254223e-16,0.9999999403953552,3.5249797747383127e-07,3.5249797747383127e-07,4.2367296573107025e-08,16
umi,0,2,4,2.6004037687142746e-17,6.537843242126712e-18,0.9999999403953552,2.614602408357314e-06,2.614602408357314e-06,6.315868044028101e-07,16
umi,0,2,5,3.1299229420099415e-14,5.0862431128818886e-15,1.0,1.1191164048796054e-06,1.1191164048796054e-06,1.8749878252885212e-07,16
umi,0,2,6,9.785258151107818e-19,2.1401949011435364e-19,1.0,1.4520696822728496e-06,1.4520696822728496e-06,3.138907164903979e-07,16
umi,0,2,7,3.3840527852530813e-16,1.51061046953414e-16,0.9999999403953552,2.0124332422710722e-06,2.0124332422710722e-06,1.8659562674729776e-07,16
umi,0,2,8,3.3134388550630035e-14,5.123830199916298e-15,1.0,2.567367687333899e-07,2.567367687333899e-07,5.192943803384833e-08,16
umi,0,2,9,2.0839679040878624e-15,3.5291662158063906e-16,1.0,3.820421454747702e-07,3.820421454747702e-07,7.239527869388761e-08,16
umi,0,2,10,2.387789952282957e-14,6.758491132735113e-15,0.9999999403953552,1.3379989241002477e-06,1.3379989241002477e-06,1.0566593861257001e-07,16
umi,0,2,11,1.1550344441236511e-14,5.039924386710708e-15,0.9999999403953552,4.1800321923801675e-06,4.1800321923801675e-06,2.981074214881848e-07,16
umi,0,2,12,4.427344751976734e-15,1.5697953614763173e-15,0.9999999403953552,7.971941045070707e-07,7.971941045070707e-07,9.239977941514113e-08,16
umi,0,2,13,4.933903690688303e-13,1.6532833587400153e-13,1.0,1.506312742094451e-06,1.506312742094451e-06,8.924844783048085e-08,16
umi,0,2,14,5.173365356688026e-15,1.9880223261061012e-15,0.9999999403953552,7.107224178071192e-07,7.107224178071192e-07,1.2498343287003757e-07,16
umi,0,2,15,4.516549555158435e-14,1.111853563048621e-14,0.9999999403953552,5.312512030286598e-07,5.312512030286598e-07,1.4063109309000872e-07,16
umi,0,2,16,2.1679342812348558e-15,4.903898836315548e-16,1.0,1.9505671389197232e-06,1.9505671389197232e-06,3.42765937258875e-07,16
umi,0,2,17,6.823033672677616e-16,1.8790573607933478e-16,1.0,2.5056672825485293e-07,2.5056672825485293e-07,5.116030450986616e-08,16
umi,0,2,18,1.1458726977074457e-14,2.3378964847495416e-15,1.0,1.049026082000637e-06,1.049026082000637e-06,1.7060766051981546e-07,16
umi,0,2,19,2.5402595867949466e-15,5.593846876523578e-16,0.9999999403953552,1.906306465571106e-06,1.906306465571106e-06,5.864558957467121e-07,16
umi,0,2,20,9.706128910159648e-14,3.6419726555294435e-14,1.0,3.572201308088552e-07,3.572201308088552e-07,1.402440789747219e-07,16
umi,0,3,0,1.886510814236316e-15,9.138338830021555e-16,1.0,2.392889655311592e-07,2.392889655311592e-07,6.31525683452684e-08,16
umi,0,3,1,4.002226754278721e-14,1.0056035289142309e-14,1.0,2.2794117739977082e-06,2.2794117739977082e-06,1.589160844077202e-07,16
umi,0,3,2,5.313063571477032e-17,9.683800122435845e-18,0.9999999403953552,1.098627649298578e-06,1.098627649298578e-06,1.1471105141616482e-07,16
umi,0,3,3,2.3536336403037713e-11,7.715731699386996e-12,0.9999999403953552,5.468589279189473e-06,5.468589279189473e-06,4.987275209548334e-07,16
umi,0,3,4,3.3999779379931287e-13,1.0130019381920236e-13,1.0,5.779268121841596e-07,5.779268121841596e-07,4.131219085114498e-08,16
umi,0,3,5,2.666629633179347e-14,9.30029131777834e-15,0.9999998807907104,1.877869635791285e-06,1.877869635791285e-06,2.425831949401286e-07,16
umi,0,3,6,4.821530937157151e-16,9.601085369902992e-17,1.0,1.1580691534618381e-06,1.1580691534618381e-06,1.5113258211530779e-07,16
umi,0,3,7,1.4067047176658887e-13,5.835696509359778e-14,1.0,1.4927895790606271e-06,1.4927895790606271e-06,2.725985146320068e-07,16
umi,0,3,8,2.540225999126174e-15,8.93772860558503e-16,1.0,1.9856763628922636e-06,1.9856763628922636e-06,4.112290918493575e-07,16
umi,0,3,9,1.9664642845975595e-15,3.2835126321194546e-16,1.0,1.198549171022023e-06,1.198549171022023e-06,2.913681878771732e-07,16
umi,0,3,10,3.2324418298433636e-15,1.4387171187678328e-15,0.9999998211860657,2.5882416139211273e-06,2.5882416139211273e-06,8.383823258036864e-07,16
umi,0,3,11,2.783262860241159e-13,8.094008997110505e-14,0.9999998807907104,1.3913842167312396e-06,1.3913842167312396e-06,2.4535721988624066e-07,16
umi,0,3,12,1.2434870528370828e-16,7.785507305154842e-17,1.0,2.1966020540276077e-06,2.1966020540276077e-06,9.151914126312935e-07,16
umi,0,3,13,6.301926517623165e-16,1.7068028877551412e-16,1.0,4.550286121229874e-06,4.550286121229874e-06,6.329556087501518e-07,16
umi,0,3,14,2.852984262756053e-14,8.361334966956215e-15,1.0,1.1501240351208253e-06,1.1501240351208253e-06,2.115804314711151e-07,16
umi,0,3,15,4.932222258471148e-15,1.7386001340181532e-15,0.9999999403953552,2.0800905531359604e-06,2.0800905531359604e-06,2.774358619723469e-07,16
umi,0,3,16,5.590095294110361e-18,9.955539500212324e-19,1.0,9.10895948891266e-07,9.10895948891266e-07,2.3760312086292702e-07,16
umi,0,3,17,1.8664429598494907e-15,2.792038440436296e-16,0.9999999403953552,1.136251057687332e-06,1.136251057687332e-06,2.1657192508532198e-07,16
umi,0,3,18,9.876699373437315e-13,5.012461799791534e-13,0.9999998807907104,1.7636349411986885e-06,1.7636349411986885e-06,2.663870088602238e-07,16
umi,0,3,19,1.5766741846969603e-15,3.014904455561927e-16,0.9999999403953552,2.4731984922254924e-06,2.4731984922254924e-06,1.6957046946139352e-07,16
umi,0,3,20,1.3398740450769331e-17,2.7303428766640078e-18,0.9999999403953552,2.5943263608496636e-06,2.5943263608496636e-06,4.886607551869967e-07,16
umi,0,4,0,7.682804599074349e-17,4.0414033026091203e-17,0.9999999403953552,2.0924007912981324e-06,2.0924007912981324e-06,2.072661583887459e-07,16
umi,0,4,1,8.765134595651061e-13,1.6937240997737246e-13,1.0,1.0722415026975796e-06,1.0722415026975796e-06,5.4004529418625796e-08,16
umi,0,4,2,6.208085490425223e-15,3.2322707387005952e-15,0.9999993443489075,3.2412813197879586e-06,3.2412813197879586e-06,3.0675314448437985e-07,16
umi,0,4,3,1.1029631813348563e-15,2.8868862781940762e-16,0.9999998211860657,4.3633235691231675e-06,4.3633235691231675e-06,1.586772383715678e-06,16
umi,0,4,4,6.802085157996977e-13,2.258413996179126e-13,1.0,9.194586709782016e-07,9.194586709782016e-07,8.561242709306077e-08,16
umi,0,4,5,1.157678234315928e-11,4.048096927111722e-12,0.9999999403953552,1.1156058690175996e-06,1.1156058690175996e-06,1.3460140489062337e-07,16
umi,0,4,6,5.603429616836952e-18,1.2684444530176562e-18,1.0,6.948496320546838e-07,6.948496320546838e-07,7.565562078168812e-08,16
umi,0,4,7,3.521424044328091e-14,1.5227151950372025e-14,0.9999999403953552,7.345115022872051e-07,7.345115022872051e-07,1.0477877056923509e-07,16
umi,0,4,8,8.699280099161085e-16,2.2141343303042885e-16,0.9999998807907104,7.487617494916776e-07,7.487617494916776e-07,2.586376199165699e-07,16
umi,0,4,9,3.296084444015113e-15,8.644392625621394e-16,0.9999999403953552,6.073562417441281e-07,6.073562417441281e-07,1.9843444847495737e-07,16
umi,0,4,10,2.0802511049037468e-15,3.42726735815831e-16,1.0,2.523697503420408e-06,2.523697503420408e-06,5.083552859562454e-07,16
umi,0,4,11,1.123611583647876e-13,5.643647712789274e-14,1.0,5.82640609536611e-07,5.82640609536611e-07,1.4459604429014045e-07,16
umi,0,4,12,4.6029921341028674e-14,1.631327011138422e-14,0.9999999403953552,7.646489734725037e-07,7.646489734725037e-07,1.171302139603758e-07,16
umi,0,4,13,2.250179552676899e-15,1.1094869529939926e-15,0.9999999403953552,1.2394962141115684e-06,1.2394962141115684e-06,1.7639194683001182e-07,16
umi,0,4,14,1.069505071121449e-16,3.050845585526254e-17,1.0,4.229270871292101e-07,4.229270871292101e-07,5.0597832969489374e-08,16
umi,0,4,15,5.728246373946769e-17,8.592068952014883e-18,0.9999999403953552,9.13934741220146e-07,9.13934741220146e-07,1.295152670350281e-07,16
umi,0,4,16,1.1881511300733727e-16,2.985673017679936e-17,1.0,1.3546748505177675e-06,1.3546748505177675e-06,2.5329949627753357e-07,16
umi,0,4,17,2.361210715712848e-12,6.803770329251446e-13,1.0,3.7121378682059003e-07,3.7121378682059003e-07,2.5170096986784963e-08,16
umi,0,4,18,1.238488294837873e-13,4.022753267649004e-14,0.9999999403953552,3.2457407996844267e-06,3.2457407996844267e-06,2.9750349763140053e-07,16
umi,0,4,19,5.4313429397925806e-14,1.6408790016846087e-14,1.0,1.680086825217586e-06,1.680086825217586e-06,1.2730135848245706e-07,16
umi,0,4,20,6.917907012413681e-16,1.6826447140060605e-16,0.9999999403953552,1.5035295746201882e-06,1.5035295746201882e-06,2.397166971085856e-07,16
umi,0,5,0,1.0054877510495108e-14,7.316365666521635e-15,0.9999999403953552,9.862121260084677e-06,9.862121260084677e-06,8.293663136669659e-07,16
umi,0,5,1,1.0442106364018334e-11,1.7539262143345669e-12,0.9999999403953552,3.3371404128956783e-07,3.3371404128956783e-07,5.064979654677567e-08,16
umi,0,5,2,2.1196148623967993e-11,6.714889928816081e-12,1.0,9.255709301214665e-07,9.255709301214665e-07,1.5136509855327498e-07,16
umi,0,5,3,2.801010782462176e-15,1.460364528042574e-15,1.0,5.859163820787217e-07,5.859163820787217e-07,1.4431332523606161e-07,16
umi,0,5,4,2.1613674963648125e-16,1.097531824097327e-16,1.0,4.973183877154952e-06,4.973183877154952e-06,1.0593574586879833e-06,16
umi,0,5,5,2.9087970967159635e-13,5.4388713991533263e-14,0.9999999403953552,9.695818334876094e-07,9.695818334876094e-07,1.8092992078017142e-07,16
umi,0,5,6,9.667995871850397e-17,1.8351137547109378e-17,0.9999998807907104,7.750599252176471e-06,7.750599252176471e-06,4.919444951090763e-07,16
umi,0,5,7,1.0188305678198085e-14,3.7539394844314424e-15,0.9999999403953552,1.7271125898332684e-06,1.7271125898332684e-06,1.5122351129040628e-07,16
umi,0,5,8,2.518620601529179e-15,5.82305610963296e-16,0.9999998807907104,2.0896609385090414e-06,2.0896609385090414e-06,2.4784514882676246e-07,16
umi,0,5,9,2.8570802419394447e-15,5.967649927685189e-16,1.0,1.1745320307454676e-06,1.1745320307454676e-06,1.1982855451012464e-07,16
umi,0,5,10,9.763687724663404e-16,1.7333076074659123e-16,1.0,1.1685345953083015e-06,1.1685345953083015e-06,2.419913303416931e-07,16
umi,0,5,11,1.571601803496636e-14,2.865864826267356e-15,1.0,9.163599088424235e-07,9.163599088424235e-07,1.820235247922874e-07,16
umi,0,5,12,7.259390273174542e-14,2.347735450058258e-14,1.0,2.165811565646436e-06,2.165811565646436e-06,6.936103463080823e-07,16
umi,0,5,13,8.789922190707598e-15,4.6685355912070084e-15,0.9999999403953552,1.7523647102279938e-06,1.7523647102279938e-06,1.6787161752068028e-07,16
umi,0,5,14,7.210078347055698e-14,2.3750846192657944e-14,1.0,1.1087043958468712e-06,1.1087043958468712e-06,7.205398073668632e-08,16
umi,0,5,15,1.2100365172587163e-15,4.555783647466199e-16,0.9999998211860657,1.309924641645921e-06,1.309924641645921e-06,3.0054701716584985e-07,16
umi,0,5,16,1.667632486859156e-15,4.1297287219752466e-16,1.0,2.964240593428258e-06,2.964240593428258e-06,4.1544956207735336e-07,16
umi,0,5,17,4.223293590195248e-16,1.0412996228348291e-16,0.9999998807907104,1.4076040315558203e-06,1.4076040315558203e-06,1.3409401551543753e-07,16
umi,0,5,18,1.0313317599019642e-10,2.7428434523635303e-11,1.0,5.303315901983296e-07,5.303315901983296e-07,5.4996325538358934e-08,16
umi,0,5,19,4.735622549012123e-14,1.818234148312503e-14,1.0,3.980134351877496e-06,3.980134351877496e-06,9.543376474380827e-07,16
umi,0,5,20,5.899082008417468e-15,1.3329951249727609e-15,0.9999999403953552,6.040704647602979e-07,6.040704647602979e-07,1.5525598822800378e-07,16
umi,0,6,0,1.1019765853889775e-15,2.5623641332993123e-16,0.9999999403953552,2.857813967693801e-07,2.857813967693801e-07,4.80305120827594e-08,16
umi,0,6,1,8.435939270451652e-14,3.4918536839139216e-14,1.0,8.044763148973288e-07,8.044763148973288e-07,1.422992128038514e-07,16
umi,0,6,2,4.894305383560877e-17,2.6356412844385268e-17,0.9999998807907104,2.4794919681880856e-06,2.4794919681880856e-06,1.599892045823137e-07,16
umi,0,6,3,2.1998644023276495e-15,4.1758668713099843e-16,0.9999998211860657,1.8177727270085597e-06,1.8177727270085597e-06,1.7904257351937504e-07,16
umi,0,6,4,4.8060232166288757e-17,8.735647654019387e-18,1.0,1.784698611118074e-07,1.784698611118074e-07,5.2275556846008324e-08,16
umi,0,6,5,5.175194160274754e-16,2.426847861463689e-16,0.9999999403953552,1.300665758208197e-06,1.300665758208197e-06,2.256191727255317e-07,16
umi,0,6,6,6.308862232383498e-13,2.392462584380889e-13,0.9999999403953552,5.01362080740364e-07,5.01362080740364e-07,6.880483509159085e-08,16
umi,0,6,7,4.860725239496648e-13,1.7292414787421773e-13,1.0,1.13426222014823e-06,1.13426222014823e-06,1.3369991580370697e-07,16
umi,0,6,8,5.433416472645013e-17,8.211619636980306e-18,1.0,3.0219584914448205e-06,3.0219584914448205e-06,7.798659286551383e-07,16
umi,0,6,9,2.570696393919911e-16,5.91390330490174e-17,0.9999999403953552,5.382285621635674e-07,5.382285621635674e-07,6.546198477014695e-08,16
umi,0,6,10,1.525831712730117e-17,1.3018261951768768e-17,0.9999998807907104,3.970120815210976e-06,3.970120815210976e-06,5.44311186106571e-07,16
umi,0,6,11,7.621492887741533e-14,1.737509536746916e-14,1.0,5.092253445582173e-07,5.092253445582173e-07,7.499524528173635e-08,16
umi,0,6,12,2.2762735836655465e-14,4.534345243571193e-15,0.9999999403953552,1.1946979157073656e-06,1.1946979157073656e-06,2.7919211506629737e-07,16
umi,0,6,13,4.754411024848664e-16,1.2541439808799108e-16,0.9999999403953552,1.4845487612547004e-06,1.4845487612547004e-06,2.5759551522262875e-07,16
umi,0,6,14,8.170114589184243e-14,2.993301610808123e-14,1.0,1.310769107476517e-06,1.310769107476517e-06,4.402075983532118e-08,16
umi,0,6,15,3.218101156314258e-15,5.395845513564597e-16,1.0,5.115594490234798e-07,5.115594490234798e-07,1.0265809014172177e-07,16
umi,0,6,16,4.2848771221804714e-13,7.193589257256661e-14,1.0,7.919596214378544e-07,7.919596214378544e-07,1.6077012246641612e-07,16
umi,0,6,17,4.1477851297919155e-13,2.5270427026977127e-13,0.9999999403953552,3.7780696402478497e-06,3.7780696402478497e-06,6.429049833525085e-07,16
umi,0,6,18,1.4549472005326962e-14,4.4601451573917164e-15,1.0,5.717445219488582e-07,5.717445219488582e-07,5.143951507078811e-08,16
umi,0,6,19,2.150030989021774e-14,5.310792394231951e-15,1.0,5.498075097420951e-07,5.498075097420951e-07,8.525023611047203e-08,16
umi,0,6,20,3.556121116612784e-14,7.59649555580463e-15,1.0,9.795547839530627e-07,9.795547839530627e-07,1.3166610290683065e-07,16
umi,0,7,0,3.8884684185986716e-15,1.1103575969846516e-15,0.9999999403953552,6.927073741280765e-07,6.927073741280765e-07,1.5966718816172407e-07,16
umi,0,7,1,4.7884164062339375e-15,2.619077753678316e-15,0.9999999403953552,5.67367624171311e-06,5.67367624171311e-06,5.656946211962314e-07,16
umi,0,7,2,1.0655604405989409e-15,3.015059303772597e-16,0.9999999403953552,6.522911917272722e-07,6.522911917272722e-07,7.720562571386703e-08,16
umi,0,7,3,7.345316869260573e-15,2.262261524757416e-15,0.9999998807907104,6.557017513841856e-06,6.557017513841856e-06,1.1049389356164747e-06,16
umi,0,7,4,1.352733190281728e-16,4.911445436654441e-17,1.0,5.91570710639644e-07,5.91570710639644e-07,9.54476207174345e-08,16
umi,0,7,5,1.1635890698805765e-16,2.9621718238605695e-17,1.0,1.7992928178500733e-06,1.7992928178500733e-06,5.1289402522336e-07,16
umi,0,7,6,4.671044468766565e-13,1.865260468867161e-13,0.9999999403953552,7.365264991676668e-06,7.365264991676668e-06,2.228079244886963e-07,16
umi,0,7,7,4.854106570368917e-13,1.3483800935607665e-13,0.9999999403953552,1.2934739288539276e-06,1.2934739288539276e-06,1.933951347551406e-07,16
umi,0,7,8,1.7631515002131952e-15,2.700758199573232e-16,1.0,5.732493946197792e-07,5.732493946197792e-07,1.165731364532151e-07,16
umi,0,7,9,1.4278719282223963e-16,4.754397256427368e-17,0.9999999403953552,3.2869456845219247e-06,3.2869456845219247e-06,2.2187122427843774e-07,16
umi,0,7,10,7.24432111706552e-14,1.7785728469968572e-14,1.0,4.003979938715929e-06,4.003979938715929e-06,8.974072017394781e-07,16
umi,0,7,11,2.820879354072638e-17,6.913942000729566e-18,0.9999998807907104,4.898491170024499e-06,4.898491170024499e-06,4.56526082029741e-07,16
umi,0,7,12,1.0700874581596582e-13,5.438883257614588e-14,1.0,3.951715370931197e-06,3.951715370931197e-06,2.750051513219658e-07,16
umi,0,7,13,4.528468833178813e-15,2.0243102763576595e-15,0.9999996423721313,4.901212378172204e-06,4.901212378172204e-06,1.8481666610898749e-06,16
umi,0,7,14,4.333487102252477e-12,1.6692977295590383e-12,1.0,7.972610092110699e-07,7.972610092110699e-07,8.995281456027664e-08,16
umi,0,7,15,5.982855104577978e-17,2.3528025904076575e-17,0.9999999403953552,2.187449354096316e-06,2.187449354096316e-06,5.862073028392156e-07,16
umi,0,7,16,1.133834728715569e-12,2.519638143960723e-13,1.0,6.161925512060407e-07,6.161925512060407e-07,1.5312389964987734e-07,16
umi,0,7,17,1.9775748672845367e-14,1.1785607110733915e-14,0.9999999403953552,7.136969088605838e-06,7.136969088605838e-06,1.8579993404217767e-07,16
umi,0,7,18,2.4955991395003302e-14,1.1252951288885996e-14,1.0,3.5612372357718414e-06,3.5612372357718414e-06,5.543774497390244e-07,16
umi,0,7,19,3.614081964138016e-14,7.237045266176006e-15,1.0,3.2996558729792014e-06,3.2996558729792014e-06,3.0485497173822083e-07,16
umi,0,7,20,4.817008064776327e-14,1.8690069972368203e-14,0.9999999403953552,1.8990981516253669e-06,1.8990981516253669e-06,1.5995858559092056e-07,16
umi,0,8,0,4.563316087506981e-16,8.772937948650013e-17,1.0,1.9521123704180354e-06,1.9521123704180354e-06,4.060693767748217e-07,16
umi,0,8,1,2.3917706629710487e-14,1.657242661786025e-14,0.9999995231628418,3.2459709018439753e-06,3.2459709018439753e-06,4.890728559070612e-07,16
umi,0,8,2,5.09728991474791e-15,1.2470508211004849e-15,1.0,3.4008887723757653e-06,3.4008887723757653e-06,1.0565636684931514e-06,16
umi,0,8,3,6.416152605850207e-14,1.8367004830021835e-14,0.9999999403953552,9.966308880393626e-07,9.966308880393626e-07,2.2701274112620795e-07,16
umi,0,8,4,8.064436613652956e-16,1.3526427953381532e-16,0.9999999403953552,6.650040631939191e-06,6.650040631939191e-06,4.181848876223381e-07,16
umi,0,8,5,2.088780231873495e-14,1.7287827256979443e-14,0.9999999403953552,5.856764801137615e-06,5.856764801137615e-06,4.2129933759373836e-07,16
umi,0,8,6,2.5916596739564633e-15,6.887103133138548e-16,0.9999998807907104,4.5583840346807847e-07,4.5583840346807847e-07,1.297049070972437e-07,16
umi,0,8,7,9.730864514757813e-14,3.249380338367011e-14,0.9999999403953552,6.295041657722322e-06,6.295041657722322e-06,3.337776166467553e-07,16
umi,0,8,8,7.693174934174807e-12,2.5301314862669066e-12,0.9999999403953552,7.576939538012084e-07,7.576939538012084e-07,1.6937135871761033e-07,16
umi,0,8,9,2.4940307871569318e-15,1.03980695225842e-15,1.0,4.320455445849802e-06,4.320455445849802e-06,3.394289321318088e-07,16
umi,0,8,10,3.455952833807308e-13,8.821498490452911e-14,0.9999998211860657,2.726102366068517e-06,2.726102366068517e-06,4.620758593136714e-07,16
umi,0,8,11,4.753404394640048e-16,8.936750811926544e-17,0.9999998807907104,1.0036143294200883e-06,1.0036143294200883e-06,1.1102771409589231e-07,16
umi,0,8,12,1.5796684155598216e-15,4.784378781688822e-16,0.9999998807907104,2.2858007469039876e-06,2.2858007469039876e-06,2.842336927647541e-07,16
umi,0,8,13,1.8059809756945818e-16,6.120401334763968e-17,1.0,5.332812520464358e-07,5.332812520464358e-07,1.1552814839937594e-07,16
umi,0,8,14,6.523208480164527e-14,1.8572168068308088e-14,0.9999998211860657,3.0307419365271926e-06,3.0307419365271926e-06,6.456331252782647e-07,16
umi,0,8,15,1.9635198455711716e-14,7.032765059737265e-15,0.9999999403953552,2.0847614905505907e-06,2.0847614905505907e-06,3.007293896876275e-07,16
umi,0,8,16,2.030005440228173e-14,1.065317827036354e-14,0.9999997615814209,1.8026611314780894e-06,1.8026611314780894e-06,5.697108610824378e-07,16
umi,0,8,17,1.570258712964917e-15,6.139159276427608e-16,1.0,1.8527221072872635e-06,1.8527221072872635e-06,5.476173431301994e-07,16
umi,0,8,18,2.1413968717660707e-13,3.7561418547975983e-14,0.9999999403953552,9.915603413901408e-07,9.915603413901408e-07,1.2225069409814372e-07,16
umi,0,8,19,1.1034571837296355e-15,2.1516755766116344e-16,1.0,1.4185351346895914e-06,1.4185351346895914e-06,1.987506316450307e-07,16
umi,0,8,20,1.6240450173867667e-18,4.501441930270564e-19,1.0,6.6434190557629336e-06,6.6434190557629336e-06,4.429097202815013e-07,16
umi,0,9,0,1.4355834065594132e-14,3.5519589724444973e-15,0.9999999403953552,1.8331066939936136e-06,1.8331066939936136e-06,2.2153848234174657e-07,16
umi,0,9,1,1.8081816178529634e-15,9.317065958265765e-16,1.0,2.9570671813416993e-06,2.9570671813416993e-06,2.78341382206423e-07,16
umi,0,9,2,6.147466088578168e-16,1.7838651512029494e-16,1.0,3.1763846664034645e-07,3.1763846664034645e-07,8.059842472796745e-08,16
umi,0,9,3,2.709948693166579e-16,4.128047493923845e-17,0.9999999403953552,2.0386723917908967e-06,2.0386723917908967e-06,4.6773793803164734e-07,16
umi,0,9,4,2.8596050850349183e-14,6.87462316145194e-15,0.9999998807907104,1.0203323199675651e-06,1.0203323199675651e-06,3.4040531083785995e-07,16
umi,0,9,5,9.881202435146457e-15,2.474102770799822e-15,1.0,1.328478219875251e-06,1.328478219875251e-06,2.3620401635704905e-07,16
umi,0,9,6,3.659832505612621e-15,1.33599436275987e-15,1.0,8.69246775891952e-07,8.69246775891952e-07,2.6082603074222923e-07,16
umi,0,9,7,7.336659516112688e-17,1.3616151407244547e-17,1.0,6.523792990265065e-07,6.523792990265065e-07,1.0988584043428372e-07,16
umi,0,9,8,4.257392582814283e-14,6.062820432056314e-15,0.9999999403953552,3.514068566801143e-06,3.514068566801143e-06,5.642771583454176e-07,16
umi,0,9,9,2.043611082224936e-10,3.606349593954228e-11,0.9999999403953552,7.575182507935097e-07,7.575182507935097e-07,2.0723368996407834e-07,16
umi,0,9,10,5.261980331712837e-12,9.503193587959147e-13,1.0,3.6028716294822516e-06,3.6028716294822516e-06,5.932190593316982e-07,16
umi,0,9,11,5.2634831335020976e-11,1.8770811294199774e-11,0.9999998807907104,2.4091968953143805e-06,2.4091968953143805e-06,4.537808477415073e-07,16
umi,0,9,12,1.3426591137886538e-14,2.8580458651312514e-15,0.9999999403953552,1.3319746585693792e-06,1.3319746585693792e-06,3.120460379813294e-07,16
umi,0,9,13,5.260232593687709e-15,3.601731051941634e-15,0.9999998807907104,1.068110123014776e-06,1.068110123014776e-06,2.3208330193846616e-07,16
umi,0,9,14,1.3248251595664893e-16,3.305185425912834e-17,1.0,1.3469945770339109e-05,1.3469945770339109e-05,1.691176192102204e-06,16
umi,0,9,15,2.6740143261792416e-17,4.960708012598914e-18,0.9999998211860657,1.3925454140917282e-06,1.3925454140917282e-06,8.264650888786917e-08,16
umi,0,9,16,6.072155708938396e-12,1.6947684575163713e-12,1.0,5.068733344160137e-07,5.068733344160137e-07,1.6018692850649524e-07,16
umi,0,9,17,3.6012482447498855e-13,8.227444468983727e-14,1.0,3.4047499752887234e-07,3.4047499752887234e-07,9.20033148953468e-08,16
umi,0,9,18,4.4491314755065497e-14,1.137887120682482e-14,0.9999998807907104,1.0955916422972223e-06,1.0955916422972223e-06,4.003365842163073e-07,16
umi,0,9,19,9.315754189297586e-15,2.5123651548514302e-15,1.0,4.380577138363151e-06,4.380577138363151e-06,4.3520721558399793e-07,16
umi,0,9,20,2.343539974936702e-16,4.00529091317077e-17,1.0,5.778205149908899e-07,5.778205149908899e-07,1.6476166270730035e-07,16
umi,0,10,0,1.0636163657501225e-13,3.7467990813893834e-14,1.0,2.0815969037357718e-06,2.0815969037357718e-06,6.502877797128016e-07,16
umi,0,10,1,3.791163825599534e-17,9.50378080572593e-18,0.9999999403953552,3.395868588995654e-06,3.395868588995654e-06,4.4655118764888224e-07,16
umi,0,10,2,2.044864694963692e-13,4.6708720468887147e-14,1.0,6.545832320625777e-07,6.545832320625777e-07,1.8023754688019063e-07,16
umi,0,10,3,7.411649886771989e-17,1.92429672876171e-17,1.0,1.3819383184454637e-06,1.3819383184454637e-06,1.815705898906203e-07,16
umi,0,10,4,9.829951361318297e-16,3.073664454601938e-16,1.0,3.702885351231089e-06,3.702885351231089e-06,4.2394122592225283e-07,16
umi,0,10,5,1.4711041028902175e-14,4.436549360580053e-15,0.9999998211860657,4.311951215640875e-06,4.311951215640875e-06,5.910669538110864e-07,16
umi,0,10,6,7.075090813038085e-16,1.884613896927336e-16,1.0,5.032332524024241e-07,5.032332524024241e-07,1.2091142980134003e-07,16
umi,0,10,7,1.814850781652501e-15,9.275402525172694e-16,0.9999998807907104,2.5792203359742416e-06,2.5792203359742416e-06,6.420129433792001e-07,16
umi,0,10,8,6.219871373839304e-13,4.3587179763930617e-13,1.0,1.9044331338591292e-06,1.9044331338591292e-06,1.585089263164172e-08,16
umi,0,10,9,3.805451129706937e-15,7.813134608218521e-16,0.9999999403953552,4.379291112854844e-06,4.379291112854844e-06,2.5375153224023507e-07,16
umi,0,10,10,3.240053016798518e-12,7.385658382617899e-13,0.9999998807907104,1.1358603160260827e-06,1.1358603160260827e-06,2.3321653475113105e-07,16
umi,0,10,11,9.127837915909185e-14,1.633846764749914e-14,1.0,1.6934465065787663e-06,1.6934465065787663e-06,2.513878862088274e-07,16
umi,0,10,12,6.887018320668907e-15,2.989667797112755e-15,0.9999999403953552,3.052675992876175e-06,3.052675992876175e-06,4.944375789826896e-07,16
umi,0,10,13,1.5141239129717646e-14,4.4834614333307855e-15,1.0,7.702587367930391e-07,7.702587367930391e-07,1.05185119716827e-07,16
umi,0,10,14,3.5082279262144626e-17,7.976750801032612e-18,0.9999998807907104,5.408881406765431e-06,5.408881406765431e-06,7.075717787623108e-07,16
umi,0,10,15,2.183946292552821e-17,4.231181034441446e-18,0.9999999403953552,1.3980441053718096e-06,1.3980441053718096e-06,2.212288004572624e-07,16
umi,0,10,16,1.0948204923902294e-14,3.894324184010528e-15,1.0,2.061813120235456e-06,2.061813120235456e-06,2.8573569664142017e-07,16
umi,0,10,17,8.765288147189946e-15,1.832108971505002e-15,0.9999998211860657,2.056367748082266e-06,2.056367748082266e-06,3.056022054058964e-07,16
umi,0,10,18,6.928023626209636e-16,2.361586355157909e-16,1.0,3.7557119867415167e-06,3.7557119867415167e-06,6.385200315485164e-07,16
umi,0,10,19,1.438542118899919e-13,3.769056396737795e-14,1.0,1.2378923202049918e-06,1.2378923202049918e-06,1.5405761616771085e-07,16
umi,0,10,20,1.5871952089813986e-16,4.352080098410972e-17,1.0,2.6076568246935494e-06,2.6076568246935494e-06,2.6684368774984164e-07,16
umi,0,11,0,4.489061719871069e-15,1.870586290166976e-15,1.0,7.592296697112033e-06,7.592296697112033e-06,4.1882249699807834e-07,16
umi,0,11,1,9.568831645673304e-16,3.4777851972259447e-16,0.9999998807907104,1.719806391520251e-06,1.719806391520251e-06,4.6968492928269666e-07,16
umi,0,11,2,2.389097584350286e-14,4.666271895655471e-15,0.9999998807907104,1.8301872160009225e-06,1.8301872160009225e-06,5.803380901690004e-07,16
umi,0,11,3,2.0265236405538622e-17,5.882309224123338e-18,1.0,1.3531753211282194e-06,1.3531753211282194e-06,4.704829144203937e-07,16
umi,0,11,4,3.295192802871785e-14,7.308261255282306e-15,0.9999999403953552,1.938586592586944e-06,1.938586592586944e-06,5.97504204525792e-07,16
umi,0,11,5,1.4627211169850273e-15,2.9406432241915704e-16,0.9999998807907104,2.4452610887237824e-06,2.4452610887237824e-06,5.474307328924101e-07,16
umi,0,11,6,1.1747118477368841e-14,6.9792893286782596e-15,0.9999998807907104,1.2721645816782257e-06,1.2721645816782257e-06,2.9733588576499134e-07,16
umi,0,11,7,6.09946534397417e-14,1.9017646412191648e-14,1.0,2.087582515741815e-06,2.087582515741815e-06,4.4356594393258486e-07,16
umi,0,11,8,3.371941026166062e-16,7.596617634428153e-17,1.0,2.166638978451374e-06,2.166638978451374e-06,4.0369990913425354e-07,16
umi,0,11,9,3.5122655510439215e-16,4.642177633189239e-17,1.0,2.062303565253387e-06,2.062303565253387e-06,4.388813184788454e-07,16
umi,0,11,10,3.672119472156801e-13,3.0376311817466306e-13,0.9999999403953552,2.316748123121215e-06,2.316748123121215e-06,4.321302568109736e-07,16
umi,0,11,11,2.983309212617264e-11,8.276721322197922e-12,1.0,2.8498147912614513e-06,2.8498147912614513e-06,4.090104097975679e-07,16
umi,0,11,12,1.3813170508560305e-13,5.755146386581325e-14,0.9999997615814209,5.698226686945418e-06,5.698226686945418e-06,2.2062435457892186e-07,16
umi,0,11,13,4.5358170968239983e-14,9.595001185182424e-15,0.9999998211860657,1.1421851695558871e-06,1.1421851695558871e-06,4.417599827735601e-07,16
umi,0,11,14,5.2244469047020184e-14,2.3045489670227293e-14,0.9999998807907104,1.931024144141702e-06,1.931024144141702e-06,4.812138463430642e-07,16
umi,0,11,15,4.0905704915103985e-15,1.5220063978669401e-15,0.9999999403953552,4.3215919731665053e-07,4.3215919731665053e-07,1.2491947011592484e-07,16
umi,0,11,16,8.465707699098061e-17,3.875007650587953e-17,1.0,1.3411136023933068e-06,1.3411136023933068e-06,4.727187344046388e-07,16
umi,0,11,17,3.864912181938911e-15,1.279369680840328e-15,1.0,4.637573056243127e-06,4.637573056243127e-06,2.9749977787536217e-07,16
umi,0,11,18,5.423813619176551e-16,7.716120748395934e-17,1.0,1.8209883023700968e-07,1.8209883023700968e-07,3.1999726438631565e-08,16
umi,0,11,19,1.8813258850944288e-14,4.3411946265429005e-15,1.0,6.471425422205357e-07,6.471425422205357e-07,2.14859507119432e-07,16
umi,0,11,20,1.4338191138374e-15,3.413706625370565e-16,1.0,1.083147139979701e-06,1.083147139979701e-06,2.052198666104826e-07,16
umi,0,12,0,3.685763969157666e-13,2.9992539484977043e-13,0.9999999403953552,2.587928065622691e-06,2.587928065622691e-06,9.177438633920212e-08,16
umi,0,12,1,2.3993349627616957e-16,5.643763322198662e-17,1.0,1.3050716916040983e-06,1.3050716916040983e-06,5.616027889327628e-08,16
umi,0,12,2,8.641007376804966e-14,1.7142452686308082e-14,0.9999999403953552,2.6098580292455154e-06,2.6098580292455154e-06,1.6936539554303334e-07,16
umi,0,12,3,6.456850355374395e-15,1.1427740772716657e-15,0.9999999403953552,2.336412535441923e-06,2.336412535441923e-06,3.748340390602974e-07,16
umi,0,12,4,6.560071253764404e-17,2.406675871086501e-17,1.0,8.768233215050714e-07,8.768233215050714e-07,1.30335938652778e-07,16
umi,0,12,5,3.52557787283417e-17,5.120463472252811e-18,0.9999995231628418,4.361143055575667e-06,4.361143055575667e-06,4.954631358684272e-07,16
umi,0,12,6,1.1352705144782995e-14,1.8113151596828563e-15,1.0,5.131114448886365e-07,5.131114448886365e-07,1.3938922000528044e-07,16
umi,0,12,7,3.892834344542484e-14,5.9725817770205775e-15,0.9999996423721313,7.98855398898013e-06,7.98855398898013e-06,8.427274130344473e-07,16
umi,0,12,8,6.491326989826446e-17,1.901415258657268e-17,1.0,1.298883603340073e-06,1.298883603340073e-06,2.3488227236257474e-07,16
umi,0,12,9,4.524205724006703e-15,9.737403940758343e-16,0.9999998211860657,6.849231795058586e-07,6.849231795058586e-07,2.0778784144268286e-07,16
umi,0,12,10,6.237585817789286e-16,1.5059283625692938e-16,1.0,8.296034366139793e-07,8.296034366139793e-07,1.1437918161737323e-07,16
umi,0,12,11,2.3411152420437157e-14,5.464443323830934e-15,1.0,1.2276409506739583e-06,1.2276409506739583e-06,2.8038174001681147e-07,16
umi,0,12,12,1.241627619540864e-10,6.48973236261341e-11,1.0,1.6232726238740725e-06,1.6232726238740725e-06,3.069592966100051e-08,16
umi,0,12,13,8.103704093825051e-13,2.255295424155243e-13,0.9999999403953552,5.412231075752061e-06,5.412231075752061e-06,3.7005501823260176e-07,16
umi,0,12,14,1.631044543848486e-15,3.636632462198096e-16,0.9999999403953552,2.3298607629840262e-06,2.3298607629840262e-06,4.4900176958369884e-07,16
umi,0,12,15,3.3828459617600287e-13,8.259259704108957e-14,0.9999998807907104,2.679219733181526e-06,2.679219733181526e-06,3.9287442615706824e-07,16
umi,0,12,16,2.4879607318638355e-15,9.532472789499638e-16,1.0,2.5495448880974436e-06,2.5495448880974436e-06,2.756426372107559e-07,16
umi,0,12,17,3.989261045208946e-14,1.2169900876705508e-14,0.9999998807907104,1.524041863376624e-06,1.524041863376624e-06,1.786311353923728e-07,16
umi,0,12,18,1.772687097855561e-16,5.1782492345109696e-17,1.0,3.144060656268266e-06,3.144060656268266e-06,3.320883453160159e-07,16
umi,0,12,19,1.6498573914285385e-13,3.269506518820131e-14,0.9999999403953552,2.183522610721411e-06,2.183522610721411e-06,2.2185783207084946e-07,16
umi,0,12,20,3.3584085282191737e-16,4.812708857400926e-17,0.9999999403953552,8.97099198482465e-07,8.97099198482465e-07,1.2021860916314128e-07,16
umi,0,13,0,4.873312517083271e-15,1.825077751009844e-15,0.9999999403953552,1.8764591231956729e-06,1.8764591231956729e-06,1.7860812899741755e-07,16
umi,0,13,1,9.280269663651774e-18,1.638864306522604e-18,1.0,5.259503836896329e-07,5.259503836896329e-07,1.5848171103275163e-07,16
umi,0,13,2,4.215755117733054e-15,1.3305470938760776e-15,1.0,2.656637434483855e-06,2.656637434483855e-06,7.981069611597216e-07,16
umi,0,13,3,9.297856074831889e-14,1.73092504142814e-14,0.9999999403953552,2.113836899297894e-06,2.113836899297894e-06,6.044875797007158e-08,16
umi,0,13,4,9.478054709373165e-14,4.639971268533341e-14,0.9999997615814209,6.130723704700358e-06,6.130723704700358e-06,5.58827626305581e-07,16
umi,0,13,5,1.842506202333266e-17,3.590840669929446e-18,1.0,2.296724460393307e-06,2.296724460393307e-06,2.592625111582613e-07,16
umi,0,13,6,9.747519149639727e-16,1.5654543970309778e-16,0.9999999403953552,1.348896489616891e-06,1.348896489616891e-06,2.732011306102995e-07,16
umi,0,13,7,4.59534573263636e-13,1.0432057778383963e-13,0.9999998211860657,2.239434934381279e-06,2.239434934381279e-06,1.699162801965101e-07,16
umi,0,13,8,6.034005345195894e-16,1.7346316258415892e-16,1.0,7.355098432526574e-07,7.355098432526574e-07,1.463014561845877e-07,16
umi,0,13,9,7.648970226010385e-16,1.1059596033991602e-16,1.0,4.138382337259827e-06,4.138382337259827e-06,6.254719906692115e-07,16
umi,0,13,10,3.571475781130924e-17,7.52052264290144e-18,1.0,1.2963818107891711e-06,1.2963818107891711e-06,2.097241087786499e-07,16
umi,0,13,11,2.0375135376835597e-13,6.63851569202012e-14,0.9999999403953552,7.408855253743241e-07,7.408855253743241e-07,1.061370793384396e-07,16
umi,0,13,12,3.3452704716069094e-13,1.4382199316036182e-13,0.9999999403953552,4.201646788715152e-06,4.201646788715152e-06,5.67787267600037e-07,16
umi,0,13,13,6.771479314025678e-10,2.0443594039853963e-10,0.9999999403953552,6.414736049009662e-07,6.414736049009662e-07,7.668630964239912e-08,16
umi,0,13,14,9.671750225755961e-13,4.613037382639185e-13,0.9999999403953552,1.1013896710210247e-06,1.1013896710210247e-06,1.8552917321370992e-07,16
umi,0,13,15,5.053376691573205e-11,1.3091026526690364e-11,1.0,2.0231811959092738e-07,2.0231811959092738e-07,3.078727617218409e-08,16
umi,0,13,16,3.5991195156101436e-14,2.2098701652774853e-14,0.9999999403953552,1.073772000381723e-05,1.073772000381723e-05,1.2654301862483408e-06,16
umi,0,13,17,5.773139131915306e-14,2.3054136182552865e-14,1.0,6.084292181185447e-07,6.084292181185447e-07,8.380238973461444e-08,16
umi,0,13,18,1.0795687662588498e-16,2.05041761850216e-17,0.9999999403953552,1.6379104863517568e-06,1.6379104863517568e-06,1.5454144729161252e-07,16
umi,0,13,19,1.421784788518219e-14,3.8474845325767865e-15,1.0,2.292231329192873e-06,2.292231329192873e-06,2.046946778142317e-07,16
umi,0,13,20,1.0444625274878366e-14,2.4897347638414002e-15,1.0,7.648860105291533e-07,7.648860105291533e-07,2.0618950451368604e-07,16
umi,0,14,0,6.109304208950014e-13,1.1972836459241132e-13,7.425072681144229e-07,7.425072681144229e-07,7.425072681144229e-07,1.8077980306916377e-07,23
umi,0,14,1,1.4960711378012928e-12,3.0934770803986433e-13,2.7771918666985584e-06,2.7771918666985584e-06,2.7771918666985584e-06,1.8415630495095067e-07,23
umi,0,14,2,3.2681744848988825e-14,4.557442561493397e-15,4.829497584069031e-07,4.829497584069031e-07,4.829497584069031e-07,6.050834245956697e-08,23
umi,0,14,3,3.2348668527981504e-11,6.5439671910472175e-12,5.00948829085246e-07,5.00948829085246e-07,5.00948829085246e-07,6.875395968169761e-08,23
umi,0,14,4,2.9698111725284175e-11,1.837504454149652e-11,2.245424270629883,9.657925374995102e-07,9.657925374995102e-07,1.4866084034220884e-07,16
umi,0,14,5,3.915457820024808e-13,1.9770491667403522e-13,1.6389949450967833e-06,1.6389949450967833e-06,1.6389949450967833e-06,4.970472025324601e-07,23
umi,0,14,6,9.548197744738049e-14,2.0569182072665768e-14,9.205177775584161e-07,9.205177775584161e-07,9.205177775584161e-07,6.717933188978056e-08,23
umi,0,14,7,9.262006686779067e-10,1.6886955722661412e-10,1.9420815533521818e-07,1.9420815533521818e-07,1.9420815533521818e-07,3.808627198896335e-08,23
umi,0,14,8,3.1637531126758614e-14,6.03894426733911e-15,4.357699197043985e-07,4.357699197043985e-07,4.357699197043985e-07,1.1088400897418274e-07,23
umi,0,14,9,1.5035956069491856e-14,5.949176562622047e-15,3.0346942025971657e-07,3.0346942025971657e-07,3.0346942025971657e-07,5.564421293471567e-08,23
umi,0,14,10,2.3984677905583152e-12,1.0784975343347547e-12,7.577334315556072e-08,7.577334315556072e-08,7.577334315556072e-08,1.6626029867357862e-08,23
umi,0,14,11,4.989216012504968e-12,1.1613251593017848e-12,2.732707002905954e-07,2.732707002905954e-07,2.732707002905954e-07,2.7308038612845186e-08,23
umi,0,14,12,3.701272018807541e-11,1.2819506740868736e-11,2.6569433212280273,1.5143099290071405e-06,1.5143099290071405e-06,2.0711468073320126e-07,16
umi,0,14,13,8.419278486321472e-13,1.2400121890670385e-13,2.0113520804443397e-07,2.0113520804443397e-07,2.0113520804443397e-07,2.2165738929505108e-08,23
umi,0,14,14,5.502029314127083e-11,8.656375095894564e-12,7.404411235256703e-07,7.404411235256703e-07,7.404411235256703e-07,6.151321268500663e-08,23
umi,0,14,15,1.7055934695755658e-12,3.424589713370285e-13,2.947784309981216e-07,2.947784309981216e-07,2.947784309981216e-07,5.804310420123082e-08,23
umi,0,14,16,3.193395623918961e-14,6.1370450821912614e-15,9.227585451299092e-07,9.227585451299092e-07,9.227585451299092e-07,2.7695040321263596e-07,23
umi,0,14,17,3.045777231107326e-13,7.364403276652678e-14,1.591912791809591e-06,1.591912791809591e-06,1.591912791809591e-06,1.850967334194699e-07,23
umi,0,14,18,7.158901162983542e-15,1.3009361984686065e-15,1.3025960470258724e-06,1.3025960470258724e-06,1.3025960470258724e-06,4.5187954491887403e-07,23
umi,0,14,19,2.7228509785731165e-12,5.669095293030224e-13,1.7863661696537747e-06,1.7863661696537747e-06,1.7863661696537747e-06,1.50495287997069e-07,23
umi,0,14,20,1.4137300094068719e-12,2.8608436149560323e-13,8.62053525452211e-07,8.62053525452211e-07,8.62053525452211e-07,1.1453363946116006e-07,23
umi,0,15,0,1.427064016053482e-15,2.716057732183013e-16,0.9999999403953552,3.7717315990448697e-06,3.7717315990448697e-06,3.227769720696616e-07,16
umi,0,15,1,1.0315088169998416e-16,3.516727934022655e-17,1.0,2.406860403425526e-06,2.406860403425526e-06,1.2058101249217212e-07,16
umi,0,15,2,4.155851576301881e-13,1.3950701759166823e-13,1.0,4.559490207611816e-06,4.559490207611816e-06,3.2380732496672015e-07,16
umi,0,15,3,1.1267162424326445e-12,5.001398600823492e-13,1.0,1.3451175391310244e-06,1.3451175391310244e-06,4.1211677449125493e-07,16
umi,0,15,4,4.498058367620455e-15,8.201356277724768e-16,1.0,3.715108221058472e-07,3.715108221058472e-07,3.685439015590291e-08,16
umi,0,15,5,3.8054212330343795e-15,9.312097051238934e-16,1.0,6.274860879784683e-07,6.274860879784683e-07,4.8960232400723245e-08,16
umi,0,15,6,5.742019264550745e-13,1.8170858426865694e-13,1.0,6.248335466807475e-07,6.248335466807475e-07,8.799164463706984e-08,16
umi,0,15,7,3.17069784661448e-17,4.935120421120505e-18,0.9999998807907104,1.225646087732457e-06,1.225646087732457e-06,1.7414805490834372e-07,16
umi,0,15,8,3.9375052144317255e-16,2.1866311705069413e-16,0.9999998211860657,4.314759735279949e-06,4.314759735279949e-06,3.1234884751911607e-07,16
umi,0,15,9,7.670278864328625e-14,2.943052905871567e-14,1.0,6.610434297726897e-07,6.610434297726897e-07,6.827318791921611e-08,16
umi,0,15,10,3.254139362023925e-15,1.1693698530242666e-15,0.9999998807907104,1.350014599665883e-06,1.350014599665883e-06,2.0462156631187433e-07,16
umi,0,15,11,1.8406109127186296e-16,5.91282399963848e-17,1.0,1.9592810076574096e-06,1.9592810076574096e-06,5.837448180219181e-07,16
umi,0,15,12,3.023595060750051e-15,6.331022297496956e-16,0.9999999403953552,3.3359552276124305e-07,3.3359552276124305e-07,9.154743747347013e-08,16
umi,0,15,13,1.2267190692885042e-12,5.87113311526638e-13,1.0,1.0633135616444633e-06,1.0633135616444633e-06,8.291772329580821e-08,16
umi,0,15,14,4.777479886517025e-16,2.048948479559817e-16,1.0,1.120292722589511e-06,1.120292722589511e-06,1.315849820046132e-07,16
umi,0,15,15,1.1690410251859079e-12,6.66411695791902e-13,1.0,8.522943630850932e-07,8.522943630850932e-07,1.0424052767697563e-07,16
umi,0,15,16,6.3861952629658066e-15,2.2535421675983804e-15,0.9999998807907104,1.7001456171783502e-06,1.7001456171783502e-06,3.9715462785765806e-07,16
umi,0,15,17,1.6911057751646853e-12,8.862111348581503e-13,1.0,8.420619792559592e-07,8.420619792559592e-07,1.1615156434987509e-07,16
umi,0,15,18,3.5691371352507314e-14,1.9474818892945e-14,0.9999999403953552,3.4980016607732978e-06,3.4980016607732978e-06,7.298347245182427e-07,16
umi,0,15,19,1.4504144844337492e-16,2.676102162357068e-17,0.9999998807907104,6.61448837036005e-07,6.61448837036005e-07,1.4031820260227784e-07,16
umi,0,15,20,8.053140887919364e-14,1.857997601801588e-14,1.0,5.087925387670111e-07,5.087925387670111e-07,3.75468402786347e-08,16
umi,0,16,0,3.388519897798526e-17,6.661076609784862e-18,0.9999999403953552,2.249125827802345e-06,2.249125827802345e-06,2.443244116528698e-07,16
umi,0,16,1,1.695346145581403e-13,5.2482662855381224e-14,0.9999998211860657,2.0200873223075178e-06,2.0200873223075178e-06,5.069476782989625e-07,16
umi,0,16,2,2.920258292212985e-14,6.997650885392365e-15,1.0,2.892202815019118e-07,2.892202815019118e-07,5.635606925712908e-08,16
umi,0,16,3,1.6533397284585037e-16,5.801456372431281e-17,0.9999999403953552,1.6302664107570308e-06,1.6302664107570308e-06,4.5286879813600346e-07,16
umi,0,16,4,5.298872652173589e-17,6.859019689597883e-18,0.9999999403953552,1.8165922028856585e-06,1.8165922028856585e-06,5.036103687802922e-07,16
umi,0,16,5,1.2074308716655242e-14,7.786124209838239e-15,0.9999995231628418,3.0482260626740754e-06,3.0482260626740754e-06,9.029716739609313e-08,16
umi,0,16,6,2.6457855983418475e-14,6.5370225102142146e-15,1.0,5.109278845338849e-06,5.109278845338849e-06,6.45993025808152e-07,16
umi,0,16,7,3.913927420714956e-16,8.90002266924021e-17,1.0,4.4582321834241156e-07,4.4582321834241156e-07,9.386491352516116e-08,16
umi,0,16,8,3.689723085260857e-16,9.217454883668659e-17,0.9999999403953552,1.1705448059728951e-06,1.1705448059728951e-06,3.491930849855977e-07,16
umi,0,16,9,1.4780572421305388e-13,4.309380407857208e-14,0.9999998807907104,2.260553173982771e-06,2.260553173982771e-06,3.454090314448567e-07,16
umi,0,16,10,2.1277672887861552e-13,7.668629728625753e-14,1.0,7.153118417591031e-07,7.153118417591031e-07,9.264459425584101e-08,16
umi,0,16,11,1.2879335155201723e-17,2.746878630699249e-18,0.9999999403953552,7.05018237567856e-07,7.05018237567856e-07,1.2755294720689902e-07,16
umi,0,16,12,4.731351293380184e-18,9.888581297577688e-19,1.0,3.611998408814543e-06,3.611998408814543e-06,6.57018653114562e-07,16
umi,0,16,13,5.182200534541126e-13,1.6689220264012178e-13,1.0,1.633050715099671e-06,1.633050715099671e-06,1.1611402868069545e-07,16
umi,0,16,14,4.1296852288186385e-17,1.4385172123748358e-17,1.0,6.769332117073645e-07,6.769332117073645e-07,8.571107552109348e-08,16
umi,0,16,15,2.2495495483651797e-14,9.395961148071872e-15,1.0,5.013322152080946e-06,5.013322152080946e-06,5.635444323521154e-07,16
umi,0,16,16,3.243956609816313e-10,1.2905061741452784e-10,1.0,1.1360242524460773e-06,1.1360242524460773e-06,8.266721729674786e-08,16
umi,0,16,17,8.489006512840809e-17,4.222334172354069e-17,1.0,1.6505107396369567e-06,1.6505107396369567e-06,4.1611039896931126e-07,16
umi,0,16,18,2.542932333330404e-12,8.337534222052634e-13,1.0,4.605355172770942e-07,4.605355172770942e-07,7.811816173863924e-08,16
umi,0,16,19,1.4278933158510656e-16,2.406838825667174e-17,0.9999998211860657,2.3475815851270454e-06,2.3475815851270454e-06,3.555820026427682e-07,16
umi,0,16,20,2.365081430256352e-12,7.454967090696207e-13,1.0,1.214001144944632e-06,1.214001144944632e-06,1.935032849892866e-07,16
umi,0,17,0,4.538814442453551e-17,8.05219050007806e-18,0.9999999403953552,3.4607917314133374e-06,3.4607917314133374e-06,4.050741292112717e-07,16
umi,0,17,1,1.0790312811879782e-15,2.4600383181062565e-16,1.0,6.182394258757995e-07,6.182394258757995e-07,2.516399086743215e-07,16
umi,0,17,2,4.071788930544472e-16,9.344430416417999e-17,1.0,5.380982656788547e-06,5.380982656788547e-06,6.148701333475211e-07,16
umi,0,17,3,1.6779088286546954e-13,5.541729659257026e-14,0.9999999403953552,1.922639285112382e-06,1.922639285112382e-06,4.4600199515753493e-07,16
umi,0,17,4,4.716520342246979e-13,1.9817743908585872e-13,0.9999999403953552,1.965305727935629e-06,1.965305727935629e-06,5.932968110453447e-07,16
umi,0,17,5,8.003590477257302e-16,1.7467375795424253e-16,0.9999999403953552,5.358443104341859e-06,5.358443104341859e-06,3.592740492896892e-07,16
umi,0,17,6,1.590212768342413e-13,3.9977447892879103e-14,1.0,1.0393582670076285e-06,1.0393582670076285e-06,2.1928380798508527e-07,16
umi,0,17,7,1.3355320225641926e-16,2.9458379846128524e-17,0.9999999403953552,1.5048035493236966e-06,1.5048035493236966e-06,4.11260075393645e-07,16
umi,0,17,8,4.4211043544621825e-13,1.386104772627128e-13,0.9999998211860657,1.7158482705781353e-06,1.7158482705781353e-06,2.6946428380680344e-07,16
umi,0,17,9,1.1630900287845792e-12,3.101540291955418e-13,1.0,1.5251854392772657e-06,1.5251854392772657e-06,1.9544927329666326e-07,16
umi,0,17,10,1.0737049159573534e-12,4.1041996190482877e-13,0.9999997615814209,2.6138122848351486e-06,2.6138122848351486e-06,3.068226057158891e-07,16
umi,0,17,11,3.222036109082093e-15,4.683776678543429e-16,1.0,2.1002717858209508e-06,2.1002717858209508e-06,6.740098192484674e-07,16
umi,0,17,12,4.735125237150431e-14,1.1778830000122933e-14,0.9999998807907104,6.00600151301478e-06,6.00600151301478e-06,1.0641628800576852e-06,16
umi,0,17,13,2.430144298306749e-16,8.375545162256267e-17,0.999999463558197,7.40337600291241e-06,7.40337600291241e-06,1.4390518765326686e-06,16
umi,0,17,14,3.3591806380266824e-13,1.0788170758200405e-13,1.0,1.777735747054976e-06,1.777735747054976e-06,3.0218639799706455e-07,16
umi,0,17,15,8.121021897282006e-13,4.662612526976084e-13,1.0,2.7368889732315438e-06,2.7368889732315438e-06,5.171490559128426e-07,16
umi,0,17,16,5.3451128017597064e-14,1.8765906526201775e-14,1.0,4.38703000327223e-06,4.38703000327223e-06,5.136297388819768e-07,16
umi,0,17,17,9.626444856864544e-13,3.504732853758241e-13,0.9999999403953552,3.0306280223157955e-06,3.0306280223157955e-06,5.702972400502293e-07,16
umi,0,17,18,4.601296045917197e-14,1.3444084915963626e-14,1.0,7.878750238887733e-07,7.878750238887733e-07,1.7593894785380314e-07,16
umi,0,17,19,1.924261465018221e-16,3.843543023575416e-17,1.0,6.459333690145286e-07,6.459333690145286e-07,6.604282703018628e-08,16
umi,0,17,20,3.7143150567181936e-15,8.549551934704106e-16,1.0,2.692936050152639e-06,2.692936050152639e-06,2.941456375860328e-07,16
umi,0,18,0,8.259990693170206e-17,1.7338061326774858e-17,1.0,6.252391244743194e-07,6.252391244743194e-07,8.69623035903401e-08,16
umi,0,18,1,3.100910843084649e-12,8.250823527004847e-13,0.9999999403953552,6.729163942509331e-06,6.729163942509331e-06,4.822976153787671e-07,16
umi,0,18,2,4.739826661553635e-14,1.5576790210339655e-14,0.9999999403953552,1.7358236164000118e-06,1.7358236164000118e-06,3.6172449923196135e-07,16
umi,0,18,3,9.596346814065194e-17,1.958270690880488e-17,0.9999999403953552,1.3174154673833982e-06,1.3174154673833982e-06,3.1754947600514857e-07,16
umi,0,18,4,1.6148289707488487e-15,4.2741446631085526e-16,1.0,5.258952455733379e-07,5.258952455733379e-07,1.72145177081092e-07,16
umi,0,18,5,3.588645705807623e-13,1.1327221170580326e-13,0.9999999403953552,3.118145173175435e-07,3.118145173175435e-07,6.31156974718846e-08,16
umi,0,18,6,1.0536689231631708e-13,2.5914996738167842e-14,0.9999999403953552,1.6835733731568325e-06,1.6835733731568325e-06,9.698271308425257e-08,16
umi,0,18,7,2.92733970358753e-14,1.2661335840175297e-14,0.9999998211860657,5.325362508301623e-06,5.325362508301623e-06,8.727636000868811e-07,16
umi,0,18,8,2.960921709193551e-18,9.009282102579226e-19,0.9999999403953552,1.506089006397815e-06,1.506089006397815e-06,1.0841522371817893e-07,16
umi,0,18,9,5.36083802527347e-14,3.191895261555472e-14,1.0,2.1125654257048154e-06,2.1125654257048154e-06,2.525595164730085e-07,16
umi,0,18,10,4.683089228898863e-18,1.0136423220662358e-18,0.9999998807907104,6.379898877639789e-06,6.379898877639789e-06,1.1940560216472434e-06,16
umi,0,18,11,1.200060848847176e-13,5.782753562024595e-14,0.9999999403953552,6.60576120026235e-07,6.60576120026235e-07,1.8796150829404306e-07,16
umi,0,18,12,1.669034593365867e-14,4.074762954082902e-15,1.0,6.078435603740218e-07,6.078435603740218e-07,8.860646558414273e-08,16
umi,0,18,13,4.031130206218005e-17,1.0390620165598119e-17,0.9999999403953552,1.4772377880944987e-06,1.4772377880944987e-06,2.68336958672167e-07,16
umi,0,18,14,3.1746018288470846e-14,1.1569769563246363e-14,0.9999999403953552,4.755982445203699e-06,4.755982445203699e-06,3.533618904391299e-07,16
umi,0,18,15,4.514549097646269e-15,1.1744370158729787e-15,0.9999998807907104,9.860930276772706e-07,9.860930276772706e-07,9.823818152749207e-08,16
umi,0,18,16,1.1274121961548243e-12,2.473146470602372e-13,0.9999999403953552,1.1530169103934895e-06,1.1530169103934895e-06,1.7005132274815045e-07,16
umi,0,18,17,3.45775439334443e-15,5.055100570147545e-16,1.0,5.246531031843915e-07,5.246531031843915e-07,1.663211804643858e-07,16
umi,0,18,18,3.608828507257573e-13,1.4974852683823786e-13,1.0,3.575088385332492e-06,3.575088385332492e-06,3.313903615920407e-07,16
umi,0,18,19,3.82788035673802e-17,6.591702212580959e-18,1.0,1.2622288068087073e-06,1.2622288068087073e-06,1.8783077911925928e-07,16
umi,0,18,20,3.6805711740182576e-14,6.82992862095712e-15,0.9999999403953552,3.506823759380495e-06,3.506823759380495e-06,5.005569291827594e-07,16
umi,0,19,0,4.3268554976081526e-14,3.562022570890826e-14,1.0,1.0805712236106046e-06,1.0805712236106046e-06,2.0757124975187343e-07,16
umi,0,19,1,5.847631397808599e-14,1.7646698176072145e-14,1.0,7.568348223685462e-07,7.568348223685462e-07,1.2138500387095933e-07,16
umi,0,19,2,1.3288516870345543e-15,5.176294573636282e-16,1.0,1.9440883534116438e-06,1.9440883534116438e-06,2.603578191591887e-07,16
umi,0,19,3,4.0495195511338873e-14,1.1944442729003042e-14,1.0,2.3817324290575925e-07,2.3817324290575925e-07,4.3212741638157486e-08,16
umi,0,19,4,4.461419495299803e-16,7.434042895092491e-17,1.0,6.412685138457164e-07,6.412685138457164e-07,1.8931085430459153e-07,16
umi,0,19,5,2.923869101974159e-14,7.772486979387445e-15,0.9999999403953552,6.636635134782409e-06,6.636635134782409e-06,1.1967119591455194e-06,16
umi,0,19,6,6.398789968361878e-14,1.7584259989398242e-14,0.9999998807907104,3.4447182315489044e-06,3.4447182315489044e-06,9.86510457805305e-07,16
umi,0,19,7,2.1057097832175957e-15,7.073934249105613e-16,1.0,3.4439076443959493e-06,3.4439076443959493e-06,6.227691227811183e-07,16
umi,0,19,8,2.4976839257779353e-17,5.10989582633714e-18,1.0,3.254968078181264e-06,3.254968078181264e-06,4.213270366949854e-07,16
umi,0,19,9,1.8744207582592595e-14,8.107012477510164e-15,0.9999999403953552,1.2053086493324372e-06,1.2053086493324372e-06,3.57615243797691e-07,16
umi,0,19,10,1.2152847635480523e-14,2.5388707215951486e-15,1.0,1.0469763083165162e-06,1.0469763083165162e-06,5.223289903779449e-08,16
umi,0,19,11,2.601749818953026e-13,1.2610682084083363e-13,0.9999999403953552,1.6555228512515896e-06,1.6555228512515896e-06,9.246737827834694e-08,16
umi,0,19,12,1.900250933454545e-14,4.513956313497835e-15,1.0,2.4878033855202375e-06,2.4878033855202375e-06,2.545402642149707e-07,16
umi,0,19,13,1.6022262773687993e-17,3.0351337033811156e-18,0.9999998807907104,6.653699983871775e-06,6.653699983871775e-06,5.848528850846347e-07,16
umi,0,19,14,1.248966831263117e-16,3.214364303376962e-17,0.9999999403953552,1.0482226571184583e-06,1.0482226571184583e-06,8.447994366054041e-08,16
umi,0,19,15,1.7372010856304786e-13,6.466338288392201e-14,0.9999998211860657,4.177395567239728e-06,4.177395567239728e-06,3.6551074305605817e-07,16
umi,0,19,16,2.5703634595136227e-13,7.756362013170565e-14,1.0,2.532122778120538e-07,2.532122778120538e-07,6.337944152832534e-08,16
umi,0,19,17,5.35984825887872e-16,2.382814853700674e-16,0.9999998807907104,9.078705261345021e-06,9.078705261345021e-06,2.015133889250301e-06,16
umi,0,19,18,9.319284445246922e-12,3.086026876750192e-12,0.9999999403953552,1.074674059964309e-06,1.074674059964309e-06,1.196232323479397e-07,16
umi,0,19,19,5.1201810664442326e-11,1.852318125272756e-11,1.0,5.509298262040829e-07,5.509298262040829e-07,7.066026146463813e-08,16
umi,0,19,20,1.2085749024251542e-13,2.83226540094203e-14,0.9999998807907104,2.1451089651236543e-06,2.1451089651236543e-06,2.157675169208212e-07,16
umi,0,20,0,2.354449452723523e-17,4.906085968029587e-18,0.9999999403953552,1.8283916460859473e-06,1.8283916460859473e-06,2.7184303435316237e-07,16
umi,0,20,1,5.43536273391417e-15,7.552448571997985e-16,0.9999999403953552,1.1754191291402094e-06,1.1754191291402094e-06,3.0603553131171966e-07,16
umi,0,20,2,7.41946558113404e-14,3.353986874473844e-14,0.9999999403953552,1.9175954548700247e-06,1.9175954548700247e-06,2.355906098321298e-07,16
umi,0,20,3,4.576441595079529e-16,2.0641502063339695e-16,1.0,6.723723799950676e-07,6.723723799950676e-07,1.519602232879456e-07,16
umi,0,20,4,1.0782332933522182e-17,4.548798950917414e-18,0.9999999403953552,2.854550075426232e-06,2.854550075426232e-06,5.129945704286178e-07,16
umi,0,20,5,4.087329341087381e-15,1.301209366594096e-15,0.9999997615814209,3.6830410863331053e-06,3.6830410863331053e-06,2.859856122029769e-07,16
umi,0,20,6,1.815608552437895e-13,4.127082654575495e-14,0.9999999403953552,4.0116365198628046e-06,4.0116365198628046e-06,6.453096209880811e-07,16
umi,0,20,7,5.522489202855479e-15,2.2290726563016245e-15,1.0,1.0531589396123309e-06,1.0531589396123309e-06,3.952076105623007e-07,16
umi,0,20,8,4.43796508350716e-15,9.919344500246199e-16,1.0,4.916196303383913e-07,4.916196303383913e-07,5.9428182140416086e-08,16
umi,0,20,9,6.211453738033085e-16,1.8251087735915374e-16,1.0,2.047917632808094e-06,2.047917632808094e-06,4.401165921209834e-07,16
umi,0,20,10,1.0475168613534596e-15,6.591197466971179e-16,0.9999999403953552,4.2094475247722585e-06,4.2094475247722585e-06,3.894439787068036e-07,16
umi,0,20,11,5.633269108745562e-14,2.2466078476723883e-14,0.9999995827674866,3.3413821256544907e-06,3.3413821256544907e-06,1.00507456452253e-06,16
umi,0,20,12,2.6919039113685083e-15,8.728906926120468e-16,1.0,1.4110989923210582e-06,1.4110989923210582e-06,1.0366394024187082e-07,16
umi,0,20,13,8.08834455691997e-14,3.3467789629058886e-14,0.9999998807907104,2.3365139441011706e-06,2.3365139441011706e-06,3.6086304405594583e-07,16
umi,0,20,14,6.153996353036426e-16,1.7615148634006646e-16,1.0,8.253247756329074e-07,8.253247756329074e-07,2.0390800859518075e-07,16
umi,0,20,15,6.0189032990581895e-15,2.7904428950614648e-15,1.0,1.228018390975194e-06,1.228018390975194e-06,6.479975219168013e-08,16
umi,0,20,16,7.755972176456762e-14,1.6026190316769003e-14,1.0,7.119966767277219e-07,7.119966767277219e-07,4.868881249889327e-08,16
umi,0,20,17,1.3459156895529592e-17,2.8710713210728075e-18,1.0,1.97581221073051e-06,1.97581221073051e-06,4.296005675196764e-07,16
umi,0,20,18,6.38480064166428e-14,1.3226301733796231e-14,0.9999998807907104,4.444967544259271e-06,4.444967544259271e-06,5.259853665347535e-07,16
umi,0,20,19,2.4857718016924677e-12,1.27974887631499e-12,0.9999998807907104,2.0677809970948147e-06,2.0677809970948147e-06,2.397112543774116e-07,16
umi,0,20,20,1.317191182345007e-11,5.109046866125233e-12,0.9999999403953552,1.4976527609178447e-06,1.4976527609178447e-06,7.624486173325728e-08,16
