method_id,long_violation_seconds,short_violation_seconds,long_maximum_excess_db,short_maximum_excess_db,eligible_floor_violation_user_intervals,eligible_floor_violation_user_seconds,total_normalized_floor_shortfall,final_moving_pf_utility,duration_weighted_mean_moving_pf_utility,protected_active_eligible_p05_bps_hz,protected_active_eligible_geometric_mean_bps_hz,total_active_eligible_p05_bps_hz,total_active_eligible_geometric_mean_bps_hz,sector_mute_interval_count,intervals_with_any_sector_mute,maximum_muted_sector_count,runtime_seconds,extra,pass_slot,protected_sample_count,interval_count,method_action_sha256,method_sector_scale_sha256,method_stream_action_sha256,runtime_scope,candidate_strict_local_scope_gate,candidate_strict_post_mode_power_gate,candidate_q0_envelope_deployable_actions,candidate_unresolved_deployable_intervals,candidate_network_wide_shutdown_intervals,candidate_maximum_mutable_sector_count,candidate_maximum_external_interferers_per_violating_user,candidate_maximum_eess_backoff_sectors,candidate_maximum_strict_post_mode_power_ratio,candidate_maximum_q0_power_envelope_ratio,candidate_maximum_normalized_floor_shortfall,candidate_baseline_noop_intervals,candidate_local_grid_repair_intervals,candidate_local_stream_repair_intervals,candidate_information_exchange_locality_certified,candidate_action_scope_locality_verified,candidate_global_oracles_classification_only,candidate_local_table_build_seconds_sum,candidate_repair_solver_seconds_sum,candidate_local_table_build_seconds_max,candidate_repair_solver_seconds_max,candidate_repair_solver_seconds_p95_nonzero,candidate_changed_stream_coefficient_count_sum,candidate_changed_sector_interval_count_sum,candidate_maximum_changed_stream_coefficients_per_interval,candidate_maximum_changed_sectors_per_interval,candidate_incremental_float32_payload_lower_bound_bytes_sum,candidate_payload_claim_boundary,campaign_seed,array_index,development_source,development_replay
candidate_v4_4_floor_first_protected_subband_scheduling,0,0,-0.0221498179147394,-14.426510324582772,0,0,0.0,34.440800315128286,73.13962192279818,0.1544832752841308,1.8107385625835413,0.2954529713184066,2.1568660743922417,70,15,6,1.9641089388169348,"{'action_class_counts': {'SPARSE_LOCAL_STREAM_POWER_REPAIR': 98, 'BASELINE_NOOP': 20}, 'maximum_mutable_sector_count': 5, 'maximum_external_interferers_per_violating_user': 2, 'maximum_eess_backoff_sectors': 2, 'strict_local_scope_gate': 'PASS', 'strict_local_scope_violation_intervals': 0, 'strict_post_mode_selected_power_gate': 'PASS', 'strict_post_mode_power_violation_intervals': 0, 'q0_envelope_deployable_actions': 0, 'maximum_strict_post_mode_selected_power_ratio': 0.22701663276203235, 'maximum_q0_nominal_power_envelope_ratio': 0.21640770531780865, 'unresolved_deployable_intervals': 0, 'network_wide_shutdown_intervals': 0, 'maximum_normalized_floor_shortfall': 0.0, 'solver_constraint_reserve': 1e-08, 'solver_primal_feasibility_tolerance': 1e-09, 'solver_dual_feasibility_tolerance': 1e-09, 'local_table_build_seconds_sum': 0.4510083843488246, 'repair_solver_seconds_sum': 1.2753861043602228, 'local_table_build_seconds_max': 0.004106807056814432, 'repair_solver_seconds_max': 0.06746961502358317, 'repair_solver_seconds_p95_nonzero': 0.012855352321639656, 'candidate_end_to_end_seconds': 1.964074236806482, 'changed_stream_coefficient_count_sum': 214, 'changed_sector_interval_count_sum': 98, 'maximum_changed_stream_coefficients_per_interval': 4, 'maximum_changed_sectors_per_interval': 1, 'incremental_float32_payload_lower_bound_bytes_sum': 856, 'payload_claim_boundary': 'FLOAT32_COEFFICIENT_VALUE_LOWER_BOUND_ONLY_EXCLUDES_IDS_HEADERS_RELIABILITY_AND_TRANSPORT_OVERHEAD', 'information_exchange_locality_certified': False, 'action_scope_locality_verified': True, 'global_oracles_classification_only': True}",0,587,118,cacfb35c150636c8fb236544091628384d37836136bc0196384a2258472a14c0,dc77bab4664c445cffd4975a16b43d44e92515fe9d184307921b14c75d0f6c7d,761a46d45d1a7a230093414b96cbb53fd3fece4e2732afde15ca0c41b89b99e4,candidate_end_to_end_including_sequential_fallback_and_repair_oracles,PASS,PASS,0.0,0.0,0.0,5.0,2.0,2.0,0.2270166327620323,0.2164077053178086,0.0,20.0,0.0,98.0,False,True,True,0.4510083843488246,1.2753861043602228,0.0041068070568144,0.0674696150235831,0.0128553523216396,214.0,98.0,4.0,1.0,856.0,FLOAT32_COEFFICIENT_VALUE_LOWER_BOUND_ONLY_EXCLUDES_IDS_HEADERS_RELIABILITY_AND_TRANSPORT_OVERHEAD,44000,0.0,V4_3_EXACT_NOOP_CODE_PATH_REUSE,
candidate_v4_4_floor_first_protected_subband_scheduling,0,0,-0.0127668290799004,-14.430897413815384,0,0,0.0,46.30291432926168,74.05637112138697,0.1546458918765084,1.807631778147312,0.2954526912783329,2.1423457424805736,72,12,6,1.884988950099796,"{'action_class_counts': {'SPARSE_LOCAL_STREAM_POWER_REPAIR': 95, 'BASELINE_NOOP': 20}, 'maximum_mutable_sector_count': 5, 'maximum_external_interferers_per_violating_user': 2, 'maximum_eess_backoff_sectors': 2, 'strict_local_scope_gate': 'PASS', 'strict_local_scope_violation_intervals': 0, 'strict_post_mode_selected_power_gate': 'PASS', 'strict_post_mode_power_violation_intervals': 0, 'q0_envelope_deployable_actions': 0, 'maximum_strict_post_mode_selected_power_ratio': 0.22593923348610156, 'maximum_q0_nominal_power_envelope_ratio': 0.2225148822140881, 'unresolved_deployable_intervals': 0, 'network_wide_shutdown_intervals': 0, 'maximum_normalized_floor_shortfall': 0.0, 'solver_constraint_reserve': 1e-08, 'solver_primal_feasibility_tolerance': 1e-09, 'solver_dual_feasibility_tolerance': 1e-09, 'local_table_build_seconds_sum': 0.42935675429180264, 'repair_solver_seconds_sum': 1.2262275870889425, 'local_table_build_seconds_max': 0.003894168185070157, 'repair_solver_seconds_max': 0.05201541702263057, 'repair_solver_seconds_p95_nonzero': 0.012647358886897563, 'candidate_end_to_end_seconds': 1.8849562190007418, 'changed_stream_coefficient_count_sum': 212, 'changed_sector_interval_count_sum': 95, 'maximum_changed_stream_coefficients_per_interval': 4, 'maximum_changed_sectors_per_interval': 1, 'incremental_float32_payload_lower_bound_bytes_sum': 848, 'payload_claim_boundary': 'FLOAT32_COEFFICIENT_VALUE_LOWER_BOUND_ONLY_EXCLUDES_IDS_HEADERS_RELIABILITY_AND_TRANSPORT_OVERHEAD', 'information_exchange_locality_certified': False, 'action_scope_locality_verified': True, 'global_oracles_classification_only': True}",1,571,115,20687ea32d8bf2ebcc1510c8880d5d6697b7757192ce046f8aa40d6169d1aba0,d5d5819ba116f4435be543d122fe90c86234e1a8fc816260ae81280b6ad22d9f,95988be4c4f6d3730727ed3cdfe42db43818a525b8c4f1ed5f4d277c1cf64daf,candidate_end_to_end_including_sequential_fallback_and_repair_oracles,PASS,PASS,0.0,0.0,0.0,5.0,2.0,2.0,0.2259392334861015,0.2225148822140881,0.0,20.0,0.0,95.0,False,True,True,0.4293567542918026,1.2262275870889423,0.0038941681850701,0.0520154170226305,0.0126473588868975,212.0,95.0,4.0,1.0,848.0,FLOAT32_COEFFICIENT_VALUE_LOWER_BOUND_ONLY_EXCLUDES_IDS_HEADERS_RELIABILITY_AND_TRANSPORT_OVERHEAD,44000,0.0,V4_3_EXACT_NOOP_CODE_PATH_REUSE,
candidate_v4_4_floor_first_protected_subband_scheduling,0,0,-0.0004700888955831,-14.435865745748908,0,0,0.0,38.54408194619614,73.57658089212251,0.1558961489130936,1.8239941504738928,0.2954510006461596,2.1528058501160525,67,12,6,1.924385971855372,"{'action_class_counts': {'SPARSE_LOCAL_STREAM_POWER_REPAIR': 97, 'BASELINE_NOOP': 20}, 'maximum_mutable_sector_count': 5, 'maximum_external_interferers_per_violating_user': 2, 'maximum_eess_backoff_sectors': 2, 'strict_local_scope_gate': 'PASS', 'strict_local_scope_violation_intervals': 0, 'strict_post_mode_selected_power_gate': 'PASS', 'strict_post_mode_power_violation_intervals': 0, 'q0_envelope_deployable_actions': 0, 'maximum_strict_post_mode_selected_power_ratio': 0.12398383956673786, 'maximum_q0_nominal_power_envelope_ratio': 0.11843651994523298, 'unresolved_deployable_intervals': 0, 'network_wide_shutdown_intervals': 0, 'maximum_normalized_floor_shortfall': 0.0, 'solver_constraint_reserve': 1e-08, 'solver_primal_feasibility_tolerance': 1e-09, 'solver_dual_feasibility_tolerance': 1e-09, 'local_table_build_seconds_sum': 0.4411709092091769, 'repair_solver_seconds_sum': 1.2392756438348442, 'local_table_build_seconds_max': 0.004116331925615668, 'repair_solver_seconds_max': 0.04917751904577017, 'repair_solver_seconds_p95_nonzero': 0.01263703741133213, 'candidate_end_to_end_seconds': 1.9243540239986032, 'changed_stream_coefficient_count_sum': 215, 'changed_sector_interval_count_sum': 97, 'maximum_changed_stream_coefficients_per_interval': 4, 'maximum_changed_sectors_per_interval': 1, 'incremental_float32_payload_lower_bound_bytes_sum': 860, 'payload_claim_boundary': 'FLOAT32_COEFFICIENT_VALUE_LOWER_BOUND_ONLY_EXCLUDES_IDS_HEADERS_RELIABILITY_AND_TRANSPORT_OVERHEAD', 'information_exchange_locality_certified': False, 'action_scope_locality_verified': True, 'global_oracles_classification_only': True}",2,581,117,64bbe0a4fb395e0a47b286a411579926295a5c9523af6b0afdeee7e26d55fe45,e20fb2d856807fc7b3cfd7e839ef59178d6e967311d43d04747255339b77897f,ef3f384de8e59a75c8c926c42f44e690c36eae39345f4dd386a0fd2f00a14e2a,candidate_end_to_end_including_sequential_fallback_and_repair_oracles,PASS,PASS,0.0,0.0,0.0,5.0,2.0,2.0,0.1239838395667378,0.1184365199452329,0.0,20.0,0.0,97.0,False,True,True,0.4411709092091769,1.2392756438348442,0.0041163319256156,0.0491775190457701,0.0126370374113321,215.0,97.0,4.0,1.0,860.0,FLOAT32_COEFFICIENT_VALUE_LOWER_BOUND_ONLY_EXCLUDES_IDS_HEADERS_RELIABILITY_AND_TRANSPORT_OVERHEAD,44000,0.0,V4_3_EXACT_NOOP_CODE_PATH_REUSE,
candidate_v4_4_floor_first_protected_subband_scheduling,0,0,-0.0002201301307608,-14.332699207567767,0,0,0.0,42.05052526640329,72.79359758401372,0.1549913269143217,1.828151268305034,0.2954531934773565,2.159577047598703,65,12,6,2.045486937975511,"{'action_class_counts': {'SPARSE_LOCAL_STREAM_POWER_REPAIR': 98, 'BASELINE_NOOP': 21}, 'maximum_mutable_sector_count': 5, 'maximum_external_interferers_per_violating_user': 2, 'maximum_eess_backoff_sectors': 2, 'strict_local_scope_gate': 'PASS', 'strict_local_scope_violation_intervals': 0, 'strict_post_mode_selected_power_gate': 'PASS', 'strict_post_mode_power_violation_intervals': 0, 'q0_envelope_deployable_actions': 0, 'maximum_strict_post_mode_selected_power_ratio': 0.11564434457702942, 'maximum_q0_nominal_power_envelope_ratio': 0.11040865789430111, 'unresolved_deployable_intervals': 0, 'network_wide_shutdown_intervals': 0, 'maximum_normalized_floor_shortfall': 0.0, 'solver_constraint_reserve': 1e-08, 'solver_primal_feasibility_tolerance': 1e-09, 'solver_dual_feasibility_tolerance': 1e-09, 'local_table_build_seconds_sum': 0.45460678986273706, 'repair_solver_seconds_sum': 1.3433956853114069, 'local_table_build_seconds_max': 0.004915479104965925, 'repair_solver_seconds_max': 0.08190936082974076, 'repair_solver_seconds_p95_nonzero': 0.012706210953183472, 'candidate_end_to_end_seconds': 2.0454538809135556, 'changed_stream_coefficient_count_sum': 225, 'changed_sector_interval_count_sum': 98, 'maximum_changed_stream_coefficients_per_interval': 4, 'maximum_changed_sectors_per_interval': 1, 'incremental_float32_payload_lower_bound_bytes_sum': 900, 'payload_claim_boundary': 'FLOAT32_COEFFICIENT_VALUE_LOWER_BOUND_ONLY_EXCLUDES_IDS_HEADERS_RELIABILITY_AND_TRANSPORT_OVERHEAD', 'information_exchange_locality_certified': False, 'action_scope_locality_verified': True, 'global_oracles_classification_only': True}",3,594,119,b1f6d0eb5de2671dadecdf6083cff54e98dda37a95fa46bc121cf7683e5ad141,4818b5c364cc03cd1bd4d4149e879c06e2a411785127e81408051f9730db680c,cba2bede8cd7b8fd6ecfd3b1ce83627efe32d519f073b121ead159278011d6cc,candidate_end_to_end_including_sequential_fallback_and_repair_oracles,PASS,PASS,0.0,0.0,0.0,5.0,2.0,2.0,0.1156443445770294,0.1104086578943011,0.0,21.0,0.0,98.0,False,True,True,0.454606789862737,1.3433956853114069,0.0049154791049659,0.0819093608297407,0.0127062109531834,225.0,98.0,4.0,1.0,900.0,FLOAT32_COEFFICIENT_VALUE_LOWER_BOUND_ONLY_EXCLUDES_IDS_HEADERS_RELIABILITY_AND_TRANSPORT_OVERHEAD,44000,0.0,V4_3_EXACT_NOOP_CODE_PATH_REUSE,
candidate_v4_4_floor_first_protected_subband_scheduling,0,0,-0.0023482409924838,-14.375681051346035,0,0,0.0,49.343150482425294,72.34842686352836,0.1545070471419888,1.8257637694245112,0.2954728925864807,2.1634874761147858,90,19,6,1.9486137719359249,"{'action_class_counts': {'SPARSE_LOCAL_STREAM_POWER_REPAIR': 98, 'BASELINE_NOOP': 23}, 'maximum_mutable_sector_count': 5, 'maximum_external_interferers_per_violating_user': 2, 'maximum_eess_backoff_sectors': 2, 'strict_local_scope_gate': 'PASS', 'strict_local_scope_violation_intervals': 0, 'strict_post_mode_selected_power_gate': 'PASS', 'strict_post_mode_power_violation_intervals': 0, 'q0_envelope_deployable_actions': 0, 'maximum_strict_post_mode_selected_power_ratio': 0.13317360160882769, 'maximum_q0_nominal_power_envelope_ratio': 0.12986915473657798, 'unresolved_deployable_intervals': 0, 'network_wide_shutdown_intervals': 0, 'maximum_normalized_floor_shortfall': 0.0, 'solver_constraint_reserve': 1e-08, 'solver_primal_feasibility_tolerance': 1e-09, 'solver_dual_feasibility_tolerance': 1e-09, 'local_table_build_seconds_sum': 0.45007517910562456, 'repair_solver_seconds_sum': 1.2491581849753857, 'local_table_build_seconds_max': 0.00409327307716012, 'repair_solver_seconds_max': 0.04635501001030207, 'repair_solver_seconds_p95_nonzero': 0.012686449603643268, 'candidate_end_to_end_seconds': 1.948581465985626, 'changed_stream_coefficient_count_sum': 229, 'changed_sector_interval_count_sum': 98, 'maximum_changed_stream_coefficients_per_interval': 4, 'maximum_changed_sectors_per_interval': 1, 'incremental_float32_payload_lower_bound_bytes_sum': 916, 'payload_claim_boundary': 'FLOAT32_COEFFICIENT_VALUE_LOWER_BOUND_ONLY_EXCLUDES_IDS_HEADERS_RELIABILITY_AND_TRANSPORT_OVERHEAD', 'information_exchange_locality_certified': False, 'action_scope_locality_verified': True, 'global_oracles_classification_only': True}",4,605,121,a8188f576e97b1776cab8b4ff2c8fd541e5ac741c0eb90203d53f9a787e73865,8a6f7243318e966fc531835c9a1698815f9413bfe95ecceb19be5c4fc2114c4d,19c5725c12b8d30277f30733267346423f0186b24524f2487cc1fa633cec43c4,candidate_end_to_end_including_sequential_fallback_and_repair_oracles,PASS,PASS,0.0,0.0,0.0,5.0,2.0,2.0,0.1331736016088276,0.1298691547365779,0.0,23.0,0.0,98.0,False,True,True,0.4500751791056245,1.2491581849753857,0.0040932730771601,0.046355010010302,0.0126864496036432,229.0,98.0,4.0,1.0,916.0,FLOAT32_COEFFICIENT_VALUE_LOWER_BOUND_ONLY_EXCLUDES_IDS_HEADERS_RELIABILITY_AND_TRANSPORT_OVERHEAD,44000,0.0,V4_3_EXACT_NOOP_CODE_PATH_REUSE,
candidate_v4_4_floor_first_protected_subband_scheduling,0,0,-0.0301857031900273,-14.040585858449466,4,20,0.0585387483416853,44.75742746669128,88.22355261899152,0.1692229011231609,1.874746328199221,0.2948146113389026,2.249084963706986,144,57,6,3.3349508359096944,"{'action_class_counts': {'FLOOR_FIRST_PROTECTED_SUBBAND_SCHEDULING_G0': 36, 'SPARSE_LOCAL_FROZEN_GRID_SECTOR_REPAIR': 58, 'NO_FEASIBLE_DEPLOYABLE_ACTION_FOUND': 4, 'BASELINE_NOOP': 20}, 'strict_local_scope_gate': 'PASS', 'strict_local_scope_violation_intervals': 0, 'strict_post_mode_selected_power_gate': 'PASS', 'strict_post_mode_power_violation_intervals': 0, 'q0_envelope_deployable_actions': 0, 'unresolved_deployable_intervals': 4, 'diagnostic_g8_scheduling_feasible_intervals': 0, 'network_wide_shutdown_intervals': 0, 'maximum_normalized_floor_shortfall': 0.014634687099131478, 'maximum_mutable_sector_count': 11, 'maximum_external_interferers_per_violating_user': 2, 'maximum_eess_backoff_sectors': 2, 'maximum_post_mode_selected_power_ratio': 1.0000000000000004, 'maximum_strict_post_mode_selected_power_ratio': 1.0000000000000004, 'maximum_q0_nominal_power_envelope_ratio': 1.0, 'protected_subband_scheduling_intervals': 36, 'protected_subband_scheduling_success_intervals': 36, 'protected_subband_scheduling_failure_intervals': 4, 'protected_subband_scheduling_guard_limit_counts': {'0': 36}, 'maximum_schedule_mode_count': 48, 'maximum_schedule_guard_sector_count': 0, 'schedule_slots_per_second': 2000, 'scheduled_nonbaseline_slots_per_second_sum': 24453, 'maximum_scheduled_nonbaseline_slots_per_second': 994, 'maximum_protected_subband_scheduled_fraction': 0.497, 'maximum_schedule_nonzero_mode_count': 4, 'maximum_schedule_critical_sector_count': 3, 'maximum_schedule_mutable_sector_count': 3, 'local_table_build_seconds_sum': 0.4176823883317411, 'local_table_build_seconds_max': 0.005748713854700327, 'repair_solver_seconds_sum': 2.4196565062738955, 'repair_solver_seconds_max': 0.17273831414058805, 'repair_solver_seconds_p95_nonzero': 0.04407642858568579, 'schedule_solver_seconds_sum': 0.26503352262079716, 'schedule_solver_seconds_max': 0.06212729215621948, 'candidate_end_to_end_seconds': 3.3349163560196757, 'information_exchange_locality_certified': False, 'action_scope_locality_verified': True, 'global_oracles_classification_only': True, 'changed_stream_coefficient_count_sum': 631, 'changed_sector_interval_count_sum': 172, 'maximum_changed_stream_coefficients_per_interval': 11, 'maximum_changed_sectors_per_interval': 3, 'incremental_float32_payload_lower_bound_bytes_sum': 3148, 'payload_claim_boundary': 'LOWER_BOUND_FOR_CHANGED_FLOAT32_STREAM_COEFFICIENTS_PLUS_SCHEDULE_COUNTS_NOT_A_SERIALIZED_PROTOCOL_MEASUREMENT', 'claim_boundary': 'DEVELOPMENT_REPLAY_ON_PREVIOUSLY_OBSERVED_SEEDS_NOT_CONFIRMATORY_NOT_CALIBRATION_NOT_REGULATORY_COMPLIANCE'}",0,587,118,266f011fd53bc040f32afbc002727fb401b6fd5ed2b68aaa822a1e54748026f5,41a42d3ec6896e864b39035f12982bca50ea25de5ddad237537f863a9445c77c,cf2d0a808ffcfeff60183bbcbdc97594ec130a1e36acc443f6419a84279c9b6d,candidate_end_to_end_including_sequential_fallback_and_repair_oracles,PASS,PASS,0.0,4.0,0.0,11.0,2.0,2.0,1.0000000000000004,1.0,0.0146346870991314,20.0,58.0,0.0,False,True,True,0.4176823883317411,2.4196565062738955,0.0057487138547003,0.172738314140588,0.0440764285856857,631.0,172.0,11.0,3.0,3148.0,LOWER_BOUND_FOR_CHANGED_FLOAT32_STREAM_COEFFICIENTS_PLUS_SCHEDULE_COUNTS_NOT_A_SERIALIZED_PROTOCOL_MEASUREMENT,44001,,EXECUTED_V4_4_FAILED_SEED_REPLAY,True
candidate_v4_4_floor_first_protected_subband_scheduling,0,0,-0.0049995076200516,-14.079557609454136,1,5,0.0146346870984391,56.66449035181415,89.29441679994886,0.1677434443069062,1.874529378418288,0.2947964470084855,2.236933604007502,142,54,6,5.919580377172679,"{'action_class_counts': {'FLOOR_FIRST_PROTECTED_SUBBAND_SCHEDULING_G0': 39, 'SPARSE_LOCAL_FROZEN_GRID_SECTOR_REPAIR': 55, 'NO_FEASIBLE_DEPLOYABLE_ACTION_FOUND': 1, 'BASELINE_NOOP': 20}, 'strict_local_scope_gate': 'PASS', 'strict_local_scope_violation_intervals': 0, 'strict_post_mode_selected_power_gate': 'PASS', 'strict_post_mode_power_violation_intervals': 0, 'q0_envelope_deployable_actions': 0, 'unresolved_deployable_intervals': 1, 'diagnostic_g8_scheduling_feasible_intervals': 0, 'network_wide_shutdown_intervals': 0, 'maximum_normalized_floor_shortfall': 0.01463468709843919, 'maximum_mutable_sector_count': 8, 'maximum_external_interferers_per_violating_user': 2, 'maximum_eess_backoff_sectors': 2, 'maximum_post_mode_selected_power_ratio': 1.0000000000000004, 'maximum_strict_post_mode_selected_power_ratio': 1.0000000000000004, 'maximum_q0_nominal_power_envelope_ratio': 1.0000000000000002, 'protected_subband_scheduling_intervals': 39, 'protected_subband_scheduling_success_intervals': 39, 'protected_subband_scheduling_failure_intervals': 1, 'protected_subband_scheduling_guard_limit_counts': {'0': 39}, 'maximum_schedule_mode_count': 16, 'maximum_schedule_guard_sector_count': 0, 'schedule_slots_per_second': 2000, 'scheduled_nonbaseline_slots_per_second_sum': 26277, 'maximum_scheduled_nonbaseline_slots_per_second': 994, 'maximum_protected_subband_scheduled_fraction': 0.497, 'maximum_schedule_nonzero_mode_count': 3, 'maximum_schedule_critical_sector_count': 2, 'maximum_schedule_mutable_sector_count': 2, 'local_table_build_seconds_sum': 0.40002105524763465, 'local_table_build_seconds_max': 0.003748292103409767, 'repair_solver_seconds_sum': 3.0884430375881493, 'repair_solver_seconds_max': 0.06209149118512869, 'repair_solver_seconds_p95_nonzero': 0.058736045053228735, 'schedule_solver_seconds_sum': 2.21814006799832, 'schedule_solver_seconds_max': 0.17399201821535826, 'candidate_end_to_end_seconds': 5.919545345939696, 'information_exchange_locality_certified': False, 'action_scope_locality_verified': True, 'global_oracles_classification_only': True, 'changed_stream_coefficient_count_sum': 572, 'changed_sector_interval_count_sum': 154, 'maximum_changed_stream_coefficients_per_interval': 8, 'maximum_changed_sectors_per_interval': 2, 'incremental_float32_payload_lower_bound_bytes_sum': 2840, 'payload_claim_boundary': 'LOWER_BOUND_FOR_CHANGED_FLOAT32_STREAM_COEFFICIENTS_PLUS_SCHEDULE_COUNTS_NOT_A_SERIALIZED_PROTOCOL_MEASUREMENT', 'claim_boundary': 'DEVELOPMENT_REPLAY_ON_PREVIOUSLY_OBSERVED_SEEDS_NOT_CONFIRMATORY_NOT_CALIBRATION_NOT_REGULATORY_COMPLIANCE'}",1,571,115,2741a3a5927573029a2250791bd1ac527d3e492c5edaa7df9c9dffe2ac73d549,32478f4ef6ec1f69578b0c15b36685c310e11fd775b112ddc6e5816ad9f23cd4,9ab844e9837363db48c609d5cc7a76da3ce1a1ac85432132604de5242c88c2f6,candidate_end_to_end_including_sequential_fallback_and_repair_oracles,PASS,PASS,0.0,1.0,0.0,8.0,2.0,2.0,1.0000000000000004,1.0000000000000002,0.0146346870984391,20.0,55.0,0.0,False,True,True,0.4000210552476346,3.0884430375881493,0.0037482921034097,0.0620914911851286,0.0587360450532287,572.0,154.0,8.0,2.0,2840.0,LOWER_BOUND_FOR_CHANGED_FLOAT32_STREAM_COEFFICIENTS_PLUS_SCHEDULE_COUNTS_NOT_A_SERIALIZED_PROTOCOL_MEASUREMENT,44001,,EXECUTED_V4_4_FAILED_SEED_REPLAY,True
candidate_v4_4_floor_first_protected_subband_scheduling,0,0,-0.0020296360004549,-14.007704183397223,19,95,0.2780590551382699,48.63926769195445,88.70712018927958,0.1703175948332258,1.8744962256898412,0.2947721035868465,2.2457029627710603,112,50,6,5.17253872519359,"{'action_class_counts': {'NO_FEASIBLE_DEPLOYABLE_ACTION_FOUND': 19, 'FLOOR_FIRST_PROTECTED_SUBBAND_SCHEDULING_G0': 21, 'SPARSE_LOCAL_FROZEN_GRID_SECTOR_REPAIR': 57, 'BASELINE_NOOP': 20}, 'strict_local_scope_gate': 'PASS', 'strict_local_scope_violation_intervals': 0, 'strict_post_mode_selected_power_gate': 'PASS', 'strict_post_mode_power_violation_intervals': 0, 'q0_envelope_deployable_actions': 0, 'unresolved_deployable_intervals': 19, 'diagnostic_g8_scheduling_feasible_intervals': 0, 'network_wide_shutdown_intervals': 0, 'maximum_normalized_floor_shortfall': 0.01463468711890076, 'maximum_mutable_sector_count': 8, 'maximum_external_interferers_per_violating_user': 2, 'maximum_eess_backoff_sectors': 2, 'maximum_post_mode_selected_power_ratio': 1.0, 'maximum_strict_post_mode_selected_power_ratio': 1.0, 'maximum_q0_nominal_power_envelope_ratio': 1.0, 'protected_subband_scheduling_intervals': 21, 'protected_subband_scheduling_success_intervals': 21, 'protected_subband_scheduling_failure_intervals': 19, 'protected_subband_scheduling_guard_limit_counts': {'0': 21}, 'maximum_schedule_mode_count': 12, 'maximum_schedule_guard_sector_count': 0, 'schedule_slots_per_second': 2000, 'scheduled_nonbaseline_slots_per_second_sum': 12326, 'maximum_scheduled_nonbaseline_slots_per_second': 675, 'maximum_protected_subband_scheduled_fraction': 0.3375, 'maximum_schedule_nonzero_mode_count': 3, 'maximum_schedule_critical_sector_count': 2, 'maximum_schedule_mutable_sector_count': 2, 'local_table_build_seconds_sum': 0.40381695376709104, 'local_table_build_seconds_max': 0.0038531729951500893, 'repair_solver_seconds_sum': 2.8976544504985213, 'repair_solver_seconds_max': 0.06174871837720275, 'repair_solver_seconds_p95_nonzero': 0.04873658912256347, 'schedule_solver_seconds_sum': 1.677405850496143, 'schedule_solver_seconds_max': 0.6413350938819349, 'candidate_end_to_end_seconds': 5.172508584801108, 'information_exchange_locality_certified': False, 'action_scope_locality_verified': True, 'global_oracles_classification_only': True, 'changed_stream_coefficient_count_sum': 453, 'changed_sector_interval_count_sum': 121, 'maximum_changed_stream_coefficients_per_interval': 8, 'maximum_changed_sectors_per_interval': 2, 'incremental_float32_payload_lower_bound_bytes_sum': 2142, 'payload_claim_boundary': 'LOWER_BOUND_FOR_CHANGED_FLOAT32_STREAM_COEFFICIENTS_PLUS_SCHEDULE_COUNTS_NOT_A_SERIALIZED_PROTOCOL_MEASUREMENT', 'claim_boundary': 'DEVELOPMENT_REPLAY_ON_PREVIOUSLY_OBSERVED_SEEDS_NOT_CONFIRMATORY_NOT_CALIBRATION_NOT_REGULATORY_COMPLIANCE'}",2,581,117,ea4fa0cbf3a2bd7f90910cb02c9c52ebee87a85fc8ff15c419b00828ba20252f,65bad64f6fbaf0858fa00afea6197077c51f8efab972c668b80b4270b8f340e6,940be8d36e08b451cf21a7b0f72fd65ac7902e39d320ab7d782b1e14edb6fafc,candidate_end_to_end_including_sequential_fallback_and_repair_oracles,PASS,PASS,0.0,19.0,0.0,8.0,2.0,2.0,1.0,1.0,0.0146346871189007,20.0,57.0,0.0,False,True,True,0.403816953767091,2.8976544504985213,0.00385317299515,0.0617487183772027,0.0487365891225634,453.0,121.0,8.0,2.0,2142.0,LOWER_BOUND_FOR_CHANGED_FLOAT32_STREAM_COEFFICIENTS_PLUS_SCHEDULE_COUNTS_NOT_A_SERIALIZED_PROTOCOL_MEASUREMENT,44001,,EXECUTED_V4_4_FAILED_SEED_REPLAY,True
candidate_v4_4_floor_first_protected_subband_scheduling,0,0,-0.0020296360004549,-14.000856998793994,20,100,0.2926937422346559,50.6115077784162,87.80212112512362,0.1738961787235631,1.8801401049418656,0.2947876699669589,2.2535820216030507,110,52,6,4.052157456055284,"{'action_class_counts': {'NO_FEASIBLE_DEPLOYABLE_ACTION_FOUND': 20, 'FLOOR_FIRST_PROTECTED_SUBBAND_SCHEDULING_G0': 20, 'SPARSE_LOCAL_FROZEN_GRID_SECTOR_REPAIR': 58, 'BASELINE_NOOP': 21}, 'strict_local_scope_gate': 'PASS', 'strict_local_scope_violation_intervals': 0, 'strict_post_mode_selected_power_gate': 'PASS', 'strict_post_mode_power_violation_intervals': 0, 'q0_envelope_deployable_actions': 0, 'unresolved_deployable_intervals': 20, 'diagnostic_g8_scheduling_feasible_intervals': 0, 'network_wide_shutdown_intervals': 0, 'maximum_normalized_floor_shortfall': 0.01463468711890076, 'maximum_mutable_sector_count': 8, 'maximum_external_interferers_per_violating_user': 2, 'maximum_eess_backoff_sectors': 2, 'maximum_post_mode_selected_power_ratio': 1.0, 'maximum_strict_post_mode_selected_power_ratio': 1.0, 'maximum_q0_nominal_power_envelope_ratio': 1.0, 'protected_subband_scheduling_intervals': 20, 'protected_subband_scheduling_success_intervals': 20, 'protected_subband_scheduling_failure_intervals': 20, 'protected_subband_scheduling_guard_limit_counts': {'0': 20}, 'maximum_schedule_mode_count': 9, 'maximum_schedule_guard_sector_count': 0, 'schedule_slots_per_second': 2000, 'scheduled_nonbaseline_slots_per_second_sum': 11230, 'maximum_scheduled_nonbaseline_slots_per_second': 731, 'maximum_protected_subband_scheduled_fraction': 0.3655, 'maximum_schedule_nonzero_mode_count': 3, 'maximum_schedule_critical_sector_count': 2, 'maximum_schedule_mutable_sector_count': 2, 'local_table_build_seconds_sum': 0.40999410720542073, 'local_table_build_seconds_max': 0.003777512349188328, 'repair_solver_seconds_sum': 2.270705934613943, 'repair_solver_seconds_max': 0.08586649596691132, 'repair_solver_seconds_p95_nonzero': 0.04458673759363584, 'schedule_solver_seconds_sum': 1.1677146037109196, 'schedule_solver_seconds_max': 0.6206912938505411, 'candidate_end_to_end_seconds': 4.05213053477928, 'information_exchange_locality_certified': False, 'action_scope_locality_verified': True, 'global_oracles_classification_only': True, 'changed_stream_coefficient_count_sum': 452, 'changed_sector_interval_count_sum': 122, 'maximum_changed_stream_coefficients_per_interval': 8, 'maximum_changed_sectors_per_interval': 2, 'incremental_float32_payload_lower_bound_bytes_sum': 2104, 'payload_claim_boundary': 'LOWER_BOUND_FOR_CHANGED_FLOAT32_STREAM_COEFFICIENTS_PLUS_SCHEDULE_COUNTS_NOT_A_SERIALIZED_PROTOCOL_MEASUREMENT', 'claim_boundary': 'DEVELOPMENT_REPLAY_ON_PREVIOUSLY_OBSERVED_SEEDS_NOT_CONFIRMATORY_NOT_CALIBRATION_NOT_REGULATORY_COMPLIANCE'}",3,594,119,553166c0bc077325311508aee2485ad9b1f2cc7399c60c54d3b35e268168c65d,8c8c7c02ba106aba189b360905208492bd3e0647c76385c45bb4da492434f6ca,04d82e8d4f585775e658c28d111483e2959ff11498296fbf06baa73fbc44728b,candidate_end_to_end_including_sequential_fallback_and_repair_oracles,PASS,PASS,0.0,20.0,0.0,8.0,2.0,2.0,1.0,1.0,0.0146346871189007,21.0,58.0,0.0,False,True,True,0.4099941072054207,2.270705934613943,0.0037775123491883,0.0858664959669113,0.0445867375936358,452.0,122.0,8.0,2.0,2104.0,LOWER_BOUND_FOR_CHANGED_FLOAT32_STREAM_COEFFICIENTS_PLUS_SCHEDULE_COUNTS_NOT_A_SERIALIZED_PROTOCOL_MEASUREMENT,44001,,EXECUTED_V4_4_FAILED_SEED_REPLAY,True
candidate_v4_4_floor_first_protected_subband_scheduling,0,0,-0.0012487164465805,-14.001111535406372,20,100,0.2926937422282781,56.068378320843465,87.20013831985705,0.1750916083840772,1.886848407589742,0.2947930283724034,2.261099883629362,106,53,6,4.442761045880616,"{'action_class_counts': {'NO_FEASIBLE_DEPLOYABLE_ACTION_FOUND': 20, 'FLOOR_FIRST_PROTECTED_SUBBAND_SCHEDULING_G0': 20, 'SPARSE_LOCAL_FROZEN_GRID_SECTOR_REPAIR': 58, 'BASELINE_NOOP': 20, 'SPARSE_LOCAL_STREAM_POWER_REPAIR': 3}, 'strict_local_scope_gate': 'PASS', 'strict_local_scope_violation_intervals': 0, 'strict_post_mode_selected_power_gate': 'PASS', 'strict_post_mode_power_violation_intervals': 0, 'q0_envelope_deployable_actions': 0, 'unresolved_deployable_intervals': 20, 'diagnostic_g8_scheduling_feasible_intervals': 0, 'network_wide_shutdown_intervals': 0, 'maximum_normalized_floor_shortfall': 0.01463468711890076, 'maximum_mutable_sector_count': 8, 'maximum_external_interferers_per_violating_user': 2, 'maximum_eess_backoff_sectors': 2, 'maximum_post_mode_selected_power_ratio': 1.0, 'maximum_strict_post_mode_selected_power_ratio': 1.0, 'maximum_q0_nominal_power_envelope_ratio': 1.0, 'protected_subband_scheduling_intervals': 20, 'protected_subband_scheduling_success_intervals': 20, 'protected_subband_scheduling_failure_intervals': 20, 'protected_subband_scheduling_guard_limit_counts': {'0': 20}, 'maximum_schedule_mode_count': 12, 'maximum_schedule_guard_sector_count': 0, 'schedule_slots_per_second': 2000, 'scheduled_nonbaseline_slots_per_second_sum': 10172, 'maximum_scheduled_nonbaseline_slots_per_second': 731, 'maximum_protected_subband_scheduled_fraction': 0.3655, 'maximum_schedule_nonzero_mode_count': 3, 'maximum_schedule_critical_sector_count': 2, 'maximum_schedule_mutable_sector_count': 2, 'local_table_build_seconds_sum': 0.430732405744493, 'local_table_build_seconds_max': 0.003842522855848074, 'repair_solver_seconds_sum': 2.770901754964143, 'repair_solver_seconds_max': 0.059302540961652994, 'repair_solver_seconds_p95_nonzero': 0.04542897595092654, 'schedule_solver_seconds_sum': 1.0138926249928772, 'schedule_solver_seconds_max': 0.6521651637740433, 'candidate_end_to_end_seconds': 4.442725375760347, 'information_exchange_locality_certified': False, 'action_scope_locality_verified': True, 'global_oracles_classification_only': True, 'changed_stream_coefficient_count_sum': 475, 'changed_sector_interval_count_sum': 128, 'maximum_changed_stream_coefficients_per_interval': 8, 'maximum_changed_sectors_per_interval': 2, 'incremental_float32_payload_lower_bound_bytes_sum': 2178, 'payload_claim_boundary': 'LOWER_BOUND_FOR_CHANGED_FLOAT32_STREAM_COEFFICIENTS_PLUS_SCHEDULE_COUNTS_NOT_A_SERIALIZED_PROTOCOL_MEASUREMENT', 'claim_boundary': 'DEVELOPMENT_REPLAY_ON_PREVIOUSLY_OBSERVED_SEEDS_NOT_CONFIRMATORY_NOT_CALIBRATION_NOT_REGULATORY_COMPLIANCE'}",4,605,121,f43d8a5c3b956ea403ab1937ece05e8405d7232f44d6bd8591f90ac305f62207,fc43bb958a41603de26007eba123f8bc23a0e499c852e40b885c9e76f670ae43,e0bdb2661506f94ef673ead2ba4a0617605fa736038ec12cc7a02d64770a341b,candidate_end_to_end_including_sequential_fallback_and_repair_oracles,PASS,PASS,0.0,20.0,0.0,8.0,2.0,2.0,1.0,1.0,0.0146346871189007,20.0,58.0,3.0,False,True,True,0.430732405744493,2.770901754964143,0.003842522855848,0.0593025409616529,0.0454289759509265,475.0,128.0,8.0,2.0,2178.0,LOWER_BOUND_FOR_CHANGED_FLOAT32_STREAM_COEFFICIENTS_PLUS_SCHEDULE_COUNTS_NOT_A_SERIALIZED_PROTOCOL_MEASUREMENT,44001,,EXECUTED_V4_4_FAILED_SEED_REPLAY,True
candidate_v4_4_floor_first_protected_subband_scheduling,0,0,-2.1044769285504876e-05,-14.381208932524668,0,0,0.0,32.72293541647821,77.78236105754549,0.2214261006164763,1.890446126193222,0.2849411235114937,2.137485269773508,34,17,2,1.0733028629329056,"{'action_class_counts': {'SPARSE_LOCAL_STREAM_POWER_REPAIR': 26, 'BASELINE_NOOP': 92}, 'maximum_mutable_sector_count': 5, 'maximum_external_interferers_per_violating_user': 2, 'maximum_eess_backoff_sectors': 2, 'strict_local_scope_gate': 'PASS', 'strict_local_scope_violation_intervals': 0, 'strict_post_mode_selected_power_gate': 'PASS', 'strict_post_mode_power_violation_intervals': 0, 'q0_envelope_deployable_actions': 0, 'maximum_strict_post_mode_selected_power_ratio': 0.7288327572408261, 'maximum_q0_nominal_power_envelope_ratio': 0.6719603376863931, 'unresolved_deployable_intervals': 0, 'network_wide_shutdown_intervals': 0, 'maximum_normalized_floor_shortfall': 0.0, 'solver_constraint_reserve': 1e-08, 'solver_primal_feasibility_tolerance': 1e-09, 'solver_dual_feasibility_tolerance': 1e-09, 'local_table_build_seconds_sum': 0.47047099634073675, 'repair_solver_seconds_sum': 0.360858938889578, 'local_table_build_seconds_max': 0.004119788995012641, 'repair_solver_seconds_max': 0.01808579615317285, 'repair_solver_seconds_p95_nonzero': 0.017639864003285766, 'candidate_end_to_end_seconds': 1.07326609804295, 'changed_stream_coefficient_count_sum': 29, 'changed_sector_interval_count_sum': 26, 'maximum_changed_stream_coefficients_per_interval': 2, 'maximum_changed_sectors_per_interval': 1, 'incremental_float32_payload_lower_bound_bytes_sum': 116, 'payload_claim_boundary': 'FLOAT32_COEFFICIENT_VALUE_LOWER_BOUND_ONLY_EXCLUDES_IDS_HEADERS_RELIABILITY_AND_TRANSPORT_OVERHEAD', 'information_exchange_locality_certified': False, 'action_scope_locality_verified': True, 'global_oracles_classification_only': True}",0,587,118,3746b79dbc241d94f7bb4eadba074a576d05ff95efe808d95e1a45b2d325273f,0e0f2a767b8d59242f0acee2df53769c7dd8a7ffb40cda9c571adb41f0f44d4e,00b35c320f2b8a5c84a15c2d803c6540819907be211c63f65ec140a9e71bf81f,candidate_end_to_end_including_sequential_fallback_and_repair_oracles,PASS,PASS,0.0,0.0,0.0,5.0,2.0,2.0,0.7288327572408261,0.6719603376863931,0.0,92.0,0.0,26.0,False,True,True,0.4704709963407367,0.360858938889578,0.0041197889950126,0.0180857961531728,0.0176398640032857,29.0,26.0,2.0,1.0,116.0,FLOAT32_COEFFICIENT_VALUE_LOWER_BOUND_ONLY_EXCLUDES_IDS_HEADERS_RELIABILITY_AND_TRANSPORT_OVERHEAD,44002,2.0,V4_3_EXACT_NOOP_CODE_PATH_REUSE,
candidate_v4_4_floor_first_protected_subband_scheduling,0,0,-2.1044769285504876e-05,-14.41688140686531,0,0,0.0,45.21479489122983,78.84582501973333,0.2195732357889361,1.878584595315202,0.273974639143678,2.1236424121257733,36,18,2,1.101638691034168,"{'action_class_counts': {'SPARSE_LOCAL_STREAM_POWER_REPAIR': 25, 'BASELINE_NOOP': 90}, 'maximum_mutable_sector_count': 5, 'maximum_external_interferers_per_violating_user': 2, 'maximum_eess_backoff_sectors': 2, 'strict_local_scope_gate': 'PASS', 'strict_local_scope_violation_intervals': 0, 'strict_post_mode_selected_power_gate': 'PASS', 'strict_post_mode_power_violation_intervals': 0, 'q0_envelope_deployable_actions': 0, 'maximum_strict_post_mode_selected_power_ratio': 0.6439897131806078, 'maximum_q0_nominal_power_envelope_ratio': 0.6055552607564303, 'unresolved_deployable_intervals': 0, 'network_wide_shutdown_intervals': 0, 'maximum_normalized_floor_shortfall': 0.0, 'solver_constraint_reserve': 1e-08, 'solver_primal_feasibility_tolerance': 1e-09, 'solver_dual_feasibility_tolerance': 1e-09, 'local_table_build_seconds_sum': 0.4615830648690462, 'repair_solver_seconds_sum': 0.4038214839529246, 'local_table_build_seconds_max': 0.004347597016021609, 'repair_solver_seconds_max': 0.04184653703123331, 'repair_solver_seconds_p95_nonzero': 0.035660791210830184, 'candidate_end_to_end_seconds': 1.1016017450019717, 'changed_stream_coefficient_count_sum': 28, 'changed_sector_interval_count_sum': 25, 'maximum_changed_stream_coefficients_per_interval': 2, 'maximum_changed_sectors_per_interval': 1, 'incremental_float32_payload_lower_bound_bytes_sum': 112, 'payload_claim_boundary': 'FLOAT32_COEFFICIENT_VALUE_LOWER_BOUND_ONLY_EXCLUDES_IDS_HEADERS_RELIABILITY_AND_TRANSPORT_OVERHEAD', 'information_exchange_locality_certified': False, 'action_scope_locality_verified': True, 'global_oracles_classification_only': True}",1,571,115,c9da1c4d55ff525072a187b2ae750dab77801ff397108c02dff0a7c6596a7878,1fec3efd241347c3f24171188abeb42b30e8fa93d5f8c95adbf64b943f76ece2,6705e30a3ae05bf08caf26b8cd54093eb6999c446e719904700180507527d8bd,candidate_end_to_end_including_sequential_fallback_and_repair_oracles,PASS,PASS,0.0,0.0,0.0,5.0,2.0,2.0,0.6439897131806078,0.6055552607564303,0.0,90.0,0.0,25.0,False,True,True,0.4615830648690462,0.4038214839529246,0.0043475970160216,0.0418465370312333,0.0356607912108301,28.0,25.0,2.0,1.0,112.0,FLOAT32_COEFFICIENT_VALUE_LOWER_BOUND_ONLY_EXCLUDES_IDS_HEADERS_RELIABILITY_AND_TRANSPORT_OVERHEAD,44002,2.0,V4_3_EXACT_NOOP_CODE_PATH_REUSE,
candidate_v4_4_floor_first_protected_subband_scheduling,0,0,-0.0017978733905218,-14.425921097259309,0,0,0.0,36.90812094347048,78.24657654998263,0.220327867080172,1.888967879425104,0.2838399616493482,2.133182226582141,40,21,2,0.7545420310925692,"{'action_class_counts': {'BASELINE_NOOP': 114, 'SPARSE_LOCAL_STREAM_POWER_REPAIR': 3}, 'maximum_mutable_sector_count': 5, 'maximum_external_interferers_per_violating_user': 2, 'maximum_eess_backoff_sectors': 2, 'strict_local_scope_gate': 'PASS', 'strict_local_scope_violation_intervals': 0, 'strict_post_mode_selected_power_gate': 'PASS', 'strict_post_mode_power_violation_intervals': 0, 'q0_envelope_deployable_actions': 0, 'maximum_strict_post_mode_selected_power_ratio': 0.7124417002541907, 'maximum_q0_nominal_power_envelope_ratio': 0.6720164153710922, 'unresolved_deployable_intervals': 0, 'network_wide_shutdown_intervals': 0, 'maximum_normalized_floor_shortfall': 0.0, 'solver_constraint_reserve': 1e-08, 'solver_primal_feasibility_tolerance': 1e-09, 'solver_dual_feasibility_tolerance': 1e-09, 'local_table_build_seconds_sum': 0.4804250947199762, 'repair_solver_seconds_sum': 0.040721786208450794, 'local_table_build_seconds_max': 0.004340756917372346, 'repair_solver_seconds_max': 0.014122665161266923, 'repair_solver_seconds_p95_nonzero': 0.014043616852723062, 'candidate_end_to_end_seconds': 0.7545006771106273, 'changed_stream_coefficient_count_sum': 3, 'changed_sector_interval_count_sum': 3, 'maximum_changed_stream_coefficients_per_interval': 1, 'maximum_changed_sectors_per_interval': 1, 'incremental_float32_payload_lower_bound_bytes_sum': 12, 'payload_claim_boundary': 'FLOAT32_COEFFICIENT_VALUE_LOWER_BOUND_ONLY_EXCLUDES_IDS_HEADERS_RELIABILITY_AND_TRANSPORT_OVERHEAD', 'information_exchange_locality_certified': False, 'action_scope_locality_verified': True, 'global_oracles_classification_only': True}",2,581,117,16e421ee19c0bb4bff7d2504ba1dfc55ad8df73bfd5fe77a86e1728a84555544,9a8c2f92b60e503f660d63f9d8e9cfcb433d05729f97a32c3d577c8d84a64d04,18c0ca72c2d5277a78defdce60e8770eb58ad3e5b3e9b45de7fceccab0b84cd6,candidate_end_to_end_including_sequential_fallback_and_repair_oracles,PASS,PASS,0.0,0.0,0.0,5.0,2.0,2.0,0.7124417002541907,0.6720164153710922,0.0,114.0,0.0,3.0,False,True,True,0.4804250947199762,0.0407217862084507,0.0043407569173723,0.0141226651612669,0.014043616852723,3.0,3.0,1.0,1.0,12.0,FLOAT32_COEFFICIENT_VALUE_LOWER_BOUND_ONLY_EXCLUDES_IDS_HEADERS_RELIABILITY_AND_TRANSPORT_OVERHEAD,44002,2.0,V4_3_EXACT_NOOP_CODE_PATH_REUSE,
candidate_v4_4_floor_first_protected_subband_scheduling,0,0,-0.0002504718583707,-14.274470539122197,0,0,0.0,38.87114325494392,77.3145395933868,0.2204692186776966,1.8998040334069637,0.2872148200039245,2.140714297474432,32,16,2,0.7594649160746485,"{'action_class_counts': {'BASELINE_NOOP': 116, 'SPARSE_LOCAL_STREAM_POWER_REPAIR': 3}, 'maximum_mutable_sector_count': 5, 'maximum_external_interferers_per_violating_user': 2, 'maximum_eess_backoff_sectors': 2, 'strict_local_scope_gate': 'PASS', 'strict_local_scope_violation_intervals': 0, 'strict_post_mode_selected_power_gate': 'PASS', 'strict_post_mode_power_violation_intervals': 0, 'q0_envelope_deployable_actions': 0, 'maximum_strict_post_mode_selected_power_ratio': 0.6440059382945927, 'maximum_q0_nominal_power_envelope_ratio': 0.605570517526731, 'unresolved_deployable_intervals': 0, 'network_wide_shutdown_intervals': 0, 'maximum_normalized_floor_shortfall': 0.0, 'solver_constraint_reserve': 1e-08, 'solver_primal_feasibility_tolerance': 1e-09, 'solver_dual_feasibility_tolerance': 1e-09, 'local_table_build_seconds_sum': 0.48535187798552215, 'repair_solver_seconds_sum': 0.0415735540445894, 'local_table_build_seconds_max': 0.004740827949717641, 'repair_solver_seconds_max': 0.014857442118227482, 'repair_solver_seconds_p95_nonzero': 0.01471034970600158, 'candidate_end_to_end_seconds': 0.7594335179310292, 'changed_stream_coefficient_count_sum': 3, 'changed_sector_interval_count_sum': 3, 'maximum_changed_stream_coefficients_per_interval': 1, 'maximum_changed_sectors_per_interval': 1, 'incremental_float32_payload_lower_bound_bytes_sum': 12, 'payload_claim_boundary': 'FLOAT32_COEFFICIENT_VALUE_LOWER_BOUND_ONLY_EXCLUDES_IDS_HEADERS_RELIABILITY_AND_TRANSPORT_OVERHEAD', 'information_exchange_locality_certified': False, 'action_scope_locality_verified': True, 'global_oracles_classification_only': True}",3,594,119,fc7247e0f46e35fe0ba9f039fa67110e3d2c5c7054fcf8b83d95ca72f94f8503,9ae57c08adc206cb99b05ed5be407dc865b1fab9125c067d8408241830bb1ef1,43d2e0b1cecb10feec5827a99375a3220327acb7ed662bfd4e9f14fe473ce992,candidate_end_to_end_including_sequential_fallback_and_repair_oracles,PASS,PASS,0.0,0.0,0.0,5.0,2.0,2.0,0.6440059382945927,0.605570517526731,0.0,116.0,0.0,3.0,False,True,True,0.4853518779855221,0.0415735540445894,0.0047408279497176,0.0148574421182274,0.0147103497060015,3.0,3.0,1.0,1.0,12.0,FLOAT32_COEFFICIENT_VALUE_LOWER_BOUND_ONLY_EXCLUDES_IDS_HEADERS_RELIABILITY_AND_TRANSPORT_OVERHEAD,44002,2.0,V4_3_EXACT_NOOP_CODE_PATH_REUSE,
candidate_v4_4_floor_first_protected_subband_scheduling,0,0,-0.0001620425420278,-14.427711251544936,0,0,0.0,44.45177721636336,76.69859643441065,0.2207689818306847,1.907931472951063,0.2891524006951525,2.146757516027293,36,18,2,0.7804100099019706,"{'action_class_counts': {'BASELINE_NOOP': 117, 'SPARSE_LOCAL_STREAM_POWER_REPAIR': 4}, 'maximum_mutable_sector_count': 5, 'maximum_external_interferers_per_violating_user': 2, 'maximum_eess_backoff_sectors': 2, 'strict_local_scope_gate': 'PASS', 'strict_local_scope_violation_intervals': 0, 'strict_post_mode_selected_power_gate': 'PASS', 'strict_post_mode_power_violation_intervals': 0, 'q0_envelope_deployable_actions': 0, 'maximum_strict_post_mode_selected_power_ratio': 0.8260422179022626, 'maximum_q0_nominal_power_envelope_ratio': 0.7842272542174091, 'unresolved_deployable_intervals': 0, 'network_wide_shutdown_intervals': 0, 'maximum_normalized_floor_shortfall': 0.0, 'solver_constraint_reserve': 1e-08, 'solver_primal_feasibility_tolerance': 1e-09, 'solver_dual_feasibility_tolerance': 1e-09, 'local_table_build_seconds_sum': 0.4873182773590088, 'repair_solver_seconds_sum': 0.054252055240795016, 'local_table_build_seconds_max': 0.004335107980296016, 'repair_solver_seconds_max': 0.014422961045056581, 'repair_solver_seconds_p95_nonzero': 0.014254959241952747, 'candidate_end_to_end_seconds': 0.7803769649472088, 'changed_stream_coefficient_count_sum': 4, 'changed_sector_interval_count_sum': 4, 'maximum_changed_stream_coefficients_per_interval': 1, 'maximum_changed_sectors_per_interval': 1, 'incremental_float32_payload_lower_bound_bytes_sum': 16, 'payload_claim_boundary': 'FLOAT32_COEFFICIENT_VALUE_LOWER_BOUND_ONLY_EXCLUDES_IDS_HEADERS_RELIABILITY_AND_TRANSPORT_OVERHEAD', 'information_exchange_locality_certified': False, 'action_scope_locality_verified': True, 'global_oracles_classification_only': True}",4,605,121,e47b2d44bb1928dcf14459ed1b6eb07418b5affe687d7e38ef8362045c689d77,fa47e96dc8ab6bbc9ccc126688acc22d5116021a719d6e9a431cc038329d33dd,a1a953ecf83119536cd60c80d9d1e7d54e5ed05047f2d3474ff62d0919fc23ab,candidate_end_to_end_including_sequential_fallback_and_repair_oracles,PASS,PASS,0.0,0.0,0.0,5.0,2.0,2.0,0.8260422179022626,0.7842272542174091,0.0,117.0,0.0,4.0,False,True,True,0.4873182773590088,0.054252055240795,0.004335107980296,0.0144229610450565,0.0142549592419527,4.0,4.0,1.0,1.0,16.0,FLOAT32_COEFFICIENT_VALUE_LOWER_BOUND_ONLY_EXCLUDES_IDS_HEADERS_RELIABILITY_AND_TRANSPORT_OVERHEAD,44002,2.0,V4_3_EXACT_NOOP_CODE_PATH_REUSE,
candidate_v4_4_floor_first_protected_subband_scheduling,0,0,-6.903337465469366e-05,-14.293435249631072,0,0,0.0,65.06701565594756,103.23705124384932,0.2427702856494448,2.0804999271869087,0.3767178285161796,2.384591133054656,159,69,4,1.60415384802036,"{'action_class_counts': {'SPARSE_LOCAL_STREAM_POWER_REPAIR': 60, 'BASELINE_NOOP': 58}, 'maximum_mutable_sector_count': 8, 'maximum_external_interferers_per_violating_user': 2, 'maximum_eess_backoff_sectors': 2, 'strict_local_scope_gate': 'PASS', 'strict_local_scope_violation_intervals': 0, 'strict_post_mode_selected_power_gate': 'PASS', 'strict_post_mode_power_violation_intervals': 0, 'q0_envelope_deployable_actions': 0, 'maximum_strict_post_mode_selected_power_ratio': 0.9999999900000001, 'maximum_q0_nominal_power_envelope_ratio': 0.9981649695692135, 'unresolved_deployable_intervals': 0, 'network_wide_shutdown_intervals': 0, 'maximum_normalized_floor_shortfall': 0.0, 'solver_constraint_reserve': 1e-08, 'solver_primal_feasibility_tolerance': 1e-09, 'solver_dual_feasibility_tolerance': 1e-09, 'local_table_build_seconds_sum': 0.47296585934236646, 'repair_solver_seconds_sum': 0.8702533575706184, 'local_table_build_seconds_max': 0.00485450099222362, 'repair_solver_seconds_max': 0.07340222015045583, 'repair_solver_seconds_p95_nonzero': 0.014711162028834221, 'candidate_end_to_end_seconds': 1.6041112020611763, 'changed_stream_coefficient_count_sum': 302, 'changed_sector_interval_count_sum': 120, 'maximum_changed_stream_coefficients_per_interval': 11, 'maximum_changed_sectors_per_interval': 4, 'incremental_float32_payload_lower_bound_bytes_sum': 1208, 'payload_claim_boundary': 'FLOAT32_COEFFICIENT_VALUE_LOWER_BOUND_ONLY_EXCLUDES_IDS_HEADERS_RELIABILITY_AND_TRANSPORT_OVERHEAD', 'information_exchange_locality_certified': False, 'action_scope_locality_verified': True, 'global_oracles_classification_only': True}",0,587,118,4e8348be0177af52becdf0f60c967e1d82027fa1e29f00cf294f554b46425eea,5b55d8c8fae25a3008b6fa30485f6f139743d522eebb0f5a1320f7663c678e80,136e670ff445ed35a3d6c1be12ca8c11a16680d9b91d36ddfd1a7476c02d334a,candidate_end_to_end_including_sequential_fallback_and_repair_oracles,PASS,PASS,0.0,0.0,0.0,8.0,2.0,2.0,0.99999999,0.9981649695692136,0.0,58.0,0.0,60.0,False,True,True,0.4729658593423664,0.8702533575706184,0.0048545009922236,0.0734022201504558,0.0147111620288342,302.0,120.0,11.0,4.0,1208.0,FLOAT32_COEFFICIENT_VALUE_LOWER_BOUND_ONLY_EXCLUDES_IDS_HEADERS_RELIABILITY_AND_TRANSPORT_OVERHEAD,44003,3.0,V4_3_EXACT_NOOP_CODE_PATH_REUSE,
candidate_v4_4_floor_first_protected_subband_scheduling,0,0,-6.903337465469366e-05,-14.311743493698383,0,0,0.0,76.33810282678698,104.1231555975548,0.2435625126483479,2.064071204409526,0.3767171732507595,2.3641814289817225,144,62,4,1.522553646937013,"{'action_class_counts': {'SPARSE_LOCAL_STREAM_POWER_REPAIR': 60, 'BASELINE_NOOP': 55}, 'maximum_mutable_sector_count': 8, 'maximum_external_interferers_per_violating_user': 2, 'maximum_eess_backoff_sectors': 2, 'strict_local_scope_gate': 'PASS', 'strict_local_scope_violation_intervals': 0, 'strict_post_mode_selected_power_gate': 'PASS', 'strict_post_mode_power_violation_intervals': 0, 'q0_envelope_deployable_actions': 0, 'maximum_strict_post_mode_selected_power_ratio': 0.9999999900000001, 'maximum_q0_nominal_power_envelope_ratio': 0.9981649695692135, 'unresolved_deployable_intervals': 0, 'network_wide_shutdown_intervals': 0, 'maximum_normalized_floor_shortfall': 0.0, 'solver_constraint_reserve': 1e-08, 'solver_primal_feasibility_tolerance': 1e-09, 'solver_dual_feasibility_tolerance': 1e-09, 'local_table_build_seconds_sum': 0.45734716998413205, 'repair_solver_seconds_sum': 0.8155360384844244, 'local_table_build_seconds_max': 0.004173524910584092, 'repair_solver_seconds_max': 0.029616261133924127, 'repair_solver_seconds_p95_nonzero': 0.013469889026600868, 'candidate_end_to_end_seconds': 1.522515543969348, 'changed_stream_coefficient_count_sum': 300, 'changed_sector_interval_count_sum': 120, 'maximum_changed_stream_coefficients_per_interval': 11, 'maximum_changed_sectors_per_interval': 4, 'incremental_float32_payload_lower_bound_bytes_sum': 1200, 'payload_claim_boundary': 'FLOAT32_COEFFICIENT_VALUE_LOWER_BOUND_ONLY_EXCLUDES_IDS_HEADERS_RELIABILITY_AND_TRANSPORT_OVERHEAD', 'information_exchange_locality_certified': False, 'action_scope_locality_verified': True, 'global_oracles_classification_only': True}",1,571,115,f15c3d24e3179c643a513c7506cd4dd44db7a919c2d90d9ec46cae1f90418c9f,35c80f203362b19502770fe613a943a7b6375267f938a5dc15c496821cca4fe4,ea91f4e246d80dab7f93755af6314426e34e2776737c0d403886f46f00734ffb,candidate_end_to_end_including_sequential_fallback_and_repair_oracles,PASS,PASS,0.0,0.0,0.0,8.0,2.0,2.0,0.99999999,0.9981649695692136,0.0,55.0,0.0,60.0,False,True,True,0.457347169984132,0.8155360384844244,0.004173524910584,0.0296162611339241,0.0134698890266008,300.0,120.0,11.0,4.0,1200.0,FLOAT32_COEFFICIENT_VALUE_LOWER_BOUND_ONLY_EXCLUDES_IDS_HEADERS_RELIABILITY_AND_TRANSPORT_OVERHEAD,44003,3.0,V4_3_EXACT_NOOP_CODE_PATH_REUSE,
candidate_v4_4_floor_first_protected_subband_scheduling,0,0,-0.0001322897883339,-14.28990612734056,0,0,0.0,68.70122539546202,103.54228486376924,0.2428937616651481,2.0684962057464555,0.376717580203208,2.3769523738034763,135,53,4,1.532670514890924,"{'action_class_counts': {'SPARSE_LOCAL_STREAM_POWER_REPAIR': 60, 'BASELINE_NOOP': 57}, 'maximum_mutable_sector_count': 11, 'maximum_external_interferers_per_violating_user': 2, 'maximum_eess_backoff_sectors': 2, 'strict_local_scope_gate': 'PASS', 'strict_local_scope_violation_intervals': 0, 'strict_post_mode_selected_power_gate': 'PASS', 'strict_post_mode_power_violation_intervals': 0, 'q0_envelope_deployable_actions': 0, 'maximum_strict_post_mode_selected_power_ratio': 0.9999999900000001, 'maximum_q0_nominal_power_envelope_ratio': 0.997906863115943, 'unresolved_deployable_intervals': 0, 'network_wide_shutdown_intervals': 0, 'maximum_normalized_floor_shortfall': 0.0, 'solver_constraint_reserve': 1e-08, 'solver_primal_feasibility_tolerance': 1e-09, 'solver_dual_feasibility_tolerance': 1e-09, 'local_table_build_seconds_sum': 0.46701883082278073, 'repair_solver_seconds_sum': 0.8210292584262788, 'local_table_build_seconds_max': 0.004200743045657873, 'repair_solver_seconds_max': 0.02853601099923253, 'repair_solver_seconds_p95_nonzero': 0.01391912626568228, 'candidate_end_to_end_seconds': 1.5326311017852277, 'changed_stream_coefficient_count_sum': 308, 'changed_sector_interval_count_sum': 124, 'maximum_changed_stream_coefficients_per_interval': 13, 'maximum_changed_sectors_per_interval': 5, 'incremental_float32_payload_lower_bound_bytes_sum': 1232, 'payload_claim_boundary': 'FLOAT32_COEFFICIENT_VALUE_LOWER_BOUND_ONLY_EXCLUDES_IDS_HEADERS_RELIABILITY_AND_TRANSPORT_OVERHEAD', 'information_exchange_locality_certified': False, 'action_scope_locality_verified': True, 'global_oracles_classification_only': True}",2,581,117,96a4b34ccede2f2e5e53d5d7636b34c4ebde4684938a15446bd297f173c22fde,26d224f80c50f1c2819cffc936545b938e98bac60f2e4908caca1d58a197be61,9f5b973f7774c4197f424c4ef6bf5937aca693da0d45a8f258aa78c7041e0e10,candidate_end_to_end_including_sequential_fallback_and_repair_oracles,PASS,PASS,0.0,0.0,0.0,11.0,2.0,2.0,0.99999999,0.997906863115943,0.0,57.0,0.0,60.0,False,True,True,0.4670188308227807,0.8210292584262788,0.0042007430456578,0.0285360109992325,0.0139191262656822,308.0,124.0,13.0,5.0,1232.0,FLOAT32_COEFFICIENT_VALUE_LOWER_BOUND_ONLY_EXCLUDES_IDS_HEADERS_RELIABILITY_AND_TRANSPORT_OVERHEAD,44003,3.0,V4_3_EXACT_NOOP_CODE_PATH_REUSE,
candidate_v4_4_floor_first_protected_subband_scheduling,0,0,-0.0003717305090147,-14.222493073825095,0,0,0.0,72.4645548948499,102.76378850303576,0.2427067353839322,2.078512481268641,0.3767213218692983,2.388072920183608,141,56,4,1.5945966329891237,"{'action_class_counts': {'SPARSE_LOCAL_STREAM_POWER_REPAIR': 61, 'BASELINE_NOOP': 58}, 'maximum_mutable_sector_count': 11, 'maximum_external_interferers_per_violating_user': 2, 'maximum_eess_backoff_sectors': 2, 'strict_local_scope_gate': 'PASS', 'strict_local_scope_violation_intervals': 0, 'strict_post_mode_selected_power_gate': 'PASS', 'strict_post_mode_power_violation_intervals': 0, 'q0_envelope_deployable_actions': 0, 'maximum_strict_post_mode_selected_power_ratio': 0.9999999900000001, 'maximum_q0_nominal_power_envelope_ratio': 0.9979070757704441, 'unresolved_deployable_intervals': 0, 'network_wide_shutdown_intervals': 0, 'maximum_normalized_floor_shortfall': 0.0, 'solver_constraint_reserve': 1e-08, 'solver_primal_feasibility_tolerance': 1e-09, 'solver_dual_feasibility_tolerance': 1e-09, 'local_table_build_seconds_sum': 0.4771212348714471, 'repair_solver_seconds_sum': 0.8703444979619235, 'local_table_build_seconds_max': 0.004383919993415475, 'repair_solver_seconds_max': 0.042525734985247254, 'repair_solver_seconds_p95_nonzero': 0.014656794024631381, 'candidate_end_to_end_seconds': 1.5945620969869196, 'changed_stream_coefficient_count_sum': 317, 'changed_sector_interval_count_sum': 128, 'maximum_changed_stream_coefficients_per_interval': 14, 'maximum_changed_sectors_per_interval': 5, 'incremental_float32_payload_lower_bound_bytes_sum': 1268, 'payload_claim_boundary': 'FLOAT32_COEFFICIENT_VALUE_LOWER_BOUND_ONLY_EXCLUDES_IDS_HEADERS_RELIABILITY_AND_TRANSPORT_OVERHEAD', 'information_exchange_locality_certified': False, 'action_scope_locality_verified': True, 'global_oracles_classification_only': True}",3,594,119,9ca9f6d8c8e8130387446212ac85113b0c654061f7eab977c232a91c8c3c6aa7,c8e32d54e83f2b60148be3d0918080351b07b51e237edb3436035c84cf1c7108,8101a20a55c57350f47d362c6dd7161b878752368225e68a44d8a650e9c6a8de,candidate_end_to_end_including_sequential_fallback_and_repair_oracles,PASS,PASS,0.0,0.0,0.0,11.0,2.0,2.0,0.99999999,0.997907075770444,0.0,58.0,0.0,61.0,False,True,True,0.4771212348714471,0.8703444979619235,0.0043839199934154,0.0425257349852472,0.0146567940246313,317.0,128.0,14.0,5.0,1268.0,FLOAT32_COEFFICIENT_VALUE_LOWER_BOUND_ONLY_EXCLUDES_IDS_HEADERS_RELIABILITY_AND_TRANSPORT_OVERHEAD,44003,3.0,V4_3_EXACT_NOOP_CODE_PATH_REUSE,
candidate_v4_4_floor_first_protected_subband_scheduling,0,0,-0.0003717305090147,-14.37750357567049,0,0,0.0,79.60124113142133,102.32572350499416,0.2434874815529942,2.089011700251349,0.3767218887392621,2.3971020018016778,147,59,4,1.5819958408828825,"{'action_class_counts': {'SPARSE_LOCAL_STREAM_POWER_REPAIR': 63, 'BASELINE_NOOP': 58}, 'maximum_mutable_sector_count': 11, 'maximum_external_interferers_per_violating_user': 2, 'maximum_eess_backoff_sectors': 2, 'strict_local_scope_gate': 'PASS', 'strict_local_scope_violation_intervals': 0, 'strict_post_mode_selected_power_gate': 'PASS', 'strict_post_mode_power_violation_intervals': 0, 'q0_envelope_deployable_actions': 0, 'maximum_strict_post_mode_selected_power_ratio': 0.9999999900000002, 'maximum_q0_nominal_power_envelope_ratio': 0.9979085604254948, 'unresolved_deployable_intervals': 0, 'network_wide_shutdown_intervals': 0, 'maximum_normalized_floor_shortfall': 0.0, 'solver_constraint_reserve': 1e-08, 'solver_primal_feasibility_tolerance': 1e-09, 'solver_dual_feasibility_tolerance': 1e-09, 'local_table_build_seconds_sum': 0.4840612157713622, 'repair_solver_seconds_sum': 0.8421319171320647, 'local_table_build_seconds_max': 0.004315532045438886, 'repair_solver_seconds_max': 0.01615533116273582, 'repair_solver_seconds_p95_nonzero': 0.014062771969474853, 'candidate_end_to_end_seconds': 1.581962825031951, 'changed_stream_coefficient_count_sum': 321, 'changed_sector_interval_count_sum': 130, 'maximum_changed_stream_coefficients_per_interval': 14, 'maximum_changed_sectors_per_interval': 5, 'incremental_float32_payload_lower_bound_bytes_sum': 1284, 'payload_claim_boundary': 'FLOAT32_COEFFICIENT_VALUE_LOWER_BOUND_ONLY_EXCLUDES_IDS_HEADERS_RELIABILITY_AND_TRANSPORT_OVERHEAD', 'information_exchange_locality_certified': False, 'action_scope_locality_verified': True, 'global_oracles_classification_only': True}",4,605,121,0c002dc41d60dbc4fdc6f46a5a62f21f864d87df76bb4b7c9ca24039cb557e11,6db712e37df172d29494cc08a61d74146bd739396a6d6c0b36a593c327f465d2,0605d1e69138221f4eb0642f0f030aeb788fc35ddfec8116b6e954986d5dd155,candidate_end_to_end_including_sequential_fallback_and_repair_oracles,PASS,PASS,0.0,0.0,0.0,11.0,2.0,2.0,0.9999999900000002,0.9979085604254948,0.0,58.0,0.0,63.0,False,True,True,0.4840612157713622,0.8421319171320647,0.0043155320454388,0.0161553311627358,0.0140627719694748,321.0,130.0,14.0,5.0,1284.0,FLOAT32_COEFFICIENT_VALUE_LOWER_BOUND_ONLY_EXCLUDES_IDS_HEADERS_RELIABILITY_AND_TRANSPORT_OVERHEAD,44003,3.0,V4_3_EXACT_NOOP_CODE_PATH_REUSE,
candidate_v4_4_floor_first_protected_subband_scheduling,0,0,-0.0003574156555943,-14.178384794467837,0,0,0.0,4.5118678138946215,56.80806123887822,0.1401345107982272,1.5608561360659758,0.2377128355211809,1.903764628031424,45,15,3,2.084756158059463,"{'action_class_counts': {'SPARSE_LOCAL_STREAM_POWER_REPAIR': 98, 'BASELINE_NOOP': 20}, 'maximum_mutable_sector_count': 13, 'maximum_external_interferers_per_violating_user': 2, 'maximum_eess_backoff_sectors': 2, 'strict_local_scope_gate': 'PASS', 'strict_local_scope_violation_intervals': 0, 'strict_post_mode_selected_power_gate': 'PASS', 'strict_post_mode_power_violation_intervals': 0, 'q0_envelope_deployable_actions': 0, 'maximum_strict_post_mode_selected_power_ratio': 0.9780713279279398, 'maximum_q0_nominal_power_envelope_ratio': 0.9586970999832493, 'unresolved_deployable_intervals': 0, 'network_wide_shutdown_intervals': 0, 'maximum_normalized_floor_shortfall': 0.0, 'solver_constraint_reserve': 1e-08, 'solver_primal_feasibility_tolerance': 1e-09, 'solver_dual_feasibility_tolerance': 1e-09, 'local_table_build_seconds_sum': 0.47850631596520543, 'repair_solver_seconds_sum': 1.3430763164069504, 'local_table_build_seconds_max': 0.004391268827021122, 'repair_solver_seconds_max': 0.0478464278858155, 'repair_solver_seconds_p95_nonzero': 0.014510647335555404, 'candidate_end_to_end_seconds': 2.0847202281001955, 'changed_stream_coefficient_count_sum': 340, 'changed_sector_interval_count_sum': 220, 'maximum_changed_stream_coefficients_per_interval': 8, 'maximum_changed_sectors_per_interval': 4, 'incremental_float32_payload_lower_bound_bytes_sum': 1360, 'payload_claim_boundary': 'FLOAT32_COEFFICIENT_VALUE_LOWER_BOUND_ONLY_EXCLUDES_IDS_HEADERS_RELIABILITY_AND_TRANSPORT_OVERHEAD', 'information_exchange_locality_certified': False, 'action_scope_locality_verified': True, 'global_oracles_classification_only': True}",0,587,118,cd3f7def83ab6f4f088094f71831ad1cf5774842fc2e7f0326539a8b9adda88a,0fa827ed0f6eedb9a16813f5ebc1411dc58cf6595fbad5faf75b22324bd116a8,259e5236e4c9cdf14bc6f181e2341591f0ad0d4c1151a1ab3abc7eb9a22e5f16,candidate_end_to_end_including_sequential_fallback_and_repair_oracles,PASS,PASS,0.0,0.0,0.0,13.0,2.0,2.0,0.9780713279279398,0.9586970999832491,0.0,20.0,0.0,98.0,False,True,True,0.4785063159652054,1.3430763164069504,0.0043912688270211,0.0478464278858155,0.0145106473355554,340.0,220.0,8.0,4.0,1360.0,FLOAT32_COEFFICIENT_VALUE_LOWER_BOUND_ONLY_EXCLUDES_IDS_HEADERS_RELIABILITY_AND_TRANSPORT_OVERHEAD,44004,4.0,V4_3_EXACT_NOOP_CODE_PATH_REUSE,
candidate_v4_4_floor_first_protected_subband_scheduling,0,0,-0.0022202950391502,-14.178387290834776,0,0,0.0,16.802781601113733,58.068106213874216,0.1400956371250675,1.555656714896849,0.2372664528898977,1.896934358584744,51,17,3,1.9838693768251687,"{'action_class_counts': {'SPARSE_LOCAL_STREAM_POWER_REPAIR': 95, 'BASELINE_NOOP': 20}, 'maximum_mutable_sector_count': 13, 'maximum_external_interferers_per_violating_user': 2, 'maximum_eess_backoff_sectors': 2, 'strict_local_scope_gate': 'PASS', 'strict_local_scope_violation_intervals': 0, 'strict_post_mode_selected_power_gate': 'PASS', 'strict_post_mode_power_violation_intervals': 0, 'q0_envelope_deployable_actions': 0, 'maximum_strict_post_mode_selected_power_ratio': 0.9802324817879208, 'maximum_q0_nominal_power_envelope_ratio': 0.9725305919643157, 'unresolved_deployable_intervals': 0, 'network_wide_shutdown_intervals': 0, 'maximum_normalized_floor_shortfall': 0.0, 'solver_constraint_reserve': 1e-08, 'solver_primal_feasibility_tolerance': 1e-09, 'solver_dual_feasibility_tolerance': 1e-09, 'local_table_build_seconds_sum': 0.46461096382699907, 'repair_solver_seconds_sum': 1.2700688242912292, 'local_table_build_seconds_max': 0.004169787047430873, 'repair_solver_seconds_max': 0.015700435964390635, 'repair_solver_seconds_p95_nonzero': 0.014461002172902226, 'candidate_end_to_end_seconds': 1.9838354960083961, 'changed_stream_coefficient_count_sum': 329, 'changed_sector_interval_count_sum': 215, 'maximum_changed_stream_coefficients_per_interval': 8, 'maximum_changed_sectors_per_interval': 4, 'incremental_float32_payload_lower_bound_bytes_sum': 1316, 'payload_claim_boundary': 'FLOAT32_COEFFICIENT_VALUE_LOWER_BOUND_ONLY_EXCLUDES_IDS_HEADERS_RELIABILITY_AND_TRANSPORT_OVERHEAD', 'information_exchange_locality_certified': False, 'action_scope_locality_verified': True, 'global_oracles_classification_only': True}",1,571,115,3dc6f2982e167ede95ca3d31816c27185f43365088dbfdde19e6925824a8f050,39da4f1d05863a1ca10f42d86ff65b59779277cc35d52d7eb7d624d1f920cb09,d5c3a48b800dd58de8e4d95ca07de3c39a79517d2b8bf249bec09b3f34c56013,candidate_end_to_end_including_sequential_fallback_and_repair_oracles,PASS,PASS,0.0,0.0,0.0,13.0,2.0,2.0,0.9802324817879208,0.9725305919643156,0.0,20.0,0.0,95.0,False,True,True,0.464610963826999,1.2700688242912292,0.0041697870474308,0.0157004359643906,0.0144610021729022,329.0,215.0,8.0,4.0,1316.0,FLOAT32_COEFFICIENT_VALUE_LOWER_BOUND_ONLY_EXCLUDES_IDS_HEADERS_RELIABILITY_AND_TRANSPORT_OVERHEAD,44004,4.0,V4_3_EXACT_NOOP_CODE_PATH_REUSE,
candidate_v4_4_floor_first_protected_subband_scheduling,0,0,-0.0031854195821709,-14.146205753844123,0,0,0.0,8.59308993269939,57.3411996321891,0.1504503515872118,1.5693472831070845,0.2374023206985471,1.9014816240145536,48,16,3,2.025328777963296,"{'action_class_counts': {'SPARSE_LOCAL_STREAM_POWER_REPAIR': 97, 'BASELINE_NOOP': 20}, 'maximum_mutable_sector_count': 13, 'maximum_external_interferers_per_violating_user': 2, 'maximum_eess_backoff_sectors': 2, 'strict_local_scope_gate': 'PASS', 'strict_local_scope_violation_intervals': 0, 'strict_post_mode_selected_power_gate': 'PASS', 'strict_post_mode_power_violation_intervals': 0, 'q0_envelope_deployable_actions': 0, 'maximum_strict_post_mode_selected_power_ratio': 0.9997977074299871, 'maximum_q0_nominal_power_envelope_ratio': 0.99151177599117, 'unresolved_deployable_intervals': 0, 'network_wide_shutdown_intervals': 0, 'maximum_normalized_floor_shortfall': 0.0, 'solver_constraint_reserve': 1e-08, 'solver_primal_feasibility_tolerance': 1e-09, 'solver_dual_feasibility_tolerance': 1e-09, 'local_table_build_seconds_sum': 0.4781084037385881, 'repair_solver_seconds_sum': 1.2941008927300572, 'local_table_build_seconds_max': 0.004442642908543348, 'repair_solver_seconds_max': 0.02146691596135497, 'repair_solver_seconds_p95_nonzero': 0.014504818059504033, 'candidate_end_to_end_seconds': 2.025292107835412, 'changed_stream_coefficient_count_sum': 291, 'changed_sector_interval_count_sum': 205, 'maximum_changed_stream_coefficients_per_interval': 6, 'maximum_changed_sectors_per_interval': 4, 'incremental_float32_payload_lower_bound_bytes_sum': 1164, 'payload_claim_boundary': 'FLOAT32_COEFFICIENT_VALUE_LOWER_BOUND_ONLY_EXCLUDES_IDS_HEADERS_RELIABILITY_AND_TRANSPORT_OVERHEAD', 'information_exchange_locality_certified': False, 'action_scope_locality_verified': True, 'global_oracles_classification_only': True}",2,581,117,5a17e511097d60d8c11bce817e4efd17ebddc5d9239e410ea22b72cbcfad7557,ba4552c9a1704f41d46044f59298914f36f8d8e45a2268eb894729097798cdb5,0323ba169a5bfb19d9f2296b55c07a0c26829334a9ad1c851b7b4c9008273b16,candidate_end_to_end_including_sequential_fallback_and_repair_oracles,PASS,PASS,0.0,0.0,0.0,13.0,2.0,2.0,0.9997977074299872,0.99151177599117,0.0,20.0,0.0,97.0,False,True,True,0.4781084037385881,1.2941008927300572,0.0044426429085433,0.0214669159613549,0.014504818059504,291.0,205.0,6.0,4.0,1164.0,FLOAT32_COEFFICIENT_VALUE_LOWER_BOUND_ONLY_EXCLUDES_IDS_HEADERS_RELIABILITY_AND_TRANSPORT_OVERHEAD,44004,4.0,V4_3_EXACT_NOOP_CODE_PATH_REUSE,
candidate_v4_4_floor_first_protected_subband_scheduling,0,0,-0.0004808544517227,-14.250012481316553,0,0,0.0,13.199706364107008,56.26854943336845,0.1485645245142397,1.5709068718136314,0.2381346963370238,1.9081800734437084,54,18,3,2.0337629860732704,"{'action_class_counts': {'SPARSE_LOCAL_STREAM_POWER_REPAIR': 98, 'BASELINE_NOOP': 21}, 'maximum_mutable_sector_count': 13, 'maximum_external_interferers_per_violating_user': 2, 'maximum_eess_backoff_sectors': 2, 'strict_local_scope_gate': 'PASS', 'strict_local_scope_violation_intervals': 0, 'strict_post_mode_selected_power_gate': 'PASS', 'strict_post_mode_power_violation_intervals': 0, 'q0_envelope_deployable_actions': 0, 'maximum_strict_post_mode_selected_power_ratio': 0.9997977398792258, 'maximum_q0_nominal_power_envelope_ratio': 0.9915118081714822, 'unresolved_deployable_intervals': 0, 'network_wide_shutdown_intervals': 0, 'maximum_normalized_floor_shortfall': 0.0, 'solver_constraint_reserve': 1e-08, 'solver_primal_feasibility_tolerance': 1e-09, 'solver_dual_feasibility_tolerance': 1e-09, 'local_table_build_seconds_sum': 0.47999232448637486, 'repair_solver_seconds_sum': 1.295277578290552, 'local_table_build_seconds_max': 0.00419305101968348, 'repair_solver_seconds_max': 0.015178128844127059, 'repair_solver_seconds_p95_nonzero': 0.014218337123747914, 'candidate_end_to_end_seconds': 2.0337270558811724, 'changed_stream_coefficient_count_sum': 271, 'changed_sector_interval_count_sum': 192, 'maximum_changed_stream_coefficients_per_interval': 6, 'maximum_changed_sectors_per_interval': 4, 'incremental_float32_payload_lower_bound_bytes_sum': 1084, 'payload_claim_boundary': 'FLOAT32_COEFFICIENT_VALUE_LOWER_BOUND_ONLY_EXCLUDES_IDS_HEADERS_RELIABILITY_AND_TRANSPORT_OVERHEAD', 'information_exchange_locality_certified': False, 'action_scope_locality_verified': True, 'global_oracles_classification_only': True}",3,594,119,1d4339bcfbe3d194b0a76cea364d2760a71df587e51b72e5b298b01eda6c3c96,5a1df6aefbee5c74f17d1d93e5c8adf0c000c43aeaf82c60687abe099b788b6c,915eded030ca4b0052209f3df9fac5ad773077efc1c0b5a340bffe3de1459ae0,candidate_end_to_end_including_sequential_fallback_and_repair_oracles,PASS,PASS,0.0,0.0,0.0,13.0,2.0,2.0,0.9997977398792258,0.9915118081714822,0.0,21.0,0.0,98.0,False,True,True,0.4799923244863748,1.295277578290552,0.0041930510196834,0.015178128844127,0.0142183371237479,271.0,192.0,6.0,4.0,1084.0,FLOAT32_COEFFICIENT_VALUE_LOWER_BOUND_ONLY_EXCLUDES_IDS_HEADERS_RELIABILITY_AND_TRANSPORT_OVERHEAD,44004,4.0,V4_3_EXACT_NOOP_CODE_PATH_REUSE,
candidate_v4_4_floor_first_protected_subband_scheduling,0,0,-0.0007442839943592,-14.177367307303811,0,0,0.0,21.87758056916459,55.594868997452686,0.1404255949983178,1.5750474131714671,0.2388667871964749,1.9171679723952968,54,20,3,2.0403975208755583,"{'action_class_counts': {'SPARSE_LOCAL_STREAM_POWER_REPAIR': 98, 'BASELINE_NOOP': 23}, 'maximum_mutable_sector_count': 13, 'maximum_external_interferers_per_violating_user': 2, 'maximum_eess_backoff_sectors': 2, 'strict_local_scope_gate': 'PASS', 'strict_local_scope_violation_intervals': 0, 'strict_post_mode_selected_power_gate': 'PASS', 'strict_post_mode_power_violation_intervals': 0, 'q0_envelope_deployable_actions': 0, 'maximum_strict_post_mode_selected_power_ratio': 0.9988345867159141, 'maximum_q0_nominal_power_envelope_ratio': 0.9910420692267834, 'unresolved_deployable_intervals': 0, 'network_wide_shutdown_intervals': 0, 'maximum_normalized_floor_shortfall': 0.0, 'solver_constraint_reserve': 1e-08, 'solver_primal_feasibility_tolerance': 1e-09, 'solver_dual_feasibility_tolerance': 1e-09, 'local_table_build_seconds_sum': 0.4884960795752704, 'repair_solver_seconds_sum': 1.2908803415484726, 'local_table_build_seconds_max': 0.004355797078460455, 'repair_solver_seconds_max': 0.014883659081533551, 'repair_solver_seconds_p95_nonzero': 0.014352209935896098, 'candidate_end_to_end_seconds': 2.0403583098668605, 'changed_stream_coefficient_count_sum': 294, 'changed_sector_interval_count_sum': 194, 'maximum_changed_stream_coefficients_per_interval': 6, 'maximum_changed_sectors_per_interval': 4, 'incremental_float32_payload_lower_bound_bytes_sum': 1176, 'payload_claim_boundary': 'FLOAT32_COEFFICIENT_VALUE_LOWER_BOUND_ONLY_EXCLUDES_IDS_HEADERS_RELIABILITY_AND_TRANSPORT_OVERHEAD', 'information_exchange_locality_certified': False, 'action_scope_locality_verified': True, 'global_oracles_classification_only': True}",4,605,121,db1842502db65e277368545740d0afc1aa2d2b0fb6f443649078d7485bb79423,355f586f73f8f4ce5302a483b57f8b3838496ceebf9c8aa090b5232c3c6960b0,99499401fbe26a8532d6abc985557d7b5e5ed8239579c0fa0d53057e50c405b8,candidate_end_to_end_including_sequential_fallback_and_repair_oracles,PASS,PASS,0.0,0.0,0.0,13.0,2.0,2.0,0.998834586715914,0.9910420692267834,0.0,23.0,0.0,98.0,False,True,True,0.4884960795752704,1.2908803415484726,0.0043557970784604,0.0148836590815335,0.014352209935896,294.0,194.0,6.0,4.0,1176.0,FLOAT32_COEFFICIENT_VALUE_LOWER_BOUND_ONLY_EXCLUDES_IDS_HEADERS_RELIABILITY_AND_TRANSPORT_OVERHEAD,44004,4.0,V4_3_EXACT_NOOP_CODE_PATH_REUSE,
candidate_v4_4_floor_first_protected_subband_scheduling,0,0,-0.0027499173437415,-14.316590735164926,0,0,0.0,45.44388342398877,90.02463036844296,0.2037414206784226,1.9195097020085043,0.2687886210105337,2.2015728141670525,91,13,7,1.4898933509830383,"{'action_class_counts': {'BASELINE_NOOP': 60, 'SPARSE_LOCAL_FROZEN_GRID_SECTOR_REPAIR': 38, 'SPARSE_LOCAL_STREAM_POWER_REPAIR': 20}, 'maximum_mutable_sector_count': 5, 'maximum_external_interferers_per_violating_user': 2, 'maximum_eess_backoff_sectors': 2, 'strict_local_scope_gate': 'PASS', 'strict_local_scope_violation_intervals': 0, 'strict_post_mode_selected_power_gate': 'PASS', 'strict_post_mode_power_violation_intervals': 0, 'q0_envelope_deployable_actions': 0, 'maximum_strict_post_mode_selected_power_ratio': 0.7510995640097841, 'maximum_q0_nominal_power_envelope_ratio': 0.7198648953748243, 'unresolved_deployable_intervals': 0, 'network_wide_shutdown_intervals': 0, 'maximum_normalized_floor_shortfall': 0.0, 'solver_constraint_reserve': 1e-08, 'solver_primal_feasibility_tolerance': 1e-09, 'solver_dual_feasibility_tolerance': 1e-09, 'local_table_build_seconds_sum': 0.4717632958199829, 'repair_solver_seconds_sum': 0.7656899369321764, 'local_table_build_seconds_max': 0.004205089062452316, 'repair_solver_seconds_max': 0.0436437230091542, 'repair_solver_seconds_p95_nonzero': 0.013088330265600235, 'candidate_end_to_end_seconds': 1.4898578750435263, 'changed_stream_coefficient_count_sum': 172, 'changed_sector_interval_count_sum': 58, 'maximum_changed_stream_coefficients_per_interval': 4, 'maximum_changed_sectors_per_interval': 1, 'incremental_float32_payload_lower_bound_bytes_sum': 688, 'payload_claim_boundary': 'FLOAT32_COEFFICIENT_VALUE_LOWER_BOUND_ONLY_EXCLUDES_IDS_HEADERS_RELIABILITY_AND_TRANSPORT_OVERHEAD', 'information_exchange_locality_certified': False, 'action_scope_locality_verified': True, 'global_oracles_classification_only': True}",0,587,118,cd25505737aba2ec6404f8c50147dfa8dd55af9186e3d6d70ce80486aa78007b,2c9f245ee0515c67389c43131e60459364c8a19ec1f5db8218e32a6ce28e55ae,a12f9ded3933617410ffd41fbf62e856b420f024f289047674ad09161bb3be23,candidate_end_to_end_including_sequential_fallback_and_repair_oracles,PASS,PASS,0.0,0.0,0.0,5.0,2.0,2.0,0.7510995640097841,0.7198648953748243,0.0,60.0,38.0,20.0,False,True,True,0.4717632958199829,0.7656899369321764,0.0042050890624523,0.0436437230091542,0.0130883302656002,172.0,58.0,4.0,1.0,688.0,FLOAT32_COEFFICIENT_VALUE_LOWER_BOUND_ONLY_EXCLUDES_IDS_HEADERS_RELIABILITY_AND_TRANSPORT_OVERHEAD,44005,5.0,V4_3_EXACT_NOOP_CODE_PATH_REUSE,
candidate_v4_4_floor_first_protected_subband_scheduling,0,0,-0.0029370761622008,-14.308066674391425,0,0,0.0,57.10153261026845,91.09279522959211,0.2075547551601704,1.9107171749198453,0.2687144922358876,2.1896293689174,84,12,7,1.4026797420810908,"{'action_class_counts': {'BASELINE_NOOP': 60, 'SPARSE_LOCAL_FROZEN_GRID_SECTOR_REPAIR': 35, 'SPARSE_LOCAL_STREAM_POWER_REPAIR': 20}, 'maximum_mutable_sector_count': 5, 'maximum_external_interferers_per_violating_user': 2, 'maximum_eess_backoff_sectors': 2, 'strict_local_scope_gate': 'PASS', 'strict_local_scope_violation_intervals': 0, 'strict_post_mode_selected_power_gate': 'PASS', 'strict_post_mode_power_violation_intervals': 0, 'q0_envelope_deployable_actions': 0, 'maximum_strict_post_mode_selected_power_ratio': 0.7510995632028373, 'maximum_q0_nominal_power_envelope_ratio': 0.7198648946014347, 'unresolved_deployable_intervals': 0, 'network_wide_shutdown_intervals': 0, 'maximum_normalized_floor_shortfall': 0.0, 'solver_constraint_reserve': 1e-08, 'solver_primal_feasibility_tolerance': 1e-09, 'solver_dual_feasibility_tolerance': 1e-09, 'local_table_build_seconds_sum': 0.4590983078815043, 'repair_solver_seconds_sum': 0.6972412329632789, 'local_table_build_seconds_max': 0.004298489075154066, 'repair_solver_seconds_max': 0.015073335962370038, 'repair_solver_seconds_p95_nonzero': 0.01304443443659693, 'candidate_end_to_end_seconds': 1.4026423669420183, 'changed_stream_coefficient_count_sum': 160, 'changed_sector_interval_count_sum': 55, 'maximum_changed_stream_coefficients_per_interval': 4, 'maximum_changed_sectors_per_interval': 1, 'incremental_float32_payload_lower_bound_bytes_sum': 640, 'payload_claim_boundary': 'FLOAT32_COEFFICIENT_VALUE_LOWER_BOUND_ONLY_EXCLUDES_IDS_HEADERS_RELIABILITY_AND_TRANSPORT_OVERHEAD', 'information_exchange_locality_certified': False, 'action_scope_locality_verified': True, 'global_oracles_classification_only': True}",1,571,115,de9161bc0e09fae47d23e9efb0054e093b7e824c2c180e7d4151f9853d869f49,eecfee154da47e054923dde92be97a2942e9e05dc36d17824c7fed24e11bee6d,106bcd9eaf043031c0714e1e49e0a9013105fe368e12c459e8dddd4a0b26e955,candidate_end_to_end_including_sequential_fallback_and_repair_oracles,PASS,PASS,0.0,0.0,0.0,5.0,2.0,2.0,0.7510995632028373,0.7198648946014347,0.0,60.0,35.0,20.0,False,True,True,0.4590983078815043,0.6972412329632789,0.004298489075154,0.01507333596237,0.0130444344365969,160.0,55.0,4.0,1.0,640.0,FLOAT32_COEFFICIENT_VALUE_LOWER_BOUND_ONLY_EXCLUDES_IDS_HEADERS_RELIABILITY_AND_TRANSPORT_OVERHEAD,44005,5.0,V4_3_EXACT_NOOP_CODE_PATH_REUSE,
candidate_v4_4_floor_first_protected_subband_scheduling,0,0,-0.0004286325396165,-14.369218132745656,0,0,0.0,49.3605922408379,90.49178892914408,0.2115186750941207,1.929471665639629,0.2684923884841713,2.1980724449091404,84,12,7,1.4324751240201294,"{'action_class_counts': {'BASELINE_NOOP': 60, 'SPARSE_LOCAL_FROZEN_GRID_SECTOR_REPAIR': 37, 'SPARSE_LOCAL_STREAM_POWER_REPAIR': 20}, 'maximum_mutable_sector_count': 5, 'maximum_external_interferers_per_violating_user': 2, 'maximum_eess_backoff_sectors': 2, 'strict_local_scope_gate': 'PASS', 'strict_local_scope_violation_intervals': 0, 'strict_post_mode_selected_power_gate': 'PASS', 'strict_post_mode_power_violation_intervals': 0, 'q0_envelope_deployable_actions': 0, 'maximum_strict_post_mode_selected_power_ratio': 0.7510371537792165, 'maximum_q0_nominal_power_envelope_ratio': 0.719805079442572, 'unresolved_deployable_intervals': 0, 'network_wide_shutdown_intervals': 0, 'maximum_normalized_floor_shortfall': 0.0, 'solver_constraint_reserve': 1e-08, 'solver_primal_feasibility_tolerance': 1e-09, 'solver_dual_feasibility_tolerance': 1e-09, 'local_table_build_seconds_sum': 0.4673661638516933, 'repair_solver_seconds_sum': 0.7182047581300139, 'local_table_build_seconds_max': 0.004142133053392172, 'repair_solver_seconds_max': 0.014262652955949306, 'repair_solver_seconds_p95_nonzero': 0.013028067909181118, 'candidate_end_to_end_seconds': 1.432442813180387, 'changed_stream_coefficient_count_sum': 168, 'changed_sector_interval_count_sum': 57, 'maximum_changed_stream_coefficients_per_interval': 4, 'maximum_changed_sectors_per_interval': 1, 'incremental_float32_payload_lower_bound_bytes_sum': 672, 'payload_claim_boundary': 'FLOAT32_COEFFICIENT_VALUE_LOWER_BOUND_ONLY_EXCLUDES_IDS_HEADERS_RELIABILITY_AND_TRANSPORT_OVERHEAD', 'information_exchange_locality_certified': False, 'action_scope_locality_verified': True, 'global_oracles_classification_only': True}",2,581,117,c2aeeffa11426e34523538d164c3416317d92de42601e6eb639fbf93da0a204a,b9af0f51fbaa537d42f4c09f8a415e62bfefe6f49c518aed4fec52ac7d205581,99836995c872d2d3cee4c32b5fcd7f95a6afe9779fdd447f4cd126c313cdcb92,candidate_end_to_end_including_sequential_fallback_and_repair_oracles,PASS,PASS,0.0,0.0,0.0,5.0,2.0,2.0,0.7510371537792165,0.719805079442572,0.0,60.0,37.0,20.0,False,True,True,0.4673661638516933,0.7182047581300139,0.0041421330533921,0.0142626529559493,0.0130280679091811,168.0,57.0,4.0,1.0,672.0,FLOAT32_COEFFICIENT_VALUE_LOWER_BOUND_ONLY_EXCLUDES_IDS_HEADERS_RELIABILITY_AND_TRANSPORT_OVERHEAD,44005,5.0,V4_3_EXACT_NOOP_CODE_PATH_REUSE,
candidate_v4_4_floor_first_protected_subband_scheduling,0,0,-0.0066179816244998,-14.38120129122716,0,0,0.0,54.44902310745371,89.59453517842591,0.2121699152782813,1.9377062531394824,0.2685358669701845,2.208376235499282,91,13,7,1.457020475063473,"{'action_class_counts': {'BASELINE_NOOP': 61, 'SPARSE_LOCAL_FROZEN_GRID_SECTOR_REPAIR': 38, 'SPARSE_LOCAL_STREAM_POWER_REPAIR': 20}, 'maximum_mutable_sector_count': 5, 'maximum_external_interferers_per_violating_user': 2, 'maximum_eess_backoff_sectors': 2, 'strict_local_scope_gate': 'PASS', 'strict_local_scope_violation_intervals': 0, 'strict_post_mode_selected_power_gate': 'PASS', 'strict_post_mode_power_violation_intervals': 0, 'q0_envelope_deployable_actions': 0, 'maximum_strict_post_mode_selected_power_ratio': 0.7510361561322962, 'maximum_q0_nominal_power_envelope_ratio': 0.719804123283057, 'unresolved_deployable_intervals': 0, 'network_wide_shutdown_intervals': 0, 'maximum_normalized_floor_shortfall': 0.0, 'solver_constraint_reserve': 1e-08, 'solver_primal_feasibility_tolerance': 1e-09, 'solver_dual_feasibility_tolerance': 1e-09, 'local_table_build_seconds_sum': 0.4770407141186297, 'repair_solver_seconds_sum': 0.7262165904976428, 'local_table_build_seconds_max': 0.004382990067824721, 'repair_solver_seconds_max': 0.013368848012760282, 'repair_solver_seconds_p95_nonzero': 0.012901886831969023, 'candidate_end_to_end_seconds': 1.456985326949507, 'changed_stream_coefficient_count_sum': 172, 'changed_sector_interval_count_sum': 58, 'maximum_changed_stream_coefficients_per_interval': 4, 'maximum_changed_sectors_per_interval': 1, 'incremental_float32_payload_lower_bound_bytes_sum': 688, 'payload_claim_boundary': 'FLOAT32_COEFFICIENT_VALUE_LOWER_BOUND_ONLY_EXCLUDES_IDS_HEADERS_RELIABILITY_AND_TRANSPORT_OVERHEAD', 'information_exchange_locality_certified': False, 'action_scope_locality_verified': True, 'global_oracles_classification_only': True}",3,594,119,6e8aeb38b702127ee25a6babf2b527de20ea863960544362f1a0a4fb51d7c7cd,26fb93ab5d448afc1ee23ac548fcce37be0ffdb906fc81d5edf705245a569dc5,9906088466e5b58eab25b6850f44686bb9f0ff2220d9bbbf8f7b3a309e76f20b,candidate_end_to_end_including_sequential_fallback_and_repair_oracles,PASS,PASS,0.0,0.0,0.0,5.0,2.0,2.0,0.7510361561322962,0.719804123283057,0.0,61.0,38.0,20.0,False,True,True,0.4770407141186297,0.7262165904976428,0.0043829900678247,0.0133688480127602,0.012901886831969,172.0,58.0,4.0,1.0,688.0,FLOAT32_COEFFICIENT_VALUE_LOWER_BOUND_ONLY_EXCLUDES_IDS_HEADERS_RELIABILITY_AND_TRANSPORT_OVERHEAD,44005,5.0,V4_3_EXACT_NOOP_CODE_PATH_REUSE,
candidate_v4_4_floor_first_protected_subband_scheduling,0,0,-0.008833027163379,-14.38120129122716,0,0,0.0,62.959324980033465,89.0680051371527,0.214544781712359,1.947395302757421,0.2688772940046949,2.2209488118549228,84,12,7,1.5002021251711994,"{'action_class_counts': {'BASELINE_NOOP': 63, 'SPARSE_LOCAL_FROZEN_GRID_SECTOR_REPAIR': 38, 'SPARSE_LOCAL_STREAM_POWER_REPAIR': 20}, 'maximum_mutable_sector_count': 5, 'maximum_external_interferers_per_violating_user': 2, 'maximum_eess_backoff_sectors': 2, 'strict_local_scope_gate': 'PASS', 'strict_local_scope_violation_intervals': 0, 'strict_post_mode_selected_power_gate': 'PASS', 'strict_post_mode_power_violation_intervals': 0, 'q0_envelope_deployable_actions': 0, 'maximum_strict_post_mode_selected_power_ratio': 0.7510346920719546, 'maximum_q0_nominal_power_envelope_ratio': 0.7198027201060435, 'unresolved_deployable_intervals': 0, 'network_wide_shutdown_intervals': 0, 'maximum_normalized_floor_shortfall': 0.0, 'solver_constraint_reserve': 1e-08, 'solver_primal_feasibility_tolerance': 1e-09, 'solver_dual_feasibility_tolerance': 1e-09, 'local_table_build_seconds_sum': 0.5034719728864729, 'repair_solver_seconds_sum': 0.731145256664604, 'local_table_build_seconds_max': 0.004422736121341586, 'repair_solver_seconds_max': 0.013529845047742128, 'repair_solver_seconds_p95_nonzero': 0.013109654479194432, 'candidate_end_to_end_seconds': 1.500165852950886, 'changed_stream_coefficient_count_sum': 172, 'changed_sector_interval_count_sum': 58, 'maximum_changed_stream_coefficients_per_interval': 4, 'maximum_changed_sectors_per_interval': 1, 'incremental_float32_payload_lower_bound_bytes_sum': 688, 'payload_claim_boundary': 'FLOAT32_COEFFICIENT_VALUE_LOWER_BOUND_ONLY_EXCLUDES_IDS_HEADERS_RELIABILITY_AND_TRANSPORT_OVERHEAD', 'information_exchange_locality_certified': False, 'action_scope_locality_verified': True, 'global_oracles_classification_only': True}",4,605,121,86b3a16ac82ae259445a1a91ed66c7e0d97db2ceb30ee644d6b263a721425154,7863af7a7f346f10534218789658e1484dba5af0fe88b6d0f22dddff978fc68e,efb160a882b01eed8eaa70c3eca6757e7dea7ce4a3728423ef2c55a061656c8a,candidate_end_to_end_including_sequential_fallback_and_repair_oracles,PASS,PASS,0.0,0.0,0.0,5.0,2.0,2.0,0.7510346920719546,0.7198027201060435,0.0,63.0,38.0,20.0,False,True,True,0.5034719728864729,0.731145256664604,0.0044227361213415,0.0135298450477421,0.0131096544791944,172.0,58.0,4.0,1.0,688.0,FLOAT32_COEFFICIENT_VALUE_LOWER_BOUND_ONLY_EXCLUDES_IDS_HEADERS_RELIABILITY_AND_TRANSPORT_OVERHEAD,44005,5.0,V4_3_EXACT_NOOP_CODE_PATH_REUSE,
candidate_v4_4_floor_first_protected_subband_scheduling,0,0,-0.0020516417379933,-14.2865649546056,0,0,0.0,43.11941314078904,88.83867762295282,0.2389037819753443,1.9134688417363956,0.3860504922308066,2.2057954615990365,68,17,4,1.35007794998819,"{'action_class_counts': {'SPARSE_LOCAL_STREAM_POWER_REPAIR': 40, 'BASELINE_NOOP': 78}, 'maximum_mutable_sector_count': 5, 'maximum_external_interferers_per_violating_user': 2, 'maximum_eess_backoff_sectors': 2, 'strict_local_scope_gate': 'PASS', 'strict_local_scope_violation_intervals': 0, 'strict_post_mode_selected_power_gate': 'PASS', 'strict_post_mode_power_violation_intervals': 0, 'q0_envelope_deployable_actions': 0, 'maximum_strict_post_mode_selected_power_ratio': 0.20450275565134174, 'maximum_q0_nominal_power_envelope_ratio': 0.17989779561349262, 'unresolved_deployable_intervals': 0, 'network_wide_shutdown_intervals': 0, 'maximum_normalized_floor_shortfall': 0.0, 'solver_constraint_reserve': 1e-08, 'solver_primal_feasibility_tolerance': 1e-09, 'solver_dual_feasibility_tolerance': 1e-09, 'local_table_build_seconds_sum': 0.47298399021383375, 'repair_solver_seconds_sum': 0.6280565240012947, 'local_table_build_seconds_max': 0.004634974000509828, 'repair_solver_seconds_max': 0.07456232700496912, 'repair_solver_seconds_p95_nonzero': 0.01833949148713143, 'candidate_end_to_end_seconds': 1.3500283469911665, 'changed_stream_coefficient_count_sum': 80, 'changed_sector_interval_count_sum': 40, 'maximum_changed_stream_coefficients_per_interval': 2, 'maximum_changed_sectors_per_interval': 1, 'incremental_float32_payload_lower_bound_bytes_sum': 320, 'payload_claim_boundary': 'FLOAT32_COEFFICIENT_VALUE_LOWER_BOUND_ONLY_EXCLUDES_IDS_HEADERS_RELIABILITY_AND_TRANSPORT_OVERHEAD', 'information_exchange_locality_certified': False, 'action_scope_locality_verified': True, 'global_oracles_classification_only': True}",0,587,118,e2f35abf468fb3f8f32f7d912534fdbc4ad5408d50fbb293569a40ac2f0c333f,35be794e2f2f57a200455d731a7e2f2ffa41196e0a2667fdb54025337e8212d2,f9c066eb9d77af37310294f5514b5dbc8f84fb199f409ce518ddbac5d0194056,candidate_end_to_end_including_sequential_fallback_and_repair_oracles,PASS,PASS,0.0,0.0,0.0,5.0,2.0,2.0,0.2045027556513417,0.1798977956134926,0.0,78.0,0.0,40.0,False,True,True,0.4729839902138337,0.6280565240012947,0.0046349740005098,0.0745623270049691,0.0183394914871314,80.0,40.0,2.0,1.0,320.0,FLOAT32_COEFFICIENT_VALUE_LOWER_BOUND_ONLY_EXCLUDES_IDS_HEADERS_RELIABILITY_AND_TRANSPORT_OVERHEAD,44006,6.0,V4_3_EXACT_NOOP_CODE_PATH_REUSE,
candidate_v4_4_floor_first_protected_subband_scheduling,0,0,-0.0006196417755187,-14.28427444890564,0,0,0.0,55.53497111022633,89.91285804594685,0.2362615714025441,1.901808752845167,0.3857923416497714,2.1958121555873333,68,17,4,1.2398344179964624,"{'action_class_counts': {'SPARSE_LOCAL_STREAM_POWER_REPAIR': 40, 'BASELINE_NOOP': 75}, 'maximum_mutable_sector_count': 5, 'maximum_external_interferers_per_violating_user': 2, 'maximum_eess_backoff_sectors': 2, 'strict_local_scope_gate': 'PASS', 'strict_local_scope_violation_intervals': 0, 'strict_post_mode_selected_power_gate': 'PASS', 'strict_post_mode_power_violation_intervals': 0, 'q0_envelope_deployable_actions': 0, 'maximum_strict_post_mode_selected_power_ratio': 0.19478240737674857, 'maximum_q0_nominal_power_envelope_ratio': 0.17136003630594032, 'unresolved_deployable_intervals': 0, 'network_wide_shutdown_intervals': 0, 'maximum_normalized_floor_shortfall': 0.0, 'solver_constraint_reserve': 1e-08, 'solver_primal_feasibility_tolerance': 1e-09, 'solver_dual_feasibility_tolerance': 1e-09, 'local_table_build_seconds_sum': 0.46292344099492766, 'repair_solver_seconds_sum': 0.5451818849542178, 'local_table_build_seconds_max': 0.004615345998900011, 'repair_solver_seconds_max': 0.01513558198348619, 'repair_solver_seconds_p95_nonzero': 0.013740791553573217, 'candidate_end_to_end_seconds': 1.2397872989822645, 'changed_stream_coefficient_count_sum': 80, 'changed_sector_interval_count_sum': 40, 'maximum_changed_stream_coefficients_per_interval': 2, 'maximum_changed_sectors_per_interval': 1, 'incremental_float32_payload_lower_bound_bytes_sum': 320, 'payload_claim_boundary': 'FLOAT32_COEFFICIENT_VALUE_LOWER_BOUND_ONLY_EXCLUDES_IDS_HEADERS_RELIABILITY_AND_TRANSPORT_OVERHEAD', 'information_exchange_locality_certified': False, 'action_scope_locality_verified': True, 'global_oracles_classification_only': True}",1,571,115,ee886f6af0381a56c35bc87d3734b2446ca67052bc32f09fce78245f503d4ffc,b6a9ffb2cc018822d13947d745bc1bd440794513d97f81818962fafb91dcc5d1,77fe9ee4715a8a3c94ef252444fc56b8ae2151b70bf440d443e84c89630a43d7,candidate_end_to_end_including_sequential_fallback_and_repair_oracles,PASS,PASS,0.0,0.0,0.0,5.0,2.0,2.0,0.1947824073767485,0.1713600363059403,0.0,75.0,0.0,40.0,False,True,True,0.4629234409949276,0.5451818849542178,0.0046153459989,0.0151355819834861,0.0137407915535732,80.0,40.0,2.0,1.0,320.0,FLOAT32_COEFFICIENT_VALUE_LOWER_BOUND_ONLY_EXCLUDES_IDS_HEADERS_RELIABILITY_AND_TRANSPORT_OVERHEAD,44006,6.0,V4_3_EXACT_NOOP_CODE_PATH_REUSE,
candidate_v4_4_floor_first_protected_subband_scheduling,0,0,-0.0016347486794594,-14.342561286085264,0,0,0.0,47.15840610897473,89.25739887272246,0.2345084943978428,1.8950534250629063,0.3857203802075452,2.201970467312413,55,16,4,1.248869509989163,"{'action_class_counts': {'SPARSE_LOCAL_STREAM_POWER_REPAIR': 40, 'BASELINE_NOOP': 77}, 'maximum_mutable_sector_count': 5, 'maximum_external_interferers_per_violating_user': 2, 'maximum_eess_backoff_sectors': 2, 'strict_local_scope_gate': 'PASS', 'strict_local_scope_violation_intervals': 0, 'strict_post_mode_selected_power_gate': 'PASS', 'strict_post_mode_power_violation_intervals': 0, 'q0_envelope_deployable_actions': 0, 'maximum_strict_post_mode_selected_power_ratio': 0.20559226963468707, 'maximum_q0_nominal_power_envelope_ratio': 0.18093432790509326, 'unresolved_deployable_intervals': 0, 'network_wide_shutdown_intervals': 0, 'maximum_normalized_floor_shortfall': 0.0, 'solver_constraint_reserve': 1e-08, 'solver_primal_feasibility_tolerance': 1e-09, 'solver_dual_feasibility_tolerance': 1e-09, 'local_table_build_seconds_sum': 0.4709986181696877, 'repair_solver_seconds_sum': 0.5453996329160873, 'local_table_build_seconds_max': 0.004145059996517375, 'repair_solver_seconds_max': 0.014754092990187928, 'repair_solver_seconds_p95_nonzero': 0.013805320531537291, 'candidate_end_to_end_seconds': 1.2488344379817136, 'changed_stream_coefficient_count_sum': 80, 'changed_sector_interval_count_sum': 40, 'maximum_changed_stream_coefficients_per_interval': 2, 'maximum_changed_sectors_per_interval': 1, 'incremental_float32_payload_lower_bound_bytes_sum': 320, 'payload_claim_boundary': 'FLOAT32_COEFFICIENT_VALUE_LOWER_BOUND_ONLY_EXCLUDES_IDS_HEADERS_RELIABILITY_AND_TRANSPORT_OVERHEAD', 'information_exchange_locality_certified': False, 'action_scope_locality_verified': True, 'global_oracles_classification_only': True}",2,581,117,4f838d298c3595b4ae4a727c4311efd6ff7aaba29b2bd15982aa34c9db198a33,7e4e1ad74fa85afebe125c7949d1d183b8bb2e5fa360473beb088ff28fe469d4,0d40aff9841063fe0945f791eae51c6e5583d786d39b8177c01de94c04a07655,candidate_end_to_end_including_sequential_fallback_and_repair_oracles,PASS,PASS,0.0,0.0,0.0,5.0,2.0,2.0,0.205592269634687,0.1809343279050932,0.0,77.0,0.0,40.0,False,True,True,0.4709986181696877,0.5453996329160873,0.0041450599965173,0.0147540929901879,0.0138053205315372,80.0,40.0,2.0,1.0,320.0,FLOAT32_COEFFICIENT_VALUE_LOWER_BOUND_ONLY_EXCLUDES_IDS_HEADERS_RELIABILITY_AND_TRANSPORT_OVERHEAD,44006,6.0,V4_3_EXACT_NOOP_CODE_PATH_REUSE,
candidate_v4_4_floor_first_protected_subband_scheduling,0,0,-7.662348556609246e-05,-14.342561286085264,0,0,0.0,50.49902761469517,88.323175139419,0.2345843786905359,1.899551377536071,0.386152336271893,2.208187029726718,49,16,4,1.2755380930029787,"{'action_class_counts': {'SPARSE_LOCAL_STREAM_POWER_REPAIR': 41, 'BASELINE_NOOP': 78}, 'maximum_mutable_sector_count': 8, 'maximum_external_interferers_per_violating_user': 2, 'maximum_eess_backoff_sectors': 2, 'strict_local_scope_gate': 'PASS', 'strict_local_scope_violation_intervals': 0, 'strict_post_mode_selected_power_gate': 'PASS', 'strict_post_mode_power_violation_intervals': 0, 'q0_envelope_deployable_actions': 0, 'maximum_strict_post_mode_selected_power_ratio': 0.9999999899999998, 'maximum_q0_nominal_power_envelope_ratio': 0.995109618239371, 'unresolved_deployable_intervals': 0, 'network_wide_shutdown_intervals': 0, 'maximum_normalized_floor_shortfall': 0.0, 'solver_constraint_reserve': 1e-08, 'solver_primal_feasibility_tolerance': 1e-09, 'solver_dual_feasibility_tolerance': 1e-09, 'local_table_build_seconds_sum': 0.4780144370160997, 'repair_solver_seconds_sum': 0.558504960994469, 'local_table_build_seconds_max': 0.004518909001490101, 'repair_solver_seconds_max': 0.015140258998144418, 'repair_solver_seconds_p95_nonzero': 0.013738483976339921, 'candidate_end_to_end_seconds': 1.2755064580123872, 'changed_stream_coefficient_count_sum': 86, 'changed_sector_interval_count_sum': 43, 'maximum_changed_stream_coefficients_per_interval': 6, 'maximum_changed_sectors_per_interval': 3, 'incremental_float32_payload_lower_bound_bytes_sum': 344, 'payload_claim_boundary': 'FLOAT32_COEFFICIENT_VALUE_LOWER_BOUND_ONLY_EXCLUDES_IDS_HEADERS_RELIABILITY_AND_TRANSPORT_OVERHEAD', 'information_exchange_locality_certified': False, 'action_scope_locality_verified': True, 'global_oracles_classification_only': True}",3,594,119,c2bed799f1719be89f093baabff6693156c796fa0d716d112c6a97458fc37842,73c91f7f06cfea0db854fcb762821ef35ec769b0dd30046ebb43688dc4d6acb0,9fd8676c7f6d1e1b35f60c434998b714a8484d7ded63d47037a197cc68372c2a,candidate_end_to_end_including_sequential_fallback_and_repair_oracles,PASS,PASS,0.0,0.0,0.0,8.0,2.0,2.0,0.9999999899999998,0.995109618239371,0.0,78.0,0.0,41.0,False,True,True,0.4780144370160997,0.558504960994469,0.0045189090014901,0.0151402589981444,0.0137384839763399,86.0,43.0,6.0,3.0,344.0,FLOAT32_COEFFICIENT_VALUE_LOWER_BOUND_ONLY_EXCLUDES_IDS_HEADERS_RELIABILITY_AND_TRANSPORT_OVERHEAD,44006,6.0,V4_3_EXACT_NOOP_CODE_PATH_REUSE,
candidate_v4_4_floor_first_protected_subband_scheduling,0,0,-0.0031711144693223,-14.32318635045804,0,0,0.0,57.45816241193905,87.73926586313684,0.2348961598865314,1.9154654895270016,0.3861810862744382,2.214218302752009,64,16,4,1.339172010018956,"{'action_class_counts': {'SPARSE_LOCAL_STREAM_POWER_REPAIR': 43, 'BASELINE_NOOP': 78}, 'maximum_mutable_sector_count': 8, 'maximum_external_interferers_per_violating_user': 2, 'maximum_eess_backoff_sectors': 2, 'strict_local_scope_gate': 'PASS', 'strict_local_scope_violation_intervals': 0, 'strict_post_mode_selected_power_gate': 'PASS', 'strict_post_mode_power_violation_intervals': 0, 'q0_envelope_deployable_actions': 0, 'maximum_strict_post_mode_selected_power_ratio': 0.99999999, 'maximum_q0_nominal_power_envelope_ratio': 0.995109636172767, 'unresolved_deployable_intervals': 0, 'network_wide_shutdown_intervals': 0, 'maximum_normalized_floor_shortfall': 0.0, 'solver_constraint_reserve': 1e-08, 'solver_primal_feasibility_tolerance': 1e-09, 'solver_dual_feasibility_tolerance': 1e-09, 'local_table_build_seconds_sum': 0.48717335087712854, 'repair_solver_seconds_sum': 0.6045401338196825, 'local_table_build_seconds_max': 0.0041379920148756355, 'repair_solver_seconds_max': 0.03617689199745655, 'repair_solver_seconds_p95_nonzero': 0.013738543991348707, 'candidate_end_to_end_seconds': 1.3391395799990278, 'changed_stream_coefficient_count_sum': 98, 'changed_sector_interval_count_sum': 49, 'maximum_changed_stream_coefficients_per_interval': 6, 'maximum_changed_sectors_per_interval': 3, 'incremental_float32_payload_lower_bound_bytes_sum': 392, 'payload_claim_boundary': 'FLOAT32_COEFFICIENT_VALUE_LOWER_BOUND_ONLY_EXCLUDES_IDS_HEADERS_RELIABILITY_AND_TRANSPORT_OVERHEAD', 'information_exchange_locality_certified': False, 'action_scope_locality_verified': True, 'global_oracles_classification_only': True}",4,605,121,8c04137614dad789e93fb80a287d454a5f463dedb30a0f17f9d8d837b72bfe8d,fd1834ef9af2f6d7602bad43a0736eb21a06442606f066f4c00e9384211944e9,abc79d8d512a403f098a043d1ee2183063af0adccfb9ebdc790209e1a210f642,candidate_end_to_end_including_sequential_fallback_and_repair_oracles,PASS,PASS,0.0,0.0,0.0,8.0,2.0,2.0,0.99999999,0.995109636172767,0.0,78.0,0.0,43.0,False,True,True,0.4871733508771285,0.6045401338196825,0.0041379920148756,0.0361768919974565,0.0137385439913487,98.0,49.0,6.0,3.0,392.0,FLOAT32_COEFFICIENT_VALUE_LOWER_BOUND_ONLY_EXCLUDES_IDS_HEADERS_RELIABILITY_AND_TRANSPORT_OVERHEAD,44006,6.0,V4_3_EXACT_NOOP_CODE_PATH_REUSE,
candidate_v4_4_floor_first_protected_subband_scheduling,0,0,-0.00072871513233,-14.364891746528826,0,0,0.0,42.62209534990857,90.7094010425801,0.1772735405762014,1.9804081367640864,0.2638787040106861,2.189460224298595,90,15,6,4.219814971089363,"{'action_class_counts': {'FLOOR_FIRST_PROTECTED_SUBBAND_SCHEDULING_G4': 20, 'FLOOR_FIRST_PROTECTED_SUBBAND_SCHEDULING_G0': 39, 'SPARSE_LOCAL_STREAM_POWER_REPAIR': 38, 'BASELINE_NOOP': 20, 'FLOOR_FIRST_PROTECTED_SUBBAND_SCHEDULING_G2': 1}, 'strict_local_scope_gate': 'PASS', 'strict_local_scope_violation_intervals': 0, 'strict_post_mode_selected_power_gate': 'PASS', 'strict_post_mode_power_violation_intervals': 0, 'q0_envelope_deployable_actions': 0, 'unresolved_deployable_intervals': 0, 'diagnostic_g8_scheduling_feasible_intervals': 0, 'network_wide_shutdown_intervals': 0, 'maximum_normalized_floor_shortfall': 0.0, 'maximum_mutable_sector_count': 7, 'maximum_external_interferers_per_violating_user': 2, 'maximum_eess_backoff_sectors': 2, 'maximum_post_mode_selected_power_ratio': 1.0, 'maximum_strict_post_mode_selected_power_ratio': 1.0, 'maximum_q0_nominal_power_envelope_ratio': 1.0, 'protected_subband_scheduling_intervals': 60, 'protected_subband_scheduling_success_intervals': 60, 'protected_subband_scheduling_failure_intervals': 0, 'protected_subband_scheduling_guard_limit_counts': {'4': 20, '0': 39, '2': 1}, 'maximum_schedule_mode_count': 12, 'maximum_schedule_guard_sector_count': 4, 'schedule_slots_per_second': 2000, 'scheduled_nonbaseline_slots_per_second_sum': 70483, 'maximum_scheduled_nonbaseline_slots_per_second': 1838, 'maximum_protected_subband_scheduled_fraction': 0.919, 'maximum_schedule_nonzero_mode_count': 5, 'maximum_schedule_critical_sector_count': 2, 'maximum_schedule_mutable_sector_count': 6, 'local_table_build_seconds_sum': 0.41832344024442136, 'local_table_build_seconds_max': 0.004495074972510338, 'repair_solver_seconds_sum': 2.4514681526925415, 'repair_solver_seconds_max': 0.18930563214235008, 'repair_solver_seconds_p95_nonzero': 0.06448504722211507, 'schedule_solver_seconds_sum': 1.1129615537356585, 'schedule_solver_seconds_max': 0.49264803202822804, 'candidate_end_to_end_seconds': 4.219783050008118, 'information_exchange_locality_certified': False, 'action_scope_locality_verified': True, 'global_oracles_classification_only': True, 'changed_stream_coefficient_count_sum': 1014, 'changed_sector_interval_count_sum': 296, 'maximum_changed_stream_coefficients_per_interval': 23, 'maximum_changed_sectors_per_interval': 6, 'incremental_float32_payload_lower_bound_bytes_sum': 5092, 'payload_claim_boundary': 'LOWER_BOUND_FOR_CHANGED_FLOAT32_STREAM_COEFFICIENTS_PLUS_SCHEDULE_COUNTS_NOT_A_SERIALIZED_PROTOCOL_MEASUREMENT', 'claim_boundary': 'DEVELOPMENT_REPLAY_ON_PREVIOUSLY_OBSERVED_SEEDS_NOT_CONFIRMATORY_NOT_CALIBRATION_NOT_REGULATORY_COMPLIANCE'}",0,587,118,ea478bbcb8c3fee0e5653772924c11f363f5c086a9bf8247460bfdf6e06407d4,ba6b76741dc1f33988c77ff9b9da2fdc98f029a66ed2ee5efa83e7ce8a236588,ca65d70326fe2c2abeae20b830e3dd08e1a70f200a2d26b70bab58ede7ed8b5a,candidate_end_to_end_including_sequential_fallback_and_repair_oracles,PASS,PASS,0.0,0.0,0.0,7.0,2.0,2.0,1.0,1.0,0.0,20.0,0.0,38.0,False,True,True,0.4183234402444213,2.451468152692541,0.0044950749725103,0.18930563214235,0.064485047222115,1014.0,296.0,23.0,6.0,5092.0,LOWER_BOUND_FOR_CHANGED_FLOAT32_STREAM_COEFFICIENTS_PLUS_SCHEDULE_COUNTS_NOT_A_SERIALIZED_PROTOCOL_MEASUREMENT,44007,,EXECUTED_V4_4_FAILED_SEED_REPLAY,True
candidate_v4_4_floor_first_protected_subband_scheduling,0,0,-0.0018660158996539,-14.27034876729171,0,0,0.0,54.99028887485029,91.88288004801156,0.1766109122164347,1.9744637723026528,0.2636664783295109,2.180377655377628,96,16,6,6.067558304173872,"{'action_class_counts': {'FLOOR_FIRST_PROTECTED_SUBBAND_SCHEDULING_G4': 20, 'FLOOR_FIRST_PROTECTED_SUBBAND_SCHEDULING_G0': 39, 'SPARSE_LOCAL_STREAM_POWER_REPAIR': 35, 'BASELINE_NOOP': 20, 'FLOOR_FIRST_PROTECTED_SUBBAND_SCHEDULING_G2': 1}, 'strict_local_scope_gate': 'PASS', 'strict_local_scope_violation_intervals': 0, 'strict_post_mode_selected_power_gate': 'PASS', 'strict_post_mode_power_violation_intervals': 0, 'q0_envelope_deployable_actions': 0, 'unresolved_deployable_intervals': 0, 'diagnostic_g8_scheduling_feasible_intervals': 0, 'network_wide_shutdown_intervals': 0, 'maximum_normalized_floor_shortfall': 0.0, 'maximum_mutable_sector_count': 7, 'maximum_external_interferers_per_violating_user': 2, 'maximum_eess_backoff_sectors': 2, 'maximum_post_mode_selected_power_ratio': 1.0, 'maximum_strict_post_mode_selected_power_ratio': 1.0, 'maximum_q0_nominal_power_envelope_ratio': 1.0, 'protected_subband_scheduling_intervals': 60, 'protected_subband_scheduling_success_intervals': 60, 'protected_subband_scheduling_failure_intervals': 0, 'protected_subband_scheduling_guard_limit_counts': {'4': 20, '0': 39, '2': 1}, 'maximum_schedule_mode_count': 12, 'maximum_schedule_guard_sector_count': 4, 'schedule_slots_per_second': 2000, 'scheduled_nonbaseline_slots_per_second_sum': 71413, 'maximum_scheduled_nonbaseline_slots_per_second': 1838, 'maximum_protected_subband_scheduled_fraction': 0.919, 'maximum_schedule_nonzero_mode_count': 5, 'maximum_schedule_critical_sector_count': 2, 'maximum_schedule_mutable_sector_count': 6, 'local_table_build_seconds_sum': 0.4030493116006255, 'local_table_build_seconds_max': 0.003814576892182231, 'repair_solver_seconds_sum': 2.2901421261485666, 'repair_solver_seconds_max': 0.08261219691485167, 'repair_solver_seconds_p95_nonzero': 0.07113821720704436, 'schedule_solver_seconds_sum': 3.1530408344697207, 'schedule_solver_seconds_max': 0.6220888709649444, 'candidate_end_to_end_seconds': 6.0675253639929, 'information_exchange_locality_certified': False, 'action_scope_locality_verified': True, 'global_oracles_classification_only': True, 'changed_stream_coefficient_count_sum': 987, 'changed_sector_interval_count_sum': 287, 'maximum_changed_stream_coefficients_per_interval': 23, 'maximum_changed_sectors_per_interval': 6, 'incremental_float32_payload_lower_bound_bytes_sum': 4992, 'payload_claim_boundary': 'LOWER_BOUND_FOR_CHANGED_FLOAT32_STREAM_COEFFICIENTS_PLUS_SCHEDULE_COUNTS_NOT_A_SERIALIZED_PROTOCOL_MEASUREMENT', 'claim_boundary': 'DEVELOPMENT_REPLAY_ON_PREVIOUSLY_OBSERVED_SEEDS_NOT_CONFIRMATORY_NOT_CALIBRATION_NOT_REGULATORY_COMPLIANCE'}",1,571,115,1b73bba464b6b5e5a8cad0d7149c6585e3e27a7542681c589524690fe793e96d,346aa3a669c9535af904072a1b127ce656abbf1ec13fd3ce1f3d578c17347bad,dcc3d1abd3a57ae2ff442266d48ee1965f87bc244f6dd843d9e8cc3c5ee3afd3,candidate_end_to_end_including_sequential_fallback_and_repair_oracles,PASS,PASS,0.0,0.0,0.0,7.0,2.0,2.0,1.0,1.0,0.0,20.0,0.0,35.0,False,True,True,0.4030493116006255,2.2901421261485666,0.0038145768921822,0.0826121969148516,0.0711382172070443,987.0,287.0,23.0,6.0,4992.0,LOWER_BOUND_FOR_CHANGED_FLOAT32_STREAM_COEFFICIENTS_PLUS_SCHEDULE_COUNTS_NOT_A_SERIALIZED_PROTOCOL_MEASUREMENT,44007,,EXECUTED_V4_4_FAILED_SEED_REPLAY,True
candidate_v4_4_floor_first_protected_subband_scheduling,0,0,-0.0004739777376122,-14.245247879187788,14,70,4.42388198184611,46.6269875878953,91.21472081475018,0.1762272311147469,1.9815713782999564,0.2638782178031484,2.185837205022446,67,12,6,2.609306339873001,"{'action_class_counts': {'NO_FEASIBLE_DEPLOYABLE_ACTION_FOUND': 13, 'FLOOR_FIRST_PROTECTED_SUBBAND_SCHEDULING_G0': 39, 'SPARSE_LOCAL_STREAM_POWER_REPAIR': 37, 'BASELINE_NOOP': 20, 'FLOOR_FIRST_PROTECTED_SUBBAND_SCHEDULING_G4': 8}, 'strict_local_scope_gate': 'PASS', 'strict_local_scope_violation_intervals': 0, 'strict_post_mode_selected_power_gate': 'PASS', 'strict_post_mode_power_violation_intervals': 0, 'q0_envelope_deployable_actions': 0, 'unresolved_deployable_intervals': 13, 'diagnostic_g8_scheduling_feasible_intervals': 0, 'network_wide_shutdown_intervals': 0, 'maximum_normalized_floor_shortfall': 0.3546055992363817, 'maximum_mutable_sector_count': 7, 'maximum_external_interferers_per_violating_user': 2, 'maximum_eess_backoff_sectors': 2, 'maximum_post_mode_selected_power_ratio': 1.0, 'maximum_strict_post_mode_selected_power_ratio': 1.0, 'maximum_q0_nominal_power_envelope_ratio': 1.0, 'protected_subband_scheduling_intervals': 47, 'protected_subband_scheduling_success_intervals': 47, 'protected_subband_scheduling_failure_intervals': 13, 'protected_subband_scheduling_guard_limit_counts': {'0': 39, '4': 8}, 'maximum_schedule_mode_count': 12, 'maximum_schedule_guard_sector_count': 4, 'schedule_slots_per_second': 2000, 'scheduled_nonbaseline_slots_per_second_sum': 54351, 'maximum_scheduled_nonbaseline_slots_per_second': 1181, 'maximum_protected_subband_scheduled_fraction': 0.5905, 'maximum_schedule_nonzero_mode_count': 3, 'maximum_schedule_critical_sector_count': 2, 'maximum_schedule_mutable_sector_count': 5, 'local_table_build_seconds_sum': 0.4056001082062721, 'local_table_build_seconds_max': 0.0037021159660071135, 'repair_solver_seconds_sum': 1.6756056295707822, 'repair_solver_seconds_max': 0.02325369999743998, 'repair_solver_seconds_p95_nonzero': 0.02308748196810484, 'schedule_solver_seconds_sum': 0.3184225775767118, 'schedule_solver_seconds_max': 0.012023788876831532, 'candidate_end_to_end_seconds': 2.609277799958363, 'information_exchange_locality_certified': False, 'action_scope_locality_verified': True, 'global_oracles_classification_only': True, 'changed_stream_coefficient_count_sum': 762, 'changed_sector_interval_count_sum': 229, 'maximum_changed_stream_coefficients_per_interval': 19, 'maximum_changed_sectors_per_interval': 5, 'incremental_float32_payload_lower_bound_bytes_sum': 3816, 'payload_claim_boundary': 'LOWER_BOUND_FOR_CHANGED_FLOAT32_STREAM_COEFFICIENTS_PLUS_SCHEDULE_COUNTS_NOT_A_SERIALIZED_PROTOCOL_MEASUREMENT', 'claim_boundary': 'DEVELOPMENT_REPLAY_ON_PREVIOUSLY_OBSERVED_SEEDS_NOT_CONFIRMATORY_NOT_CALIBRATION_NOT_REGULATORY_COMPLIANCE'}",2,581,117,e711481ea68d54da905a07e81356367bf77390717efd0e550198dba33feaf6dc,8c7271cd30e413e413a00f462127775f84c8f752f7839977145080c3a1e2019a,572517d44edbe463ad74647eefdbe22b1d63be0fac5bf18cd81ba5db7f3b0e86,candidate_end_to_end_including_sequential_fallback_and_repair_oracles,PASS,PASS,0.0,13.0,0.0,7.0,2.0,2.0,1.0,1.0,0.3546055992363817,20.0,0.0,37.0,False,True,True,0.4056001082062721,1.6756056295707822,0.0037021159660071,0.0232536999974399,0.0230874819681048,762.0,229.0,19.0,5.0,3816.0,LOWER_BOUND_FOR_CHANGED_FLOAT32_STREAM_COEFFICIENTS_PLUS_SCHEDULE_COUNTS_NOT_A_SERIALIZED_PROTOCOL_MEASUREMENT,44007,,EXECUTED_V4_4_FAILED_SEED_REPLAY,True
candidate_v4_4_floor_first_protected_subband_scheduling,0,0,-0.0054308325088481,-14.318343104662643,15,75,4.778495022261999,48.821922012402766,90.22584582810376,0.1767208674171018,1.9896308918018928,0.2638858995269717,2.1932980336644325,74,13,6,2.636205876013264,"{'action_class_counts': {'NO_FEASIBLE_DEPLOYABLE_ACTION_FOUND': 14, 'FLOOR_FIRST_PROTECTED_SUBBAND_SCHEDULING_G0': 40, 'SPARSE_LOCAL_STREAM_POWER_REPAIR': 38, 'BASELINE_NOOP': 20, 'FLOOR_FIRST_PROTECTED_SUBBAND_SCHEDULING_G4': 5, 'FLOOR_FIRST_PROTECTED_SUBBAND_SCHEDULING_G2': 2}, 'strict_local_scope_gate': 'PASS', 'strict_local_scope_violation_intervals': 0, 'strict_post_mode_selected_power_gate': 'PASS', 'strict_post_mode_power_violation_intervals': 0, 'q0_envelope_deployable_actions': 0, 'unresolved_deployable_intervals': 14, 'diagnostic_g8_scheduling_feasible_intervals': 0, 'network_wide_shutdown_intervals': 0, 'maximum_normalized_floor_shortfall': 0.35460573087190345, 'maximum_mutable_sector_count': 8, 'maximum_external_interferers_per_violating_user': 2, 'maximum_eess_backoff_sectors': 2, 'maximum_post_mode_selected_power_ratio': 1.0, 'maximum_strict_post_mode_selected_power_ratio': 1.0, 'maximum_q0_nominal_power_envelope_ratio': 1.0, 'protected_subband_scheduling_intervals': 47, 'protected_subband_scheduling_success_intervals': 47, 'protected_subband_scheduling_failure_intervals': 14, 'protected_subband_scheduling_guard_limit_counts': {'0': 40, '4': 5, '2': 2}, 'maximum_schedule_mode_count': 16, 'maximum_schedule_guard_sector_count': 4, 'schedule_slots_per_second': 2000, 'scheduled_nonbaseline_slots_per_second_sum': 54037, 'maximum_scheduled_nonbaseline_slots_per_second': 1179, 'maximum_protected_subband_scheduled_fraction': 0.5895, 'maximum_schedule_nonzero_mode_count': 3, 'maximum_schedule_critical_sector_count': 2, 'maximum_schedule_mutable_sector_count': 5, 'local_table_build_seconds_sum': 0.40954509750008583, 'local_table_build_seconds_max': 0.003776486963033676, 'repair_solver_seconds_sum': 1.6919354705605656, 'repair_solver_seconds_max': 0.023268709890544415, 'repair_solver_seconds_p95_nonzero': 0.022760973195545375, 'schedule_solver_seconds_sum': 0.3171538442838937, 'schedule_solver_seconds_max': 0.01227344200015068, 'candidate_end_to_end_seconds': 2.6361788460053504, 'information_exchange_locality_certified': False, 'action_scope_locality_verified': True, 'global_oracles_classification_only': True, 'changed_stream_coefficient_count_sum': 744, 'changed_sector_interval_count_sum': 225, 'maximum_changed_stream_coefficients_per_interval': 19, 'maximum_changed_sectors_per_interval': 5, 'incremental_float32_payload_lower_bound_bytes_sum': 3734, 'payload_claim_boundary': 'LOWER_BOUND_FOR_CHANGED_FLOAT32_STREAM_COEFFICIENTS_PLUS_SCHEDULE_COUNTS_NOT_A_SERIALIZED_PROTOCOL_MEASUREMENT', 'claim_boundary': 'DEVELOPMENT_REPLAY_ON_PREVIOUSLY_OBSERVED_SEEDS_NOT_CONFIRMATORY_NOT_CALIBRATION_NOT_REGULATORY_COMPLIANCE'}",3,594,119,67df5bd5a15404119a32ad6239fa0479d51939227406dc81c4b67e0c75267263,c50a94b519882b94b9ce4711a60a29702c38d3ecead420e03f2e8b245294d181,4074e915eef4cb82819cd6a2e26b0532060d1590cdfd498e62da8d0d71b20a2c,candidate_end_to_end_including_sequential_fallback_and_repair_oracles,PASS,PASS,0.0,14.0,0.0,8.0,2.0,2.0,1.0,1.0,0.3546057308719034,20.0,0.0,38.0,False,True,True,0.4095450975000858,1.6919354705605656,0.0037764869630336,0.0232687098905444,0.0227609731955453,744.0,225.0,19.0,5.0,3734.0,LOWER_BOUND_FOR_CHANGED_FLOAT32_STREAM_COEFFICIENTS_PLUS_SCHEDULE_COUNTS_NOT_A_SERIALIZED_PROTOCOL_MEASUREMENT,44007,,EXECUTED_V4_4_FAILED_SEED_REPLAY,True
candidate_v4_4_floor_first_protected_subband_scheduling,0,0,-0.0002844236626342,-14.351424760343187,16,80,5.133110920383861,54.22696903058141,89.55264256348543,0.1767214792697121,1.9966555574495204,0.2638859542059035,2.201946346449658,84,16,6,2.682811387116089,"{'action_class_counts': {'NO_FEASIBLE_DEPLOYABLE_ACTION_FOUND': 15, 'FLOOR_FIRST_PROTECTED_SUBBAND_SCHEDULING_G0': 42, 'SPARSE_LOCAL_STREAM_POWER_REPAIR': 38, 'BASELINE_NOOP': 20, 'FLOOR_FIRST_PROTECTED_SUBBAND_SCHEDULING_G4': 5, 'FLOOR_FIRST_PROTECTED_SUBBAND_SCHEDULING_G2': 1}, 'strict_local_scope_gate': 'PASS', 'strict_local_scope_violation_intervals': 0, 'strict_post_mode_selected_power_gate': 'PASS', 'strict_post_mode_power_violation_intervals': 0, 'q0_envelope_deployable_actions': 0, 'unresolved_deployable_intervals': 15, 'diagnostic_g8_scheduling_feasible_intervals': 1, 'network_wide_shutdown_intervals': 0, 'maximum_normalized_floor_shortfall': 0.35460664334577324, 'maximum_mutable_sector_count': 8, 'maximum_external_interferers_per_violating_user': 2, 'maximum_eess_backoff_sectors': 2, 'maximum_post_mode_selected_power_ratio': 1.0, 'maximum_strict_post_mode_selected_power_ratio': 1.0, 'maximum_q0_nominal_power_envelope_ratio': 1.0, 'protected_subband_scheduling_intervals': 48, 'protected_subband_scheduling_success_intervals': 48, 'protected_subband_scheduling_failure_intervals': 15, 'protected_subband_scheduling_guard_limit_counts': {'0': 42, '4': 5, '2': 1}, 'maximum_schedule_mode_count': 16, 'maximum_schedule_guard_sector_count': 8, 'schedule_slots_per_second': 2000, 'scheduled_nonbaseline_slots_per_second_sum': 54528, 'maximum_scheduled_nonbaseline_slots_per_second': 1179, 'maximum_protected_subband_scheduled_fraction': 0.5895, 'maximum_schedule_nonzero_mode_count': 3, 'maximum_schedule_critical_sector_count': 2, 'maximum_schedule_mutable_sector_count': 9, 'local_table_build_seconds_sum': 0.4224925581365824, 'local_table_build_seconds_max': 0.0037809270434081554, 'repair_solver_seconds_sum': 1.7158922257367522, 'repair_solver_seconds_max': 0.023348900955170393, 'repair_solver_seconds_p95_nonzero': 0.022763604996725917, 'schedule_solver_seconds_sum': 0.32905141613446176, 'schedule_solver_seconds_max': 0.012174460105597973, 'candidate_end_to_end_seconds': 2.682784577133134, 'information_exchange_locality_certified': False, 'action_scope_locality_verified': True, 'global_oracles_classification_only': True, 'changed_stream_coefficient_count_sum': 748, 'changed_sector_interval_count_sum': 226, 'maximum_changed_stream_coefficients_per_interval': 19, 'maximum_changed_sectors_per_interval': 5, 'incremental_float32_payload_lower_bound_bytes_sum': 3794, 'payload_claim_boundary': 'LOWER_BOUND_FOR_CHANGED_FLOAT32_STREAM_COEFFICIENTS_PLUS_SCHEDULE_COUNTS_NOT_A_SERIALIZED_PROTOCOL_MEASUREMENT', 'claim_boundary': 'DEVELOPMENT_REPLAY_ON_PREVIOUSLY_OBSERVED_SEEDS_NOT_CONFIRMATORY_NOT_CALIBRATION_NOT_REGULATORY_COMPLIANCE'}",4,605,121,ad32d004937a4a5bef71ac8c678b933168fee4df1a52c5711303ab652992a2b7,5f37cd1dac70de01c883d66f525bcbcacb5ff52b5bba7b952ce891984a9bb968,efa2f00e620092a7871324805218933ccf97a3bdd044a56db79a3657172c7dd8,candidate_end_to_end_including_sequential_fallback_and_repair_oracles,PASS,PASS,0.0,15.0,0.0,8.0,2.0,2.0,1.0,1.0,0.3546066433457732,20.0,0.0,38.0,False,True,True,0.4224925581365824,1.7158922257367522,0.0037809270434081,0.0233489009551703,0.0227636049967259,748.0,226.0,19.0,5.0,3794.0,LOWER_BOUND_FOR_CHANGED_FLOAT32_STREAM_COEFFICIENTS_PLUS_SCHEDULE_COUNTS_NOT_A_SERIALIZED_PROTOCOL_MEASUREMENT,44007,,EXECUTED_V4_4_FAILED_SEED_REPLAY,True
candidate_v4_4_floor_first_protected_subband_scheduling,0,0,-0.0003185256558269,-14.363688051024878,42,204,6.570195645859389,28.58150083510673,77.38834062812968,0.1223839458514165,1.8429247816093084,0.1922030559641901,2.141242449663376,120,30,7,2.30216788710095,"{'action_class_counts': {'SPARSE_LOCAL_STREAM_POWER_REPAIR': 60, 'NO_FEASIBLE_DEPLOYABLE_ACTION_FOUND': 31, 'BASELINE_NOOP': 20, 'FLOOR_FIRST_PROTECTED_SUBBAND_SCHEDULING_G4': 7}, 'strict_local_scope_gate': 'PASS', 'strict_local_scope_violation_intervals': 0, 'strict_post_mode_selected_power_gate': 'PASS', 'strict_post_mode_power_violation_intervals': 0, 'q0_envelope_deployable_actions': 0, 'unresolved_deployable_intervals': 31, 'diagnostic_g8_scheduling_feasible_intervals': 0, 'network_wide_shutdown_intervals': 0, 'maximum_normalized_floor_shortfall': 0.2173998417001205, 'maximum_mutable_sector_count': 8, 'maximum_external_interferers_per_violating_user': 2, 'maximum_eess_backoff_sectors': 2, 'maximum_post_mode_selected_power_ratio': 1.0, 'maximum_strict_post_mode_selected_power_ratio': 1.0, 'maximum_q0_nominal_power_envelope_ratio': 1.0, 'protected_subband_scheduling_intervals': 7, 'protected_subband_scheduling_success_intervals': 7, 'protected_subband_scheduling_failure_intervals': 31, 'protected_subband_scheduling_guard_limit_counts': {'4': 7}, 'maximum_schedule_mode_count': 16, 'maximum_schedule_guard_sector_count': 4, 'schedule_slots_per_second': 2000, 'scheduled_nonbaseline_slots_per_second_sum': 4683, 'maximum_scheduled_nonbaseline_slots_per_second': 669, 'maximum_protected_subband_scheduled_fraction': 0.3345, 'maximum_schedule_nonzero_mode_count': 3, 'maximum_schedule_critical_sector_count': 2, 'maximum_schedule_mutable_sector_count': 6, 'local_table_build_seconds_sum': 0.4096698332577944, 'local_table_build_seconds_max': 0.0036519858986139297, 'repair_solver_seconds_sum': 1.341646164888516, 'repair_solver_seconds_max': 0.131763172801584, 'repair_solver_seconds_p95_nonzero': 0.012682395172305405, 'schedule_solver_seconds_sum': 0.3563302045222372, 'schedule_solver_seconds_max': 0.012232061009854078, 'candidate_end_to_end_seconds': 2.3021346870809793, 'information_exchange_locality_certified': False, 'action_scope_locality_verified': True, 'global_oracles_classification_only': True, 'changed_stream_coefficient_count_sum': 364, 'changed_sector_interval_count_sum': 142, 'maximum_changed_stream_coefficients_per_interval': 23, 'maximum_changed_sectors_per_interval': 6, 'incremental_float32_payload_lower_bound_bytes_sum': 1624, 'payload_claim_boundary': 'LOWER_BOUND_FOR_CHANGED_FLOAT32_STREAM_COEFFICIENTS_PLUS_SCHEDULE_COUNTS_NOT_A_SERIALIZED_PROTOCOL_MEASUREMENT', 'claim_boundary': 'DEVELOPMENT_REPLAY_ON_PREVIOUSLY_OBSERVED_SEEDS_NOT_CONFIRMATORY_NOT_CALIBRATION_NOT_REGULATORY_COMPLIANCE'}",0,587,118,0a7400f7163cfb08ceff7d1ecb894c1a8d69c25f0e02b9d40632ba8e55e67ba4,67931403d8dde3ad407aa7d6c34c12e09690323f4da4c426e3ff41a87d1994be,f326a0c7f98c348d663fd373950e074e2aadd272bafd8e18535b1ea65219e105,candidate_end_to_end_including_sequential_fallback_and_repair_oracles,PASS,PASS,0.0,31.0,0.0,8.0,2.0,2.0,1.0,1.0,0.2173998417001205,20.0,0.0,60.0,False,True,True,0.4096698332577944,1.341646164888516,0.0036519858986139,0.131763172801584,0.0126823951723054,364.0,142.0,23.0,6.0,1624.0,LOWER_BOUND_FOR_CHANGED_FLOAT32_STREAM_COEFFICIENTS_PLUS_SCHEDULE_COUNTS_NOT_A_SERIALIZED_PROTOCOL_MEASUREMENT,44008,,EXECUTED_V4_4_FAILED_SEED_REPLAY,True
candidate_v4_4_floor_first_protected_subband_scheduling,0,0,-0.0013860773368726,-14.328060926404484,38,190,6.120731343438681,40.8046767364427,78.55469916275311,0.1223771234226458,1.8333200805273973,0.1921380527486452,2.1292281688586647,117,27,7,2.048348853131756,"{'action_class_counts': {'SPARSE_LOCAL_STREAM_POWER_REPAIR': 60, 'NO_FEASIBLE_DEPLOYABLE_ACTION_FOUND': 29, 'BASELINE_NOOP': 20, 'FLOOR_FIRST_PROTECTED_SUBBAND_SCHEDULING_G4': 6}, 'strict_local_scope_gate': 'PASS', 'strict_local_scope_violation_intervals': 0, 'strict_post_mode_selected_power_gate': 'PASS', 'strict_post_mode_power_violation_intervals': 0, 'q0_envelope_deployable_actions': 0, 'unresolved_deployable_intervals': 29, 'diagnostic_g8_scheduling_feasible_intervals': 0, 'network_wide_shutdown_intervals': 0, 'maximum_normalized_floor_shortfall': 0.2170197560188078, 'maximum_mutable_sector_count': 8, 'maximum_external_interferers_per_violating_user': 2, 'maximum_eess_backoff_sectors': 2, 'maximum_post_mode_selected_power_ratio': 1.0, 'maximum_strict_post_mode_selected_power_ratio': 1.0, 'maximum_q0_nominal_power_envelope_ratio': 1.0, 'protected_subband_scheduling_intervals': 6, 'protected_subband_scheduling_success_intervals': 6, 'protected_subband_scheduling_failure_intervals': 29, 'protected_subband_scheduling_guard_limit_counts': {'4': 6}, 'maximum_schedule_mode_count': 16, 'maximum_schedule_guard_sector_count': 4, 'schedule_slots_per_second': 2000, 'scheduled_nonbaseline_slots_per_second_sum': 4014, 'maximum_scheduled_nonbaseline_slots_per_second': 669, 'maximum_protected_subband_scheduled_fraction': 0.3345, 'maximum_schedule_nonzero_mode_count': 3, 'maximum_schedule_critical_sector_count': 2, 'maximum_schedule_mutable_sector_count': 6, 'local_table_build_seconds_sum': 0.40633600507862866, 'local_table_build_seconds_max': 0.0036424759309738874, 'repair_solver_seconds_sum': 1.124268397456035, 'repair_solver_seconds_max': 0.013821077067404985, 'repair_solver_seconds_p95_nonzero': 0.012775055295787752, 'schedule_solver_seconds_sum': 0.32593822688795626, 'schedule_solver_seconds_max': 0.012298621935769916, 'candidate_end_to_end_seconds': 2.0483166531194, 'information_exchange_locality_certified': False, 'action_scope_locality_verified': True, 'global_oracles_classification_only': True, 'changed_stream_coefficient_count_sum': 348, 'changed_sector_interval_count_sum': 136, 'maximum_changed_stream_coefficients_per_interval': 23, 'maximum_changed_sectors_per_interval': 6, 'incremental_float32_payload_lower_bound_bytes_sum': 1536, 'payload_claim_boundary': 'LOWER_BOUND_FOR_CHANGED_FLOAT32_STREAM_COEFFICIENTS_PLUS_SCHEDULE_COUNTS_NOT_A_SERIALIZED_PROTOCOL_MEASUREMENT', 'claim_boundary': 'DEVELOPMENT_REPLAY_ON_PREVIOUSLY_OBSERVED_SEEDS_NOT_CONFIRMATORY_NOT_CALIBRATION_NOT_REGULATORY_COMPLIANCE'}",1,571,115,1c8d9cbd39f852b558e4288259804788af63c7db7b52f8c658f639b7cf6f654e,f6870ea2ce5f6233140b9a976a690c1f04c69171f4b9ffda589f16d27d95b924,2f54554a61edb438854856335282197a9b13d5e16dd7036d58bee4b3ab49bd8a,candidate_end_to_end_including_sequential_fallback_and_repair_oracles,PASS,PASS,0.0,29.0,0.0,8.0,2.0,2.0,1.0,1.0,0.2170197560188078,20.0,0.0,60.0,False,True,True,0.4063360050786286,1.124268397456035,0.0036424759309738,0.0138210770674049,0.0127750552957877,348.0,136.0,23.0,6.0,1536.0,LOWER_BOUND_FOR_CHANGED_FLOAT32_STREAM_COEFFICIENTS_PLUS_SCHEDULE_COUNTS_NOT_A_SERIALIZED_PROTOCOL_MEASUREMENT,44008,,EXECUTED_V4_4_FAILED_SEED_REPLAY,True
candidate_v4_4_floor_first_protected_subband_scheduling,0,0,-0.0249566361342201,-14.36942605341398,22,110,4.39601165496452,32.75550242688283,77.8432236996456,0.1224553622893646,1.8371701765738504,0.1921028538918321,2.1372602836658454,117,33,7,2.102029454195872,"{'action_class_counts': {'SPARSE_LOCAL_STREAM_POWER_REPAIR': 60, 'NO_FEASIBLE_DEPLOYABLE_ACTION_FOUND': 21, 'BASELINE_NOOP': 20, 'FLOOR_FIRST_PROTECTED_SUBBAND_SCHEDULING_G4': 16}, 'strict_local_scope_gate': 'PASS', 'strict_local_scope_violation_intervals': 0, 'strict_post_mode_selected_power_gate': 'PASS', 'strict_post_mode_power_violation_intervals': 0, 'q0_envelope_deployable_actions': 0, 'unresolved_deployable_intervals': 21, 'diagnostic_g8_scheduling_feasible_intervals': 1, 'network_wide_shutdown_intervals': 0, 'maximum_normalized_floor_shortfall': 0.21534698194263235, 'maximum_mutable_sector_count': 8, 'maximum_external_interferers_per_violating_user': 2, 'maximum_eess_backoff_sectors': 2, 'maximum_post_mode_selected_power_ratio': 1.0, 'maximum_strict_post_mode_selected_power_ratio': 1.0, 'maximum_q0_nominal_power_envelope_ratio': 1.0, 'protected_subband_scheduling_intervals': 16, 'protected_subband_scheduling_success_intervals': 16, 'protected_subband_scheduling_failure_intervals': 21, 'protected_subband_scheduling_guard_limit_counts': {'4': 16}, 'maximum_schedule_mode_count': 16, 'maximum_schedule_guard_sector_count': 8, 'schedule_slots_per_second': 2000, 'scheduled_nonbaseline_slots_per_second_sum': 11076, 'maximum_scheduled_nonbaseline_slots_per_second': 697, 'maximum_protected_subband_scheduled_fraction': 0.3485, 'maximum_schedule_nonzero_mode_count': 4, 'maximum_schedule_critical_sector_count': 2, 'maximum_schedule_mutable_sector_count': 10, 'local_table_build_seconds_sum': 0.40758558362722397, 'local_table_build_seconds_max': 0.00387363787740469, 'repair_solver_seconds_sum': 1.1811884010676295, 'repair_solver_seconds_max': 0.05688562197610736, 'repair_solver_seconds_p95_nonzero': 0.012797170877456665, 'schedule_solver_seconds_sum': 0.32262757886201143, 'schedule_solver_seconds_max': 0.01247863401658833, 'candidate_end_to_end_seconds': 2.101998863974586, 'information_exchange_locality_certified': False, 'action_scope_locality_verified': True, 'global_oracles_classification_only': True, 'changed_stream_coefficient_count_sum': 553, 'changed_sector_interval_count_sum': 196, 'maximum_changed_stream_coefficients_per_interval': 22, 'maximum_changed_sectors_per_interval': 6, 'incremental_float32_payload_lower_bound_bytes_sum': 2644, 'payload_claim_boundary': 'LOWER_BOUND_FOR_CHANGED_FLOAT32_STREAM_COEFFICIENTS_PLUS_SCHEDULE_COUNTS_NOT_A_SERIALIZED_PROTOCOL_MEASUREMENT', 'claim_boundary': 'DEVELOPMENT_REPLAY_ON_PREVIOUSLY_OBSERVED_SEEDS_NOT_CONFIRMATORY_NOT_CALIBRATION_NOT_REGULATORY_COMPLIANCE'}",2,581,117,0a18b194e0fde489e03cb7e3ea15c2474588efa774dacd84e1cc000801641e85,5505d5cab30bfd5fa4c3f35916c124e813af016db9701a0c5bb6971350f8b7f3,c779e19078cae64f399bfe1d7379f413f0e961dd1a788fc7fa38d451e11f258c,candidate_end_to_end_including_sequential_fallback_and_repair_oracles,PASS,PASS,0.0,21.0,0.0,8.0,2.0,2.0,1.0,1.0,0.2153469819426323,20.0,0.0,60.0,False,True,True,0.4075855836272239,1.1811884010676297,0.0038736378774046,0.0568856219761073,0.0127971708774566,553.0,196.0,22.0,6.0,2644.0,LOWER_BOUND_FOR_CHANGED_FLOAT32_STREAM_COEFFICIENTS_PLUS_SCHEDULE_COUNTS_NOT_A_SERIALIZED_PROTOCOL_MEASUREMENT,44008,,EXECUTED_V4_4_FAILED_SEED_REPLAY,True
candidate_v4_4_floor_first_protected_subband_scheduling,0,0,-0.0101641100297098,-14.218717265322772,22,110,4.396614447041186,34.11803673670891,76.82174096792112,0.1225119525482878,1.8431683674937611,0.1921083266788583,2.145408565516057,113,34,7,2.093749823048711,"{'action_class_counts': {'SPARSE_LOCAL_STREAM_POWER_REPAIR': 60, 'NO_FEASIBLE_DEPLOYABLE_ACTION_FOUND': 21, 'BASELINE_NOOP': 21, 'FLOOR_FIRST_PROTECTED_SUBBAND_SCHEDULING_G4': 17}, 'strict_local_scope_gate': 'PASS', 'strict_local_scope_violation_intervals': 0, 'strict_post_mode_selected_power_gate': 'PASS', 'strict_post_mode_power_violation_intervals': 0, 'q0_envelope_deployable_actions': 0, 'unresolved_deployable_intervals': 21, 'diagnostic_g8_scheduling_feasible_intervals': 1, 'network_wide_shutdown_intervals': 0, 'maximum_normalized_floor_shortfall': 0.2160302265809011, 'maximum_mutable_sector_count': 8, 'maximum_external_interferers_per_violating_user': 2, 'maximum_eess_backoff_sectors': 2, 'maximum_post_mode_selected_power_ratio': 1.0, 'maximum_strict_post_mode_selected_power_ratio': 1.0, 'maximum_q0_nominal_power_envelope_ratio': 1.0, 'protected_subband_scheduling_intervals': 17, 'protected_subband_scheduling_success_intervals': 17, 'protected_subband_scheduling_failure_intervals': 21, 'protected_subband_scheduling_guard_limit_counts': {'4': 17}, 'maximum_schedule_mode_count': 16, 'maximum_schedule_guard_sector_count': 8, 'schedule_slots_per_second': 2000, 'scheduled_nonbaseline_slots_per_second_sum': 11715, 'maximum_scheduled_nonbaseline_slots_per_second': 702, 'maximum_protected_subband_scheduled_fraction': 0.351, 'maximum_schedule_nonzero_mode_count': 4, 'maximum_schedule_critical_sector_count': 2, 'maximum_schedule_mutable_sector_count': 10, 'local_table_build_seconds_sum': 0.41021223342977464, 'local_table_build_seconds_max': 0.00388183887116611, 'repair_solver_seconds_sum': 1.1610165496822447, 'repair_solver_seconds_max': 0.0340191968716681, 'repair_solver_seconds_p95_nonzero': 0.01262253305176273, 'schedule_solver_seconds_sum': 0.32428885134868324, 'schedule_solver_seconds_max': 0.012346572009846568, 'candidate_end_to_end_seconds': 2.093723312020302, 'information_exchange_locality_certified': False, 'action_scope_locality_verified': True, 'global_oracles_classification_only': True, 'changed_stream_coefficient_count_sum': 586, 'changed_sector_interval_count_sum': 202, 'maximum_changed_stream_coefficients_per_interval': 23, 'maximum_changed_sectors_per_interval': 6, 'incremental_float32_payload_lower_bound_bytes_sum': 2812, 'payload_claim_boundary': 'LOWER_BOUND_FOR_CHANGED_FLOAT32_STREAM_COEFFICIENTS_PLUS_SCHEDULE_COUNTS_NOT_A_SERIALIZED_PROTOCOL_MEASUREMENT', 'claim_boundary': 'DEVELOPMENT_REPLAY_ON_PREVIOUSLY_OBSERVED_SEEDS_NOT_CONFIRMATORY_NOT_CALIBRATION_NOT_REGULATORY_COMPLIANCE'}",3,594,119,6fdf37c77734d6d4784f4e4893629d903da919a33a985bdacb2459b62e028de9,cb8d44eaf0c6d6890044e6a33411df2cd800f2a188e6bdbe47403fbe9cf9563d,ae073f3bff926ca4c10c5c656156e3f993177fd02e335059cd967fdd3d91516b,candidate_end_to_end_including_sequential_fallback_and_repair_oracles,PASS,PASS,0.0,21.0,0.0,8.0,2.0,2.0,1.0,1.0,0.2160302265809011,21.0,0.0,60.0,False,True,True,0.4102122334297746,1.1610165496822449,0.0038818388711661,0.0340191968716681,0.0126225330517627,586.0,202.0,23.0,6.0,2812.0,LOWER_BOUND_FOR_CHANGED_FLOAT32_STREAM_COEFFICIENTS_PLUS_SCHEDULE_COUNTS_NOT_A_SERIALIZED_PROTOCOL_MEASUREMENT,44008,,EXECUTED_V4_4_FAILED_SEED_REPLAY,True
candidate_v4_4_floor_first_protected_subband_scheduling,0,0,-0.0001036607387872,-14.33154309677442,22,110,4.397085856475037,38.80247047866339,76.11816558652623,0.127237607828855,1.8511817436533624,0.1997126768228908,2.153909168273921,125,38,7,2.1019032639451325,"{'action_class_counts': {'SPARSE_LOCAL_STREAM_POWER_REPAIR': 60, 'NO_FEASIBLE_DEPLOYABLE_ACTION_FOUND': 21, 'BASELINE_NOOP': 23, 'FLOOR_FIRST_PROTECTED_SUBBAND_SCHEDULING_G4': 17}, 'strict_local_scope_gate': 'PASS', 'strict_local_scope_violation_intervals': 0, 'strict_post_mode_selected_power_gate': 'PASS', 'strict_post_mode_power_violation_intervals': 0, 'q0_envelope_deployable_actions': 0, 'unresolved_deployable_intervals': 21, 'diagnostic_g8_scheduling_feasible_intervals': 1, 'network_wide_shutdown_intervals': 0, 'maximum_normalized_floor_shortfall': 0.21653450221692114, 'maximum_mutable_sector_count': 8, 'maximum_external_interferers_per_violating_user': 2, 'maximum_eess_backoff_sectors': 2, 'maximum_post_mode_selected_power_ratio': 1.0, 'maximum_strict_post_mode_selected_power_ratio': 1.0, 'maximum_q0_nominal_power_envelope_ratio': 1.0, 'protected_subband_scheduling_intervals': 17, 'protected_subband_scheduling_success_intervals': 17, 'protected_subband_scheduling_failure_intervals': 21, 'protected_subband_scheduling_guard_limit_counts': {'4': 17}, 'maximum_schedule_mode_count': 16, 'maximum_schedule_guard_sector_count': 8, 'schedule_slots_per_second': 2000, 'scheduled_nonbaseline_slots_per_second_sum': 11706, 'maximum_scheduled_nonbaseline_slots_per_second': 718, 'maximum_protected_subband_scheduled_fraction': 0.359, 'maximum_schedule_nonzero_mode_count': 4, 'maximum_schedule_critical_sector_count': 2, 'maximum_schedule_mutable_sector_count': 10, 'local_table_build_seconds_sum': 0.41951283323578537, 'local_table_build_seconds_max': 0.003858169075101614, 'repair_solver_seconds_sum': 1.14784748503007, 'repair_solver_seconds_max': 0.0127973270136863, 'repair_solver_seconds_p95_nonzero': 0.012730098061729223, 'schedule_solver_seconds_sum': 0.3258588525932282, 'schedule_solver_seconds_max': 0.012426972854882479, 'candidate_end_to_end_seconds': 2.101876243017614, 'information_exchange_locality_certified': False, 'action_scope_locality_verified': True, 'global_oracles_classification_only': True, 'changed_stream_coefficient_count_sum': 597, 'changed_sector_interval_count_sum': 202, 'maximum_changed_stream_coefficients_per_interval': 23, 'maximum_changed_sectors_per_interval': 6, 'incremental_float32_payload_lower_bound_bytes_sum': 2868, 'payload_claim_boundary': 'LOWER_BOUND_FOR_CHANGED_FLOAT32_STREAM_COEFFICIENTS_PLUS_SCHEDULE_COUNTS_NOT_A_SERIALIZED_PROTOCOL_MEASUREMENT', 'claim_boundary': 'DEVELOPMENT_REPLAY_ON_PREVIOUSLY_OBSERVED_SEEDS_NOT_CONFIRMATORY_NOT_CALIBRATION_NOT_REGULATORY_COMPLIANCE'}",4,605,121,bd11033b248b3e54a02c8b72cb8d2f7cc15902486fe33cd2ccb13bd6bc5aba96,5f6b50e1b46bc4dcf4899e13d0af8e6077222375d3c78903ce2a2ee92ae60fcc,912e7b79eb3a453dfe2ea64e3f27974dc56bd879276153d5eede9265424435f5,candidate_end_to_end_including_sequential_fallback_and_repair_oracles,PASS,PASS,0.0,21.0,0.0,8.0,2.0,2.0,1.0,1.0,0.2165345022169211,23.0,0.0,60.0,False,True,True,0.4195128332357853,1.14784748503007,0.0038581690751016,0.0127973270136863,0.0127300980617292,597.0,202.0,23.0,6.0,2868.0,LOWER_BOUND_FOR_CHANGED_FLOAT32_STREAM_COEFFICIENTS_PLUS_SCHEDULE_COUNTS_NOT_A_SERIALIZED_PROTOCOL_MEASUREMENT,44008,,EXECUTED_V4_4_FAILED_SEED_REPLAY,True
candidate_v4_4_floor_first_protected_subband_scheduling,0,0,-0.0344889369212207,-14.408926280969236,0,0,0.0,59.573787436290814,101.27226461549962,0.2485214315119268,2.195325451936915,0.370284863852936,2.3450916293024333,93,20,5,1.850588345900178,"{'action_class_counts': {'SPARSE_LOCAL_STREAM_POWER_REPAIR': 78, 'BASELINE_NOOP': 40}, 'maximum_mutable_sector_count': 5, 'maximum_external_interferers_per_violating_user': 2, 'maximum_eess_backoff_sectors': 2, 'strict_local_scope_gate': 'PASS', 'strict_local_scope_violation_intervals': 0, 'strict_post_mode_selected_power_gate': 'PASS', 'strict_post_mode_power_violation_intervals': 0, 'q0_envelope_deployable_actions': 0, 'maximum_strict_post_mode_selected_power_ratio': 0.9250908110117423, 'maximum_q0_nominal_power_envelope_ratio': 0.8751342526116536, 'unresolved_deployable_intervals': 0, 'network_wide_shutdown_intervals': 0, 'maximum_normalized_floor_shortfall': 0.0, 'solver_constraint_reserve': 1e-08, 'solver_primal_feasibility_tolerance': 1e-09, 'solver_dual_feasibility_tolerance': 1e-09, 'local_table_build_seconds_sum': 0.47566615347750485, 'repair_solver_seconds_sum': 1.1158028580248356, 'local_table_build_seconds_max': 0.004426707047969103, 'repair_solver_seconds_max': 0.05481667187996209, 'repair_solver_seconds_p95_nonzero': 0.01667356251273304, 'candidate_end_to_end_seconds': 1.8505515409633517, 'changed_stream_coefficient_count_sum': 84, 'changed_sector_interval_count_sum': 78, 'maximum_changed_stream_coefficients_per_interval': 2, 'maximum_changed_sectors_per_interval': 1, 'incremental_float32_payload_lower_bound_bytes_sum': 336, 'payload_claim_boundary': 'FLOAT32_COEFFICIENT_VALUE_LOWER_BOUND_ONLY_EXCLUDES_IDS_HEADERS_RELIABILITY_AND_TRANSPORT_OVERHEAD', 'information_exchange_locality_certified': False, 'action_scope_locality_verified': True, 'global_oracles_classification_only': True}",0,587,118,e8a0f45c3e88e27cb7638efea07c9158c06d8dcd4428046a7a26d65c792348a1,89ea51c75dba7b9b300ff2aaeeaedbfd43bf525afcf75048f200afd8f61721af,298f036d9c589ce39f9f330d7dd167c9789f8acaad13872b63f95d9c84c11412,candidate_end_to_end_including_sequential_fallback_and_repair_oracles,PASS,PASS,0.0,0.0,0.0,5.0,2.0,2.0,0.9250908110117424,0.8751342526116536,0.0,40.0,0.0,78.0,False,True,True,0.4756661534775048,1.1158028580248356,0.0044267070479691,0.054816671879962,0.016673562512733,84.0,78.0,2.0,1.0,336.0,FLOAT32_COEFFICIENT_VALUE_LOWER_BOUND_ONLY_EXCLUDES_IDS_HEADERS_RELIABILITY_AND_TRANSPORT_OVERHEAD,44009,9.0,V4_3_EXACT_NOOP_CODE_PATH_REUSE,
candidate_v4_4_floor_first_protected_subband_scheduling,0,0,-0.0146980727048962,-14.308154977860674,0,0,0.0,71.21438665612807,102.25804604236616,0.2442094445715937,2.185045445643581,0.3659523605925997,2.330472803392159,93,20,5,1.7899047480896115,"{'action_class_counts': {'SPARSE_LOCAL_STREAM_POWER_REPAIR': 75, 'BASELINE_NOOP': 40}, 'maximum_mutable_sector_count': 5, 'maximum_external_interferers_per_violating_user': 2, 'maximum_eess_backoff_sectors': 2, 'strict_local_scope_gate': 'PASS', 'strict_local_scope_violation_intervals': 0, 'strict_post_mode_selected_power_gate': 'PASS', 'strict_post_mode_power_violation_intervals': 0, 'q0_envelope_deployable_actions': 0, 'maximum_strict_post_mode_selected_power_ratio': 0.8796309599311023, 'maximum_q0_nominal_power_envelope_ratio': 0.8751557380664018, 'unresolved_deployable_intervals': 0, 'network_wide_shutdown_intervals': 0, 'maximum_normalized_floor_shortfall': 0.0, 'solver_constraint_reserve': 1e-08, 'solver_primal_feasibility_tolerance': 1e-09, 'solver_dual_feasibility_tolerance': 1e-09, 'local_table_build_seconds_sum': 0.4614318951498717, 'repair_solver_seconds_sum': 1.0831646849401295, 'local_table_build_seconds_max': 0.004284793045371771, 'repair_solver_seconds_max': 0.04965871083550155, 'repair_solver_seconds_p95_nonzero': 0.017206615535542365, 'candidate_end_to_end_seconds': 1.789870603941381, 'changed_stream_coefficient_count_sum': 75, 'changed_sector_interval_count_sum': 75, 'maximum_changed_stream_coefficients_per_interval': 1, 'maximum_changed_sectors_per_interval': 1, 'incremental_float32_payload_lower_bound_bytes_sum': 300, 'payload_claim_boundary': 'FLOAT32_COEFFICIENT_VALUE_LOWER_BOUND_ONLY_EXCLUDES_IDS_HEADERS_RELIABILITY_AND_TRANSPORT_OVERHEAD', 'information_exchange_locality_certified': False, 'action_scope_locality_verified': True, 'global_oracles_classification_only': True}",1,571,115,41f5395bb75abba3c04247f2ced113a43687746f29d86547e234a355bad00a82,5abe50312979f32f7fef58627060bec629cc46c3a5d0acf88152c7e640f49c38,9abfb4e5f44f4a1789b95434d6ff2ac10c6f1d5d9f6bea3d2992b6637684a5fe,candidate_end_to_end_including_sequential_fallback_and_repair_oracles,PASS,PASS,0.0,0.0,0.0,5.0,2.0,2.0,0.8796309599311023,0.8751557380664018,0.0,40.0,0.0,75.0,False,True,True,0.4614318951498717,1.0831646849401295,0.0042847930453717,0.0496587108355015,0.0172066155355423,75.0,75.0,1.0,1.0,300.0,FLOAT32_COEFFICIENT_VALUE_LOWER_BOUND_ONLY_EXCLUDES_IDS_HEADERS_RELIABILITY_AND_TRANSPORT_OVERHEAD,44009,9.0,V4_3_EXACT_NOOP_CODE_PATH_REUSE,
candidate_v4_4_floor_first_protected_subband_scheduling,0,0,-0.000355910083235,-14.210193427975108,0,0,0.0,63.44867013912667,101.6888961401044,0.2508960182303207,2.195793409293748,0.3659572224783456,2.340269734009519,55,13,5,1.7795462850481272,"{'action_class_counts': {'SPARSE_LOCAL_STREAM_POWER_REPAIR': 77, 'BASELINE_NOOP': 40}, 'maximum_mutable_sector_count': 5, 'maximum_external_interferers_per_violating_user': 2, 'maximum_eess_backoff_sectors': 2, 'strict_local_scope_gate': 'PASS', 'strict_local_scope_violation_intervals': 0, 'strict_post_mode_selected_power_gate': 'PASS', 'strict_post_mode_power_violation_intervals': 0, 'q0_envelope_deployable_actions': 0, 'maximum_strict_post_mode_selected_power_ratio': 0.8561620995466426, 'maximum_q0_nominal_power_envelope_ratio': 0.8518039006301295, 'unresolved_deployable_intervals': 0, 'network_wide_shutdown_intervals': 0, 'maximum_normalized_floor_shortfall': 0.0, 'solver_constraint_reserve': 1e-08, 'solver_primal_feasibility_tolerance': 1e-09, 'solver_dual_feasibility_tolerance': 1e-09, 'local_table_build_seconds_sum': 0.47245893720537424, 'repair_solver_seconds_sum': 1.058279332704842, 'local_table_build_seconds_max': 0.004331747069954872, 'repair_solver_seconds_max': 0.04330738983117044, 'repair_solver_seconds_p95_nonzero': 0.013916860707104206, 'candidate_end_to_end_seconds': 1.7795135900378227, 'changed_stream_coefficient_count_sum': 77, 'changed_sector_interval_count_sum': 77, 'maximum_changed_stream_coefficients_per_interval': 1, 'maximum_changed_sectors_per_interval': 1, 'incremental_float32_payload_lower_bound_bytes_sum': 308, 'payload_claim_boundary': 'FLOAT32_COEFFICIENT_VALUE_LOWER_BOUND_ONLY_EXCLUDES_IDS_HEADERS_RELIABILITY_AND_TRANSPORT_OVERHEAD', 'information_exchange_locality_certified': False, 'action_scope_locality_verified': True, 'global_oracles_classification_only': True}",2,581,117,4fc5ceddc996f391032975662f20017e68de54533e9b811d8a5d14694cbdb8cd,bd2b9ba0fe7d2dfee7f98858d019dffe6e2b89cc5d29123f5bde945e99d45834,712d612245b6c35e79c8f9f1305a678626af4a53ef13790a31134349da5d27cc,candidate_end_to_end_including_sequential_fallback_and_repair_oracles,PASS,PASS,0.0,0.0,0.0,5.0,2.0,2.0,0.8561620995466426,0.8518039006301295,0.0,40.0,0.0,77.0,False,True,True,0.4724589372053742,1.058279332704842,0.0043317470699548,0.0433073898311704,0.0139168607071042,77.0,77.0,1.0,1.0,308.0,FLOAT32_COEFFICIENT_VALUE_LOWER_BOUND_ONLY_EXCLUDES_IDS_HEADERS_RELIABILITY_AND_TRANSPORT_OVERHEAD,44009,9.0,V4_3_EXACT_NOOP_CODE_PATH_REUSE,
candidate_v4_4_floor_first_protected_subband_scheduling,0,0,-0.0078533168573222,-14.210930353804365,0,0,0.0,65.93076301466203,100.834074330058,0.2509991750217588,2.2018267365562654,0.3765001192730788,2.348030465423052,52,13,5,1.841134097194299,"{'action_class_counts': {'SPARSE_LOCAL_STREAM_POWER_REPAIR': 78, 'BASELINE_NOOP': 41}, 'maximum_mutable_sector_count': 5, 'maximum_external_interferers_per_violating_user': 2, 'maximum_eess_backoff_sectors': 2, 'strict_local_scope_gate': 'PASS', 'strict_local_scope_violation_intervals': 0, 'strict_post_mode_selected_power_gate': 'PASS', 'strict_post_mode_power_violation_intervals': 0, 'q0_envelope_deployable_actions': 0, 'maximum_strict_post_mode_selected_power_ratio': 0.8561709578975877, 'maximum_q0_nominal_power_envelope_ratio': 0.8518127138886142, 'unresolved_deployable_intervals': 0, 'network_wide_shutdown_intervals': 0, 'maximum_normalized_floor_shortfall': 0.0, 'solver_constraint_reserve': 1e-08, 'solver_primal_feasibility_tolerance': 1e-09, 'solver_dual_feasibility_tolerance': 1e-09, 'local_table_build_seconds_sum': 0.47946544410660863, 'repair_solver_seconds_sum': 1.110619327519089, 'local_table_build_seconds_max': 0.004437006078660488, 'repair_solver_seconds_max': 0.05834683100692928, 'repair_solver_seconds_p95_nonzero': 0.013955693738535047, 'candidate_end_to_end_seconds': 1.8411015400197357, 'changed_stream_coefficient_count_sum': 78, 'changed_sector_interval_count_sum': 78, 'maximum_changed_stream_coefficients_per_interval': 1, 'maximum_changed_sectors_per_interval': 1, 'incremental_float32_payload_lower_bound_bytes_sum': 312, 'payload_claim_boundary': 'FLOAT32_COEFFICIENT_VALUE_LOWER_BOUND_ONLY_EXCLUDES_IDS_HEADERS_RELIABILITY_AND_TRANSPORT_OVERHEAD', 'information_exchange_locality_certified': False, 'action_scope_locality_verified': True, 'global_oracles_classification_only': True}",3,594,119,f96ee0add2391e225889a84140e7c7638f015f02d19708d73b76dfcb0c4b8f01,ed8fe64b043d7dc992011944b0e1384a64dfc0704fa1abdf97d40fc2f148c560,07cf7e2d28fb70195be0b21633e3a7b1e4d7845f0ca1ce4ef49133c7d839c828,candidate_end_to_end_including_sequential_fallback_and_repair_oracles,PASS,PASS,0.0,0.0,0.0,5.0,2.0,2.0,0.8561709578975877,0.8518127138886142,0.0,41.0,0.0,78.0,False,True,True,0.4794654441066086,1.110619327519089,0.0044370060786604,0.0583468310069292,0.013955693738535,78.0,78.0,1.0,1.0,312.0,FLOAT32_COEFFICIENT_VALUE_LOWER_BOUND_ONLY_EXCLUDES_IDS_HEADERS_RELIABILITY_AND_TRANSPORT_OVERHEAD,44009,9.0,V4_3_EXACT_NOOP_CODE_PATH_REUSE,
candidate_v4_4_floor_first_protected_subband_scheduling,0,0,-0.0001683705990753,-14.205981949556843,0,0,0.0,70.67959178960045,100.26516944050722,0.2444787748065573,2.164923512807686,0.3773886653216564,2.3527971964035856,77,16,10,1.848292327020317,"{'action_class_counts': {'SPARSE_LOCAL_STREAM_POWER_REPAIR': 80, 'BASELINE_NOOP': 41}, 'maximum_mutable_sector_count': 5, 'maximum_external_interferers_per_violating_user': 2, 'maximum_eess_backoff_sectors': 2, 'strict_local_scope_gate': 'PASS', 'strict_local_scope_violation_intervals': 0, 'strict_post_mode_selected_power_gate': 'PASS', 'strict_post_mode_power_violation_intervals': 0, 'q0_envelope_deployable_actions': 0, 'maximum_strict_post_mode_selected_power_ratio': 0.9999999126878526, 'maximum_q0_nominal_power_envelope_ratio': 0.8518126866983545, 'unresolved_deployable_intervals': 0, 'network_wide_shutdown_intervals': 0, 'maximum_normalized_floor_shortfall': 0.0, 'solver_constraint_reserve': 1e-08, 'solver_primal_feasibility_tolerance': 1e-09, 'solver_dual_feasibility_tolerance': 1e-09, 'local_table_build_seconds_sum': 0.4871422564610839, 'repair_solver_seconds_sum': 1.10738670011051, 'local_table_build_seconds_max': 0.0043924369383603334, 'repair_solver_seconds_max': 0.050195970106869936, 'repair_solver_seconds_p95_nonzero': 0.014118317922111592, 'candidate_end_to_end_seconds': 1.8482628241181374, 'changed_stream_coefficient_count_sum': 90, 'changed_sector_interval_count_sum': 82, 'maximum_changed_stream_coefficients_per_interval': 6, 'maximum_changed_sectors_per_interval': 2, 'incremental_float32_payload_lower_bound_bytes_sum': 360, 'payload_claim_boundary': 'FLOAT32_COEFFICIENT_VALUE_LOWER_BOUND_ONLY_EXCLUDES_IDS_HEADERS_RELIABILITY_AND_TRANSPORT_OVERHEAD', 'information_exchange_locality_certified': False, 'action_scope_locality_verified': True, 'global_oracles_classification_only': True}",4,605,121,0affff02a4cddb24f19a7b8f8125de5f6fbd71a0714def923fe07d0422258a43,b8f97a6d5078265d14e6b6be154c30a666d31cb87a139d4ed05b8a693569a2ea,bdf11b4cc4f44c1f033027be1592c2cc2ad12b8db097a3e3243db036c6bc2a45,candidate_end_to_end_including_sequential_fallback_and_repair_oracles,PASS,PASS,0.0,0.0,0.0,5.0,2.0,2.0,0.9999999126878526,0.8518126866983545,0.0,41.0,0.0,80.0,False,True,True,0.4871422564610839,1.10738670011051,0.0043924369383603,0.0501959701068699,0.0141183179221115,90.0,82.0,6.0,2.0,360.0,FLOAT32_COEFFICIENT_VALUE_LOWER_BOUND_ONLY_EXCLUDES_IDS_HEADERS_RELIABILITY_AND_TRANSPORT_OVERHEAD,44009,9.0,V4_3_EXACT_NOOP_CODE_PATH_REUSE,
candidate_v4_4_floor_first_protected_subband_scheduling,0,0,-0.002795654377118,-14.569951563364858,0,0,0.0,61.65689932071538,113.37039469924726,0.2443845573272962,2.2152951426500063,0.3926364997012451,2.5265639581672974,21,3,7,1.20885214000009,"{'action_class_counts': {'SPARSE_LOCAL_STREAM_POWER_REPAIR': 36, 'BASELINE_NOOP': 81, 'SPARSE_LOCAL_FROZEN_GRID_SECTOR_REPAIR': 1}, 'maximum_mutable_sector_count': 5, 'maximum_external_interferers_per_violating_user': 2, 'maximum_eess_backoff_sectors': 2, 'strict_local_scope_gate': 'PASS', 'strict_local_scope_violation_intervals': 0, 'strict_post_mode_selected_power_gate': 'PASS', 'strict_post_mode_power_violation_intervals': 0, 'q0_envelope_deployable_actions': 0, 'maximum_strict_post_mode_selected_power_ratio': 0.955150796460533, 'maximum_q0_nominal_power_envelope_ratio': 0.9469248915575349, 'unresolved_deployable_intervals': 0, 'network_wide_shutdown_intervals': 0, 'maximum_normalized_floor_shortfall': 0.0, 'solver_constraint_reserve': 1e-08, 'solver_primal_feasibility_tolerance': 1e-09, 'solver_dual_feasibility_tolerance': 1e-09, 'local_table_build_seconds_sum': 0.4713741898885928, 'repair_solver_seconds_sum': 0.514904472976923, 'local_table_build_seconds_max': 0.00431149298674427, 'repair_solver_seconds_max': 0.03223307698499411, 'repair_solver_seconds_p95_nonzero': 0.01670731501071712, 'candidate_end_to_end_seconds': 1.2088175700046122, 'changed_stream_coefficient_count_sum': 48, 'changed_sector_interval_count_sum': 38, 'maximum_changed_stream_coefficients_per_interval': 8, 'maximum_changed_sectors_per_interval': 2, 'incremental_float32_payload_lower_bound_bytes_sum': 192, 'payload_claim_boundary': 'FLOAT32_COEFFICIENT_VALUE_LOWER_BOUND_ONLY_EXCLUDES_IDS_HEADERS_RELIABILITY_AND_TRANSPORT_OVERHEAD', 'information_exchange_locality_certified': False, 'action_scope_locality_verified': True, 'global_oracles_classification_only': True}",0,587,118,b1e6f02ca286c37135ec14192992af796cba1751c66cbec6601bb959c1bf0dbb,bc827bace53250b8952e076043b9727126f522289c2152de9eed508cb5409d9b,981d64644204edaabcf86f89881ea346b41909e7e0ba107d66824d3481ec07d9,candidate_end_to_end_including_sequential_fallback_and_repair_oracles,PASS,PASS,0.0,0.0,0.0,5.0,2.0,2.0,0.955150796460533,0.9469248915575348,0.0,81.0,1.0,36.0,False,True,True,0.4713741898885928,0.514904472976923,0.0043114929867442,0.0322330769849941,0.0167073150107171,48.0,38.0,8.0,2.0,192.0,FLOAT32_COEFFICIENT_VALUE_LOWER_BOUND_ONLY_EXCLUDES_IDS_HEADERS_RELIABILITY_AND_TRANSPORT_OVERHEAD,44010,10.0,V4_3_EXACT_NOOP_CODE_PATH_REUSE,
candidate_v4_4_floor_first_protected_subband_scheduling,0,0,-0.005691778970983,-14.501242399797544,0,0,0.0,73.95180311720411,114.64764676985824,0.2442485905627241,2.2086849437315017,0.3923616326066579,2.512991721004541,35,5,7,1.3318401780270506,"{'action_class_counts': {'SPARSE_LOCAL_STREAM_POWER_REPAIR': 38, 'BASELINE_NOOP': 77}, 'maximum_mutable_sector_count': 5, 'maximum_external_interferers_per_violating_user': 2, 'maximum_eess_backoff_sectors': 2, 'strict_local_scope_gate': 'PASS', 'strict_local_scope_violation_intervals': 0, 'strict_post_mode_selected_power_gate': 'PASS', 'strict_post_mode_power_violation_intervals': 0, 'q0_envelope_deployable_actions': 0, 'maximum_strict_post_mode_selected_power_ratio': 0.8542471119705988, 'maximum_q0_nominal_power_envelope_ratio': 0.8484004303159969, 'unresolved_deployable_intervals': 0, 'network_wide_shutdown_intervals': 0, 'maximum_normalized_floor_shortfall': 0.0, 'solver_constraint_reserve': 1e-08, 'solver_primal_feasibility_tolerance': 1e-09, 'solver_dual_feasibility_tolerance': 1e-09, 'local_table_build_seconds_sum': 0.4581005441432353, 'repair_solver_seconds_sum': 0.6522434929793235, 'local_table_build_seconds_max': 0.0042812899919226766, 'repair_solver_seconds_max': 0.1005813920055516, 'repair_solver_seconds_p95_nonzero': 0.03833222999382996, 'candidate_end_to_end_seconds': 1.331805529014673, 'changed_stream_coefficient_count_sum': 39, 'changed_sector_interval_count_sum': 38, 'maximum_changed_stream_coefficients_per_interval': 2, 'maximum_changed_sectors_per_interval': 1, 'incremental_float32_payload_lower_bound_bytes_sum': 156, 'payload_claim_boundary': 'FLOAT32_COEFFICIENT_VALUE_LOWER_BOUND_ONLY_EXCLUDES_IDS_HEADERS_RELIABILITY_AND_TRANSPORT_OVERHEAD', 'information_exchange_locality_certified': False, 'action_scope_locality_verified': True, 'global_oracles_classification_only': True}",1,571,115,e80512e66ea5a091c26229a095869c49e82d6797f53806d14f6d971641b777f5,002424b060de6e39346027ac1203b6c21c7d8393714e12a62c14be7a59367bf8,09b55a8899e814fa1b6a61c7c30eb0d5d08729350ccac06cc89ee1d477e44009,candidate_end_to_end_including_sequential_fallback_and_repair_oracles,PASS,PASS,0.0,0.0,0.0,5.0,2.0,2.0,0.8542471119705988,0.8484004303159969,0.0,77.0,0.0,38.0,False,True,True,0.4581005441432353,0.6522434929793235,0.0042812899919226,0.1005813920055516,0.0383322299938299,39.0,38.0,2.0,1.0,156.0,FLOAT32_COEFFICIENT_VALUE_LOWER_BOUND_ONLY_EXCLUDES_IDS_HEADERS_RELIABILITY_AND_TRANSPORT_OVERHEAD,44010,10.0,V4_3_EXACT_NOOP_CODE_PATH_REUSE,
candidate_v4_4_floor_first_protected_subband_scheduling,0,0,-0.0018035030426995,-14.402296021954603,0,0,0.0,65.76115603604308,113.92700411342392,0.2457677263209484,2.214822864678859,0.3925412766541876,2.522384602171352,98,14,7,0.9994155330059584,"{'action_class_counts': {'BASELINE_NOOP': 100, 'SPARSE_LOCAL_STREAM_POWER_REPAIR': 17}, 'maximum_mutable_sector_count': 5, 'maximum_external_interferers_per_violating_user': 2, 'maximum_eess_backoff_sectors': 2, 'strict_local_scope_gate': 'PASS', 'strict_local_scope_violation_intervals': 0, 'strict_post_mode_selected_power_gate': 'PASS', 'strict_post_mode_power_violation_intervals': 0, 'q0_envelope_deployable_actions': 0, 'maximum_strict_post_mode_selected_power_ratio': 0.8273965409916969, 'maximum_q0_nominal_power_envelope_ratio': 0.8216427076694193, 'unresolved_deployable_intervals': 0, 'network_wide_shutdown_intervals': 0, 'maximum_normalized_floor_shortfall': 0.0, 'solver_constraint_reserve': 1e-08, 'solver_primal_feasibility_tolerance': 1e-09, 'solver_dual_feasibility_tolerance': 1e-09, 'local_table_build_seconds_sum': 0.4649710562080145, 'repair_solver_seconds_sum': 0.3049400290765334, 'local_table_build_seconds_max': 0.004122309008380398, 'repair_solver_seconds_max': 0.10623334502452053, 'repair_solver_seconds_p95_nonzero': 0.0318220938148442, 'candidate_end_to_end_seconds': 0.9993821720127016, 'changed_stream_coefficient_count_sum': 17, 'changed_sector_interval_count_sum': 17, 'maximum_changed_stream_coefficients_per_interval': 1, 'maximum_changed_sectors_per_interval': 1, 'incremental_float32_payload_lower_bound_bytes_sum': 68, 'payload_claim_boundary': 'FLOAT32_COEFFICIENT_VALUE_LOWER_BOUND_ONLY_EXCLUDES_IDS_HEADERS_RELIABILITY_AND_TRANSPORT_OVERHEAD', 'information_exchange_locality_certified': False, 'action_scope_locality_verified': True, 'global_oracles_classification_only': True}",2,581,117,0d79b694014f0a7d46bf7c74715fd94684329a3e1a62f6b0966a08a5b1d20581,3ff8364915a7bd1e4b671031dc4b362845f313b73a91667087e76dca3bbb7a33,b387a341e4c2ec9e4ec2978a82d39677dfc55ec0d98074aef8299ac539190e37,candidate_end_to_end_including_sequential_fallback_and_repair_oracles,PASS,PASS,0.0,0.0,0.0,5.0,2.0,2.0,0.8273965409916969,0.8216427076694193,0.0,100.0,0.0,17.0,False,True,True,0.4649710562080145,0.3049400290765334,0.0041223090083803,0.1062333450245205,0.0318220938148442,17.0,17.0,1.0,1.0,68.0,FLOAT32_COEFFICIENT_VALUE_LOWER_BOUND_ONLY_EXCLUDES_IDS_HEADERS_RELIABILITY_AND_TRANSPORT_OVERHEAD,44010,10.0,V4_3_EXACT_NOOP_CODE_PATH_REUSE,
candidate_v4_4_floor_first_protected_subband_scheduling,0,0,-0.0022576195332042,-14.455022111468804,0,0,0.0,69.81524521761301,112.85342060892924,0.248192220334005,2.2190651848071297,0.3925412766541513,2.532466688316352,92,14,7,0.912427197006764,"{'action_class_counts': {'BASELINE_NOOP': 103, 'SPARSE_LOCAL_STREAM_POWER_REPAIR': 16}, 'maximum_mutable_sector_count': 5, 'maximum_external_interferers_per_violating_user': 2, 'maximum_eess_backoff_sectors': 2, 'strict_local_scope_gate': 'PASS', 'strict_local_scope_violation_intervals': 0, 'strict_post_mode_selected_power_gate': 'PASS', 'strict_post_mode_power_violation_intervals': 0, 'q0_envelope_deployable_actions': 0, 'maximum_strict_post_mode_selected_power_ratio': 0.7854069376663069, 'maximum_q0_nominal_power_envelope_ratio': 0.779822090449084, 'unresolved_deployable_intervals': 0, 'network_wide_shutdown_intervals': 0, 'maximum_normalized_floor_shortfall': 0.0, 'solver_constraint_reserve': 1e-08, 'solver_primal_feasibility_tolerance': 1e-09, 'solver_dual_feasibility_tolerance': 1e-09, 'local_table_build_seconds_sum': 0.4745816611102782, 'repair_solver_seconds_sum': 0.20476654398953542, 'local_table_build_seconds_max': 0.004106757987756282, 'repair_solver_seconds_max': 0.0171937630220782, 'repair_solver_seconds_p95_nonzero': 0.014574767505109776, 'candidate_end_to_end_seconds': 0.9123948800261132, 'changed_stream_coefficient_count_sum': 16, 'changed_sector_interval_count_sum': 16, 'maximum_changed_stream_coefficients_per_interval': 1, 'maximum_changed_sectors_per_interval': 1, 'incremental_float32_payload_lower_bound_bytes_sum': 64, 'payload_claim_boundary': 'FLOAT32_COEFFICIENT_VALUE_LOWER_BOUND_ONLY_EXCLUDES_IDS_HEADERS_RELIABILITY_AND_TRANSPORT_OVERHEAD', 'information_exchange_locality_certified': False, 'action_scope_locality_verified': True, 'global_oracles_classification_only': True}",3,594,119,8a4bbbfe3c14825a450d8722d357ab20bbf91d91f09f9617e5b0b1d859f22637,f7489e70420200d8dd54426c9cb20428ab339eb674cef65df0be5e7846d34b63,0572a55b1284fd9c888a824659649035dafed031d2b34bf5f2d6f015f3748483,candidate_end_to_end_including_sequential_fallback_and_repair_oracles,PASS,PASS,0.0,0.0,0.0,5.0,2.0,2.0,0.7854069376663069,0.779822090449084,0.0,103.0,0.0,16.0,False,True,True,0.4745816611102782,0.2047665439895354,0.0041067579877562,0.0171937630220782,0.0145747675051097,16.0,16.0,1.0,1.0,64.0,FLOAT32_COEFFICIENT_VALUE_LOWER_BOUND_ONLY_EXCLUDES_IDS_HEADERS_RELIABILITY_AND_TRANSPORT_OVERHEAD,44010,10.0,V4_3_EXACT_NOOP_CODE_PATH_REUSE,
candidate_v4_4_floor_first_protected_subband_scheduling,0,0,-0.0031132168613587,-14.39418713137668,0,0,0.0,77.9051865244455,112.18295726203162,0.2442485904612327,2.220043275662699,0.3925412789150687,2.544316698312963,96,16,7,0.9676725849858484,"{'action_class_counts': {'BASELINE_NOOP': 101, 'SPARSE_LOCAL_STREAM_POWER_REPAIR': 18, 'SPARSE_LOCAL_FROZEN_GRID_SECTOR_REPAIR': 2}, 'maximum_mutable_sector_count': 5, 'maximum_external_interferers_per_violating_user': 2, 'maximum_eess_backoff_sectors': 2, 'strict_local_scope_gate': 'PASS', 'strict_local_scope_violation_intervals': 0, 'strict_post_mode_selected_power_gate': 'PASS', 'strict_post_mode_power_violation_intervals': 0, 'q0_envelope_deployable_actions': 0, 'maximum_strict_post_mode_selected_power_ratio': 0.7185422406702074, 'maximum_q0_nominal_power_envelope_ratio': 0.7132385514779163, 'unresolved_deployable_intervals': 0, 'network_wide_shutdown_intervals': 0, 'maximum_normalized_floor_shortfall': 0.0, 'solver_constraint_reserve': 1e-08, 'solver_primal_feasibility_tolerance': 1e-09, 'solver_dual_feasibility_tolerance': 1e-09, 'local_table_build_seconds_sum': 0.48157538403756917, 'repair_solver_seconds_sum': 0.24819639592897147, 'local_table_build_seconds_max': 0.004127794993110001, 'repair_solver_seconds_max': 0.01307672998518683, 'repair_solver_seconds_p95_nonzero': 0.013025695989199448, 'candidate_end_to_end_seconds': 0.9676389590022154, 'changed_stream_coefficient_count_sum': 58, 'changed_sector_interval_count_sum': 28, 'maximum_changed_stream_coefficients_per_interval': 20, 'maximum_changed_sectors_per_interval': 5, 'incremental_float32_payload_lower_bound_bytes_sum': 232, 'payload_claim_boundary': 'FLOAT32_COEFFICIENT_VALUE_LOWER_BOUND_ONLY_EXCLUDES_IDS_HEADERS_RELIABILITY_AND_TRANSPORT_OVERHEAD', 'information_exchange_locality_certified': False, 'action_scope_locality_verified': True, 'global_oracles_classification_only': True}",4,605,121,c7e46c90a21426cd9390da164876a5b173639700c4d03d4962c39554201959b3,dac4f68e08d9953f155b8e7daeb9369b3433196f5bef4e39e0f34767235fc7df,8e0ef67e2f8217ab92f562e0a55bd3f0ad237fa3abf9c997a06a2f18e3ea0c63,candidate_end_to_end_including_sequential_fallback_and_repair_oracles,PASS,PASS,0.0,0.0,0.0,5.0,2.0,2.0,0.7185422406702074,0.7132385514779163,0.0,101.0,2.0,18.0,False,True,True,0.4815753840375691,0.2481963959289714,0.00412779499311,0.0130767299851868,0.0130256959891994,58.0,28.0,20.0,5.0,232.0,FLOAT32_COEFFICIENT_VALUE_LOWER_BOUND_ONLY_EXCLUDES_IDS_HEADERS_RELIABILITY_AND_TRANSPORT_OVERHEAD,44010,10.0,V4_3_EXACT_NOOP_CODE_PATH_REUSE,
candidate_v4_4_floor_first_protected_subband_scheduling,0,0,-0.0007037364024609,-14.07415631416796,0,0,0.0,37.3469052015843,79.81634319190327,0.2403192334191634,1.8314723274835525,0.2931823483976104,2.1363607268164064,76,28,4,1.585714973974973,"{'action_class_counts': {'SPARSE_LOCAL_STREAM_POWER_REPAIR': 60, 'BASELINE_NOOP': 58}, 'maximum_mutable_sector_count': 10, 'maximum_external_interferers_per_violating_user': 2, 'maximum_eess_backoff_sectors': 2, 'strict_local_scope_gate': 'PASS', 'strict_local_scope_violation_intervals': 0, 'strict_post_mode_selected_power_gate': 'PASS', 'strict_post_mode_power_violation_intervals': 0, 'q0_envelope_deployable_actions': 0, 'maximum_strict_post_mode_selected_power_ratio': 0.99999999, 'maximum_q0_nominal_power_envelope_ratio': 0.9458065710988517, 'unresolved_deployable_intervals': 0, 'network_wide_shutdown_intervals': 0, 'maximum_normalized_floor_shortfall': 0.0, 'solver_constraint_reserve': 1e-08, 'solver_primal_feasibility_tolerance': 1e-09, 'solver_dual_feasibility_tolerance': 1e-09, 'local_table_build_seconds_sum': 0.4721527905203402, 'repair_solver_seconds_sum': 0.8501845367718488, 'local_table_build_seconds_max': 0.004157677059993148, 'repair_solver_seconds_max': 0.046342947985976934, 'repair_solver_seconds_p95_nonzero': 0.013831962691619992, 'candidate_end_to_end_seconds': 1.5856798319146037, 'changed_stream_coefficient_count_sum': 206, 'changed_sector_interval_count_sum': 120, 'maximum_changed_stream_coefficients_per_interval': 8, 'maximum_changed_sectors_per_interval': 4, 'incremental_float32_payload_lower_bound_bytes_sum': 824, 'payload_claim_boundary': 'FLOAT32_COEFFICIENT_VALUE_LOWER_BOUND_ONLY_EXCLUDES_IDS_HEADERS_RELIABILITY_AND_TRANSPORT_OVERHEAD', 'information_exchange_locality_certified': False, 'action_scope_locality_verified': True, 'global_oracles_classification_only': True}",0,587,118,cfcb18f68f40d109e2bcc5373addbc63621de0a8430c9784c97f74c2512157ea,2758ba8250e9e20bd5e50595c15d17469a3af2393e372a6032f9d7aa47840ea7,d0f69a8f06a7bb3dc0fc66234d06cab234878c4375ff793003229d5dd78ae0d2,candidate_end_to_end_including_sequential_fallback_and_repair_oracles,PASS,PASS,0.0,0.0,0.0,10.0,2.0,2.0,0.99999999,0.9458065710988516,0.0,58.0,0.0,60.0,False,True,True,0.4721527905203402,0.8501845367718488,0.0041576770599931,0.0463429479859769,0.0138319626916199,206.0,120.0,8.0,4.0,824.0,FLOAT32_COEFFICIENT_VALUE_LOWER_BOUND_ONLY_EXCLUDES_IDS_HEADERS_RELIABILITY_AND_TRANSPORT_OVERHEAD,44011,11.0,V4_3_EXACT_NOOP_CODE_PATH_REUSE,
candidate_v4_4_floor_first_protected_subband_scheduling,0,0,-0.0050133219351729,-14.080025337683844,0,0,0.0,49.10833878662292,80.82167037234447,0.2442584683352791,1.8425183092383288,0.2903313509277405,2.12584335562415,62,20,4,1.551818605978042,"{'action_class_counts': {'SPARSE_LOCAL_STREAM_POWER_REPAIR': 60, 'BASELINE_NOOP': 55}, 'maximum_mutable_sector_count': 9, 'maximum_external_interferers_per_violating_user': 2, 'maximum_eess_backoff_sectors': 2, 'strict_local_scope_gate': 'PASS', 'strict_local_scope_violation_intervals': 0, 'strict_post_mode_selected_power_gate': 'PASS', 'strict_post_mode_power_violation_intervals': 0, 'q0_envelope_deployable_actions': 0, 'maximum_strict_post_mode_selected_power_ratio': 0.99999999, 'maximum_q0_nominal_power_envelope_ratio': 0.9458065710988517, 'unresolved_deployable_intervals': 0, 'network_wide_shutdown_intervals': 0, 'maximum_normalized_floor_shortfall': 0.0, 'solver_constraint_reserve': 1e-08, 'solver_primal_feasibility_tolerance': 1e-09, 'solver_dual_feasibility_tolerance': 1e-09, 'local_table_build_seconds_sum': 0.4591694474220276, 'repair_solver_seconds_sum': 0.8417879731860012, 'local_table_build_seconds_max': 0.004126657964661717, 'repair_solver_seconds_max': 0.042798220878466964, 'repair_solver_seconds_p95_nonzero': 0.0138564330060035, 'candidate_end_to_end_seconds': 1.5517800371162593, 'changed_stream_coefficient_count_sum': 200, 'changed_sector_interval_count_sum': 120, 'maximum_changed_stream_coefficients_per_interval': 8, 'maximum_changed_sectors_per_interval': 4, 'incremental_float32_payload_lower_bound_bytes_sum': 800, 'payload_claim_boundary': 'FLOAT32_COEFFICIENT_VALUE_LOWER_BOUND_ONLY_EXCLUDES_IDS_HEADERS_RELIABILITY_AND_TRANSPORT_OVERHEAD', 'information_exchange_locality_certified': False, 'action_scope_locality_verified': True, 'global_oracles_classification_only': True}",1,571,115,4dcd9a9044ea1dc6d9b549ae49f3fb5b2af0942cb0ed4c16ba6277cd205f4bb2,489387bac486d7e2e838212576fe1cf9890523fa951c6cdb236e75ac3b6d9d5d,1823bd603051c3f94bca3600d94bc43e67348518be827421e1b98c9747fdb6c3,candidate_end_to_end_including_sequential_fallback_and_repair_oracles,PASS,PASS,0.0,0.0,0.0,9.0,2.0,2.0,0.99999999,0.9458065710988516,0.0,55.0,0.0,60.0,False,True,True,0.4591694474220276,0.8417879731860012,0.0041266579646617,0.0427982208784669,0.0138564330060035,200.0,120.0,8.0,4.0,800.0,FLOAT32_COEFFICIENT_VALUE_LOWER_BOUND_ONLY_EXCLUDES_IDS_HEADERS_RELIABILITY_AND_TRANSPORT_OVERHEAD,44011,11.0,V4_3_EXACT_NOOP_CODE_PATH_REUSE,
candidate_v4_4_floor_first_protected_subband_scheduling,0,0,-0.0168247317087063,-14.089444228945096,0,0,0.0,41.197946048585855,80.2243289310258,0.247460750021541,1.8606176755056285,0.2931973288197025,2.132754687916984,58,16,4,1.5423243411350995,"{'action_class_counts': {'SPARSE_LOCAL_STREAM_POWER_REPAIR': 60, 'BASELINE_NOOP': 57}, 'maximum_mutable_sector_count': 9, 'maximum_external_interferers_per_violating_user': 2, 'maximum_eess_backoff_sectors': 2, 'strict_local_scope_gate': 'PASS', 'strict_local_scope_violation_intervals': 0, 'strict_post_mode_selected_power_gate': 'PASS', 'strict_post_mode_power_violation_intervals': 0, 'q0_envelope_deployable_actions': 0, 'maximum_strict_post_mode_selected_power_ratio': 0.99999999, 'maximum_q0_nominal_power_envelope_ratio': 0.9458065710988517, 'unresolved_deployable_intervals': 0, 'network_wide_shutdown_intervals': 0, 'maximum_normalized_floor_shortfall': 0.0, 'solver_constraint_reserve': 1e-08, 'solver_primal_feasibility_tolerance': 1e-09, 'solver_dual_feasibility_tolerance': 1e-09, 'local_table_build_seconds_sum': 0.47109861485660076, 'repair_solver_seconds_sum': 0.8174383784644306, 'local_table_build_seconds_max': 0.004352559102699161, 'repair_solver_seconds_max': 0.01768773701041937, 'repair_solver_seconds_p95_nonzero': 0.013828094338532538, 'candidate_end_to_end_seconds': 1.5422928552143276, 'changed_stream_coefficient_count_sum': 200, 'changed_sector_interval_count_sum': 120, 'maximum_changed_stream_coefficients_per_interval': 8, 'maximum_changed_sectors_per_interval': 4, 'incremental_float32_payload_lower_bound_bytes_sum': 800, 'payload_claim_boundary': 'FLOAT32_COEFFICIENT_VALUE_LOWER_BOUND_ONLY_EXCLUDES_IDS_HEADERS_RELIABILITY_AND_TRANSPORT_OVERHEAD', 'information_exchange_locality_certified': False, 'action_scope_locality_verified': True, 'global_oracles_classification_only': True}",2,581,117,0c19dabf29fda7e811f18283eda27544da3c9debd0aa34d9a3e7e0762fee75d0,2c56e010b581cf211ac8e9b35c773dad0f84cf293d1ad2e13475190b0fa221f3,4bf8f892c1db5c221ae025a69da3cc6aa73ae2d37c936e19a3704de37f849844,candidate_end_to_end_including_sequential_fallback_and_repair_oracles,PASS,PASS,0.0,0.0,0.0,9.0,2.0,2.0,0.99999999,0.9458065710988516,0.0,57.0,0.0,60.0,False,True,True,0.4710986148566007,0.8174383784644306,0.0043525591026991,0.0176877370104193,0.0138280943385325,200.0,120.0,8.0,4.0,800.0,FLOAT32_COEFFICIENT_VALUE_LOWER_BOUND_ONLY_EXCLUDES_IDS_HEADERS_RELIABILITY_AND_TRANSPORT_OVERHEAD,44011,11.0,V4_3_EXACT_NOOP_CODE_PATH_REUSE,
candidate_v4_4_floor_first_protected_subband_scheduling,0,0,-0.0013059814946741,-14.079144170753416,0,0,0.0,43.10272563439084,79.34645287445976,0.2471150034021825,1.8587303481594928,0.2932051257666742,2.1396299509025227,59,19,4,1.5500015299767256,"{'action_class_counts': {'SPARSE_LOCAL_STREAM_POWER_REPAIR': 60, 'BASELINE_NOOP': 59}, 'maximum_mutable_sector_count': 9, 'maximum_external_interferers_per_violating_user': 2, 'maximum_eess_backoff_sectors': 2, 'strict_local_scope_gate': 'PASS', 'strict_local_scope_violation_intervals': 0, 'strict_post_mode_selected_power_gate': 'PASS', 'strict_post_mode_power_violation_intervals': 0, 'q0_envelope_deployable_actions': 0, 'maximum_strict_post_mode_selected_power_ratio': 0.99999999, 'maximum_q0_nominal_power_envelope_ratio': 0.9458065710988517, 'unresolved_deployable_intervals': 0, 'network_wide_shutdown_intervals': 0, 'maximum_normalized_floor_shortfall': 0.0, 'solver_constraint_reserve': 1e-08, 'solver_primal_feasibility_tolerance': 1e-09, 'solver_dual_feasibility_tolerance': 1e-09, 'local_table_build_seconds_sum': 0.4793409067206085, 'repair_solver_seconds_sum': 0.8138911083806306, 'local_table_build_seconds_max': 0.00457929796539247, 'repair_solver_seconds_max': 0.023337340215221047, 'repair_solver_seconds_p95_nonzero': 0.01363765586866066, 'candidate_end_to_end_seconds': 1.5499686431139708, 'changed_stream_coefficient_count_sum': 200, 'changed_sector_interval_count_sum': 120, 'maximum_changed_stream_coefficients_per_interval': 8, 'maximum_changed_sectors_per_interval': 4, 'incremental_float32_payload_lower_bound_bytes_sum': 800, 'payload_claim_boundary': 'FLOAT32_COEFFICIENT_VALUE_LOWER_BOUND_ONLY_EXCLUDES_IDS_HEADERS_RELIABILITY_AND_TRANSPORT_OVERHEAD', 'information_exchange_locality_certified': False, 'action_scope_locality_verified': True, 'global_oracles_classification_only': True}",3,594,119,607ca2713753a83fb23b81a0eb8725681241c1efd2331eef46e30cd207421548,45ee855b7fdd86cf66cf29479c9fbd4bc27d1daf944c0f555dafd78e091ee5b2,64f29b8f7c9189440dab083bc0943994a41992659bd4adfcac73c5f0843e30bb,candidate_end_to_end_including_sequential_fallback_and_repair_oracles,PASS,PASS,0.0,0.0,0.0,9.0,2.0,2.0,0.99999999,0.9458065710988516,0.0,59.0,0.0,60.0,False,True,True,0.4793409067206085,0.8138911083806306,0.0045792979653924,0.023337340215221,0.0136376558686606,200.0,120.0,8.0,4.0,800.0,FLOAT32_COEFFICIENT_VALUE_LOWER_BOUND_ONLY_EXCLUDES_IDS_HEADERS_RELIABILITY_AND_TRANSPORT_OVERHEAD,44011,11.0,V4_3_EXACT_NOOP_CODE_PATH_REUSE,
candidate_v4_4_floor_first_protected_subband_scheduling,0,0,-7.062884236279988e-05,-14.075030688466727,0,0,0.0,48.58777152685382,78.7580293244755,0.2591863080529163,1.8674944260181516,0.2932693586730234,2.1466088165096844,55,16,4,1.5533929008524865,"{'action_class_counts': {'SPARSE_LOCAL_STREAM_POWER_REPAIR': 60, 'BASELINE_NOOP': 61}, 'maximum_mutable_sector_count': 10, 'maximum_external_interferers_per_violating_user': 2, 'maximum_eess_backoff_sectors': 2, 'strict_local_scope_gate': 'PASS', 'strict_local_scope_violation_intervals': 0, 'strict_post_mode_selected_power_gate': 'PASS', 'strict_post_mode_power_violation_intervals': 0, 'q0_envelope_deployable_actions': 0, 'maximum_strict_post_mode_selected_power_ratio': 0.99999999, 'maximum_q0_nominal_power_envelope_ratio': 0.9458065710988517, 'unresolved_deployable_intervals': 0, 'network_wide_shutdown_intervals': 0, 'maximum_normalized_floor_shortfall': 0.0, 'solver_constraint_reserve': 1e-08, 'solver_primal_feasibility_tolerance': 1e-09, 'solver_dual_feasibility_tolerance': 1e-09, 'local_table_build_seconds_sum': 0.48692688369192183, 'repair_solver_seconds_sum': 0.8080756412819028, 'local_table_build_seconds_max': 0.004443017998710275, 'repair_solver_seconds_max': 0.019074088893830776, 'repair_solver_seconds_p95_nonzero': 0.013657638453878462, 'candidate_end_to_end_seconds': 1.5533586379606277, 'changed_stream_coefficient_count_sum': 236, 'changed_sector_interval_count_sum': 129, 'maximum_changed_stream_coefficients_per_interval': 12, 'maximum_changed_sectors_per_interval': 5, 'incremental_float32_payload_lower_bound_bytes_sum': 944, 'payload_claim_boundary': 'FLOAT32_COEFFICIENT_VALUE_LOWER_BOUND_ONLY_EXCLUDES_IDS_HEADERS_RELIABILITY_AND_TRANSPORT_OVERHEAD', 'information_exchange_locality_certified': False, 'action_scope_locality_verified': True, 'global_oracles_classification_only': True}",4,605,121,fd5a62d4f3a8a6136ea1321022c1dbab431b35e79bc9915d45431b5f430dafe5,1258d5f3c8989ebc1835b6a880582049aa8e5384a363a6d3563f55464636b1f5,77671edc8f73585d86486df68c98b2eae807554c9a9fef13f16d848e2c31c192,candidate_end_to_end_including_sequential_fallback_and_repair_oracles,PASS,PASS,0.0,0.0,0.0,10.0,2.0,2.0,0.99999999,0.9458065710988516,0.0,61.0,0.0,60.0,False,True,True,0.4869268836919218,0.8080756412819028,0.0044430179987102,0.0190740888938307,0.0136576384538784,236.0,129.0,12.0,5.0,944.0,FLOAT32_COEFFICIENT_VALUE_LOWER_BOUND_ONLY_EXCLUDES_IDS_HEADERS_RELIABILITY_AND_TRANSPORT_OVERHEAD,44011,11.0,V4_3_EXACT_NOOP_CODE_PATH_REUSE,
candidate_v4_4_floor_first_protected_subband_scheduling,0,0,-0.0007655029075268,-14.250480463453108,0,0,0.0,19.98988285954306,74.59268938893685,0.2122835221715193,1.8277015740050964,0.3220517528014796,2.107515705575824,47,25,2,2.165849904995412,"{'action_class_counts': {'SPARSE_LOCAL_STREAM_POWER_REPAIR': 46, 'BASELINE_NOOP': 66, 'SPARSE_LOCAL_FROZEN_GRID_SECTOR_REPAIR': 6}, 'maximum_mutable_sector_count': 5, 'maximum_external_interferers_per_violating_user': 2, 'maximum_eess_backoff_sectors': 2, 'strict_local_scope_gate': 'PASS', 'strict_local_scope_violation_intervals': 0, 'strict_post_mode_selected_power_gate': 'PASS', 'strict_post_mode_power_violation_intervals': 0, 'q0_envelope_deployable_actions': 0, 'maximum_strict_post_mode_selected_power_ratio': 0.9999999831584281, 'maximum_q0_nominal_power_envelope_ratio': 0.9656855123739293, 'unresolved_deployable_intervals': 0, 'network_wide_shutdown_intervals': 0, 'maximum_normalized_floor_shortfall': 0.0, 'solver_constraint_reserve': 1e-08, 'solver_primal_feasibility_tolerance': 1e-09, 'solver_dual_feasibility_tolerance': 1e-09, 'local_table_build_seconds_sum': 0.47369117895141244, 'repair_solver_seconds_sum': 1.44461828796193, 'local_table_build_seconds_max': 0.004159401170909405, 'repair_solver_seconds_max': 0.139234010130167, 'repair_solver_seconds_p95_nonzero': 0.12591582597233353, 'candidate_end_to_end_seconds': 2.165801538154483, 'changed_stream_coefficient_count_sum': 144, 'changed_sector_interval_count_sum': 68, 'maximum_changed_stream_coefficients_per_interval': 10, 'maximum_changed_sectors_per_interval': 3, 'incremental_float32_payload_lower_bound_bytes_sum': 576, 'payload_claim_boundary': 'FLOAT32_COEFFICIENT_VALUE_LOWER_BOUND_ONLY_EXCLUDES_IDS_HEADERS_RELIABILITY_AND_TRANSPORT_OVERHEAD', 'information_exchange_locality_certified': False, 'action_scope_locality_verified': True, 'global_oracles_classification_only': True}",0,587,118,0ac8cddbab380cb2cdf53805eba25f5e0e108c607e9fd386d778d19b75a53526,4073c3217fc0681dd1e50b66f61bbf0a15e33b6e0ff0e84c4bed972f5f5ded35,eb89191a8efb7057d5080603bf125dfd89f9687290c4fa79eb5b9b4538943827,candidate_end_to_end_including_sequential_fallback_and_repair_oracles,PASS,PASS,0.0,0.0,0.0,5.0,2.0,2.0,0.999999983158428,0.9656855123739292,0.0,66.0,6.0,46.0,False,True,True,0.4736911789514124,1.44461828796193,0.0041594011709094,0.139234010130167,0.1259158259723335,144.0,68.0,10.0,3.0,576.0,FLOAT32_COEFFICIENT_VALUE_LOWER_BOUND_ONLY_EXCLUDES_IDS_HEADERS_RELIABILITY_AND_TRANSPORT_OVERHEAD,44012,12.0,V4_3_EXACT_NOOP_CODE_PATH_REUSE,
candidate_v4_4_floor_first_protected_subband_scheduling,0,0,-0.0007655029075268,-14.285838656994818,0,0,0.0,33.24966714588042,75.90579135975634,0.2204574808035372,1.820033028304614,0.3220415670500584,2.098861165146867,45,24,2,2.0485277981497347,"{'action_class_counts': {'SPARSE_LOCAL_STREAM_POWER_REPAIR': 46, 'BASELINE_NOOP': 63, 'SPARSE_LOCAL_FROZEN_GRID_SECTOR_REPAIR': 6}, 'maximum_mutable_sector_count': 5, 'maximum_external_interferers_per_violating_user': 2, 'maximum_eess_backoff_sectors': 2, 'strict_local_scope_gate': 'PASS', 'strict_local_scope_violation_intervals': 0, 'strict_post_mode_selected_power_gate': 'PASS', 'strict_post_mode_power_violation_intervals': 0, 'q0_envelope_deployable_actions': 0, 'maximum_strict_post_mode_selected_power_ratio': 0.9543325181149427, 'maximum_q0_nominal_power_envelope_ratio': 0.9389961345131799, 'unresolved_deployable_intervals': 0, 'network_wide_shutdown_intervals': 0, 'maximum_normalized_floor_shortfall': 0.0, 'solver_constraint_reserve': 1e-08, 'solver_primal_feasibility_tolerance': 1e-09, 'solver_dual_feasibility_tolerance': 1e-09, 'local_table_build_seconds_sum': 0.46130493143573403, 'repair_solver_seconds_sum': 1.3489244021475315, 'local_table_build_seconds_max': 0.004445203114300966, 'repair_solver_seconds_max': 0.1380059770308435, 'repair_solver_seconds_p95_nonzero': 0.1158027238678187, 'candidate_end_to_end_seconds': 2.048487590160221, 'changed_stream_coefficient_count_sum': 142, 'changed_sector_interval_count_sum': 68, 'maximum_changed_stream_coefficients_per_interval': 10, 'maximum_changed_sectors_per_interval': 3, 'incremental_float32_payload_lower_bound_bytes_sum': 568, 'payload_claim_boundary': 'FLOAT32_COEFFICIENT_VALUE_LOWER_BOUND_ONLY_EXCLUDES_IDS_HEADERS_RELIABILITY_AND_TRANSPORT_OVERHEAD', 'information_exchange_locality_certified': False, 'action_scope_locality_verified': True, 'global_oracles_classification_only': True}",1,571,115,53044df2629c1345ba79a4b751126dff035f0b27506b3f99cd963102db8c97e2,3910ba461e5098f5152ab06f74db441007edd3776014f88ed03e3f1a5775203b,d5d55e5da03cb86ac522b86474d94bf0479c6c1609c50913836f0f0c3ea5e463,candidate_end_to_end_including_sequential_fallback_and_repair_oracles,PASS,PASS,0.0,0.0,0.0,5.0,2.0,2.0,0.9543325181149428,0.93899613451318,0.0,63.0,6.0,46.0,False,True,True,0.461304931435734,1.3489244021475315,0.0044452031143009,0.1380059770308435,0.1158027238678187,142.0,68.0,10.0,3.0,568.0,FLOAT32_COEFFICIENT_VALUE_LOWER_BOUND_ONLY_EXCLUDES_IDS_HEADERS_RELIABILITY_AND_TRANSPORT_OVERHEAD,44012,12.0,V4_3_EXACT_NOOP_CODE_PATH_REUSE,
candidate_v4_4_floor_first_protected_subband_scheduling,0,0,-0.0050207809870955,-14.261434262048894,0,0,0.0,24.48110768166144,75.12834203600535,0.2115745775263215,1.8146597366269024,0.3220479827682485,2.1048049158503184,51,33,2,1.8957436298951509,"{'action_class_counts': {'SPARSE_LOCAL_STREAM_POWER_REPAIR': 43, 'BASELINE_NOOP': 57, 'SPARSE_LOCAL_FROZEN_GRID_SECTOR_REPAIR': 17}, 'maximum_mutable_sector_count': 5, 'maximum_external_interferers_per_violating_user': 2, 'maximum_eess_backoff_sectors': 2, 'strict_local_scope_gate': 'PASS', 'strict_local_scope_violation_intervals': 0, 'strict_post_mode_selected_power_gate': 'PASS', 'strict_post_mode_power_violation_intervals': 0, 'q0_envelope_deployable_actions': 0, 'maximum_strict_post_mode_selected_power_ratio': 0.8913240111326507, 'maximum_q0_nominal_power_envelope_ratio': 0.8769956234739682, 'unresolved_deployable_intervals': 0, 'network_wide_shutdown_intervals': 0, 'maximum_normalized_floor_shortfall': 0.0, 'solver_constraint_reserve': 1e-08, 'solver_primal_feasibility_tolerance': 1e-09, 'solver_dual_feasibility_tolerance': 1e-09, 'local_table_build_seconds_sum': 0.4744215072132647, 'repair_solver_seconds_sum': 1.1797019396908581, 'local_table_build_seconds_max': 0.004386228043586016, 'repair_solver_seconds_max': 0.15597199369221926, 'repair_solver_seconds_p95_nonzero': 0.022658117022365046, 'candidate_end_to_end_seconds': 1.8957104035653174, 'changed_stream_coefficient_count_sum': 156, 'changed_sector_interval_count_sum': 70, 'maximum_changed_stream_coefficients_per_interval': 10, 'maximum_changed_sectors_per_interval': 3, 'incremental_float32_payload_lower_bound_bytes_sum': 624, 'payload_claim_boundary': 'FLOAT32_COEFFICIENT_VALUE_LOWER_BOUND_ONLY_EXCLUDES_IDS_HEADERS_RELIABILITY_AND_TRANSPORT_OVERHEAD', 'information_exchange_locality_certified': False, 'action_scope_locality_verified': True, 'global_oracles_classification_only': True}",2,581,117,cf5aefa64cd3b95c5fa25e8c4587a8c1255665d8a8807c51b3f545812ecf9853,a43131e4a47ba64dd7af501d4244d5a2c53112ae6a54f75e5b6eb04ae911cc05,70701ffd9268a9f09346009adecf8143557837cf787f13333cfe375ff26095c7,candidate_end_to_end_including_sequential_fallback_and_repair_oracles,PASS,PASS,0.0,0.0,0.0,5.0,2.0,2.0,0.8913240111326507,0.8769956234739682,0.0,57.0,17.0,43.0,False,True,True,0.4744215072132647,1.179701939690858,0.004386228043586,0.1559719936922192,0.022658117022365,156.0,70.0,10.0,3.0,624.0,FLOAT32_COEFFICIENT_VALUE_LOWER_BOUND_ONLY_EXCLUDES_IDS_HEADERS_RELIABILITY_AND_TRANSPORT_OVERHEAD,44012,12.0,V4_3_EXACT_NOOP_CODE_PATH_REUSE,
candidate_v4_4_floor_first_protected_subband_scheduling,0,0,-0.0038885541240178,-14.251757549186042,0,0,0.0,26.1408216022762,73.98558843769166,0.2121118931238146,1.834294934807092,0.3220689162025551,2.109803007476247,50,32,3,1.8983988952822983,"{'action_class_counts': {'SPARSE_LOCAL_STREAM_POWER_REPAIR': 43, 'BASELINE_NOOP': 58, 'SPARSE_LOCAL_FROZEN_GRID_SECTOR_REPAIR': 18}, 'maximum_mutable_sector_count': 5, 'maximum_external_interferers_per_violating_user': 2, 'maximum_eess_backoff_sectors': 2, 'strict_local_scope_gate': 'PASS', 'strict_local_scope_violation_intervals': 0, 'strict_post_mode_selected_power_gate': 'PASS', 'strict_post_mode_power_violation_intervals': 0, 'q0_envelope_deployable_actions': 0, 'maximum_strict_post_mode_selected_power_ratio': 0.9690030034761032, 'maximum_q0_nominal_power_envelope_ratio': 0.9534354193812121, 'unresolved_deployable_intervals': 0, 'network_wide_shutdown_intervals': 0, 'maximum_normalized_floor_shortfall': 0.0, 'solver_constraint_reserve': 1e-08, 'solver_primal_feasibility_tolerance': 1e-09, 'solver_dual_feasibility_tolerance': 1e-09, 'local_table_build_seconds_sum': 0.4830561215057969, 'repair_solver_seconds_sum': 1.1711777122691274, 'local_table_build_seconds_max': 0.004480964038521051, 'repair_solver_seconds_max': 0.12495397171005607, 'repair_solver_seconds_p95_nonzero': 0.017465278040617704, 'candidate_end_to_end_seconds': 1.8983649662695825, 'changed_stream_coefficient_count_sum': 164, 'changed_sector_interval_count_sum': 72, 'maximum_changed_stream_coefficients_per_interval': 10, 'maximum_changed_sectors_per_interval': 3, 'incremental_float32_payload_lower_bound_bytes_sum': 656, 'payload_claim_boundary': 'FLOAT32_COEFFICIENT_VALUE_LOWER_BOUND_ONLY_EXCLUDES_IDS_HEADERS_RELIABILITY_AND_TRANSPORT_OVERHEAD', 'information_exchange_locality_certified': False, 'action_scope_locality_verified': True, 'global_oracles_classification_only': True}",3,594,119,ff938c3d728cc7b0b650cba9bb81616dd919de39cf67c5f910cd345dcad0bf02,7b366f82fd13ea4ed3f53b171a8a4d07e624832649c9b56f78937cc7a55782d2,69e70bc759b45433dcc3467282b9cb94103afc2f97c2ca16043a66317894e4a4,candidate_end_to_end_including_sequential_fallback_and_repair_oracles,PASS,PASS,0.0,0.0,0.0,5.0,2.0,2.0,0.9690030034761032,0.953435419381212,0.0,58.0,18.0,43.0,False,True,True,0.4830561215057969,1.1711777122691274,0.004480964038521,0.124953971710056,0.0174652780406177,164.0,72.0,10.0,3.0,656.0,FLOAT32_COEFFICIENT_VALUE_LOWER_BOUND_ONLY_EXCLUDES_IDS_HEADERS_RELIABILITY_AND_TRANSPORT_OVERHEAD,44012,12.0,V4_3_EXACT_NOOP_CODE_PATH_REUSE,
candidate_v4_4_floor_first_protected_subband_scheduling,0,0,-0.001382973372796,-14.290017916041108,0,0,0.0,31.55595881341278,73.19244458683463,0.2120997889830123,1.833214501412605,0.322611039635293,2.114358361529063,53,32,3,1.93917318014428,"{'action_class_counts': {'SPARSE_LOCAL_STREAM_POWER_REPAIR': 43, 'BASELINE_NOOP': 58, 'SPARSE_LOCAL_FROZEN_GRID_SECTOR_REPAIR': 20}, 'maximum_mutable_sector_count': 5, 'maximum_external_interferers_per_violating_user': 2, 'maximum_eess_backoff_sectors': 2, 'strict_local_scope_gate': 'PASS', 'strict_local_scope_violation_intervals': 0, 'strict_post_mode_selected_power_gate': 'PASS', 'strict_post_mode_power_violation_intervals': 0, 'q0_envelope_deployable_actions': 0, 'maximum_strict_post_mode_selected_power_ratio': 0.9690063854158361, 'maximum_q0_nominal_power_envelope_ratio': 0.9534387469881606, 'unresolved_deployable_intervals': 0, 'network_wide_shutdown_intervals': 0, 'maximum_normalized_floor_shortfall': 0.0, 'solver_constraint_reserve': 1e-08, 'solver_primal_feasibility_tolerance': 1e-09, 'solver_dual_feasibility_tolerance': 1e-09, 'local_table_build_seconds_sum': 0.49055296648293734, 'repair_solver_seconds_sum': 1.1999004329554737, 'local_table_build_seconds_max': 0.0044245109893381596, 'repair_solver_seconds_max': 0.12880025105550885, 'repair_solver_seconds_p95_nonzero': 0.022742607723921532, 'candidate_end_to_end_seconds': 1.939138948917389, 'changed_stream_coefficient_count_sum': 180, 'changed_sector_interval_count_sum': 76, 'maximum_changed_stream_coefficients_per_interval': 10, 'maximum_changed_sectors_per_interval': 3, 'incremental_float32_payload_lower_bound_bytes_sum': 720, 'payload_claim_boundary': 'FLOAT32_COEFFICIENT_VALUE_LOWER_BOUND_ONLY_EXCLUDES_IDS_HEADERS_RELIABILITY_AND_TRANSPORT_OVERHEAD', 'information_exchange_locality_certified': False, 'action_scope_locality_verified': True, 'global_oracles_classification_only': True}",4,605,121,40bad588f4b9dcec39e9705ca4ac66a8642a5c690f80fe5c2306a4dec9d7a632,3777181949905ee186732c40409062a70a316e394bf02abfb155424fb92788e3,924c981e4da2cfc490174a2cc617a88b824ffaf1777f2d0044b443e5abc74c0b,candidate_end_to_end_including_sequential_fallback_and_repair_oracles,PASS,PASS,0.0,0.0,0.0,5.0,2.0,2.0,0.969006385415836,0.9534387469881606,0.0,58.0,20.0,43.0,False,True,True,0.4905529664829373,1.1999004329554737,0.0044245109893381,0.1288002510555088,0.0227426077239215,180.0,76.0,10.0,3.0,720.0,FLOAT32_COEFFICIENT_VALUE_LOWER_BOUND_ONLY_EXCLUDES_IDS_HEADERS_RELIABILITY_AND_TRANSPORT_OVERHEAD,44012,12.0,V4_3_EXACT_NOOP_CODE_PATH_REUSE,
candidate_v4_4_floor_first_protected_subband_scheduling,0,0,-0.0208680085916698,-14.231993726371964,0,0,0.0,22.669650734866508,70.66796733483662,0.1348894370943472,1.759007338368981,0.2248156143434317,2.0859669103752507,51,17,3,2.556744384113699,"{'action_class_counts': {'SPARSE_LOCAL_STREAM_POWER_REPAIR': 40, 'FLOOR_FIRST_PROTECTED_SUBBAND_SCHEDULING_G0': 38, 'BASELINE_NOOP': 20, 'SPARSE_LOCAL_FROZEN_GRID_SECTOR_REPAIR': 20}, 'strict_local_scope_gate': 'PASS', 'strict_local_scope_violation_intervals': 0, 'strict_post_mode_selected_power_gate': 'PASS', 'strict_post_mode_power_violation_intervals': 0, 'q0_envelope_deployable_actions': 0, 'unresolved_deployable_intervals': 0, 'diagnostic_g8_scheduling_feasible_intervals': 0, 'network_wide_shutdown_intervals': 0, 'maximum_normalized_floor_shortfall': 0.0, 'maximum_mutable_sector_count': 5, 'maximum_external_interferers_per_violating_user': 2, 'maximum_eess_backoff_sectors': 2, 'maximum_post_mode_selected_power_ratio': 1.0, 'maximum_strict_post_mode_selected_power_ratio': 1.0, 'maximum_q0_nominal_power_envelope_ratio': 1.0, 'protected_subband_scheduling_intervals': 38, 'protected_subband_scheduling_success_intervals': 38, 'protected_subband_scheduling_failure_intervals': 0, 'protected_subband_scheduling_guard_limit_counts': {'0': 38}, 'maximum_schedule_mode_count': 4, 'maximum_schedule_guard_sector_count': 0, 'schedule_slots_per_second': 2000, 'scheduled_nonbaseline_slots_per_second_sum': 26070, 'maximum_scheduled_nonbaseline_slots_per_second': 687, 'maximum_protected_subband_scheduled_fraction': 0.3435, 'maximum_schedule_nonzero_mode_count': 2, 'maximum_schedule_critical_sector_count': 1, 'maximum_schedule_mutable_sector_count': 1, 'local_table_build_seconds_sum': 0.42175754555501044, 'local_table_build_seconds_max': 0.0041441109497100115, 'repair_solver_seconds_sum': 1.8116894734557718, 'repair_solver_seconds_max': 0.12318710889667273, 'repair_solver_seconds_p95_nonzero': 0.04444179497659205, 'schedule_solver_seconds_sum': 0.092115638544783, 'schedule_solver_seconds_max': 0.004334442084655166, 'candidate_end_to_end_seconds': 2.5567131941206753, 'information_exchange_locality_certified': False, 'action_scope_locality_verified': True, 'global_oracles_classification_only': True, 'changed_stream_coefficient_count_sum': 275, 'changed_sector_interval_count_sum': 98, 'maximum_changed_stream_coefficients_per_interval': 4, 'maximum_changed_sectors_per_interval': 1, 'incremental_float32_payload_lower_bound_bytes_sum': 1480, 'payload_claim_boundary': 'LOWER_BOUND_FOR_CHANGED_FLOAT32_STREAM_COEFFICIENTS_PLUS_SCHEDULE_COUNTS_NOT_A_SERIALIZED_PROTOCOL_MEASUREMENT', 'claim_boundary': 'DEVELOPMENT_REPLAY_ON_PREVIOUSLY_OBSERVED_SEEDS_NOT_CONFIRMATORY_NOT_CALIBRATION_NOT_REGULATORY_COMPLIANCE'}",0,587,118,7f85f76fb8b1acc11d432e5c1afef2689c5b253b06dc178c114b415c812ab122,c389c65b13bfc86e63bc9b62ac410ff1e38eb030e5c85bcff699aa94cd9264f9,eb7ba1d0704c0fe7c47cbe412f2fb2df14cfadf4db42472c19b9fe33590f5f18,candidate_end_to_end_including_sequential_fallback_and_repair_oracles,PASS,PASS,0.0,0.0,0.0,5.0,2.0,2.0,1.0,1.0,0.0,20.0,20.0,40.0,False,True,True,0.4217575455550104,1.811689473455772,0.00414411094971,0.1231871088966727,0.044441794976592,275.0,98.0,4.0,1.0,1480.0,LOWER_BOUND_FOR_CHANGED_FLOAT32_STREAM_COEFFICIENTS_PLUS_SCHEDULE_COUNTS_NOT_A_SERIALIZED_PROTOCOL_MEASUREMENT,44013,,EXECUTED_V4_4_FAILED_SEED_REPLAY,True
candidate_v4_4_floor_first_protected_subband_scheduling,0,0,-0.0266193556718296,-14.232271064991677,0,0,0.0,35.50569919106353,71.82325198685984,0.1331871809589324,1.7486319417668872,0.2248130427531607,2.074165575847835,54,18,3,2.167313879821449,"{'action_class_counts': {'SPARSE_LOCAL_STREAM_POWER_REPAIR': 40, 'FLOOR_FIRST_PROTECTED_SUBBAND_SCHEDULING_G0': 35, 'BASELINE_NOOP': 20, 'SPARSE_LOCAL_FROZEN_GRID_SECTOR_REPAIR': 20}, 'strict_local_scope_gate': 'PASS', 'strict_local_scope_violation_intervals': 0, 'strict_post_mode_selected_power_gate': 'PASS', 'strict_post_mode_power_violation_intervals': 0, 'q0_envelope_deployable_actions': 0, 'unresolved_deployable_intervals': 0, 'diagnostic_g8_scheduling_feasible_intervals': 0, 'network_wide_shutdown_intervals': 0, 'maximum_normalized_floor_shortfall': 0.0, 'maximum_mutable_sector_count': 5, 'maximum_external_interferers_per_violating_user': 2, 'maximum_eess_backoff_sectors': 2, 'maximum_post_mode_selected_power_ratio': 1.0, 'maximum_strict_post_mode_selected_power_ratio': 1.0, 'maximum_q0_nominal_power_envelope_ratio': 1.0, 'protected_subband_scheduling_intervals': 35, 'protected_subband_scheduling_success_intervals': 35, 'protected_subband_scheduling_failure_intervals': 0, 'protected_subband_scheduling_guard_limit_counts': {'0': 35}, 'maximum_schedule_mode_count': 4, 'maximum_schedule_guard_sector_count': 0, 'schedule_slots_per_second': 2000, 'scheduled_nonbaseline_slots_per_second_sum': 24012, 'maximum_scheduled_nonbaseline_slots_per_second': 687, 'maximum_protected_subband_scheduled_fraction': 0.3435, 'maximum_schedule_nonzero_mode_count': 2, 'maximum_schedule_critical_sector_count': 1, 'maximum_schedule_mutable_sector_count': 1, 'local_table_build_seconds_sum': 0.41041041095741093, 'local_table_build_seconds_max': 0.0038054168689996004, 'repair_solver_seconds_sum': 1.4563496648333967, 'repair_solver_seconds_max': 0.046015985077247024, 'repair_solver_seconds_p95_nonzero': 0.03605697602033615, 'schedule_solver_seconds_sum': 0.08340714499354362, 'schedule_solver_seconds_max': 0.0025612758472561836, 'candidate_end_to_end_seconds': 2.16728054988198, 'information_exchange_locality_certified': False, 'action_scope_locality_verified': True, 'global_oracles_classification_only': True, 'changed_stream_coefficient_count_sum': 266, 'changed_sector_interval_count_sum': 95, 'maximum_changed_stream_coefficients_per_interval': 4, 'maximum_changed_sectors_per_interval': 1, 'incremental_float32_payload_lower_bound_bytes_sum': 1414, 'payload_claim_boundary': 'LOWER_BOUND_FOR_CHANGED_FLOAT32_STREAM_COEFFICIENTS_PLUS_SCHEDULE_COUNTS_NOT_A_SERIALIZED_PROTOCOL_MEASUREMENT', 'claim_boundary': 'DEVELOPMENT_REPLAY_ON_PREVIOUSLY_OBSERVED_SEEDS_NOT_CONFIRMATORY_NOT_CALIBRATION_NOT_REGULATORY_COMPLIANCE'}",1,571,115,3a9861718041ec1bd5884279be5a735fcc97806c1b2c5616fede8431ac858704,6f75a71b1d2d559880dcf504db6175c89928e28db5d7a1df982d3246f872377f,ff646df6d9bc741706fca7d0a5c3cd9f740d2fde5e069d53a25fdae41009f30d,candidate_end_to_end_including_sequential_fallback_and_repair_oracles,PASS,PASS,0.0,0.0,0.0,5.0,2.0,2.0,1.0,1.0,0.0,20.0,20.0,40.0,False,True,True,0.4104104109574109,1.456349664833397,0.0038054168689996,0.046015985077247,0.0360569760203361,266.0,95.0,4.0,1.0,1414.0,LOWER_BOUND_FOR_CHANGED_FLOAT32_STREAM_COEFFICIENTS_PLUS_SCHEDULE_COUNTS_NOT_A_SERIALIZED_PROTOCOL_MEASUREMENT,44013,,EXECUTED_V4_4_FAILED_SEED_REPLAY,True
candidate_v4_4_floor_first_protected_subband_scheduling,0,0,-0.0140916961778549,-14.22612539688462,0,0,0.0,27.034792096723187,71.15908979628156,0.1347178992876287,1.7617576479952672,0.2248089622859805,2.0825270967469454,47,16,3,2.134557775920257,"{'action_class_counts': {'SPARSE_LOCAL_STREAM_POWER_REPAIR': 40, 'FLOOR_FIRST_PROTECTED_SUBBAND_SCHEDULING_G0': 37, 'BASELINE_NOOP': 20, 'SPARSE_LOCAL_FROZEN_GRID_SECTOR_REPAIR': 20}, 'strict_local_scope_gate': 'PASS', 'strict_local_scope_violation_intervals': 0, 'strict_post_mode_selected_power_gate': 'PASS', 'strict_post_mode_power_violation_intervals': 0, 'q0_envelope_deployable_actions': 0, 'unresolved_deployable_intervals': 0, 'diagnostic_g8_scheduling_feasible_intervals': 0, 'network_wide_shutdown_intervals': 0, 'maximum_normalized_floor_shortfall': 0.0, 'maximum_mutable_sector_count': 5, 'maximum_external_interferers_per_violating_user': 2, 'maximum_eess_backoff_sectors': 2, 'maximum_post_mode_selected_power_ratio': 1.0, 'maximum_strict_post_mode_selected_power_ratio': 1.0, 'maximum_q0_nominal_power_envelope_ratio': 1.0, 'protected_subband_scheduling_intervals': 37, 'protected_subband_scheduling_success_intervals': 37, 'protected_subband_scheduling_failure_intervals': 0, 'protected_subband_scheduling_guard_limit_counts': {'0': 37}, 'maximum_schedule_mode_count': 4, 'maximum_schedule_guard_sector_count': 0, 'schedule_slots_per_second': 2000, 'scheduled_nonbaseline_slots_per_second_sum': 25477, 'maximum_scheduled_nonbaseline_slots_per_second': 731, 'maximum_protected_subband_scheduled_fraction': 0.3655, 'maximum_schedule_nonzero_mode_count': 3, 'maximum_schedule_critical_sector_count': 1, 'maximum_schedule_mutable_sector_count': 1, 'local_table_build_seconds_sum': 0.4174808564130217, 'local_table_build_seconds_max': 0.004059090046212077, 'repair_solver_seconds_sum': 1.4137715669348836, 'repair_solver_seconds_max': 0.04734413791447878, 'repair_solver_seconds_p95_nonzero': 0.036100476561114155, 'schedule_solver_seconds_sum': 0.08644239627756178, 'schedule_solver_seconds_max': 0.0024392539635300636, 'candidate_end_to_end_seconds': 2.1345287458971143, 'information_exchange_locality_certified': False, 'action_scope_locality_verified': True, 'global_oracles_classification_only': True, 'changed_stream_coefficient_count_sum': 279, 'changed_sector_interval_count_sum': 97, 'maximum_changed_stream_coefficients_per_interval': 4, 'maximum_changed_sectors_per_interval': 1, 'incremental_float32_payload_lower_bound_bytes_sum': 1494, 'payload_claim_boundary': 'LOWER_BOUND_FOR_CHANGED_FLOAT32_STREAM_COEFFICIENTS_PLUS_SCHEDULE_COUNTS_NOT_A_SERIALIZED_PROTOCOL_MEASUREMENT', 'claim_boundary': 'DEVELOPMENT_REPLAY_ON_PREVIOUSLY_OBSERVED_SEEDS_NOT_CONFIRMATORY_NOT_CALIBRATION_NOT_REGULATORY_COMPLIANCE'}",2,581,117,84271d8f57388191c07dd2eb07fd91b295bce6f92a3fc8216f0c1fb0752ea33a,d9c0560ef052f4c3f63a86fc54fa13f3bbb40a2d8adec785c9f0620437aec72e,a64865a0e1e22dcd59ce3264cbb5fdd1b447bb03a395727e15c9ef1462c44de8,candidate_end_to_end_including_sequential_fallback_and_repair_oracles,PASS,PASS,0.0,0.0,0.0,5.0,2.0,2.0,1.0,1.0,0.0,20.0,20.0,40.0,False,True,True,0.4174808564130217,1.4137715669348836,0.004059090046212,0.0473441379144787,0.0361004765611141,279.0,97.0,4.0,1.0,1494.0,LOWER_BOUND_FOR_CHANGED_FLOAT32_STREAM_COEFFICIENTS_PLUS_SCHEDULE_COUNTS_NOT_A_SERIALIZED_PROTOCOL_MEASUREMENT,44013,,EXECUTED_V4_4_FAILED_SEED_REPLAY,True
candidate_v4_4_floor_first_protected_subband_scheduling,0,0,-0.0310775153732386,-14.236721768958338,0,0,0.0,30.521157788197808,70.18093637146681,0.134801840130244,1.7676189109644032,0.2248839287302108,2.0886925796479647,48,17,3,2.2905962190125138,"{'action_class_counts': {'SPARSE_LOCAL_STREAM_POWER_REPAIR': 40, 'FLOOR_FIRST_PROTECTED_SUBBAND_SCHEDULING_G0': 38, 'BASELINE_NOOP': 20, 'SPARSE_LOCAL_FROZEN_GRID_SECTOR_REPAIR': 21}, 'strict_local_scope_gate': 'PASS', 'strict_local_scope_violation_intervals': 0, 'strict_post_mode_selected_power_gate': 'PASS', 'strict_post_mode_power_violation_intervals': 0, 'q0_envelope_deployable_actions': 0, 'unresolved_deployable_intervals': 0, 'diagnostic_g8_scheduling_feasible_intervals': 0, 'network_wide_shutdown_intervals': 0, 'maximum_normalized_floor_shortfall': 0.0, 'maximum_mutable_sector_count': 5, 'maximum_external_interferers_per_violating_user': 2, 'maximum_eess_backoff_sectors': 2, 'maximum_post_mode_selected_power_ratio': 1.0, 'maximum_strict_post_mode_selected_power_ratio': 1.0, 'maximum_q0_nominal_power_envelope_ratio': 1.0, 'protected_subband_scheduling_intervals': 38, 'protected_subband_scheduling_success_intervals': 38, 'protected_subband_scheduling_failure_intervals': 0, 'protected_subband_scheduling_guard_limit_counts': {'0': 38}, 'maximum_schedule_mode_count': 4, 'maximum_schedule_guard_sector_count': 0, 'schedule_slots_per_second': 2000, 'scheduled_nonbaseline_slots_per_second_sum': 26144, 'maximum_scheduled_nonbaseline_slots_per_second': 729, 'maximum_protected_subband_scheduled_fraction': 0.3645, 'maximum_schedule_nonzero_mode_count': 3, 'maximum_schedule_critical_sector_count': 1, 'maximum_schedule_mutable_sector_count': 1, 'local_table_build_seconds_sum': 0.42452710680663586, 'local_table_build_seconds_max': 0.0039100078865885735, 'repair_solver_seconds_sum': 1.4595297067426145, 'repair_solver_seconds_max': 0.06618225411511958, 'repair_solver_seconds_p95_nonzero': 0.03325274749659002, 'schedule_solver_seconds_sum': 0.17024529492482543, 'schedule_solver_seconds_max': 0.0823761650826782, 'candidate_end_to_end_seconds': 2.290566317969933, 'information_exchange_locality_certified': False, 'action_scope_locality_verified': True, 'global_oracles_classification_only': True, 'changed_stream_coefficient_count_sum': 288, 'changed_sector_interval_count_sum': 99, 'maximum_changed_stream_coefficients_per_interval': 4, 'maximum_changed_sectors_per_interval': 1, 'incremental_float32_payload_lower_bound_bytes_sum': 1540, 'payload_claim_boundary': 'LOWER_BOUND_FOR_CHANGED_FLOAT32_STREAM_COEFFICIENTS_PLUS_SCHEDULE_COUNTS_NOT_A_SERIALIZED_PROTOCOL_MEASUREMENT', 'claim_boundary': 'DEVELOPMENT_REPLAY_ON_PREVIOUSLY_OBSERVED_SEEDS_NOT_CONFIRMATORY_NOT_CALIBRATION_NOT_REGULATORY_COMPLIANCE'}",3,594,119,936502e235197941bc045e2e32f7dc196552de3a47bf14a597bed1d264b71123,407674c5e4f40f2c148dd002a5e7c05da1996ab1ca30f273327e90776d5c5ef0,c4f9e2f59141daebfcc91333b659b9c8ab45c91f53fa132bfea0f2b2dd9f0818,candidate_end_to_end_including_sequential_fallback_and_repair_oracles,PASS,PASS,0.0,0.0,0.0,5.0,2.0,2.0,1.0,1.0,0.0,20.0,21.0,40.0,False,True,True,0.4245271068066358,1.4595297067426145,0.0039100078865885,0.0661822541151195,0.03325274749659,288.0,99.0,4.0,1.0,1540.0,LOWER_BOUND_FOR_CHANGED_FLOAT32_STREAM_COEFFICIENTS_PLUS_SCHEDULE_COUNTS_NOT_A_SERIALIZED_PROTOCOL_MEASUREMENT,44013,,EXECUTED_V4_4_FAILED_SEED_REPLAY,True
candidate_v4_4_floor_first_protected_subband_scheduling,0,0,-0.0416573192406184,-14.235416022063454,0,0,0.0,37.54521070677558,69.55901687087834,0.1349699996313344,1.7702789481570596,0.2250570106095016,2.0931216061174656,57,23,3,2.326102669816464,"{'action_class_counts': {'SPARSE_LOCAL_STREAM_POWER_REPAIR': 40, 'FLOOR_FIRST_PROTECTED_SUBBAND_SCHEDULING_G0': 38, 'BASELINE_NOOP': 20, 'SPARSE_LOCAL_FROZEN_GRID_SECTOR_REPAIR': 23}, 'strict_local_scope_gate': 'PASS', 'strict_local_scope_violation_intervals': 0, 'strict_post_mode_selected_power_gate': 'PASS', 'strict_post_mode_power_violation_intervals': 0, 'q0_envelope_deployable_actions': 0, 'unresolved_deployable_intervals': 0, 'diagnostic_g8_scheduling_feasible_intervals': 0, 'network_wide_shutdown_intervals': 0, 'maximum_normalized_floor_shortfall': 0.0, 'maximum_mutable_sector_count': 5, 'maximum_external_interferers_per_violating_user': 2, 'maximum_eess_backoff_sectors': 2, 'maximum_post_mode_selected_power_ratio': 1.0, 'maximum_strict_post_mode_selected_power_ratio': 1.0, 'maximum_q0_nominal_power_envelope_ratio': 1.0, 'protected_subband_scheduling_intervals': 38, 'protected_subband_scheduling_success_intervals': 38, 'protected_subband_scheduling_failure_intervals': 0, 'protected_subband_scheduling_guard_limit_counts': {'0': 38}, 'maximum_schedule_mode_count': 4, 'maximum_schedule_guard_sector_count': 0, 'schedule_slots_per_second': 2000, 'scheduled_nonbaseline_slots_per_second_sum': 26059, 'maximum_scheduled_nonbaseline_slots_per_second': 687, 'maximum_protected_subband_scheduled_fraction': 0.3435, 'maximum_schedule_nonzero_mode_count': 2, 'maximum_schedule_critical_sector_count': 1, 'maximum_schedule_mutable_sector_count': 1, 'local_table_build_seconds_sum': 0.4330164787825197, 'local_table_build_seconds_max': 0.004307501949369907, 'repair_solver_seconds_sum': 1.5693883148487657, 'repair_solver_seconds_max': 0.05863477010279894, 'repair_solver_seconds_p95_nonzero': 0.034494172083213925, 'schedule_solver_seconds_sum': 0.09571171505376697, 'schedule_solver_seconds_max': 0.006602014880627394, 'candidate_end_to_end_seconds': 2.3260741888079792, 'information_exchange_locality_certified': False, 'action_scope_locality_verified': True, 'global_oracles_classification_only': True, 'changed_stream_coefficient_count_sum': 292, 'changed_sector_interval_count_sum': 101, 'maximum_changed_stream_coefficients_per_interval': 4, 'maximum_changed_sectors_per_interval': 1, 'incremental_float32_payload_lower_bound_bytes_sum': 1548, 'payload_claim_boundary': 'LOWER_BOUND_FOR_CHANGED_FLOAT32_STREAM_COEFFICIENTS_PLUS_SCHEDULE_COUNTS_NOT_A_SERIALIZED_PROTOCOL_MEASUREMENT', 'claim_boundary': 'DEVELOPMENT_REPLAY_ON_PREVIOUSLY_OBSERVED_SEEDS_NOT_CONFIRMATORY_NOT_CALIBRATION_NOT_REGULATORY_COMPLIANCE'}",4,605,121,00fd6ebefaa5d791b59f6cb1419efa6637220c74b64588b11ae88cf3398ad359,a4bb7b13f2d9bc7e201a5ff37196342fcb2768795c26dfa3f488c1dfadf770c6,c035dfb8cf4a2b1709be46098f76e38000aabf0ac512ce055a7111d164a91be2,candidate_end_to_end_including_sequential_fallback_and_repair_oracles,PASS,PASS,0.0,0.0,0.0,5.0,2.0,2.0,1.0,1.0,0.0,20.0,23.0,40.0,False,True,True,0.4330164787825197,1.5693883148487655,0.0043075019493699,0.0586347701027989,0.0344941720832139,292.0,101.0,4.0,1.0,1548.0,LOWER_BOUND_FOR_CHANGED_FLOAT32_STREAM_COEFFICIENTS_PLUS_SCHEDULE_COUNTS_NOT_A_SERIALIZED_PROTOCOL_MEASUREMENT,44013,,EXECUTED_V4_4_FAILED_SEED_REPLAY,True
candidate_v4_4_floor_first_protected_subband_scheduling,0,0,-0.0015153235714391,-14.335595818986262,0,0,0.0,42.6130430798909,84.55038588446182,0.1992446602718041,2.0599914049867283,0.2822728601392793,2.238191752074981,95,19,5,1.95592032908462,"{'action_class_counts': {'SPARSE_LOCAL_STREAM_POWER_REPAIR': 40, 'SPARSE_LOCAL_FROZEN_GRID_SECTOR_REPAIR': 38, 'BASELINE_NOOP': 40}, 'maximum_mutable_sector_count': 8, 'maximum_external_interferers_per_violating_user': 2, 'maximum_eess_backoff_sectors': 2, 'strict_local_scope_gate': 'PASS', 'strict_local_scope_violation_intervals': 0, 'strict_post_mode_selected_power_gate': 'PASS', 'strict_post_mode_power_violation_intervals': 0, 'q0_envelope_deployable_actions': 0, 'maximum_strict_post_mode_selected_power_ratio': 0.9999999900000001, 'maximum_q0_nominal_power_envelope_ratio': 0.9184061230444963, 'unresolved_deployable_intervals': 0, 'network_wide_shutdown_intervals': 0, 'maximum_normalized_floor_shortfall': 0.0, 'solver_constraint_reserve': 1e-08, 'solver_primal_feasibility_tolerance': 1e-09, 'solver_dual_feasibility_tolerance': 1e-09, 'local_table_build_seconds_sum': 0.4698480893857777, 'repair_solver_seconds_sum': 1.2221896664705127, 'local_table_build_seconds_max': 0.004135064082220197, 'repair_solver_seconds_max': 0.05914421798661351, 'repair_solver_seconds_p95_nonzero': 0.023343254812061738, 'candidate_end_to_end_seconds': 1.955883122049272, 'changed_stream_coefficient_count_sum': 408, 'changed_sector_interval_count_sum': 158, 'maximum_changed_stream_coefficients_per_interval': 7, 'maximum_changed_sectors_per_interval': 3, 'incremental_float32_payload_lower_bound_bytes_sum': 1632, 'payload_claim_boundary': 'FLOAT32_COEFFICIENT_VALUE_LOWER_BOUND_ONLY_EXCLUDES_IDS_HEADERS_RELIABILITY_AND_TRANSPORT_OVERHEAD', 'information_exchange_locality_certified': False, 'action_scope_locality_verified': True, 'global_oracles_classification_only': True}",0,587,118,ab1296be92a40b71fd46f1027f18a1afb8be0e5a791c0d3a8d3f1c3470cf1391,79fc20587d02e0974602507b98469e0f91f09d8f76b130da105a559a252915ed,f51ab4467a8650b210facd818ec6151e6301f37026c53f00e9f60543cfd9e732,candidate_end_to_end_including_sequential_fallback_and_repair_oracles,PASS,PASS,0.0,0.0,0.0,8.0,2.0,2.0,0.99999999,0.9184061230444964,0.0,40.0,38.0,40.0,False,True,True,0.4698480893857777,1.2221896664705127,0.0041350640822201,0.0591442179866135,0.0233432548120617,408.0,158.0,7.0,3.0,1632.0,FLOAT32_COEFFICIENT_VALUE_LOWER_BOUND_ONLY_EXCLUDES_IDS_HEADERS_RELIABILITY_AND_TRANSPORT_OVERHEAD,44014,14.0,V4_3_EXACT_NOOP_CODE_PATH_REUSE,
candidate_v4_4_floor_first_protected_subband_scheduling,0,0,-0.0026816208201681,-14.33136374776112,0,0,0.0,54.33090270167052,85.54762154551256,0.2142658504020668,2.053181833051529,0.2821304281800702,2.2251836744497244,91,19,5,1.855734759941697,"{'action_class_counts': {'SPARSE_LOCAL_STREAM_POWER_REPAIR': 40, 'SPARSE_LOCAL_FROZEN_GRID_SECTOR_REPAIR': 35, 'BASELINE_NOOP': 40}, 'maximum_mutable_sector_count': 8, 'maximum_external_interferers_per_violating_user': 2, 'maximum_eess_backoff_sectors': 2, 'strict_local_scope_gate': 'PASS', 'strict_local_scope_violation_intervals': 0, 'strict_post_mode_selected_power_gate': 'PASS', 'strict_post_mode_power_violation_intervals': 0, 'q0_envelope_deployable_actions': 0, 'maximum_strict_post_mode_selected_power_ratio': 0.9999999900000001, 'maximum_q0_nominal_power_envelope_ratio': 0.9184061242970405, 'unresolved_deployable_intervals': 0, 'network_wide_shutdown_intervals': 0, 'maximum_normalized_floor_shortfall': 0.0, 'solver_constraint_reserve': 1e-08, 'solver_primal_feasibility_tolerance': 1e-09, 'solver_dual_feasibility_tolerance': 1e-09, 'local_table_build_seconds_sum': 0.4617120607290417, 'repair_solver_seconds_sum': 1.1376297711394727, 'local_table_build_seconds_max': 0.0042433219496160746, 'repair_solver_seconds_max': 0.05180599703453481, 'repair_solver_seconds_p95_nonzero': 0.019003735296428202, 'candidate_end_to_end_seconds': 1.8556995699182153, 'changed_stream_coefficient_count_sum': 390, 'changed_sector_interval_count_sum': 155, 'maximum_changed_stream_coefficients_per_interval': 7, 'maximum_changed_sectors_per_interval': 3, 'incremental_float32_payload_lower_bound_bytes_sum': 1560, 'payload_claim_boundary': 'FLOAT32_COEFFICIENT_VALUE_LOWER_BOUND_ONLY_EXCLUDES_IDS_HEADERS_RELIABILITY_AND_TRANSPORT_OVERHEAD', 'information_exchange_locality_certified': False, 'action_scope_locality_verified': True, 'global_oracles_classification_only': True}",1,571,115,ce9c15b2c24ff81d6b23ba9f10c96e9eb79b9b4718a200ac3349df6d74778b6f,a5a9c7336b99217f21c40499baaf73ce14e6b1ec7fc7d7f5945e1a9fce5e86a4,dc82ce634efcf2bbaa72639cdd23daabe2a1074ecc1f0f4ab28fcad689344b6a,candidate_end_to_end_including_sequential_fallback_and_repair_oracles,PASS,PASS,0.0,0.0,0.0,8.0,2.0,2.0,0.99999999,0.9184061242970404,0.0,40.0,35.0,40.0,False,True,True,0.4617120607290417,1.1376297711394727,0.004243321949616,0.0518059970345348,0.0190037352964282,390.0,155.0,7.0,3.0,1560.0,FLOAT32_COEFFICIENT_VALUE_LOWER_BOUND_ONLY_EXCLUDES_IDS_HEADERS_RELIABILITY_AND_TRANSPORT_OVERHEAD,44014,14.0,V4_3_EXACT_NOOP_CODE_PATH_REUSE,
candidate_v4_4_floor_first_protected_subband_scheduling,0,0,-0.0019459711563762,-14.372204142365137,0,0,0.0,46.450753549795046,84.95176724188667,0.1975045026488257,2.055735412734928,0.2821251054413125,2.233644731359969,90,18,5,1.871025733882561,"{'action_class_counts': {'SPARSE_LOCAL_STREAM_POWER_REPAIR': 40, 'SPARSE_LOCAL_FROZEN_GRID_SECTOR_REPAIR': 36, 'BASELINE_NOOP': 41}, 'maximum_mutable_sector_count': 8, 'maximum_external_interferers_per_violating_user': 2, 'maximum_eess_backoff_sectors': 2, 'strict_local_scope_gate': 'PASS', 'strict_local_scope_violation_intervals': 0, 'strict_post_mode_selected_power_gate': 'PASS', 'strict_post_mode_power_violation_intervals': 0, 'q0_envelope_deployable_actions': 0, 'maximum_strict_post_mode_selected_power_ratio': 0.9999999900000001, 'maximum_q0_nominal_power_envelope_ratio': 0.8358712308845866, 'unresolved_deployable_intervals': 0, 'network_wide_shutdown_intervals': 0, 'maximum_normalized_floor_shortfall': 0.0, 'solver_constraint_reserve': 1e-08, 'solver_primal_feasibility_tolerance': 1e-09, 'solver_dual_feasibility_tolerance': 1e-09, 'local_table_build_seconds_sum': 0.4697297753300518, 'repair_solver_seconds_sum': 1.1456571461167186, 'local_table_build_seconds_max': 0.0043017619755119085, 'repair_solver_seconds_max': 0.04962324211373925, 'repair_solver_seconds_p95_nonzero': 0.015982412151061, 'candidate_end_to_end_seconds': 1.8709908151067793, 'changed_stream_coefficient_count_sum': 384, 'changed_sector_interval_count_sum': 156, 'maximum_changed_stream_coefficients_per_interval': 6, 'maximum_changed_sectors_per_interval': 3, 'incremental_float32_payload_lower_bound_bytes_sum': 1536, 'payload_claim_boundary': 'FLOAT32_COEFFICIENT_VALUE_LOWER_BOUND_ONLY_EXCLUDES_IDS_HEADERS_RELIABILITY_AND_TRANSPORT_OVERHEAD', 'information_exchange_locality_certified': False, 'action_scope_locality_verified': True, 'global_oracles_classification_only': True}",2,581,117,7c09bea4220286ad98c22f961593ec38146490b85542b1543b9b87967aaf9e8b,77db4c2bc4be62b382b4bc435de0658ab7e8e356d9f22385670ee9b0d58f345d,f34a2e51bcc0d979fbe1a43f4f5d410aad3cd346abaf0bb3af441c9e3314baa0,candidate_end_to_end_including_sequential_fallback_and_repair_oracles,PASS,PASS,0.0,0.0,0.0,8.0,2.0,2.0,0.99999999,0.8358712308845866,0.0,41.0,36.0,40.0,False,True,True,0.4697297753300518,1.1456571461167186,0.0043017619755119,0.0496232421137392,0.015982412151061,384.0,156.0,6.0,3.0,1536.0,FLOAT32_COEFFICIENT_VALUE_LOWER_BOUND_ONLY_EXCLUDES_IDS_HEADERS_RELIABILITY_AND_TRANSPORT_OVERHEAD,44014,14.0,V4_3_EXACT_NOOP_CODE_PATH_REUSE,
candidate_v4_4_floor_first_protected_subband_scheduling,0,0,-0.0003677177473604,-14.387133766586144,0,0,0.0,49.448515209611614,84.08679235243055,0.1990574942966729,2.0585465281267985,0.2821279712614922,2.2403543066505804,80,16,5,1.9420416310895237,"{'action_class_counts': {'SPARSE_LOCAL_STREAM_POWER_REPAIR': 40, 'SPARSE_LOCAL_FROZEN_GRID_SECTOR_REPAIR': 38, 'BASELINE_NOOP': 41}, 'maximum_mutable_sector_count': 8, 'maximum_external_interferers_per_violating_user': 2, 'maximum_eess_backoff_sectors': 2, 'strict_local_scope_gate': 'PASS', 'strict_local_scope_violation_intervals': 0, 'strict_post_mode_selected_power_gate': 'PASS', 'strict_post_mode_power_violation_intervals': 0, 'q0_envelope_deployable_actions': 0, 'maximum_strict_post_mode_selected_power_ratio': 0.9999999900000001, 'maximum_q0_nominal_power_envelope_ratio': 0.8358712308845866, 'unresolved_deployable_intervals': 0, 'network_wide_shutdown_intervals': 0, 'maximum_normalized_floor_shortfall': 0.0, 'solver_constraint_reserve': 1e-08, 'solver_primal_feasibility_tolerance': 1e-09, 'solver_dual_feasibility_tolerance': 1e-09, 'local_table_build_seconds_sum': 0.4800732326693833, 'repair_solver_seconds_sum': 1.2022062581963837, 'local_table_build_seconds_max': 0.004307486116886139, 'repair_solver_seconds_max': 0.04800019017420709, 'repair_solver_seconds_p95_nonzero': 0.01846903470577653, 'candidate_end_to_end_seconds': 1.942007279023528, 'changed_stream_coefficient_count_sum': 392, 'changed_sector_interval_count_sum': 158, 'maximum_changed_stream_coefficients_per_interval': 6, 'maximum_changed_sectors_per_interval': 3, 'incremental_float32_payload_lower_bound_bytes_sum': 1568, 'payload_claim_boundary': 'FLOAT32_COEFFICIENT_VALUE_LOWER_BOUND_ONLY_EXCLUDES_IDS_HEADERS_RELIABILITY_AND_TRANSPORT_OVERHEAD', 'information_exchange_locality_certified': False, 'action_scope_locality_verified': True, 'global_oracles_classification_only': True}",3,594,119,23a8a23f2c963abf9113f79a444b6ab36c83b55c46d02cf39c7fdd779cc944b8,a4725f4dcffa3e974fa4162fad799ed4380229bc36546e06eca3430f8f6f1b4e,b9e3272b107352a8b4f9a007619b6a052e98b8603c51b7cd708457c270af3496,candidate_end_to_end_including_sequential_fallback_and_repair_oracles,PASS,PASS,0.0,0.0,0.0,8.0,2.0,2.0,0.99999999,0.8358712308845866,0.0,41.0,38.0,40.0,False,True,True,0.4800732326693833,1.2022062581963835,0.0043074861168861,0.048000190174207,0.0184690347057765,392.0,158.0,6.0,3.0,1568.0,FLOAT32_COEFFICIENT_VALUE_LOWER_BOUND_ONLY_EXCLUDES_IDS_HEADERS_RELIABILITY_AND_TRANSPORT_OVERHEAD,44014,14.0,V4_3_EXACT_NOOP_CODE_PATH_REUSE,
candidate_v4_4_floor_first_protected_subband_scheduling,0,0,-0.000392759874725,-14.387133766586144,0,0,0.0,56.29136256803218,83.55557931872222,0.1991797617319864,2.0620829370496634,0.2821362962937365,2.24526007191942,85,17,5,1.8907418812159449,"{'action_class_counts': {'SPARSE_LOCAL_STREAM_POWER_REPAIR': 40, 'SPARSE_LOCAL_FROZEN_GRID_SECTOR_REPAIR': 38, 'BASELINE_NOOP': 43}, 'maximum_mutable_sector_count': 8, 'maximum_external_interferers_per_violating_user': 2, 'maximum_eess_backoff_sectors': 2, 'strict_local_scope_gate': 'PASS', 'strict_local_scope_violation_intervals': 0, 'strict_post_mode_selected_power_gate': 'PASS', 'strict_post_mode_power_violation_intervals': 0, 'q0_envelope_deployable_actions': 0, 'maximum_strict_post_mode_selected_power_ratio': 0.9999999900000001, 'maximum_q0_nominal_power_envelope_ratio': 0.8358712308845866, 'unresolved_deployable_intervals': 0, 'network_wide_shutdown_intervals': 0, 'maximum_normalized_floor_shortfall': 0.0, 'solver_constraint_reserve': 1e-08, 'solver_primal_feasibility_tolerance': 1e-09, 'solver_dual_feasibility_tolerance': 1e-09, 'local_table_build_seconds_sum': 0.4861572196241468, 'repair_solver_seconds_sum': 1.1398900204803795, 'local_table_build_seconds_max': 0.004153474001213908, 'repair_solver_seconds_max': 0.04256357788108289, 'repair_solver_seconds_p95_nonzero': 0.014669359300751238, 'candidate_end_to_end_seconds': 1.890709332190454, 'changed_stream_coefficient_count_sum': 392, 'changed_sector_interval_count_sum': 158, 'maximum_changed_stream_coefficients_per_interval': 6, 'maximum_changed_sectors_per_interval': 3, 'incremental_float32_payload_lower_bound_bytes_sum': 1568, 'payload_claim_boundary': 'FLOAT32_COEFFICIENT_VALUE_LOWER_BOUND_ONLY_EXCLUDES_IDS_HEADERS_RELIABILITY_AND_TRANSPORT_OVERHEAD', 'information_exchange_locality_certified': False, 'action_scope_locality_verified': True, 'global_oracles_classification_only': True}",4,605,121,845660a2933e4bfbfccff67fe3b67e816d5791935afc5453408bbebc3ee0eb93,6ca2343fe0c3aa6b893a74c17e512a5f751bb7ed802bad9068b2d690083272b1,6fa41cf3ce995e53205a345b64251d020cae8b2d4b1851d91425a2b4bebd7303,candidate_end_to_end_including_sequential_fallback_and_repair_oracles,PASS,PASS,0.0,0.0,0.0,8.0,2.0,2.0,0.99999999,0.8358712308845866,0.0,43.0,38.0,40.0,False,True,True,0.4861572196241468,1.1398900204803797,0.0041534740012139,0.0425635778810828,0.0146693593007512,392.0,158.0,6.0,3.0,1568.0,FLOAT32_COEFFICIENT_VALUE_LOWER_BOUND_ONLY_EXCLUDES_IDS_HEADERS_RELIABILITY_AND_TRANSPORT_OVERHEAD,44014,14.0,V4_3_EXACT_NOOP_CODE_PATH_REUSE,
candidate_v4_4_floor_first_protected_subband_scheduling,0,0,-0.0036140066370656,-14.29789619235084,0,0,0.0,54.550462836760495,93.46788193020772,0.2046992437166526,2.133086372456182,0.2501203654024235,2.2858854572096137,112,14,8,2.1422611529997084,"{'action_class_counts': {'SPARSE_LOCAL_STREAM_POWER_REPAIR': 98, 'BASELINE_NOOP': 20}, 'maximum_mutable_sector_count': 8, 'maximum_external_interferers_per_violating_user': 2, 'maximum_eess_backoff_sectors': 2, 'strict_local_scope_gate': 'PASS', 'strict_local_scope_violation_intervals': 0, 'strict_post_mode_selected_power_gate': 'PASS', 'strict_post_mode_power_violation_intervals': 0, 'q0_envelope_deployable_actions': 0, 'maximum_strict_post_mode_selected_power_ratio': 0.9999999899999998, 'maximum_q0_nominal_power_envelope_ratio': 0.9999999899999998, 'unresolved_deployable_intervals': 0, 'network_wide_shutdown_intervals': 0, 'maximum_normalized_floor_shortfall': 0.0, 'solver_constraint_reserve': 1e-08, 'solver_primal_feasibility_tolerance': 1e-09, 'solver_dual_feasibility_tolerance': 1e-09, 'local_table_build_seconds_sum': 0.47388435108587146, 'repair_solver_seconds_sum': 1.407348075095797, 'local_table_build_seconds_max': 0.004241412010742351, 'repair_solver_seconds_max': 0.050925499002914876, 'repair_solver_seconds_p95_nonzero': 0.01492127673845971, 'candidate_end_to_end_seconds': 2.142226126015885, 'changed_stream_coefficient_count_sum': 241, 'changed_sector_interval_count_sum': 156, 'maximum_changed_stream_coefficients_per_interval': 6, 'maximum_changed_sectors_per_interval': 3, 'incremental_float32_payload_lower_bound_bytes_sum': 964, 'payload_claim_boundary': 'FLOAT32_COEFFICIENT_VALUE_LOWER_BOUND_ONLY_EXCLUDES_IDS_HEADERS_RELIABILITY_AND_TRANSPORT_OVERHEAD', 'information_exchange_locality_certified': False, 'action_scope_locality_verified': True, 'global_oracles_classification_only': True}",0,587,118,ec76a4062a30c2c78a3ff117af6745505b9c4c75c388c52944dbaf177570e533,25885a23cac2197fc8f1b20c69c4532665d4822da49f52cede1a0db2ba4d1a2f,e4ec6cdd9b5ee4c8cb007199055d0f690277b8e9f028e8bd1e56850cba684261,candidate_end_to_end_including_sequential_fallback_and_repair_oracles,PASS,PASS,0.0,0.0,0.0,8.0,2.0,2.0,0.9999999899999998,0.9999999899999998,0.0,20.0,0.0,98.0,False,True,True,0.4738843510858714,1.407348075095797,0.0042414120107423,0.0509254990029148,0.0149212767384597,241.0,156.0,6.0,3.0,964.0,FLOAT32_COEFFICIENT_VALUE_LOWER_BOUND_ONLY_EXCLUDES_IDS_HEADERS_RELIABILITY_AND_TRANSPORT_OVERHEAD,44015,15.0,V4_3_EXACT_NOOP_CODE_PATH_REUSE,
candidate_v4_4_floor_first_protected_subband_scheduling,0,0,-0.0002644969653917,-14.312092031172316,0,0,0.0,66.31199385301954,94.41948949472724,0.2055469953354597,2.1260016441539507,0.2501362447157054,2.271902021577444,121,16,8,2.005692648002878,"{'action_class_counts': {'SPARSE_LOCAL_STREAM_POWER_REPAIR': 95, 'BASELINE_NOOP': 20}, 'maximum_mutable_sector_count': 8, 'maximum_external_interferers_per_violating_user': 2, 'maximum_eess_backoff_sectors': 2, 'strict_local_scope_gate': 'PASS', 'strict_local_scope_violation_intervals': 0, 'strict_post_mode_selected_power_gate': 'PASS', 'strict_post_mode_power_violation_intervals': 0, 'q0_envelope_deployable_actions': 0, 'maximum_strict_post_mode_selected_power_ratio': 0.9999999899999998, 'maximum_q0_nominal_power_envelope_ratio': 0.9999999899999998, 'unresolved_deployable_intervals': 0, 'network_wide_shutdown_intervals': 0, 'maximum_normalized_floor_shortfall': 0.0, 'solver_constraint_reserve': 1e-08, 'solver_primal_feasibility_tolerance': 1e-09, 'solver_dual_feasibility_tolerance': 1e-09, 'local_table_build_seconds_sum': 0.4668936058296822, 'repair_solver_seconds_sum': 1.2874982089560945, 'local_table_build_seconds_max': 0.004365389002487063, 'repair_solver_seconds_max': 0.02418619699892588, 'repair_solver_seconds_p95_nonzero': 0.014146142988465726, 'candidate_end_to_end_seconds': 2.0056582569959573, 'changed_stream_coefficient_count_sum': 197, 'changed_sector_interval_count_sum': 136, 'maximum_changed_stream_coefficients_per_interval': 6, 'maximum_changed_sectors_per_interval': 3, 'incremental_float32_payload_lower_bound_bytes_sum': 788, 'payload_claim_boundary': 'FLOAT32_COEFFICIENT_VALUE_LOWER_BOUND_ONLY_EXCLUDES_IDS_HEADERS_RELIABILITY_AND_TRANSPORT_OVERHEAD', 'information_exchange_locality_certified': False, 'action_scope_locality_verified': True, 'global_oracles_classification_only': True}",1,571,115,2dfdb3536fb7e54321ad749fd3dfe8103188483cdba20e18d347483e3959d8ad,c272210e3bcbb681553c693bfbbe40e7969646553cce6aedbc68d3e028acc966,51598f9d441084b02f14ae2396e1ebe1ec0ca80a5b8d84ca78e665df851a9f09,candidate_end_to_end_including_sequential_fallback_and_repair_oracles,PASS,PASS,0.0,0.0,0.0,8.0,2.0,2.0,0.9999999899999998,0.9999999899999998,0.0,20.0,0.0,95.0,False,True,True,0.4668936058296822,1.2874982089560945,0.004365389002487,0.0241861969989258,0.0141461429884657,197.0,136.0,6.0,3.0,788.0,FLOAT32_COEFFICIENT_VALUE_LOWER_BOUND_ONLY_EXCLUDES_IDS_HEADERS_RELIABILITY_AND_TRANSPORT_OVERHEAD,44015,15.0,V4_3_EXACT_NOOP_CODE_PATH_REUSE,
candidate_v4_4_floor_first_protected_subband_scheduling,0,0,-0.0002797545810515,-14.394625821562858,0,0,0.0,58.522704342079805,93.89446802639876,0.2074339446608051,2.135933792894327,0.2501291020488342,2.281807336363889,98,13,8,2.089953374990728,"{'action_class_counts': {'SPARSE_LOCAL_STREAM_POWER_REPAIR': 97, 'BASELINE_NOOP': 20}, 'maximum_mutable_sector_count': 8, 'maximum_external_interferers_per_violating_user': 2, 'maximum_eess_backoff_sectors': 2, 'strict_local_scope_gate': 'PASS', 'strict_local_scope_violation_intervals': 0, 'strict_post_mode_selected_power_gate': 'PASS', 'strict_post_mode_power_violation_intervals': 0, 'q0_envelope_deployable_actions': 0, 'maximum_strict_post_mode_selected_power_ratio': 0.9999999899999998, 'maximum_q0_nominal_power_envelope_ratio': 0.9999999899999998, 'unresolved_deployable_intervals': 0, 'network_wide_shutdown_intervals': 0, 'maximum_normalized_floor_shortfall': 0.0, 'solver_constraint_reserve': 1e-08, 'solver_primal_feasibility_tolerance': 1e-09, 'solver_dual_feasibility_tolerance': 1e-09, 'local_table_build_seconds_sum': 0.47346944495802745, 'repair_solver_seconds_sum': 1.3569078659638762, 'local_table_build_seconds_max': 0.004208361002383754, 'repair_solver_seconds_max': 0.04567442199913785, 'repair_solver_seconds_p95_nonzero': 0.014329315599752583, 'candidate_end_to_end_seconds': 2.089917166973464, 'changed_stream_coefficient_count_sum': 220, 'changed_sector_interval_count_sum': 140, 'maximum_changed_stream_coefficients_per_interval': 7, 'maximum_changed_sectors_per_interval': 3, 'incremental_float32_payload_lower_bound_bytes_sum': 880, 'payload_claim_boundary': 'FLOAT32_COEFFICIENT_VALUE_LOWER_BOUND_ONLY_EXCLUDES_IDS_HEADERS_RELIABILITY_AND_TRANSPORT_OVERHEAD', 'information_exchange_locality_certified': False, 'action_scope_locality_verified': True, 'global_oracles_classification_only': True}",2,581,117,0f5789336aae91623c58191af55f8fdbc0b5b0889943c654c2a0efec7bf66863,a37910f214ca9f29298814e8da2b4da4fc7b5dfd4de4a5fa9f53b93cad82a2a3,381f6e774073ae03c20b641d0144691d687738e2354429ba84a331e651445699,candidate_end_to_end_including_sequential_fallback_and_repair_oracles,PASS,PASS,0.0,0.0,0.0,8.0,2.0,2.0,0.9999999899999998,0.9999999899999998,0.0,20.0,0.0,97.0,False,True,True,0.4734694449580274,1.3569078659638762,0.0042083610023837,0.0456744219991378,0.0143293155997525,220.0,140.0,7.0,3.0,880.0,FLOAT32_COEFFICIENT_VALUE_LOWER_BOUND_ONLY_EXCLUDES_IDS_HEADERS_RELIABILITY_AND_TRANSPORT_OVERHEAD,44015,15.0,V4_3_EXACT_NOOP_CODE_PATH_REUSE,
candidate_v4_4_floor_first_protected_subband_scheduling,0,0,-0.0003276935625494,-14.413931126391152,0,0,0.0,60.38028463932752,93.1031819109361,0.2074981055562852,2.143100164373384,0.2501299577711267,2.291425582860344,105,14,8,2.128059070004383,"{'action_class_counts': {'SPARSE_LOCAL_STREAM_POWER_REPAIR': 98, 'BASELINE_NOOP': 21}, 'maximum_mutable_sector_count': 8, 'maximum_external_interferers_per_violating_user': 2, 'maximum_eess_backoff_sectors': 2, 'strict_local_scope_gate': 'PASS', 'strict_local_scope_violation_intervals': 0, 'strict_post_mode_selected_power_gate': 'PASS', 'strict_post_mode_power_violation_intervals': 0, 'q0_envelope_deployable_actions': 0, 'maximum_strict_post_mode_selected_power_ratio': 0.9999999899999998, 'maximum_q0_nominal_power_envelope_ratio': 0.9999999899999998, 'unresolved_deployable_intervals': 0, 'network_wide_shutdown_intervals': 0, 'maximum_normalized_floor_shortfall': 0.0, 'solver_constraint_reserve': 1e-08, 'solver_primal_feasibility_tolerance': 1e-09, 'solver_dual_feasibility_tolerance': 1e-09, 'local_table_build_seconds_sum': 0.4801089140237309, 'repair_solver_seconds_sum': 1.3845298819651362, 'local_table_build_seconds_max': 0.004436163988430053, 'repair_solver_seconds_max': 0.048223191988654435, 'repair_solver_seconds_p95_nonzero': 0.014194033312378451, 'candidate_end_to_end_seconds': 2.1280241899949033, 'changed_stream_coefficient_count_sum': 222, 'changed_sector_interval_count_sum': 139, 'maximum_changed_stream_coefficients_per_interval': 7, 'maximum_changed_sectors_per_interval': 3, 'incremental_float32_payload_lower_bound_bytes_sum': 888, 'payload_claim_boundary': 'FLOAT32_COEFFICIENT_VALUE_LOWER_BOUND_ONLY_EXCLUDES_IDS_HEADERS_RELIABILITY_AND_TRANSPORT_OVERHEAD', 'information_exchange_locality_certified': False, 'action_scope_locality_verified': True, 'global_oracles_classification_only': True}",3,594,119,4063ff103991ec0e9d36805c280d34888502cee47ace222864fd93616b4b9ee9,c569b61cbfc6f499153d84836a6950d61b4b02a1a2bd800bf17c193c1816b6dc,406b04246d3c5288c6e3ee39550f2ec989fc05d31715c10d528302042cd08b18,candidate_end_to_end_including_sequential_fallback_and_repair_oracles,PASS,PASS,0.0,0.0,0.0,8.0,2.0,2.0,0.9999999899999998,0.9999999899999998,0.0,21.0,0.0,98.0,False,True,True,0.4801089140237309,1.3845298819651362,0.00443616398843,0.0482231919886544,0.0141940333123784,222.0,139.0,7.0,3.0,888.0,FLOAT32_COEFFICIENT_VALUE_LOWER_BOUND_ONLY_EXCLUDES_IDS_HEADERS_RELIABILITY_AND_TRANSPORT_OVERHEAD,44015,15.0,V4_3_EXACT_NOOP_CODE_PATH_REUSE,
candidate_v4_4_floor_first_protected_subband_scheduling,0,0,-0.0005827975752337,-14.361674513790808,0,0,0.0,65.34575112374174,92.57381410878124,0.2070677443970162,2.1469050219785157,0.2511677420300999,2.30094122411247,100,16,8,2.170478963991627,"{'action_class_counts': {'SPARSE_LOCAL_STREAM_POWER_REPAIR': 98, 'BASELINE_NOOP': 23}, 'maximum_mutable_sector_count': 8, 'maximum_external_interferers_per_violating_user': 2, 'maximum_eess_backoff_sectors': 2, 'strict_local_scope_gate': 'PASS', 'strict_local_scope_violation_intervals': 0, 'strict_post_mode_selected_power_gate': 'PASS', 'strict_post_mode_power_violation_intervals': 0, 'q0_envelope_deployable_actions': 0, 'maximum_strict_post_mode_selected_power_ratio': 0.9999999899999998, 'maximum_q0_nominal_power_envelope_ratio': 0.9999999899999998, 'unresolved_deployable_intervals': 0, 'network_wide_shutdown_intervals': 0, 'maximum_normalized_floor_shortfall': 0.0, 'solver_constraint_reserve': 1e-08, 'solver_primal_feasibility_tolerance': 1e-09, 'solver_dual_feasibility_tolerance': 1e-09, 'local_table_build_seconds_sum': 0.48778477095765993, 'repair_solver_seconds_sum': 1.4177068031276576, 'local_table_build_seconds_max': 0.004340599989518523, 'repair_solver_seconds_max': 0.047338892007246614, 'repair_solver_seconds_p95_nonzero': 0.014895091509970333, 'candidate_end_to_end_seconds': 2.1704454210121185, 'changed_stream_coefficient_count_sum': 221, 'changed_sector_interval_count_sum': 140, 'maximum_changed_stream_coefficients_per_interval': 7, 'maximum_changed_sectors_per_interval': 3, 'incremental_float32_payload_lower_bound_bytes_sum': 884, 'payload_claim_boundary': 'FLOAT32_COEFFICIENT_VALUE_LOWER_BOUND_ONLY_EXCLUDES_IDS_HEADERS_RELIABILITY_AND_TRANSPORT_OVERHEAD', 'information_exchange_locality_certified': False, 'action_scope_locality_verified': True, 'global_oracles_classification_only': True}",4,605,121,75f272e53f26681bbd3a5a87273e1e97bb8912596f77c23c59a9d10df6df499f,92b3f14fc2aee16b097a677f182cced2296f5648ac44f4269cd79a57ea8d278a,01f92084dccd0386cb490e3eeb88d53cf8b60d4476de20f89042caf413c5a9f0,candidate_end_to_end_including_sequential_fallback_and_repair_oracles,PASS,PASS,0.0,0.0,0.0,8.0,2.0,2.0,0.9999999899999998,0.9999999899999998,0.0,23.0,0.0,98.0,False,True,True,0.4877847709576599,1.4177068031276576,0.0043405999895185,0.0473388920072466,0.0148950915099703,221.0,140.0,7.0,3.0,884.0,FLOAT32_COEFFICIENT_VALUE_LOWER_BOUND_ONLY_EXCLUDES_IDS_HEADERS_RELIABILITY_AND_TRANSPORT_OVERHEAD,44015,15.0,V4_3_EXACT_NOOP_CODE_PATH_REUSE,
candidate_v4_4_floor_first_protected_subband_scheduling,0,0,-0.0025936433860994,-14.213197106447456,0,0,0.0,13.213322283004938,61.06491942730563,0.191831585491448,1.8045567481764389,0.2099014154806239,1.969918011307762,84,29,4,0.7121437508612871,"{'action_class_counts': {'BASELINE_NOOP': 118}, 'maximum_mutable_sector_count': 0, 'maximum_external_interferers_per_violating_user': 0, 'maximum_eess_backoff_sectors': 0, 'strict_local_scope_gate': 'PASS', 'strict_local_scope_violation_intervals': 0, 'strict_post_mode_selected_power_gate': 'PASS', 'strict_post_mode_power_violation_intervals': 0, 'q0_envelope_deployable_actions': 0, 'maximum_strict_post_mode_selected_power_ratio': 0.0, 'maximum_q0_nominal_power_envelope_ratio': 0.0, 'unresolved_deployable_intervals': 0, 'network_wide_shutdown_intervals': 0, 'maximum_normalized_floor_shortfall': 0.0, 'solver_constraint_reserve': 1e-08, 'solver_primal_feasibility_tolerance': 1e-09, 'solver_dual_feasibility_tolerance': 1e-09, 'local_table_build_seconds_sum': 0.47071953234262764, 'repair_solver_seconds_sum': 0.0, 'local_table_build_seconds_max': 0.00412007188424468, 'repair_solver_seconds_max': 0.0, 'repair_solver_seconds_p95_nonzero': 0.0, 'candidate_end_to_end_seconds': 0.7121067647822201, 'changed_stream_coefficient_count_sum': 0, 'changed_sector_interval_count_sum': 0, 'maximum_changed_stream_coefficients_per_interval': 0, 'maximum_changed_sectors_per_interval': 0, 'incremental_float32_payload_lower_bound_bytes_sum': 0, 'payload_claim_boundary': 'FLOAT32_COEFFICIENT_VALUE_LOWER_BOUND_ONLY_EXCLUDES_IDS_HEADERS_RELIABILITY_AND_TRANSPORT_OVERHEAD', 'information_exchange_locality_certified': False, 'action_scope_locality_verified': True, 'global_oracles_classification_only': True}",0,587,118,a5f0975c8e3ccdf5db3282e8afee4174dee952c58063f85500074887c455256e,4f98bba6a516a76f38711a641e8340be65d6d7a4168487dd15a8fa0565576a2b,426b0ef9049141ab6fe59baf56799785920870d32c547f93d1224d9abd67bb12,candidate_end_to_end_including_sequential_fallback_and_repair_oracles,PASS,PASS,0.0,0.0,0.0,0.0,0.0,0.0,0.0,0.0,0.0,118.0,0.0,0.0,False,True,True,0.4707195323426276,0.0,0.0041200718842446,0.0,0.0,0.0,0.0,0.0,0.0,0.0,FLOAT32_COEFFICIENT_VALUE_LOWER_BOUND_ONLY_EXCLUDES_IDS_HEADERS_RELIABILITY_AND_TRANSPORT_OVERHEAD,44016,16.0,V4_3_EXACT_NOOP_CODE_PATH_REUSE,
candidate_v4_4_floor_first_protected_subband_scheduling,0,0,-0.0007735093154216,-14.193317021728092,0,0,0.0,25.78376627356181,62.23977147448123,0.1995909343173813,1.8276968848271595,0.209881711964466,1.962972788824017,71,19,4,0.7094545508734882,"{'action_class_counts': {'BASELINE_NOOP': 115}, 'maximum_mutable_sector_count': 0, 'maximum_external_interferers_per_violating_user': 0, 'maximum_eess_backoff_sectors': 0, 'strict_local_scope_gate': 'PASS', 'strict_local_scope_violation_intervals': 0, 'strict_post_mode_selected_power_gate': 'PASS', 'strict_post_mode_power_violation_intervals': 0, 'q0_envelope_deployable_actions': 0, 'maximum_strict_post_mode_selected_power_ratio': 0.0, 'maximum_q0_nominal_power_envelope_ratio': 0.0, 'unresolved_deployable_intervals': 0, 'network_wide_shutdown_intervals': 0, 'maximum_normalized_floor_shortfall': 0.0, 'solver_constraint_reserve': 1e-08, 'solver_primal_feasibility_tolerance': 1e-09, 'solver_dual_feasibility_tolerance': 1e-09, 'local_table_build_seconds_sum': 0.4720300405751914, 'repair_solver_seconds_sum': 0.0, 'local_table_build_seconds_max': 0.004403754137456417, 'repair_solver_seconds_max': 0.0, 'repair_solver_seconds_p95_nonzero': 0.0, 'candidate_end_to_end_seconds': 0.7094114169012755, 'changed_stream_coefficient_count_sum': 0, 'changed_sector_interval_count_sum': 0, 'maximum_changed_stream_coefficients_per_interval': 0, 'maximum_changed_sectors_per_interval': 0, 'incremental_float32_payload_lower_bound_bytes_sum': 0, 'payload_claim_boundary': 'FLOAT32_COEFFICIENT_VALUE_LOWER_BOUND_ONLY_EXCLUDES_IDS_HEADERS_RELIABILITY_AND_TRANSPORT_OVERHEAD', 'information_exchange_locality_certified': False, 'action_scope_locality_verified': True, 'global_oracles_classification_only': True}",1,571,115,17d25d52b624873f8e672287c572dc1325bd675f89346bac4c2cc9e72e05eb4f,bc92514fd1cf42fcc4090957f0e719a7c82344b3d32ee1b71c67b7b83d3da69d,8c176f8314caa75a2cce70f8efbf815593221c4845a65af762fac4b56e86ac4f,candidate_end_to_end_including_sequential_fallback_and_repair_oracles,PASS,PASS,0.0,0.0,0.0,0.0,0.0,0.0,0.0,0.0,0.0,115.0,0.0,0.0,False,True,True,0.4720300405751914,0.0,0.0044037541374564,0.0,0.0,0.0,0.0,0.0,0.0,0.0,FLOAT32_COEFFICIENT_VALUE_LOWER_BOUND_ONLY_EXCLUDES_IDS_HEADERS_RELIABILITY_AND_TRANSPORT_OVERHEAD,44016,16.0,V4_3_EXACT_NOOP_CODE_PATH_REUSE,
candidate_v4_4_floor_first_protected_subband_scheduling,0,0,-0.0003745970884218,-14.090843874044586,0,0,0.0,17.473849506833275,61.59589410407583,0.2073770892660002,1.8369279778842431,0.2098720013127347,1.9684985610935175,65,24,4,0.698801141930744,"{'action_class_counts': {'BASELINE_NOOP': 117}, 'maximum_mutable_sector_count': 0, 'maximum_external_interferers_per_violating_user': 0, 'maximum_eess_backoff_sectors': 0, 'strict_local_scope_gate': 'PASS', 'strict_local_scope_violation_intervals': 0, 'strict_post_mode_selected_power_gate': 'PASS', 'strict_post_mode_power_violation_intervals': 0, 'q0_envelope_deployable_actions': 0, 'maximum_strict_post_mode_selected_power_ratio': 0.0, 'maximum_q0_nominal_power_envelope_ratio': 0.0, 'unresolved_deployable_intervals': 0, 'network_wide_shutdown_intervals': 0, 'maximum_normalized_floor_shortfall': 0.0, 'solver_constraint_reserve': 1e-08, 'solver_primal_feasibility_tolerance': 1e-09, 'solver_dual_feasibility_tolerance': 1e-09, 'local_table_build_seconds_sum': 0.46773290750570595, 'repair_solver_seconds_sum': 0.0, 'local_table_build_seconds_max': 0.004086522152647376, 'repair_solver_seconds_max': 0.0, 'repair_solver_seconds_p95_nonzero': 0.0, 'candidate_end_to_end_seconds': 0.6987642880994827, 'changed_stream_coefficient_count_sum': 0, 'changed_sector_interval_count_sum': 0, 'maximum_changed_stream_coefficients_per_interval': 0, 'maximum_changed_sectors_per_interval': 0, 'incremental_float32_payload_lower_bound_bytes_sum': 0, 'payload_claim_boundary': 'FLOAT32_COEFFICIENT_VALUE_LOWER_BOUND_ONLY_EXCLUDES_IDS_HEADERS_RELIABILITY_AND_TRANSPORT_OVERHEAD', 'information_exchange_locality_certified': False, 'action_scope_locality_verified': True, 'global_oracles_classification_only': True}",2,581,117,4dd5f0615cd0d1941efa957307c06ad8074deff0c54f4f3fc80cd34862bcd5cb,eecb12cfefc859dcb4389782e72c9f0b2c8111940fa6d68dfdcb091f17aa6468,03f4f309b4717540ca5575f4afbdc756b3f57666b6e8393b3fae71eb196cf206,candidate_end_to_end_including_sequential_fallback_and_repair_oracles,PASS,PASS,0.0,0.0,0.0,0.0,0.0,0.0,0.0,0.0,0.0,117.0,0.0,0.0,False,True,True,0.4677329075057059,0.0,0.0040865221526473,0.0,0.0,0.0,0.0,0.0,0.0,0.0,FLOAT32_COEFFICIENT_VALUE_LOWER_BOUND_ONLY_EXCLUDES_IDS_HEADERS_RELIABILITY_AND_TRANSPORT_OVERHEAD,44016,16.0,V4_3_EXACT_NOOP_CODE_PATH_REUSE,
candidate_v4_4_floor_first_protected_subband_scheduling,0,0,-0.0008326904848608,-14.135866357518,0,0,0.0,17.602642069667763,60.59884200191923,0.2073667613437427,1.8398483651894988,0.2098768626025983,1.9732262702379888,70,25,4,0.7343709021806717,"{'action_class_counts': {'BASELINE_NOOP': 118, 'SPARSE_LOCAL_FROZEN_GRID_SECTOR_REPAIR': 1}, 'maximum_mutable_sector_count': 5, 'maximum_external_interferers_per_violating_user': 2, 'maximum_eess_backoff_sectors': 2, 'strict_local_scope_gate': 'PASS', 'strict_local_scope_violation_intervals': 0, 'strict_post_mode_selected_power_gate': 'PASS', 'strict_post_mode_power_violation_intervals': 0, 'q0_envelope_deployable_actions': 0, 'maximum_strict_post_mode_selected_power_ratio': 0.0, 'maximum_q0_nominal_power_envelope_ratio': 0.0, 'unresolved_deployable_intervals': 0, 'network_wide_shutdown_intervals': 0, 'maximum_normalized_floor_shortfall': 0.0, 'solver_constraint_reserve': 1e-08, 'solver_primal_feasibility_tolerance': 1e-09, 'solver_dual_feasibility_tolerance': 1e-09, 'local_table_build_seconds_sum': 0.4732081568799913, 'repair_solver_seconds_sum': 0.02731022099032998, 'local_table_build_seconds_max': 0.004116426920518279, 'repair_solver_seconds_max': 0.02731022099032998, 'repair_solver_seconds_p95_nonzero': 0.02731022099032998, 'candidate_end_to_end_seconds': 0.7343391261529177, 'changed_stream_coefficient_count_sum': 8, 'changed_sector_interval_count_sum': 2, 'maximum_changed_stream_coefficients_per_interval': 8, 'maximum_changed_sectors_per_interval': 2, 'incremental_float32_payload_lower_bound_bytes_sum': 32, 'payload_claim_boundary': 'FLOAT32_COEFFICIENT_VALUE_LOWER_BOUND_ONLY_EXCLUDES_IDS_HEADERS_RELIABILITY_AND_TRANSPORT_OVERHEAD', 'information_exchange_locality_certified': False, 'action_scope_locality_verified': True, 'global_oracles_classification_only': True}",3,594,119,e0045f812e56c1fd624d7ba687028664889c2dd5c917b906c9693f5859ad6106,089951c95cfc95bd3a446d693885253d8bdff289f73146a00f08cac2705fed2b,5354280c6eeaf080d121fb079605d05e1d98e5c2fccfdbd2bf6b04cf8511467a,candidate_end_to_end_including_sequential_fallback_and_repair_oracles,PASS,PASS,0.0,0.0,0.0,5.0,2.0,2.0,0.0,0.0,0.0,118.0,1.0,0.0,False,True,True,0.4732081568799913,0.0273102209903299,0.0041164269205182,0.0273102209903299,0.0273102209903299,8.0,2.0,8.0,2.0,32.0,FLOAT32_COEFFICIENT_VALUE_LOWER_BOUND_ONLY_EXCLUDES_IDS_HEADERS_RELIABILITY_AND_TRANSPORT_OVERHEAD,44016,16.0,V4_3_EXACT_NOOP_CODE_PATH_REUSE,
candidate_v4_4_floor_first_protected_subband_scheduling,0,0,-0.0046020114251735,-14.118633569705477,0,0,0.0,21.01712692842876,59.87045987448158,0.2073578886825178,1.840963096299936,0.2098836013698126,1.977482016625678,82,22,5,0.7978027989156544,"{'action_class_counts': {'BASELINE_NOOP': 118, 'SPARSE_LOCAL_FROZEN_GRID_SECTOR_REPAIR': 3}, 'maximum_mutable_sector_count': 5, 'maximum_external_interferers_per_violating_user': 2, 'maximum_eess_backoff_sectors': 2, 'strict_local_scope_gate': 'PASS', 'strict_local_scope_violation_intervals': 0, 'strict_post_mode_selected_power_gate': 'PASS', 'strict_post_mode_power_violation_intervals': 0, 'q0_envelope_deployable_actions': 0, 'maximum_strict_post_mode_selected_power_ratio': 0.0, 'maximum_q0_nominal_power_envelope_ratio': 0.0, 'unresolved_deployable_intervals': 0, 'network_wide_shutdown_intervals': 0, 'maximum_normalized_floor_shortfall': 0.0, 'solver_constraint_reserve': 1e-08, 'solver_primal_feasibility_tolerance': 1e-09, 'solver_dual_feasibility_tolerance': 1e-09, 'local_table_build_seconds_sum': 0.5114507612306625, 'repair_solver_seconds_sum': 0.03890926414169371, 'local_table_build_seconds_max': 0.004325923975557089, 'repair_solver_seconds_max': 0.013874656055122614, 'repair_solver_seconds_p95_nonzero': 0.01375242075882852, 'candidate_end_to_end_seconds': 0.7977687178645283, 'changed_stream_coefficient_count_sum': 24, 'changed_sector_interval_count_sum': 6, 'maximum_changed_stream_coefficients_per_interval': 8, 'maximum_changed_sectors_per_interval': 2, 'incremental_float32_payload_lower_bound_bytes_sum': 96, 'payload_claim_boundary': 'FLOAT32_COEFFICIENT_VALUE_LOWER_BOUND_ONLY_EXCLUDES_IDS_HEADERS_RELIABILITY_AND_TRANSPORT_OVERHEAD', 'information_exchange_locality_certified': False, 'action_scope_locality_verified': True, 'global_oracles_classification_only': True}",4,605,121,926ff5f2fc163a84b9f75b9d91b6cd4bb62b5052aea6b973d84e06619dd98c27,0dd5de942bb4b331a2d930c031eca515ede28eb332725b4d76595cab1e1f2d2e,41b404d44a6d52414e2392ced0457c529713d09ae7115cd0f1821c71853351c2,candidate_end_to_end_including_sequential_fallback_and_repair_oracles,PASS,PASS,0.0,0.0,0.0,5.0,2.0,2.0,0.0,0.0,0.0,118.0,3.0,0.0,False,True,True,0.5114507612306625,0.0389092641416937,0.004325923975557,0.0138746560551226,0.0137524207588285,24.0,6.0,8.0,2.0,96.0,FLOAT32_COEFFICIENT_VALUE_LOWER_BOUND_ONLY_EXCLUDES_IDS_HEADERS_RELIABILITY_AND_TRANSPORT_OVERHEAD,44016,16.0,V4_3_EXACT_NOOP_CODE_PATH_REUSE,
candidate_v4_4_floor_first_protected_subband_scheduling,0,0,-0.0035037536217033,-14.3325982458931,60,300,6.479739514199997,45.52680791046238,86.21049290085479,0.2328593303203124,1.8785388363275883,0.3642743714477094,2.214409985783328,163,18,10,2.4130229000002146,"{'action_class_counts': {'SPARSE_LOCAL_STREAM_POWER_REPAIR': 40, 'BASELINE_NOOP': 58, 'NO_FEASIBLE_DEPLOYABLE_ACTION_FOUND': 20}, 'strict_local_scope_gate': 'PASS', 'strict_local_scope_violation_intervals': 0, 'strict_post_mode_selected_power_gate': 'PASS', 'strict_post_mode_power_violation_intervals': 0, 'q0_envelope_deployable_actions': 0, 'unresolved_deployable_intervals': 20, 'diagnostic_g8_scheduling_feasible_intervals': 0, 'network_wide_shutdown_intervals': 0, 'maximum_normalized_floor_shortfall': 0.29100564391646655, 'maximum_mutable_sector_count': 11, 'maximum_external_interferers_per_violating_user': 2, 'maximum_eess_backoff_sectors': 2, 'maximum_post_mode_selected_power_ratio': 1.0, 'maximum_strict_post_mode_selected_power_ratio': 1.0, 'maximum_q0_nominal_power_envelope_ratio': 1.0, 'protected_subband_scheduling_intervals': 0, 'protected_subband_scheduling_success_intervals': 0, 'protected_subband_scheduling_failure_intervals': 20, 'protected_subband_scheduling_guard_limit_counts': {}, 'maximum_schedule_mode_count': 64, 'maximum_schedule_guard_sector_count': 0, 'schedule_slots_per_second': 2000, 'scheduled_nonbaseline_slots_per_second_sum': 0, 'maximum_scheduled_nonbaseline_slots_per_second': 0, 'maximum_protected_subband_scheduled_fraction': 0.0, 'maximum_schedule_nonzero_mode_count': 0, 'maximum_schedule_critical_sector_count': 0, 'maximum_schedule_mutable_sector_count': 0, 'local_table_build_seconds_sum': 0.4006370345596224, 'local_table_build_seconds_max': 0.0035980651155114174, 'repair_solver_seconds_sum': 1.1510649714618921, 'repair_solver_seconds_max': 0.10561097483150661, 'repair_solver_seconds_p95_nonzero': 0.047076783131342316, 'schedule_solver_seconds_sum': 0.6497621187008917, 'schedule_solver_seconds_max': 0.03328232909552753, 'candidate_end_to_end_seconds': 2.412986078998074, 'information_exchange_locality_certified': False, 'action_scope_locality_verified': True, 'global_oracles_classification_only': True, 'changed_stream_coefficient_count_sum': 132, 'changed_sector_interval_count_sum': 80, 'maximum_changed_stream_coefficients_per_interval': 5, 'maximum_changed_sectors_per_interval': 2, 'incremental_float32_payload_lower_bound_bytes_sum': 528, 'payload_claim_boundary': 'LOWER_BOUND_FOR_CHANGED_FLOAT32_STREAM_COEFFICIENTS_PLUS_SCHEDULE_COUNTS_NOT_A_SERIALIZED_PROTOCOL_MEASUREMENT', 'claim_boundary': 'DEVELOPMENT_REPLAY_ON_PREVIOUSLY_OBSERVED_SEEDS_NOT_CONFIRMATORY_NOT_CALIBRATION_NOT_REGULATORY_COMPLIANCE'}",0,587,118,0874caf50a193daad018b8c3c8944619895d81216f9f63aae1df5efdd25e7a8b,e36f7b1c367332397d2cd6cc951f34b2b2f5186e7f4c09d907c608e791ae8547,3158965b1d1873e778013fc9f08b4ad18b22c686cb10ef4b3c32ed895c0e1809,candidate_end_to_end_including_sequential_fallback_and_repair_oracles,PASS,PASS,0.0,20.0,0.0,11.0,2.0,2.0,1.0,1.0,0.2910056439164665,58.0,0.0,40.0,False,True,True,0.4006370345596224,1.151064971461892,0.0035980651155114,0.1056109748315066,0.0470767831313423,132.0,80.0,5.0,2.0,528.0,LOWER_BOUND_FOR_CHANGED_FLOAT32_STREAM_COEFFICIENTS_PLUS_SCHEDULE_COUNTS_NOT_A_SERIALIZED_PROTOCOL_MEASUREMENT,44017,,EXECUTED_V4_4_FAILED_SEED_REPLAY,True
candidate_v4_4_floor_first_protected_subband_scheduling,0,0,-0.0030963838629404,-14.31915490997926,60,300,6.479054637949778,57.538641125782775,87.17127818043771,0.2255075349034704,1.868059211704736,0.3640941983257988,2.2031283914140225,173,18,10,2.07366642402485,"{'action_class_counts': {'SPARSE_LOCAL_STREAM_POWER_REPAIR': 40, 'BASELINE_NOOP': 55, 'NO_FEASIBLE_DEPLOYABLE_ACTION_FOUND': 20}, 'strict_local_scope_gate': 'PASS', 'strict_local_scope_violation_intervals': 0, 'strict_post_mode_selected_power_gate': 'PASS', 'strict_post_mode_power_violation_intervals': 0, 'q0_envelope_deployable_actions': 0, 'unresolved_deployable_intervals': 20, 'diagnostic_g8_scheduling_feasible_intervals': 0, 'network_wide_shutdown_intervals': 0, 'maximum_normalized_floor_shortfall': 0.2910056436785502, 'maximum_mutable_sector_count': 11, 'maximum_external_interferers_per_violating_user': 2, 'maximum_eess_backoff_sectors': 2, 'maximum_post_mode_selected_power_ratio': 1.0, 'maximum_strict_post_mode_selected_power_ratio': 1.0, 'maximum_q0_nominal_power_envelope_ratio': 1.0, 'protected_subband_scheduling_intervals': 0, 'protected_subband_scheduling_success_intervals': 0, 'protected_subband_scheduling_failure_intervals': 20, 'protected_subband_scheduling_guard_limit_counts': {}, 'maximum_schedule_mode_count': 64, 'maximum_schedule_guard_sector_count': 0, 'schedule_slots_per_second': 2000, 'scheduled_nonbaseline_slots_per_second_sum': 0, 'maximum_scheduled_nonbaseline_slots_per_second': 0, 'maximum_protected_subband_scheduled_fraction': 0.0, 'maximum_schedule_nonzero_mode_count': 0, 'maximum_schedule_critical_sector_count': 0, 'maximum_schedule_mutable_sector_count': 0, 'local_table_build_seconds_sum': 0.3906255450565368, 'local_table_build_seconds_max': 0.003608034923672676, 'repair_solver_seconds_sum': 0.8282246603630483, 'repair_solver_seconds_max': 0.019122279016301036, 'repair_solver_seconds_p95_nonzero': 0.01882602636469528, 'schedule_solver_seconds_sum': 0.6529732879716903, 'schedule_solver_seconds_max': 0.03304240689612925, 'candidate_end_to_end_seconds': 2.073633993975818, 'information_exchange_locality_certified': False, 'action_scope_locality_verified': True, 'global_oracles_classification_only': True, 'changed_stream_coefficient_count_sum': 136, 'changed_sector_interval_count_sum': 80, 'maximum_changed_stream_coefficients_per_interval': 5, 'maximum_changed_sectors_per_interval': 2, 'incremental_float32_payload_lower_bound_bytes_sum': 544, 'payload_claim_boundary': 'LOWER_BOUND_FOR_CHANGED_FLOAT32_STREAM_COEFFICIENTS_PLUS_SCHEDULE_COUNTS_NOT_A_SERIALIZED_PROTOCOL_MEASUREMENT', 'claim_boundary': 'DEVELOPMENT_REPLAY_ON_PREVIOUSLY_OBSERVED_SEEDS_NOT_CONFIRMATORY_NOT_CALIBRATION_NOT_REGULATORY_COMPLIANCE'}",1,571,115,eaf10dd3876fe93f3911d1fad6fd59b79b7d0cb95402e4efcec27efb7035bfcf,f934adbe58dcb0f04c6d646cb636e45e8c52c4c71d0248acdd303f848cb9c71a,2aa8b76140791f2d4180e157e86e853697439b4dbb0f2da7fdaffc079a796fd2,candidate_end_to_end_including_sequential_fallback_and_repair_oracles,PASS,PASS,0.0,20.0,0.0,11.0,2.0,2.0,1.0,1.0,0.2910056436785502,55.0,0.0,40.0,False,True,True,0.3906255450565368,0.8282246603630483,0.0036080349236726,0.019122279016301,0.0188260263646952,136.0,80.0,5.0,2.0,544.0,LOWER_BOUND_FOR_CHANGED_FLOAT32_STREAM_COEFFICIENTS_PLUS_SCHEDULE_COUNTS_NOT_A_SERIALIZED_PROTOCOL_MEASUREMENT,44017,,EXECUTED_V4_4_FAILED_SEED_REPLAY,True
candidate_v4_4_floor_first_protected_subband_scheduling,0,0,-0.0010619344145693,-14.30737195907956,60,300,6.506333697491723,49.65684713763505,86.60327889947618,0.2255018775872994,1.873000150758726,0.3641423126345515,2.2107791393239027,122,18,10,2.076932996045798,"{'action_class_counts': {'SPARSE_LOCAL_STREAM_POWER_REPAIR': 40, 'BASELINE_NOOP': 57, 'NO_FEASIBLE_DEPLOYABLE_ACTION_FOUND': 20}, 'strict_local_scope_gate': 'PASS', 'strict_local_scope_violation_intervals': 0, 'strict_post_mode_selected_power_gate': 'PASS', 'strict_post_mode_power_violation_intervals': 0, 'q0_envelope_deployable_actions': 0, 'unresolved_deployable_intervals': 20, 'diagnostic_g8_scheduling_feasible_intervals': 0, 'network_wide_shutdown_intervals': 0, 'maximum_normalized_floor_shortfall': 0.2911071437554567, 'maximum_mutable_sector_count': 11, 'maximum_external_interferers_per_violating_user': 2, 'maximum_eess_backoff_sectors': 2, 'maximum_post_mode_selected_power_ratio': 1.0, 'maximum_strict_post_mode_selected_power_ratio': 1.0, 'maximum_q0_nominal_power_envelope_ratio': 1.0, 'protected_subband_scheduling_intervals': 0, 'protected_subband_scheduling_success_intervals': 0, 'protected_subband_scheduling_failure_intervals': 20, 'protected_subband_scheduling_guard_limit_counts': {}, 'maximum_schedule_mode_count': 64, 'maximum_schedule_guard_sector_count': 0, 'schedule_slots_per_second': 2000, 'scheduled_nonbaseline_slots_per_second_sum': 0, 'maximum_scheduled_nonbaseline_slots_per_second': 0, 'maximum_protected_subband_scheduled_fraction': 0.0, 'maximum_schedule_nonzero_mode_count': 0, 'maximum_schedule_critical_sector_count': 0, 'maximum_schedule_mutable_sector_count': 0, 'local_table_build_seconds_sum': 0.4011185902636498, 'local_table_build_seconds_max': 0.0038180078845471144, 'repair_solver_seconds_sum': 0.8169158371165395, 'repair_solver_seconds_max': 0.019003398017957807, 'repair_solver_seconds_p95_nonzero': 0.01844598752213642, 'schedule_solver_seconds_sum': 0.653577460674569, 'schedule_solver_seconds_max': 0.03300438611768186, 'candidate_end_to_end_seconds': 2.0769018661230803, 'information_exchange_locality_certified': False, 'action_scope_locality_verified': True, 'global_oracles_classification_only': True, 'changed_stream_coefficient_count_sum': 122, 'changed_sector_interval_count_sum': 80, 'maximum_changed_stream_coefficients_per_interval': 4, 'maximum_changed_sectors_per_interval': 2, 'incremental_float32_payload_lower_bound_bytes_sum': 488, 'payload_claim_boundary': 'LOWER_BOUND_FOR_CHANGED_FLOAT32_STREAM_COEFFICIENTS_PLUS_SCHEDULE_COUNTS_NOT_A_SERIALIZED_PROTOCOL_MEASUREMENT', 'claim_boundary': 'DEVELOPMENT_REPLAY_ON_PREVIOUSLY_OBSERVED_SEEDS_NOT_CONFIRMATORY_NOT_CALIBRATION_NOT_REGULATORY_COMPLIANCE'}",2,581,117,6dd77650b53866104c484db31b2e5caae03022a9e9d58ad86e3b2318161aac93,e12791eef8d0c7fe5e2cd06e98a1039fd1ba7377ae3268d3678f11f130239b59,a2cb0928dfa0137355cf1e2f61f34128af1867b2ad216f8f2ef2183993ea94d7,candidate_end_to_end_including_sequential_fallback_and_repair_oracles,PASS,PASS,0.0,20.0,0.0,11.0,2.0,2.0,1.0,1.0,0.2911071437554567,57.0,0.0,40.0,False,True,True,0.4011185902636498,0.8169158371165395,0.0038180078845471,0.0190033980179578,0.0184459875221364,122.0,80.0,4.0,2.0,488.0,LOWER_BOUND_FOR_CHANGED_FLOAT32_STREAM_COEFFICIENTS_PLUS_SCHEDULE_COUNTS_NOT_A_SERIALIZED_PROTOCOL_MEASUREMENT,44017,,EXECUTED_V4_4_FAILED_SEED_REPLAY,True
candidate_v4_4_floor_first_protected_subband_scheduling,0,0,-0.0001291886021601,-14.371217710808724,60,300,6.509445310439445,50.62254288598321,85.77020598675362,0.2328084270873924,1.8792361061663656,0.3642743714477094,2.217786953953897,128,17,10,2.3700997550040483,"{'action_class_counts': {'SPARSE_LOCAL_STREAM_POWER_REPAIR': 40, 'BASELINE_NOOP': 58, 'NO_FEASIBLE_DEPLOYABLE_ACTION_FOUND': 20, 'SPARSE_LOCAL_FROZEN_GRID_SECTOR_REPAIR': 1}, 'strict_local_scope_gate': 'PASS', 'strict_local_scope_violation_intervals': 0, 'strict_post_mode_selected_power_gate': 'PASS', 'strict_post_mode_power_violation_intervals': 0, 'q0_envelope_deployable_actions': 0, 'unresolved_deployable_intervals': 20, 'diagnostic_g8_scheduling_feasible_intervals': 0, 'network_wide_shutdown_intervals': 0, 'maximum_normalized_floor_shortfall': 0.2911301509839799, 'maximum_mutable_sector_count': 11, 'maximum_external_interferers_per_violating_user': 2, 'maximum_eess_backoff_sectors': 2, 'maximum_post_mode_selected_power_ratio': 1.0, 'maximum_strict_post_mode_selected_power_ratio': 1.0, 'maximum_q0_nominal_power_envelope_ratio': 1.0, 'protected_subband_scheduling_intervals': 0, 'protected_subband_scheduling_success_intervals': 0, 'protected_subband_scheduling_failure_intervals': 20, 'protected_subband_scheduling_guard_limit_counts': {}, 'maximum_schedule_mode_count': 64, 'maximum_schedule_guard_sector_count': 0, 'schedule_slots_per_second': 2000, 'scheduled_nonbaseline_slots_per_second_sum': 0, 'maximum_scheduled_nonbaseline_slots_per_second': 0, 'maximum_protected_subband_scheduled_fraction': 0.0, 'maximum_schedule_nonzero_mode_count': 0, 'maximum_schedule_critical_sector_count': 0, 'maximum_schedule_mutable_sector_count': 0, 'local_table_build_seconds_sum': 0.418087164638564, 'local_table_build_seconds_max': 0.0037919378373771906, 'repair_solver_seconds_sum': 1.0158103986177593, 'repair_solver_seconds_max': 0.053924513049423695, 'repair_solver_seconds_p95_nonzero': 0.02055292297154665, 'schedule_solver_seconds_sum': 0.7014800475444645, 'schedule_solver_seconds_max': 0.03591937501914799, 'candidate_end_to_end_seconds': 2.37007032497786, 'information_exchange_locality_certified': False, 'action_scope_locality_verified': True, 'global_oracles_classification_only': True, 'changed_stream_coefficient_count_sum': 130, 'changed_sector_interval_count_sum': 82, 'maximum_changed_stream_coefficients_per_interval': 8, 'maximum_changed_sectors_per_interval': 2, 'incremental_float32_payload_lower_bound_bytes_sum': 520, 'payload_claim_boundary': 'LOWER_BOUND_FOR_CHANGED_FLOAT32_STREAM_COEFFICIENTS_PLUS_SCHEDULE_COUNTS_NOT_A_SERIALIZED_PROTOCOL_MEASUREMENT', 'claim_boundary': 'DEVELOPMENT_REPLAY_ON_PREVIOUSLY_OBSERVED_SEEDS_NOT_CONFIRMATORY_NOT_CALIBRATION_NOT_REGULATORY_COMPLIANCE'}",3,594,119,c3784debf112668d0ab10838fa9dd9420440b98b67f6cbce8ff2593d0a500aa1,d3cb2a5e6e33eeaa775d81732e42592c13f26cfec4c394e282d47ca51dc6dd2f,5d2e841d5be72867883b6b57cba13809b8b144276104cbb8811931aa7d4b0184,candidate_end_to_end_including_sequential_fallback_and_repair_oracles,PASS,PASS,0.0,20.0,0.0,11.0,2.0,2.0,1.0,1.0,0.2911301509839799,58.0,1.0,40.0,False,True,True,0.418087164638564,1.0158103986177591,0.0037919378373771,0.0539245130494236,0.0205529229715466,130.0,82.0,8.0,2.0,520.0,LOWER_BOUND_FOR_CHANGED_FLOAT32_STREAM_COEFFICIENTS_PLUS_SCHEDULE_COUNTS_NOT_A_SERIALIZED_PROTOCOL_MEASUREMENT,44017,,EXECUTED_V4_4_FAILED_SEED_REPLAY,True
candidate_v4_4_floor_first_protected_subband_scheduling,0,0,-0.0001483483973964,-14.32015370856034,60,300,6.511297934569933,54.44586385632239,85.19614925229818,0.2329057965748007,1.8830819410517707,0.3642743714477094,2.224441800506174,162,21,10,2.3333710418082774,"{'action_class_counts': {'SPARSE_LOCAL_STREAM_POWER_REPAIR': 40, 'BASELINE_NOOP': 58, 'NO_FEASIBLE_DEPLOYABLE_ACTION_FOUND': 20, 'SPARSE_LOCAL_FROZEN_GRID_SECTOR_REPAIR': 3}, 'strict_local_scope_gate': 'PASS', 'strict_local_scope_violation_intervals': 0, 'strict_post_mode_selected_power_gate': 'PASS', 'strict_post_mode_power_violation_intervals': 0, 'q0_envelope_deployable_actions': 0, 'unresolved_deployable_intervals': 20, 'diagnostic_g8_scheduling_feasible_intervals': 0, 'network_wide_shutdown_intervals': 0, 'maximum_normalized_floor_shortfall': 0.29115318690202396, 'maximum_mutable_sector_count': 11, 'maximum_external_interferers_per_violating_user': 2, 'maximum_eess_backoff_sectors': 2, 'maximum_post_mode_selected_power_ratio': 1.0, 'maximum_strict_post_mode_selected_power_ratio': 1.0, 'maximum_q0_nominal_power_envelope_ratio': 1.0, 'protected_subband_scheduling_intervals': 0, 'protected_subband_scheduling_success_intervals': 0, 'protected_subband_scheduling_failure_intervals': 20, 'protected_subband_scheduling_guard_limit_counts': {}, 'maximum_schedule_mode_count': 64, 'maximum_schedule_guard_sector_count': 0, 'schedule_slots_per_second': 2000, 'scheduled_nonbaseline_slots_per_second_sum': 0, 'maximum_scheduled_nonbaseline_slots_per_second': 0, 'maximum_protected_subband_scheduled_fraction': 0.0, 'maximum_schedule_nonzero_mode_count': 0, 'maximum_schedule_critical_sector_count': 0, 'maximum_schedule_mutable_sector_count': 0, 'local_table_build_seconds_sum': 0.4297765316441655, 'local_table_build_seconds_max': 0.003888468025252223, 'repair_solver_seconds_sum': 0.9480833136476576, 'repair_solver_seconds_max': 0.020923156989738345, 'repair_solver_seconds_p95_nonzero': 0.0206306129693985, 'schedule_solver_seconds_sum': 0.711683179019019, 'schedule_solver_seconds_max': 0.03593427501618862, 'candidate_end_to_end_seconds': 2.333342191996053, 'information_exchange_locality_certified': False, 'action_scope_locality_verified': True, 'global_oracles_classification_only': True, 'changed_stream_coefficient_count_sum': 146, 'changed_sector_interval_count_sum': 86, 'maximum_changed_stream_coefficients_per_interval': 8, 'maximum_changed_sectors_per_interval': 2, 'incremental_float32_payload_lower_bound_bytes_sum': 584, 'payload_claim_boundary': 'LOWER_BOUND_FOR_CHANGED_FLOAT32_STREAM_COEFFICIENTS_PLUS_SCHEDULE_COUNTS_NOT_A_SERIALIZED_PROTOCOL_MEASUREMENT', 'claim_boundary': 'DEVELOPMENT_REPLAY_ON_PREVIOUSLY_OBSERVED_SEEDS_NOT_CONFIRMATORY_NOT_CALIBRATION_NOT_REGULATORY_COMPLIANCE'}",4,605,121,51a753e4e47e9b55b0bbaf4a77d848db22330ec4d681d9a1d2a3466772fe492f,2037fb8525ff11cb4fdc5fb4e87adb045cc8e2292dd71f767e7eb2dbea63c89c,ac4aa20d5c8cd079ed5c0c4d397d20db0f4d91488d9667ab4ef03af9a131f926,candidate_end_to_end_including_sequential_fallback_and_repair_oracles,PASS,PASS,0.0,20.0,0.0,11.0,2.0,2.0,1.0,1.0,0.2911531869020239,58.0,3.0,40.0,False,True,True,0.4297765316441655,0.9480833136476576,0.0038884680252522,0.0209231569897383,0.0206306129693985,146.0,86.0,8.0,2.0,584.0,LOWER_BOUND_FOR_CHANGED_FLOAT32_STREAM_COEFFICIENTS_PLUS_SCHEDULE_COUNTS_NOT_A_SERIALIZED_PROTOCOL_MEASUREMENT,44017,,EXECUTED_V4_4_FAILED_SEED_REPLAY,True
candidate_v4_4_floor_first_protected_subband_scheduling,0,0,-0.00855593616064,-14.490949160730022,0,0,0.0,81.64258827898583,122.59242770365658,0.2550668021212661,2.390591381883792,0.3068174594975701,2.6733452832476314,165,49,7,2.570880030049011,"{'action_class_counts': {'FLOOR_FIRST_PROTECTED_SUBBAND_SCHEDULING_G0': 40, 'SPARSE_LOCAL_STREAM_POWER_REPAIR': 58, 'BASELINE_NOOP': 20}, 'strict_local_scope_gate': 'PASS', 'strict_local_scope_violation_intervals': 0, 'strict_post_mode_selected_power_gate': 'PASS', 'strict_post_mode_power_violation_intervals': 0, 'q0_envelope_deployable_actions': 0, 'unresolved_deployable_intervals': 0, 'diagnostic_g8_scheduling_feasible_intervals': 0, 'network_wide_shutdown_intervals': 0, 'maximum_normalized_floor_shortfall': 0.0, 'maximum_mutable_sector_count': 14, 'maximum_external_interferers_per_violating_user': 2, 'maximum_eess_backoff_sectors': 2, 'maximum_post_mode_selected_power_ratio': 1.0000000000000004, 'maximum_strict_post_mode_selected_power_ratio': 1.0000000000000004, 'maximum_q0_nominal_power_envelope_ratio': 1.0000000000000002, 'protected_subband_scheduling_intervals': 40, 'protected_subband_scheduling_success_intervals': 40, 'protected_subband_scheduling_failure_intervals': 0, 'protected_subband_scheduling_guard_limit_counts': {'0': 40}, 'maximum_schedule_mode_count': 108, 'maximum_schedule_guard_sector_count': 0, 'schedule_slots_per_second': 2000, 'scheduled_nonbaseline_slots_per_second_sum': 47133, 'maximum_scheduled_nonbaseline_slots_per_second': 1184, 'maximum_protected_subband_scheduled_fraction': 0.592, 'maximum_schedule_nonzero_mode_count': 5, 'maximum_schedule_critical_sector_count': 4, 'maximum_schedule_mutable_sector_count': 4, 'local_table_build_seconds_sum': 0.40732687106356025, 'local_table_build_seconds_max': 0.003773497184738517, 'repair_solver_seconds_sum': 1.3879538252949715, 'repair_solver_seconds_max': 0.06077362084761262, 'repair_solver_seconds_p95_nonzero': 0.018197472591418774, 'schedule_solver_seconds_sum': 0.5663930610753596, 'schedule_solver_seconds_max': 0.06684823101386428, 'candidate_end_to_end_seconds': 2.570849119219929, 'information_exchange_locality_certified': False, 'action_scope_locality_verified': True, 'global_oracles_classification_only': True, 'changed_stream_coefficient_count_sum': 612, 'changed_sector_interval_count_sum': 218, 'maximum_changed_stream_coefficients_per_interval': 14, 'maximum_changed_sectors_per_interval': 4, 'incremental_float32_payload_lower_bound_bytes_sum': 3564, 'payload_claim_boundary': 'LOWER_BOUND_FOR_CHANGED_FLOAT32_STREAM_COEFFICIENTS_PLUS_SCHEDULE_COUNTS_NOT_A_SERIALIZED_PROTOCOL_MEASUREMENT', 'claim_boundary': 'DEVELOPMENT_REPLAY_ON_PREVIOUSLY_OBSERVED_SEEDS_NOT_CONFIRMATORY_NOT_CALIBRATION_NOT_REGULATORY_COMPLIANCE'}",0,587,118,6cde936ffbdb6b102682f58b93e89e33cb91d6e2c173ce940a2c361066946e45,5af1e2157408771303ac5304871965e9acb027895962d1fcb41e67c31814cc2f,5e149961eda542a432aefbd2c939fb3a108a58e4dcc35596718f0080049f559a,candidate_end_to_end_including_sequential_fallback_and_repair_oracles,PASS,PASS,0.0,0.0,0.0,14.0,2.0,2.0,1.0000000000000004,1.0000000000000002,0.0,20.0,0.0,58.0,False,True,True,0.4073268710635602,1.3879538252949717,0.0037734971847385,0.0607736208476126,0.0181974725914187,612.0,218.0,14.0,4.0,3564.0,LOWER_BOUND_FOR_CHANGED_FLOAT32_STREAM_COEFFICIENTS_PLUS_SCHEDULE_COUNTS_NOT_A_SERIALIZED_PROTOCOL_MEASUREMENT,44018,,EXECUTED_V4_4_FAILED_SEED_REPLAY,True
candidate_v4_4_floor_first_protected_subband_scheduling,0,0,-0.0029431655754893,-14.571119587114271,0,0,0.0,93.7418654384267,123.55340939183078,0.255041036890939,2.3782309381120705,0.3024436973573979,2.653936723064492,160,45,7,2.298682658933103,"{'action_class_counts': {'FLOOR_FIRST_PROTECTED_SUBBAND_SCHEDULING_G0': 40, 'SPARSE_LOCAL_STREAM_POWER_REPAIR': 55, 'BASELINE_NOOP': 20}, 'strict_local_scope_gate': 'PASS', 'strict_local_scope_violation_intervals': 0, 'strict_post_mode_selected_power_gate': 'PASS', 'strict_post_mode_power_violation_intervals': 0, 'q0_envelope_deployable_actions': 0, 'unresolved_deployable_intervals': 0, 'diagnostic_g8_scheduling_feasible_intervals': 0, 'network_wide_shutdown_intervals': 0, 'maximum_normalized_floor_shortfall': 0.0, 'maximum_mutable_sector_count': 14, 'maximum_external_interferers_per_violating_user': 2, 'maximum_eess_backoff_sectors': 2, 'maximum_post_mode_selected_power_ratio': 1.0, 'maximum_strict_post_mode_selected_power_ratio': 1.0, 'maximum_q0_nominal_power_envelope_ratio': 1.0, 'protected_subband_scheduling_intervals': 40, 'protected_subband_scheduling_success_intervals': 40, 'protected_subband_scheduling_failure_intervals': 0, 'protected_subband_scheduling_guard_limit_counts': {'0': 40}, 'maximum_schedule_mode_count': 108, 'maximum_schedule_guard_sector_count': 0, 'schedule_slots_per_second': 2000, 'scheduled_nonbaseline_slots_per_second_sum': 47105, 'maximum_scheduled_nonbaseline_slots_per_second': 1184, 'maximum_protected_subband_scheduled_fraction': 0.592, 'maximum_schedule_nonzero_mode_count': 5, 'maximum_schedule_critical_sector_count': 4, 'maximum_schedule_mutable_sector_count': 4, 'local_table_build_seconds_sum': 0.3987822011113167, 'local_table_build_seconds_max': 0.0037932770792394876, 'repair_solver_seconds_sum': 1.2723779666703194, 'repair_solver_seconds_max': 0.020536442985758185, 'repair_solver_seconds_p95_nonzero': 0.01819874900393188, 'schedule_solver_seconds_sum': 0.4306750688701868, 'schedule_solver_seconds_max': 0.014437273144721985, 'candidate_end_to_end_seconds': 2.2986539581324905, 'information_exchange_locality_certified': False, 'action_scope_locality_verified': True, 'global_oracles_classification_only': True, 'changed_stream_coefficient_count_sum': 600, 'changed_sector_interval_count_sum': 215, 'maximum_changed_stream_coefficients_per_interval': 14, 'maximum_changed_sectors_per_interval': 4, 'incremental_float32_payload_lower_bound_bytes_sum': 3520, 'payload_claim_boundary': 'LOWER_BOUND_FOR_CHANGED_FLOAT32_STREAM_COEFFICIENTS_PLUS_SCHEDULE_COUNTS_NOT_A_SERIALIZED_PROTOCOL_MEASUREMENT', 'claim_boundary': 'DEVELOPMENT_REPLAY_ON_PREVIOUSLY_OBSERVED_SEEDS_NOT_CONFIRMATORY_NOT_CALIBRATION_NOT_REGULATORY_COMPLIANCE'}",1,571,115,8c127e8f7148ffe67f016e1571f5dbae9e048e5881512e4bf060af73c14ee586,ad3ed0f45f017ed8bbd6cfe30c26647de7df6581dcfdbbccc4a0850a50453aba,4ba9562df6d654b62afa162f326a5e30fd914ea9ca9f7b98008f0bd59d74856b,candidate_end_to_end_including_sequential_fallback_and_repair_oracles,PASS,PASS,0.0,0.0,0.0,14.0,2.0,2.0,1.0,1.0,0.0,20.0,0.0,55.0,False,True,True,0.3987822011113167,1.2723779666703194,0.0037932770792394,0.0205364429857581,0.0181987490039318,600.0,215.0,14.0,4.0,3520.0,LOWER_BOUND_FOR_CHANGED_FLOAT32_STREAM_COEFFICIENTS_PLUS_SCHEDULE_COUNTS_NOT_A_SERIALIZED_PROTOCOL_MEASUREMENT,44018,,EXECUTED_V4_4_FAILED_SEED_REPLAY,True
candidate_v4_4_floor_first_protected_subband_scheduling,0,0,-0.0006283657710851,-14.475380753048018,0,0,0.0,85.70350607748364,123.00276378908966,0.2551579496140019,2.3885543328363075,0.3056845026761343,2.667095378349947,163,44,7,2.424518113024533,"{'action_class_counts': {'FLOOR_FIRST_PROTECTED_SUBBAND_SCHEDULING_G0': 40, 'SPARSE_LOCAL_STREAM_POWER_REPAIR': 57, 'BASELINE_NOOP': 20}, 'strict_local_scope_gate': 'PASS', 'strict_local_scope_violation_intervals': 0, 'strict_post_mode_selected_power_gate': 'PASS', 'strict_post_mode_power_violation_intervals': 0, 'q0_envelope_deployable_actions': 0, 'unresolved_deployable_intervals': 0, 'diagnostic_g8_scheduling_feasible_intervals': 0, 'network_wide_shutdown_intervals': 0, 'maximum_normalized_floor_shortfall': 0.0, 'maximum_mutable_sector_count': 14, 'maximum_external_interferers_per_violating_user': 2, 'maximum_eess_backoff_sectors': 2, 'maximum_post_mode_selected_power_ratio': 1.0000000000000004, 'maximum_strict_post_mode_selected_power_ratio': 1.0000000000000004, 'maximum_q0_nominal_power_envelope_ratio': 1.0000000000000002, 'protected_subband_scheduling_intervals': 40, 'protected_subband_scheduling_success_intervals': 40, 'protected_subband_scheduling_failure_intervals': 0, 'protected_subband_scheduling_guard_limit_counts': {'0': 40}, 'maximum_schedule_mode_count': 108, 'maximum_schedule_guard_sector_count': 0, 'schedule_slots_per_second': 2000, 'scheduled_nonbaseline_slots_per_second_sum': 47122, 'maximum_scheduled_nonbaseline_slots_per_second': 1197, 'maximum_protected_subband_scheduled_fraction': 0.5985, 'maximum_schedule_nonzero_mode_count': 5, 'maximum_schedule_critical_sector_count': 4, 'maximum_schedule_mutable_sector_count': 4, 'local_table_build_seconds_sum': 0.41054076980799437, 'local_table_build_seconds_max': 0.003847768995910883, 'repair_solver_seconds_sum': 1.3068516184575856, 'repair_solver_seconds_max': 0.01985740615054965, 'repair_solver_seconds_p95_nonzero': 0.01861760001629591, 'schedule_solver_seconds_sum': 0.5011343080550432, 'schedule_solver_seconds_max': 0.014813065994530916, 'candidate_end_to_end_seconds': 2.4244909128174186, 'information_exchange_locality_certified': False, 'action_scope_locality_verified': True, 'global_oracles_classification_only': True, 'changed_stream_coefficient_count_sum': 621, 'changed_sector_interval_count_sum': 217, 'maximum_changed_stream_coefficients_per_interval': 14, 'maximum_changed_sectors_per_interval': 4, 'incremental_float32_payload_lower_bound_bytes_sum': 3604, 'payload_claim_boundary': 'LOWER_BOUND_FOR_CHANGED_FLOAT32_STREAM_COEFFICIENTS_PLUS_SCHEDULE_COUNTS_NOT_A_SERIALIZED_PROTOCOL_MEASUREMENT', 'claim_boundary': 'DEVELOPMENT_REPLAY_ON_PREVIOUSLY_OBSERVED_SEEDS_NOT_CONFIRMATORY_NOT_CALIBRATION_NOT_REGULATORY_COMPLIANCE'}",2,581,117,e48dc9bbf07a88f3c9a0b5c1ed6b2d8c63c559622d3e90647cf7b59fc982daf6,a4d61d99a92206a1fa60b049f7ce004ba7a7046c43e52dbf3ab7dab39606f535,21667afed0ba4eaf3e85ee4e94a4f3fcf0846ce7a10b38bccf649ef44602fa33,candidate_end_to_end_including_sequential_fallback_and_repair_oracles,PASS,PASS,0.0,0.0,0.0,14.0,2.0,2.0,1.0000000000000004,1.0000000000000002,0.0,20.0,0.0,57.0,False,True,True,0.4105407698079943,1.3068516184575856,0.0038477689959108,0.0198574061505496,0.0186176000162959,621.0,217.0,14.0,4.0,3604.0,LOWER_BOUND_FOR_CHANGED_FLOAT32_STREAM_COEFFICIENTS_PLUS_SCHEDULE_COUNTS_NOT_A_SERIALIZED_PROTOCOL_MEASUREMENT,44018,,EXECUTED_V4_4_FAILED_SEED_REPLAY,True
candidate_v4_4_floor_first_protected_subband_scheduling,0,0,-0.0026462655372607,-14.47893500384074,0,0,0.0,89.97490952813999,122.17493910296366,0.2551791555447559,2.39916434426206,0.3062986348428158,2.6790904563553752,158,45,7,2.473567717941478,"{'action_class_counts': {'FLOOR_FIRST_PROTECTED_SUBBAND_SCHEDULING_G0': 41, 'SPARSE_LOCAL_STREAM_POWER_REPAIR': 58, 'BASELINE_NOOP': 20}, 'strict_local_scope_gate': 'PASS', 'strict_local_scope_violation_intervals': 0, 'strict_post_mode_selected_power_gate': 'PASS', 'strict_post_mode_power_violation_intervals': 0, 'q0_envelope_deployable_actions': 0, 'unresolved_deployable_intervals': 0, 'diagnostic_g8_scheduling_feasible_intervals': 0, 'network_wide_shutdown_intervals': 0, 'maximum_normalized_floor_shortfall': 0.0, 'maximum_mutable_sector_count': 14, 'maximum_external_interferers_per_violating_user': 2, 'maximum_eess_backoff_sectors': 2, 'maximum_post_mode_selected_power_ratio': 1.0000000000000004, 'maximum_strict_post_mode_selected_power_ratio': 1.0000000000000004, 'maximum_q0_nominal_power_envelope_ratio': 1.0000000000000002, 'protected_subband_scheduling_intervals': 41, 'protected_subband_scheduling_success_intervals': 41, 'protected_subband_scheduling_failure_intervals': 0, 'protected_subband_scheduling_guard_limit_counts': {'0': 41}, 'maximum_schedule_mode_count': 108, 'maximum_schedule_guard_sector_count': 0, 'schedule_slots_per_second': 2000, 'scheduled_nonbaseline_slots_per_second_sum': 47612, 'maximum_scheduled_nonbaseline_slots_per_second': 1197, 'maximum_protected_subband_scheduled_fraction': 0.5985, 'maximum_schedule_nonzero_mode_count': 5, 'maximum_schedule_critical_sector_count': 4, 'maximum_schedule_mutable_sector_count': 4, 'local_table_build_seconds_sum': 0.41800462640821934, 'local_table_build_seconds_max': 0.0038805680815130472, 'repair_solver_seconds_sum': 1.3404061212204397, 'repair_solver_seconds_max': 0.019954697228968143, 'repair_solver_seconds_p95_nonzero': 0.018758546141907573, 'schedule_solver_seconds_sum': 0.5057390572037548, 'schedule_solver_seconds_max': 0.014564093900844455, 'candidate_end_to_end_seconds': 2.4735409070272, 'information_exchange_locality_certified': False, 'action_scope_locality_verified': True, 'global_oracles_classification_only': True, 'changed_stream_coefficient_count_sum': 625, 'changed_sector_interval_count_sum': 219, 'maximum_changed_stream_coefficients_per_interval': 14, 'maximum_changed_sectors_per_interval': 4, 'incremental_float32_payload_lower_bound_bytes_sum': 3630, 'payload_claim_boundary': 'LOWER_BOUND_FOR_CHANGED_FLOAT32_STREAM_COEFFICIENTS_PLUS_SCHEDULE_COUNTS_NOT_A_SERIALIZED_PROTOCOL_MEASUREMENT', 'claim_boundary': 'DEVELOPMENT_REPLAY_ON_PREVIOUSLY_OBSERVED_SEEDS_NOT_CONFIRMATORY_NOT_CALIBRATION_NOT_REGULATORY_COMPLIANCE'}",3,594,119,14fa6e1515352ed15c2af2393993e9daab7f3829436a82d57531fdc56d3955e2,cc91f80aa1926e719100646aef24f74d6ed4944853f72dfe980690a7263f80e2,d0d5e5c5818fbadda2bdc649b4b2408f959549e66857e22d5231d04d2c95d9fa,candidate_end_to_end_including_sequential_fallback_and_repair_oracles,PASS,PASS,0.0,0.0,0.0,14.0,2.0,2.0,1.0000000000000004,1.0000000000000002,0.0,20.0,0.0,58.0,False,True,True,0.4180046264082193,1.3404061212204397,0.003880568081513,0.0199546972289681,0.0187585461419075,625.0,219.0,14.0,4.0,3630.0,LOWER_BOUND_FOR_CHANGED_FLOAT32_STREAM_COEFFICIENTS_PLUS_SCHEDULE_COUNTS_NOT_A_SERIALIZED_PROTOCOL_MEASUREMENT,44018,,EXECUTED_V4_4_FAILED_SEED_REPLAY,True
candidate_v4_4_floor_first_protected_subband_scheduling,0,0,-0.0013069071750266,-14.505152146433709,0,0,0.0,97.3959631056732,121.68602334667676,0.2552002489673881,2.4111188695068786,0.3066736834269189,2.6901229456890405,154,45,7,2.4906314969994128,"{'action_class_counts': {'FLOOR_FIRST_PROTECTED_SUBBAND_SCHEDULING_G0': 43, 'SPARSE_LOCAL_STREAM_POWER_REPAIR': 58, 'BASELINE_NOOP': 20}, 'strict_local_scope_gate': 'PASS', 'strict_local_scope_violation_intervals': 0, 'strict_post_mode_selected_power_gate': 'PASS', 'strict_post_mode_power_violation_intervals': 0, 'q0_envelope_deployable_actions': 0, 'unresolved_deployable_intervals': 0, 'diagnostic_g8_scheduling_feasible_intervals': 0, 'network_wide_shutdown_intervals': 0, 'maximum_normalized_floor_shortfall': 0.0, 'maximum_mutable_sector_count': 14, 'maximum_external_interferers_per_violating_user': 2, 'maximum_eess_backoff_sectors': 2, 'maximum_post_mode_selected_power_ratio': 1.0000000000000004, 'maximum_strict_post_mode_selected_power_ratio': 1.0000000000000004, 'maximum_q0_nominal_power_envelope_ratio': 1.0000000000000002, 'protected_subband_scheduling_intervals': 43, 'protected_subband_scheduling_success_intervals': 43, 'protected_subband_scheduling_failure_intervals': 0, 'protected_subband_scheduling_guard_limit_counts': {'0': 43}, 'maximum_schedule_mode_count': 108, 'maximum_schedule_guard_sector_count': 0, 'schedule_slots_per_second': 2000, 'scheduled_nonbaseline_slots_per_second_sum': 48697, 'maximum_scheduled_nonbaseline_slots_per_second': 1197, 'maximum_protected_subband_scheduled_fraction': 0.5985, 'maximum_schedule_nonzero_mode_count': 5, 'maximum_schedule_critical_sector_count': 4, 'maximum_schedule_mutable_sector_count': 4, 'local_table_build_seconds_sum': 0.42111410573124886, 'local_table_build_seconds_max': 0.0037169570568948984, 'repair_solver_seconds_sum': 1.355356798041612, 'repair_solver_seconds_max': 0.019193100044503808, 'repair_solver_seconds_p95_nonzero': 0.018506702966988087, 'schedule_solver_seconds_sum': 0.5069433567114174, 'schedule_solver_seconds_max': 0.01474097603932023, 'candidate_end_to_end_seconds': 2.4906056160107255, 'information_exchange_locality_certified': False, 'action_scope_locality_verified': True, 'global_oracles_classification_only': True, 'changed_stream_coefficient_count_sum': 637, 'changed_sector_interval_count_sum': 221, 'maximum_changed_stream_coefficients_per_interval': 14, 'maximum_changed_sectors_per_interval': 4, 'incremental_float32_payload_lower_bound_bytes_sum': 3698, 'payload_claim_boundary': 'LOWER_BOUND_FOR_CHANGED_FLOAT32_STREAM_COEFFICIENTS_PLUS_SCHEDULE_COUNTS_NOT_A_SERIALIZED_PROTOCOL_MEASUREMENT', 'claim_boundary': 'DEVELOPMENT_REPLAY_ON_PREVIOUSLY_OBSERVED_SEEDS_NOT_CONFIRMATORY_NOT_CALIBRATION_NOT_REGULATORY_COMPLIANCE'}",4,605,121,fb626fb5ca2993e5ba5c7dbed696e19d8e470f7958d6756655f579cc3a2f35fe,a6c16641f524ca482e935bc4088133cc74e3bf48fc5048addfd53f3241e3f56f,19b0437ba89e21be089d2754439d8f070f5673770f4d05fd22a0955c0f91465a,candidate_end_to_end_including_sequential_fallback_and_repair_oracles,PASS,PASS,0.0,0.0,0.0,14.0,2.0,2.0,1.0000000000000004,1.0000000000000002,0.0,20.0,0.0,58.0,False,True,True,0.4211141057312488,1.355356798041612,0.0037169570568948,0.0191931000445038,0.018506702966988,637.0,221.0,14.0,4.0,3698.0,LOWER_BOUND_FOR_CHANGED_FLOAT32_STREAM_COEFFICIENTS_PLUS_SCHEDULE_COUNTS_NOT_A_SERIALIZED_PROTOCOL_MEASUREMENT,44018,,EXECUTED_V4_4_FAILED_SEED_REPLAY,True
candidate_v4_4_floor_first_protected_subband_scheduling,0,0,-0.0163084556508304,-14.26120943451515,0,0,0.0,38.71169145197193,85.12926433602522,0.170531258385544,1.897250545945356,0.2561074907973953,2.1902269994622423,76,19,4,2.245296922046691,"{'action_class_counts': {'SPARSE_LOCAL_STREAM_POWER_REPAIR': 65, 'BASELINE_NOOP': 20, 'SPARSE_LOCAL_FROZEN_GRID_SECTOR_REPAIR': 33}, 'maximum_mutable_sector_count': 15, 'maximum_external_interferers_per_violating_user': 2, 'maximum_eess_backoff_sectors': 2, 'strict_local_scope_gate': 'PASS', 'strict_local_scope_violation_intervals': 0, 'strict_post_mode_selected_power_gate': 'PASS', 'strict_post_mode_power_violation_intervals': 0, 'q0_envelope_deployable_actions': 0, 'maximum_strict_post_mode_selected_power_ratio': 0.9999999900000002, 'maximum_q0_nominal_power_envelope_ratio': 0.9745913490421426, 'unresolved_deployable_intervals': 0, 'network_wide_shutdown_intervals': 0, 'maximum_normalized_floor_shortfall': 0.0, 'solver_constraint_reserve': 1e-08, 'solver_primal_feasibility_tolerance': 1e-09, 'solver_dual_feasibility_tolerance': 1e-09, 'local_table_build_seconds_sum': 0.4761938117444515, 'repair_solver_seconds_sum': 1.5145348680671304, 'local_table_build_seconds_max': 0.004348861053586006, 'repair_solver_seconds_max': 0.06500667799264193, 'repair_solver_seconds_p95_nonzero': 0.016851642529945806, 'candidate_end_to_end_seconds': 2.245262071955949, 'changed_stream_coefficient_count_sum': 693, 'changed_sector_interval_count_sum': 324, 'maximum_changed_stream_coefficients_per_interval': 13, 'maximum_changed_sectors_per_interval': 6, 'incremental_float32_payload_lower_bound_bytes_sum': 2772, 'payload_claim_boundary': 'FLOAT32_COEFFICIENT_VALUE_LOWER_BOUND_ONLY_EXCLUDES_IDS_HEADERS_RELIABILITY_AND_TRANSPORT_OVERHEAD', 'information_exchange_locality_certified': False, 'action_scope_locality_verified': True, 'global_oracles_classification_only': True}",0,587,118,997827d3fd599252cea123cbde292c7ebdde0784f89932e3bcf485ffd66222d4,b4bdb5452522759d573767f6e17a0740211b16f85f88dc1dad79a55f7e45399e,a38853ecb9a76ad94192922a6f6bb83f081403ab94c531e0406bfcc7f9a38da3,candidate_end_to_end_including_sequential_fallback_and_repair_oracles,PASS,PASS,0.0,0.0,0.0,15.0,2.0,2.0,0.9999999900000002,0.9745913490421426,0.0,20.0,33.0,65.0,False,True,True,0.4761938117444515,1.5145348680671304,0.004348861053586,0.0650066779926419,0.0168516425299458,693.0,324.0,13.0,6.0,2772.0,FLOAT32_COEFFICIENT_VALUE_LOWER_BOUND_ONLY_EXCLUDES_IDS_HEADERS_RELIABILITY_AND_TRANSPORT_OVERHEAD,44019,19.0,V4_3_EXACT_NOOP_CODE_PATH_REUSE,
candidate_v4_4_floor_first_protected_subband_scheduling,0,0,-0.0033014430526038,-14.20657359552474,0,0,0.0,51.39159746850579,86.23365114135407,0.1699430193580842,1.890137118989316,0.2561074907629453,2.1797990166130834,72,18,4,2.169175843941048,"{'action_class_counts': {'SPARSE_LOCAL_STREAM_POWER_REPAIR': 64, 'SPARSE_LOCAL_FROZEN_GRID_SECTOR_REPAIR': 31, 'BASELINE_NOOP': 20}, 'maximum_mutable_sector_count': 15, 'maximum_external_interferers_per_violating_user': 2, 'maximum_eess_backoff_sectors': 2, 'strict_local_scope_gate': 'PASS', 'strict_local_scope_violation_intervals': 0, 'strict_post_mode_selected_power_gate': 'PASS', 'strict_post_mode_power_violation_intervals': 0, 'q0_envelope_deployable_actions': 0, 'maximum_strict_post_mode_selected_power_ratio': 0.9999999900000001, 'maximum_q0_nominal_power_envelope_ratio': 0.9745866073695194, 'unresolved_deployable_intervals': 0, 'network_wide_shutdown_intervals': 0, 'maximum_normalized_floor_shortfall': 0.0, 'solver_constraint_reserve': 1e-08, 'solver_primal_feasibility_tolerance': 1e-09, 'solver_dual_feasibility_tolerance': 1e-09, 'local_table_build_seconds_sum': 0.46422289055772126, 'repair_solver_seconds_sum': 1.454384401673451, 'local_table_build_seconds_max': 0.004145313054323196, 'repair_solver_seconds_max': 0.05205449205823243, 'repair_solver_seconds_p95_nonzero': 0.01762267039157449, 'candidate_end_to_end_seconds': 2.1691408869810402, 'changed_stream_coefficient_count_sum': 652, 'changed_sector_interval_count_sum': 305, 'maximum_changed_stream_coefficients_per_interval': 13, 'maximum_changed_sectors_per_interval': 6, 'incremental_float32_payload_lower_bound_bytes_sum': 2608, 'payload_claim_boundary': 'FLOAT32_COEFFICIENT_VALUE_LOWER_BOUND_ONLY_EXCLUDES_IDS_HEADERS_RELIABILITY_AND_TRANSPORT_OVERHEAD', 'information_exchange_locality_certified': False, 'action_scope_locality_verified': True, 'global_oracles_classification_only': True}",1,571,115,f0794a2434060a0354a7b7a2262f875dfe287768dbae6cf20095295f3d3f9dc7,993da227a04b9bb801fe2f4dbcbc591ded8eca4a3d4e192e64cd871eac4a831b,99b05bebcc25c5906170633af9a67430f00adbd8a26c72c5679b8923a6a982e8,candidate_end_to_end_including_sequential_fallback_and_repair_oracles,PASS,PASS,0.0,0.0,0.0,15.0,2.0,2.0,0.99999999,0.9745866073695194,0.0,20.0,31.0,64.0,False,True,True,0.4642228905577212,1.454384401673451,0.0041453130543231,0.0520544920582324,0.0176226703915744,652.0,305.0,13.0,6.0,2608.0,FLOAT32_COEFFICIENT_VALUE_LOWER_BOUND_ONLY_EXCLUDES_IDS_HEADERS_RELIABILITY_AND_TRANSPORT_OVERHEAD,44019,19.0,V4_3_EXACT_NOOP_CODE_PATH_REUSE,
candidate_v4_4_floor_first_protected_subband_scheduling,0,0,-0.0045233594074979,-14.273274824498124,0,0,0.0,42.96422473861728,85.6223429829956,0.1687148833432898,1.8947483082517185,0.2717206899497263,2.187281672391012,49,13,4,2.177226826082915,"{'action_class_counts': {'SPARSE_LOCAL_STREAM_POWER_REPAIR': 67, 'SPARSE_LOCAL_FROZEN_GRID_SECTOR_REPAIR': 30, 'BASELINE_NOOP': 20}, 'maximum_mutable_sector_count': 15, 'maximum_external_interferers_per_violating_user': 2, 'maximum_eess_backoff_sectors': 2, 'strict_local_scope_gate': 'PASS', 'strict_local_scope_violation_intervals': 0, 'strict_post_mode_selected_power_gate': 'PASS', 'strict_post_mode_power_violation_intervals': 0, 'q0_envelope_deployable_actions': 0, 'maximum_strict_post_mode_selected_power_ratio': 0.9999999900000002, 'maximum_q0_nominal_power_envelope_ratio': 0.9745970346612465, 'unresolved_deployable_intervals': 0, 'network_wide_shutdown_intervals': 0, 'maximum_normalized_floor_shortfall': 0.0, 'solver_constraint_reserve': 1e-08, 'solver_primal_feasibility_tolerance': 1e-09, 'solver_dual_feasibility_tolerance': 1e-09, 'local_table_build_seconds_sum': 0.47784106293693185, 'repair_solver_seconds_sum': 1.4437295484822243, 'local_table_build_seconds_max': 0.0044294060207903385, 'repair_solver_seconds_max': 0.05233980901539326, 'repair_solver_seconds_p95_nonzero': 0.017501848004758354, 'candidate_end_to_end_seconds': 2.177194532006979, 'changed_stream_coefficient_count_sum': 554, 'changed_sector_interval_count_sum': 270, 'maximum_changed_stream_coefficients_per_interval': 13, 'maximum_changed_sectors_per_interval': 6, 'incremental_float32_payload_lower_bound_bytes_sum': 2216, 'payload_claim_boundary': 'FLOAT32_COEFFICIENT_VALUE_LOWER_BOUND_ONLY_EXCLUDES_IDS_HEADERS_RELIABILITY_AND_TRANSPORT_OVERHEAD', 'information_exchange_locality_certified': False, 'action_scope_locality_verified': True, 'global_oracles_classification_only': True}",2,581,117,5f1a8930e1c533b4cc76d0304235460cae55dad2dfe135804b92647be94c5346,04e60852c00a463792c854ddf258d4bce3eef49dbaea9ecced9d682b8cc85c99,67f9261040a3bd3f248b29e8f0d6f49b0cdc5b1b36376a1f17f2d936500b89d8,candidate_end_to_end_including_sequential_fallback_and_repair_oracles,PASS,PASS,0.0,0.0,0.0,15.0,2.0,2.0,0.9999999900000002,0.9745970346612464,0.0,20.0,30.0,67.0,False,True,True,0.4778410629369318,1.4437295484822243,0.0044294060207903,0.0523398090153932,0.0175018480047583,554.0,270.0,13.0,6.0,2216.0,FLOAT32_COEFFICIENT_VALUE_LOWER_BOUND_ONLY_EXCLUDES_IDS_HEADERS_RELIABILITY_AND_TRANSPORT_OVERHEAD,44019,19.0,V4_3_EXACT_NOOP_CODE_PATH_REUSE,
candidate_v4_4_floor_first_protected_subband_scheduling,0,0,-0.0141275167112574,-14.290305346611587,0,0,0.0,47.452369984218656,84.67910370693008,0.1678359357208434,1.893806965843299,0.2862626624262267,2.196574385597219,51,18,4,2.155758657027036,"{'action_class_counts': {'SPARSE_LOCAL_STREAM_POWER_REPAIR': 65, 'SPARSE_LOCAL_FROZEN_GRID_SECTOR_REPAIR': 34, 'BASELINE_NOOP': 20}, 'maximum_mutable_sector_count': 15, 'maximum_external_interferers_per_violating_user': 2, 'maximum_eess_backoff_sectors': 2, 'strict_local_scope_gate': 'PASS', 'strict_local_scope_violation_intervals': 0, 'strict_post_mode_selected_power_gate': 'PASS', 'strict_post_mode_power_violation_intervals': 0, 'q0_envelope_deployable_actions': 0, 'maximum_strict_post_mode_selected_power_ratio': 0.9999999900000002, 'maximum_q0_nominal_power_envelope_ratio': 0.9745913490421426, 'unresolved_deployable_intervals': 0, 'network_wide_shutdown_intervals': 0, 'maximum_normalized_floor_shortfall': 0.0, 'solver_constraint_reserve': 1e-08, 'solver_primal_feasibility_tolerance': 1e-09, 'solver_dual_feasibility_tolerance': 1e-09, 'local_table_build_seconds_sum': 0.48018607683479786, 'repair_solver_seconds_sum': 1.4199009269941598, 'local_table_build_seconds_max': 0.004399850033223629, 'repair_solver_seconds_max': 0.047506608068943024, 'repair_solver_seconds_p95_nonzero': 0.016107385372743012, 'candidate_end_to_end_seconds': 2.1557265899609774, 'changed_stream_coefficient_count_sum': 566, 'changed_sector_interval_count_sum': 272, 'maximum_changed_stream_coefficients_per_interval': 12, 'maximum_changed_sectors_per_interval': 6, 'incremental_float32_payload_lower_bound_bytes_sum': 2264, 'payload_claim_boundary': 'FLOAT32_COEFFICIENT_VALUE_LOWER_BOUND_ONLY_EXCLUDES_IDS_HEADERS_RELIABILITY_AND_TRANSPORT_OVERHEAD', 'information_exchange_locality_certified': False, 'action_scope_locality_verified': True, 'global_oracles_classification_only': True}",3,594,119,45f6843bb40fb382eef47e3bd54f317714a345c214978bceac2c7cd3e53308d4,f858f8ff6412aa58f41755952ded9e642ef8fd9ba21b177552f73025419ff6fa,4bcb890774739bfb04a1eb06f08d36803d9caf09d102e8d1546fa2020110a986,candidate_end_to_end_including_sequential_fallback_and_repair_oracles,PASS,PASS,0.0,0.0,0.0,15.0,2.0,2.0,0.9999999900000002,0.9745913490421426,0.0,20.0,34.0,65.0,False,True,True,0.4801860768347978,1.4199009269941598,0.0043998500332236,0.047506608068943,0.016107385372743,566.0,272.0,12.0,6.0,2264.0,FLOAT32_COEFFICIENT_VALUE_LOWER_BOUND_ONLY_EXCLUDES_IDS_HEADERS_RELIABILITY_AND_TRANSPORT_OVERHEAD,44019,19.0,V4_3_EXACT_NOOP_CODE_PATH_REUSE,
candidate_v4_4_floor_first_protected_subband_scheduling,0,0,-0.0113557492662629,-14.253364785560134,0,0,0.0,56.300245451899016,84.12255268286117,0.1678622611345917,1.896068686075132,0.2872716331750323,2.207975340460452,68,26,4,2.2060895739123225,"{'action_class_counts': {'SPARSE_LOCAL_STREAM_POWER_REPAIR': 66, 'SPARSE_LOCAL_FROZEN_GRID_SECTOR_REPAIR': 35, 'BASELINE_NOOP': 20}, 'maximum_mutable_sector_count': 15, 'maximum_external_interferers_per_violating_user': 2, 'maximum_eess_backoff_sectors': 2, 'strict_local_scope_gate': 'PASS', 'strict_local_scope_violation_intervals': 0, 'strict_post_mode_selected_power_gate': 'PASS', 'strict_post_mode_power_violation_intervals': 0, 'q0_envelope_deployable_actions': 0, 'maximum_strict_post_mode_selected_power_ratio': 0.9999999900000001, 'maximum_q0_nominal_power_envelope_ratio': 0.9745913490421426, 'unresolved_deployable_intervals': 0, 'network_wide_shutdown_intervals': 0, 'maximum_normalized_floor_shortfall': 0.0, 'solver_constraint_reserve': 1e-08, 'solver_primal_feasibility_tolerance': 1e-09, 'solver_dual_feasibility_tolerance': 1e-09, 'local_table_build_seconds_sum': 0.48578189429827034, 'repair_solver_seconds_sum': 1.4599110211711377, 'local_table_build_seconds_max': 0.004259228007867932, 'repair_solver_seconds_max': 0.04799730400554836, 'repair_solver_seconds_p95_nonzero': 0.016015727072954178, 'candidate_end_to_end_seconds': 2.2060571620240808, 'changed_stream_coefficient_count_sum': 562, 'changed_sector_interval_count_sum': 267, 'maximum_changed_stream_coefficients_per_interval': 12, 'maximum_changed_sectors_per_interval': 6, 'incremental_float32_payload_lower_bound_bytes_sum': 2248, 'payload_claim_boundary': 'FLOAT32_COEFFICIENT_VALUE_LOWER_BOUND_ONLY_EXCLUDES_IDS_HEADERS_RELIABILITY_AND_TRANSPORT_OVERHEAD', 'information_exchange_locality_certified': False, 'action_scope_locality_verified': True, 'global_oracles_classification_only': True}",4,605,121,9627d657c06a680ef325d0fc70392e103ee7dc2c4af0fd1b23cfab6fa5db6dc9,bc3f7e947271b8e65e30faf0fc374d33de85fe7f1fef173d0e684c0fc3560c5b,9fb0d866b21a06a392931176b097496dbe4e3f6f022adb6aae21941176da9e20,candidate_end_to_end_including_sequential_fallback_and_repair_oracles,PASS,PASS,0.0,0.0,0.0,15.0,2.0,2.0,0.99999999,0.9745913490421426,0.0,20.0,35.0,66.0,False,True,True,0.4857818942982703,1.4599110211711377,0.0042592280078679,0.0479973040055483,0.0160157270729541,562.0,267.0,12.0,6.0,2248.0,FLOAT32_COEFFICIENT_VALUE_LOWER_BOUND_ONLY_EXCLUDES_IDS_HEADERS_RELIABILITY_AND_TRANSPORT_OVERHEAD,44019,19.0,V4_3_EXACT_NOOP_CODE_PATH_REUSE,
candidate_v4_4_floor_first_protected_subband_scheduling,0,0,-0.0024069640374618,-14.268738904918852,0,0,0.0,53.690445060513056,105.44778997252142,0.2422802142464768,2.1079352170670265,0.3707566355820217,2.41820133588334,76,44,5,1.6184437009505928,"{'action_class_counts': {'SPARSE_LOCAL_STREAM_POWER_REPAIR': 60, 'BASELINE_NOOP': 58}, 'maximum_mutable_sector_count': 11, 'maximum_external_interferers_per_violating_user': 2, 'maximum_eess_backoff_sectors': 2, 'strict_local_scope_gate': 'PASS', 'strict_local_scope_violation_intervals': 0, 'strict_post_mode_selected_power_gate': 'PASS', 'strict_post_mode_power_violation_intervals': 0, 'q0_envelope_deployable_actions': 0, 'maximum_strict_post_mode_selected_power_ratio': 0.8596974099704466, 'maximum_q0_nominal_power_envelope_ratio': 0.8268858125015697, 'unresolved_deployable_intervals': 0, 'network_wide_shutdown_intervals': 0, 'maximum_normalized_floor_shortfall': 0.0, 'solver_constraint_reserve': 1e-08, 'solver_primal_feasibility_tolerance': 1e-09, 'solver_dual_feasibility_tolerance': 1e-09, 'local_table_build_seconds_sum': 0.4762826000805944, 'repair_solver_seconds_sum': 0.8818230906035751, 'local_table_build_seconds_max': 0.004673367133364081, 'repair_solver_seconds_max': 0.030402846867218614, 'repair_solver_seconds_p95_nonzero': 0.015081117267254739, 'candidate_end_to_end_seconds': 1.6184032859746367, 'changed_stream_coefficient_count_sum': 284, 'changed_sector_interval_count_sum': 160, 'maximum_changed_stream_coefficients_per_interval': 7, 'maximum_changed_sectors_per_interval': 3, 'incremental_float32_payload_lower_bound_bytes_sum': 1136, 'payload_claim_boundary': 'FLOAT32_COEFFICIENT_VALUE_LOWER_BOUND_ONLY_EXCLUDES_IDS_HEADERS_RELIABILITY_AND_TRANSPORT_OVERHEAD', 'information_exchange_locality_certified': False, 'action_scope_locality_verified': True, 'global_oracles_classification_only': True}",0,587,118,2e851b70e609eccac3a19e7e4b17ba0797cb7922975671b20849b15b6baae6da,dcb41d524a632da9a08af770a8e3d8e6b62facefcf06ea51757e01d8c856f16c,7b82bc2e2e727e2f71f00963323f50072de10c4e5742a6a4a58a6a557bc3e6f9,candidate_end_to_end_including_sequential_fallback_and_repair_oracles,PASS,PASS,0.0,0.0,0.0,11.0,2.0,2.0,0.8596974099704466,0.8268858125015697,0.0,58.0,0.0,60.0,False,True,True,0.4762826000805944,0.8818230906035751,0.004673367133364,0.0304028468672186,0.0150811172672547,284.0,160.0,7.0,3.0,1136.0,FLOAT32_COEFFICIENT_VALUE_LOWER_BOUND_ONLY_EXCLUDES_IDS_HEADERS_RELIABILITY_AND_TRANSPORT_OVERHEAD,44020,20.0,V4_3_EXACT_NOOP_CODE_PATH_REUSE,
candidate_v4_4_floor_first_protected_subband_scheduling,0,0,-0.0017694882429463,-14.232830702256036,0,0,0.0,66.06381100905838,106.7064727940828,0.2422796328108326,2.097962730845965,0.3699408793206217,2.407236755106675,71,39,5,1.5781758741941303,"{'action_class_counts': {'SPARSE_LOCAL_STREAM_POWER_REPAIR': 60, 'BASELINE_NOOP': 55}, 'maximum_mutable_sector_count': 11, 'maximum_external_interferers_per_violating_user': 2, 'maximum_eess_backoff_sectors': 2, 'strict_local_scope_gate': 'PASS', 'strict_local_scope_violation_intervals': 0, 'strict_post_mode_selected_power_gate': 'PASS', 'strict_post_mode_power_violation_intervals': 0, 'q0_envelope_deployable_actions': 0, 'maximum_strict_post_mode_selected_power_ratio': 0.7879142978587387, 'maximum_q0_nominal_power_envelope_ratio': 0.7836726397560788, 'unresolved_deployable_intervals': 0, 'network_wide_shutdown_intervals': 0, 'maximum_normalized_floor_shortfall': 0.0, 'solver_constraint_reserve': 1e-08, 'solver_primal_feasibility_tolerance': 1e-09, 'solver_dual_feasibility_tolerance': 1e-09, 'local_table_build_seconds_sum': 0.46437298972159624, 'repair_solver_seconds_sum': 0.8641800384502858, 'local_table_build_seconds_max': 0.004455881891772151, 'repair_solver_seconds_max': 0.016812494955956936, 'repair_solver_seconds_p95_nonzero': 0.014909529453143477, 'candidate_end_to_end_seconds': 1.5781373491045088, 'changed_stream_coefficient_count_sum': 280, 'changed_sector_interval_count_sum': 160, 'maximum_changed_stream_coefficients_per_interval': 7, 'maximum_changed_sectors_per_interval': 3, 'incremental_float32_payload_lower_bound_bytes_sum': 1120, 'payload_claim_boundary': 'FLOAT32_COEFFICIENT_VALUE_LOWER_BOUND_ONLY_EXCLUDES_IDS_HEADERS_RELIABILITY_AND_TRANSPORT_OVERHEAD', 'information_exchange_locality_certified': False, 'action_scope_locality_verified': True, 'global_oracles_classification_only': True}",1,571,115,edce9a8b2ab600c43008322cbfbd3b4ac0250c38fba73c2dc75285e87e3e8fac,25c738309f1cf339624813203c1e43028da263b712bc92e90b1bb2ffe82e3756,2fec82005c9757f119e8fede56386d8ed65a79c971a6b22c22e182d4a0c0d90c,candidate_end_to_end_including_sequential_fallback_and_repair_oracles,PASS,PASS,0.0,0.0,0.0,11.0,2.0,2.0,0.7879142978587387,0.7836726397560788,0.0,55.0,0.0,60.0,False,True,True,0.4643729897215962,0.8641800384502858,0.0044558818917721,0.0168124949559569,0.0149095294531434,280.0,160.0,7.0,3.0,1120.0,FLOAT32_COEFFICIENT_VALUE_LOWER_BOUND_ONLY_EXCLUDES_IDS_HEADERS_RELIABILITY_AND_TRANSPORT_OVERHEAD,44020,20.0,V4_3_EXACT_NOOP_CODE_PATH_REUSE,
candidate_v4_4_floor_first_protected_subband_scheduling,0,0,-4.133356150012451e-05,-14.27120507406442,0,0,0.0,57.85131962487177,105.95094024058494,0.229631494711009,2.1011411162091616,0.3708882310718424,2.414516012894909,68,40,5,1.5801460018847138,"{'action_class_counts': {'SPARSE_LOCAL_STREAM_POWER_REPAIR': 60, 'BASELINE_NOOP': 57}, 'maximum_mutable_sector_count': 11, 'maximum_external_interferers_per_violating_user': 2, 'maximum_eess_backoff_sectors': 2, 'strict_local_scope_gate': 'PASS', 'strict_local_scope_violation_intervals': 0, 'strict_post_mode_selected_power_gate': 'PASS', 'strict_post_mode_power_violation_intervals': 0, 'q0_envelope_deployable_actions': 0, 'maximum_strict_post_mode_selected_power_ratio': 0.7627086755090803, 'maximum_q0_nominal_power_envelope_ratio': 0.7576862187774331, 'unresolved_deployable_intervals': 0, 'network_wide_shutdown_intervals': 0, 'maximum_normalized_floor_shortfall': 0.0, 'solver_constraint_reserve': 1e-08, 'solver_primal_feasibility_tolerance': 1e-09, 'solver_dual_feasibility_tolerance': 1e-09, 'local_table_build_seconds_sum': 0.47352716280147433, 'repair_solver_seconds_sum': 0.8589809401892126, 'local_table_build_seconds_max': 0.004321726970374584, 'repair_solver_seconds_max': 0.01609008712694049, 'repair_solver_seconds_p95_nonzero': 0.014894832635764032, 'candidate_end_to_end_seconds': 1.5801130780018866, 'changed_stream_coefficient_count_sum': 271, 'changed_sector_interval_count_sum': 160, 'maximum_changed_stream_coefficients_per_interval': 7, 'maximum_changed_sectors_per_interval': 3, 'incremental_float32_payload_lower_bound_bytes_sum': 1084, 'payload_claim_boundary': 'FLOAT32_COEFFICIENT_VALUE_LOWER_BOUND_ONLY_EXCLUDES_IDS_HEADERS_RELIABILITY_AND_TRANSPORT_OVERHEAD', 'information_exchange_locality_certified': False, 'action_scope_locality_verified': True, 'global_oracles_classification_only': True}",2,581,117,76a2d709c7841ae11e71b54cbf899d4c3242a0956446250d36fa17d8af60fab2,924f76b32c1355b8699d0c8c51ac757db53653c3305208c868461c6a66f8ae5c,c38512377d9ac7bb7734f1439117ab503bb54eb1a2a6406a63edab3b5f5729e1,candidate_end_to_end_including_sequential_fallback_and_repair_oracles,PASS,PASS,0.0,0.0,0.0,11.0,2.0,2.0,0.7627086755090803,0.7576862187774331,0.0,57.0,0.0,60.0,False,True,True,0.4735271628014743,0.8589809401892126,0.0043217269703745,0.0160900871269404,0.014894832635764,271.0,160.0,7.0,3.0,1084.0,FLOAT32_COEFFICIENT_VALUE_LOWER_BOUND_ONLY_EXCLUDES_IDS_HEADERS_RELIABILITY_AND_TRANSPORT_OVERHEAD,44020,20.0,V4_3_EXACT_NOOP_CODE_PATH_REUSE,
candidate_v4_4_floor_first_protected_subband_scheduling,0,0,-0.0001000633250319,-14.295143288420537,0,0,0.0,61.00442866393861,104.8818511605705,0.2422786051705366,2.1079691414143684,0.3710619652513922,2.423105154248759,68,40,5,1.5877630119211972,"{'action_class_counts': {'SPARSE_LOCAL_STREAM_POWER_REPAIR': 60, 'BASELINE_NOOP': 59}, 'maximum_mutable_sector_count': 11, 'maximum_external_interferers_per_violating_user': 2, 'maximum_eess_backoff_sectors': 2, 'strict_local_scope_gate': 'PASS', 'strict_local_scope_violation_intervals': 0, 'strict_post_mode_selected_power_gate': 'PASS', 'strict_post_mode_power_violation_intervals': 0, 'q0_envelope_deployable_actions': 0, 'maximum_strict_post_mode_selected_power_ratio': 0.7748131530674075, 'maximum_q0_nominal_power_envelope_ratio': 0.76962242968115, 'unresolved_deployable_intervals': 0, 'network_wide_shutdown_intervals': 0, 'maximum_normalized_floor_shortfall': 0.0, 'solver_constraint_reserve': 1e-08, 'solver_primal_feasibility_tolerance': 1e-09, 'solver_dual_feasibility_tolerance': 1e-09, 'local_table_build_seconds_sum': 0.48279903433285654, 'repair_solver_seconds_sum': 0.8536086082458496, 'local_table_build_seconds_max': 0.004346479894593358, 'repair_solver_seconds_max': 0.015681750839576125, 'repair_solver_seconds_p95_nonzero': 0.014784366462845356, 'candidate_end_to_end_seconds': 1.5877282139845192, 'changed_stream_coefficient_count_sum': 271, 'changed_sector_interval_count_sum': 160, 'maximum_changed_stream_coefficients_per_interval': 6, 'maximum_changed_sectors_per_interval': 3, 'incremental_float32_payload_lower_bound_bytes_sum': 1084, 'payload_claim_boundary': 'FLOAT32_COEFFICIENT_VALUE_LOWER_BOUND_ONLY_EXCLUDES_IDS_HEADERS_RELIABILITY_AND_TRANSPORT_OVERHEAD', 'information_exchange_locality_certified': False, 'action_scope_locality_verified': True, 'global_oracles_classification_only': True}",3,594,119,2c00226960c89e7f18dcc94d7dfae108508d4013bdb28bbe89da1718b9f1a6cf,3d2e155368d9638e25ae4e292f44443b055d5963a6819feea95698a3fc487824,5ceb6344262c70d0b98d83ec5249e62e807ccb63034417ec1b77a267956e049a,candidate_end_to_end_including_sequential_fallback_and_repair_oracles,PASS,PASS,0.0,0.0,0.0,11.0,2.0,2.0,0.7748131530674075,0.76962242968115,0.0,59.0,0.0,60.0,False,True,True,0.4827990343328565,0.8536086082458496,0.0043464798945933,0.0156817508395761,0.0147843664628453,271.0,160.0,6.0,3.0,1084.0,FLOAT32_COEFFICIENT_VALUE_LOWER_BOUND_ONLY_EXCLUDES_IDS_HEADERS_RELIABILITY_AND_TRANSPORT_OVERHEAD,44020,20.0,V4_3_EXACT_NOOP_CODE_PATH_REUSE,
candidate_v4_4_floor_first_protected_subband_scheduling,0,0,-0.0002086288410619,-14.295143288420537,0,0,0.0,68.47129552277964,104.18492759313926,0.2443441534376088,2.1159324427101454,0.3711945845514398,2.4331777548249742,65,39,5,1.5980650170240551,"{'action_class_counts': {'SPARSE_LOCAL_STREAM_POWER_REPAIR': 60, 'BASELINE_NOOP': 61}, 'maximum_mutable_sector_count': 11, 'maximum_external_interferers_per_violating_user': 2, 'maximum_eess_backoff_sectors': 2, 'strict_local_scope_gate': 'PASS', 'strict_local_scope_violation_intervals': 0, 'strict_post_mode_selected_power_gate': 'PASS', 'strict_post_mode_power_violation_intervals': 0, 'q0_envelope_deployable_actions': 0, 'maximum_strict_post_mode_selected_power_ratio': 0.7591492776043874, 'maximum_q0_nominal_power_envelope_ratio': 0.7543182378018025, 'unresolved_deployable_intervals': 0, 'network_wide_shutdown_intervals': 0, 'maximum_normalized_floor_shortfall': 0.0, 'solver_constraint_reserve': 1e-08, 'solver_primal_feasibility_tolerance': 1e-09, 'solver_dual_feasibility_tolerance': 1e-09, 'local_table_build_seconds_sum': 0.48907266091555357, 'repair_solver_seconds_sum': 0.8539241959806532, 'local_table_build_seconds_max': 0.004564806120470166, 'repair_solver_seconds_max': 0.015837016981095076, 'repair_solver_seconds_p95_nonzero': 0.01478257942944765, 'candidate_end_to_end_seconds': 1.5980252751614898, 'changed_stream_coefficient_count_sum': 273, 'changed_sector_interval_count_sum': 160, 'maximum_changed_stream_coefficients_per_interval': 6, 'maximum_changed_sectors_per_interval': 3, 'incremental_float32_payload_lower_bound_bytes_sum': 1092, 'payload_claim_boundary': 'FLOAT32_COEFFICIENT_VALUE_LOWER_BOUND_ONLY_EXCLUDES_IDS_HEADERS_RELIABILITY_AND_TRANSPORT_OVERHEAD', 'information_exchange_locality_certified': False, 'action_scope_locality_verified': True, 'global_oracles_classification_only': True}",4,605,121,bfed21f643a72cd5a4858abdce5a0c5a4c3f2a049a834680bc2db07735d75987,a12638f23fc9832f52ff3aeb7bb3770ab431d735f415395822dd7cb31e761af5,9cd0c64ce61d9d0fad0cbb07202ac55ca32facc1978c4ea8508db11b85c70539,candidate_end_to_end_including_sequential_fallback_and_repair_oracles,PASS,PASS,0.0,0.0,0.0,11.0,2.0,2.0,0.7591492776043874,0.7543182378018025,0.0,61.0,0.0,60.0,False,True,True,0.4890726609155535,0.8539241959806532,0.0045648061204701,0.015837016981095,0.0147825794294476,273.0,160.0,6.0,3.0,1092.0,FLOAT32_COEFFICIENT_VALUE_LOWER_BOUND_ONLY_EXCLUDES_IDS_HEADERS_RELIABILITY_AND_TRANSPORT_OVERHEAD,44020,20.0,V4_3_EXACT_NOOP_CODE_PATH_REUSE,
candidate_v4_4_floor_first_protected_subband_scheduling,0,0,-0.0007033330986839,-14.127703517185171,0,0,0.0,42.68696350046918,90.44330276778624,0.2108692482907675,1.8771601114455327,0.3880295585085455,2.277110848041434,52,18,3,1.6404047069954686,"{'action_class_counts': {'SPARSE_LOCAL_STREAM_POWER_REPAIR': 60, 'BASELINE_NOOP': 58}, 'maximum_mutable_sector_count': 11, 'maximum_external_interferers_per_violating_user': 2, 'maximum_eess_backoff_sectors': 2, 'strict_local_scope_gate': 'PASS', 'strict_local_scope_violation_intervals': 0, 'strict_post_mode_selected_power_gate': 'PASS', 'strict_post_mode_power_violation_intervals': 0, 'q0_envelope_deployable_actions': 0, 'maximum_strict_post_mode_selected_power_ratio': 0.9999999900000001, 'maximum_q0_nominal_power_envelope_ratio': 0.9762338921409898, 'unresolved_deployable_intervals': 0, 'network_wide_shutdown_intervals': 0, 'maximum_normalized_floor_shortfall': 0.0, 'solver_constraint_reserve': 1e-08, 'solver_primal_feasibility_tolerance': 1e-09, 'solver_dual_feasibility_tolerance': 1e-09, 'local_table_build_seconds_sum': 0.47352105390746146, 'repair_solver_seconds_sum': 0.913911119045224, 'local_table_build_seconds_max': 0.004414733994053677, 'repair_solver_seconds_max': 0.04997784399893135, 'repair_solver_seconds_p95_nonzero': 0.01553633499424904, 'candidate_end_to_end_seconds': 1.640368718013633, 'changed_stream_coefficient_count_sum': 238, 'changed_sector_interval_count_sum': 140, 'maximum_changed_stream_coefficients_per_interval': 8, 'maximum_changed_sectors_per_interval': 3, 'incremental_float32_payload_lower_bound_bytes_sum': 952, 'payload_claim_boundary': 'FLOAT32_COEFFICIENT_VALUE_LOWER_BOUND_ONLY_EXCLUDES_IDS_HEADERS_RELIABILITY_AND_TRANSPORT_OVERHEAD', 'information_exchange_locality_certified': False, 'action_scope_locality_verified': True, 'global_oracles_classification_only': True}",0,587,118,71cac47270a1c88487cfd17df410f50e7e0b853675316fa949dfda66934eb9ce,15683c4ece93f2f73513a5411e37e91516179c140185b8724d42ab9733b5212c,20f30b9fbdb71de021a2a8149b411b57eb30c6e3d9ca2e3f5ac6f6bbf1691e8e,candidate_end_to_end_including_sequential_fallback_and_repair_oracles,PASS,PASS,0.0,0.0,0.0,11.0,2.0,2.0,0.99999999,0.9762338921409898,0.0,58.0,0.0,60.0,False,True,True,0.4735210539074614,0.913911119045224,0.0044147339940536,0.0499778439989313,0.015536334994249,238.0,140.0,8.0,3.0,952.0,FLOAT32_COEFFICIENT_VALUE_LOWER_BOUND_ONLY_EXCLUDES_IDS_HEADERS_RELIABILITY_AND_TRANSPORT_OVERHEAD,44021,21.0,V4_3_EXACT_NOOP_CODE_PATH_REUSE,
candidate_v4_4_floor_first_protected_subband_scheduling,0,0,-0.0011316345488667,-14.12746008807698,0,0,0.0,55.21699215556762,91.5600599845343,0.2148803910866142,1.8658924313490988,0.3877606972396572,2.2633343725198025,54,19,3,1.5763080129981972,"{'action_class_counts': {'SPARSE_LOCAL_STREAM_POWER_REPAIR': 60, 'BASELINE_NOOP': 55}, 'maximum_mutable_sector_count': 11, 'maximum_external_interferers_per_violating_user': 2, 'maximum_eess_backoff_sectors': 2, 'strict_local_scope_gate': 'PASS', 'strict_local_scope_violation_intervals': 0, 'strict_post_mode_selected_power_gate': 'PASS', 'strict_post_mode_power_violation_intervals': 0, 'q0_envelope_deployable_actions': 0, 'maximum_strict_post_mode_selected_power_ratio': 0.9999999900000001, 'maximum_q0_nominal_power_envelope_ratio': 0.9762339521393916, 'unresolved_deployable_intervals': 0, 'network_wide_shutdown_intervals': 0, 'maximum_normalized_floor_shortfall': 0.0, 'solver_constraint_reserve': 1e-08, 'solver_primal_feasibility_tolerance': 1e-09, 'solver_dual_feasibility_tolerance': 1e-09, 'local_table_build_seconds_sum': 0.4597083718981594, 'repair_solver_seconds_sum': 0.87236601812765, 'local_table_build_seconds_max': 0.004304995993152261, 'repair_solver_seconds_max': 0.021521059999940917, 'repair_solver_seconds_p95_nonzero': 0.015399303032609168, 'candidate_end_to_end_seconds': 1.5762731610157061, 'changed_stream_coefficient_count_sum': 241, 'changed_sector_interval_count_sum': 140, 'maximum_changed_stream_coefficients_per_interval': 7, 'maximum_changed_sectors_per_interval': 3, 'incremental_float32_payload_lower_bound_bytes_sum': 964, 'payload_claim_boundary': 'FLOAT32_COEFFICIENT_VALUE_LOWER_BOUND_ONLY_EXCLUDES_IDS_HEADERS_RELIABILITY_AND_TRANSPORT_OVERHEAD', 'information_exchange_locality_certified': False, 'action_scope_locality_verified': True, 'global_oracles_classification_only': True}",1,571,115,470c5553d52cb707cfd337dea39f7e01393e10c28695b5ccb93a4e5881f8547b,24a3933147f98125ad9dcec7ae63cecb07d25a984ea39a83580a54bf38d8ab4a,fe573fa89d3ad354124e6a496400aa5b9185a69232fee8b3f0fa6dbf7c9c4ef2,candidate_end_to_end_including_sequential_fallback_and_repair_oracles,PASS,PASS,0.0,0.0,0.0,11.0,2.0,2.0,0.99999999,0.9762339521393916,0.0,55.0,0.0,60.0,False,True,True,0.4597083718981594,0.87236601812765,0.0043049959931522,0.0215210599999409,0.0153993030326091,241.0,140.0,7.0,3.0,964.0,FLOAT32_COEFFICIENT_VALUE_LOWER_BOUND_ONLY_EXCLUDES_IDS_HEADERS_RELIABILITY_AND_TRANSPORT_OVERHEAD,44021,21.0,V4_3_EXACT_NOOP_CODE_PATH_REUSE,
candidate_v4_4_floor_first_protected_subband_scheduling,0,0,-0.0035318649494121,-14.09016054872904,0,0,0.0,46.78953022710723,90.87104413815344,0.2098156159082602,1.866874560702598,0.3880384713305753,2.272001121065007,40,18,3,1.5933192369993776,"{'action_class_counts': {'SPARSE_LOCAL_STREAM_POWER_REPAIR': 60, 'BASELINE_NOOP': 57}, 'maximum_mutable_sector_count': 11, 'maximum_external_interferers_per_violating_user': 2, 'maximum_eess_backoff_sectors': 2, 'strict_local_scope_gate': 'PASS', 'strict_local_scope_violation_intervals': 0, 'strict_post_mode_selected_power_gate': 'PASS', 'strict_post_mode_power_violation_intervals': 0, 'q0_envelope_deployable_actions': 0, 'maximum_strict_post_mode_selected_power_ratio': 0.9999999900000002, 'maximum_q0_nominal_power_envelope_ratio': 0.9762349493749357, 'unresolved_deployable_intervals': 0, 'network_wide_shutdown_intervals': 0, 'maximum_normalized_floor_shortfall': 0.0, 'solver_constraint_reserve': 1e-08, 'solver_primal_feasibility_tolerance': 1e-09, 'solver_dual_feasibility_tolerance': 1e-09, 'local_table_build_seconds_sum': 0.4667481222713832, 'repair_solver_seconds_sum': 0.8773568910837639, 'local_table_build_seconds_max': 0.004318023973610252, 'repair_solver_seconds_max': 0.040153828012989834, 'repair_solver_seconds_p95_nonzero': 0.015365186290000565, 'candidate_end_to_end_seconds': 1.5932816400018055, 'changed_stream_coefficient_count_sum': 207, 'changed_sector_interval_count_sum': 123, 'maximum_changed_stream_coefficients_per_interval': 6, 'maximum_changed_sectors_per_interval': 3, 'incremental_float32_payload_lower_bound_bytes_sum': 828, 'payload_claim_boundary': 'FLOAT32_COEFFICIENT_VALUE_LOWER_BOUND_ONLY_EXCLUDES_IDS_HEADERS_RELIABILITY_AND_TRANSPORT_OVERHEAD', 'information_exchange_locality_certified': False, 'action_scope_locality_verified': True, 'global_oracles_classification_only': True}",2,581,117,e0400fbb8fd753ef0cfc7f47feb9d00ce912f25f5b90cab1b725a6539c4d7e45,8d9a12b06855272d89328ba5bdb18c2c58e68464cd8dd236bcd322717057b8a7,c35bfd51ee73ab356c0e7d528450dd66c3f227d8d5bca1d8df5c5992749638c2,candidate_end_to_end_including_sequential_fallback_and_repair_oracles,PASS,PASS,0.0,0.0,0.0,11.0,2.0,2.0,0.9999999900000002,0.9762349493749356,0.0,57.0,0.0,60.0,False,True,True,0.4667481222713832,0.8773568910837639,0.0043180239736102,0.0401538280129898,0.0153651862900005,207.0,123.0,6.0,3.0,828.0,FLOAT32_COEFFICIENT_VALUE_LOWER_BOUND_ONLY_EXCLUDES_IDS_HEADERS_RELIABILITY_AND_TRANSPORT_OVERHEAD,44021,21.0,V4_3_EXACT_NOOP_CODE_PATH_REUSE,
candidate_v4_4_floor_first_protected_subband_scheduling,0,0,-0.0008139213024861,-14.13607238680105,0,0,0.0,51.63169244138756,89.90131986577275,0.2213367930060218,1.8787415847780489,0.3880825002742289,2.281326457126972,27,10,3,1.640122179989703,"{'action_class_counts': {'SPARSE_LOCAL_STREAM_POWER_REPAIR': 60, 'BASELINE_NOOP': 58, 'SPARSE_LOCAL_FROZEN_GRID_SECTOR_REPAIR': 1}, 'maximum_mutable_sector_count': 11, 'maximum_external_interferers_per_violating_user': 2, 'maximum_eess_backoff_sectors': 2, 'strict_local_scope_gate': 'PASS', 'strict_local_scope_violation_intervals': 0, 'strict_post_mode_selected_power_gate': 'PASS', 'strict_post_mode_power_violation_intervals': 0, 'q0_envelope_deployable_actions': 0, 'maximum_strict_post_mode_selected_power_ratio': 0.9999999900000002, 'maximum_q0_nominal_power_envelope_ratio': 0.9762349493749357, 'unresolved_deployable_intervals': 0, 'network_wide_shutdown_intervals': 0, 'maximum_normalized_floor_shortfall': 0.0, 'solver_constraint_reserve': 1e-08, 'solver_primal_feasibility_tolerance': 1e-09, 'solver_dual_feasibility_tolerance': 1e-09, 'local_table_build_seconds_sum': 0.47826646620524116, 'repair_solver_seconds_sum': 0.9085583049454726, 'local_table_build_seconds_max': 0.004373083997052163, 'repair_solver_seconds_max': 0.0381581689871382, 'repair_solver_seconds_p95_nonzero': 0.015272887016180903, 'candidate_end_to_end_seconds': 1.6400909560034052, 'changed_stream_coefficient_count_sum': 209, 'changed_sector_interval_count_sum': 124, 'maximum_changed_stream_coefficients_per_interval': 6, 'maximum_changed_sectors_per_interval': 3, 'incremental_float32_payload_lower_bound_bytes_sum': 836, 'payload_claim_boundary': 'FLOAT32_COEFFICIENT_VALUE_LOWER_BOUND_ONLY_EXCLUDES_IDS_HEADERS_RELIABILITY_AND_TRANSPORT_OVERHEAD', 'information_exchange_locality_certified': False, 'action_scope_locality_verified': True, 'global_oracles_classification_only': True}",3,594,119,c2f4f6f876836df4843e2e3dfecb6a5c2c2d24f942112eb7f7121ad8565d6766,cf7ccfb7b55f1b733455395bf2068b34a9db63832658dc2a3a6f8df7b544b341,16abd70d7eb2524935ebb0ebc28e2c485aa969339a386103f768b0d74f441df1,candidate_end_to_end_including_sequential_fallback_and_repair_oracles,PASS,PASS,0.0,0.0,0.0,11.0,2.0,2.0,0.9999999900000002,0.9762349493749356,0.0,58.0,1.0,60.0,False,True,True,0.4782664662052411,0.9085583049454726,0.0043730839970521,0.0381581689871382,0.0152728870161809,209.0,124.0,6.0,3.0,836.0,FLOAT32_COEFFICIENT_VALUE_LOWER_BOUND_ONLY_EXCLUDES_IDS_HEADERS_RELIABILITY_AND_TRANSPORT_OVERHEAD,44021,21.0,V4_3_EXACT_NOOP_CODE_PATH_REUSE,
candidate_v4_4_floor_first_protected_subband_scheduling,0,0,-0.0090002699589275,-14.20002368490561,0,0,0.0,60.6970112411109,89.33367694351475,0.2213378410746874,1.8838222046925723,0.3895037059383665,2.2909100482246783,48,18,3,1.674707430996932,"{'action_class_counts': {'SPARSE_LOCAL_STREAM_POWER_REPAIR': 60, 'BASELINE_NOOP': 58, 'SPARSE_LOCAL_FROZEN_GRID_SECTOR_REPAIR': 3}, 'maximum_mutable_sector_count': 11, 'maximum_external_interferers_per_violating_user': 2, 'maximum_eess_backoff_sectors': 2, 'strict_local_scope_gate': 'PASS', 'strict_local_scope_violation_intervals': 0, 'strict_post_mode_selected_power_gate': 'PASS', 'strict_post_mode_power_violation_intervals': 0, 'q0_envelope_deployable_actions': 0, 'maximum_strict_post_mode_selected_power_ratio': 0.9999999900000002, 'maximum_q0_nominal_power_envelope_ratio': 0.9762349493749357, 'unresolved_deployable_intervals': 0, 'network_wide_shutdown_intervals': 0, 'maximum_normalized_floor_shortfall': 0.0, 'solver_constraint_reserve': 1e-08, 'solver_primal_feasibility_tolerance': 1e-09, 'solver_dual_feasibility_tolerance': 1e-09, 'local_table_build_seconds_sum': 0.4844166860275436, 'repair_solver_seconds_sum': 0.9341043900349177, 'local_table_build_seconds_max': 0.0043567300017457455, 'repair_solver_seconds_max': 0.048167892993660644, 'repair_solver_seconds_p95_nonzero': 0.015218269891920499, 'candidate_end_to_end_seconds': 1.6746723969990853, 'changed_stream_coefficient_count_sum': 214, 'changed_sector_interval_count_sum': 126, 'maximum_changed_stream_coefficients_per_interval': 6, 'maximum_changed_sectors_per_interval': 3, 'incremental_float32_payload_lower_bound_bytes_sum': 856, 'payload_claim_boundary': 'FLOAT32_COEFFICIENT_VALUE_LOWER_BOUND_ONLY_EXCLUDES_IDS_HEADERS_RELIABILITY_AND_TRANSPORT_OVERHEAD', 'information_exchange_locality_certified': False, 'action_scope_locality_verified': True, 'global_oracles_classification_only': True}",4,605,121,493f8c3eb132ef123a75733b2330606ee7dbe3bc50faf7a11354141fd6bc4178,8ee70d58b109bbb2d2df10fdbc856ae0faeba5f6a41dc5558b6170751a622d35,b18753f96ceac552e7fc088e1d19f40412f51a011ae23fe1345934b3f26746ba,candidate_end_to_end_including_sequential_fallback_and_repair_oracles,PASS,PASS,0.0,0.0,0.0,11.0,2.0,2.0,0.9999999900000002,0.9762349493749356,0.0,58.0,3.0,60.0,False,True,True,0.4844166860275436,0.9341043900349176,0.0043567300017457,0.0481678929936606,0.0152182698919204,214.0,126.0,6.0,3.0,856.0,FLOAT32_COEFFICIENT_VALUE_LOWER_BOUND_ONLY_EXCLUDES_IDS_HEADERS_RELIABILITY_AND_TRANSPORT_OVERHEAD,44021,21.0,V4_3_EXACT_NOOP_CODE_PATH_REUSE,
candidate_v4_4_floor_first_protected_subband_scheduling,0,0,-0.0001168905825195,-14.172710003828872,0,0,0.0,54.74954173948916,99.98456500098597,0.2967196160978846,2.150463536564781,0.4273337821477489,2.362697371701795,130,17,8,2.164374065003358,"{'action_class_counts': {'SPARSE_LOCAL_STREAM_POWER_REPAIR': 98, 'BASELINE_NOOP': 20}, 'maximum_mutable_sector_count': 8, 'maximum_external_interferers_per_violating_user': 2, 'maximum_eess_backoff_sectors': 2, 'strict_local_scope_gate': 'PASS', 'strict_local_scope_violation_intervals': 0, 'strict_post_mode_selected_power_gate': 'PASS', 'strict_post_mode_power_violation_intervals': 0, 'q0_envelope_deployable_actions': 0, 'maximum_strict_post_mode_selected_power_ratio': 0.9999999900000001, 'maximum_q0_nominal_power_envelope_ratio': 0.9972028809598614, 'unresolved_deployable_intervals': 0, 'network_wide_shutdown_intervals': 0, 'maximum_normalized_floor_shortfall': 0.0, 'solver_constraint_reserve': 1e-08, 'solver_primal_feasibility_tolerance': 1e-09, 'solver_dual_feasibility_tolerance': 1e-09, 'local_table_build_seconds_sum': 0.4675027108460199, 'repair_solver_seconds_sum': 1.4322690450353548, 'local_table_build_seconds_max': 0.0041162020061165094, 'repair_solver_seconds_max': 0.05381281900918111, 'repair_solver_seconds_p95_nonzero': 0.018113785257446446, 'candidate_end_to_end_seconds': 2.164336496993201, 'changed_stream_coefficient_count_sum': 405, 'changed_sector_interval_count_sum': 168, 'maximum_changed_stream_coefficients_per_interval': 7, 'maximum_changed_sectors_per_interval': 3, 'incremental_float32_payload_lower_bound_bytes_sum': 1620, 'payload_claim_boundary': 'FLOAT32_COEFFICIENT_VALUE_LOWER_BOUND_ONLY_EXCLUDES_IDS_HEADERS_RELIABILITY_AND_TRANSPORT_OVERHEAD', 'information_exchange_locality_certified': False, 'action_scope_locality_verified': True, 'global_oracles_classification_only': True}",0,587,118,f4e6a7aa7b4638c33cd159af3578c0d04942f1a543cb9732402d4327c1ddfaba,1ad17ee52f7cee8e6c2c845d1d29638c9236c411a40d79b93cb13a1c1286c5f6,138040e1437e93ce11d16026219b245bb461a1d70d0789b83fde894903678dfd,candidate_end_to_end_including_sequential_fallback_and_repair_oracles,PASS,PASS,0.0,0.0,0.0,8.0,2.0,2.0,0.99999999,0.9972028809598614,0.0,20.0,0.0,98.0,False,True,True,0.4675027108460199,1.4322690450353548,0.0041162020061165,0.0538128190091811,0.0181137852574464,405.0,168.0,7.0,3.0,1620.0,FLOAT32_COEFFICIENT_VALUE_LOWER_BOUND_ONLY_EXCLUDES_IDS_HEADERS_RELIABILITY_AND_TRANSPORT_OVERHEAD,44022,22.0,V4_3_EXACT_NOOP_CODE_PATH_REUSE,
candidate_v4_4_floor_first_protected_subband_scheduling,0,0,-0.0182052283048472,-14.167365831368954,0,0,0.0,66.35248492806264,101.07429485455812,0.2967217574719251,2.1364069270350137,0.4240925200525661,2.3497018401087435,136,17,8,1.9959509010077452,"{'action_class_counts': {'SPARSE_LOCAL_STREAM_POWER_REPAIR': 95, 'BASELINE_NOOP': 20}, 'maximum_mutable_sector_count': 8, 'maximum_external_interferers_per_violating_user': 2, 'maximum_eess_backoff_sectors': 2, 'strict_local_scope_gate': 'PASS', 'strict_local_scope_violation_intervals': 0, 'strict_post_mode_selected_power_gate': 'PASS', 'strict_post_mode_power_violation_intervals': 0, 'q0_envelope_deployable_actions': 0, 'maximum_strict_post_mode_selected_power_ratio': 0.9999999900000001, 'maximum_q0_nominal_power_envelope_ratio': 0.9972028809598614, 'unresolved_deployable_intervals': 0, 'network_wide_shutdown_intervals': 0, 'maximum_normalized_floor_shortfall': 0.0, 'solver_constraint_reserve': 1e-08, 'solver_primal_feasibility_tolerance': 1e-09, 'solver_dual_feasibility_tolerance': 1e-09, 'local_table_build_seconds_sum': 0.4585376218019519, 'repair_solver_seconds_sum': 1.2837291980686132, 'local_table_build_seconds_max': 0.004300932021578774, 'repair_solver_seconds_max': 0.03975545699358918, 'repair_solver_seconds_p95_nonzero': 0.013686222906108015, 'candidate_end_to_end_seconds': 1.9959145089960657, 'changed_stream_coefficient_count_sum': 396, 'changed_sector_interval_count_sum': 163, 'maximum_changed_stream_coefficients_per_interval': 7, 'maximum_changed_sectors_per_interval': 3, 'incremental_float32_payload_lower_bound_bytes_sum': 1584, 'payload_claim_boundary': 'FLOAT32_COEFFICIENT_VALUE_LOWER_BOUND_ONLY_EXCLUDES_IDS_HEADERS_RELIABILITY_AND_TRANSPORT_OVERHEAD', 'information_exchange_locality_certified': False, 'action_scope_locality_verified': True, 'global_oracles_classification_only': True}",1,571,115,ad712762bb11d4d83a0d5923dbe97d91bff3eb5af11de330c610d736770e4784,5658d71fdd1e78b2c040a36798ec8216b82b845aaa2a6c8eb3eb48eee8290b06,ef608c497a87a7b66aafb3f478a07910783d1f6a661216725a1ab81fda919569,candidate_end_to_end_including_sequential_fallback_and_repair_oracles,PASS,PASS,0.0,0.0,0.0,8.0,2.0,2.0,0.99999999,0.9972028809598614,0.0,20.0,0.0,95.0,False,True,True,0.4585376218019519,1.2837291980686132,0.0043009320215787,0.0397554569935891,0.013686222906108,396.0,163.0,7.0,3.0,1584.0,FLOAT32_COEFFICIENT_VALUE_LOWER_BOUND_ONLY_EXCLUDES_IDS_HEADERS_RELIABILITY_AND_TRANSPORT_OVERHEAD,44022,22.0,V4_3_EXACT_NOOP_CODE_PATH_REUSE,
candidate_v4_4_floor_first_protected_subband_scheduling,0,0,-0.0199607029453418,-14.202984252991676,0,0,0.0,58.52143316342864,100.43181248091756,0.3149067179865871,2.146162275783836,0.4238785250275307,2.358248398916691,125,16,8,2.133206447993871,"{'action_class_counts': {'SPARSE_LOCAL_STREAM_POWER_REPAIR': 97, 'BASELINE_NOOP': 20}, 'maximum_mutable_sector_count': 8, 'maximum_external_interferers_per_violating_user': 2, 'maximum_eess_backoff_sectors': 2, 'strict_local_scope_gate': 'PASS', 'strict_local_scope_violation_intervals': 0, 'strict_post_mode_selected_power_gate': 'PASS', 'strict_post_mode_power_violation_intervals': 0, 'q0_envelope_deployable_actions': 0, 'maximum_strict_post_mode_selected_power_ratio': 0.9999999900000001, 'maximum_q0_nominal_power_envelope_ratio': 0.9972219526593616, 'unresolved_deployable_intervals': 0, 'network_wide_shutdown_intervals': 0, 'maximum_normalized_floor_shortfall': 0.0, 'solver_constraint_reserve': 1e-08, 'solver_primal_feasibility_tolerance': 1e-09, 'solver_dual_feasibility_tolerance': 1e-09, 'local_table_build_seconds_sum': 0.46315148295252584, 'repair_solver_seconds_sum': 1.4144102551508695, 'local_table_build_seconds_max': 0.004133107984671369, 'repair_solver_seconds_max': 0.06392127499566413, 'repair_solver_seconds_p95_nonzero': 0.014854302583262273, 'candidate_end_to_end_seconds': 2.133171727997251, 'changed_stream_coefficient_count_sum': 413, 'changed_sector_interval_count_sum': 171, 'maximum_changed_stream_coefficients_per_interval': 7, 'maximum_changed_sectors_per_interval': 3, 'incremental_float32_payload_lower_bound_bytes_sum': 1652, 'payload_claim_boundary': 'FLOAT32_COEFFICIENT_VALUE_LOWER_BOUND_ONLY_EXCLUDES_IDS_HEADERS_RELIABILITY_AND_TRANSPORT_OVERHEAD', 'information_exchange_locality_certified': False, 'action_scope_locality_verified': True, 'global_oracles_classification_only': True}",2,581,117,5671071735a173696af4626c7d88fe4b9b786fa57a28822cfd208c73e46a733e,c91bbcb6f2921f547c716810a0df71ed3c2611f73ba72f5380f74d171a3438ef,93b612325e267bbd046813242731d9ed9e0c086c3f2ba5477df8d69d0556b0f6,candidate_end_to_end_including_sequential_fallback_and_repair_oracles,PASS,PASS,0.0,0.0,0.0,8.0,2.0,2.0,0.99999999,0.9972219526593616,0.0,20.0,0.0,97.0,False,True,True,0.4631514829525258,1.4144102551508697,0.0041331079846713,0.0639212749956641,0.0148543025832622,413.0,171.0,7.0,3.0,1652.0,FLOAT32_COEFFICIENT_VALUE_LOWER_BOUND_ONLY_EXCLUDES_IDS_HEADERS_RELIABILITY_AND_TRANSPORT_OVERHEAD,44022,22.0,V4_3_EXACT_NOOP_CODE_PATH_REUSE,
candidate_v4_4_floor_first_protected_subband_scheduling,0,0,-0.0001638469652976,-14.158637528874191,0,0,0.0,62.75290749339398,99.50019490688868,0.3149360679866991,2.1572498889229226,0.4238788279205211,2.3687393038243303,92,12,8,2.041410756995901,"{'action_class_counts': {'SPARSE_LOCAL_STREAM_POWER_REPAIR': 98, 'BASELINE_NOOP': 21}, 'maximum_mutable_sector_count': 8, 'maximum_external_interferers_per_violating_user': 2, 'maximum_eess_backoff_sectors': 2, 'strict_local_scope_gate': 'PASS', 'strict_local_scope_violation_intervals': 0, 'strict_post_mode_selected_power_gate': 'PASS', 'strict_post_mode_power_violation_intervals': 0, 'q0_envelope_deployable_actions': 0, 'maximum_strict_post_mode_selected_power_ratio': 0.9999999900000001, 'maximum_q0_nominal_power_envelope_ratio': 0.9972028809598614, 'unresolved_deployable_intervals': 0, 'network_wide_shutdown_intervals': 0, 'maximum_normalized_floor_shortfall': 0.0, 'solver_constraint_reserve': 1e-08, 'solver_primal_feasibility_tolerance': 1e-09, 'solver_dual_feasibility_tolerance': 1e-09, 'local_table_build_seconds_sum': 0.4720406599517446, 'repair_solver_seconds_sum': 1.310890183027368, 'local_table_build_seconds_max': 0.0041128440061584115, 'repair_solver_seconds_max': 0.02748637498007156, 'repair_solver_seconds_p95_nonzero': 0.013729322746803519, 'candidate_end_to_end_seconds': 2.0413739960058592, 'changed_stream_coefficient_count_sum': 425, 'changed_sector_interval_count_sum': 174, 'maximum_changed_stream_coefficients_per_interval': 7, 'maximum_changed_sectors_per_interval': 3, 'incremental_float32_payload_lower_bound_bytes_sum': 1700, 'payload_claim_boundary': 'FLOAT32_COEFFICIENT_VALUE_LOWER_BOUND_ONLY_EXCLUDES_IDS_HEADERS_RELIABILITY_AND_TRANSPORT_OVERHEAD', 'information_exchange_locality_certified': False, 'action_scope_locality_verified': True, 'global_oracles_classification_only': True}",3,594,119,24d082fea902b11f00910a301ded0530c96d153f46502ac056cbabbdb226de36,4da179dbe8a9553b9ade1d362ce5b3393b9ac2538969dd3be3b178eff18ea465,b5a49ff89ea3a2315b98749fb1db94317c8c0bfeae720bcefb3cc209a6e1ae5e,candidate_end_to_end_including_sequential_fallback_and_repair_oracles,PASS,PASS,0.0,0.0,0.0,8.0,2.0,2.0,0.99999999,0.9972028809598614,0.0,21.0,0.0,98.0,False,True,True,0.4720406599517446,1.310890183027368,0.0041128440061584,0.0274863749800715,0.0137293227468035,425.0,174.0,7.0,3.0,1700.0,FLOAT32_COEFFICIENT_VALUE_LOWER_BOUND_ONLY_EXCLUDES_IDS_HEADERS_RELIABILITY_AND_TRANSPORT_OVERHEAD,44022,22.0,V4_3_EXACT_NOOP_CODE_PATH_REUSE,
candidate_v4_4_floor_first_protected_subband_scheduling,0,0,-0.0037156300815587,-14.17313943811601,0,0,0.0,70.54056345101455,98.94531396642566,0.3150144746894417,2.17032163747064,0.4239469756766318,2.381052700790228,112,15,8,2.086460200982401,"{'action_class_counts': {'SPARSE_LOCAL_STREAM_POWER_REPAIR': 98, 'BASELINE_NOOP': 23}, 'maximum_mutable_sector_count': 8, 'maximum_external_interferers_per_violating_user': 2, 'maximum_eess_backoff_sectors': 2, 'strict_local_scope_gate': 'PASS', 'strict_local_scope_violation_intervals': 0, 'strict_post_mode_selected_power_gate': 'PASS', 'strict_post_mode_power_violation_intervals': 0, 'q0_envelope_deployable_actions': 0, 'maximum_strict_post_mode_selected_power_ratio': 0.9999999900000001, 'maximum_q0_nominal_power_envelope_ratio': 0.9972028809598614, 'unresolved_deployable_intervals': 0, 'network_wide_shutdown_intervals': 0, 'maximum_normalized_floor_shortfall': 0.0, 'solver_constraint_reserve': 1e-08, 'solver_primal_feasibility_tolerance': 1e-09, 'solver_dual_feasibility_tolerance': 1e-09, 'local_table_build_seconds_sum': 0.4864752229768783, 'repair_solver_seconds_sum': 1.3353736040007789, 'local_table_build_seconds_max': 0.00432397800614126, 'repair_solver_seconds_max': 0.04673944300157018, 'repair_solver_seconds_p95_nonzero': 0.013692022759641986, 'candidate_end_to_end_seconds': 2.0864238379872404, 'changed_stream_coefficient_count_sum': 422, 'changed_sector_interval_count_sum': 174, 'maximum_changed_stream_coefficients_per_interval': 7, 'maximum_changed_sectors_per_interval': 3, 'incremental_float32_payload_lower_bound_bytes_sum': 1688, 'payload_claim_boundary': 'FLOAT32_COEFFICIENT_VALUE_LOWER_BOUND_ONLY_EXCLUDES_IDS_HEADERS_RELIABILITY_AND_TRANSPORT_OVERHEAD', 'information_exchange_locality_certified': False, 'action_scope_locality_verified': True, 'global_oracles_classification_only': True}",4,605,121,4ee92b551315a51eb4b590fd09c0db2b3bb249932cc866e9519c9eb3fd9f3b56,54e233c2aa387f14a94ad4428f726fed61f778f66675313fdd5bb1b303a71f44,0642d1f250d11bd9b620a28c61b00750b62463e9470f4e49411727b6cc207288,candidate_end_to_end_including_sequential_fallback_and_repair_oracles,PASS,PASS,0.0,0.0,0.0,8.0,2.0,2.0,0.99999999,0.9972028809598614,0.0,23.0,0.0,98.0,False,True,True,0.4864752229768783,1.3353736040007789,0.0043239780061412,0.0467394430015701,0.0136920227596419,422.0,174.0,7.0,3.0,1688.0,FLOAT32_COEFFICIENT_VALUE_LOWER_BOUND_ONLY_EXCLUDES_IDS_HEADERS_RELIABILITY_AND_TRANSPORT_OVERHEAD,44022,22.0,V4_3_EXACT_NOOP_CODE_PATH_REUSE,
candidate_v4_4_floor_first_protected_subband_scheduling,0,0,-0.0011098188077648,-14.235615639972249,0,0,0.0,32.99331945123772,81.5217342523593,0.2481186796273149,1.9483841316825568,0.3123353015082464,2.155865421957099,172,19,10,1.5822445559315383,"{'action_class_counts': {'SPARSE_LOCAL_STREAM_POWER_REPAIR': 60, 'BASELINE_NOOP': 58}, 'maximum_mutable_sector_count': 5, 'maximum_external_interferers_per_violating_user': 2, 'maximum_eess_backoff_sectors': 2, 'strict_local_scope_gate': 'PASS', 'strict_local_scope_violation_intervals': 0, 'strict_post_mode_selected_power_gate': 'PASS', 'strict_post_mode_power_violation_intervals': 0, 'q0_envelope_deployable_actions': 0, 'maximum_strict_post_mode_selected_power_ratio': 0.568755221002282, 'maximum_q0_nominal_power_envelope_ratio': 0.5390277013082553, 'unresolved_deployable_intervals': 0, 'network_wide_shutdown_intervals': 0, 'maximum_normalized_floor_shortfall': 0.0, 'solver_constraint_reserve': 1e-08, 'solver_primal_feasibility_tolerance': 1e-09, 'solver_dual_feasibility_tolerance': 1e-09, 'local_table_build_seconds_sum': 0.47323017474263906, 'repair_solver_seconds_sum': 0.8627290702424943, 'local_table_build_seconds_max': 0.004359143786132336, 'repair_solver_seconds_max': 0.046835382003337145, 'repair_solver_seconds_p95_nonzero': 0.01438700235448777, 'candidate_end_to_end_seconds': 1.5822051521390676, 'changed_stream_coefficient_count_sum': 75, 'changed_sector_interval_count_sum': 60, 'maximum_changed_stream_coefficients_per_interval': 2, 'maximum_changed_sectors_per_interval': 1, 'incremental_float32_payload_lower_bound_bytes_sum': 300, 'payload_claim_boundary': 'FLOAT32_COEFFICIENT_VALUE_LOWER_BOUND_ONLY_EXCLUDES_IDS_HEADERS_RELIABILITY_AND_TRANSPORT_OVERHEAD', 'information_exchange_locality_certified': False, 'action_scope_locality_verified': True, 'global_oracles_classification_only': True}",0,587,118,bae839af2e07c26ea01457d2b2d25874010b3a733ad29213eb212025b1f9f6e9,02224cff38c029887a2cbae40ca97f17829177a5cbf4382bcae393a65e33d7d1,8782b6145c1dd396185c9a3eb74c07b5c65e47498b5bda46fcfa34ae74a2f233,candidate_end_to_end_including_sequential_fallback_and_repair_oracles,PASS,PASS,0.0,0.0,0.0,5.0,2.0,2.0,0.568755221002282,0.5390277013082553,0.0,58.0,0.0,60.0,False,True,True,0.473230174742639,0.8627290702424943,0.0043591437861323,0.0468353820033371,0.0143870023544877,75.0,60.0,2.0,1.0,300.0,FLOAT32_COEFFICIENT_VALUE_LOWER_BOUND_ONLY_EXCLUDES_IDS_HEADERS_RELIABILITY_AND_TRANSPORT_OVERHEAD,44023,23.0,V4_3_EXACT_NOOP_CODE_PATH_REUSE,
candidate_v4_4_floor_first_protected_subband_scheduling,0,0,-0.0011098188077648,-14.235615639972249,0,0,0.0,44.8361680651857,82.70683479866776,0.2481084044156065,1.9453136714665185,0.3016611983086382,2.149415009096225,171,19,10,1.5223424611613154,"{'action_class_counts': {'SPARSE_LOCAL_STREAM_POWER_REPAIR': 60, 'BASELINE_NOOP': 55}, 'maximum_mutable_sector_count': 5, 'maximum_external_interferers_per_violating_user': 2, 'maximum_eess_backoff_sectors': 2, 'strict_local_scope_gate': 'PASS', 'strict_local_scope_violation_intervals': 0, 'strict_post_mode_selected_power_gate': 'PASS', 'strict_post_mode_power_violation_intervals': 0, 'q0_envelope_deployable_actions': 0, 'maximum_strict_post_mode_selected_power_ratio': 0.5687552225611567, 'maximum_q0_nominal_power_envelope_ratio': 0.5390277027856512, 'unresolved_deployable_intervals': 0, 'network_wide_shutdown_intervals': 0, 'maximum_normalized_floor_shortfall': 0.0, 'solver_constraint_reserve': 1e-08, 'solver_primal_feasibility_tolerance': 1e-09, 'solver_dual_feasibility_tolerance': 1e-09, 'local_table_build_seconds_sum': 0.4591353232972324, 'repair_solver_seconds_sum': 0.8223354741930962, 'local_table_build_seconds_max': 0.004208785947412252, 'repair_solver_seconds_max': 0.016157490201294422, 'repair_solver_seconds_p95_nonzero': 0.014054612978361547, 'candidate_end_to_end_seconds': 1.5223040403798223, 'changed_stream_coefficient_count_sum': 70, 'changed_sector_interval_count_sum': 60, 'maximum_changed_stream_coefficients_per_interval': 2, 'maximum_changed_sectors_per_interval': 1, 'incremental_float32_payload_lower_bound_bytes_sum': 280, 'payload_claim_boundary': 'FLOAT32_COEFFICIENT_VALUE_LOWER_BOUND_ONLY_EXCLUDES_IDS_HEADERS_RELIABILITY_AND_TRANSPORT_OVERHEAD', 'information_exchange_locality_certified': False, 'action_scope_locality_verified': True, 'global_oracles_classification_only': True}",1,571,115,207d3559483284ac004226eaebfd9d07f4bf6668ced1f0a89cac3f04f32a5846,aace6d7d481169b5248ed9df69b7abcdc27586cd2f6b83c8fe00a4dc36047d7d,bb13f04a367c36fda163e89519e337d1de9bc3bd92b692115a7c274d4804b56e,candidate_end_to_end_including_sequential_fallback_and_repair_oracles,PASS,PASS,0.0,0.0,0.0,5.0,2.0,2.0,0.5687552225611567,0.5390277027856512,0.0,55.0,0.0,60.0,False,True,True,0.4591353232972324,0.8223354741930962,0.0042087859474122,0.0161574902012944,0.0140546129783615,70.0,60.0,2.0,1.0,280.0,FLOAT32_COEFFICIENT_VALUE_LOWER_BOUND_ONLY_EXCLUDES_IDS_HEADERS_RELIABILITY_AND_TRANSPORT_OVERHEAD,44023,23.0,V4_3_EXACT_NOOP_CODE_PATH_REUSE,
candidate_v4_4_floor_first_protected_subband_scheduling,0,0,-0.0001037785949859,-14.162621231148126,0,0,0.0,36.827560969736254,81.99309799392114,0.2481159468707303,1.945428577974578,0.3016562472010107,2.153633541950541,121,13,10,1.5561189190484583,"{'action_class_counts': {'SPARSE_LOCAL_STREAM_POWER_REPAIR': 60, 'BASELINE_NOOP': 57}, 'maximum_mutable_sector_count': 5, 'maximum_external_interferers_per_violating_user': 2, 'maximum_eess_backoff_sectors': 2, 'strict_local_scope_gate': 'PASS', 'strict_local_scope_violation_intervals': 0, 'strict_post_mode_selected_power_gate': 'PASS', 'strict_post_mode_power_violation_intervals': 0, 'q0_envelope_deployable_actions': 0, 'maximum_strict_post_mode_selected_power_ratio': 0.566024330206277, 'maximum_q0_nominal_power_envelope_ratio': 0.5364395761135828, 'unresolved_deployable_intervals': 0, 'network_wide_shutdown_intervals': 0, 'maximum_normalized_floor_shortfall': 0.0, 'solver_constraint_reserve': 1e-08, 'solver_primal_feasibility_tolerance': 1e-09, 'solver_dual_feasibility_tolerance': 1e-09, 'local_table_build_seconds_sum': 0.47294309083372355, 'repair_solver_seconds_sum': 0.8316260352730751, 'local_table_build_seconds_max': 0.004214347805827856, 'repair_solver_seconds_max': 0.024812567979097366, 'repair_solver_seconds_p95_nonzero': 0.014037734363228083, 'candidate_end_to_end_seconds': 1.5560862077400088, 'changed_stream_coefficient_count_sum': 60, 'changed_sector_interval_count_sum': 60, 'maximum_changed_stream_coefficients_per_interval': 1, 'maximum_changed_sectors_per_interval': 1, 'incremental_float32_payload_lower_bound_bytes_sum': 240, 'payload_claim_boundary': 'FLOAT32_COEFFICIENT_VALUE_LOWER_BOUND_ONLY_EXCLUDES_IDS_HEADERS_RELIABILITY_AND_TRANSPORT_OVERHEAD', 'information_exchange_locality_certified': False, 'action_scope_locality_verified': True, 'global_oracles_classification_only': True}",2,581,117,af250254f26a112e41c69becadb030c0c6b7aa2f07d6636e506aa438fac479e2,374a4cc56a4a8df347a7a8df0ca19457cdd2d1dc25a38ed727bdc70f4b6bc937,c7be2a92dda0ae65e388b371a9b57ae9a1c07b72135c3b2fae292f8f191b53ac,candidate_end_to_end_including_sequential_fallback_and_repair_oracles,PASS,PASS,0.0,0.0,0.0,5.0,2.0,2.0,0.566024330206277,0.5364395761135828,0.0,57.0,0.0,60.0,False,True,True,0.4729430908337235,0.8316260352730751,0.0042143478058278,0.0248125679790973,0.014037734363228,60.0,60.0,1.0,1.0,240.0,FLOAT32_COEFFICIENT_VALUE_LOWER_BOUND_ONLY_EXCLUDES_IDS_HEADERS_RELIABILITY_AND_TRANSPORT_OVERHEAD,44023,23.0,V4_3_EXACT_NOOP_CODE_PATH_REUSE,
candidate_v4_4_floor_first_protected_subband_scheduling,0,0,-0.0024662266535884,-14.162621231148126,0,0,0.0,40.37054046499513,81.00336364056304,0.2308434406008155,1.9465902788729916,0.3159007271513667,2.160591698563476,142,16,10,1.5529389446601272,"{'action_class_counts': {'SPARSE_LOCAL_STREAM_POWER_REPAIR': 60, 'BASELINE_NOOP': 59}, 'maximum_mutable_sector_count': 5, 'maximum_external_interferers_per_violating_user': 2, 'maximum_eess_backoff_sectors': 2, 'strict_local_scope_gate': 'PASS', 'strict_local_scope_violation_intervals': 0, 'strict_post_mode_selected_power_gate': 'PASS', 'strict_post_mode_power_violation_intervals': 0, 'q0_envelope_deployable_actions': 0, 'maximum_strict_post_mode_selected_power_ratio': 0.5662029769646125, 'maximum_q0_nominal_power_envelope_ratio': 0.5366088478829837, 'unresolved_deployable_intervals': 0, 'network_wide_shutdown_intervals': 0, 'maximum_normalized_floor_shortfall': 0.0, 'solver_constraint_reserve': 1e-08, 'solver_primal_feasibility_tolerance': 1e-09, 'solver_dual_feasibility_tolerance': 1e-09, 'local_table_build_seconds_sum': 0.47699626814574003, 'repair_solver_seconds_sum': 0.8207984794862568, 'local_table_build_seconds_max': 0.00434922007843852, 'repair_solver_seconds_max': 0.016172160394489765, 'repair_solver_seconds_p95_nonzero': 0.014013857394456864, 'candidate_end_to_end_seconds': 1.5529065527953207, 'changed_stream_coefficient_count_sum': 60, 'changed_sector_interval_count_sum': 60, 'maximum_changed_stream_coefficients_per_interval': 1, 'maximum_changed_sectors_per_interval': 1, 'incremental_float32_payload_lower_bound_bytes_sum': 240, 'payload_claim_boundary': 'FLOAT32_COEFFICIENT_VALUE_LOWER_BOUND_ONLY_EXCLUDES_IDS_HEADERS_RELIABILITY_AND_TRANSPORT_OVERHEAD', 'information_exchange_locality_certified': False, 'action_scope_locality_verified': True, 'global_oracles_classification_only': True}",3,594,119,1a603b4956e62de67607b6fce64bc9325af6a7b8ae74d3ebab421805d2e0ffc7,fee4fc517599907c2b3cdc81b9ea4bc9daf9fadd48d5ae4a0fd6f17c8049b5b7,8664adf56f916fa20c48fac12e4a35936e4f667ff04932e0c4a9f0e59172efe5,candidate_end_to_end_including_sequential_fallback_and_repair_oracles,PASS,PASS,0.0,0.0,0.0,5.0,2.0,2.0,0.5662029769646125,0.5366088478829837,0.0,59.0,0.0,60.0,False,True,True,0.47699626814574,0.8207984794862568,0.0043492200784385,0.0161721603944897,0.0140138573944568,60.0,60.0,1.0,1.0,240.0,FLOAT32_COEFFICIENT_VALUE_LOWER_BOUND_ONLY_EXCLUDES_IDS_HEADERS_RELIABILITY_AND_TRANSPORT_OVERHEAD,44023,23.0,V4_3_EXACT_NOOP_CODE_PATH_REUSE,
candidate_v4_4_floor_first_protected_subband_scheduling,0,0,-0.0015616029822477,-14.162621231148126,0,0,0.0,47.37694993923376,80.36668522842527,0.248110103473265,1.9570957085759404,0.3159078350566874,2.170120694461355,153,19,10,1.612617746926844,"{'action_class_counts': {'SPARSE_LOCAL_STREAM_POWER_REPAIR': 60, 'BASELINE_NOOP': 61}, 'maximum_mutable_sector_count': 5, 'maximum_external_interferers_per_violating_user': 2, 'maximum_eess_backoff_sectors': 2, 'strict_local_scope_gate': 'PASS', 'strict_local_scope_violation_intervals': 0, 'strict_post_mode_selected_power_gate': 'PASS', 'strict_post_mode_power_violation_intervals': 0, 'q0_envelope_deployable_actions': 0, 'maximum_strict_post_mode_selected_power_ratio': 0.5666713705809063, 'maximum_q0_nominal_power_envelope_ratio': 0.5370527611928471, 'unresolved_deployable_intervals': 0, 'network_wide_shutdown_intervals': 0, 'maximum_normalized_floor_shortfall': 0.0, 'solver_constraint_reserve': 1e-08, 'solver_primal_feasibility_tolerance': 1e-09, 'solver_dual_feasibility_tolerance': 1e-09, 'local_table_build_seconds_sum': 0.48806373169645667, 'repair_solver_seconds_sum': 0.8622719077393413, 'local_table_build_seconds_max': 0.00439256988465786, 'repair_solver_seconds_max': 0.04412057623267174, 'repair_solver_seconds_p95_nonzero': 0.014084933418780565, 'candidate_end_to_end_seconds': 1.6125845359638333, 'changed_stream_coefficient_count_sum': 60, 'changed_sector_interval_count_sum': 60, 'maximum_changed_stream_coefficients_per_interval': 1, 'maximum_changed_sectors_per_interval': 1, 'incremental_float32_payload_lower_bound_bytes_sum': 240, 'payload_claim_boundary': 'FLOAT32_COEFFICIENT_VALUE_LOWER_BOUND_ONLY_EXCLUDES_IDS_HEADERS_RELIABILITY_AND_TRANSPORT_OVERHEAD', 'information_exchange_locality_certified': False, 'action_scope_locality_verified': True, 'global_oracles_classification_only': True}",4,605,121,545883d4106e28500f86f7d43c91cf55e96d36302f1750e154c8b85ebef6d0cb,a10b17734ba2930024f081816c87831c88ab17ba97603e63d91bac95b6e8c85e,feb51c1365bfec8987e3503ccb0f956718acde43f8a7ddcc86f9caeb78f302ef,candidate_end_to_end_including_sequential_fallback_and_repair_oracles,PASS,PASS,0.0,0.0,0.0,5.0,2.0,2.0,0.5666713705809063,0.5370527611928471,0.0,61.0,0.0,60.0,False,True,True,0.4880637316964566,0.8622719077393413,0.0043925698846578,0.0441205762326717,0.0140849334187805,60.0,60.0,1.0,1.0,240.0,FLOAT32_COEFFICIENT_VALUE_LOWER_BOUND_ONLY_EXCLUDES_IDS_HEADERS_RELIABILITY_AND_TRANSPORT_OVERHEAD,44023,23.0,V4_3_EXACT_NOOP_CODE_PATH_REUSE,
candidate_v4_4_floor_first_protected_subband_scheduling,0,0,-0.0125414959574629,-14.107576088303482,0,0,0.0,55.32791063154329,87.58342517208771,0.1876528876190346,1.9506809193151888,0.2674487685348913,2.2866798030943456,80,31,4,2.1099749230779707,"{'action_class_counts': {'SPARSE_LOCAL_STREAM_POWER_REPAIR': 98, 'BASELINE_NOOP': 20}, 'strict_local_scope_gate': 'PASS', 'strict_local_scope_violation_intervals': 0, 'strict_post_mode_selected_power_gate': 'PASS', 'strict_post_mode_power_violation_intervals': 0, 'q0_envelope_deployable_actions': 0, 'unresolved_deployable_intervals': 0, 'diagnostic_g8_scheduling_feasible_intervals': 0, 'network_wide_shutdown_intervals': 0, 'maximum_normalized_floor_shortfall': 0.0, 'maximum_mutable_sector_count': 21, 'maximum_external_interferers_per_violating_user': 2, 'maximum_eess_backoff_sectors': 2, 'maximum_post_mode_selected_power_ratio': 1.0, 'maximum_strict_post_mode_selected_power_ratio': 1.0, 'maximum_q0_nominal_power_envelope_ratio': 1.0, 'protected_subband_scheduling_intervals': 0, 'protected_subband_scheduling_success_intervals': 0, 'protected_subband_scheduling_failure_intervals': 0, 'protected_subband_scheduling_guard_limit_counts': {}, 'maximum_schedule_mode_count': 0, 'maximum_schedule_guard_sector_count': 0, 'schedule_slots_per_second': 2000, 'scheduled_nonbaseline_slots_per_second_sum': 0, 'maximum_scheduled_nonbaseline_slots_per_second': 0, 'maximum_protected_subband_scheduled_fraction': 0.0, 'maximum_schedule_nonzero_mode_count': 0, 'maximum_schedule_critical_sector_count': 0, 'maximum_schedule_mutable_sector_count': 0, 'local_table_build_seconds_sum': 0.41774463490583, 'local_table_build_seconds_max': 0.004006400005891919, 'repair_solver_seconds_sum': 1.463257576804608, 'repair_solver_seconds_max': 0.12217312795110047, 'repair_solver_seconds_p95_nonzero': 0.01575693084159866, 'schedule_solver_seconds_sum': 0.0, 'schedule_solver_seconds_max': 0.0, 'candidate_end_to_end_seconds': 2.109936341876164, 'information_exchange_locality_certified': False, 'action_scope_locality_verified': True, 'global_oracles_classification_only': True, 'changed_stream_coefficient_count_sum': 639, 'changed_sector_interval_count_sum': 388, 'maximum_changed_stream_coefficients_per_interval': 16, 'maximum_changed_sectors_per_interval': 8, 'incremental_float32_payload_lower_bound_bytes_sum': 2556, 'payload_claim_boundary': 'LOWER_BOUND_FOR_CHANGED_FLOAT32_STREAM_COEFFICIENTS_PLUS_SCHEDULE_COUNTS_NOT_A_SERIALIZED_PROTOCOL_MEASUREMENT', 'claim_boundary': 'DEVELOPMENT_REPLAY_ON_PREVIOUSLY_OBSERVED_SEEDS_NOT_CONFIRMATORY_NOT_CALIBRATION_NOT_REGULATORY_COMPLIANCE'}",0,587,118,f703f07c9e8d7c1bf999d702801a3445e58fa8cf9daa949ff92367568853ff13,1a4ec87ee14273dd52a00ff4562c3d393f3b39d0fcf450292fee596181f7ca4a,4703c7d9aab5231addea7a57c2120daadc65b2d9a398f3624e49e84d235ad940,candidate_end_to_end_including_sequential_fallback_and_repair_oracles,PASS,PASS,0.0,0.0,0.0,21.0,2.0,2.0,1.0,1.0,0.0,20.0,0.0,98.0,False,True,True,0.41774463490583,1.463257576804608,0.0040064000058919,0.1221731279511004,0.0157569308415986,639.0,388.0,16.0,8.0,2556.0,LOWER_BOUND_FOR_CHANGED_FLOAT32_STREAM_COEFFICIENTS_PLUS_SCHEDULE_COUNTS_NOT_A_SERIALIZED_PROTOCOL_MEASUREMENT,44024,,EXECUTED_V4_4_FAILED_SEED_REPLAY,True
candidate_v4_4_floor_first_protected_subband_scheduling,0,0,-0.009651304783227,-14.104394602186176,0,0,0.0,67.42690127600787,88.28970454618955,0.1818588378768266,1.9305292682640816,0.2647736041862549,2.26842533612168,70,29,4,2.0594578830059618,"{'action_class_counts': {'SPARSE_LOCAL_STREAM_POWER_REPAIR': 95, 'BASELINE_NOOP': 20}, 'strict_local_scope_gate': 'PASS', 'strict_local_scope_violation_intervals': 0, 'strict_post_mode_selected_power_gate': 'PASS', 'strict_post_mode_power_violation_intervals': 0, 'q0_envelope_deployable_actions': 0, 'unresolved_deployable_intervals': 0, 'diagnostic_g8_scheduling_feasible_intervals': 0, 'network_wide_shutdown_intervals': 0, 'maximum_normalized_floor_shortfall': 0.0, 'maximum_mutable_sector_count': 21, 'maximum_external_interferers_per_violating_user': 2, 'maximum_eess_backoff_sectors': 2, 'maximum_post_mode_selected_power_ratio': 1.0, 'maximum_strict_post_mode_selected_power_ratio': 1.0, 'maximum_q0_nominal_power_envelope_ratio': 1.0, 'protected_subband_scheduling_intervals': 0, 'protected_subband_scheduling_success_intervals': 0, 'protected_subband_scheduling_failure_intervals': 0, 'protected_subband_scheduling_guard_limit_counts': {}, 'maximum_schedule_mode_count': 0, 'maximum_schedule_guard_sector_count': 0, 'schedule_slots_per_second': 2000, 'scheduled_nonbaseline_slots_per_second_sum': 0, 'maximum_scheduled_nonbaseline_slots_per_second': 0, 'maximum_protected_subband_scheduled_fraction': 0.0, 'maximum_schedule_nonzero_mode_count': 0, 'maximum_schedule_critical_sector_count': 0, 'maximum_schedule_mutable_sector_count': 0, 'local_table_build_seconds_sum': 0.4032609376590699, 'local_table_build_seconds_max': 0.003768916940316558, 'repair_solver_seconds_sum': 1.4390553461853415, 'repair_solver_seconds_max': 0.22729232790879905, 'repair_solver_seconds_p95_nonzero': 0.015609245048835874, 'schedule_solver_seconds_sum': 0.0, 'schedule_solver_seconds_max': 0.0, 'candidate_end_to_end_seconds': 2.059426072984934, 'information_exchange_locality_certified': False, 'action_scope_locality_verified': True, 'global_oracles_classification_only': True, 'changed_stream_coefficient_count_sum': 641, 'changed_sector_interval_count_sum': 386, 'maximum_changed_stream_coefficients_per_interval': 16, 'maximum_changed_sectors_per_interval': 8, 'incremental_float32_payload_lower_bound_bytes_sum': 2564, 'payload_claim_boundary': 'LOWER_BOUND_FOR_CHANGED_FLOAT32_STREAM_COEFFICIENTS_PLUS_SCHEDULE_COUNTS_NOT_A_SERIALIZED_PROTOCOL_MEASUREMENT', 'claim_boundary': 'DEVELOPMENT_REPLAY_ON_PREVIOUSLY_OBSERVED_SEEDS_NOT_CONFIRMATORY_NOT_CALIBRATION_NOT_REGULATORY_COMPLIANCE'}",1,571,115,db234dab8f691a8fb0187826c3e6716044e0e697f10b836dcfc6530ee1ace173,d38f0a9eaecade02c1e9eda70c04a70806a0eee2fceb86fa48228842b494b52a,0fc1278f87be80c4dccd458421a7321fcf77c5e1aee7ddc20f365ca85079663c,candidate_end_to_end_including_sequential_fallback_and_repair_oracles,PASS,PASS,0.0,0.0,0.0,21.0,2.0,2.0,1.0,1.0,0.0,20.0,0.0,95.0,False,True,True,0.4032609376590699,1.4390553461853417,0.0037689169403165,0.227292327908799,0.0156092450488358,641.0,386.0,16.0,8.0,2564.0,LOWER_BOUND_FOR_CHANGED_FLOAT32_STREAM_COEFFICIENTS_PLUS_SCHEDULE_COUNTS_NOT_A_SERIALIZED_PROTOCOL_MEASUREMENT,44024,,EXECUTED_V4_4_FAILED_SEED_REPLAY,True
candidate_v4_4_floor_first_protected_subband_scheduling,0,0,-0.0170827383812861,-14.09079429867784,0,0,0.0,59.48767108774032,87.88664383600081,0.1821688130493855,1.9496668182724624,0.2647917064330967,2.281107075604101,60,31,4,1.828979935031384,"{'action_class_counts': {'SPARSE_LOCAL_STREAM_POWER_REPAIR': 97, 'BASELINE_NOOP': 20}, 'strict_local_scope_gate': 'PASS', 'strict_local_scope_violation_intervals': 0, 'strict_post_mode_selected_power_gate': 'PASS', 'strict_post_mode_power_violation_intervals': 0, 'q0_envelope_deployable_actions': 0, 'unresolved_deployable_intervals': 0, 'diagnostic_g8_scheduling_feasible_intervals': 0, 'network_wide_shutdown_intervals': 0, 'maximum_normalized_floor_shortfall': 0.0, 'maximum_mutable_sector_count': 21, 'maximum_external_interferers_per_violating_user': 2, 'maximum_eess_backoff_sectors': 2, 'maximum_post_mode_selected_power_ratio': 1.0, 'maximum_strict_post_mode_selected_power_ratio': 1.0, 'maximum_q0_nominal_power_envelope_ratio': 1.0, 'protected_subband_scheduling_intervals': 0, 'protected_subband_scheduling_success_intervals': 0, 'protected_subband_scheduling_failure_intervals': 0, 'protected_subband_scheduling_guard_limit_counts': {}, 'maximum_schedule_mode_count': 0, 'maximum_schedule_guard_sector_count': 0, 'schedule_slots_per_second': 2000, 'scheduled_nonbaseline_slots_per_second_sum': 0, 'maximum_scheduled_nonbaseline_slots_per_second': 0, 'maximum_protected_subband_scheduled_fraction': 0.0, 'maximum_schedule_nonzero_mode_count': 0, 'maximum_schedule_critical_sector_count': 0, 'maximum_schedule_mutable_sector_count': 0, 'local_table_build_seconds_sum': 0.4142585813533515, 'local_table_build_seconds_max': 0.0036901161074638367, 'repair_solver_seconds_sum': 1.2045396054163575, 'repair_solver_seconds_max': 0.01667413511313498, 'repair_solver_seconds_p95_nonzero': 0.014946167962625623, 'schedule_solver_seconds_sum': 0.0, 'schedule_solver_seconds_max': 0.0, 'candidate_end_to_end_seconds': 1.8289480139501393, 'information_exchange_locality_certified': False, 'action_scope_locality_verified': True, 'global_oracles_classification_only': True, 'changed_stream_coefficient_count_sum': 611, 'changed_sector_interval_count_sum': 384, 'maximum_changed_stream_coefficients_per_interval': 16, 'maximum_changed_sectors_per_interval': 8, 'incremental_float32_payload_lower_bound_bytes_sum': 2444, 'payload_claim_boundary': 'LOWER_BOUND_FOR_CHANGED_FLOAT32_STREAM_COEFFICIENTS_PLUS_SCHEDULE_COUNTS_NOT_A_SERIALIZED_PROTOCOL_MEASUREMENT', 'claim_boundary': 'DEVELOPMENT_REPLAY_ON_PREVIOUSLY_OBSERVED_SEEDS_NOT_CONFIRMATORY_NOT_CALIBRATION_NOT_REGULATORY_COMPLIANCE'}",2,581,117,1074a41f80d166e67fdcff9f70dbb095aad1952998741a05295ce986e33f645a,c234b8632ec63db1e0dc417607ff763e8e3438f5e0daea79b5447bc616cb76d2,8d0f7e6e10ff8616b551811810cdf26314b6230a62b2a752462b66beceb5f1da,candidate_end_to_end_including_sequential_fallback_and_repair_oracles,PASS,PASS,0.0,0.0,0.0,21.0,2.0,2.0,1.0,1.0,0.0,20.0,0.0,97.0,False,True,True,0.4142585813533515,1.2045396054163575,0.0036901161074638,0.0166741351131349,0.0149461679626256,611.0,384.0,16.0,8.0,2444.0,LOWER_BOUND_FOR_CHANGED_FLOAT32_STREAM_COEFFICIENTS_PLUS_SCHEDULE_COUNTS_NOT_A_SERIALIZED_PROTOCOL_MEASUREMENT,44024,,EXECUTED_V4_4_FAILED_SEED_REPLAY,True
candidate_v4_4_floor_first_protected_subband_scheduling,0,0,-0.0015900848573794,-14.112569187707669,4,16,0.4007725070785443,63.33589018215751,87.26679342251884,0.1644845138901607,1.961519922276376,0.2653384385048364,2.2921363673851136,83,39,4,1.966675356030464,"{'action_class_counts': {'SPARSE_LOCAL_STREAM_POWER_REPAIR': 98, 'BASELINE_NOOP': 20, 'NO_FEASIBLE_DEPLOYABLE_ACTION_FOUND': 1}, 'strict_local_scope_gate': 'PASS', 'strict_local_scope_violation_intervals': 0, 'strict_post_mode_selected_power_gate': 'PASS', 'strict_post_mode_power_violation_intervals': 0, 'q0_envelope_deployable_actions': 0, 'unresolved_deployable_intervals': 1, 'diagnostic_g8_scheduling_feasible_intervals': 0, 'network_wide_shutdown_intervals': 0, 'maximum_normalized_floor_shortfall': 0.18636268519744814, 'maximum_mutable_sector_count': 21, 'maximum_external_interferers_per_violating_user': 2, 'maximum_eess_backoff_sectors': 2, 'maximum_post_mode_selected_power_ratio': 1.0, 'maximum_strict_post_mode_selected_power_ratio': 1.0, 'maximum_q0_nominal_power_envelope_ratio': 1.0, 'protected_subband_scheduling_intervals': 0, 'protected_subband_scheduling_success_intervals': 0, 'protected_subband_scheduling_failure_intervals': 1, 'protected_subband_scheduling_guard_limit_counts': {}, 'maximum_schedule_mode_count': 256, 'maximum_schedule_guard_sector_count': 0, 'schedule_slots_per_second': 2000, 'scheduled_nonbaseline_slots_per_second_sum': 0, 'maximum_scheduled_nonbaseline_slots_per_second': 0, 'maximum_protected_subband_scheduled_fraction': 0.0, 'maximum_schedule_nonzero_mode_count': 0, 'maximum_schedule_critical_sector_count': 0, 'maximum_schedule_mutable_sector_count': 0, 'local_table_build_seconds_sum': 0.41811774391680956, 'local_table_build_seconds_max': 0.003675416111946106, 'repair_solver_seconds_sum': 1.2327339162584394, 'repair_solver_seconds_max': 0.016911097103729844, 'repair_solver_seconds_p95_nonzero': 0.014900371828116477, 'schedule_solver_seconds_sum': 0.0963631730992347, 'schedule_solver_seconds_max': 0.0963631730992347, 'candidate_end_to_end_seconds': 1.966647855937481, 'information_exchange_locality_certified': False, 'action_scope_locality_verified': True, 'global_oracles_classification_only': True, 'changed_stream_coefficient_count_sum': 618, 'changed_sector_interval_count_sum': 387, 'maximum_changed_stream_coefficients_per_interval': 16, 'maximum_changed_sectors_per_interval': 8, 'incremental_float32_payload_lower_bound_bytes_sum': 2472, 'payload_claim_boundary': 'LOWER_BOUND_FOR_CHANGED_FLOAT32_STREAM_COEFFICIENTS_PLUS_SCHEDULE_COUNTS_NOT_A_SERIALIZED_PROTOCOL_MEASUREMENT', 'claim_boundary': 'DEVELOPMENT_REPLAY_ON_PREVIOUSLY_OBSERVED_SEEDS_NOT_CONFIRMATORY_NOT_CALIBRATION_NOT_REGULATORY_COMPLIANCE'}",3,594,119,4080e6858edf8c64f262922542ce691e3bc910b39576501e78bbaaefa7bd96dd,883faf51f48cf450b5ddf4dea53ce677f2e16c1d7790a27c234d8ff379261caf,e45e1a70bb7d0b630687164cb9556c5279efa85e0a005df1f1d435f90cd742c6,candidate_end_to_end_including_sequential_fallback_and_repair_oracles,PASS,PASS,0.0,1.0,0.0,21.0,2.0,2.0,1.0,1.0,0.1863626851974481,20.0,0.0,98.0,False,True,True,0.4181177439168095,1.2327339162584394,0.0036754161119461,0.0169110971037298,0.0149003718281164,618.0,387.0,16.0,8.0,2472.0,LOWER_BOUND_FOR_CHANGED_FLOAT32_STREAM_COEFFICIENTS_PLUS_SCHEDULE_COUNTS_NOT_A_SERIALIZED_PROTOCOL_MEASUREMENT,44024,,EXECUTED_V4_4_FAILED_SEED_REPLAY,True
candidate_v4_4_floor_first_protected_subband_scheduling,0,0,-0.0032179785321151,-14.084753885646444,12,60,1.1921041797414282,70.95924624148797,86.95716951891846,0.1885419982439931,1.9826411689476733,0.2674446646561802,2.302171989364735,76,36,4,2.2125061058904976,"{'action_class_counts': {'SPARSE_LOCAL_STREAM_POWER_REPAIR': 98, 'BASELINE_NOOP': 20, 'NO_FEASIBLE_DEPLOYABLE_ACTION_FOUND': 3}, 'strict_local_scope_gate': 'PASS', 'strict_local_scope_violation_intervals': 0, 'strict_post_mode_selected_power_gate': 'PASS', 'strict_post_mode_power_violation_intervals': 0, 'q0_envelope_deployable_actions': 0, 'unresolved_deployable_intervals': 3, 'diagnostic_g8_scheduling_feasible_intervals': 0, 'network_wide_shutdown_intervals': 0, 'maximum_normalized_floor_shortfall': 0.1863624561103193, 'maximum_mutable_sector_count': 21, 'maximum_external_interferers_per_violating_user': 2, 'maximum_eess_backoff_sectors': 2, 'maximum_post_mode_selected_power_ratio': 1.0, 'maximum_strict_post_mode_selected_power_ratio': 1.0, 'maximum_q0_nominal_power_envelope_ratio': 1.0, 'protected_subband_scheduling_intervals': 0, 'protected_subband_scheduling_success_intervals': 0, 'protected_subband_scheduling_failure_intervals': 3, 'protected_subband_scheduling_guard_limit_counts': {}, 'maximum_schedule_mode_count': 256, 'maximum_schedule_guard_sector_count': 0, 'schedule_slots_per_second': 2000, 'scheduled_nonbaseline_slots_per_second_sum': 0, 'maximum_scheduled_nonbaseline_slots_per_second': 0, 'maximum_protected_subband_scheduled_fraction': 0.0, 'maximum_schedule_nonzero_mode_count': 0, 'maximum_schedule_critical_sector_count': 0, 'maximum_schedule_mutable_sector_count': 0, 'local_table_build_seconds_sum': 0.43104217341169715, 'local_table_build_seconds_max': 0.00369049608707428, 'repair_solver_seconds_sum': 1.265823271125555, 'repair_solver_seconds_max': 0.016375801991671324, 'repair_solver_seconds_p95_nonzero': 0.015215451130643487, 'schedule_solver_seconds_sum': 0.2896571736782789, 'schedule_solver_seconds_max': 0.09719209093600512, 'candidate_end_to_end_seconds': 2.212478735949844, 'information_exchange_locality_certified': False, 'action_scope_locality_verified': True, 'global_oracles_classification_only': True, 'changed_stream_coefficient_count_sum': 586, 'changed_sector_interval_count_sum': 378, 'maximum_changed_stream_coefficients_per_interval': 15, 'maximum_changed_sectors_per_interval': 8, 'incremental_float32_payload_lower_bound_bytes_sum': 2344, 'payload_claim_boundary': 'LOWER_BOUND_FOR_CHANGED_FLOAT32_STREAM_COEFFICIENTS_PLUS_SCHEDULE_COUNTS_NOT_A_SERIALIZED_PROTOCOL_MEASUREMENT', 'claim_boundary': 'DEVELOPMENT_REPLAY_ON_PREVIOUSLY_OBSERVED_SEEDS_NOT_CONFIRMATORY_NOT_CALIBRATION_NOT_REGULATORY_COMPLIANCE'}",4,605,121,5efefa0d20021e77aefb94195f5facbb3372e4b6ad39d86da086a7789f49dd58,6c3d520d41892dd2e7c337556ba55ab96f2de8ccec9f0ddb2298d0f6d56a78a1,3a926c9d2a058db4a8d79b971ed6649eb1afb4fe87950db9dadfd527b7015062,candidate_end_to_end_including_sequential_fallback_and_repair_oracles,PASS,PASS,0.0,3.0,0.0,21.0,2.0,2.0,1.0,1.0,0.1863624561103193,20.0,0.0,98.0,False,True,True,0.4310421734116971,1.265823271125555,0.0036904960870742,0.0163758019916713,0.0152154511306434,586.0,378.0,15.0,8.0,2344.0,LOWER_BOUND_FOR_CHANGED_FLOAT32_STREAM_COEFFICIENTS_PLUS_SCHEDULE_COUNTS_NOT_A_SERIALIZED_PROTOCOL_MEASUREMENT,44024,,EXECUTED_V4_4_FAILED_SEED_REPLAY,True
candidate_v4_4_floor_first_protected_subband_scheduling,0,0,-0.0007372744589184,-14.404663278100934,152,748,29.42508580572077,9.409407047150562,50.89560866126818,0.1048987032695886,1.4933466390343937,0.1975296062573196,1.8119718093061568,113,29,7,3.220518175046891,"{'action_class_counts': {'SPARSE_LOCAL_STREAM_POWER_REPAIR': 55, 'NO_FEASIBLE_DEPLOYABLE_ACTION_FOUND': 38, 'BASELINE_NOOP': 20, 'FLOOR_FIRST_PROTECTED_SUBBAND_SCHEDULING_G2': 5}, 'strict_local_scope_gate': 'PASS', 'strict_local_scope_violation_intervals': 0, 'strict_post_mode_selected_power_gate': 'PASS', 'strict_post_mode_power_violation_intervals': 0, 'q0_envelope_deployable_actions': 0, 'unresolved_deployable_intervals': 38, 'diagnostic_g8_scheduling_feasible_intervals': 0, 'network_wide_shutdown_intervals': 0, 'maximum_normalized_floor_shortfall': 0.4149722479553188, 'maximum_mutable_sector_count': 13, 'maximum_external_interferers_per_violating_user': 2, 'maximum_eess_backoff_sectors': 2, 'maximum_post_mode_selected_power_ratio': 1.0, 'maximum_strict_post_mode_selected_power_ratio': 1.0, 'maximum_q0_nominal_power_envelope_ratio': 1.0, 'protected_subband_scheduling_intervals': 5, 'protected_subband_scheduling_success_intervals': 5, 'protected_subband_scheduling_failure_intervals': 38, 'protected_subband_scheduling_guard_limit_counts': {'2': 5}, 'maximum_schedule_mode_count': 80, 'maximum_schedule_guard_sector_count': 2, 'schedule_slots_per_second': 2000, 'scheduled_nonbaseline_slots_per_second_sum': 6934, 'maximum_scheduled_nonbaseline_slots_per_second': 1387, 'maximum_protected_subband_scheduled_fraction': 0.6935, 'maximum_schedule_nonzero_mode_count': 2, 'maximum_schedule_critical_sector_count': 1, 'maximum_schedule_mutable_sector_count': 3, 'local_table_build_seconds_sum': 0.4020785152679309, 'local_table_build_seconds_max': 0.0038737659342586994, 'repair_solver_seconds_sum': 1.3714221463305876, 'repair_solver_seconds_max': 0.09639683703426272, 'repair_solver_seconds_p95_nonzero': 0.021848076372407377, 'schedule_solver_seconds_sum': 1.2399399949936196, 'schedule_solver_seconds_max': 0.03323469904717058, 'candidate_end_to_end_seconds': 3.220485944999382, 'information_exchange_locality_certified': False, 'action_scope_locality_verified': True, 'global_oracles_classification_only': True, 'changed_stream_coefficient_count_sum': 298, 'changed_sector_interval_count_sum': 115, 'maximum_changed_stream_coefficients_per_interval': 13, 'maximum_changed_sectors_per_interval': 4, 'incremental_float32_payload_lower_bound_bytes_sum': 1262, 'payload_claim_boundary': 'LOWER_BOUND_FOR_CHANGED_FLOAT32_STREAM_COEFFICIENTS_PLUS_SCHEDULE_COUNTS_NOT_A_SERIALIZED_PROTOCOL_MEASUREMENT', 'claim_boundary': 'DEVELOPMENT_REPLAY_ON_PREVIOUSLY_OBSERVED_SEEDS_NOT_CONFIRMATORY_NOT_CALIBRATION_NOT_REGULATORY_COMPLIANCE'}",0,587,118,807c904484cbe33584678640e32580281fc04a3387a0944bf53d10cdc34272c5,bd4f75282c5eda3029062cdee7d410b99e961600573e1d7ebf5179184c279267,02ac18e095178a89f097d449a1f64cdfe2996f373a5daceb345ad9e2b1008687,candidate_end_to_end_including_sequential_fallback_and_repair_oracles,PASS,PASS,0.0,38.0,0.0,13.0,2.0,2.0,1.0,1.0,0.4149722479553188,20.0,0.0,55.0,False,True,True,0.4020785152679309,1.3714221463305876,0.0038737659342586,0.0963968370342627,0.0218480763724073,298.0,115.0,13.0,4.0,1262.0,LOWER_BOUND_FOR_CHANGED_FLOAT32_STREAM_COEFFICIENTS_PLUS_SCHEDULE_COUNTS_NOT_A_SERIALIZED_PROTOCOL_MEASUREMENT,44025,,EXECUTED_V4_4_FAILED_SEED_REPLAY,True
candidate_v4_4_floor_first_protected_subband_scheduling,0,0,-0.0012473643454348,-14.387868458060996,140,684,27.102009111819463,21.114898979389025,51.87058647398068,0.1049270587755007,1.4895220435658016,0.1975205405955857,1.8033027444329437,113,29,7,2.9735617180122063,"{'action_class_counts': {'SPARSE_LOCAL_STREAM_POWER_REPAIR': 55, 'NO_FEASIBLE_DEPLOYABLE_ACTION_FOUND': 35, 'BASELINE_NOOP': 20, 'FLOOR_FIRST_PROTECTED_SUBBAND_SCHEDULING_G2': 5}, 'strict_local_scope_gate': 'PASS', 'strict_local_scope_violation_intervals': 0, 'strict_post_mode_selected_power_gate': 'PASS', 'strict_post_mode_power_violation_intervals': 0, 'q0_envelope_deployable_actions': 0, 'unresolved_deployable_intervals': 35, 'diagnostic_g8_scheduling_feasible_intervals': 0, 'network_wide_shutdown_intervals': 0, 'maximum_normalized_floor_shortfall': 0.414970713116011, 'maximum_mutable_sector_count': 13, 'maximum_external_interferers_per_violating_user': 2, 'maximum_eess_backoff_sectors': 2, 'maximum_post_mode_selected_power_ratio': 1.0, 'maximum_strict_post_mode_selected_power_ratio': 1.0, 'maximum_q0_nominal_power_envelope_ratio': 1.0, 'protected_subband_scheduling_intervals': 5, 'protected_subband_scheduling_success_intervals': 5, 'protected_subband_scheduling_failure_intervals': 35, 'protected_subband_scheduling_guard_limit_counts': {'2': 5}, 'maximum_schedule_mode_count': 80, 'maximum_schedule_guard_sector_count': 2, 'schedule_slots_per_second': 2000, 'scheduled_nonbaseline_slots_per_second_sum': 6934, 'maximum_scheduled_nonbaseline_slots_per_second': 1387, 'maximum_protected_subband_scheduled_fraction': 0.6935, 'maximum_schedule_nonzero_mode_count': 2, 'maximum_schedule_critical_sector_count': 1, 'maximum_schedule_mutable_sector_count': 3, 'local_table_build_seconds_sum': 0.39646750851534307, 'local_table_build_seconds_max': 0.0036045329179614782, 'repair_solver_seconds_sum': 1.2202979841968045, 'repair_solver_seconds_max': 0.023159596021287143, 'repair_solver_seconds_p95_nonzero': 0.0166029382497072, 'schedule_solver_seconds_sum': 1.1573462089290842, 'schedule_solver_seconds_max': 0.03623814694583416, 'candidate_end_to_end_seconds': 2.9735195679822937, 'information_exchange_locality_certified': False, 'action_scope_locality_verified': True, 'global_oracles_classification_only': True, 'changed_stream_coefficient_count_sum': 298, 'changed_sector_interval_count_sum': 115, 'maximum_changed_stream_coefficients_per_interval': 13, 'maximum_changed_sectors_per_interval': 4, 'incremental_float32_payload_lower_bound_bytes_sum': 1262, 'payload_claim_boundary': 'LOWER_BOUND_FOR_CHANGED_FLOAT32_STREAM_COEFFICIENTS_PLUS_SCHEDULE_COUNTS_NOT_A_SERIALIZED_PROTOCOL_MEASUREMENT', 'claim_boundary': 'DEVELOPMENT_REPLAY_ON_PREVIOUSLY_OBSERVED_SEEDS_NOT_CONFIRMATORY_NOT_CALIBRATION_NOT_REGULATORY_COMPLIANCE'}",1,571,115,bee386083b6a61d2dddcf0a873e0225fb223c8ff2d5ceb39fd61ae0f3bccecdc,d50c3455aa72dd576b9472a3bb99287f1f1898142c7cf44de6f0e31e2ee12836,54ea375860868cd0cb9f41dfd807938d0c61a5a15276155c503994c4f550d289,candidate_end_to_end_including_sequential_fallback_and_repair_oracles,PASS,PASS,0.0,35.0,0.0,13.0,2.0,2.0,1.0,1.0,0.414970713116011,20.0,0.0,55.0,False,True,True,0.396467508515343,1.2202979841968045,0.0036045329179614,0.0231595960212871,0.0166029382497072,298.0,115.0,13.0,4.0,1262.0,LOWER_BOUND_FOR_CHANGED_FLOAT32_STREAM_COEFFICIENTS_PLUS_SCHEDULE_COUNTS_NOT_A_SERIALIZED_PROTOCOL_MEASUREMENT,44025,,EXECUTED_V4_4_FAILED_SEED_REPLAY,True
candidate_v4_4_floor_first_protected_subband_scheduling,0,0,-0.0017688287443368,-14.414927533048395,148,724,28.5996875895008,13.284699891688993,51.28556539813756,0.1058216357329601,1.4957255077763794,0.1975267710700318,1.808954078717989,106,22,7,3.1467113089747727,"{'action_class_counts': {'SPARSE_LOCAL_STREAM_POWER_REPAIR': 45, 'NO_FEASIBLE_DEPLOYABLE_ACTION_FOUND': 37, 'BASELINE_NOOP': 20, 'FLOOR_FIRST_PROTECTED_SUBBAND_SCHEDULING_G2': 15}, 'strict_local_scope_gate': 'PASS', 'strict_local_scope_violation_intervals': 0, 'strict_post_mode_selected_power_gate': 'PASS', 'strict_post_mode_power_violation_intervals': 0, 'q0_envelope_deployable_actions': 0, 'unresolved_deployable_intervals': 37, 'diagnostic_g8_scheduling_feasible_intervals': 0, 'network_wide_shutdown_intervals': 0, 'maximum_normalized_floor_shortfall': 0.4149718427092153, 'maximum_mutable_sector_count': 13, 'maximum_external_interferers_per_violating_user': 2, 'maximum_eess_backoff_sectors': 2, 'maximum_post_mode_selected_power_ratio': 1.0, 'maximum_strict_post_mode_selected_power_ratio': 1.0, 'maximum_q0_nominal_power_envelope_ratio': 1.0, 'protected_subband_scheduling_intervals': 15, 'protected_subband_scheduling_success_intervals': 15, 'protected_subband_scheduling_failure_intervals': 37, 'protected_subband_scheduling_guard_limit_counts': {'2': 15}, 'maximum_schedule_mode_count': 80, 'maximum_schedule_guard_sector_count': 2, 'schedule_slots_per_second': 2000, 'scheduled_nonbaseline_slots_per_second_sum': 20745, 'maximum_scheduled_nonbaseline_slots_per_second': 1385, 'maximum_protected_subband_scheduled_fraction': 0.6925, 'maximum_schedule_nonzero_mode_count': 2, 'maximum_schedule_critical_sector_count': 1, 'maximum_schedule_mutable_sector_count': 3, 'local_table_build_seconds_sum': 0.4014138822676614, 'local_table_build_seconds_max': 0.0036381339887157083, 'repair_solver_seconds_sum': 1.3126857047900558, 'repair_solver_seconds_max': 0.02243650797754526, 'repair_solver_seconds_p95_nonzero': 0.021729294187389316, 'schedule_solver_seconds_sum': 1.2282634241273627, 'schedule_solver_seconds_max': 0.03257417294662446, 'candidate_end_to_end_seconds': 3.1466824379749596, 'information_exchange_locality_certified': False, 'action_scope_locality_verified': True, 'global_oracles_classification_only': True, 'changed_stream_coefficient_count_sum': 270, 'changed_sector_interval_count_sum': 105, 'maximum_changed_stream_coefficients_per_interval': 13, 'maximum_changed_sectors_per_interval': 4, 'incremental_float32_payload_lower_bound_bytes_sum': 1290, 'payload_claim_boundary': 'LOWER_BOUND_FOR_CHANGED_FLOAT32_STREAM_COEFFICIENTS_PLUS_SCHEDULE_COUNTS_NOT_A_SERIALIZED_PROTOCOL_MEASUREMENT', 'claim_boundary': 'DEVELOPMENT_REPLAY_ON_PREVIOUSLY_OBSERVED_SEEDS_NOT_CONFIRMATORY_NOT_CALIBRATION_NOT_REGULATORY_COMPLIANCE'}",2,581,117,6d18c4aece71991fe31c9b354118acf8cffd77c02a68db26c7c82702848addfb,6923e482ad042f1d4d908a6efd34e6d0120a1bf67aca2e9f129ca6e22fca57f9,89c757fb4e419fa0bbe91c99fa66093622aaa0e56300b79951ebb51370d49b3e,candidate_end_to_end_including_sequential_fallback_and_repair_oracles,PASS,PASS,0.0,37.0,0.0,13.0,2.0,2.0,1.0,1.0,0.4149718427092153,20.0,0.0,45.0,False,True,True,0.4014138822676614,1.3126857047900558,0.0036381339887157,0.0224365079775452,0.0217292941873893,270.0,105.0,13.0,4.0,1290.0,LOWER_BOUND_FOR_CHANGED_FLOAT32_STREAM_COEFFICIENTS_PLUS_SCHEDULE_COUNTS_NOT_A_SERIALIZED_PROTOCOL_MEASUREMENT,44025,,EXECUTED_V4_4_FAILED_SEED_REPLAY,True
candidate_v4_4_floor_first_protected_subband_scheduling,0,0,-0.0009826435384507,-14.392086245224716,152,760,29.185847436417674,15.930725164963771,50.44168527293648,0.1058280955367739,1.495193906566951,0.1975330663755919,1.8147566788907556,107,28,7,3.219758907915093,"{'action_class_counts': {'SPARSE_LOCAL_STREAM_POWER_REPAIR': 43, 'NO_FEASIBLE_DEPLOYABLE_ACTION_FOUND': 38, 'BASELINE_NOOP': 21, 'FLOOR_FIRST_PROTECTED_SUBBAND_SCHEDULING_G2': 17}, 'strict_local_scope_gate': 'PASS', 'strict_local_scope_violation_intervals': 0, 'strict_post_mode_selected_power_gate': 'PASS', 'strict_post_mode_power_violation_intervals': 0, 'q0_envelope_deployable_actions': 0, 'unresolved_deployable_intervals': 38, 'diagnostic_g8_scheduling_feasible_intervals': 0, 'network_wide_shutdown_intervals': 0, 'maximum_normalized_floor_shortfall': 0.4149719196157815, 'maximum_mutable_sector_count': 13, 'maximum_external_interferers_per_violating_user': 2, 'maximum_eess_backoff_sectors': 2, 'maximum_post_mode_selected_power_ratio': 1.0, 'maximum_strict_post_mode_selected_power_ratio': 1.0, 'maximum_q0_nominal_power_envelope_ratio': 1.0, 'protected_subband_scheduling_intervals': 17, 'protected_subband_scheduling_success_intervals': 17, 'protected_subband_scheduling_failure_intervals': 38, 'protected_subband_scheduling_guard_limit_counts': {'2': 17}, 'maximum_schedule_mode_count': 80, 'maximum_schedule_guard_sector_count': 2, 'schedule_slots_per_second': 2000, 'scheduled_nonbaseline_slots_per_second_sum': 23521, 'maximum_scheduled_nonbaseline_slots_per_second': 1386, 'maximum_protected_subband_scheduled_fraction': 0.693, 'maximum_schedule_nonzero_mode_count': 2, 'maximum_schedule_critical_sector_count': 1, 'maximum_schedule_mutable_sector_count': 3, 'local_table_build_seconds_sum': 0.4123221681220457, 'local_table_build_seconds_max': 0.0037344249431043863, 'repair_solver_seconds_sum': 1.3432435280410573, 'repair_solver_seconds_max': 0.022503619897179306, 'repair_solver_seconds_p95_nonzero': 0.02176244484144263, 'schedule_solver_seconds_sum': 1.2570964578771964, 'schedule_solver_seconds_max': 0.032581393024884164, 'candidate_end_to_end_seconds': 3.219732647994533, 'information_exchange_locality_certified': False, 'action_scope_locality_verified': True, 'global_oracles_classification_only': True, 'changed_stream_coefficient_count_sum': 266, 'changed_sector_interval_count_sum': 103, 'maximum_changed_stream_coefficients_per_interval': 13, 'maximum_changed_sectors_per_interval': 4, 'incremental_float32_payload_lower_bound_bytes_sum': 1302, 'payload_claim_boundary': 'LOWER_BOUND_FOR_CHANGED_FLOAT32_STREAM_COEFFICIENTS_PLUS_SCHEDULE_COUNTS_NOT_A_SERIALIZED_PROTOCOL_MEASUREMENT', 'claim_boundary': 'DEVELOPMENT_REPLAY_ON_PREVIOUSLY_OBSERVED_SEEDS_NOT_CONFIRMATORY_NOT_CALIBRATION_NOT_REGULATORY_COMPLIANCE'}",3,594,119,162a147e4e2881e66721563adec461a2c1eb5673f8f53b3875bd52503fb12c5f,6304dc6397e43711c49dfd1f7316bbac873ff3d2211b2fdf81b0ac935e619a1a,4647e2a7634faabc886da5a1296963e30d3f0d09fa45b9ef3abddb779897fd3a,candidate_end_to_end_including_sequential_fallback_and_repair_oracles,PASS,PASS,0.0,38.0,0.0,13.0,2.0,2.0,1.0,1.0,0.4149719196157815,21.0,0.0,43.0,False,True,True,0.4123221681220457,1.3432435280410573,0.0037344249431043,0.0225036198971793,0.0217624448414426,266.0,103.0,13.0,4.0,1302.0,LOWER_BOUND_FOR_CHANGED_FLOAT32_STREAM_COEFFICIENTS_PLUS_SCHEDULE_COUNTS_NOT_A_SERIALIZED_PROTOCOL_MEASUREMENT,44025,,EXECUTED_V4_4_FAILED_SEED_REPLAY,True
candidate_v4_4_floor_first_protected_subband_scheduling,0,0,-0.0008995369971395,-14.359784309306791,152,760,29.110516418193303,21.578798231070767,49.89319999129588,0.1058290163998728,1.498634593439097,0.1978794746440126,1.8203752215644815,112,28,7,3.213679942069575,"{'action_class_counts': {'SPARSE_LOCAL_STREAM_POWER_REPAIR': 44, 'NO_FEASIBLE_DEPLOYABLE_ACTION_FOUND': 38, 'BASELINE_NOOP': 23, 'FLOOR_FIRST_PROTECTED_SUBBAND_SCHEDULING_G2': 16}, 'strict_local_scope_gate': 'PASS', 'strict_local_scope_violation_intervals': 0, 'strict_post_mode_selected_power_gate': 'PASS', 'strict_post_mode_power_violation_intervals': 0, 'q0_envelope_deployable_actions': 0, 'unresolved_deployable_intervals': 38, 'diagnostic_g8_scheduling_feasible_intervals': 0, 'network_wide_shutdown_intervals': 0, 'maximum_normalized_floor_shortfall': 0.4149717726802824, 'maximum_mutable_sector_count': 13, 'maximum_external_interferers_per_violating_user': 2, 'maximum_eess_backoff_sectors': 2, 'maximum_post_mode_selected_power_ratio': 1.0, 'maximum_strict_post_mode_selected_power_ratio': 1.0, 'maximum_q0_nominal_power_envelope_ratio': 1.0, 'protected_subband_scheduling_intervals': 16, 'protected_subband_scheduling_success_intervals': 16, 'protected_subband_scheduling_failure_intervals': 38, 'protected_subband_scheduling_guard_limit_counts': {'2': 16}, 'maximum_schedule_mode_count': 80, 'maximum_schedule_guard_sector_count': 2, 'schedule_slots_per_second': 2000, 'scheduled_nonbaseline_slots_per_second_sum': 22151, 'maximum_scheduled_nonbaseline_slots_per_second': 1386, 'maximum_protected_subband_scheduled_fraction': 0.693, 'maximum_schedule_nonzero_mode_count': 2, 'maximum_schedule_critical_sector_count': 1, 'maximum_schedule_mutable_sector_count': 3, 'local_table_build_seconds_sum': 0.41760252276435494, 'local_table_build_seconds_max': 0.0035753640113398433, 'repair_solver_seconds_sum': 1.3431586837396026, 'repair_solver_seconds_max': 0.022307766950689256, 'repair_solver_seconds_p95_nonzero': 0.021763169986661522, 'schedule_solver_seconds_sum': 1.2414034088142216, 'schedule_solver_seconds_max': 0.03353262203745544, 'candidate_end_to_end_seconds': 3.213653492042795, 'information_exchange_locality_certified': False, 'action_scope_locality_verified': True, 'global_oracles_classification_only': True, 'changed_stream_coefficient_count_sum': 268, 'changed_sector_interval_count_sum': 104, 'maximum_changed_stream_coefficients_per_interval': 13, 'maximum_changed_sectors_per_interval': 4, 'incremental_float32_payload_lower_bound_bytes_sum': 1296, 'payload_claim_boundary': 'LOWER_BOUND_FOR_CHANGED_FLOAT32_STREAM_COEFFICIENTS_PLUS_SCHEDULE_COUNTS_NOT_A_SERIALIZED_PROTOCOL_MEASUREMENT', 'claim_boundary': 'DEVELOPMENT_REPLAY_ON_PREVIOUSLY_OBSERVED_SEEDS_NOT_CONFIRMATORY_NOT_CALIBRATION_NOT_REGULATORY_COMPLIANCE'}",4,605,121,e482c3b317ade3b0ae9109611942b6e3f9af6b9a6236a9e61a10733d37caa9ac,6560eab8acd975dcfc02ae6e6178a404b2097cec01394c560fa0937aeda79f2e,1193db8ff44c43e92e4b20bb893dadb631a38281c90078eafab76dc07ab6d4e0,candidate_end_to_end_including_sequential_fallback_and_repair_oracles,PASS,PASS,0.0,38.0,0.0,13.0,2.0,2.0,1.0,1.0,0.4149717726802824,23.0,0.0,44.0,False,True,True,0.4176025227643549,1.3431586837396026,0.0035753640113398,0.0223077669506892,0.0217631699866615,268.0,104.0,13.0,4.0,1296.0,LOWER_BOUND_FOR_CHANGED_FLOAT32_STREAM_COEFFICIENTS_PLUS_SCHEDULE_COUNTS_NOT_A_SERIALIZED_PROTOCOL_MEASUREMENT,44025,,EXECUTED_V4_4_FAILED_SEED_REPLAY,True
candidate_v4_4_floor_first_protected_subband_scheduling,0,0,-0.0002053867374632,-14.399474823367338,0,0,0.0,41.20705873508275,79.93507378536069,0.1557191195447233,1.7732579678057547,0.2581194785568755,2.091705755815965,220,68,6,3.2518508350476623,"{'action_class_counts': {'FLOOR_FIRST_PROTECTED_SUBBAND_SCHEDULING_G0': 40, 'BASELINE_NOOP': 58, 'FLOOR_FIRST_PROTECTED_SUBBAND_SCHEDULING_G2': 20}, 'strict_local_scope_gate': 'PASS', 'strict_local_scope_violation_intervals': 0, 'strict_post_mode_selected_power_gate': 'PASS', 'strict_post_mode_power_violation_intervals': 0, 'q0_envelope_deployable_actions': 0, 'unresolved_deployable_intervals': 0, 'diagnostic_g8_scheduling_feasible_intervals': 0, 'network_wide_shutdown_intervals': 0, 'maximum_normalized_floor_shortfall': 0.0, 'maximum_mutable_sector_count': 10, 'maximum_external_interferers_per_violating_user': 2, 'maximum_eess_backoff_sectors': 2, 'maximum_post_mode_selected_power_ratio': 1.0000000000000004, 'maximum_strict_post_mode_selected_power_ratio': 1.0000000000000004, 'maximum_q0_nominal_power_envelope_ratio': 1.0000000000000004, 'protected_subband_scheduling_intervals': 60, 'protected_subband_scheduling_success_intervals': 60, 'protected_subband_scheduling_failure_intervals': 0, 'protected_subband_scheduling_guard_limit_counts': {'0': 40, '2': 20}, 'maximum_schedule_mode_count': 48, 'maximum_schedule_guard_sector_count': 2, 'schedule_slots_per_second': 2000, 'scheduled_nonbaseline_slots_per_second_sum': 62609, 'maximum_scheduled_nonbaseline_slots_per_second': 1575, 'maximum_protected_subband_scheduled_fraction': 0.7875, 'maximum_schedule_nonzero_mode_count': 6, 'maximum_schedule_critical_sector_count': 3, 'maximum_schedule_mutable_sector_count': 4, 'local_table_build_seconds_sum': 0.4311723387800157, 'local_table_build_seconds_max': 0.00501691410318017, 'repair_solver_seconds_sum': 1.5207893466576934, 'repair_solver_seconds_max': 0.1180400219745934, 'repair_solver_seconds_p95_nonzero': 0.0637781583936885, 'schedule_solver_seconds_sum': 1.0409923372790217, 'schedule_solver_seconds_max': 0.1571692950092256, 'candidate_end_to_end_seconds': 3.2518155137076974, 'information_exchange_locality_certified': False, 'action_scope_locality_verified': True, 'global_oracles_classification_only': True, 'changed_stream_coefficient_count_sum': 673, 'changed_sector_interval_count_sum': 200, 'maximum_changed_stream_coefficients_per_interval': 14, 'maximum_changed_sectors_per_interval': 4, 'incremental_float32_payload_lower_bound_bytes_sum': 4012, 'payload_claim_boundary': 'LOWER_BOUND_FOR_CHANGED_FLOAT32_STREAM_COEFFICIENTS_PLUS_SCHEDULE_COUNTS_NOT_A_SERIALIZED_PROTOCOL_MEASUREMENT', 'claim_boundary': 'DEVELOPMENT_REPLAY_ON_PREVIOUSLY_OBSERVED_SEEDS_NOT_CONFIRMATORY_NOT_CALIBRATION_NOT_REGULATORY_COMPLIANCE'}",0,587,118,fcb32f6289755f9a095be71a4984eeb0a53b217ab0be53eb3e774f81f7511462,e2b71125303abad9b12d87db0b433cdf99b60340abc139ba30204d6bd2576364,f21e7fc4dabbc84fef0ff4093622eca2276f54f111f2e682a269e9752a4a59c5,candidate_end_to_end_including_sequential_fallback_and_repair_oracles,PASS,PASS,0.0,0.0,0.0,10.0,2.0,2.0,1.0000000000000004,1.0000000000000004,0.0,58.0,0.0,0.0,False,True,True,0.4311723387800157,1.5207893466576934,0.0050169141031801,0.1180400219745934,0.0637781583936885,673.0,200.0,14.0,4.0,4012.0,LOWER_BOUND_FOR_CHANGED_FLOAT32_STREAM_COEFFICIENTS_PLUS_SCHEDULE_COUNTS_NOT_A_SERIALIZED_PROTOCOL_MEASUREMENT,44026,,EXECUTED_V4_4_FAILED_SEED_REPLAY,True
candidate_v4_4_floor_first_protected_subband_scheduling,0,0,-5.245783686237363e-06,-14.393678995570564,0,0,0.0,52.88609282018643,80.88855939469022,0.1558195419255317,1.7657711460208143,0.2581143960869883,2.080413275759625,199,62,6,6.691183369606733,"{'action_class_counts': {'FLOOR_FIRST_PROTECTED_SUBBAND_SCHEDULING_G0': 36, 'FLOOR_FIRST_PROTECTED_SUBBAND_SCHEDULING_G2': 24, 'BASELINE_NOOP': 55}, 'strict_local_scope_gate': 'PASS', 'strict_local_scope_violation_intervals': 0, 'strict_post_mode_selected_power_gate': 'PASS', 'strict_post_mode_power_violation_intervals': 0, 'q0_envelope_deployable_actions': 0, 'unresolved_deployable_intervals': 0, 'diagnostic_g8_scheduling_feasible_intervals': 0, 'network_wide_shutdown_intervals': 0, 'maximum_normalized_floor_shortfall': 0.0, 'maximum_mutable_sector_count': 10, 'maximum_external_interferers_per_violating_user': 2, 'maximum_eess_backoff_sectors': 2, 'maximum_post_mode_selected_power_ratio': 1.0000000000000004, 'maximum_strict_post_mode_selected_power_ratio': 1.0000000000000004, 'maximum_q0_nominal_power_envelope_ratio': 1.0000000000000004, 'protected_subband_scheduling_intervals': 60, 'protected_subband_scheduling_success_intervals': 60, 'protected_subband_scheduling_failure_intervals': 0, 'protected_subband_scheduling_guard_limit_counts': {'0': 36, '2': 24}, 'maximum_schedule_mode_count': 48, 'maximum_schedule_guard_sector_count': 2, 'schedule_slots_per_second': 2000, 'scheduled_nonbaseline_slots_per_second_sum': 62079, 'maximum_scheduled_nonbaseline_slots_per_second': 1668, 'maximum_protected_subband_scheduled_fraction': 0.834, 'maximum_schedule_nonzero_mode_count': 12, 'maximum_schedule_critical_sector_count': 3, 'maximum_schedule_mutable_sector_count': 5, 'local_table_build_seconds_sum': 0.42316850554198027, 'local_table_build_seconds_max': 0.0042061470448970795, 'repair_solver_seconds_sum': 1.1920141093432903, 'repair_solver_seconds_max': 0.04181944578886032, 'repair_solver_seconds_p95_nonzero': 0.021882783947512505, 'schedule_solver_seconds_sum': 4.813388424925506, 'schedule_solver_seconds_max': 1.2083059400320053, 'candidate_end_to_end_seconds': 6.691140948794782, 'information_exchange_locality_certified': False, 'action_scope_locality_verified': True, 'global_oracles_classification_only': True, 'changed_stream_coefficient_count_sum': 705, 'changed_sector_interval_count_sum': 208, 'maximum_changed_stream_coefficients_per_interval': 20, 'maximum_changed_sectors_per_interval': 5, 'incremental_float32_payload_lower_bound_bytes_sum': 4232, 'payload_claim_boundary': 'LOWER_BOUND_FOR_CHANGED_FLOAT32_STREAM_COEFFICIENTS_PLUS_SCHEDULE_COUNTS_NOT_A_SERIALIZED_PROTOCOL_MEASUREMENT', 'claim_boundary': 'DEVELOPMENT_REPLAY_ON_PREVIOUSLY_OBSERVED_SEEDS_NOT_CONFIRMATORY_NOT_CALIBRATION_NOT_REGULATORY_COMPLIANCE'}",1,571,115,9f1f26374c67805da3726b873cd42eb448948be954425250e5852ad7d2fe2d45,6135a284fc2878cd6fda3f8ff811a011465c464db0b7c93d5fcb5f16b0c52a36,3f01120fa4a53a26a7d661a4cfa5fb8a0a27946ac25b6da2c27feb33475fa696,candidate_end_to_end_including_sequential_fallback_and_repair_oracles,PASS,PASS,0.0,0.0,0.0,10.0,2.0,2.0,1.0000000000000004,1.0000000000000004,0.0,55.0,0.0,0.0,False,True,True,0.4231685055419802,1.1920141093432903,0.004206147044897,0.0418194457888603,0.0218827839475125,705.0,208.0,20.0,5.0,4232.0,LOWER_BOUND_FOR_CHANGED_FLOAT32_STREAM_COEFFICIENTS_PLUS_SCHEDULE_COUNTS_NOT_A_SERIALIZED_PROTOCOL_MEASUREMENT,44026,,EXECUTED_V4_4_FAILED_SEED_REPLAY,True
candidate_v4_4_floor_first_protected_subband_scheduling,0,0,-0.0153491713132489,-14.426661368951969,0,0,0.0,45.127083945051744,80.27777304945639,0.1557410744046109,1.7681203712822242,0.258080022139814,2.087424009748164,166,58,6,2.4425754649564624,"{'action_class_counts': {'FLOOR_FIRST_PROTECTED_SUBBAND_SCHEDULING_G0': 40, 'BASELINE_NOOP': 57, 'FLOOR_FIRST_PROTECTED_SUBBAND_SCHEDULING_G2': 20}, 'strict_local_scope_gate': 'PASS', 'strict_local_scope_violation_intervals': 0, 'strict_post_mode_selected_power_gate': 'PASS', 'strict_post_mode_power_violation_intervals': 0, 'q0_envelope_deployable_actions': 0, 'unresolved_deployable_intervals': 0, 'diagnostic_g8_scheduling_feasible_intervals': 0, 'network_wide_shutdown_intervals': 0, 'maximum_normalized_floor_shortfall': 0.0, 'maximum_mutable_sector_count': 10, 'maximum_external_interferers_per_violating_user': 2, 'maximum_eess_backoff_sectors': 2, 'maximum_post_mode_selected_power_ratio': 1.0, 'maximum_strict_post_mode_selected_power_ratio': 1.0, 'maximum_q0_nominal_power_envelope_ratio': 1.0, 'protected_subband_scheduling_intervals': 60, 'protected_subband_scheduling_success_intervals': 60, 'protected_subband_scheduling_failure_intervals': 0, 'protected_subband_scheduling_guard_limit_counts': {'0': 40, '2': 20}, 'maximum_schedule_mode_count': 36, 'maximum_schedule_guard_sector_count': 2, 'schedule_slots_per_second': 2000, 'scheduled_nonbaseline_slots_per_second_sum': 60824, 'maximum_scheduled_nonbaseline_slots_per_second': 1167, 'maximum_protected_subband_scheduled_fraction': 0.5835, 'maximum_schedule_nonzero_mode_count': 4, 'maximum_schedule_critical_sector_count': 3, 'maximum_schedule_mutable_sector_count': 4, 'local_table_build_seconds_sum': 0.43069825507700443, 'local_table_build_seconds_max': 0.00420362688601017, 'repair_solver_seconds_sum': 1.223274757154286, 'repair_solver_seconds_max': 0.08185451617464423, 'repair_solver_seconds_p95_nonzero': 0.02192862867377698, 'schedule_solver_seconds_sum': 0.5390257476828992, 'schedule_solver_seconds_max': 0.1218425058759749, 'candidate_end_to_end_seconds': 2.4425439052283764, 'information_exchange_locality_certified': False, 'action_scope_locality_verified': True, 'global_oracles_classification_only': True, 'changed_stream_coefficient_count_sum': 647, 'changed_sector_interval_count_sum': 200, 'maximum_changed_stream_coefficients_per_interval': 15, 'maximum_changed_sectors_per_interval': 4, 'incremental_float32_payload_lower_bound_bytes_sum': 3868, 'payload_claim_boundary': 'LOWER_BOUND_FOR_CHANGED_FLOAT32_STREAM_COEFFICIENTS_PLUS_SCHEDULE_COUNTS_NOT_A_SERIALIZED_PROTOCOL_MEASUREMENT', 'claim_boundary': 'DEVELOPMENT_REPLAY_ON_PREVIOUSLY_OBSERVED_SEEDS_NOT_CONFIRMATORY_NOT_CALIBRATION_NOT_REGULATORY_COMPLIANCE'}",2,581,117,07b72cf7efa2292e45e6f51c41f72eb0c7c96dbe76d4e079005f16c3da73ee30,d268d3206ac8eee72025c45bd1ef4b37f1965c4c7da69884c16f8a5ccc084a18,480cabf323b9978a0033e07b981f73c7b56df82519e5e0482bd783e7ed3b7351,candidate_end_to_end_including_sequential_fallback_and_repair_oracles,PASS,PASS,0.0,0.0,0.0,10.0,2.0,2.0,1.0,1.0,0.0,57.0,0.0,0.0,False,True,True,0.4306982550770044,1.223274757154286,0.0042036268860101,0.0818545161746442,0.0219286286737769,647.0,200.0,15.0,4.0,3868.0,LOWER_BOUND_FOR_CHANGED_FLOAT32_STREAM_COEFFICIENTS_PLUS_SCHEDULE_COUNTS_NOT_A_SERIALIZED_PROTOCOL_MEASUREMENT,44026,,EXECUTED_V4_4_FAILED_SEED_REPLAY,True
candidate_v4_4_floor_first_protected_subband_scheduling,0,0,-0.0017738963629952,-14.386751689801503,0,0,0.0,47.83243570553281,79.50135024755545,0.1557479602174027,1.7729445985866856,0.2581341965244872,2.092732771385495,182,62,6,2.572189630009234,"{'action_class_counts': {'FLOOR_FIRST_PROTECTED_SUBBAND_SCHEDULING_G0': 40, 'BASELINE_NOOP': 58, 'FLOOR_FIRST_PROTECTED_SUBBAND_SCHEDULING_G2': 20, 'SPARSE_LOCAL_STREAM_POWER_REPAIR': 1}, 'strict_local_scope_gate': 'PASS', 'strict_local_scope_violation_intervals': 0, 'strict_post_mode_selected_power_gate': 'PASS', 'strict_post_mode_power_violation_intervals': 0, 'q0_envelope_deployable_actions': 0, 'unresolved_deployable_intervals': 0, 'diagnostic_g8_scheduling_feasible_intervals': 0, 'network_wide_shutdown_intervals': 0, 'maximum_normalized_floor_shortfall': 0.0, 'maximum_mutable_sector_count': 10, 'maximum_external_interferers_per_violating_user': 2, 'maximum_eess_backoff_sectors': 2, 'maximum_post_mode_selected_power_ratio': 1.0, 'maximum_strict_post_mode_selected_power_ratio': 1.0, 'maximum_q0_nominal_power_envelope_ratio': 1.0, 'protected_subband_scheduling_intervals': 60, 'protected_subband_scheduling_success_intervals': 60, 'protected_subband_scheduling_failure_intervals': 0, 'protected_subband_scheduling_guard_limit_counts': {'0': 40, '2': 20}, 'maximum_schedule_mode_count': 36, 'maximum_schedule_guard_sector_count': 2, 'schedule_slots_per_second': 2000, 'scheduled_nonbaseline_slots_per_second_sum': 60828, 'maximum_scheduled_nonbaseline_slots_per_second': 1169, 'maximum_protected_subband_scheduled_fraction': 0.5845, 'maximum_schedule_nonzero_mode_count': 4, 'maximum_schedule_critical_sector_count': 3, 'maximum_schedule_mutable_sector_count': 4, 'local_table_build_seconds_sum': 0.4519857461564243, 'local_table_build_seconds_max': 0.007551305927336216, 'repair_solver_seconds_sum': 1.3171752206981182, 'repair_solver_seconds_max': 0.057150779757648706, 'repair_solver_seconds_p95_nonzero': 0.02560808416455984, 'schedule_solver_seconds_sum': 0.5410808431915939, 'schedule_solver_seconds_max': 0.11451500095427036, 'candidate_end_to_end_seconds': 2.5721544791013002, 'information_exchange_locality_certified': False, 'action_scope_locality_verified': True, 'global_oracles_classification_only': True, 'changed_stream_coefficient_count_sum': 660, 'changed_sector_interval_count_sum': 204, 'maximum_changed_stream_coefficients_per_interval': 15, 'maximum_changed_sectors_per_interval': 4, 'incremental_float32_payload_lower_bound_bytes_sum': 3920, 'payload_claim_boundary': 'LOWER_BOUND_FOR_CHANGED_FLOAT32_STREAM_COEFFICIENTS_PLUS_SCHEDULE_COUNTS_NOT_A_SERIALIZED_PROTOCOL_MEASUREMENT', 'claim_boundary': 'DEVELOPMENT_REPLAY_ON_PREVIOUSLY_OBSERVED_SEEDS_NOT_CONFIRMATORY_NOT_CALIBRATION_NOT_REGULATORY_COMPLIANCE'}",3,594,119,b9ba3ef4660a9dc566566dda6e4f6d6f1fc87bc4d4d1512f8ed67a40f135090d,173b194f83139ab19a75206a1a0723b1062830560f4e280fe4de53cefbac6c62,e9346575eec1a38c599ba894ee959bb2847a3a7b8543100bb1cf52abb3209fc5,candidate_end_to_end_including_sequential_fallback_and_repair_oracles,PASS,PASS,0.0,0.0,0.0,10.0,2.0,2.0,1.0,1.0,0.0,58.0,0.0,1.0,False,True,True,0.4519857461564243,1.3171752206981182,0.0075513059273362,0.0571507797576487,0.0256080841645598,660.0,204.0,15.0,4.0,3920.0,LOWER_BOUND_FOR_CHANGED_FLOAT32_STREAM_COEFFICIENTS_PLUS_SCHEDULE_COUNTS_NOT_A_SERIALIZED_PROTOCOL_MEASUREMENT,44026,,EXECUTED_V4_4_FAILED_SEED_REPLAY,True
candidate_v4_4_floor_first_protected_subband_scheduling,0,0,-0.0120645247774936,-14.383865830265602,0,0,0.0,53.95678850052347,79.01828753421078,0.1535158634151669,1.7774104650729194,0.2581395548372686,2.09554912115422,196,65,6,2.9548370367847383,"{'action_class_counts': {'FLOOR_FIRST_PROTECTED_SUBBAND_SCHEDULING_G0': 41, 'BASELINE_NOOP': 58, 'FLOOR_FIRST_PROTECTED_SUBBAND_SCHEDULING_G2': 19, 'SPARSE_LOCAL_STREAM_POWER_REPAIR': 3}, 'strict_local_scope_gate': 'PASS', 'strict_local_scope_violation_intervals': 0, 'strict_post_mode_selected_power_gate': 'PASS', 'strict_post_mode_power_violation_intervals': 0, 'q0_envelope_deployable_actions': 0, 'unresolved_deployable_intervals': 0, 'diagnostic_g8_scheduling_feasible_intervals': 0, 'network_wide_shutdown_intervals': 0, 'maximum_normalized_floor_shortfall': 0.0, 'maximum_mutable_sector_count': 10, 'maximum_external_interferers_per_violating_user': 2, 'maximum_eess_backoff_sectors': 2, 'maximum_post_mode_selected_power_ratio': 1.0, 'maximum_strict_post_mode_selected_power_ratio': 1.0, 'maximum_q0_nominal_power_envelope_ratio': 1.0, 'protected_subband_scheduling_intervals': 60, 'protected_subband_scheduling_success_intervals': 60, 'protected_subband_scheduling_failure_intervals': 0, 'protected_subband_scheduling_guard_limit_counts': {'0': 41, '2': 19}, 'maximum_schedule_mode_count': 36, 'maximum_schedule_guard_sector_count': 2, 'schedule_slots_per_second': 2000, 'scheduled_nonbaseline_slots_per_second_sum': 61399, 'maximum_scheduled_nonbaseline_slots_per_second': 1248, 'maximum_protected_subband_scheduled_fraction': 0.624, 'maximum_schedule_nonzero_mode_count': 4, 'maximum_schedule_critical_sector_count': 3, 'maximum_schedule_mutable_sector_count': 4, 'local_table_build_seconds_sum': 0.4439912070520222, 'local_table_build_seconds_max': 0.004311347845941782, 'repair_solver_seconds_sum': 1.4040766451507807, 'repair_solver_seconds_max': 0.06828489806503057, 'repair_solver_seconds_p95_nonzero': 0.05216953950002785, 'schedule_solver_seconds_sum': 0.837016309145838, 'schedule_solver_seconds_max': 0.16537518613040447, 'candidate_end_to_end_seconds': 2.954802135936916, 'information_exchange_locality_certified': False, 'action_scope_locality_verified': True, 'global_oracles_classification_only': True, 'changed_stream_coefficient_count_sum': 673, 'changed_sector_interval_count_sum': 210, 'maximum_changed_stream_coefficients_per_interval': 15, 'maximum_changed_sectors_per_interval': 4, 'incremental_float32_payload_lower_bound_bytes_sum': 3968, 'payload_claim_boundary': 'LOWER_BOUND_FOR_CHANGED_FLOAT32_STREAM_COEFFICIENTS_PLUS_SCHEDULE_COUNTS_NOT_A_SERIALIZED_PROTOCOL_MEASUREMENT', 'claim_boundary': 'DEVELOPMENT_REPLAY_ON_PREVIOUSLY_OBSERVED_SEEDS_NOT_CONFIRMATORY_NOT_CALIBRATION_NOT_REGULATORY_COMPLIANCE'}",4,605,121,d91d762267b7e15defbc314699d56dbf109ac88db5837db65bf13f3da62b1664,7f7de95f061e42fb44254d676bc417b3926c9cecff785104adc5c155edea1232,a2dcb97065c5439a421c4e54bcb5d3d31964f2c4ad6b74cc449505ad27e2149f,candidate_end_to_end_including_sequential_fallback_and_repair_oracles,PASS,PASS,0.0,0.0,0.0,10.0,2.0,2.0,1.0,1.0,0.0,58.0,0.0,3.0,False,True,True,0.4439912070520222,1.404076645150781,0.0043113478459417,0.0682848980650305,0.0521695395000278,673.0,210.0,15.0,4.0,3968.0,LOWER_BOUND_FOR_CHANGED_FLOAT32_STREAM_COEFFICIENTS_PLUS_SCHEDULE_COUNTS_NOT_A_SERIALIZED_PROTOCOL_MEASUREMENT,44026,,EXECUTED_V4_4_FAILED_SEED_REPLAY,True
candidate_v4_4_floor_first_protected_subband_scheduling,0,0,-0.0027050985488687,-14.43575836019009,0,0,0.0,30.35456312228161,75.99539438550761,0.1650100984075458,1.736830154199411,0.2759509238055093,2.062556301132265,70,18,4,1.388844853034243,"{'action_class_counts': {'SPARSE_LOCAL_STREAM_POWER_REPAIR': 40, 'BASELINE_NOOP': 78}, 'strict_local_scope_gate': 'PASS', 'strict_local_scope_violation_intervals': 0, 'strict_post_mode_selected_power_gate': 'PASS', 'strict_post_mode_power_violation_intervals': 0, 'q0_envelope_deployable_actions': 0, 'unresolved_deployable_intervals': 0, 'diagnostic_g8_scheduling_feasible_intervals': 0, 'network_wide_shutdown_intervals': 0, 'maximum_normalized_floor_shortfall': 0.0, 'maximum_mutable_sector_count': 11, 'maximum_external_interferers_per_violating_user': 2, 'maximum_eess_backoff_sectors': 2, 'maximum_post_mode_selected_power_ratio': 1.0, 'maximum_strict_post_mode_selected_power_ratio': 1.0, 'maximum_q0_nominal_power_envelope_ratio': 1.0, 'protected_subband_scheduling_intervals': 0, 'protected_subband_scheduling_success_intervals': 0, 'protected_subband_scheduling_failure_intervals': 0, 'protected_subband_scheduling_guard_limit_counts': {}, 'maximum_schedule_mode_count': 0, 'maximum_schedule_guard_sector_count': 0, 'schedule_slots_per_second': 2000, 'scheduled_nonbaseline_slots_per_second_sum': 0, 'maximum_scheduled_nonbaseline_slots_per_second': 0, 'maximum_protected_subband_scheduled_fraction': 0.0, 'maximum_schedule_nonzero_mode_count': 0, 'maximum_schedule_critical_sector_count': 0, 'maximum_schedule_mutable_sector_count': 0, 'local_table_build_seconds_sum': 0.41691497643478215, 'local_table_build_seconds_max': 0.004023768939077854, 'repair_solver_seconds_sum': 0.7454566827509552, 'repair_solver_seconds_max': 0.13400043617002666, 'repair_solver_seconds_p95_nonzero': 0.044024349178653194, 'schedule_solver_seconds_sum': 0.0, 'schedule_solver_seconds_max': 0.0, 'candidate_end_to_end_seconds': 1.388812571996823, 'information_exchange_locality_certified': False, 'action_scope_locality_verified': True, 'global_oracles_classification_only': True, 'changed_stream_coefficient_count_sum': 333, 'changed_sector_interval_count_sum': 129, 'maximum_changed_stream_coefficients_per_interval': 9, 'maximum_changed_sectors_per_interval': 4, 'incremental_float32_payload_lower_bound_bytes_sum': 1332, 'payload_claim_boundary': 'LOWER_BOUND_FOR_CHANGED_FLOAT32_STREAM_COEFFICIENTS_PLUS_SCHEDULE_COUNTS_NOT_A_SERIALIZED_PROTOCOL_MEASUREMENT', 'claim_boundary': 'DEVELOPMENT_REPLAY_ON_PREVIOUSLY_OBSERVED_SEEDS_NOT_CONFIRMATORY_NOT_CALIBRATION_NOT_REGULATORY_COMPLIANCE'}",0,587,118,3dccbc9ad5bed3c9208996fbc4cba78b25e12ce1a289294ee4853c0d5d647141,e2c71a866695e68211d3758ba4e16cc63732b61bd86f859db01d586e57351d95,755eaf3e1451afd7e92b458592b9b0404be0e61b9fe68f98285dd23751737996,candidate_end_to_end_including_sequential_fallback_and_repair_oracles,PASS,PASS,0.0,0.0,0.0,11.0,2.0,2.0,1.0,1.0,0.0,78.0,0.0,40.0,False,True,True,0.4169149764347821,0.7454566827509552,0.0040237689390778,0.1340004361700266,0.0440243491786531,333.0,129.0,9.0,4.0,1332.0,LOWER_BOUND_FOR_CHANGED_FLOAT32_STREAM_COEFFICIENTS_PLUS_SCHEDULE_COUNTS_NOT_A_SERIALIZED_PROTOCOL_MEASUREMENT,44027,,EXECUTED_V4_4_FAILED_SEED_REPLAY,True
candidate_v4_4_floor_first_protected_subband_scheduling,0,0,-0.0047230297973429,-14.421360319887771,0,0,0.0,42.61993958464531,77.09424992648933,0.1650030828776538,1.733439443656594,0.2759508839595535,2.0540694990923325,68,17,4,1.1280547631904485,"{'action_class_counts': {'SPARSE_LOCAL_STREAM_POWER_REPAIR': 40, 'BASELINE_NOOP': 75}, 'strict_local_scope_gate': 'PASS', 'strict_local_scope_violation_intervals': 0, 'strict_post_mode_selected_power_gate': 'PASS', 'strict_post_mode_power_violation_intervals': 0, 'q0_envelope_deployable_actions': 0, 'unresolved_deployable_intervals': 0, 'diagnostic_g8_scheduling_feasible_intervals': 0, 'network_wide_shutdown_intervals': 0, 'maximum_normalized_floor_shortfall': 0.0, 'maximum_mutable_sector_count': 11, 'maximum_external_interferers_per_violating_user': 2, 'maximum_eess_backoff_sectors': 2, 'maximum_post_mode_selected_power_ratio': 1.0, 'maximum_strict_post_mode_selected_power_ratio': 1.0, 'maximum_q0_nominal_power_envelope_ratio': 1.0, 'protected_subband_scheduling_intervals': 0, 'protected_subband_scheduling_success_intervals': 0, 'protected_subband_scheduling_failure_intervals': 0, 'protected_subband_scheduling_guard_limit_counts': {}, 'maximum_schedule_mode_count': 0, 'maximum_schedule_guard_sector_count': 0, 'schedule_slots_per_second': 2000, 'scheduled_nonbaseline_slots_per_second_sum': 0, 'maximum_scheduled_nonbaseline_slots_per_second': 0, 'maximum_protected_subband_scheduled_fraction': 0.0, 'maximum_schedule_nonzero_mode_count': 0, 'maximum_schedule_critical_sector_count': 0, 'maximum_schedule_mutable_sector_count': 0, 'local_table_build_seconds_sum': 0.40676866425201297, 'local_table_build_seconds_max': 0.003802657127380371, 'repair_solver_seconds_sum': 0.5015140401665121, 'repair_solver_seconds_max': 0.014091050019487739, 'repair_solver_seconds_p95_nonzero': 0.012857333454303444, 'schedule_solver_seconds_sum': 0.0, 'schedule_solver_seconds_max': 0.0, 'candidate_end_to_end_seconds': 1.1280084531754255, 'information_exchange_locality_certified': False, 'action_scope_locality_verified': True, 'global_oracles_classification_only': True, 'changed_stream_coefficient_count_sum': 331, 'changed_sector_interval_count_sum': 130, 'maximum_changed_stream_coefficients_per_interval': 9, 'maximum_changed_sectors_per_interval': 4, 'incremental_float32_payload_lower_bound_bytes_sum': 1324, 'payload_claim_boundary': 'LOWER_BOUND_FOR_CHANGED_FLOAT32_STREAM_COEFFICIENTS_PLUS_SCHEDULE_COUNTS_NOT_A_SERIALIZED_PROTOCOL_MEASUREMENT', 'claim_boundary': 'DEVELOPMENT_REPLAY_ON_PREVIOUSLY_OBSERVED_SEEDS_NOT_CONFIRMATORY_NOT_CALIBRATION_NOT_REGULATORY_COMPLIANCE'}",1,571,115,2440a8820fb3fa0de4b130f4e356ca3ea43576571feef1da78c318b3f7f0b766,d1481d7e2cd264847e25dd15d8513c9a3750cd816288804c594b75d7f2b3d836,f9b64e7e27cf2ee10798668a9bb8e7c6e249e27dfe1e54a910e4534c4a46bccb,candidate_end_to_end_including_sequential_fallback_and_repair_oracles,PASS,PASS,0.0,0.0,0.0,11.0,2.0,2.0,1.0,1.0,0.0,75.0,0.0,40.0,False,True,True,0.4067686642520129,0.5015140401665121,0.0038026571273803,0.0140910500194877,0.0128573334543034,331.0,130.0,9.0,4.0,1324.0,LOWER_BOUND_FOR_CHANGED_FLOAT32_STREAM_COEFFICIENTS_PLUS_SCHEDULE_COUNTS_NOT_A_SERIALIZED_PROTOCOL_MEASUREMENT,44027,,EXECUTED_V4_4_FAILED_SEED_REPLAY,True
candidate_v4_4_floor_first_protected_subband_scheduling,0,0,-0.0011265282707308,-14.416800542600669,0,0,0.0,34.26413615462956,76.43178682660528,0.1650730441169274,1.7296364244041962,0.275951322750682,2.0592731997236737,48,12,4,1.1456433879211545,"{'action_class_counts': {'SPARSE_LOCAL_STREAM_POWER_REPAIR': 40, 'BASELINE_NOOP': 77}, 'strict_local_scope_gate': 'PASS', 'strict_local_scope_violation_intervals': 0, 'strict_post_mode_selected_power_gate': 'PASS', 'strict_post_mode_power_violation_intervals': 0, 'q0_envelope_deployable_actions': 0, 'unresolved_deployable_intervals': 0, 'diagnostic_g8_scheduling_feasible_intervals': 0, 'network_wide_shutdown_intervals': 0, 'maximum_normalized_floor_shortfall': 0.0, 'maximum_mutable_sector_count': 11, 'maximum_external_interferers_per_violating_user': 2, 'maximum_eess_backoff_sectors': 2, 'maximum_post_mode_selected_power_ratio': 1.0, 'maximum_strict_post_mode_selected_power_ratio': 1.0, 'maximum_q0_nominal_power_envelope_ratio': 1.0, 'protected_subband_scheduling_intervals': 0, 'protected_subband_scheduling_success_intervals': 0, 'protected_subband_scheduling_failure_intervals': 0, 'protected_subband_scheduling_guard_limit_counts': {}, 'maximum_schedule_mode_count': 0, 'maximum_schedule_guard_sector_count': 0, 'schedule_slots_per_second': 2000, 'scheduled_nonbaseline_slots_per_second_sum': 0, 'maximum_scheduled_nonbaseline_slots_per_second': 0, 'maximum_protected_subband_scheduled_fraction': 0.0, 'maximum_schedule_nonzero_mode_count': 0, 'maximum_schedule_critical_sector_count': 0, 'maximum_schedule_mutable_sector_count': 0, 'local_table_build_seconds_sum': 0.4161586717236787, 'local_table_build_seconds_max': 0.0038129978347569704, 'repair_solver_seconds_sum': 0.5064775068312883, 'repair_solver_seconds_max': 0.013895667856559157, 'repair_solver_seconds_p95_nonzero': 0.013144007697701453, 'schedule_solver_seconds_sum': 0.0, 'schedule_solver_seconds_max': 0.0, 'candidate_end_to_end_seconds': 1.145611718064174, 'information_exchange_locality_certified': False, 'action_scope_locality_verified': True, 'global_oracles_classification_only': True, 'changed_stream_coefficient_count_sum': 332, 'changed_sector_interval_count_sum': 132, 'maximum_changed_stream_coefficients_per_interval': 9, 'maximum_changed_sectors_per_interval': 4, 'incremental_float32_payload_lower_bound_bytes_sum': 1328, 'payload_claim_boundary': 'LOWER_BOUND_FOR_CHANGED_FLOAT32_STREAM_COEFFICIENTS_PLUS_SCHEDULE_COUNTS_NOT_A_SERIALIZED_PROTOCOL_MEASUREMENT', 'claim_boundary': 'DEVELOPMENT_REPLAY_ON_PREVIOUSLY_OBSERVED_SEEDS_NOT_CONFIRMATORY_NOT_CALIBRATION_NOT_REGULATORY_COMPLIANCE'}",2,581,117,b769d90c6379d67edecc41c28f89edcf93978ab51512bb0aeb0b49f66144e34c,a74b7a0401f120fa8dd5d245ff2e037fcdf4d6dfd298af8ef98999332051b78f,2cfb8ab73883770cfd08304b998124940d3392532c69f8c9d6d57cdbe7c777ff,candidate_end_to_end_including_sequential_fallback_and_repair_oracles,PASS,PASS,0.0,0.0,0.0,11.0,2.0,2.0,1.0,1.0,0.0,77.0,0.0,40.0,False,True,True,0.4161586717236787,0.5064775068312883,0.0038129978347569,0.0138956678565591,0.0131440076977014,332.0,132.0,9.0,4.0,1328.0,LOWER_BOUND_FOR_CHANGED_FLOAT32_STREAM_COEFFICIENTS_PLUS_SCHEDULE_COUNTS_NOT_A_SERIALIZED_PROTOCOL_MEASUREMENT,44027,,EXECUTED_V4_4_FAILED_SEED_REPLAY,True
candidate_v4_4_floor_first_protected_subband_scheduling,0,0,-0.000613376888371,-14.322553517854397,0,0,0.0,36.89709272898239,75.49005196167008,0.1650788088905492,1.735549564624831,0.2759518974869419,2.0669604683343503,47,14,4,1.1714266119524837,"{'action_class_counts': {'SPARSE_LOCAL_STREAM_POWER_REPAIR': 40, 'BASELINE_NOOP': 78, 'FLOOR_FIRST_PROTECTED_SUBBAND_SCHEDULING_G0': 1}, 'strict_local_scope_gate': 'PASS', 'strict_local_scope_violation_intervals': 0, 'strict_post_mode_selected_power_gate': 'PASS', 'strict_post_mode_power_violation_intervals': 0, 'q0_envelope_deployable_actions': 0, 'unresolved_deployable_intervals': 0, 'diagnostic_g8_scheduling_feasible_intervals': 0, 'network_wide_shutdown_intervals': 0, 'maximum_normalized_floor_shortfall': 0.0, 'maximum_mutable_sector_count': 11, 'maximum_external_interferers_per_violating_user': 2, 'maximum_eess_backoff_sectors': 2, 'maximum_post_mode_selected_power_ratio': 1.0, 'maximum_strict_post_mode_selected_power_ratio': 1.0, 'maximum_q0_nominal_power_envelope_ratio': 1.0, 'protected_subband_scheduling_intervals': 1, 'protected_subband_scheduling_success_intervals': 1, 'protected_subband_scheduling_failure_intervals': 0, 'protected_subband_scheduling_guard_limit_counts': {'0': 1}, 'maximum_schedule_mode_count': 4, 'maximum_schedule_guard_sector_count': 0, 'schedule_slots_per_second': 2000, 'scheduled_nonbaseline_slots_per_second_sum': 463, 'maximum_scheduled_nonbaseline_slots_per_second': 463, 'maximum_protected_subband_scheduled_fraction': 0.2315, 'maximum_schedule_nonzero_mode_count': 2, 'maximum_schedule_critical_sector_count': 1, 'maximum_schedule_mutable_sector_count': 1, 'local_table_build_seconds_sum': 0.4239880405366421, 'local_table_build_seconds_max': 0.004012449877336621, 'repair_solver_seconds_sum': 0.517565444111824, 'repair_solver_seconds_max': 0.014371581841260195, 'repair_solver_seconds_p95_nonzero': 0.013104980112984776, 'schedule_solver_seconds_sum': 0.0030536099802702665, 'schedule_solver_seconds_max': 0.0030536099802702665, 'candidate_end_to_end_seconds': 1.171397641999647, 'information_exchange_locality_certified': False, 'action_scope_locality_verified': True, 'global_oracles_classification_only': True, 'changed_stream_coefficient_count_sum': 335, 'changed_sector_interval_count_sum': 133, 'maximum_changed_stream_coefficients_per_interval': 9, 'maximum_changed_sectors_per_interval': 4, 'incremental_float32_payload_lower_bound_bytes_sum': 1350, 'payload_claim_boundary': 'LOWER_BOUND_FOR_CHANGED_FLOAT32_STREAM_COEFFICIENTS_PLUS_SCHEDULE_COUNTS_NOT_A_SERIALIZED_PROTOCOL_MEASUREMENT', 'claim_boundary': 'DEVELOPMENT_REPLAY_ON_PREVIOUSLY_OBSERVED_SEEDS_NOT_CONFIRMATORY_NOT_CALIBRATION_NOT_REGULATORY_COMPLIANCE'}",3,594,119,8d6c225069eb740bb1449c5c3bcf90dbd3c820c6008c63fcfbae39c1f79f542d,29b826384e33ab638f0172d05bb9da8dd0d277f993d229ba5c6ffb9eb2737cee,8a3fb0378c53403dde48a9e0975cc6bcf7bea35fef825a9fa1bbab108c51c8d4,candidate_end_to_end_including_sequential_fallback_and_repair_oracles,PASS,PASS,0.0,0.0,0.0,11.0,2.0,2.0,1.0,1.0,0.0,78.0,0.0,40.0,False,True,True,0.4239880405366421,0.517565444111824,0.0040124498773366,0.0143715818412601,0.0131049801129847,335.0,133.0,9.0,4.0,1350.0,LOWER_BOUND_FOR_CHANGED_FLOAT32_STREAM_COEFFICIENTS_PLUS_SCHEDULE_COUNTS_NOT_A_SERIALIZED_PROTOCOL_MEASUREMENT,44027,,EXECUTED_V4_4_FAILED_SEED_REPLAY,True
candidate_v4_4_floor_first_protected_subband_scheduling,0,0,-0.0004062841844914,-14.332486380137144,0,0,0.0,42.84526923386018,74.87217044191866,0.1650740955870603,1.7464723025780762,0.2759521382875592,2.076465579579729,47,14,4,1.2117897120770067,"{'action_class_counts': {'SPARSE_LOCAL_STREAM_POWER_REPAIR': 40, 'BASELINE_NOOP': 78, 'FLOOR_FIRST_PROTECTED_SUBBAND_SCHEDULING_G0': 3}, 'strict_local_scope_gate': 'PASS', 'strict_local_scope_violation_intervals': 0, 'strict_post_mode_selected_power_gate': 'PASS', 'strict_post_mode_power_violation_intervals': 0, 'q0_envelope_deployable_actions': 0, 'unresolved_deployable_intervals': 0, 'diagnostic_g8_scheduling_feasible_intervals': 0, 'network_wide_shutdown_intervals': 0, 'maximum_normalized_floor_shortfall': 0.0, 'maximum_mutable_sector_count': 11, 'maximum_external_interferers_per_violating_user': 2, 'maximum_eess_backoff_sectors': 2, 'maximum_post_mode_selected_power_ratio': 1.0, 'maximum_strict_post_mode_selected_power_ratio': 1.0, 'maximum_q0_nominal_power_envelope_ratio': 1.0, 'protected_subband_scheduling_intervals': 3, 'protected_subband_scheduling_success_intervals': 3, 'protected_subband_scheduling_failure_intervals': 0, 'protected_subband_scheduling_guard_limit_counts': {'0': 3}, 'maximum_schedule_mode_count': 4, 'maximum_schedule_guard_sector_count': 0, 'schedule_slots_per_second': 2000, 'scheduled_nonbaseline_slots_per_second_sum': 1133, 'maximum_scheduled_nonbaseline_slots_per_second': 406, 'maximum_protected_subband_scheduled_fraction': 0.203, 'maximum_schedule_nonzero_mode_count': 2, 'maximum_schedule_critical_sector_count': 1, 'maximum_schedule_mutable_sector_count': 1, 'local_table_build_seconds_sum': 0.4298977090511471, 'local_table_build_seconds_max': 0.0037833170499652624, 'repair_solver_seconds_sum': 0.5479748481884599, 'repair_solver_seconds_max': 0.014524542959406972, 'repair_solver_seconds_p95_nonzero': 0.014044225076213477, 'schedule_solver_seconds_sum': 0.007570864865556359, 'schedule_solver_seconds_max': 0.0026716559659689665, 'candidate_end_to_end_seconds': 1.2117611221037805, 'information_exchange_locality_certified': False, 'action_scope_locality_verified': True, 'global_oracles_classification_only': True, 'changed_stream_coefficient_count_sum': 339, 'changed_sector_interval_count_sum': 133, 'maximum_changed_stream_coefficients_per_interval': 9, 'maximum_changed_sectors_per_interval': 4, 'incremental_float32_payload_lower_bound_bytes_sum': 1386, 'payload_claim_boundary': 'LOWER_BOUND_FOR_CHANGED_FLOAT32_STREAM_COEFFICIENTS_PLUS_SCHEDULE_COUNTS_NOT_A_SERIALIZED_PROTOCOL_MEASUREMENT', 'claim_boundary': 'DEVELOPMENT_REPLAY_ON_PREVIOUSLY_OBSERVED_SEEDS_NOT_CONFIRMATORY_NOT_CALIBRATION_NOT_REGULATORY_COMPLIANCE'}",4,605,121,4e992f0dcb55e6566c81a533d71535ab6e19c25b31544561492cf996b1f37ae6,e7f85ffcf79a7985da33ada209e56097c7c76767b149a5afddbe200a51b46a4b,c309e9d2a96d761d59935f92a0de80b933310929657a3c9376a18fdd31d760be,candidate_end_to_end_including_sequential_fallback_and_repair_oracles,PASS,PASS,0.0,0.0,0.0,11.0,2.0,2.0,1.0,1.0,0.0,78.0,0.0,40.0,False,True,True,0.4298977090511471,0.5479748481884599,0.0037833170499652,0.0145245429594069,0.0140442250762134,339.0,133.0,9.0,4.0,1386.0,LOWER_BOUND_FOR_CHANGED_FLOAT32_STREAM_COEFFICIENTS_PLUS_SCHEDULE_COUNTS_NOT_A_SERIALIZED_PROTOCOL_MEASUREMENT,44027,,EXECUTED_V4_4_FAILED_SEED_REPLAY,True
candidate_v4_4_floor_first_protected_subband_scheduling,0,0,-0.0143912860089387,-14.141336792799436,0,0,0.0,37.64911465064488,87.13537969019909,0.2643119388898144,1.995909459973712,0.3718777966326215,2.2735799030923283,92,32,6,1.2041043748613447,"{'action_class_counts': {'SPARSE_LOCAL_STREAM_POWER_REPAIR': 40, 'BASELINE_NOOP': 78}, 'strict_local_scope_gate': 'PASS', 'strict_local_scope_violation_intervals': 0, 'strict_post_mode_selected_power_gate': 'PASS', 'strict_post_mode_power_violation_intervals': 0, 'q0_envelope_deployable_actions': 0, 'unresolved_deployable_intervals': 0, 'diagnostic_g8_scheduling_feasible_intervals': 0, 'network_wide_shutdown_intervals': 0, 'maximum_normalized_floor_shortfall': 0.0, 'maximum_mutable_sector_count': 10, 'maximum_external_interferers_per_violating_user': 2, 'maximum_eess_backoff_sectors': 2, 'maximum_post_mode_selected_power_ratio': 1.0, 'maximum_strict_post_mode_selected_power_ratio': 1.0, 'maximum_q0_nominal_power_envelope_ratio': 1.0, 'protected_subband_scheduling_intervals': 0, 'protected_subband_scheduling_success_intervals': 0, 'protected_subband_scheduling_failure_intervals': 0, 'protected_subband_scheduling_guard_limit_counts': {}, 'maximum_schedule_mode_count': 0, 'maximum_schedule_guard_sector_count': 0, 'schedule_slots_per_second': 2000, 'scheduled_nonbaseline_slots_per_second_sum': 0, 'maximum_scheduled_nonbaseline_slots_per_second': 0, 'maximum_protected_subband_scheduled_fraction': 0.0, 'maximum_schedule_nonzero_mode_count': 0, 'maximum_schedule_critical_sector_count': 0, 'maximum_schedule_mutable_sector_count': 0, 'local_table_build_seconds_sum': 0.4113225394394249, 'local_table_build_seconds_max': 0.003972379025071859, 'repair_solver_seconds_sum': 0.5683098223526031, 'repair_solver_seconds_max': 0.056333817075937986, 'repair_solver_seconds_p95_nonzero': 0.03002128186635669, 'schedule_solver_seconds_sum': 0.0, 'schedule_solver_seconds_max': 0.0, 'candidate_end_to_end_seconds': 1.2040739147923887, 'information_exchange_locality_certified': False, 'action_scope_locality_verified': True, 'global_oracles_classification_only': True, 'changed_stream_coefficient_count_sum': 210, 'changed_sector_interval_count_sum': 100, 'maximum_changed_stream_coefficients_per_interval': 8, 'maximum_changed_sectors_per_interval': 3, 'incremental_float32_payload_lower_bound_bytes_sum': 840, 'payload_claim_boundary': 'LOWER_BOUND_FOR_CHANGED_FLOAT32_STREAM_COEFFICIENTS_PLUS_SCHEDULE_COUNTS_NOT_A_SERIALIZED_PROTOCOL_MEASUREMENT', 'claim_boundary': 'DEVELOPMENT_REPLAY_ON_PREVIOUSLY_OBSERVED_SEEDS_NOT_CONFIRMATORY_NOT_CALIBRATION_NOT_REGULATORY_COMPLIANCE'}",0,587,118,4cc36c139b0c1a1dde40ab7b25c0031b6169cd0d6b170f747de13c44c3721a16,d5348c75111341fffb2dfc5a97fda4601cd3e7fe802372e911b6343e6e4ea603,8ee9b079dc1c6700df2165325697139b8544cbc3dd2e309391f4fc38e50fa7cf,candidate_end_to_end_including_sequential_fallback_and_repair_oracles,PASS,PASS,0.0,0.0,0.0,10.0,2.0,2.0,1.0,1.0,0.0,78.0,0.0,40.0,False,True,True,0.4113225394394249,0.5683098223526031,0.0039723790250718,0.0563338170759379,0.0300212818663566,210.0,100.0,8.0,3.0,840.0,LOWER_BOUND_FOR_CHANGED_FLOAT32_STREAM_COEFFICIENTS_PLUS_SCHEDULE_COUNTS_NOT_A_SERIALIZED_PROTOCOL_MEASUREMENT,44028,,EXECUTED_V4_4_FAILED_SEED_REPLAY,True
candidate_v4_4_floor_first_protected_subband_scheduling,0,0,-0.0028965104175999,-14.130950560702782,0,0,0.0,49.93779824204487,88.33071270214641,0.2646461059701749,1.9872287530681887,0.3676873323458607,2.2625791378278373,92,32,6,1.0536088380031288,"{'action_class_counts': {'SPARSE_LOCAL_STREAM_POWER_REPAIR': 40, 'BASELINE_NOOP': 75}, 'strict_local_scope_gate': 'PASS', 'strict_local_scope_violation_intervals': 0, 'strict_post_mode_selected_power_gate': 'PASS', 'strict_post_mode_power_violation_intervals': 0, 'q0_envelope_deployable_actions': 0, 'unresolved_deployable_intervals': 0, 'diagnostic_g8_scheduling_feasible_intervals': 0, 'network_wide_shutdown_intervals': 0, 'maximum_normalized_floor_shortfall': 0.0, 'maximum_mutable_sector_count': 10, 'maximum_external_interferers_per_violating_user': 2, 'maximum_eess_backoff_sectors': 2, 'maximum_post_mode_selected_power_ratio': 1.0, 'maximum_strict_post_mode_selected_power_ratio': 1.0, 'maximum_q0_nominal_power_envelope_ratio': 1.0, 'protected_subband_scheduling_intervals': 0, 'protected_subband_scheduling_success_intervals': 0, 'protected_subband_scheduling_failure_intervals': 0, 'protected_subband_scheduling_guard_limit_counts': {}, 'maximum_schedule_mode_count': 0, 'maximum_schedule_guard_sector_count': 0, 'schedule_slots_per_second': 2000, 'scheduled_nonbaseline_slots_per_second_sum': 0, 'maximum_scheduled_nonbaseline_slots_per_second': 0, 'maximum_protected_subband_scheduled_fraction': 0.0, 'maximum_schedule_nonzero_mode_count': 0, 'maximum_schedule_critical_sector_count': 0, 'maximum_schedule_mutable_sector_count': 0, 'local_table_build_seconds_sum': 0.404261487768963, 'local_table_build_seconds_max': 0.003637145971879363, 'repair_solver_seconds_sum': 0.4644879368133843, 'repair_solver_seconds_max': 0.013513633981347084, 'repair_solver_seconds_p95_nonzero': 0.011800961440894752, 'schedule_solver_seconds_sum': 0.0, 'schedule_solver_seconds_max': 0.0, 'candidate_end_to_end_seconds': 1.053575136931613, 'information_exchange_locality_certified': False, 'action_scope_locality_verified': True, 'global_oracles_classification_only': True, 'changed_stream_coefficient_count_sum': 208, 'changed_sector_interval_count_sum': 100, 'maximum_changed_stream_coefficients_per_interval': 7, 'maximum_changed_sectors_per_interval': 3, 'incremental_float32_payload_lower_bound_bytes_sum': 832, 'payload_claim_boundary': 'LOWER_BOUND_FOR_CHANGED_FLOAT32_STREAM_COEFFICIENTS_PLUS_SCHEDULE_COUNTS_NOT_A_SERIALIZED_PROTOCOL_MEASUREMENT', 'claim_boundary': 'DEVELOPMENT_REPLAY_ON_PREVIOUSLY_OBSERVED_SEEDS_NOT_CONFIRMATORY_NOT_CALIBRATION_NOT_REGULATORY_COMPLIANCE'}",1,571,115,c8c04ebfe7c94693f3a695eee1a900f5b3ca046aebfb417de09493eee0f3998c,5d79f7d39d50e4ee09e4fdd34c9f1077b8ce7e2878abef2e5a729ba881ad48ae,03a99a36ac94c8a81035c20f5846fa6693221c7d1db8836e6fca37fc036243c6,candidate_end_to_end_including_sequential_fallback_and_repair_oracles,PASS,PASS,0.0,0.0,0.0,10.0,2.0,2.0,1.0,1.0,0.0,75.0,0.0,40.0,False,True,True,0.404261487768963,0.4644879368133843,0.0036371459718793,0.013513633981347,0.0118009614408947,208.0,100.0,7.0,3.0,832.0,LOWER_BOUND_FOR_CHANGED_FLOAT32_STREAM_COEFFICIENTS_PLUS_SCHEDULE_COUNTS_NOT_A_SERIALIZED_PROTOCOL_MEASUREMENT,44028,,EXECUTED_V4_4_FAILED_SEED_REPLAY,True
candidate_v4_4_floor_first_protected_subband_scheduling,0,0,-2.1289806396189622e-05,-14.12554629884974,0,0,0.0,41.64771472893209,87.63472505038992,0.2824605637094926,2.0127806108807853,0.3677959971607796,2.2704238402783345,78,38,6,1.0757759669795632,"{'action_class_counts': {'SPARSE_LOCAL_FROZEN_GRID_SECTOR_REPAIR': 20, 'BASELINE_NOOP': 77, 'SPARSE_LOCAL_STREAM_POWER_REPAIR': 20}, 'strict_local_scope_gate': 'PASS', 'strict_local_scope_violation_intervals': 0, 'strict_post_mode_selected_power_gate': 'PASS', 'strict_post_mode_power_violation_intervals': 0, 'q0_envelope_deployable_actions': 0, 'unresolved_deployable_intervals': 0, 'diagnostic_g8_scheduling_feasible_intervals': 0, 'network_wide_shutdown_intervals': 0, 'maximum_normalized_floor_shortfall': 0.0, 'maximum_mutable_sector_count': 7, 'maximum_external_interferers_per_violating_user': 2, 'maximum_eess_backoff_sectors': 2, 'maximum_post_mode_selected_power_ratio': 1.0, 'maximum_strict_post_mode_selected_power_ratio': 1.0, 'maximum_q0_nominal_power_envelope_ratio': 1.0, 'protected_subband_scheduling_intervals': 0, 'protected_subband_scheduling_success_intervals': 0, 'protected_subband_scheduling_failure_intervals': 0, 'protected_subband_scheduling_guard_limit_counts': {}, 'maximum_schedule_mode_count': 0, 'maximum_schedule_guard_sector_count': 0, 'schedule_slots_per_second': 2000, 'scheduled_nonbaseline_slots_per_second_sum': 0, 'maximum_scheduled_nonbaseline_slots_per_second': 0, 'maximum_protected_subband_scheduled_fraction': 0.0, 'maximum_schedule_nonzero_mode_count': 0, 'maximum_schedule_critical_sector_count': 0, 'maximum_schedule_mutable_sector_count': 0, 'local_table_build_seconds_sum': 0.40995488525368273, 'local_table_build_seconds_max': 0.003631535917520523, 'repair_solver_seconds_sum': 0.48788724560290575, 'repair_solver_seconds_max': 0.01696008793078363, 'repair_solver_seconds_p95_nonzero': 0.015099051245488222, 'schedule_solver_seconds_sum': 0.0, 'schedule_solver_seconds_max': 0.0, 'candidate_end_to_end_seconds': 1.075743586057797, 'information_exchange_locality_certified': False, 'action_scope_locality_verified': True, 'global_oracles_classification_only': True, 'changed_stream_coefficient_count_sum': 160, 'changed_sector_interval_count_sum': 60, 'maximum_changed_stream_coefficients_per_interval': 4, 'maximum_changed_sectors_per_interval': 2, 'incremental_float32_payload_lower_bound_bytes_sum': 640, 'payload_claim_boundary': 'LOWER_BOUND_FOR_CHANGED_FLOAT32_STREAM_COEFFICIENTS_PLUS_SCHEDULE_COUNTS_NOT_A_SERIALIZED_PROTOCOL_MEASUREMENT', 'claim_boundary': 'DEVELOPMENT_REPLAY_ON_PREVIOUSLY_OBSERVED_SEEDS_NOT_CONFIRMATORY_NOT_CALIBRATION_NOT_REGULATORY_COMPLIANCE'}",2,581,117,8b0db94ca1b934056120ebe63c76d6d31221f6597423e674d1bad01e6ce212a5,47e94a76d040842a09f0ac2ec076b18c41593052c1e0ee3b7520294b9d009faf,3a50864e2ccef343ea643f690ea45f86f70d8af06233df85427bb24a03adb698,candidate_end_to_end_including_sequential_fallback_and_repair_oracles,PASS,PASS,0.0,0.0,0.0,7.0,2.0,2.0,1.0,1.0,0.0,77.0,20.0,20.0,False,True,True,0.4099548852536827,0.4878872456029057,0.0036315359175205,0.0169600879307836,0.0150990512454882,160.0,60.0,4.0,2.0,640.0,LOWER_BOUND_FOR_CHANGED_FLOAT32_STREAM_COEFFICIENTS_PLUS_SCHEDULE_COUNTS_NOT_A_SERIALIZED_PROTOCOL_MEASUREMENT,44028,,EXECUTED_V4_4_FAILED_SEED_REPLAY,True
candidate_v4_4_floor_first_protected_subband_scheduling,0,0,-0.0006163021313758,-14.140064303008966,1,4,0.4112426015531548,45.45775073760018,86.6240519202749,0.289267114115542,2.020203937639628,0.4018257053720787,2.278884275530006,79,39,6,1.1101369571406394,"{'action_class_counts': {'SPARSE_LOCAL_FROZEN_GRID_SECTOR_REPAIR': 20, 'BASELINE_NOOP': 78, 'SPARSE_LOCAL_STREAM_POWER_REPAIR': 20, 'NO_FEASIBLE_DEPLOYABLE_ACTION_FOUND': 1}, 'strict_local_scope_gate': 'PASS', 'strict_local_scope_violation_intervals': 0, 'strict_post_mode_selected_power_gate': 'PASS', 'strict_post_mode_power_violation_intervals': 0, 'q0_envelope_deployable_actions': 0, 'unresolved_deployable_intervals': 1, 'diagnostic_g8_scheduling_feasible_intervals': 0, 'network_wide_shutdown_intervals': 0, 'maximum_normalized_floor_shortfall': 0.4112426015531548, 'maximum_mutable_sector_count': 7, 'maximum_external_interferers_per_violating_user': 2, 'maximum_eess_backoff_sectors': 2, 'maximum_post_mode_selected_power_ratio': 1.0, 'maximum_strict_post_mode_selected_power_ratio': 1.0, 'maximum_q0_nominal_power_envelope_ratio': 1.0, 'protected_subband_scheduling_intervals': 0, 'protected_subband_scheduling_success_intervals': 0, 'protected_subband_scheduling_failure_intervals': 1, 'protected_subband_scheduling_guard_limit_counts': {}, 'maximum_schedule_mode_count': 4, 'maximum_schedule_guard_sector_count': 0, 'schedule_slots_per_second': 2000, 'scheduled_nonbaseline_slots_per_second_sum': 0, 'maximum_scheduled_nonbaseline_slots_per_second': 0, 'maximum_protected_subband_scheduled_fraction': 0.0, 'maximum_schedule_nonzero_mode_count': 0, 'maximum_schedule_critical_sector_count': 0, 'maximum_schedule_mutable_sector_count': 0, 'local_table_build_seconds_sum': 0.4215234953444451, 'local_table_build_seconds_max': 0.0036487558390945196, 'repair_solver_seconds_sum': 0.4961644660215825, 'repair_solver_seconds_max': 0.016141839791089296, 'repair_solver_seconds_p95_nonzero': 0.013930917950347066, 'schedule_solver_seconds_sum': 0.008503474062308669, 'schedule_solver_seconds_max': 0.008503474062308669, 'candidate_end_to_end_seconds': 1.110109857050702, 'information_exchange_locality_certified': False, 'action_scope_locality_verified': True, 'global_oracles_classification_only': True, 'changed_stream_coefficient_count_sum': 161, 'changed_sector_interval_count_sum': 60, 'maximum_changed_stream_coefficients_per_interval': 5, 'maximum_changed_sectors_per_interval': 2, 'incremental_float32_payload_lower_bound_bytes_sum': 644, 'payload_claim_boundary': 'LOWER_BOUND_FOR_CHANGED_FLOAT32_STREAM_COEFFICIENTS_PLUS_SCHEDULE_COUNTS_NOT_A_SERIALIZED_PROTOCOL_MEASUREMENT', 'claim_boundary': 'DEVELOPMENT_REPLAY_ON_PREVIOUSLY_OBSERVED_SEEDS_NOT_CONFIRMATORY_NOT_CALIBRATION_NOT_REGULATORY_COMPLIANCE'}",3,594,119,1f3aec155946942d7fda3c3e8aa5e89bc3007e1bb7dd15cca171b0457eea90d8,680a0dc75a554eb0d640e9d935f4d6185da75be94cc1be93a9f3aad05f37ef28,3f78711f3c32129b8583d98c9819a721fe97814018f7e404f2ba17e42c1c77ab,candidate_end_to_end_including_sequential_fallback_and_repair_oracles,PASS,PASS,0.0,1.0,0.0,7.0,2.0,2.0,1.0,1.0,0.4112426015531548,78.0,20.0,20.0,False,True,True,0.4215234953444451,0.4961644660215825,0.0036487558390945,0.0161418397910892,0.013930917950347,161.0,60.0,5.0,2.0,644.0,LOWER_BOUND_FOR_CHANGED_FLOAT32_STREAM_COEFFICIENTS_PLUS_SCHEDULE_COUNTS_NOT_A_SERIALIZED_PROTOCOL_MEASUREMENT,44028,,EXECUTED_V4_4_FAILED_SEED_REPLAY,True
candidate_v4_4_floor_first_protected_subband_scheduling,0,0,-0.0002375817888926,-14.1405951783928,3,15,1.2339213819252437,53.59062488687111,85.99235615076168,0.2916769028784414,2.034996343810482,0.4018254005445039,2.2885214777478184,87,42,6,1.2865647310391068,"{'action_class_counts': {'SPARSE_LOCAL_FROZEN_GRID_SECTOR_REPAIR': 20, 'BASELINE_NOOP': 78, 'SPARSE_LOCAL_STREAM_POWER_REPAIR': 20, 'NO_FEASIBLE_DEPLOYABLE_ACTION_FOUND': 3}, 'strict_local_scope_gate': 'PASS', 'strict_local_scope_violation_intervals': 0, 'strict_post_mode_selected_power_gate': 'PASS', 'strict_post_mode_power_violation_intervals': 0, 'q0_envelope_deployable_actions': 0, 'unresolved_deployable_intervals': 3, 'diagnostic_g8_scheduling_feasible_intervals': 0, 'network_wide_shutdown_intervals': 0, 'maximum_normalized_floor_shortfall': 0.41143018364092526, 'maximum_mutable_sector_count': 7, 'maximum_external_interferers_per_violating_user': 2, 'maximum_eess_backoff_sectors': 2, 'maximum_post_mode_selected_power_ratio': 1.0, 'maximum_strict_post_mode_selected_power_ratio': 1.0, 'maximum_q0_nominal_power_envelope_ratio': 1.0, 'protected_subband_scheduling_intervals': 0, 'protected_subband_scheduling_success_intervals': 0, 'protected_subband_scheduling_failure_intervals': 3, 'protected_subband_scheduling_guard_limit_counts': {}, 'maximum_schedule_mode_count': 4, 'maximum_schedule_guard_sector_count': 0, 'schedule_slots_per_second': 2000, 'scheduled_nonbaseline_slots_per_second_sum': 0, 'maximum_scheduled_nonbaseline_slots_per_second': 0, 'maximum_protected_subband_scheduled_fraction': 0.0, 'maximum_schedule_nonzero_mode_count': 0, 'maximum_schedule_critical_sector_count': 0, 'maximum_schedule_mutable_sector_count': 0, 'local_table_build_seconds_sum': 0.4281437466852367, 'local_table_build_seconds_max': 0.0042367621790617704, 'repair_solver_seconds_sum': 0.640144610311836, 'repair_solver_seconds_max': 0.05160395102575421, 'repair_solver_seconds_p95_nonzero': 0.03247082042507826, 'schedule_solver_seconds_sum': 0.025530163198709488, 'schedule_solver_seconds_max': 0.008565954864025116, 'candidate_end_to_end_seconds': 1.2865367110352963, 'information_exchange_locality_certified': False, 'action_scope_locality_verified': True, 'global_oracles_classification_only': True, 'changed_stream_coefficient_count_sum': 160, 'changed_sector_interval_count_sum': 60, 'maximum_changed_stream_coefficients_per_interval': 4, 'maximum_changed_sectors_per_interval': 2, 'incremental_float32_payload_lower_bound_bytes_sum': 640, 'payload_claim_boundary': 'LOWER_BOUND_FOR_CHANGED_FLOAT32_STREAM_COEFFICIENTS_PLUS_SCHEDULE_COUNTS_NOT_A_SERIALIZED_PROTOCOL_MEASUREMENT', 'claim_boundary': 'DEVELOPMENT_REPLAY_ON_PREVIOUSLY_OBSERVED_SEEDS_NOT_CONFIRMATORY_NOT_CALIBRATION_NOT_REGULATORY_COMPLIANCE'}",4,605,121,336b266a066316cbdb093bca68eda16f491f78842c61a0ab82740ce860cb81c0,6f5741812fbe5e0ad4a41f54d429236f8992459fd6e4493102ed62217deeabbd,c0c05c946910f4319c3a33c94c07e7b61f8edc71073b4b09463a09ee333cf181,candidate_end_to_end_including_sequential_fallback_and_repair_oracles,PASS,PASS,0.0,3.0,0.0,7.0,2.0,2.0,1.0,1.0,0.4114301836409252,78.0,20.0,20.0,False,True,True,0.4281437466852367,0.640144610311836,0.0042367621790617,0.0516039510257542,0.0324708204250782,160.0,60.0,4.0,2.0,640.0,LOWER_BOUND_FOR_CHANGED_FLOAT32_STREAM_COEFFICIENTS_PLUS_SCHEDULE_COUNTS_NOT_A_SERIALIZED_PROTOCOL_MEASUREMENT,44028,,EXECUTED_V4_4_FAILED_SEED_REPLAY,True
candidate_v4_4_floor_first_protected_subband_scheduling,0,0,-0.0021193456758403,-14.153303932610772,0,0,0.0,47.092171896611845,92.6932735519591,0.2029289577612379,2.096954348818793,0.2340780438659272,2.229796991460131,78,13,6,1.5904487800144125,"{'action_class_counts': {'BASELINE_NOOP': 60, 'SPARSE_LOCAL_FROZEN_GRID_SECTOR_REPAIR': 38, 'SPARSE_LOCAL_STREAM_POWER_REPAIR': 20}, 'maximum_mutable_sector_count': 7, 'maximum_external_interferers_per_violating_user': 2, 'maximum_eess_backoff_sectors': 2, 'strict_local_scope_gate': 'PASS', 'strict_local_scope_violation_intervals': 0, 'strict_post_mode_selected_power_gate': 'PASS', 'strict_post_mode_power_violation_intervals': 0, 'q0_envelope_deployable_actions': 0, 'maximum_strict_post_mode_selected_power_ratio': 0.9999999900000001, 'maximum_q0_nominal_power_envelope_ratio': 0.9996389168243324, 'unresolved_deployable_intervals': 0, 'network_wide_shutdown_intervals': 0, 'maximum_normalized_floor_shortfall': 0.0, 'solver_constraint_reserve': 1e-08, 'solver_primal_feasibility_tolerance': 1e-09, 'solver_dual_feasibility_tolerance': 1e-09, 'local_table_build_seconds_sum': 0.4846297127660364, 'repair_solver_seconds_sum': 0.8673219949996565, 'local_table_build_seconds_max': 0.004590792988892645, 'repair_solver_seconds_max': 0.022500832012156025, 'repair_solver_seconds_p95_nonzero': 0.020576065796194597, 'candidate_end_to_end_seconds': 1.5904127980174962, 'changed_stream_coefficient_count_sum': 360, 'changed_sector_interval_count_sum': 120, 'maximum_changed_stream_coefficients_per_interval': 10, 'maximum_changed_sectors_per_interval': 4, 'incremental_float32_payload_lower_bound_bytes_sum': 1440, 'payload_claim_boundary': 'FLOAT32_COEFFICIENT_VALUE_LOWER_BOUND_ONLY_EXCLUDES_IDS_HEADERS_RELIABILITY_AND_TRANSPORT_OVERHEAD', 'information_exchange_locality_certified': False, 'action_scope_locality_verified': True, 'global_oracles_classification_only': True}",0,587,118,d052051d6928420d5ca447fecb7da37f9cbab3662be03fc6e685ee2407ee0a66,438ebc80a6b6ef74cecfd9a5a045d71a3bd1ae4e88ac13343fcd0dadc94463dd,5b0931227af5a1cfcc36be97bf44d6cd69d5f6cfe8487c09e09189b91482b971,candidate_end_to_end_including_sequential_fallback_and_repair_oracles,PASS,PASS,0.0,0.0,0.0,7.0,2.0,2.0,0.99999999,0.9996389168243324,0.0,60.0,38.0,20.0,False,True,True,0.4846297127660364,0.8673219949996565,0.0045907929888926,0.022500832012156,0.0205760657961945,360.0,120.0,10.0,4.0,1440.0,FLOAT32_COEFFICIENT_VALUE_LOWER_BOUND_ONLY_EXCLUDES_IDS_HEADERS_RELIABILITY_AND_TRANSPORT_OVERHEAD,44029,29.0,V4_3_EXACT_NOOP_CODE_PATH_REUSE,
candidate_v4_4_floor_first_protected_subband_scheduling,0,0,-0.0012052274076642,-14.265154874366983,0,0,0.0,58.93516542735277,93.77432417106108,0.2019640664619599,2.0884293664559697,0.2340624963496912,2.2190413831037623,84,14,6,1.593827199016232,"{'action_class_counts': {'BASELINE_NOOP': 60, 'SPARSE_LOCAL_FROZEN_GRID_SECTOR_REPAIR': 34, 'SPARSE_LOCAL_STREAM_POWER_REPAIR': 21}, 'maximum_mutable_sector_count': 7, 'maximum_external_interferers_per_violating_user': 2, 'maximum_eess_backoff_sectors': 2, 'strict_local_scope_gate': 'PASS', 'strict_local_scope_violation_intervals': 0, 'strict_post_mode_selected_power_gate': 'PASS', 'strict_post_mode_power_violation_intervals': 0, 'q0_envelope_deployable_actions': 0, 'maximum_strict_post_mode_selected_power_ratio': 0.9999999900000001, 'maximum_q0_nominal_power_envelope_ratio': 0.9997318821536656, 'unresolved_deployable_intervals': 0, 'network_wide_shutdown_intervals': 0, 'maximum_normalized_floor_shortfall': 0.0, 'solver_constraint_reserve': 1e-08, 'solver_primal_feasibility_tolerance': 1e-09, 'solver_dual_feasibility_tolerance': 1e-09, 'local_table_build_seconds_sum': 0.4616985011671204, 'repair_solver_seconds_sum': 0.9092298370669596, 'local_table_build_seconds_max': 0.004303130990592763, 'repair_solver_seconds_max': 0.10707431801711209, 'repair_solver_seconds_p95_nonzero': 0.020461052397149616, 'candidate_end_to_end_seconds': 1.5937925170001108, 'changed_stream_coefficient_count_sum': 353, 'changed_sector_interval_count_sum': 119, 'maximum_changed_stream_coefficients_per_interval': 10, 'maximum_changed_sectors_per_interval': 4, 'incremental_float32_payload_lower_bound_bytes_sum': 1412, 'payload_claim_boundary': 'FLOAT32_COEFFICIENT_VALUE_LOWER_BOUND_ONLY_EXCLUDES_IDS_HEADERS_RELIABILITY_AND_TRANSPORT_OVERHEAD', 'information_exchange_locality_certified': False, 'action_scope_locality_verified': True, 'global_oracles_classification_only': True}",1,571,115,4c0aa112b5d8c297390a20b1d3612d6c11193e7665417d494241c805437be3dc,9f16300a1d429a3dddd0ba3b5df8dec24164e3a58c91d1e7e19409338010fdbb,171b2a78aef207ea7fcde68c1b6acb6384bb8f9a4c1638799a9a7178d443cdd6,candidate_end_to_end_including_sequential_fallback_and_repair_oracles,PASS,PASS,0.0,0.0,0.0,7.0,2.0,2.0,0.99999999,0.9997318821536656,0.0,60.0,34.0,21.0,False,True,True,0.4616985011671204,0.9092298370669596,0.0043031309905927,0.107074318017112,0.0204610523971496,353.0,119.0,10.0,4.0,1412.0,FLOAT32_COEFFICIENT_VALUE_LOWER_BOUND_ONLY_EXCLUDES_IDS_HEADERS_RELIABILITY_AND_TRANSPORT_OVERHEAD,44029,29.0,V4_3_EXACT_NOOP_CODE_PATH_REUSE,
candidate_v4_4_floor_first_protected_subband_scheduling,0,0,-0.0007606036621579,-14.069612677555376,0,0,0.0,51.00357230230066,93.10017262414205,0.2028749848805778,2.093509663879573,0.2340573036782751,2.225683071004768,56,10,6,1.5764152509800624,"{'action_class_counts': {'BASELINE_NOOP': 60, 'SPARSE_LOCAL_FROZEN_GRID_SECTOR_REPAIR': 37, 'SPARSE_LOCAL_STREAM_POWER_REPAIR': 20}, 'maximum_mutable_sector_count': 8, 'maximum_external_interferers_per_violating_user': 2, 'maximum_eess_backoff_sectors': 2, 'strict_local_scope_gate': 'PASS', 'strict_local_scope_violation_intervals': 0, 'strict_post_mode_selected_power_gate': 'PASS', 'strict_post_mode_power_violation_intervals': 0, 'q0_envelope_deployable_actions': 0, 'maximum_strict_post_mode_selected_power_ratio': 0.9999999900000001, 'maximum_q0_nominal_power_envelope_ratio': 0.999624280932913, 'unresolved_deployable_intervals': 0, 'network_wide_shutdown_intervals': 0, 'maximum_normalized_floor_shortfall': 0.0, 'solver_constraint_reserve': 1e-08, 'solver_primal_feasibility_tolerance': 1e-09, 'solver_dual_feasibility_tolerance': 1e-09, 'local_table_build_seconds_sum': 0.4693240341148339, 'repair_solver_seconds_sum': 0.8672719530004542, 'local_table_build_seconds_max': 0.004392133996589109, 'repair_solver_seconds_max': 0.021484391996636987, 'repair_solver_seconds_p95_nonzero': 0.021283987583592533, 'candidate_end_to_end_seconds': 1.5763832189841196, 'changed_stream_coefficient_count_sum': 360, 'changed_sector_interval_count_sum': 120, 'maximum_changed_stream_coefficients_per_interval': 10, 'maximum_changed_sectors_per_interval': 4, 'incremental_float32_payload_lower_bound_bytes_sum': 1440, 'payload_claim_boundary': 'FLOAT32_COEFFICIENT_VALUE_LOWER_BOUND_ONLY_EXCLUDES_IDS_HEADERS_RELIABILITY_AND_TRANSPORT_OVERHEAD', 'information_exchange_locality_certified': False, 'action_scope_locality_verified': True, 'global_oracles_classification_only': True}",2,581,117,a01aecde622a2f99d8c51399d25571cc84b91c3c32822c90c82e09c78526fd1a,27709cb87fc8b9f0e1840aee439dbaea40258a10f5c0a6f46a6238d7cff50c79,f8d6f6096e4a2330405babbc6cabe97ca12ab4bde8d16d2c18b08b7e9b56ee87,candidate_end_to_end_including_sequential_fallback_and_repair_oracles,PASS,PASS,0.0,0.0,0.0,8.0,2.0,2.0,0.99999999,0.999624280932913,0.0,60.0,37.0,20.0,False,True,True,0.4693240341148339,0.8672719530004542,0.0043921339965891,0.0214843919966369,0.0212839875835925,360.0,120.0,10.0,4.0,1440.0,FLOAT32_COEFFICIENT_VALUE_LOWER_BOUND_ONLY_EXCLUDES_IDS_HEADERS_RELIABILITY_AND_TRANSPORT_OVERHEAD,44029,29.0,V4_3_EXACT_NOOP_CODE_PATH_REUSE,
candidate_v4_4_floor_first_protected_subband_scheduling,0,0,-0.0009163708214486,-14.151703089571663,0,0,0.0,52.71734934751083,92.16145416982954,0.2029001019827238,2.100030347628537,0.2340585191980226,2.232139701977078,80,14,6,1.6019752260181122,"{'action_class_counts': {'BASELINE_NOOP': 61, 'SPARSE_LOCAL_FROZEN_GRID_SECTOR_REPAIR': 38, 'SPARSE_LOCAL_STREAM_POWER_REPAIR': 20}, 'maximum_mutable_sector_count': 8, 'maximum_external_interferers_per_violating_user': 2, 'maximum_eess_backoff_sectors': 2, 'strict_local_scope_gate': 'PASS', 'strict_local_scope_violation_intervals': 0, 'strict_post_mode_selected_power_gate': 'PASS', 'strict_post_mode_power_violation_intervals': 0, 'q0_envelope_deployable_actions': 0, 'maximum_strict_post_mode_selected_power_ratio': 0.9999999900000001, 'maximum_q0_nominal_power_envelope_ratio': 0.9996207083972234, 'unresolved_deployable_intervals': 0, 'network_wide_shutdown_intervals': 0, 'maximum_normalized_floor_shortfall': 0.0, 'solver_constraint_reserve': 1e-08, 'solver_primal_feasibility_tolerance': 1e-09, 'solver_dual_feasibility_tolerance': 1e-09, 'local_table_build_seconds_sum': 0.4779585159558337, 'repair_solver_seconds_sum': 0.8798606818309054, 'local_table_build_seconds_max': 0.0044275410182308406, 'repair_solver_seconds_max': 0.021522035996895283, 'repair_solver_seconds_p95_nonzero': 0.02135148019879125, 'candidate_end_to_end_seconds': 1.6019401939993259, 'changed_stream_coefficient_count_sum': 364, 'changed_sector_interval_count_sum': 121, 'maximum_changed_stream_coefficients_per_interval': 10, 'maximum_changed_sectors_per_interval': 4, 'incremental_float32_payload_lower_bound_bytes_sum': 1456, 'payload_claim_boundary': 'FLOAT32_COEFFICIENT_VALUE_LOWER_BOUND_ONLY_EXCLUDES_IDS_HEADERS_RELIABILITY_AND_TRANSPORT_OVERHEAD', 'information_exchange_locality_certified': False, 'action_scope_locality_verified': True, 'global_oracles_classification_only': True}",3,594,119,c3ad0a56ca1e321069f3d9ee63db86260ed202f555e3b8cb300f5c3bd59e2ab9,05ddc709e0347640f980d69715c4317e8993505adafa92aef864c4d833fa00b0,9e47f341b8fbe0582e39afecf190bcaff75dd9581e6efb83c13ce0b9ef4ef803,candidate_end_to_end_including_sequential_fallback_and_repair_oracles,PASS,PASS,0.0,0.0,0.0,8.0,2.0,2.0,0.99999999,0.9996207083972234,0.0,61.0,38.0,20.0,False,True,True,0.4779585159558337,0.8798606818309054,0.0044275410182308,0.0215220359968952,0.0213514801987912,364.0,121.0,10.0,4.0,1456.0,FLOAT32_COEFFICIENT_VALUE_LOWER_BOUND_ONLY_EXCLUDES_IDS_HEADERS_RELIABILITY_AND_TRANSPORT_OVERHEAD,44029,29.0,V4_3_EXACT_NOOP_CODE_PATH_REUSE,
candidate_v4_4_floor_first_protected_subband_scheduling,0,0,-0.0064994702269733,-14.074542941147028,0,0,0.0,57.47081426869697,91.5123671600942,0.2038815318882381,2.1066999139575087,0.2460773736067168,2.2379491311470225,80,14,6,1.6129044499830345,"{'action_class_counts': {'BASELINE_NOOP': 63, 'SPARSE_LOCAL_FROZEN_GRID_SECTOR_REPAIR': 38, 'SPARSE_LOCAL_STREAM_POWER_REPAIR': 20}, 'maximum_mutable_sector_count': 8, 'maximum_external_interferers_per_violating_user': 2, 'maximum_eess_backoff_sectors': 2, 'strict_local_scope_gate': 'PASS', 'strict_local_scope_violation_intervals': 0, 'strict_post_mode_selected_power_gate': 'PASS', 'strict_post_mode_power_violation_intervals': 0, 'q0_envelope_deployable_actions': 0, 'maximum_strict_post_mode_selected_power_ratio': 0.99999999, 'maximum_q0_nominal_power_envelope_ratio': 0.9996184542795915, 'unresolved_deployable_intervals': 0, 'network_wide_shutdown_intervals': 0, 'maximum_normalized_floor_shortfall': 0.0, 'solver_constraint_reserve': 1e-08, 'solver_primal_feasibility_tolerance': 1e-09, 'solver_dual_feasibility_tolerance': 1e-09, 'local_table_build_seconds_sum': 0.4885105609719176, 'repair_solver_seconds_sum': 0.8736958838999271, 'local_table_build_seconds_max': 0.005114134022733197, 'repair_solver_seconds_max': 0.021431279979879037, 'repair_solver_seconds_p95_nonzero': 0.021339832052763085, 'candidate_end_to_end_seconds': 1.612871321005514, 'changed_stream_coefficient_count_sum': 364, 'changed_sector_interval_count_sum': 121, 'maximum_changed_stream_coefficients_per_interval': 10, 'maximum_changed_sectors_per_interval': 4, 'incremental_float32_payload_lower_bound_bytes_sum': 1456, 'payload_claim_boundary': 'FLOAT32_COEFFICIENT_VALUE_LOWER_BOUND_ONLY_EXCLUDES_IDS_HEADERS_RELIABILITY_AND_TRANSPORT_OVERHEAD', 'information_exchange_locality_certified': False, 'action_scope_locality_verified': True, 'global_oracles_classification_only': True}",4,605,121,a93af5187c9d2b2464af3544598fd630053f66620546a290c01ef505f56da438,2bc720df36c895143a90ee3bb659f26c2ff395b193702c329dd9d0f597728600,036722da35be20d55f6390f293c5b6a7ea261d3ca00002573010d73f1d8328d6,candidate_end_to_end_including_sequential_fallback_and_repair_oracles,PASS,PASS,0.0,0.0,0.0,8.0,2.0,2.0,0.99999999,0.9996184542795916,0.0,63.0,38.0,20.0,False,True,True,0.4885105609719176,0.8736958838999271,0.0051141340227331,0.021431279979879,0.021339832052763,364.0,121.0,10.0,4.0,1456.0,FLOAT32_COEFFICIENT_VALUE_LOWER_BOUND_ONLY_EXCLUDES_IDS_HEADERS_RELIABILITY_AND_TRANSPORT_OVERHEAD,44029,29.0,V4_3_EXACT_NOOP_CODE_PATH_REUSE,
