time_s,interval_index,delayed_myopic_constrained_pf_upper_ratio,delayed_myopic_constrained_pf_nominal_ratio,delayed_myopic_constrained_pf_pf_utility,predictive_nominal_full_horizon_upper_ratio,predictive_nominal_full_horizon_nominal_ratio,predictive_nominal_full_horizon_pf_utility,predictive_1db_with_two_message_drops_upper_ratio,predictive_1db_with_two_message_drops_nominal_ratio,predictive_1db_with_two_message_drops_pf_utility,predictive_3db_upper_ratio,predictive_3db_nominal_ratio,predictive_3db_pf_utility
114.0,0,0.9985715483470283,0.9985715483470283,132.26313096659987,0.9985715483470283,0.9985715483470283,132.26313096659987,0.9791475092123214,0.7777645125273004,132.22570249733167,0.5819115429048858,0.2916466364042775,132.08838744878497
115.0,0,0.9883022433488793,0.9883022433488793,132.26313096659987,0.9883022433488793,0.9883022433488793,132.26313096659987,0.9689557672805557,0.7696689241498754,132.22570249733167,0.5750580108555473,0.28821173363589364,132.08838744878497
116.0,0,0.9781314971106209,0.9781314971106209,132.26313096659987,0.9781314971106209,0.9781314971106209,132.26313096659987,0.9588646135800208,0.7616532358445982,132.22570249733167,0.568292795247864,0.28482109394058686,132.08838744878497
117.0,0,0.968057851628954,0.968057851628954,132.26313096659987,0.968057851628954,0.968057851628954,132.26313096659987,0.948872660254318,0.7537163451979453,132.22570249733167,0.5616141208162916,0.2814738275779299,132.08838744878497
118.0,0,0.9580798965958773,0.9580798965958773,132.26313096659987,0.9580798965958773,0.9580798965958773,132.26313096659987,0.9389785580729585,0.7458571804780443,132.22570249733167,0.5550202679006627,0.27816907267620067,132.08838744878497
119.0,1,0.9481962678759143,0.9481962678759143,132.26313096659987,0.99554594733131,0.99554594733131,132.26824524485508,0.9997951880067137,0.794165546775204,132.23571675301136,0.9956262118365942,0.4989951468371832,132.12323250864733
120.0,1,0.9384056460141451,0.9384056460141451,132.26313096659987,0.9851392391202418,0.9851392391202418,132.26824524485508,0.9893700622764258,0.7858845750570858,132.23571675301136,0.9842896758137396,0.49331341970897286,132.12323250864733
121.0,1,0.9287067547730786,0.9287067547730786,132.26313096659987,0.9748323117188084,0.9748323117188084,132.26824524485508,0.9790457164431509,0.7776836556566574,132.23571675301136,0.9730887415992783,0.4876996544759859,132.12323250864733
122.0,1,0.9190983597028447,0.9190983597028447,132.26313096659987,0.9646237445735599,0.9646237445735599,132.26824524485508,0.9688208275487572,0.7695617377109217,132.23571675301136,0.96202077167046,0.48215252924549157,132.12323250864733
123.0,1,0.9095792667382707,0.9095792667382707,132.26313096659987,0.9545121661525764,0.9545121661525764,132.26824524485508,0.9586941108880755,0.7615178007422896,132.23571675301136,0.9510832194158769,0.4766707676883634,132.12323250864733
124.0,2,0.9444962522241627,0.9444962522241627,132.26824524485508,0.9945460751824391,0.9945460751824391,132.27354866185158,0.9974800789363414,0.792326590274141,132.24197969797467,0.9998888585348833,0.5011315309438292,132.1316354746324
125.0,2,0.934574724178261,0.934574724178261,132.26824524485508,0.9839676659632947,0.9839676659632947,132.27354866185158,0.986935284185869,0.7839505620744683,132.24197969797467,0.9887146022053847,0.49553113632620577,132.1316354746324
126.0,2,0.924746347371071,0.924746347371071,132.26824524485508,0.9734909387031032,0.9734909387031032,132.27354866185158,0.9764926177650245,0.7756556572905845,132.24197969797467,0.9776624162265041,0.4899919218099164,132.1316354746324
127.0,2,0.9150099295044735,0.9150099295044735,132.26824524485508,0.9631144964808351,0.9631144964808351,132.27354866185158,0.966150770213707,0.7674408357813588,132.24197969797467,0.9667301916587984,0.48451283042143595,132.1316354746324
128.0,2,0.9053643190366903,0.9053643190366903,132.26824524485508,0.9528369933218155,0.9528369933218155,132.27354866185158,0.9559084718208576,0.7593050889794474,132.24197969797467,0.9559158977580337,0.47909284437767935,132.1316354746324
129.0,3,0.9426571321907439,0.9426571321907439,132.27354866185158,0.9890543271786,0.9890543271786,132.27713733559602,0.9984932209375521,0.7931313575714877,132.24801290825042,0.9996418275249016,0.5010077221553163,132.13549169481809
130.0,3,0.9325736630302482,0.9325736630302482,132.27354866185158,0.9783434517003208,0.9783434517003208,132.27713733559602,0.987836117827269,0.7846661196706218,132.24801290825042,0.9883567000214298,0.4953517603207203,132.13549169481809
131.0,3,0.9225853808352513,0.9225853808352513,132.27354866185158,0.9677378743761037,0.9677378743761037,132.27713733559602,0.9772815098148903,0.7762822965199423,132.24801290825042,0.9771916833795495,0.4897559965165738,132.13549169481809
132.0,3,0.9126911237760813,0.9126911237760813,132.27354866185158,0.9572361904033797,0.9572361904033797,132.27713733559602,0.9668281657766731,0.7679789102030997,132.24801290825042,0.9661448884656564,0.48421948393323183,132.13549169481809
133.0,3,0.9028897713625028,0.9028897713625028,132.27354866185158,0.9468370442414952,0.9468370442414952,132.27713733559602,0.9564748924662256,0.759755012890794,132.24801290825042,0.9552144990483675,0.4787413122987121,132.13549169481809
134.0,4,0.9365391275420011,0.9365391275420011,132.27713733559602,0.999481553066042,0.999481553066042,132.28542674587965,0.976060973693678,0.7753127902173625,132.25214772841036,0.9968357431990386,0.4996013485147122,132.1381134824205
135.0,4,0.926341177132814,0.926341177132814,132.27713733559602,0.9885794948789097,0.9885794948789097,132.28542674587965,0.9655233115669,0.766942427662078,132.25214772841036,0.9853266598462725,0.49383314286755364,132.1381134824205
136.0,4,0.9162419730583183,0.9162419730583183,132.27713733559602,0.9777822572117444,0.9777822572117444,132.28542674587965,0.9550879148343547,0.7586532973968678,132.25214772841036,0.9739430397407018,0.48812781779817893,132.1381134824205
137.0,4,0.9062403366648891,0.9062403366648891,132.27713733559602,0.9670886034560616,0.9670886034560616,132.28542674587965,0.9447536023362634,0.7504444611931699,132.25214772841036,0.962683012597804,0.48248443594386187,132.1381134824205
138.0,4,0.8963351287464653,0.8963351287464653,132.27713733559602,0.9564973410268995,0.9564973410268995,132.28542674587965,0.9345192275594726,0.7423150083432148,132.25214772841036,0.9515447759767447,0.47690209394426725,132.1381134824205
139.0,5,0.9460073192350525,0.9460073192350525,132.28542674587965,0.9987944017114686,0.9987944017114686,132.28939106027758,0.9979482823125435,0.7926984974354515,132.2644791001773,0.990364104084139,0.4963578456096816,132.14237237410518
140.0,5,0.9356174272158471,0.9356174272158471,132.28542674587965,0.9876433697170434,0.9876433697170434,132.28939106027758,0.9870228166213391,0.7840200915594164,132.2644791001773,0.9788120404892995,0.4905680988138977,132.14237237410518
141.0,5,0.9253265919311173,0.9253265919311173,132.28542674587965,0.9766009242519832,0.9766009242519832,132.28939106027758,0.9762054774342768,0.7754275736185434,132.2644791001773,0.9673863460639222,0.48484168663257227,132.14237237410518
142.0,5,0.9151337762296687,0.9151337762296687,132.28542674587965,0.9656658920227829,0.9656658920227829,132.28939106027758,0.965495047474951,0.7669199766958141,132.2644791001773,0.9560852534272298,0.4791777232770229,132.14237237410518
143.0,5,0.9050379769661024,0.9050379769661024,132.28542674587965,0.9548371403582603,0.9548371403582603,132.28939106027758,0.9548903418295801,0.7584963595807561,132.2644791001773,0.9449070551139707,0.4735753529874635,132.14237237410518
144.0,6,0.9441135749683338,0.9441135749683338,132.28939106027758,0.9962804694904105,0.9962804694904105,132.29580887542375,0.998622926812119,0.7932343866098658,132.2718006449893,0.9918772542982235,0.49711621717954113,132.14434155077362
145.0,6,0.9334941377744116,0.9334941377744116,132.28939106027758,0.9848478020421932,0.9848478020421932,132.29580887542375,0.9874715904869897,0.7843765653119091,132.2718006449893,0.9801057058007049,0.49121646735256047,132.14434155077362
146.0,6,0.9229778048225983,0.9229778048225983,132.28939106027758,0.973532760571104,0.973532760571104,132.29580887542375,0.9764327065778676,0.7756080681430498,132.2718006449893,0.9684662814986671,0.4853829364856081,132.14434155077362
147.0,6,0.9125635842736011,0.9125635842736011,132.28939106027758,0.9623340080488479,0.9623340080488479,132.29580887542375,0.9655050335064749,0.7669279088826064,132.2718006449893,0.956957193061985,0.47961472829045587,132.14434155077362
148.0,6,0.9022505144722691,0.9022505144722691,132.28939106027758,0.9512502489254094,0.9512502489254094,132.29580887542375,0.954687361925652,0.7583351269119843,132.2718006449893,0.9455767064618628,0.4739109736940083,132.14434155077362
149.0,7,0.9402802268358892,0.9402802268358892,132.29580887542375,0.9994744177021718,0.9994744177021718,132.29996210025985,0.9884182611319725,0.7851285325342037,132.2760403744301,0.9441672035941379,0.4732045488509436,132.14542791632223
150.0,7,0.92942272240517,0.92942272240517,132.29580887542375,0.9878042460034588,0.9878042460034588,132.29996210025985,0.9772011948232616,0.7762185000544201,132.2760403744301,0.93285613948226,0.46753558791933075,132.14542791632223
151.0,7,0.9186765511376271,0.9186765511376271,132.29580887542375,0.9762542614255054,0.9762542614255054,132.29996210025985,0.9660979431787768,0.767398873775957,132.2760403744301,0.921669107553204,0.4619287903343072,132.14542791632223
152.0,7,0.9080405614088678,0.9080405614088678,132.29580887542375,0.9648232484061268,0.9648232484061268,132.29996210025985,0.9551073335388351,0.7586687222221185,132.2760403744301,0.910604657741462,0.45638342934155246,132.14542791632223
153.0,7,0.8975136325339651,0.8975136325339651,132.29580887542375,0.9535100247474337,0.9535100247474337,132.29996210025985,0.9442282211503785,0.7500271360832286,132.2760403744301,0.8996613805708132,0.45089879852957854,132.14542791632223
154.0,8,0.9423134395370314,0.9423134395370314,132.29996210025985,0.9980145159329687,0.9980145159329687,132.3070149528921,0.9999551716755392,0.7942926263204467,132.2818761398396,0.9905985108267575,0.49647532727655813,132.15456574633225
155.0,8,0.9312323711561263,0.9312323711561263,132.29996210025985,0.9861114757171774,0.9861114757171774,132.3070149528921,0.9883869139198166,0.7851036325585083,132.2818761398396,0.9787138225894972,0.4905188732564031,132.15456574633225
156.0,8,0.920265725390908,0.920265725390908,132.29996210025985,0.9743326133257558,0.9743326133257558,132.3070149528921,0.9769380793145449,0.7760094999768525,132.2818761398396,0.9669597841806925,0.48462789926234556,132.15456574633225
157.0,8,0.9094124336327257,0.9094124336327257,132.29996210025985,0.9626767966412882,0.9626767966412882,132.3070149528921,0.9656074889960233,0.7670092921707573,132.2818761398396,0.9553349378798417,0.4788016747034799,132.15456574633225
158.0,8,0.8986714511746351,0.8986714511746351,132.29996210025985,0.951142919205544,0.951142919205544,132.3070149528921,0.9543939889374863,0.7581020924641789,132.2818761398396,0.9438378604709194,0.47303948628210357,132.15456574633225
159.0,9,0.9397298983056598,0.9397298983056598,132.3070149528921,0.99718423099846,0.99718423099846,132.30984083258076,0.9997224971266742,0.7941078063567817,132.2891418235203,0.9981284550415594,0.5002492391869424,132.16575878073374
160.0,9,0.9284366731776016,0.9284366731776016,132.3070149528921,0.9850408004000045,0.9850408004000045,132.30984083258076,0.9880136194401749,0.7848071142134622,132.2891418235203,0.9863151673819749,0.494328570224792,132.16575878073374
161.0,9,0.9172622033034881,0.9172622033034881,132.3070149528921,0.9730296657408718,0.9730296657408718,132.30984083258076,0.9764287573278331,0.7756049311422414,132.2891418235203,0.9746306648576335,0.4884724467283065,132.16575878073374
162.0,9,0.9062054668171193,0.9062054668171193,132.3070149528921,0.9611495390617183,0.9611495390617183,132.30984083258076,0.9649666521034813,0.7665002573331582,132.2891418235203,0.963073540298903,0.4826801634420306,132.16575878073374
163.0,9,0.8952654590056424,0.8952654590056424,132.3070149528921,0.9493991569600418,0.9493991569600418,132.30984083258076,0.9536260683259576,0.757492111440415,132.2891418235203,0.9516424138303233,0.4769510287899996,132.16575878073374
164.0,10,0.937777278910447,0.937777278910447,132.30984083258076,0.9998347236463341,0.9998347236463341,132.31805791275843,0.99313263423321,0.7888732921975412,132.29323798160064,0.9997576663575074,0.5010657790993767,132.23293612864205
165.0,10,0.9262826856932368,0.9262826856932368,132.30984083258076,0.9874451982460924,0.9874451982460924,132.31805791275843,0.9812567744202227,0.779439961436458,132.29323798160064,0.9883268836278476,0.49533681672490404,132.23293612864205
166.0,10,0.9149141779118712,0.9149141779118712,132.30984083258076,0.9751919938329884,0.9751919938329884,132.31805791275843,0.9695092138214682,0.7701085423637327,132.29323798160064,0.9770138637637032,0.48966687559522315,132.23293612864205
167.0,10,0.903670574615913,0.903670574615913,132.30984083258076,0.9630738857994541,0.9630738857994541,132.31805791275843,0.957888694077071,0.7608780354285871,132.29323798160064,0.9658174533883379,0.48405537765263806,132.23293612864205
168.0,10,0.8925507120071279,0.8925507120071279,132.30984083258076,0.9510896664199174,0.9510896664199174,132.31805791275843,0.946393975962752,0.7517474562801868,132.29323798160064,0.9547365154801524,0.478501753036439,132.23293612864205
169.0,11,0.9392381434781464,0.9392381434781464,132.31805791275843,0.9871275858972588,0.9871275858972588,132.32381360433897,0.99242911537215,0.7883144673025401,132.2999760034901,0.9942551621594615,0.4983079942423356,132.2432172484454
170.0,11,0.927518138994866,0.927518138994866,132.31805791275843,0.97459250471864,0.97459250471864,132.32381360433897,0.9802988037057953,0.7786790182499492,132.2999760034901,0.9827366502406039,0.49253506311822054,132.2432172484454
171.0,11,0.9159284880525987,0.9159284880525987,132.31805791275843,0.962202630117253,0.962202630117253,132.32381360433897,0.9683029562577238,0.7691503779225008,132.2999760034901,0.9713396021493813,0.48682300811386364,132.2432172484454
172.0,11,0.9044680377098794,0.9044680377098794,132.31805791275843,0.9499565042748782,0.9499565042748782,132.32381360433897,0.9564402628956268,0.7597275056451109,132.2999760034901,0.9600627801120233,0.48117120887285314,132.2432172484454
173.0,11,0.8931356460056448,0.8931356460056448,132.31805791275843,0.9378526879348312,0.9378526879348312,132.32381360433897,0.944709429675019,0.7504093736011406,132.2999760034901,0.948904963314084,0.4755790535385741,132.2432172484454
174.0,12,0.9258897592346124,0.9258897592346124,132.32381360433897,0.9998507966971737,0.9998507966971737,132.32859563782452,0.9792502661118495,0.7778461352339082,132.3057700001346,0.998356051829966,0.5003633077917063,132.24989328246704
175.0,12,0.9140663126347942,0.9140663126347942,132.32381360433897,0.9868735464416576,0.9868735464416576,132.32859563782452,0.967064296873039,0.7681664758000394,132.3057700001346,0.9865291639599499,0.49443582257771307,132.24989328246704
176.0,12,0.9023809579279459,0.9023809579279459,132.32381360433897,0.9740496857397772,0.9740496857397772,132.32859563782452,0.9550184167167824,0.75859809307982,132.3057700001346,0.9748295263204203,0.48857211355471564,132.24989328246704
177.0,12,0.8908323193296126,0.8908323193296126,132.32381360433897,0.9613777143195112,0.9613777143195112,132.32859563782452,0.9431111496611212,0.7491398146591061,132.3057700001346,0.9632558810130452,0.482771550280129,132.24989328246704
178.0,12,0.8794190346456666,0.8794190346456666,132.32381360433897,0.9488561455804408,0.9488561455804408,132.32859563782452,0.9313410377606812,0.7397904824507222,132.3057700001346,0.9518069841457554,0.47703350933112815,132.24989328246704
179.0,13,0.9364835057184963,0.9364835057184963,132.32859563782452,0.9907778586377397,0.9907778586377397,132.33421349990806,0.9816953207057939,0.7797883111333207,132.3106367098543,0.9772794764597281,0.48979999728756013,132.2555086245614
180.0,13,0.9242583329270391,0.9242583329270391,132.32859563782452,0.977652427321512,0.977652427321512,132.33421349990806,0.9691887086335851,0.7698539560436216,132.3106367098543,0.965635428651724,0.4839641491784429,132.2555086245614
181.0,13,0.912179176682513,0.912179176682513,132.32859563782452,0.9646893321630813,0.9646893321630813,132.33421349990806,0.9568296775361169,0.7600368286890673,132.3106367098543,0.9541176784235889,0.4781915998039939,132.2555086245614
182.0,13,0.9002445971001772,0.9002445971001772,132.32859563782452,0.9518867891217003,0.9518867891217003,132.33421349990806,0.9446166686667101,0.7503356909131593,132.3106367098543,0.942724958146213,0.4724817138446866,132.2555086245614
183.0,13,0.8884531643568994,0.8884531643568994,132.32859563782452,0.9392430328955532,0.9392430328955532,132.33421349990806,0.9325481392269994,0.740749317227596,132.3106367098543,0.9314560138226599,0.4668338628132652,132.2555086245614
184.0,14,0.9267563161496174,0.9267563161496174,132.33421349990806,0.9890894101781904,0.9890894101781904,132.34156793839566,0.9882428500120711,0.7849891985289813,132.3189680984006,0.9992773181970875,0.5008250347336778,132.2701915373992
185.0,14,0.9144249088082183,0.9144249088082183,132.33421349990806,0.9757883526763319,0.9757883526763319,132.34156793839566,0.975335701507183,0.7747366860417694,132.3189680984006,0.9872466915436813,0.4947954382424546,132.2701915373992
186.0,14,0.9022470974192288,0.9022470974192288,132.33421349990806,0.9626537982383415,0.9626537982383415,132.34156793839566,0.9625859934207158,0.7646092329241959,132.3189680984006,0.9753476162201248,0.4888317735983188,132.2701915373992
187.0,14,0.8902211845715902,0.8902211845715902,132.33421349990806,0.949683973936927,0.949683973936927,132.34156793839566,0.9499920112488569,0.7546054772974743,132.3189680984006,0.9635787945893088,0.4829333904421174,132.2701915373992
188.0,14,0.8783454883750949,0.8783454883750949,132.33421349990806,0.9368771187657063,0.9368771187657063,132.34156793839566,0.9375520559599338,0.7447240695727749,132.3189680984006,0.9519389403464322,0.4770996440943054,132.2701915373992
189.0,15,0.9242314833189474,0.9242314833189474,132.34156793839566,0.9759741418858212,0.9759741418858212,132.34339552732825,0.997648098794893,0.7924600531917828,132.3241591096157,0.9971158470270306,0.4997417329773919,132.27596258414667
190.0,15,0.9117453295214405,0.9117453295214405,132.34156793839566,0.9626173880870885,0.9626173880870885,132.34339552732825,0.9844521652100462,0.7819781505617927,132.3241591096157,0.9849147640677098,0.49362670596175307,132.27596258414667
191.0,15,0.8994169304078942,0.8994169304078942,132.34156793839566,0.9494333834431085,0.9494333834431085,132.34339552732825,0.9714188934806754,0.7716254548363197,132.3241591096157,0.9728497520826114,0.48757987598126173,132.27596258414667
192.0,15,0.8872445699396878,0.8872445699396878,132.34156793839566,0.9364201366741485,0.9364201366741485,132.34339552732825,0.9585465495918459,0.7614005886383418,132.3241591096157,0.9609194531172918,0.48160056244648686,132.27596258414667
193.0,15,0.8752265428673639,0.8752265428673639,132.34156793839566,0.9235756732289294,0.9235756732289294,132.34339552732825,0.9458334102332011,0.7513021830937857,132.3241591096157,0.949122519726222,0.4756880900349314,132.27596258414667
194.0,16,0.9108980349978589,0.9108980349978589,132.34339552732825,0.9999716124586999,0.9999716124586999,132.35468241237402,0.999700466461999,0.7940903067778003,132.33219660298732,0.9991412225897695,0.5007568253527372,132.28478022808076
195.0,16,0.8983852800743322,0.8983852800743322,132.34339552732825,0.9859483739189364,0.9859483739189364,132.35468241237402,0.9862285188488447,0.7833891584119456,132.33219660298732,0.9866672878771531,0.4945050485216739,132.28478022808076
196.0,16,0.8860354825416719,0.8860354825416719,132.34339552732825,0.9721120665872596,0.9721120665872596,132.35468241237402,0.9729284074381627,0.7728245043934623,132.33219660298732,0.9743361768793521,0.4883248531131352,132.28478022808076
197.0,16,0.8738467323044925,0.8738467323044925,132.34339552732825,0.9584604680299099,0.9584604680299099,132.35468241237402,0.9597981354319313,0.7623947586093028,132.33219660298732,0.9621464244955786,0.48221550483731035,132.28478022808076
198.0,16,0.8618171349409665,0.8618171349409665,132.34339552732825,0.944991373319925,0.944991373319925,132.35468241237402,0.9468357231612066,0.7520983485525298,132.33219660298732,0.9500965764280334,0.4761762748187084,132.28478022808076
199.0,17,0.9317025949430295,0.9317025949430295,132.35468241237402,0.9951373785339079,0.9951373785339079,132.36195352805703,0.9915541549599344,0.7876194615428513,132.33967743661378,0.9939623288043302,0.4981612299031635,132.2896001420942
200.0,17,0.9185919627268806,0.9185919627268806,132.35468241237402,0.9810365897837058,0.9810365897837058,132.36195352805703,0.9779219919920517,0.7767910495970993,132.33967743661378,0.9812477445237937,0.4917888425808806,132.2896001420942
201.0,17,0.9056573238000981,0.9056573238000981,132.35468241237402,0.9671280881101872,0.9671280881101872,132.36195352805703,0.9644674555097624,0.766103731384089,132.33967743661378,0.968683642652948,0.4854918751212203,132.2896001420942
202.0,17,0.8928965425731358,0.8928965425731358,132.35468241237402,0.9534094293983644,0.9534094293983644,132.36195352805703,0.9511884606024816,0.755555850800476,132.33967743661378,0.9562684150800537,0.4792695215591083,132.2896001420942
203.0,17,0.8803075007359756,0.8803075007359756,132.35468241237402,0.9398781941043418,0.9398781941043418,132.36195352805703,0.9380829383745115,0.7451457644639927,132.33967743661378,0.9440004656939646,0.4731209819440149,132.2896001420942
204.0,18,0.9265319870543697,0.9265319870543697,132.36195352805703,0.9933009060190167,0.9933009060190167,132.37024128694995,0.9835880874099506,0.7812917891681783,132.34245773918974,0.9870169381841336,0.49468028879176634,132.29721039312005
205.0,18,0.9133684372668316,0.9133684372668316,132.36195352805703,0.978983058528164,0.978983058528164,132.37024128694995,0.9698845516632736,0.7704066838090392,132.34245773918974,0.9742797554444159,0.48829657541024224,132.29721039312005
206.0,18,0.9003851977887387,0.9003851977887387,132.36195352805703,0.9648633257222088,0.9648633257222088,132.37024128694995,0.9563641310773072,0.7596670319922587,132.34245773918974,0.9616957156485074,0.4819896153170753,132.29721039312005
207.0,18,0.8875799455575324,0.8875799455575324,132.36195352805703,0.950939203269046,0.950939203269046,132.37024128694995,0.9430245307090538,0.7490710107798166,132.34245773918974,0.9492631052305814,0.47575854969494935,132.29721039312005
208.0,18,0.8749503812738835,0.8749503812738835,132.36195352805703,0.9372082084059852,0.9372082084059852,132.37024128694995,0.9298634779981118,0.7386168150128208,132.34245773918974,0.9369802259674599,0.4696025274160877,132.29721039312005
209.0,19,0.9236678800262825,0.9236678800262825,132.37024128694995,0.9977608050658793,0.9977608050658793,132.37784271562066,0.9992806093891843,0.793756802450315,132.35172391243458,0.9858572833547532,0.49409908459586666,132.30216023423424
210.0,19,0.9103157787772921,0.9103157787772921,132.37024128694995,0.9832409175750935,0.9832409175750935,132.37784271562066,0.9850809066080285,0.78247757760655,132.35172391243458,0.9728358846640043,0.4875729258080924,132.30216023423424
211.0,19,0.8971494871595272,0.8971494871595272,132.37024128694995,0.9689261117847796,0.9689261117847796,132.37784271562066,0.9710747659842467,0.7713521046495615,132.35172391243458,0.9599759025153463,0.4811276669305104,132.30216023423424
212.0,19,0.8841666096278026,0.8841666096278026,132.37024128694995,0.9548136361175311,0.9548136361175311,132.37784271562066,0.9572597392745527,0.7603784388705812,132.35172391243458,0.9472754638239453,0.47476236919691445,132.30216023423424
213.0,19,0.8713647726966567,0.8713647726966567,132.37024128694995,0.9409007687050568,0.9409007687050568,132.37784271562066,0.9436334005066755,0.7495546532513384,132.35172391243458,0.9347327128156009,0.4684761025169666,132.30216023423424
214.0,20,0.927184817299607,0.927184817299607,132.37784271562066,0.9972767754714288,0.9972767754714288,132.38067265184725,0.9829065072056439,0.7807503907676684,132.35858374516636,0.9933311543693485,0.49784489333415877,132.31255280575172
215.0,20,0.9136631191910076,0.9136631191910076,132.37784271562066,0.9826320326067145,0.9826320326067145,132.38067265184725,0.9687841683337258,0.7695326182613595,132.35858374516636,0.9800106742003165,0.49116883872765466,132.31255280575172
216.0,20,0.9003330411302232,0.9003330411302232,132.37784271562066,0.9681969394021217,0.9681969394021217,132.38067265184725,0.9548581987566334,0.7584708274303636,132.35858374516636,0.9668586606706745,0.48457721745010496,132.31255280575172
217.0,20,0.8871919792433421,0.8871919792433421,132.37784271562066,0.953968594427685,0.953968594427685,132.38067265184725,0.9411259826358053,0.747562940440254,132.35858374516636,0.9538731060437503,0.47806902324952094,132.31255280575172
218.0,20,0.8742373589604733,0.8742373589604733,132.37784271562066,0.9399441308057092,0.9399441308057092,132.38067265184725,0.9275849331161663,0.7368069024790052,132.35858374516636,0.941052021752757,0.471643259481616,132.31255280575172
219.0,21,0.9261207160185899,0.9261207160185899,132.38067265184725,0.9889940392268877,0.9889940392268877,132.3886627763197,0.9866263551407386,0.7837051710113949,132.36778709495823,0.9957573436330426,0.49906086841948577,132.3206853373547
220.0,21,0.9124955517198907,0.9124955517198907,132.38067265184725,0.9742028620888848,0.9742028620888848,132.3886627763197,0.9722019594189792,0.7722474662207653,132.36778709495823,0.9821012576405043,0.49221661245870935,132.3206853373547
221.0,21,0.8990658735528295,0.8990658735528295,132.38067265184725,0.9596280802232472,0.9596280802232472,132.3886627763197,0.9579816459170725,0.7609518696995698,132.36778709495823,0.9686231051666062,0.48546153450590984,132.3206853373547
222.0,21,0.8858289509611669,0.8858289509611669,132.38067265184725,0.9452666273595075,0.9452666273595075,132.3886627763197,0.943962670392848,0.7498162016187697,132.36778709495823,0.9553206824845972,0.47879453008137307,132.3206853373547
223.0,21,0.8727820870027674,0.8727820870027674,132.38067265184725,0.9311154743015522,0.9311154743015522,132.3886627763197,0.9301423179608764,0.7388383054682143,132.36778709495823,0.9421918081969315,0.47221450589649766,132.3206853373547
224.0,22,0.9171716287950192,0.9171716287950192,132.3886627763197,0.9955831269468278,0.9955831269468278,132.39775220735999,0.9997381062508517,0.7941202051248352,132.37172173020764,0.973380301141094,0.48784578039618615,132.3232449257813
225.0,22,0.9034321353887226,0.9034321353887226,132.3886627763197,0.9805968235628166,0.9805968235628166,132.39775220735999,0.9849614570661737,0.7823826954628299,132.37172173020764,0.9599087932200998,0.48109403260847516,132.3232449257813
226.0,22,0.8898940752856173,0.8898940752856173,132.3886627763197,0.9658320626628779,0.9658320626628779,132.39775220735999,0.9703977202057169,0.7708143080714743,132.37172173020764,0.9466146090219513,0.47443115720687373,132.3232449257813
227.0,22,0.8765545661904863,0.8765545661904863,132.3886627763197,0.9512856119374052,0.9512856119374052,132.39775220735999,0.9560439034838525,0.7594126661732399,132.37172173020764,0.9334955152737157,0.4678560349034987,132.3232449257813
228.0,22,0.8634107621490481,0.8634107621490481,132.3886627763197,0.9369542824032157,0.9369542824032157,132.39775220735999,0.9418970519720989,0.7481754225850021,132.37172173020764,0.9205493028280943,0.46136755850192673,132.3232449257813
229.0,23,0.9228349280764978,0.9228349280764978,132.39775220735999,0.9965745453014059,0.9965745453014059,132.40586776202096,0.9885938655416331,0.7852680200749391,132.37897454182928,0.9921561764821155,0.49725600941728326,132.33487468511444
230.0,23,0.9089244456389506,0.9089244456389506,132.39775220735999,0.9814358887541101,0.9814358887541101,132.40586776202096,0.9739079232109943,0.7736025614281802,132.37897454182928,0.9780947911374831,0.49020862259543985,132.33487468511444
231.0,23,0.8952197741111498,0.8952197741111498,132.39775220735999,0.966523896632919,0.966523896632919,132.40586776202096,0.9594352136217126,0.7621064795684488,132.37897454182928,0.9642245319175426,0.4832570257473047,132.33487468511444
232.0,23,0.8817178945068538,0.8817178945068538,132.39775220735999,0.951835175134605,0.951835175134605,132.40586776202096,0.9451726762431971,0.7507773434298836,132.37897454182928,0.9505428832768416,0.47639995811361147,132.33487468511444
233.0,23,0.8684158294904927,0.8684158294904927,132.39775220735999,0.9373663794565604,0.9373663794565604,132.40586776202096,0.9311172918140176,0.7396127547278821,132.37897454182928,0.9370473592206023,0.4696361737455146,132.33487468511444
234.0,24,0.9231142132954633,0.9231142132954633,132.40586776202096,0.9769790279417191,0.9769790279417191,132.41214260364887,0.987723675014255,0.7845768031694531,132.38762529336498,0.995829176435322,0.49909687010294385,132.3442135044499
235.0,24,0.9090754283429548,0.9090754283429548,132.40586776202096,0.9620983250560255,0.9620983250560255,132.41214260364887,0.9728313401083666,0.7727474010727359,132.38762529336498,0.9814585600641725,0.49189450063836876,132.3442135044499
236.0,24,0.8952468237794701,0.8952468237794701,132.40586776202096,0.9474411014036687,0.9474411014036687,132.41214260364887,0.9581587446302067,0.7610925442077455,132.38762529336498,0.9672876223737623,0.48479220757940755,132.3442135044499
237.0,24,0.8816252457688658,0.8816252457688658,132.40586776202096,0.9330039756402426,0.9330039756402426,132.41214260364887,0.9437026894637964,0.7496096914263342,132.38762529336498,0.9533136697599247,0.4777886409260397,132.3442135044499
238.0,24,0.86820758695111,0.86820758695111,132.40586776202096,0.918783617456875,0.918783617456875,132.41214260364887,0.9294600190447341,0.7382963361746007,132.38762529336498,0.9395340414383142,0.47088246712711973,132.3442135044499
239.0,25,0.9047767469660416,0.9047767469660416,132.41214260364887,0.990847403704523,0.990847403704523,132.42290611903772,0.9844029058029318,0.7819390224238959,132.39679738057515,0.9985230693960668,0.5004470148636276,132.34883973912576
240.0,25,0.8909801340909693,0.8909801340909693,132.41214260364887,0.9756229158897066,0.9756229158897066,132.42290611903772,0.9694128492769216,0.7700319972851731,132.39679738057515,0.9839710908130536,0.4931537489738039,132.34883973912576
241.0,25,0.8773905979535918,0.8773905979535918,132.41214260364887,0.9606294154965954,0.9606294154965954,132.42290611903772,0.9546470466126376,0.7583031033205652,132.39679738057515,0.9696238199129033,0.4859630799612565,132.34883973912576
242.0,25,0.864005006266199,0.864005006266199,132.41214260364887,0.9458633509243067,0.9458633509243067,132.42290611903772,0.9401021447006864,0.7467496770606072,132.39679738057515,0.9554784369141166,0.47887359458749634,132.34883973912576
243.0,25,0.8508202747232009,0.8508202747232009,132.41214260364887,0.9313212265954922,0.9313212265954922,132.42290611903772,0.9257748398331397,0.7353690942768122,132.39679738057515,0.9415321589349728,0.4718838981077323,132.34883973912576
244.0,26,0.9169996021872675,0.9169996021872675,132.42290611903772,0.9976848408199842,0.9976848408199842,132.4327286417428,0.9993307470328842,0.7937966281963283,132.40603743820986,0.9967033122319259,0.4995349758046584,132.3584021703649
245.0,26,0.9028950918626631,0.9028950918626631,132.42290611903772,0.9822819631417398,0.9822819631417398,132.4327286417428,0.9840215169067561,0.7816360744552532,132.40603743820986,0.9819135493084666,0.4921225354390466,132.3584021703649
246.0,26,0.88900436351279,0.88900436351279,132.42290611903772,0.9671137204676864,0.9671137204676864,132.4327286417428,0.9689428844529522,0.7696586909561669,132.40603743820986,0.9673364735776803,0.4848166911791586,132.3584021703649
247.0,26,0.8753241379994149,0.8753241379994149,132.42290611903772,0.9521764816324699,0.9521764816324699,132.4327286417428,0.9540913568692374,0.7578617032676358,132.40603743820986,0.9529690845550751,0.47761593922047224,132.3584021703649
248.0,26,0.8618511884053093,0.8618511884053093,132.42290611903772,0.9374666745045369,0.9374666745045369,132.4327286417428,0.9394634952962899,0.7462423798066052,132.40603743820986,0.9388084223554946,0.4705187961063342,132.3584021703649
249.0,27,0.9229807850897624,0.9229807850897624,132.4327286417428,0.9462831712187435,0.9462831712187435,132.43558513254322,0.9683627259140951,0.7691978546481363,132.41021398094136,0.9912873108509658,0.4968205450552135,132.36650841079512
250.0,27,0.9087153566440926,0.9087153566440926,132.4327286417428,0.9315552552294027,0.9315552552294027,132.43558513254322,0.9534609316541875,0.7573609387194395,132.41021398094136,0.9764273583114088,0.4893729265500804,132.36650841079512
251.0,27,0.894854464839694,0.894854464839694,132.4327286417428,0.9172289296116782,0.9172289296116782,132.43558513254322,0.9389718324700858,0.745851838141787,132.41021398094136,0.961901949921826,0.48209297730199896,132.36650841079512
252.0,27,0.8812694907235533,0.8812694907235533,132.4327286417428,0.9031832769488924,0.9031832769488924,132.43558513254322,0.9247667350300384,0.7345683281681477,132.41021398094136,0.9476289456695488,0.4749395297852499,132.36650841079512
253.0,27,0.867893118171842,0.867893118171842,132.4327286417428,0.8893548451744617,0.8893548451744617,132.43558513254322,0.9107782478963687,0.7234568778767967,132.41021398094136,0.9335648943552076,0.46789080681342327,132.36650841079512
254.0,28,0.8757402541936371,0.8757402541936371,132.43558513254322,0.987838744059381,0.987838744059381,132.4511622784989,0.9893114009614156,0.7858379787182871,132.4227677692132,0.9947520233294833,0.4985570147176356,132.36927711307516
255.0,28,0.862336178820224,0.862336178820224,132.43558513254322,0.9725971087058498,0.9725971087058498,132.4511622784989,0.9742452282244396,0.7738704923240739,132.4227677692132,0.9798889242533748,0.4911078192085527,132.36927711307516
256.0,28,0.8491393479506547,0.8491393479506547,132.43558513254322,0.9575932840363869,0.9575932840363869,132.4511622784989,0.9594103236176802,0.7620867087354835,132.4227677692132,0.9652459263903779,0.4837689356175872,132.36927711307516
257.0,28,0.8361465437420494,0.8361465437420494,132.43558513254322,0.9428235264165203,0.9428235264165203,132.4511622784989,0.944803117317906,0.7504837923411305,132.4227677692132,0.9508198081906332,0.47653874934507706,132.36927711307516
258.0,28,0.8233546008019137,0.8233546008019137,132.43558513254322,0.9282841546695817,0.9282841546695817,132.4511622784989,0.9304200976893781,0.7390589537495972,132.4227677692132,0.9366073961638475,0.46941566987820144,132.36927711307516
259.0,29,0.9139715490644846,0.9139715490644846,132.4511622784989,0.9910843795924877,0.9910843795924877,132.4619223905206,0.9899209690945526,0.786322175897426,132.43158091909854,0.9934242243624871,0.4978915388265536,132.37813429169077
260.0,29,0.8998821503099793,0.8998821503099793,132.4511622784989,0.975729714343101,0.975729714343101,132.4619223905206,0.9746845236107123,0.7742194370527744,132.43158091909854,0.9783603223789061,0.49034170346377026,132.37813429169077
261.0,29,0.8860124585682095,0.8860124585682095,132.4511622784989,0.9606148437296701,0.9606148437296701,132.4619223905206,0.9596837333444004,0.7623038858010656,132.43158091909854,0.9635234244515908,0.4829056396359689,132.37813429169077
262.0,29,0.8723590324722678,0.8723590324722678,132.4511622784989,0.9457359998605913,0.9457359998605913,132.4619223905206,0.9449149528843606,0.7505726264892116,132.43158091909854,0.9489101558407268,0.4755816559666377,132.37813429169077
263.0,29,0.8589184881623724,0.8589184881623724,132.4511622784989,0.9310894784028424,0.9310894784028424,132.4619223905206,0.9303745963961809,0.7390228107876943,132.43158091909854,0.9345171930816196,0.4683680867777004,132.37813429169077
264.0,30,0.9166716374929547,0.9166716374929547,132.4619223905206,0.9936451289393549,0.9936451289393549,132.47201908721325,0.9463562197467682,0.7517174654517945,132.43549348073108,0.9832589249816442,0.4927968205508759,132.38599625797985
265.0,30,0.9025847291597449,0.9025847291597449,132.4619223905206,0.9783298075255399,0.9783298075255399,132.47201908721325,0.9318088903865039,0.7401621110011032,132.43549348073108,0.9683434799047548,0.4853213898944702,132.38599625797985
266.0,30,0.8886999537639785,0.8886999537639785,132.4619223905206,0.9632341860986513,0.9632341860986513,132.47201908721325,0.9174691199511322,0.728771626464823,132.43549348073108,0.9536320421646675,0.47794820511083597,132.38599625797985
267.0,30,0.8750325311960747,0.8750325311960747,132.4619223905206,0.9483758608075111,0.9483758608075111,132.47201908721325,0.9033526020103705,0.717558477688484,132.43549348073108,0.9391458278916148,0.47068789945359285,132.38599625797985
268.0,30,0.8615790624278236,0.8615790624278236,132.4619223905206,0.9337511003929644,0.9337511003929644,132.47201908721325,0.8894558785021583,0.7065199178357545,132.43549348073108,0.9248814324767198,0.46353876657623605,132.38599625797985
269.0,31,0.9193562368434066,0.9193562368434066,132.47201908721325,0.9527857694543808,0.9527857694543808,132.47659465514064,0.9778572690128838,0.7767396383073107,132.44967163932836,0.9715948234449532,0.48695092176895416,132.39410994529544
270.0,31,0.9051876642853591,0.9051876642853591,132.47201908721325,0.9379882588161585,0.9379882588161585,132.47659465514064,0.9627189333626123,0.764714830873567,132.44967163932836,0.9567958748528451,0.4795338776634833,132.39410994529544
271.0,31,0.8912418378878585,0.8912418378878585,132.47201908721325,0.9234246893518139,0.9234246893518139,132.47659465514064,0.9478176714041442,0.7528783377669329,132.44967163932836,0.9422239261418695,0.47223060300047087,132.39410994529544
272.0,31,0.8775152727812885,0.8775152727812885,132.47201908721325,0.9090913697034542,0.9090913697034542,132.47659465514064,0.9331497942207436,0.7412272287766898,132.44967163932836,0.9278755450442063,0.4650393775711033,132.39410994529544
273.0,31,0.8640045429945499,0.8640045429945499,132.47201908721325,0.8949846716756646,0.8949846716756646,132.47659465514064,0.9187116746413507,0.7297586227384526,132.44967163932836,0.9137473542140118,0.4579585086927599,132.39410994529544
274.0,32,0.8824343074269548,0.8824343074269548,132.47659465514064,0.9984739090839261,0.9984739090839261,132.49155850326048,0.9805268498258467,0.7788601617219254,132.46020844514214,0.9925732808541221,0.4974650568036231,132.40356924296532
275.0,32,0.8696246017686695,0.8696246017686695,132.47659465514064,0.9837867016493842,0.9837867016493842,132.49155850326048,0.9662918050648085,0.7675528637456688,132.46020844514214,0.9789198497967291,0.4906221314624476,132.40356924296532
276.0,32,0.8570224439351871,0.8570224439351871,132.47659465514064,0.9693368844245839,0.9693368844245839,132.49155850326048,0.9522858827878575,0.7564275642277329,132.46020844514214,0.9654845885452572,0.4838885500427627,132.40356924296532
277.0,32,0.8446245005711586,0.8446245005711586,132.47659465514064,0.9551206528073145,0.9551206528073145,132.49155850326048,0.9385054380071148,0.74548136785133,132.46020844514214,0.9522640721559353,0.47726259600647447,132.40356924296532
278.0,32,0.8324274957790115,0.8324274957790115,132.47659465514064,0.9411342679052105,0.9411342679052105,132.49155850326048,0.9249468877481661,0.734711428558719,132.46020844514214,0.9392549320654059,0.4707425810726324,132.40356924296532
279.0,33,0.9273740553164163,0.9273740553164163,132.49155850326048,0.9995949552308919,0.9995949552308919,132.4996076735106,0.9963014138488163,0.791390343315836,132.47252349110965,0.9925382354172109,0.49744749247804626,132.4114086825045
280.0,33,0.9138364039230222,0.9138364039230222,132.49155850326048,0.9848321896328526,0.9848321896328526,132.4996076735106,0.9817737109784838,0.7798505787402459,132.47252349110965,0.9785080654988121,0.4904157504293234,132.4114086825045
281.0,33,0.9005177647116398,0.9005177647116398,132.49155850326048,0.9703103815579834,0.9703103815579834,132.4996076735106,0.9674811239424751,0.76849757331029,132.47252349110965,0.96470496484256,0.48349781259593766,132.4114086825045
282.0,33,0.8874146496149753,0.8874146496149753,132.49155850326048,0.9560256438682535,0.9560256438682535,132.4996076735106,0.9534199121159287,0.7573283557420253,132.47252349110965,0.9511253330889532,0.4766918745236704,132.4114086825045
283.0,33,0.8745236303655026,0.8745236303655026,132.49155850326048,0.9419741571426304,0.9419741571426304,132.4996076735106,0.9395863985707132,0.7463400053476198,132.47252349110965,0.9377656298881213,0.469996161834364,132.4114086825045
284.0,34,0.9296418809503614,0.9296418809503614,132.4996076735106,0.997102987591038,0.997102987591038,132.50794412538048,0.9493881560189704,0.7541258180386895,132.4746539254679,0.9915830419364633,0.4969687616998516,132.42010562135465
285.0,34,0.9174670216672659,0.9174670216672659,132.4996076735106,0.983802495362441,0.983802495362441,132.50794412538048,0.9372419462188264,0.7444777406495503,132.4746539254679,0.9800540557468956,0.49119058100497515,132.42010562135465
286.0,34,0.9054979964400416,0.9054979964400416,132.4996076735106,0.9707276263688219,0.9707276263688219,132.50794412538048,0.9253014165493728,0.7349930407955404,132.4746539254679,0.9687240974777614,0.4855121505629553,132.42010562135465
287.0,34,0.8937313814293247,0.8937313814293247,132.4996076735106,0.9578746074004953,0.9578746074004953,132.50794412538048,0.9135631476224108,0.7256690023600676,132.4746539254679,0.9575898048223178,0.47993178522857705,132.42010562135465
288.0,34,0.882163813386793,0.882163813386793,132.4996076735106,0.9452397325423789,0.9452397325423789,132.50794412538048,0.902023780099271,0.7165029569255774,132.4746539254679,0.94664787407991,0.4744478292292485,132.42010562135465
289.0,35,0.9328193618627787,0.9328193618627787,132.50794412538048,0.999707825414492,0.999707825414492,132.5148194037177,0.9970185625931207,0.791959994811934,132.48774958746884,0.9958515189221324,0.4991080678721008,132.42735844946142
290.0,35,0.9208231934375131,0.9208231934375131,132.50794412538048,0.9866172587679671,0.9866172587679671,132.5148194037177,0.9842900837318771,0.7818494046673572,132.48774958746884,0.9844087614406043,0.49337310390486594,132.42735844946142
291.0,35,0.9091384774033308,0.9091384774033308,132.50794412538048,0.9738762067257469,0.9738762067257469,132.5148194037177,0.971861847550401,0.7719773057605888,132.48774958746884,0.973223072207941,0.4877669792621331,132.42735844946142
292.0,35,0.8976537750487201,0.8976537750487201,132.50794412538048,0.9613531051534729,0.9613531051534729,132.5148194037177,0.9596443219613996,0.7622725802267785,132.48774958746884,0.9622307576864364,0.48225777155593924,132.42735844946142
293.0,35,0.8863657362435454,0.8863657362435454,132.50794412538048,0.9490443079932985,0.9490443079932985,132.5148194037177,0.9476340271373734,0.7527324639406916,132.48774958746884,0.9514285655113125,0.4768438507425787,132.42735844946142
294.0,36,0.9369462337387076,0.9369462337387076,132.5148194037177,0.9998931721228593,0.9998931721228593,132.51947180927877,0.9998071782912878,0.7941750709967836,132.49567611166526,0.9758512991594539,0.4890842130573064,132.43129345814225
295.0,36,0.9253450088654219,0.9253450088654219,132.5148194037177,0.9871635015496973,0.9871635015496973,132.51947180927877,0.9874157612126596,0.7843322185429845,132.49567611166526,0.9652443154170137,0.48376812821830334,132.43129345814225
296.0,36,0.9138720825513277,0.9138720825513277,132.5148194037177,0.9745779198048691,0.9745779198048691,132.51947180927877,0.9751573862396344,0.7745950451900732,132.49567611166526,0.9547172078732636,0.4784920763103545,132.43129345814225
297.0,36,0.9026059893622067,0.9026059893622067,132.5148194037177,0.9622198712596876,0.9622198712596876,132.51947180927877,0.9631214044602533,0.7650345250300837,132.49567611166526,0.9443923130203401,0.4733173708215253,132.43129345814225
298.0,36,0.8915339967020094,0.8915339967020094,132.5148194037177,0.9500762414506139,0.9500762414506139,132.51947180927877,0.9512924312003765,0.755638437581965,132.49567611166526,0.934247715161658,0.4682330278844713,132.43129345814225
299.0,37,0.9381434100949997,0.9381434100949997,132.51947180927877,0.9984702443044596,0.9984702443044596,132.52322748959926,0.9901066768405645,0.7864696888034902,132.50047441752693,0.9991459848988208,0.5007592121612364,132.441690267569
300.0,37,0.9264178212094084,0.9264178212094084,132.51947180927877,0.9857771225430334,0.9857771225430334,132.52322748959926,0.9779930324378805,0.7768474790290286,132.50047441752693,0.9880980299853105,0.49522211820089534,132.441690267569
301.0,37,0.9148959818368032,0.9148959818368032,132.51947180927877,0.9733049633803941,0.9733049633803941,132.52322748959926,0.9660889132649589,0.7673917010604544,132.50047441752693,0.9772423074197703,0.48978136863924704,132.441690267569
302.0,37,0.9035744607993043,0.9035744607993043,132.51947180927877,0.9610500342010287,0.9610500342010287,132.52322748959926,0.9543908132452138,0.7580995699221421,132.50047441752693,0.9665755903794915,0.48443534623394485,132.441690267569
303.0,37,0.8924498874783273,0.8924498874783273,132.51947180927877,0.9490086686099453,0.9490086686099453,132.52322748959926,0.9428952877467435,0.7489683494457141,132.50047441752693,0.9560947079911839,0.47918246178377616,132.441690267569
304.0,38,0.9371772651111782,0.9371772651111782,132.52322748959926,0.9969248322130947,0.9969248322130947,132.52501656203975,0.9958224632438804,0.791009899327297,132.50832671620657,0.9447249373977528,0.47348407791307767,132.44228410913496
305.0,38,0.9255522858162446,0.9255522858162446,132.52322748959926,0.9844030550813404,0.9844030550813404,132.52501656203975,0.9834440373741048,0.7811773661574929,132.50832671620657,0.9343501727568232,0.46828437832315617,132.44228410913496
306.0,38,0.9141302551788838,0.9141302551788838,132.52322748959926,0.9721005553739206,0.9721005553739206,132.52501656203975,0.9712800267293902,0.7715151490549094,132.50832671620657,0.9241565775798335,0.4631754785556844,132.44228410913496
307.0,38,0.9029077587519551,0.9029077587519551,132.52322748959926,0.9600136281736004,0.9600136281736004,132.52501656203975,0.9593268655811262,0.762020415660634,132.50832671620657,0.9141411179875846,0.4581558580691394,132.44228410913496
308.0,38,0.8918814419771264,0.8918814419771264,132.52322748959926,0.9481386338549784,0.9481386338549784,132.52501656203975,0.9475810498081685,0.7526903825523039,132.50832671620657,0.9043008122707044,0.45322402246884963,132.44228410913496
309.0,39,0.9364719967788802,0.9364719967788802,132.52501656203975,0.9969139128178889,0.9969139128178889,132.5282834091562,0.9984933400906532,0.7931314522181602,132.51372483694246,0.9999589066337136,0.5011666381567028,132.4575961284148
310.0,39,0.9250102040189766,0.9250102040189766,132.52501656203975,0.9843900289936652,0.9843900289936652,132.5282834091562,0.9862030727505258,0.7833689458575872,132.51372483694246,0.9887169382988062,0.4955323071464052,132.4575961284148
311.0,39,0.9137498041131725,0.9137498041131725,132.52501656203975,0.972086579460047,0.972086579460047,132.5282834091562,0.9741278911343527,0.7737772881604374,132.51372483694246,0.9776699721796415,0.4899957087571668,132.4575961284148
312.0,39,0.9070373524528071,0.9070373524528071,132.52501656203975,0.9647465362231799,0.9647465362231799,132.5282834091562,0.9673503938352703,0.7683937306950087,132.51372483694246,0.9720945909661268,0.4872013988703479,132.4575961284148
313.0,39,0.9013467981823882,0.9013467981823882,132.52501656203975,0.9584880566256582,0.9584880566256582,132.5282834091562,0.9615755512960997,0.7638066102150587,132.51372483694246,0.967484963496448,0.48489111243076727,132.4575961284148
314.0,40,0.9526309808965884,0.9526309808965884,132.5282834091562,0.9883046768392231,0.9883046768392231,132.53347293318467,0.9992072725785425,0.7936985489509776,132.5151009471328,0.9987988571075462,0.5005852361438123,132.4618773380089
315.0,40,0.9470786836691025,0.9470786836691025,132.5282834091562,0.9823622235827055,0.9823622235827055,132.53347293318467,0.9935478772803511,0.7892031314741583,132.5151009471328,0.9941532867753584,0.4982569356004022,132.4618773380089
316.0,40,0.9416944323841533,0.9416944323841533,132.5282834091562,0.9765956346895864,0.9765956346895864,132.53347293318467,0.9880541277996112,0.7848392911471047,132.5151009471328,0.9896280129864962,0.49598892614875634,132.4618773380089
317.0,40,0.9364145896832976,0.9364145896832976,132.5282834091562,0.9709409291164278,0.9709409291164278,132.53347293318467,0.9826667361789893,0.7805599338713277,132.5151009471328,0.9851907898789577,0.4937650465745021,132.4618773380089
318.0,40,0.9312371897762415,0.9312371897762415,132.5282834091562,0.9653959977686274,0.9653959977686274,132.53347293318467,0.9773837051890005,0.7763634731910564,132.5151009471328,0.9808399618192054,0.49158446709524695,132.4618773380089
319.0,41,0.9599587717602033,0.9599587717602033,132.53347293318467,0.9902666023072915,0.9902666023072915,132.53413788185213,0.4882062289595473,0.38779599203083553,132.21532298157672,0.9955918079666122,0.49897790405676085,132.46322189102779
320.0,41,0.954627221585564,0.954627221585564,132.53347293318467,0.9843663479420154,0.9843663479420154,132.53413788185213,0.4856548813378938,0.3857693845783595,132.21532298157672,0.9910515009592618,0.4967023601479284,132.46322189102779
321.0,41,0.9493993563136937,0.9493993563136937,132.53347293318467,0.9785809201604877,0.9785809201604877,132.53413788185213,0.48315305000643616,0.3837821093132649,132.21532298157672,0.9865997929614121,0.4944712209315698,132.46322189102779
322.0,41,0.9442732227959207,0.9442732227959207,132.53347293318467,0.9729081530907021,0.9729081530907021,132.53413788185213,0.48069980553499075,0.3818334279629146,132.21532298157672,0.9822350160279922,0.49228365045490885,132.46322189102779
323.0,41,0.9392469048924913,0.9392469048924913,132.53347293318467,0.9673459220048595,0.9673459220048595,132.53413788185213,0.47829423599029175,0.37992261615296735,132.21532298157672,0.977955533391783,0.4901388283911112,132.46322189102779
324.0,42,0.961892142474428,0.961892142474428,132.53413788185213,0.9804128361475005,0.9804128361475005,132.53475702455228,0.23954881146994295,0.19028038454521948,132.0725303899162,0.9937060831224306,0.4980328028387233,132.46490582750417
325.0,42,0.9565447695423183,0.9565447695423183,132.53413788185213,0.9747187508061468,0.9747187508061468,132.53475702455228,0.23838405469144477,0.1893551853494719,132.0725303899162,0.9892221977221384,0.4957855367190491,132.46490582750417
326.0,42,0.9513017969134689,0.9513017969134689,132.53413788185213,0.9691358671512286,0.9691358671512286,132.53475702455228,0.2372419804055834,0.18844800349805962,132.0725303899162,0.9848260675863744,0.4935822524176401,132.46490582750417
327.0,42,0.9461612561644192,0.9461612561644192,132.53413788185213,0.9636620875203549,0.9636620875203549,132.53475702455228,0.23612216284611864,0.18755850079283676,132.0725303899162,0.9805160397621536,0.4914221214955623,132.46490582750417
328.0,42,0.941121215967372,0.941121215967372,132.53413788185213,0.9582953538152416,0.9582953538152416,132.53475702455228,0.23502418420495427,0.18668634535703568,132.0725303899162,0.9762904920707627,0.489304330937554,132.46490582750417
329.0,43,0.953338493759333,0.953338493759333,132.53475702455228,0.9727618947470921,0.9727618947470921,132.53384929763263,0.4666188692345374,0.3706485426881104,132.21550963540943,0.9919555456507023,0.49715545580590687,132.4652082483946
330.0,43,0.9498948884747661,0.9498948884747661,132.53475702455228,0.9689799241306318,0.9689799241306318,132.53384929763263,0.46550862484375144,0.36976664422106487,132.21550963540943,0.9896042455502128,0.495977014213115,132.4652082483946
331.0,43,0.9461595522252596,0.9461595522252596,132.53475702455228,0.9649122963054675,0.9649122963054675,132.53384929763263,0.46420042591376975,0.36872750487434436,132.21550963540943,0.9868259207034581,0.49458455326905215,132.4652082483946
332.0,43,0.9425796755771961,0.9425796755771961,132.53475702455228,0.961026926055043,0.961026926055043,132.53384929763263,0.4629399515558473,0.3677262745027005,132.21550963540943,0.9841405795134227,0.49323869454667296,132.4652082483946
333.0,43,0.9390606291870316,0.9390606291870316,132.53475702455228,0.9572058267216116,0.9572058267216116,132.53384929763263,0.46170196346849984,0.36674290561066814,132.21550963540943,0.9815044785236895,0.49191751438406645,132.4652082483946
334.0,44,0.9534610403200388,0.9534610403200388,132.53384929763263,0.9721348528412822,0.9721348528412822,132.53608581391086,0.9187960450291442,0.7298256405196516,132.51509909102538,0.9989172683024022,0.5006445823229927,132.46800211208
335.0,44,0.9497910993253699,0.9497910993253699,132.53384929763263,0.9681219830362456,0.9681219830362456,132.53608581391086,0.9164242310845007,0.7279416417359084,132.51509909102538,0.9959837721903019,0.4991743515217128,132.46800211208
336.0,44,0.9475528838236327,0.9475528838236327,132.53384929763263,0.9658054557344622,0.9658054557344622,132.53608581391086,0.9147370655025048,0.726601478477474,132.51509909102538,0.9937711911680882,0.49806543416001336,132.46800211208
337.0,44,0.9457089251495425,0.9457089251495425,132.53384929763263,0.9639509614830799,0.9639509614830799,132.53608581391086,0.9132478170574538,0.7254185263890509,132.51509909102538,0.9917736457272469,0.4970642898864733,132.46800211208
338.0,44,0.9439026574337533,0.9439026574337533,132.53384929763263,0.962134372774725,0.962134372774725,132.53608581391086,0.9117890360423092,0.7242597754404417,132.51509909102538,0.9898169790524869,0.49608363352861967,132.46800211208
339.0,45,0.9603549452897835,0.9603549452897835,132.53608581391086,0.9986625830682013,0.9986625830682013,132.53915599651282,0.9938975661359997,0.7894808992055684,132.51427187221526,0.9994591363751593,0.5009161596833688,132.46805999869707
340.0,45,0.9586119487407998,0.9586119487407998,132.53608581391086,0.9969192877476778,0.9969192877476778,132.53915599651282,0.9920051316357599,0.7879776850496616,132.51427187221526,0.9973462196267533,0.49985719278335045,132.46805999869707
341.0,45,0.9569046666058526,0.9569046666058526,132.53608581391086,0.9952117129680663,0.9952117129680663,132.53915599651282,0.990151492318577,0.7865052870030282,132.51427187221526,0.9952766478371152,0.4988199498233087,132.46805999869707
342.0,45,0.9554330751881702,0.9554330751881702,132.53608581391086,0.993739840018436,0.993739840018436,132.53915599651282,0.9884999987142097,0.7851934590036126,132.51427187221526,0.9933688710776429,0.49786379646685036,132.46805999869707
343.0,45,0.9543074668656285,0.9543074668656285,132.53608581391086,0.9926139639824232,0.9926139639824232,132.53915599651282,0.987140662105673,0.7841136995549577,132.51427187221526,0.9916880310123021,0.4970213808843323,132.46805999869707
344.0,46,0.9915112623942718,0.9915112623942718,132.53915599651282,0.9992948482862716,0.9992948482862716,132.5380473522833,0.999718612064469,0.7941047203421785,132.5158663145038,0.9941678122467553,0.49826421558122874,132.46805072515195
345.0,46,0.9904312784471754,0.9904312784471754,132.53915599651282,0.9981045274525644,0.9981045274525644,132.5380473522833,0.9984154463531767,0.7930695790231743,132.5158663145038,0.9925201608384203,0.49743843372990326,132.46805072515195
346.0,46,0.9905387892135342,0.9905387892135342,132.53915599651282,0.9982295056560181,0.9982295056560181,132.5380473522833,0.9985418572292558,0.7931699907512203,132.5158663145038,0.9926543781877915,0.49750570175193937,132.46805072515195
347.0,46,0.9904853069169098,0.9904853069169098,132.53915599651282,0.9981760233593937,0.9981760233593937,132.5380473522833,0.9984745270069544,0.793116508454596,132.5158663145038,0.992547666976819,0.49745221945531504,132.46805072515195
348.0,46,0.9904329477886553,0.9904329477886553,132.53915599651282,0.9981236642311391,0.9981236642311391,132.5380473522833,0.9984086107698551,0.7930641493263413,132.5158663145038,0.992443196781368,0.4973998603270605,132.46805072515195
349.0,47,0.9980724058953718,0.9980724058953718,132.5380473522833,0.9980817799391815,0.9980817799391815,132.5380482816266,0.994784828059275,0.7901856764028218,132.51451431688167,0.9923409229556837,0.49734860199129327,132.46805072515195
350.0,47,0.9980222263778411,0.9980222263778411,132.5380473522833,0.9980316004216506,0.9980316004216506,132.5380482816266,0.9947216557895041,0.790135496885291,132.51451431688167,0.992240801655371,0.4972984224737624,132.46805072515195
351.0,47,0.998006696401965,0.998006696401965,132.5380473522833,0.9980160704457746,0.9980160704457746,132.5380482816266,0.994702104708229,0.7901199669094149,132.51451431688167,0.9922098152797532,0.4972828924978863,132.46805072515195
352.0,47,0.998006696401965,0.998006696401965,132.5380473522833,0.9980160704457746,0.9980160704457746,132.5380482816266,0.994702104708229,0.7901199669094149,132.51451431688167,0.9922098152797532,0.4972828924978863,132.46805072515195
353.0,47,0.998006696401965,0.998006696401965,132.5380473522833,0.9980160704457746,0.9980160704457746,132.5380482816266,0.994702104708229,0.7901199669094149,132.51451431688167,0.9922098152797532,0.4972828924978863,132.46805072515195
354.0,48,0.9980160704457746,0.9980160704457746,132.5380482816266,0.9807510512085454,0.9807510512085454,132.53503956309464,0.9900389057125996,0.7864158562830486,132.51248747511693,0.9959717435069602,0.49916832289918456,132.46838361261027
355.0,48,0.9980160704457746,0.9980160704457746,132.5380482816266,0.9807510512085454,0.9807510512085454,132.53503956309464,0.9900389057125996,0.7864158562830486,132.51248747511693,0.9959717435069602,0.49916832289918456,132.46838361261027
356.0,48,0.9980160704457746,0.9980160704457746,132.5380482816266,0.9807510512085454,0.9807510512085454,132.53503956309464,0.9900389057125996,0.7864158562830486,132.51248747511693,0.9959717435069602,0.49916832289918456,132.46838361261027
357.0,48,0.9980160704457746,0.9980160704457746,132.5380482816266,0.9807510512085454,0.9807510512085454,132.53503956309464,0.9900389057125996,0.7864158562830486,132.51248747511693,0.9959717435069602,0.49916832289918456,132.46838361261027
358.0,48,0.9980160704457746,0.9980160704457746,132.5380482816266,0.9807510512085454,0.9807510512085454,132.53503956309464,0.9900389057125996,0.7864158562830486,132.51248747511693,0.9959717435069602,0.49916832289918456,132.46838361261027
359.0,49,1.0734218093297878,1.0734218093297878,132.5380482816266,0.9873513203427392,0.9873513203427392,132.5326225105896,0.9944495778396251,0.7899193776876563,132.51071608459296,0.988901104402,0.49562460884619275,132.46580025291286
360.0,49,1.0734218093297878,1.0734218093297878,132.5380482816266,0.9873513203427392,0.9873513203427392,132.5326225105896,0.9944495778396251,0.7899193776876563,132.51071608459296,0.988901104402,0.49562460884619275,132.46580025291286
361.0,49,1.0734218093297878,1.0734218093297878,132.5380482816266,0.9873513203427392,0.9873513203427392,132.5326225105896,0.9944495778396251,0.7899193776876563,132.51071608459296,0.988901104402,0.49562460884619275,132.46580025291286
362.0,49,1.0734218093297878,1.0734218093297878,132.5380482816266,0.9873513203427392,0.9873513203427392,132.5326225105896,0.9944495778396251,0.7899193776876563,132.51071608459296,0.988901104402,0.49562460884619275,132.46580025291286
363.0,49,1.0734218093297878,1.0734218093297878,132.5380482816266,0.9873513203427392,0.9873513203427392,132.5326225105896,0.9944495778396251,0.7899193776876563,132.51071608459296,0.988901104402,0.49562460884619275,132.46580025291286
364.0,50,0.9782091605268777,0.9782091605268777,132.5322916453769,0.9238212480417332,0.9238212480417332,132.52778289007352,0.9409173376324612,0.7473972078230636,132.50625158893106,0.91236454014245,0.45726545993361295,132.45388571089
365.0,50,1.000874607722748,1.000874607722748,132.5322916453769,0.9350148501533697,0.9350148501533697,132.52778289007352,0.9525322675379976,0.7566232745913746,132.50625158893106,0.9246094258285399,0.4634024403167066,132.45388571089
366.0,50,1.000874607722748,1.000874607722748,132.5322916453769,0.9350148501533697,0.9350148501533697,132.52778289007352,0.9525322675379976,0.7566232745913746,132.50625158893106,0.9246094258285399,0.4634024403167066,132.45388571089
367.0,50,1.000874607722748,1.000874607722748,132.5322916453769,0.9350148501533697,0.9350148501533697,132.52778289007352,0.9525322675379976,0.7566232745913746,132.50625158893106,0.9246094258285399,0.4634024403167066,132.45388571089
368.0,50,1.000874607722748,1.000874607722748,132.5322916453769,0.9350148501533697,0.9350148501533697,132.52778289007352,0.9525322675379976,0.7566232745913746,132.50625158893106,0.9246094258285399,0.4634024403167066,132.45388571089
369.0,51,0.998200688886541,0.998200688886541,132.5331125228377,0.8314916805561813,0.8314916805561813,132.51405033245737,0.8187361255657597,0.6503452213256475,132.48551602860812,0.7857489428358935,0.39380733898547515,132.42441421953293
370.0,51,1.1522267365414582,1.1522267365414582,132.5331125228377,0.940052438215947,0.940052438215947,132.51405033245737,0.9269294472936986,0.7362862315827574,132.48551602860812,0.89396706938773,0.44804488246031615,132.42441421953293
371.0,51,1.1522267365414582,1.1522267365414582,132.5331125228377,0.940052438215947,0.940052438215947,132.51405033245737,0.9269294472936986,0.7362862315827574,132.48551602860812,0.89396706938773,0.44804488246031615,132.42441421953293
372.0,51,1.1522267365414582,1.1522267365414582,132.5331125228377,0.940052438215947,0.940052438215947,132.51405033245737,0.9269294472936986,0.7362862315827574,132.48551602860812,0.89396706938773,0.44804488246031615,132.42441421953293
373.0,51,1.1522267365414582,1.1522267365414582,132.5331125228377,0.940052438215947,0.940052438215947,132.51405033245737,0.9269294472936986,0.7362862315827574,132.48551602860812,0.89396706938773,0.44804488246031615,132.42441421953293
374.0,52,0.9935841071252456,0.9935841071252456,132.5192685024762,0.7945009778375818,0.7945009778375818,132.49286765426075,0.7682226526047279,0.6102209435187184,132.46315914559455,0.672255086982957,0.33692566733684953,132.37562525059673
375.0,52,1.22839870064502,1.22839870064502,132.5192685024762,0.9815416813925367,0.9815416813925367,132.49286765426075,0.9868432330159638,0.7838774432311733,132.46315914559455,0.97310322509785,0.48770691342056827,132.37562525059673
376.0,52,1.22839870064502,1.22839870064502,132.5192685024762,0.9815416813925367,0.9815416813925367,132.49286765426075,0.9868432330159638,0.7838774432311733,132.46315914559455,0.97310322509785,0.48770691342056827,132.37562525059673
377.0,52,1.22839870064502,1.22839870064502,132.5192685024762,0.9815416813925367,0.9815416813925367,132.49286765426075,0.9868432330159638,0.7838774432311733,132.46315914559455,0.97310322509785,0.48770691342056827,132.37562525059673
378.0,52,1.22839870064502,1.22839870064502,132.5192685024762,0.9815416813925367,0.9815416813925367,132.49286765426075,0.9868432330159638,0.7838774432311733,132.46315914559455,0.97310322509785,0.48770691342056827,132.37562525059673
379.0,53,1.0296002561271118,1.0296002561271118,132.49501194862674,0.9759802838978023,0.9759802838978023,132.48771809361327,0.9748801488270675,0.7743748276855493,132.45780424162902,0.9507351861256399,0.47649633784641926,132.36834974941652
380.0,53,1.0296002561271118,1.0296002561271118,132.49501194862674,0.9759802838978023,0.9759802838978023,132.48771809361327,0.9748801488270675,0.7743748276855493,132.45780424162902,0.9507351861256399,0.47649633784641926,132.36834974941652
381.0,53,1.0296002561271118,1.0296002561271118,132.49501194862674,0.9759802838978023,0.9759802838978023,132.48771809361327,0.9748801488270675,0.7743748276855493,132.45780424162902,0.9507351861256399,0.47649633784641926,132.36834974941652
382.0,53,1.056678562717201,1.056678562717201,132.49501194862674,0.9931221183098102,0.9931221183098102,132.48771809361327,0.9940850270244683,0.7896298046821856,132.45780424162902,0.9704786962156735,0.48639153305053534,132.36834974941652
383.0,53,1.06131087527045,1.06131087527045,132.49501194862674,0.9977544308630593,0.9977544308630593,132.48771809361327,0.9999167630131268,0.7942621172354347,132.45780424162902,0.9797213748843286,0.4910238456037844,132.36834974941652
384.0,54,0.9994329647232564,0.9994329647232564,132.4878102802648,0.8917548603663114,0.8917548603663114,132.46124470436249,0.9075827166544543,0.7209185771864004,132.42871478852373,0.9513268620569783,0.4767928782696506,132.3576948838927
385.0,54,0.9994329647232564,0.9994329647232564,132.4878102802648,0.8917548603663114,0.8917548603663114,132.46124470436249,0.9075827166544543,0.7209185771864004,132.42871478852373,0.9513268620569783,0.4767928782696506,132.3576948838927
386.0,54,0.9994329647232564,0.9994329647232564,132.4878102802648,0.8917548603663114,0.8917548603663114,132.46124470436249,0.9075827166544543,0.7209185771864004,132.42871478852373,0.9513268620569783,0.4767928782696506,132.3576948838927
387.0,54,0.9994329647232564,0.9994329647232564,132.4878102802648,0.8917548603663114,0.8917548603663114,132.46124470436249,0.9075827166544543,0.7209185771864004,132.42871478852373,0.9513268620569783,0.4767928782696506,132.3576948838927
388.0,54,0.9994329647232564,0.9994329647232564,132.4878102802648,0.8917548603663114,0.8917548603663114,132.46124470436249,0.9075827166544543,0.7209185771864004,132.42871478852373,0.9513268620569783,0.4767928782696506,132.3576948838927
389.0,55,0.9992828644166328,0.9992828644166328,132.487725828885,0.7781946705528292,0.7781946705528292,132.42243173454233,0.8085333799473813,0.6422408924092602,132.39967595922573,0.8884888396915152,0.44529926367369543,132.34161110503436
390.0,55,0.9992828644166328,0.9992828644166328,132.487725828885,0.7781946705528292,0.7781946705528292,132.42243173454233,0.8085333799473813,0.6422408924092602,132.39967595922573,0.8884888396915152,0.44529926367369543,132.34161110503436
391.0,55,0.9992828644166328,0.9992828644166328,132.487725828885,0.7781946705528292,0.7781946705528292,132.42243173454233,0.8085333799473813,0.6422408924092602,132.39967595922573,0.8884888396915152,0.44529926367369543,132.34161110503436
392.0,55,0.9992828644166328,0.9992828644166328,132.487725828885,0.7781946705528292,0.7781946705528292,132.42243173454233,0.8085333799473813,0.6422408924092602,132.39967595922573,0.8884888396915152,0.44529926367369543,132.34161110503436
393.0,55,1.5802644716123386,1.5802644716123386,132.487725828885,0.9737635931324213,0.9737635931324213,132.42243173454233,0.9786289658677991,0.777352618907818,132.39967595922573,0.9734439757077176,0.4878776932760846,132.34161110503436
394.0,56,1.071368975081536,1.071368975081536,132.42973456426515,0.9848698904431377,0.9848698904431377,132.41544571171193,0.993315053669996,0.7890181931067427,132.39074642418046,0.9962375255612811,0.49930152947173745,132.34835577610124
395.0,56,1.0838721486543128,1.0838721486543128,132.42973456426515,0.9908333075931485,0.9908333075931485,132.41544571171193,0.9975800047964708,0.7924059642062209,132.39074642418046,0.999482202834303,0.5009277202982165,132.34835577610124
396.0,56,1.0838721486543128,1.0838721486543128,132.42973456426515,0.9908333075931485,0.9908333075931485,132.41544571171193,0.9975800047964708,0.7924059642062209,132.39074642418046,0.999482202834303,0.5009277202982165,132.34835577610124
397.0,56,1.0838721486543128,1.0838721486543128,132.42973456426515,0.9908333075931485,0.9908333075931485,132.41544571171193,0.9975800047964708,0.7924059642062209,132.39074642418046,0.999482202834303,0.5009277202982165,132.34835577610124
398.0,56,1.0838721486543128,1.0838721486543128,132.42973456426515,0.9908333075931485,0.9908333075931485,132.41544571171193,0.9975800047964708,0.7924059642062209,132.39074642418046,0.999482202834303,0.5009277202982165,132.34835577610124
399.0,57,0.9865491356355856,0.9865491356355856,132.41432630999432,0.9580082052587258,0.9580082052587258,132.41567082157388,0.9606278360087818,0.7630538132038622,132.39310469357537,0.9613219280220926,0.48180227773062834,132.3439660262231
400.0,57,0.9865491356355856,0.9865491356355856,132.41432630999432,0.9580082052587258,0.9580082052587258,132.41567082157388,0.9606278360087818,0.7630538132038622,132.39310469357537,0.9613219280220926,0.48180227773062834,132.3439660262231
401.0,57,0.9865491356355856,0.9865491356355856,132.41432630999432,0.9580082052587258,0.9580082052587258,132.41567082157388,0.9606278360087818,0.7630538132038622,132.39310469357537,0.9613219280220926,0.48180227773062834,132.3439660262231
402.0,57,0.9865491356355856,0.9865491356355856,132.41432630999432,0.9580082052587258,0.9580082052587258,132.41567082157388,0.9606278360087818,0.7630538132038622,132.39310469357537,0.9613219280220926,0.48180227773062834,132.3439660262231
403.0,57,0.9865491356355856,0.9865491356355856,132.41432630999432,0.9580082052587258,0.9580082052587258,132.41567082157388,0.9606278360087818,0.7630538132038622,132.39310469357537,0.9613219280220926,0.48180227773062834,132.3439660262231
404.0,58,0.9979455634695913,0.9979455634695913,132.41706113235915,0.8842414714826876,0.8842414714826876,132.4096609943824,0.9058240632867175,0.7195216291613141,132.38622914655957,0.9250684315491634,0.46363248812404495,132.33632321809034
405.0,58,0.9979455634695913,0.9979455634695913,132.41706113235915,0.8842414714826876,0.8842414714826876,132.4096609943824,0.9058240632867175,0.7195216291613141,132.38622914655957,0.9250684315491634,0.46363248812404495,132.33632321809034
406.0,58,1.0348969836439876,1.0348969836439876,132.41706113235915,0.8980890005363603,0.8980890005363603,132.4096609943824,0.9168459514944511,0.7282766261646916,132.38622914655957,0.9312751196135893,0.46674320094504196,132.33632321809034
407.0,58,1.1606750624029112,1.1606750624029112,132.41706113235915,0.9550809037982071,0.9550809037982071,132.4096609943824,0.971924842030882,0.7720273440550666,132.38622914655957,0.9798814353369529,0.4911040658592484,132.33632321809034
408.0,58,1.1606750624029112,1.1606750624029112,132.41706113235915,0.9550809037982071,0.9550809037982071,132.4096609943824,0.971924842030882,0.7720273440550666,132.38622914655957,0.9798814353369529,0.4911040658592484,132.33632321809034
409.0,59,1.0067696286729655,1.0067696286729655,132.41189961031884,0.9322109629877188,0.9322109629877188,132.4110356148451,0.9427268262993401,0.7488345357615791,132.38587880379944,0.9675003799239899,0.4848988389474394,132.33507074401564
410.0,59,1.0067696286729655,1.0067696286729655,132.41189961031884,0.9322109629877188,0.9322109629877188,132.4110356148451,0.9427268262993401,0.7488345357615791,132.38587880379944,0.9675003799239899,0.4848988389474394,132.33507074401564
411.0,59,1.0067696286729655,1.0067696286729655,132.41189961031884,0.9322109629877188,0.9322109629877188,132.4110356148451,0.9427268262993401,0.7488345357615791,132.38587880379944,0.9675003799239899,0.4848988389474394,132.33507074401564
412.0,59,1.1730233924302198,1.1730233924302198,132.41189961031884,0.9821412538845865,0.9821412538845865,132.4110356148451,0.9868045797197327,0.7838467398266117,132.38587880379944,0.9927559523467333,0.4975566094236675,132.33507074401564
413.0,59,1.1730233924302198,1.1730233924302198,132.41189961031884,0.9821412538845865,0.9821412538845865,132.4110356148451,0.9868045797197327,0.7838467398266117,132.38587880379944,0.9927559523467333,0.4975566094236675,132.33507074401564
414.0,60,0.9970541399151778,0.9970541399151778,132.40501201105792,0.9484278295757305,0.9484278295757305,132.41177954795452,0.9448348408837366,0.7505089912651758,132.38609884756193,0.9504491540682964,0.47635298223087064,132.3316482823928
415.0,60,0.9970541399151778,0.9970541399151778,132.40501201105792,0.9484278295757305,0.9484278295757305,132.41177954795452,0.9448348408837366,0.7505089912651758,132.38609884756193,0.9504491540682964,0.47635298223087064,132.3316482823928
416.0,60,0.9970541399151778,0.9970541399151778,132.40501201105792,0.9484278295757305,0.9484278295757305,132.41177954795452,0.9448348408837366,0.7505089912651758,132.38609884756193,0.9504491540682964,0.47635298223087064,132.3316482823928
417.0,60,0.9970541399151778,0.9970541399151778,132.40501201105792,0.9484278295757305,0.9484278295757305,132.41177954795452,0.9448348408837366,0.7505089912651758,132.38609884756193,0.9504491540682964,0.47635298223087064,132.3316482823928
418.0,60,1.0553850137928158,1.0553850137928158,132.40501201105792,0.9649123834252549,0.9649123834252549,132.41177954795452,0.9602637971334452,0.7627646468466451,132.38609884756193,0.9603415055673744,0.4813109025127621,132.3316482823928
419.0,61,0.9983009804707441,0.9983009804707441,132.41015562664847,0.9261310763839616,0.9261310763839616,132.40920108779062,0.9184502159943896,0.7295509387529585,132.38056839479873,0.9136285628176747,0.45789897196145096,132.32185201398312
420.0,61,0.9983009804707441,0.9983009804707441,132.41015562664847,0.9261310763839616,0.9261310763839616,132.40920108779062,0.9184502159943896,0.7295509387529585,132.38056839479873,0.9136285628176747,0.45789897196145096,132.32185201398312
421.0,61,0.9983009804707441,0.9983009804707441,132.41015562664847,0.9261310763839616,0.9261310763839616,132.40920108779062,0.9184502159943896,0.7295509387529585,132.38056839479873,0.9136285628176747,0.45789897196145096,132.32185201398312
422.0,61,1.1134992801490085,1.1134992801490085,132.41015562664847,0.9949516955531215,0.9949516955531215,132.40920108779062,0.9960662166452424,0.7912035195363091,132.38056839479873,0.9969889752167411,0.49967814644576763,132.32185201398312
423.0,61,1.1134992801490085,1.1134992801490085,132.41015562664847,0.9949516955531215,0.9949516955531215,132.40920108779062,0.9960662166452424,0.7912035195363091,132.38056839479873,0.9969889752167411,0.49967814644576763,132.32185201398312
424.0,62,0.9759377303185582,0.9759377303185582,132.4041271703777,0.9918365508092207,0.9918365508092207,132.40942081738797,0.9902081477201088,0.7865502899881145,132.3810806353967,0.9815510536525008,0.49194085724403125,132.3208712604325
425.0,62,0.9759377303185582,0.9759377303185582,132.4041271703777,0.9918365508092207,0.9918365508092207,132.40942081738797,0.9902081477201088,0.7865502899881145,132.3810806353967,0.9815510536525008,0.49194085724403125,132.3208712604325
426.0,62,0.9759377303185582,0.9759377303185582,132.4041271703777,0.9918365508092207,0.9918365508092207,132.40942081738797,0.9902081477201088,0.7865502899881145,132.3810806353967,0.9815510536525008,0.49194085724403125,132.3208712604325
427.0,62,0.9814535338832121,0.9814535338832121,132.4041271703777,0.9973523543738746,0.9973523543738746,132.40942081738797,0.9971521329941164,0.7920660935527685,132.3810806353967,0.9925565286418256,0.49745666080868506,132.3208712604325
428.0,62,0.9814535338832121,0.9814535338832121,132.4041271703777,0.9973523543738746,0.9973523543738746,132.40942081738797,0.9971521329941164,0.7920660935527685,132.3810806353967,0.9925565286418256,0.49745666080868506,132.3208712604325
429.0,63,0.9979538317740932,0.9979538317740932,132.40952825523382,0.9973523543738746,0.9973523543738746,132.40942081738797,0.9971521329941164,0.7920660935527685,132.3810806353967,0.9925565286418256,0.49745666080868506,132.3208712604325
430.0,63,0.9979538317740932,0.9979538317740932,132.40952825523382,0.9973523543738746,0.9973523543738746,132.40942081738797,0.9971521329941164,0.7920660935527685,132.3810806353967,0.9925565286418256,0.49745666080868506,132.3208712604325
431.0,63,0.9979538317740932,0.9979538317740932,132.40952825523382,0.9973523543738746,0.9973523543738746,132.40942081738797,0.9971521329941164,0.7920660935527685,132.3810806353967,0.9925565286418256,0.49745666080868506,132.3208712604325
432.0,63,0.9979538317740932,0.9979538317740932,132.40952825523382,0.9973523543738746,0.9973523543738746,132.40942081738797,0.9971521329941164,0.7920660935527685,132.3810806353967,0.9925565286418256,0.49745666080868506,132.3208712604325
433.0,63,0.9979538317740932,0.9979538317740932,132.40952825523382,0.9973523543738746,0.9973523543738746,132.40942081738797,0.9971521329941164,0.7920660935527685,132.3810806353967,0.9925565286418256,0.49745666080868506,132.3208712604325
434.0,64,0.9973523543738746,0.9973523543738746,132.40942081738797,0.9973523543738746,0.9973523543738746,132.40942081738797,0.9971521329941164,0.7920660935527685,132.3810806353967,0.9925565286418256,0.49745666080868506,132.3208712604325
435.0,64,0.9973523543738746,0.9973523543738746,132.40942081738797,0.9973523543738746,0.9973523543738746,132.40942081738797,0.9971521329941164,0.7920660935527685,132.3810806353967,0.9925565286418256,0.49745666080868506,132.3208712604325
436.0,64,0.9973523543738746,0.9973523543738746,132.40942081738797,0.9973523543738746,0.9973523543738746,132.40942081738797,0.9971521329941164,0.7920660935527685,132.3810806353967,0.9925565286418256,0.49745666080868506,132.3208712604325
437.0,64,0.9973523543738746,0.9973523543738746,132.40942081738797,0.9973523543738746,0.9973523543738746,132.40942081738797,0.9971521329941164,0.7920660935527685,132.3810806353967,0.9925565286418256,0.49745666080868506,132.3208712604325
438.0,64,0.9973523543738746,0.9973523543738746,132.40942081738797,0.9973523543738746,0.9973523543738746,132.40942081738797,0.9971521329941164,0.7920660935527685,132.3810806353967,0.9925565286418256,0.49745666080868506,132.3208712604325
439.0,65,0.9973523543738746,0.9973523543738746,132.40942081738797,0.9973523543738746,0.9973523543738746,132.40942081738797,0.9971521329941164,0.7920660935527685,132.3810806353967,0.9925565286418256,0.49745666080868506,132.3208712604325
440.0,65,0.9973523543738746,0.9973523543738746,132.40942081738797,0.9973523543738746,0.9973523543738746,132.40942081738797,0.9971521329941164,0.7920660935527685,132.3810806353967,0.9925565286418256,0.49745666080868506,132.3208712604325
441.0,65,0.9973523543738746,0.9973523543738746,132.40942081738797,0.9973523543738746,0.9973523543738746,132.40942081738797,0.9971521329941164,0.7920660935527685,132.3810806353967,0.9925565286418256,0.49745666080868506,132.3208712604325
442.0,65,0.9973523543738746,0.9973523543738746,132.40942081738797,0.9973523543738746,0.9973523543738746,132.40942081738797,0.9971521329941164,0.7920660935527685,132.3810806353967,0.9925565286418256,0.49745666080868506,132.3208712604325
443.0,65,0.9973523543738746,0.9973523543738746,132.40942081738797,0.9973523543738746,0.9973523543738746,132.40942081738797,0.9971521329941164,0.7920660935527685,132.3810806353967,0.9925565286418256,0.49745666080868506,132.3208712604325
444.0,66,0.9973523543738746,0.9973523543738746,132.40942081738797,0.9973523543738746,0.9973523543738746,132.40942081738797,0.9971521329941164,0.7920660935527685,132.3810806353967,0.9925565286418256,0.49745666080868506,132.3208712604325
445.0,66,0.9973523543738746,0.9973523543738746,132.40942081738797,0.9973523543738746,0.9973523543738746,132.40942081738797,0.9971521329941164,0.7920660935527685,132.3810806353967,0.9925565286418256,0.49745666080868506,132.3208712604325
446.0,66,0.9973523543738746,0.9973523543738746,132.40942081738797,0.9973523543738746,0.9973523543738746,132.40942081738797,0.9971521329941164,0.7920660935527685,132.3810806353967,0.9925565286418256,0.49745666080868506,132.3208712604325
447.0,66,0.9973523543738746,0.9973523543738746,132.40942081738797,0.9973523543738746,0.9973523543738746,132.40942081738797,0.9971521329941164,0.7920660935527685,132.3810806353967,0.9925565286418256,0.49745666080868506,132.3208712604325
448.0,66,0.9973523543738746,0.9973523543738746,132.40942081738797,0.9973523543738746,0.9973523543738746,132.40942081738797,0.9971521329941164,0.7920660935527685,132.3810806353967,0.9925565286418256,0.49745666080868506,132.3208712604325
449.0,67,0.9914153171143709,0.9914153171143709,132.40942081738797,0.9941480417573707,0.9941480417573707,132.41067693479067,0.994606857009944,0.7900443089733746,132.38208984069024,0.9912661814312945,0.4968099552598203,132.32145285560478
450.0,67,0.9914153171143709,0.9914153171143709,132.40942081738797,0.9941480417573707,0.9941480417573707,132.41067693479067,0.994606857009944,0.7900443089733746,132.38208984069024,0.9912661814312945,0.4968099552598203,132.32145285560478
451.0,67,0.9914153171143709,0.9914153171143709,132.40942081738797,0.9941480417573707,0.9941480417573707,132.41067693479067,0.994606857009944,0.7900443089733746,132.38208984069024,0.9912661814312945,0.4968099552598203,132.32145285560478
452.0,67,0.9914153171143709,0.9914153171143709,132.40942081738797,0.9941480417573707,0.9941480417573707,132.41067693479067,0.994606857009944,0.7900443089733746,132.38208984069024,0.9912661814312945,0.4968099552598203,132.32145285560478
453.0,67,0.9914153171143709,0.9914153171143709,132.40942081738797,0.9941480417573707,0.9941480417573707,132.41067693479067,0.994606857009944,0.7900443089733746,132.38208984069024,0.9912661814312945,0.4968099552598203,132.32145285560478
454.0,68,0.9941480417573707,0.9941480417573707,132.41067693479067,0.999600544254735,0.999600544254735,132.4124109141202,0.9989379336935053,0.7934846054698833,132.38349002069003,0.9934467834068175,0.49790284513157484,132.32226463451124
455.0,68,0.9857310776205391,0.9857310776205391,132.41067693479067,0.9911835801179034,0.9911835801179034,132.4124109141202,0.9888225394448109,0.7854496622127778,132.38349002069003,0.9817728438769798,0.49205201567308343,132.32226463451124
456.0,68,0.9857310776205391,0.9857310776205391,132.41067693479067,0.9911835801179034,0.9911835801179034,132.4124109141202,0.9888225394448109,0.7854496622127778,132.38349002069003,0.9817728438769798,0.49205201567308343,132.32226463451124
457.0,68,0.9857310776205391,0.9857310776205391,132.41067693479067,0.9911835801179034,0.9911835801179034,132.4124109141202,0.9888225394448109,0.7854496622127778,132.38349002069003,0.9817728438769798,0.49205201567308343,132.32226463451124
458.0,68,0.9857310776205391,0.9857310776205391,132.41067693479067,0.9911835801179034,0.9911835801179034,132.4124109141202,0.9888225394448109,0.7854496622127778,132.38349002069003,0.9817728438769798,0.49205201567308343,132.32226463451124
459.0,69,0.8826228224581378,0.8826228224581378,132.4124109141202,0.964068899260923,0.964068899260923,132.42345128413865,0.9771930712677308,0.7762120472848957,132.40095452167122,0.9909456622493098,0.49664931513767685,132.34947632027513
460.0,69,0.8826228224581378,0.8826228224581378,132.4124109141202,0.964068899260923,0.964068899260923,132.42345128413865,0.9771930712677308,0.7762120472848957,132.40095452167122,0.9909456622493098,0.49664931513767685,132.34947632027513
461.0,69,0.8826228224581378,0.8826228224581378,132.4124109141202,0.964068899260923,0.964068899260923,132.42345128413865,0.9771930712677308,0.7762120472848957,132.40095452167122,0.9909456622493098,0.49664931513767685,132.34947632027513
462.0,69,0.8826228224581378,0.8826228224581378,132.4124109141202,0.964068899260923,0.964068899260923,132.42345128413865,0.9771930712677308,0.7762120472848957,132.40095452167122,0.9909456622493098,0.49664931513767685,132.34947632027513
463.0,69,0.8826228224581378,0.8826228224581378,132.4124109141202,0.964068899260923,0.964068899260923,132.42345128413865,0.9771930712677308,0.7762120472848957,132.40095452167122,0.9909456622493098,0.49664931513767685,132.34947632027513
464.0,70,0.964068899260923,0.964068899260923,132.42345128413865,0.9683178488048734,0.9683178488048734,132.42443014189166,0.986945205905474,0.7839584431764877,132.4020606936981,0.9805288209178032,0.49142852724760483,132.34827715362707
465.0,70,0.964068899260923,0.964068899260923,132.42345128413865,0.9683178488048734,0.9683178488048734,132.42443014189166,0.986945205905474,0.7839584431764877,132.4020606936981,0.9805288209178032,0.49142852724760483,132.34827715362707
466.0,70,0.7755696039324425,0.7755696039324425,132.42345128413865,0.7798185534763928,0.7798185534763928,132.42443014189166,0.7594068612106413,0.6032183115029561,132.4020606936981,0.6832268131697091,0.3424245564325037,132.34827715362707
467.0,70,0.7755696039324425,0.7755696039324425,132.42345128413865,0.7798185534763928,0.7798185534763928,132.42443014189166,0.7594068612106413,0.6032183115029561,132.4020606936981,0.6832268131697091,0.3424245564325037,132.34827715362707
468.0,70,0.7755696039324425,0.7755696039324425,132.42345128413865,0.7798185534763928,0.7798185534763928,132.42443014189166,0.7594068612106413,0.6032183115029561,132.4020606936981,0.6832268131697091,0.3424245564325037,132.34827715362707
469.0,71,0.7798185534763928,0.7798185534763928,132.42443014189166,0.9933169007840681,0.9933169007840681,132.4516040755967,0.9849157192318303,0.7823463646096158,132.42648229434818,0.9976734592912708,0.500021201125543,132.38543497155382
470.0,71,0.7736897613209216,0.7736897613209216,132.42443014189166,0.9846856194780442,0.9846856194780442,132.4516040755967,0.9767846549662667,0.775887630685121,132.42648229434818,0.9924400682336699,0.4973982923388944,132.38543497155382
471.0,71,0.7736897613209216,0.7736897613209216,132.42443014189166,0.9846856194780442,0.9846856194780442,132.4516040755967,0.9767846549662667,0.775887630685121,132.42648229434818,0.9924400682336699,0.4973982923388944,132.38543497155382
472.0,71,0.7736897613209216,0.7736897613209216,132.42443014189166,0.9846856194780442,0.9846856194780442,132.4516040755967,0.9767846549662667,0.775887630685121,132.42648229434818,0.9924400682336699,0.4973982923388944,132.38543497155382
473.0,71,0.7547165448285528,0.7547165448285528,132.42443014189166,0.9646904086428039,0.9646904086428039,132.4516040755967,0.9528987905805513,0.7569144141927521,132.42648229434818,0.9555171744183103,0.47889300933006074,132.38543497155382
474.0,72,0.9600580960895547,0.9600580960895547,132.4516040755967,0.959514713908614,0.959514713908614,132.45428504887505,0.9824328264872879,0.7803741327988337,132.43291874448494,0.9993989919899947,0.50088601608535,132.39399515338124
475.0,72,0.9600580960895547,0.9600580960895547,132.4516040755967,0.959514713908614,0.959514713908614,132.45428504887505,0.9824328264872879,0.7803741327988337,132.43291874448494,0.9993989919899947,0.50088601608535,132.39399515338124
476.0,72,0.9600580960895547,0.9600580960895547,132.4516040755967,0.959514713908614,0.959514713908614,132.45428504887505,0.9824328264872879,0.7803741327988337,132.43291874448494,0.9993989919899947,0.50088601608535,132.39399515338124
477.0,72,0.9600580960895547,0.9600580960895547,132.4516040755967,0.959514713908614,0.959514713908614,132.45428504887505,0.9824328264872879,0.7803741327988337,132.43291874448494,0.9993989919899947,0.50088601608535,132.39399515338124
478.0,72,0.9600580960895547,0.9600580960895547,132.4516040755967,0.959514713908614,0.959514713908614,132.45428504887505,0.9824328264872879,0.7803741327988337,132.43291874448494,0.9993989919899947,0.50088601608535,132.39399515338124
479.0,73,0.959514713908614,0.959514713908614,132.45428504887505,0.9682900054039317,0.9682900054039317,132.4563293386064,0.9907273216765329,0.7869626845204357,132.43479371860732,0.9957756010365437,0.4990700187970397,132.39628608747321
480.0,73,0.959514713908614,0.959514713908614,132.45428504887505,0.9682900054039317,0.9682900054039317,132.4563293386064,0.9907273216765329,0.7869626845204357,132.43479371860732,0.9957756010365437,0.4990700187970397,132.39628608747321
481.0,73,0.959514713908614,0.959514713908614,132.45428504887505,0.9682900054039317,0.9682900054039317,132.4563293386064,0.9907273216765329,0.7869626845204357,132.43479371860732,0.9957756010365437,0.4990700187970397,132.39628608747321
482.0,73,0.959514713908614,0.959514713908614,132.45428504887505,0.9682900054039317,0.9682900054039317,132.4563293386064,0.9907273216765329,0.7869626845204357,132.43479371860732,0.9957756010365437,0.4990700187970397,132.39628608747321
483.0,73,0.959514713908614,0.959514713908614,132.45428504887505,0.9682900054039317,0.9682900054039317,132.4563293386064,0.9907273216765329,0.7869626845204357,132.43479371860732,0.9957756010365437,0.4990700187970397,132.39628608747321
484.0,74,0.9682900054039317,0.9682900054039317,132.4563293386064,0.9818566350380146,0.9818566350380146,132.45895555229583,0.9995774665323591,0.7939926044608183,132.43645042268335,0.9996462551237506,0.501009941211335,132.40260698282862
485.0,74,0.9682900054039317,0.9682900054039317,132.4563293386064,0.9818566350380146,0.9818566350380146,132.45895555229583,0.9995774665323591,0.7939926044608183,132.43645042268335,0.9996462551237506,0.501009941211335,132.40260698282862
486.0,74,0.9682900054039317,0.9682900054039317,132.4563293386064,0.9818566350380146,0.9818566350380146,132.45895555229583,0.9995774665323591,0.7939926044608183,132.43645042268335,0.9996462551237506,0.501009941211335,132.40260698282862
487.0,74,0.9682900054039317,0.9682900054039317,132.4563293386064,0.9818566350380146,0.9818566350380146,132.45895555229583,0.9995774665323591,0.7939926044608183,132.43645042268335,0.9996462551237506,0.501009941211335,132.40260698282862
488.0,74,0.9682900054039317,0.9682900054039317,132.4563293386064,0.9818566350380146,0.9818566350380146,132.45895555229583,0.9995774665323591,0.7939926044608183,132.43645042268335,0.9996462551237506,0.501009941211335,132.40260698282862
489.0,75,0.7611665828667409,0.7611665828667409,132.45895555229583,0.9979639815779313,0.9979639815779313,132.50302974589638,0.9996952934623609,0.7940861977181296,132.46936530287024,0.9993302643345667,0.5008515706618523,132.4136545490145
490.0,75,0.70714321469331,0.70714321469331,132.45895555229583,0.9394928001239521,0.9394928001239521,132.50302974589638,0.9316584402423972,0.7400426042037208,132.46936530287024,0.9195592777455595,0.4608713705695895,132.4136545490145
491.0,75,0.70714321469331,0.70714321469331,132.45895555229583,0.9394928001239521,0.9394928001239521,132.50302974589638,0.9316584402423972,0.7400426042037208,132.46936530287024,0.9195592777455595,0.4608713705695895,132.4136545490145
492.0,75,0.7018124228028138,0.7018124228028138,132.45895555229583,0.9310440643462777,0.9310440643462777,132.50302974589638,0.9249336559863948,0.7347009181967488,132.46936530287024,0.9152372504841778,0.45870522568279604,132.4136545490145
493.0,75,0.7018124228028138,0.7018124228028138,132.45895555229583,0.9310440643462777,0.9310440643462777,132.50302974589638,0.9249336559863948,0.7347009181967488,132.46936530287024,0.9152372504841778,0.45870522568279604,132.4136545490145
494.0,76,0.9310440643462777,0.9310440643462777,132.50302974589638,0.9994734046627429,0.9994734046627429,132.52764223341097,0.9998316720755437,0.7941945271011933,132.49993500906285,0.9996701043705063,0.5010218941493406,132.43302745809396
495.0,76,0.9310440643462777,0.9310440643462777,132.50302974589638,0.9994734046627429,0.9994734046627429,132.52764223341097,0.9998316720755437,0.7941945271011933,132.49993500906285,0.9996701043705063,0.5010218941493406,132.43302745809396
496.0,76,0.9310440643462777,0.9310440643462777,132.50302974589638,0.9994734046627429,0.9994734046627429,132.52764223341097,0.9998316720755437,0.7941945271011933,132.49993500906285,0.9996701043705063,0.5010218941493406,132.43302745809396
497.0,76,0.9310440643462777,0.9310440643462777,132.50302974589638,0.9994734046627429,0.9994734046627429,132.52764223341097,0.9998316720755437,0.7941945271011933,132.49993500906285,0.9996701043705063,0.5010218941493406,132.43302745809396
498.0,76,0.9310440643462777,0.9310440643462777,132.50302974589638,0.9994734046627429,0.9994734046627429,132.52764223341097,0.9998316720755437,0.7941945271011933,132.49993500906285,0.9996701043705063,0.5010218941493406,132.43302745809396
499.0,77,0.9994734046627429,0.9994734046627429,132.52764223341097,0.9682844333618723,0.9682844333618723,132.52667913044584,0.9900093972138377,0.7863924168493177,132.5066754210298,0.9973283031834932,0.4998482132907165,132.43906910971555
500.0,77,0.9994734046627429,0.9994734046627429,132.52764223341097,0.9682844333618723,0.9682844333618723,132.52667913044584,0.9900093972138377,0.7863924168493177,132.5066754210298,0.9973283031834932,0.4998482132907165,132.43906910971555
501.0,77,0.9994734046627429,0.9994734046627429,132.52764223341097,0.9682844333618723,0.9682844333618723,132.52667913044584,0.9900093972138377,0.7863924168493177,132.5066754210298,0.9973283031834932,0.4998482132907165,132.43906910971555
502.0,77,0.9994734046627429,0.9994734046627429,132.52764223341097,0.9682844333618723,0.9682844333618723,132.52667913044584,0.9900093972138377,0.7863924168493177,132.5066754210298,0.9973283031834932,0.4998482132907165,132.43906910971555
503.0,77,0.9994734046627429,0.9994734046627429,132.52764223341097,0.9682844333618723,0.9682844333618723,132.52667913044584,0.9900093972138377,0.7863924168493177,132.5066754210298,0.9973283031834932,0.4998482132907165,132.43906910971555
504.0,78,0.9682844333618723,0.9682844333618723,132.52667913044584,0.9923282568527932,0.9923282568527932,132.53160470869923,0.9949243959675538,0.790296539133029,132.5070210243896,0.9975158404255743,0.49994220456227717,132.4445230629582
505.0,78,0.9682844333618723,0.9682844333618723,132.52667913044584,0.9923282568527932,0.9923282568527932,132.53160470869923,0.9949243959675538,0.790296539133029,132.5070210243896,0.9975158404255743,0.49994220456227717,132.4445230629582
506.0,78,0.9682844333618723,0.9682844333618723,132.52667913044584,0.9923282568527932,0.9923282568527932,132.53160470869923,0.9949243959675538,0.790296539133029,132.5070210243896,0.9975158404255743,0.49994220456227717,132.4445230629582
507.0,78,0.9682844333618723,0.9682844333618723,132.52667913044584,0.9923282568527932,0.9923282568527932,132.53160470869923,0.9949243959675538,0.790296539133029,132.5070210243896,0.9975158404255743,0.49994220456227717,132.4445230629582
508.0,78,0.9682844333618723,0.9682844333618723,132.52667913044584,0.9923282568527932,0.9923282568527932,132.53160470869923,0.9949243959675538,0.790296539133029,132.5070210243896,0.9975158404255743,0.49994220456227717,132.4445230629582
509.0,79,0.9813063686450596,0.9813063686450596,132.53160470869923,0.986379570008155,0.986379570008155,132.5279794297783,0.9908240593731976,0.7870395260042587,132.5057693062667,0.9974024365631435,0.49988536799418287,132.4442369767324
510.0,79,0.9813063686450596,0.9813063686450596,132.53160470869923,0.986379570008155,0.986379570008155,132.5279794297783,0.9908240593731976,0.7870395260042587,132.5057693062667,0.9974024365631435,0.49988536799418287,132.4442369767324
511.0,79,0.9170559122262926,0.9170559122262926,132.53160470869923,0.9221291135893882,0.9221291135893882,132.5279794297783,0.9306559882814166,0.7392463283071593,132.5057693062667,0.953940351426893,0.47810272577707247,132.4442369767324
512.0,79,0.9170559122262926,0.9170559122262926,132.53160470869923,0.9221291135893882,0.9221291135893882,132.5279794297783,0.9306559882814166,0.7392463283071593,132.5057693062667,0.953940351426893,0.47810272577707247,132.4442369767324
513.0,79,0.9170559122262926,0.9170559122262926,132.53160470869923,0.9221291135893882,0.9221291135893882,132.5279794297783,0.9306559882814166,0.7392463283071593,132.5057693062667,0.953940351426893,0.47810272577707247,132.4442369767324
514.0,80,0.9221291135893882,0.9221291135893882,132.5279794297783,0.9999639984372128,0.9999639984372128,132.53244202823237,0.9990805484868633,0.793597888426937,132.51366571778752,0.9982052291827753,0.5002877174063926,132.4537618047934
515.0,80,0.9207847977208673,0.9207847977208673,132.5279794297783,0.9983536124800844,0.9983536124800844,132.53244202823237,0.9978655721509087,0.7926327984187663,132.51366571778752,0.9972483314994066,0.49980813250360057,132.4537618047934
516.0,80,0.9207847977208673,0.9207847977208673,132.5279794297783,0.9983536124800844,0.9983536124800844,132.53244202823237,0.9978655721509087,0.7926327984187663,132.51366571778752,0.9972483314994066,0.49980813250360057,132.4537618047934
517.0,80,0.9207847977208673,0.9207847977208673,132.5279794297783,0.9983536124800844,0.9983536124800844,132.53244202823237,0.9978655721509087,0.7926327984187663,132.51366571778752,0.9972483314994066,0.49980813250360057,132.4537618047934
518.0,80,0.9207847977208673,0.9207847977208673,132.5279794297783,0.9983536124800844,0.9983536124800844,132.53244202823237,0.9978655721509087,0.7926327984187663,132.51366571778752,0.9972483314994066,0.49980813250360057,132.4537618047934
519.0,81,0.9983536124800844,0.9983536124800844,132.53244202823237,0.9994931627815606,0.9994931627815606,132.53168597148797,0.9990275494674279,0.7935557898093868,132.50968641024548,0.9959601679735252,0.49916252138960454,132.4504744658127
520.0,81,0.9983536124800844,0.9983536124800844,132.53244202823237,0.9994931627815606,0.9994931627815606,132.53168597148797,0.9990275494674279,0.7935557898093868,132.50968641024548,0.9959601679735252,0.49916252138960454,132.4504744658127
521.0,81,0.9983536124800844,0.9983536124800844,132.53244202823237,0.9994931627815606,0.9994931627815606,132.53168597148797,0.9990275494674279,0.7935557898093868,132.50968641024548,0.9959601679735252,0.49916252138960454,132.4504744658127
522.0,81,0.9983536124800844,0.9983536124800844,132.53244202823237,0.9994931627815606,0.9994931627815606,132.53168597148797,0.9990275494674279,0.7935557898093868,132.50968641024548,0.9959601679735252,0.49916252138960454,132.4504744658127
523.0,81,0.9591847657986866,0.9591847657986866,132.53244202823237,0.9603243161001629,0.9603243161001629,132.53168597148797,0.9700964237871585,0.7705749798191921,132.50968641024548,0.9816426698942279,0.4919867741347777,132.4504744658127
524.0,82,0.9603243161001629,0.9603243161001629,132.53168597148797,0.9959434772467892,0.9959434772467892,132.53697154875886,0.9998810964882642,0.7942337863077018,132.51409154337853,0.9976378599574812,0.5000033591939221,132.45478493929346
525.0,82,0.9603243161001629,0.9603243161001629,132.53168597148797,0.9959434772467892,0.9959434772467892,132.53697154875886,0.9998810964882642,0.7942337863077018,132.51409154337853,0.9976378599574812,0.5000033591939221,132.45478493929346
526.0,82,0.9603243161001629,0.9603243161001629,132.53168597148797,0.9959434772467892,0.9959434772467892,132.53697154875886,0.9998810964882642,0.7942337863077018,132.51409154337853,0.9976378599574812,0.5000033591939221,132.45478493929346
527.0,82,0.9603243161001629,0.9603243161001629,132.53168597148797,0.9959434772467892,0.9959434772467892,132.53697154875886,0.9998810964882642,0.7942337863077018,132.51409154337853,0.9976378599574812,0.5000033591939221,132.45478493929346
528.0,82,0.9603243161001629,0.9603243161001629,132.53168597148797,0.9959434772467892,0.9959434772467892,132.53697154875886,0.9998810964882642,0.7942337863077018,132.51409154337853,0.9976378599574812,0.5000033591939221,132.45478493929346
529.0,83,0.9959434772467892,0.9959434772467892,132.53697154875886,0.9737572471593363,0.9737572471593363,132.5349718195737,0.9991690208224779,0.7936681645011078,132.51202826130333,0.9995821634530726,0.5009778192842094,132.4558000645401
530.0,83,0.9959434772467892,0.9959434772467892,132.53697154875886,0.9737572471593363,0.9737572471593363,132.5349718195737,0.9991690208224779,0.7936681645011078,132.51202826130333,0.9995821634530726,0.5009778192842094,132.4558000645401
531.0,83,0.9959434772467892,0.9959434772467892,132.53697154875886,0.9737572471593363,0.9737572471593363,132.5349718195737,0.9991690208224779,0.7936681645011078,132.51202826130333,0.9995821634530726,0.5009778192842094,132.4558000645401
532.0,83,0.9959434772467892,0.9959434772467892,132.53697154875886,0.9737572471593363,0.9737572471593363,132.5349718195737,0.9991690208224779,0.7936681645011078,132.51202826130333,0.9995821634530726,0.5009778192842094,132.4558000645401
533.0,83,0.9959434772467892,0.9959434772467892,132.53697154875886,0.9737572471593363,0.9737572471593363,132.5349718195737,0.9991690208224779,0.7936681645011078,132.51202826130333,0.9995821634530726,0.5009778192842094,132.4558000645401
534.0,84,0.9737572471593363,0.9737572471593363,132.5349718195737,0.994412927518989,0.994412927518989,132.53582311362885,0.9953033095040078,0.7905975208535536,132.5128717643099,0.9759088882006761,0.4891130759495638,132.45310017038474
535.0,84,0.9596677219973737,0.9596677219973737,132.5349718195737,0.980494503920097,0.980494503920097,132.53582311362885,0.9856218014798683,0.7829072256752699,132.5128717643099,0.9708837579464127,0.48659454481881287,132.45310017038474
536.0,84,0.9596677219973737,0.9596677219973737,132.5349718195737,0.980494503920097,0.980494503920097,132.53582311362885,0.9856218014798683,0.7829072256752699,132.5128717643099,0.9708837579464127,0.48659454481881287,132.45310017038474
537.0,84,0.9596677219973737,0.9596677219973737,132.5349718195737,0.980494503920097,0.980494503920097,132.53582311362885,0.9856218014798683,0.7829072256752699,132.5128717643099,0.9708837579464127,0.48659454481881287,132.45310017038474
538.0,84,0.9596677219973737,0.9596677219973737,132.5349718195737,0.980494503920097,0.980494503920097,132.53582311362885,0.9856218014798683,0.7829072256752699,132.5128717643099,0.9708837579464127,0.48659454481881287,132.45310017038474
539.0,85,0.980494503920097,0.980494503920097,132.53582311362885,0.9997500741032364,0.9997500741032364,132.5391967203755,0.9995807830338237,0.7939952388515721,132.51424052210555,0.9730684231756447,0.4876894711414533,132.45344781769109
540.0,85,0.980494503920097,0.980494503920097,132.53582311362885,0.9997500741032364,0.9997500741032364,132.5391967203755,0.9995807830338237,0.7939952388515721,132.51424052210555,0.9730684231756447,0.4876894711414533,132.45344781769109
541.0,85,0.980494503920097,0.980494503920097,132.53582311362885,0.9997500741032364,0.9997500741032364,132.5391967203755,0.9995807830338237,0.7939952388515721,132.51424052210555,0.9730684231756447,0.4876894711414533,132.45344781769109
542.0,85,0.980494503920097,0.980494503920097,132.53582311362885,0.9997500741032364,0.9997500741032364,132.5391967203755,0.9995807830338237,0.7939952388515721,132.51424052210555,0.9730684231756447,0.4876894711414533,132.45344781769109
543.0,85,0.8990446453458991,0.8990446453458991,132.53582311362885,0.9183002155290384,0.9183002155290384,132.5391967203755,0.9209493768878513,0.7315360928137539,132.51424052210555,0.8976970899984433,0.4499143211715723,132.45344781769109
544.0,86,0.9183002155290384,0.9183002155290384,132.5391967203755,0.9923778737918107,0.9923778737918107,132.54123769216005,0.9999897677805133,0.7943201069834392,132.52287494533272,0.9983446465376002,0.5003575916047769,132.47184943847816
545.0,86,0.9183002155290384,0.9183002155290384,132.5391967203755,0.9923778737918107,0.9923778737918107,132.54123769216005,0.9999897677805133,0.7943201069834392,132.52287494533272,0.9983446465376002,0.5003575916047769,132.47184943847816
546.0,86,0.9183002155290384,0.9183002155290384,132.5391967203755,0.9923778737918107,0.9923778737918107,132.54123769216005,0.9999897677805133,0.7943201069834392,132.52287494533272,0.9983446465376002,0.5003575916047769,132.47184943847816
547.0,86,0.9183002155290384,0.9183002155290384,132.5391967203755,0.9923778737918107,0.9923778737918107,132.54123769216005,0.9999897677805133,0.7943201069834392,132.52287494533272,0.9983446465376002,0.5003575916047769,132.47184943847816
548.0,86,0.9183002155290384,0.9183002155290384,132.5391967203755,0.9923778737918107,0.9923778737918107,132.54123769216005,0.9999897677805133,0.7943201069834392,132.52287494533272,0.9983446465376002,0.5003575916047769,132.47184943847816
549.0,87,0.9923778737918107,0.9923778737918107,132.54123769216005,0.9995855142799953,0.9995855142799953,132.53856499470035,0.9940101892332722,0.789570358911614,132.51575128626752,0.9956884345917391,0.499026332087703,132.4692684309132
550.0,87,0.9923778737918107,0.9923778737918107,132.54123769216005,0.9995855142799953,0.9995855142799953,132.53856499470035,0.9940101892332722,0.789570358911614,132.51575128626752,0.9956884345917391,0.499026332087703,132.4692684309132
551.0,87,0.9923778737918107,0.9923778737918107,132.54123769216005,0.9995855142799953,0.9995855142799953,132.53856499470035,0.9940101892332722,0.789570358911614,132.51575128626752,0.9956884345917391,0.499026332087703,132.4692684309132
552.0,87,0.9923778737918107,0.9923778737918107,132.54123769216005,0.9995855142799953,0.9995855142799953,132.53856499470035,0.9940101892332722,0.789570358911614,132.51575128626752,0.9956884345917391,0.499026332087703,132.4692684309132
553.0,87,0.9923778737918107,0.9923778737918107,132.54123769216005,0.9995855142799953,0.9995855142799953,132.53856499470035,0.9940101892332722,0.789570358911614,132.51575128626752,0.9956884345917391,0.499026332087703,132.4692684309132
554.0,88,0.9995855142799953,0.9995855142799953,132.53856499470035,0.9996023343914763,0.9996023343914763,132.53856675238262,0.9963385252069095,0.7914198219153984,132.5138111310631,0.99995406366468,0.5011642109224503,132.46824527217657
555.0,88,0.9995855142799953,0.9995855142799953,132.53856499470035,0.9996023343914763,0.9996023343914763,132.53856675238262,0.9963385252069095,0.7914198219153984,132.5138111310631,0.99995406366468,0.5011642109224503,132.46824527217657
556.0,88,0.9995855142799953,0.9995855142799953,132.53856499470035,0.9996023343914763,0.9996023343914763,132.53856675238262,0.9963385252069095,0.7914198219153984,132.5138111310631,0.99995406366468,0.5011642109224503,132.46824527217657
557.0,88,0.9995855142799953,0.9995855142799953,132.53856499470035,0.9996023343914763,0.9996023343914763,132.53856675238262,0.9963385252069095,0.7914198219153984,132.5138111310631,0.99995406366468,0.5011642109224503,132.46824527217657
558.0,88,0.9940697107153412,0.9940697107153412,132.53856499470035,0.9940865308268223,0.9940865308268223,132.53856675238262,0.9893945399329017,0.7859040183507444,132.5138111310631,0.9889485886753551,0.4956484073577964,132.46824527217657
559.0,89,0.9940865308268223,0.9940865308268223,132.53856675238262,0.9980160704457746,0.9980160704457746,132.5380482816266,0.994702104708229,0.7901199669094149,132.51451431688167,0.9922098152797532,0.4972828924978863,132.46805072515195
560.0,89,0.9940865308268223,0.9940865308268223,132.53856675238262,0.9980160704457746,0.9980160704457746,132.5380482816266,0.994702104708229,0.7901199669094149,132.51451431688167,0.9922098152797532,0.4972828924978863,132.46805072515195
561.0,89,0.9940865308268223,0.9940865308268223,132.53856675238262,0.9980160704457746,0.9980160704457746,132.5380482816266,0.994702104708229,0.7901199669094149,132.51451431688167,0.9922098152797532,0.4972828924978863,132.46805072515195
562.0,89,0.9940865308268223,0.9940865308268223,132.53856675238262,0.9980160704457746,0.9980160704457746,132.5380482816266,0.994702104708229,0.7901199669094149,132.51451431688167,0.9922098152797532,0.4972828924978863,132.46805072515195
563.0,89,0.9940865308268223,0.9940865308268223,132.53856675238262,0.9980160704457746,0.9980160704457746,132.5380482816266,0.994702104708229,0.7901199669094149,132.51451431688167,0.9922098152797532,0.4972828924978863,132.46805072515195
564.0,90,0.9980160704457746,0.9980160704457746,132.5380482816266,0.9980160704457746,0.9980160704457746,132.5380482816266,0.994702104708229,0.7901199669094149,132.51451431688167,0.9922098152797532,0.4972828924978863,132.46805072515195
565.0,90,0.9980160704457746,0.9980160704457746,132.5380482816266,0.9980160704457746,0.9980160704457746,132.5380482816266,0.994702104708229,0.7901199669094149,132.51451431688167,0.9922098152797532,0.4972828924978863,132.46805072515195
566.0,90,0.9980160704457746,0.9980160704457746,132.5380482816266,0.9980160704457746,0.9980160704457746,132.5380482816266,0.994702104708229,0.7901199669094149,132.51451431688167,0.9922098152797532,0.4972828924978863,132.46805072515195
567.0,90,0.9980160704457746,0.9980160704457746,132.5380482816266,0.9980160704457746,0.9980160704457746,132.5380482816266,0.994702104708229,0.7901199669094149,132.51451431688167,0.9922098152797532,0.4972828924978863,132.46805072515195
568.0,90,0.9980160704457746,0.9980160704457746,132.5380482816266,0.9980160704457746,0.9980160704457746,132.5380482816266,0.994702104708229,0.7901199669094149,132.51451431688167,0.9922098152797532,0.4972828924978863,132.46805072515195
569.0,91,0.9980160704457746,0.9980160704457746,132.5380482816266,0.9980160704457746,0.9980160704457746,132.5380482816266,0.994702104708229,0.7901199669094149,132.51451431688167,0.9922098152797532,0.4972828924978863,132.46805072515195
570.0,91,0.9980160704457746,0.9980160704457746,132.5380482816266,0.9980160704457746,0.9980160704457746,132.5380482816266,0.994702104708229,0.7901199669094149,132.51451431688167,0.9922098152797532,0.4972828924978863,132.46805072515195
571.0,91,0.9980160704457746,0.9980160704457746,132.5380482816266,0.9980160704457746,0.9980160704457746,132.5380482816266,0.994702104708229,0.7901199669094149,132.51451431688167,0.9922098152797532,0.4972828924978863,132.46805072515195
572.0,91,0.9980160704457746,0.9980160704457746,132.5380482816266,0.9980160704457746,0.9980160704457746,132.5380482816266,0.994702104708229,0.7901199669094149,132.51451431688167,0.9922098152797532,0.4972828924978863,132.46805072515195
573.0,91,0.9980160704457746,0.9980160704457746,132.5380482816266,0.9980160704457746,0.9980160704457746,132.5380482816266,0.994702104708229,0.7901199669094149,132.51451431688167,0.9922098152797532,0.4972828924978863,132.46805072515195
574.0,92,0.9980160704457746,0.9980160704457746,132.5380482816266,0.9980160704457746,0.9980160704457746,132.5380482816266,0.994702104708229,0.7901199669094149,132.51451431688167,0.9922098152797532,0.4972828924978863,132.46805072515195
575.0,92,0.9980160704457746,0.9980160704457746,132.5380482816266,0.9980160704457746,0.9980160704457746,132.5380482816266,0.994702104708229,0.7901199669094149,132.51451431688167,0.9922098152797532,0.4972828924978863,132.46805072515195
576.0,92,0.9980160704457746,0.9980160704457746,132.5380482816266,0.9980160704457746,0.9980160704457746,132.5380482816266,0.994702104708229,0.7901199669094149,132.51451431688167,0.9922098152797532,0.4972828924978863,132.46805072515195
577.0,92,0.9980160704457746,0.9980160704457746,132.5380482816266,0.9980160704457746,0.9980160704457746,132.5380482816266,0.994702104708229,0.7901199669094149,132.51451431688167,0.9922098152797532,0.4972828924978863,132.46805072515195
578.0,92,0.9980160704457746,0.9980160704457746,132.5380482816266,0.9980160704457746,0.9980160704457746,132.5380482816266,0.994702104708229,0.7901199669094149,132.51451431688167,0.9922098152797532,0.4972828924978863,132.46805072515195
579.0,93,0.9980160704457746,0.9980160704457746,132.5380482816266,0.9980160704457746,0.9980160704457746,132.5380482816266,0.994702104708229,0.7901199669094149,132.51451431688167,0.9922098152797532,0.4972828924978863,132.46805072515195
580.0,93,0.9980160704457746,0.9980160704457746,132.5380482816266,0.9980160704457746,0.9980160704457746,132.5380482816266,0.994702104708229,0.7901199669094149,132.51451431688167,0.9922098152797532,0.4972828924978863,132.46805072515195
581.0,93,0.9980160704457746,0.9980160704457746,132.5380482816266,0.9980160704457746,0.9980160704457746,132.5380482816266,0.994702104708229,0.7901199669094149,132.51451431688167,0.9922098152797532,0.4972828924978863,132.46805072515195
582.0,93,0.9980160704457746,0.9980160704457746,132.5380482816266,0.9980160704457746,0.9980160704457746,132.5380482816266,0.994702104708229,0.7901199669094149,132.51451431688167,0.9922098152797532,0.4972828924978863,132.46805072515195
583.0,93,0.9980160704457746,0.9980160704457746,132.5380482816266,0.9980160704457746,0.9980160704457746,132.5380482816266,0.994702104708229,0.7901199669094149,132.51451431688167,0.9922098152797532,0.4972828924978863,132.46805072515195
584.0,94,0.9980160704457746,0.9980160704457746,132.5380482816266,0.9980160704457746,0.9980160704457746,132.5380482816266,0.994702104708229,0.7901199669094149,132.51451431688167,0.9922098152797532,0.4972828924978863,132.46805072515195
585.0,94,0.9980160704457746,0.9980160704457746,132.5380482816266,0.9980160704457746,0.9980160704457746,132.5380482816266,0.994702104708229,0.7901199669094149,132.51451431688167,0.9922098152797532,0.4972828924978863,132.46805072515195
586.0,94,0.9980160704457746,0.9980160704457746,132.5380482816266,0.9980160704457746,0.9980160704457746,132.5380482816266,0.994702104708229,0.7901199669094149,132.51451431688167,0.9922098152797532,0.4972828924978863,132.46805072515195
587.0,94,0.9980160704457746,0.9980160704457746,132.5380482816266,0.9980160704457746,0.9980160704457746,132.5380482816266,0.994702104708229,0.7901199669094149,132.51451431688167,0.9922098152797532,0.4972828924978863,132.46805072515195
588.0,94,0.9980160704457746,0.9980160704457746,132.5380482816266,0.9980160704457746,0.9980160704457746,132.5380482816266,0.994702104708229,0.7901199669094149,132.51451431688167,0.9922098152797532,0.4972828924978863,132.46805072515195
589.0,95,0.9980160704457746,0.9980160704457746,132.5380482816266,0.9980160704457746,0.9980160704457746,132.5380482816266,0.994702104708229,0.7901199669094149,132.51451431688167,0.9922098152797532,0.4972828924978863,132.46805072515195
590.0,95,0.9980160704457746,0.9980160704457746,132.5380482816266,0.9980160704457746,0.9980160704457746,132.5380482816266,0.994702104708229,0.7901199669094149,132.51451431688167,0.9922098152797532,0.4972828924978863,132.46805072515195
591.0,95,0.9980160704457746,0.9980160704457746,132.5380482816266,0.9980160704457746,0.9980160704457746,132.5380482816266,0.994702104708229,0.7901199669094149,132.51451431688167,0.9922098152797532,0.4972828924978863,132.46805072515195
592.0,95,0.9980160704457746,0.9980160704457746,132.5380482816266,0.9980160704457746,0.9980160704457746,132.5380482816266,0.994702104708229,0.7901199669094149,132.51451431688167,0.9922098152797532,0.4972828924978863,132.46805072515195
593.0,95,0.9980160704457746,0.9980160704457746,132.5380482816266,0.9980160704457746,0.9980160704457746,132.5380482816266,0.994702104708229,0.7901199669094149,132.51451431688167,0.9922098152797532,0.4972828924978863,132.46805072515195
594.0,96,0.9980160704457746,0.9980160704457746,132.5380482816266,0.9980160704457746,0.9980160704457746,132.5380482816266,0.994702104708229,0.7901199669094149,132.51451431688167,0.9922098152797532,0.4972828924978863,132.46805072515195
595.0,96,0.9980160704457746,0.9980160704457746,132.5380482816266,0.9980160704457746,0.9980160704457746,132.5380482816266,0.994702104708229,0.7901199669094149,132.51451431688167,0.9922098152797532,0.4972828924978863,132.46805072515195
596.0,96,0.9980160704457746,0.9980160704457746,132.5380482816266,0.9980160704457746,0.9980160704457746,132.5380482816266,0.994702104708229,0.7901199669094149,132.51451431688167,0.9922098152797532,0.4972828924978863,132.46805072515195
597.0,96,0.9980160704457746,0.9980160704457746,132.5380482816266,0.9980160704457746,0.9980160704457746,132.5380482816266,0.994702104708229,0.7901199669094149,132.51451431688167,0.9922098152797532,0.4972828924978863,132.46805072515195
598.0,96,0.9980160704457746,0.9980160704457746,132.5380482816266,0.9980160704457746,0.9980160704457746,132.5380482816266,0.994702104708229,0.7901199669094149,132.51451431688167,0.9922098152797532,0.4972828924978863,132.46805072515195
599.0,97,0.9980160704457746,0.9980160704457746,132.5380482816266,0.9980160704457746,0.9980160704457746,132.5380482816266,0.994702104708229,0.7901199669094149,132.51451431688167,0.9922098152797532,0.4972828924978863,132.46805072515195
600.0,97,0.9980160704457746,0.9980160704457746,132.5380482816266,0.9980160704457746,0.9980160704457746,132.5380482816266,0.994702104708229,0.7901199669094149,132.51451431688167,0.9922098152797532,0.4972828924978863,132.46805072515195
601.0,97,0.9980160704457746,0.9980160704457746,132.5380482816266,0.9980160704457746,0.9980160704457746,132.5380482816266,0.994702104708229,0.7901199669094149,132.51451431688167,0.9922098152797532,0.4972828924978863,132.46805072515195
602.0,97,0.9980160704457746,0.9980160704457746,132.5380482816266,0.9980160704457746,0.9980160704457746,132.5380482816266,0.994702104708229,0.7901199669094149,132.51451431688167,0.9922098152797532,0.4972828924978863,132.46805072515195
603.0,97,0.9980160704457746,0.9980160704457746,132.5380482816266,0.9980160704457746,0.9980160704457746,132.5380482816266,0.994702104708229,0.7901199669094149,132.51451431688167,0.9922098152797532,0.4972828924978863,132.46805072515195
604.0,98,0.9980160704457746,0.9980160704457746,132.5380482816266,0.9980160704457746,0.9980160704457746,132.5380482816266,0.994702104708229,0.7901199669094149,132.51451431688167,0.9922098152797532,0.4972828924978863,132.46805072515195
605.0,98,0.9980160704457746,0.9980160704457746,132.5380482816266,0.9980160704457746,0.9980160704457746,132.5380482816266,0.994702104708229,0.7901199669094149,132.51451431688167,0.9922098152797532,0.4972828924978863,132.46805072515195
606.0,98,0.9980160704457746,0.9980160704457746,132.5380482816266,0.9980160704457746,0.9980160704457746,132.5380482816266,0.994702104708229,0.7901199669094149,132.51451431688167,0.9922098152797532,0.4972828924978863,132.46805072515195
607.0,98,0.9980160704457746,0.9980160704457746,132.5380482816266,0.9980160704457746,0.9980160704457746,132.5380482816266,0.994702104708229,0.7901199669094149,132.51451431688167,0.9922098152797532,0.4972828924978863,132.46805072515195
608.0,98,0.9980160704457746,0.9980160704457746,132.5380482816266,0.9980160704457746,0.9980160704457746,132.5380482816266,0.994702104708229,0.7901199669094149,132.51451431688167,0.9922098152797532,0.4972828924978863,132.46805072515195
609.0,99,0.9980160704457746,0.9980160704457746,132.5380482816266,0.9980160704457746,0.9980160704457746,132.5380482816266,0.994702104708229,0.7901199669094149,132.51451431688167,0.9922098152797532,0.4972828924978863,132.46805072515195
610.0,99,0.9980160704457746,0.9980160704457746,132.5380482816266,0.9980160704457746,0.9980160704457746,132.5380482816266,0.994702104708229,0.7901199669094149,132.51451431688167,0.9922098152797532,0.4972828924978863,132.46805072515195
611.0,99,0.9980160704457746,0.9980160704457746,132.5380482816266,0.9980160704457746,0.9980160704457746,132.5380482816266,0.994702104708229,0.7901199669094149,132.51451431688167,0.9922098152797532,0.4972828924978863,132.46805072515195
612.0,99,0.9980160704457746,0.9980160704457746,132.5380482816266,0.9980160704457746,0.9980160704457746,132.5380482816266,0.994702104708229,0.7901199669094149,132.51451431688167,0.9922098152797532,0.4972828924978863,132.46805072515195
613.0,99,0.9980160704457746,0.9980160704457746,132.5380482816266,0.9980160704457746,0.9980160704457746,132.5380482816266,0.994702104708229,0.7901199669094149,132.51451431688167,0.9922098152797532,0.4972828924978863,132.46805072515195
614.0,100,0.9980160704457746,0.9980160704457746,132.5380482816266,0.9980160704457746,0.9980160704457746,132.5380482816266,0.994702104708229,0.7901199669094149,132.51451431688167,0.9922098152797532,0.4972828924978863,132.46805072515195
615.0,100,0.9980160704457746,0.9980160704457746,132.5380482816266,0.9980160704457746,0.9980160704457746,132.5380482816266,0.994702104708229,0.7901199669094149,132.51451431688167,0.9922098152797532,0.4972828924978863,132.46805072515195
616.0,100,0.9980160704457746,0.9980160704457746,132.5380482816266,0.9980160704457746,0.9980160704457746,132.5380482816266,0.994702104708229,0.7901199669094149,132.51451431688167,0.9922098152797532,0.4972828924978863,132.46805072515195
617.0,100,0.9980160704457746,0.9980160704457746,132.5380482816266,0.9980160704457746,0.9980160704457746,132.5380482816266,0.994702104708229,0.7901199669094149,132.51451431688167,0.9922098152797532,0.4972828924978863,132.46805072515195
618.0,100,0.9980160704457746,0.9980160704457746,132.5380482816266,0.9980160704457746,0.9980160704457746,132.5380482816266,0.994702104708229,0.7901199669094149,132.51451431688167,0.9922098152797532,0.4972828924978863,132.46805072515195
619.0,101,0.9980160704457746,0.9980160704457746,132.5380482816266,0.9980160704457746,0.9980160704457746,132.5380482816266,0.994702104708229,0.7901199669094149,132.51451431688167,0.9922098152797532,0.4972828924978863,132.46805072515195
620.0,101,0.9980160704457746,0.9980160704457746,132.5380482816266,0.9980160704457746,0.9980160704457746,132.5380482816266,0.994702104708229,0.7901199669094149,132.51451431688167,0.9922098152797532,0.4972828924978863,132.46805072515195
621.0,101,0.9980160704457746,0.9980160704457746,132.5380482816266,0.9980160704457746,0.9980160704457746,132.5380482816266,0.994702104708229,0.7901199669094149,132.51451431688167,0.9922098152797532,0.4972828924978863,132.46805072515195
622.0,101,0.9980160704457746,0.9980160704457746,132.5380482816266,0.9980160704457746,0.9980160704457746,132.5380482816266,0.994702104708229,0.7901199669094149,132.51451431688167,0.9922098152797532,0.4972828924978863,132.46805072515195
623.0,101,0.9980160704457746,0.9980160704457746,132.5380482816266,0.9980160704457746,0.9980160704457746,132.5380482816266,0.994702104708229,0.7901199669094149,132.51451431688167,0.9922098152797532,0.4972828924978863,132.46805072515195
624.0,102,0.9980160704457746,0.9980160704457746,132.5380482816266,0.9980160704457746,0.9980160704457746,132.5380482816266,0.994702104708229,0.7901199669094149,132.51451431688167,0.9922098152797532,0.4972828924978863,132.46805072515195
625.0,102,0.9980160704457746,0.9980160704457746,132.5380482816266,0.9980160704457746,0.9980160704457746,132.5380482816266,0.994702104708229,0.7901199669094149,132.51451431688167,0.9922098152797532,0.4972828924978863,132.46805072515195
626.0,102,0.9980160704457746,0.9980160704457746,132.5380482816266,0.9980160704457746,0.9980160704457746,132.5380482816266,0.994702104708229,0.7901199669094149,132.51451431688167,0.9922098152797532,0.4972828924978863,132.46805072515195
627.0,102,0.9980160704457746,0.9980160704457746,132.5380482816266,0.9980160704457746,0.9980160704457746,132.5380482816266,0.994702104708229,0.7901199669094149,132.51451431688167,0.9922098152797532,0.4972828924978863,132.46805072515195
628.0,102,0.9980160704457746,0.9980160704457746,132.5380482816266,0.9980160704457746,0.9980160704457746,132.5380482816266,0.994702104708229,0.7901199669094149,132.51451431688167,0.9922098152797532,0.4972828924978863,132.46805072515195
629.0,103,0.9980160704457746,0.9980160704457746,132.5380482816266,0.9980160704457746,0.9980160704457746,132.5380482816266,0.994702104708229,0.7901199669094149,132.51451431688167,0.9922098152797532,0.4972828924978863,132.46805072515195
630.0,103,0.9980160704457746,0.9980160704457746,132.5380482816266,0.9980160704457746,0.9980160704457746,132.5380482816266,0.994702104708229,0.7901199669094149,132.51451431688167,0.9922098152797532,0.4972828924978863,132.46805072515195
631.0,103,0.9980160704457746,0.9980160704457746,132.5380482816266,0.9980160704457746,0.9980160704457746,132.5380482816266,0.994702104708229,0.7901199669094149,132.51451431688167,0.9922098152797532,0.4972828924978863,132.46805072515195
632.0,103,0.9980160704457746,0.9980160704457746,132.5380482816266,0.9980160704457746,0.9980160704457746,132.5380482816266,0.994702104708229,0.7901199669094149,132.51451431688167,0.9922098152797532,0.4972828924978863,132.46805072515195
633.0,103,0.9980160704457746,0.9980160704457746,132.5380482816266,0.9980160704457746,0.9980160704457746,132.5380482816266,0.994702104708229,0.7901199669094149,132.51451431688167,0.9922098152797532,0.4972828924978863,132.46805072515195
634.0,104,0.9980160704457746,0.9980160704457746,132.5380482816266,0.9980160704457746,0.9980160704457746,132.5380482816266,0.994702104708229,0.7901199669094149,132.51451431688167,0.9922098152797532,0.4972828924978863,132.46805072515195
635.0,104,0.9980160704457746,0.9980160704457746,132.5380482816266,0.9980160704457746,0.9980160704457746,132.5380482816266,0.994702104708229,0.7901199669094149,132.51451431688167,0.9922098152797532,0.4972828924978863,132.46805072515195
636.0,104,0.9980160704457746,0.9980160704457746,132.5380482816266,0.9980160704457746,0.9980160704457746,132.5380482816266,0.994702104708229,0.7901199669094149,132.51451431688167,0.9922098152797532,0.4972828924978863,132.46805072515195
637.0,104,0.9980160704457746,0.9980160704457746,132.5380482816266,0.9980160704457746,0.9980160704457746,132.5380482816266,0.994702104708229,0.7901199669094149,132.51451431688167,0.9922098152797532,0.4972828924978863,132.46805072515195
638.0,104,0.9980160704457746,0.9980160704457746,132.5380482816266,0.9980160704457746,0.9980160704457746,132.5380482816266,0.994702104708229,0.7901199669094149,132.51451431688167,0.9922098152797532,0.4972828924978863,132.46805072515195
639.0,105,0.9980160704457746,0.9980160704457746,132.5380482816266,0.9980160704457746,0.9980160704457746,132.5380482816266,0.994702104708229,0.7901199669094149,132.51451431688167,0.9922098152797532,0.4972828924978863,132.46805072515195
640.0,105,0.9980160704457746,0.9980160704457746,132.5380482816266,0.9980160704457746,0.9980160704457746,132.5380482816266,0.994702104708229,0.7901199669094149,132.51451431688167,0.9922098152797532,0.4972828924978863,132.46805072515195
641.0,105,0.9980160704457746,0.9980160704457746,132.5380482816266,0.9980160704457746,0.9980160704457746,132.5380482816266,0.994702104708229,0.7901199669094149,132.51451431688167,0.9922098152797532,0.4972828924978863,132.46805072515195
642.0,105,0.9980160704457746,0.9980160704457746,132.5380482816266,0.9980160704457746,0.9980160704457746,132.5380482816266,0.994702104708229,0.7901199669094149,132.51451431688167,0.9922098152797532,0.4972828924978863,132.46805072515195
643.0,105,0.9980160704457746,0.9980160704457746,132.5380482816266,0.9980160704457746,0.9980160704457746,132.5380482816266,0.994702104708229,0.7901199669094149,132.51451431688167,0.9922098152797532,0.4972828924978863,132.46805072515195
644.0,106,0.9980160704457746,0.9980160704457746,132.5380482816266,0.9980160704457746,0.9980160704457746,132.5380482816266,0.994702104708229,0.7901199669094149,132.51451431688167,0.9922098152797532,0.4972828924978863,132.46805072515195
645.0,106,0.9980160704457746,0.9980160704457746,132.5380482816266,0.9980160704457746,0.9980160704457746,132.5380482816266,0.994702104708229,0.7901199669094149,132.51451431688167,0.9922098152797532,0.4972828924978863,132.46805072515195
646.0,106,0.9980160704457746,0.9980160704457746,132.5380482816266,0.9980160704457746,0.9980160704457746,132.5380482816266,0.994702104708229,0.7901199669094149,132.51451431688167,0.9922098152797532,0.4972828924978863,132.46805072515195
647.0,106,0.9980160704457746,0.9980160704457746,132.5380482816266,0.9980160704457746,0.9980160704457746,132.5380482816266,0.994702104708229,0.7901199669094149,132.51451431688167,0.9922098152797532,0.4972828924978863,132.46805072515195
648.0,106,0.9980160704457746,0.9980160704457746,132.5380482816266,0.9980160704457746,0.9980160704457746,132.5380482816266,0.994702104708229,0.7901199669094149,132.51451431688167,0.9922098152797532,0.4972828924978863,132.46805072515195
649.0,107,0.9980160704457746,0.9980160704457746,132.5380482816266,0.9980160704457746,0.9980160704457746,132.5380482816266,0.994702104708229,0.7901199669094149,132.51451431688167,0.9922098152797532,0.4972828924978863,132.46805072515195
650.0,107,0.9980160704457746,0.9980160704457746,132.5380482816266,0.9980160704457746,0.9980160704457746,132.5380482816266,0.994702104708229,0.7901199669094149,132.51451431688167,0.9922098152797532,0.4972828924978863,132.46805072515195
651.0,107,0.9980160704457746,0.9980160704457746,132.5380482816266,0.9980160704457746,0.9980160704457746,132.5380482816266,0.994702104708229,0.7901199669094149,132.51451431688167,0.9922098152797532,0.4972828924978863,132.46805072515195
652.0,107,0.9980160704457746,0.9980160704457746,132.5380482816266,0.9980160704457746,0.9980160704457746,132.5380482816266,0.994702104708229,0.7901199669094149,132.51451431688167,0.9922098152797532,0.4972828924978863,132.46805072515195
653.0,107,0.9980160704457746,0.9980160704457746,132.5380482816266,0.9980160704457746,0.9980160704457746,132.5380482816266,0.994702104708229,0.7901199669094149,132.51451431688167,0.9922098152797532,0.4972828924978863,132.46805072515195
654.0,108,0.9980160704457746,0.9980160704457746,132.5380482816266,0.9980160704457746,0.9980160704457746,132.5380482816266,0.994702104708229,0.7901199669094149,132.51451431688167,0.9922098152797532,0.4972828924978863,132.46805072515195
655.0,108,0.9980160704457746,0.9980160704457746,132.5380482816266,0.9980160704457746,0.9980160704457746,132.5380482816266,0.994702104708229,0.7901199669094149,132.51451431688167,0.9922098152797532,0.4972828924978863,132.46805072515195
656.0,108,0.9980160704457746,0.9980160704457746,132.5380482816266,0.9980160704457746,0.9980160704457746,132.5380482816266,0.994702104708229,0.7901199669094149,132.51451431688167,0.9922098152797532,0.4972828924978863,132.46805072515195
657.0,108,0.9980160704457746,0.9980160704457746,132.5380482816266,0.9980160704457746,0.9980160704457746,132.5380482816266,0.994702104708229,0.7901199669094149,132.51451431688167,0.9922098152797532,0.4972828924978863,132.46805072515195
658.0,108,0.9980160704457746,0.9980160704457746,132.5380482816266,0.9980160704457746,0.9980160704457746,132.5380482816266,0.994702104708229,0.7901199669094149,132.51451431688167,0.9922098152797532,0.4972828924978863,132.46805072515195
659.0,109,0.9980160704457746,0.9980160704457746,132.5380482816266,0.9980160704457746,0.9980160704457746,132.5380482816266,0.994702104708229,0.7901199669094149,132.51451431688167,0.9922098152797532,0.4972828924978863,132.46805072515195
660.0,109,0.9980160704457746,0.9980160704457746,132.5380482816266,0.9980160704457746,0.9980160704457746,132.5380482816266,0.994702104708229,0.7901199669094149,132.51451431688167,0.9922098152797532,0.4972828924978863,132.46805072515195
661.0,109,0.9980160704457746,0.9980160704457746,132.5380482816266,0.9980160704457746,0.9980160704457746,132.5380482816266,0.994702104708229,0.7901199669094149,132.51451431688167,0.9922098152797532,0.4972828924978863,132.46805072515195
662.0,109,0.9980160704457746,0.9980160704457746,132.5380482816266,0.9980160704457746,0.9980160704457746,132.5380482816266,0.994702104708229,0.7901199669094149,132.51451431688167,0.9922098152797532,0.4972828924978863,132.46805072515195
663.0,109,0.9980160704457746,0.9980160704457746,132.5380482816266,0.9980160704457746,0.9980160704457746,132.5380482816266,0.994702104708229,0.7901199669094149,132.51451431688167,0.9922098152797532,0.4972828924978863,132.46805072515195
664.0,110,0.9980160704457746,0.9980160704457746,132.5380482816266,0.9980160704457746,0.9980160704457746,132.5380482816266,0.994702104708229,0.7901199669094149,132.51451431688167,0.9922098152797532,0.4972828924978863,132.46805072515195
665.0,110,0.9980160704457746,0.9980160704457746,132.5380482816266,0.9980160704457746,0.9980160704457746,132.5380482816266,0.994702104708229,0.7901199669094149,132.51451431688167,0.9922098152797532,0.4972828924978863,132.46805072515195
666.0,110,0.9980160704457746,0.9980160704457746,132.5380482816266,0.9980160704457746,0.9980160704457746,132.5380482816266,0.994702104708229,0.7901199669094149,132.51451431688167,0.9922098152797532,0.4972828924978863,132.46805072515195
667.0,110,0.9980160704457746,0.9980160704457746,132.5380482816266,0.9980160704457746,0.9980160704457746,132.5380482816266,0.994702104708229,0.7901199669094149,132.51451431688167,0.9922098152797532,0.4972828924978863,132.46805072515195
668.0,110,0.9980160704457746,0.9980160704457746,132.5380482816266,0.9980160704457746,0.9980160704457746,132.5380482816266,0.994702104708229,0.7901199669094149,132.51451431688167,0.9922098152797532,0.4972828924978863,132.46805072515195
669.0,111,0.9980160704457746,0.9980160704457746,132.5380482816266,0.9980160704457746,0.9980160704457746,132.5380482816266,0.994702104708229,0.7901199669094149,132.51451431688167,0.9922098152797532,0.4972828924978863,132.46805072515195
670.0,111,0.9980160704457746,0.9980160704457746,132.5380482816266,0.9980160704457746,0.9980160704457746,132.5380482816266,0.994702104708229,0.7901199669094149,132.51451431688167,0.9922098152797532,0.4972828924978863,132.46805072515195
671.0,111,0.9980160704457746,0.9980160704457746,132.5380482816266,0.9980160704457746,0.9980160704457746,132.5380482816266,0.994702104708229,0.7901199669094149,132.51451431688167,0.9922098152797532,0.4972828924978863,132.46805072515195
672.0,111,0.9980160704457746,0.9980160704457746,132.5380482816266,0.9980160704457746,0.9980160704457746,132.5380482816266,0.994702104708229,0.7901199669094149,132.51451431688167,0.9922098152797532,0.4972828924978863,132.46805072515195
673.0,111,0.9980160704457746,0.9980160704457746,132.5380482816266,0.9980160704457746,0.9980160704457746,132.5380482816266,0.994702104708229,0.7901199669094149,132.51451431688167,0.9922098152797532,0.4972828924978863,132.46805072515195
674.0,112,0.9980160704457746,0.9980160704457746,132.5380482816266,0.9980160704457746,0.9980160704457746,132.5380482816266,0.994702104708229,0.7901199669094149,132.51451431688167,0.9922098152797532,0.4972828924978863,132.46805072515195
675.0,112,0.9980160704457746,0.9980160704457746,132.5380482816266,0.9980160704457746,0.9980160704457746,132.5380482816266,0.994702104708229,0.7901199669094149,132.51451431688167,0.9922098152797532,0.4972828924978863,132.46805072515195
676.0,112,0.9980160704457746,0.9980160704457746,132.5380482816266,0.9980160704457746,0.9980160704457746,132.5380482816266,0.994702104708229,0.7901199669094149,132.51451431688167,0.9922098152797532,0.4972828924978863,132.46805072515195
677.0,112,0.9980160704457746,0.9980160704457746,132.5380482816266,0.9980160704457746,0.9980160704457746,132.5380482816266,0.994702104708229,0.7901199669094149,132.51451431688167,0.9922098152797532,0.4972828924978863,132.46805072515195
678.0,112,0.9980160704457746,0.9980160704457746,132.5380482816266,0.9980160704457746,0.9980160704457746,132.5380482816266,0.994702104708229,0.7901199669094149,132.51451431688167,0.9922098152797532,0.4972828924978863,132.46805072515195
679.0,113,0.9980160704457746,0.9980160704457746,132.5380482816266,0.9980160704457746,0.9980160704457746,132.5380482816266,0.994702104708229,0.7901199669094149,132.51451431688167,0.9922098152797532,0.4972828924978863,132.46805072515195
680.0,113,0.9980160704457746,0.9980160704457746,132.5380482816266,0.9980160704457746,0.9980160704457746,132.5380482816266,0.994702104708229,0.7901199669094149,132.51451431688167,0.9922098152797532,0.4972828924978863,132.46805072515195
681.0,113,0.9980160704457746,0.9980160704457746,132.5380482816266,0.9980160704457746,0.9980160704457746,132.5380482816266,0.994702104708229,0.7901199669094149,132.51451431688167,0.9922098152797532,0.4972828924978863,132.46805072515195
682.0,113,0.9980160704457746,0.9980160704457746,132.5380482816266,0.9980160704457746,0.9980160704457746,132.5380482816266,0.994702104708229,0.7901199669094149,132.51451431688167,0.9922098152797532,0.4972828924978863,132.46805072515195
683.0,113,0.9980160704457746,0.9980160704457746,132.5380482816266,0.9980160704457746,0.9980160704457746,132.5380482816266,0.994702104708229,0.7901199669094149,132.51451431688167,0.9922098152797532,0.4972828924978863,132.46805072515195
684.0,114,0.9980160704457746,0.9980160704457746,132.5380482816266,0.9980160704457746,0.9980160704457746,132.5380482816266,0.994702104708229,0.7901199669094149,132.51451431688167,0.9922098152797532,0.4972828924978863,132.46805072515195
685.0,114,0.9980160704457746,0.9980160704457746,132.5380482816266,0.9980160704457746,0.9980160704457746,132.5380482816266,0.994702104708229,0.7901199669094149,132.51451431688167,0.9922098152797532,0.4972828924978863,132.46805072515195
686.0,114,0.9980160704457746,0.9980160704457746,132.5380482816266,0.9980160704457746,0.9980160704457746,132.5380482816266,0.994702104708229,0.7901199669094149,132.51451431688167,0.9922098152797532,0.4972828924978863,132.46805072515195
687.0,114,0.9980160704457746,0.9980160704457746,132.5380482816266,0.9980160704457746,0.9980160704457746,132.5380482816266,0.994702104708229,0.7901199669094149,132.51451431688167,0.9922098152797532,0.4972828924978863,132.46805072515195
688.0,114,0.9980160704457746,0.9980160704457746,132.5380482816266,0.9980160704457746,0.9980160704457746,132.5380482816266,0.994702104708229,0.7901199669094149,132.51451431688167,0.9922098152797532,0.4972828924978863,132.46805072515195
689.0,115,0.9980160704457746,0.9980160704457746,132.5380482816266,0.9980160704457746,0.9980160704457746,132.5380482816266,0.994702104708229,0.7901199669094149,132.51451431688167,0.9922098152797532,0.4972828924978863,132.46805072515195
690.0,115,0.9980160704457746,0.9980160704457746,132.5380482816266,0.9980160704457746,0.9980160704457746,132.5380482816266,0.994702104708229,0.7901199669094149,132.51451431688167,0.9922098152797532,0.4972828924978863,132.46805072515195
691.0,115,0.9980160704457746,0.9980160704457746,132.5380482816266,0.9980160704457746,0.9980160704457746,132.5380482816266,0.994702104708229,0.7901199669094149,132.51451431688167,0.9922098152797532,0.4972828924978863,132.46805072515195
692.0,115,0.9980160704457746,0.9980160704457746,132.5380482816266,0.9980160704457746,0.9980160704457746,132.5380482816266,0.994702104708229,0.7901199669094149,132.51451431688167,0.9922098152797532,0.4972828924978863,132.46805072515195
693.0,115,0.9980160704457746,0.9980160704457746,132.5380482816266,0.9980160704457746,0.9980160704457746,132.5380482816266,0.994702104708229,0.7901199669094149,132.51451431688167,0.9922098152797532,0.4972828924978863,132.46805072515195
694.0,116,0.9980160704457746,0.9980160704457746,132.5380482816266,0.9980160704457746,0.9980160704457746,132.5380482816266,0.994702104708229,0.7901199669094149,132.51451431688167,0.9922098152797532,0.4972828924978863,132.46805072515195
695.0,116,0.9980160704457746,0.9980160704457746,132.5380482816266,0.9980160704457746,0.9980160704457746,132.5380482816266,0.994702104708229,0.7901199669094149,132.51451431688167,0.9922098152797532,0.4972828924978863,132.46805072515195
696.0,116,0.9980160704457746,0.9980160704457746,132.5380482816266,0.9980160704457746,0.9980160704457746,132.5380482816266,0.994702104708229,0.7901199669094149,132.51451431688167,0.9922098152797532,0.4972828924978863,132.46805072515195
697.0,116,0.9980160704457746,0.9980160704457746,132.5380482816266,0.9980160704457746,0.9980160704457746,132.5380482816266,0.994702104708229,0.7901199669094149,132.51451431688167,0.9922098152797532,0.4972828924978863,132.46805072515195
698.0,116,0.9980160704457746,0.9980160704457746,132.5380482816266,0.9980160704457746,0.9980160704457746,132.5380482816266,0.994702104708229,0.7901199669094149,132.51451431688167,0.9922098152797532,0.4972828924978863,132.46805072515195
699.0,117,0.9980160704457746,0.9980160704457746,132.5380482816266,0.9980160704457746,0.9980160704457746,132.5380482816266,0.994702104708229,0.7901199669094149,132.51451431688167,0.9922098152797532,0.4972828924978863,132.46805072515195
700.0,117,0.9980160704457746,0.9980160704457746,132.5380482816266,0.9980160704457746,0.9980160704457746,132.5380482816266,0.994702104708229,0.7901199669094149,132.51451431688167,0.9922098152797532,0.4972828924978863,132.46805072515195
