campaign_seed,pass_slot,interval_index,interval_seconds,classification,original_candidate_floor_violation_count,current_load_serviceability_mismatch_present,selected_expanded_local_action,selected_external_per_user,selected_mutable_sector_count
44001,0,0,5,FIXED_Q_FIXED_BEAM_JOINT_GLOBAL_INFEASIBLE,3,False,NONE,,
44001,0,1,5,FIXED_Q_FIXED_BEAM_JOINT_GLOBAL_INFEASIBLE,3,False,NONE,,
44001,0,2,5,FIXED_Q_FIXED_BEAM_JOINT_GLOBAL_INFEASIBLE,3,False,NONE,,
44001,0,3,5,FIXED_Q_FIXED_BEAM_JOINT_GLOBAL_INFEASIBLE,3,False,NONE,,
44001,0,4,5,FIXED_Q_FIXED_BEAM_JOINT_GLOBAL_INFEASIBLE,3,False,NONE,,
44001,0,5,5,FIXED_Q_FIXED_BEAM_JOINT_GLOBAL_INFEASIBLE,3,False,NONE,,
44001,0,6,5,FIXED_Q_FIXED_BEAM_JOINT_GLOBAL_INFEASIBLE,3,False,NONE,,
44001,0,7,5,FIXED_Q_FIXED_BEAM_JOINT_GLOBAL_INFEASIBLE,3,False,NONE,,
44001,0,8,5,FIXED_Q_FIXED_BEAM_JOINT_GLOBAL_INFEASIBLE,3,False,NONE,,
44001,0,9,5,FIXED_Q_FIXED_BEAM_JOINT_GLOBAL_INFEASIBLE,3,False,NONE,,
44001,0,10,5,FIXED_Q_FIXED_BEAM_JOINT_GLOBAL_INFEASIBLE,3,False,NONE,,
44001,0,11,5,FIXED_Q_FIXED_BEAM_JOINT_GLOBAL_INFEASIBLE,3,False,NONE,,
44001,0,12,5,FIXED_Q_FIXED_BEAM_JOINT_GLOBAL_INFEASIBLE,3,False,NONE,,
44001,0,13,5,FIXED_Q_FIXED_BEAM_JOINT_GLOBAL_INFEASIBLE,3,False,NONE,,
44001,0,14,5,FIXED_Q_FIXED_BEAM_JOINT_GLOBAL_INFEASIBLE,3,False,NONE,,
44001,0,15,5,FIXED_Q_FIXED_BEAM_JOINT_GLOBAL_INFEASIBLE,3,False,NONE,,
44001,0,16,5,FIXED_Q_FIXED_BEAM_JOINT_GLOBAL_INFEASIBLE,3,False,NONE,,
44001,0,17,5,FIXED_Q_FIXED_BEAM_JOINT_GLOBAL_INFEASIBLE,3,False,NONE,,
44001,0,18,5,FIXED_Q_FIXED_BEAM_JOINT_GLOBAL_INFEASIBLE,3,False,NONE,,
44001,0,19,5,FIXED_Q_FIXED_BEAM_JOINT_GLOBAL_INFEASIBLE,3,False,NONE,,
44001,0,40,5,FIXED_Q_FIXED_BEAM_JOINT_GLOBAL_INFEASIBLE,1,False,NONE,,
44001,0,41,5,FIXED_Q_FIXED_BEAM_JOINT_GLOBAL_INFEASIBLE,1,False,NONE,,
44001,0,42,5,FIXED_Q_FIXED_BEAM_JOINT_GLOBAL_INFEASIBLE,1,False,NONE,,
44001,0,43,5,FIXED_Q_FIXED_BEAM_JOINT_GLOBAL_INFEASIBLE,1,False,NONE,,
44001,0,44,5,FIXED_Q_FIXED_BEAM_JOINT_GLOBAL_INFEASIBLE,1,False,NONE,,
44001,0,45,5,FIXED_Q_FIXED_BEAM_JOINT_GLOBAL_INFEASIBLE,1,False,NONE,,
44001,0,46,5,FIXED_Q_FIXED_BEAM_JOINT_GLOBAL_INFEASIBLE,1,False,NONE,,
44001,0,47,5,FIXED_Q_FIXED_BEAM_JOINT_GLOBAL_INFEASIBLE,1,False,NONE,,
44001,0,48,5,FIXED_Q_FIXED_BEAM_JOINT_GLOBAL_INFEASIBLE,1,False,NONE,,
44001,0,49,5,FIXED_Q_FIXED_BEAM_JOINT_GLOBAL_INFEASIBLE,1,False,NONE,,
44001,0,50,5,FIXED_Q_FIXED_BEAM_JOINT_GLOBAL_INFEASIBLE,1,False,NONE,,
44001,0,51,5,FIXED_Q_FIXED_BEAM_JOINT_GLOBAL_INFEASIBLE,1,False,NONE,,
44001,0,52,5,FIXED_Q_FIXED_BEAM_JOINT_GLOBAL_INFEASIBLE,1,False,NONE,,
44001,0,53,5,FIXED_Q_FIXED_BEAM_JOINT_GLOBAL_INFEASIBLE,1,False,NONE,,
44001,0,54,5,FIXED_Q_FIXED_BEAM_JOINT_GLOBAL_INFEASIBLE,1,False,NONE,,
44001,0,55,5,FIXED_Q_FIXED_BEAM_JOINT_GLOBAL_INFEASIBLE,1,False,NONE,,
44001,0,56,5,FIXED_Q_FIXED_BEAM_JOINT_GLOBAL_INFEASIBLE,2,False,NONE,,
44001,0,57,5,FIXED_Q_FIXED_BEAM_JOINT_GLOBAL_INFEASIBLE,2,False,NONE,,
44001,0,58,5,FIXED_Q_FIXED_BEAM_JOINT_GLOBAL_INFEASIBLE,2,False,NONE,,
44001,0,59,5,FIXED_Q_FIXED_BEAM_JOINT_GLOBAL_INFEASIBLE,2,False,NONE,,
44001,1,0,5,FIXED_Q_FIXED_BEAM_JOINT_GLOBAL_INFEASIBLE,2,False,NONE,,
44001,1,1,5,FIXED_Q_FIXED_BEAM_JOINT_GLOBAL_INFEASIBLE,2,False,NONE,,
44001,1,2,5,FIXED_Q_FIXED_BEAM_JOINT_GLOBAL_INFEASIBLE,2,False,NONE,,
44001,1,3,5,FIXED_Q_FIXED_BEAM_JOINT_GLOBAL_INFEASIBLE,2,False,NONE,,
44001,1,4,5,FIXED_Q_FIXED_BEAM_JOINT_GLOBAL_INFEASIBLE,2,False,NONE,,
44001,1,5,5,FIXED_Q_FIXED_BEAM_JOINT_GLOBAL_INFEASIBLE,2,False,NONE,,
44001,1,6,5,FIXED_Q_FIXED_BEAM_JOINT_GLOBAL_INFEASIBLE,2,False,NONE,,
44001,1,7,5,FIXED_Q_FIXED_BEAM_JOINT_GLOBAL_INFEASIBLE,2,False,NONE,,
44001,1,8,5,FIXED_Q_FIXED_BEAM_JOINT_GLOBAL_INFEASIBLE,2,False,NONE,,
44001,1,9,5,FIXED_Q_FIXED_BEAM_JOINT_GLOBAL_INFEASIBLE,2,False,NONE,,
44001,1,10,5,FIXED_Q_FIXED_BEAM_JOINT_GLOBAL_INFEASIBLE,2,False,NONE,,
44001,1,11,5,FIXED_Q_FIXED_BEAM_JOINT_GLOBAL_INFEASIBLE,2,False,NONE,,
44001,1,12,5,FIXED_Q_FIXED_BEAM_JOINT_GLOBAL_INFEASIBLE,2,False,NONE,,
44001,1,13,5,FIXED_Q_FIXED_BEAM_JOINT_GLOBAL_INFEASIBLE,2,False,NONE,,
44001,1,14,5,FIXED_Q_FIXED_BEAM_JOINT_GLOBAL_INFEASIBLE,2,False,NONE,,
44001,1,15,5,FIXED_Q_FIXED_BEAM_JOINT_GLOBAL_INFEASIBLE,2,False,NONE,,
44001,1,16,5,FIXED_Q_FIXED_BEAM_JOINT_GLOBAL_INFEASIBLE,2,False,NONE,,
44001,1,17,5,FIXED_Q_FIXED_BEAM_JOINT_GLOBAL_INFEASIBLE,2,False,NONE,,
44001,1,18,5,FIXED_Q_FIXED_BEAM_JOINT_GLOBAL_INFEASIBLE,2,False,NONE,,
44001,1,19,5,FIXED_Q_FIXED_BEAM_JOINT_GLOBAL_INFEASIBLE,2,False,NONE,,
44001,1,40,5,FIXED_Q_FIXED_BEAM_JOINT_GLOBAL_INFEASIBLE,1,False,NONE,,
44001,1,41,5,FIXED_Q_FIXED_BEAM_JOINT_GLOBAL_INFEASIBLE,1,False,NONE,,
44001,1,42,5,FIXED_Q_FIXED_BEAM_JOINT_GLOBAL_INFEASIBLE,1,False,NONE,,
44001,1,43,5,FIXED_Q_FIXED_BEAM_JOINT_GLOBAL_INFEASIBLE,1,False,NONE,,
44001,1,44,5,FIXED_Q_FIXED_BEAM_JOINT_GLOBAL_INFEASIBLE,1,False,NONE,,
44001,1,45,5,FIXED_Q_FIXED_BEAM_JOINT_GLOBAL_INFEASIBLE,1,False,NONE,,
44001,1,46,5,FIXED_Q_FIXED_BEAM_JOINT_GLOBAL_INFEASIBLE,1,False,NONE,,
44001,1,47,5,FIXED_Q_FIXED_BEAM_JOINT_GLOBAL_INFEASIBLE,1,False,NONE,,
44001,1,48,5,FIXED_Q_FIXED_BEAM_JOINT_GLOBAL_INFEASIBLE,1,False,NONE,,
44001,1,49,5,FIXED_Q_FIXED_BEAM_JOINT_GLOBAL_INFEASIBLE,1,False,NONE,,
44001,1,50,5,FIXED_Q_FIXED_BEAM_JOINT_GLOBAL_INFEASIBLE,1,False,NONE,,
44001,1,51,5,FIXED_Q_FIXED_BEAM_JOINT_GLOBAL_INFEASIBLE,1,False,NONE,,
44001,1,52,5,FIXED_Q_FIXED_BEAM_JOINT_GLOBAL_INFEASIBLE,1,False,NONE,,
44001,1,53,5,FIXED_Q_FIXED_BEAM_JOINT_GLOBAL_INFEASIBLE,2,False,NONE,,
44001,1,54,5,FIXED_Q_FIXED_BEAM_JOINT_GLOBAL_INFEASIBLE,2,False,NONE,,
44001,1,55,5,FIXED_Q_FIXED_BEAM_JOINT_GLOBAL_INFEASIBLE,2,False,NONE,,
44001,1,56,5,FIXED_Q_FIXED_BEAM_JOINT_GLOBAL_INFEASIBLE,2,False,NONE,,
44001,1,57,5,FIXED_Q_FIXED_BEAM_JOINT_GLOBAL_INFEASIBLE,2,False,NONE,,
44001,1,58,5,FIXED_Q_FIXED_BEAM_JOINT_GLOBAL_INFEASIBLE,2,False,NONE,,
44001,1,59,5,FIXED_Q_FIXED_BEAM_JOINT_GLOBAL_INFEASIBLE,2,False,NONE,,
44001,2,0,5,FIXED_Q_FIXED_BEAM_JOINT_GLOBAL_INFEASIBLE,1,False,NONE,,
44001,2,1,5,FIXED_Q_FIXED_BEAM_JOINT_GLOBAL_INFEASIBLE,1,False,NONE,,
44001,2,2,5,FIXED_Q_FIXED_BEAM_JOINT_GLOBAL_INFEASIBLE,1,False,NONE,,
44001,2,3,5,FIXED_Q_FIXED_BEAM_JOINT_GLOBAL_INFEASIBLE,1,False,NONE,,
44001,2,4,5,FIXED_Q_FIXED_BEAM_JOINT_GLOBAL_INFEASIBLE,1,False,NONE,,
44001,2,5,5,FIXED_Q_FIXED_BEAM_JOINT_GLOBAL_INFEASIBLE,1,False,NONE,,
44001,2,6,5,FIXED_Q_FIXED_BEAM_JOINT_GLOBAL_INFEASIBLE,1,False,NONE,,
44001,2,7,5,FIXED_Q_FIXED_BEAM_JOINT_GLOBAL_INFEASIBLE,1,False,NONE,,
44001,2,8,5,FIXED_Q_FIXED_BEAM_JOINT_GLOBAL_INFEASIBLE,1,False,NONE,,
44001,2,9,5,FIXED_Q_FIXED_BEAM_JOINT_GLOBAL_INFEASIBLE,1,False,NONE,,
44001,2,10,5,FIXED_Q_FIXED_BEAM_JOINT_GLOBAL_INFEASIBLE,1,False,NONE,,
44001,2,11,5,FIXED_Q_FIXED_BEAM_JOINT_GLOBAL_INFEASIBLE,1,False,NONE,,
44001,2,12,5,FIXED_Q_FIXED_BEAM_JOINT_GLOBAL_INFEASIBLE,1,False,NONE,,
44001,2,13,5,FIXED_Q_FIXED_BEAM_JOINT_GLOBAL_INFEASIBLE,1,False,NONE,,
44001,2,14,5,FIXED_Q_FIXED_BEAM_JOINT_GLOBAL_INFEASIBLE,1,False,NONE,,
44001,2,15,5,FIXED_Q_FIXED_BEAM_JOINT_GLOBAL_INFEASIBLE,1,False,NONE,,
44001,2,16,5,FIXED_Q_FIXED_BEAM_JOINT_GLOBAL_INFEASIBLE,1,False,NONE,,
44001,2,17,5,FIXED_Q_FIXED_BEAM_JOINT_GLOBAL_INFEASIBLE,1,False,NONE,,
44001,2,18,5,FIXED_Q_FIXED_BEAM_JOINT_GLOBAL_INFEASIBLE,1,False,NONE,,
44001,2,19,5,FIXED_Q_FIXED_BEAM_JOINT_GLOBAL_INFEASIBLE,1,False,NONE,,
44001,2,40,5,FIXED_Q_FIXED_BEAM_JOINT_GLOBAL_INFEASIBLE,2,False,NONE,,
44001,2,41,5,FIXED_Q_FIXED_BEAM_JOINT_GLOBAL_INFEASIBLE,2,False,NONE,,
44001,2,42,5,FIXED_Q_FIXED_BEAM_JOINT_GLOBAL_INFEASIBLE,2,False,NONE,,
44001,2,43,5,FIXED_Q_FIXED_BEAM_JOINT_GLOBAL_INFEASIBLE,2,False,NONE,,
44001,2,44,5,FIXED_Q_FIXED_BEAM_JOINT_GLOBAL_INFEASIBLE,2,False,NONE,,
44001,2,45,5,FIXED_Q_FIXED_BEAM_JOINT_GLOBAL_INFEASIBLE,2,False,NONE,,
44001,2,46,5,FIXED_Q_FIXED_BEAM_JOINT_GLOBAL_INFEASIBLE,2,False,NONE,,
44001,2,47,5,FIXED_Q_FIXED_BEAM_JOINT_GLOBAL_INFEASIBLE,2,False,NONE,,
44001,2,48,5,FIXED_Q_FIXED_BEAM_JOINT_GLOBAL_INFEASIBLE,2,False,NONE,,
44001,2,49,5,FIXED_Q_FIXED_BEAM_JOINT_GLOBAL_INFEASIBLE,2,False,NONE,,
44001,2,50,5,FIXED_Q_FIXED_BEAM_JOINT_GLOBAL_INFEASIBLE,2,False,NONE,,
44001,2,51,5,FIXED_Q_FIXED_BEAM_JOINT_GLOBAL_INFEASIBLE,2,False,NONE,,
44001,2,52,5,FIXED_Q_FIXED_BEAM_JOINT_GLOBAL_INFEASIBLE,2,False,NONE,,
44001,2,53,5,FIXED_Q_FIXED_BEAM_JOINT_GLOBAL_INFEASIBLE,2,False,NONE,,
44001,2,54,5,FIXED_Q_FIXED_BEAM_JOINT_GLOBAL_INFEASIBLE,2,False,NONE,,
44001,2,55,5,FIXED_Q_FIXED_BEAM_JOINT_GLOBAL_INFEASIBLE,2,False,NONE,,
44001,2,56,5,FIXED_Q_FIXED_BEAM_JOINT_GLOBAL_INFEASIBLE,2,False,NONE,,
44001,2,57,5,FIXED_Q_FIXED_BEAM_JOINT_GLOBAL_INFEASIBLE,2,False,NONE,,
44001,2,58,5,FIXED_Q_FIXED_BEAM_JOINT_GLOBAL_INFEASIBLE,2,False,NONE,,
44001,2,59,5,FIXED_Q_FIXED_BEAM_JOINT_GLOBAL_INFEASIBLE,2,False,NONE,,
44001,3,0,5,FIXED_Q_FIXED_BEAM_JOINT_GLOBAL_INFEASIBLE,1,False,NONE,,
44001,3,1,5,FIXED_Q_FIXED_BEAM_JOINT_GLOBAL_INFEASIBLE,1,False,NONE,,
44001,3,2,5,FIXED_Q_FIXED_BEAM_JOINT_GLOBAL_INFEASIBLE,1,False,NONE,,
44001,3,3,5,FIXED_Q_FIXED_BEAM_JOINT_GLOBAL_INFEASIBLE,1,False,NONE,,
44001,3,4,5,FIXED_Q_FIXED_BEAM_JOINT_GLOBAL_INFEASIBLE,1,False,NONE,,
44001,3,5,5,FIXED_Q_FIXED_BEAM_JOINT_GLOBAL_INFEASIBLE,1,False,NONE,,
44001,3,6,5,FIXED_Q_FIXED_BEAM_JOINT_GLOBAL_INFEASIBLE,1,False,NONE,,
44001,3,7,5,FIXED_Q_FIXED_BEAM_JOINT_GLOBAL_INFEASIBLE,1,False,NONE,,
44001,3,8,5,FIXED_Q_FIXED_BEAM_JOINT_GLOBAL_INFEASIBLE,1,False,NONE,,
44001,3,9,5,FIXED_Q_FIXED_BEAM_JOINT_GLOBAL_INFEASIBLE,1,False,NONE,,
44001,3,10,5,FIXED_Q_FIXED_BEAM_JOINT_GLOBAL_INFEASIBLE,1,False,NONE,,
44001,3,11,5,FIXED_Q_FIXED_BEAM_JOINT_GLOBAL_INFEASIBLE,1,False,NONE,,
44001,3,12,5,FIXED_Q_FIXED_BEAM_JOINT_GLOBAL_INFEASIBLE,1,False,NONE,,
44001,3,13,5,FIXED_Q_FIXED_BEAM_JOINT_GLOBAL_INFEASIBLE,1,False,NONE,,
44001,3,14,5,FIXED_Q_FIXED_BEAM_JOINT_GLOBAL_INFEASIBLE,1,False,NONE,,
44001,3,15,5,FIXED_Q_FIXED_BEAM_JOINT_GLOBAL_INFEASIBLE,1,False,NONE,,
44001,3,16,5,FIXED_Q_FIXED_BEAM_JOINT_GLOBAL_INFEASIBLE,1,False,NONE,,
44001,3,17,5,FIXED_Q_FIXED_BEAM_JOINT_GLOBAL_INFEASIBLE,1,False,NONE,,
44001,3,18,5,FIXED_Q_FIXED_BEAM_JOINT_GLOBAL_INFEASIBLE,1,False,NONE,,
44001,3,19,5,FIXED_Q_FIXED_BEAM_JOINT_GLOBAL_INFEASIBLE,1,False,NONE,,
44001,3,40,5,FIXED_Q_FIXED_BEAM_JOINT_GLOBAL_INFEASIBLE,1,False,NONE,,
44001,3,41,5,FIXED_Q_FIXED_BEAM_JOINT_GLOBAL_INFEASIBLE,1,False,NONE,,
44001,3,42,5,FIXED_Q_FIXED_BEAM_JOINT_GLOBAL_INFEASIBLE,1,False,NONE,,
44001,3,43,5,FIXED_Q_FIXED_BEAM_JOINT_GLOBAL_INFEASIBLE,1,False,NONE,,
44001,3,44,5,FIXED_Q_FIXED_BEAM_JOINT_GLOBAL_INFEASIBLE,2,False,NONE,,
44001,3,45,5,FIXED_Q_FIXED_BEAM_JOINT_GLOBAL_INFEASIBLE,2,False,NONE,,
44001,3,46,5,FIXED_Q_FIXED_BEAM_JOINT_GLOBAL_INFEASIBLE,2,False,NONE,,
44001,3,47,5,FIXED_Q_FIXED_BEAM_JOINT_GLOBAL_INFEASIBLE,2,False,NONE,,
44001,3,48,5,FIXED_Q_FIXED_BEAM_JOINT_GLOBAL_INFEASIBLE,2,False,NONE,,
44001,3,49,5,FIXED_Q_FIXED_BEAM_JOINT_GLOBAL_INFEASIBLE,2,False,NONE,,
44001,3,50,5,FIXED_Q_FIXED_BEAM_JOINT_GLOBAL_INFEASIBLE,2,False,NONE,,
44001,3,51,5,FIXED_Q_FIXED_BEAM_JOINT_GLOBAL_INFEASIBLE,2,False,NONE,,
44001,3,52,5,FIXED_Q_FIXED_BEAM_JOINT_GLOBAL_INFEASIBLE,2,False,NONE,,
44001,3,53,5,FIXED_Q_FIXED_BEAM_JOINT_GLOBAL_INFEASIBLE,2,False,NONE,,
44001,3,54,5,FIXED_Q_FIXED_BEAM_JOINT_GLOBAL_INFEASIBLE,2,False,NONE,,
44001,3,55,5,FIXED_Q_FIXED_BEAM_JOINT_GLOBAL_INFEASIBLE,2,False,NONE,,
44001,3,56,5,FIXED_Q_FIXED_BEAM_JOINT_GLOBAL_INFEASIBLE,2,False,NONE,,
44001,3,57,5,FIXED_Q_FIXED_BEAM_JOINT_GLOBAL_INFEASIBLE,2,False,NONE,,
44001,3,58,5,FIXED_Q_FIXED_BEAM_JOINT_GLOBAL_INFEASIBLE,2,False,NONE,,
44001,3,59,5,FIXED_Q_FIXED_BEAM_JOINT_GLOBAL_INFEASIBLE,2,False,NONE,,
44001,4,0,5,FIXED_Q_FIXED_BEAM_JOINT_GLOBAL_INFEASIBLE,1,False,NONE,,
44001,4,1,5,FIXED_Q_FIXED_BEAM_JOINT_GLOBAL_INFEASIBLE,1,False,NONE,,
44001,4,2,5,FIXED_Q_FIXED_BEAM_JOINT_GLOBAL_INFEASIBLE,1,False,NONE,,
44001,4,3,5,FIXED_Q_FIXED_BEAM_JOINT_GLOBAL_INFEASIBLE,1,False,NONE,,
44001,4,4,5,FIXED_Q_FIXED_BEAM_JOINT_GLOBAL_INFEASIBLE,1,False,NONE,,
44001,4,5,5,FIXED_Q_FIXED_BEAM_JOINT_GLOBAL_INFEASIBLE,1,False,NONE,,
44001,4,6,5,FIXED_Q_FIXED_BEAM_JOINT_GLOBAL_INFEASIBLE,1,False,NONE,,
44001,4,7,5,FIXED_Q_FIXED_BEAM_JOINT_GLOBAL_INFEASIBLE,1,False,NONE,,
44001,4,8,5,FIXED_Q_FIXED_BEAM_JOINT_GLOBAL_INFEASIBLE,1,False,NONE,,
44001,4,9,5,FIXED_Q_FIXED_BEAM_JOINT_GLOBAL_INFEASIBLE,1,False,NONE,,
44001,4,10,5,FIXED_Q_FIXED_BEAM_JOINT_GLOBAL_INFEASIBLE,1,False,NONE,,
44001,4,11,5,FIXED_Q_FIXED_BEAM_JOINT_GLOBAL_INFEASIBLE,1,False,NONE,,
44001,4,12,5,FIXED_Q_FIXED_BEAM_JOINT_GLOBAL_INFEASIBLE,1,False,NONE,,
44001,4,13,5,FIXED_Q_FIXED_BEAM_JOINT_GLOBAL_INFEASIBLE,1,False,NONE,,
44001,4,14,5,FIXED_Q_FIXED_BEAM_JOINT_GLOBAL_INFEASIBLE,1,False,NONE,,
44001,4,15,5,FIXED_Q_FIXED_BEAM_JOINT_GLOBAL_INFEASIBLE,1,False,NONE,,
44001,4,16,5,FIXED_Q_FIXED_BEAM_JOINT_GLOBAL_INFEASIBLE,1,False,NONE,,
44001,4,17,5,FIXED_Q_FIXED_BEAM_JOINT_GLOBAL_INFEASIBLE,1,False,NONE,,
44001,4,18,5,FIXED_Q_FIXED_BEAM_JOINT_GLOBAL_INFEASIBLE,1,False,NONE,,
44001,4,19,5,FIXED_Q_FIXED_BEAM_JOINT_GLOBAL_INFEASIBLE,1,False,NONE,,
44001,4,40,5,FIXED_Q_FIXED_BEAM_JOINT_GLOBAL_INFEASIBLE,1,False,NONE,,
44001,4,41,5,FIXED_Q_FIXED_BEAM_JOINT_GLOBAL_INFEASIBLE,1,False,NONE,,
44001,4,42,5,FIXED_Q_FIXED_BEAM_JOINT_GLOBAL_INFEASIBLE,1,False,NONE,,
44001,4,43,5,FIXED_Q_FIXED_BEAM_JOINT_GLOBAL_INFEASIBLE,1,False,NONE,,
44001,4,44,5,FIXED_Q_FIXED_BEAM_JOINT_GLOBAL_INFEASIBLE,1,False,NONE,,
44001,4,45,5,FIXED_Q_FIXED_BEAM_JOINT_GLOBAL_INFEASIBLE,1,False,NONE,,
44001,4,46,5,FIXED_Q_FIXED_BEAM_JOINT_GLOBAL_INFEASIBLE,1,False,NONE,,
44001,4,47,5,FIXED_Q_FIXED_BEAM_JOINT_GLOBAL_INFEASIBLE,2,False,NONE,,
44001,4,48,5,FIXED_Q_FIXED_BEAM_JOINT_GLOBAL_INFEASIBLE,2,False,NONE,,
44001,4,49,5,FIXED_Q_FIXED_BEAM_JOINT_GLOBAL_INFEASIBLE,2,False,NONE,,
44001,4,50,5,FIXED_Q_FIXED_BEAM_JOINT_GLOBAL_INFEASIBLE,2,False,NONE,,
44001,4,51,5,FIXED_Q_FIXED_BEAM_JOINT_GLOBAL_INFEASIBLE,2,False,NONE,,
44001,4,52,5,FIXED_Q_FIXED_BEAM_JOINT_GLOBAL_INFEASIBLE,2,False,NONE,,
44001,4,53,5,FIXED_Q_FIXED_BEAM_JOINT_GLOBAL_INFEASIBLE,2,False,NONE,,
44001,4,54,5,FIXED_Q_FIXED_BEAM_JOINT_GLOBAL_INFEASIBLE,2,False,NONE,,
44001,4,55,5,FIXED_Q_FIXED_BEAM_JOINT_GLOBAL_INFEASIBLE,2,False,NONE,,
44001,4,56,5,FIXED_Q_FIXED_BEAM_JOINT_GLOBAL_INFEASIBLE,2,False,NONE,,
44001,4,57,5,FIXED_Q_FIXED_BEAM_JOINT_GLOBAL_INFEASIBLE,2,False,NONE,,
44001,4,58,5,FIXED_Q_FIXED_BEAM_JOINT_GLOBAL_INFEASIBLE,2,False,NONE,,
44001,4,59,5,FIXED_Q_FIXED_BEAM_JOINT_GLOBAL_INFEASIBLE,2,False,NONE,,
44007,0,0,5,FIXED_Q_FIXED_BEAM_JOINT_GLOBAL_INFEASIBLE,2,False,NONE,,
44007,0,1,5,FIXED_Q_FIXED_BEAM_JOINT_GLOBAL_INFEASIBLE,2,False,NONE,,
44007,0,2,5,FIXED_Q_FIXED_BEAM_JOINT_GLOBAL_INFEASIBLE,2,False,NONE,,
44007,0,3,5,FIXED_Q_FIXED_BEAM_JOINT_GLOBAL_INFEASIBLE,2,False,NONE,,
44007,0,4,5,FIXED_Q_FIXED_BEAM_JOINT_GLOBAL_INFEASIBLE,2,False,NONE,,
44007,0,5,5,FIXED_Q_FIXED_BEAM_JOINT_GLOBAL_INFEASIBLE,2,False,NONE,,
44007,0,6,5,FIXED_Q_FIXED_BEAM_JOINT_GLOBAL_INFEASIBLE,2,False,NONE,,
44007,0,7,5,FIXED_Q_FIXED_BEAM_JOINT_GLOBAL_INFEASIBLE,2,False,NONE,,
44007,0,8,5,FIXED_Q_FIXED_BEAM_JOINT_GLOBAL_INFEASIBLE,2,False,NONE,,
44007,0,9,5,FIXED_Q_FIXED_BEAM_JOINT_GLOBAL_INFEASIBLE,2,False,NONE,,
44007,0,10,5,FIXED_Q_FIXED_BEAM_JOINT_GLOBAL_INFEASIBLE,2,False,NONE,,
44007,0,11,5,FIXED_Q_FIXED_BEAM_JOINT_GLOBAL_INFEASIBLE,2,False,NONE,,
44007,0,12,5,FIXED_Q_FIXED_BEAM_JOINT_GLOBAL_INFEASIBLE,2,False,NONE,,
44007,0,13,5,FIXED_Q_FIXED_BEAM_JOINT_GLOBAL_INFEASIBLE,2,False,NONE,,
44007,0,14,5,FIXED_Q_FIXED_BEAM_JOINT_GLOBAL_INFEASIBLE,2,False,NONE,,
44007,0,15,5,FIXED_Q_FIXED_BEAM_JOINT_GLOBAL_INFEASIBLE,2,False,NONE,,
44007,0,16,5,FIXED_Q_FIXED_BEAM_JOINT_GLOBAL_INFEASIBLE,2,False,NONE,,
44007,0,17,5,FIXED_Q_FIXED_BEAM_JOINT_GLOBAL_INFEASIBLE,2,False,NONE,,
44007,0,18,5,FIXED_Q_FIXED_BEAM_JOINT_GLOBAL_INFEASIBLE,2,False,NONE,,
44007,0,19,5,FIXED_Q_FIXED_BEAM_JOINT_GLOBAL_INFEASIBLE,2,False,NONE,,
44007,0,40,5,FIXED_Q_FIXED_BEAM_JOINT_GLOBAL_INFEASIBLE,2,False,NONE,,
44007,0,41,5,FIXED_Q_FIXED_BEAM_JOINT_GLOBAL_INFEASIBLE,2,False,NONE,,
44007,0,42,5,FIXED_Q_FIXED_BEAM_JOINT_GLOBAL_INFEASIBLE,2,False,NONE,,
44007,0,43,5,FIXED_Q_FIXED_BEAM_JOINT_GLOBAL_INFEASIBLE,2,False,NONE,,
44007,0,44,5,FIXED_Q_FIXED_BEAM_JOINT_GLOBAL_INFEASIBLE,2,False,NONE,,
44007,0,45,5,FIXED_Q_FIXED_BEAM_JOINT_GLOBAL_INFEASIBLE,2,False,NONE,,
44007,0,46,5,FIXED_Q_FIXED_BEAM_JOINT_GLOBAL_INFEASIBLE,2,False,NONE,,
44007,0,47,5,FIXED_Q_FIXED_BEAM_JOINT_GLOBAL_INFEASIBLE,2,False,NONE,,
44007,0,48,5,FIXED_Q_FIXED_BEAM_JOINT_GLOBAL_INFEASIBLE,2,False,NONE,,
44007,0,49,5,FIXED_Q_FIXED_BEAM_JOINT_GLOBAL_INFEASIBLE,2,False,NONE,,
44007,0,50,5,FIXED_Q_FIXED_BEAM_JOINT_GLOBAL_INFEASIBLE,2,False,NONE,,
44007,0,51,5,FIXED_Q_FIXED_BEAM_JOINT_GLOBAL_INFEASIBLE,2,False,NONE,,
44007,0,52,5,FIXED_Q_FIXED_BEAM_JOINT_GLOBAL_INFEASIBLE,2,False,NONE,,
44007,0,53,5,FIXED_Q_FIXED_BEAM_JOINT_GLOBAL_INFEASIBLE,2,False,NONE,,
44007,0,54,5,FIXED_Q_FIXED_BEAM_JOINT_GLOBAL_INFEASIBLE,2,False,NONE,,
44007,0,55,5,FIXED_Q_FIXED_BEAM_JOINT_GLOBAL_INFEASIBLE,2,False,NONE,,
44007,0,56,5,FIXED_Q_FIXED_BEAM_JOINT_GLOBAL_INFEASIBLE,2,False,NONE,,
44007,0,57,5,FIXED_Q_FIXED_BEAM_JOINT_GLOBAL_INFEASIBLE,2,False,NONE,,
44007,0,58,5,FIXED_Q_FIXED_BEAM_JOINT_GLOBAL_INFEASIBLE,2,False,NONE,,
44007,0,59,5,FIXED_Q_FIXED_BEAM_JOINT_GLOBAL_INFEASIBLE,2,False,NONE,,
44007,0,80,5,EXPANDED_LOCAL_ALL_STREAM_K4_FEASIBLE,1,True,EXPANDED_LOCAL_ALL_STREAM,4.0,9.0
44007,0,81,5,EXPANDED_LOCAL_HYBRID_K4_FEASIBLE,1,True,EXPANDED_LOCAL_HYBRID,4.0,9.0
44007,0,82,5,EXPANDED_LOCAL_HYBRID_K4_FEASIBLE,1,True,EXPANDED_LOCAL_HYBRID,4.0,9.0
44007,0,83,5,EXPANDED_LOCAL_HYBRID_K4_FEASIBLE,1,True,EXPANDED_LOCAL_HYBRID,4.0,9.0
44007,0,84,5,EXPANDED_LOCAL_HYBRID_K4_FEASIBLE,1,True,EXPANDED_LOCAL_HYBRID,4.0,9.0
44007,0,85,5,EXPANDED_LOCAL_HYBRID_K4_FEASIBLE,1,True,EXPANDED_LOCAL_HYBRID,4.0,9.0
44007,0,86,5,EXPANDED_LOCAL_HYBRID_K4_FEASIBLE,1,True,EXPANDED_LOCAL_HYBRID,4.0,9.0
44007,0,87,5,EXPANDED_LOCAL_HYBRID_K4_FEASIBLE,1,True,EXPANDED_LOCAL_HYBRID,4.0,9.0
44007,0,88,5,EXPANDED_LOCAL_HYBRID_K4_FEASIBLE,1,True,EXPANDED_LOCAL_HYBRID,4.0,9.0
44007,0,89,5,EXPANDED_LOCAL_HYBRID_K4_FEASIBLE,1,True,EXPANDED_LOCAL_HYBRID,4.0,9.0
44007,0,90,5,EXPANDED_LOCAL_HYBRID_K4_FEASIBLE,1,True,EXPANDED_LOCAL_HYBRID,4.0,9.0
44007,0,91,5,EXPANDED_LOCAL_HYBRID_K4_FEASIBLE,1,True,EXPANDED_LOCAL_HYBRID,4.0,9.0
44007,0,92,5,EXPANDED_LOCAL_HYBRID_K4_FEASIBLE,1,True,EXPANDED_LOCAL_HYBRID,4.0,9.0
44007,0,93,5,EXPANDED_LOCAL_HYBRID_K4_FEASIBLE,1,True,EXPANDED_LOCAL_HYBRID,4.0,9.0
44007,0,94,5,EXPANDED_LOCAL_HYBRID_K4_FEASIBLE,1,True,EXPANDED_LOCAL_HYBRID,4.0,9.0
44007,0,95,5,EXPANDED_LOCAL_HYBRID_K4_FEASIBLE,1,True,EXPANDED_LOCAL_HYBRID,4.0,9.0
44007,0,96,5,EXPANDED_LOCAL_HYBRID_K4_FEASIBLE,1,True,EXPANDED_LOCAL_HYBRID,4.0,9.0
44007,0,97,5,EXPANDED_LOCAL_HYBRID_K4_FEASIBLE,1,True,EXPANDED_LOCAL_HYBRID,4.0,9.0
44007,0,98,5,EXPANDED_LOCAL_HYBRID_K4_FEASIBLE,1,True,EXPANDED_LOCAL_HYBRID,4.0,9.0
44007,0,99,5,EXPANDED_LOCAL_HYBRID_K4_FEASIBLE,1,True,EXPANDED_LOCAL_HYBRID,4.0,9.0
44007,1,0,5,FIXED_Q_FIXED_BEAM_JOINT_GLOBAL_INFEASIBLE,2,False,NONE,,
44007,1,1,5,FIXED_Q_FIXED_BEAM_JOINT_GLOBAL_INFEASIBLE,2,False,NONE,,
44007,1,2,5,FIXED_Q_FIXED_BEAM_JOINT_GLOBAL_INFEASIBLE,2,False,NONE,,
44007,1,3,5,FIXED_Q_FIXED_BEAM_JOINT_GLOBAL_INFEASIBLE,2,False,NONE,,
44007,1,4,5,FIXED_Q_FIXED_BEAM_JOINT_GLOBAL_INFEASIBLE,2,False,NONE,,
44007,1,5,5,FIXED_Q_FIXED_BEAM_JOINT_GLOBAL_INFEASIBLE,2,False,NONE,,
44007,1,6,5,FIXED_Q_FIXED_BEAM_JOINT_GLOBAL_INFEASIBLE,2,False,NONE,,
44007,1,7,5,FIXED_Q_FIXED_BEAM_JOINT_GLOBAL_INFEASIBLE,2,False,NONE,,
44007,1,8,5,FIXED_Q_FIXED_BEAM_JOINT_GLOBAL_INFEASIBLE,2,False,NONE,,
44007,1,9,5,FIXED_Q_FIXED_BEAM_JOINT_GLOBAL_INFEASIBLE,2,False,NONE,,
44007,1,10,5,FIXED_Q_FIXED_BEAM_JOINT_GLOBAL_INFEASIBLE,2,False,NONE,,
44007,1,11,5,FIXED_Q_FIXED_BEAM_JOINT_GLOBAL_INFEASIBLE,2,False,NONE,,
44007,1,12,5,FIXED_Q_FIXED_BEAM_JOINT_GLOBAL_INFEASIBLE,2,False,NONE,,
44007,1,13,5,FIXED_Q_FIXED_BEAM_JOINT_GLOBAL_INFEASIBLE,2,False,NONE,,
44007,1,14,5,FIXED_Q_FIXED_BEAM_JOINT_GLOBAL_INFEASIBLE,2,False,NONE,,
44007,1,15,5,FIXED_Q_FIXED_BEAM_JOINT_GLOBAL_INFEASIBLE,2,False,NONE,,
44007,1,16,5,FIXED_Q_FIXED_BEAM_JOINT_GLOBAL_INFEASIBLE,2,False,NONE,,
44007,1,17,5,FIXED_Q_FIXED_BEAM_JOINT_GLOBAL_INFEASIBLE,2,False,NONE,,
44007,1,18,5,FIXED_Q_FIXED_BEAM_JOINT_GLOBAL_INFEASIBLE,2,False,NONE,,
44007,1,19,5,FIXED_Q_FIXED_BEAM_JOINT_GLOBAL_INFEASIBLE,2,False,NONE,,
44007,1,40,5,FIXED_Q_FIXED_BEAM_JOINT_GLOBAL_INFEASIBLE,2,False,NONE,,
44007,1,41,5,FIXED_Q_FIXED_BEAM_JOINT_GLOBAL_INFEASIBLE,2,False,NONE,,
44007,1,42,5,FIXED_Q_FIXED_BEAM_JOINT_GLOBAL_INFEASIBLE,2,False,NONE,,
44007,1,43,5,FIXED_Q_FIXED_BEAM_JOINT_GLOBAL_INFEASIBLE,2,False,NONE,,
44007,1,44,5,FIXED_Q_FIXED_BEAM_JOINT_GLOBAL_INFEASIBLE,2,False,NONE,,
44007,1,45,5,FIXED_Q_FIXED_BEAM_JOINT_GLOBAL_INFEASIBLE,2,False,NONE,,
44007,1,46,5,FIXED_Q_FIXED_BEAM_JOINT_GLOBAL_INFEASIBLE,2,False,NONE,,
44007,1,47,5,FIXED_Q_FIXED_BEAM_JOINT_GLOBAL_INFEASIBLE,2,False,NONE,,
44007,1,48,5,FIXED_Q_FIXED_BEAM_JOINT_GLOBAL_INFEASIBLE,2,False,NONE,,
44007,1,49,5,FIXED_Q_FIXED_BEAM_JOINT_GLOBAL_INFEASIBLE,2,False,NONE,,
44007,1,50,5,FIXED_Q_FIXED_BEAM_JOINT_GLOBAL_INFEASIBLE,2,False,NONE,,
44007,1,51,5,FIXED_Q_FIXED_BEAM_JOINT_GLOBAL_INFEASIBLE,2,False,NONE,,
44007,1,52,5,FIXED_Q_FIXED_BEAM_JOINT_GLOBAL_INFEASIBLE,2,False,NONE,,
44007,1,53,5,FIXED_Q_FIXED_BEAM_JOINT_GLOBAL_INFEASIBLE,2,False,NONE,,
44007,1,54,5,FIXED_Q_FIXED_BEAM_JOINT_GLOBAL_INFEASIBLE,2,False,NONE,,
44007,1,55,5,FIXED_Q_FIXED_BEAM_JOINT_GLOBAL_INFEASIBLE,2,False,NONE,,
44007,1,56,5,FIXED_Q_FIXED_BEAM_JOINT_GLOBAL_INFEASIBLE,2,False,NONE,,
44007,1,57,5,FIXED_Q_FIXED_BEAM_JOINT_GLOBAL_INFEASIBLE,2,False,NONE,,
44007,1,58,5,FIXED_Q_FIXED_BEAM_JOINT_GLOBAL_INFEASIBLE,2,False,NONE,,
44007,1,59,5,FIXED_Q_FIXED_BEAM_JOINT_GLOBAL_INFEASIBLE,2,False,NONE,,
44007,1,80,5,EXPANDED_LOCAL_ALL_STREAM_K4_FEASIBLE,1,True,EXPANDED_LOCAL_ALL_STREAM,4.0,9.0
44007,1,81,5,EXPANDED_LOCAL_HYBRID_K4_FEASIBLE,1,True,EXPANDED_LOCAL_HYBRID,4.0,9.0
44007,1,82,5,EXPANDED_LOCAL_HYBRID_K4_FEASIBLE,1,True,EXPANDED_LOCAL_HYBRID,4.0,9.0
44007,1,83,5,EXPANDED_LOCAL_HYBRID_K4_FEASIBLE,1,True,EXPANDED_LOCAL_HYBRID,4.0,9.0
44007,1,84,5,EXPANDED_LOCAL_HYBRID_K4_FEASIBLE,1,True,EXPANDED_LOCAL_HYBRID,4.0,9.0
44007,1,85,5,EXPANDED_LOCAL_HYBRID_K4_FEASIBLE,1,True,EXPANDED_LOCAL_HYBRID,4.0,9.0
44007,1,86,5,EXPANDED_LOCAL_HYBRID_K4_FEASIBLE,1,True,EXPANDED_LOCAL_HYBRID,4.0,9.0
44007,1,87,5,EXPANDED_LOCAL_HYBRID_K4_FEASIBLE,1,True,EXPANDED_LOCAL_HYBRID,4.0,9.0
44007,1,88,5,EXPANDED_LOCAL_HYBRID_K4_FEASIBLE,1,True,EXPANDED_LOCAL_HYBRID,4.0,9.0
44007,1,89,5,EXPANDED_LOCAL_HYBRID_K4_FEASIBLE,1,True,EXPANDED_LOCAL_HYBRID,4.0,9.0
44007,1,90,5,EXPANDED_LOCAL_HYBRID_K4_FEASIBLE,1,True,EXPANDED_LOCAL_HYBRID,4.0,9.0
44007,1,91,5,EXPANDED_LOCAL_HYBRID_K4_FEASIBLE,1,True,EXPANDED_LOCAL_HYBRID,4.0,9.0
44007,1,92,5,EXPANDED_LOCAL_HYBRID_K4_FEASIBLE,1,True,EXPANDED_LOCAL_HYBRID,4.0,9.0
44007,1,93,5,EXPANDED_LOCAL_HYBRID_K4_FEASIBLE,1,True,EXPANDED_LOCAL_HYBRID,4.0,9.0
44007,1,94,5,EXPANDED_LOCAL_HYBRID_K4_FEASIBLE,1,True,EXPANDED_LOCAL_HYBRID,4.0,9.0
44007,1,95,5,EXPANDED_LOCAL_HYBRID_K4_FEASIBLE,1,True,EXPANDED_LOCAL_HYBRID,4.0,9.0
44007,1,96,5,EXPANDED_LOCAL_HYBRID_K4_FEASIBLE,1,True,EXPANDED_LOCAL_HYBRID,4.0,9.0
44007,1,97,5,EXPANDED_LOCAL_HYBRID_K4_FEASIBLE,1,True,EXPANDED_LOCAL_HYBRID,4.0,9.0
44007,1,98,5,EXPANDED_LOCAL_HYBRID_K4_FEASIBLE,1,True,EXPANDED_LOCAL_HYBRID,4.0,9.0
44007,1,99,5,EXPANDED_LOCAL_HYBRID_K4_FEASIBLE,1,True,EXPANDED_LOCAL_HYBRID,4.0,9.0
44007,2,0,5,FIXED_Q_FIXED_BEAM_JOINT_GLOBAL_INFEASIBLE,2,False,NONE,,
44007,2,1,5,FIXED_Q_FIXED_BEAM_JOINT_GLOBAL_INFEASIBLE,2,False,NONE,,
44007,2,2,5,FIXED_Q_FIXED_BEAM_JOINT_GLOBAL_INFEASIBLE,2,False,NONE,,
44007,2,3,5,FIXED_Q_FIXED_BEAM_JOINT_GLOBAL_INFEASIBLE,2,False,NONE,,
44007,2,4,5,FIXED_Q_FIXED_BEAM_JOINT_GLOBAL_INFEASIBLE,2,False,NONE,,
44007,2,5,5,FIXED_Q_FIXED_BEAM_JOINT_GLOBAL_INFEASIBLE,2,False,NONE,,
44007,2,6,5,FIXED_Q_FIXED_BEAM_JOINT_GLOBAL_INFEASIBLE,2,False,NONE,,
44007,2,7,5,FIXED_Q_FIXED_BEAM_JOINT_GLOBAL_INFEASIBLE,2,False,NONE,,
44007,2,8,5,FIXED_Q_FIXED_BEAM_JOINT_GLOBAL_INFEASIBLE,2,False,NONE,,
44007,2,9,5,FIXED_Q_FIXED_BEAM_JOINT_GLOBAL_INFEASIBLE,2,False,NONE,,
44007,2,10,5,FIXED_Q_FIXED_BEAM_JOINT_GLOBAL_INFEASIBLE,2,False,NONE,,
44007,2,11,5,FIXED_Q_FIXED_BEAM_JOINT_GLOBAL_INFEASIBLE,2,False,NONE,,
44007,2,12,5,FIXED_Q_FIXED_BEAM_JOINT_GLOBAL_INFEASIBLE,2,False,NONE,,
44007,2,13,5,FIXED_Q_FIXED_BEAM_JOINT_GLOBAL_INFEASIBLE,2,False,NONE,,
44007,2,14,5,FIXED_Q_FIXED_BEAM_JOINT_GLOBAL_INFEASIBLE,2,False,NONE,,
44007,2,15,5,FIXED_Q_FIXED_BEAM_JOINT_GLOBAL_INFEASIBLE,2,False,NONE,,
44007,2,16,5,FIXED_Q_FIXED_BEAM_JOINT_GLOBAL_INFEASIBLE,2,False,NONE,,
44007,2,17,5,FIXED_Q_FIXED_BEAM_JOINT_GLOBAL_INFEASIBLE,2,False,NONE,,
44007,2,18,5,FIXED_Q_FIXED_BEAM_JOINT_GLOBAL_INFEASIBLE,2,False,NONE,,
44007,2,19,5,FIXED_Q_FIXED_BEAM_JOINT_GLOBAL_INFEASIBLE,2,False,NONE,,
44007,2,40,5,FIXED_Q_FIXED_BEAM_JOINT_GLOBAL_INFEASIBLE,2,False,NONE,,
44007,2,41,5,FIXED_Q_FIXED_BEAM_JOINT_GLOBAL_INFEASIBLE,2,False,NONE,,
44007,2,42,5,FIXED_Q_FIXED_BEAM_JOINT_GLOBAL_INFEASIBLE,2,False,NONE,,
44007,2,43,5,FIXED_Q_FIXED_BEAM_JOINT_GLOBAL_INFEASIBLE,2,False,NONE,,
44007,2,44,5,FIXED_Q_FIXED_BEAM_JOINT_GLOBAL_INFEASIBLE,2,False,NONE,,
44007,2,45,5,FIXED_Q_FIXED_BEAM_JOINT_GLOBAL_INFEASIBLE,2,False,NONE,,
44007,2,46,5,FIXED_Q_FIXED_BEAM_JOINT_GLOBAL_INFEASIBLE,2,False,NONE,,
44007,2,47,5,FIXED_Q_FIXED_BEAM_JOINT_GLOBAL_INFEASIBLE,2,False,NONE,,
44007,2,48,5,FIXED_Q_FIXED_BEAM_JOINT_GLOBAL_INFEASIBLE,2,False,NONE,,
44007,2,49,5,FIXED_Q_FIXED_BEAM_JOINT_GLOBAL_INFEASIBLE,2,False,NONE,,
44007,2,50,5,FIXED_Q_FIXED_BEAM_JOINT_GLOBAL_INFEASIBLE,2,False,NONE,,
44007,2,51,5,FIXED_Q_FIXED_BEAM_JOINT_GLOBAL_INFEASIBLE,2,False,NONE,,
44007,2,52,5,FIXED_Q_FIXED_BEAM_JOINT_GLOBAL_INFEASIBLE,2,False,NONE,,
44007,2,53,5,FIXED_Q_FIXED_BEAM_JOINT_GLOBAL_INFEASIBLE,2,False,NONE,,
44007,2,54,5,FIXED_Q_FIXED_BEAM_JOINT_GLOBAL_INFEASIBLE,2,False,NONE,,
44007,2,55,5,FIXED_Q_FIXED_BEAM_JOINT_GLOBAL_INFEASIBLE,2,False,NONE,,
44007,2,56,5,FIXED_Q_FIXED_BEAM_JOINT_GLOBAL_INFEASIBLE,2,False,NONE,,
44007,2,57,5,FIXED_Q_FIXED_BEAM_JOINT_GLOBAL_INFEASIBLE,2,False,NONE,,
44007,2,58,5,FIXED_Q_FIXED_BEAM_JOINT_GLOBAL_INFEASIBLE,2,False,NONE,,
44007,2,59,5,FIXED_Q_FIXED_BEAM_JOINT_GLOBAL_INFEASIBLE,2,False,NONE,,
44007,2,80,5,EXPANDED_LOCAL_HYBRID_K4_FEASIBLE,1,True,EXPANDED_LOCAL_HYBRID,4.0,9.0
44007,2,81,5,EXPANDED_LOCAL_HYBRID_K4_FEASIBLE,1,True,EXPANDED_LOCAL_HYBRID,4.0,9.0
44007,2,82,5,EXPANDED_LOCAL_HYBRID_K4_FEASIBLE,1,True,EXPANDED_LOCAL_HYBRID,4.0,9.0
44007,2,83,5,EXPANDED_LOCAL_HYBRID_K4_FEASIBLE,1,True,EXPANDED_LOCAL_HYBRID,4.0,9.0
44007,2,84,5,EXPANDED_LOCAL_HYBRID_K4_FEASIBLE,1,True,EXPANDED_LOCAL_HYBRID,4.0,9.0
44007,2,85,5,EXPANDED_LOCAL_HYBRID_K4_FEASIBLE,1,True,EXPANDED_LOCAL_HYBRID,4.0,9.0
44007,2,86,5,EXPANDED_LOCAL_HYBRID_K4_FEASIBLE,1,True,EXPANDED_LOCAL_HYBRID,4.0,9.0
44007,2,87,5,EXPANDED_LOCAL_HYBRID_K4_FEASIBLE,1,True,EXPANDED_LOCAL_HYBRID,4.0,9.0
44007,2,88,5,EXPANDED_LOCAL_HYBRID_K4_FEASIBLE,1,True,EXPANDED_LOCAL_HYBRID,4.0,9.0
44007,2,89,5,EXPANDED_LOCAL_HYBRID_K4_FEASIBLE,1,True,EXPANDED_LOCAL_HYBRID,4.0,9.0
44007,2,90,5,EXPANDED_LOCAL_HYBRID_K4_FEASIBLE,1,True,EXPANDED_LOCAL_HYBRID,4.0,9.0
44007,2,91,5,EXPANDED_LOCAL_HYBRID_K4_FEASIBLE,1,True,EXPANDED_LOCAL_HYBRID,4.0,9.0
44007,2,92,5,EXPANDED_LOCAL_HYBRID_K4_FEASIBLE,1,True,EXPANDED_LOCAL_HYBRID,4.0,9.0
44007,2,93,5,EXPANDED_LOCAL_HYBRID_K4_FEASIBLE,1,True,EXPANDED_LOCAL_HYBRID,4.0,9.0
44007,2,94,5,EXPANDED_LOCAL_HYBRID_K4_FEASIBLE,1,True,EXPANDED_LOCAL_HYBRID,4.0,9.0
44007,2,95,5,EXPANDED_LOCAL_HYBRID_K4_FEASIBLE,1,True,EXPANDED_LOCAL_HYBRID,4.0,9.0
44007,2,96,5,EXPANDED_LOCAL_HYBRID_K4_FEASIBLE,1,True,EXPANDED_LOCAL_HYBRID,4.0,9.0
44007,2,97,5,EXPANDED_LOCAL_HYBRID_K4_FEASIBLE,1,True,EXPANDED_LOCAL_HYBRID,4.0,9.0
44007,2,98,5,EXPANDED_LOCAL_HYBRID_K4_FEASIBLE,1,True,EXPANDED_LOCAL_HYBRID,4.0,9.0
44007,2,99,5,EXPANDED_LOCAL_ALL_STREAM_K4_FEASIBLE,1,True,EXPANDED_LOCAL_ALL_STREAM,4.0,9.0
44007,3,0,5,FIXED_Q_FIXED_BEAM_JOINT_GLOBAL_INFEASIBLE,2,False,NONE,,
44007,3,1,5,FIXED_Q_FIXED_BEAM_JOINT_GLOBAL_INFEASIBLE,2,False,NONE,,
44007,3,2,5,FIXED_Q_FIXED_BEAM_JOINT_GLOBAL_INFEASIBLE,2,False,NONE,,
44007,3,3,5,FIXED_Q_FIXED_BEAM_JOINT_GLOBAL_INFEASIBLE,2,False,NONE,,
44007,3,4,5,FIXED_Q_FIXED_BEAM_JOINT_GLOBAL_INFEASIBLE,2,False,NONE,,
44007,3,5,5,FIXED_Q_FIXED_BEAM_JOINT_GLOBAL_INFEASIBLE,2,False,NONE,,
44007,3,6,5,FIXED_Q_FIXED_BEAM_JOINT_GLOBAL_INFEASIBLE,2,False,NONE,,
44007,3,7,5,FIXED_Q_FIXED_BEAM_JOINT_GLOBAL_INFEASIBLE,2,False,NONE,,
44007,3,8,5,FIXED_Q_FIXED_BEAM_JOINT_GLOBAL_INFEASIBLE,2,False,NONE,,
44007,3,9,5,FIXED_Q_FIXED_BEAM_JOINT_GLOBAL_INFEASIBLE,2,False,NONE,,
44007,3,10,5,FIXED_Q_FIXED_BEAM_JOINT_GLOBAL_INFEASIBLE,2,False,NONE,,
44007,3,11,5,FIXED_Q_FIXED_BEAM_JOINT_GLOBAL_INFEASIBLE,2,False,NONE,,
44007,3,12,5,FIXED_Q_FIXED_BEAM_JOINT_GLOBAL_INFEASIBLE,2,False,NONE,,
44007,3,13,5,FIXED_Q_FIXED_BEAM_JOINT_GLOBAL_INFEASIBLE,2,False,NONE,,
44007,3,14,5,FIXED_Q_FIXED_BEAM_JOINT_GLOBAL_INFEASIBLE,2,False,NONE,,
44007,3,15,5,FIXED_Q_FIXED_BEAM_JOINT_GLOBAL_INFEASIBLE,2,False,NONE,,
44007,3,16,5,FIXED_Q_FIXED_BEAM_JOINT_GLOBAL_INFEASIBLE,2,False,NONE,,
44007,3,17,5,FIXED_Q_FIXED_BEAM_JOINT_GLOBAL_INFEASIBLE,2,False,NONE,,
44007,3,18,5,FIXED_Q_FIXED_BEAM_JOINT_GLOBAL_INFEASIBLE,2,False,NONE,,
44007,3,19,5,FIXED_Q_FIXED_BEAM_JOINT_GLOBAL_INFEASIBLE,2,False,NONE,,
44007,3,40,5,FIXED_Q_FIXED_BEAM_JOINT_GLOBAL_INFEASIBLE,2,False,NONE,,
44007,3,41,5,FIXED_Q_FIXED_BEAM_JOINT_GLOBAL_INFEASIBLE,2,False,NONE,,
44007,3,42,5,FIXED_Q_FIXED_BEAM_JOINT_GLOBAL_INFEASIBLE,2,False,NONE,,
44007,3,43,5,FIXED_Q_FIXED_BEAM_JOINT_GLOBAL_INFEASIBLE,2,False,NONE,,
44007,3,44,5,FIXED_Q_FIXED_BEAM_JOINT_GLOBAL_INFEASIBLE,2,False,NONE,,
44007,3,45,5,FIXED_Q_FIXED_BEAM_JOINT_GLOBAL_INFEASIBLE,2,False,NONE,,
44007,3,46,5,FIXED_Q_FIXED_BEAM_JOINT_GLOBAL_INFEASIBLE,2,False,NONE,,
44007,3,47,5,FIXED_Q_FIXED_BEAM_JOINT_GLOBAL_INFEASIBLE,2,False,NONE,,
44007,3,48,5,FIXED_Q_FIXED_BEAM_JOINT_GLOBAL_INFEASIBLE,2,False,NONE,,
44007,3,49,5,FIXED_Q_FIXED_BEAM_JOINT_GLOBAL_INFEASIBLE,2,False,NONE,,
44007,3,50,5,FIXED_Q_FIXED_BEAM_JOINT_GLOBAL_INFEASIBLE,2,False,NONE,,
44007,3,51,5,FIXED_Q_FIXED_BEAM_JOINT_GLOBAL_INFEASIBLE,2,False,NONE,,
44007,3,52,5,FIXED_Q_FIXED_BEAM_JOINT_GLOBAL_INFEASIBLE,2,False,NONE,,
44007,3,53,5,FIXED_Q_FIXED_BEAM_JOINT_GLOBAL_INFEASIBLE,2,False,NONE,,
44007,3,54,5,FIXED_Q_FIXED_BEAM_JOINT_GLOBAL_INFEASIBLE,2,False,NONE,,
44007,3,55,5,FIXED_Q_FIXED_BEAM_JOINT_GLOBAL_INFEASIBLE,2,False,NONE,,
44007,3,56,5,FIXED_Q_FIXED_BEAM_JOINT_GLOBAL_INFEASIBLE,2,False,NONE,,
44007,3,57,5,FIXED_Q_FIXED_BEAM_JOINT_GLOBAL_INFEASIBLE,2,False,NONE,,
44007,3,58,5,FIXED_Q_FIXED_BEAM_JOINT_GLOBAL_INFEASIBLE,2,False,NONE,,
44007,3,59,5,FIXED_Q_FIXED_BEAM_JOINT_GLOBAL_INFEASIBLE,2,False,NONE,,
44007,3,80,5,EXPANDED_LOCAL_HYBRID_K4_FEASIBLE,1,True,EXPANDED_LOCAL_HYBRID,4.0,9.0
44007,3,81,5,EXPANDED_LOCAL_HYBRID_K4_FEASIBLE,1,True,EXPANDED_LOCAL_HYBRID,4.0,9.0
44007,3,82,5,EXPANDED_LOCAL_HYBRID_K4_FEASIBLE,1,True,EXPANDED_LOCAL_HYBRID,4.0,9.0
44007,3,83,5,EXPANDED_LOCAL_HYBRID_K4_FEASIBLE,1,True,EXPANDED_LOCAL_HYBRID,4.0,9.0
44007,3,84,5,EXPANDED_LOCAL_HYBRID_K4_FEASIBLE,1,True,EXPANDED_LOCAL_HYBRID,4.0,9.0
44007,3,85,5,EXPANDED_LOCAL_HYBRID_K4_FEASIBLE,1,True,EXPANDED_LOCAL_HYBRID,4.0,9.0
44007,3,86,5,EXPANDED_LOCAL_HYBRID_K4_FEASIBLE,1,True,EXPANDED_LOCAL_HYBRID,4.0,9.0
44007,3,87,5,EXPANDED_LOCAL_HYBRID_K4_FEASIBLE,1,True,EXPANDED_LOCAL_HYBRID,4.0,9.0
44007,3,88,5,EXPANDED_LOCAL_HYBRID_K4_FEASIBLE,1,True,EXPANDED_LOCAL_HYBRID,4.0,9.0
44007,3,89,5,EXPANDED_LOCAL_HYBRID_K4_FEASIBLE,1,True,EXPANDED_LOCAL_HYBRID,4.0,9.0
44007,3,90,5,EXPANDED_LOCAL_HYBRID_K4_FEASIBLE,1,True,EXPANDED_LOCAL_HYBRID,4.0,9.0
44007,3,91,5,EXPANDED_LOCAL_HYBRID_K4_FEASIBLE,1,True,EXPANDED_LOCAL_HYBRID,4.0,9.0
44007,3,92,5,EXPANDED_LOCAL_HYBRID_K4_FEASIBLE,1,True,EXPANDED_LOCAL_HYBRID,4.0,9.0
44007,3,93,5,EXPANDED_LOCAL_HYBRID_K4_FEASIBLE,1,True,EXPANDED_LOCAL_HYBRID,4.0,9.0
44007,3,94,5,EXPANDED_LOCAL_HYBRID_K4_FEASIBLE,1,True,EXPANDED_LOCAL_HYBRID,4.0,9.0
44007,3,95,5,EXPANDED_LOCAL_HYBRID_K4_FEASIBLE,1,True,EXPANDED_LOCAL_HYBRID,4.0,9.0
44007,3,96,5,EXPANDED_LOCAL_HYBRID_K4_FEASIBLE,1,True,EXPANDED_LOCAL_HYBRID,4.0,9.0
44007,3,97,5,EXPANDED_LOCAL_ALL_STREAM_K4_FEASIBLE,1,True,EXPANDED_LOCAL_ALL_STREAM,4.0,9.0
44007,3,98,5,EXPANDED_LOCAL_HYBRID_K4_FEASIBLE,1,True,EXPANDED_LOCAL_HYBRID,4.0,9.0
44007,3,99,5,EXPANDED_LOCAL_ALL_STREAM_K4_FEASIBLE,1,True,EXPANDED_LOCAL_ALL_STREAM,4.0,9.0
44007,3,118,4,FIXED_Q_FIXED_BEAM_JOINT_GLOBAL_INFEASIBLE,2,False,NONE,,
44007,4,0,5,FIXED_Q_FIXED_BEAM_JOINT_GLOBAL_INFEASIBLE,2,False,NONE,,
44007,4,1,5,FIXED_Q_FIXED_BEAM_JOINT_GLOBAL_INFEASIBLE,2,False,NONE,,
44007,4,2,5,FIXED_Q_FIXED_BEAM_JOINT_GLOBAL_INFEASIBLE,2,False,NONE,,
44007,4,3,5,FIXED_Q_FIXED_BEAM_JOINT_GLOBAL_INFEASIBLE,2,False,NONE,,
44007,4,4,5,FIXED_Q_FIXED_BEAM_JOINT_GLOBAL_INFEASIBLE,2,False,NONE,,
44007,4,5,5,FIXED_Q_FIXED_BEAM_JOINT_GLOBAL_INFEASIBLE,2,False,NONE,,
44007,4,6,5,FIXED_Q_FIXED_BEAM_JOINT_GLOBAL_INFEASIBLE,2,False,NONE,,
44007,4,7,5,FIXED_Q_FIXED_BEAM_JOINT_GLOBAL_INFEASIBLE,2,False,NONE,,
44007,4,8,5,FIXED_Q_FIXED_BEAM_JOINT_GLOBAL_INFEASIBLE,2,False,NONE,,
44007,4,9,5,FIXED_Q_FIXED_BEAM_JOINT_GLOBAL_INFEASIBLE,2,False,NONE,,
44007,4,10,5,FIXED_Q_FIXED_BEAM_JOINT_GLOBAL_INFEASIBLE,2,False,NONE,,
44007,4,11,5,FIXED_Q_FIXED_BEAM_JOINT_GLOBAL_INFEASIBLE,2,False,NONE,,
44007,4,12,5,FIXED_Q_FIXED_BEAM_JOINT_GLOBAL_INFEASIBLE,2,False,NONE,,
44007,4,13,5,FIXED_Q_FIXED_BEAM_JOINT_GLOBAL_INFEASIBLE,2,False,NONE,,
44007,4,14,5,FIXED_Q_FIXED_BEAM_JOINT_GLOBAL_INFEASIBLE,2,False,NONE,,
44007,4,15,5,FIXED_Q_FIXED_BEAM_JOINT_GLOBAL_INFEASIBLE,2,False,NONE,,
44007,4,16,5,FIXED_Q_FIXED_BEAM_JOINT_GLOBAL_INFEASIBLE,2,False,NONE,,
44007,4,17,5,FIXED_Q_FIXED_BEAM_JOINT_GLOBAL_INFEASIBLE,2,False,NONE,,
44007,4,18,5,FIXED_Q_FIXED_BEAM_JOINT_GLOBAL_INFEASIBLE,2,False,NONE,,
44007,4,19,5,FIXED_Q_FIXED_BEAM_JOINT_GLOBAL_INFEASIBLE,2,False,NONE,,
44007,4,40,5,FIXED_Q_FIXED_BEAM_JOINT_GLOBAL_INFEASIBLE,2,False,NONE,,
44007,4,41,5,FIXED_Q_FIXED_BEAM_JOINT_GLOBAL_INFEASIBLE,2,False,NONE,,
44007,4,42,5,FIXED_Q_FIXED_BEAM_JOINT_GLOBAL_INFEASIBLE,2,False,NONE,,
44007,4,43,5,FIXED_Q_FIXED_BEAM_JOINT_GLOBAL_INFEASIBLE,2,False,NONE,,
44007,4,44,5,FIXED_Q_FIXED_BEAM_JOINT_GLOBAL_INFEASIBLE,2,False,NONE,,
44007,4,45,5,FIXED_Q_FIXED_BEAM_JOINT_GLOBAL_INFEASIBLE,2,False,NONE,,
44007,4,46,5,FIXED_Q_FIXED_BEAM_JOINT_GLOBAL_INFEASIBLE,2,False,NONE,,
44007,4,47,5,FIXED_Q_FIXED_BEAM_JOINT_GLOBAL_INFEASIBLE,2,False,NONE,,
44007,4,48,5,FIXED_Q_FIXED_BEAM_JOINT_GLOBAL_INFEASIBLE,2,False,NONE,,
44007,4,49,5,FIXED_Q_FIXED_BEAM_JOINT_GLOBAL_INFEASIBLE,2,False,NONE,,
44007,4,50,5,FIXED_Q_FIXED_BEAM_JOINT_GLOBAL_INFEASIBLE,2,False,NONE,,
44007,4,51,5,FIXED_Q_FIXED_BEAM_JOINT_GLOBAL_INFEASIBLE,2,False,NONE,,
44007,4,52,5,FIXED_Q_FIXED_BEAM_JOINT_GLOBAL_INFEASIBLE,2,False,NONE,,
44007,4,53,5,FIXED_Q_FIXED_BEAM_JOINT_GLOBAL_INFEASIBLE,2,False,NONE,,
44007,4,54,5,FIXED_Q_FIXED_BEAM_JOINT_GLOBAL_INFEASIBLE,2,False,NONE,,
44007,4,55,5,FIXED_Q_FIXED_BEAM_JOINT_GLOBAL_INFEASIBLE,2,False,NONE,,
44007,4,56,5,FIXED_Q_FIXED_BEAM_JOINT_GLOBAL_INFEASIBLE,2,False,NONE,,
44007,4,57,5,FIXED_Q_FIXED_BEAM_JOINT_GLOBAL_INFEASIBLE,2,False,NONE,,
44007,4,58,5,FIXED_Q_FIXED_BEAM_JOINT_GLOBAL_INFEASIBLE,2,False,NONE,,
44007,4,59,5,FIXED_Q_FIXED_BEAM_JOINT_GLOBAL_INFEASIBLE,2,False,NONE,,
44007,4,80,5,EXPANDED_LOCAL_HYBRID_K4_FEASIBLE,1,True,EXPANDED_LOCAL_HYBRID,4.0,9.0
44007,4,81,5,EXPANDED_LOCAL_HYBRID_K4_FEASIBLE,1,True,EXPANDED_LOCAL_HYBRID,4.0,9.0
44007,4,82,5,EXPANDED_LOCAL_HYBRID_K4_FEASIBLE,1,True,EXPANDED_LOCAL_HYBRID,4.0,9.0
44007,4,83,5,EXPANDED_LOCAL_HYBRID_K4_FEASIBLE,1,True,EXPANDED_LOCAL_HYBRID,4.0,9.0
44007,4,84,5,EXPANDED_LOCAL_HYBRID_K4_FEASIBLE,1,True,EXPANDED_LOCAL_HYBRID,4.0,9.0
44007,4,85,5,EXPANDED_LOCAL_HYBRID_K4_FEASIBLE,1,True,EXPANDED_LOCAL_HYBRID,4.0,9.0
44007,4,86,5,EXPANDED_LOCAL_HYBRID_K4_FEASIBLE,1,True,EXPANDED_LOCAL_HYBRID,4.0,9.0
44007,4,87,5,EXPANDED_LOCAL_HYBRID_K4_FEASIBLE,1,True,EXPANDED_LOCAL_HYBRID,4.0,9.0
44007,4,88,5,EXPANDED_LOCAL_HYBRID_K4_FEASIBLE,1,True,EXPANDED_LOCAL_HYBRID,4.0,9.0
44007,4,89,5,EXPANDED_LOCAL_HYBRID_K4_FEASIBLE,1,True,EXPANDED_LOCAL_HYBRID,4.0,9.0
44007,4,90,5,EXPANDED_LOCAL_HYBRID_K4_FEASIBLE,1,True,EXPANDED_LOCAL_HYBRID,4.0,9.0
44007,4,91,5,EXPANDED_LOCAL_HYBRID_K4_FEASIBLE,1,True,EXPANDED_LOCAL_HYBRID,4.0,9.0
44007,4,92,5,EXPANDED_LOCAL_HYBRID_K4_FEASIBLE,1,True,EXPANDED_LOCAL_HYBRID,4.0,9.0
44007,4,93,5,EXPANDED_LOCAL_HYBRID_K4_FEASIBLE,1,True,EXPANDED_LOCAL_HYBRID,4.0,9.0
44007,4,94,5,EXPANDED_LOCAL_HYBRID_K4_FEASIBLE,1,True,EXPANDED_LOCAL_HYBRID,4.0,9.0
44007,4,95,5,EXPANDED_LOCAL_HYBRID_K4_FEASIBLE,1,True,EXPANDED_LOCAL_HYBRID,4.0,9.0
44007,4,96,5,EXPANDED_LOCAL_HYBRID_K4_FEASIBLE,1,True,EXPANDED_LOCAL_HYBRID,4.0,9.0
44007,4,97,5,EXPANDED_LOCAL_HYBRID_K4_FEASIBLE,1,True,EXPANDED_LOCAL_HYBRID,4.0,9.0
44007,4,98,5,EXPANDED_LOCAL_ALL_STREAM_K4_FEASIBLE,1,True,EXPANDED_LOCAL_ALL_STREAM,4.0,9.0
44007,4,99,5,EXPANDED_LOCAL_ALL_STREAM_K4_FEASIBLE,1,True,EXPANDED_LOCAL_ALL_STREAM,4.0,9.0
44007,4,118,5,FIXED_Q_FIXED_BEAM_JOINT_GLOBAL_INFEASIBLE,2,False,NONE,,
44007,4,119,5,FIXED_Q_FIXED_BEAM_JOINT_GLOBAL_INFEASIBLE,2,False,NONE,,
44007,4,120,5,FIXED_Q_FIXED_BEAM_JOINT_GLOBAL_INFEASIBLE,2,False,NONE,,
44008,0,20,5,FIXED_Q_FIXED_BEAM_JOINT_GLOBAL_INFEASIBLE,1,True,NONE,,
44008,0,21,5,FIXED_Q_FIXED_BEAM_JOINT_GLOBAL_INFEASIBLE,1,True,NONE,,
44008,0,22,5,FIXED_Q_FIXED_BEAM_JOINT_GLOBAL_INFEASIBLE,1,True,NONE,,
44008,0,23,5,FIXED_Q_FIXED_BEAM_JOINT_GLOBAL_INFEASIBLE,1,True,NONE,,
44008,0,24,5,FIXED_Q_FIXED_BEAM_JOINT_GLOBAL_INFEASIBLE,1,True,NONE,,
44008,0,25,5,FIXED_Q_FIXED_BEAM_JOINT_GLOBAL_INFEASIBLE,1,True,NONE,,
44008,0,26,5,FIXED_Q_FIXED_BEAM_JOINT_GLOBAL_INFEASIBLE,1,True,NONE,,
44008,0,27,5,FIXED_Q_FIXED_BEAM_JOINT_GLOBAL_INFEASIBLE,1,True,NONE,,
44008,0,28,5,FIXED_Q_FIXED_BEAM_JOINT_GLOBAL_INFEASIBLE,1,True,NONE,,
44008,0,29,5,FIXED_Q_FIXED_BEAM_JOINT_GLOBAL_INFEASIBLE,1,True,NONE,,
44008,0,30,5,FIXED_Q_FIXED_BEAM_JOINT_GLOBAL_INFEASIBLE,1,True,NONE,,
44008,0,31,5,FIXED_Q_FIXED_BEAM_JOINT_GLOBAL_INFEASIBLE,1,True,NONE,,
44008,0,32,5,FIXED_Q_FIXED_BEAM_JOINT_GLOBAL_INFEASIBLE,1,True,NONE,,
44008,0,33,5,FIXED_Q_FIXED_BEAM_JOINT_GLOBAL_INFEASIBLE,1,True,NONE,,
44008,0,34,5,FIXED_Q_FIXED_BEAM_JOINT_GLOBAL_INFEASIBLE,1,True,NONE,,
44008,0,35,5,FIXED_Q_FIXED_BEAM_JOINT_GLOBAL_INFEASIBLE,1,True,NONE,,
44008,0,36,5,FIXED_Q_FIXED_BEAM_JOINT_GLOBAL_INFEASIBLE,1,True,NONE,,
44008,0,37,5,FIXED_Q_FIXED_BEAM_JOINT_GLOBAL_INFEASIBLE,1,True,NONE,,
44008,0,38,5,FIXED_Q_FIXED_BEAM_JOINT_GLOBAL_INFEASIBLE,1,True,NONE,,
44008,0,39,5,FIXED_Q_FIXED_BEAM_JOINT_GLOBAL_INFEASIBLE,1,True,NONE,,
44008,0,100,5,FIXED_Q_FIXED_BEAM_JOINT_GLOBAL_INFEASIBLE,2,True,NONE,,
44008,0,101,5,FIXED_Q_FIXED_BEAM_JOINT_GLOBAL_INFEASIBLE,2,True,NONE,,
44008,0,102,5,FIXED_Q_FIXED_BEAM_JOINT_GLOBAL_INFEASIBLE,2,True,NONE,,
44008,0,103,5,FIXED_Q_FIXED_BEAM_JOINT_GLOBAL_INFEASIBLE,2,True,NONE,,
44008,0,104,5,FIXED_Q_FIXED_BEAM_JOINT_GLOBAL_INFEASIBLE,2,True,NONE,,
44008,0,105,5,FIXED_Q_FIXED_BEAM_JOINT_GLOBAL_INFEASIBLE,2,True,NONE,,
44008,0,106,5,FIXED_Q_FIXED_BEAM_JOINT_GLOBAL_INFEASIBLE,2,True,NONE,,
44008,0,107,5,FIXED_Q_FIXED_BEAM_JOINT_GLOBAL_INFEASIBLE,2,True,NONE,,
44008,0,108,5,FIXED_Q_FIXED_BEAM_JOINT_GLOBAL_INFEASIBLE,2,True,NONE,,
44008,0,109,5,FIXED_Q_FIXED_BEAM_JOINT_GLOBAL_INFEASIBLE,2,True,NONE,,
44008,0,110,5,FIXED_Q_FIXED_BEAM_JOINT_GLOBAL_INFEASIBLE,2,True,NONE,,
44008,0,111,5,FIXED_Q_FIXED_BEAM_JOINT_GLOBAL_INFEASIBLE,2,True,NONE,,
44008,0,112,5,FIXED_Q_FIXED_BEAM_JOINT_GLOBAL_INFEASIBLE,2,True,NONE,,
44008,0,113,5,FIXED_Q_FIXED_BEAM_JOINT_GLOBAL_INFEASIBLE,2,True,NONE,,
44008,0,114,5,FIXED_Q_FIXED_BEAM_JOINT_GLOBAL_INFEASIBLE,2,True,NONE,,
44008,0,115,5,FIXED_Q_FIXED_BEAM_JOINT_GLOBAL_INFEASIBLE,2,True,NONE,,
44008,0,116,5,FIXED_Q_FIXED_BEAM_JOINT_GLOBAL_INFEASIBLE,2,True,NONE,,
44008,0,117,2,FIXED_Q_FIXED_BEAM_JOINT_GLOBAL_INFEASIBLE,2,True,NONE,,
44008,1,20,5,FIXED_Q_FIXED_BEAM_JOINT_GLOBAL_INFEASIBLE,1,True,NONE,,
44008,1,21,5,FIXED_Q_FIXED_BEAM_JOINT_GLOBAL_INFEASIBLE,1,True,NONE,,
44008,1,22,5,FIXED_Q_FIXED_BEAM_JOINT_GLOBAL_INFEASIBLE,1,True,NONE,,
44008,1,23,5,FIXED_Q_FIXED_BEAM_JOINT_GLOBAL_INFEASIBLE,1,True,NONE,,
44008,1,24,5,FIXED_Q_FIXED_BEAM_JOINT_GLOBAL_INFEASIBLE,1,True,NONE,,
44008,1,25,5,FIXED_Q_FIXED_BEAM_JOINT_GLOBAL_INFEASIBLE,1,True,NONE,,
44008,1,26,5,FIXED_Q_FIXED_BEAM_JOINT_GLOBAL_INFEASIBLE,1,True,NONE,,
44008,1,27,5,FIXED_Q_FIXED_BEAM_JOINT_GLOBAL_INFEASIBLE,1,True,NONE,,
44008,1,28,5,FIXED_Q_FIXED_BEAM_JOINT_GLOBAL_INFEASIBLE,1,True,NONE,,
44008,1,29,5,FIXED_Q_FIXED_BEAM_JOINT_GLOBAL_INFEASIBLE,1,True,NONE,,
44008,1,30,5,FIXED_Q_FIXED_BEAM_JOINT_GLOBAL_INFEASIBLE,1,True,NONE,,
44008,1,31,5,FIXED_Q_FIXED_BEAM_JOINT_GLOBAL_INFEASIBLE,1,True,NONE,,
44008,1,32,5,FIXED_Q_FIXED_BEAM_JOINT_GLOBAL_INFEASIBLE,1,True,NONE,,
44008,1,33,5,FIXED_Q_FIXED_BEAM_JOINT_GLOBAL_INFEASIBLE,1,True,NONE,,
44008,1,34,5,FIXED_Q_FIXED_BEAM_JOINT_GLOBAL_INFEASIBLE,1,True,NONE,,
44008,1,35,5,FIXED_Q_FIXED_BEAM_JOINT_GLOBAL_INFEASIBLE,1,True,NONE,,
44008,1,36,5,FIXED_Q_FIXED_BEAM_JOINT_GLOBAL_INFEASIBLE,1,True,NONE,,
44008,1,37,5,FIXED_Q_FIXED_BEAM_JOINT_GLOBAL_INFEASIBLE,1,True,NONE,,
44008,1,38,5,FIXED_Q_FIXED_BEAM_JOINT_GLOBAL_INFEASIBLE,1,True,NONE,,
44008,1,39,5,FIXED_Q_FIXED_BEAM_JOINT_GLOBAL_INFEASIBLE,1,True,NONE,,
44008,1,100,5,FIXED_Q_FIXED_BEAM_JOINT_GLOBAL_INFEASIBLE,2,True,NONE,,
44008,1,101,5,FIXED_Q_FIXED_BEAM_JOINT_GLOBAL_INFEASIBLE,2,True,NONE,,
44008,1,102,5,FIXED_Q_FIXED_BEAM_JOINT_GLOBAL_INFEASIBLE,2,True,NONE,,
44008,1,103,5,FIXED_Q_FIXED_BEAM_JOINT_GLOBAL_INFEASIBLE,2,True,NONE,,
44008,1,104,5,FIXED_Q_FIXED_BEAM_JOINT_GLOBAL_INFEASIBLE,2,True,NONE,,
44008,1,105,5,FIXED_Q_FIXED_BEAM_JOINT_GLOBAL_INFEASIBLE,2,True,NONE,,
44008,1,106,5,FIXED_Q_FIXED_BEAM_JOINT_GLOBAL_INFEASIBLE,2,True,NONE,,
44008,1,107,5,FIXED_Q_FIXED_BEAM_JOINT_GLOBAL_INFEASIBLE,2,True,NONE,,
44008,1,108,5,FIXED_Q_FIXED_BEAM_JOINT_GLOBAL_INFEASIBLE,2,True,NONE,,
44008,1,109,5,FIXED_Q_FIXED_BEAM_JOINT_GLOBAL_INFEASIBLE,2,True,NONE,,
44008,1,110,5,FIXED_Q_FIXED_BEAM_JOINT_GLOBAL_INFEASIBLE,2,True,NONE,,
44008,1,111,5,FIXED_Q_FIXED_BEAM_JOINT_GLOBAL_INFEASIBLE,2,True,NONE,,
44008,1,112,5,FIXED_Q_FIXED_BEAM_JOINT_GLOBAL_INFEASIBLE,2,True,NONE,,
44008,1,113,5,FIXED_Q_FIXED_BEAM_JOINT_GLOBAL_INFEASIBLE,2,True,NONE,,
44008,1,114,1,FIXED_Q_FIXED_BEAM_JOINT_GLOBAL_INFEASIBLE,2,True,NONE,,
44008,2,20,5,FIXED_Q_FIXED_BEAM_JOINT_GLOBAL_INFEASIBLE,1,True,NONE,,
44008,2,21,5,FIXED_Q_FIXED_BEAM_JOINT_GLOBAL_INFEASIBLE,1,True,NONE,,
44008,2,22,5,FIXED_Q_FIXED_BEAM_JOINT_GLOBAL_INFEASIBLE,1,True,NONE,,
44008,2,23,5,FIXED_Q_FIXED_BEAM_JOINT_GLOBAL_INFEASIBLE,1,True,NONE,,
44008,2,24,5,FIXED_Q_FIXED_BEAM_JOINT_GLOBAL_INFEASIBLE,1,True,NONE,,
44008,2,25,5,FIXED_Q_FIXED_BEAM_JOINT_GLOBAL_INFEASIBLE,1,True,NONE,,
44008,2,26,5,FIXED_Q_FIXED_BEAM_JOINT_GLOBAL_INFEASIBLE,1,True,NONE,,
44008,2,27,5,FIXED_Q_FIXED_BEAM_JOINT_GLOBAL_INFEASIBLE,1,True,NONE,,
44008,2,28,5,FIXED_Q_FIXED_BEAM_JOINT_GLOBAL_INFEASIBLE,1,True,NONE,,
44008,2,29,5,FIXED_Q_FIXED_BEAM_JOINT_GLOBAL_INFEASIBLE,1,True,NONE,,
44008,2,30,5,FIXED_Q_FIXED_BEAM_JOINT_GLOBAL_INFEASIBLE,1,True,NONE,,
44008,2,31,5,FIXED_Q_FIXED_BEAM_JOINT_GLOBAL_INFEASIBLE,1,True,NONE,,
44008,2,32,5,FIXED_Q_FIXED_BEAM_JOINT_GLOBAL_INFEASIBLE,1,True,NONE,,
44008,2,33,5,FIXED_Q_FIXED_BEAM_JOINT_GLOBAL_INFEASIBLE,1,True,NONE,,
44008,2,34,5,FIXED_Q_FIXED_BEAM_JOINT_GLOBAL_INFEASIBLE,1,True,NONE,,
44008,2,35,5,FIXED_Q_FIXED_BEAM_JOINT_GLOBAL_INFEASIBLE,1,True,NONE,,
44008,2,36,5,FIXED_Q_FIXED_BEAM_JOINT_GLOBAL_INFEASIBLE,1,True,NONE,,
44008,2,37,5,FIXED_Q_FIXED_BEAM_JOINT_GLOBAL_INFEASIBLE,1,True,NONE,,
44008,2,38,5,FIXED_Q_FIXED_BEAM_JOINT_GLOBAL_INFEASIBLE,1,True,NONE,,
44008,2,39,5,FIXED_Q_FIXED_BEAM_JOINT_GLOBAL_INFEASIBLE,1,True,NONE,,
44008,2,100,5,FIXED_Q_FIXED_BEAM_JOINT_GLOBAL_INFEASIBLE,2,True,NONE,,
44008,2,101,5,FIXED_Q_FIXED_BEAM_JOINT_GLOBAL_INFEASIBLE,2,True,NONE,,
44008,2,102,5,FIXED_Q_FIXED_BEAM_JOINT_GLOBAL_INFEASIBLE,2,True,NONE,,
44008,2,103,5,FIXED_Q_FIXED_BEAM_JOINT_GLOBAL_INFEASIBLE,2,True,NONE,,
44008,2,104,5,FIXED_Q_FIXED_BEAM_JOINT_GLOBAL_INFEASIBLE,2,True,NONE,,
44008,2,105,5,FIXED_Q_FIXED_BEAM_JOINT_GLOBAL_INFEASIBLE,2,True,NONE,,
44008,2,106,5,FIXED_Q_FIXED_BEAM_JOINT_GLOBAL_INFEASIBLE,2,True,NONE,,
44008,2,107,5,FIXED_Q_FIXED_BEAM_JOINT_GLOBAL_INFEASIBLE,2,True,NONE,,
44008,2,108,5,FIXED_Q_FIXED_BEAM_JOINT_GLOBAL_INFEASIBLE,2,True,NONE,,
44008,2,109,5,FIXED_Q_FIXED_BEAM_JOINT_GLOBAL_INFEASIBLE,2,True,NONE,,
44008,2,110,5,FIXED_Q_FIXED_BEAM_JOINT_GLOBAL_INFEASIBLE,2,True,NONE,,
44008,2,111,5,FIXED_Q_FIXED_BEAM_JOINT_GLOBAL_INFEASIBLE,2,True,NONE,,
44008,2,112,5,FIXED_Q_FIXED_BEAM_JOINT_GLOBAL_INFEASIBLE,2,True,NONE,,
44008,2,113,5,FIXED_Q_FIXED_BEAM_JOINT_GLOBAL_INFEASIBLE,2,True,NONE,,
44008,2,114,5,FIXED_Q_FIXED_BEAM_JOINT_GLOBAL_INFEASIBLE,2,True,NONE,,
44008,2,115,5,FIXED_Q_FIXED_BEAM_JOINT_GLOBAL_INFEASIBLE,2,True,NONE,,
44008,2,116,1,FIXED_Q_FIXED_BEAM_JOINT_GLOBAL_INFEASIBLE,2,True,NONE,,
44008,3,20,5,FIXED_Q_FIXED_BEAM_JOINT_GLOBAL_INFEASIBLE,1,True,NONE,,
44008,3,21,5,FIXED_Q_FIXED_BEAM_JOINT_GLOBAL_INFEASIBLE,1,True,NONE,,
44008,3,22,5,FIXED_Q_FIXED_BEAM_JOINT_GLOBAL_INFEASIBLE,1,True,NONE,,
44008,3,23,5,FIXED_Q_FIXED_BEAM_JOINT_GLOBAL_INFEASIBLE,1,True,NONE,,
44008,3,24,5,FIXED_Q_FIXED_BEAM_JOINT_GLOBAL_INFEASIBLE,1,True,NONE,,
44008,3,25,5,FIXED_Q_FIXED_BEAM_JOINT_GLOBAL_INFEASIBLE,1,True,NONE,,
44008,3,26,5,FIXED_Q_FIXED_BEAM_JOINT_GLOBAL_INFEASIBLE,1,True,NONE,,
44008,3,27,5,FIXED_Q_FIXED_BEAM_JOINT_GLOBAL_INFEASIBLE,1,True,NONE,,
44008,3,28,5,FIXED_Q_FIXED_BEAM_JOINT_GLOBAL_INFEASIBLE,1,True,NONE,,
44008,3,29,5,FIXED_Q_FIXED_BEAM_JOINT_GLOBAL_INFEASIBLE,1,True,NONE,,
44008,3,30,5,FIXED_Q_FIXED_BEAM_JOINT_GLOBAL_INFEASIBLE,1,True,NONE,,
44008,3,31,5,FIXED_Q_FIXED_BEAM_JOINT_GLOBAL_INFEASIBLE,1,True,NONE,,
44008,3,32,5,FIXED_Q_FIXED_BEAM_JOINT_GLOBAL_INFEASIBLE,1,True,NONE,,
44008,3,33,5,FIXED_Q_FIXED_BEAM_JOINT_GLOBAL_INFEASIBLE,1,True,NONE,,
44008,3,34,5,FIXED_Q_FIXED_BEAM_JOINT_GLOBAL_INFEASIBLE,1,True,NONE,,
44008,3,35,5,FIXED_Q_FIXED_BEAM_JOINT_GLOBAL_INFEASIBLE,1,True,NONE,,
44008,3,36,5,FIXED_Q_FIXED_BEAM_JOINT_GLOBAL_INFEASIBLE,1,True,NONE,,
44008,3,37,5,FIXED_Q_FIXED_BEAM_JOINT_GLOBAL_INFEASIBLE,1,True,NONE,,
44008,3,38,5,FIXED_Q_FIXED_BEAM_JOINT_GLOBAL_INFEASIBLE,1,True,NONE,,
44008,3,39,5,FIXED_Q_FIXED_BEAM_JOINT_GLOBAL_INFEASIBLE,1,True,NONE,,
44008,3,100,5,FIXED_Q_FIXED_BEAM_JOINT_GLOBAL_INFEASIBLE,2,True,NONE,,
44008,3,101,5,FIXED_Q_FIXED_BEAM_JOINT_GLOBAL_INFEASIBLE,2,True,NONE,,
44008,3,102,5,FIXED_Q_FIXED_BEAM_JOINT_GLOBAL_INFEASIBLE,2,True,NONE,,
44008,3,103,5,FIXED_Q_FIXED_BEAM_JOINT_GLOBAL_INFEASIBLE,2,True,NONE,,
44008,3,104,5,FIXED_Q_FIXED_BEAM_JOINT_GLOBAL_INFEASIBLE,2,True,NONE,,
44008,3,105,5,FIXED_Q_FIXED_BEAM_JOINT_GLOBAL_INFEASIBLE,2,True,NONE,,
44008,3,106,5,FIXED_Q_FIXED_BEAM_JOINT_GLOBAL_INFEASIBLE,2,True,NONE,,
44008,3,107,5,FIXED_Q_FIXED_BEAM_JOINT_GLOBAL_INFEASIBLE,2,True,NONE,,
44008,3,108,5,FIXED_Q_FIXED_BEAM_JOINT_GLOBAL_INFEASIBLE,2,True,NONE,,
44008,3,109,5,FIXED_Q_FIXED_BEAM_JOINT_GLOBAL_INFEASIBLE,2,True,NONE,,
44008,3,110,5,FIXED_Q_FIXED_BEAM_JOINT_GLOBAL_INFEASIBLE,2,True,NONE,,
44008,3,111,5,FIXED_Q_FIXED_BEAM_JOINT_GLOBAL_INFEASIBLE,2,True,NONE,,
44008,3,112,5,FIXED_Q_FIXED_BEAM_JOINT_GLOBAL_INFEASIBLE,2,True,NONE,,
44008,3,113,5,FIXED_Q_FIXED_BEAM_JOINT_GLOBAL_INFEASIBLE,2,True,NONE,,
44008,3,114,5,FIXED_Q_FIXED_BEAM_JOINT_GLOBAL_INFEASIBLE,2,True,NONE,,
44008,3,115,5,FIXED_Q_FIXED_BEAM_JOINT_GLOBAL_INFEASIBLE,2,True,NONE,,
44008,3,116,5,FIXED_Q_FIXED_BEAM_JOINT_GLOBAL_INFEASIBLE,2,True,NONE,,
44008,3,117,5,FIXED_Q_FIXED_BEAM_JOINT_GLOBAL_INFEASIBLE,2,True,NONE,,
44008,4,20,5,FIXED_Q_FIXED_BEAM_JOINT_GLOBAL_INFEASIBLE,1,True,NONE,,
44008,4,21,5,FIXED_Q_FIXED_BEAM_JOINT_GLOBAL_INFEASIBLE,1,True,NONE,,
44008,4,22,5,FIXED_Q_FIXED_BEAM_JOINT_GLOBAL_INFEASIBLE,1,True,NONE,,
44008,4,23,5,FIXED_Q_FIXED_BEAM_JOINT_GLOBAL_INFEASIBLE,1,True,NONE,,
44008,4,24,5,FIXED_Q_FIXED_BEAM_JOINT_GLOBAL_INFEASIBLE,1,True,NONE,,
44008,4,25,5,FIXED_Q_FIXED_BEAM_JOINT_GLOBAL_INFEASIBLE,1,True,NONE,,
44008,4,26,5,FIXED_Q_FIXED_BEAM_JOINT_GLOBAL_INFEASIBLE,1,True,NONE,,
44008,4,27,5,FIXED_Q_FIXED_BEAM_JOINT_GLOBAL_INFEASIBLE,1,True,NONE,,
44008,4,28,5,FIXED_Q_FIXED_BEAM_JOINT_GLOBAL_INFEASIBLE,1,True,NONE,,
44008,4,29,5,FIXED_Q_FIXED_BEAM_JOINT_GLOBAL_INFEASIBLE,1,True,NONE,,
44008,4,30,5,FIXED_Q_FIXED_BEAM_JOINT_GLOBAL_INFEASIBLE,1,True,NONE,,
44008,4,31,5,FIXED_Q_FIXED_BEAM_JOINT_GLOBAL_INFEASIBLE,1,True,NONE,,
44008,4,32,5,FIXED_Q_FIXED_BEAM_JOINT_GLOBAL_INFEASIBLE,1,True,NONE,,
44008,4,33,5,FIXED_Q_FIXED_BEAM_JOINT_GLOBAL_INFEASIBLE,1,True,NONE,,
44008,4,34,5,FIXED_Q_FIXED_BEAM_JOINT_GLOBAL_INFEASIBLE,1,True,NONE,,
44008,4,35,5,FIXED_Q_FIXED_BEAM_JOINT_GLOBAL_INFEASIBLE,1,True,NONE,,
44008,4,36,5,FIXED_Q_FIXED_BEAM_JOINT_GLOBAL_INFEASIBLE,1,True,NONE,,
44008,4,37,5,FIXED_Q_FIXED_BEAM_JOINT_GLOBAL_INFEASIBLE,1,True,NONE,,
44008,4,38,5,FIXED_Q_FIXED_BEAM_JOINT_GLOBAL_INFEASIBLE,1,True,NONE,,
44008,4,39,5,FIXED_Q_FIXED_BEAM_JOINT_GLOBAL_INFEASIBLE,1,True,NONE,,
44008,4,100,5,FIXED_Q_FIXED_BEAM_JOINT_GLOBAL_INFEASIBLE,2,True,NONE,,
44008,4,101,5,FIXED_Q_FIXED_BEAM_JOINT_GLOBAL_INFEASIBLE,2,True,NONE,,
44008,4,102,5,FIXED_Q_FIXED_BEAM_JOINT_GLOBAL_INFEASIBLE,2,True,NONE,,
44008,4,103,5,FIXED_Q_FIXED_BEAM_JOINT_GLOBAL_INFEASIBLE,2,True,NONE,,
44008,4,104,5,FIXED_Q_FIXED_BEAM_JOINT_GLOBAL_INFEASIBLE,2,True,NONE,,
44008,4,105,5,FIXED_Q_FIXED_BEAM_JOINT_GLOBAL_INFEASIBLE,2,True,NONE,,
44008,4,106,5,FIXED_Q_FIXED_BEAM_JOINT_GLOBAL_INFEASIBLE,2,True,NONE,,
44008,4,107,5,FIXED_Q_FIXED_BEAM_JOINT_GLOBAL_INFEASIBLE,2,True,NONE,,
44008,4,108,5,FIXED_Q_FIXED_BEAM_JOINT_GLOBAL_INFEASIBLE,2,True,NONE,,
44008,4,109,5,FIXED_Q_FIXED_BEAM_JOINT_GLOBAL_INFEASIBLE,2,True,NONE,,
44008,4,110,5,FIXED_Q_FIXED_BEAM_JOINT_GLOBAL_INFEASIBLE,2,True,NONE,,
44008,4,111,5,FIXED_Q_FIXED_BEAM_JOINT_GLOBAL_INFEASIBLE,2,True,NONE,,
44008,4,112,5,FIXED_Q_FIXED_BEAM_JOINT_GLOBAL_INFEASIBLE,2,True,NONE,,
44008,4,113,5,FIXED_Q_FIXED_BEAM_JOINT_GLOBAL_INFEASIBLE,2,True,NONE,,
44008,4,114,5,FIXED_Q_FIXED_BEAM_JOINT_GLOBAL_INFEASIBLE,2,True,NONE,,
44008,4,115,5,FIXED_Q_FIXED_BEAM_JOINT_GLOBAL_INFEASIBLE,2,True,NONE,,
44008,4,116,5,FIXED_Q_FIXED_BEAM_JOINT_GLOBAL_INFEASIBLE,2,True,NONE,,
44008,4,117,5,FIXED_Q_FIXED_BEAM_JOINT_GLOBAL_INFEASIBLE,2,True,NONE,,
44013,0,20,5,STRICT_GLOBAL_FIXED_BEAM_FEASIBLE_BUT_EXPANDED_LOCAL_K8_INFEASIBLE,1,False,NONE,,
44013,0,21,5,STRICT_GLOBAL_FIXED_BEAM_FEASIBLE_BUT_EXPANDED_LOCAL_K8_INFEASIBLE,1,False,NONE,,
44013,0,22,5,STRICT_GLOBAL_FIXED_BEAM_FEASIBLE_BUT_EXPANDED_LOCAL_K8_INFEASIBLE,1,False,NONE,,
44013,0,23,5,STRICT_GLOBAL_FIXED_BEAM_FEASIBLE_BUT_EXPANDED_LOCAL_K8_INFEASIBLE,1,False,NONE,,
44013,0,24,5,STRICT_GLOBAL_FIXED_BEAM_FEASIBLE_BUT_EXPANDED_LOCAL_K8_INFEASIBLE,1,False,NONE,,
44013,0,25,5,STRICT_GLOBAL_FIXED_BEAM_FEASIBLE_BUT_EXPANDED_LOCAL_K8_INFEASIBLE,1,False,NONE,,
44013,0,26,5,STRICT_GLOBAL_FIXED_BEAM_FEASIBLE_BUT_EXPANDED_LOCAL_K8_INFEASIBLE,1,False,NONE,,
44013,0,27,5,STRICT_GLOBAL_FIXED_BEAM_FEASIBLE_BUT_EXPANDED_LOCAL_K8_INFEASIBLE,1,False,NONE,,
44013,0,28,5,STRICT_GLOBAL_FIXED_BEAM_FEASIBLE_BUT_EXPANDED_LOCAL_K8_INFEASIBLE,1,False,NONE,,
44013,0,29,5,STRICT_GLOBAL_FIXED_BEAM_FEASIBLE_BUT_EXPANDED_LOCAL_K8_INFEASIBLE,1,False,NONE,,
44013,0,30,5,STRICT_GLOBAL_FIXED_BEAM_FEASIBLE_BUT_EXPANDED_LOCAL_K8_INFEASIBLE,1,False,NONE,,
44013,0,31,5,STRICT_GLOBAL_FIXED_BEAM_FEASIBLE_BUT_EXPANDED_LOCAL_K8_INFEASIBLE,1,False,NONE,,
44013,0,32,5,STRICT_GLOBAL_FIXED_BEAM_FEASIBLE_BUT_EXPANDED_LOCAL_K8_INFEASIBLE,1,False,NONE,,
44013,0,33,5,STRICT_GLOBAL_FIXED_BEAM_FEASIBLE_BUT_EXPANDED_LOCAL_K8_INFEASIBLE,1,False,NONE,,
44013,0,34,5,STRICT_GLOBAL_FIXED_BEAM_FEASIBLE_BUT_EXPANDED_LOCAL_K8_INFEASIBLE,1,False,NONE,,
44013,0,35,5,STRICT_GLOBAL_FIXED_BEAM_FEASIBLE_BUT_EXPANDED_LOCAL_K8_INFEASIBLE,1,False,NONE,,
44013,0,36,5,STRICT_GLOBAL_FIXED_BEAM_FEASIBLE_BUT_EXPANDED_LOCAL_K8_INFEASIBLE,1,False,NONE,,
44013,0,37,5,STRICT_GLOBAL_FIXED_BEAM_FEASIBLE_BUT_EXPANDED_LOCAL_K8_INFEASIBLE,1,False,NONE,,
44013,0,38,5,STRICT_GLOBAL_FIXED_BEAM_FEASIBLE_BUT_EXPANDED_LOCAL_K8_INFEASIBLE,1,False,NONE,,
44013,0,39,5,STRICT_GLOBAL_FIXED_BEAM_FEASIBLE_BUT_EXPANDED_LOCAL_K8_INFEASIBLE,1,False,NONE,,
44013,0,100,5,STRICT_GLOBAL_FIXED_BEAM_FEASIBLE_BUT_EXPANDED_LOCAL_K8_INFEASIBLE,1,False,NONE,,
44013,0,101,5,STRICT_GLOBAL_FIXED_BEAM_FEASIBLE_BUT_EXPANDED_LOCAL_K8_INFEASIBLE,1,False,NONE,,
44013,0,102,5,STRICT_GLOBAL_FIXED_BEAM_FEASIBLE_BUT_EXPANDED_LOCAL_K8_INFEASIBLE,1,False,NONE,,
44013,0,103,5,STRICT_GLOBAL_FIXED_BEAM_FEASIBLE_BUT_EXPANDED_LOCAL_K8_INFEASIBLE,1,False,NONE,,
44013,0,104,5,STRICT_GLOBAL_FIXED_BEAM_FEASIBLE_BUT_EXPANDED_LOCAL_K8_INFEASIBLE,1,False,NONE,,
44013,0,105,5,STRICT_GLOBAL_FIXED_BEAM_FEASIBLE_BUT_EXPANDED_LOCAL_K8_INFEASIBLE,1,False,NONE,,
44013,0,106,5,STRICT_GLOBAL_FIXED_BEAM_FEASIBLE_BUT_EXPANDED_LOCAL_K8_INFEASIBLE,1,False,NONE,,
44013,0,107,5,STRICT_GLOBAL_FIXED_BEAM_FEASIBLE_BUT_EXPANDED_LOCAL_K8_INFEASIBLE,1,False,NONE,,
44013,0,108,5,STRICT_GLOBAL_FIXED_BEAM_FEASIBLE_BUT_EXPANDED_LOCAL_K8_INFEASIBLE,1,False,NONE,,
44013,0,109,5,STRICT_GLOBAL_FIXED_BEAM_FEASIBLE_BUT_EXPANDED_LOCAL_K8_INFEASIBLE,1,False,NONE,,
44013,0,110,5,STRICT_GLOBAL_FIXED_BEAM_FEASIBLE_BUT_EXPANDED_LOCAL_K8_INFEASIBLE,1,False,NONE,,
44013,0,111,5,STRICT_GLOBAL_FIXED_BEAM_FEASIBLE_BUT_EXPANDED_LOCAL_K8_INFEASIBLE,1,False,NONE,,
44013,0,112,5,STRICT_GLOBAL_FIXED_BEAM_FEASIBLE_BUT_EXPANDED_LOCAL_K8_INFEASIBLE,1,False,NONE,,
44013,0,113,5,STRICT_GLOBAL_FIXED_BEAM_FEASIBLE_BUT_EXPANDED_LOCAL_K8_INFEASIBLE,1,False,NONE,,
44013,0,114,5,STRICT_GLOBAL_FIXED_BEAM_FEASIBLE_BUT_EXPANDED_LOCAL_K8_INFEASIBLE,1,False,NONE,,
44013,0,115,5,STRICT_GLOBAL_FIXED_BEAM_FEASIBLE_BUT_EXPANDED_LOCAL_K8_INFEASIBLE,1,False,NONE,,
44013,0,116,5,STRICT_GLOBAL_FIXED_BEAM_FEASIBLE_BUT_EXPANDED_LOCAL_K8_INFEASIBLE,1,False,NONE,,
44013,0,117,2,STRICT_GLOBAL_FIXED_BEAM_FEASIBLE_BUT_EXPANDED_LOCAL_K8_INFEASIBLE,1,False,NONE,,
44013,1,20,5,STRICT_GLOBAL_FIXED_BEAM_FEASIBLE_BUT_EXPANDED_LOCAL_K8_INFEASIBLE,1,False,NONE,,
44013,1,21,5,STRICT_GLOBAL_FIXED_BEAM_FEASIBLE_BUT_EXPANDED_LOCAL_K8_INFEASIBLE,1,False,NONE,,
44013,1,22,5,STRICT_GLOBAL_FIXED_BEAM_FEASIBLE_BUT_EXPANDED_LOCAL_K8_INFEASIBLE,1,False,NONE,,
44013,1,23,5,STRICT_GLOBAL_FIXED_BEAM_FEASIBLE_BUT_EXPANDED_LOCAL_K8_INFEASIBLE,1,False,NONE,,
44013,1,24,5,STRICT_GLOBAL_FIXED_BEAM_FEASIBLE_BUT_EXPANDED_LOCAL_K8_INFEASIBLE,1,False,NONE,,
44013,1,25,5,STRICT_GLOBAL_FIXED_BEAM_FEASIBLE_BUT_EXPANDED_LOCAL_K8_INFEASIBLE,1,False,NONE,,
44013,1,26,5,STRICT_GLOBAL_FIXED_BEAM_FEASIBLE_BUT_EXPANDED_LOCAL_K8_INFEASIBLE,1,False,NONE,,
44013,1,27,5,STRICT_GLOBAL_FIXED_BEAM_FEASIBLE_BUT_EXPANDED_LOCAL_K8_INFEASIBLE,1,False,NONE,,
44013,1,28,5,STRICT_GLOBAL_FIXED_BEAM_FEASIBLE_BUT_EXPANDED_LOCAL_K8_INFEASIBLE,1,False,NONE,,
44013,1,29,5,STRICT_GLOBAL_FIXED_BEAM_FEASIBLE_BUT_EXPANDED_LOCAL_K8_INFEASIBLE,1,False,NONE,,
44013,1,30,5,STRICT_GLOBAL_FIXED_BEAM_FEASIBLE_BUT_EXPANDED_LOCAL_K8_INFEASIBLE,1,False,NONE,,
44013,1,31,5,STRICT_GLOBAL_FIXED_BEAM_FEASIBLE_BUT_EXPANDED_LOCAL_K8_INFEASIBLE,1,False,NONE,,
44013,1,32,5,STRICT_GLOBAL_FIXED_BEAM_FEASIBLE_BUT_EXPANDED_LOCAL_K8_INFEASIBLE,1,False,NONE,,
44013,1,33,5,STRICT_GLOBAL_FIXED_BEAM_FEASIBLE_BUT_EXPANDED_LOCAL_K8_INFEASIBLE,1,False,NONE,,
44013,1,34,5,STRICT_GLOBAL_FIXED_BEAM_FEASIBLE_BUT_EXPANDED_LOCAL_K8_INFEASIBLE,1,False,NONE,,
44013,1,35,5,STRICT_GLOBAL_FIXED_BEAM_FEASIBLE_BUT_EXPANDED_LOCAL_K8_INFEASIBLE,1,False,NONE,,
44013,1,36,5,STRICT_GLOBAL_FIXED_BEAM_FEASIBLE_BUT_EXPANDED_LOCAL_K8_INFEASIBLE,1,False,NONE,,
44013,1,37,5,STRICT_GLOBAL_FIXED_BEAM_FEASIBLE_BUT_EXPANDED_LOCAL_K8_INFEASIBLE,1,False,NONE,,
44013,1,38,5,STRICT_GLOBAL_FIXED_BEAM_FEASIBLE_BUT_EXPANDED_LOCAL_K8_INFEASIBLE,1,False,NONE,,
44013,1,39,5,STRICT_GLOBAL_FIXED_BEAM_FEASIBLE_BUT_EXPANDED_LOCAL_K8_INFEASIBLE,1,False,NONE,,
44013,1,100,5,STRICT_GLOBAL_FIXED_BEAM_FEASIBLE_BUT_EXPANDED_LOCAL_K8_INFEASIBLE,1,False,NONE,,
44013,1,101,5,STRICT_GLOBAL_FIXED_BEAM_FEASIBLE_BUT_EXPANDED_LOCAL_K8_INFEASIBLE,1,False,NONE,,
44013,1,102,5,STRICT_GLOBAL_FIXED_BEAM_FEASIBLE_BUT_EXPANDED_LOCAL_K8_INFEASIBLE,1,False,NONE,,
44013,1,103,5,STRICT_GLOBAL_FIXED_BEAM_FEASIBLE_BUT_EXPANDED_LOCAL_K8_INFEASIBLE,1,False,NONE,,
44013,1,104,5,STRICT_GLOBAL_FIXED_BEAM_FEASIBLE_BUT_EXPANDED_LOCAL_K8_INFEASIBLE,1,False,NONE,,
44013,1,105,5,STRICT_GLOBAL_FIXED_BEAM_FEASIBLE_BUT_EXPANDED_LOCAL_K8_INFEASIBLE,1,False,NONE,,
44013,1,106,5,STRICT_GLOBAL_FIXED_BEAM_FEASIBLE_BUT_EXPANDED_LOCAL_K8_INFEASIBLE,1,False,NONE,,
44013,1,107,5,STRICT_GLOBAL_FIXED_BEAM_FEASIBLE_BUT_EXPANDED_LOCAL_K8_INFEASIBLE,1,False,NONE,,
44013,1,108,5,STRICT_GLOBAL_FIXED_BEAM_FEASIBLE_BUT_EXPANDED_LOCAL_K8_INFEASIBLE,1,False,NONE,,
44013,1,109,5,STRICT_GLOBAL_FIXED_BEAM_FEASIBLE_BUT_EXPANDED_LOCAL_K8_INFEASIBLE,1,False,NONE,,
44013,1,110,5,STRICT_GLOBAL_FIXED_BEAM_FEASIBLE_BUT_EXPANDED_LOCAL_K8_INFEASIBLE,1,False,NONE,,
44013,1,111,5,STRICT_GLOBAL_FIXED_BEAM_FEASIBLE_BUT_EXPANDED_LOCAL_K8_INFEASIBLE,1,False,NONE,,
44013,1,112,5,STRICT_GLOBAL_FIXED_BEAM_FEASIBLE_BUT_EXPANDED_LOCAL_K8_INFEASIBLE,1,False,NONE,,
44013,1,113,5,STRICT_GLOBAL_FIXED_BEAM_FEASIBLE_BUT_EXPANDED_LOCAL_K8_INFEASIBLE,1,False,NONE,,
44013,1,114,1,STRICT_GLOBAL_FIXED_BEAM_FEASIBLE_BUT_EXPANDED_LOCAL_K8_INFEASIBLE,1,False,NONE,,
44013,2,20,5,STRICT_GLOBAL_FIXED_BEAM_FEASIBLE_BUT_EXPANDED_LOCAL_K8_INFEASIBLE,1,False,NONE,,
44013,2,21,5,STRICT_GLOBAL_FIXED_BEAM_FEASIBLE_BUT_EXPANDED_LOCAL_K8_INFEASIBLE,1,False,NONE,,
44013,2,22,5,STRICT_GLOBAL_FIXED_BEAM_FEASIBLE_BUT_EXPANDED_LOCAL_K8_INFEASIBLE,1,False,NONE,,
44013,2,23,5,STRICT_GLOBAL_FIXED_BEAM_FEASIBLE_BUT_EXPANDED_LOCAL_K8_INFEASIBLE,1,False,NONE,,
44013,2,24,5,STRICT_GLOBAL_FIXED_BEAM_FEASIBLE_BUT_EXPANDED_LOCAL_K8_INFEASIBLE,1,False,NONE,,
44013,2,25,5,STRICT_GLOBAL_FIXED_BEAM_FEASIBLE_BUT_EXPANDED_LOCAL_K8_INFEASIBLE,1,False,NONE,,
44013,2,26,5,STRICT_GLOBAL_FIXED_BEAM_FEASIBLE_BUT_EXPANDED_LOCAL_K8_INFEASIBLE,1,False,NONE,,
44013,2,27,5,STRICT_GLOBAL_FIXED_BEAM_FEASIBLE_BUT_EXPANDED_LOCAL_K8_INFEASIBLE,1,False,NONE,,
44013,2,28,5,STRICT_GLOBAL_FIXED_BEAM_FEASIBLE_BUT_EXPANDED_LOCAL_K8_INFEASIBLE,1,False,NONE,,
44013,2,29,5,STRICT_GLOBAL_FIXED_BEAM_FEASIBLE_BUT_EXPANDED_LOCAL_K8_INFEASIBLE,1,False,NONE,,
44013,2,30,5,STRICT_GLOBAL_FIXED_BEAM_FEASIBLE_BUT_EXPANDED_LOCAL_K8_INFEASIBLE,1,False,NONE,,
44013,2,31,5,STRICT_GLOBAL_FIXED_BEAM_FEASIBLE_BUT_EXPANDED_LOCAL_K8_INFEASIBLE,1,False,NONE,,
44013,2,32,5,STRICT_GLOBAL_FIXED_BEAM_FEASIBLE_BUT_EXPANDED_LOCAL_K8_INFEASIBLE,1,False,NONE,,
44013,2,33,5,STRICT_GLOBAL_FIXED_BEAM_FEASIBLE_BUT_EXPANDED_LOCAL_K8_INFEASIBLE,1,False,NONE,,
44013,2,34,5,STRICT_GLOBAL_FIXED_BEAM_FEASIBLE_BUT_EXPANDED_LOCAL_K8_INFEASIBLE,1,False,NONE,,
44013,2,35,5,STRICT_GLOBAL_FIXED_BEAM_FEASIBLE_BUT_EXPANDED_LOCAL_K8_INFEASIBLE,1,False,NONE,,
44013,2,36,5,STRICT_GLOBAL_FIXED_BEAM_FEASIBLE_BUT_EXPANDED_LOCAL_K8_INFEASIBLE,1,False,NONE,,
44013,2,37,5,STRICT_GLOBAL_FIXED_BEAM_FEASIBLE_BUT_EXPANDED_LOCAL_K8_INFEASIBLE,1,False,NONE,,
44013,2,38,5,STRICT_GLOBAL_FIXED_BEAM_FEASIBLE_BUT_EXPANDED_LOCAL_K8_INFEASIBLE,1,False,NONE,,
44013,2,39,5,STRICT_GLOBAL_FIXED_BEAM_FEASIBLE_BUT_EXPANDED_LOCAL_K8_INFEASIBLE,1,False,NONE,,
44013,2,100,5,STRICT_GLOBAL_FIXED_BEAM_FEASIBLE_BUT_EXPANDED_LOCAL_K8_INFEASIBLE,1,False,NONE,,
44013,2,101,5,STRICT_GLOBAL_FIXED_BEAM_FEASIBLE_BUT_EXPANDED_LOCAL_K8_INFEASIBLE,1,False,NONE,,
44013,2,102,5,STRICT_GLOBAL_FIXED_BEAM_FEASIBLE_BUT_EXPANDED_LOCAL_K8_INFEASIBLE,1,False,NONE,,
44013,2,103,5,STRICT_GLOBAL_FIXED_BEAM_FEASIBLE_BUT_EXPANDED_LOCAL_K8_INFEASIBLE,1,False,NONE,,
44013,2,104,5,STRICT_GLOBAL_FIXED_BEAM_FEASIBLE_BUT_EXPANDED_LOCAL_K8_INFEASIBLE,1,False,NONE,,
44013,2,105,5,STRICT_GLOBAL_FIXED_BEAM_FEASIBLE_BUT_EXPANDED_LOCAL_K8_INFEASIBLE,1,False,NONE,,
44013,2,106,5,STRICT_GLOBAL_FIXED_BEAM_FEASIBLE_BUT_EXPANDED_LOCAL_K8_INFEASIBLE,1,False,NONE,,
44013,2,107,5,STRICT_GLOBAL_FIXED_BEAM_FEASIBLE_BUT_EXPANDED_LOCAL_K8_INFEASIBLE,1,False,NONE,,
44013,2,108,5,STRICT_GLOBAL_FIXED_BEAM_FEASIBLE_BUT_EXPANDED_LOCAL_K8_INFEASIBLE,1,False,NONE,,
44013,2,109,5,STRICT_GLOBAL_FIXED_BEAM_FEASIBLE_BUT_EXPANDED_LOCAL_K8_INFEASIBLE,1,False,NONE,,
44013,2,110,5,STRICT_GLOBAL_FIXED_BEAM_FEASIBLE_BUT_EXPANDED_LOCAL_K8_INFEASIBLE,1,False,NONE,,
44013,2,111,5,STRICT_GLOBAL_FIXED_BEAM_FEASIBLE_BUT_EXPANDED_LOCAL_K8_INFEASIBLE,1,False,NONE,,
44013,2,112,5,STRICT_GLOBAL_FIXED_BEAM_FEASIBLE_BUT_EXPANDED_LOCAL_K8_INFEASIBLE,1,False,NONE,,
44013,2,113,5,STRICT_GLOBAL_FIXED_BEAM_FEASIBLE_BUT_EXPANDED_LOCAL_K8_INFEASIBLE,1,False,NONE,,
44013,2,114,5,STRICT_GLOBAL_FIXED_BEAM_FEASIBLE_BUT_EXPANDED_LOCAL_K8_INFEASIBLE,1,False,NONE,,
44013,2,115,5,STRICT_GLOBAL_FIXED_BEAM_FEASIBLE_BUT_EXPANDED_LOCAL_K8_INFEASIBLE,1,False,NONE,,
44013,2,116,1,STRICT_GLOBAL_FIXED_BEAM_FEASIBLE_BUT_EXPANDED_LOCAL_K8_INFEASIBLE,1,False,NONE,,
44013,3,20,5,STRICT_GLOBAL_FIXED_BEAM_FEASIBLE_BUT_EXPANDED_LOCAL_K8_INFEASIBLE,1,False,NONE,,
44013,3,21,5,STRICT_GLOBAL_FIXED_BEAM_FEASIBLE_BUT_EXPANDED_LOCAL_K8_INFEASIBLE,1,False,NONE,,
44013,3,22,5,STRICT_GLOBAL_FIXED_BEAM_FEASIBLE_BUT_EXPANDED_LOCAL_K8_INFEASIBLE,1,False,NONE,,
44013,3,23,5,STRICT_GLOBAL_FIXED_BEAM_FEASIBLE_BUT_EXPANDED_LOCAL_K8_INFEASIBLE,1,False,NONE,,
44013,3,24,5,STRICT_GLOBAL_FIXED_BEAM_FEASIBLE_BUT_EXPANDED_LOCAL_K8_INFEASIBLE,1,False,NONE,,
44013,3,25,5,STRICT_GLOBAL_FIXED_BEAM_FEASIBLE_BUT_EXPANDED_LOCAL_K8_INFEASIBLE,1,False,NONE,,
44013,3,26,5,STRICT_GLOBAL_FIXED_BEAM_FEASIBLE_BUT_EXPANDED_LOCAL_K8_INFEASIBLE,1,False,NONE,,
44013,3,27,5,STRICT_GLOBAL_FIXED_BEAM_FEASIBLE_BUT_EXPANDED_LOCAL_K8_INFEASIBLE,1,False,NONE,,
44013,3,28,5,STRICT_GLOBAL_FIXED_BEAM_FEASIBLE_BUT_EXPANDED_LOCAL_K8_INFEASIBLE,1,False,NONE,,
44013,3,29,5,STRICT_GLOBAL_FIXED_BEAM_FEASIBLE_BUT_EXPANDED_LOCAL_K8_INFEASIBLE,1,False,NONE,,
44013,3,30,5,STRICT_GLOBAL_FIXED_BEAM_FEASIBLE_BUT_EXPANDED_LOCAL_K8_INFEASIBLE,1,False,NONE,,
44013,3,31,5,STRICT_GLOBAL_FIXED_BEAM_FEASIBLE_BUT_EXPANDED_LOCAL_K8_INFEASIBLE,1,False,NONE,,
44013,3,32,5,STRICT_GLOBAL_FIXED_BEAM_FEASIBLE_BUT_EXPANDED_LOCAL_K8_INFEASIBLE,1,False,NONE,,
44013,3,33,5,STRICT_GLOBAL_FIXED_BEAM_FEASIBLE_BUT_EXPANDED_LOCAL_K8_INFEASIBLE,1,False,NONE,,
44013,3,34,5,STRICT_GLOBAL_FIXED_BEAM_FEASIBLE_BUT_EXPANDED_LOCAL_K8_INFEASIBLE,1,False,NONE,,
44013,3,35,5,STRICT_GLOBAL_FIXED_BEAM_FEASIBLE_BUT_EXPANDED_LOCAL_K8_INFEASIBLE,1,False,NONE,,
44013,3,36,5,STRICT_GLOBAL_FIXED_BEAM_FEASIBLE_BUT_EXPANDED_LOCAL_K8_INFEASIBLE,1,False,NONE,,
44013,3,37,5,STRICT_GLOBAL_FIXED_BEAM_FEASIBLE_BUT_EXPANDED_LOCAL_K8_INFEASIBLE,1,False,NONE,,
44013,3,38,5,STRICT_GLOBAL_FIXED_BEAM_FEASIBLE_BUT_EXPANDED_LOCAL_K8_INFEASIBLE,1,False,NONE,,
44013,3,39,5,STRICT_GLOBAL_FIXED_BEAM_FEASIBLE_BUT_EXPANDED_LOCAL_K8_INFEASIBLE,1,False,NONE,,
44013,3,100,5,STRICT_GLOBAL_FIXED_BEAM_FEASIBLE_BUT_EXPANDED_LOCAL_K8_INFEASIBLE,1,False,NONE,,
44013,3,101,5,STRICT_GLOBAL_FIXED_BEAM_FEASIBLE_BUT_EXPANDED_LOCAL_K8_INFEASIBLE,1,False,NONE,,
44013,3,102,5,STRICT_GLOBAL_FIXED_BEAM_FEASIBLE_BUT_EXPANDED_LOCAL_K8_INFEASIBLE,1,False,NONE,,
44013,3,103,5,STRICT_GLOBAL_FIXED_BEAM_FEASIBLE_BUT_EXPANDED_LOCAL_K8_INFEASIBLE,1,False,NONE,,
44013,3,104,5,STRICT_GLOBAL_FIXED_BEAM_FEASIBLE_BUT_EXPANDED_LOCAL_K8_INFEASIBLE,1,False,NONE,,
44013,3,105,5,STRICT_GLOBAL_FIXED_BEAM_FEASIBLE_BUT_EXPANDED_LOCAL_K8_INFEASIBLE,1,False,NONE,,
44013,3,106,5,STRICT_GLOBAL_FIXED_BEAM_FEASIBLE_BUT_EXPANDED_LOCAL_K8_INFEASIBLE,1,False,NONE,,
44013,3,107,5,STRICT_GLOBAL_FIXED_BEAM_FEASIBLE_BUT_EXPANDED_LOCAL_K8_INFEASIBLE,1,False,NONE,,
44013,3,108,5,STRICT_GLOBAL_FIXED_BEAM_FEASIBLE_BUT_EXPANDED_LOCAL_K8_INFEASIBLE,1,False,NONE,,
44013,3,109,5,STRICT_GLOBAL_FIXED_BEAM_FEASIBLE_BUT_EXPANDED_LOCAL_K8_INFEASIBLE,1,False,NONE,,
44013,3,110,5,STRICT_GLOBAL_FIXED_BEAM_FEASIBLE_BUT_EXPANDED_LOCAL_K8_INFEASIBLE,1,False,NONE,,
44013,3,111,5,STRICT_GLOBAL_FIXED_BEAM_FEASIBLE_BUT_EXPANDED_LOCAL_K8_INFEASIBLE,1,False,NONE,,
44013,3,112,5,STRICT_GLOBAL_FIXED_BEAM_FEASIBLE_BUT_EXPANDED_LOCAL_K8_INFEASIBLE,1,False,NONE,,
44013,3,113,5,STRICT_GLOBAL_FIXED_BEAM_FEASIBLE_BUT_EXPANDED_LOCAL_K8_INFEASIBLE,1,False,NONE,,
44013,3,114,5,STRICT_GLOBAL_FIXED_BEAM_FEASIBLE_BUT_EXPANDED_LOCAL_K8_INFEASIBLE,1,False,NONE,,
44013,3,115,5,STRICT_GLOBAL_FIXED_BEAM_FEASIBLE_BUT_EXPANDED_LOCAL_K8_INFEASIBLE,1,False,NONE,,
44013,3,116,5,STRICT_GLOBAL_FIXED_BEAM_FEASIBLE_BUT_EXPANDED_LOCAL_K8_INFEASIBLE,1,False,NONE,,
44013,3,117,5,STRICT_GLOBAL_FIXED_BEAM_FEASIBLE_BUT_EXPANDED_LOCAL_K8_INFEASIBLE,1,False,NONE,,
44013,4,20,5,STRICT_GLOBAL_FIXED_BEAM_FEASIBLE_BUT_EXPANDED_LOCAL_K8_INFEASIBLE,1,False,NONE,,
44013,4,21,5,STRICT_GLOBAL_FIXED_BEAM_FEASIBLE_BUT_EXPANDED_LOCAL_K8_INFEASIBLE,1,False,NONE,,
44013,4,22,5,STRICT_GLOBAL_FIXED_BEAM_FEASIBLE_BUT_EXPANDED_LOCAL_K8_INFEASIBLE,1,False,NONE,,
44013,4,23,5,STRICT_GLOBAL_FIXED_BEAM_FEASIBLE_BUT_EXPANDED_LOCAL_K8_INFEASIBLE,1,False,NONE,,
44013,4,24,5,STRICT_GLOBAL_FIXED_BEAM_FEASIBLE_BUT_EXPANDED_LOCAL_K8_INFEASIBLE,1,False,NONE,,
44013,4,25,5,STRICT_GLOBAL_FIXED_BEAM_FEASIBLE_BUT_EXPANDED_LOCAL_K8_INFEASIBLE,1,False,NONE,,
44013,4,26,5,STRICT_GLOBAL_FIXED_BEAM_FEASIBLE_BUT_EXPANDED_LOCAL_K8_INFEASIBLE,1,False,NONE,,
44013,4,27,5,STRICT_GLOBAL_FIXED_BEAM_FEASIBLE_BUT_EXPANDED_LOCAL_K8_INFEASIBLE,1,False,NONE,,
44013,4,28,5,STRICT_GLOBAL_FIXED_BEAM_FEASIBLE_BUT_EXPANDED_LOCAL_K8_INFEASIBLE,1,False,NONE,,
44013,4,29,5,STRICT_GLOBAL_FIXED_BEAM_FEASIBLE_BUT_EXPANDED_LOCAL_K8_INFEASIBLE,1,False,NONE,,
44013,4,30,5,STRICT_GLOBAL_FIXED_BEAM_FEASIBLE_BUT_EXPANDED_LOCAL_K8_INFEASIBLE,1,False,NONE,,
44013,4,31,5,STRICT_GLOBAL_FIXED_BEAM_FEASIBLE_BUT_EXPANDED_LOCAL_K8_INFEASIBLE,1,False,NONE,,
44013,4,32,5,STRICT_GLOBAL_FIXED_BEAM_FEASIBLE_BUT_EXPANDED_LOCAL_K8_INFEASIBLE,1,False,NONE,,
44013,4,33,5,STRICT_GLOBAL_FIXED_BEAM_FEASIBLE_BUT_EXPANDED_LOCAL_K8_INFEASIBLE,1,False,NONE,,
44013,4,34,5,STRICT_GLOBAL_FIXED_BEAM_FEASIBLE_BUT_EXPANDED_LOCAL_K8_INFEASIBLE,1,False,NONE,,
44013,4,35,5,STRICT_GLOBAL_FIXED_BEAM_FEASIBLE_BUT_EXPANDED_LOCAL_K8_INFEASIBLE,1,False,NONE,,
44013,4,36,5,STRICT_GLOBAL_FIXED_BEAM_FEASIBLE_BUT_EXPANDED_LOCAL_K8_INFEASIBLE,1,False,NONE,,
44013,4,37,5,STRICT_GLOBAL_FIXED_BEAM_FEASIBLE_BUT_EXPANDED_LOCAL_K8_INFEASIBLE,1,False,NONE,,
44013,4,38,5,STRICT_GLOBAL_FIXED_BEAM_FEASIBLE_BUT_EXPANDED_LOCAL_K8_INFEASIBLE,1,False,NONE,,
44013,4,39,5,STRICT_GLOBAL_FIXED_BEAM_FEASIBLE_BUT_EXPANDED_LOCAL_K8_INFEASIBLE,1,False,NONE,,
44013,4,100,5,STRICT_GLOBAL_FIXED_BEAM_FEASIBLE_BUT_EXPANDED_LOCAL_K8_INFEASIBLE,1,False,NONE,,
44013,4,101,5,STRICT_GLOBAL_FIXED_BEAM_FEASIBLE_BUT_EXPANDED_LOCAL_K8_INFEASIBLE,1,False,NONE,,
44013,4,102,5,STRICT_GLOBAL_FIXED_BEAM_FEASIBLE_BUT_EXPANDED_LOCAL_K8_INFEASIBLE,1,False,NONE,,
44013,4,103,5,STRICT_GLOBAL_FIXED_BEAM_FEASIBLE_BUT_EXPANDED_LOCAL_K8_INFEASIBLE,1,False,NONE,,
44013,4,104,5,STRICT_GLOBAL_FIXED_BEAM_FEASIBLE_BUT_EXPANDED_LOCAL_K8_INFEASIBLE,1,False,NONE,,
44013,4,105,5,STRICT_GLOBAL_FIXED_BEAM_FEASIBLE_BUT_EXPANDED_LOCAL_K8_INFEASIBLE,1,False,NONE,,
44013,4,106,5,STRICT_GLOBAL_FIXED_BEAM_FEASIBLE_BUT_EXPANDED_LOCAL_K8_INFEASIBLE,1,False,NONE,,
44013,4,107,5,STRICT_GLOBAL_FIXED_BEAM_FEASIBLE_BUT_EXPANDED_LOCAL_K8_INFEASIBLE,1,False,NONE,,
44013,4,108,5,STRICT_GLOBAL_FIXED_BEAM_FEASIBLE_BUT_EXPANDED_LOCAL_K8_INFEASIBLE,1,False,NONE,,
44013,4,109,5,STRICT_GLOBAL_FIXED_BEAM_FEASIBLE_BUT_EXPANDED_LOCAL_K8_INFEASIBLE,1,False,NONE,,
44013,4,110,5,STRICT_GLOBAL_FIXED_BEAM_FEASIBLE_BUT_EXPANDED_LOCAL_K8_INFEASIBLE,1,False,NONE,,
44013,4,111,5,STRICT_GLOBAL_FIXED_BEAM_FEASIBLE_BUT_EXPANDED_LOCAL_K8_INFEASIBLE,1,False,NONE,,
44013,4,112,5,STRICT_GLOBAL_FIXED_BEAM_FEASIBLE_BUT_EXPANDED_LOCAL_K8_INFEASIBLE,1,False,NONE,,
44013,4,113,5,STRICT_GLOBAL_FIXED_BEAM_FEASIBLE_BUT_EXPANDED_LOCAL_K8_INFEASIBLE,1,False,NONE,,
44013,4,114,5,STRICT_GLOBAL_FIXED_BEAM_SOLVER_UNCERTIFIED,1,False,NONE,,
44013,4,115,5,STRICT_GLOBAL_FIXED_BEAM_SOLVER_UNCERTIFIED,1,False,NONE,,
44013,4,116,5,STRICT_GLOBAL_FIXED_BEAM_SOLVER_UNCERTIFIED,1,False,NONE,,
44013,4,117,5,STRICT_GLOBAL_FIXED_BEAM_SOLVER_UNCERTIFIED,1,False,NONE,,
44017,0,80,5,STRICT_GLOBAL_FIXED_BEAM_SOLVER_UNCERTIFIED,3,True,NONE,,
44017,0,81,5,STRICT_GLOBAL_FIXED_BEAM_SOLVER_UNCERTIFIED,3,True,NONE,,
44017,0,82,5,STRICT_GLOBAL_FIXED_BEAM_SOLVER_UNCERTIFIED,3,True,NONE,,
44017,0,83,5,STRICT_GLOBAL_FIXED_BEAM_SOLVER_UNCERTIFIED,3,True,NONE,,
44017,0,84,5,STRICT_GLOBAL_FIXED_BEAM_SOLVER_UNCERTIFIED,3,True,NONE,,
44017,0,85,5,STRICT_GLOBAL_FIXED_BEAM_SOLVER_UNCERTIFIED,3,True,NONE,,
44017,0,86,5,STRICT_GLOBAL_FIXED_BEAM_SOLVER_UNCERTIFIED,3,True,NONE,,
44017,0,87,5,STRICT_GLOBAL_FIXED_BEAM_SOLVER_UNCERTIFIED,3,True,NONE,,
44017,0,88,5,STRICT_GLOBAL_FIXED_BEAM_SOLVER_UNCERTIFIED,3,True,NONE,,
44017,0,89,5,STRICT_GLOBAL_FIXED_BEAM_SOLVER_UNCERTIFIED,3,True,NONE,,
44017,0,90,5,STRICT_GLOBAL_FIXED_BEAM_SOLVER_UNCERTIFIED,3,True,NONE,,
44017,0,91,5,STRICT_GLOBAL_FIXED_BEAM_SOLVER_UNCERTIFIED,3,True,NONE,,
44017,0,92,5,STRICT_GLOBAL_FIXED_BEAM_SOLVER_UNCERTIFIED,3,True,NONE,,
44017,0,93,5,STRICT_GLOBAL_FIXED_BEAM_SOLVER_UNCERTIFIED,3,True,NONE,,
44017,0,94,5,STRICT_GLOBAL_FIXED_BEAM_SOLVER_UNCERTIFIED,3,True,NONE,,
44017,0,95,5,STRICT_GLOBAL_FIXED_BEAM_SOLVER_UNCERTIFIED,3,True,NONE,,
44017,0,96,5,STRICT_GLOBAL_FIXED_BEAM_SOLVER_UNCERTIFIED,3,True,NONE,,
44017,0,97,5,STRICT_GLOBAL_FIXED_BEAM_SOLVER_UNCERTIFIED,3,True,NONE,,
44017,0,98,5,STRICT_GLOBAL_FIXED_BEAM_SOLVER_UNCERTIFIED,3,True,NONE,,
44017,0,99,5,STRICT_GLOBAL_FIXED_BEAM_SOLVER_UNCERTIFIED,3,True,NONE,,
44017,1,80,5,STRICT_GLOBAL_FIXED_BEAM_SOLVER_UNCERTIFIED,3,True,NONE,,
44017,1,81,5,STRICT_GLOBAL_FIXED_BEAM_SOLVER_UNCERTIFIED,3,True,NONE,,
44017,1,82,5,STRICT_GLOBAL_FIXED_BEAM_SOLVER_UNCERTIFIED,3,True,NONE,,
44017,1,83,5,STRICT_GLOBAL_FIXED_BEAM_SOLVER_UNCERTIFIED,3,True,NONE,,
44017,1,84,5,STRICT_GLOBAL_FIXED_BEAM_SOLVER_UNCERTIFIED,3,True,NONE,,
44017,1,85,5,STRICT_GLOBAL_FIXED_BEAM_SOLVER_UNCERTIFIED,3,True,NONE,,
44017,1,86,5,STRICT_GLOBAL_FIXED_BEAM_SOLVER_UNCERTIFIED,3,True,NONE,,
44017,1,87,5,STRICT_GLOBAL_FIXED_BEAM_SOLVER_UNCERTIFIED,3,True,NONE,,
44017,1,88,5,STRICT_GLOBAL_FIXED_BEAM_SOLVER_UNCERTIFIED,3,True,NONE,,
44017,1,89,5,STRICT_GLOBAL_FIXED_BEAM_SOLVER_UNCERTIFIED,3,True,NONE,,
44017,1,90,5,STRICT_GLOBAL_FIXED_BEAM_SOLVER_UNCERTIFIED,3,True,NONE,,
44017,1,91,5,STRICT_GLOBAL_FIXED_BEAM_SOLVER_UNCERTIFIED,3,True,NONE,,
44017,1,92,5,STRICT_GLOBAL_FIXED_BEAM_SOLVER_UNCERTIFIED,3,True,NONE,,
44017,1,93,5,STRICT_GLOBAL_FIXED_BEAM_SOLVER_UNCERTIFIED,3,True,NONE,,
44017,1,94,5,STRICT_GLOBAL_FIXED_BEAM_SOLVER_UNCERTIFIED,3,True,NONE,,
44017,1,95,5,STRICT_GLOBAL_FIXED_BEAM_SOLVER_UNCERTIFIED,3,True,NONE,,
44017,1,96,5,STRICT_GLOBAL_FIXED_BEAM_SOLVER_UNCERTIFIED,3,True,NONE,,
44017,1,97,5,STRICT_GLOBAL_FIXED_BEAM_SOLVER_UNCERTIFIED,3,True,NONE,,
44017,1,98,5,STRICT_GLOBAL_FIXED_BEAM_SOLVER_UNCERTIFIED,3,True,NONE,,
44017,1,99,5,STRICT_GLOBAL_FIXED_BEAM_SOLVER_UNCERTIFIED,3,True,NONE,,
44017,2,80,5,STRICT_GLOBAL_FIXED_BEAM_SOLVER_UNCERTIFIED,3,True,NONE,,
44017,2,81,5,STRICT_GLOBAL_FIXED_BEAM_SOLVER_UNCERTIFIED,3,True,NONE,,
44017,2,82,5,STRICT_GLOBAL_FIXED_BEAM_SOLVER_UNCERTIFIED,3,True,NONE,,
44017,2,83,5,STRICT_GLOBAL_FIXED_BEAM_SOLVER_UNCERTIFIED,3,True,NONE,,
44017,2,84,5,STRICT_GLOBAL_FIXED_BEAM_SOLVER_UNCERTIFIED,3,True,NONE,,
44017,2,85,5,STRICT_GLOBAL_FIXED_BEAM_SOLVER_UNCERTIFIED,3,True,NONE,,
44017,2,86,5,STRICT_GLOBAL_FIXED_BEAM_SOLVER_UNCERTIFIED,3,True,NONE,,
44017,2,87,5,STRICT_GLOBAL_FIXED_BEAM_SOLVER_UNCERTIFIED,3,True,NONE,,
44017,2,88,5,STRICT_GLOBAL_FIXED_BEAM_SOLVER_UNCERTIFIED,3,True,NONE,,
44017,2,89,5,STRICT_GLOBAL_FIXED_BEAM_SOLVER_UNCERTIFIED,3,True,NONE,,
44017,2,90,5,STRICT_GLOBAL_FIXED_BEAM_SOLVER_UNCERTIFIED,3,True,NONE,,
44017,2,91,5,STRICT_GLOBAL_FIXED_BEAM_SOLVER_UNCERTIFIED,3,True,NONE,,
44017,2,92,5,STRICT_GLOBAL_FIXED_BEAM_SOLVER_UNCERTIFIED,3,True,NONE,,
44017,2,93,5,STRICT_GLOBAL_FIXED_BEAM_SOLVER_UNCERTIFIED,3,True,NONE,,
44017,2,94,5,STRICT_GLOBAL_FIXED_BEAM_SOLVER_UNCERTIFIED,3,True,NONE,,
44017,2,95,5,STRICT_GLOBAL_FIXED_BEAM_SOLVER_UNCERTIFIED,3,True,NONE,,
44017,2,96,5,STRICT_GLOBAL_FIXED_BEAM_SOLVER_UNCERTIFIED,3,True,NONE,,
44017,2,97,5,STRICT_GLOBAL_FIXED_BEAM_SOLVER_UNCERTIFIED,3,True,NONE,,
44017,2,98,5,STRICT_GLOBAL_FIXED_BEAM_SOLVER_UNCERTIFIED,3,True,NONE,,
44017,2,99,5,STRICT_GLOBAL_FIXED_BEAM_SOLVER_UNCERTIFIED,3,True,NONE,,
44017,3,80,5,STRICT_GLOBAL_FIXED_BEAM_SOLVER_UNCERTIFIED,3,True,NONE,,
44017,3,81,5,STRICT_GLOBAL_FIXED_BEAM_SOLVER_UNCERTIFIED,3,True,NONE,,
44017,3,82,5,STRICT_GLOBAL_FIXED_BEAM_SOLVER_UNCERTIFIED,3,True,NONE,,
44017,3,83,5,STRICT_GLOBAL_FIXED_BEAM_SOLVER_UNCERTIFIED,3,True,NONE,,
44017,3,84,5,STRICT_GLOBAL_FIXED_BEAM_SOLVER_UNCERTIFIED,3,True,NONE,,
44017,3,85,5,STRICT_GLOBAL_FIXED_BEAM_SOLVER_UNCERTIFIED,3,True,NONE,,
44017,3,86,5,STRICT_GLOBAL_FIXED_BEAM_SOLVER_UNCERTIFIED,3,True,NONE,,
44017,3,87,5,STRICT_GLOBAL_FIXED_BEAM_SOLVER_UNCERTIFIED,3,True,NONE,,
44017,3,88,5,STRICT_GLOBAL_FIXED_BEAM_SOLVER_UNCERTIFIED,3,True,NONE,,
44017,3,89,5,STRICT_GLOBAL_FIXED_BEAM_SOLVER_UNCERTIFIED,3,True,NONE,,
44017,3,90,5,STRICT_GLOBAL_FIXED_BEAM_SOLVER_UNCERTIFIED,3,True,NONE,,
44017,3,91,5,STRICT_GLOBAL_FIXED_BEAM_SOLVER_UNCERTIFIED,3,True,NONE,,
44017,3,92,5,STRICT_GLOBAL_FIXED_BEAM_SOLVER_UNCERTIFIED,3,True,NONE,,
44017,3,93,5,STRICT_GLOBAL_FIXED_BEAM_SOLVER_UNCERTIFIED,3,True,NONE,,
44017,3,94,5,STRICT_GLOBAL_FIXED_BEAM_SOLVER_UNCERTIFIED,3,True,NONE,,
44017,3,95,5,STRICT_GLOBAL_FIXED_BEAM_SOLVER_UNCERTIFIED,3,True,NONE,,
44017,3,96,5,STRICT_GLOBAL_FIXED_BEAM_SOLVER_UNCERTIFIED,3,True,NONE,,
44017,3,97,5,STRICT_GLOBAL_FIXED_BEAM_SOLVER_UNCERTIFIED,3,True,NONE,,
44017,3,98,5,STRICT_GLOBAL_FIXED_BEAM_SOLVER_UNCERTIFIED,3,True,NONE,,
44017,3,99,5,STRICT_GLOBAL_FIXED_BEAM_SOLVER_UNCERTIFIED,3,True,NONE,,
44017,4,80,5,STRICT_GLOBAL_FIXED_BEAM_SOLVER_UNCERTIFIED,3,True,NONE,,
44017,4,81,5,STRICT_GLOBAL_FIXED_BEAM_SOLVER_UNCERTIFIED,3,True,NONE,,
44017,4,82,5,STRICT_GLOBAL_FIXED_BEAM_SOLVER_UNCERTIFIED,3,True,NONE,,
44017,4,83,5,STRICT_GLOBAL_FIXED_BEAM_SOLVER_UNCERTIFIED,3,True,NONE,,
44017,4,84,5,STRICT_GLOBAL_FIXED_BEAM_SOLVER_UNCERTIFIED,3,True,NONE,,
44017,4,85,5,STRICT_GLOBAL_FIXED_BEAM_SOLVER_UNCERTIFIED,3,True,NONE,,
44017,4,86,5,STRICT_GLOBAL_FIXED_BEAM_SOLVER_UNCERTIFIED,3,True,NONE,,
44017,4,87,5,STRICT_GLOBAL_FIXED_BEAM_SOLVER_UNCERTIFIED,3,True,NONE,,
44017,4,88,5,STRICT_GLOBAL_FIXED_BEAM_SOLVER_UNCERTIFIED,3,True,NONE,,
44017,4,89,5,STRICT_GLOBAL_FIXED_BEAM_SOLVER_UNCERTIFIED,3,True,NONE,,
44017,4,90,5,STRICT_GLOBAL_FIXED_BEAM_SOLVER_UNCERTIFIED,3,True,NONE,,
44017,4,91,5,STRICT_GLOBAL_FIXED_BEAM_SOLVER_UNCERTIFIED,3,True,NONE,,
44017,4,92,5,STRICT_GLOBAL_FIXED_BEAM_SOLVER_UNCERTIFIED,3,True,NONE,,
44017,4,93,5,STRICT_GLOBAL_FIXED_BEAM_SOLVER_UNCERTIFIED,3,True,NONE,,
44017,4,94,5,STRICT_GLOBAL_FIXED_BEAM_SOLVER_UNCERTIFIED,3,True,NONE,,
44017,4,95,5,STRICT_GLOBAL_FIXED_BEAM_SOLVER_UNCERTIFIED,3,True,NONE,,
44017,4,96,5,STRICT_GLOBAL_FIXED_BEAM_SOLVER_UNCERTIFIED,3,True,NONE,,
44017,4,97,5,STRICT_GLOBAL_FIXED_BEAM_SOLVER_UNCERTIFIED,3,True,NONE,,
44017,4,98,5,STRICT_GLOBAL_FIXED_BEAM_SOLVER_UNCERTIFIED,3,True,NONE,,
44017,4,99,5,STRICT_GLOBAL_FIXED_BEAM_SOLVER_UNCERTIFIED,3,True,NONE,,
44018,0,0,5,FIXED_Q_FIXED_BEAM_JOINT_GLOBAL_INFEASIBLE,4,False,NONE,,
44018,0,1,5,FIXED_Q_FIXED_BEAM_JOINT_GLOBAL_INFEASIBLE,4,False,NONE,,
44018,0,2,5,FIXED_Q_FIXED_BEAM_JOINT_GLOBAL_INFEASIBLE,4,False,NONE,,
44018,0,3,5,FIXED_Q_FIXED_BEAM_JOINT_GLOBAL_INFEASIBLE,4,False,NONE,,
44018,0,4,5,FIXED_Q_FIXED_BEAM_JOINT_GLOBAL_INFEASIBLE,4,False,NONE,,
44018,0,5,5,FIXED_Q_FIXED_BEAM_JOINT_GLOBAL_INFEASIBLE,4,False,NONE,,
44018,0,6,5,FIXED_Q_FIXED_BEAM_JOINT_GLOBAL_INFEASIBLE,4,False,NONE,,
44018,0,7,5,FIXED_Q_FIXED_BEAM_JOINT_GLOBAL_INFEASIBLE,4,False,NONE,,
44018,0,8,5,FIXED_Q_FIXED_BEAM_JOINT_GLOBAL_INFEASIBLE,4,False,NONE,,
44018,0,9,5,FIXED_Q_FIXED_BEAM_JOINT_GLOBAL_INFEASIBLE,4,False,NONE,,
44018,0,10,5,FIXED_Q_FIXED_BEAM_JOINT_GLOBAL_INFEASIBLE,4,False,NONE,,
44018,0,11,5,FIXED_Q_FIXED_BEAM_JOINT_GLOBAL_INFEASIBLE,4,False,NONE,,
44018,0,12,5,FIXED_Q_FIXED_BEAM_JOINT_GLOBAL_INFEASIBLE,4,False,NONE,,
44018,0,13,5,FIXED_Q_FIXED_BEAM_JOINT_GLOBAL_INFEASIBLE,4,False,NONE,,
44018,0,14,5,FIXED_Q_FIXED_BEAM_JOINT_GLOBAL_INFEASIBLE,4,False,NONE,,
44018,0,15,5,FIXED_Q_FIXED_BEAM_JOINT_GLOBAL_INFEASIBLE,4,False,NONE,,
44018,0,16,5,FIXED_Q_FIXED_BEAM_JOINT_GLOBAL_INFEASIBLE,4,False,NONE,,
44018,0,17,5,FIXED_Q_FIXED_BEAM_JOINT_GLOBAL_INFEASIBLE,4,False,NONE,,
44018,0,18,5,FIXED_Q_FIXED_BEAM_JOINT_GLOBAL_INFEASIBLE,4,False,NONE,,
44018,0,19,5,FIXED_Q_FIXED_BEAM_JOINT_GLOBAL_INFEASIBLE,4,False,NONE,,
44018,0,40,5,FIXED_Q_FIXED_BEAM_JOINT_GLOBAL_INFEASIBLE,4,False,NONE,,
44018,0,41,5,FIXED_Q_FIXED_BEAM_JOINT_GLOBAL_INFEASIBLE,4,False,NONE,,
44018,0,42,5,FIXED_Q_FIXED_BEAM_JOINT_GLOBAL_INFEASIBLE,4,False,NONE,,
44018,0,43,5,FIXED_Q_FIXED_BEAM_JOINT_GLOBAL_INFEASIBLE,4,False,NONE,,
44018,0,44,5,FIXED_Q_FIXED_BEAM_JOINT_GLOBAL_INFEASIBLE,4,False,NONE,,
44018,0,45,5,FIXED_Q_FIXED_BEAM_JOINT_GLOBAL_INFEASIBLE,4,False,NONE,,
44018,0,46,5,FIXED_Q_FIXED_BEAM_JOINT_GLOBAL_INFEASIBLE,4,False,NONE,,
44018,0,47,5,FIXED_Q_FIXED_BEAM_JOINT_GLOBAL_INFEASIBLE,4,False,NONE,,
44018,0,48,5,FIXED_Q_FIXED_BEAM_JOINT_GLOBAL_INFEASIBLE,4,False,NONE,,
44018,0,49,5,FIXED_Q_FIXED_BEAM_JOINT_GLOBAL_INFEASIBLE,4,False,NONE,,
44018,0,50,5,FIXED_Q_FIXED_BEAM_JOINT_GLOBAL_INFEASIBLE,4,False,NONE,,
44018,0,51,5,FIXED_Q_FIXED_BEAM_JOINT_GLOBAL_INFEASIBLE,4,False,NONE,,
44018,0,52,5,FIXED_Q_FIXED_BEAM_JOINT_GLOBAL_INFEASIBLE,4,False,NONE,,
44018,0,53,5,FIXED_Q_FIXED_BEAM_JOINT_GLOBAL_INFEASIBLE,4,False,NONE,,
44018,0,54,5,FIXED_Q_FIXED_BEAM_JOINT_GLOBAL_INFEASIBLE,4,False,NONE,,
44018,0,55,5,FIXED_Q_FIXED_BEAM_JOINT_GLOBAL_INFEASIBLE,4,False,NONE,,
44018,0,56,5,FIXED_Q_FIXED_BEAM_JOINT_GLOBAL_INFEASIBLE,4,False,NONE,,
44018,0,57,5,FIXED_Q_FIXED_BEAM_JOINT_GLOBAL_INFEASIBLE,4,False,NONE,,
44018,0,58,5,FIXED_Q_FIXED_BEAM_JOINT_GLOBAL_INFEASIBLE,4,False,NONE,,
44018,0,59,5,FIXED_Q_FIXED_BEAM_JOINT_GLOBAL_INFEASIBLE,4,False,NONE,,
44018,1,0,5,FIXED_Q_FIXED_BEAM_JOINT_GLOBAL_INFEASIBLE,4,False,NONE,,
44018,1,1,5,FIXED_Q_FIXED_BEAM_JOINT_GLOBAL_INFEASIBLE,4,False,NONE,,
44018,1,2,5,FIXED_Q_FIXED_BEAM_JOINT_GLOBAL_INFEASIBLE,4,False,NONE,,
44018,1,3,5,FIXED_Q_FIXED_BEAM_JOINT_GLOBAL_INFEASIBLE,4,False,NONE,,
44018,1,4,5,FIXED_Q_FIXED_BEAM_JOINT_GLOBAL_INFEASIBLE,4,False,NONE,,
44018,1,5,5,FIXED_Q_FIXED_BEAM_JOINT_GLOBAL_INFEASIBLE,4,False,NONE,,
44018,1,6,5,FIXED_Q_FIXED_BEAM_JOINT_GLOBAL_INFEASIBLE,4,False,NONE,,
44018,1,7,5,FIXED_Q_FIXED_BEAM_JOINT_GLOBAL_INFEASIBLE,4,False,NONE,,
44018,1,8,5,FIXED_Q_FIXED_BEAM_JOINT_GLOBAL_INFEASIBLE,4,False,NONE,,
44018,1,9,5,FIXED_Q_FIXED_BEAM_JOINT_GLOBAL_INFEASIBLE,4,False,NONE,,
44018,1,10,5,FIXED_Q_FIXED_BEAM_JOINT_GLOBAL_INFEASIBLE,4,False,NONE,,
44018,1,11,5,FIXED_Q_FIXED_BEAM_JOINT_GLOBAL_INFEASIBLE,4,False,NONE,,
44018,1,12,5,FIXED_Q_FIXED_BEAM_JOINT_GLOBAL_INFEASIBLE,4,False,NONE,,
44018,1,13,5,FIXED_Q_FIXED_BEAM_JOINT_GLOBAL_INFEASIBLE,4,False,NONE,,
44018,1,14,5,FIXED_Q_FIXED_BEAM_JOINT_GLOBAL_INFEASIBLE,4,False,NONE,,
44018,1,15,5,FIXED_Q_FIXED_BEAM_JOINT_GLOBAL_INFEASIBLE,4,False,NONE,,
44018,1,16,5,FIXED_Q_FIXED_BEAM_JOINT_GLOBAL_INFEASIBLE,4,False,NONE,,
44018,1,17,5,FIXED_Q_FIXED_BEAM_JOINT_GLOBAL_INFEASIBLE,4,False,NONE,,
44018,1,18,5,FIXED_Q_FIXED_BEAM_JOINT_GLOBAL_INFEASIBLE,4,False,NONE,,
44018,1,19,5,FIXED_Q_FIXED_BEAM_JOINT_GLOBAL_INFEASIBLE,4,False,NONE,,
44018,1,40,5,FIXED_Q_FIXED_BEAM_JOINT_GLOBAL_INFEASIBLE,4,False,NONE,,
44018,1,41,5,FIXED_Q_FIXED_BEAM_JOINT_GLOBAL_INFEASIBLE,4,False,NONE,,
44018,1,42,5,FIXED_Q_FIXED_BEAM_JOINT_GLOBAL_INFEASIBLE,4,False,NONE,,
44018,1,43,5,FIXED_Q_FIXED_BEAM_JOINT_GLOBAL_INFEASIBLE,4,False,NONE,,
44018,1,44,5,FIXED_Q_FIXED_BEAM_JOINT_GLOBAL_INFEASIBLE,4,False,NONE,,
44018,1,45,5,FIXED_Q_FIXED_BEAM_JOINT_GLOBAL_INFEASIBLE,4,False,NONE,,
44018,1,46,5,FIXED_Q_FIXED_BEAM_JOINT_GLOBAL_INFEASIBLE,4,False,NONE,,
44018,1,47,5,FIXED_Q_FIXED_BEAM_JOINT_GLOBAL_INFEASIBLE,4,False,NONE,,
44018,1,48,5,FIXED_Q_FIXED_BEAM_JOINT_GLOBAL_INFEASIBLE,4,False,NONE,,
44018,1,49,5,FIXED_Q_FIXED_BEAM_JOINT_GLOBAL_INFEASIBLE,4,False,NONE,,
44018,1,50,5,FIXED_Q_FIXED_BEAM_JOINT_GLOBAL_INFEASIBLE,4,False,NONE,,
44018,1,51,5,FIXED_Q_FIXED_BEAM_JOINT_GLOBAL_INFEASIBLE,4,False,NONE,,
44018,1,52,5,FIXED_Q_FIXED_BEAM_JOINT_GLOBAL_INFEASIBLE,4,False,NONE,,
44018,1,53,5,FIXED_Q_FIXED_BEAM_JOINT_GLOBAL_INFEASIBLE,4,False,NONE,,
44018,1,54,5,FIXED_Q_FIXED_BEAM_JOINT_GLOBAL_INFEASIBLE,4,False,NONE,,
44018,1,55,5,FIXED_Q_FIXED_BEAM_JOINT_GLOBAL_INFEASIBLE,4,False,NONE,,
44018,1,56,5,FIXED_Q_FIXED_BEAM_JOINT_GLOBAL_INFEASIBLE,4,False,NONE,,
44018,1,57,5,FIXED_Q_FIXED_BEAM_JOINT_GLOBAL_INFEASIBLE,4,False,NONE,,
44018,1,58,5,FIXED_Q_FIXED_BEAM_JOINT_GLOBAL_INFEASIBLE,4,False,NONE,,
44018,1,59,5,FIXED_Q_FIXED_BEAM_JOINT_GLOBAL_INFEASIBLE,4,False,NONE,,
44018,2,0,5,FIXED_Q_FIXED_BEAM_JOINT_GLOBAL_INFEASIBLE,4,False,NONE,,
44018,2,1,5,FIXED_Q_FIXED_BEAM_JOINT_GLOBAL_INFEASIBLE,4,False,NONE,,
44018,2,2,5,FIXED_Q_FIXED_BEAM_JOINT_GLOBAL_INFEASIBLE,4,False,NONE,,
44018,2,3,5,FIXED_Q_FIXED_BEAM_JOINT_GLOBAL_INFEASIBLE,4,False,NONE,,
44018,2,4,5,FIXED_Q_FIXED_BEAM_JOINT_GLOBAL_INFEASIBLE,4,False,NONE,,
44018,2,5,5,FIXED_Q_FIXED_BEAM_JOINT_GLOBAL_INFEASIBLE,4,False,NONE,,
44018,2,6,5,FIXED_Q_FIXED_BEAM_JOINT_GLOBAL_INFEASIBLE,4,False,NONE,,
44018,2,7,5,FIXED_Q_FIXED_BEAM_JOINT_GLOBAL_INFEASIBLE,4,False,NONE,,
44018,2,8,5,FIXED_Q_FIXED_BEAM_JOINT_GLOBAL_INFEASIBLE,4,False,NONE,,
44018,2,9,5,FIXED_Q_FIXED_BEAM_JOINT_GLOBAL_INFEASIBLE,4,False,NONE,,
44018,2,10,5,FIXED_Q_FIXED_BEAM_JOINT_GLOBAL_INFEASIBLE,4,False,NONE,,
44018,2,11,5,FIXED_Q_FIXED_BEAM_JOINT_GLOBAL_INFEASIBLE,4,False,NONE,,
44018,2,12,5,FIXED_Q_FIXED_BEAM_JOINT_GLOBAL_INFEASIBLE,4,False,NONE,,
44018,2,13,5,FIXED_Q_FIXED_BEAM_JOINT_GLOBAL_INFEASIBLE,4,False,NONE,,
44018,2,14,5,FIXED_Q_FIXED_BEAM_JOINT_GLOBAL_INFEASIBLE,4,False,NONE,,
44018,2,15,5,FIXED_Q_FIXED_BEAM_JOINT_GLOBAL_INFEASIBLE,4,False,NONE,,
44018,2,16,5,FIXED_Q_FIXED_BEAM_JOINT_GLOBAL_INFEASIBLE,4,False,NONE,,
44018,2,17,5,FIXED_Q_FIXED_BEAM_JOINT_GLOBAL_INFEASIBLE,4,False,NONE,,
44018,2,18,5,FIXED_Q_FIXED_BEAM_JOINT_GLOBAL_INFEASIBLE,4,False,NONE,,
44018,2,19,5,FIXED_Q_FIXED_BEAM_JOINT_GLOBAL_INFEASIBLE,4,False,NONE,,
44018,2,40,5,FIXED_Q_FIXED_BEAM_JOINT_GLOBAL_INFEASIBLE,4,False,NONE,,
44018,2,41,5,FIXED_Q_FIXED_BEAM_JOINT_GLOBAL_INFEASIBLE,4,False,NONE,,
44018,2,42,5,FIXED_Q_FIXED_BEAM_JOINT_GLOBAL_INFEASIBLE,4,False,NONE,,
44018,2,43,5,FIXED_Q_FIXED_BEAM_JOINT_GLOBAL_INFEASIBLE,4,False,NONE,,
44018,2,44,5,FIXED_Q_FIXED_BEAM_JOINT_GLOBAL_INFEASIBLE,4,False,NONE,,
44018,2,45,5,FIXED_Q_FIXED_BEAM_JOINT_GLOBAL_INFEASIBLE,4,False,NONE,,
44018,2,46,5,FIXED_Q_FIXED_BEAM_JOINT_GLOBAL_INFEASIBLE,4,False,NONE,,
44018,2,47,5,FIXED_Q_FIXED_BEAM_JOINT_GLOBAL_INFEASIBLE,4,False,NONE,,
44018,2,48,5,FIXED_Q_FIXED_BEAM_JOINT_GLOBAL_INFEASIBLE,4,False,NONE,,
44018,2,49,5,FIXED_Q_FIXED_BEAM_JOINT_GLOBAL_INFEASIBLE,4,False,NONE,,
44018,2,50,5,FIXED_Q_FIXED_BEAM_JOINT_GLOBAL_INFEASIBLE,4,False,NONE,,
44018,2,51,5,FIXED_Q_FIXED_BEAM_JOINT_GLOBAL_INFEASIBLE,4,False,NONE,,
44018,2,52,5,FIXED_Q_FIXED_BEAM_JOINT_GLOBAL_INFEASIBLE,4,False,NONE,,
44018,2,53,5,FIXED_Q_FIXED_BEAM_JOINT_GLOBAL_INFEASIBLE,4,False,NONE,,
44018,2,54,5,FIXED_Q_FIXED_BEAM_JOINT_GLOBAL_INFEASIBLE,4,False,NONE,,
44018,2,55,5,FIXED_Q_FIXED_BEAM_JOINT_GLOBAL_INFEASIBLE,4,False,NONE,,
44018,2,56,5,FIXED_Q_FIXED_BEAM_JOINT_GLOBAL_INFEASIBLE,4,False,NONE,,
44018,2,57,5,FIXED_Q_FIXED_BEAM_JOINT_GLOBAL_INFEASIBLE,4,False,NONE,,
44018,2,58,5,FIXED_Q_FIXED_BEAM_JOINT_GLOBAL_INFEASIBLE,4,False,NONE,,
44018,2,59,5,FIXED_Q_FIXED_BEAM_JOINT_GLOBAL_INFEASIBLE,4,False,NONE,,
44018,3,0,5,FIXED_Q_FIXED_BEAM_JOINT_GLOBAL_INFEASIBLE,4,False,NONE,,
44018,3,1,5,FIXED_Q_FIXED_BEAM_JOINT_GLOBAL_INFEASIBLE,4,False,NONE,,
44018,3,2,5,FIXED_Q_FIXED_BEAM_JOINT_GLOBAL_INFEASIBLE,4,False,NONE,,
44018,3,3,5,FIXED_Q_FIXED_BEAM_JOINT_GLOBAL_INFEASIBLE,4,False,NONE,,
44018,3,4,5,FIXED_Q_FIXED_BEAM_JOINT_GLOBAL_INFEASIBLE,4,False,NONE,,
44018,3,5,5,FIXED_Q_FIXED_BEAM_JOINT_GLOBAL_INFEASIBLE,4,False,NONE,,
44018,3,6,5,FIXED_Q_FIXED_BEAM_JOINT_GLOBAL_INFEASIBLE,4,False,NONE,,
44018,3,7,5,FIXED_Q_FIXED_BEAM_JOINT_GLOBAL_INFEASIBLE,4,False,NONE,,
44018,3,8,5,FIXED_Q_FIXED_BEAM_JOINT_GLOBAL_INFEASIBLE,4,False,NONE,,
44018,3,9,5,FIXED_Q_FIXED_BEAM_JOINT_GLOBAL_INFEASIBLE,4,False,NONE,,
44018,3,10,5,FIXED_Q_FIXED_BEAM_JOINT_GLOBAL_INFEASIBLE,4,False,NONE,,
44018,3,11,5,FIXED_Q_FIXED_BEAM_JOINT_GLOBAL_INFEASIBLE,4,False,NONE,,
44018,3,12,5,FIXED_Q_FIXED_BEAM_JOINT_GLOBAL_INFEASIBLE,4,False,NONE,,
44018,3,13,5,FIXED_Q_FIXED_BEAM_JOINT_GLOBAL_INFEASIBLE,4,False,NONE,,
44018,3,14,5,FIXED_Q_FIXED_BEAM_JOINT_GLOBAL_INFEASIBLE,4,False,NONE,,
44018,3,15,5,FIXED_Q_FIXED_BEAM_JOINT_GLOBAL_INFEASIBLE,4,False,NONE,,
44018,3,16,5,FIXED_Q_FIXED_BEAM_JOINT_GLOBAL_INFEASIBLE,4,False,NONE,,
44018,3,17,5,FIXED_Q_FIXED_BEAM_JOINT_GLOBAL_INFEASIBLE,4,False,NONE,,
44018,3,18,5,FIXED_Q_FIXED_BEAM_JOINT_GLOBAL_INFEASIBLE,4,False,NONE,,
44018,3,19,5,FIXED_Q_FIXED_BEAM_JOINT_GLOBAL_INFEASIBLE,4,False,NONE,,
44018,3,40,5,FIXED_Q_FIXED_BEAM_JOINT_GLOBAL_INFEASIBLE,4,False,NONE,,
44018,3,41,5,FIXED_Q_FIXED_BEAM_JOINT_GLOBAL_INFEASIBLE,4,False,NONE,,
44018,3,42,5,FIXED_Q_FIXED_BEAM_JOINT_GLOBAL_INFEASIBLE,4,False,NONE,,
44018,3,43,5,FIXED_Q_FIXED_BEAM_JOINT_GLOBAL_INFEASIBLE,4,False,NONE,,
44018,3,44,5,FIXED_Q_FIXED_BEAM_JOINT_GLOBAL_INFEASIBLE,4,False,NONE,,
44018,3,45,5,FIXED_Q_FIXED_BEAM_JOINT_GLOBAL_INFEASIBLE,4,False,NONE,,
44018,3,46,5,FIXED_Q_FIXED_BEAM_JOINT_GLOBAL_INFEASIBLE,4,False,NONE,,
44018,3,47,5,FIXED_Q_FIXED_BEAM_JOINT_GLOBAL_INFEASIBLE,4,False,NONE,,
44018,3,48,5,FIXED_Q_FIXED_BEAM_JOINT_GLOBAL_INFEASIBLE,4,False,NONE,,
44018,3,49,5,FIXED_Q_FIXED_BEAM_JOINT_GLOBAL_INFEASIBLE,4,False,NONE,,
44018,3,50,5,FIXED_Q_FIXED_BEAM_JOINT_GLOBAL_INFEASIBLE,4,False,NONE,,
44018,3,51,5,FIXED_Q_FIXED_BEAM_JOINT_GLOBAL_INFEASIBLE,4,False,NONE,,
44018,3,52,5,FIXED_Q_FIXED_BEAM_JOINT_GLOBAL_INFEASIBLE,4,False,NONE,,
44018,3,53,5,FIXED_Q_FIXED_BEAM_JOINT_GLOBAL_INFEASIBLE,4,False,NONE,,
44018,3,54,5,FIXED_Q_FIXED_BEAM_JOINT_GLOBAL_INFEASIBLE,4,False,NONE,,
44018,3,55,5,FIXED_Q_FIXED_BEAM_JOINT_GLOBAL_INFEASIBLE,4,False,NONE,,
44018,3,56,5,FIXED_Q_FIXED_BEAM_JOINT_GLOBAL_INFEASIBLE,4,False,NONE,,
44018,3,57,5,FIXED_Q_FIXED_BEAM_JOINT_GLOBAL_INFEASIBLE,4,False,NONE,,
44018,3,58,5,FIXED_Q_FIXED_BEAM_JOINT_GLOBAL_INFEASIBLE,4,False,NONE,,
44018,3,59,5,FIXED_Q_FIXED_BEAM_JOINT_GLOBAL_INFEASIBLE,4,False,NONE,,
44018,3,118,4,EXPANDED_LOCAL_HYBRID_K8_FEASIBLE,1,False,EXPANDED_LOCAL_HYBRID,8.0,11.0
44018,4,0,5,FIXED_Q_FIXED_BEAM_JOINT_GLOBAL_INFEASIBLE,4,False,NONE,,
44018,4,1,5,FIXED_Q_FIXED_BEAM_JOINT_GLOBAL_INFEASIBLE,4,False,NONE,,
44018,4,2,5,FIXED_Q_FIXED_BEAM_JOINT_GLOBAL_INFEASIBLE,4,False,NONE,,
44018,4,3,5,FIXED_Q_FIXED_BEAM_JOINT_GLOBAL_INFEASIBLE,4,False,NONE,,
44018,4,4,5,FIXED_Q_FIXED_BEAM_JOINT_GLOBAL_INFEASIBLE,4,False,NONE,,
44018,4,5,5,FIXED_Q_FIXED_BEAM_JOINT_GLOBAL_INFEASIBLE,4,False,NONE,,
44018,4,6,5,FIXED_Q_FIXED_BEAM_JOINT_GLOBAL_INFEASIBLE,4,False,NONE,,
44018,4,7,5,FIXED_Q_FIXED_BEAM_JOINT_GLOBAL_INFEASIBLE,4,False,NONE,,
44018,4,8,5,FIXED_Q_FIXED_BEAM_JOINT_GLOBAL_INFEASIBLE,4,False,NONE,,
44018,4,9,5,FIXED_Q_FIXED_BEAM_JOINT_GLOBAL_INFEASIBLE,4,False,NONE,,
44018,4,10,5,FIXED_Q_FIXED_BEAM_JOINT_GLOBAL_INFEASIBLE,4,False,NONE,,
44018,4,11,5,FIXED_Q_FIXED_BEAM_JOINT_GLOBAL_INFEASIBLE,4,False,NONE,,
44018,4,12,5,FIXED_Q_FIXED_BEAM_JOINT_GLOBAL_INFEASIBLE,4,False,NONE,,
44018,4,13,5,FIXED_Q_FIXED_BEAM_JOINT_GLOBAL_INFEASIBLE,4,False,NONE,,
44018,4,14,5,FIXED_Q_FIXED_BEAM_JOINT_GLOBAL_INFEASIBLE,4,False,NONE,,
44018,4,15,5,FIXED_Q_FIXED_BEAM_JOINT_GLOBAL_INFEASIBLE,4,False,NONE,,
44018,4,16,5,FIXED_Q_FIXED_BEAM_JOINT_GLOBAL_INFEASIBLE,4,False,NONE,,
44018,4,17,5,FIXED_Q_FIXED_BEAM_JOINT_GLOBAL_INFEASIBLE,4,False,NONE,,
44018,4,18,5,FIXED_Q_FIXED_BEAM_JOINT_GLOBAL_INFEASIBLE,4,False,NONE,,
44018,4,19,5,FIXED_Q_FIXED_BEAM_JOINT_GLOBAL_INFEASIBLE,4,False,NONE,,
44018,4,40,5,FIXED_Q_FIXED_BEAM_JOINT_GLOBAL_INFEASIBLE,4,False,NONE,,
44018,4,41,5,FIXED_Q_FIXED_BEAM_JOINT_GLOBAL_INFEASIBLE,4,False,NONE,,
44018,4,42,5,FIXED_Q_FIXED_BEAM_JOINT_GLOBAL_INFEASIBLE,4,False,NONE,,
44018,4,43,5,FIXED_Q_FIXED_BEAM_JOINT_GLOBAL_INFEASIBLE,4,False,NONE,,
44018,4,44,5,FIXED_Q_FIXED_BEAM_JOINT_GLOBAL_INFEASIBLE,4,False,NONE,,
44018,4,45,5,FIXED_Q_FIXED_BEAM_JOINT_GLOBAL_INFEASIBLE,4,False,NONE,,
44018,4,46,5,FIXED_Q_FIXED_BEAM_JOINT_GLOBAL_INFEASIBLE,4,False,NONE,,
44018,4,47,5,FIXED_Q_FIXED_BEAM_JOINT_GLOBAL_INFEASIBLE,4,False,NONE,,
44018,4,48,5,FIXED_Q_FIXED_BEAM_JOINT_GLOBAL_INFEASIBLE,4,False,NONE,,
44018,4,49,5,FIXED_Q_FIXED_BEAM_JOINT_GLOBAL_INFEASIBLE,4,False,NONE,,
44018,4,50,5,FIXED_Q_FIXED_BEAM_JOINT_GLOBAL_INFEASIBLE,4,False,NONE,,
44018,4,51,5,FIXED_Q_FIXED_BEAM_JOINT_GLOBAL_INFEASIBLE,4,False,NONE,,
44018,4,52,5,FIXED_Q_FIXED_BEAM_JOINT_GLOBAL_INFEASIBLE,4,False,NONE,,
44018,4,53,5,FIXED_Q_FIXED_BEAM_JOINT_GLOBAL_INFEASIBLE,4,False,NONE,,
44018,4,54,5,FIXED_Q_FIXED_BEAM_JOINT_GLOBAL_INFEASIBLE,4,False,NONE,,
44018,4,55,5,FIXED_Q_FIXED_BEAM_JOINT_GLOBAL_INFEASIBLE,4,False,NONE,,
44018,4,56,5,FIXED_Q_FIXED_BEAM_JOINT_GLOBAL_INFEASIBLE,4,False,NONE,,
44018,4,57,5,FIXED_Q_FIXED_BEAM_JOINT_GLOBAL_INFEASIBLE,4,False,NONE,,
44018,4,58,5,FIXED_Q_FIXED_BEAM_JOINT_GLOBAL_INFEASIBLE,4,False,NONE,,
44018,4,59,5,FIXED_Q_FIXED_BEAM_JOINT_GLOBAL_INFEASIBLE,4,False,NONE,,
44018,4,118,5,EXPANDED_LOCAL_HYBRID_K8_FEASIBLE,1,False,EXPANDED_LOCAL_HYBRID,8.0,11.0
44018,4,119,5,EXPANDED_LOCAL_HYBRID_K8_FEASIBLE,1,False,EXPANDED_LOCAL_HYBRID,8.0,12.0
44018,4,120,5,EXPANDED_LOCAL_HYBRID_K8_FEASIBLE,1,False,EXPANDED_LOCAL_HYBRID,8.0,12.0
44024,3,118,4,FIXED_Q_FIXED_BEAM_JOINT_GLOBAL_INFEASIBLE,4,True,NONE,,
44024,4,118,5,FIXED_Q_FIXED_BEAM_JOINT_GLOBAL_INFEASIBLE,4,True,NONE,,
44024,4,119,5,FIXED_Q_FIXED_BEAM_JOINT_GLOBAL_INFEASIBLE,4,True,NONE,,
44024,4,120,5,FIXED_Q_FIXED_BEAM_JOINT_GLOBAL_INFEASIBLE,4,True,NONE,,
44025,0,20,5,FIXED_Q_FIXED_BEAM_JOINT_GLOBAL_INFEASIBLE,4,True,NONE,,
44025,0,21,5,FIXED_Q_FIXED_BEAM_JOINT_GLOBAL_INFEASIBLE,4,True,NONE,,
44025,0,22,5,FIXED_Q_FIXED_BEAM_JOINT_GLOBAL_INFEASIBLE,4,True,NONE,,
44025,0,23,5,FIXED_Q_FIXED_BEAM_JOINT_GLOBAL_INFEASIBLE,4,True,NONE,,
44025,0,24,5,FIXED_Q_FIXED_BEAM_JOINT_GLOBAL_INFEASIBLE,4,True,NONE,,
44025,0,25,5,FIXED_Q_FIXED_BEAM_JOINT_GLOBAL_INFEASIBLE,4,True,NONE,,
44025,0,26,5,FIXED_Q_FIXED_BEAM_JOINT_GLOBAL_INFEASIBLE,4,True,NONE,,
44025,0,27,5,FIXED_Q_FIXED_BEAM_JOINT_GLOBAL_INFEASIBLE,4,True,NONE,,
44025,0,28,5,FIXED_Q_FIXED_BEAM_JOINT_GLOBAL_INFEASIBLE,4,True,NONE,,
44025,0,29,5,FIXED_Q_FIXED_BEAM_JOINT_GLOBAL_INFEASIBLE,4,True,NONE,,
44025,0,30,5,FIXED_Q_FIXED_BEAM_JOINT_GLOBAL_INFEASIBLE,4,True,NONE,,
44025,0,31,5,FIXED_Q_FIXED_BEAM_JOINT_GLOBAL_INFEASIBLE,4,True,NONE,,
44025,0,32,5,FIXED_Q_FIXED_BEAM_JOINT_GLOBAL_INFEASIBLE,4,True,NONE,,
44025,0,33,5,FIXED_Q_FIXED_BEAM_JOINT_GLOBAL_INFEASIBLE,4,True,NONE,,
44025,0,34,5,FIXED_Q_FIXED_BEAM_JOINT_GLOBAL_INFEASIBLE,4,True,NONE,,
44025,0,35,5,FIXED_Q_FIXED_BEAM_JOINT_GLOBAL_INFEASIBLE,4,True,NONE,,
44025,0,36,5,FIXED_Q_FIXED_BEAM_JOINT_GLOBAL_INFEASIBLE,4,True,NONE,,
44025,0,37,5,FIXED_Q_FIXED_BEAM_JOINT_GLOBAL_INFEASIBLE,4,True,NONE,,
44025,0,38,5,FIXED_Q_FIXED_BEAM_JOINT_GLOBAL_INFEASIBLE,4,True,NONE,,
44025,0,39,5,FIXED_Q_FIXED_BEAM_JOINT_GLOBAL_INFEASIBLE,4,True,NONE,,
44025,0,80,5,EXPANDED_LOCAL_HYBRID_K4_FEASIBLE,1,True,EXPANDED_LOCAL_HYBRID,4.0,9.0
44025,0,81,5,EXPANDED_LOCAL_HYBRID_K4_FEASIBLE,1,True,EXPANDED_LOCAL_HYBRID,4.0,9.0
44025,0,82,5,EXPANDED_LOCAL_HYBRID_K4_FEASIBLE,1,True,EXPANDED_LOCAL_HYBRID,4.0,9.0
44025,0,83,5,EXPANDED_LOCAL_HYBRID_K4_FEASIBLE,1,True,EXPANDED_LOCAL_HYBRID,4.0,9.0
44025,0,84,5,EXPANDED_LOCAL_HYBRID_K4_FEASIBLE,1,True,EXPANDED_LOCAL_HYBRID,4.0,8.0
44025,0,100,5,FIXED_Q_FIXED_BEAM_JOINT_GLOBAL_INFEASIBLE,4,True,NONE,,
44025,0,101,5,FIXED_Q_FIXED_BEAM_JOINT_GLOBAL_INFEASIBLE,4,True,NONE,,
44025,0,102,5,FIXED_Q_FIXED_BEAM_JOINT_GLOBAL_INFEASIBLE,4,True,NONE,,
44025,0,103,5,FIXED_Q_FIXED_BEAM_JOINT_GLOBAL_INFEASIBLE,4,True,NONE,,
44025,0,104,5,FIXED_Q_FIXED_BEAM_JOINT_GLOBAL_INFEASIBLE,4,True,NONE,,
44025,0,105,5,FIXED_Q_FIXED_BEAM_JOINT_GLOBAL_INFEASIBLE,4,True,NONE,,
44025,0,106,5,FIXED_Q_FIXED_BEAM_JOINT_GLOBAL_INFEASIBLE,4,True,NONE,,
44025,0,107,5,FIXED_Q_FIXED_BEAM_JOINT_GLOBAL_INFEASIBLE,4,True,NONE,,
44025,0,108,5,FIXED_Q_FIXED_BEAM_JOINT_GLOBAL_INFEASIBLE,4,True,NONE,,
44025,0,109,5,FIXED_Q_FIXED_BEAM_JOINT_GLOBAL_INFEASIBLE,4,True,NONE,,
44025,0,110,5,FIXED_Q_FIXED_BEAM_JOINT_GLOBAL_INFEASIBLE,4,True,NONE,,
44025,0,111,5,FIXED_Q_FIXED_BEAM_JOINT_GLOBAL_INFEASIBLE,4,True,NONE,,
44025,0,112,5,FIXED_Q_FIXED_BEAM_JOINT_GLOBAL_INFEASIBLE,4,True,NONE,,
44025,0,113,5,FIXED_Q_FIXED_BEAM_JOINT_GLOBAL_INFEASIBLE,4,True,NONE,,
44025,0,114,5,FIXED_Q_FIXED_BEAM_JOINT_GLOBAL_INFEASIBLE,4,True,NONE,,
44025,0,115,5,FIXED_Q_FIXED_BEAM_JOINT_GLOBAL_INFEASIBLE,4,True,NONE,,
44025,0,116,5,FIXED_Q_FIXED_BEAM_JOINT_GLOBAL_INFEASIBLE,4,True,NONE,,
44025,0,117,2,FIXED_Q_FIXED_BEAM_JOINT_GLOBAL_INFEASIBLE,4,True,NONE,,
44025,1,20,5,FIXED_Q_FIXED_BEAM_JOINT_GLOBAL_INFEASIBLE,4,True,NONE,,
44025,1,21,5,FIXED_Q_FIXED_BEAM_JOINT_GLOBAL_INFEASIBLE,4,True,NONE,,
44025,1,22,5,FIXED_Q_FIXED_BEAM_JOINT_GLOBAL_INFEASIBLE,4,True,NONE,,
44025,1,23,5,FIXED_Q_FIXED_BEAM_JOINT_GLOBAL_INFEASIBLE,4,True,NONE,,
44025,1,24,5,FIXED_Q_FIXED_BEAM_JOINT_GLOBAL_INFEASIBLE,4,True,NONE,,
44025,1,25,5,FIXED_Q_FIXED_BEAM_JOINT_GLOBAL_INFEASIBLE,4,True,NONE,,
44025,1,26,5,FIXED_Q_FIXED_BEAM_JOINT_GLOBAL_INFEASIBLE,4,True,NONE,,
44025,1,27,5,FIXED_Q_FIXED_BEAM_JOINT_GLOBAL_INFEASIBLE,4,True,NONE,,
44025,1,28,5,FIXED_Q_FIXED_BEAM_JOINT_GLOBAL_INFEASIBLE,4,True,NONE,,
44025,1,29,5,FIXED_Q_FIXED_BEAM_JOINT_GLOBAL_INFEASIBLE,4,True,NONE,,
44025,1,30,5,FIXED_Q_FIXED_BEAM_JOINT_GLOBAL_INFEASIBLE,4,True,NONE,,
44025,1,31,5,FIXED_Q_FIXED_BEAM_JOINT_GLOBAL_INFEASIBLE,4,True,NONE,,
44025,1,32,5,FIXED_Q_FIXED_BEAM_JOINT_GLOBAL_INFEASIBLE,4,True,NONE,,
44025,1,33,5,FIXED_Q_FIXED_BEAM_JOINT_GLOBAL_INFEASIBLE,4,True,NONE,,
44025,1,34,5,FIXED_Q_FIXED_BEAM_JOINT_GLOBAL_INFEASIBLE,4,True,NONE,,
44025,1,35,5,FIXED_Q_FIXED_BEAM_JOINT_GLOBAL_INFEASIBLE,4,True,NONE,,
44025,1,36,5,FIXED_Q_FIXED_BEAM_JOINT_GLOBAL_INFEASIBLE,4,True,NONE,,
44025,1,37,5,FIXED_Q_FIXED_BEAM_JOINT_GLOBAL_INFEASIBLE,4,True,NONE,,
44025,1,38,5,FIXED_Q_FIXED_BEAM_JOINT_GLOBAL_INFEASIBLE,4,True,NONE,,
44025,1,39,5,FIXED_Q_FIXED_BEAM_JOINT_GLOBAL_INFEASIBLE,4,True,NONE,,
44025,1,80,5,EXPANDED_LOCAL_HYBRID_K4_FEASIBLE,1,True,EXPANDED_LOCAL_HYBRID,4.0,9.0
44025,1,81,5,EXPANDED_LOCAL_HYBRID_K4_FEASIBLE,1,True,EXPANDED_LOCAL_HYBRID,4.0,9.0
44025,1,82,5,EXPANDED_LOCAL_HYBRID_K4_FEASIBLE,1,True,EXPANDED_LOCAL_HYBRID,4.0,9.0
44025,1,83,5,EXPANDED_LOCAL_HYBRID_K4_FEASIBLE,1,True,EXPANDED_LOCAL_HYBRID,4.0,9.0
44025,1,84,5,EXPANDED_LOCAL_HYBRID_K4_FEASIBLE,1,True,EXPANDED_LOCAL_HYBRID,4.0,8.0
44025,1,100,5,FIXED_Q_FIXED_BEAM_JOINT_GLOBAL_INFEASIBLE,4,True,NONE,,
44025,1,101,5,FIXED_Q_FIXED_BEAM_JOINT_GLOBAL_INFEASIBLE,4,True,NONE,,
44025,1,102,5,FIXED_Q_FIXED_BEAM_JOINT_GLOBAL_INFEASIBLE,4,True,NONE,,
44025,1,103,5,FIXED_Q_FIXED_BEAM_JOINT_GLOBAL_INFEASIBLE,4,True,NONE,,
44025,1,104,5,FIXED_Q_FIXED_BEAM_JOINT_GLOBAL_INFEASIBLE,4,True,NONE,,
44025,1,105,5,FIXED_Q_FIXED_BEAM_JOINT_GLOBAL_INFEASIBLE,4,True,NONE,,
44025,1,106,5,FIXED_Q_FIXED_BEAM_JOINT_GLOBAL_INFEASIBLE,4,True,NONE,,
44025,1,107,5,FIXED_Q_FIXED_BEAM_JOINT_GLOBAL_INFEASIBLE,4,True,NONE,,
44025,1,108,5,FIXED_Q_FIXED_BEAM_JOINT_GLOBAL_INFEASIBLE,4,True,NONE,,
44025,1,109,5,FIXED_Q_FIXED_BEAM_JOINT_GLOBAL_INFEASIBLE,4,True,NONE,,
44025,1,110,5,FIXED_Q_FIXED_BEAM_JOINT_GLOBAL_INFEASIBLE,4,True,NONE,,
44025,1,111,5,FIXED_Q_FIXED_BEAM_JOINT_GLOBAL_INFEASIBLE,4,True,NONE,,
44025,1,112,5,FIXED_Q_FIXED_BEAM_JOINT_GLOBAL_INFEASIBLE,4,True,NONE,,
44025,1,113,5,FIXED_Q_FIXED_BEAM_JOINT_GLOBAL_INFEASIBLE,4,True,NONE,,
44025,1,114,1,FIXED_Q_FIXED_BEAM_JOINT_GLOBAL_INFEASIBLE,4,True,NONE,,
44025,2,20,5,FIXED_Q_FIXED_BEAM_JOINT_GLOBAL_INFEASIBLE,4,True,NONE,,
44025,2,21,5,FIXED_Q_FIXED_BEAM_JOINT_GLOBAL_INFEASIBLE,4,True,NONE,,
44025,2,22,5,FIXED_Q_FIXED_BEAM_JOINT_GLOBAL_INFEASIBLE,4,True,NONE,,
44025,2,23,5,FIXED_Q_FIXED_BEAM_JOINT_GLOBAL_INFEASIBLE,4,True,NONE,,
44025,2,24,5,FIXED_Q_FIXED_BEAM_JOINT_GLOBAL_INFEASIBLE,4,True,NONE,,
44025,2,25,5,FIXED_Q_FIXED_BEAM_JOINT_GLOBAL_INFEASIBLE,4,True,NONE,,
44025,2,26,5,FIXED_Q_FIXED_BEAM_JOINT_GLOBAL_INFEASIBLE,4,True,NONE,,
44025,2,27,5,FIXED_Q_FIXED_BEAM_JOINT_GLOBAL_INFEASIBLE,4,True,NONE,,
44025,2,28,5,FIXED_Q_FIXED_BEAM_JOINT_GLOBAL_INFEASIBLE,4,True,NONE,,
44025,2,29,5,FIXED_Q_FIXED_BEAM_JOINT_GLOBAL_INFEASIBLE,4,True,NONE,,
44025,2,30,5,FIXED_Q_FIXED_BEAM_JOINT_GLOBAL_INFEASIBLE,4,True,NONE,,
44025,2,31,5,FIXED_Q_FIXED_BEAM_JOINT_GLOBAL_INFEASIBLE,4,True,NONE,,
44025,2,32,5,FIXED_Q_FIXED_BEAM_JOINT_GLOBAL_INFEASIBLE,4,True,NONE,,
44025,2,33,5,FIXED_Q_FIXED_BEAM_JOINT_GLOBAL_INFEASIBLE,4,True,NONE,,
44025,2,34,5,FIXED_Q_FIXED_BEAM_JOINT_GLOBAL_INFEASIBLE,4,True,NONE,,
44025,2,35,5,FIXED_Q_FIXED_BEAM_JOINT_GLOBAL_INFEASIBLE,4,True,NONE,,
44025,2,36,5,FIXED_Q_FIXED_BEAM_JOINT_GLOBAL_INFEASIBLE,4,True,NONE,,
44025,2,37,5,FIXED_Q_FIXED_BEAM_JOINT_GLOBAL_INFEASIBLE,4,True,NONE,,
44025,2,38,5,FIXED_Q_FIXED_BEAM_JOINT_GLOBAL_INFEASIBLE,4,True,NONE,,
44025,2,39,5,FIXED_Q_FIXED_BEAM_JOINT_GLOBAL_INFEASIBLE,4,True,NONE,,
44025,2,80,5,EXPANDED_LOCAL_HYBRID_K4_FEASIBLE,1,True,EXPANDED_LOCAL_HYBRID,4.0,9.0
44025,2,81,5,EXPANDED_LOCAL_HYBRID_K4_FEASIBLE,1,True,EXPANDED_LOCAL_HYBRID,4.0,9.0
44025,2,82,5,EXPANDED_LOCAL_HYBRID_K4_FEASIBLE,1,True,EXPANDED_LOCAL_HYBRID,4.0,9.0
44025,2,83,5,EXPANDED_LOCAL_HYBRID_K4_FEASIBLE,1,True,EXPANDED_LOCAL_HYBRID,4.0,8.0
44025,2,84,5,EXPANDED_LOCAL_HYBRID_K4_FEASIBLE,1,True,EXPANDED_LOCAL_HYBRID,4.0,8.0
44025,2,88,5,EXPANDED_LOCAL_HYBRID_K4_FEASIBLE,1,True,EXPANDED_LOCAL_HYBRID,4.0,8.0
44025,2,89,5,EXPANDED_LOCAL_HYBRID_K4_FEASIBLE,1,True,EXPANDED_LOCAL_HYBRID,4.0,8.0
44025,2,91,5,EXPANDED_LOCAL_HYBRID_K4_FEASIBLE,1,True,EXPANDED_LOCAL_HYBRID,4.0,8.0
44025,2,92,5,EXPANDED_LOCAL_HYBRID_K4_FEASIBLE,1,True,EXPANDED_LOCAL_HYBRID,4.0,8.0
44025,2,94,5,EXPANDED_LOCAL_HYBRID_K4_FEASIBLE,1,True,EXPANDED_LOCAL_HYBRID,4.0,8.0
44025,2,95,5,EXPANDED_LOCAL_HYBRID_K4_FEASIBLE,1,True,EXPANDED_LOCAL_HYBRID,4.0,8.0
44025,2,96,5,EXPANDED_LOCAL_HYBRID_K4_FEASIBLE,1,True,EXPANDED_LOCAL_HYBRID,4.0,8.0
44025,2,97,5,EXPANDED_LOCAL_HYBRID_K4_FEASIBLE,1,True,EXPANDED_LOCAL_HYBRID,4.0,8.0
44025,2,98,5,EXPANDED_LOCAL_HYBRID_K4_FEASIBLE,1,True,EXPANDED_LOCAL_HYBRID,4.0,8.0
44025,2,99,5,EXPANDED_LOCAL_HYBRID_K4_FEASIBLE,1,True,EXPANDED_LOCAL_HYBRID,4.0,8.0
44025,2,100,5,FIXED_Q_FIXED_BEAM_JOINT_GLOBAL_INFEASIBLE,4,True,NONE,,
44025,2,101,5,FIXED_Q_FIXED_BEAM_JOINT_GLOBAL_INFEASIBLE,4,True,NONE,,
44025,2,102,5,FIXED_Q_FIXED_BEAM_JOINT_GLOBAL_INFEASIBLE,4,True,NONE,,
44025,2,103,5,FIXED_Q_FIXED_BEAM_JOINT_GLOBAL_INFEASIBLE,4,True,NONE,,
44025,2,104,5,FIXED_Q_FIXED_BEAM_JOINT_GLOBAL_INFEASIBLE,4,True,NONE,,
44025,2,105,5,FIXED_Q_FIXED_BEAM_JOINT_GLOBAL_INFEASIBLE,4,True,NONE,,
44025,2,106,5,FIXED_Q_FIXED_BEAM_JOINT_GLOBAL_INFEASIBLE,4,True,NONE,,
44025,2,107,5,FIXED_Q_FIXED_BEAM_JOINT_GLOBAL_INFEASIBLE,4,True,NONE,,
44025,2,108,5,FIXED_Q_FIXED_BEAM_JOINT_GLOBAL_INFEASIBLE,4,True,NONE,,
44025,2,109,5,FIXED_Q_FIXED_BEAM_JOINT_GLOBAL_INFEASIBLE,4,True,NONE,,
44025,2,110,5,FIXED_Q_FIXED_BEAM_JOINT_GLOBAL_INFEASIBLE,4,True,NONE,,
44025,2,111,5,FIXED_Q_FIXED_BEAM_JOINT_GLOBAL_INFEASIBLE,4,True,NONE,,
44025,2,112,5,FIXED_Q_FIXED_BEAM_JOINT_GLOBAL_INFEASIBLE,4,True,NONE,,
44025,2,113,5,FIXED_Q_FIXED_BEAM_JOINT_GLOBAL_INFEASIBLE,4,True,NONE,,
44025,2,114,5,FIXED_Q_FIXED_BEAM_JOINT_GLOBAL_INFEASIBLE,4,True,NONE,,
44025,2,115,5,FIXED_Q_FIXED_BEAM_JOINT_GLOBAL_INFEASIBLE,4,True,NONE,,
44025,2,116,1,FIXED_Q_FIXED_BEAM_JOINT_GLOBAL_INFEASIBLE,4,True,NONE,,
44025,3,20,5,FIXED_Q_FIXED_BEAM_JOINT_GLOBAL_INFEASIBLE,4,True,NONE,,
44025,3,21,5,FIXED_Q_FIXED_BEAM_JOINT_GLOBAL_INFEASIBLE,4,True,NONE,,
44025,3,22,5,FIXED_Q_FIXED_BEAM_JOINT_GLOBAL_INFEASIBLE,4,True,NONE,,
44025,3,23,5,FIXED_Q_FIXED_BEAM_JOINT_GLOBAL_INFEASIBLE,4,True,NONE,,
44025,3,24,5,FIXED_Q_FIXED_BEAM_JOINT_GLOBAL_INFEASIBLE,4,True,NONE,,
44025,3,25,5,FIXED_Q_FIXED_BEAM_JOINT_GLOBAL_INFEASIBLE,4,True,NONE,,
44025,3,26,5,FIXED_Q_FIXED_BEAM_JOINT_GLOBAL_INFEASIBLE,4,True,NONE,,
44025,3,27,5,FIXED_Q_FIXED_BEAM_JOINT_GLOBAL_INFEASIBLE,4,True,NONE,,
44025,3,28,5,FIXED_Q_FIXED_BEAM_JOINT_GLOBAL_INFEASIBLE,4,True,NONE,,
44025,3,29,5,FIXED_Q_FIXED_BEAM_JOINT_GLOBAL_INFEASIBLE,4,True,NONE,,
44025,3,30,5,FIXED_Q_FIXED_BEAM_JOINT_GLOBAL_INFEASIBLE,4,True,NONE,,
44025,3,31,5,FIXED_Q_FIXED_BEAM_JOINT_GLOBAL_INFEASIBLE,4,True,NONE,,
44025,3,32,5,FIXED_Q_FIXED_BEAM_JOINT_GLOBAL_INFEASIBLE,4,True,NONE,,
44025,3,33,5,FIXED_Q_FIXED_BEAM_JOINT_GLOBAL_INFEASIBLE,4,True,NONE,,
44025,3,34,5,FIXED_Q_FIXED_BEAM_JOINT_GLOBAL_INFEASIBLE,4,True,NONE,,
44025,3,35,5,FIXED_Q_FIXED_BEAM_JOINT_GLOBAL_INFEASIBLE,4,True,NONE,,
44025,3,36,5,FIXED_Q_FIXED_BEAM_JOINT_GLOBAL_INFEASIBLE,4,True,NONE,,
44025,3,37,5,FIXED_Q_FIXED_BEAM_JOINT_GLOBAL_INFEASIBLE,4,True,NONE,,
44025,3,38,5,FIXED_Q_FIXED_BEAM_JOINT_GLOBAL_INFEASIBLE,4,True,NONE,,
44025,3,39,5,FIXED_Q_FIXED_BEAM_JOINT_GLOBAL_INFEASIBLE,4,True,NONE,,
44025,3,80,5,EXPANDED_LOCAL_HYBRID_K4_FEASIBLE,1,True,EXPANDED_LOCAL_HYBRID,4.0,9.0
44025,3,81,5,EXPANDED_LOCAL_HYBRID_K4_FEASIBLE,1,True,EXPANDED_LOCAL_HYBRID,4.0,9.0
44025,3,82,5,EXPANDED_LOCAL_HYBRID_K4_FEASIBLE,1,True,EXPANDED_LOCAL_HYBRID,4.0,9.0
44025,3,83,5,EXPANDED_LOCAL_HYBRID_K4_FEASIBLE,1,True,EXPANDED_LOCAL_HYBRID,4.0,8.0
44025,3,84,5,EXPANDED_LOCAL_HYBRID_K4_FEASIBLE,1,True,EXPANDED_LOCAL_HYBRID,4.0,8.0
44025,3,85,5,EXPANDED_LOCAL_HYBRID_K4_FEASIBLE,1,True,EXPANDED_LOCAL_HYBRID,4.0,8.0
44025,3,88,5,EXPANDED_LOCAL_HYBRID_K4_FEASIBLE,1,True,EXPANDED_LOCAL_HYBRID,4.0,8.0
44025,3,90,5,EXPANDED_LOCAL_HYBRID_K4_FEASIBLE,1,True,EXPANDED_LOCAL_HYBRID,4.0,8.0
44025,3,91,5,EXPANDED_LOCAL_HYBRID_K4_FEASIBLE,1,True,EXPANDED_LOCAL_HYBRID,4.0,8.0
44025,3,92,5,EXPANDED_LOCAL_HYBRID_K4_FEASIBLE,1,True,EXPANDED_LOCAL_HYBRID,4.0,8.0
44025,3,93,5,EXPANDED_LOCAL_HYBRID_K4_FEASIBLE,1,True,EXPANDED_LOCAL_HYBRID,4.0,8.0
44025,3,94,5,EXPANDED_LOCAL_HYBRID_K4_FEASIBLE,1,True,EXPANDED_LOCAL_HYBRID,4.0,8.0
44025,3,95,5,EXPANDED_LOCAL_HYBRID_K4_FEASIBLE,1,True,EXPANDED_LOCAL_HYBRID,4.0,8.0
44025,3,96,5,EXPANDED_LOCAL_HYBRID_K4_FEASIBLE,1,True,EXPANDED_LOCAL_HYBRID,4.0,8.0
44025,3,97,5,EXPANDED_LOCAL_HYBRID_K4_FEASIBLE,1,True,EXPANDED_LOCAL_HYBRID,4.0,8.0
44025,3,98,5,EXPANDED_LOCAL_HYBRID_K4_FEASIBLE,1,True,EXPANDED_LOCAL_HYBRID,4.0,8.0
44025,3,99,5,EXPANDED_LOCAL_HYBRID_K4_FEASIBLE,1,True,EXPANDED_LOCAL_HYBRID,4.0,9.0
44025,3,100,5,FIXED_Q_FIXED_BEAM_JOINT_GLOBAL_INFEASIBLE,4,True,NONE,,
44025,3,101,5,FIXED_Q_FIXED_BEAM_JOINT_GLOBAL_INFEASIBLE,4,True,NONE,,
44025,3,102,5,FIXED_Q_FIXED_BEAM_JOINT_GLOBAL_INFEASIBLE,4,True,NONE,,
44025,3,103,5,FIXED_Q_FIXED_BEAM_JOINT_GLOBAL_INFEASIBLE,4,True,NONE,,
44025,3,104,5,FIXED_Q_FIXED_BEAM_JOINT_GLOBAL_INFEASIBLE,4,True,NONE,,
44025,3,105,5,FIXED_Q_FIXED_BEAM_JOINT_GLOBAL_INFEASIBLE,4,True,NONE,,
44025,3,106,5,FIXED_Q_FIXED_BEAM_JOINT_GLOBAL_INFEASIBLE,4,True,NONE,,
44025,3,107,5,FIXED_Q_FIXED_BEAM_JOINT_GLOBAL_INFEASIBLE,4,True,NONE,,
44025,3,108,5,FIXED_Q_FIXED_BEAM_JOINT_GLOBAL_INFEASIBLE,4,True,NONE,,
44025,3,109,5,FIXED_Q_FIXED_BEAM_JOINT_GLOBAL_INFEASIBLE,4,True,NONE,,
44025,3,110,5,FIXED_Q_FIXED_BEAM_JOINT_GLOBAL_INFEASIBLE,4,True,NONE,,
44025,3,111,5,FIXED_Q_FIXED_BEAM_JOINT_GLOBAL_INFEASIBLE,4,True,NONE,,
44025,3,112,5,FIXED_Q_FIXED_BEAM_JOINT_GLOBAL_INFEASIBLE,4,True,NONE,,
44025,3,113,5,FIXED_Q_FIXED_BEAM_JOINT_GLOBAL_INFEASIBLE,4,True,NONE,,
44025,3,114,5,FIXED_Q_FIXED_BEAM_JOINT_GLOBAL_INFEASIBLE,4,True,NONE,,
44025,3,115,5,FIXED_Q_FIXED_BEAM_JOINT_GLOBAL_INFEASIBLE,4,True,NONE,,
44025,3,116,5,FIXED_Q_FIXED_BEAM_JOINT_GLOBAL_INFEASIBLE,4,True,NONE,,
44025,3,117,5,FIXED_Q_FIXED_BEAM_JOINT_GLOBAL_INFEASIBLE,4,True,NONE,,
44025,4,20,5,FIXED_Q_FIXED_BEAM_JOINT_GLOBAL_INFEASIBLE,4,True,NONE,,
44025,4,21,5,FIXED_Q_FIXED_BEAM_JOINT_GLOBAL_INFEASIBLE,4,True,NONE,,
44025,4,22,5,FIXED_Q_FIXED_BEAM_JOINT_GLOBAL_INFEASIBLE,4,True,NONE,,
44025,4,23,5,FIXED_Q_FIXED_BEAM_JOINT_GLOBAL_INFEASIBLE,4,True,NONE,,
44025,4,24,5,FIXED_Q_FIXED_BEAM_JOINT_GLOBAL_INFEASIBLE,4,True,NONE,,
44025,4,25,5,FIXED_Q_FIXED_BEAM_JOINT_GLOBAL_INFEASIBLE,4,True,NONE,,
44025,4,26,5,FIXED_Q_FIXED_BEAM_JOINT_GLOBAL_INFEASIBLE,4,True,NONE,,
44025,4,27,5,FIXED_Q_FIXED_BEAM_JOINT_GLOBAL_INFEASIBLE,4,True,NONE,,
44025,4,28,5,FIXED_Q_FIXED_BEAM_JOINT_GLOBAL_INFEASIBLE,4,True,NONE,,
44025,4,29,5,FIXED_Q_FIXED_BEAM_JOINT_GLOBAL_INFEASIBLE,4,True,NONE,,
44025,4,30,5,FIXED_Q_FIXED_BEAM_JOINT_GLOBAL_INFEASIBLE,4,True,NONE,,
44025,4,31,5,FIXED_Q_FIXED_BEAM_JOINT_GLOBAL_INFEASIBLE,4,True,NONE,,
44025,4,32,5,FIXED_Q_FIXED_BEAM_JOINT_GLOBAL_INFEASIBLE,4,True,NONE,,
44025,4,33,5,FIXED_Q_FIXED_BEAM_JOINT_GLOBAL_INFEASIBLE,4,True,NONE,,
44025,4,34,5,FIXED_Q_FIXED_BEAM_JOINT_GLOBAL_INFEASIBLE,4,True,NONE,,
44025,4,35,5,FIXED_Q_FIXED_BEAM_JOINT_GLOBAL_INFEASIBLE,4,True,NONE,,
44025,4,36,5,FIXED_Q_FIXED_BEAM_JOINT_GLOBAL_INFEASIBLE,4,True,NONE,,
44025,4,37,5,FIXED_Q_FIXED_BEAM_JOINT_GLOBAL_INFEASIBLE,4,True,NONE,,
44025,4,38,5,FIXED_Q_FIXED_BEAM_JOINT_GLOBAL_INFEASIBLE,4,True,NONE,,
44025,4,39,5,FIXED_Q_FIXED_BEAM_JOINT_GLOBAL_INFEASIBLE,4,True,NONE,,
44025,4,80,5,EXPANDED_LOCAL_HYBRID_K4_FEASIBLE,1,True,EXPANDED_LOCAL_HYBRID,4.0,9.0
44025,4,81,5,EXPANDED_LOCAL_HYBRID_K4_FEASIBLE,1,True,EXPANDED_LOCAL_HYBRID,4.0,9.0
44025,4,82,5,EXPANDED_LOCAL_HYBRID_K4_FEASIBLE,1,True,EXPANDED_LOCAL_HYBRID,4.0,9.0
44025,4,83,5,EXPANDED_LOCAL_HYBRID_K4_FEASIBLE,1,True,EXPANDED_LOCAL_HYBRID,4.0,8.0
44025,4,84,5,EXPANDED_LOCAL_HYBRID_K4_FEASIBLE,1,True,EXPANDED_LOCAL_HYBRID,4.0,8.0
44025,4,85,5,EXPANDED_LOCAL_HYBRID_K4_FEASIBLE,1,True,EXPANDED_LOCAL_HYBRID,4.0,8.0
44025,4,89,5,EXPANDED_LOCAL_HYBRID_K4_FEASIBLE,1,True,EXPANDED_LOCAL_HYBRID,4.0,8.0
44025,4,90,5,EXPANDED_LOCAL_HYBRID_K4_FEASIBLE,1,True,EXPANDED_LOCAL_HYBRID,4.0,8.0
44025,4,92,5,EXPANDED_LOCAL_HYBRID_K4_FEASIBLE,1,True,EXPANDED_LOCAL_HYBRID,4.0,8.0
44025,4,93,5,EXPANDED_LOCAL_HYBRID_K4_FEASIBLE,1,True,EXPANDED_LOCAL_HYBRID,4.0,8.0
44025,4,94,5,EXPANDED_LOCAL_HYBRID_K4_FEASIBLE,1,True,EXPANDED_LOCAL_HYBRID,4.0,8.0
44025,4,95,5,EXPANDED_LOCAL_HYBRID_K4_FEASIBLE,1,True,EXPANDED_LOCAL_HYBRID,4.0,8.0
44025,4,96,5,EXPANDED_LOCAL_HYBRID_K4_FEASIBLE,1,True,EXPANDED_LOCAL_HYBRID,4.0,8.0
44025,4,97,5,EXPANDED_LOCAL_HYBRID_K4_FEASIBLE,1,True,EXPANDED_LOCAL_HYBRID,4.0,8.0
44025,4,98,5,EXPANDED_LOCAL_HYBRID_K4_FEASIBLE,1,True,EXPANDED_LOCAL_HYBRID,4.0,8.0
44025,4,99,5,EXPANDED_LOCAL_HYBRID_K4_FEASIBLE,1,True,EXPANDED_LOCAL_HYBRID,4.0,8.0
44025,4,100,5,FIXED_Q_FIXED_BEAM_JOINT_GLOBAL_INFEASIBLE,4,True,NONE,,
44025,4,101,5,FIXED_Q_FIXED_BEAM_JOINT_GLOBAL_INFEASIBLE,4,True,NONE,,
44025,4,102,5,FIXED_Q_FIXED_BEAM_JOINT_GLOBAL_INFEASIBLE,4,True,NONE,,
44025,4,103,5,FIXED_Q_FIXED_BEAM_JOINT_GLOBAL_INFEASIBLE,4,True,NONE,,
44025,4,104,5,FIXED_Q_FIXED_BEAM_JOINT_GLOBAL_INFEASIBLE,4,True,NONE,,
44025,4,105,5,FIXED_Q_FIXED_BEAM_JOINT_GLOBAL_INFEASIBLE,4,True,NONE,,
44025,4,106,5,FIXED_Q_FIXED_BEAM_JOINT_GLOBAL_INFEASIBLE,4,True,NONE,,
44025,4,107,5,FIXED_Q_FIXED_BEAM_JOINT_GLOBAL_INFEASIBLE,4,True,NONE,,
44025,4,108,5,FIXED_Q_FIXED_BEAM_JOINT_GLOBAL_INFEASIBLE,4,True,NONE,,
44025,4,109,5,FIXED_Q_FIXED_BEAM_JOINT_GLOBAL_INFEASIBLE,4,True,NONE,,
44025,4,110,5,FIXED_Q_FIXED_BEAM_JOINT_GLOBAL_INFEASIBLE,4,True,NONE,,
44025,4,111,5,FIXED_Q_FIXED_BEAM_JOINT_GLOBAL_INFEASIBLE,4,True,NONE,,
44025,4,112,5,FIXED_Q_FIXED_BEAM_JOINT_GLOBAL_INFEASIBLE,4,True,NONE,,
44025,4,113,5,FIXED_Q_FIXED_BEAM_JOINT_GLOBAL_INFEASIBLE,4,True,NONE,,
44025,4,114,5,FIXED_Q_FIXED_BEAM_JOINT_GLOBAL_INFEASIBLE,4,True,NONE,,
44025,4,115,5,FIXED_Q_FIXED_BEAM_JOINT_GLOBAL_INFEASIBLE,4,True,NONE,,
44025,4,116,5,FIXED_Q_FIXED_BEAM_JOINT_GLOBAL_INFEASIBLE,4,True,NONE,,
44025,4,117,5,FIXED_Q_FIXED_BEAM_JOINT_GLOBAL_INFEASIBLE,4,True,NONE,,
44026,0,0,5,FIXED_Q_FIXED_BEAM_JOINT_GLOBAL_INFEASIBLE,3,False,NONE,,
44026,0,1,5,FIXED_Q_FIXED_BEAM_JOINT_GLOBAL_INFEASIBLE,3,False,NONE,,
44026,0,2,5,FIXED_Q_FIXED_BEAM_JOINT_GLOBAL_INFEASIBLE,3,False,NONE,,
44026,0,3,5,FIXED_Q_FIXED_BEAM_JOINT_GLOBAL_INFEASIBLE,3,False,NONE,,
44026,0,4,5,FIXED_Q_FIXED_BEAM_JOINT_GLOBAL_INFEASIBLE,3,False,NONE,,
44026,0,5,5,FIXED_Q_FIXED_BEAM_JOINT_GLOBAL_INFEASIBLE,3,False,NONE,,
44026,0,6,5,FIXED_Q_FIXED_BEAM_JOINT_GLOBAL_INFEASIBLE,3,False,NONE,,
44026,0,7,5,FIXED_Q_FIXED_BEAM_JOINT_GLOBAL_INFEASIBLE,3,False,NONE,,
44026,0,8,5,FIXED_Q_FIXED_BEAM_JOINT_GLOBAL_INFEASIBLE,3,False,NONE,,
44026,0,9,5,FIXED_Q_FIXED_BEAM_JOINT_GLOBAL_INFEASIBLE,3,False,NONE,,
44026,0,10,5,FIXED_Q_FIXED_BEAM_JOINT_GLOBAL_INFEASIBLE,3,False,NONE,,
44026,0,11,5,FIXED_Q_FIXED_BEAM_JOINT_GLOBAL_INFEASIBLE,3,False,NONE,,
44026,0,12,5,FIXED_Q_FIXED_BEAM_JOINT_GLOBAL_INFEASIBLE,3,False,NONE,,
44026,0,13,5,FIXED_Q_FIXED_BEAM_JOINT_GLOBAL_INFEASIBLE,3,False,NONE,,
44026,0,14,5,FIXED_Q_FIXED_BEAM_JOINT_GLOBAL_INFEASIBLE,3,False,NONE,,
44026,0,15,5,FIXED_Q_FIXED_BEAM_JOINT_GLOBAL_INFEASIBLE,3,False,NONE,,
44026,0,16,5,FIXED_Q_FIXED_BEAM_JOINT_GLOBAL_INFEASIBLE,3,False,NONE,,
44026,0,17,5,FIXED_Q_FIXED_BEAM_JOINT_GLOBAL_INFEASIBLE,3,False,NONE,,
44026,0,18,5,FIXED_Q_FIXED_BEAM_JOINT_GLOBAL_INFEASIBLE,3,False,NONE,,
44026,0,19,5,FIXED_Q_FIXED_BEAM_JOINT_GLOBAL_INFEASIBLE,3,False,NONE,,
44026,0,40,5,FIXED_Q_FIXED_BEAM_JOINT_GLOBAL_INFEASIBLE,3,False,NONE,,
44026,0,41,5,FIXED_Q_FIXED_BEAM_JOINT_GLOBAL_INFEASIBLE,3,False,NONE,,
44026,0,42,5,FIXED_Q_FIXED_BEAM_JOINT_GLOBAL_INFEASIBLE,3,False,NONE,,
44026,0,43,5,FIXED_Q_FIXED_BEAM_JOINT_GLOBAL_INFEASIBLE,3,False,NONE,,
44026,0,44,5,FIXED_Q_FIXED_BEAM_JOINT_GLOBAL_INFEASIBLE,3,False,NONE,,
44026,0,45,5,FIXED_Q_FIXED_BEAM_JOINT_GLOBAL_INFEASIBLE,3,False,NONE,,
44026,0,46,5,FIXED_Q_FIXED_BEAM_JOINT_GLOBAL_INFEASIBLE,3,False,NONE,,
44026,0,47,5,FIXED_Q_FIXED_BEAM_JOINT_GLOBAL_INFEASIBLE,3,False,NONE,,
44026,0,48,5,FIXED_Q_FIXED_BEAM_JOINT_GLOBAL_INFEASIBLE,3,False,NONE,,
44026,0,49,5,FIXED_Q_FIXED_BEAM_JOINT_GLOBAL_INFEASIBLE,3,False,NONE,,
44026,0,50,5,FIXED_Q_FIXED_BEAM_JOINT_GLOBAL_INFEASIBLE,3,False,NONE,,
44026,0,51,5,FIXED_Q_FIXED_BEAM_JOINT_GLOBAL_INFEASIBLE,3,False,NONE,,
44026,0,52,5,FIXED_Q_FIXED_BEAM_JOINT_GLOBAL_INFEASIBLE,3,False,NONE,,
44026,0,53,5,FIXED_Q_FIXED_BEAM_JOINT_GLOBAL_INFEASIBLE,3,False,NONE,,
44026,0,54,5,FIXED_Q_FIXED_BEAM_JOINT_GLOBAL_INFEASIBLE,3,False,NONE,,
44026,0,55,5,FIXED_Q_FIXED_BEAM_JOINT_GLOBAL_INFEASIBLE,3,False,NONE,,
44026,0,56,5,FIXED_Q_FIXED_BEAM_JOINT_GLOBAL_INFEASIBLE,3,False,NONE,,
44026,0,57,5,FIXED_Q_FIXED_BEAM_JOINT_GLOBAL_INFEASIBLE,3,False,NONE,,
44026,0,58,5,FIXED_Q_FIXED_BEAM_JOINT_GLOBAL_INFEASIBLE,3,False,NONE,,
44026,0,59,5,FIXED_Q_FIXED_BEAM_JOINT_GLOBAL_INFEASIBLE,3,False,NONE,,
44026,0,80,5,FIXED_Q_FIXED_BEAM_JOINT_GLOBAL_INFEASIBLE,2,False,NONE,,
44026,0,81,5,FIXED_Q_FIXED_BEAM_JOINT_GLOBAL_INFEASIBLE,2,False,NONE,,
44026,0,82,5,FIXED_Q_FIXED_BEAM_JOINT_GLOBAL_INFEASIBLE,2,False,NONE,,
44026,0,83,5,FIXED_Q_FIXED_BEAM_JOINT_GLOBAL_INFEASIBLE,2,False,NONE,,
44026,0,84,5,FIXED_Q_FIXED_BEAM_JOINT_GLOBAL_INFEASIBLE,2,False,NONE,,
44026,0,85,5,FIXED_Q_FIXED_BEAM_JOINT_GLOBAL_INFEASIBLE,2,False,NONE,,
44026,0,86,5,FIXED_Q_FIXED_BEAM_JOINT_GLOBAL_INFEASIBLE,2,False,NONE,,
44026,0,87,5,FIXED_Q_FIXED_BEAM_JOINT_GLOBAL_INFEASIBLE,2,False,NONE,,
44026,0,88,5,FIXED_Q_FIXED_BEAM_JOINT_GLOBAL_INFEASIBLE,2,False,NONE,,
44026,0,89,5,FIXED_Q_FIXED_BEAM_JOINT_GLOBAL_INFEASIBLE,2,False,NONE,,
44026,0,90,5,FIXED_Q_FIXED_BEAM_JOINT_GLOBAL_INFEASIBLE,2,False,NONE,,
44026,0,91,5,FIXED_Q_FIXED_BEAM_JOINT_GLOBAL_INFEASIBLE,2,False,NONE,,
44026,0,92,5,FIXED_Q_FIXED_BEAM_JOINT_GLOBAL_INFEASIBLE,2,False,NONE,,
44026,0,93,5,FIXED_Q_FIXED_BEAM_JOINT_GLOBAL_INFEASIBLE,2,False,NONE,,
44026,0,94,5,FIXED_Q_FIXED_BEAM_JOINT_GLOBAL_INFEASIBLE,2,False,NONE,,
44026,0,95,5,FIXED_Q_FIXED_BEAM_JOINT_GLOBAL_INFEASIBLE,2,False,NONE,,
44026,0,96,5,FIXED_Q_FIXED_BEAM_JOINT_GLOBAL_INFEASIBLE,2,False,NONE,,
44026,0,97,5,FIXED_Q_FIXED_BEAM_JOINT_GLOBAL_INFEASIBLE,2,False,NONE,,
44026,0,98,5,FIXED_Q_FIXED_BEAM_JOINT_GLOBAL_INFEASIBLE,2,False,NONE,,
44026,0,99,5,FIXED_Q_FIXED_BEAM_JOINT_GLOBAL_INFEASIBLE,2,False,NONE,,
44026,1,0,5,FIXED_Q_FIXED_BEAM_JOINT_GLOBAL_INFEASIBLE,3,False,NONE,,
44026,1,1,5,FIXED_Q_FIXED_BEAM_JOINT_GLOBAL_INFEASIBLE,3,False,NONE,,
44026,1,2,5,FIXED_Q_FIXED_BEAM_JOINT_GLOBAL_INFEASIBLE,3,False,NONE,,
44026,1,3,5,FIXED_Q_FIXED_BEAM_JOINT_GLOBAL_INFEASIBLE,3,False,NONE,,
44026,1,4,5,FIXED_Q_FIXED_BEAM_JOINT_GLOBAL_INFEASIBLE,3,False,NONE,,
44026,1,5,5,FIXED_Q_FIXED_BEAM_JOINT_GLOBAL_INFEASIBLE,3,False,NONE,,
44026,1,6,5,FIXED_Q_FIXED_BEAM_JOINT_GLOBAL_INFEASIBLE,3,False,NONE,,
44026,1,7,5,FIXED_Q_FIXED_BEAM_JOINT_GLOBAL_INFEASIBLE,3,False,NONE,,
44026,1,8,5,FIXED_Q_FIXED_BEAM_JOINT_GLOBAL_INFEASIBLE,3,False,NONE,,
44026,1,9,5,FIXED_Q_FIXED_BEAM_JOINT_GLOBAL_INFEASIBLE,3,False,NONE,,
44026,1,10,5,FIXED_Q_FIXED_BEAM_JOINT_GLOBAL_INFEASIBLE,3,False,NONE,,
44026,1,11,5,FIXED_Q_FIXED_BEAM_JOINT_GLOBAL_INFEASIBLE,3,False,NONE,,
44026,1,12,5,FIXED_Q_FIXED_BEAM_JOINT_GLOBAL_INFEASIBLE,3,False,NONE,,
44026,1,13,5,FIXED_Q_FIXED_BEAM_JOINT_GLOBAL_INFEASIBLE,3,False,NONE,,
44026,1,14,5,FIXED_Q_FIXED_BEAM_JOINT_GLOBAL_INFEASIBLE,3,False,NONE,,
44026,1,15,5,FIXED_Q_FIXED_BEAM_JOINT_GLOBAL_INFEASIBLE,3,False,NONE,,
44026,1,16,5,FIXED_Q_FIXED_BEAM_JOINT_GLOBAL_INFEASIBLE,3,False,NONE,,
44026,1,17,5,FIXED_Q_FIXED_BEAM_JOINT_GLOBAL_INFEASIBLE,3,False,NONE,,
44026,1,18,5,FIXED_Q_FIXED_BEAM_JOINT_GLOBAL_INFEASIBLE,3,False,NONE,,
44026,1,19,5,FIXED_Q_FIXED_BEAM_JOINT_GLOBAL_INFEASIBLE,3,False,NONE,,
44026,1,40,5,FIXED_Q_FIXED_BEAM_JOINT_GLOBAL_INFEASIBLE,3,False,NONE,,
44026,1,41,5,FIXED_Q_FIXED_BEAM_JOINT_GLOBAL_INFEASIBLE,3,False,NONE,,
44026,1,42,5,FIXED_Q_FIXED_BEAM_JOINT_GLOBAL_INFEASIBLE,3,False,NONE,,
44026,1,43,5,FIXED_Q_FIXED_BEAM_JOINT_GLOBAL_INFEASIBLE,3,False,NONE,,
44026,1,44,5,FIXED_Q_FIXED_BEAM_JOINT_GLOBAL_INFEASIBLE,3,False,NONE,,
44026,1,45,5,FIXED_Q_FIXED_BEAM_JOINT_GLOBAL_INFEASIBLE,3,False,NONE,,
44026,1,46,5,FIXED_Q_FIXED_BEAM_JOINT_GLOBAL_INFEASIBLE,3,False,NONE,,
44026,1,47,5,FIXED_Q_FIXED_BEAM_JOINT_GLOBAL_INFEASIBLE,3,False,NONE,,
44026,1,48,5,FIXED_Q_FIXED_BEAM_JOINT_GLOBAL_INFEASIBLE,3,False,NONE,,
44026,1,49,5,FIXED_Q_FIXED_BEAM_JOINT_GLOBAL_INFEASIBLE,3,False,NONE,,
44026,1,50,5,FIXED_Q_FIXED_BEAM_JOINT_GLOBAL_INFEASIBLE,3,False,NONE,,
44026,1,51,5,FIXED_Q_FIXED_BEAM_JOINT_GLOBAL_INFEASIBLE,3,False,NONE,,
44026,1,52,5,FIXED_Q_FIXED_BEAM_JOINT_GLOBAL_INFEASIBLE,3,False,NONE,,
44026,1,53,5,FIXED_Q_FIXED_BEAM_JOINT_GLOBAL_INFEASIBLE,3,False,NONE,,
44026,1,54,5,FIXED_Q_FIXED_BEAM_JOINT_GLOBAL_INFEASIBLE,3,False,NONE,,
44026,1,55,5,FIXED_Q_FIXED_BEAM_JOINT_GLOBAL_INFEASIBLE,3,False,NONE,,
44026,1,56,5,FIXED_Q_FIXED_BEAM_JOINT_GLOBAL_INFEASIBLE,3,False,NONE,,
44026,1,57,5,FIXED_Q_FIXED_BEAM_JOINT_GLOBAL_INFEASIBLE,3,False,NONE,,
44026,1,58,5,FIXED_Q_FIXED_BEAM_JOINT_GLOBAL_INFEASIBLE,3,False,NONE,,
44026,1,59,5,FIXED_Q_FIXED_BEAM_JOINT_GLOBAL_INFEASIBLE,3,False,NONE,,
44026,1,80,5,FIXED_Q_FIXED_BEAM_JOINT_GLOBAL_INFEASIBLE,2,False,NONE,,
44026,1,81,5,FIXED_Q_FIXED_BEAM_JOINT_GLOBAL_INFEASIBLE,2,False,NONE,,
44026,1,82,5,FIXED_Q_FIXED_BEAM_JOINT_GLOBAL_INFEASIBLE,2,False,NONE,,
44026,1,83,5,FIXED_Q_FIXED_BEAM_JOINT_GLOBAL_INFEASIBLE,2,False,NONE,,
44026,1,84,5,FIXED_Q_FIXED_BEAM_JOINT_GLOBAL_INFEASIBLE,2,False,NONE,,
44026,1,85,5,FIXED_Q_FIXED_BEAM_JOINT_GLOBAL_INFEASIBLE,2,False,NONE,,
44026,1,86,5,FIXED_Q_FIXED_BEAM_JOINT_GLOBAL_INFEASIBLE,2,False,NONE,,
44026,1,87,5,FIXED_Q_FIXED_BEAM_JOINT_GLOBAL_INFEASIBLE,2,False,NONE,,
44026,1,88,5,FIXED_Q_FIXED_BEAM_JOINT_GLOBAL_INFEASIBLE,2,False,NONE,,
44026,1,89,5,FIXED_Q_FIXED_BEAM_JOINT_GLOBAL_INFEASIBLE,2,False,NONE,,
44026,1,90,5,FIXED_Q_FIXED_BEAM_JOINT_GLOBAL_INFEASIBLE,2,False,NONE,,
44026,1,91,5,FIXED_Q_FIXED_BEAM_JOINT_GLOBAL_INFEASIBLE,2,False,NONE,,
44026,1,92,5,FIXED_Q_FIXED_BEAM_JOINT_GLOBAL_INFEASIBLE,2,False,NONE,,
44026,1,93,5,FIXED_Q_FIXED_BEAM_JOINT_GLOBAL_INFEASIBLE,2,False,NONE,,
44026,1,94,5,FIXED_Q_FIXED_BEAM_JOINT_GLOBAL_INFEASIBLE,2,False,NONE,,
44026,1,95,5,FIXED_Q_FIXED_BEAM_JOINT_GLOBAL_INFEASIBLE,2,False,NONE,,
44026,1,96,5,FIXED_Q_FIXED_BEAM_JOINT_GLOBAL_INFEASIBLE,2,False,NONE,,
44026,1,97,5,FIXED_Q_FIXED_BEAM_JOINT_GLOBAL_INFEASIBLE,2,False,NONE,,
44026,1,98,5,FIXED_Q_FIXED_BEAM_JOINT_GLOBAL_INFEASIBLE,2,False,NONE,,
44026,1,99,5,FIXED_Q_FIXED_BEAM_JOINT_GLOBAL_INFEASIBLE,2,False,NONE,,
44026,2,0,5,FIXED_Q_FIXED_BEAM_JOINT_GLOBAL_INFEASIBLE,3,False,NONE,,
44026,2,1,5,FIXED_Q_FIXED_BEAM_JOINT_GLOBAL_INFEASIBLE,3,False,NONE,,
44026,2,2,5,FIXED_Q_FIXED_BEAM_JOINT_GLOBAL_INFEASIBLE,3,False,NONE,,
44026,2,3,5,FIXED_Q_FIXED_BEAM_JOINT_GLOBAL_INFEASIBLE,3,False,NONE,,
44026,2,4,5,FIXED_Q_FIXED_BEAM_JOINT_GLOBAL_INFEASIBLE,3,False,NONE,,
44026,2,5,5,FIXED_Q_FIXED_BEAM_JOINT_GLOBAL_INFEASIBLE,3,False,NONE,,
44026,2,6,5,FIXED_Q_FIXED_BEAM_JOINT_GLOBAL_INFEASIBLE,3,False,NONE,,
44026,2,7,5,FIXED_Q_FIXED_BEAM_JOINT_GLOBAL_INFEASIBLE,3,False,NONE,,
44026,2,8,5,FIXED_Q_FIXED_BEAM_JOINT_GLOBAL_INFEASIBLE,3,False,NONE,,
44026,2,9,5,FIXED_Q_FIXED_BEAM_JOINT_GLOBAL_INFEASIBLE,3,False,NONE,,
44026,2,10,5,FIXED_Q_FIXED_BEAM_JOINT_GLOBAL_INFEASIBLE,3,False,NONE,,
44026,2,11,5,FIXED_Q_FIXED_BEAM_JOINT_GLOBAL_INFEASIBLE,3,False,NONE,,
44026,2,12,5,FIXED_Q_FIXED_BEAM_JOINT_GLOBAL_INFEASIBLE,3,False,NONE,,
44026,2,13,5,FIXED_Q_FIXED_BEAM_JOINT_GLOBAL_INFEASIBLE,3,False,NONE,,
44026,2,14,5,FIXED_Q_FIXED_BEAM_JOINT_GLOBAL_INFEASIBLE,3,False,NONE,,
44026,2,15,5,FIXED_Q_FIXED_BEAM_JOINT_GLOBAL_INFEASIBLE,3,False,NONE,,
44026,2,16,5,FIXED_Q_FIXED_BEAM_JOINT_GLOBAL_INFEASIBLE,3,False,NONE,,
44026,2,17,5,FIXED_Q_FIXED_BEAM_JOINT_GLOBAL_INFEASIBLE,3,False,NONE,,
44026,2,18,5,FIXED_Q_FIXED_BEAM_JOINT_GLOBAL_INFEASIBLE,3,False,NONE,,
44026,2,19,5,FIXED_Q_FIXED_BEAM_JOINT_GLOBAL_INFEASIBLE,3,False,NONE,,
44026,2,40,5,FIXED_Q_FIXED_BEAM_JOINT_GLOBAL_INFEASIBLE,3,False,NONE,,
44026,2,41,5,FIXED_Q_FIXED_BEAM_JOINT_GLOBAL_INFEASIBLE,3,False,NONE,,
44026,2,42,5,FIXED_Q_FIXED_BEAM_JOINT_GLOBAL_INFEASIBLE,3,False,NONE,,
44026,2,43,5,FIXED_Q_FIXED_BEAM_JOINT_GLOBAL_INFEASIBLE,3,False,NONE,,
44026,2,44,5,FIXED_Q_FIXED_BEAM_JOINT_GLOBAL_INFEASIBLE,3,False,NONE,,
44026,2,45,5,FIXED_Q_FIXED_BEAM_JOINT_GLOBAL_INFEASIBLE,3,False,NONE,,
44026,2,46,5,FIXED_Q_FIXED_BEAM_JOINT_GLOBAL_INFEASIBLE,3,False,NONE,,
44026,2,47,5,FIXED_Q_FIXED_BEAM_JOINT_GLOBAL_INFEASIBLE,3,False,NONE,,
44026,2,48,5,FIXED_Q_FIXED_BEAM_JOINT_GLOBAL_INFEASIBLE,3,False,NONE,,
44026,2,49,5,FIXED_Q_FIXED_BEAM_JOINT_GLOBAL_INFEASIBLE,3,False,NONE,,
44026,2,50,5,FIXED_Q_FIXED_BEAM_JOINT_GLOBAL_INFEASIBLE,3,False,NONE,,
44026,2,51,5,FIXED_Q_FIXED_BEAM_JOINT_GLOBAL_INFEASIBLE,3,False,NONE,,
44026,2,52,5,FIXED_Q_FIXED_BEAM_JOINT_GLOBAL_INFEASIBLE,3,False,NONE,,
44026,2,53,5,FIXED_Q_FIXED_BEAM_JOINT_GLOBAL_INFEASIBLE,3,False,NONE,,
44026,2,54,5,FIXED_Q_FIXED_BEAM_JOINT_GLOBAL_INFEASIBLE,3,False,NONE,,
44026,2,55,5,FIXED_Q_FIXED_BEAM_JOINT_GLOBAL_INFEASIBLE,3,False,NONE,,
44026,2,56,5,FIXED_Q_FIXED_BEAM_JOINT_GLOBAL_INFEASIBLE,3,False,NONE,,
44026,2,57,5,FIXED_Q_FIXED_BEAM_JOINT_GLOBAL_INFEASIBLE,3,False,NONE,,
44026,2,58,5,FIXED_Q_FIXED_BEAM_JOINT_GLOBAL_INFEASIBLE,3,False,NONE,,
44026,2,59,5,FIXED_Q_FIXED_BEAM_JOINT_GLOBAL_INFEASIBLE,3,False,NONE,,
44026,2,80,5,FIXED_Q_FIXED_BEAM_JOINT_GLOBAL_INFEASIBLE,2,False,NONE,,
44026,2,81,5,FIXED_Q_FIXED_BEAM_JOINT_GLOBAL_INFEASIBLE,2,False,NONE,,
44026,2,82,5,FIXED_Q_FIXED_BEAM_JOINT_GLOBAL_INFEASIBLE,2,False,NONE,,
44026,2,83,5,FIXED_Q_FIXED_BEAM_JOINT_GLOBAL_INFEASIBLE,2,False,NONE,,
44026,2,84,5,FIXED_Q_FIXED_BEAM_JOINT_GLOBAL_INFEASIBLE,2,False,NONE,,
44026,2,85,5,FIXED_Q_FIXED_BEAM_JOINT_GLOBAL_INFEASIBLE,2,False,NONE,,
44026,2,86,5,FIXED_Q_FIXED_BEAM_JOINT_GLOBAL_INFEASIBLE,2,False,NONE,,
44026,2,87,5,FIXED_Q_FIXED_BEAM_JOINT_GLOBAL_INFEASIBLE,2,False,NONE,,
44026,2,88,5,FIXED_Q_FIXED_BEAM_JOINT_GLOBAL_INFEASIBLE,2,False,NONE,,
44026,2,89,5,FIXED_Q_FIXED_BEAM_JOINT_GLOBAL_INFEASIBLE,2,False,NONE,,
44026,2,90,5,FIXED_Q_FIXED_BEAM_JOINT_GLOBAL_INFEASIBLE,2,False,NONE,,
44026,2,91,5,FIXED_Q_FIXED_BEAM_JOINT_GLOBAL_INFEASIBLE,2,False,NONE,,
44026,2,92,5,FIXED_Q_FIXED_BEAM_JOINT_GLOBAL_INFEASIBLE,2,False,NONE,,
44026,2,93,5,FIXED_Q_FIXED_BEAM_JOINT_GLOBAL_INFEASIBLE,2,False,NONE,,
44026,2,94,5,FIXED_Q_FIXED_BEAM_JOINT_GLOBAL_INFEASIBLE,2,False,NONE,,
44026,2,95,5,FIXED_Q_FIXED_BEAM_JOINT_GLOBAL_INFEASIBLE,2,False,NONE,,
44026,2,96,5,FIXED_Q_FIXED_BEAM_JOINT_GLOBAL_INFEASIBLE,2,False,NONE,,
44026,2,97,5,FIXED_Q_FIXED_BEAM_JOINT_GLOBAL_INFEASIBLE,2,False,NONE,,
44026,2,98,5,FIXED_Q_FIXED_BEAM_JOINT_GLOBAL_INFEASIBLE,2,False,NONE,,
44026,2,99,5,FIXED_Q_FIXED_BEAM_JOINT_GLOBAL_INFEASIBLE,2,False,NONE,,
44026,3,0,5,FIXED_Q_FIXED_BEAM_JOINT_GLOBAL_INFEASIBLE,3,False,NONE,,
44026,3,1,5,FIXED_Q_FIXED_BEAM_JOINT_GLOBAL_INFEASIBLE,3,False,NONE,,
44026,3,2,5,FIXED_Q_FIXED_BEAM_JOINT_GLOBAL_INFEASIBLE,3,False,NONE,,
44026,3,3,5,FIXED_Q_FIXED_BEAM_JOINT_GLOBAL_INFEASIBLE,3,False,NONE,,
44026,3,4,5,FIXED_Q_FIXED_BEAM_JOINT_GLOBAL_INFEASIBLE,3,False,NONE,,
44026,3,5,5,FIXED_Q_FIXED_BEAM_JOINT_GLOBAL_INFEASIBLE,3,False,NONE,,
44026,3,6,5,FIXED_Q_FIXED_BEAM_JOINT_GLOBAL_INFEASIBLE,3,False,NONE,,
44026,3,7,5,FIXED_Q_FIXED_BEAM_JOINT_GLOBAL_INFEASIBLE,3,False,NONE,,
44026,3,8,5,FIXED_Q_FIXED_BEAM_JOINT_GLOBAL_INFEASIBLE,3,False,NONE,,
44026,3,9,5,FIXED_Q_FIXED_BEAM_JOINT_GLOBAL_INFEASIBLE,3,False,NONE,,
44026,3,10,5,FIXED_Q_FIXED_BEAM_JOINT_GLOBAL_INFEASIBLE,3,False,NONE,,
44026,3,11,5,FIXED_Q_FIXED_BEAM_JOINT_GLOBAL_INFEASIBLE,3,False,NONE,,
44026,3,12,5,FIXED_Q_FIXED_BEAM_JOINT_GLOBAL_INFEASIBLE,3,False,NONE,,
44026,3,13,5,FIXED_Q_FIXED_BEAM_JOINT_GLOBAL_INFEASIBLE,3,False,NONE,,
44026,3,14,5,FIXED_Q_FIXED_BEAM_JOINT_GLOBAL_INFEASIBLE,3,False,NONE,,
44026,3,15,5,FIXED_Q_FIXED_BEAM_JOINT_GLOBAL_INFEASIBLE,3,False,NONE,,
44026,3,16,5,FIXED_Q_FIXED_BEAM_JOINT_GLOBAL_INFEASIBLE,3,False,NONE,,
44026,3,17,5,FIXED_Q_FIXED_BEAM_JOINT_GLOBAL_INFEASIBLE,3,False,NONE,,
44026,3,18,5,FIXED_Q_FIXED_BEAM_JOINT_GLOBAL_INFEASIBLE,3,False,NONE,,
44026,3,19,5,FIXED_Q_FIXED_BEAM_JOINT_GLOBAL_INFEASIBLE,3,False,NONE,,
44026,3,40,5,FIXED_Q_FIXED_BEAM_JOINT_GLOBAL_INFEASIBLE,3,False,NONE,,
44026,3,41,5,FIXED_Q_FIXED_BEAM_JOINT_GLOBAL_INFEASIBLE,3,False,NONE,,
44026,3,42,5,FIXED_Q_FIXED_BEAM_JOINT_GLOBAL_INFEASIBLE,3,False,NONE,,
44026,3,43,5,FIXED_Q_FIXED_BEAM_JOINT_GLOBAL_INFEASIBLE,3,False,NONE,,
44026,3,44,5,FIXED_Q_FIXED_BEAM_JOINT_GLOBAL_INFEASIBLE,3,False,NONE,,
44026,3,45,5,FIXED_Q_FIXED_BEAM_JOINT_GLOBAL_INFEASIBLE,3,False,NONE,,
44026,3,46,5,FIXED_Q_FIXED_BEAM_JOINT_GLOBAL_INFEASIBLE,3,False,NONE,,
44026,3,47,5,FIXED_Q_FIXED_BEAM_JOINT_GLOBAL_INFEASIBLE,3,False,NONE,,
44026,3,48,5,FIXED_Q_FIXED_BEAM_JOINT_GLOBAL_INFEASIBLE,3,False,NONE,,
44026,3,49,5,FIXED_Q_FIXED_BEAM_JOINT_GLOBAL_INFEASIBLE,3,False,NONE,,
44026,3,50,5,FIXED_Q_FIXED_BEAM_JOINT_GLOBAL_INFEASIBLE,3,False,NONE,,
44026,3,51,5,FIXED_Q_FIXED_BEAM_JOINT_GLOBAL_INFEASIBLE,3,False,NONE,,
44026,3,52,5,FIXED_Q_FIXED_BEAM_JOINT_GLOBAL_INFEASIBLE,3,False,NONE,,
44026,3,53,5,FIXED_Q_FIXED_BEAM_JOINT_GLOBAL_INFEASIBLE,3,False,NONE,,
44026,3,54,5,FIXED_Q_FIXED_BEAM_JOINT_GLOBAL_INFEASIBLE,3,False,NONE,,
44026,3,55,5,FIXED_Q_FIXED_BEAM_JOINT_GLOBAL_INFEASIBLE,3,False,NONE,,
44026,3,56,5,FIXED_Q_FIXED_BEAM_JOINT_GLOBAL_INFEASIBLE,3,False,NONE,,
44026,3,57,5,FIXED_Q_FIXED_BEAM_JOINT_GLOBAL_INFEASIBLE,3,False,NONE,,
44026,3,58,5,FIXED_Q_FIXED_BEAM_JOINT_GLOBAL_INFEASIBLE,3,False,NONE,,
44026,3,59,5,FIXED_Q_FIXED_BEAM_JOINT_GLOBAL_INFEASIBLE,3,False,NONE,,
44026,3,80,5,FIXED_Q_FIXED_BEAM_JOINT_GLOBAL_INFEASIBLE,2,False,NONE,,
44026,3,81,5,FIXED_Q_FIXED_BEAM_JOINT_GLOBAL_INFEASIBLE,2,False,NONE,,
44026,3,82,5,FIXED_Q_FIXED_BEAM_JOINT_GLOBAL_INFEASIBLE,2,False,NONE,,
44026,3,83,5,FIXED_Q_FIXED_BEAM_JOINT_GLOBAL_INFEASIBLE,2,False,NONE,,
44026,3,84,5,FIXED_Q_FIXED_BEAM_JOINT_GLOBAL_INFEASIBLE,2,False,NONE,,
44026,3,85,5,FIXED_Q_FIXED_BEAM_JOINT_GLOBAL_INFEASIBLE,2,False,NONE,,
44026,3,86,5,FIXED_Q_FIXED_BEAM_JOINT_GLOBAL_INFEASIBLE,2,False,NONE,,
44026,3,87,5,FIXED_Q_FIXED_BEAM_JOINT_GLOBAL_INFEASIBLE,2,False,NONE,,
44026,3,88,5,FIXED_Q_FIXED_BEAM_JOINT_GLOBAL_INFEASIBLE,2,False,NONE,,
44026,3,89,5,FIXED_Q_FIXED_BEAM_JOINT_GLOBAL_INFEASIBLE,2,False,NONE,,
44026,3,90,5,FIXED_Q_FIXED_BEAM_JOINT_GLOBAL_INFEASIBLE,2,False,NONE,,
44026,3,91,5,FIXED_Q_FIXED_BEAM_JOINT_GLOBAL_INFEASIBLE,2,False,NONE,,
44026,3,92,5,FIXED_Q_FIXED_BEAM_JOINT_GLOBAL_INFEASIBLE,2,False,NONE,,
44026,3,93,5,FIXED_Q_FIXED_BEAM_JOINT_GLOBAL_INFEASIBLE,2,False,NONE,,
44026,3,94,5,FIXED_Q_FIXED_BEAM_JOINT_GLOBAL_INFEASIBLE,2,False,NONE,,
44026,3,95,5,FIXED_Q_FIXED_BEAM_JOINT_GLOBAL_INFEASIBLE,2,False,NONE,,
44026,3,96,5,FIXED_Q_FIXED_BEAM_JOINT_GLOBAL_INFEASIBLE,2,False,NONE,,
44026,3,97,5,FIXED_Q_FIXED_BEAM_JOINT_GLOBAL_INFEASIBLE,2,False,NONE,,
44026,3,98,5,FIXED_Q_FIXED_BEAM_JOINT_GLOBAL_INFEASIBLE,2,False,NONE,,
44026,3,99,5,FIXED_Q_FIXED_BEAM_JOINT_GLOBAL_INFEASIBLE,2,False,NONE,,
44026,4,0,5,FIXED_Q_FIXED_BEAM_JOINT_GLOBAL_INFEASIBLE,3,False,NONE,,
44026,4,1,5,FIXED_Q_FIXED_BEAM_JOINT_GLOBAL_INFEASIBLE,3,False,NONE,,
44026,4,2,5,FIXED_Q_FIXED_BEAM_JOINT_GLOBAL_INFEASIBLE,3,False,NONE,,
44026,4,3,5,FIXED_Q_FIXED_BEAM_JOINT_GLOBAL_INFEASIBLE,3,False,NONE,,
44026,4,4,5,FIXED_Q_FIXED_BEAM_JOINT_GLOBAL_INFEASIBLE,3,False,NONE,,
44026,4,5,5,FIXED_Q_FIXED_BEAM_JOINT_GLOBAL_INFEASIBLE,3,False,NONE,,
44026,4,6,5,FIXED_Q_FIXED_BEAM_JOINT_GLOBAL_INFEASIBLE,3,False,NONE,,
44026,4,7,5,FIXED_Q_FIXED_BEAM_JOINT_GLOBAL_INFEASIBLE,3,False,NONE,,
44026,4,8,5,FIXED_Q_FIXED_BEAM_JOINT_GLOBAL_INFEASIBLE,3,False,NONE,,
44026,4,9,5,FIXED_Q_FIXED_BEAM_JOINT_GLOBAL_INFEASIBLE,3,False,NONE,,
44026,4,10,5,FIXED_Q_FIXED_BEAM_JOINT_GLOBAL_INFEASIBLE,3,False,NONE,,
44026,4,11,5,FIXED_Q_FIXED_BEAM_JOINT_GLOBAL_INFEASIBLE,3,False,NONE,,
44026,4,12,5,FIXED_Q_FIXED_BEAM_JOINT_GLOBAL_INFEASIBLE,3,False,NONE,,
44026,4,13,5,FIXED_Q_FIXED_BEAM_JOINT_GLOBAL_INFEASIBLE,3,False,NONE,,
44026,4,14,5,FIXED_Q_FIXED_BEAM_JOINT_GLOBAL_INFEASIBLE,3,False,NONE,,
44026,4,15,5,FIXED_Q_FIXED_BEAM_JOINT_GLOBAL_INFEASIBLE,3,False,NONE,,
44026,4,16,5,FIXED_Q_FIXED_BEAM_JOINT_GLOBAL_INFEASIBLE,3,False,NONE,,
44026,4,17,5,FIXED_Q_FIXED_BEAM_JOINT_GLOBAL_INFEASIBLE,3,False,NONE,,
44026,4,18,5,FIXED_Q_FIXED_BEAM_JOINT_GLOBAL_INFEASIBLE,3,False,NONE,,
44026,4,19,5,FIXED_Q_FIXED_BEAM_JOINT_GLOBAL_INFEASIBLE,3,False,NONE,,
44026,4,40,5,FIXED_Q_FIXED_BEAM_JOINT_GLOBAL_INFEASIBLE,3,False,NONE,,
44026,4,41,5,FIXED_Q_FIXED_BEAM_JOINT_GLOBAL_INFEASIBLE,3,False,NONE,,
44026,4,42,5,FIXED_Q_FIXED_BEAM_JOINT_GLOBAL_INFEASIBLE,3,False,NONE,,
44026,4,43,5,FIXED_Q_FIXED_BEAM_JOINT_GLOBAL_INFEASIBLE,3,False,NONE,,
44026,4,44,5,FIXED_Q_FIXED_BEAM_JOINT_GLOBAL_INFEASIBLE,3,False,NONE,,
44026,4,45,5,FIXED_Q_FIXED_BEAM_JOINT_GLOBAL_INFEASIBLE,3,False,NONE,,
44026,4,46,5,FIXED_Q_FIXED_BEAM_JOINT_GLOBAL_INFEASIBLE,3,False,NONE,,
44026,4,47,5,FIXED_Q_FIXED_BEAM_JOINT_GLOBAL_INFEASIBLE,3,False,NONE,,
44026,4,48,5,FIXED_Q_FIXED_BEAM_JOINT_GLOBAL_INFEASIBLE,3,False,NONE,,
44026,4,49,5,FIXED_Q_FIXED_BEAM_JOINT_GLOBAL_INFEASIBLE,3,False,NONE,,
44026,4,50,5,FIXED_Q_FIXED_BEAM_JOINT_GLOBAL_INFEASIBLE,3,False,NONE,,
44026,4,51,5,FIXED_Q_FIXED_BEAM_JOINT_GLOBAL_INFEASIBLE,3,False,NONE,,
44026,4,52,5,FIXED_Q_FIXED_BEAM_JOINT_GLOBAL_INFEASIBLE,3,False,NONE,,
44026,4,53,5,FIXED_Q_FIXED_BEAM_JOINT_GLOBAL_INFEASIBLE,3,False,NONE,,
44026,4,54,5,FIXED_Q_FIXED_BEAM_JOINT_GLOBAL_INFEASIBLE,3,False,NONE,,
44026,4,55,5,FIXED_Q_FIXED_BEAM_JOINT_GLOBAL_INFEASIBLE,3,False,NONE,,
44026,4,56,5,FIXED_Q_FIXED_BEAM_JOINT_GLOBAL_INFEASIBLE,3,False,NONE,,
44026,4,57,5,FIXED_Q_FIXED_BEAM_JOINT_GLOBAL_INFEASIBLE,3,False,NONE,,
44026,4,58,5,FIXED_Q_FIXED_BEAM_JOINT_GLOBAL_INFEASIBLE,3,False,NONE,,
44026,4,59,5,FIXED_Q_FIXED_BEAM_JOINT_GLOBAL_INFEASIBLE,3,False,NONE,,
44026,4,80,5,FIXED_Q_FIXED_BEAM_JOINT_GLOBAL_INFEASIBLE,2,False,NONE,,
44026,4,81,5,FIXED_Q_FIXED_BEAM_JOINT_GLOBAL_INFEASIBLE,2,False,NONE,,
44026,4,82,5,FIXED_Q_FIXED_BEAM_JOINT_GLOBAL_INFEASIBLE,2,False,NONE,,
44026,4,83,5,FIXED_Q_FIXED_BEAM_JOINT_GLOBAL_INFEASIBLE,2,False,NONE,,
44026,4,84,5,FIXED_Q_FIXED_BEAM_JOINT_GLOBAL_INFEASIBLE,2,False,NONE,,
44026,4,85,5,FIXED_Q_FIXED_BEAM_JOINT_GLOBAL_INFEASIBLE,2,False,NONE,,
44026,4,86,5,FIXED_Q_FIXED_BEAM_JOINT_GLOBAL_INFEASIBLE,2,False,NONE,,
44026,4,87,5,FIXED_Q_FIXED_BEAM_JOINT_GLOBAL_INFEASIBLE,2,False,NONE,,
44026,4,88,5,FIXED_Q_FIXED_BEAM_JOINT_GLOBAL_INFEASIBLE,2,False,NONE,,
44026,4,89,5,FIXED_Q_FIXED_BEAM_JOINT_GLOBAL_INFEASIBLE,2,False,NONE,,
44026,4,90,5,FIXED_Q_FIXED_BEAM_JOINT_GLOBAL_INFEASIBLE,2,False,NONE,,
44026,4,91,5,FIXED_Q_FIXED_BEAM_JOINT_GLOBAL_INFEASIBLE,2,False,NONE,,
44026,4,92,5,FIXED_Q_FIXED_BEAM_JOINT_GLOBAL_INFEASIBLE,2,False,NONE,,
44026,4,93,5,FIXED_Q_FIXED_BEAM_JOINT_GLOBAL_INFEASIBLE,2,False,NONE,,
44026,4,94,5,FIXED_Q_FIXED_BEAM_JOINT_GLOBAL_INFEASIBLE,2,False,NONE,,
44026,4,95,5,FIXED_Q_FIXED_BEAM_JOINT_GLOBAL_INFEASIBLE,2,False,NONE,,
44026,4,96,5,FIXED_Q_FIXED_BEAM_JOINT_GLOBAL_INFEASIBLE,2,False,NONE,,
44026,4,97,5,FIXED_Q_FIXED_BEAM_JOINT_GLOBAL_INFEASIBLE,2,False,NONE,,
44026,4,98,5,FIXED_Q_FIXED_BEAM_JOINT_GLOBAL_INFEASIBLE,2,False,NONE,,
44026,4,99,5,FIXED_Q_FIXED_BEAM_JOINT_GLOBAL_INFEASIBLE,2,False,NONE,,
44027,3,118,4,FIXED_Q_FIXED_BEAM_JOINT_GLOBAL_INFEASIBLE,1,False,NONE,,
44027,4,118,5,FIXED_Q_FIXED_BEAM_JOINT_GLOBAL_INFEASIBLE,1,False,NONE,,
44027,4,119,5,FIXED_Q_FIXED_BEAM_JOINT_GLOBAL_INFEASIBLE,1,False,NONE,,
44027,4,120,5,FIXED_Q_FIXED_BEAM_JOINT_GLOBAL_INFEASIBLE,1,False,NONE,,
44028,3,118,4,STRICT_GLOBAL_FIXED_BEAM_SOLVER_UNCERTIFIED,1,True,NONE,,
44028,4,118,5,STRICT_GLOBAL_FIXED_BEAM_SOLVER_UNCERTIFIED,1,True,NONE,,
44028,4,119,5,STRICT_GLOBAL_FIXED_BEAM_SOLVER_UNCERTIFIED,1,True,NONE,,
44028,4,120,5,STRICT_GLOBAL_FIXED_BEAM_SOLVER_UNCERTIFIED,1,True,NONE,,
