time_s,aggregate_nominal_interference_w,aggregate_nominal_interference_dbw,aggregate_safe_interference_w,aggregate_safe_interference_dbw,aggregate_allowance_w,aggregate_allowance_dbw,short_threshold_w,short_threshold_dbw,budget_sum_w,nominal_network_sum_rate_proxy_bps_hz,safe_network_sum_rate_proxy_bps_hz,rate_retention_fraction,minimum_projection_scale,median_projection_scale,maximum_projection_scale,local_budget_violation_count
114.0,6.062807222718185e-10,-92.17326240678238,4.5106851026455134e-14,-133.4575749056067,4.5106851026454433e-14,-133.45757490560675,5.0118723362727144e-14,-133.0,4.5106851026454433e-14,764.7268434562777,762.9901530419492,0.997729005553827,0.008625501897743354,0.008625501897743356,0.008625501897743356,0
115.0,5.950177976903939e-10,-92.25470043812409,4.51068510264531e-14,-133.4575749056069,4.5106851026454433e-14,-133.45757490560675,5.0118723362727144e-14,-133.0,4.5106851026454433e-14,764.7268434562777,762.9903023925275,0.9977292008530763,0.008706754050481097,0.008706754050481097,0.008706754050514458,0
116.0,5.840068280490678e-10,-92.335820752049,4.5106851026453846e-14,-133.4575749056068,4.5106851026454433e-14,-133.45757490560675,5.0118723362727144e-14,-133.0,4.5106851026454433e-14,764.7268434562777,762.9904525579129,0.9977293972178132,0.008788450122977682,0.008788450122977682,0.008788450122977683,0
117.0,5.732400674284724e-10,-92.4166346158429,4.5106851026455096e-14,-133.4575749056067,4.5106851026454433e-14,-133.45757490560675,5.0118723362727144e-14,-133.0,4.5106851026454433e-14,764.7268434562777,762.9906035558561,0.9977295946712496,0.00887059978283131,0.008870599782865278,0.008870599782865278,0
118.0,5.627100919191041e-10,-92.49715295925667,4.5106851026454004e-14,-133.4575749056068,4.5106851026454433e-14,-133.45757490560675,5.0118723362727144e-14,-133.0,4.5106851026454433e-14,764.7268434562777,762.9907554041338,0.9977297932366315,0.008953212712462615,0.008953212712462617,0.008953212712462617,0
119.0,5.524097838038876e-10,-92.5773863817738,4.510685102645437e-14,-133.45757490560678,4.5106851026454433e-14,-133.45757490560675,5.0118723362727144e-14,-133.0,4.5106851026454433e-14,764.7268434562777,762.9909081205442,0.9977299929372326,0.00903629860577218,0.009036298605772182,0.009036298605772182,0
120.0,5.423323166225789e-10,-92.65734515954195,4.5106851026454137e-14,-133.4575749056068,4.5106851026454433e-14,-133.45757490560675,5.0118723362727144e-14,-133.0,4.5106851026454433e-14,764.7268434562777,762.9910617229003,0.9977301937963465,0.009119867165349469,0.00911986716538436,0.009119867165384361,0
121.0,5.324711410595122e-10,-92.73703925200476,4.510685102645494e-14,-133.4575749056067,4.5106851026454433e-14,-133.45757490560675,5.0118723362727144e-14,-133.0,4.5106851026454433e-14,764.7268434562777,762.9912162290243,0.9977303958372783,0.009203928099271301,0.009203928099306504,0.009203928099306504,0
122.0,5.228199716032239e-10,-92.81647830824836,4.510685102645466e-14,-133.45757490560675,4.5106851026454433e-14,-133.45757490560675,5.0118723362727144e-14,-133.0,4.5106851026454433e-14,764.7268434562777,762.9913716567419,0.9977305990833378,0.009288491117712553,0.009288491117712554,0.009288491117712556,0
123.0,5.133727739237451e-10,-92.89567167312832,4.510685102645465e-14,-133.45757490560675,4.5106851026454433e-14,-133.45757490560675,5.0118723362727144e-14,-133.0,4.5106851026454433e-14,764.7268434562777,762.9915280238757,0.9977308035578312,0.009373565929666797,0.009373565929666797,0.009373565929702631,0
124.0,5.041237529216183e-10,-92.97462839320907,4.5106851026453544e-14,-133.45757490560683,4.5106851026454433e-14,-133.45757490560675,5.0118723362727144e-14,-133.0,4.5106851026454433e-14,764.7268434562777,762.9916853482398,0.9977310092840528,0.009459162239841827,0.009459162239841829,0.00945916223987798,0
125.0,4.95067341410761e-10,-93.05335722250439,4.510685102645369e-14,-133.45757490560683,4.5106851026454433e-14,-133.45757490560675,5.0118723362727144e-14,-133.0,4.5106851026454433e-14,764.7268434562777,762.9918436476332,0.9977312162852778,0.009545289745206641,0.009545289745206641,0.009545289745243116,0
126.0,4.861981893891551e-10,-93.1318666281017,4.5106851026453645e-14,-133.45757490560683,4.5106851026454433e-14,-133.45757490560675,5.0118723362727144e-14,-133.0,4.5106851026454433e-14,764.7268434562777,762.9920029398346,0.9977314245847546,0.00963195813168976,0.009631958131763355,0.009631958131763355,0
127.0,4.775111538646577e-10,-93.21016479566522,4.510685102645504e-14,-133.4575749056067,4.5106851026454433e-14,-133.45757490560675,5.0118723362727144e-14,-133.0,4.5106851026454433e-14,764.7268434562777,762.9921632425949,0.9977316342056952,0.009719177071319264,0.009719177071319265,0.009719177071319267,0
128.0,4.690012892025162e-10,-93.28825963483703,4.5106851026453487e-14,-133.45757490560683,4.5106851026454433e-14,-133.45757490560675,5.0118723362727144e-14,-133.0,4.5106851026454433e-14,764.7268434562777,762.9923245736333,0.9977318451712704,0.009806956218308786,0.009806956218308786,0.009806956218308788,0
129.0,4.606638379613908e-10,-93.36615878457599,4.5106851026454257e-14,-133.45757490560678,4.5106851026454433e-14,-133.45757490560675,5.0118723362727144e-14,-133.0,4.5106851026454433e-14,764.7268434562777,762.9924869506298,0.9977320575045995,0.009895305206703111,0.009895305206703113,0.009895305206703115,0
130.0,4.5249422219230737e-10,-93.44386961842245,4.510685102645456e-14,-133.45757490560675,4.5106851026454433e-14,-133.45757490560675,5.0118723362727144e-14,-133.0,4.5106851026454433e-14,764.7268434562777,762.9926503912208,0.9977322712287449,0.009984233646990812,0.009984233646990814,0.009984233646990814,0
131.0,4.4448803516827e-10,-93.52139924975732,4.510685102645301e-14,-133.4575749056069,4.5106851026454433e-14,-133.45757490560675,5.0118723362727144e-14,-133.0,4.5106851026454433e-14,764.7268434562777,762.9928149129939,0.997732486366705,0.01007375112330401,0.01007375112330401,0.010073751123304012,0
132.0,4.3664103352678023e-10,-93.59875453700455,4.5106851026455203e-14,-133.4575749056067,4.5106851026454433e-14,-133.45757490560675,5.0118723362727144e-14,-133.0,4.5106851026454433e-14,764.7268434562777,762.9929805334817,0.9977327029414064,0.010163867190592066,0.01016386719063085,0.010163867190630851,0
133.0,4.289491297975135e-10,-93.67594208883327,4.510685102645359e-14,-133.45757490560683,4.5106851026454433e-14,-133.45757490560675,5.0118723362727144e-14,-133.0,4.5106851026454433e-14,764.7268434562777,762.993147270158,0.997732920975699,0.010254591372177902,0.010254591372177903,0.010254591372177905,0
134.0,4.214083852950613e-10,-93.75296826935934,4.510685102645379e-14,-133.45757490560683,4.5106851026454433e-14,-133.45757490560675,5.0118723362727144e-14,-133.0,4.5106851026454433e-14,764.7268434562777,762.9933151404326,0.9977331404923486,0.01034593315688285,0.010345933156882852,0.010345933156882854,0
135.0,4.140150033577585e-10,-93.8298392033461,4.510685102645355e-14,-133.45757490560683,4.5106851026454433e-14,-133.45757490560675,5.0118723362727144e-14,-133.0,4.5106851026454433e-14,764.7268434562777,762.9934841616475,0.9977333615140328,0.010437901997078622,0.010437901997078622,0.010437901997118427,0
136.0,4.0676532291402693e-10,-93.90656078141156,4.510685102645453e-14,-133.45757490560675,4.5106851026454433e-14,-133.45757490560675,5.0118723362727144e-14,-133.0,4.5106851026454433e-14,764.7268434562777,762.9936543510725,0.9977335840633345,0.010530507306319282,0.010530507306319284,0.010530507306319284,0
137.0,3.9965581235661626e-10,-93.98313866527334,4.510685102645374e-14,-133.45757490560683,4.5106851026454433e-14,-133.45757490560675,5.0118723362727144e-14,-133.0,4.5106851026454433e-14,764.7268434562777,762.9938257259014,0.9977338081627373,0.010623758457367237,0.010623758457407734,0.010623758457407734,0
138.0,3.926830637126881e-10,-94.05957829299324,4.510685102645457e-14,-133.45757490560675,4.5106851026454433e-14,-133.45757490560675,5.0118723362727144e-14,-133.0,4.5106851026454433e-14,764.7268434562777,762.9939983032492,0.9977340338346217,0.010717664780583402,0.010717664780583402,0.010717664780583402,0
139.0,3.858437870934847e-10,-94.1358848842359,4.5106851026453834e-14,-133.4575749056068,4.5106851026454433e-14,-133.45757490560675,5.0118723362727144e-14,-133.0,4.5106851026454433e-14,764.7268434562777,762.994172100149,0.997734261101261,0.010812235561889583,0.010812235561889585,0.010812235561889587,0
140.0,3.7913480540449133e-10,-94.2120634455996,4.510685102645412e-14,-133.4575749056068,4.5106851026454433e-14,-133.45757490560675,5.0118723362727144e-14,-133.0,4.5106851026454433e-14,764.7268434562777,762.994347133549,0.9977344899848181,0.01090748004175536,0.010907480041796909,0.01090748004179691,0
141.0,3.72553049313121e-10,-94.28811877590668,4.510685102645436e-14,-133.45757490560678,4.5106851026454433e-14,-133.45757490560675,5.0118723362727144e-14,-133.0,4.5106851026454433e-14,764.7268434562777,762.9945234203107,0.9977347205073414,0.011003407413948691,0.011003407413948691,0.011003407413948693,0
142.0,3.6609555245268077e-10,-94.36405547155047,4.5106851026454825e-14,-133.45757490560672,4.5106851026454433e-14,-133.45757490560675,5.0118723362727144e-14,-133.0,4.5106851026454433e-14,764.7268434562777,762.9947009772067,0.9977349526907642,0.011100026824151416,0.011100026824151418,0.01110002682415142,0
143.0,3.597594468525024e-10,-94.4398779318831,4.51068510264548e-14,-133.45757490560672,4.5106851026454433e-14,-133.45757490560675,5.0118723362727144e-14,-133.0,4.5106851026454433e-14,764.7268434562777,762.9948798209194,0.9977351865569012,0.01119734736959814,0.011197347369598142,0.011197347369640762,0
144.0,3.5354195858919037e-10,-94.51559036457212,4.5106851026454585e-14,-133.45757490560675,4.5106851026454433e-14,-133.45757490560675,5.0118723362727144e-14,-133.0,4.5106851026454433e-14,764.7268434562777,762.99505996804,0.9977354221274478,0.011295378098237536,0.011295378098237536,0.011295378098237538,0
145.0,3.47440403641333e-10,-94.59119679100866,4.5106851026454414e-14,-133.45757490560675,4.5106851026454433e-14,-133.45757490560675,5.0118723362727144e-14,-133.0,4.5106851026454433e-14,764.7268434562777,762.9952414350674,0.9977356594239793,0.011394128008398093,0.011394128008398093,0.011394128008398095,0
146.0,3.4145218394224844e-10,-94.66670105171278,4.5106851026453815e-14,-133.45757490560683,4.5106851026454433e-14,-133.45757490560675,5.0118723362727144e-14,-133.0,4.5106851026454433e-14,764.7268434562777,762.9954242384083,0.9977358984679496,0.011493606048604296,0.011493606048604298,0.0114936060486043,0
147.0,3.3557478362032656e-10,-94.7421068117468,4.510685102645429e-14,-133.45757490560678,4.5106851026454433e-14,-133.45757490560675,5.0118723362727144e-14,-133.0,4.5106851026454433e-14,764.7268434562777,762.9956083943766,0.9977361392806919,0.011593821117602307,0.011593821117602307,0.01159382111764639,0
148.0,3.2980576541852953e-10,-94.81741756612763,4.5106851026453954e-14,-133.4575749056068,4.5106851026454433e-14,-133.45757490560675,5.0118723362727144e-14,-133.0,4.5106851026454433e-14,764.7268434562777,762.9957939191952,0.9977363818834202,0.011694782064589215,0.011694782064589215,0.011694782064589217,0
149.0,3.2414276728415984e-10,-94.89263664524205,4.5106851026453727e-14,-133.45757490560683,4.5106851026454433e-14,-133.45757490560675,5.0118723362727144e-14,-133.0,4.5106851026454433e-14,764.7268434562777,762.9959808289943,0.9977366262972273,0.011796497689654888,0.01179649768965489,0.011796497689699715,0
150.0,3.185834991233426e-10,-94.96776722022841,4.510685102645442e-14,-133.45757490560675,4.5106851026454433e-14,-133.45757490560675,5.0118723362727144e-14,-133.0,4.5106851026454433e-14,764.7268434562777,762.996169139816,0.9977368725430903,0.011898976744347357,0.011898976744392558,0.011898976744392558,0
151.0,3.1312573970739285e-10,-95.04281230839109,4.5106851026454736e-14,-133.45757490560675,4.5106851026454433e-14,-133.45757490560675,5.0118723362727144e-14,-133.0,4.5106851026454433e-14,764.7268434562777,762.9963588676119,0.997737120641869,0.012002227932726222,0.012002227932771798,0.0120022279327718,0
152.0,3.0776733373304544e-10,-95.1177747785199,4.5106851026453764e-14,-133.45757490560683,4.5106851026454433e-14,-133.45757490560675,5.0118723362727144e-14,-133.0,4.5106851026454433e-14,764.7268434562777,762.9965500282486,0.9977373706143113,0.012106259912103946,0.012106259912103947,0.012106259912103947,0
153.0,3.0250618901867677e-10,-95.19265735625848,4.510685102645465e-14,-133.45757490560675,4.5106851026454433e-14,-133.45757490560675,5.0118723362727144e-14,-133.0,4.5106851026454433e-14,764.7268434562777,762.9967426375075,0.9977376224810538,0.012211081294300615,0.012211081294300615,0.012211081294300617,0
154.0,2.9734027384079613e-10,-95.26746262936881,4.5106851026454755e-14,-133.45757490560672,4.5106851026454433e-14,-133.45757490560675,5.0118723362727144e-14,-133.0,4.5106851026454433e-14,764.7268434562777,762.9969367110883,0.9977378762626262,0.012316700647171625,0.012316700647218346,0.01231670064721835,0
155.0,2.9226761439571084e-10,-95.34219305300992,4.5106851026453663e-14,-133.45757490560683,4.5106851026454433e-14,-133.45757490560675,5.0118723362727144e-14,-133.0,4.5106851026454433e-14,764.7268434562777,762.9971322646115,0.9977381319794548,0.012423126496208418,0.012423126496255524,0.012423126496255526,0
156.0,2.8728629238720195e-10,-95.41685095492983,4.510685102645418e-14,-133.4575749056068,4.5106851026454433e-14,-133.45757490560675,5.0118723362727144e-14,-133.0,4.5106851026454433e-14,764.7268434562777,762.9973293136223,0.9977383896518676,0.012530367326063625,0.012530367326063626,0.012530367326063628,0
157.0,2.823944427299826e-10,-95.49143854063047,4.510685102645425e-14,-133.45757490560678,4.5106851026454433e-14,-133.45757490560675,5.0118723362727144e-14,-133.0,4.5106851026454433e-14,764.7268434562777,762.9975278735928,0.9977386493000965,0.012638431582458773,0.012638431582458774,0.012638431582458774,0
158.0,2.775902513675582e-10,-95.56595789844046,4.510685102645449e-14,-133.45757490560675,4.5106851026454433e-14,-133.45757490560675,5.0118723362727144e-14,-133.0,4.5106851026454433e-14,764.7268434562777,762.9977279599269,0.9977389109442846,0.01274732767444201,0.012747327674442012,0.012747327674442012,0
159.0,2.728719531939354e-10,-95.64041100457146,4.510685102645429e-14,-133.45757490560678,4.5106851026454433e-14,-133.45757490560675,5.0118723362727144e-14,-133.0,4.5106851026454433e-14,764.7268434562777,762.9979295879642,0.9977391746044909,0.012857063976439513,0.012857063976439513,0.012857063976488186,0
160.0,2.6823783008165244e-10,-95.71479972803871,4.5106851026454433e-14,-133.45757490560675,4.5106851026454433e-14,-133.45757490560675,5.0118723362727144e-14,-133.0,4.5106851026454433e-14,764.7268434562777,762.9981327729836,0.9977394403006948,0.01296764883058955,0.01296764883058955,0.01296764883063862,0
161.0,2.636862090029889e-10,-95.78912583557053,4.510685102645384e-14,-133.4575749056068,4.5106851026454433e-14,-133.45757490560675,5.0118723362727144e-14,-133.0,4.5106851026454433e-14,764.7268434562777,762.9983375302081,0.997739708052803,0.013079090549259252,0.013079090549259254,0.013079090549259254,0
162.0,2.592154602468145e-10,-95.86339099639224,4.510685102645363e-14,-133.45757490560683,4.5106851026454433e-14,-133.45757490560675,5.0118723362727144e-14,-133.0,4.5106851026454433e-14,764.7268434562777,762.9985438748103,0.9977399778806558,0.013191397417623455,0.013191397417623457,0.013191397417673327,0
163.0,2.548239957233097e-10,-95.93759678693257,4.510685102645424e-14,-133.45757490560678,4.5106851026454433e-14,-133.45757490560675,5.0118723362727144e-14,-133.0,4.5106851026454433e-14,764.7268434562777,762.9987518219161,0.997740249804033,0.01330457769637446,0.01330457769637446,0.013304577696424735,0
164.0,2.5051026735199164e-10,-96.01174469545504,4.5106851026455065e-14,-133.4575749056067,4.5106851026454433e-14,-133.45757490560675,5.0118723362727144e-14,-133.0,4.5106851026454433e-14,764.7268434562777,762.9989613866113,0.9977405238426612,0.013418639624567557,0.013418639624567559,0.01341863962461824,0
165.0,2.4627276553206344e-10,-96.08583612655883,4.5106851026454635e-14,-133.45757490560675,4.5106851026454433e-14,-133.45757490560675,5.0118723362727144e-14,-133.0,4.5106851026454433e-14,764.7268434562777,762.9991725839457,0.9977408000162207,0.01353359142241353,0.013533591422515713,0.013533591422515713,0
166.0,2.421100176861134e-10,-96.15987240563256,4.5106851026454553e-14,-133.45757490560675,4.5106851026454433e-14,-133.45757490560675,5.0118723362727144e-14,-133.0,4.5106851026454433e-14,764.7268434562777,762.999385428939,0.9977410783443521,0.013649441294808167,0.013649441294859668,0.013649441294859668,0
167.0,2.380205868798901e-10,-96.23385478314614,4.510685102645431e-14,-133.45757490560678,4.5106851026454433e-14,-133.45757490560675,5.0118723362727144e-14,-133.0,4.5106851026454433e-14,764.7268434562777,762.9995999365877,0.9977413588466655,0.013766197433634868,0.013766197433634868,0.01376619743363487,0
168.0,2.340030705087494e-10,-96.30778443887903,4.5106851026454244e-14,-133.45757490560678,4.5106851026454433e-14,-133.45757490560675,5.0118723362727144e-14,-133.0,4.5106851026454433e-14,764.7268434562777,762.9998161218689,0.9977416415427458,0.013883868021483867,0.013883868021483869,0.01388386802148387,0
169.0,2.300560990508644e-10,-96.38166248602082,4.510685102645409e-14,-133.4575749056068,4.5106851026454433e-14,-133.45757490560675,5.0118723362727144e-14,-133.0,4.5106851026454433e-14,764.7268434562777,763.0000339997474,0.997741926452162,0.014002461234912578,0.01400246123491258,0.01400246123496533,0
170.0,2.2617833488236565e-10,-96.45548997516927,4.510685102645412e-14,-133.4575749056068,4.5106851026454433e-14,-133.45757490560675,5.0118723362727144e-14,-133.0,4.5106851026454433e-14,764.7268434562777,763.0002535851826,0.9977422135944757,0.014121985247626102,0.014121985247626105,0.014121985247732447,0
171.0,2.2236847115252738e-10,-96.52926789820015,4.5106851026454585e-14,-133.45757490560675,4.5106851026454433e-14,-133.45757490560675,5.0118723362727144e-14,-133.0,4.5106851026454433e-14,764.7268434562777,763.0004748931326,0.997742502989247,0.014242448233899406,0.014242448233899406,0.014242448233899408,0
172.0,2.1862523071447275e-10,-96.60299719203515,4.510685102645408e-14,-133.4575749056068,4.5106851026454433e-14,-133.45757490560675,5.0118723362727144e-14,-133.0,4.5106851026454433e-14,764.7268434562777,763.0006979385629,0.9977427946560457,0.014363858372021237,0.014363858372021239,0.014363858372021239,0
173.0,2.1494736510984335e-10,-96.67667874228152,4.5106851026454086e-14,-133.4575749056068,4.5106851026454433e-14,-133.45757490560675,5.0118723362727144e-14,-133.0,4.5106851026454433e-14,764.7268434562777,763.0009227364505,0.9977430886144566,0.01448622384776389,0.014486223847763892,0.014486223847763893,0
174.0,2.1133365360321029e-10,-96.75031338677039,4.510685102645412e-14,-133.4575749056068,4.5106851026454433e-14,-133.45757490560675,5.0118723362727144e-14,-133.0,4.5106851026454433e-14,764.7268434562777,763.0011493017922,0.9977433848840901,0.01460955285791913,0.014609552857919131,0.014609552857919131,0
175.0,2.0778290226584868e-10,-96.8239019189479,4.5106851026453746e-14,-133.45757490560683,4.5106851026454433e-14,-133.45757490560675,5.0118723362727144e-14,-133.0,4.5106851026454433e-14,764.7268434562777,763.0013776496103,0.9977436834845904,0.014733853613818777,0.014733853613818777,0.014733853613874094,0
176.0,2.0429394310375105e-10,-96.89744509117,4.5106851026454244e-14,-133.45757490560678,4.5106851026454433e-14,-133.45757490560675,5.0118723362727144e-14,-133.0,4.5106851026454433e-14,764.7268434562777,763.0016077949587,0.9977439844356428,0.014859134344919445,0.014859134344919447,0.014859134344919448,0
177.0,2.0086563322915277e-10,-96.97094361786726,4.5106851026454225e-14,-133.45757490560678,4.5106851026454433e-14,-133.45757490560675,5.0118723362727144e-14,-133.0,4.5106851026454433e-14,764.7268434562777,763.0018397529302,0.9977442877569838,0.014985403302389755,0.014985403302389757,0.014985403302502143,0
178.0,1.9749685407262348e-10,-97.04439817859199,4.510685102645429e-14,-133.45757490560678,4.5106851026454433e-14,-133.45757490560675,5.0118723362727144e-14,-133.0,4.5106851026454433e-14,764.7268434562777,763.0020735386631,0.9977445934684086,0.015112668762658732,0.01511266876271537,0.015112668762715371,0
179.0,1.94186510634288e-10,-97.11780942093137,4.5106851026454e-14,-133.4575749056068,4.5106851026454433e-14,-133.45757490560675,5.0118723362727144e-14,-133.0,4.5106851026454433e-14,764.7268434562777,763.0023091673476,0.9977449015897809,0.015240939031287032,0.015240939031287034,0.015240939031287036,0
180.0,1.9093353076995317e-10,-97.19117796333322,4.5106851026454604e-14,-133.45757490560675,4.5106851026454433e-14,-133.45757490560675,5.0118723362727144e-14,-133.0,4.5106851026454433e-14,764.7268434562777,763.0025466542314,0.9977452121410396,0.015370222446047117,0.015370222446047119,0.01537022244604712,0
181.0,1.877368645131792e-10,-97.26450439777906,4.510685102645407e-14,-133.4575749056068,4.5106851026454433e-14,-133.45757490560675,5.0118723362727144e-14,-133.0,4.5106851026454433e-14,764.7268434562777,763.0027860146287,0.9977455251422103,0.015500527381016264,0.015500527381074242,0.015500527381074242,0
182.0,1.8459548342926476e-10,-97.33778929235046,4.5106851026454534e-14,-133.45757490560675,4.5106851026454433e-14,-133.45757490560675,5.0118723362727144e-14,-133.0,4.5106851026454433e-14,764.7268434562777,763.0030272639245,0.9977458406134114,0.015631862250179773,0.015631862250179776,0.01563186225023821,0
183.0,1.8150837999931142e-10,-97.41103319369218,4.510685102645414e-14,-133.4575749056068,4.5106851026454433e-14,-133.45757490560675,5.0118723362727144e-14,-133.0,4.5106851026454433e-14,764.7268434562777,763.0032704175825,0.997746158574864,0.015764235510457227,0.015764235510516113,0.015764235510516117,0
184.0,1.784745670342105e-10,-97.4842366293363,4.510685102645428e-14,-133.45757490560678,4.5106851026454433e-14,-133.45757490560675,5.0118723362727144e-14,-133.0,4.5106851026454433e-14,764.7268434562777,763.0035154911506,0.9977464790468994,0.015897655666007853,0.015897655666126546,0.01589765566612655,0
185.0,1.7549307711470844e-10,-97.55740010994067,4.510685102645462e-14,-133.45757490560675,4.5106851026454433e-14,-133.45757490560675,5.0118723362727144e-14,-133.0,4.5106851026454433e-14,764.7268434562777,763.0037625002685,0.9977468020499692,0.016032131271525245,0.01603213127152525,0.016032131271585055,0
186.0,1.725629620586835e-10,-97.6305241313789,4.510685102645447e-14,-133.45757490560675,4.5106851026454433e-14,-133.45757490560675,5.0118723362727144e-14,-133.0,4.5106851026454433e-14,764.7268434562777,763.0040114606741,0.9977471276046528,0.016167670935126364,0.016167670935186642,0.016167670935186642,0
187.0,1.6968329241088262e-10,-97.70360917676277,4.510685102645457e-14,-133.45757490560675,4.5106851026454433e-14,-133.45757490560675,5.0118723362727144e-14,-133.0,4.5106851026454433e-14,764.7268434562777,763.0042623882084,0.9977474557316651,0.016304283322963724,0.01630428332308521,0.01630428332308521,0
188.0,1.6685315695677878e-10,-97.77665571832455,4.5106851026453954e-14,-133.4575749056068,4.5106851026454433e-14,-133.45757490560675,5.0118723362727144e-14,-133.0,4.5106851026454433e-14,764.7268434562777,763.0045152988234,0.9977477864518656,0.016441977162084606,0.01644197716214582,0.016441977162145825,0
189.0,1.6407166225735062e-10,-97.84966421920706,4.5106851026454206e-14,-133.45757490560678,4.5106851026454433e-14,-133.45757490560675,5.0118723362727144e-14,-133.0,4.5106851026454433e-14,764.7268434562777,763.0047702085885,0.9977481197862677,0.01658076124368467,0.016580761243684673,0.016580761243684673,0
190.0,1.6133793220404235e-10,-97.92263513515088,4.510685102645457e-14,-133.45757490560675,4.5106851026454433e-14,-133.45757490560675,5.0118723362727144e-14,-133.0,4.5106851026454433e-14,764.7268434562777,763.0050271336952,0.9977484557560441,0.016720644426815732,0.016720644426815735,0.016720644426815735,0
191.0,1.586511075931869e-10,-97.9955689160687,4.510685102645413e-14,-133.4575749056068,4.5106851026454433e-14,-133.45757490560675,5.0118723362727144e-14,-133.0,4.5106851026454433e-14,764.7268434562777,763.0052860904648,0.9977487943825377,0.01686163564179508,0.01686163564179508,0.016861635641795082,0
192.0,1.5601034571732056e-10,-98.06846600754754,4.5106851026454326e-14,-133.45757490560678,4.5106851026454433e-14,-133.45757490560675,5.0118723362727144e-14,-133.0,4.5106851026454433e-14,764.7268434562777,763.0055470953537,0.9977491356872679,0.017003743893375146,0.01700374389337515,0.01700374389337515,0
193.0,1.53414819974627e-10,-98.14132685221978,4.5106851026454055e-14,-133.4575749056068,4.5106851026454433e-14,-133.45757490560675,5.0118723362727144e-14,-133.0,4.5106851026454433e-14,764.7268434562777,763.0058101649593,0.9977494796919381,0.01714697826398395,0.01714697826404757,0.01714697826404757,0
194.0,1.508637194927742e-10,-98.21415189107982,4.5106851026454377e-14,-133.45757490560675,4.5106851026454433e-14,-133.45757490560675,5.0118723362727144e-14,-133.0,4.5106851026454433e-14,764.7268434562777,763.0060753160265,0.997749826418445,0.017291347917316454,0.017291347917316454,0.017291347917380562,0
195.0,1.4835624876928024e-10,-98.2869415646636,4.5106851026454036e-14,-133.4575749056068,4.5106851026454433e-14,-133.45757490560675,5.0118723362727144e-14,-133.0,4.5106851026454433e-14,764.7268434562777,763.0063425654533,0.9977501758888856,0.017436862100833356,0.017436862100833356,0.01743686210083336,0
196.0,1.4589162732378586e-10,-98.35969631419893,4.5106851026454326e-14,-133.45757490560678,4.5106851026454433e-14,-133.45757490560675,5.0118723362727144e-14,-133.0,4.5106851026454433e-14,764.7268434562777,763.0066119302961,0.9977505281255634,0.017583530149600173,0.017583530149600173,0.017583530149600173,0
197.0,1.434690893655682e-10,-98.43241658261049,4.510685102645433e-14,-133.45757490560678,4.5106851026454433e-14,-133.45757490560675,5.0118723362727144e-14,-133.0,4.5106851026454433e-14,764.7268434562777,763.0068834277758,0.9977508831509977,0.017731361489002295,0.017731361489002298,0.017731361489002298,0
198.0,1.410878834718245e-10,-98.50510281548802,4.510685102645484e-14,-133.45757490560672,4.5106851026454433e-14,-133.45757490560675,5.0118723362727144e-14,-133.0,4.5106851026454433e-14,764.7268434562777,763.0071570752834,0.9977512409879298,0.017880365637881878,0.017880365637881878,0.017880365637947978,0
199.0,1.3874727227857526e-10,-98.5777554619453,4.510685102645447e-14,-133.45757490560675,4.5106851026454433e-14,-133.45757490560675,5.0118723362727144e-14,-133.0,4.5106851026454433e-14,764.7268434562777,763.007432890385,0.9977516016593302,0.018030552211498813,0.018030552211498817,0.01803055221156542,0
200.0,1.364465321815854e-10,-98.6503749754293,4.5106851026454086e-14,-133.4575749056068,4.5106851026454433e-14,-133.45757490560675,5.0118723362727144e-14,-133.0,4.5106851026454433e-14,764.7268434562777,763.0077108908275,0.9977519651884059,0.018181930924494463,0.018181930924494463,0.01818193092456158,0
201.0,1.341849530483114e-10,-98.72296181443238,4.510685102645442e-14,-133.45757490560675,4.5106851026454433e-14,-133.45757490560675,5.0118723362727144e-14,-133.0,4.5106851026454433e-14,764.7268434562777,763.0079910945441,0.9977523315986071,0.018334511593686494,0.018334511593754124,0.018334511593754127,0
202.0,1.3196183793934066e-10,-98.79551644313757,4.5106851026454654e-14,-133.45757490560675,4.5106851026454433e-14,-133.45757490560675,5.0118723362727144e-14,-133.0,4.5106851026454433e-14,764.7268434562777,763.0082735196585,0.9977527009136334,0.018488304141155414,0.01848830414122356,0.018488304141223565,0
203.0,1.2977650283845095e-10,-98.8680393320105,4.5106851026453966e-14,-133.4575749056068,4.5106851026454433e-14,-133.45757490560675,5.0118723362727144e-14,-133.0,4.5106851026454433e-14,764.7268434562777,763.0085581844913,0.9977530731574422,0.018643318596702353,0.018643318596702357,0.018643318596702357,0
204.0,1.2762827639172517e-10,-98.9405309583093,4.5106851026454244e-14,-133.45757490560678,4.5106851026454433e-14,-133.45757490560675,5.0118723362727144e-14,-133.0,4.5106851026454433e-14,764.7268434562777,763.0088451075638,0.9977534483542526,0.018799565100548078,0.018799565100548078,0.018799565100617272,0
205.0,1.2551649965479315e-10,-99.01299180652835,4.510685102645456e-14,-133.45757490560675,4.5106851026454433e-14,-133.45757490560675,5.0118723362727144e-14,-133.0,4.5106851026454433e-14,764.7268434562777,763.0091343076035,0.9977538265285539,0.01895705390624738,0.018957053906317103,0.018957053906317103,0
206.0,1.2344052584682913e-10,-99.08542236880992,4.5106851026454124e-14,-133.4575749056068,4.5106851026454433e-14,-133.45757490560675,5.0118723362727144e-14,-133.0,4.5106851026454433e-14,764.7268434562777,763.0094258035488,0.9977542077051109,0.019115795383340437,0.019115795383410693,0.019115795383410693,0
207.0,1.2139972011284699e-10,-99.15782314525886,4.510685102645451e-14,-133.45757490560675,4.5106851026454433e-14,-133.45757490560675,5.0118723362727144e-14,-133.0,4.5106851026454433e-14,764.7268434562777,763.0097196145526,0.9977545919089693,0.019275800019580507,0.01927580001958051,0.01927580001958051,0
208.0,1.1939345929212297e-10,-99.2301946442227,4.5106851026454907e-14,-133.45757490560672,4.5106851026454433e-14,-133.45757490560675,5.0118723362727144e-14,-133.0,4.5106851026454433e-14,764.7268434562777,763.0100157599892,0.9977549791654637,0.019437078423421534,0.019437078423421537,0.019437078423421537,0
209.0,1.1742113169270426e-10,-99.30253738252955,4.5106851026453865e-14,-133.4575749056068,4.5106851026454433e-14,-133.45757490560675,5.0118723362727144e-14,-133.0,4.5106851026454433e-14,764.7268434562777,763.0103142594556,0.9977553695002205,0.0195996413268328,0.0195996413268328,0.019599641326832805,0
210.0,1.1548213687269662e-10,-99.37485188564833,4.510685102645434e-14,-133.45757490560678,4.5106851026454433e-14,-133.45757490560675,5.0118723362727144e-14,-133.0,4.5106851026454433e-14,764.7268434562777,763.010615132779,0.9977557629391666,0.019763499587360806,0.019763499587360806,0.019763499587433227,0
211.0,1.1357588542678383e-10,-99.44713868781727,4.5106851026454377e-14,-133.45757490560675,4.5106851026454433e-14,-133.45757490560675,5.0118723362727144e-14,-133.0,4.5106851026454433e-14,764.7268434562777,763.0109184000179,0.9977561595085318,0.019928664190521733,0.019928664190521736,0.019928664190521736,0
212.0,1.1170179877803517e-10,-99.51939833213086,4.510685102645437e-14,-133.45757490560678,4.5106851026454433e-14,-133.45757490560675,5.0118723362727144e-14,-133.0,4.5106851026454433e-14,764.7268434562777,763.011224081469,0.9977565592348573,0.020095146252003416,0.020095146252076944,0.020095146252076947,0
213.0,1.0985930897529204e-10,-99.59163137056527,4.5106851026454604e-14,-133.45757490560675,4.5106851026454433e-14,-133.45757490560675,5.0118723362727144e-14,-133.0,4.5106851026454433e-14,764.7268434562777,763.0115321976692,0.9977569621449982,0.02026295702021073,0.020262957020210734,0.020262957020210734,0
214.0,1.0804785849494991e-10,-99.6638383639798,4.510685102645471e-14,-133.45757490560675,4.5106851026454433e-14,-133.45757490560675,5.0118723362727144e-14,-133.0,4.5106851026454433e-14,764.7268434562777,763.011842769401,0.9977573682661308,0.02043210787769033,0.020432107877690335,0.02043210787769034,0
215.0,1.0626690004754752e-10,-99.73601988207156,4.510685102645441e-14,-133.45757490560675,4.5106851026454433e-14,-133.45757490560675,5.0118723362727144e-14,-133.0,4.5106851026454433e-14,764.7268434562777,763.0121558176943,0.997757777625755,0.020602610343876858,0.020602610343952076,0.02060261034395208,0
216.0,1.0451589638923443e-10,-99.808176503272,4.510685102645438e-14,-133.45757490560675,4.5106851026454433e-14,-133.45757490560675,5.0118723362727144e-14,-133.0,4.5106851026454433e-14,764.7268434562777,763.0124713638327,0.9977581902517025,0.02077447607708127,0.020774476077081272,0.020774476077081275,0
217.0,1.0279432013600557e-10,-99.88030881466607,4.5106851026454244e-14,-133.45757490560678,4.5106851026454433e-14,-133.45757490560675,5.0118723362727144e-14,-133.0,4.5106851026454433e-14,764.7268434562777,763.0127894293547,0.9977586061721384,0.020947716875871207,0.02094771687587121,0.02094771687587121,0
218.0,1.0110165358378233e-10,-99.95241741180125,4.5106851026454244e-14,-133.45757490560678,4.5106851026454433e-14,-133.45757490560675,5.0118723362727144e-14,-133.0,4.5106851026454433e-14,764.7268434562777,763.0131100360586,0.997759025415567,0.021122344681567276,0.021122344681644225,0.021122344681644225,0
219.0,9.943738853101604e-11,-100.0245028985175,4.510685102645421e-14,-133.45757490560678,4.5106851026454433e-14,-133.45757490560675,5.0118723362727144e-14,-133.0,4.5106851026454433e-14,764.7268434562777,763.0134332060048,0.9977594480108363,0.021298371580061187,0.02129837158013872,0.021298371580138722,0
220.0,9.78010261050897e-11,-100.0965658867415,4.510685102645465e-14,-133.45757490560675,4.5106851026454433e-14,-133.45757490560675,5.0118723362727144e-14,-133.0,4.5106851026454433e-14,764.7268434562777,763.0137589615206,0.997759873987142,0.02147580980324892,0.02147580980332704,0.021475809803327042,0
221.0,9.619207659299486e-11,-100.16860699621843,4.51068510264547e-14,-133.45757490560675,4.5106851026454433e-14,-133.45757490560675,5.0118723362727144e-14,-133.0,4.5106851026454433e-14,764.7268434562777,763.0140873252011,0.9977603033740314,0.02165467173101207,0.021654671731090785,0.02165467173109079,0
222.0,9.461005927445383e-11,-100.24062685425565,4.510685102645456e-14,-133.45757490560675,4.5106851026454433e-14,-133.45757490560675,5.0118723362727144e-14,-133.0,4.5106851026454433e-14,764.7268434562777,763.0144183199144,0.9977607362014078,0.02183496989277456,0.021834969892933185,0.02183496989293319,0
223.0,9.30545022586827e-11,-100.31262609542355,4.510685102645478e-14,-133.45757490560672,4.5106851026454433e-14,-133.45757490560675,5.0118723362727144e-14,-133.0,4.5106851026454433e-14,764.7268434562777,763.014751968803,0.9977611724995337,0.022016716969429324,0.02201671696958915,0.022016716969589154,0
224.0,9.152494232428813e-11,-100.38460536123037,4.5106851026453903e-14,-133.4575749056068,4.5106851026454433e-14,-133.45757490560675,5.0118723362727144e-14,-133.0,4.5106851026454433e-14,764.7268434562777,763.0150882952876,0.9977616122990353,0.02219992579457153,0.02219992579457153,0.022199925794571532,0
225.0,9.002092476222577e-11,-100.45656529977092,4.5106851026454604e-14,-133.45757490560675,4.5106851026454433e-14,-133.45757490560675,5.0118723362727144e-14,-133.0,4.5106851026454433e-14,764.7268434562777,763.0154273230689,0.997762055630905,0.02238460935564762,0.022384609355647622,0.022384609355647626,0
226.0,8.854200322126639e-11,-100.52850656537197,4.5106851026453966e-14,-133.4575749056068,4.5106851026454433e-14,-133.45757490560675,5.0118723362727144e-14,-133.0,4.5106851026454433e-14,764.7268434562777,763.0157690761309,0.9977625025265056,0.022570780796219755,0.022570780796301506,0.02257078079630151,0
227.0,8.708773955670955e-11,-100.60042981819636,4.510685102645462e-14,-133.45757490560675,4.5106851026454433e-14,-133.45757490560675,5.0118723362727144e-14,-133.0,4.5106851026454433e-14,764.7268434562777,763.0161135787426,0.9977629530175727,0.022758453417080923,0.022758453417080923,0.022758453417080927,0
228.0,8.565770368170272e-11,-100.6723357238321,4.5106851026454124e-14,-133.4575749056068,4.5106851026454433e-14,-133.45757490560675,5.0118723362727144e-14,-133.0,4.5106851026454433e-14,764.7268434562777,763.0164608554616,0.9977634071362189,0.022947640676892495,0.022947640676892495,0.0229476406768925,0
229.0,8.425147342101753e-11,-100.74422495287223,4.510685102645407e-14,-133.4575749056068,4.5106851026454433e-14,-133.45757490560675,5.0118723362727144e-14,-133.0,4.5106851026454433e-14,764.7268434562777,763.0168109311344,0.9977638649149353,0.023138356194255853,0.023138356194255857,0.023138356194255857,0
230.0,8.286863436713735e-11,-100.81609818049066,4.510685102645422e-14,-133.45757490560678,4.5106851026454433e-14,-133.45757490560675,5.0118723362727144e-14,-133.0,4.5106851026454433e-14,764.7268434562777,763.0171638309008,0.9977643263865961,0.023330613748445642,0.023330613748529905,0.023330613748529905,0
231.0,8.150877973996965e-11,-100.88795608594316,4.51068510264545e-14,-133.45757490560675,4.5106851026454433e-14,-133.45757490560675,5.0118723362727144e-14,-133.0,4.5106851026454433e-14,764.7268434562777,763.0175195801936,0.9977647915844583,0.02352442728083191,0.023524427280916818,0.02352442728091682,0
232.0,8.017151024755795e-11,-100.95979935212604,4.510685102645427e-14,-133.45757490560678,4.5106851026454433e-14,-133.45757490560675,5.0118723362727144e-14,-133.0,4.5106851026454433e-14,764.7268434562777,763.0178782047424,0.9977652605421676,0.023719810895507742,0.023719810895593295,0.0237198108955933,0
233.0,7.885643394992981e-11,-101.03162866508107,4.510685102645412e-14,-133.4575749056068,4.5106851026454433e-14,-133.45757490560675,5.0118723362727144e-14,-133.0,4.5106851026454433e-14,764.7268434562777,763.0182397305739,0.9977657332937581,0.023916778860670312,0.023916778860670312,0.023916778860756514,0
234.0,7.756316612522162e-11,-101.10344471348773,4.510685102645451e-14,-133.45757490560675,4.5106851026454433e-14,-133.45757490560675,5.0118723362727144e-14,-133.0,4.5106851026454433e-14,764.7268434562777,763.0186041840142,0.997766209873655,0.02411534560908553,0.02411534560908553,0.024115345609085535,0
235.0,7.629132913790101e-11,-101.17524818815104,4.510685102645428e-14,-133.45757490560678,4.5106851026454433e-14,-133.45757490560675,5.0118723362727144e-14,-133.0,4.5106851026454433e-14,764.7268434562777,763.0189715916899,0.9977666903166772,0.024315525739447764,0.024315525739447764,0.02431552573944777,0
236.0,7.504055230913996e-11,-101.24703978148061,4.510685102645434e-14,-133.45757490560678,4.5106851026454433e-14,-133.45757490560675,5.0118723362727144e-14,-133.0,4.5106851026454433e-14,764.7268434562777,763.0193419805304,0.9977671746580385,0.0245173340168196,0.0245173340168196,0.024517334016819603,0
237.0,7.381047178953262e-11,-101.31882018694789,4.510685102645459e-14,-133.45757490560675,4.5106851026454433e-14,-133.45757490560675,5.0118723362727144e-14,-133.0,4.5106851026454433e-14,764.7268434562777,763.0197153777675,0.9977676629333493,0.02472078537339802,0.024720785373398023,0.024720785373398023,0
238.0,7.260073043388551e-11,-101.39059009853486,4.510685102645444e-14,-133.45757490560675,4.5106851026454433e-14,-133.45757490560675,5.0118723362727144e-14,-133.0,4.5106851026454433e-14,764.7268434562777,763.020091810938,0.9977681551786179,0.02492589490903609,0.024925894909125623,0.024925894909125626,0
239.0,7.141097767794253e-11,-101.46235021018092,4.510685102645438e-14,-133.45757490560675,4.5106851026454433e-14,-133.45757490560675,5.0118723362727144e-14,-133.0,4.5106851026454433e-14,764.7268434562777,763.0204713078833,0.9977686514302516,0.02513267789215862,0.025132677892248836,0.025132677892248836,0
240.0,7.024086941734373e-11,-101.53410121520832,4.510685102645413e-14,-133.4575749056068,4.5106851026454433e-14,-133.45757490560675,5.0118723362727144e-14,-133.0,4.5106851026454433e-14,764.7268434562777,763.0208538967516,0.9977691517250583,0.025341149759764797,0.0253411497597648,0.02534114975994661,0
241.0,6.909006788837283e-11,-101.60584380575172,4.5106851026454194e-14,-133.45757490560678,4.5106851026454433e-14,-133.45757490560675,5.0118723362727144e-14,-133.0,4.5106851026454433e-14,764.7268434562777,763.021239605997,0.9977696561002463,0.02555132611782456,0.025551326117824562,0.025551326117824565,0
242.0,6.795824155085296e-11,-101.67757867216787,4.510685102645403e-14,-133.4575749056068,4.5106851026454433e-14,-133.45757490560675,5.0118723362727144e-14,-133.0,4.5106851026454433e-14,764.7268434562777,763.0216284643813,0.9977701645934259,0.025763222742022626,0.02576322274202263,0.025763222742022633,0
243.0,6.684506497288981e-11,-101.7493065024427,4.510685102645427e-14,-133.45757490560678,4.5106851026454433e-14,-133.45757490560675,5.0118723362727144e-14,-133.0,4.5106851026454433e-14,764.7268434562777,763.0220205009737,0.99777067724261,0.025976855577617086,0.02597685557761709,0.025976855577710088,0
244.0,6.575021871766397e-11,-101.82102798158105,4.510685102645429e-14,-133.45757490560678,4.5106851026454433e-14,-133.45757490560675,5.0118723362727144e-14,-133.0,4.5106851026454433e-14,764.7268434562777,763.0224157451504,0.9977711940862126,0.026192240739540837,0.026192240739634547,0.02619224073963455,0
245.0,6.467338923177086e-11,-101.8927437910102,4.5106851026454004e-14,-133.4575749056068,4.5106851026454433e-14,-133.45757490560675,5.0118723362727144e-14,-133.0,4.5106851026454433e-14,764.7268434562777,763.022814226596,0.9977717151630506,0.026409394512948804,0.026409394512948808,0.026409394512948808,0
246.0,6.361426873583421e-11,-101.96445460794871,4.510685102645464e-14,-133.45757490560675,4.5106851026454433e-14,-133.45757490560675,5.0118723362727144e-14,-133.0,4.5106851026454433e-14,764.7268434562777,763.0232159753019,0.9977722405123429,0.026628333352184373,0.026628333352184376,0.026628333352184376,0
247.0,6.257255511657886e-11,-102.03616110479182,4.510685102645444e-14,-133.45757490560675,4.5106851026454433e-14,-133.45757490560675,5.0118723362727144e-14,-133.0,4.5106851026454433e-14,764.7268434562777,763.0236210215669,0.9977727701737095,0.026849073881499947,0.026849073881595825,0.02684907388159583,0
248.0,6.154795182091338e-11,-102.10786394847622,4.5106851026454194e-14,-133.45757490560678,4.5106851026454433e-14,-133.45757490560675,5.0118723362727144e-14,-133.0,4.5106851026454433e-14,764.7268434562777,763.0240293959961,0.9977733041871715,0.027071632894806408,0.02707163289480641,0.027071632894806415,0
249.0,6.05401677517107e-11,-102.17956379984314,4.510685102645457e-14,-133.45757490560675,4.5106851026454433e-14,-133.45757490560675,5.0118723362727144e-14,-133.0,4.5106851026454433e-14,764.7268434562777,763.0244411295007,0.9977738425931503,0.02729602735436231,0.027296027354459667,0.02729602735445967,0
250.0,5.954891716534152e-11,-102.25126131299469,4.510685102645403e-14,-133.4575749056068,4.5106851026454433e-14,-133.45757490560675,5.0118723362727144e-14,-133.0,4.5106851026454433e-14,764.7268434562777,763.0248562532962,0.9977743854324648,0.027522274391765165,0.02752227439176517,0.027522274391765172,0
251.0,5.857463603427016e-11,-102.32290401302049,4.510685102645429e-14,-133.45757490560678,4.5106851026454433e-14,-133.45757490560675,5.0118723362727144e-14,-133.0,4.5106851026454433e-14,764.7268434562777,763.0252744875118,0.9977749323391402,0.027750221589142823,0.027750221589142827,0.02775022158914283,0
252.0,5.761657027057448e-11,-102.39452597442208,4.510685102645476e-14,-133.45757490560672,4.5106851026454433e-14,-133.45757490560675,5.0118723362727144e-14,-133.0,4.5106851026454433e-14,764.7268434562777,763.0256960538661,0.9977754836031084,0.027979989903426605,0.027979989903426608,0.027979989903526223,0
253.0,5.667420491050969e-11,-102.46614563930167,4.5106851026454345e-14,-133.45757490560678,4.5106851026454433e-14,-133.45757490560675,5.0118723362727144e-14,-133.0,4.5106851026454433e-14,764.7268434562777,763.0261210876794,0.9977760394013218,0.028211653211129936,0.02821165321112994,0.028211653211230314,0
254.0,5.5747274649646183e-11,-102.5377635937489,4.510685102645415e-14,-133.4575749056068,4.5106851026454433e-14,-133.45757490560675,5.0118723362727144e-14,-133.0,4.5106851026454433e-14,764.7268434562777,763.0265496208013,0.9977765997754288,0.028445228998415426,0.02844522899841543,0.028445228998415433,0
255.0,5.4835519050341346e-11,-102.60938041322719,4.510685102645412e-14,-133.4575749056068,4.5106851026454433e-14,-133.45757490560675,5.0118723362727144e-14,-133.0,4.5106851026454433e-14,764.7268434562777,763.0269816853634,0.997777164767446,0.028680734907284518,0.02868073490728452,0.028680734907284525,0
256.0,5.393868244927763e-11,-102.68099666188593,4.510685102645448e-14,-133.45757490560675,4.5106851026454433e-14,-133.45757490560675,5.0118723362727144e-14,-133.0,4.5106851026454433e-14,764.7268434562777,763.027417313775,0.9977777344197545,0.028918188734185266,0.028918188734185266,0.02891818873418527,0
257.0,5.305651386639935e-11,-102.75261289188305,4.5106851026454465e-14,-133.45757490560675,4.5106851026454433e-14,-133.45757490560675,5.0118723362727144e-14,-133.0,4.5106851026454433e-14,764.7268434562777,763.0278565387215,0.9977783087750949,0.029157608428536104,0.029157608428536107,0.029157608428536107,0
258.0,5.218876691574434e-11,-102.82422964267636,4.51068510264547e-14,-133.45757490560675,4.5106851026454433e-14,-133.45757490560675,5.0118723362727144e-14,-133.0,4.5106851026454433e-14,764.7268434562777,763.0282993931604,0.9977788878765644,0.029399012091024877,0.029399012091024877,0.02939901209102488,0
259.0,5.1335199717769783e-11,-102.89584744031374,4.510685102645433e-14,-133.45757490560678,4.5106851026454433e-14,-133.45757490560675,5.0118723362727144e-14,-133.0,4.5106851026454433e-14,764.7268434562777,763.0287459103188,0.9977794717676128,0.02964241797177285,0.029642417971772854,0.029642417971772857,0
260.0,5.049557481290238e-11,-102.9674667967432,4.510685102645457e-14,-133.45757490560675,4.5106851026454433e-14,-133.45757490560675,5.0118723362727144e-14,-133.0,4.5106851026454433e-14,764.7268434562777,763.0291961236886,0.9977800604920362,0.02988784446843524,0.029887844468435242,0.029887844468435246,0
261.0,4.966965907705697e-11,-103.03908820907958,4.510685102645423e-14,-133.45757490560678,4.5106851026454433e-14,-133.45757490560675,5.0118723362727144e-14,-133.0,4.5106851026454433e-14,764.7268434562777,763.0296500670237,0.9977806540939724,0.030135310124016948,0.03013531012401695,0.030135310124123692,0
262.0,4.885722363818675e-11,-103.11071215890495,4.510685102645445e-14,-133.45757490560675,4.5106851026454433e-14,-133.45757490560675,5.0118723362727144e-14,-133.0,4.5106851026454433e-14,764.7268434562777,763.0301077743343,0.9977812526178957,0.030384833624660122,0.030384833624660126,0.03038483362466013,0
263.0,4.805804379471806e-11,-103.18233911152802,4.510685102645437e-14,-133.45757490560678,4.5106851026454433e-14,-133.45757490560675,5.0118723362727144e-14,-133.0,4.5106851026454433e-14,764.7268434562777,763.0305692798838,0.9977818561086108,0.030636433797144105,0.03063643379714411,0.030636433797144112,0
264.0,4.7271898935087395e-11,-103.25396951526884,4.5106851026454295e-14,-133.45757490560678,4.5106851026454433e-14,-133.45757490560675,5.0118723362727144e-14,-133.0,4.5106851026454433e-14,764.7268434562777,763.0310346181832,0.9977824646112459,0.030890129606319428,0.030890129606319428,0.03089012960631943,0
265.0,4.651247871720405e-11,-103.32430515691246,4.51068510264545e-14,-133.45757490560675,4.5106851026454433e-14,-133.45757490560675,5.0118723362727144e-14,-133.0,4.5106851026454433e-14,764.7268434562777,763.0314952834628,0.9977830670031765,0.03114128381190967,0.031141283811909674,0.031141283812019773,0
266.0,4.5763108900981056e-11,-103.39484479567352,4.510685102645403e-14,-133.4575749056068,4.5106851026454433e-14,-133.45757490560675,5.0118723362727144e-14,-133.0,4.5106851026454433e-14,764.7268434562777,763.0319610353927,0.9977836760466982,0.031395217383523646,0.03139521738363461,0.03139521738363461,0
267.0,4.5026035299718275e-11,-103.4653629250542,4.510685102645432e-14,-133.45757490560678,4.5106851026454433e-14,-133.45757490560675,5.0118723362727144e-14,-133.0,4.5106851026454433e-14,764.7268434562777,763.0324304299776,0.9977842898535613,0.03165114321152691,0.03165114321152691,0.031651143211526914,0
268.0,4.430105334957197e-11,-103.53585947400677,4.5106851026454446e-14,-133.45757490560675,4.5106851026454433e-14,-133.45757490560675,5.0118723362727144e-14,-133.0,4.5106851026454433e-14,764.7268434562777,763.0329034939222,0.9977849084586863,0.03190907600225333,0.03190907600225334,0.03190907600236607,0
269.0,4.3587962196581845e-11,-103.60633434434189,4.510685102645448e-14,-133.45757490560675,4.5106851026454433e-14,-133.45757490560675,5.0118723362727144e-14,-133.0,4.5106851026454433e-14,764.7268434562777,763.033380253922,0.9977855318969818,0.03216903046047484,0.03216903046047485,0.03216903046047485,0
270.0,4.2886564624779127e-11,-103.67678740990027,4.5106851026454616e-14,-133.45757490560675,4.5106851026454433e-14,-133.45757490560675,5.0118723362727144e-14,-133.0,4.5106851026454433e-14,764.7268434562777,763.0338607366526,0.9977861602033303,0.0324310212822167,0.032431021282216706,0.032431021282331225,0
271.0,4.2196666985484695e-11,-103.74721851573356,4.5106851026454276e-14,-133.45757490560678,4.5106851026454433e-14,-133.45757490560675,5.0118723362727144e-14,-133.0,4.5106851026454433e-14,764.7268434562777,763.034344968756,0.9977867934125704,0.03269506314802677,0.032695063148026775,0.032695063148026775,0
272.0,4.1518079127816205e-11,-103.81762747729147,4.510685102645438e-14,-133.45757490560675,4.5106851026454433e-14,-133.45757490560675,5.0118723362727144e-14,-133.0,4.5106851026454433e-14,764.7268434562777,763.0348329768283,0.9977874315594806,0.032961170715909205,0.032961170715909205,0.032961170716025556,0
273.0,4.085061433058422e-11,-103.88801407959555,4.510685102645401e-14,-133.4575749056068,4.5106851026454433e-14,-133.45757490560675,5.0118723362727144e-14,-133.0,4.5106851026454433e-14,764.7268434562777,763.0353247874052,0.9977880746787605,0.03322935861395307,0.03322935861395307,0.03322935861407035,0
274.0,4.0212827013340045e-11,-103.95635394364474,4.5106851026454206e-14,-133.45757490560678,4.5106851026454433e-14,-133.45757490560675,5.0118723362727144e-14,-133.0,4.5106851026454433e-14,764.7268434562777,763.0358061131042,0.997788704087422,0.03349183568975937,0.03349183568975938,0.03349183568987761,0
275.0,3.957906903663078e-11,-104.02534425314289,4.510685102645436e-14,-133.45757490560678,4.5106851026454433e-14,-133.45757490560675,5.0118723362727144e-14,-133.0,4.5106851026454433e-14,764.7268434562777,763.0362958640849,0.9977893445134577,0.03375891401086867,0.03375891401086867,0.03375891401110707,0
276.0,3.8955773615790965e-11,-104.09428166652378,4.5106851026454036e-14,-133.4575749056068,4.5106851026454433e-14,-133.45757490560675,5.0118723362727144e-14,-133.0,4.5106851026454433e-14,764.7268434562777,763.0367891279104,0.9977899895330875,0.03402791490261974,0.03402791490261974,0.03402791490261975,0
277.0,3.834276784355092e-11,-104.16316539976646,4.5106851026454396e-14,-133.45757490560675,4.5106851026454433e-14,-133.45757490560675,5.0118723362727144e-14,-133.0,4.5106851026454433e-14,764.7268434562777,763.0372859206907,0.9977906391673779,0.034298847299259055,0.034298847299259055,0.03429884729938021,0
278.0,3.773988191800989e-11,-104.23199463006196,4.510685102645438e-14,-133.45757490560675,4.5106851026454433e-14,-133.45757490560675,5.0118723362727144e-14,-133.0,4.5106851026454433e-14,764.7268434562777,763.0377862581789,0.9977912934369285,0.034571719942462734,0.03457171994246274,0.03457171994246274,0
279.0,3.714694908193869e-11,-104.30076849502032,4.510685102645453e-14,-133.45757490560675,4.5106851026454433e-14,-133.45757490560675,5.0118723362727144e-14,-133.0,4.5106851026454433e-14,764.7268434562777,763.038290155752,0.997791952361847,0.03484654137031671,0.03484654137043985,0.034846541370439854,0
280.0,3.656380556288059e-11,-104.36948609192358,4.5106851026454345e-14,-133.45757490560678,4.5106851026454433e-14,-133.45757490560675,5.0118723362727144e-14,-133.0,4.5106851026454433e-14,764.7268434562777,763.0387976283891,0.9977926159617214,0.035123319906919206,0.03512331990691921,0.03512331990691921,0
281.0,3.599029051465062e-11,-104.43814647695505,4.5106851026454515e-14,-133.45757490560675,4.5106851026454433e-14,-133.45757490560675,5.0118723362727144e-14,-133.0,4.5106851026454433e-14,764.7268434562777,763.0393086906527,0.9977932842555938,0.03540206364974213,0.03540206364974214,0.035402063649742146,0
282.0,3.54262459599722e-11,-104.50674866443244,4.510685102645417e-14,-133.4575749056068,4.5106851026454433e-14,-133.45757490560675,5.0118723362727144e-14,-133.0,4.5106851026454433e-14,764.7268434562777,763.039823356665,0.9977939572619315,0.035682780459161775,0.035682780459161775,0.03568278045916178,0
283.0,3.487151673385649e-11,-104.57529162609141,4.510685102645432e-14,-133.45757490560678,4.5106851026454433e-14,-133.45757490560675,5.0118723362727144e-14,-133.0,4.5106851026454433e-14,764.7268434562777,763.0403416400885,0.9977946349986004,0.03596547794604052,0.03596547794604052,0.035965477946040526,0
284.0,3.4354889840157824e-11,-104.64011439697322,4.510685102645412e-14,-133.4575749056068,4.5106851026454433e-14,-133.45757490560675,5.0118723362727144e-14,-133.0,4.5106851026454433e-14,764.7268434562777,763.0408355578045,0.9977952808732944,0.03623489227947233,0.03623489227947234,0.03623489227960069,0
285.0,3.384594754404325e-11,-104.70493322979368,4.510685102645441e-14,-133.45757490560675,4.5106851026454433e-14,-133.45757490560675,5.0118723362727144e-14,-133.0,4.5106851026454433e-14,764.7268434562777,763.041333132205,0.9977959315296755,0.036506308221155186,0.036506308221284645,0.036506308221284645,0
286.0,3.3345553749376494e-11,-104.76962066120521,4.5106851026454206e-14,-133.45757490560678,4.5106851026454433e-14,-133.45757490560675,5.0118723362727144e-14,-133.0,4.5106851026454433e-14,764.7268434562777,763.0418334006129,0.9977965857088928,0.036779200787233256,0.03677920078749444,0.03677920078749444,0
287.0,3.2853566668171184e-11,-104.83417475412523,4.5106851026454206e-14,-133.45757490560678,4.5106851026454433e-14,-133.45757490560675,5.0118723362727144e-14,-133.0,4.5106851026454433e-14,764.7268434562777,763.0423363527104,0.9977972433974542,0.03705356446517753,0.03705356446517753,0.03705356446517754,0
288.0,3.23698470416068e-11,-104.89859352779789,4.510685102645421e-14,-133.45757490560678,4.5106851026454433e-14,-133.45757490560675,5.0118723362727144e-14,-133.0,4.5106851026454433e-14,764.7268434562777,763.042841977299,0.9977979045807158,0.037329393260797136,0.03732939326079714,0.03732939326079714,0
289.0,3.189425809022586e-11,-104.96287495757399,4.510685102645475e-14,-133.45757490560672,4.5106851026454433e-14,-133.45757490560675,5.0118723362727144e-14,-133.0,4.5106851026454433e-14,764.7268434562777,763.0433502622768,0.9977985692428526,0.03760668068834985,0.037606680688483905,0.03760668068848391,0
290.0,3.1447425920810264e-11,-105.02414897250164,4.510685102645428e-14,-133.45757490560678,4.5106851026454433e-14,-133.45757490560675,5.0118723362727144e-14,-133.0,4.5106851026454433e-14,764.7268434562777,763.0438382687607,0.9977992073876857,0.037872912400286764,0.03787291240028677,0.03787291240028677,0
291.0,3.101858511415732e-11,-105.0837801603654,4.5106851026454414e-14,-133.45757490560675,4.5106851026454433e-14,-133.45757490560675,5.0118723362727144e-14,-133.0,4.5106851026454433e-14,764.7268434562777,763.0443164960445,0.9977998327446846,0.03813381565064539,0.0381338156506454,0.038133815650781944,0
292.0,3.0597094163364764e-11,-105.14319816941304,4.510685102645452e-14,-133.45757490560675,4.5106851026454433e-14,-133.45757490560675,5.0118723362727144e-14,-133.0,4.5106851026454433e-14,764.7268434562777,763.0447962784899,0.9978004601353007,0.03839557388248123,0.03839557388248123,0.038395573882619057,0
293.0,3.0182829477000464e-11,-105.20240049893488,4.5106851026454345e-14,-133.45757490560678,4.5106851026454433e-14,-133.45757490560675,5.0118723362727144e-14,-133.0,4.5106851026454433e-14,764.7268434562777,763.0452775827059,0.9978010895158698,0.03865816894187917,0.03865816894201829,0.038658168942018296,0
294.0,2.977566967574935e-11,-105.26138462147047,4.5106851026454433e-14,-133.45757490560675,4.5106851026454433e-14,-133.45757490560675,5.0118723362727144e-14,-133.0,4.5106851026454433e-14,764.7268434562777,763.0457603743259,0.9978017208414525,0.03892158214146508,0.038921582141465086,0.038921582141465086,0
295.0,2.939613655291784e-11,-105.31709743873661,4.510685102645447e-14,-133.45757490560675,4.5106851026454433e-14,-133.45757490560675,5.0118723362727144e-14,-133.0,4.5106851026454433e-14,764.7268434562777,763.0462193993701,0.9978023210885186,0.03917203434900513,0.03917203434900513,0.03917203434914695,0
296.0,2.9016547347212284e-11,-105.37354265132613,4.510685102645436e-14,-133.45757490560678,4.5106851026454433e-14,-133.45757490560675,5.0118723362727144e-14,-133.0,4.5106851026454433e-14,764.7268434562777,763.0466874597037,0.9978029331506393,0.03942742254905129,0.039427422549051294,0.039427422549194485,0
297.0,2.864353453389976e-11,-105.42973392304974,4.5106851026454673e-14,-133.45757490560675,4.5106851026454433e-14,-133.45757490560675,5.0118723362727144e-14,-133.0,4.5106851026454433e-14,764.7268434562777,763.0471564338175,0.9978035464076707,0.03968331559296515,0.03968331559310975,0.03968331559310975,0
298.0,2.8276983883043455e-11,-105.48566915695744,4.510685102645438e-14,-133.45757490560675,4.5106851026454433e-14,-133.45757490560675,5.0118723362727144e-14,-133.0,4.5106851026454433e-14,764.7268434562777,763.0476262824684,0.997804160808296,0.03993969210455554,0.03993969210455554,0.039939692104555544,0
299.0,2.791678633897883e-11,-105.54134577294478,4.510685102645449e-14,-133.45757490560675,4.5106851026454433e-14,-133.45757490560675,5.0118723362727144e-14,-133.0,4.5106851026454433e-14,764.7268434562777,763.0480969616457,0.9978047762949647,0.040196528103410865,0.040196528103410865,0.04019652810341087,0
300.0,2.7562834788674377e-11,-105.59676118050095,4.5106851026454433e-14,-133.45757490560675,4.5106851026454433e-14,-133.45757490560675,5.0118723362727144e-14,-133.0,4.5106851026454433e-14,764.7268434562777,763.0485684264755,0.9978053928089969,0.04045379913594856,0.040453799136097465,0.04045379913609747,0
301.0,2.721502402296968e-11,-105.65191277990722,4.5106851026454433e-14,-133.45757490560675,4.5106851026454433e-14,-133.45757490560675,5.0118723362727144e-14,-133.0,4.5106851026454433e-14,764.7268434562777,763.0490406312264,0.9978060102905917,0.040711480278906954,0.04071148027890696,0.04071148027905735,0
302.0,2.6873250698600962e-11,-105.7067979634781,4.510685102645432e-14,-133.45757490560678,4.5106851026454433e-14,-133.45757490560675,5.0118723362727144e-14,-133.0,4.5106851026454433e-14,764.7268434562777,763.0495135293173,0.9978066286788372,0.040969546141861775,0.04096954614201367,0.04096954614201367,0
303.0,2.653741330107144e-11,-105.76141411683327,4.510685102645433e-14,-133.45757490560678,4.5106851026454433e-14,-133.45757490560675,5.0118723362727144e-14,-133.0,4.5106851026454433e-14,764.7268434562777,763.049987073326,0.997807247911721,0.041227970873986206,0.04122797087398621,0.04122797087398621,0
304.0,2.6207412108176633e-11,-105.81575862022794,4.510685102645446e-14,-133.45757490560675,4.5106851026454433e-14,-133.45757490560675,5.0118723362727144e-14,-133.0,4.5106851026454433e-14,764.7268434562777,763.050461214998,0.9978078679261433,0.041486728166941385,0.041486728166941385,0.04148672816694139,0
305.0,2.5883149154355477e-11,-105.86982884991144,4.510685102645442e-14,-133.45757490560675,4.5106851026454433e-14,-133.45757490560675,5.0118723362727144e-14,-133.0,4.5106851026454433e-14,764.7268434562777,763.0509359052579,0.99780848865793,0.04174579126221264,0.041745791262212645,0.04174579126236915,0
306.0,2.5564528195764713e-11,-105.92362217952765,4.51068510264543e-14,-133.45757490560678,4.5106851026454433e-14,-133.45757490560675,5.0118723362727144e-14,-133.0,4.5106851026454433e-14,764.7268434562777,763.0514110942208,0.997809110041849,0.04200513295645003,0.04200513295660813,0.04200513295660813,0
307.0,2.5251454675961682e-11,-105.9771359815737,4.5106851026454345e-14,-133.45757490560678,4.5106851026454433e-14,-133.45757490560675,5.0118723362727144e-14,-133.0,4.5106851026454433e-14,764.7268434562777,763.051886731205,0.9978097320116257,0.042264725609353244,0.04226472560935325,0.04226472560935326,0
308.0,2.4943835692492493e-11,-106.03036762886425,4.51068510264543e-14,-133.45757490560678,4.5106851026454433e-14,-133.45757490560675,5.0118723362727144e-14,-133.0,4.5106851026454433e-14,764.7268434562777,763.0523627647447,0.997810354499961,0.04252454114947386,0.04252454114947387,0.04252454114947388,0
309.0,2.4641579963954457e-11,-106.08331449607095,4.5106851026454446e-14,-133.45757490560675,4.5106851026454433e-14,-133.45757490560675,5.0118723362727144e-14,-133.0,4.5106851026454433e-14,764.7268434562777,763.0528391426071,0.9978109774385522,0.04278455108396897,0.042784551083968975,0.04278455108396898,0
310.0,2.4344597797869756e-11,-106.13597396127686,4.510685102645436e-14,-133.45757490560678,4.5106851026454433e-14,-133.45757490560675,5.0118723362727144e-14,-133.0,4.5106851026454433e-14,764.7268434562777,763.0533158118067,0.997811600758112,0.04304472650649438,0.04304472650649438,0.04304472650682367,0
311.0,2.405280105917908e-11,-106.18834340757525,4.5106851026454446e-14,-133.45757490560675,4.5106851026454433e-14,-133.45757490560675,5.0118723362727144e-14,-133.0,4.5106851026454433e-14,764.7268434562777,763.0537927186232,0.9978122243883935,0.043305038106709576,0.04330503810670958,0.04330503810687592,0
312.0,2.3903793531504865e-11,-106.21533171057608,4.510685102645435e-14,-133.45757490560678,4.5106851026454433e-14,-133.45757490560675,5.0118723362727144e-14,-133.0,4.5106851026454433e-14,764.7268434562777,763.0540396102591,0.9978125472378371,0.04343980231919948,0.043439802319199486,0.04343980231936546,0
313.0,2.3772234388916015e-11,-106.23929996346227,4.5106851026454396e-14,-133.45757490560675,4.5106851026454433e-14,-133.45757490560675,5.0118723362727144e-14,-133.0,4.5106851026454433e-14,764.7268434562777,763.0542595155918,0.9978128347984667,0.04355983769460173,0.04355983769476724,0.04355983769476725,0
314.0,2.3644620819896628e-11,-106.26267646213874,4.510685102645455e-14,-133.45757490560675,4.5106851026454433e-14,-133.45757490560675,5.0118723362727144e-14,-133.0,4.5106851026454433e-14,764.7268434562777,763.0544745745436,0.9978131160216953,0.04367722900575096,0.04367722900575097,0.043677229005750974,0
315.0,2.3524439152802655e-11,-106.28480721811289,4.510685102645448e-14,-133.45757490560675,4.5106851026454433e-14,-133.45757490560675,5.0118723362727144e-14,-133.0,4.5106851026454433e-14,764.7268434562777,763.0546787047266,0.9978133829538485,0.04378865599772094,0.04378865599772094,0.04378865599772095,0
316.0,2.3408101050533697e-11,-106.30633816406971,4.510685102645417e-14,-133.4575749056068,4.5106851026454433e-14,-133.45757490560675,5.0118723362727144e-14,-133.0,4.5106851026454433e-14,764.7268434562777,763.0548778000455,0.9978136433021292,0.043897335791173726,0.04389733579117373,0.04389733579133797,0
317.0,2.329402285649936e-11,-106.32755502727285,4.5106851026454515e-14,-133.45757490560675,4.5106851026454433e-14,-133.45757490560675,5.0118723362727144e-14,-133.0,4.5106851026454433e-14,764.7268434562777,763.0550744724,0.9978139004820048,0.04400469407531867,0.04400469407531868,0.044004694075318686,0
318.0,2.3182161940653072e-11,-106.34846064700582,4.5106851026454396e-14,-133.45757490560675,4.5106851026454433e-14,-133.45757490560675,5.0118723362727144e-14,-133.0,4.5106851026454433e-14,764.7268434562777,763.0552687281187,0.997814154501751,0.04411073426377145,0.04411073426377145,0.04411073426393489,0
319.0,2.3072476484099988e-11,-106.3690578798188,4.5106851026454345e-14,-133.45757490560678,4.5106851026454433e-14,-133.45757490560675,5.0118723362727144e-14,-133.0,4.5106851026454433e-14,764.7268434562777,763.0554605741559,0.9978144053704616,0.04421546011295586,0.044215460112955865,0.04421546011295587,0
320.0,2.2964925462526063e-11,-106.38934959837442,4.510685102645441e-14,-133.45757490560675,4.5106851026454433e-14,-133.45757490560675,5.0118723362727144e-14,-133.0,4.5106851026454433e-14,764.7268434562777,763.0556500180801,0.9978146530980337,0.044318875714749004,0.04431887571474901,0.04431887571474901,0
321.0,2.2859468630069155e-11,-106.40933869028706,4.5106851026454446e-14,-133.45757490560675,4.5106851026454433e-14,-133.45757490560675,5.0118723362727144e-14,-133.0,4.5106851026454433e-14,764.7268434562777,763.0558370680585,0.9978148976951471,0.04442098548893223,0.04442098548893224,0.044420985488932245,0
322.0,2.2756066503454783e-11,-106.42902805698726,4.510685102645428e-14,-133.45757490560678,4.5106851026454433e-14,-133.45757490560675,5.0118723362727144e-14,-133.0,4.5106851026454433e-14,764.7268434562777,763.0560217328448,0.9978151391732485,0.044521794175458616,0.04452179417562055,0.044521794175620556,0
323.0,2.2654680346502186e-11,-106.4484206125922,4.51068510264543e-14,-133.45757490560678,4.5106851026454433e-14,-133.45757490560675,5.0118723362727144e-14,-133.0,4.5106851026454433e-14,764.7268434562777,763.0562040217632,0.997815377544531,0.04462130682757322,0.04462130682757322,0.044621306827573225,0
324.0,2.2555272154962787e-11,-106.46751928278731,4.51068510264545e-14,-133.45757490560675,4.5106851026454433e-14,-133.45757490560675,5.0118723362727144e-14,-133.0,4.5106851026454433e-14,764.7268434562777,763.0563839446958,0.9978156128219168,0.04471952880226365,0.04471952880242487,0.04471952880242487,0
325.0,2.2457804641657247e-11,-106.48632700372595,4.510685102645431e-14,-133.45757490560678,4.5106851026454433e-14,-133.45757490560675,5.0118723362727144e-14,-133.0,4.5106851026454433e-14,764.7268434562777,763.0565615120673,0.997815845019038,0.04481646575487372,0.044816465754873726,0.044816465754873726,0
326.0,2.2362241221934622e-11,-106.50484672094154,4.5106851026454345e-14,-133.45757490560678,4.5106851026454433e-14,-133.45757490560675,5.0118723362727144e-14,-133.0,4.5106851026454433e-14,764.7268434562777,763.056736734831,0.9978160741502176,0.04491212362880749,0.0449121236288075,0.04491212362896803,0
327.0,2.22685459994653e-11,-106.52308138826933,4.5106851026454345e-14,-133.45757490560678,4.5106851026454433e-14,-133.45757490560675,5.0118723362727144e-14,-133.0,4.5106851026454433e-14,764.7268434562777,763.0569096244541,0.9978163002304506,0.045006508649357735,0.04500650864935774,0.04500650864935775,0
328.0,2.217668375228634e-11,-106.54103396679258,4.51068510264546e-14,-133.45757490560675,4.5106851026454433e-14,-133.45757490560675,5.0118723362727144e-14,-133.0,4.5106851026454433e-14,764.7268434562777,763.0570801929032,0.9978165232753857,0.045099627314807315,0.045099627314967174,0.04509962731496718,0
329.0,2.2103761673195345e-11,-106.55533810708906,4.5106851026454206e-14,-133.45757490560678,4.5106851026454433e-14,-133.45757490560675,5.0118723362727144e-14,-133.0,4.5106851026454433e-14,764.7268434562777,763.0572163488256,0.9978167013205578,0.0451739596984598,0.04517395969861939,0.0451739596986194,0
330.0,2.2052844322466388e-11,-106.56535388332779,4.5106851026454484e-14,-133.45757490560675,4.5106851026454433e-14,-133.45757490560675,5.0118723362727144e-14,-133.0,4.5106851026454433e-14,764.7268434562777,763.0573118183446,0.9978168261618914,0.045226080236028886,0.0452260802360289,0.045226080236188314,0
331.0,2.1997910897971812e-11,-106.57618561385213,4.510685102645422e-14,-133.45757490560678,4.5106851026454433e-14,-133.45757490560675,5.0118723362727144e-14,-133.0,4.5106851026454433e-14,764.7268434562777,763.057415188913,0.9978169613350832,0.045282514557828196,0.0452825145578282,0.04528251455798742,0
332.0,2.1944101452124082e-11,-106.58682197565584,4.5106851026454396e-14,-133.45757490560675,4.5106851026454433e-14,-133.45757490560675,5.0118723362727144e-14,-133.0,4.5106851026454433e-14,764.7268434562777,763.0575168199914,0.99781709423362,0.04533799951643626,0.04533799951643626,0.045337999516595284,0
333.0,2.1891373299864384e-11,-106.59726993213002,4.5106851026454364e-14,-133.45757490560678,4.5106851026454433e-14,-133.45757490560675,5.0118723362727144e-14,-133.0,4.5106851026454433e-14,764.7268434562777,763.0576167715583,0.9978172249359325,0.04539256784167869,0.04539256784183752,0.04539256784183752,0
334.0,2.1839707919531287e-11,-106.60753174107596,4.5106851026454566e-14,-133.45757490560675,4.5106851026454433e-14,-133.45757490560675,5.0118723362727144e-14,-133.0,4.5106851026454433e-14,764.7268434562777,763.0577150589187,0.9978173534620346,0.04544622787534854,0.04544622787534855,0.0454462278755072,0
335.0,2.1789084710936987e-11,-106.61761012678859,4.510685102645421e-14,-133.45757490560678,4.5106851026454433e-14,-133.45757490560675,5.0118723362727144e-14,-133.0,4.5106851026454433e-14,764.7268434562777,763.0578117020548,0.9978174798380562,0.04549899051251007,0.045498990512510086,0.045498990512510086,0
336.0,2.1749523581543677e-11,-106.62550251728781,4.510685102645433e-14,-133.45757490560678,4.5106851026454433e-14,-133.45757490560675,5.0118723362727144e-14,-133.0,4.5106851026454433e-14,764.7268434562777,763.0578874613469,0.9978175789051843,0.04554035173285114,0.04554035173285114,0.04554035173285115,0
337.0,2.1713346617635828e-11,-106.63273234787822,4.5106851026454137e-14,-133.4575749056068,4.5106851026454433e-14,-133.45757490560675,5.0118723362727144e-14,-133.0,4.5106851026454433e-14,764.7268434562777,763.0579569208817,0.9978176697343939,0.04557827370831862,0.04557827370831862,0.04557827370831863,0
338.0,2.1677909024150867e-11,-106.63982610651533,4.510685102645446e-14,-133.45757490560675,4.5106851026454433e-14,-133.45757490560675,5.0118723362727144e-14,-133.0,4.5106851026454433e-14,764.7268434562777,763.0580251290964,0.9978177589273068,0.04561551264974454,0.045615512649902594,0.045615512649902594,0
339.0,2.1643196291220462e-11,-106.64678601738566,4.510685102645436e-14,-133.45757490560678,4.5106851026454433e-14,-133.45757490560675,5.0118723362727144e-14,-133.0,4.5106851026454433e-14,764.7268434562777,763.0580921042568,0.9978178465078082,0.04565207852239176,0.04565207852239177,0.045652078522391774,0
340.0,2.1609194182073772e-11,-106.65361427878621,4.510685102645446e-14,-133.45757490560675,4.5106851026454433e-14,-133.45757490560675,5.0118723362727144e-14,-133.0,4.5106851026454433e-14,764.7268434562777,763.0581578645015,0.9978179324996173,0.045687981221950676,0.04568798122195068,0.04568798122195069,0
341.0,2.1575888727866474e-11,-106.66031306312219,4.510685102645452e-14,-133.45757490560675,4.5106851026454433e-14,-133.45757490560675,5.0118723362727144e-14,-133.0,4.5106851026454433e-14,764.7268434562777,763.0582224278394,0.9978180169262834,0.04572323057399615,0.04572323057399617,0.04572323057399617,0
342.0,2.154603122240119e-11,-106.66632715152738,4.510685102645434e-14,-133.45757490560678,4.5106851026454433e-14,-133.45757490560675,5.0118723362727144e-14,-133.0,4.5106851026454433e-14,764.7268434562777,763.0582804342797,0.99781809277878,0.045754900187803905,0.045754900187961474,0.04575490018796148,0
343.0,2.152113735177599e-11,-106.671347807497,4.5106851026454244e-14,-133.45757490560678,4.5106851026454433e-14,-133.45757490560675,5.0118723362727144e-14,-133.0,4.5106851026454433e-14,764.7268434562777,763.0583288896069,0.9978181561417018,0.04578135528070807,0.045781355280865556,0.04578135528086556,0
344.0,2.1496755447672507e-11,-106.67627084154411,4.510685102645422e-14,-133.45757490560678,4.5106851026454433e-14,-133.45757490560675,5.0118723362727144e-14,-133.0,4.5106851026454433e-14,764.7268434562777,763.0583764298509,0.9978182183080092,0.04580731083224379,0.0458073108322438,0.04580731083240119,0
345.0,2.147287541975205e-11,-106.68109795558343,4.510685102645448e-14,-133.45757490560675,4.5106851026454433e-14,-133.45757490560675,5.0118723362727144e-14,-133.0,4.5106851026454433e-14,764.7268434562777,763.0584230698801,0.9978182792971448,0.04583277495576595,0.04583277495576596,0.04583277495576596,0
346.0,2.1476655089851022e-11,-106.68033357476149,4.510685102645459e-14,-133.45757490560675,4.5106851026454433e-14,-133.45757490560675,5.0118723362727144e-14,-133.0,4.5106851026454433e-14,764.7268434562777,763.058415682641,0.9978182696371739,0.04582874173013573,0.045828741730135736,0.04582874173013574,0
347.0,2.147665443409661e-11,-106.68033370736617,4.510685102645431e-14,-133.45757490560678,4.5106851026454433e-14,-133.45757490560675,5.0118723362727144e-14,-133.0,4.5106851026454433e-14,764.7268434562777,763.0584156839224,0.9978182696388495,0.045828742429788454,0.045828742429788454,0.04582874242994578,0
348.0,2.1476653792113528e-11,-106.68033383718608,4.510685102645431e-14,-133.45757490560678,4.5106851026454433e-14,-133.45757490560675,5.0118723362727144e-14,-133.0,4.5106851026454433e-14,764.7268434562777,763.058415685177,0.9978182696404901,0.04582874311474797,0.04582874311474798,0.0458287431149053,0
349.0,2.1476653163627427e-11,-106.68033396427667,4.51068510264543e-14,-133.45757490560678,4.5106851026454433e-14,-133.45757490560675,5.0118723362727144e-14,-133.0,4.5106851026454433e-14,764.7268434562777,763.0584156864053,0.9978182696420963,0.045828743785307005,0.04582874378530702,0.04582874378530702,0
350.0,2.147665254836888e-11,-106.68033408869242,4.510685102645436e-14,-133.45757490560678,4.5106851026454433e-14,-133.45757490560675,5.0118723362727144e-14,-133.0,4.5106851026454433e-14,764.7268434562777,763.0584156876075,0.9978182696436684,0.045828744441595716,0.045828744441753035,0.04582874444175304,0
351.0,2.147665235795353e-11,-106.68033412719765,4.510685102645447e-14,-133.45757490560675,4.5106851026454433e-14,-133.45757490560675,5.0118723362727144e-14,-133.0,4.5106851026454433e-14,764.7268434562777,763.0584156879797,0.9978182696441551,0.04582874464491543,0.04582874464491543,0.04582874464491544,0
352.0,2.147665235795353e-11,-106.68033412719765,4.510685102645447e-14,-133.45757490560675,4.5106851026454433e-14,-133.45757490560675,5.0118723362727144e-14,-133.0,4.5106851026454433e-14,764.7268434562777,763.0584156879797,0.9978182696441551,0.04582874464491543,0.04582874464491543,0.04582874464491544,0
353.0,2.147665235795353e-11,-106.68033412719765,4.510685102645447e-14,-133.45757490560675,4.5106851026454433e-14,-133.45757490560675,5.0118723362727144e-14,-133.0,4.5106851026454433e-14,764.7268434562777,763.0584156879797,0.9978182696441551,0.04582874464491543,0.04582874464491543,0.04582874464491544,0
354.0,2.147665235795353e-11,-106.68033412719765,4.510685102645447e-14,-133.45757490560675,4.5106851026454433e-14,-133.45757490560675,5.0118723362727144e-14,-133.0,4.5106851026454433e-14,764.7268434562777,763.0584156879797,0.9978182696441551,0.04582874464491543,0.04582874464491543,0.04582874464491544,0
355.0,2.147665235795353e-11,-106.68033412719765,4.510685102645447e-14,-133.45757490560675,4.5106851026454433e-14,-133.45757490560675,5.0118723362727144e-14,-133.0,4.5106851026454433e-14,764.7268434562777,763.0584156879797,0.9978182696441551,0.04582874464491543,0.04582874464491543,0.04582874464491544,0
356.0,2.147665235795353e-11,-106.68033412719765,4.510685102645447e-14,-133.45757490560675,4.5106851026454433e-14,-133.45757490560675,5.0118723362727144e-14,-133.0,4.5106851026454433e-14,764.7268434562777,763.0584156879797,0.9978182696441551,0.04582874464491543,0.04582874464491543,0.04582874464491544,0
357.0,2.147665235795353e-11,-106.68033412719765,4.510685102645447e-14,-133.45757490560675,4.5106851026454433e-14,-133.45757490560675,5.0118723362727144e-14,-133.0,4.5106851026454433e-14,764.7268434562777,763.0584156879797,0.9978182696441551,0.04582874464491543,0.04582874464491543,0.04582874464491544,0
358.0,2.147665235795353e-11,-106.68033412719765,4.510685102645447e-14,-133.45757490560675,4.5106851026454433e-14,-133.45757490560675,5.0118723362727144e-14,-133.0,4.5106851026454433e-14,764.7268434562777,763.0584156879797,0.9978182696441551,0.04582874464491543,0.04582874464491543,0.04582874464491544,0
359.0,2.1678040805148608e-11,-106.63979970563594,4.510685102645447e-14,-133.45757490560675,4.5106851026454433e-14,-133.45757490560675,5.0118723362727144e-14,-133.0,4.5106851026454433e-14,764.7268434562777,763.0580248751428,0.9978177585952227,0.04561537400114371,0.04561537400114372,0.045615374001143724,0
360.0,2.1678040805148608e-11,-106.63979970563594,4.510685102645447e-14,-133.45757490560675,4.5106851026454433e-14,-133.45757490560675,5.0118723362727144e-14,-133.0,4.5106851026454433e-14,764.7268434562777,763.0580248751428,0.9978177585952227,0.04561537400114371,0.04561537400114372,0.045615374001143724,0
361.0,2.1678040805148608e-11,-106.63979970563594,4.510685102645447e-14,-133.45757490560675,4.5106851026454433e-14,-133.45757490560675,5.0118723362727144e-14,-133.0,4.5106851026454433e-14,764.7268434562777,763.0580248751428,0.9978177585952227,0.04561537400114371,0.04561537400114372,0.045615374001143724,0
362.0,2.1678040805148608e-11,-106.63979970563594,4.510685102645447e-14,-133.45757490560675,4.5106851026454433e-14,-133.45757490560675,5.0118723362727144e-14,-133.0,4.5106851026454433e-14,764.7268434562777,763.0580248751428,0.9978177585952227,0.04561537400114371,0.04561537400114372,0.045615374001143724,0
363.0,2.1678040805148608e-11,-106.63979970563594,4.510685102645447e-14,-133.45757490560675,4.5106851026454433e-14,-133.45757490560675,5.0118723362727144e-14,-133.0,4.5106851026454433e-14,764.7268434562777,763.0580248751428,0.9978177585952227,0.04561537400114371,0.04561537400114372,0.045615374001143724,0
364.0,2.1678040805148608e-11,-106.63979970563594,4.510685102645447e-14,-133.45757490560675,4.5106851026454433e-14,-133.45757490560675,5.0118723362727144e-14,-133.0,4.5106851026454433e-14,764.7268434562777,763.0580248751428,0.9978177585952227,0.04561537400114371,0.04561537400114372,0.045615374001143724,0
365.0,2.3849447355075043e-11,-106.22521680079721,4.510685102645434e-14,-133.45757490560678,4.5106851026454433e-14,-133.45757490560675,5.0118723362727144e-14,-133.0,4.5106851026454433e-14,764.7268434562777,763.0541302313513,0.997812665739094,0.043489267695977225,0.04348926769597723,0.04348926769597724,0
366.0,2.3849447355075043e-11,-106.22521680079721,4.510685102645434e-14,-133.45757490560678,4.5106851026454433e-14,-133.45757490560675,5.0118723362727144e-14,-133.0,4.5106851026454433e-14,764.7268434562777,763.0541302313513,0.997812665739094,0.043489267695977225,0.04348926769597723,0.04348926769597724,0
367.0,2.3849447355075043e-11,-106.22521680079721,4.510685102645434e-14,-133.45757490560678,4.5106851026454433e-14,-133.45757490560675,5.0118723362727144e-14,-133.0,4.5106851026454433e-14,764.7268434562777,763.0541302313513,0.997812665739094,0.043489267695977225,0.04348926769597723,0.04348926769597724,0
368.0,2.3849447355075043e-11,-106.22521680079721,4.510685102645434e-14,-133.45757490560678,4.5106851026454433e-14,-133.45757490560675,5.0118723362727144e-14,-133.0,4.5106851026454433e-14,764.7268434562777,763.0541302313513,0.997812665739094,0.043489267695977225,0.04348926769597723,0.04348926769597724,0
369.0,2.3849447355075043e-11,-106.22521680079721,4.510685102645434e-14,-133.45757490560678,4.5106851026454433e-14,-133.45757490560675,5.0118723362727144e-14,-133.0,4.5106851026454433e-14,764.7268434562777,763.0541302313513,0.997812665739094,0.043489267695977225,0.04348926769597723,0.04348926769597724,0
370.0,2.600748554309598e-11,-105.8490163425341,4.5106851026454433e-14,-133.45757490560675,4.5106851026454433e-14,-133.45757490560675,5.0118723362727144e-14,-133.0,4.5106851026454433e-14,764.7268434562777,763.050752840793,0.9978082492724992,0.041645882728253474,0.04164588272825348,0.0416458827284266,0
371.0,2.600748554309598e-11,-105.8490163425341,4.5106851026454433e-14,-133.45757490560675,4.5106851026454433e-14,-133.45757490560675,5.0118723362727144e-14,-133.0,4.5106851026454433e-14,764.7268434562777,763.050752840793,0.9978082492724992,0.041645882728253474,0.04164588272825348,0.0416458827284266,0
372.0,2.600748554309598e-11,-105.8490163425341,4.5106851026454433e-14,-133.45757490560675,4.5106851026454433e-14,-133.45757490560675,5.0118723362727144e-14,-133.0,4.5106851026454433e-14,764.7268434562777,763.050752840793,0.9978082492724992,0.041645882728253474,0.04164588272825348,0.0416458827284266,0
373.0,2.600748554309598e-11,-105.8490163425341,4.5106851026454433e-14,-133.45757490560675,4.5106851026454433e-14,-133.45757490560675,5.0118723362727144e-14,-133.0,4.5106851026454433e-14,764.7268434562777,763.050752840793,0.9978082492724992,0.041645882728253474,0.04164588272825348,0.0416458827284266,0
374.0,2.600748554309598e-11,-105.8490163425341,4.5106851026454433e-14,-133.45757490560675,4.5106851026454433e-14,-133.45757490560675,5.0118723362727144e-14,-133.0,4.5106851026454433e-14,764.7268434562777,763.050752840793,0.9978082492724992,0.041645882728253474,0.04164588272825348,0.0416458827284266,0
375.0,3.056903408404647e-11,-105.14718283831846,4.510685102645449e-14,-133.45757490560675,4.5106851026454433e-14,-133.45757490560675,5.0118723362727144e-14,-133.0,4.5106851026454433e-14,764.7268434562777,763.0448285706368,0.9978005023623352,0.03841319196796661,0.03841319196815429,0.0384131919681543,0
376.0,3.056903408404647e-11,-105.14718283831846,4.510685102645449e-14,-133.45757490560675,4.5106851026454433e-14,-133.45757490560675,5.0118723362727144e-14,-133.0,4.5106851026454433e-14,764.7268434562777,763.0448285706368,0.9978005023623352,0.03841319196796661,0.03841319196815429,0.0384131919681543,0
377.0,3.056903408404647e-11,-105.14718283831846,4.510685102645449e-14,-133.45757490560675,4.5106851026454433e-14,-133.45757490560675,5.0118723362727144e-14,-133.0,4.5106851026454433e-14,764.7268434562777,763.0448285706368,0.9978005023623352,0.03841319196796661,0.03841319196815429,0.0384131919681543,0
378.0,3.056903408404647e-11,-105.14718283831846,4.510685102645449e-14,-133.45757490560675,4.5106851026454433e-14,-133.45757490560675,5.0118723362727144e-14,-133.0,4.5106851026454433e-14,764.7268434562777,763.0448285706368,0.9978005023623352,0.03841319196796661,0.03841319196815429,0.0384131919681543,0
379.0,3.5416484251178355e-11,-104.50794552860673,4.510685102645445e-14,-133.45757490560675,4.5106851026454433e-14,-133.45757490560675,5.0118723362727144e-14,-133.0,4.5106851026454433e-14,764.7268434562777,763.0398323717601,0.9977939690505789,0.03568769767385157,0.035687697673851576,0.035687697673851576,0
380.0,3.5416484251178355e-11,-104.50794552860673,4.510685102645445e-14,-133.45757490560675,4.5106851026454433e-14,-133.45757490560675,5.0118723362727144e-14,-133.0,4.5106851026454433e-14,764.7268434562777,763.0398323717601,0.9977939690505789,0.03568769767385157,0.035687697673851576,0.035687697673851576,0
381.0,3.5416484251178355e-11,-104.50794552860673,4.510685102645445e-14,-133.45757490560675,4.5106851026454433e-14,-133.45757490560675,5.0118723362727144e-14,-133.0,4.5106851026454433e-14,764.7268434562777,763.0398323717601,0.9977939690505789,0.03568769767385157,0.035687697673851576,0.035687697673851576,0
382.0,3.7526184516254205e-11,-104.25665590337088,4.510685102645428e-14,-133.45757490560678,4.5106851026454433e-14,-133.45757490560675,5.0118723362727144e-14,-133.0,4.5106851026454433e-14,764.7268434562777,763.0379664911299,0.9977915291197118,0.034670016623279495,0.0346700166232795,0.0346700166232795,0
383.0,3.7527752865286813e-11,-104.2564744004799,4.510685102645448e-14,-133.45757490560675,4.5106851026454433e-14,-133.45757490560675,5.0118723362727144e-14,-133.0,4.5106851026454433e-14,764.7268434562777,763.0379651627813,0.9977915273826883,0.03466929215603866,0.03466929215603866,0.034669292156246624,0
384.0,3.7527752865286813e-11,-104.2564744004799,4.510685102645448e-14,-133.45757490560675,4.5106851026454433e-14,-133.45757490560675,5.0118723362727144e-14,-133.0,4.5106851026454433e-14,764.7268434562777,763.0379651627813,0.9977915273826883,0.03466929215603866,0.03466929215603866,0.034669292156246624,0
385.0,3.7527752865286813e-11,-104.2564744004799,4.510685102645448e-14,-133.45757490560675,4.5106851026454433e-14,-133.45757490560675,5.0118723362727144e-14,-133.0,4.5106851026454433e-14,764.7268434562777,763.0379651627813,0.9977915273826883,0.03466929215603866,0.03466929215603866,0.034669292156246624,0
386.0,3.7527752865286813e-11,-104.2564744004799,4.510685102645448e-14,-133.45757490560675,4.5106851026454433e-14,-133.45757490560675,5.0118723362727144e-14,-133.0,4.5106851026454433e-14,764.7268434562777,763.0379651627813,0.9977915273826883,0.03466929215603866,0.03466929215603866,0.034669292156246624,0
387.0,3.7527752865286813e-11,-104.2564744004799,4.510685102645448e-14,-133.45757490560675,4.5106851026454433e-14,-133.45757490560675,5.0118723362727144e-14,-133.0,4.5106851026454433e-14,764.7268434562777,763.0379651627813,0.9977915273826883,0.03466929215603866,0.03466929215603866,0.034669292156246624,0
388.0,3.7527752865286813e-11,-104.2564744004799,4.510685102645448e-14,-133.45757490560675,4.5106851026454433e-14,-133.45757490560675,5.0118723362727144e-14,-133.0,4.5106851026454433e-14,764.7268434562777,763.0379651627813,0.9977915273826883,0.03466929215603866,0.03466929215603866,0.034669292156246624,0
389.0,3.7527752865286813e-11,-104.2564744004799,4.510685102645448e-14,-133.45757490560675,4.5106851026454433e-14,-133.45757490560675,5.0118723362727144e-14,-133.0,4.5106851026454433e-14,764.7268434562777,763.0379651627813,0.9977915273826883,0.03466929215603866,0.03466929215603866,0.034669292156246624,0
390.0,3.7527752865286813e-11,-104.2564744004799,4.510685102645448e-14,-133.45757490560675,4.5106851026454433e-14,-133.45757490560675,5.0118723362727144e-14,-133.0,4.5106851026454433e-14,764.7268434562777,763.0379651627813,0.9977915273826883,0.03466929215603866,0.03466929215603866,0.034669292156246624,0
391.0,3.7527752865286813e-11,-104.2564744004799,4.510685102645448e-14,-133.45757490560675,4.5106851026454433e-14,-133.45757490560675,5.0118723362727144e-14,-133.0,4.5106851026454433e-14,764.7268434562777,763.0379651627813,0.9977915273826883,0.03466929215603866,0.03466929215603866,0.034669292156246624,0
392.0,3.7527752865286813e-11,-104.2564744004799,4.510685102645448e-14,-133.45757490560675,4.5106851026454433e-14,-133.45757490560675,5.0118723362727144e-14,-133.0,4.5106851026454433e-14,764.7268434562777,763.0379651627813,0.9977915273826883,0.03466929215603866,0.03466929215603866,0.034669292156246624,0
393.0,5.7398112481451014e-11,-102.41102389002177,4.5106851026454124e-14,-133.4575749056068,4.5106851026454433e-14,-133.45757490560675,5.0118723362727144e-14,-133.0,4.5106851026454433e-14,764.7268434562777,763.0257936527315,0.9977756112288957,0.028033185396303527,0.02803318539630353,0.028033185396384858,0
394.0,5.8107118652947855e-11,-102.35770659308258,4.5106851026454326e-14,-133.45757490560678,4.5106851026454433e-14,-133.45757490560675,5.0118723362727144e-14,-133.0,4.5106851026454433e-14,764.7268434562777,763.0254789022498,0.9977751996433937,0.027861634095585192,0.0278616340955852,0.027861634095667026,0
395.0,5.895675797037608e-11,-102.29466406327566,4.510685102645445e-14,-133.45757490560675,4.5106851026454433e-14,-133.45757490560675,5.0118723362727144e-14,-133.0,4.5106851026454433e-14,764.7268434562777,763.0251092180159,0.9977747162234156,0.027660145346844855,0.027660145346844855,0.02766014534692728,0
396.0,5.895675797037608e-11,-102.29466406327566,4.510685102645445e-14,-133.45757490560675,4.5106851026454433e-14,-133.45757490560675,5.0118723362727144e-14,-133.0,4.5106851026454433e-14,764.7268434562777,763.0251092180159,0.9977747162234156,0.027660145346844855,0.027660145346844855,0.02766014534692728,0
397.0,5.895675797037608e-11,-102.29466406327566,4.510685102645445e-14,-133.45757490560675,4.5106851026454433e-14,-133.45757490560675,5.0118723362727144e-14,-133.0,4.5106851026454433e-14,764.7268434562777,763.0251092180159,0.9977747162234156,0.027660145346844855,0.027660145346844855,0.02766014534692728,0
398.0,5.895675797037608e-11,-102.29466406327566,4.510685102645445e-14,-133.45757490560675,4.5106851026454433e-14,-133.45757490560675,5.0118723362727144e-14,-133.0,4.5106851026454433e-14,764.7268434562777,763.0251092180159,0.9977747162234156,0.027660145346844855,0.027660145346844855,0.02766014534692728,0
399.0,5.895675797037608e-11,-102.29466406327566,4.510685102645445e-14,-133.45757490560675,4.5106851026454433e-14,-133.45757490560675,5.0118723362727144e-14,-133.0,4.5106851026454433e-14,764.7268434562777,763.0251092180159,0.9977747162234156,0.027660145346844855,0.027660145346844855,0.02766014534692728,0
400.0,5.895675797037608e-11,-102.29466406327566,4.510685102645445e-14,-133.45757490560675,4.5106851026454433e-14,-133.45757490560675,5.0118723362727144e-14,-133.0,4.5106851026454433e-14,764.7268434562777,763.0251092180159,0.9977747162234156,0.027660145346844855,0.027660145346844855,0.02766014534692728,0
401.0,5.895675797037608e-11,-102.29466406327566,4.510685102645445e-14,-133.45757490560675,4.5106851026454433e-14,-133.45757490560675,5.0118723362727144e-14,-133.0,4.5106851026454433e-14,764.7268434562777,763.0251092180159,0.9977747162234156,0.027660145346844855,0.027660145346844855,0.02766014534692728,0
402.0,5.895675797037608e-11,-102.29466406327566,4.510685102645445e-14,-133.45757490560675,4.5106851026454433e-14,-133.45757490560675,5.0118723362727144e-14,-133.0,4.5106851026454433e-14,764.7268434562777,763.0251092180159,0.9977747162234156,0.027660145346844855,0.027660145346844855,0.02766014534692728,0
403.0,5.895675797037608e-11,-102.29466406327566,4.510685102645445e-14,-133.45757490560675,4.5106851026454433e-14,-133.45757490560675,5.0118723362727144e-14,-133.0,4.5106851026454433e-14,764.7268434562777,763.0251092180159,0.9977747162234156,0.027660145346844855,0.027660145346844855,0.02766014534692728,0
404.0,5.895675797037608e-11,-102.29466406327566,4.510685102645445e-14,-133.45757490560675,4.5106851026454433e-14,-133.45757490560675,5.0118723362727144e-14,-133.0,4.5106851026454433e-14,764.7268434562777,763.0251092180159,0.9977747162234156,0.027660145346844855,0.027660145346844855,0.02766014534692728,0
405.0,5.895675797037608e-11,-102.29466406327566,4.510685102645445e-14,-133.45757490560675,4.5106851026454433e-14,-133.45757490560675,5.0118723362727144e-14,-133.0,4.5106851026454433e-14,764.7268434562777,763.0251092180159,0.9977747162234156,0.027660145346844855,0.027660145346844855,0.02766014534692728,0
406.0,6.115632432229647e-11,-102.13558624870493,4.5106851026454497e-14,-133.45757490560675,4.5106851026454433e-14,-133.45757490560675,5.0118723362727144e-14,-133.0,4.5106851026454433e-14,764.7268434562777,763.024188188351,0.9977735118330209,0.02715817404232896,0.027158174042328963,0.027158174042328967,0
407.0,6.291861529532624e-11,-102.01220843839855,4.5106851026454396e-14,-133.45757490560675,4.5106851026454433e-14,-133.45757490560675,5.0118723362727144e-14,-133.0,4.5106851026454433e-14,764.7268434562777,763.023485349733,0.9977725927615589,0.026775135457528305,0.026775135457528305,0.026775135457613456,0
408.0,6.291861529532624e-11,-102.01220843839855,4.5106851026454396e-14,-133.45757490560675,4.5106851026454433e-14,-133.45757490560675,5.0118723362727144e-14,-133.0,4.5106851026454433e-14,764.7268434562777,763.023485349733,0.9977725927615589,0.026775135457528305,0.026775135457528305,0.026775135457613456,0
409.0,6.292055129196033e-11,-102.01207480867451,4.510685102645467e-14,-133.45757490560675,4.5106851026454433e-14,-133.45757490560675,5.0118723362727144e-14,-133.0,4.5106851026454433e-14,764.7268434562777,763.0234845938785,0.9977725917731609,0.026774723533524114,0.026774723533524118,0.026774723533609268,0
410.0,6.292055129196033e-11,-102.01207480867451,4.510685102645467e-14,-133.45757490560675,4.5106851026454433e-14,-133.45757490560675,5.0118723362727144e-14,-133.0,4.5106851026454433e-14,764.7268434562777,763.0234845938785,0.9977725917731609,0.026774723533524114,0.026774723533524118,0.026774723533609268,0
411.0,6.292055129196033e-11,-102.01207480867451,4.510685102645467e-14,-133.45757490560675,4.5106851026454433e-14,-133.45757490560675,5.0118723362727144e-14,-133.0,4.5106851026454433e-14,764.7268434562777,763.0234845938785,0.9977725917731609,0.026774723533524114,0.026774723533524118,0.026774723533609268,0
412.0,6.441022865215571e-11,-101.91045159123965,4.5106851026454105e-14,-133.4575749056068,4.5106851026454433e-14,-133.45757490560675,5.0118723362727144e-14,-133.0,4.5106851026454433e-14,764.7268434562777,763.0229131243938,0.9977718444873952,0.026463289890840593,0.026463289890840597,0.0264632898908406,0
413.0,6.441022865215571e-11,-101.91045159123965,4.5106851026454105e-14,-133.4575749056068,4.5106851026454433e-14,-133.45757490560675,5.0118723362727144e-14,-133.0,4.5106851026454433e-14,764.7268434562777,763.0229131243938,0.9977718444873952,0.026463289890840593,0.026463289890840597,0.0264632898908406,0
414.0,6.441022865215571e-11,-101.91045159123965,4.5106851026454105e-14,-133.4575749056068,4.5106851026454433e-14,-133.45757490560675,5.0118723362727144e-14,-133.0,4.5106851026454433e-14,764.7268434562777,763.0229131243938,0.9977718444873952,0.026463289890840593,0.026463289890840597,0.0264632898908406,0
415.0,6.441022865215571e-11,-101.91045159123965,4.5106851026454105e-14,-133.4575749056068,4.5106851026454433e-14,-133.45757490560675,5.0118723362727144e-14,-133.0,4.5106851026454433e-14,764.7268434562777,763.0229131243938,0.9977718444873952,0.026463289890840593,0.026463289890840597,0.0264632898908406,0
416.0,6.441022865215571e-11,-101.91045159123965,4.5106851026454105e-14,-133.4575749056068,4.5106851026454433e-14,-133.45757490560675,5.0118723362727144e-14,-133.0,4.5106851026454433e-14,764.7268434562777,763.0229131243938,0.9977718444873952,0.026463289890840593,0.026463289890840597,0.0264632898908406,0
417.0,6.441022865215571e-11,-101.91045159123965,4.5106851026454105e-14,-133.4575749056068,4.5106851026454433e-14,-133.45757490560675,5.0118723362727144e-14,-133.0,4.5106851026454433e-14,764.7268434562777,763.0229131243938,0.9977718444873952,0.026463289890840593,0.026463289890840597,0.0264632898908406,0
418.0,6.522879773068599e-11,-101.8556062613397,4.5106851026454497e-14,-133.45757490560675,4.5106851026454433e-14,-133.45757490560675,5.0118723362727144e-14,-133.0,4.5106851026454433e-14,764.7268434562777,763.0226074660845,0.9977714447913314,0.02629671913029194,0.026296719130291944,0.02629671913037864,0
419.0,6.522879773068599e-11,-101.8556062613397,4.5106851026454497e-14,-133.45757490560675,4.5106851026454433e-14,-133.45757490560675,5.0118723362727144e-14,-133.0,4.5106851026454433e-14,764.7268434562777,763.0226074660845,0.9977714447913314,0.02629671913029194,0.026296719130291944,0.02629671913037864,0
420.0,6.522879773068599e-11,-101.8556062613397,4.5106851026454497e-14,-133.45757490560675,4.5106851026454433e-14,-133.45757490560675,5.0118723362727144e-14,-133.0,4.5106851026454433e-14,764.7268434562777,763.0226074660845,0.9977714447913314,0.02629671913029194,0.026296719130291944,0.02629671913037864,0
421.0,6.522879773068599e-11,-101.8556062613397,4.5106851026454497e-14,-133.45757490560675,4.5106851026454433e-14,-133.45757490560675,5.0118723362727144e-14,-133.0,4.5106851026454433e-14,764.7268434562777,763.0226074660845,0.9977714447913314,0.02629671913029194,0.026296719130291944,0.02629671913037864,0
422.0,6.791507033666888e-11,-101.68033845191675,4.510685102645429e-14,-133.45757490560678,4.5106851026454433e-14,-133.45757490560675,5.0118723362727144e-14,-133.0,4.5106851026454433e-14,764.7268434562777,763.0216434886092,0.9977701842399548,0.02577140982705714,0.025771409827057144,0.025771409827057147,0
423.0,6.791507033666888e-11,-101.68033845191675,4.510685102645429e-14,-133.45757490560678,4.5106851026454433e-14,-133.45757490560675,5.0118723362727144e-14,-133.0,4.5106851026454433e-14,764.7268434562777,763.0216434886092,0.9977701842399548,0.02577140982705714,0.025771409827057144,0.025771409827057147,0
424.0,6.791507033666888e-11,-101.68033845191675,4.510685102645429e-14,-133.45757490560678,4.5106851026454433e-14,-133.45757490560675,5.0118723362727144e-14,-133.0,4.5106851026454433e-14,764.7268434562777,763.0216434886092,0.9977701842399548,0.02577140982705714,0.025771409827057144,0.025771409827057147,0
425.0,6.791507033666888e-11,-101.68033845191675,4.510685102645429e-14,-133.45757490560678,4.5106851026454433e-14,-133.45757490560675,5.0118723362727144e-14,-133.0,4.5106851026454433e-14,764.7268434562777,763.0216434886092,0.9977701842399548,0.02577140982705714,0.025771409827057144,0.025771409827057147,0
426.0,6.791507033666888e-11,-101.68033845191675,4.510685102645429e-14,-133.45757490560678,4.5106851026454433e-14,-133.45757490560675,5.0118723362727144e-14,-133.0,4.5106851026454433e-14,764.7268434562777,763.0216434886092,0.9977701842399548,0.02577140982705714,0.025771409827057144,0.025771409827057147,0
427.0,6.7915137966759e-11,-101.68033412719765,4.5106851026454194e-14,-133.45757490560678,4.5106851026454433e-14,-133.45757490560675,5.0118723362727144e-14,-133.0,4.5106851026454433e-14,764.7268434562777,763.0216434650617,0.9977701842091627,0.025771396995431853,0.025771396995431857,0.02577139699543186,0
428.0,6.7915137966759e-11,-101.68033412719765,4.5106851026454194e-14,-133.45757490560678,4.5106851026454433e-14,-133.45757490560675,5.0118723362727144e-14,-133.0,4.5106851026454433e-14,764.7268434562777,763.0216434650617,0.9977701842091627,0.025771396995431853,0.025771396995431857,0.02577139699543186,0
429.0,6.7915137966759e-11,-101.68033412719765,4.5106851026454194e-14,-133.45757490560678,4.5106851026454433e-14,-133.45757490560675,5.0118723362727144e-14,-133.0,4.5106851026454433e-14,764.7268434562777,763.0216434650617,0.9977701842091627,0.025771396995431853,0.025771396995431857,0.02577139699543186,0
430.0,6.7915137966759e-11,-101.68033412719765,4.5106851026454194e-14,-133.45757490560678,4.5106851026454433e-14,-133.45757490560675,5.0118723362727144e-14,-133.0,4.5106851026454433e-14,764.7268434562777,763.0216434650617,0.9977701842091627,0.025771396995431853,0.025771396995431857,0.02577139699543186,0
431.0,6.7915137966759e-11,-101.68033412719765,4.5106851026454194e-14,-133.45757490560678,4.5106851026454433e-14,-133.45757490560675,5.0118723362727144e-14,-133.0,4.5106851026454433e-14,764.7268434562777,763.0216434650617,0.9977701842091627,0.025771396995431853,0.025771396995431857,0.02577139699543186,0
432.0,6.7915137966759e-11,-101.68033412719765,4.5106851026454194e-14,-133.45757490560678,4.5106851026454433e-14,-133.45757490560675,5.0118723362727144e-14,-133.0,4.5106851026454433e-14,764.7268434562777,763.0216434650617,0.9977701842091627,0.025771396995431853,0.025771396995431857,0.02577139699543186,0
433.0,6.7915137966759e-11,-101.68033412719765,4.5106851026454194e-14,-133.45757490560678,4.5106851026454433e-14,-133.45757490560675,5.0118723362727144e-14,-133.0,4.5106851026454433e-14,764.7268434562777,763.0216434650617,0.9977701842091627,0.025771396995431853,0.025771396995431857,0.02577139699543186,0
434.0,6.7915137966759e-11,-101.68033412719765,4.5106851026454194e-14,-133.45757490560678,4.5106851026454433e-14,-133.45757490560675,5.0118723362727144e-14,-133.0,4.5106851026454433e-14,764.7268434562777,763.0216434650617,0.9977701842091627,0.025771396995431853,0.025771396995431857,0.02577139699543186,0
435.0,6.7915137966759e-11,-101.68033412719765,4.5106851026454194e-14,-133.45757490560678,4.5106851026454433e-14,-133.45757490560675,5.0118723362727144e-14,-133.0,4.5106851026454433e-14,764.7268434562777,763.0216434650617,0.9977701842091627,0.025771396995431853,0.025771396995431857,0.02577139699543186,0
436.0,6.7915137966759e-11,-101.68033412719765,4.5106851026454194e-14,-133.45757490560678,4.5106851026454433e-14,-133.45757490560675,5.0118723362727144e-14,-133.0,4.5106851026454433e-14,764.7268434562777,763.0216434650617,0.9977701842091627,0.025771396995431853,0.025771396995431857,0.02577139699543186,0
437.0,6.7915137966759e-11,-101.68033412719765,4.5106851026454194e-14,-133.45757490560678,4.5106851026454433e-14,-133.45757490560675,5.0118723362727144e-14,-133.0,4.5106851026454433e-14,764.7268434562777,763.0216434650617,0.9977701842091627,0.025771396995431853,0.025771396995431857,0.02577139699543186,0
438.0,6.7915137966759e-11,-101.68033412719765,4.5106851026454194e-14,-133.45757490560678,4.5106851026454433e-14,-133.45757490560675,5.0118723362727144e-14,-133.0,4.5106851026454433e-14,764.7268434562777,763.0216434650617,0.9977701842091627,0.025771396995431853,0.025771396995431857,0.02577139699543186,0
439.0,6.7915137966759e-11,-101.68033412719765,4.5106851026454194e-14,-133.45757490560678,4.5106851026454433e-14,-133.45757490560675,5.0118723362727144e-14,-133.0,4.5106851026454433e-14,764.7268434562777,763.0216434650617,0.9977701842091627,0.025771396995431853,0.025771396995431857,0.02577139699543186,0
440.0,6.7915137966759e-11,-101.68033412719765,4.5106851026454194e-14,-133.45757490560678,4.5106851026454433e-14,-133.45757490560675,5.0118723362727144e-14,-133.0,4.5106851026454433e-14,764.7268434562777,763.0216434650617,0.9977701842091627,0.025771396995431853,0.025771396995431857,0.02577139699543186,0
441.0,6.7915137966759e-11,-101.68033412719765,4.5106851026454194e-14,-133.45757490560678,4.5106851026454433e-14,-133.45757490560675,5.0118723362727144e-14,-133.0,4.5106851026454433e-14,764.7268434562777,763.0216434650617,0.9977701842091627,0.025771396995431853,0.025771396995431857,0.02577139699543186,0
442.0,6.7915137966759e-11,-101.68033412719765,4.5106851026454194e-14,-133.45757490560678,4.5106851026454433e-14,-133.45757490560675,5.0118723362727144e-14,-133.0,4.5106851026454433e-14,764.7268434562777,763.0216434650617,0.9977701842091627,0.025771396995431853,0.025771396995431857,0.02577139699543186,0
443.0,6.7915137966759e-11,-101.68033412719765,4.5106851026454194e-14,-133.45757490560678,4.5106851026454433e-14,-133.45757490560675,5.0118723362727144e-14,-133.0,4.5106851026454433e-14,764.7268434562777,763.0216434650617,0.9977701842091627,0.025771396995431853,0.025771396995431857,0.02577139699543186,0
444.0,6.7915137966759e-11,-101.68033412719765,4.5106851026454194e-14,-133.45757490560678,4.5106851026454433e-14,-133.45757490560675,5.0118723362727144e-14,-133.0,4.5106851026454433e-14,764.7268434562777,763.0216434650617,0.9977701842091627,0.025771396995431853,0.025771396995431857,0.02577139699543186,0
445.0,6.7915137966759e-11,-101.68033412719765,4.5106851026454194e-14,-133.45757490560678,4.5106851026454433e-14,-133.45757490560675,5.0118723362727144e-14,-133.0,4.5106851026454433e-14,764.7268434562777,763.0216434650617,0.9977701842091627,0.025771396995431853,0.025771396995431857,0.02577139699543186,0
446.0,6.7915137966759e-11,-101.68033412719765,4.5106851026454194e-14,-133.45757490560678,4.5106851026454433e-14,-133.45757490560675,5.0118723362727144e-14,-133.0,4.5106851026454433e-14,764.7268434562777,763.0216434650617,0.9977701842091627,0.025771396995431853,0.025771396995431857,0.02577139699543186,0
447.0,6.7915137966759e-11,-101.68033412719765,4.5106851026454194e-14,-133.45757490560678,4.5106851026454433e-14,-133.45757490560675,5.0118723362727144e-14,-133.0,4.5106851026454433e-14,764.7268434562777,763.0216434650617,0.9977701842091627,0.025771396995431853,0.025771396995431857,0.02577139699543186,0
448.0,6.7915137966759e-11,-101.68033412719765,4.5106851026454194e-14,-133.45757490560678,4.5106851026454433e-14,-133.45757490560675,5.0118723362727144e-14,-133.0,4.5106851026454433e-14,764.7268434562777,763.0216434650617,0.9977701842091627,0.025771396995431853,0.025771396995431857,0.02577139699543186,0
449.0,6.771374951956392e-11,-101.69323137309193,4.5106851026454295e-14,-133.45757490560678,4.5106851026454433e-14,-133.45757490560675,5.0118723362727144e-14,-133.0,4.5106851026454433e-14,764.7268434562777,763.0217137407335,0.9977702761055991,0.025809692086371037,0.025809692086371037,0.02580969208637104,0
450.0,6.771374951956392e-11,-101.69323137309193,4.5106851026454295e-14,-133.45757490560678,4.5106851026454433e-14,-133.45757490560675,5.0118723362727144e-14,-133.0,4.5106851026454433e-14,764.7268434562777,763.0217137407335,0.9977702761055991,0.025809692086371037,0.025809692086371037,0.02580969208637104,0
451.0,6.771374951956392e-11,-101.69323137309193,4.5106851026454295e-14,-133.45757490560678,4.5106851026454433e-14,-133.45757490560675,5.0118723362727144e-14,-133.0,4.5106851026454433e-14,764.7268434562777,763.0217137407335,0.9977702761055991,0.025809692086371037,0.025809692086371037,0.02580969208637104,0
452.0,6.771374951956392e-11,-101.69323137309193,4.5106851026454295e-14,-133.45757490560678,4.5106851026454433e-14,-133.45757490560675,5.0118723362727144e-14,-133.0,4.5106851026454433e-14,764.7268434562777,763.0217137407335,0.9977702761055991,0.025809692086371037,0.025809692086371037,0.02580969208637104,0
453.0,6.771374951956392e-11,-101.69323137309193,4.5106851026454295e-14,-133.45757490560678,4.5106851026454433e-14,-133.45757490560675,5.0118723362727144e-14,-133.0,4.5106851026454433e-14,764.7268434562777,763.0217137407335,0.9977702761055991,0.025809692086371037,0.025809692086371037,0.02580969208637104,0
454.0,6.771374951956392e-11,-101.69323137309193,4.5106851026454295e-14,-133.45757490560678,4.5106851026454433e-14,-133.45757490560675,5.0118723362727144e-14,-133.0,4.5106851026454433e-14,764.7268434562777,763.0217137407335,0.9977702761055991,0.025809692086371037,0.025809692086371037,0.02580969208637104,0
455.0,6.554234296963749e-11,-101.83478037769062,4.510685102645415e-14,-133.4575749056068,4.5106851026454433e-14,-133.45757490560675,5.0118723362727144e-14,-133.0,4.5106851026454433e-14,764.7268434562777,763.0224919048012,0.9977712936768722,0.026233743843279964,0.026233743843279967,0.026233743843279967,0
456.0,6.554234296963749e-11,-101.83478037769062,4.510685102645415e-14,-133.4575749056068,4.5106851026454433e-14,-133.45757490560675,5.0118723362727144e-14,-133.0,4.5106851026454433e-14,764.7268434562777,763.0224919048012,0.9977712936768722,0.026233743843279964,0.026233743843279967,0.026233743843279967,0
457.0,6.554234296963749e-11,-101.83478037769062,4.510685102645415e-14,-133.4575749056068,4.5106851026454433e-14,-133.45757490560675,5.0118723362727144e-14,-133.0,4.5106851026454433e-14,764.7268434562777,763.0224919048012,0.9977712936768722,0.026233743843279964,0.026233743843279967,0.026233743843279967,0
458.0,6.554234296963749e-11,-101.83478037769062,4.510685102645415e-14,-133.4575749056068,4.5106851026454433e-14,-133.45757490560675,5.0118723362727144e-14,-133.0,4.5106851026454433e-14,764.7268434562777,763.0224919048012,0.9977712936768722,0.026233743843279964,0.026233743843279967,0.026233743843279967,0
459.0,6.338430478161655e-11,-101.98018268783855,4.510685102645438e-14,-133.45757490560675,4.5106851026454433e-14,-133.45757490560675,5.0118723362727144e-14,-133.0,4.5106851026454433e-14,764.7268434562777,763.0233045326855,0.997772356314978,0.026676594611041188,0.026676594611041188,0.026676594611041195,0
460.0,6.338430478161655e-11,-101.98018268783855,4.510685102645438e-14,-133.45757490560675,4.5106851026454433e-14,-133.45757490560675,5.0118723362727144e-14,-133.0,4.5106851026454433e-14,764.7268434562777,763.0233045326855,0.997772356314978,0.026676594611041188,0.026676594611041188,0.026676594611041195,0
461.0,6.338430478161655e-11,-101.98018268783855,4.510685102645438e-14,-133.45757490560675,4.5106851026454433e-14,-133.45757490560675,5.0118723362727144e-14,-133.0,4.5106851026454433e-14,764.7268434562777,763.0233045326855,0.997772356314978,0.026676594611041188,0.026676594611041188,0.026676594611041195,0
462.0,6.338430478161655e-11,-101.98018268783855,4.510685102645438e-14,-133.45757490560675,4.5106851026454433e-14,-133.45757490560675,5.0118723362727144e-14,-133.0,4.5106851026454433e-14,764.7268434562777,763.0233045326855,0.997772356314978,0.026676594611041188,0.026676594611041188,0.026676594611041195,0
463.0,6.338430478161655e-11,-101.98018268783855,4.510685102645438e-14,-133.45757490560675,4.5106851026454433e-14,-133.45757490560675,5.0118723362727144e-14,-133.0,4.5106851026454433e-14,764.7268434562777,763.0233045326855,0.997772356314978,0.026676594611041188,0.026676594611041188,0.026676594611041195,0
464.0,6.338430478161655e-11,-101.98018268783855,4.510685102645438e-14,-133.45757490560675,4.5106851026454433e-14,-133.45757490560675,5.0118723362727144e-14,-133.0,4.5106851026454433e-14,764.7268434562777,763.0233045326855,0.997772356314978,0.026676594611041188,0.026676594611041188,0.026676594611041195,0
465.0,6.338430478161655e-11,-101.98018268783855,4.510685102645438e-14,-133.45757490560675,4.5106851026454433e-14,-133.45757490560675,5.0118723362727144e-14,-133.0,4.5106851026454433e-14,764.7268434562777,763.0233045326855,0.997772356314978,0.026676594611041188,0.026676594611041188,0.026676594611041195,0
466.0,5.882275624066605e-11,-102.30454629742798,4.5106851026454257e-14,-133.45757490560678,4.5106851026454433e-14,-133.45757490560675,5.0118723362727144e-14,-133.0,4.5106851026454433e-14,764.7268434562777,763.0251669911634,0.9977747917708454,0.02769163315052517,0.027691633150607502,0.027691633150607506,0
467.0,5.882275624066605e-11,-102.30454629742798,4.5106851026454257e-14,-133.45757490560678,4.5106851026454433e-14,-133.45757490560675,5.0118723362727144e-14,-133.0,4.5106851026454433e-14,764.7268434562777,763.0251669911634,0.9977747917708454,0.02769163315052517,0.027691633150607502,0.027691633150607506,0
468.0,5.882275624066605e-11,-102.30454629742798,4.5106851026454257e-14,-133.45757490560678,4.5106851026454433e-14,-133.45757490560675,5.0118723362727144e-14,-133.0,4.5106851026454433e-14,764.7268434562777,763.0251669911634,0.9977747917708454,0.02769163315052517,0.027691633150607502,0.027691633150607506,0
469.0,5.882275624066605e-11,-102.30454629742798,4.5106851026454257e-14,-133.45757490560678,4.5106851026454433e-14,-133.45757490560675,5.0118723362727144e-14,-133.0,4.5106851026454433e-14,764.7268434562777,763.0251669911634,0.9977747917708454,0.02769163315052517,0.027691633150607502,0.027691633150607506,0
470.0,5.3975306073534174e-11,-102.67804886267098,4.510685102645446e-14,-133.45757490560675,4.5106851026454433e-14,-133.45757490560675,5.0118723362727144e-14,-133.0,4.5106851026454433e-14,764.7268434562777,763.0273993120848,0.9977777108797278,0.0289083762044274,0.028908376204427405,0.02890837620442741,0
471.0,5.3975306073534174e-11,-102.67804886267098,4.510685102645446e-14,-133.45757490560675,4.5106851026454433e-14,-133.45757490560675,5.0118723362727144e-14,-133.0,4.5106851026454433e-14,764.7268434562777,763.0273993120848,0.9977777108797278,0.0289083762044274,0.028908376204427405,0.02890837620442741,0
472.0,5.3975306073534174e-11,-102.67804886267098,4.510685102645446e-14,-133.45757490560675,4.5106851026454433e-14,-133.45757490560675,5.0118723362727144e-14,-133.0,4.5106851026454433e-14,764.7268434562777,763.0273993120848,0.9977777108797278,0.0289083762044274,0.028908376204427405,0.02890837620442741,0
473.0,5.186560580845833e-11,-102.85120545027002,4.510685102645398e-14,-133.4575749056068,4.5106851026454433e-14,-133.45757490560675,5.0118723362727144e-14,-133.0,4.5106851026454433e-14,764.7268434562777,763.0284671490183,0.9977791072435964,0.029490458668278888,0.02949045866827889,0.02949045866827889,0
474.0,5.186403745942572e-11,-102.85133677730619,4.510685102645405e-14,-133.4575749056068,4.5106851026454433e-14,-133.45757490560675,5.0118723362727144e-14,-133.0,4.5106851026454433e-14,764.7268434562777,763.0284679669801,0.9977791083132095,0.029490904555110484,0.029490904555110487,0.02949090455511049,0
475.0,5.186403745942572e-11,-102.85133677730619,4.510685102645405e-14,-133.4575749056068,4.5106851026454433e-14,-133.45757490560675,5.0118723362727144e-14,-133.0,4.5106851026454433e-14,764.7268434562777,763.0284679669801,0.9977791083132095,0.029490904555110484,0.029490904555110487,0.02949090455511049,0
476.0,5.186403745942572e-11,-102.85133677730619,4.510685102645405e-14,-133.4575749056068,4.5106851026454433e-14,-133.45757490560675,5.0118723362727144e-14,-133.0,4.5106851026454433e-14,764.7268434562777,763.0284679669801,0.9977791083132095,0.029490904555110484,0.029490904555110487,0.02949090455511049,0
477.0,5.186403745942572e-11,-102.85133677730619,4.510685102645405e-14,-133.4575749056068,4.5106851026454433e-14,-133.45757490560675,5.0118723362727144e-14,-133.0,4.5106851026454433e-14,764.7268434562777,763.0284679669801,0.9977791083132095,0.029490904555110484,0.029490904555110487,0.02949090455511049,0
478.0,5.186403745942572e-11,-102.85133677730619,4.510685102645405e-14,-133.4575749056068,4.5106851026454433e-14,-133.45757490560675,5.0118723362727144e-14,-133.0,4.5106851026454433e-14,764.7268434562777,763.0284679669801,0.9977791083132095,0.029490904555110484,0.029490904555110487,0.02949090455511049,0
479.0,5.186403745942572e-11,-102.85133677730619,4.510685102645405e-14,-133.4575749056068,4.5106851026454433e-14,-133.45757490560675,5.0118723362727144e-14,-133.0,4.5106851026454433e-14,764.7268434562777,763.0284679669801,0.9977791083132095,0.029490904555110484,0.029490904555110487,0.02949090455511049,0
480.0,5.186403745942572e-11,-102.85133677730619,4.510685102645405e-14,-133.4575749056068,4.5106851026454433e-14,-133.45757490560675,5.0118723362727144e-14,-133.0,4.5106851026454433e-14,764.7268434562777,763.0284679669801,0.9977791083132095,0.029490904555110484,0.029490904555110487,0.02949090455511049,0
481.0,5.186403745942572e-11,-102.85133677730619,4.510685102645405e-14,-133.4575749056068,4.5106851026454433e-14,-133.45757490560675,5.0118723362727144e-14,-133.0,4.5106851026454433e-14,764.7268434562777,763.0284679669801,0.9977791083132095,0.029490904555110484,0.029490904555110487,0.02949090455511049,0
482.0,5.186403745942572e-11,-102.85133677730619,4.510685102645405e-14,-133.4575749056068,4.5106851026454433e-14,-133.45757490560675,5.0118723362727144e-14,-133.0,4.5106851026454433e-14,764.7268434562777,763.0284679669801,0.9977791083132095,0.029490904555110484,0.029490904555110487,0.02949090455511049,0
483.0,5.186403745942572e-11,-102.85133677730619,4.510685102645405e-14,-133.4575749056068,4.5106851026454433e-14,-133.45757490560675,5.0118723362727144e-14,-133.0,4.5106851026454433e-14,764.7268434562777,763.0284679669801,0.9977791083132095,0.029490904555110484,0.029490904555110487,0.02949090455511049,0
484.0,5.186403745942572e-11,-102.85133677730619,4.510685102645405e-14,-133.4575749056068,4.5106851026454433e-14,-133.45757490560675,5.0118723362727144e-14,-133.0,4.5106851026454433e-14,764.7268434562777,763.0284679669801,0.9977791083132095,0.029490904555110484,0.029490904555110487,0.02949090455511049,0
485.0,5.186403745942572e-11,-102.85133677730619,4.510685102645405e-14,-133.4575749056068,4.5106851026454433e-14,-133.45757490560675,5.0118723362727144e-14,-133.0,4.5106851026454433e-14,764.7268434562777,763.0284679669801,0.9977791083132095,0.029490904555110484,0.029490904555110487,0.02949090455511049,0
486.0,5.186403745942572e-11,-102.85133677730619,4.510685102645405e-14,-133.4575749056068,4.5106851026454433e-14,-133.45757490560675,5.0118723362727144e-14,-133.0,4.5106851026454433e-14,764.7268434562777,763.0284679669801,0.9977791083132095,0.029490904555110484,0.029490904555110487,0.02949090455511049,0
487.0,5.186403745942572e-11,-102.85133677730619,4.510685102645405e-14,-133.4575749056068,4.5106851026454433e-14,-133.45757490560675,5.0118723362727144e-14,-133.0,4.5106851026454433e-14,764.7268434562777,763.0284679669801,0.9977791083132095,0.029490904555110484,0.029490904555110487,0.02949090455511049,0
488.0,5.186403745942572e-11,-102.85133677730619,4.510685102645405e-14,-133.4575749056068,4.5106851026454433e-14,-133.45757490560675,5.0118723362727144e-14,-133.0,4.5106851026454433e-14,764.7268434562777,763.0284679669801,0.9977791083132095,0.029490904555110484,0.029490904555110487,0.02949090455511049,0
489.0,3.1993677843261515e-11,-104.94935832587882,4.510685102645431e-14,-133.45757490560678,4.5106851026454433e-14,-133.45757490560675,5.0118723362727144e-14,-133.0,4.5106851026454433e-14,764.7268434562777,763.0432430723794,0.9977984290752904,0.03754820419750677,0.03754820419750677,0.03754820419769878,0
490.0,3.128467167176469e-11,-105.04668398522135,4.5106851026454377e-14,-133.45757490560675,4.5106851026454433e-14,-133.45757490560675,5.0118723362727144e-14,-133.0,4.5106851026454433e-14,764.7268434562777,763.0440186095377,0.9977994432114685,0.03797129894328098,0.03797129894328099,0.037971298943470864,0
491.0,3.128467167176469e-11,-105.04668398522135,4.5106851026454377e-14,-133.45757490560675,4.5106851026454433e-14,-133.45757490560675,5.0118723362727144e-14,-133.0,4.5106851026454433e-14,764.7268434562777,763.0440186095377,0.9977994432114685,0.03797129894328098,0.03797129894328099,0.037971298943470864,0
492.0,3.043503235433646e-11,-105.16626232228623,4.510685102645442e-14,-133.45757490560675,4.5106851026454433e-14,-133.45757490560675,5.0118723362727144e-14,-133.0,4.5106851026454433e-14,764.7268434562777,763.0449833973418,0.9978007048224767,0.038497663386903906,0.03849766338690391,0.03849766338690392,0
493.0,3.043503235433646e-11,-105.16626232228623,4.510685102645442e-14,-133.45757490560675,4.5106851026454433e-14,-133.45757490560675,5.0118723362727144e-14,-133.0,4.5106851026454433e-14,764.7268434562777,763.0449833973418,0.9978007048224767,0.038497663386903906,0.03849766338690391,0.03849766338690392,0
494.0,3.043503235433646e-11,-105.16626232228623,4.510685102645442e-14,-133.45757490560675,4.5106851026454433e-14,-133.45757490560675,5.0118723362727144e-14,-133.0,4.5106851026454433e-14,764.7268434562777,763.0449833973418,0.9978007048224767,0.038497663386903906,0.03849766338690391,0.03849766338690392,0
495.0,3.043503235433646e-11,-105.16626232228623,4.510685102645442e-14,-133.45757490560675,4.5106851026454433e-14,-133.45757490560675,5.0118723362727144e-14,-133.0,4.5106851026454433e-14,764.7268434562777,763.0449833973418,0.9978007048224767,0.038497663386903906,0.03849766338690391,0.03849766338690392,0
496.0,3.043503235433646e-11,-105.16626232228623,4.510685102645442e-14,-133.45757490560675,4.5106851026454433e-14,-133.45757490560675,5.0118723362727144e-14,-133.0,4.5106851026454433e-14,764.7268434562777,763.0449833973418,0.9978007048224767,0.038497663386903906,0.03849766338690391,0.03849766338690392,0
497.0,3.043503235433646e-11,-105.16626232228623,4.510685102645442e-14,-133.45757490560675,4.5106851026454433e-14,-133.45757490560675,5.0118723362727144e-14,-133.0,4.5106851026454433e-14,764.7268434562777,763.0449833973418,0.9978007048224767,0.038497663386903906,0.03849766338690391,0.03849766338690392,0
498.0,3.043503235433646e-11,-105.16626232228623,4.510685102645442e-14,-133.45757490560675,4.5106851026454433e-14,-133.45757490560675,5.0118723362727144e-14,-133.0,4.5106851026454433e-14,764.7268434562777,763.0449833973418,0.9978007048224767,0.038497663386903906,0.03849766338690391,0.03849766338690392,0
499.0,3.043503235433646e-11,-105.16626232228623,4.510685102645442e-14,-133.45757490560675,4.5106851026454433e-14,-133.45757490560675,5.0118723362727144e-14,-133.0,4.5106851026454433e-14,764.7268434562777,763.0449833973418,0.9978007048224767,0.038497663386903906,0.03849766338690391,0.03849766338690392,0
500.0,3.043503235433646e-11,-105.16626232228623,4.510685102645442e-14,-133.45757490560675,4.5106851026454433e-14,-133.45757490560675,5.0118723362727144e-14,-133.0,4.5106851026454433e-14,764.7268434562777,763.0449833973418,0.9978007048224767,0.038497663386903906,0.03849766338690391,0.03849766338690392,0
501.0,3.043503235433646e-11,-105.16626232228623,4.510685102645442e-14,-133.45757490560675,4.5106851026454433e-14,-133.45757490560675,5.0118723362727144e-14,-133.0,4.5106851026454433e-14,764.7268434562777,763.0449833973418,0.9978007048224767,0.038497663386903906,0.03849766338690391,0.03849766338690392,0
502.0,3.043503235433646e-11,-105.16626232228623,4.510685102645442e-14,-133.45757490560675,4.5106851026454433e-14,-133.45757490560675,5.0118723362727144e-14,-133.0,4.5106851026454433e-14,764.7268434562777,763.0449833973418,0.9978007048224767,0.038497663386903906,0.03849766338690391,0.03849766338690392,0
503.0,3.043503235433646e-11,-105.16626232228623,4.510685102645442e-14,-133.45757490560675,4.5106851026454433e-14,-133.45757490560675,5.0118723362727144e-14,-133.0,4.5106851026454433e-14,764.7268434562777,763.0449833973418,0.9978007048224767,0.038497663386903906,0.03849766338690391,0.03849766338690392,0
504.0,3.043503235433646e-11,-105.16626232228623,4.510685102645442e-14,-133.45757490560675,4.5106851026454433e-14,-133.45757490560675,5.0118723362727144e-14,-133.0,4.5106851026454433e-14,764.7268434562777,763.0449833973418,0.9978007048224767,0.038497663386903906,0.03849766338690391,0.03849766338690392,0
505.0,3.043503235433646e-11,-105.16626232228623,4.510685102645442e-14,-133.45757490560675,4.5106851026454433e-14,-133.45757490560675,5.0118723362727144e-14,-133.0,4.5106851026454433e-14,764.7268434562777,763.0449833973418,0.9978007048224767,0.038497663386903906,0.03849766338690391,0.03849766338690392,0
506.0,3.043503235433646e-11,-105.16626232228623,4.510685102645442e-14,-133.45757490560675,4.5106851026454433e-14,-133.45757490560675,5.0118723362727144e-14,-133.0,4.5106851026454433e-14,764.7268434562777,763.0449833973418,0.9978007048224767,0.038497663386903906,0.03849766338690391,0.03849766338690392,0
507.0,3.043503235433646e-11,-105.16626232228623,4.510685102645442e-14,-133.45757490560675,4.5106851026454433e-14,-133.45757490560675,5.0118723362727144e-14,-133.0,4.5106851026454433e-14,764.7268434562777,763.0449833973418,0.9978007048224767,0.038497663386903906,0.03849766338690391,0.03849766338690392,0
508.0,3.043503235433646e-11,-105.16626232228623,4.510685102645442e-14,-133.45757490560675,4.5106851026454433e-14,-133.45757490560675,5.0118723362727144e-14,-133.0,4.5106851026454433e-14,764.7268434562777,763.0449833973418,0.9978007048224767,0.038497663386903906,0.03849766338690391,0.03849766338690392,0
509.0,2.8235466002416056e-11,-105.49205040205914,4.5106851026454377e-14,-133.45757490560675,4.5106851026454433e-14,-133.45757490560675,5.0118723362727144e-14,-133.0,4.5106851026454433e-14,764.7268434562777,763.0476800758922,0.9978042311516144,0.03996904529907283,0.03996904529907283,0.03996904529907284,0
510.0,2.8235466002416056e-11,-105.49205040205914,4.5106851026454377e-14,-133.45757490560675,4.5106851026454433e-14,-133.45757490560675,5.0118723362727144e-14,-133.0,4.5106851026454433e-14,764.7268434562777,763.0476800758922,0.9978042311516144,0.03996904529907283,0.03996904529907283,0.03996904529907284,0
511.0,2.64731750293863e-11,-105.77193968972516,4.510685102645442e-14,-133.45757490560675,4.5106851026454433e-14,-133.45757490560675,5.0118723362727144e-14,-133.0,4.5106851026454433e-14,764.7268434562777,763.0500786756361,0.9978073676960739,0.041277961268332344,0.04127796126833235,0.04127796126850701,0
512.0,2.64731750293863e-11,-105.77193968972516,4.510685102645442e-14,-133.45757490560675,4.5106851026454433e-14,-133.45757490560675,5.0118723362727144e-14,-133.0,4.5106851026454433e-14,764.7268434562777,763.0500786756361,0.9978073676960739,0.041277961268332344,0.04127796126833235,0.04127796126850701,0
513.0,2.64731750293863e-11,-105.77193968972516,4.510685102645442e-14,-133.45757490560675,4.5106851026454433e-14,-133.45757490560675,5.0118723362727144e-14,-133.0,4.5106851026454433e-14,764.7268434562777,763.0500786756361,0.9978073676960739,0.041277961268332344,0.04127796126833235,0.04127796126850701,0
514.0,2.64731750293863e-11,-105.77193968972516,4.510685102645442e-14,-133.45757490560675,4.5106851026454433e-14,-133.45757490560675,5.0118723362727144e-14,-133.0,4.5106851026454433e-14,764.7268434562777,763.0500786756361,0.9978073676960739,0.041277961268332344,0.04127796126833235,0.04127796126850701,0
515.0,2.6471239032752208e-11,-105.77225730308265,4.510685102645437e-14,-133.45757490560678,4.5106851026454433e-14,-133.45757490560675,5.0118723362727144e-14,-133.0,4.5106851026454433e-14,764.7268434562777,763.0500814414913,0.9978073713128625,0.04127947069017859,0.041279470690178593,0.0412794706901786,0
516.0,2.6471239032752208e-11,-105.77225730308265,4.510685102645437e-14,-133.45757490560678,4.5106851026454433e-14,-133.45757490560675,5.0118723362727144e-14,-133.0,4.5106851026454433e-14,764.7268434562777,763.0500814414913,0.9978073713128625,0.04127947069017859,0.041279470690178593,0.0412794706901786,0
517.0,2.6471239032752208e-11,-105.77225730308265,4.510685102645437e-14,-133.45757490560678,4.5106851026454433e-14,-133.45757490560675,5.0118723362727144e-14,-133.0,4.5106851026454433e-14,764.7268434562777,763.0500814414913,0.9978073713128625,0.04127947069017859,0.041279470690178593,0.0412794706901786,0
518.0,2.6471239032752208e-11,-105.77225730308265,4.510685102645437e-14,-133.45757490560678,4.5106851026454433e-14,-133.45757490560675,5.0118723362727144e-14,-133.0,4.5106851026454433e-14,764.7268434562777,763.0500814414913,0.9978073713128625,0.04127947069017859,0.041279470690178593,0.0412794706901786,0
519.0,2.6471239032752208e-11,-105.77225730308265,4.510685102645437e-14,-133.45757490560678,4.5106851026454433e-14,-133.45757490560675,5.0118723362727144e-14,-133.0,4.5106851026454433e-14,764.7268434562777,763.0500814414913,0.9978073713128625,0.04127947069017859,0.041279470690178593,0.0412794706901786,0
520.0,2.6471239032752208e-11,-105.77225730308265,4.510685102645437e-14,-133.45757490560678,4.5106851026454433e-14,-133.45757490560675,5.0118723362727144e-14,-133.0,4.5106851026454433e-14,764.7268434562777,763.0500814414913,0.9978073713128625,0.04127947069017859,0.041279470690178593,0.0412794706901786,0
521.0,2.6471239032752208e-11,-105.77225730308265,4.510685102645437e-14,-133.45757490560678,4.5106851026454433e-14,-133.45757490560675,5.0118723362727144e-14,-133.0,4.5106851026454433e-14,764.7268434562777,763.0500814414913,0.9978073713128625,0.04127947069017859,0.041279470690178593,0.0412794706901786,0
522.0,2.6471239032752208e-11,-105.77225730308265,4.510685102645437e-14,-133.45757490560678,4.5106851026454433e-14,-133.45757490560675,5.0118723362727144e-14,-133.0,4.5106851026454433e-14,764.7268434562777,763.0500814414913,0.9978073713128625,0.04127947069017859,0.041279470690178593,0.0412794706901786,0
523.0,2.4981561672556817e-11,-106.02380416058979,4.5106851026454377e-14,-133.45757490560675,4.5106851026454433e-14,-133.45757490560675,5.0118723362727144e-14,-133.0,4.5106851026454433e-14,764.7268434562777,763.0523039125936,0.9978102775415653,0.04249241973633912,0.04249241973633912,0.042492419736508795,0
524.0,2.4981561672556817e-11,-106.02380416058979,4.5106851026454377e-14,-133.45757490560675,4.5106851026454433e-14,-133.45757490560675,5.0118723362727144e-14,-133.0,4.5106851026454433e-14,764.7268434562777,763.0523039125936,0.9978102775415653,0.04249241973633912,0.04249241973633912,0.042492419736508795,0
525.0,2.4981561672556817e-11,-106.02380416058979,4.5106851026454377e-14,-133.45757490560675,4.5106851026454433e-14,-133.45757490560675,5.0118723362727144e-14,-133.0,4.5106851026454433e-14,764.7268434562777,763.0523039125936,0.9978102775415653,0.04249241973633912,0.04249241973633912,0.042492419736508795,0
526.0,2.4981561672556817e-11,-106.02380416058979,4.5106851026454377e-14,-133.45757490560675,4.5106851026454433e-14,-133.45757490560675,5.0118723362727144e-14,-133.0,4.5106851026454433e-14,764.7268434562777,763.0523039125936,0.9978102775415653,0.04249241973633912,0.04249241973633912,0.042492419736508795,0
527.0,2.4981561672556817e-11,-106.02380416058979,4.5106851026454377e-14,-133.45757490560675,4.5106851026454433e-14,-133.45757490560675,5.0118723362727144e-14,-133.0,4.5106851026454433e-14,764.7268434562777,763.0523039125936,0.9978102775415653,0.04249241973633912,0.04249241973633912,0.042492419736508795,0
528.0,2.4981561672556817e-11,-106.02380416058979,4.5106851026454377e-14,-133.45757490560675,4.5106851026454433e-14,-133.45757490560675,5.0118723362727144e-14,-133.0,4.5106851026454433e-14,764.7268434562777,763.0523039125936,0.9978102775415653,0.04249241973633912,0.04249241973633912,0.042492419736508795,0
529.0,2.4981561672556817e-11,-106.02380416058979,4.5106851026454377e-14,-133.45757490560675,4.5106851026454433e-14,-133.45757490560675,5.0118723362727144e-14,-133.0,4.5106851026454433e-14,764.7268434562777,763.0523039125936,0.9978102775415653,0.04249241973633912,0.04249241973633912,0.042492419736508795,0
530.0,2.4981561672556817e-11,-106.02380416058979,4.5106851026454377e-14,-133.45757490560675,4.5106851026454433e-14,-133.45757490560675,5.0118723362727144e-14,-133.0,4.5106851026454433e-14,764.7268434562777,763.0523039125936,0.9978102775415653,0.04249241973633912,0.04249241973633912,0.042492419736508795,0
531.0,2.4981561672556817e-11,-106.02380416058979,4.5106851026454377e-14,-133.45757490560675,4.5106851026454433e-14,-133.45757490560675,5.0118723362727144e-14,-133.0,4.5106851026454433e-14,764.7268434562777,763.0523039125936,0.9978102775415653,0.04249241973633912,0.04249241973633912,0.042492419736508795,0
532.0,2.4981561672556817e-11,-106.02380416058979,4.5106851026454377e-14,-133.45757490560675,4.5106851026454433e-14,-133.45757490560675,5.0118723362727144e-14,-133.0,4.5106851026454433e-14,764.7268434562777,763.0523039125936,0.9978102775415653,0.04249241973633912,0.04249241973633912,0.042492419736508795,0
533.0,2.4981561672556817e-11,-106.02380416058979,4.5106851026454377e-14,-133.45757490560675,4.5106851026454433e-14,-133.45757490560675,5.0118723362727144e-14,-133.0,4.5106851026454433e-14,764.7268434562777,763.0523039125936,0.9978102775415653,0.04249241973633912,0.04249241973633912,0.042492419736508795,0
534.0,2.4981561672556817e-11,-106.02380416058979,4.5106851026454377e-14,-133.45757490560675,4.5106851026454433e-14,-133.45757490560675,5.0118723362727144e-14,-133.0,4.5106851026454433e-14,764.7268434562777,763.0523039125936,0.9978102775415653,0.04249241973633912,0.04249241973633912,0.042492419736508795,0
535.0,2.4162992594026547e-11,-106.16849279215356,4.5106851026454295e-14,-133.45757490560678,4.5106851026454433e-14,-133.45757490560675,5.0118723362727144e-14,-133.0,4.5106851026454433e-14,764.7268434562777,763.0536116102304,0.9978119875608329,0.04320618235955856,0.04320618235955856,0.043206182359558566,0
536.0,2.4162992594026547e-11,-106.16849279215356,4.5106851026454295e-14,-133.45757490560678,4.5106851026454433e-14,-133.45757490560675,5.0118723362727144e-14,-133.0,4.5106851026454433e-14,764.7268434562777,763.0536116102304,0.9978119875608329,0.04320618235955856,0.04320618235955856,0.043206182359558566,0
537.0,2.4162992594026547e-11,-106.16849279215356,4.5106851026454295e-14,-133.45757490560678,4.5106851026454433e-14,-133.45757490560675,5.0118723362727144e-14,-133.0,4.5106851026454433e-14,764.7268434562777,763.0536116102304,0.9978119875608329,0.04320618235955856,0.04320618235955856,0.043206182359558566,0
538.0,2.4162992594026547e-11,-106.16849279215356,4.5106851026454295e-14,-133.45757490560678,4.5106851026454433e-14,-133.45757490560675,5.0118723362727144e-14,-133.0,4.5106851026454433e-14,764.7268434562777,763.0536116102304,0.9978119875608329,0.04320618235955856,0.04320618235955856,0.043206182359558566,0
539.0,2.4162992594026547e-11,-106.16849279215356,4.5106851026454295e-14,-133.45757490560678,4.5106851026454433e-14,-133.45757490560675,5.0118723362727144e-14,-133.0,4.5106851026454433e-14,764.7268434562777,763.0536116102304,0.9978119875608329,0.04320618235955856,0.04320618235955856,0.043206182359558566,0
540.0,2.4162992594026547e-11,-106.16849279215356,4.5106851026454295e-14,-133.45757490560678,4.5106851026454433e-14,-133.45757490560675,5.0118723362727144e-14,-133.0,4.5106851026454433e-14,764.7268434562777,763.0536116102304,0.9978119875608329,0.04320618235955856,0.04320618235955856,0.043206182359558566,0
541.0,2.4162992594026547e-11,-106.16849279215356,4.5106851026454295e-14,-133.45757490560678,4.5106851026454433e-14,-133.45757490560675,5.0118723362727144e-14,-133.0,4.5106851026454433e-14,764.7268434562777,763.0536116102304,0.9978119875608329,0.04320618235955856,0.04320618235955856,0.043206182359558566,0
542.0,2.4162992594026547e-11,-106.16849279215356,4.5106851026454295e-14,-133.45757490560678,4.5106851026454433e-14,-133.45757490560675,5.0118723362727144e-14,-133.0,4.5106851026454433e-14,764.7268434562777,763.0536116102304,0.9978119875608329,0.04320618235955856,0.04320618235955856,0.043206182359558566,0
543.0,2.147671998804366e-11,-106.68032045126333,4.5106851026454257e-14,-133.45757490560678,4.5106851026454433e-14,-133.45757490560675,5.0118723362727144e-14,-133.0,4.5106851026454433e-14,764.7268434562777,763.0584155558166,0.9978182694713312,0.04582867248760806,0.045828672487608066,0.04582867248760807,0
544.0,2.147671998804366e-11,-106.68032045126333,4.5106851026454257e-14,-133.45757490560678,4.5106851026454433e-14,-133.45757490560675,5.0118723362727144e-14,-133.0,4.5106851026454433e-14,764.7268434562777,763.0584155558166,0.9978182694713312,0.04582867248760806,0.045828672487608066,0.04582867248760807,0
545.0,2.147671998804366e-11,-106.68032045126333,4.5106851026454257e-14,-133.45757490560678,4.5106851026454433e-14,-133.45757490560675,5.0118723362727144e-14,-133.0,4.5106851026454433e-14,764.7268434562777,763.0584155558166,0.9978182694713312,0.04582867248760806,0.045828672487608066,0.04582867248760807,0
546.0,2.147671998804366e-11,-106.68032045126333,4.5106851026454257e-14,-133.45757490560678,4.5106851026454433e-14,-133.45757490560675,5.0118723362727144e-14,-133.0,4.5106851026454433e-14,764.7268434562777,763.0584155558166,0.9978182694713312,0.04582867248760806,0.045828672487608066,0.04582867248760807,0
547.0,2.147671998804366e-11,-106.68032045126333,4.5106851026454257e-14,-133.45757490560678,4.5106851026454433e-14,-133.45757490560675,5.0118723362727144e-14,-133.0,4.5106851026454433e-14,764.7268434562777,763.0584155558166,0.9978182694713312,0.04582867248760806,0.045828672487608066,0.04582867248760807,0
548.0,2.147671998804366e-11,-106.68032045126333,4.5106851026454257e-14,-133.45757490560678,4.5106851026454433e-14,-133.45757490560675,5.0118723362727144e-14,-133.0,4.5106851026454433e-14,764.7268434562777,763.0584155558166,0.9978182694713312,0.04582867248760806,0.045828672487608066,0.04582867248760807,0
549.0,2.147671998804366e-11,-106.68032045126333,4.5106851026454257e-14,-133.45757490560678,4.5106851026454433e-14,-133.45757490560675,5.0118723362727144e-14,-133.0,4.5106851026454433e-14,764.7268434562777,763.0584155558166,0.9978182694713312,0.04582867248760806,0.045828672487608066,0.04582867248760807,0
550.0,2.147671998804366e-11,-106.68032045126333,4.5106851026454257e-14,-133.45757490560678,4.5106851026454433e-14,-133.45757490560675,5.0118723362727144e-14,-133.0,4.5106851026454433e-14,764.7268434562777,763.0584155558166,0.9978182694713312,0.04582867248760806,0.045828672487608066,0.04582867248760807,0
551.0,2.147671998804366e-11,-106.68032045126333,4.5106851026454257e-14,-133.45757490560678,4.5106851026454433e-14,-133.45757490560675,5.0118723362727144e-14,-133.0,4.5106851026454433e-14,764.7268434562777,763.0584155558166,0.9978182694713312,0.04582867248760806,0.045828672487608066,0.04582867248760807,0
552.0,2.147671998804366e-11,-106.68032045126333,4.5106851026454257e-14,-133.45757490560678,4.5106851026454433e-14,-133.45757490560675,5.0118723362727144e-14,-133.0,4.5106851026454433e-14,764.7268434562777,763.0584155558166,0.9978182694713312,0.04582867248760806,0.045828672487608066,0.04582867248760807,0
553.0,2.147671998804366e-11,-106.68032045126333,4.5106851026454257e-14,-133.45757490560678,4.5106851026454433e-14,-133.45757490560675,5.0118723362727144e-14,-133.0,4.5106851026454433e-14,764.7268434562777,763.0584155558166,0.9978182694713312,0.04582867248760806,0.045828672487608066,0.04582867248760807,0
554.0,2.147671998804366e-11,-106.68032045126333,4.5106851026454257e-14,-133.45757490560678,4.5106851026454433e-14,-133.45757490560675,5.0118723362727144e-14,-133.0,4.5106851026454433e-14,764.7268434562777,763.0584155558166,0.9978182694713312,0.04582867248760806,0.045828672487608066,0.04582867248760807,0
555.0,2.147671998804366e-11,-106.68032045126333,4.5106851026454257e-14,-133.45757490560678,4.5106851026454433e-14,-133.45757490560675,5.0118723362727144e-14,-133.0,4.5106851026454433e-14,764.7268434562777,763.0584155558166,0.9978182694713312,0.04582867248760806,0.045828672487608066,0.04582867248760807,0
556.0,2.147671998804366e-11,-106.68032045126333,4.5106851026454257e-14,-133.45757490560678,4.5106851026454433e-14,-133.45757490560675,5.0118723362727144e-14,-133.0,4.5106851026454433e-14,764.7268434562777,763.0584155558166,0.9978182694713312,0.04582867248760806,0.045828672487608066,0.04582867248760807,0
557.0,2.147671998804366e-11,-106.68032045126333,4.5106851026454257e-14,-133.45757490560678,4.5106851026454433e-14,-133.45757490560675,5.0118723362727144e-14,-133.0,4.5106851026454433e-14,764.7268434562777,763.0584155558166,0.9978182694713312,0.04582867248760806,0.045828672487608066,0.04582867248760807,0
558.0,2.147665235795353e-11,-106.68033412719765,4.510685102645447e-14,-133.45757490560675,4.5106851026454433e-14,-133.45757490560675,5.0118723362727144e-14,-133.0,4.5106851026454433e-14,764.7268434562777,763.0584156879797,0.9978182696441551,0.04582874464491543,0.04582874464491543,0.04582874464491544,0
559.0,2.147665235795353e-11,-106.68033412719765,4.510685102645447e-14,-133.45757490560675,4.5106851026454433e-14,-133.45757490560675,5.0118723362727144e-14,-133.0,4.5106851026454433e-14,764.7268434562777,763.0584156879797,0.9978182696441551,0.04582874464491543,0.04582874464491543,0.04582874464491544,0
560.0,2.147665235795353e-11,-106.68033412719765,4.510685102645447e-14,-133.45757490560675,4.5106851026454433e-14,-133.45757490560675,5.0118723362727144e-14,-133.0,4.5106851026454433e-14,764.7268434562777,763.0584156879797,0.9978182696441551,0.04582874464491543,0.04582874464491543,0.04582874464491544,0
561.0,2.147665235795353e-11,-106.68033412719765,4.510685102645447e-14,-133.45757490560675,4.5106851026454433e-14,-133.45757490560675,5.0118723362727144e-14,-133.0,4.5106851026454433e-14,764.7268434562777,763.0584156879797,0.9978182696441551,0.04582874464491543,0.04582874464491543,0.04582874464491544,0
562.0,2.147665235795353e-11,-106.68033412719765,4.510685102645447e-14,-133.45757490560675,4.5106851026454433e-14,-133.45757490560675,5.0118723362727144e-14,-133.0,4.5106851026454433e-14,764.7268434562777,763.0584156879797,0.9978182696441551,0.04582874464491543,0.04582874464491543,0.04582874464491544,0
563.0,2.147665235795353e-11,-106.68033412719765,4.510685102645447e-14,-133.45757490560675,4.5106851026454433e-14,-133.45757490560675,5.0118723362727144e-14,-133.0,4.5106851026454433e-14,764.7268434562777,763.0584156879797,0.9978182696441551,0.04582874464491543,0.04582874464491543,0.04582874464491544,0
564.0,2.147665235795353e-11,-106.68033412719765,4.510685102645447e-14,-133.45757490560675,4.5106851026454433e-14,-133.45757490560675,5.0118723362727144e-14,-133.0,4.5106851026454433e-14,764.7268434562777,763.0584156879797,0.9978182696441551,0.04582874464491543,0.04582874464491543,0.04582874464491544,0
565.0,2.147665235795353e-11,-106.68033412719765,4.510685102645447e-14,-133.45757490560675,4.5106851026454433e-14,-133.45757490560675,5.0118723362727144e-14,-133.0,4.5106851026454433e-14,764.7268434562777,763.0584156879797,0.9978182696441551,0.04582874464491543,0.04582874464491543,0.04582874464491544,0
566.0,2.147665235795353e-11,-106.68033412719765,4.510685102645447e-14,-133.45757490560675,4.5106851026454433e-14,-133.45757490560675,5.0118723362727144e-14,-133.0,4.5106851026454433e-14,764.7268434562777,763.0584156879797,0.9978182696441551,0.04582874464491543,0.04582874464491543,0.04582874464491544,0
567.0,2.147665235795353e-11,-106.68033412719765,4.510685102645447e-14,-133.45757490560675,4.5106851026454433e-14,-133.45757490560675,5.0118723362727144e-14,-133.0,4.5106851026454433e-14,764.7268434562777,763.0584156879797,0.9978182696441551,0.04582874464491543,0.04582874464491543,0.04582874464491544,0
568.0,2.147665235795353e-11,-106.68033412719765,4.510685102645447e-14,-133.45757490560675,4.5106851026454433e-14,-133.45757490560675,5.0118723362727144e-14,-133.0,4.5106851026454433e-14,764.7268434562777,763.0584156879797,0.9978182696441551,0.04582874464491543,0.04582874464491543,0.04582874464491544,0
569.0,2.147665235795353e-11,-106.68033412719765,4.510685102645447e-14,-133.45757490560675,4.5106851026454433e-14,-133.45757490560675,5.0118723362727144e-14,-133.0,4.5106851026454433e-14,764.7268434562777,763.0584156879797,0.9978182696441551,0.04582874464491543,0.04582874464491543,0.04582874464491544,0
570.0,2.147665235795353e-11,-106.68033412719765,4.510685102645447e-14,-133.45757490560675,4.5106851026454433e-14,-133.45757490560675,5.0118723362727144e-14,-133.0,4.5106851026454433e-14,764.7268434562777,763.0584156879797,0.9978182696441551,0.04582874464491543,0.04582874464491543,0.04582874464491544,0
571.0,2.147665235795353e-11,-106.68033412719765,4.510685102645447e-14,-133.45757490560675,4.5106851026454433e-14,-133.45757490560675,5.0118723362727144e-14,-133.0,4.5106851026454433e-14,764.7268434562777,763.0584156879797,0.9978182696441551,0.04582874464491543,0.04582874464491543,0.04582874464491544,0
572.0,2.147665235795353e-11,-106.68033412719765,4.510685102645447e-14,-133.45757490560675,4.5106851026454433e-14,-133.45757490560675,5.0118723362727144e-14,-133.0,4.5106851026454433e-14,764.7268434562777,763.0584156879797,0.9978182696441551,0.04582874464491543,0.04582874464491543,0.04582874464491544,0
573.0,2.147665235795353e-11,-106.68033412719765,4.510685102645447e-14,-133.45757490560675,4.5106851026454433e-14,-133.45757490560675,5.0118723362727144e-14,-133.0,4.5106851026454433e-14,764.7268434562777,763.0584156879797,0.9978182696441551,0.04582874464491543,0.04582874464491543,0.04582874464491544,0
574.0,2.147665235795353e-11,-106.68033412719765,4.510685102645447e-14,-133.45757490560675,4.5106851026454433e-14,-133.45757490560675,5.0118723362727144e-14,-133.0,4.5106851026454433e-14,764.7268434562777,763.0584156879797,0.9978182696441551,0.04582874464491543,0.04582874464491543,0.04582874464491544,0
575.0,2.147665235795353e-11,-106.68033412719765,4.510685102645447e-14,-133.45757490560675,4.5106851026454433e-14,-133.45757490560675,5.0118723362727144e-14,-133.0,4.5106851026454433e-14,764.7268434562777,763.0584156879797,0.9978182696441551,0.04582874464491543,0.04582874464491543,0.04582874464491544,0
576.0,2.147665235795353e-11,-106.68033412719765,4.510685102645447e-14,-133.45757490560675,4.5106851026454433e-14,-133.45757490560675,5.0118723362727144e-14,-133.0,4.5106851026454433e-14,764.7268434562777,763.0584156879797,0.9978182696441551,0.04582874464491543,0.04582874464491543,0.04582874464491544,0
577.0,2.147665235795353e-11,-106.68033412719765,4.510685102645447e-14,-133.45757490560675,4.5106851026454433e-14,-133.45757490560675,5.0118723362727144e-14,-133.0,4.5106851026454433e-14,764.7268434562777,763.0584156879797,0.9978182696441551,0.04582874464491543,0.04582874464491543,0.04582874464491544,0
578.0,2.147665235795353e-11,-106.68033412719765,4.510685102645447e-14,-133.45757490560675,4.5106851026454433e-14,-133.45757490560675,5.0118723362727144e-14,-133.0,4.5106851026454433e-14,764.7268434562777,763.0584156879797,0.9978182696441551,0.04582874464491543,0.04582874464491543,0.04582874464491544,0
579.0,2.147665235795353e-11,-106.68033412719765,4.510685102645447e-14,-133.45757490560675,4.5106851026454433e-14,-133.45757490560675,5.0118723362727144e-14,-133.0,4.5106851026454433e-14,764.7268434562777,763.0584156879797,0.9978182696441551,0.04582874464491543,0.04582874464491543,0.04582874464491544,0
580.0,2.147665235795353e-11,-106.68033412719765,4.510685102645447e-14,-133.45757490560675,4.5106851026454433e-14,-133.45757490560675,5.0118723362727144e-14,-133.0,4.5106851026454433e-14,764.7268434562777,763.0584156879797,0.9978182696441551,0.04582874464491543,0.04582874464491543,0.04582874464491544,0
581.0,2.147665235795353e-11,-106.68033412719765,4.510685102645447e-14,-133.45757490560675,4.5106851026454433e-14,-133.45757490560675,5.0118723362727144e-14,-133.0,4.5106851026454433e-14,764.7268434562777,763.0584156879797,0.9978182696441551,0.04582874464491543,0.04582874464491543,0.04582874464491544,0
582.0,2.147665235795353e-11,-106.68033412719765,4.510685102645447e-14,-133.45757490560675,4.5106851026454433e-14,-133.45757490560675,5.0118723362727144e-14,-133.0,4.5106851026454433e-14,764.7268434562777,763.0584156879797,0.9978182696441551,0.04582874464491543,0.04582874464491543,0.04582874464491544,0
583.0,2.147665235795353e-11,-106.68033412719765,4.510685102645447e-14,-133.45757490560675,4.5106851026454433e-14,-133.45757490560675,5.0118723362727144e-14,-133.0,4.5106851026454433e-14,764.7268434562777,763.0584156879797,0.9978182696441551,0.04582874464491543,0.04582874464491543,0.04582874464491544,0
584.0,2.147665235795353e-11,-106.68033412719765,4.510685102645447e-14,-133.45757490560675,4.5106851026454433e-14,-133.45757490560675,5.0118723362727144e-14,-133.0,4.5106851026454433e-14,764.7268434562777,763.0584156879797,0.9978182696441551,0.04582874464491543,0.04582874464491543,0.04582874464491544,0
585.0,2.147665235795353e-11,-106.68033412719765,4.510685102645447e-14,-133.45757490560675,4.5106851026454433e-14,-133.45757490560675,5.0118723362727144e-14,-133.0,4.5106851026454433e-14,764.7268434562777,763.0584156879797,0.9978182696441551,0.04582874464491543,0.04582874464491543,0.04582874464491544,0
586.0,2.147665235795353e-11,-106.68033412719765,4.510685102645447e-14,-133.45757490560675,4.5106851026454433e-14,-133.45757490560675,5.0118723362727144e-14,-133.0,4.5106851026454433e-14,764.7268434562777,763.0584156879797,0.9978182696441551,0.04582874464491543,0.04582874464491543,0.04582874464491544,0
587.0,2.147665235795353e-11,-106.68033412719765,4.510685102645447e-14,-133.45757490560675,4.5106851026454433e-14,-133.45757490560675,5.0118723362727144e-14,-133.0,4.5106851026454433e-14,764.7268434562777,763.0584156879797,0.9978182696441551,0.04582874464491543,0.04582874464491543,0.04582874464491544,0
588.0,2.147665235795353e-11,-106.68033412719765,4.510685102645447e-14,-133.45757490560675,4.5106851026454433e-14,-133.45757490560675,5.0118723362727144e-14,-133.0,4.5106851026454433e-14,764.7268434562777,763.0584156879797,0.9978182696441551,0.04582874464491543,0.04582874464491543,0.04582874464491544,0
589.0,2.147665235795353e-11,-106.68033412719765,4.510685102645447e-14,-133.45757490560675,4.5106851026454433e-14,-133.45757490560675,5.0118723362727144e-14,-133.0,4.5106851026454433e-14,764.7268434562777,763.0584156879797,0.9978182696441551,0.04582874464491543,0.04582874464491543,0.04582874464491544,0
590.0,2.147665235795353e-11,-106.68033412719765,4.510685102645447e-14,-133.45757490560675,4.5106851026454433e-14,-133.45757490560675,5.0118723362727144e-14,-133.0,4.5106851026454433e-14,764.7268434562777,763.0584156879797,0.9978182696441551,0.04582874464491543,0.04582874464491543,0.04582874464491544,0
591.0,2.147665235795353e-11,-106.68033412719765,4.510685102645447e-14,-133.45757490560675,4.5106851026454433e-14,-133.45757490560675,5.0118723362727144e-14,-133.0,4.5106851026454433e-14,764.7268434562777,763.0584156879797,0.9978182696441551,0.04582874464491543,0.04582874464491543,0.04582874464491544,0
592.0,2.147665235795353e-11,-106.68033412719765,4.510685102645447e-14,-133.45757490560675,4.5106851026454433e-14,-133.45757490560675,5.0118723362727144e-14,-133.0,4.5106851026454433e-14,764.7268434562777,763.0584156879797,0.9978182696441551,0.04582874464491543,0.04582874464491543,0.04582874464491544,0
593.0,2.147665235795353e-11,-106.68033412719765,4.510685102645447e-14,-133.45757490560675,4.5106851026454433e-14,-133.45757490560675,5.0118723362727144e-14,-133.0,4.5106851026454433e-14,764.7268434562777,763.0584156879797,0.9978182696441551,0.04582874464491543,0.04582874464491543,0.04582874464491544,0
594.0,2.147665235795353e-11,-106.68033412719765,4.510685102645447e-14,-133.45757490560675,4.5106851026454433e-14,-133.45757490560675,5.0118723362727144e-14,-133.0,4.5106851026454433e-14,764.7268434562777,763.0584156879797,0.9978182696441551,0.04582874464491543,0.04582874464491543,0.04582874464491544,0
595.0,2.147665235795353e-11,-106.68033412719765,4.510685102645447e-14,-133.45757490560675,4.5106851026454433e-14,-133.45757490560675,5.0118723362727144e-14,-133.0,4.5106851026454433e-14,764.7268434562777,763.0584156879797,0.9978182696441551,0.04582874464491543,0.04582874464491543,0.04582874464491544,0
596.0,2.147665235795353e-11,-106.68033412719765,4.510685102645447e-14,-133.45757490560675,4.5106851026454433e-14,-133.45757490560675,5.0118723362727144e-14,-133.0,4.5106851026454433e-14,764.7268434562777,763.0584156879797,0.9978182696441551,0.04582874464491543,0.04582874464491543,0.04582874464491544,0
597.0,2.147665235795353e-11,-106.68033412719765,4.510685102645447e-14,-133.45757490560675,4.5106851026454433e-14,-133.45757490560675,5.0118723362727144e-14,-133.0,4.5106851026454433e-14,764.7268434562777,763.0584156879797,0.9978182696441551,0.04582874464491543,0.04582874464491543,0.04582874464491544,0
598.0,2.147665235795353e-11,-106.68033412719765,4.510685102645447e-14,-133.45757490560675,4.5106851026454433e-14,-133.45757490560675,5.0118723362727144e-14,-133.0,4.5106851026454433e-14,764.7268434562777,763.0584156879797,0.9978182696441551,0.04582874464491543,0.04582874464491543,0.04582874464491544,0
599.0,2.147665235795353e-11,-106.68033412719765,4.510685102645447e-14,-133.45757490560675,4.5106851026454433e-14,-133.45757490560675,5.0118723362727144e-14,-133.0,4.5106851026454433e-14,764.7268434562777,763.0584156879797,0.9978182696441551,0.04582874464491543,0.04582874464491543,0.04582874464491544,0
600.0,2.147665235795353e-11,-106.68033412719765,4.510685102645447e-14,-133.45757490560675,4.5106851026454433e-14,-133.45757490560675,5.0118723362727144e-14,-133.0,4.5106851026454433e-14,764.7268434562777,763.0584156879797,0.9978182696441551,0.04582874464491543,0.04582874464491543,0.04582874464491544,0
601.0,2.147665235795353e-11,-106.68033412719765,4.510685102645447e-14,-133.45757490560675,4.5106851026454433e-14,-133.45757490560675,5.0118723362727144e-14,-133.0,4.5106851026454433e-14,764.7268434562777,763.0584156879797,0.9978182696441551,0.04582874464491543,0.04582874464491543,0.04582874464491544,0
602.0,2.147665235795353e-11,-106.68033412719765,4.510685102645447e-14,-133.45757490560675,4.5106851026454433e-14,-133.45757490560675,5.0118723362727144e-14,-133.0,4.5106851026454433e-14,764.7268434562777,763.0584156879797,0.9978182696441551,0.04582874464491543,0.04582874464491543,0.04582874464491544,0
603.0,2.147665235795353e-11,-106.68033412719765,4.510685102645447e-14,-133.45757490560675,4.5106851026454433e-14,-133.45757490560675,5.0118723362727144e-14,-133.0,4.5106851026454433e-14,764.7268434562777,763.0584156879797,0.9978182696441551,0.04582874464491543,0.04582874464491543,0.04582874464491544,0
604.0,2.147665235795353e-11,-106.68033412719765,4.510685102645447e-14,-133.45757490560675,4.5106851026454433e-14,-133.45757490560675,5.0118723362727144e-14,-133.0,4.5106851026454433e-14,764.7268434562777,763.0584156879797,0.9978182696441551,0.04582874464491543,0.04582874464491543,0.04582874464491544,0
605.0,2.147665235795353e-11,-106.68033412719765,4.510685102645447e-14,-133.45757490560675,4.5106851026454433e-14,-133.45757490560675,5.0118723362727144e-14,-133.0,4.5106851026454433e-14,764.7268434562777,763.0584156879797,0.9978182696441551,0.04582874464491543,0.04582874464491543,0.04582874464491544,0
606.0,2.147665235795353e-11,-106.68033412719765,4.510685102645447e-14,-133.45757490560675,4.5106851026454433e-14,-133.45757490560675,5.0118723362727144e-14,-133.0,4.5106851026454433e-14,764.7268434562777,763.0584156879797,0.9978182696441551,0.04582874464491543,0.04582874464491543,0.04582874464491544,0
607.0,2.147665235795353e-11,-106.68033412719765,4.510685102645447e-14,-133.45757490560675,4.5106851026454433e-14,-133.45757490560675,5.0118723362727144e-14,-133.0,4.5106851026454433e-14,764.7268434562777,763.0584156879797,0.9978182696441551,0.04582874464491543,0.04582874464491543,0.04582874464491544,0
608.0,2.147665235795353e-11,-106.68033412719765,4.510685102645447e-14,-133.45757490560675,4.5106851026454433e-14,-133.45757490560675,5.0118723362727144e-14,-133.0,4.5106851026454433e-14,764.7268434562777,763.0584156879797,0.9978182696441551,0.04582874464491543,0.04582874464491543,0.04582874464491544,0
609.0,2.147665235795353e-11,-106.68033412719765,4.510685102645447e-14,-133.45757490560675,4.5106851026454433e-14,-133.45757490560675,5.0118723362727144e-14,-133.0,4.5106851026454433e-14,764.7268434562777,763.0584156879797,0.9978182696441551,0.04582874464491543,0.04582874464491543,0.04582874464491544,0
610.0,2.147665235795353e-11,-106.68033412719765,4.510685102645447e-14,-133.45757490560675,4.5106851026454433e-14,-133.45757490560675,5.0118723362727144e-14,-133.0,4.5106851026454433e-14,764.7268434562777,763.0584156879797,0.9978182696441551,0.04582874464491543,0.04582874464491543,0.04582874464491544,0
611.0,2.147665235795353e-11,-106.68033412719765,4.510685102645447e-14,-133.45757490560675,4.5106851026454433e-14,-133.45757490560675,5.0118723362727144e-14,-133.0,4.5106851026454433e-14,764.7268434562777,763.0584156879797,0.9978182696441551,0.04582874464491543,0.04582874464491543,0.04582874464491544,0
612.0,2.147665235795353e-11,-106.68033412719765,4.510685102645447e-14,-133.45757490560675,4.5106851026454433e-14,-133.45757490560675,5.0118723362727144e-14,-133.0,4.5106851026454433e-14,764.7268434562777,763.0584156879797,0.9978182696441551,0.04582874464491543,0.04582874464491543,0.04582874464491544,0
613.0,2.147665235795353e-11,-106.68033412719765,4.510685102645447e-14,-133.45757490560675,4.5106851026454433e-14,-133.45757490560675,5.0118723362727144e-14,-133.0,4.5106851026454433e-14,764.7268434562777,763.0584156879797,0.9978182696441551,0.04582874464491543,0.04582874464491543,0.04582874464491544,0
614.0,2.147665235795353e-11,-106.68033412719765,4.510685102645447e-14,-133.45757490560675,4.5106851026454433e-14,-133.45757490560675,5.0118723362727144e-14,-133.0,4.5106851026454433e-14,764.7268434562777,763.0584156879797,0.9978182696441551,0.04582874464491543,0.04582874464491543,0.04582874464491544,0
615.0,2.147665235795353e-11,-106.68033412719765,4.510685102645447e-14,-133.45757490560675,4.5106851026454433e-14,-133.45757490560675,5.0118723362727144e-14,-133.0,4.5106851026454433e-14,764.7268434562777,763.0584156879797,0.9978182696441551,0.04582874464491543,0.04582874464491543,0.04582874464491544,0
616.0,2.147665235795353e-11,-106.68033412719765,4.510685102645447e-14,-133.45757490560675,4.5106851026454433e-14,-133.45757490560675,5.0118723362727144e-14,-133.0,4.5106851026454433e-14,764.7268434562777,763.0584156879797,0.9978182696441551,0.04582874464491543,0.04582874464491543,0.04582874464491544,0
617.0,2.147665235795353e-11,-106.68033412719765,4.510685102645447e-14,-133.45757490560675,4.5106851026454433e-14,-133.45757490560675,5.0118723362727144e-14,-133.0,4.5106851026454433e-14,764.7268434562777,763.0584156879797,0.9978182696441551,0.04582874464491543,0.04582874464491543,0.04582874464491544,0
618.0,2.147665235795353e-11,-106.68033412719765,4.510685102645447e-14,-133.45757490560675,4.5106851026454433e-14,-133.45757490560675,5.0118723362727144e-14,-133.0,4.5106851026454433e-14,764.7268434562777,763.0584156879797,0.9978182696441551,0.04582874464491543,0.04582874464491543,0.04582874464491544,0
619.0,2.147665235795353e-11,-106.68033412719765,4.510685102645447e-14,-133.45757490560675,4.5106851026454433e-14,-133.45757490560675,5.0118723362727144e-14,-133.0,4.5106851026454433e-14,764.7268434562777,763.0584156879797,0.9978182696441551,0.04582874464491543,0.04582874464491543,0.04582874464491544,0
620.0,2.147665235795353e-11,-106.68033412719765,4.510685102645447e-14,-133.45757490560675,4.5106851026454433e-14,-133.45757490560675,5.0118723362727144e-14,-133.0,4.5106851026454433e-14,764.7268434562777,763.0584156879797,0.9978182696441551,0.04582874464491543,0.04582874464491543,0.04582874464491544,0
621.0,2.147665235795353e-11,-106.68033412719765,4.510685102645447e-14,-133.45757490560675,4.5106851026454433e-14,-133.45757490560675,5.0118723362727144e-14,-133.0,4.5106851026454433e-14,764.7268434562777,763.0584156879797,0.9978182696441551,0.04582874464491543,0.04582874464491543,0.04582874464491544,0
622.0,2.147665235795353e-11,-106.68033412719765,4.510685102645447e-14,-133.45757490560675,4.5106851026454433e-14,-133.45757490560675,5.0118723362727144e-14,-133.0,4.5106851026454433e-14,764.7268434562777,763.0584156879797,0.9978182696441551,0.04582874464491543,0.04582874464491543,0.04582874464491544,0
623.0,2.147665235795353e-11,-106.68033412719765,4.510685102645447e-14,-133.45757490560675,4.5106851026454433e-14,-133.45757490560675,5.0118723362727144e-14,-133.0,4.5106851026454433e-14,764.7268434562777,763.0584156879797,0.9978182696441551,0.04582874464491543,0.04582874464491543,0.04582874464491544,0
624.0,2.147665235795353e-11,-106.68033412719765,4.510685102645447e-14,-133.45757490560675,4.5106851026454433e-14,-133.45757490560675,5.0118723362727144e-14,-133.0,4.5106851026454433e-14,764.7268434562777,763.0584156879797,0.9978182696441551,0.04582874464491543,0.04582874464491543,0.04582874464491544,0
625.0,2.147665235795353e-11,-106.68033412719765,4.510685102645447e-14,-133.45757490560675,4.5106851026454433e-14,-133.45757490560675,5.0118723362727144e-14,-133.0,4.5106851026454433e-14,764.7268434562777,763.0584156879797,0.9978182696441551,0.04582874464491543,0.04582874464491543,0.04582874464491544,0
626.0,2.147665235795353e-11,-106.68033412719765,4.510685102645447e-14,-133.45757490560675,4.5106851026454433e-14,-133.45757490560675,5.0118723362727144e-14,-133.0,4.5106851026454433e-14,764.7268434562777,763.0584156879797,0.9978182696441551,0.04582874464491543,0.04582874464491543,0.04582874464491544,0
627.0,2.147665235795353e-11,-106.68033412719765,4.510685102645447e-14,-133.45757490560675,4.5106851026454433e-14,-133.45757490560675,5.0118723362727144e-14,-133.0,4.5106851026454433e-14,764.7268434562777,763.0584156879797,0.9978182696441551,0.04582874464491543,0.04582874464491543,0.04582874464491544,0
628.0,2.147665235795353e-11,-106.68033412719765,4.510685102645447e-14,-133.45757490560675,4.5106851026454433e-14,-133.45757490560675,5.0118723362727144e-14,-133.0,4.5106851026454433e-14,764.7268434562777,763.0584156879797,0.9978182696441551,0.04582874464491543,0.04582874464491543,0.04582874464491544,0
629.0,2.147665235795353e-11,-106.68033412719765,4.510685102645447e-14,-133.45757490560675,4.5106851026454433e-14,-133.45757490560675,5.0118723362727144e-14,-133.0,4.5106851026454433e-14,764.7268434562777,763.0584156879797,0.9978182696441551,0.04582874464491543,0.04582874464491543,0.04582874464491544,0
630.0,2.147665235795353e-11,-106.68033412719765,4.510685102645447e-14,-133.45757490560675,4.5106851026454433e-14,-133.45757490560675,5.0118723362727144e-14,-133.0,4.5106851026454433e-14,764.7268434562777,763.0584156879797,0.9978182696441551,0.04582874464491543,0.04582874464491543,0.04582874464491544,0
631.0,2.147665235795353e-11,-106.68033412719765,4.510685102645447e-14,-133.45757490560675,4.5106851026454433e-14,-133.45757490560675,5.0118723362727144e-14,-133.0,4.5106851026454433e-14,764.7268434562777,763.0584156879797,0.9978182696441551,0.04582874464491543,0.04582874464491543,0.04582874464491544,0
632.0,2.147665235795353e-11,-106.68033412719765,4.510685102645447e-14,-133.45757490560675,4.5106851026454433e-14,-133.45757490560675,5.0118723362727144e-14,-133.0,4.5106851026454433e-14,764.7268434562777,763.0584156879797,0.9978182696441551,0.04582874464491543,0.04582874464491543,0.04582874464491544,0
633.0,2.147665235795353e-11,-106.68033412719765,4.510685102645447e-14,-133.45757490560675,4.5106851026454433e-14,-133.45757490560675,5.0118723362727144e-14,-133.0,4.5106851026454433e-14,764.7268434562777,763.0584156879797,0.9978182696441551,0.04582874464491543,0.04582874464491543,0.04582874464491544,0
634.0,2.147665235795353e-11,-106.68033412719765,4.510685102645447e-14,-133.45757490560675,4.5106851026454433e-14,-133.45757490560675,5.0118723362727144e-14,-133.0,4.5106851026454433e-14,764.7268434562777,763.0584156879797,0.9978182696441551,0.04582874464491543,0.04582874464491543,0.04582874464491544,0
635.0,2.147665235795353e-11,-106.68033412719765,4.510685102645447e-14,-133.45757490560675,4.5106851026454433e-14,-133.45757490560675,5.0118723362727144e-14,-133.0,4.5106851026454433e-14,764.7268434562777,763.0584156879797,0.9978182696441551,0.04582874464491543,0.04582874464491543,0.04582874464491544,0
636.0,2.147665235795353e-11,-106.68033412719765,4.510685102645447e-14,-133.45757490560675,4.5106851026454433e-14,-133.45757490560675,5.0118723362727144e-14,-133.0,4.5106851026454433e-14,764.7268434562777,763.0584156879797,0.9978182696441551,0.04582874464491543,0.04582874464491543,0.04582874464491544,0
637.0,2.147665235795353e-11,-106.68033412719765,4.510685102645447e-14,-133.45757490560675,4.5106851026454433e-14,-133.45757490560675,5.0118723362727144e-14,-133.0,4.5106851026454433e-14,764.7268434562777,763.0584156879797,0.9978182696441551,0.04582874464491543,0.04582874464491543,0.04582874464491544,0
638.0,2.147665235795353e-11,-106.68033412719765,4.510685102645447e-14,-133.45757490560675,4.5106851026454433e-14,-133.45757490560675,5.0118723362727144e-14,-133.0,4.5106851026454433e-14,764.7268434562777,763.0584156879797,0.9978182696441551,0.04582874464491543,0.04582874464491543,0.04582874464491544,0
639.0,2.147665235795353e-11,-106.68033412719765,4.510685102645447e-14,-133.45757490560675,4.5106851026454433e-14,-133.45757490560675,5.0118723362727144e-14,-133.0,4.5106851026454433e-14,764.7268434562777,763.0584156879797,0.9978182696441551,0.04582874464491543,0.04582874464491543,0.04582874464491544,0
640.0,2.147665235795353e-11,-106.68033412719765,4.510685102645447e-14,-133.45757490560675,4.5106851026454433e-14,-133.45757490560675,5.0118723362727144e-14,-133.0,4.5106851026454433e-14,764.7268434562777,763.0584156879797,0.9978182696441551,0.04582874464491543,0.04582874464491543,0.04582874464491544,0
641.0,2.147665235795353e-11,-106.68033412719765,4.510685102645447e-14,-133.45757490560675,4.5106851026454433e-14,-133.45757490560675,5.0118723362727144e-14,-133.0,4.5106851026454433e-14,764.7268434562777,763.0584156879797,0.9978182696441551,0.04582874464491543,0.04582874464491543,0.04582874464491544,0
642.0,2.147665235795353e-11,-106.68033412719765,4.510685102645447e-14,-133.45757490560675,4.5106851026454433e-14,-133.45757490560675,5.0118723362727144e-14,-133.0,4.5106851026454433e-14,764.7268434562777,763.0584156879797,0.9978182696441551,0.04582874464491543,0.04582874464491543,0.04582874464491544,0
643.0,2.147665235795353e-11,-106.68033412719765,4.510685102645447e-14,-133.45757490560675,4.5106851026454433e-14,-133.45757490560675,5.0118723362727144e-14,-133.0,4.5106851026454433e-14,764.7268434562777,763.0584156879797,0.9978182696441551,0.04582874464491543,0.04582874464491543,0.04582874464491544,0
644.0,2.147665235795353e-11,-106.68033412719765,4.510685102645447e-14,-133.45757490560675,4.5106851026454433e-14,-133.45757490560675,5.0118723362727144e-14,-133.0,4.5106851026454433e-14,764.7268434562777,763.0584156879797,0.9978182696441551,0.04582874464491543,0.04582874464491543,0.04582874464491544,0
645.0,2.147665235795353e-11,-106.68033412719765,4.510685102645447e-14,-133.45757490560675,4.5106851026454433e-14,-133.45757490560675,5.0118723362727144e-14,-133.0,4.5106851026454433e-14,764.7268434562777,763.0584156879797,0.9978182696441551,0.04582874464491543,0.04582874464491543,0.04582874464491544,0
646.0,2.147665235795353e-11,-106.68033412719765,4.510685102645447e-14,-133.45757490560675,4.5106851026454433e-14,-133.45757490560675,5.0118723362727144e-14,-133.0,4.5106851026454433e-14,764.7268434562777,763.0584156879797,0.9978182696441551,0.04582874464491543,0.04582874464491543,0.04582874464491544,0
647.0,2.147665235795353e-11,-106.68033412719765,4.510685102645447e-14,-133.45757490560675,4.5106851026454433e-14,-133.45757490560675,5.0118723362727144e-14,-133.0,4.5106851026454433e-14,764.7268434562777,763.0584156879797,0.9978182696441551,0.04582874464491543,0.04582874464491543,0.04582874464491544,0
648.0,2.147665235795353e-11,-106.68033412719765,4.510685102645447e-14,-133.45757490560675,4.5106851026454433e-14,-133.45757490560675,5.0118723362727144e-14,-133.0,4.5106851026454433e-14,764.7268434562777,763.0584156879797,0.9978182696441551,0.04582874464491543,0.04582874464491543,0.04582874464491544,0
649.0,2.147665235795353e-11,-106.68033412719765,4.510685102645447e-14,-133.45757490560675,4.5106851026454433e-14,-133.45757490560675,5.0118723362727144e-14,-133.0,4.5106851026454433e-14,764.7268434562777,763.0584156879797,0.9978182696441551,0.04582874464491543,0.04582874464491543,0.04582874464491544,0
650.0,2.147665235795353e-11,-106.68033412719765,4.510685102645447e-14,-133.45757490560675,4.5106851026454433e-14,-133.45757490560675,5.0118723362727144e-14,-133.0,4.5106851026454433e-14,764.7268434562777,763.0584156879797,0.9978182696441551,0.04582874464491543,0.04582874464491543,0.04582874464491544,0
651.0,2.147665235795353e-11,-106.68033412719765,4.510685102645447e-14,-133.45757490560675,4.5106851026454433e-14,-133.45757490560675,5.0118723362727144e-14,-133.0,4.5106851026454433e-14,764.7268434562777,763.0584156879797,0.9978182696441551,0.04582874464491543,0.04582874464491543,0.04582874464491544,0
652.0,2.147665235795353e-11,-106.68033412719765,4.510685102645447e-14,-133.45757490560675,4.5106851026454433e-14,-133.45757490560675,5.0118723362727144e-14,-133.0,4.5106851026454433e-14,764.7268434562777,763.0584156879797,0.9978182696441551,0.04582874464491543,0.04582874464491543,0.04582874464491544,0
653.0,2.147665235795353e-11,-106.68033412719765,4.510685102645447e-14,-133.45757490560675,4.5106851026454433e-14,-133.45757490560675,5.0118723362727144e-14,-133.0,4.5106851026454433e-14,764.7268434562777,763.0584156879797,0.9978182696441551,0.04582874464491543,0.04582874464491543,0.04582874464491544,0
654.0,2.147665235795353e-11,-106.68033412719765,4.510685102645447e-14,-133.45757490560675,4.5106851026454433e-14,-133.45757490560675,5.0118723362727144e-14,-133.0,4.5106851026454433e-14,764.7268434562777,763.0584156879797,0.9978182696441551,0.04582874464491543,0.04582874464491543,0.04582874464491544,0
655.0,2.147665235795353e-11,-106.68033412719765,4.510685102645447e-14,-133.45757490560675,4.5106851026454433e-14,-133.45757490560675,5.0118723362727144e-14,-133.0,4.5106851026454433e-14,764.7268434562777,763.0584156879797,0.9978182696441551,0.04582874464491543,0.04582874464491543,0.04582874464491544,0
656.0,2.147665235795353e-11,-106.68033412719765,4.510685102645447e-14,-133.45757490560675,4.5106851026454433e-14,-133.45757490560675,5.0118723362727144e-14,-133.0,4.5106851026454433e-14,764.7268434562777,763.0584156879797,0.9978182696441551,0.04582874464491543,0.04582874464491543,0.04582874464491544,0
657.0,2.147665235795353e-11,-106.68033412719765,4.510685102645447e-14,-133.45757490560675,4.5106851026454433e-14,-133.45757490560675,5.0118723362727144e-14,-133.0,4.5106851026454433e-14,764.7268434562777,763.0584156879797,0.9978182696441551,0.04582874464491543,0.04582874464491543,0.04582874464491544,0
658.0,2.147665235795353e-11,-106.68033412719765,4.510685102645447e-14,-133.45757490560675,4.5106851026454433e-14,-133.45757490560675,5.0118723362727144e-14,-133.0,4.5106851026454433e-14,764.7268434562777,763.0584156879797,0.9978182696441551,0.04582874464491543,0.04582874464491543,0.04582874464491544,0
659.0,2.147665235795353e-11,-106.68033412719765,4.510685102645447e-14,-133.45757490560675,4.5106851026454433e-14,-133.45757490560675,5.0118723362727144e-14,-133.0,4.5106851026454433e-14,764.7268434562777,763.0584156879797,0.9978182696441551,0.04582874464491543,0.04582874464491543,0.04582874464491544,0
660.0,2.147665235795353e-11,-106.68033412719765,4.510685102645447e-14,-133.45757490560675,4.5106851026454433e-14,-133.45757490560675,5.0118723362727144e-14,-133.0,4.5106851026454433e-14,764.7268434562777,763.0584156879797,0.9978182696441551,0.04582874464491543,0.04582874464491543,0.04582874464491544,0
661.0,2.147665235795353e-11,-106.68033412719765,4.510685102645447e-14,-133.45757490560675,4.5106851026454433e-14,-133.45757490560675,5.0118723362727144e-14,-133.0,4.5106851026454433e-14,764.7268434562777,763.0584156879797,0.9978182696441551,0.04582874464491543,0.04582874464491543,0.04582874464491544,0
662.0,2.147665235795353e-11,-106.68033412719765,4.510685102645447e-14,-133.45757490560675,4.5106851026454433e-14,-133.45757490560675,5.0118723362727144e-14,-133.0,4.5106851026454433e-14,764.7268434562777,763.0584156879797,0.9978182696441551,0.04582874464491543,0.04582874464491543,0.04582874464491544,0
663.0,2.147665235795353e-11,-106.68033412719765,4.510685102645447e-14,-133.45757490560675,4.5106851026454433e-14,-133.45757490560675,5.0118723362727144e-14,-133.0,4.5106851026454433e-14,764.7268434562777,763.0584156879797,0.9978182696441551,0.04582874464491543,0.04582874464491543,0.04582874464491544,0
664.0,2.147665235795353e-11,-106.68033412719765,4.510685102645447e-14,-133.45757490560675,4.5106851026454433e-14,-133.45757490560675,5.0118723362727144e-14,-133.0,4.5106851026454433e-14,764.7268434562777,763.0584156879797,0.9978182696441551,0.04582874464491543,0.04582874464491543,0.04582874464491544,0
665.0,2.147665235795353e-11,-106.68033412719765,4.510685102645447e-14,-133.45757490560675,4.5106851026454433e-14,-133.45757490560675,5.0118723362727144e-14,-133.0,4.5106851026454433e-14,764.7268434562777,763.0584156879797,0.9978182696441551,0.04582874464491543,0.04582874464491543,0.04582874464491544,0
666.0,2.147665235795353e-11,-106.68033412719765,4.510685102645447e-14,-133.45757490560675,4.5106851026454433e-14,-133.45757490560675,5.0118723362727144e-14,-133.0,4.5106851026454433e-14,764.7268434562777,763.0584156879797,0.9978182696441551,0.04582874464491543,0.04582874464491543,0.04582874464491544,0
667.0,2.147665235795353e-11,-106.68033412719765,4.510685102645447e-14,-133.45757490560675,4.5106851026454433e-14,-133.45757490560675,5.0118723362727144e-14,-133.0,4.5106851026454433e-14,764.7268434562777,763.0584156879797,0.9978182696441551,0.04582874464491543,0.04582874464491543,0.04582874464491544,0
668.0,2.147665235795353e-11,-106.68033412719765,4.510685102645447e-14,-133.45757490560675,4.5106851026454433e-14,-133.45757490560675,5.0118723362727144e-14,-133.0,4.5106851026454433e-14,764.7268434562777,763.0584156879797,0.9978182696441551,0.04582874464491543,0.04582874464491543,0.04582874464491544,0
669.0,2.147665235795353e-11,-106.68033412719765,4.510685102645447e-14,-133.45757490560675,4.5106851026454433e-14,-133.45757490560675,5.0118723362727144e-14,-133.0,4.5106851026454433e-14,764.7268434562777,763.0584156879797,0.9978182696441551,0.04582874464491543,0.04582874464491543,0.04582874464491544,0
670.0,2.147665235795353e-11,-106.68033412719765,4.510685102645447e-14,-133.45757490560675,4.5106851026454433e-14,-133.45757490560675,5.0118723362727144e-14,-133.0,4.5106851026454433e-14,764.7268434562777,763.0584156879797,0.9978182696441551,0.04582874464491543,0.04582874464491543,0.04582874464491544,0
671.0,2.147665235795353e-11,-106.68033412719765,4.510685102645447e-14,-133.45757490560675,4.5106851026454433e-14,-133.45757490560675,5.0118723362727144e-14,-133.0,4.5106851026454433e-14,764.7268434562777,763.0584156879797,0.9978182696441551,0.04582874464491543,0.04582874464491543,0.04582874464491544,0
672.0,2.147665235795353e-11,-106.68033412719765,4.510685102645447e-14,-133.45757490560675,4.5106851026454433e-14,-133.45757490560675,5.0118723362727144e-14,-133.0,4.5106851026454433e-14,764.7268434562777,763.0584156879797,0.9978182696441551,0.04582874464491543,0.04582874464491543,0.04582874464491544,0
673.0,2.147665235795353e-11,-106.68033412719765,4.510685102645447e-14,-133.45757490560675,4.5106851026454433e-14,-133.45757490560675,5.0118723362727144e-14,-133.0,4.5106851026454433e-14,764.7268434562777,763.0584156879797,0.9978182696441551,0.04582874464491543,0.04582874464491543,0.04582874464491544,0
674.0,2.147665235795353e-11,-106.68033412719765,4.510685102645447e-14,-133.45757490560675,4.5106851026454433e-14,-133.45757490560675,5.0118723362727144e-14,-133.0,4.5106851026454433e-14,764.7268434562777,763.0584156879797,0.9978182696441551,0.04582874464491543,0.04582874464491543,0.04582874464491544,0
675.0,2.147665235795353e-11,-106.68033412719765,4.510685102645447e-14,-133.45757490560675,4.5106851026454433e-14,-133.45757490560675,5.0118723362727144e-14,-133.0,4.5106851026454433e-14,764.7268434562777,763.0584156879797,0.9978182696441551,0.04582874464491543,0.04582874464491543,0.04582874464491544,0
676.0,2.147665235795353e-11,-106.68033412719765,4.510685102645447e-14,-133.45757490560675,4.5106851026454433e-14,-133.45757490560675,5.0118723362727144e-14,-133.0,4.5106851026454433e-14,764.7268434562777,763.0584156879797,0.9978182696441551,0.04582874464491543,0.04582874464491543,0.04582874464491544,0
677.0,2.147665235795353e-11,-106.68033412719765,4.510685102645447e-14,-133.45757490560675,4.5106851026454433e-14,-133.45757490560675,5.0118723362727144e-14,-133.0,4.5106851026454433e-14,764.7268434562777,763.0584156879797,0.9978182696441551,0.04582874464491543,0.04582874464491543,0.04582874464491544,0
678.0,2.147665235795353e-11,-106.68033412719765,4.510685102645447e-14,-133.45757490560675,4.5106851026454433e-14,-133.45757490560675,5.0118723362727144e-14,-133.0,4.5106851026454433e-14,764.7268434562777,763.0584156879797,0.9978182696441551,0.04582874464491543,0.04582874464491543,0.04582874464491544,0
679.0,2.147665235795353e-11,-106.68033412719765,4.510685102645447e-14,-133.45757490560675,4.5106851026454433e-14,-133.45757490560675,5.0118723362727144e-14,-133.0,4.5106851026454433e-14,764.7268434562777,763.0584156879797,0.9978182696441551,0.04582874464491543,0.04582874464491543,0.04582874464491544,0
680.0,2.147665235795353e-11,-106.68033412719765,4.510685102645447e-14,-133.45757490560675,4.5106851026454433e-14,-133.45757490560675,5.0118723362727144e-14,-133.0,4.5106851026454433e-14,764.7268434562777,763.0584156879797,0.9978182696441551,0.04582874464491543,0.04582874464491543,0.04582874464491544,0
681.0,2.147665235795353e-11,-106.68033412719765,4.510685102645447e-14,-133.45757490560675,4.5106851026454433e-14,-133.45757490560675,5.0118723362727144e-14,-133.0,4.5106851026454433e-14,764.7268434562777,763.0584156879797,0.9978182696441551,0.04582874464491543,0.04582874464491543,0.04582874464491544,0
682.0,2.147665235795353e-11,-106.68033412719765,4.510685102645447e-14,-133.45757490560675,4.5106851026454433e-14,-133.45757490560675,5.0118723362727144e-14,-133.0,4.5106851026454433e-14,764.7268434562777,763.0584156879797,0.9978182696441551,0.04582874464491543,0.04582874464491543,0.04582874464491544,0
683.0,2.147665235795353e-11,-106.68033412719765,4.510685102645447e-14,-133.45757490560675,4.5106851026454433e-14,-133.45757490560675,5.0118723362727144e-14,-133.0,4.5106851026454433e-14,764.7268434562777,763.0584156879797,0.9978182696441551,0.04582874464491543,0.04582874464491543,0.04582874464491544,0
684.0,2.147665235795353e-11,-106.68033412719765,4.510685102645447e-14,-133.45757490560675,4.5106851026454433e-14,-133.45757490560675,5.0118723362727144e-14,-133.0,4.5106851026454433e-14,764.7268434562777,763.0584156879797,0.9978182696441551,0.04582874464491543,0.04582874464491543,0.04582874464491544,0
685.0,2.147665235795353e-11,-106.68033412719765,4.510685102645447e-14,-133.45757490560675,4.5106851026454433e-14,-133.45757490560675,5.0118723362727144e-14,-133.0,4.5106851026454433e-14,764.7268434562777,763.0584156879797,0.9978182696441551,0.04582874464491543,0.04582874464491543,0.04582874464491544,0
686.0,2.147665235795353e-11,-106.68033412719765,4.510685102645447e-14,-133.45757490560675,4.5106851026454433e-14,-133.45757490560675,5.0118723362727144e-14,-133.0,4.5106851026454433e-14,764.7268434562777,763.0584156879797,0.9978182696441551,0.04582874464491543,0.04582874464491543,0.04582874464491544,0
687.0,2.147665235795353e-11,-106.68033412719765,4.510685102645447e-14,-133.45757490560675,4.5106851026454433e-14,-133.45757490560675,5.0118723362727144e-14,-133.0,4.5106851026454433e-14,764.7268434562777,763.0584156879797,0.9978182696441551,0.04582874464491543,0.04582874464491543,0.04582874464491544,0
688.0,2.147665235795353e-11,-106.68033412719765,4.510685102645447e-14,-133.45757490560675,4.5106851026454433e-14,-133.45757490560675,5.0118723362727144e-14,-133.0,4.5106851026454433e-14,764.7268434562777,763.0584156879797,0.9978182696441551,0.04582874464491543,0.04582874464491543,0.04582874464491544,0
689.0,2.147665235795353e-11,-106.68033412719765,4.510685102645447e-14,-133.45757490560675,4.5106851026454433e-14,-133.45757490560675,5.0118723362727144e-14,-133.0,4.5106851026454433e-14,764.7268434562777,763.0584156879797,0.9978182696441551,0.04582874464491543,0.04582874464491543,0.04582874464491544,0
690.0,2.147665235795353e-11,-106.68033412719765,4.510685102645447e-14,-133.45757490560675,4.5106851026454433e-14,-133.45757490560675,5.0118723362727144e-14,-133.0,4.5106851026454433e-14,764.7268434562777,763.0584156879797,0.9978182696441551,0.04582874464491543,0.04582874464491543,0.04582874464491544,0
691.0,2.147665235795353e-11,-106.68033412719765,4.510685102645447e-14,-133.45757490560675,4.5106851026454433e-14,-133.45757490560675,5.0118723362727144e-14,-133.0,4.5106851026454433e-14,764.7268434562777,763.0584156879797,0.9978182696441551,0.04582874464491543,0.04582874464491543,0.04582874464491544,0
692.0,2.147665235795353e-11,-106.68033412719765,4.510685102645447e-14,-133.45757490560675,4.5106851026454433e-14,-133.45757490560675,5.0118723362727144e-14,-133.0,4.5106851026454433e-14,764.7268434562777,763.0584156879797,0.9978182696441551,0.04582874464491543,0.04582874464491543,0.04582874464491544,0
693.0,2.147665235795353e-11,-106.68033412719765,4.510685102645447e-14,-133.45757490560675,4.5106851026454433e-14,-133.45757490560675,5.0118723362727144e-14,-133.0,4.5106851026454433e-14,764.7268434562777,763.0584156879797,0.9978182696441551,0.04582874464491543,0.04582874464491543,0.04582874464491544,0
694.0,2.147665235795353e-11,-106.68033412719765,4.510685102645447e-14,-133.45757490560675,4.5106851026454433e-14,-133.45757490560675,5.0118723362727144e-14,-133.0,4.5106851026454433e-14,764.7268434562777,763.0584156879797,0.9978182696441551,0.04582874464491543,0.04582874464491543,0.04582874464491544,0
695.0,2.147665235795353e-11,-106.68033412719765,4.510685102645447e-14,-133.45757490560675,4.5106851026454433e-14,-133.45757490560675,5.0118723362727144e-14,-133.0,4.5106851026454433e-14,764.7268434562777,763.0584156879797,0.9978182696441551,0.04582874464491543,0.04582874464491543,0.04582874464491544,0
696.0,2.147665235795353e-11,-106.68033412719765,4.510685102645447e-14,-133.45757490560675,4.5106851026454433e-14,-133.45757490560675,5.0118723362727144e-14,-133.0,4.5106851026454433e-14,764.7268434562777,763.0584156879797,0.9978182696441551,0.04582874464491543,0.04582874464491543,0.04582874464491544,0
697.0,2.147665235795353e-11,-106.68033412719765,4.510685102645447e-14,-133.45757490560675,4.5106851026454433e-14,-133.45757490560675,5.0118723362727144e-14,-133.0,4.5106851026454433e-14,764.7268434562777,763.0584156879797,0.9978182696441551,0.04582874464491543,0.04582874464491543,0.04582874464491544,0
698.0,2.147665235795353e-11,-106.68033412719765,4.510685102645447e-14,-133.45757490560675,4.5106851026454433e-14,-133.45757490560675,5.0118723362727144e-14,-133.0,4.5106851026454433e-14,764.7268434562777,763.0584156879797,0.9978182696441551,0.04582874464491543,0.04582874464491543,0.04582874464491544,0
699.0,2.147665235795353e-11,-106.68033412719765,4.510685102645447e-14,-133.45757490560675,4.5106851026454433e-14,-133.45757490560675,5.0118723362727144e-14,-133.0,4.5106851026454433e-14,764.7268434562777,763.0584156879797,0.9978182696441551,0.04582874464491543,0.04582874464491543,0.04582874464491544,0
700.0,2.147665235795353e-11,-106.68033412719765,4.510685102645447e-14,-133.45757490560675,4.5106851026454433e-14,-133.45757490560675,5.0118723362727144e-14,-133.0,4.5106851026454433e-14,764.7268434562777,763.0584156879797,0.9978182696441551,0.04582874464491543,0.04582874464491543,0.04582874464491544,0
