txrx,freq_mhz,channel_bw_mhz,occ_bw_khz,emission_desig,modulation,on_1p25_grid,plan_bw_match,conformity,congestion,envelope,lat,lon,ground_elev_m,height_agl_m,struct_height_m,azimuth_deg,elev_angle_deg,ant_gain_dbi,hpbw_deg,f2b_db,ant_pattern,ant_manufacturer,ant_model,polarization,tx_power_w,tx_erp_dbw,total_losses_db,rx_unfaded_dbw,rx_thresh_ber1e3_dbw,station_loc,call_sign,auth_number,licensee_name,in_service_date,flag_gain_zero,flag_hpbw_zero,ovl_fc8000_7950-8050_mhz,ovl_fc7850_7800-7900_mhz
TX,8270.0,10.0,10000.0,10M0D7WET,128-QAM,True,1.25|10,A,,B,43.6425,-79.38722222,81.0,328.0,500.0,58.5,-0.496,37.0,2.0,,A,Radio Waves Inc.,HP4-8,B,0.1585,26.4516,0.4,,,TORONTO (CN TOWER) ON,VFE222,010029903-001,Metrolinx,2013-07-16,False,False,0.0,0.0
TX,8250.0,30.0,27400.0,27M4D7W,4096-QAM,True,1.25|10|30,A,L,B,45.58583333,-77.23916667,191.0,78.0,100.0,248.916160895209,0.328313302660341,40.6,1.5,,A,"Andrew, Div of CommScope",USX6-7W,G,0.125892541179417,28.1516,1.3,,,Golden Lake (3216 Lake Dore Rd) ON,CHG229,010032451-005,Backhaul Network Services Inc.,2023-10-20,False,False,0.0,0.0
TX,8250.0,30.0,27400.0,27M4D7W,4096-QAM,True,1.25|10|30,A,L,B,45.30547222,-74.73633333,101.0,70.0,91.5,223.219161838807,-0.0489706387136652,40.8,1.5,,A,"Andrew, Div of CommScope",HX6-7W,G,0.794328234724281,32.8516,4.8,,,ALEXANDRIA (19319 KENYON CONCESSION 5 RD) ON,CHQ546,010992490-002,Backhaul Network Services Inc.,2023-07-10,False,False,0.0,0.0
TX,8250.0,30.0,27400.0,27M4D7W,4096-QAM,True,1.25|10|30,A,L,B,45.32972222,-76.14888889,137.0,58.5,70.0,312.296046711997,-0.195740749060654,40.6,1.5,,A,"Andrew, Div of CommScope",USX6-7W,G,0.327,28.79708,4.8,,,Hwys 17 & 44 (2590 MARSHWOOD RD) ON,VEL348,010918272-002,Backhaul Network Services Inc.,2022-01-28,False,False,0.0,0.0
TX,8250.0,30.0,30000.0,30M0D7WET,64-QAM,True,1.25|10|30,A,L,B,41.81608333,-82.63583333,173.0,45.0,45.0,355.284209550151,-0.00347851083444218,40.8,2.0,,A,"Andrew, Div of CommScope",HP6-77,B,1.995,31.15103,10.5,,,Scudder (218 Harris Garno Rd) ON,CIN867,010037585-004,TELUS Communications Inc.,2020-10-19,False,False,0.0,0.0
TX,8250.0,10.0,10000.0,10M0D1D,64-QAM,True,1.25|10|30,A,,B,44.03186111,-79.13677778,348.0,72.0,124.0,159.916909291086,-0.785162021241849,40.3,2.2,,A,"Andrew, Div of CommScope",HP6-71W,B,0.251188643150958,30.0516,2.1,,,Coppin's Corners (3189 Brock Rd) ON,CFV881,010710780-001,Metrolinx,2018-05-01,False,False,0.0,0.0
TX,8250.0,30.0,30000.0,30M0D1D,16-QAM,True,1.25|10|30,B,,B,43.45472222,-79.68222222,99.0,25.0,25.5,48.6077697989728,0.416573583261257,41.0,1.2,,A,"Andrew, Div of CommScope",UHX6-77,A,0.316227766016838,30.1516,3.7,,,Oakville (155 Cornwall Rd) ON,CFV893,010701789-002,Metrolinx,2018-07-01,False,False,0.0,0.0
TX,8250.0,30.0,30000.0,30M0D1D,16-QAM,True,1.25|10|30,A,,B,43.46027778,-80.13194444,323.0,75.5,80.0,272.062968481691,-0.0854687315435891,40.3,2.2,,A,"Andrew, Div of CommScope",HP6-71W,B,0.316227766016838,32.6516,0.5,,,Aberfoyle (7471 McLean Rd.) ON,CFW265,010711915-001,Metrolinx,2017-08-01,False,False,0.0,0.0
TX,8250.0,30.0,30000.0,30M0D1D,16-QAM,True,1.25|10|30,A,,B,43.2175,-79.665,86.0,55.0,80.0,295.391249093448,0.261039040145001,40.3,2.2,,A,"Andrew, Div of CommScope",HP6-71W,B,0.316227766016838,32.1516,1.0,,,Stoney Creek (345 Lewis Rd) ON,CFW201,010705042-001,Metrolinx,2017-08-01,False,False,0.0,0.0
TX,8250.0,30.0,27400.0,27M4D7W,4096-QAM,True,1.25|10|30,A,L,B,45.40777778,-80.20305556,193.0,60.0,91.0,116.159010938836,0.0130576249317885,41.0,1.2,,A,"Andrew, Div of CommScope",UHX6-77,G,0.2512,28.0518,4.8,,,CARLING (15 ALVES RD) ON,VFG628,010074297-003,Backhaul Network Services Inc.,2022-03-31,False,False,0.0,0.0
TX,8250.0,30.0,27400.0,27M4D7W,4096-QAM,True,1.25|10|30,A,L,B,44.79425,-76.68713889,226.0,66.0,122.0,75.8171509137181,-0.166991541380317,42.9,1.1,,A,"Andrew, Div of CommScope",USX8-7W,G,0.0616595001861482,27.3516,1.3,,,SHARBOT LAKE (HWY 7/ MCQUAID RD) ON,VAD432,010031695-006,Backhaul Network Services Inc.,2022-06-20,False,False,0.0,0.0
TX,8220.0,30.0,27400.0,27M4D7W,4096-QAM,True,1.25|10|30,A,L,B,44.98700833,-78.09309444,462.0,54.0,106.0,83.3545340261698,-0.210725712320124,40.6,1.5,,A,"Andrew, Div of CommScope",USX6-7W,G,0.0794328234724281,26.1516,1.3,,,Paudash Lake (1165 Gander Road) ON,VBE670,011077878-002,Backhaul Network Services Inc.,2025-04-28,False,False,0.0,0.0
TX,8220.0,30.0,27400.0,27M4D7W,4096-QAM,True,1.25|10|30,A,L,B,45.58583333,-77.23916667,191.0,78.0,100.0,248.916160895209,0.328313302660341,40.6,1.5,,A,"Andrew, Div of CommScope",USX6-7W,G,0.125892541179417,28.1516,1.3,,,Golden Lake (3216 Lake Dore Rd) ON,CHG229,010032451-005,Backhaul Network Services Inc.,2023-10-20,False,False,0.0,0.0
TX,8220.0,30.0,27400.0,27M4D7W,4096-QAM,True,1.25|10|30,A,L,B,45.32972222,-76.14888889,137.0,58.5,70.0,312.296046711997,-0.195740749060654,40.6,1.5,,A,"Andrew, Div of CommScope",USX6-7W,G,0.327,28.79708,4.8,,,Hwys 17 & 44 (2590 MARSHWOOD RD) ON,VEL348,010918272-002,Backhaul Network Services Inc.,2022-01-28,False,False,0.0,0.0
TX,8220.0,30.0,30000.0,30M0D7W,128-QAM,True,1.25|10|30,A,L,B,48.65580556,-90.25533333,493.0,40.4,63.0,103.032720168136,-0.148762134646156,40.8,0.4,,A,RFS (Celwave/Cablewave/Phelps Dodge),DAX6-77B,A,0.13,24.79103,5.0,,,Shebandowan (2970 Hwy 11) ON,VEK933,010036327-002,TBAYtel - Fixed,2021-01-18,False,False,0.0,0.0
TX,8220.0,30.0,30000.0,30M0D7WET,256-QAM,True,1.25|10|30,A,L,B,48.71738889,-93.07744444,351.0,86.9,100.0,242.988886986535,-0.222205435284123,45.3,1.0,,A,RFS (Celwave/Cablewave/Phelps Dodge),DAX10-77A,B,0.1,26.4116,6.74,,,Nickel Lake (Hwy 11/Hwy 502) ON,CGX337,010763331-001,TBAYtel - Fixed,2021-01-01,False,False,0.0,0.0
TX,8220.0,30.0,30000.0,30M0D1D,16-QAM,True,1.25|10|30,A,,B,43.46027778,-80.13194444,323.0,75.5,80.0,135.740153891765,-0.333276870314321,40.3,2.2,,A,"Andrew, Div of CommScope",HP6-71W,A,0.316227766016838,32.6516,0.5,,,Aberfoyle (7471 McLean Rd) ON,CFW265,010711913-001,Metrolinx,2017-08-01,False,False,0.0,0.0
TX,8220.0,30.0,30000.0,30M0D1D,16-QAM,True,1.25|10|30,A,,B,44.03194444,-79.13666667,348.0,97.0,124.0,132.632211041365,-0.707610934132378,40.3,2.2,,A,"Andrew, Div of CommScope",HP6-71W,B,0.316227766016838,32.6516,0.5,,,Uxbridge (3189 Brock Rd) ON,CFV881,010710879-001,Metrolinx,2017-08-01,False,False,0.0,0.0
TX,8220.0,30.0,30000.0,30M0D1D,16-QAM,True,1.25|10|30,A,,B,44.03194444,-79.13666667,348.0,97.0,124.0,282.430351498279,-0.265775440515781,40.3,2.2,,A,"Andrew, Div of CommScope",HP6-71W,B,0.316227766016838,32.6516,0.5,,,Uxbridge (3189 Brock Rd) ON,CFV881,010710877-001,Metrolinx,2017-08-01,False,False,0.0,0.0
TX,8220.0,30.0,27400.0,27M4D7W,4096-QAM,True,1.25|10|30,A,L,B,45.40777778,-80.20305556,193.0,60.0,91.0,116.159010938836,0.0130576249317885,41.0,1.2,,A,"Andrew, Div of CommScope",UHX6-77,G,0.2512,28.0518,4.8,,,CARLING (15 ALVES RD) ON,VFG628,010074297-003,Backhaul Network Services Inc.,2022-03-31,False,False,0.0,0.0
TX,8220.0,30.0,30000.0,30M0D7WET,256-QAM,True,1.25|10|30,A,,B,49.05222222,-90.49,487.0,90.0,100.0,200.359629982486,-0.167264464008018,45.4,1.0,,A,RFS (Celwave/Cablewave/Phelps Dodge),DA10-77A,B,1.2589,34.95151,9.3,,,UPSALA ON,CIO380,010036401-002,TBAYtel - Fixed,2018-03-19,False,False,0.0,0.0
TX,8220.0,30.0,30000.0,30M0D7WET,256-QAM,True,1.25|10|30,B,,B,48.7175,-93.0775,351.0,84.0,100.0,81.7625681135597,-0.105966776099953,43.3,1.6,,A,"Andrew, Div of CommScope",HP8-77,B,1.2589,33.15151,9.0,,,NICKEL LAKE ON,VEK939,010036337-002,TBAYtel - Fixed,2018-03-13,False,False,0.0,0.0
TX,8220.0,30.0,30000.0,30M0D7WET,256-QAM,True,1.25|10|30,A,,B,48.72805556,-92.09166667,457.0,39.0,100.0,275.337826350849,-0.231707090193934,45.2,1.2,,A,"Andrew, Div of CommScope",HP10-77GE,B,1.2589,37.55151,6.5,,,FLANDERS ON,VEK937,010036335-002,TBAYtel - Fixed,2018-03-12,False,False,0.0,0.0
TX,8220.0,30.0,30000.0,30M0D7WET,256-QAM,True,1.25|10|30,B,,B,48.72805556,-92.09166667,457.0,26.0,100.0,91.3315927430386,0.0433643639546728,45.2,1.2,,A,"Andrew, Div of CommScope",HP10-77GE,B,1.2589,37.75151,6.3,,,FLANDERS ON,VEK937,010036333-002,TBAYtel - Fixed,2018-03-12,False,False,0.0,0.0
TX,8220.0,30.0,30000.0,30M0D7WET,256-QAM,True,1.25|10|30,B,,B,48.685,-91.15916667,452.0,48.0,100.0,277.269242932172,0.0461825497869429,43.3,1.6,,A,"Andrew, Div of CommScope",HP8-77,B,1.2589,35.15151,7.0,,,QUETICO NORTH ON,VEK935,010036331-002,TBAYtel - Fixed,2018-03-12,False,False,0.0,0.0
TX,8220.0,30.0,30000.0,30M0D7WET,256-QAM,True,1.25|10|30,B,,B,48.685,-91.15916667,452.0,59.0,100.0,96.2585977875798,0.0445079416683681,45.2,1.2,,A,"Andrew, Div of CommScope",HP10-77GE,B,1.2589,36.15151,7.9,,,QUETICO NORTH ON,VEK935,010036329-002,TBAYtel - Fixed,2018-03-12,False,False,0.0,0.0
TX,8220.0,30.0,30000.0,30M0D7W,128-QAM,True,1.25|10|30,A,L,B,48.51891667,-89.44966667,492.0,46.3,59.0,285.265998156807,-0.207342486179526,45.3,1.0,,A,RFS (Celwave/Cablewave/Phelps Dodge),DAX10-77A,B,1.26,37.55531,6.6,,,Intola (373 Intola Rd) ON,VEK931,010036325-002,TBAYtel - Fixed,2021-01-18,False,False,0.0,0.0
TX,8220.0,30.0,27400.0,27M4D7W,4096-QAM,True,1.25|10|30,A,L,B,44.79425,-76.68713889,226.0,66.0,122.0,75.8171509137181,-0.166991541380316,42.9,1.1,,A,"Andrew, Div of CommScope",USX8-7W,G,0.0616595001861482,27.3516,1.3,,,SHARBOT LAKE (HWY 7/ MCQUAID RD) ON,VAD432,010031695-006,Backhaul Network Services Inc.,2022-06-20,False,False,0.0,0.0
TX,8190.0,30.0,27400.0,27M4D7W,4096-QAM,True,1.25|10|30,A,L,B,47.409625,-79.666825,304.0,82.0,97.5,359.437055470912,-0.223541625866222,42.9,1.1,,A,"Andrew, Div of CommScope",USX8-7W,G,0.0630957344480193,27.4516,1.3,,,HAILEYBURY(LOT 1 CONCESSION 9) ON,CIZ932,011101087-002,Backhaul Network Services Inc.,2025-09-01,False,False,0.0,0.0
TX,8190.0,30.0,27400.0,27M4D7W,4096-QAM,True,1.25|10|30,A,L,B,44.98700833,-78.09309444,462.0,54.0,106.0,83.3545340261698,-0.210725712320124,40.6,1.5,,A,"Andrew, Div of CommScope",USX6-7W,G,0.0794328234724281,26.1516,1.3,,,Paudash Lake (1165 Gander Road) ON,VBE670,011077878-002,Backhaul Network Services Inc.,2025-04-28,False,False,0.0,0.0
TX,8190.0,30.0,27400.0,27M4D7W,4096-QAM,True,1.25|10|30,A,L,B,45.2945,-79.09411111,395.0,58.0,80.0,272.286103981028,-0.264066334022627,40.6,1.5,,A,"Andrew, Div of CommScope",USX6-7W,G,0.0501187233627272,24.1516,1.3,,,Britannia (Britannia Rd / South Portage Rd) ON,CKY207,010069535-005,Backhaul Network Services Inc.,2025-04-23,False,False,0.0,0.0
TX,8190.0,30.0,27400.0,27M4D7W,4096-QAM,True,1.25|10|30,A,L,B,45.55547222,-77.40455556,176.0,68.0,100.0,316.058890522001,-0.0986496938183192,40.6,1.5,,A,"Andrew, Div of CommScope",USX6-7W,G,0.0794328234724281,26.1516,1.3,,,KILLALOE (171 WATER ST) ON,VFG406,011067416-002,Backhaul Network Services Inc.,2024-11-15,False,False,0.0,0.0
TX,8190.0,30.0,27400.0,27M4D7W,4096-QAM,True,1.25|10|30,A,L,B,45.57066667,-75.21666667,60.0,33.0,100.0,62.1970567277329,0.350949768582925,43.5,1.0,,A,"Andrew, Div of CommScope",UHX8-77GD,G,0.158489319246111,28.5516,4.8,,,"Clarence-Rockland, ON (8132 County Road 17)",VEL799,010043499-006,Backhaul Network Services Inc.,2025-11-21,False,False,0.0,0.0
TX,8190.0,30.0,27400.0,27M4D7W,4096-QAM,True,1.25|10|30,A,L,B,44.58783333,-78.16455556,291.0,75.5,107.0,41.2194522328252,-0.0582428298053077,42.9,1.1,,A,"Andrew, Div of CommScope",USX8-7W,G,0.125892541179417,30.4516,1.3,,,HARCOURT (5914 HWY 28) ON,VAD497,010999508-002,Backhaul Network Services Inc.,2023-12-08,False,False,0.0,0.0
TX,8190.0,30.0,27400.0,27M4D7W,4096-QAM,True,1.25|10|30,A,L,B,45.81872222,-77.15435833,150.0,96.1,107.0,314.654813247257,-0.139369315979368,42.9,1.2,,A,"Andrew, Div of CommScope",HPX8-71W,G,0.5012,32.95171,4.8,,,PEMBROKE (219 TV TOWER RD) ON,VAD404,010031777-006,Backhaul Network Services Inc.,2022-09-30,False,False,0.0,0.0
TX,8190.0,30.0,27400.0,27M4D7W,4096-QAM,True,1.25|10|30,A,L,B,45.30547222,-74.73633333,101.0,70.0,91.5,223.219161838807,-0.0489706387136652,40.8,1.5,,A,"Andrew, Div of CommScope",HX6-7W,G,0.794328234724281,32.8516,4.8,,,ALEXANDRIA (19319 KENYON CONCESSION 5 RD) ON,CHQ546,010992490-002,Backhaul Network Services Inc.,2023-07-10,False,False,0.0,0.0
TX,8190.0,30.0,27400.0,27M4D7W,4096-QAM,True,1.25|10|30,A,L,B,44.76416667,-77.61611111,310.0,67.0,122.0,334.909123174623,0.0989226696148895,42.9,1.1,,A,"Andrew, Div of CommScope",USX8-7W,G,0.125892541179417,30.4516,1.3,,,MADOC (20100 HWY 62) ON,CHX391,010968454-002,Backhaul Network Services Inc.,2023-07-24,False,False,0.0,0.0
TX,8190.0,30.0,27400.0,27M4D7W,512-QAM,True,1.25|10|30,A,L,B,44.84516667,-76.54394444,210.0,50.0,93.0,87.6793319032617,-0.254259829083862,40.6,1.5,,A,"Andrew, Div of CommScope",USX6-7W,G,0.251188643150958,28.1516,4.3,,,MABERLY (472 MABERLY ELPHIN ROAD),CHQ283,011001735-002,Backhaul Network Services Inc.,2023-07-10,False,False,0.0,0.0
TX,8190.0,30.0,27400.0,27M4D7W,4096-QAM,True,1.25|10|30,A,L,B,45.81875,-77.15433333,150.0,65.0,107.0,167.884743258258,-0.0242509851484469,42.9,1.1,,A,"Andrew, Div of CommScope",USX8-7W,G,0.0794328234724281,28.4516,1.3,,,Pembroke (219 TV Tower Rd) ON,VAD404,010968504-002,Backhaul Network Services Inc.,2023-05-17,False,False,0.0,0.0
TX,8190.0,30.0,27400.0,27M4D7W,4096-QAM,True,1.25|10|30,A,,B,45.27944444,-79.76833333,270.0,79.3,107.0,190.117601368189,-0.102087761761644,41.0,1.2,,A,"Andrew, Div of CommScope",UHX6-77,G,0.1007,24.08189,4.8,,,HUMPHREY (357 HWY 141) ON,VBE645,010069315-003,Backhaul Network Services Inc.,2022-03-31,False,False,0.0,0.0
TX,8190.0,30.0,27400.0,27M4D7W,4096-QAM,True,1.25|10|30,A,L,B,44.42972222,-76.49694444,146.0,75.0,85.0,161.878646535692,-0.276089146633819,43.4,1.4,,A,"Andrew, Div of CommScope",HPX8-77,G,0.166,28.65268,4.8,,,SOUTH FRONTENAC (1100 RUTILEGE RD) ON,CFI227,010687795-003,Rogers Communications Canada Inc.,2022-02-14,False,False,0.0,0.0
TX,8190.0,30.0,27400.0,27M4D7W,4096-QAM,True,1.25|10|30,A,L,B,44.59380556,-75.72816667,123.0,48.5,61.0,219.764956244125,-0.0911562248865209,40.6,1.5,,A,"Andrew, Div of CommScope",USX6-7W,G,0.501,30.64998,4.8,,,BROCKVILLE (2566 CHEMICAL RD) ON,XKX900,010030847-006,Backhaul Network Services Inc.,2022-02-18,False,False,0.0,0.0
TX,8190.0,30.0,27400.0,27M4D7W,4096-QAM,True,1.25|10|30,A,L,B,42.14972222,-82.64388889,190.0,65.0,89.0,34.8066503360843,-0.14826801020296,43.5,1.0,,A,"Andrew, Div of CommScope",UHX8-77GD,G,0.2512,31.0518,4.3,,,ALBUNA (ROAD 10/ALBUNA TOWNLINE) ON,VFE296,010030783-007,Backhaul Network Services Inc.,2021-09-01,False,False,0.0,0.0
TX,8190.0,30.0,30000.0,30M0D7WET,64-QAM,True,1.25|10|30,A,L,B,45.53833333,-79.92138889,259.0,86.0,106.0,196.899901342959,-0.182115598277936,41.0,1.2,,A,"Andrew, Div of CommScope",UHX6-77,A,0.25,28.531,4.3,,,MCKELLAR (897 HWY 124) ON,VFE961,010069429-004,Backhaul Network Services Inc.,2020-07-01,False,False,0.0,0.0
TX,8190.0,30.0,27400.0,27M4D7W,1024-QAM,True,1.25|10|30,A,L,B,44.09472222,-80.12075,493.0,48.0,60.0,347.554415253602,0.0262487830414758,41.0,1.2,,A,"Andrew, Div of CommScope",UHX6-77,G,0.1,28.0516,0.8,,,Mulmur (300 Hwy 89) ON,VEL895,010814000-003,Backhaul Network Services Inc.,2021-01-15,False,False,0.0,0.0
TX,8190.0,30.0,30000.0,30M0D7WET,64-QAM,True,1.25|10|30,A,L,B,41.81608333,-82.63583333,173.0,45.0,45.0,355.284209550151,-0.00347851083444218,40.8,2.0,,A,"Andrew, Div of CommScope",HP6-77,B,1.995,31.15103,10.5,,,Scudder (218 Harris Garno Rd) ON,CIN867,010037585-004,TELUS Communications Inc.,2020-10-19,False,False,0.0,0.0
TX,8190.0,30.0,27400.0,27M4D7W,4096-QAM,True,1.25|10|30,A,L,B,42.772025,-81.00161111,13.0,34.0,45.0,244.925536960716,0.173162222367835,41.0,1.2,,A,"Andrew, Div of CommScope",UHX6-77,G,0.19952,27.05146,4.8,,,AYLMER (48371 TALBOT LINE) ON,CFR479,010773820-003,Backhaul Network Services Inc.,2022-03-30,False,False,0.0,0.0
TX,8190.0,30.0,27400.0,27M4D7W,1024-QAM,True,1.25|10|30,A,L,B,44.20327778,-78.87522222,275.0,60.0,90.0,317.919894998258,0.0680620417890168,43.4,1.4,,A,"Andrew, Div of CommScope",HPX8-77,G,0.0630957344480193,27.9516,1.3,,,PORT PERRY (23050 CROZIER LANE) ON,CFI225,010687764-003,Backhaul Network Services Inc.,2022-09-22,False,False,0.0,0.0
TX,8190.0,30.0,30000.0,30M0D7WET,256-QAM,True,1.25|10|30,A,,B,44.5925,-79.44777778,276.0,14.0,30.0,248.455161167577,0.37419962226958,40.6,1.6,,A,"Andrew, Div of CommScope",VHLPX6-7W,A,0.1,28.4516,0.0,,,Orillia (Harvie Settlement Rd) ON,CKY231,010676339-001,Point to Point Communications,2016-07-01,False,False,0.0,0.0
TX,8190.0,30.0,27400.0,27M4D7W,4096-QAM,True,1.25|10|30,A,L,B,45.13097222,-76.18352778,147.0,86.0,127.0,205.128438136091,-0.115293403215513,43.5,1.0,,A,"Andrew, Div of CommScope",UHX8-77GD,G,0.427,32.85588,4.8,,,Carleton Place (174 Ramsay Concession 5A) ON,XJV292,010031647-005,Backhaul Network Services Inc.,2021-11-16,False,False,0.0,0.0
TX,8190.0,30.0,27400.0,27M4D7W,4096-QAM,True,1.25|10|30,A,L,B,44.28805556,-76.63111111,120.0,66.5,80.0,89.111201143837,-0.0876939659908899,40.6,1.5,,A,"Andrew, Div of CommScope",USX6-7W,G,0.324,28.75705,4.8,,,KINGSTON (3650 SMITH ROAD) ON,VEA914,010094960-007,Backhaul Network Services Inc.,2022-02-11,False,False,0.0,0.0
TX,8190.0,30.0,30000.0,30M0D7WET,512-QAM,True,1.25|10|30,A,,B,44.32888889,-78.29972222,244.0,81.0,100.0,82.0196829652356,-0.141816681901087,41.0,1.2,,A,"Andrew, Div of CommScope",UHX6-77,B,0.063,25.54501,1.3,,,PETERBOROUGH (1925 TELEVISIONRD)ON,XKU584,010076496-004,Backhaul Network Services Inc.,2018-05-30,False,False,0.0,0.0
TX,8190.0,30.0,27400.0,27M4D7W,4096-QAM,True,1.25|10|30,A,L,B,42.55995833,-82.19573333,182.0,49.5,89.0,191.456567875038,-0.107212244645617,42.9,1.2,,A,"Andrew, Div of CommScope",HPX8-71W,G,0.1,25.9516,4.8,,,DRESDEN (25838 LINDSAY RD) ON,VEM267,010033213-006,Backhaul Network Services Inc.,2022-03-11,False,False,0.0,0.0
TX,8190.0,30.0,30000.0,30M0D7WET,128-QAM,True,1.25|10|30,A,,B,49.39916667,-94.07777778,341.0,78.0,100.0,343.875213886115,-0.025786156447927,41.1,1.6,,A,RFS (Celwave/Cablewave/Phelps Dodge),DAX6-78B,B,1.2589,35.55151,4.4,,,"SIOUX NARROWS HWY 71/TOMAHAWK RD,ON",VEM910,010036369-002,TBAYtel - Fixed,2018-03-13,False,False,0.0,0.0
TX,8190.0,30.0,28000.0,28M0D7WET,128-QAM,True,1.25|10|30,A,,B,49.39916667,-94.07777778,341.0,40.4,100.0,163.141430660223,0.186989884377103,41.1,1.6,,A,RFS (Celwave/Cablewave/Phelps Dodge),DAX6-78B,A,0.25,27.011,5.92,,,Sioux Narrows (Hwy 71/Tomahawk Rd) ON,VEM910,010036367-002,TBAYtel - Fixed,2018-08-06,False,False,0.0,0.0
TX,8190.0,30.0,28000.0,28M0D7WET,128-QAM,True,1.25|10|30,A,,B,48.93555556,-93.81111111,390.0,70.1,90.0,337.49030245559,-0.127931034773904,43.6,1.2,,A,RFS (Celwave/Cablewave/Phelps Dodge),DAX8-78A,A,0.25,29.531,5.9,,,Burditt Lake (402 Dump Rd/Hwy 615) ON,VEM224,010036361-003,TBAYtel - Fixed,2018-08-29,False,False,0.0,0.0
TX,8160.0,30.0,27400.0,27M4D7W,4096-QAM,True,1.25|10|30,A,L,B,47.409625,-79.666825,304.0,82.0,97.5,359.437055470912,-0.223541625866222,42.9,1.1,,A,"Andrew, Div of CommScope",USX8-7W,G,0.0630957344480193,27.4516,1.3,,,HAILEYBURY(LOT 1 CONCESSION 9) ON,CIZ932,011101087-002,Backhaul Network Services Inc.,2025-09-01,False,False,0.0,0.0
TX,8160.0,30.0,27400.0,27M4D7W,4096-QAM,True,1.25|10|30,A,L,B,45.55547222,-77.40455556,176.0,68.0,100.0,316.058890522001,-0.0986496938183192,40.6,1.5,,A,"Andrew, Div of CommScope",USX6-7W,G,0.0794328234724281,26.1516,1.3,,,KILLALOE (171 WATER ST) ON,VFG406,011067416-002,Backhaul Network Services Inc.,2024-11-15,False,False,0.0,0.0
TX,8160.0,30.0,27400.0,27M4D7W,4096-QAM,True,1.25|10|30,A,L,B,44.747,-75.98783333,125.0,59.0,91.5,11.9605011480385,-0.102427926775265,42.9,1.1,,A,"Andrew, Div of CommScope",USX8-7W,G,0.125892541179417,30.4516,1.3,,,Toledo (416 CR-29) ON,CHL596,011021463-002,Backhaul Network Services Inc.,2024-06-03,False,False,0.0,0.0
TX,8160.0,30.0,27400.0,27M4D7W,4096-QAM,True,1.25|10|30,A,L,B,44.86533333,-79.32636111,260.0,43.0,66.0,180.735809484442,-0.0520119687376317,43.5,1.0,,A,"Andrew, Div of CommScope",UHX8-77GD,G,0.398107170553497,32.5516,4.8,,,Gravenhurst (1016 Beiers Rd) ON,XKX939,010069273-006,Backhaul Network Services Inc.,2024-11-22,False,False,0.0,0.0
TX,8160.0,30.0,27400.0,27M4D7W,4096-QAM,True,1.25|10|30,A,L,B,42.67111111,-80.66722222,208.0,73.0,100.0,106.955453603527,-0.109460577704735,42.9,1.1,,A,"Andrew, Div of CommScope",HX8-7W,G,0.501187233627272,33.4516,4.3,,,FROGMORE (495 BEACH LANE) ON,CFW865,010070232-005,Backhaul Network Services Inc.,2024-02-02,False,False,0.0,0.0
TX,8160.0,30.0,27400.0,27M4D7W,4096-QAM,True,1.25|10|30,A,L,B,44.76416667,-77.61611111,310.0,67.0,122.0,334.909123174623,0.0989226696148895,42.9,1.1,,A,"Andrew, Div of CommScope",USX8-7W,G,0.125892541179417,30.4516,1.3,,,MADOC (20100 HWY 62) ON,CHX391,010968454-002,Backhaul Network Services Inc.,2023-07-24,False,False,0.0,0.0
TX,8160.0,30.0,27400.0,27M4D7W,4096-QAM,True,1.25|10|30,A,L,B,44.56416667,-79.19111111,233.0,68.2,100.0,61.465553252194,0.051062087364724,42.9,1.1,,A,"Andrew, Div of CommScope",HX8-7W,G,0.125892541179417,30.4516,1.3,,,Brechin (2309 Conc Rd 6) ON,CJL854,010968457-002,Backhaul Network Services Inc.,2023-07-18,False,False,0.0,0.0
TX,8160.0,30.0,27400.0,27M4D7W,512-QAM,True,1.25|10|30,A,L,B,44.84516667,-76.54394444,210.0,50.0,93.0,87.6793319032617,-0.254259829083862,40.6,1.5,,A,"Andrew, Div of CommScope",USX6-7W,G,0.251188643150958,28.1516,4.3,,,MABERLY (472 MABERLY ELPHIN ROAD),CHQ283,011001735-002,Backhaul Network Services Inc.,2023-07-10,False,False,0.0,0.0
TX,8160.0,30.0,27400.0,27M4D7W,4096-QAM,True,1.25|10|30,A,L,B,45.81875,-77.15433333,150.0,65.0,107.0,167.884743258258,-0.0242509851484469,42.9,1.1,,A,"Andrew, Div of CommScope",USX8-7W,G,0.0794328234724281,28.4516,1.3,,,Pembroke (219 TV Tower Rd) ON,VAD404,010968504-002,Backhaul Network Services Inc.,2023-05-17,False,False,0.0,0.0
TX,8160.0,30.0,30000.0,30M0D7W,1024-QAM,True,1.25|10|30,A,L,B,43.88672222,-77.19830556,95.0,45.0,75.0,299.119419041557,-0.0387796763684862,41.0,1.2,,A,"Andrew, Div of CommScope",UHX6-77,G,0.251188643150958,28.5516,4.3,,,CHERRY VALLEY (1259 COUNTY RD 18) ON,CHO233,010947346-002,Backhaul Network Services Inc.,2023-01-15,False,False,0.0,0.0
TX,8160.0,30.0,27400.0,27M4D7W,4096-QAM,True,1.25|10|30,A,L,B,44.19055556,-77.36111111,95.0,43.0,50.0,161.22782237866,0.0768491424498787,40.6,1.5,,A,"Andrew, Div of CommScope",USX6-7W,G,0.501,30.64998,4.8,,,Belleville (155 Jamieson Bone Rd.) ON,CGM879,010917483-001,Rogers Communications Canada Inc.,2022-02-08,False,False,0.0,0.0
TX,8160.0,30.0,27400.0,27M4D7W,4096-QAM,True,1.25|10|30,A,L,B,44.59380556,-75.72816667,123.0,48.5,61.0,219.764956244125,-0.0911562248865209,40.6,1.5,,A,"Andrew, Div of CommScope",USX6-7W,G,0.501,30.64998,4.8,,,BROCKVILLE (2566 CHEMICAL RD) ON,XKX900,010030847-006,Backhaul Network Services Inc.,2022-02-18,False,False,0.0,0.0
TX,8160.0,30.0,27400.0,27M4D7W,1024-QAM,True,1.25|10|30,A,L,B,44.58783611,-78.16448333,289.0,65.0,106.0,259.288869175454,-0.0176071660384075,41.0,1.2,,A,"Andrew, Div of CommScope",UHX6-77,G,0.630957344480193,32.5516,4.3,,,HARCOURT (5914 HWY 28) ON,VAD497,010031741-006,Backhaul Network Services Inc.,2022-09-01,False,False,0.0,0.0
TX,8160.0,30.0,27400.0,27M4D7W,4096-QAM,True,1.25|10|30,A,L,B,44.28805556,-76.63111111,120.0,66.5,80.0,89.111201143837,-0.0876939659908899,40.6,1.5,,A,"Andrew, Div of CommScope",USX6-7W,G,0.324,28.75705,4.8,,,KINGSTON (3650 SMITH ROAD) ON,VEA914,010094960-007,Backhaul Network Services Inc.,2022-02-11,False,False,0.0,0.0
TX,8160.0,30.0,27400.0,27M4D7W,4096-QAM,True,1.25|10|30,A,L,B,45.50916667,-74.66138889,114.0,78.0,91.0,277.765800632574,-0.220975375253545,43.5,1.0,,A,"Andrew, Div of CommScope",UHX8-77GD,G,0.206,29.69027,4.8,,,Vankleek Hill (6414 HWY 34) ON,XKU533,010031393-005,Backhaul Network Services Inc.,2022-02-14,False,False,0.0,0.0
TX,8160.0,30.0,27400.0,27M4D7W,4096-QAM,True,1.25|10|30,A,L,B,42.772025,-81.00161111,13.0,34.0,45.0,244.925536960716,0.173162222367835,41.0,1.2,,A,"Andrew, Div of CommScope",UHX6-77,G,0.19952,27.05146,4.8,,,AYLMER (48371 TALBOT LINE) ON,CFR479,010773820-003,Backhaul Network Services Inc.,2022-03-30,False,False,0.0,0.0
TX,8160.0,30.0,30000.0,30M0D1D,16-QAM,True,1.25|10|30,B,,B,43.45472222,-79.68222222,99.0,25.0,25.5,48.6077697989728,0.416573583261257,41.0,1.2,,A,"Andrew, Div of CommScope",UHX6-77,B,0.316227766016838,30.1516,3.7,,,Oakville (155 Cornwall Rd) ON,CFV893,010701789-002,Metrolinx,2018-07-01,False,False,0.0,0.0
TX,8160.0,30.0,27400.0,27M4D7W,4096-QAM,True,1.25|10|30,A,L,B,44.42972222,-76.49694444,146.0,75.0,85.0,161.878646535692,-0.276089146633819,43.4,1.4,,A,"Andrew, Div of CommScope",HPX8-77,G,0.166,28.65268,4.8,,,SOUTH FRONTENAC (1100 RUTILEGE RD) ON,CFI227,010687795-003,Rogers Communications Canada Inc.,2022-02-14,False,False,0.0,0.0
TX,8160.0,30.0,27400.0,27M4D7W,4096-QAM,True,1.25|10|30,A,L,B,45.13097222,-76.18352778,147.0,86.0,127.0,205.128438136091,-0.115293403215513,43.5,1.0,,A,"Andrew, Div of CommScope",UHX8-77GD,G,0.427,32.85588,4.8,,,Carleton Place (174 Ramsay Concession 5A) ON,XJV292,010031647-005,Backhaul Network Services Inc.,2021-11-16,False,False,0.0,0.0
TX,8160.0,30.0,30000.0,30M0D7WET,256-QAM,True,1.25|10|30,A,,B,45.46361111,-75.16388889,50.0,81.0,91.0,246.950123591279,-0.0996219775996404,44.9,1.0,,A,"Andrew, Div of CommScope",HPX10-71W,A,1.0,40.2516,2.5,,,BOURGET (2333 LALONDE RD) ON,XKU532,010030807-006,Backhaul Network Services Inc.,2018-04-20,False,False,0.0,0.0
TX,8160.0,30.0,27400.0,27M4D7W,4096-QAM,True,1.25|10|30,A,L,B,45.43386111,-78.98941667,434.0,66.5,85.0,236.546038859085,-0.275306390352803,41.1,1.6,,A,RFS (Celwave/Cablewave/Phelps Dodge),UXA6-78B,G,0.501,31.14998,4.8,,,OXBOW BEACH (LIMBERLOST RD.)  ON,VYB202,010072263-004,Backhaul Network Services Inc.,2022-06-30,False,False,0.0,0.0
TX,8160.0,30.0,30000.0,30M0D7WET,512-QAM,True,1.25|10|30,A,,B,44.32888889,-78.29972222,244.0,81.0,100.0,82.0196829652356,-0.141816681901087,41.0,1.2,,A,"Andrew, Div of CommScope",UHX6-77,A,0.063,25.54501,1.3,,,PETERBOROUGH (1925 TELEVISIONRD)ON,XKU584,010076496-004,Backhaul Network Services Inc.,2018-05-30,False,False,0.0,0.0
TX,8160.0,30.0,27400.0,27M4D7W,4096-QAM,True,1.25|10|30,A,L,B,42.31671111,-82.02266667,201.0,49.0,76.0,78.0165526600874,-0.085036924577167,43.5,1.0,,A,"Andrew, Div of CommScope",UHX8-77GD,G,0.07943,25.55145,4.8,,,BLENHEIM (19712 LAGOON RD) ON,VEA431,010032945-005,Backhaul Network Services Inc.,2022-03-01,False,False,0.0,0.0
TX,8160.0,30.0,27400.0,27M4D7W,4096-QAM,True,1.25|10|30,A,L,B,44.86525,-79.32636111,260.0,50.0,66.0,42.529479187279,0.234160338931916,40.6,1.5,,A,"Andrew, Div of CommScope",USX6-7W,G,0.316227766016838,28.6516,4.8,,,GRAVENHURST (HWY11 / BEIERS RD) ON,XKX939,010069515-005,Backhaul Network Services Inc.,2023-10-26,False,False,0.0,0.0
TX,8160.0,30.0,27400.0,27M4D7W,4096-QAM,True,1.25|10|30,A,L,B,45.40536111,-79.79313889,289.0,80.0,100.0,246.625776013328,-0.309622348346103,41.0,1.2,,A,"Andrew, Div of CommScope",UHX6-77GE,G,0.362,29.63869,4.8,,,Orrville (704 Blackwater Lake Rd) ON,VYA281,010068730-003,Backhaul Network Services Inc.,2022-07-19,False,False,0.0,0.0
TX,8160.0,30.0,27400.0,27M4D7W,1024-QAM,True,1.25|10|30,A,L,B,43.42625,-81.48597222,287.0,40.0,100.0,223.240679213561,-0.1782706606394,41.0,1.2,,A,"Andrew, Div of CommScope",UHX6-77,A,0.3981,32.05152,2.8,,,Hensall (72540 London Rd) ON,CFW788,010067909-005,Backhaul Network Services Inc.,2020-08-01,False,False,0.0,0.0
TX,8160.0,30.0,27400.0,27M4D7W,4096-QAM,True,1.25|10|30,A,L,B,45.57066667,-75.21666667,60.0,33.0,100.0,62.1970567277329,0.350949768582925,43.5,1.0,,A,"Andrew, Div of CommScope",UHX8-77GD,G,0.158489319246111,28.5516,4.8,,,"Clarence-Rockland, ON (8132 County Road 17)",VEL799,010043499-006,Backhaul Network Services Inc.,2025-11-21,False,False,0.0,0.0
TX,8160.0,30.0,27500.0,27M5D7WET,64-QAM,True,1.25|10|30,A,,B,45.47083333,-76.10111111,86.0,80.0,90.0,134.2,-0.183,43.6,1.2,,A,RFS (Celwave/Cablewave/Phelps Dodge),UXA8-78A,B,0.2512,30.9516,4.5,,,KILMAURS (ON0727) ON,CIJ662,010037257-001,TELUS Communications Inc.,2014-01-29,False,False,0.0,0.0
TX,8160.0,30.0,27500.0,27M5D7W,64-QAM,True,1.25|10|30,A,,B,42.27636111,-82.80433333,182.0,38.0,48.0,152.6,0.01,41.1,1.6,,A,RFS (Celwave/Cablewave/Phelps Dodge),UXA6-78B,G,0.16,26.4928,4.5,,,Puce (735 CR-42) ON,CIH534,010037143-004,TELUS Communications Inc.,2020-01-01,False,False,0.0,0.0
TX,8160.0,30.0,27500.0,27M5D7WET,64-QAM,True,1.25|10|30,A,,B,45.80611111,-77.09527778,151.0,86.0,90.0,142.1,-0.093,43.6,1.2,,A,RFS (Celwave/Cablewave/Phelps Dodge),UXA8-78A,B,0.2512,30.9516,4.5,,,PEMBROKE (ON0875) ON,CFW899,010036869-001,TELUS Communications Inc.,2014-01-23,False,False,0.0,0.0
TX,8160.0,30.0,30000.0,30M0D7WET,256-QAM,True,1.25|10|30,A,,B,49.05222222,-90.49,487.0,90.0,100.0,200.359629982486,-0.167264464008018,45.4,1.0,,A,RFS (Celwave/Cablewave/Phelps Dodge),DA10-77A,B,1.2589,34.95151,9.3,,,UPSALA ON,CIO380,010036401-002,TBAYtel - Fixed,2018-03-19,False,False,0.0,0.0
TX,8160.0,30.0,27400.0,27M4D7W,4096-QAM,True,1.25|10|30,A,L,B,42.55995833,-82.19573333,182.0,49.5,89.0,191.456567875038,-0.107212244645617,42.9,1.2,,A,"Andrew, Div of CommScope",HPX8-71W,G,0.1,25.9516,4.8,,,DRESDEN (25838 LINDSAY RD) ON,VEM267,010033213-006,Backhaul Network Services Inc.,2022-03-11,False,False,0.0,0.0
TX,8160.0,30.0,30000.0,30M0D7WET,256-QAM,True,1.25|10|30,A,L,B,46.96111111,-79.77055556,390.0,58.0,109.0,187.210961858493,-0.255519205763351,43.4,1.4,,A,"Andrew, Div of CommScope",HPX8-77,B,0.158489319246111,31.8516,1.4,,,"TEMAGAMI (HWY11 / WILSON LAKE RD),5373 HWY 11,ON",CYF221,010031905-005,Backhaul Network Services Inc.,2021-02-26,False,False,0.0,0.0
TX,8160.0,30.0,27400.0,27M4D7W,4096-QAM,True,1.25|10|30,A,L,B,45.81872222,-77.15435833,150.0,96.1,107.0,314.654813247257,-0.139369315979368,42.9,1.2,,A,"Andrew, Div of CommScope",HPX8-71W,G,0.5012,32.95171,4.8,,,PEMBROKE (219 TV TOWER RD) ON,VAD404,010031777-006,Backhaul Network Services Inc.,2022-09-30,False,False,0.0,0.0
TX,8160.0,30.0,27400.0,27M4D7W,4096-QAM,True,1.25|10|30,A,M,A,42.11666667,-83.10472222,183.0,43.0,52.0,41.0375910649993,-0.0528120097640637,43.5,1.0,,A,"Andrew, Div of CommScope",UHX8-77GD,G,0.158489319246111,28.8516,4.5,,,AMHERSTBURG (LOT 4 CONC 1) ON,VAD433,010031697-004,Backhaul Network Services Inc.,2023-01-16,False,False,0.0,0.0
TX,8160.0,30.0,27400.0,27M4D7W,4096-QAM,True,1.25|10|30,A,L,B,45.06219444,-74.74536111,55.0,76.5,122.0,319.400429180587,0.0543090317339151,43.5,1.0,,A,"Andrew, Div of CommScope",UHX8-77GD,G,0.174582215292051,29.4716,4.3,,,CORNWALL(MCCONNELL AVE/ HWY 401) ON,XKX903,010031545-005,Backhaul Network Services Inc.,2024-03-18,False,False,0.0,0.0
TX,8160.0,30.0,27400.0,27M4D7W,1024-QAM,True,1.25|10|30,A,,B,42.27830556,-82.37788889,177.0,30.0,60.0,129.271257873784,0.150918192243452,42.9,1.2,,A,"Andrew, Div of CommScope",HPX8-71W,G,0.02,18.4619,5.3,,,Tilbury (4241 Queen's Line) ON,VDE899,010031381-003,Rogers Communications Canada Inc.,2019-07-08,False,False,0.0,0.0
TX,8160.0,30.0,30000.0,30M0D7WET,64-QAM,True,1.25|10|30,A,,B,42.05194444,-82.73666667,193.0,38.0,50.0,106.858913819021,-0.034731183734194,43.5,1.0,,A,"Andrew, Div of CommScope",UHX8-77GD,A,1.0,36.8516,4.5,,,KINGSVILLE (HWY29/CON. RD 2 E) ON,VEA876,010030953-005,Backhaul Network Services Inc.,2015-12-31,False,False,0.0,0.0
TX,8160.0,30.0,30000.0,30M0D7WET,64-QAM,True,1.25|10|30,A,M,A,45.33916667,-75.90388889,81.0,74.0,79.0,287.495296660991,-0.0102992999831353,42.9,1.2,,A,"Andrew, Div of CommScope",HPX8-71W,A,0.1,29.9516,0.8,,,KANATA (306 LEGGET DR) ON,XJV283,010030935-006,Backhaul Network Services Inc.,2020-09-25,False,False,0.0,0.0
TX,8160.0,30.0,30000.0,30M0D7WET,256-QAM,True,1.25|10|30,A,,B,42.29722222,-82.74222222,176.0,58.0,60.0,197.7,-0.07,43.5,1.0,,A,"Andrew, Div of CommScope",UHX8-77GD,G,0.0501,20.84998,7.5,,,EMERYVILLE (1408 CR-22) ON,VBE661,010030777-005,Backhaul Network Services Inc.,2018-08-04,False,False,0.0,0.0
TX,8160.0,30.0,30000.0,30M0D7WET,128-QAM,True,1.25|10|30,A,,B,42.04222222,-82.62305556,206.0,30.0,39.0,190.0,-0.148,41.1,1.6,,A,RFS (Celwave/Cablewave/Phelps Dodge),UXA6-78B,A,1.5849,35.6516,5.3,,,LEAMINGTON (67 FRASER RD) ON,CGC266,010030659-001,Bell Canada - Wireless Mgmt Office,2012-11-01,False,False,0.0,0.0
TX,8140.0,10.0,10000.0,10M0D7WET,16-QAM,True,1.25|10,A,,B,45.88444444,-77.285,151.0,42.0,48.0,325.0,0.045,40.8,2.0,,A,"Andrew, Div of CommScope",HP6-77,B,0.1259,29.6516,0.0,,,PETAWAWA (ON0876) ON,CFW933,010037741-001,TELUS Communications Inc.,2014-04-01,False,False,0.0,0.0
TX,8130.0,30.0,27400.0,27M4D7W,4096-QAM,True,1.25|10|30,A,L,B,44.98700556,-78.09309167,462.0,55.75,106.0,112.72395367237,-0.285636568206154,42.9,1.1,,A,"Andrew, Div of CommScope",USX8-7W,G,0.0398107170553497,25.4516,1.3,,,PAUDASH LAKE (1165 GANDER ROAD) ON,CIZ223,011126482-001,Backhaul Network Services Inc.,2026-05-01,False,False,0.0,0.0
TX,8130.0,30.0,27400.0,27M4D7W,4096-QAM,True,1.25|10|30,A,L,B,45.2945,-79.09411111,395.0,58.0,80.0,272.286103981028,-0.264066334022627,40.6,1.5,,A,"Andrew, Div of CommScope",USX6-7W,G,0.0501187233627272,24.1516,1.3,,,Britannia (Britannia Rd / South Portage Rd) ON,CKY207,010069535-005,Backhaul Network Services Inc.,2025-04-23,False,False,0.0,0.0
TX,8130.0,30.0,27400.0,27M4D7W,4096-QAM,True,1.25|10|30,A,L,B,44.46861389,-81.36946667,200.0,72.0,104.5,201.363281523714,0.0330881105078355,42.9,1.1,,A,"Andrew, Div of CommScope",USX8-7W,G,0.125892541179417,30.4516,1.3,,,"PORT ELGIN(PART LOT 57,58 AND 59, LAKE RANGE, SAUGEEN T) ON",CHY670,011067078-002,Backhaul Network Services Inc.,2025-01-24,False,False,0.0,0.0
TX,8130.0,30.0,27400.0,27M4D7W,4096-QAM,True,1.25|10|30,A,L,B,44.88513889,-76.22838889,140.0,65.0,100.0,18.7290633404464,-0.092134362875242,40.6,1.5,,A,"Andrew, Div of CommScope",USX6-7W,G,0.0794328234724281,26.6516,0.8,,,PERTH (2816 RIDEAU FERRY ROAD) ON,VEM607,011037686-002,Backhaul Network Services Inc.,2025-01-17,False,False,0.0,0.0
TX,8130.0,30.0,27400.0,27M4D7W,4096-QAM,True,1.25|10|30,A,L,B,44.90611111,-76.57277778,230.0,50.5,90.0,110.870586602974,-0.249463594095729,40.6,1.5,,A,"Andrew, Div of CommScope",USX6-7W,G,0.125892541179417,28.1516,1.3,,,Lanark (Highland Line & Concession Rd 2) ON,CHW957,011020853-002,Backhaul Network Services Inc.,2024-11-08,False,False,0.0,0.0
TX,8130.0,30.0,27400.0,27M4D7W,4096-QAM,True,1.25|10|30,A,L,B,44.747,-75.98783333,125.0,59.0,91.5,11.9605011480385,-0.102427926775265,42.9,1.1,,A,"Andrew, Div of CommScope",USX8-7W,G,0.125892541179417,30.4516,1.3,,,Toledo (416 CR-29) ON,CHL596,011021463-002,Backhaul Network Services Inc.,2024-06-03,False,False,0.0,0.0
TX,8130.0,30.0,27400.0,27M4D7W,4096-QAM,True,1.25|10|30,A,L,B,44.58783333,-78.16455556,291.0,75.5,107.0,41.2194522328252,-0.0582428298053077,42.9,1.1,,A,"Andrew, Div of CommScope",USX8-7W,G,0.125892541179417,30.4516,1.3,,,HARCOURT (5914 HWY 28) ON,VAD497,010999508-002,Backhaul Network Services Inc.,2023-12-08,False,False,0.0,0.0
TX,8130.0,30.0,27400.0,27M4D7W,4096-QAM,True,1.25|10|30,A,L,B,44.86525,-79.32636111,260.0,50.0,66.0,42.529479187279,0.234160338931916,40.6,1.5,,A,"Andrew, Div of CommScope",USX6-7W,G,0.3162,28.65122,4.8,,,GRAVENHURST (HWY11 / BEIERS RD) ON,XKX939,010069515-005,Backhaul Network Services Inc.,2023-10-26,False,False,0.0,0.0
TX,8130.0,30.0,27400.0,27M4D7W,4096-QAM,True,1.25|10|30,A,L,B,44.56416667,-79.19111111,233.0,68.2,100.0,61.465553252194,0.051062087364724,42.9,1.1,,A,"Andrew, Div of CommScope",HX8-7W,G,0.125892541179417,30.4516,1.3,,,Brechin (2309 Conc Rd 6) ON,CJL854,010968457-002,Backhaul Network Services Inc.,2023-07-18,False,False,0.0,0.0
TX,8130.0,30.0,27400.0,27M4D7W,4096-QAM,True,1.25|10|30,A,L,B,44.25242222,-77.99722222,276.0,62.0,105.0,105.4505718367,-0.555821613664379,40.6,1.5,,A,"Andrew, Div of CommScope",USX6-7W,G,0.0398107170553497,23.1516,1.3,,,HASTINGS (9TH CONC RD W/HWY 45) ON,CJL826,010031137-004,Backhaul Network Services Inc.,2023-07-31,False,False,0.0,0.0
TX,8130.0,30.0,30000.0,30M0D7W,1024-QAM,True,1.25|10|30,A,L,B,43.88672222,-77.19830556,95.0,45.0,75.0,299.119419041557,-0.0387796763684862,41.0,1.2,,A,"Andrew, Div of CommScope",UHX6-77,G,0.251188643150958,28.5516,4.3,,,CHERRY VALLEY (1259 COUNTY RD 18) ON,CHO233,010947346-002,Backhaul Network Services Inc.,2023-01-15,False,False,0.0,0.0
TX,8130.0,30.0,27400.0,27M4D7W,4096-QAM,True,1.25|10|30,A,L,B,45.39888889,-76.60944444,216.0,72.0,92.0,146.848106309516,-0.185035959155886,42.9,1.1,,A,"Andrew, Div of CommScope",USX8-7W,G,0.0794328234724281,25.4516,4.3,,,"Burnstown (2195-B, HWY-52, LOT 21, McNab) ON",CGB826,010860386-002,Backhaul Network Services Inc.,2022-10-05,False,False,0.0,0.0
TX,8130.0,30.0,27400.0,27M4D7W,4096-QAM,True,1.25|10|30,A,L,B,44.93643611,-75.14688056,85.0,82.6,91.0,57.3688436961452,-0.193200419199578,43.5,1.0,,A,"Andrew, Div of CommScope",UHX8-77GD,G,0.1,26.5516,4.8,,,MORRISBURG (HWY 401 / HWY 8) ON,XKX902,010031879-004,Backhaul Network Services Inc.,2022-04-01,False,False,0.0,0.0
TX,8130.0,30.0,27400.0,27M4D7W,4096-QAM,True,1.25|10|30,A,M,A,45.45513889,-75.58541667,53.0,28.0,40.0,35.3280697104253,0.365874654496846,41.0,1.2,,A,"Andrew, Div of CommScope",UHX6-77,G,0.19861,27.03161,4.8,,,"Ottawa, ON (5345 Canotek Road)",VEA992,010032153-003,Rogers Communications Canada Inc.,2022-03-31,False,False,0.0,0.0
TX,8130.0,30.0,27400.0,27M4D7W,4096-QAM,True,1.25|10|30,A,L,B,42.31671111,-82.02266667,201.0,49.0,76.0,78.0165526600874,-0.085036924577167,43.5,1.0,,A,"Andrew, Div of CommScope",UHX8-77GD,G,0.07943,25.55145,4.8,,,BLENHEIM (19712 LAGOON RD) ON,VEA431,010032945-005,Backhaul Network Services Inc.,2022-03-01,False,False,0.0,0.0
TX,8130.0,30.0,27400.0,27M4D7W,4096-QAM,True,1.25|10|30,A,L,B,44.19055556,-77.36111111,95.0,43.0,50.0,161.22782237866,0.0768491424498787,40.6,1.5,,A,"Andrew, Div of CommScope",USX6-7W,G,0.501,30.64998,4.8,,,Belleville (155 Jamieson Bone Rd.) ON,CGM879,010917483-001,Rogers Communications Canada Inc.,2022-02-08,False,False,0.0,0.0
TX,8130.0,30.0,27400.0,27M4D7W,4096-QAM,True,1.25|10|30,A,,B,45.27944444,-79.76833333,270.0,79.3,107.0,190.117601368189,-0.102087761761644,41.0,1.2,,A,"Andrew, Div of CommScope",UHX6-77,G,0.1007,24.08189,4.8,,,HUMPHREY (357 HWY 141) ON,VBE645,010069315-003,Backhaul Network Services Inc.,2022-03-31,False,False,0.0,0.0
TX,8130.0,30.0,30000.0,30M0D7W,1024-QAM,True,1.25|10|30,A,M,A,42.92694444,-79.32638889,176.0,73.0,79.0,133.848950146284,-0.287661040606338,41.0,1.2,,A,"Andrew, Div of CommScope",UHX6-77,G,0.05011,21.05084,4.8,,,Wainfleet (37345 WILSON RD),XKU549,010743646-003,Backhaul Network Services Inc.,2021-11-27,False,False,0.0,0.0
TX,8130.0,30.0,27400.0,27M4D7W,4096-QAM,True,1.25|10|30,A,L,B,44.21589167,-77.38117222,101.0,71.0,91.4,4.06358938879545,0.112783675190181,40.6,1.5,,A,"Andrew, Div of CommScope",USX6-7W,G,0.125892541179417,28.1516,1.3,,,BELLEVILLE (86B SHORT ST) ON,XKU593,010031087-006,Backhaul Network Services Inc.,2025-11-07,False,False,0.0,0.0
TX,8130.0,30.0,27400.0,27M4D7W,1024-QAM,True,1.25|10|30,A,L,B,43.42625,-81.48597222,287.0,40.0,100.0,223.240679213561,-0.1782706606394,41.0,1.2,,A,"Andrew, Div of CommScope",UHX6-77,B,0.3981,32.05152,2.8,,,Hensall (72540 London Rd) ON,CFW788,010067909-005,Backhaul Network Services Inc.,2020-08-01,False,False,0.0,0.0
TX,8130.0,30.0,30000.0,30M0D7WET,64-QAM,True,1.25|10|30,A,L,B,45.53833333,-79.92138889,259.0,86.0,106.0,196.899901342959,-0.182115598277936,41.0,1.2,,A,"Andrew, Div of CommScope",UHX6-77,B,0.25,28.531,4.3,,,MCKELLAR (897 HWY 124) ON,VFE961,010069429-004,Backhaul Network Services Inc.,2020-07-01,False,False,0.0,0.0
TX,8130.0,30.0,27400.0,27M4D7W,4096-QAM,True,1.25|10|30,A,L,B,45.06219444,-74.74536111,55.0,76.5,122.0,319.400429180587,0.0543090317339151,43.5,1.0,,A,"Andrew, Div of CommScope",UHX8-77GD,G,0.174582215292051,29.4716,4.3,,,CORNWALL(MCCONNELL AVE/ HWY 401) ON,XKX903,010031545-005,Backhaul Network Services Inc.,2024-03-18,False,False,0.0,0.0
TX,8130.0,30.0,27300.0,27M3D7WET,512-QAM,True,1.25|10|30,A,,B,44.77177778,-79.99091667,310.0,42.0,78.0,108.830678917555,-0.492180469764489,41.0,1.2,,A,"Andrew, Div of CommScope",UHX6-77GE,B,0.5,33.5413,2.3,,,Penetanguishene (318 Concession Rd 15 E) ON,XKX923,010069391-004,Backhaul Network Services Inc.,2018-08-01,False,False,0.0,0.0
TX,8130.0,30.0,30000.0,30M0D7WET,512-QAM,True,1.25|10|30,A,,B,44.32888889,-78.29972222,244.0,94.5,100.0,82.0196829652356,-0.14321604949206,41.0,1.2,,A,"Andrew, Div of CommScope",UHX6-77,B,0.063,25.54501,1.3,,,PETERBOROUGH (1925 TELEVISIONRD)ON,XKU584,010076496-004,Backhaul Network Services Inc.,2018-05-30,False,False,0.0,0.0
TX,8130.0,30.0,27400.0,27M4D7W,4096-QAM,True,1.25|10|30,A,L,B,42.86325,-79.80602778,193.0,63.0,91.0,297.784960840924,0.0128636747862799,41.0,1.2,,A,"Andrew, Div of CommScope",UHX6-77,G,0.501187233627272,31.5516,4.3,,,Sweets Corners (345 Sweets Corners Rd) ON,VYB415,010097807-004,Backhaul Network Services Inc.,2022-12-07,False,False,0.0,0.0
TX,8130.0,30.0,27400.0,27M4D7W,4096-QAM,True,1.25|10|30,A,L,B,44.86777778,-79.595,218.0,86.5,173.0,67.5344157325748,0.00098040909234807,40.6,1.5,,A,"Andrew, Div of CommScope",USX6-7W,G,0.3162,28.65122,4.8,,,SEVERN FALLS (1879 TAMARACK LN) ON,CKO713,010074283-004,Backhaul Network Services Inc.,2022-03-24,False,False,0.0,0.0
TX,8130.0,30.0,27400.0,27M4D7W,4096-QAM,True,1.25|10|30,A,L,B,42.67111111,-80.66722222,208.0,73.0,100.0,106.955453603527,-0.109460577704735,42.9,1.1,,A,"Andrew, Div of CommScope",HX8-7W,G,0.501187233627272,33.4516,4.3,,,FROGMORE (495 BEACH LANE) ON,CFW865,010070232-005,Backhaul Network Services Inc.,2024-02-02,False,False,0.0,0.0
TX,8130.0,30.0,27400.0,27M4D7W,4096-QAM,True,1.25|10|30,A,L,B,44.86533333,-79.32636111,260.0,43.0,66.0,180.735809484442,-0.0520119687376317,43.5,1.0,,A,"Andrew, Div of CommScope",UHX8-77GD,G,0.398107170553497,32.5516,4.8,,,Gravenhurst (1016 Beiers Rd) ON,XKX939,010069273-006,Backhaul Network Services Inc.,2024-11-22,False,False,0.0,0.0
TX,8130.0,30.0,27400.0,27M4D7W,4096-QAM,True,1.25|10|30,A,L,B,43.00549167,-80.6464,278.0,58.0,95.0,185.996723920945,-0.1876341279715,40.6,1.5,,A,"Andrew, Div of CommScope",USX6-7W,G,0.24946,27.62161,4.8,,,NORWICH (713516 MIDDLETOWN LINE) ON,VYB475,010068782-004,Rogers Communications Canada Inc.,2022-03-31,False,False,0.0,0.0
TX,8130.0,30.0,27500.0,27M5D7WET,128-QAM,True,1.25|10|30,A,,B,44.14580556,-79.83725,227.0,80.0,90.0,341.923,-0.166,41.1,1.6,,A,RFS (Celwave/Cablewave/Phelps Dodge),UXA6-78B,G,0.251188643150958,28.4716,4.48,,,Alliston (4697 Industrial Pkwy) ON,CIN540,010068395-003,TELUS Communications Inc.,2015-04-01,False,False,0.0,0.0
TX,8130.0,30.0,30000.0,30M0D7WET,64-QAM,True,1.25|10|30,A,L,B,41.81608333,-82.63583333,173.0,45.0,45.0,355.284209550151,-0.00347851083444218,40.8,2.0,,A,"Andrew, Div of CommScope",HP6-77,B,1.995,31.15103,10.5,,,Scudder (218 Harris Garno Rd) ON,CIN867,010037585-004,TELUS Communications Inc.,2020-10-19,False,False,0.0,0.0
TX,8130.0,30.0,27500.0,27M5D7WET,64-QAM,True,1.25|10|30,A,,B,45.47083333,-76.10111111,86.0,60.0,90.0,260.1,-0.013,43.6,1.2,,A,RFS (Celwave/Cablewave/Phelps Dodge),UXA8-78A,B,0.2512,30.9516,4.5,,,KILMAURS (ON0727) ON,CIJ662,010037235-001,TELUS Communications Inc.,2013-02-07,False,False,0.0,0.0
TX,8130.0,30.0,30000.0,30M0D7W,128-QAM,True,1.25|10|30,A,,B,50.13305556,-93.24277778,449.0,66.0,91.0,203.82256329008,-0.126729508327355,45.3,1.0,,A,"Andrew, Div of CommScope",HPX10-77,B,0.2,34.4619,1.7,,,"Camp Robinson (Camp Robinson Road/Hwy 105), ON",VFF547,010036471-002,TBAYtel - Fixed,2019-10-01,False,False,0.0,0.0
TX,8130.0,30.0,30000.0,30M0D7W,128-QAM,True,1.25|10|30,A,,B,50.13305556,-93.24277778,449.0,62.8,91.0,12.9765119142073,-0.207839480630604,43.4,1.4,,A,"Andrew, Div of CommScope",HPX8-77,B,0.02,22.5619,1.7,,,"Camp Robinson (Camp Robinson Road/Hwy 105), ON",VFF547,010036469-002,TBAYtel - Fixed,2019-10-01,False,False,0.0,0.0
TX,8130.0,30.0,30000.0,30M0D7W,128-QAM,True,1.25|10|30,A,,B,50.64111111,-93.23194444,370.0,84.6,107.0,315.703337966438,-0.0684611430073726,45.3,1.0,,A,"Andrew, Div of CommScope",HPX10-77,B,0.03,26.22281,1.7,,,"Ear Falls (John St/Nicholas Ave) Ear Falls, ON",VFF546,010036467-002,TBAYtel - Fixed,2019-10-01,False,False,0.0,0.0
TX,8130.0,30.0,30000.0,30M0D7W,128-QAM,True,1.25|10|30,A,,B,50.64111111,-93.23194444,370.0,84.2,107.0,173.523123847101,-0.0621946995525482,45.3,1.0,,A,"Andrew, Div of CommScope",HPX10-77,B,0.02,24.4619,1.7,,,"Ear Falls (John St/Nicholas Ave) Ear Falls, ON",VFF546,010036465-002,TBAYtel - Fixed,2019-10-01,False,False,0.0,0.0
TX,8130.0,30.0,30000.0,30M0D7W,128-QAM,True,1.25|10|30,A,,B,50.99116667,-93.78625,397.0,45.1,107.0,133.46222180361,-0.00601931455375682,40.7,1.6,,A,"Andrew, Div of CommScope",HPX6-77,B,0.03,21.62281,1.7,,,Red Lake (ON105/ON125) ON,VFF544,010036463-002,TBAYtel - Fixed,2019-10-01,False,False,0.0,0.0
TX,8130.0,30.0,30000.0,30M0D7WET,128-QAM,True,1.25|10|30,A,,B,49.39916667,-94.07777778,341.0,78.0,100.0,343.875213886115,-0.025786156447927,41.1,1.6,,A,RFS (Celwave/Cablewave/Phelps Dodge),DAX6-78B,B,1.2589,35.55151,4.4,,,"SIOUX NARROWS HWY 71/TOMAHAWK RD,ON",VEM910,010036369-002,TBAYtel - Fixed,2018-03-13,False,False,0.0,0.0
TX,8130.0,30.0,28000.0,28M0D7WET,128-QAM,True,1.25|10|30,A,,B,49.39916667,-94.07777778,341.0,40.4,100.0,163.141430660223,0.186989884377103,41.1,1.6,,A,RFS (Celwave/Cablewave/Phelps Dodge),DAX6-78B,A,0.25,27.011,5.92,,,Sioux Narrows (Hwy 71/Tomahawk Rd) ON,VEM910,010036367-002,TBAYtel - Fixed,2018-08-06,False,False,0.0,0.0
TX,8130.0,30.0,28000.0,28M0D7WET,128-QAM,True,1.25|10|30,A,,B,48.93555556,-93.81111111,390.0,70.1,90.0,337.49030245559,-0.127931034773904,43.6,1.2,,A,RFS (Celwave/Cablewave/Phelps Dodge),DAX8-78A,A,0.25,29.531,5.9,,,Burditt Lake (402 Dump Rd/Hwy 615) ON,VEM224,010036361-003,TBAYtel - Fixed,2018-08-29,False,False,0.0,0.0
TX,8130.0,30.0,27400.0,27M4D7W,4096-QAM,True,1.25|10|30,A,L,B,45.50916667,-74.66138889,114.0,78.0,91.0,277.765800632574,-0.220975375253545,43.5,1.0,,A,"Andrew, Div of CommScope",UHX8-77GD,G,0.206,29.69027,4.8,,,Vankleek Hill (6414 HWY 34) ON,XKU533,010031393-005,Backhaul Network Services Inc.,2022-02-14,False,False,0.0,0.0
TX,8100.0,30.0,27400.0,27M4D7W,4096-QAM,True,1.25|10|30,A,L,B,44.88908333,-78.38766667,382.0,66.0,108.0,11.7428561244993,0.0661509124150566,42.9,1.1,,A,"Andrew, Div of CommScope",USX8-7W,G,0.0794328234724281,28.4516,1.3,,,Gooderham (7959 Buckhorn Rd) ON,VEM847,011121074-001,Backhaul Network Services Inc.,2026-06-01,False,False,0.0,0.0
TX,8100.0,30.0,27400.0,27M4D7W,4096-QAM,True,1.25|10|30,A,L,B,47.409625,-79.666825,305.0,78.0,97.5,115.225971381266,-0.288630904321568,40.6,1.5,,A,"Andrew, Div of CommScope",USX6-7W,G,0.1,27.1516,1.3,,,HAILEYBURY (LOT 1 CONCESSION 9) ON,CIK673,011132326-001,Rogers Communications Canada Inc.,2026-06-01,False,False,0.0,0.0
TX,8100.0,30.0,27400.0,27M4D7W,4096-QAM,True,1.25|10|30,A,L,B,45.16561944,-77.54359444,356.0,80.0,90.0,268.790408035482,0.156465162686468,42.9,1.1,,A,"Andrew, Div of CommScope",USX8-7W,G,0.0398107170553497,25.4516,1.3,,,Mcarthurs Mills (514 Lalande Rd) ON,CIZ525,011119474-001,Backhaul Network Services Inc.,2026-05-21,False,False,0.0,0.0
TX,8100.0,30.0,27400.0,27M4D7W,4096-QAM,True,1.25|10|30,A,L,B,44.79541389,-77.83021667,348.0,75.0,90.0,255.339132984873,-0.150066349102016,42.9,1.1,,A,"Andrew, Div of CommScope",USX8-7W,G,0.0501187233627272,26.4516,1.3,,,WOLLASTON (2 THE RIDGE RD) ON,CIZ576,011121071-001,Backhaul Network Services Inc.,2026-05-20,False,False,0.0,0.0
TX,8100.0,30.0,27400.0,27M4D7W,4096-QAM,True,1.25|10|30,A,L,B,45.20775278,-77.65833889,390.0,65.0,91.0,208.224316094474,-0.200273655593005,42.9,1.1,,A,"Andrew, Div of CommScope",USX8-7W,G,0.0398107170553497,25.4516,1.3,,,Boulter (539 Kuno Rd) ON,CIX848,011120883-001,Backhaul Network Services Inc.,2026-03-07,False,False,0.0,0.0
TX,8100.0,30.0,27400.0,27M4D7W,4096-QAM,True,1.25|10|30,A,L,B,45.36442222,-77.42239722,405.0,80.0,90.0,184.355986446885,-0.205186429857155,42.9,1.1,,A,"Andrew, Div of CommScope",USX8-7W,G,0.0251188643150958,23.4516,1.3,,,PALMER RAPIDS (1269 LETTER KENNY RD) ON,CIX272,011120519-001,Backhaul Network Services Inc.,2026-02-27,False,False,0.0,0.0
TX,8100.0,30.0,27400.0,27M4D7W,4096-QAM,True,1.25|10|30,A,L,B,44.88,-77.19780556,325.0,62.5,139.0,359.859949541007,0.243024707295256,42.9,1.1,,A,"Andrew, Div of CommScope",USX8-7W,G,0.125892541179417,30.4516,1.3,,,"CLOYNE (15747 HWY 41, NORTH FRONTENAC) ON",CIX265,011109714-002,Backhaul Network Services Inc.,2025-12-31,False,False,0.0,0.0
TX,8100.0,30.0,27400.0,27M4D7W,4096-QAM,True,1.25|10|30,A,L,B,45.55547222,-77.40455556,179.0,85.0,100.0,276.144585572903,0.292675990040382,42.9,1.1,,A,"Andrew, Div of CommScope",USX8-7W,G,0.125892541179417,30.4516,1.3,,,KILLALOE (171 WATER ST) ON,VFG406,011077478-002,Backhaul Network Services Inc.,2025-12-19,False,False,0.0,0.0
TX,8100.0,30.0,27400.0,27M4D7W,4096-QAM,True,1.25|10|30,A,L,B,48.46166667,-81.32722222,307.0,48.0,60.0,247.292009299605,-0.0324996080215662,40.6,1.5,,A,"Andrew, Div of CommScope",USX6-7W,G,0.076383578357769,25.9816,1.3,,,Timmins (629 Spruce St S) ON,CIV983,011105068-002,Backhaul Network Services Inc.,2025-11-21,False,False,0.0,0.0
TX,8100.0,30.0,27400.0,27M4D7W,4096-QAM,True,1.25|10|30,A,L,B,46.26725,-79.10469444,262.0,92.0,112.0,256.269645090786,-0.225518587969805,43.4,1.4,,A,"Andrew, Div of CommScope",HPX8-77,G,0.251188643150958,30.4516,4.8,,,RUTHERGLEN (150 TROUT POND RD) ON,VEL388,010032291-007,Backhaul Network Services Inc.,2025-11-04,False,False,0.0,0.0
TX,8100.0,30.0,27400.0,27M4D7W,4096-QAM,True,1.25|10|30,A,L,B,43.94277778,-77.22744444,98.0,88.0,100.0,98.6859869295437,-0.210788238894083,42.9,1.1,,A,"Andrew, Div of CommScope",USX8-7W,G,0.0398107170553497,25.4516,1.3,,,Athol (1131 CR-12) ON,CIN646,011105571-002,Backhaul Network Services Inc.,2026-01-07,False,False,0.0,0.0
TX,8100.0,30.0,27400.0,27M4D7W,4096-QAM,True,1.25|10|30,A,L,B,45.36919444,-77.32319444,434.0,100.0,104.0,149.352371410755,-0.406428927263159,40.6,1.5,,A,"Andrew, Div of CommScope",USX6-7W,G,0.125892541179417,28.1516,1.3,,,EGANVILLE (1568 QUADEVILLE RD) ON,CIV494,011089983-002,Backhaul Network Services Inc.,2025-10-21,False,False,0.0,0.0
TX,8100.0,30.0,27400.0,27M4D7W,4096-QAM,True,1.25|10|30,A,L,B,43.90001111,-81.31842778,320.0,78.0,100.0,100.372804168677,-0.0356532080656611,42.9,1.1,,A,"Andrew, Div of CommScope",USX8-7W,G,0.0630957344480193,27.4516,1.3,,,Wingham (237 Alice St) ON,CHV288,011098528-002,Backhaul Network Services Inc.,2025-08-28,False,False,0.0,0.0
TX,8100.0,30.0,27400.0,27M4D7W,4096-QAM,True,1.25|10|30,A,L,B,45.315,-77.93941667,499.0,70.0,90.0,43.7504460342017,-0.317793473575444,40.6,1.5,,A,"Andrew, Div of CommScope",USX6-7W,G,0.0794328234724281,26.1516,1.3,,,"MAYNOOTH(68 Steeles Road),ON",CHU895,011094091-002,Backhaul Network Services Inc.,2025-08-13,False,False,0.0,0.0
TX,8100.0,30.0,27400.0,27M4D7W,4096-QAM,True,1.25|10|30,A,L,B,46.56705278,-79.16888889,368.0,101.0,110.9,16.362032417821,-0.238338290842546,42.9,1.1,,A,"Andrew, Div of CommScope",USX8-7W,G,0.0316227766016838,24.4516,1.3,,,ELDEE (BEHNKE RD 21 & OM 63) ON,CHU817,011098546-002,Backhaul Network Services Inc.,2025-08-14,False,False,0.0,0.0
TX,8100.0,30.0,27400.0,27M4D7W,4096-QAM,True,1.25|10|30,A,L,B,44.98700833,-78.09309444,463.0,66.0,106.0,69.0298072767882,-0.197598396810983,42.9,1.1,,A,"Andrew, Div of CommScope",USX8-7W,G,0.0630957344480193,27.3516,1.4,,,Paudash Lake (1165 Gander Road) ON,VBE670,010031825-007,Backhaul Network Services Inc.,2025-06-01,False,False,0.0,0.0
TX,8100.0,30.0,27400.0,27M4D7W,4096-QAM,True,1.25|10|30,A,L,B,44.41636111,-80.85419444,350.0,57.0,106.0,330.130150824193,-0.296572296624397,42.9,1.1,,A,"Andrew, Div of CommScope",USX8-7W,G,0.0653130552647472,27.6016,1.3,,,ARNOTT (396414 CONC RD 2) ON,CHY994,011078204-002,Backhaul Network Services Inc.,2025-03-24,False,False,0.0,0.0
TX,8100.0,30.0,27400.0,27M4D7W,4096-QAM,True,1.25|10|30,A,L,B,45.23901667,-76.19953333,141.0,55.0,90.0,233.021791820941,0.23660735558701,40.6,1.5,,A,"Andrew, Div of CommScope",USX6-7W,G,0.0794328234724281,26.1516,1.3,,,ALMONTE (5648 MARTIN STREET NORTH) ON,CJL953,011078197-002,Backhaul Network Services Inc.,2025-04-03,False,False,0.0,0.0
TX,8100.0,30.0,27400.0,27M4D7W,4096-QAM,True,1.25|10|30,A,L,B,45.56541667,-76.78786944,178.0,85.0,100.0,11.4799889953672,-0.185650324029592,40.6,1.5,,A,"Andrew, Div of CommScope",USX6-7W,G,0.125892541179417,28.1516,1.3,,,HALEY STATION (1359 HALEY ROAD) ON,CHY783,011075276-002,Backhaul Network Services Inc.,2025-02-28,False,False,0.0,0.0
TX,8100.0,30.0,27400.0,27M4D7W,4096-QAM,True,1.25|10|30,A,L,B,45.11780556,-78.49869444,450.0,45.0,100.0,27.3159415919703,0.0508813226186158,40.6,1.5,,A,"Andrew, Div of CommScope",USX6-7W,G,0.125892541179417,28.1516,1.3,,,EAGLE LAKE (1279 BUSHWOLF LAKE ROAD) ON,VFG889,011075294-002,Backhaul Network Services Inc.,2025-02-07,False,False,0.0,0.0
TX,8100.0,30.0,27400.0,27M4D7W,4096-QAM,True,1.25|10|30,A,L,B,44.58580556,-78.25272222,253.0,75.0,90.0,176.221729917362,-0.0236330518742996,40.6,1.5,,A,"Andrew, Div of CommScope",USX6-7W,G,0.0630957344480193,25.1516,1.3,,,TRENT LAKES (77 JACK HILL'S RD) ON,CHY704,011074839-002,Backhaul Network Services Inc.,2025-02-04,False,False,0.0,0.0
TX,8100.0,30.0,27400.0,27M4D7W,4096-QAM,True,1.25|10|30,A,L,B,45.2645,-76.78665833,363.0,30.0,50.0,116.246378027286,-0.281493845217842,40.8,1.5,,A,"Andrew, Div of CommScope",HX6-7W,G,0.125892541179417,28.3516,1.3,,,Madawaska (30 Barrett Chute Rd) ON,CIN825,011055422-002,Backhaul Network Services Inc.,2025-01-29,False,False,0.0,0.0
TX,8100.0,30.0,27400.0,27M4D7W,4096-QAM,True,1.25|10|30,A,L,B,46.07069444,-79.51575,307.0,102.0,110.0,260.538015150329,-0.275079415116632,40.6,1.5,,A,"Andrew, Div of CommScope",USX6-7W,G,0.125892541179417,28.1516,1.3,,,NIPISSING (335 KING ROAD) ON,CHY659,011073312-002,Backhaul Network Services Inc.,2025-01-24,False,False,0.0,0.0
TX,8100.0,30.0,27400.0,27M4D7W,4096-QAM,True,1.25|10|30,A,L,B,44.79827778,-81.27819444,190.0,48.0,79.7,77.8425519088808,0.204450677565565,42.9,1.1,,A,"Andrew, Div of CommScope",USX8-7W,G,0.0251188643150958,23.4516,1.3,,,Red Bay (Thomas St / Huron Rd) ON,CHX497,011072406-002,Backhaul Network Services Inc.,2025-01-22,False,False,0.0,0.0
TX,8100.0,30.0,27400.0,27M4D7W,4096-QAM,True,1.25|10|30,A,L,B,44.50755556,-77.09330556,180.0,80.0,89.0,256.322877971382,-0.0967977089382275,40.6,1.5,,A,"Andrew, Div of CommScope",USX6-7W,G,0.1,27.1516,1.3,,,Erinsville (425 Clearview Rd) ON,CHY592,011072170-002,Backhaul Network Services Inc.,2025-01-31,False,False,0.0,0.0
TX,8100.0,30.0,27400.0,27M4D7W,4096-QAM,True,1.25|10|30,A,L,B,45.04311111,-78.49969444,405.0,58.5,64.1,111.700665722037,0.0993410871091785,40.6,1.5,,A,"Andrew, Div of CommScope",USX6-7W,G,0.125892541179417,28.1516,1.3,,,Haliburton (84 Skyline Park Rd) ON,VFE831,010912554-003,Backhaul Network Services Inc.,2025-02-06,False,False,0.0,0.0
TX,8100.0,30.0,27400.0,27M4D7W,4096-QAM,True,1.25|10|30,A,L,B,45.03637222,-76.25302778,147.0,60.0,97.5,276.548860259502,0.20793271720515,40.6,1.5,,A,"Andrew, Div of CommScope",USX6-7W,G,0.0794328234724281,26.6516,0.8,,,PERTH (1208 DRUMMOND CONCESSION 10B RD) ON,CHY344,011037556-002,Backhaul Network Services Inc.,2024-12-27,False,False,0.0,0.0
TX,8100.0,30.0,27400.0,27M4D7W,4096-QAM,True,1.25|10|30,A,L,B,49.39111667,-82.35759722,228.0,71.0,123.0,103.06640410742,0.0368331680581036,42.9,1.1,,A,"Andrew, Div of CommScope",USX8-7W,G,0.0501187233627272,26.4516,1.3,,,KAPUSKASING(CLEAR LAKE ROAD) ON,CHQ898,011069079-002,Backhaul Network Services Inc.,2024-12-14,False,False,0.0,0.0
TX,8100.0,30.0,27400.0,27M4D7W,4096-QAM,True,1.25|10|30,A,L,B,46.38113889,-82.65269444,374.0,64.5,76.5,203.163090016438,-0.484730266095693,42.9,1.1,,A,"Andrew, Div of CommScope",USX8-7W,G,0.0630957344480193,27.4516,1.3,,,Elliot Lake (Roman Ave / Willoughby Rd) ON,VBE698,011069824-002,Backhaul Network Services Inc.,2024-12-30,False,False,0.0,0.0
TX,8100.0,30.0,27400.0,27M4D7W,4096-QAM,True,1.25|10|30,A,L,B,45.81555556,-77.09611111,153.0,24.0,24.0,71.0384854697063,0.0204850440556272,40.6,1.5,,A,"Andrew, Div of CommScope",USX6-7W,G,0.125892541179417,28.1516,1.3,,,PEMBROKE (400 BELL ST) ON,VEM324,011069091-002,Backhaul Network Services Inc.,2024-12-13,False,False,0.0,0.0
TX,8100.0,30.0,27400.0,27M4D7W,4096-QAM,True,1.25|10|30,A,L,B,48.52975,-80.75922222,270.0,82.0,91.9,88.8784210494757,-0.13638466261968,42.9,1.1,,A,"Andrew, Div of CommScope",USX8-7W,G,0.0501187233627272,26.4516,1.3,,,Shillington (1181 Fretz Rd S) ON,CHQ818,011068769-002,Backhaul Network Services Inc.,2024-12-09,False,False,0.0,0.0
TX,8100.0,30.0,27400.0,27M4D7W,4096-QAM,True,1.25|10|30,A,L,B,44.21594444,-77.38116667,102.0,75.0,91.0,50.0858588639059,0.10669225787527,42.9,1.1,,A,"Andrew, Div of CommScope",USX8-7W,G,0.0630957344480193,27.9516,0.8,,,Belleville (86B Short St) ON,XKU593,011068791-002,Backhaul Network Services Inc.,2024-12-06,False,False,0.0,0.0
TX,8100.0,30.0,27400.0,27M4D7W,4096-QAM,True,1.25|10|30,A,L,B,45.26233333,-78.60652778,436.0,72.0,85.0,174.613127911882,-0.066511585196844,44.4,0.9,,A,"Andrew, Div of CommScope",USX10-7W 10FT 7G/8G,G,0.0620869034230063,28.8816,1.3,,,"Haliburton (Havelock Lake Ln, Part Lot 20, Concession 6) ON",CHY319,011068161-002,Backhaul Network Services Inc.,2024-12-31,False,False,0.0,0.0
TX,8100.0,30.0,27400.0,27M4D7W,4096-QAM,True,1.25|10|30,A,L,B,43.74072222,-80.93366667,387.0,73.0,91.4,123.800307860193,-0.0442491705108872,42.9,1.1,,A,"Andrew, Div of CommScope",USX8-7W,G,0.398107170553497,31.9516,4.8,,,LISTOWEL (5837 LINE 87) ON,VBE680,011067594-002,Backhaul Network Services Inc.,2024-11-28,False,False,0.0,0.0
TX,8100.0,30.0,27400.0,27M4D7W,4096-QAM,True,1.25|10|30,A,L,B,46.49550556,-84.02434167,263.0,52.0,97.4,289.620928329147,-0.274311496671159,40.6,1.5,,A,"Andrew, Div of CommScope",USX6-7W,G,0.125892541179417,28.1516,1.3,,,ECHO BAY (9998 HIGHWAY 638) ON,CHW302,011064176-002,Backhaul Network Services Inc.,2024-10-21,False,False,0.0,0.0
TX,8100.0,30.0,27400.0,27M4D7W,4096-QAM,True,1.25|10|30,A,L,B,44.57901389,-80.86348611,303.0,80.0,100.0,321.914339354276,-0.271134012391902,40.6,1.5,,A,"Andrew, Div of CommScope",USX6-7W,G,0.125892541179417,28.1516,1.3,,,OWEN SOUND (203580 HIGHWAY 26) ON,CHN337,011056119-002,Backhaul Network Services Inc.,2024-08-05,False,False,0.0,0.0
TX,8100.0,30.0,27400.0,27M4D7W,4096-QAM,True,1.25|10|30,A,L,B,47.40968611,-79.66714444,302.0,62.0,100.0,1.45954700943961,-0.484714518188142,42.9,1.1,,A,"Andrew, Div of CommScope",USX8-7W,G,0.0437522105158252,26.3616,0.8,,,HAILEYBURY (LOT 1 CONCESSION 9) ON,CHN328,010975386-002,Backhaul Network Services Inc.,2024-08-16,False,False,0.0,0.0
TX,8100.0,30.0,30000.0,30M0D7W,1024-QAM,True,1.25|10|30,A,L,B,44.19061111,-77.35969444,95.0,37.0,50.0,133.503396972386,0.00575202563028713,40.8,1.5,,A,"Andrew, Div of CommScope",HX6-7W,G,0.501187233627272,31.3516,4.3,,,Belleville (155 Jamieson Bone Rd) ON,CGM334,011044336-002,Backhaul Network Services Inc.,2024-06-17,False,False,0.0,0.0
TX,8100.0,30.0,27400.0,27M4D7W,4096-QAM,True,1.25|10|30,A,L,B,46.32166667,-83.78361111,204.0,65.0,108.0,335.611711753154,0.410566576690405,40.6,1.5,,A,"Andrew, Div of CommScope",USX6-7W,G,0.1,27.1516,1.3,,,BRUCE MINES (757 CONCESSION 5 RD) ON,VDE888,011037682-002,Backhaul Network Services Inc.,2024-05-28,False,False,0.0,0.0
TX,8100.0,30.0,27400.0,27M4D7W,4096-QAM,True,1.25|10|30,A,L,B,45.94036111,-79.97019444,261.0,72.4,90.0,57.5418423806386,-0.0511703383611682,42.9,1.1,,A,"Andrew, Div of CommScope",USX8-7W,G,0.125892541179417,30.4516,1.3,,,Port Loring (425 East Rd) ON,CHM531,011033511-002,Backhaul Network Services Inc.,2024-05-28,False,False,0.0,0.0
TX,8100.0,30.0,27400.0,27M4D7W,4096-QAM,True,1.25|10|30,A,L,B,44.95591667,-76.54302778,204.0,68.8,100.0,130.338289252087,-0.226106814378495,40.6,1.5,,A,"Andrew, Div of CommScope",USX6-7W,G,0.125892541179417,28.1516,1.3,,,Lanark Highlands (PT LT 9 CON 9 DALHOUSIE PT 1) ON,CHF232,011022190-002,Backhaul Network Services Inc.,2024-05-14,False,False,0.0,0.0
TX,8100.0,30.0,27400.0,27M4D7W,4096-QAM,True,1.25|10|30,A,L,B,45.63361111,-79.51972222,316.0,75.0,100.0,262.16987249554,-0.0517632571684789,40.6,1.5,,A,"Andrew, Div of CommScope",USX6-7W,G,0.0794328234724281,26.1516,1.3,,,Magenawan (155 Lakeview Dr. W) ON,VFG597,011037914-002,Backhaul Network Services Inc.,2024-05-29,False,False,0.0,0.0
TX,8100.0,30.0,27400.0,27M4D7W,4096-QAM,True,1.25|10|30,A,L,B,45.32698333,-75.284225,73.0,77.0,100.0,61.9848830363975,-0.133362580524161,42.9,1.1,,A,"Andrew, Div of CommScope",USX8-7W,G,0.125892541179417,30.4516,1.3,,,Embrun (387 St Thomas Rd) ON,CJL913,011020858-002,Backhaul Network Services Inc.,2024-06-07,False,False,0.0,0.0
TX,8100.0,30.0,27400.0,27M4D7W,4096-QAM,True,1.25|10|30,A,M,A,43.01330556,-81.26636111,240.0,49.5,60.0,345.274982533789,0.273856477074105,40.6,1.5,,A,"Andrew, Div of CommScope",USX6-7W,G,0.0359749335155742,22.7116,1.3,,,London (1265 Richmond St) ON,VDS213,010031017-007,Backhaul Network Services Inc.,2024-04-16,False,False,0.0,0.0
TX,8100.0,30.0,27400.0,27M4D7W,4096-QAM,True,1.25|10|30,A,L,B,45.05058333,-74.67752778,53.0,57.0,69.5,1.23807091183312,0.0778125792643539,42.9,1.1,,A,"Andrew, Div of CommScope",USX8-7W,G,0.125892541179417,30.4516,1.3,,,South Glengarry (6367 Boundary Rd) ON,CGA702,011021462-002,Backhaul Network Services Inc.,2024-05-27,False,False,0.0,0.0
TX,8100.0,30.0,27400.0,27M4D7W,4096-QAM,True,1.25|10|30,A,L,B,45.58591667,-77.23941667,190.0,30.0,100.0,233.618165832592,0.362212866524133,40.8,1.5,,A,"Andrew, Div of CommScope",HX6-7W,G,0.125892541179417,28.3516,1.3,,,Golden Lake (3216 Lake Dore Rd) ON,CHD482,011022583-002,Backhaul Network Services Inc.,2024-04-05,False,False,0.0,0.0
TX,8100.0,30.0,27400.0,27M4D7W,4096-QAM,True,1.25|10|30,A,L,B,47.97770833,-80.04178889,296.0,65.0,92.0,354.396708478061,0.0829676896464241,40.6,1.5,,A,"Andrew, Div of CommScope",USX6-7W,G,0.0794328234724281,26.1516,1.3,,,NORTH TARZWELL (6095 HWY 11) ON,CHK713,011026306-002,Backhaul Network Services Inc.,2024-02-16,False,False,0.0,0.0
TX,8100.0,30.0,27400.0,27M4D7W,4096-QAM,True,1.25|10|30,A,L,B,45.146,-75.08963889,85.0,75.0,91.0,120.232797412648,-0.0929454653341933,42.9,1.1,,A,"Andrew, Div of CommScope",USX8-7W-6GF,G,0.125892541179417,30.4516,1.3,,,Finch (53 Main St) ON,CHC955,011004385-002,Backhaul Network Services Inc.,2024-03-21,False,False,0.0,0.0
TX,8100.0,30.0,27400.0,27M4D7W,4096-QAM,True,1.25|10|30,A,L,B,44.72066389,-75.49906111,90.0,65.4,116.0,42.7886371429547,-0.0618654580148465,42.9,1.1,,A,"Andrew, Div of CommScope",USX8-7W,G,0.199526231496888,29.4516,4.3,,,PRESCOTT (HWY 2 / SCOTT ST) ON,CYF676,010031521-005,Backhaul Network Services Inc.,2024-01-05,False,False,0.0,0.0
TX,8100.0,30.0,27400.0,27M4D7W,4096-QAM,True,1.25|10|30,A,L,B,46.28763889,-78.52213889,179.0,103.0,129.0,108.6700872142,-0.040450031128931,40.6,1.5,,A,"Andrew, Div of CommScope",USX6-7W,G,0.125892541179417,28.1516,1.3,,,MATTAWA (1994 HWY 17 E) ON,CHK208,011010355-002,Backhaul Network Services Inc.,2023-12-15,False,False,0.0,0.0
TX,8100.0,30.0,27400.0,27M4D7W,4096-QAM,True,1.25|10|30,A,L,B,46.19936111,-83.02211111,190.0,95.0,108.0,86.2988773233114,-0.0389608249510435,43.5,1.0,,A,"Andrew, Div of CommScope",UHX8-77GD,G,0.501,33.54998,4.8,,,Blind River (26060 Hwy 17) ON,VDE889,010031865-003,Backhaul Network Services Inc.,2023-11-29,False,False,0.0,0.0
TX,8100.0,30.0,27400.0,27M4D7W,4096-QAM,True,1.25|10|30,A,L,B,46.145,-80.42930556,227.0,75.0,80.0,224.183647522937,-0.0562496876262319,40.6,1.5,,A,"Andrew, Div of CommScope",USX6-7W,G,0.0774461797802519,26.0416,1.3,,,Noelville (190 St David St N) ON,CIO519,010030781-004,Backhaul Network Services Inc.,2023-10-13,False,False,0.0,0.0
TX,8100.0,30.0,27400.0,27M4D7W,4096-QAM,True,1.25|10|30,A,L,B,45.27111111,-77.97166667,461.0,98.5,122.0,59.9139990458523,-0.290238676465326,40.6,1.5,,A,"Andrew, Div of CommScope",USX6-7W,G,0.125892541179417,28.1516,1.3,,,MAYNOOTH (1192A HWY 127) ON,CHB697,010960487-002,Backhaul Network Services Inc.,2023-09-08,False,False,0.0,0.0
TX,8100.0,30.0,27400.0,27M4D7W,4096-QAM,True,1.25|10|30,A,L,B,45.09930556,-75.68538889,87.0,50.0,96.0,186.895069772127,-0.0157092831682719,42.9,1.1,,A,"Andrew, Div of CommScope",USX8-7W,G,0.125892541179417,30.4516,1.3,,,North Gower (2394 Callendor Rd) ON,XKX914,010968463-002,Backhaul Network Services Inc.,2023-08-22,False,False,0.0,0.0
TX,8100.0,30.0,27400.0,27M4D7W,4096-QAM,True,1.25|10|30,A,L,B,44.79425,-76.68713889,226.0,103.0,122.0,1.43388485778745,-0.11806034112957,40.6,1.5,,A,"Andrew, Div of CommScope",USX6-7W,G,0.0630957344480193,25.6516,0.8,,,SHARBOT LAKE (24709B HWY 7) ON,VAD432,010975337-002,Backhaul Network Services Inc.,2023-06-30,False,False,0.0,0.0
TX,8100.0,30.0,27400.0,27M4D7W,4096-QAM,True,1.25|10|30,A,L,B,44.67872222,-77.58013889,287.0,65.0,110.0,8.87407552117178,0.0785927795689274,44.4,0.9,,A,"Andrew, Div of CommScope",HX10-7W-6GF,G,0.0794328234724281,29.9516,1.3,,,Millbridge (8887 Old Hastings Rd) ON,CHX395,010968468-002,Backhaul Network Services Inc.,2023-05-12,False,False,0.0,0.0
TX,8100.0,30.0,30000.0,30M0D7W,1024-QAM,True,1.25|10|30,A,L,B,45.56522222,-75.12508333,55.0,45.0,75.0,48.456484175972,0.632543166090438,40.6,1.5,,A,"Andrew, Div of CommScope",USX6-7W,G,0.1584,26.14915,4.3,,,WENDOVER (111 COUNTY ROAD 19) ON,CHO290,010890426-002,Backhaul Network Services Inc.,2023-01-25,False,False,0.0,0.0
TX,8100.0,30.0,27400.0,27M4D7W,256-QAM,True,1.25|10|30,A,L,B,44.79833333,-81.27822222,187.0,50.0,75.0,171.492564627891,-0.0139280890159853,43.4,1.4,,A,"Andrew, Div of CommScope",HPX8-77,G,0.1,26.9516,4.3,,,Red Bay (Thomas St / Huron Rd) ON,CHX497,010886944-002,Backhaul Network Services Inc.,2023-01-15,False,False,0.0,0.0
TX,8100.0,30.0,27400.0,27M4D7W,4096-QAM,True,1.25|10|30,A,M,A,42.11666667,-83.10472222,183.0,43.0,52.0,41.0375910649993,-0.0528120097640637,43.5,1.0,,A,"Andrew, Div of CommScope",UHX8-77GD,G,0.158489319246111,28.8516,4.5,,,AMHERSTBURG (LOT 4 CONC 1) ON,VAD433,010031697-004,Backhaul Network Services Inc.,2023-01-16,False,False,0.0,0.0
TX,8100.0,30.0,27400.0,27M4D7W,4096-QAM,True,1.25|10|30,A,L,B,44.44138889,-77.83444444,201.0,77.0,91.0,239.931446480584,-0.0504043675873788,40.6,1.5,,A,"Andrew, Div of CommScope",USX6-7W,G,0.501187233627272,30.9516,4.5,,,HAVELOCK (N/O HWY 7 & 6TH LINE) ON,VAD427,010076527-003,Backhaul Network Services Inc.,2022-12-23,False,False,0.0,0.0
TX,8100.0,30.0,27400.0,27M4D7W,4096-QAM,True,1.25|10|30,A,L,B,42.76788889,-80.47472222,229.0,66.0,90.0,297.936668612989,0.00306849777658206,40.6,1.5,,A,"Andrew, Div of CommScope",USX6-7W,G,0.501187233627272,30.9516,4.5,,,SIMCOE (174 MCDOWELL RD E) ON,CFB871,010958911-002,Backhaul Network Services Inc.,2023-01-30,False,False,0.0,0.0
TX,8100.0,30.0,27400.0,27M4D7W,4096-QAM,True,1.25|10|30,A,L,B,45.39888889,-76.60944444,216.0,72.0,92.0,146.848106309516,-0.185035959155886,42.9,1.1,,A,"Andrew, Div of CommScope",USX8-7W,G,0.0794328234724281,25.4516,4.3,,,"Burnstown (2195-B, HWY-52, LOT 21, McNab) ON",CGB826,010860386-002,Backhaul Network Services Inc.,2022-10-05,False,False,0.0,0.0
TX,8100.0,30.0,27400.0,27M4D7W,4096-QAM,True,1.25|10|30,A,L,B,45.90722222,-80.57388889,200.0,60.0,90.0,356.499791019958,-0.0106715940729651,40.8,1.5,,A,"Andrew, Div of CommScope",HX6-7W,G,0.254,27.89994,4.8,,,KEY RIVER (2780 HWY 69) ON,CIJ955,010033057-004,Backhaul Network Services Inc.,2022-07-30,False,False,0.0,0.0
TX,8100.0,30.0,27400.0,27M4D7W,4096-QAM,True,1.25|10|30,A,L,B,45.80722222,-79.39333333,399.0,53.0,127.0,160.91667114386,-0.0631466650891588,44.4,0.9,,A,"Andrew, Div of CommScope",HX10-7W-6GF,B,0.125892541179417,31.9516,1.3,,,SUNDRIDGE (700 TOWER RD) ON,XKX942,010069283-006,Backhaul Network Services Inc.,2022-05-27,False,False,0.0,0.0
TX,8100.0,30.0,27400.0,27M4D7W,4096-QAM,True,1.25|10|30,A,L,B,42.31672222,-82.02261111,201.0,52.5,76.0,238.224621835558,-0.0601427655454557,43.5,1.0,,A,"Andrew, Div of CommScope",UHX8-77GD,G,0.50118,33.55154,4.8,,,Blenheim (19712 Lagoon Rd) ON,VEA431,010031377-005,Backhaul Network Services Inc.,2022-03-21,False,False,0.0,0.0
TX,8100.0,30.0,27400.0,27M4D7W,4096-QAM,True,1.25|10|30,A,,B,44.33988889,-76.15078333,92.0,50.7,70.0,261.969585650765,0.0342600285115509,43.4,1.4,,A,"Andrew, Div of CommScope",HPX8-77,G,0.1259,27.45186,4.8,,,Gananoque (600 King St E) ON,CFT651,010817908-003,Backhaul Network Services Inc.,2022-03-31,False,False,0.0,0.0
TX,8100.0,30.0,27400.0,27M4D7W,4096-QAM,True,1.25|10|30,A,L,B,42.58978889,-81.67588056,213.0,45.5,60.0,233.987542156936,-0.0255453583648569,42.9,1.1,,A,"Andrew, Div of CommScope",USX8-7W,G,0.1,25.9516,4.8,,,WEST ELGIN (22717 DOWNIE LINE) ON,VYB659,010278496-004,Backhaul Network Services Inc.,2022-03-28,False,False,0.0,0.0
TX,8100.0,30.0,27400.0,27M4D7W,4096-QAM,True,1.25|10|30,A,L,B,45.13222222,-78.79305556,393.0,59.5,120.0,155.630205840476,-0.208983637404781,41.0,1.2,,A,"Andrew, Div of CommScope",UHX6-77,G,0.25118,28.05145,4.8,,,"HALIBURTON (PL 6/7, CONC 11/12) ON",VFG285,010032559-004,Backhaul Network Services Inc.,2022-03-31,False,False,0.0,0.0
TX,8100.0,30.0,27400.0,27M4D7W,4096-QAM,True,1.25|10|30,A,L,B,44.79422222,-76.68716667,226.0,56.0,122.0,183.547367170005,-0.0964242569255484,42.9,1.1,,A,"Andrew, Div of CommScope",USX8-7W,G,0.107,26.24544,4.8,,,SHARBOT LAKE (HWY 7/ MCQUAID RD) ON,VAD432,010032241-005,Backhaul Network Services Inc.,2022-02-18,False,False,0.0,0.0
TX,8100.0,30.0,27400.0,27M4D7W,4096-QAM,True,1.25|10|30,A,,B,44.32361111,-76.18583333,100.0,84.0,91.0,65.1179254987436,-0.0254100039471037,41.0,1.2,,A,"Andrew, Div of CommScope",UHX6-77GE,G,0.257,28.15093,4.8,,,GANANOQUE (5210 KING ST W) ON,XKU598,010032107-004,Backhaul Network Services Inc.,2022-02-11,False,False,0.0,0.0
TX,8100.0,30.0,27400.0,27M4D7W,4096-QAM,True,1.25|10|30,A,,B,42.80777778,-81.56583333,217.0,80.0,100.0,2.0514518407866,-0.0693455156146556,42.9,1.1,,A,"Andrew, Div of CommScope",USX8-7W,G,0.141,27.44379,4.8,,,MELBOURNE (6278 LONGWOODS RD) ON,VEM701,010068241-003,Backhaul Network Services Inc.,2022-03-21,False,False,0.0,0.0
TX,8100.0,30.0,27400.0,27M4D7W,4096-QAM,True,1.25|10|30,A,,B,44.51888889,-76.58166667,189.0,85.0,100.0,205.087762268997,-0.140731536110624,41.0,1.2,,A,"Andrew, Div of CommScope",UHX6-77,G,0.25118,28.05145,4.8,,,FRONTENAC PARK (7599 BEDFORD RD) ON,CKY598,010033633-004,Backhaul Network Services Inc.,2022-03-31,False,False,0.0,0.0
TX,8100.0,30.0,27400.0,27M4D7W,4096-QAM,True,1.25|10|30,A,L,B,44.21594444,-77.38116667,102.0,58.5,91.0,191.075755425777,-0.078397783632969,40.6,1.5,,A,"Andrew, Div of CommScope",USX6-7W,G,0.501,30.64998,4.8,,,Belleville (86B Short St) ON,XKU593,010030843-006,Backhaul Network Services Inc.,2022-02-11,False,False,0.0,0.0
TX,8100.0,30.0,27400.0,27M4D7W,4096-QAM,True,1.25|10|30,A,L,B,44.39277778,-80.26222222,507.0,72.3,96.0,187.12154324466,-0.128436701053212,42.9,1.1,,A,"Andrew, Div of CommScope",USX8-7W,G,0.148,27.65422,4.8,,,COLLINGWOOD (N/O RR91 & RR31) ON,XJV210,010030901-004,Backhaul Network Services Inc.,2022-03-30,False,False,0.0,0.0
TX,8100.0,30.0,27400.0,27M4D7W,4096-QAM,True,1.25|10|30,A,L,B,44.63694444,-77.13527778,208.0,80.0,91.0,53.8585278962614,-0.1579661576965,42.9,1.1,,A,"Andrew, Div of CommScope",USX8-7W,G,0.178,28.4558,4.8,,,KALADAR (112648 HWY 7) ON,VAD430,010031691-004,Backhaul Network Services Inc.,2022-02-11,False,False,0.0,0.0
TX,8100.0,30.0,27400.0,27M4D7W,4096-QAM,True,1.25|10|30,A,L,B,42.05194444,-82.73666667,193.0,35.6,50.0,334.714849102055,-0.0324755107902667,40.6,1.5,,A,"Andrew, Div of CommScope",USX6-7W,G,0.263,26.85116,5.8,,,KINGSVILLE (HWY29 / CON. RD 2 E) ON,VEA876,010030775-006,Backhaul Network Services Inc.,2022-01-25,False,False,0.0,0.0
TX,8100.0,30.0,27400.0,27M4D7W,4096-QAM,True,1.25|10|30,A,L,B,42.40194444,-82.02555556,188.0,64.6,74.0,267.213583907269,-0.188530505690646,42.9,1.1,,A,"Andrew, Div of CommScope",USX8-7W,G,0.11,26.36553,4.8,,,CHATHAM-KENT (10491 BURK LINE) ON,CYF652,010032035-005,Backhaul Network Services Inc.,2022-02-11,False,False,0.0,0.0
TX,8100.0,30.0,27400.0,27M4D7W,4096-QAM,True,1.25|10|30,A,L,B,44.93638889,-75.14694444,85.0,81.4,91.0,235.895966127884,-0.135170467184142,43.5,1.0,,A,"Andrew, Div of CommScope",UHX8-77GD,G,0.112,27.04378,4.8,,,MORRISBURG (HWY 401 / HWY 8) ON,XKX902,010031523-004,Backhaul Network Services Inc.,2022-02-14,False,False,0.0,0.0
TX,8100.0,30.0,27400.0,27M4D7W,4096-QAM,True,1.25|10|30,A,L,B,44.76166667,-76.80666667,249.0,83.5,93.6,246.701456845071,-0.261442849227764,40.6,1.5,,A,"Andrew, Div of CommScope",USX6-7W,G,0.292,28.30543,4.8,,,SEOULS CORNERS(1154 HAROLD BURKE) ON,CHX453,010913261-001,Rogers Communications Canada Inc.,2022-02-25,False,False,0.0,0.0
TX,8100.0,30.0,27400.0,27M4D7W,4096-QAM,True,1.25|10|30,A,L,B,44.7025,-75.92777778,132.0,62.2,99.0,357.694976104798,-0.162328271398636,43.5,1.0,,A,"Andrew, Div of CommScope",UHX8-77GD,G,0.18,29.10433,4.8,,,FRANKVILLE (660 K-E TOWNLINE RD) ON,CIJ576,010031251-005,Backhaul Network Services Inc.,2022-02-14,False,False,0.0,0.0
TX,8100.0,30.0,27400.0,27M4D7W,4096-QAM,True,1.25|10|30,A,L,B,44.39744444,-76.59052778,170.0,73.0,100.0,133.598256473773,-0.207358407018821,42.9,1.1,,A,"Andrew, Div of CommScope",USX8-7W,G,0.135,27.25494,4.8,,,SYDENHAM (LAMBERT RD / STAGE COACH RD.)  ON,VYB283,010078875-003,Rogers Communications Canada Inc.,2022-02-14,False,False,0.0,0.0
TX,8100.0,30.0,27400.0,27M4D7W,4096-QAM,True,1.25|10|30,A,L,B,44.4686,-81.36973056,200.0,66.0,104.5,30.5404491611666,-0.0845954512950226,43.4,1.4,,A,"Andrew, Div of CommScope",HPX8-77,G,0.158489319246111,28.4516,4.8,,,PORT ELGIN (HWY21/BRUCE RD 3) ON,CGK512,010886555-003,Backhaul Network Services Inc.,2024-08-28,False,False,0.0,0.0
TX,8100.0,30.0,30000.0,30M0D7WET,64-QAM,True,1.25|10|30,A,L,B,44.85269444,-79.73622222,195.0,52.0,100.0,204.042379457214,-0.0508608864933651,41.0,1.2,,A,"Andrew, Div of CommScope",UHX6-77,G,0.16,26.5928,4.3,,,Maceys Bay (Nicholson's Rd / Hwy 400) ON,VEL344,010069393-006,Backhaul Network Services Inc.,2020-10-27,False,False,0.0,0.0
TX,8100.0,30.0,27400.0,27M4D7W,4096-QAM,True,1.25|10|30,A,L,B,45.27944444,-79.00638889,405.0,49.3,106.0,276.265962315991,-0.11483171343263,41.0,1.2,,A,Ericsson (Marconi/GEC),ML7/8 1.8M HPX,G,0.1,27.5516,1.3,,,LAKE OF BAYS (1577 FOX POINTS RD)ON,XJV296,010069291-005,Backhaul Network Services Inc.,2022-11-02,False,False,0.0,0.0
TX,8100.0,30.0,30000.0,30M0D7W,128-QAM,True,1.25|10|30,A,,B,49.41658056,-91.6244,460.0,89.2,100.0,40.9610508624124,-0.163860516020069,45.4,1.0,,A,RFS (Celwave/Cablewave/Phelps Dodge),DA10-77A,B,0.1,26.2916,6.96,,,Ignace (Hwy 11/Hwy 599) ON,VEM728,010036377-002,TBAYtel - Fixed,2020-08-01,False,False,0.0,0.0
TX,8100.0,30.0,30000.0,30M0D7W,128-QAM,True,1.25|10|30,A,,B,49.90935833,-91.149,470.0,88.2,116.0,193.294979480565,-0.250631330208425,43.5,1.2,,A,RFS (Celwave/Cablewave/Phelps Dodge),DA8-77A,A,0.03,19.05281,7.07,,,Sturgeon Lake (Hwy 599) ON,VEM730,010036379-002,TBAYtel - Fixed,2020-08-01,False,False,0.0,0.0
TX,8100.0,30.0,30000.0,30M0D7W,128-QAM,True,1.25|10|30,A,,B,50.10216667,-91.92070833,390.0,32.0,45.0,105.033205453809,0.151693867827135,40.9,1.6,,A,RFS (Celwave/Cablewave/Phelps Dodge),DA6-77A,B,0.03,19.69281,3.83,,,Sioux Lookout (Prince St/6 Ave) ON,VEM732,010036383-002,TBAYtel - Fixed,2020-08-01,False,False,0.0,0.0
TX,8100.0,30.0,30000.0,30M0D7W,128-QAM,True,1.25|10|30,A,,B,49.90935833,-91.149,470.0,92.8,116.0,293.179529380889,-0.263394866217409,45.4,1.0,,A,RFS (Celwave/Cablewave/Phelps Dodge),DA10-77A,A,0.13,27.14103,7.25,,,Sturgeon Lake (Hwy 599) ON,VEM730,010036381-002,TBAYtel - Fixed,2020-08-01,False,False,0.0,0.0
TX,8100.0,30.0,27400.0,27M4D7W,4096-QAM,True,1.25|10|30,A,L,B,45.06219444,-74.74536111,55.0,76.5,122.0,254.603840794425,-0.0995163719691044,43.5,1.0,,A,"Andrew, Div of CommScope",UHX8-77GD,G,0.107,26.84544,4.8,,,CORNWALL(MCCONNELL AVE/ HWY 401) ON,XKX903,010031877-007,Backhaul Network Services Inc.,2025-09-23,False,False,0.0,0.0
TX,8100.0,30.0,27400.0,27M4D7W,1024-QAM,True,1.25|10|30,A,L,B,43.72811111,-81.69086111,234.0,34.0,61.0,357.106629102587,-0.0982715657290789,41.0,1.2,,A,"Andrew, Div of CommScope",UHX6-77,A,0.1,27.0516,1.8,,,Goderich (520 Huron Rd) ON,VAD482,010767785-003,Backhaul Network Services Inc.,2020-07-01,False,False,0.0,0.0
TX,8100.0,30.0,27400.0,27M4D7W,4096-QAM,True,1.25|10|30,A,,B,44.56416667,-79.19111111,233.0,64.0,100.0,79.2006673702407,0.0235930241512045,43.4,1.4,,A,"Andrew, Div of CommScope",HPX8-77,G,0.15849,28.45162,4.8,,,Brechin (2309 Conc Rd 6) ON,CJL854,010779856-003,Backhaul Network Services Inc.,2022-05-02,False,False,0.0,0.0
TX,8100.0,30.0,27400.0,27M4D7W,4096-QAM,True,1.25|10|30,A,L,B,45.807275,-79.39343333,399.0,43.0,127.0,291.396004743921,0.031630469711891,41.0,1.2,,A,"Andrew, Div of CommScope",UHX6-77,G,0.12589,25.05151,4.8,,,SUNDRIDGE (700 TOWER RD) ON,XKX942,010780761-003,Backhaul Network Services Inc.,2022-03-24,False,False,0.0,0.0
TX,8100.0,30.0,27400.0,27M4D7W,4096-QAM,True,1.25|10|30,A,L,B,44.29366667,-78.40338889,270.0,61.5,70.0,345.851268866051,-0.0220305155153755,42.9,1.1,,A,"Andrew, Div of CommScope",USX8-7W,G,0.1585,27.95189,4.8,,,PETERBOROUGH (1871 PARKHILL ROAD W) ON,VFE626,010779843-003,Backhaul Network Services Inc.,2022-03-31,False,False,0.0,0.0
TX,8100.0,30.0,30000.0,30M0D7WET,512-QAM,True,1.25|10|30,A,,B,44.32888889,-78.29972222,244.0,94.5,100.0,82.0196829652356,-0.14321604949206,41.0,1.2,,A,"Andrew, Div of CommScope",UHX6-77,A,0.063,25.54501,1.3,,,PETERBOROUGH (1925 TELEVISIONRD)ON,XKU584,010076496-004,Backhaul Network Services Inc.,2018-05-30,False,False,0.0,0.0
TX,8100.0,30.0,27400.0,27M4D7W,4096-QAM,True,1.25|10|30,A,L,B,43.96211111,-78.42594444,173.0,78.0,91.0,311.578078212773,0.419185114143061,45.3,1.0,,A,"Andrew, Div of CommScope",HPX10-77,G,0.0316227766016838,26.8516,1.3,,,Port Hope (3384 Roseberry Hill Rd) ON,XKU589,010068766-006,Backhaul Network Services Inc.,2024-05-30,False,False,0.0,0.0
TX,8100.0,30.0,30000.0,30M0D7W,1024-QAM,True,1.25|10|30,A,M,A,42.92694444,-79.32638889,176.0,73.0,79.0,133.848950146284,-0.287661040606338,41.0,1.2,,A,"Andrew, Div of CommScope",UHX6-77,G,0.05011,21.05084,4.8,,,Wainfleet (37345 WILSON RD),XKU549,010743646-003,Backhaul Network Services Inc.,2021-11-27,False,False,0.0,0.0
TX,8100.0,30.0,27400.0,27M4D7W,1024-QAM,True,1.25|10|30,A,L,B,46.65766389,-80.99452778,300.0,52.0,80.0,231.491288230305,-0.14025126454365,41.0,1.2,,A,"Andrew, Div of CommScope",UHX6-77,B,0.630957344480193,35.5516,1.3,,,HANMER (4980 HWY 69N) ON,CFW632,010728528-003,Backhaul Network Services Inc.,2023-10-31,False,False,0.0,0.0
TX,8100.0,30.0,27400.0,27M4D7W,4096-QAM,True,1.25|10|30,A,L,B,46.50819444,-80.73313889,305.0,110.0,127.0,354.789977453277,-0.201470233647169,41.0,1.2,,A,"Andrew, Div of CommScope",UHX6-77GE,G,0.0635330931851744,25.5816,1.3,,,Stinson (Norvic Dr / ON-17) ON,CFO242,010701407-004,Backhaul Network Services Inc.,2023-12-19,False,False,0.0,0.0
TX,8100.0,30.0,27400.0,27M4D7W,4096-QAM,True,1.25|10|30,A,L,B,45.81834444,-82.61721111,196.0,80.0,122.0,294.983108665918,0.054394235062719,41.0,1.2,,A,"Andrew, Div of CommScope",UHX6-77,G,0.501187233627272,31.0516,4.8,,,EVANSVILLE (16511 HIGHWAY 540) ON,CFF284,010692050-003,Backhaul Network Services Inc.,2022-07-15,False,False,0.0,0.0
TX,8100.0,30.0,27400.0,27M4D7W,1024-QAM,True,1.25|10|30,A,L,B,43.36452778,-80.96066667,364.0,49.0,68.0,185.856451169091,-0.0816239151663822,41.0,1.2,,A,"Andrew, Div of CommScope",UHX6-77,G,0.0794328234724281,21.5516,6.3,,,Stratford (157 Frederick St) ON,CFE733,010683870-004,Backhaul Network Services Inc.,2023-05-08,False,False,0.0,0.0
TX,8100.0,30.0,27400.0,27M4D7W,4096-QAM,True,1.25|10|30,A,L,B,44.76421389,-77.61611944,310.0,70.0,122.0,293.881102162431,0.0739478702474602,43.4,1.4,,A,"Andrew, Div of CommScope",HPX8-77,G,0.0316227766016838,24.9516,1.3,,,MADOC (20100 HWY 62) ON,CFH965,010677707-004,Backhaul Network Services Inc.,2023-10-06,False,False,0.0,0.0
TX,8100.0,30.0,27400.0,27M4D7W,4096-QAM,True,1.25|10|30,A,L,B,44.79922778,-78.11253333,350.0,69.1,72.0,76.1068466929069,-0.0850619337580955,41.0,1.2,,A,"Andrew, Div of CommScope",UHX6-77,G,0.501187233627272,31.0516,4.8,,,APSLEY (87 TUCKERS RD) ON,VBE668,010033229-005,Backhaul Network Services Inc.,2023-07-12,False,False,0.0,0.0
TX,8100.0,30.0,30000.0,30M0D7WET,64-QAM,True,1.25|10|30,A,,B,42.67111111,-81.5325,213.0,67.0,73.0,109.813002503029,-0.126182110182283,41.0,1.2,,A,"Andrew, Div of CommScope",UHX6-77,G,0.1,27.0516,1.8,,,"DUTTON (EMERG LOC # 11626  LARGIE  RD), ON",CFB957,010683829-002,Backhaul Network Services Inc.,2016-08-01,False,False,0.0,0.0
TX,8100.0,30.0,27400.0,27M4D7W,4096-QAM,True,1.25|10|30,A,L,B,44.21836389,-77.23992222,107.0,49.0,60.0,191.992824799417,-0.0329786165243531,42.9,1.1,,A,"Andrew, Div of CommScope",USX8-7W,G,0.1346,27.24205,4.8,,,SHANNONVILLE (326A SHANNONVILLE RD) ON,CFD977,010681865-004,Backhaul Network Services Inc.,2022-03-31,False,False,0.0,0.0
TX,8100.0,30.0,27400.0,27M4D7W,1024-QAM,True,1.25|10|30,A,L,B,46.19936111,-83.02211111,190.0,89.0,108.0,306.3166262018,-0.0270849848369284,43.5,1.0,,A,"Andrew, Div of CommScope",UHX8-77GD,G,0.0398107170553497,26.0516,1.3,,,Blind River (26060 Hwy 17) ON,VDE889,010031329-004,Backhaul Network Services Inc.,2023-12-04,False,False,0.0,0.0
TX,8100.0,30.0,27400.0,27M4D7W,1024-QAM,True,1.25|10|30,A,L,B,45.32970278,-76.14881944,137.0,54.0,70.0,343.819340368122,-0.242899085623808,43.4,1.4,,A,"Andrew, Div of CommScope",HPX8-77,B,0.0794328234724281,25.9516,4.3,,,CARP (2590 MARSHWOOD RD) ON,VEL348,010070878-004,Backhaul Network Services Inc.,2022-09-01,False,False,0.0,0.0
TX,8100.0,10.0,10000.0,10M0D7WET,64-QAM,True,1.25|10|30,A,,B,42.96027778,-79.82583333,197.0,45.0,90.0,252.446940917065,0.125239933315059,41.0,1.2,,A,Ericsson (Marconi/GEC),ML7/8 1.8M HPX,A,0.251188643150958,30.5516,2.3,,,CAYUGA (5459 HWY 3) ON,VYB414,010098310-002,Rogers Communications Canada Inc.,2015-02-12,False,False,0.0,0.0
TX,8100.0,30.0,27400.0,27M4D7W,1024-QAM,True,1.25|10|30,A,L,B,45.50991667,-74.66258333,114.0,55.0,91.0,216.679071696735,-0.197099573944445,42.9,1.2,,A,"Andrew, Div of CommScope",HPX8-71W,A,0.1,25.4516,5.3,,,Vankleek Hill (6414 ON-34) ON,XKU533,010032077-006,Backhaul Network Services Inc.,2022-07-01,False,False,0.0,0.0
TX,8100.0,30.0,30000.0,30M0D7WET,512-QAM,True,1.25|10|30,A,,B,45.27583333,-75.31861111,70.0,58.0,97.0,289.698934219612,-0.0393615787633138,45.2,1.2,,A,"Andrew, Div of CommScope",UHX10-77GD,A,0.1259,21.25186,12.8,,,EMBRUN (960 ST-GUILLAUME RD) ON,XJV259,010032159-005,Backhaul Network Services Inc.,2018-04-20,False,False,0.0,0.0
TX,8100.0,30.0,27400.0,27M4D7W,4096-QAM,True,1.25|10|30,A,L,B,45.30694444,-74.94111111,93.0,48.5,61.0,165.237301667362,0.0847154810911249,41.0,1.2,,A,Ericsson (Marconi/GEC),ML7/8 1.8M HPX,G,0.1584,26.54915,4.3,,,CASSELMAN (HWY 417/HWY 138) ON,VBE699,010031547-004,Backhaul Network Services Inc.,2023-06-25,False,False,0.0,0.0
TX,8100.0,30.0,27400.0,27M4D7W,4096-QAM,True,1.25|10|30,A,L,B,46.2875,-78.5225,182.0,106.7,128.0,268.864433249579,0.122842975485396,41.0,1.2,,A,"Andrew, Div of CommScope",UHX6-77GE,G,0.331,29.24988,4.8,,,MATTAWA (HWY 17/KLOCKS RD)  ON,VEL383,010073950-004,Backhaul Network Services Inc.,2022-06-30,False,False,0.0,0.0
TX,8100.0,30.0,27400.0,27M4D7W,4096-QAM,True,1.25|10|30,A,L,B,46.33408333,-81.57233333,229.0,78.0,91.0,252.723687881636,0.08402973022489,41.0,1.2,,A,"Andrew, Div of CommScope",UHX6-77GE,G,0.357,29.57828,4.8,,,Nairn Centre (100 MacDonald St) ON,VFE751,010074312-006,Backhaul Network Services Inc.,2022-08-16,False,False,0.0,0.0
TX,8100.0,30.0,27400.0,27M4D7W,4096-QAM,True,1.25|10|30,A,L,B,44.86777778,-79.595,218.0,86.5,173.0,67.5344157325748,0.00098040909234807,40.6,1.5,,A,"Andrew, Div of CommScope",USX6-7W,G,0.3162,28.65122,4.8,,,SEVERN FALLS (1879 TAMARACK LN) ON,CKO713,010074283-004,Backhaul Network Services Inc.,2022-03-24,False,False,0.0,0.0
TX,8100.0,30.0,27400.0,27M4D7W,4096-QAM,True,1.25|10|30,A,M,A,42.14222222,-82.9625,184.0,53.1,60.0,83.2454758434526,-0.0883641304149812,42.9,1.2,,A,"Andrew, Div of CommScope",HPX8-71W,G,0.078,24.87255,4.8,,,MCGREGOR (72 SCOTT LANE) ON,CJL843,010031139-005,Backhaul Network Services Inc.,2022-01-25,False,False,0.0,0.0
TX,8100.0,30.0,27400.0,27M4D7W,1024-QAM,True,1.25|10|30,A,L,B,45.84247222,-82.20013889,229.0,80.0,106.0,57.2106025047087,0.0485694764418532,41.0,1.2,,A,"Andrew, Div of CommScope",UHX6-77,B,0.18197,30.6516,0.8,,,MChigeen (West Bay) ON,VYA801,010069927-004,Backhaul Network Services Inc.,2020-10-15,False,False,0.0,0.0
TX,8100.0,30.0,30000.0,30M0D7WET,64-QAM,True,1.25|10|30,A,,B,42.67111111,-81.5325,213.0,50.0,73.0,49.2,0.02,43.5,1.0,,A,"Andrew, Div of CommScope",UHX8-77GD,B,0.7943000684950452,38.05145,2.3,,,DUTTON (LARGIE RD/GAELIC LINE) ON,XKU578,010079036-003,Rogers Communications Canada Inc.,2015-12-31,False,False,0.0,0.0
TX,8100.0,30.0,27400.0,27M4D7W,1024-QAM,True,1.25|10|30,A,,B,43.90002778,-81.31844444,320.0,81.8,84.0,300.538436186083,-0.159012591121773,41.0,1.2,,A,"Andrew, Div of CommScope",UHX6-77,B,0.06,24.33311,2.3,,,Wingham (237 Alice St) ON,CYF214,010072282-005,Backhaul Network Services Inc.,2020-06-01,False,False,0.0,0.0
TX,8100.0,30.0,27400.0,27M4D7W,4096-QAM,True,1.25|10|30,A,L,B,43.75775278,-81.42537778,341.0,69.0,105.0,213.717443469457,-0.208668362001101,42.9,1.1,,A,"Andrew, Div of CommScope",USX8-7W,G,0.0251188643150958,23.4516,1.3,,,BLYTH (39810 MONCRIEFF RD) ON,VFE361,010072285-004,Backhaul Network Services Inc.,2024-01-05,False,False,0.0,0.0
TX,8100.0,30.0,27400.0,27M4D7W,4096-QAM,True,1.25|10|30,A,L,B,44.75638889,-81.16833333,223.0,70.7,91.0,162.131275159585,0.00138205997051164,41.0,1.2,,A,"Andrew, Div of CommScope",UHX6-77,G,0.19952,27.05146,4.8,,,WIARTON (645 NORTH ACRES RD) ON,VBE651,010072492-006,Backhaul Network Services Inc.,2022-03-31,False,False,0.0,0.0
TX,8100.0,30.0,27400.0,27M4D7W,1024-QAM,True,1.25|10|30,A,M,A,43.35694444,-80.51091667,348.0,55.0,65.0,267.302090089302,-0.00345686050183678,41.0,1.2,,A,"Andrew, Div of CommScope",UHX6-77,G,0.125892541179417,21.5516,8.3,,,NEW DUNDEE (1092 BRIDGE ST) ON,VYA643,010072233-004,Backhaul Network Services Inc.,2023-06-02,False,False,0.0,0.0
TX,8100.0,30.0,27400.0,27M4D7W,1024-QAM,True,1.25|10|30,A,M,A,43.23830278,-80.5766,314.0,56.0,90.0,78.7649868965393,-0.281644119010429,41.0,1.2,,A,"Andrew, Div of CommScope",UHX6-77,G,0.125892541179417,22.5516,7.3,,,DRUMBO (806845 OXFORD ROAD 29) ON,VBE676,010072209-004,Backhaul Network Services Inc.,2022-08-01,False,False,0.0,0.0
TX,8100.0,30.0,27400.0,27M4D7W,4096-QAM,True,1.25|10|30,A,L,B,42.13277778,-82.39472222,189.0,76.6,95.0,224.274713766133,-0.174738541395341,43.5,1.0,,A,"Andrew, Div of CommScope",UHX8-77GD,G,0.123,27.45065,4.8,,,CHATHAM-KENT (1845 TALBOT TRAIL) ON,VEL431,010030951-006,Backhaul Network Services Inc.,2022-03-10,False,False,0.0,0.0
TX,8100.0,30.0,27400.0,27M4D7W,4096-QAM,True,1.25|10|30,A,L,B,42.66111111,-80.78194444,198.0,73.1,90.0,98.2164593940135,-0.0901803274032105,41.0,1.2,,A,"Andrew, Div of CommScope",UHX6-77,G,0.5012,31.05171,4.8,,,VIENNA (5372 TEALL NEIL RD) ON,VEM660,010031551-004,Backhaul Network Services Inc.,2022-03-11,False,False,0.0,0.0
TX,8100.0,30.0,27400.0,27M4D7W,4096-QAM,True,1.25|10|30,A,M,A,43.41388889,-80.06083333,279.0,55.1,64.0,235.333491157718,-0.0803787146158963,41.0,1.2,,A,"Andrew, Div of CommScope",UHX6-77,G,0.1259,25.55186,4.3,,,Freelton (Hwy 6) ON,XKX933,010072188-004,Backhaul Network Services Inc.,2021-09-01,False,False,0.0,0.0
TX,8100.0,30.0,30000.0,30M0D7WET,64-QAM,True,1.25|10|30,A,,B,43.92833333,-79.05944444,186.0,46.5,48.0,97.9051595998672,-0.458546116914597,41.0,1.2,,A,"Andrew, Div of CommScope",UHX6-77,G,1.0,35.0516,3.8,,,PICKERING (2585 CONCESSION RD 6) ON,VEL662,010074535-002,Backhaul Network Services Inc.,2014-10-29,False,False,0.0,0.0
TX,8100.0,30.0,27400.0,27M4D7W,4096-QAM,True,1.25|10|30,A,L,B,43.13878611,-81.56183611,233.0,82.0,91.0,179.050509883619,-0.0854971825623783,40.6,1.5,,A,"Andrew, Div of CommScope",USX6-7W,G,0.0630957344480193,25.1516,1.3,,,AILSA CRAIG (CASSIDY RD/HWY 7) ON,VFE459,010031383-005,Backhaul Network Services Inc.,2022-07-15,False,False,0.0,0.0
TX,8100.0,30.0,27400.0,27M4D7W,4096-QAM,True,1.25|10|30,A,,B,45.14527778,-79.98805556,184.0,46.5,50.0,107.808201918976,0.276975310905826,40.6,1.5,,A,"Andrew, Div of CommScope",USX6-7W,G,0.3724,29.3617,4.8,,,WOODS BAY (GRISDALES RD) ON,CIO925,010069453-004,Backhaul Network Services Inc.,2022-03-31,False,False,0.0,0.0
TX,8100.0,30.0,30000.0,30M0D7WET,64-QAM,True,1.25|10|30,A,L,B,45.53833333,-79.92138889,259.0,86.0,106.0,196.899901342959,-0.182115598277936,41.0,1.2,,A,"Andrew, Div of CommScope",UHX6-77,A,0.25,28.531,4.3,,,MCKELLAR (897 HWY 124) ON,VFE961,010069429-004,Backhaul Network Services Inc.,2020-07-01,False,False,0.0,0.0
TX,8100.0,30.0,27400.0,27M4D7W,4096-QAM,True,1.25|10|30,A,L,B,45.67673056,-79.641525,304.0,77.1,107.0,112.23797422124,-0.0188535514935417,43.5,1.0,,A,"Andrew, Div of CommScope",UHX8-77GD,G,0.2512,30.5518,4.8,,,MAGNETAWAN (12 JACKSONS RD) ON,VFE214,010069421-003,Backhaul Network Services Inc.,2022-03-01,False,False,0.0,0.0
TX,8100.0,30.0,27400.0,27M4D7W,4096-QAM,True,1.25|10|30,A,L,B,44.32253056,-79.15154722,267.0,63.5,135.0,187.99842671835,-0.0138365368622914,40.8,1.5,,A,"Andrew, Div of CommScope",HX6-7W,G,0.0371535229097172,23.0516,1.3,,,PEFFERLAW (400 DURHAM REGIONAL RD 12) ON,VEM464,010069413-006,Backhaul Network Services Inc.,2025-09-18,False,False,0.0,0.0
TX,8100.0,30.0,27300.0,27M3D7WET,512-QAM,True,1.25|10|30,A,,B,44.77177778,-79.99091667,310.0,42.0,78.0,108.830678917555,-0.492180469764489,41.0,1.2,,A,"Andrew, Div of CommScope",UHX6-77GE,A,0.5012,33.55171,2.3,,,Penetanguishene (318 Concession Rd 15 E) ON,XKX923,010069391-004,Backhaul Network Services Inc.,2018-08-01,False,False,0.0,0.0
TX,8100.0,30.0,28000.0,28M0D7WET,256-QAM,True,1.25|10|30,A,,B,46.21,-82.20916667,221.0,61.0,122.0,272.0,-0.016,43.5,1.0,,A,"Andrew, Div of CommScope",UHX8-77GD,B,0.5012,35.6516,2.7,,,WALFORD (80 WITHERS RD) ON,VDE890,010069329-002,Backhaul Network Services Inc.,2013-10-31,False,False,0.0,0.0
TX,8100.0,30.0,28000.0,28M0D7WET,256-QAM,True,1.25|10|30,A,,B,46.21,-82.20916667,221.0,64.0,122.0,75.0,-0.016,43.5,1.0,,A,"Andrew, Div of CommScope",UHX8-77GD,A,0.5012,35.65171,2.7,,,WALFORD (80 WITHERS RD) ON,VDE890,010069327-003,Backhaul Network Services Inc.,2017-03-06,False,False,0.0,0.0
TX,8100.0,30.0,30000.0,30M0D7WET,256-QAM,True,1.25|10|30,A,L,B,46.38888889,-80.01055556,221.0,102.0,127.0,0.0,0.049392471490987,43.4,1.4,,A,"Andrew, Div of CommScope",HPX8-77,G,0.07585,29.25116,0.8,,,Cache Bay (Hwy 17/Gauthier Rd) ON,XKX945,010069110-004,Backhaul Network Services Inc.,2020-10-15,False,False,0.0,0.0
TX,8100.0,30.0,27400.0,27M4D7W,4096-QAM,True,1.25|10|30,A,L,B,43.00549167,-80.6464,278.0,58.0,95.0,185.996723920945,-0.1876341279715,40.6,1.5,,A,"Andrew, Div of CommScope",USX6-7W,G,0.24946,27.62161,4.8,,,NORWICH (713516 MIDDLETOWN LINE) ON,VYB475,010068782-004,Rogers Communications Canada Inc.,2022-03-31,False,False,0.0,0.0
TX,8100.0,30.0,30000.0,30M0D7WET,64-QAM,True,1.25|10|30,A,,B,44.47861111,-80.62194444,430.0,56.0,100.0,204.9,-0.018,41.0,1.2,,A,"Andrew, Div of CommScope",UHX6-77,G,1.0,35.0516,3.8,,,"ROCKLYN (MEAFORD, ON)",CKY566,010033631-002,Backhaul Network Services Inc.,2014-04-01,False,False,0.0,0.0
TX,8100.0,30.0,27400.0,27M4D7W,4096-QAM,True,1.25|10|30,A,L,B,45.69341667,-81.99324722,252.0,80.0,106.0,187.260353840532,-0.379968998390189,41.0,1.2,,A,"Andrew, Div of CommScope",UHX6-77,G,0.19952,27.05146,4.8,,,TEHKUMMAH (39 CASE RD) ON,CIN863,010033599-006,Backhaul Network Services Inc.,2022-03-31,False,False,0.0,0.0
TX,8100.0,30.0,27400.0,27M4D7W,4096-QAM,True,1.25|10|30,A,L,B,43.92836111,-80.87430556,382.0,70.1,100.0,20.3927138973464,-0.047347942744045,42.9,1.1,,A,"Andrew, Div of CommScope",USX8-7W,G,0.0251188643150958,23.4516,1.3,,,Harriston (6066 10th Line) ON,VFE675,010033587-004,Backhaul Network Services Inc.,2023-09-08,False,False,0.0,0.0
TX,8100.0,30.0,27400.0,27M4D7W,4096-QAM,True,1.25|10|30,A,L,B,44.59277778,-75.72944444,120.0,55.0,61.0,277.462640168065,-0.00688608225961754,42.9,1.1,,A,"Andrew, Div of CommScope",USX8-7W,G,0.141,27.44379,4.8,,,BROCKVILLE (2566 CHEMICAL RD) ON,XKX900,010033511-005,Backhaul Network Services Inc.,2022-02-14,False,False,0.0,0.0
TX,8100.0,30.0,27400.0,27M4D7W,1024-QAM,True,1.25|10|30,A,L,B,45.53875,-79.91988889,259.0,85.0,106.0,338.630757713957,-0.111634730740091,42.9,1.2,,A,"Andrew, Div of CommScope",HPX8-71W,B,0.12274,30.84146,0.8,,,McKellar (897 Hwy 124) ON,VFE961,010033267-003,Backhaul Network Services Inc.,2020-12-17,False,False,0.0,0.0
TX,8100.0,30.0,27400.0,27M4D7W,4096-QAM,True,1.25|10|30,A,L,B,43.39063889,-81.29536111,328.0,61.0,98.0,108.964477007657,-0.0411056894505471,40.6,1.5,,A,"Andrew, Div of CommScope",USX6-7W,G,0.315,28.63471,4.8,,,Russeldale (2888 Road 168) ON,VFF928,010033231-003,Backhaul Network Services Inc.,2022-03-01,False,False,0.0,0.0
TX,8100.0,30.0,27400.0,27M4D7W,4096-QAM,True,1.25|10|30,A,L,B,42.80780278,-81.56575,217.0,76.5,100.0,233.8,-0.03,41.0,1.2,,A,"Andrew, Div of CommScope",UHX6-77,G,0.2512,28.0518,4.8,,,MELBOURNE (6278 LONGWOODS RD) ON,VEM701,010033157-003,Backhaul Network Services Inc.,2022-03-28,False,False,0.0,0.0
TX,8100.0,30.0,27400.0,27M4D7W,4096-QAM,True,1.25|10|30,A,L,B,44.09472222,-80.12075,493.0,49.5,60.0,318.372085984565,-0.0102834445139688,42.9,1.2,,A,"Andrew, Div of CommScope",HPX8-71W,G,0.186,28.64673,4.8,,,Primrose (507023 ON-89) ON,VEL895,010033147-005,Backhaul Network Services Inc.,2022-03-30,False,False,0.0,0.0
TX,8100.0,30.0,27400.0,27M4D7W,1024-QAM,True,1.25|10|30,A,L,B,43.31007778,-80.86003333,342.0,62.0,90.0,155.235372945741,-0.13420843289582,41.0,1.2,,A,"Andrew, Div of CommScope",UHX6-77GE,A,0.0794328234724281,24.5516,3.3,,,"HICKSON (537135, OXFORD RD 34) ON",VEM834,010033123-003,Backhaul Network Services Inc.,2022-12-13,False,False,0.0,0.0
TX,8100.0,30.0,30000.0,30M0D7WET,128-QAM,True,1.25|10|30,A,,B,42.93722222,-82.35611111,189.0,64.0,70.0,65.9,-0.094,41.0,1.2,,A,Ericsson (Marconi/GEC),ML7/8 1.8M HPX,A,0.3981,31.1516,3.7,,,SARNIA (360 GLADWISH DRIVE) ON,VEL677,010033031-001,Rogers Communications Canada Inc.,2010-10-01,False,False,0.0,0.0
TX,8100.0,30.0,27400.0,27M4D7W,4096-QAM,True,1.25|10|30,A,L,B,42.43493333,-81.86458611,225.0,54.0,100.0,170.14762429032,-0.304433375979904,40.6,1.5,,A,"Andrew, Div of CommScope",USX6-7W,G,0.1259,24.65186,4.8,,,RIDGETOWN (12930 GOLF COURSE LINE) ON,CKO340,010032947-005,Backhaul Network Services Inc.,2022-03-01,False,False,0.0,0.0
TX,8100.0,30.0,27400.0,27M4D7W,4096-QAM,True,1.25|10|30,A,L,B,44.75638889,-81.16833333,223.0,78.3,91.0,354.886980867914,-0.0963170686939958,41.0,1.2,,A,"Andrew, Div of CommScope",UHX6-77,G,0.2512,28.0518,4.8,,,WIARTON (645 NORTHACRES RD) ON,VBE651,010032739-006,Backhaul Network Services Inc.,2022-04-01,False,False,0.0,0.0
TX,8100.0,30.0,27400.0,27M4D7W,4096-QAM,True,1.25|10|30,A,L,B,44.16997222,-80.89505556,337.0,48.0,75.0,256.572595097802,-0.104447614663363,42.9,1.1,,A,"Andrew, Div of CommScope",HX8-7W,G,0.0318419752172612,24.4816,1.3,,,Vickers (402304 Grey Rd 4) ON,CGS459,010032509-006,Backhaul Network Services Inc.,2023-12-15,False,False,0.0,0.0
TX,8100.0,30.0,27400.0,27M4D7W,4096-QAM,True,1.25|10|30,A,L,B,44.26878333,-78.34088056,191.0,50.0,66.0,210.881441144526,0.0944033748233932,40.6,1.5,,A,"Andrew, Div of CommScope",USX6-7W,G,0.29,28.27558,4.8,,,PETERBOROUGH (1049 CRAWFORD DR) ON,VDS257,010032427-004,Backhaul Network Services Inc.,2022-02-01,False,False,0.0,0.0
TX,8100.0,30.0,27400.0,27M4D7W,4096-QAM,True,1.25|10|30,A,L,B,44.01491111,-80.57619167,474.0,73.6,136.0,243.923637318895,-0.317716498299997,42.9,1.2,,A,"Andrew, Div of CommScope",HPX8-71W,G,0.0158489319246111,21.4516,1.3,,,CONN (031200 GREY COUNTY RD 14) ON,CHX771,010032391-006,Backhaul Network Services Inc.,2025-06-01,False,False,0.0,0.0
TX,8100.0,30.0,30000.0,30M0D7WET,64-QAM,True,1.25|10|30,A,,B,42.70694444,-82.28111111,188.0,88.0,111.0,272.399611134375,-0.183470825928867,40.7,1.6,,A,"Andrew, Div of CommScope",HPX6-77,A,0.01584893192461113,19.6516,0.9,,,WALLACEBURG (1291 BRIGDEN RD) ON,XKX925,010032331-004,Backhaul Network Services Inc.,2017-01-26,False,False,0.0,0.0
TX,8100.0,30.0,27400.0,27M4D7W,4096-QAM,True,1.25|10|30,A,L,B,46.12388889,-77.56166667,197.0,116.1,125.0,287.268410286102,-0.159321234000557,43.4,1.4,,A,"Andrew, Div of CommScope",HPX8-77,G,0.1,26.4516,4.8,,,LAURENTIAN HILLS  (163 BASS LAKE RD) ON,VEL387,010032285-005,Backhaul Network Services Inc.,2022-03-25,False,False,0.0,0.0
TX,8100.0,30.0,30000.0,30M0D7WET,64-QAM,True,1.25|10|30,A,,B,42.27833333,-82.37861111,177.0,44.0,60.0,65.4772294329366,-0.0557947712403791,41.0,1.2,,A,"Andrew, Div of CommScope",UHX6-77,A,0.1995,30.05103,1.8,,,TILBURY (4241 QUEENS LINE) ON,VDE899,010032261-003,Backhaul Network Services Inc.,2017-07-12,False,False,0.0,0.0
TX,8100.0,30.0,27400.0,27M4D7W,4096-QAM,True,1.25|10|30,A,,B,45.27583333,-75.31861111,70.0,50.0,97.0,80.2514867487493,-0.0260469411489315,40.6,1.5,,A,"Andrew, Div of CommScope",USX6-7W,G,0.2512,27.6518,4.8,,,EMBRUN (960 ST-GUILLAUME RD) ON,XJV259,010032253-005,Backhaul Network Services Inc.,2022-02-01,False,False,0.0,0.0
TX,8100.0,30.0,30000.0,30M0D7W,1024-QAM,True,1.25|10|30,A,L,B,43.00333333,-81.80472222,251.0,44.0,96.0,305.229381304694,-0.135422670599131,43.5,1.0,,A,"Andrew, Div of CommScope",UHX8-77GD,G,0.158489,28.55159,4.8,,,WATFORD (8885 EGREMONT ROAD) ON,XKX912,010032219-005,Backhaul Network Services Inc.,2021-11-28,False,False,0.0,0.0
TX,8100.0,30.0,27400.0,27M4D7W,4096-QAM,True,1.25|10|30,A,M,A,45.45513889,-75.58541667,53.0,28.0,40.0,35.3280697104253,0.365874654496846,41.0,1.2,,A,"Andrew, Div of CommScope",UHX6-77,G,0.19861,27.03161,4.8,,,"Ottawa, ON (5345 Canotek Road)",VEA992,010032153-003,Rogers Communications Canada Inc.,2022-03-31,False,False,0.0,0.0
TX,8100.0,30.0,27400.0,27M4D7W,4096-QAM,True,1.25|10|30,A,L,B,43.52788333,-80.76488611,385.0,83.4,100.0,95.0888803438814,-0.339221879976065,43.4,1.4,,A,"Andrew, Div of CommScope",HPX8-77,G,0.1995,29.45103,4.8,,,WELLESLEY (2437 MANSER RD) ON,CIN944,010032149-004,Backhaul Network Services Inc.,2022-03-31,False,False,0.0,0.0
TX,8100.0,30.0,27400.0,27M4D7W,4096-QAM,True,1.25|10|30,A,L,B,45.30694444,-74.94111111,93.0,30.0,61.0,51.2533951512475,0.0126559633159621,42.9,1.2,,A,"Andrew, Div of CommScope",HPX8-71W,G,0.1584,28.44915,4.3,,,CASSELMAN (HWY 417/HWY 138) ON,VBE699,010032079-004,Backhaul Network Services Inc.,2023-06-25,False,False,0.0,0.0
TX,8100.0,30.0,27400.0,27M4D7W,4096-QAM,True,1.25|10|30,A,M,A,44.54675,-79.68188889,381.0,25.0,37.0,187.219939691937,-0.312100778216467,41.0,1.2,,A,"Andrew, Div of CommScope",UHX6-77,G,0.19953,27.05168,4.8,,,Horseshoe Valley (3513 Line 3 N) ON,VEA455,010032075-006,Backhaul Network Services Inc.,2022-02-01,False,False,0.0,0.0
TX,8100.0,30.0,27400.0,27M4D7W,4096-QAM,True,1.25|10|30,A,L,B,42.56,-82.19594444,182.0,58.0,89.0,283.874167647122,-0.144496887193538,42.9,1.1,,A,"Andrew, Div of CommScope",USX8-7W,G,0.1585,27.95189,4.8,,,DRESDEN (25838 LINDSAY RD) ON,VEM267,010031979-005,Backhaul Network Services Inc.,2022-03-15,False,False,0.0,0.0
TX,8100.0,30.0,27400.0,27M4D7W,4096-QAM,True,1.25|10|30,A,L,B,44.93643611,-75.14688056,85.0,82.6,91.0,57.3688436961452,-0.193200419199578,43.5,1.0,,A,"Andrew, Div of CommScope",UHX8-77GD,G,0.1,26.5516,4.8,,,MORRISBURG (HWY 401 / HWY 8) ON,XKX902,010031879-004,Backhaul Network Services Inc.,2022-04-01,False,False,0.0,0.0
TX,8100.0,30.0,30000.0,30M0D7WET,128-QAM,True,1.25|10|30,A,,B,43.36194444,-79.86583333,259.0,67.0,106.0,183.5,-0.365,43.4,1.4,,A,"Andrew, Div of CommScope",HPX8-77,A,0.1995,22.0516,12.2,,,BURLINGTON (1245 DUNDAS ST) ON,XKU501,010031831-001,Rogers Communications Canada Inc.,2010-08-27,False,False,0.0,0.0
TX,8100.0,30.0,30000.0,30M0D7WET,256-QAM,True,1.25|10|30,A,,B,44.11305556,-80.02083333,380.0,86.0,100.0,73.0,-0.912,41.0,1.2,,A,"Andrew, Div of CommScope",UHX6-77,A,0.1259,27.5516,2.3,,,ROSEMONT(.4 KM S RD 18 / HWY 89 )ON,VEM675,010031803-001,Rogers Communications Canada Inc.,2014-04-01,False,False,0.0,0.0
TX,8100.0,30.0,27400.0,27M4D7W,4096-QAM,True,1.25|10|30,A,,B,44.66105556,-76.35525,140.0,110.0,122.0,357.010851859413,-0.0532467212866376,43.5,1.0,,A,"Andrew, Div of CommScope",UHX8-77GD,G,0.153,28.39851,4.8,,,Westport (9140 CR-42) ON,VBE601,010031779-005,Backhaul Network Services Inc.,2022-02-18,False,False,0.0,0.0
TX,8100.0,30.0,27400.0,27M4D7W,1024-QAM,True,1.25|10|30,A,L,B,44.58783611,-78.16448333,289.0,65.0,106.0,259.288869175454,-0.0176071660384075,41.0,1.2,,A,"Andrew, Div of CommScope",UHX6-77,G,0.630957344480193,32.5516,4.3,,,HARCOURT (5914 HWY 28) ON,VAD497,010031741-006,Backhaul Network Services Inc.,2022-09-01,False,False,0.0,0.0
TX,8100.0,30.0,27400.0,27M4D7W,4096-QAM,True,1.25|10|30,A,M,A,44.11205556,-78.91669444,277.0,50.4,76.0,340.771894944341,-0.00107379887190539,43.5,1.0,,A,"Andrew, Div of CommScope",UHX8-77GD,G,0.19275,29.40154,4.8,,,Port Perry (Head Rd / Island Rd) ON,VAD464,010031733-003,Backhaul Network Services Inc.,2022-02-01,False,False,0.0,0.0
TX,8100.0,30.0,27400.0,27M4D7W,1024-QAM,True,1.25|10|30,A,L,B,45.39894444,-76.60942778,216.0,78.2,92.0,318.648031952492,-0.200429395844997,44.9,1.0,,A,"Andrew, Div of CommScope",HPX10-71W,A,0.0794328234724281,30.4516,1.3,,,BURNSTOWN (2195 BURNSTOWN RD) ON,VAD402,010031671-008,Backhaul Network Services Inc.,2022-10-21,False,False,0.0,0.0
TX,8100.0,30.0,27400.0,27M4D7W,4096-QAM,True,1.25|10|30,A,L,B,45.81888889,-77.15388889,150.0,50.3,107.0,135.718460658077,0.0682598326493743,42.9,1.2,,A,"Andrew, Div of CommScope",HPX8-71W,G,0.118,26.67042,4.8,,,"PEMBROKE, ON-219 TV TOWER ROAD",VAD404,010031669-006,Backhaul Network Services Inc.,2022-02-14,False,False,0.0,0.0
TX,8100.0,10.0,10000.0,10M0D7WET,64-QAM,True,1.25|10|30,A,,B,49.70222222,-94.7875,358.0,116.0,148.0,70.1,-0.115,43.5,1.0,,A,"Andrew, Div of CommScope",UHX8-77GD,A,0.7943,35.6516,4.7,,,CLEARWATER BAY(MACCALLUM PNT RD) ON,XJV269,010031657-001,Rogers Communications Canada Inc.,2010-12-15,False,False,0.0,0.0
TX,8100.0,30.0,27400.0,27M4D7W,4096-QAM,True,1.25|10|30,A,M,A,42.9465,-81.18105556,275.0,41.5,49.0,61.9578688355458,0.0681832222695671,40.6,1.5,,A,"Andrew, Div of CommScope",USX6-7W,G,0.335,28.90205,4.8,,,London (1555 Bradley Ave) ON,VAD461,010031651-004,Backhaul Network Services Inc.,2022-02-10,False,False,0.0,0.0
TX,8100.0,10.0,10000.0,10M0D7WET,64-QAM,True,1.25|10|30,A,,B,44.48444444,-78.56944444,272.0,53.0,105.0,185.386899524728,0.0464779084060334,43.5,1.0,,A,"Andrew, Div of CommScope",UHX8-77GD,A,0.1995,31.95103,2.4,,,DUNSFORD (HWY 36/STEELES LINE) ON,CJL824,010031633-002,Rogers Communications Canada Inc.,2015-01-13,False,False,0.0,0.0
TX,8100.0,30.0,30000.0,30M0D7WET,64-QAM,True,1.25|10|30,A,,B,44.20444444,-76.76611111,109.0,55.0,100.0,232.225020107764,-0.181903934965238,43.5,1.0,,A,"Andrew, Div of CommScope",UHX8-77GD,A,0.01258925411794167,17.9516,4.4,,,BATH (1610 DOYLE RD) ON,VEM645,010031609-003,Rogers Communications Canada Inc.,2017-01-26,False,False,0.0,0.0
TX,8100.0,30.0,30000.0,30M0D7WET,256-QAM,True,1.25|10|30,A,L,B,48.49472222,-81.20888889,297.0,79.0,100.0,72.724766175998,-0.08984932724953,43.4,1.4,,A,"Andrew, Div of CommScope",HPX8-77,A,0.0398107170553497,26.3516,0.9,,,TIMMINS (1310 FERGUSON RD) ON,VEL757,010031575-005,Backhaul Network Services Inc.,2021-01-15,False,False,0.0,0.0
TX,8100.0,30.0,27400.0,27M4D7W,4096-QAM,True,1.25|10|30,A,L,B,42.66111111,-80.78194444,198.0,72.5,90.0,282.825592348036,-0.00876685998745474,43.5,1.0,,A,"Andrew, Div of CommScope",UHX8-77GD,G,0.5012,33.55171,4.8,,,VIENNA (5372 TEALL NEIL RD) ON,VEM660,010031553-003,Backhaul Network Services Inc.,2022-03-11,False,False,0.0,0.0
TX,8100.0,30.0,27400.0,27M4D7W,4096-QAM,True,1.25|10|30,A,L,B,44.28812778,-81.07914722,280.0,54.0,100.0,269.761234235793,-0.199867241154093,41.0,1.2,,A,"Andrew, Div of CommScope",UHX6-77,G,0.0501187233627272,24.5516,1.3,,,Chesley (2255 Bruce Rd 19) ON,VFE256,010031419-006,Backhaul Network Services Inc.,2023-08-22,False,False,0.0,0.0
TX,8100.0,30.0,27400.0,27M4D7W,4096-QAM,True,1.25|10|30,A,,B,45.46361111,-75.16388889,50.0,74.3,91.0,60.9879338136932,-0.0021617028991033,43.5,1.0,,A,"Andrew, Div of CommScope",UHX8-77GD,G,0.0998,26.54291,4.8,,,BOURGET (2333 LALONDE RD) ON,XKU532,010031395-004,Backhaul Network Services Inc.,2022-03-31,False,False,0.0,0.0
TX,8100.0,30.0,27400.0,27M4D7W,4096-QAM,True,1.25|10|30,A,L,B,43.61094444,-81.37905556,324.0,75.0,96.0,36.95049384974,0.00838954727688904,42.9,1.1,,A,"Andrew, Div of CommScope",USX8-7W-6GF,G,0.0230674718872007,23.0816,1.3,,,SEAFORTH (42325 SUMMERHILL RD) ON,CYF213,010031355-006,Backhaul Network Services Inc.,2023-02-03,False,False,0.0,0.0
TX,8100.0,30.0,27300.0,27M3D7WET,512-QAM,True,1.25|10|30,A,L,B,45.32970278,-76.14881944,137.0,49.5,70.0,148.739174546221,-0.0375115747904229,42.9,1.2,,A,"Andrew, Div of CommScope",HPX8-71W,A,0.0251188643150958,23.4516,1.3,,,CARP (2590 MARSHWOOD RD) ON,VEL348,010031349-005,Backhaul Network Services Inc.,2022-09-01,False,False,0.0,0.0
TX,8100.0,30.0,27400.0,27M4D7W,4096-QAM,True,1.25|10|30,A,L,B,42.40180556,-82.02580556,188.0,65.0,74.0,14.6630436325609,-0.100928962542125,42.9,1.1,,A,"Andrew, Div of CommScope",USX8-7W,G,0.12589,26.95151,4.8,,,Pinehurst (10491 Burk Line) ON,CYF652,010031335-004,Backhaul Network Services Inc.,2022-03-15,False,False,0.0,0.0
TX,8100.0,30.0,27400.0,27M4D7W,4096-QAM,True,1.25|10|30,A,,B,43.94277778,-77.22722222,97.0,72.0,100.0,285.205805728497,-0.0829608101353027,42.9,1.1,,A,"Andrew, Div of CommScope",USX8-7W,G,0.147,27.62477,4.8,,,WEST LAKE (S/W RR12 AND RIDGE RD) ON,CIN646,010031255-005,Backhaul Network Services Inc.,2022-02-18,False,False,0.0,0.0
TX,8100.0,30.0,27400.0,27M4D7W,1024-QAM,True,1.25|10|30,A,L,B,44.05880556,-81.58925,238.0,75.0,80.0,139.517093307824,0.24473855913827,41.0,1.2,,A,Ericsson (Marconi/GEC),ML7/8 1.8M HPX,A,0.05,23.5413,2.3,,,Ripley (691 CR-7) ON,VFE239,010031227-005,Backhaul Network Services Inc.,2020-06-01,False,False,0.0,0.0
TX,8100.0,30.0,27400.0,27M4D7W,4096-QAM,True,1.25|10|30,A,L,B,43.31531389,-81.306725,305.0,79.0,100.0,224.8,-0.123,42.9,1.1,,A,"Andrew, Div of CommScope",USX8-7W,G,0.0251188643150958,23.4516,1.3,,,KIRKTON (5857 LINE 8) ON,CIO687,010031181-004,Backhaul Network Services Inc.,2024-04-26,False,False,0.0,0.0
TX,8100.0,10.0,10000.0,10M0D7WET,64-QAM,True,1.25|10|30,A,,B,43.63058333,-80.12344444,378.0,57.0,100.0,254.157450974706,-0.151455176978262,41.0,1.2,,A,"Andrew, Div of CommScope",UHX6-77,A,0.199526231496888,25.5516,6.3,,,ROCKWOOD (8547 WELLINGTON RD 50) ON,VEL985,010031111-004,Rogers Communications Canada Inc.,2016-08-09,False,False,0.0,0.0
TX,8100.0,10.0,10000.0,10M0D7WET,64-QAM,True,1.25|10|30,A,,B,42.87444444,-80.13111111,208.0,52.0,91.0,221.402299464064,-0.0755383072933115,42.9,1.2,,A,"Andrew, Div of CommScope",HPX8-71W,A,0.398107170553497,26.9516,9.8,,,JARVIS (OLD 3 HWY/TALBOT RD )  ON,VEL456,010030973-002,Rogers Communications Canada Inc.,2014-12-30,False,False,0.0,0.0
TX,8100.0,30.0,27400.0,27M4D7W,4096-QAM,True,1.25|10|30,A,L,B,44.02797222,-77.89208333,205.0,81.0,91.0,257.021584215187,-0.268262128119603,41.0,1.2,,A,"Andrew, Div of CommScope",UHX6-77GE,G,0.501187233627272,31.0516,4.8,,,Colborne (220 Herley Rd) ON,XKU591,010030835-006,Backhaul Network Services Inc.,2025-09-02,False,False,0.0,0.0
TX,8100.0,30.0,27400.0,27M4D7W,4096-QAM,True,1.25|10|30,A,L,B,42.14972222,-82.64388889,190.0,65.0,89.0,34.8066503360843,-0.14826801020296,43.5,1.0,,A,"Andrew, Div of CommScope",UHX8-77GD,G,0.2512,31.0518,4.3,,,ALBUNA (ROAD 10/ALBUNA TOWNLINE) ON,VFE296,010030783-007,Backhaul Network Services Inc.,2021-09-01,False,False,0.0,0.0
TX,8097.5,5.0,5000.0,5M00D7WET,128-QAM,True,1.25|5,A,,B,43.89555556,-78.77611111,130.0,35.0,37.0,82.6,-0.004,41.0,1.2,,A,"Andrew, Div of CommScope",UHX6-77,A,0.1995,31.2516,0.6,,,COURTICE (1696 BLOOR ST) ON,VEA898,010032121-001,Rogers Communications Canada Inc.,2013-04-01,False,False,0.0,0.0
TX,8095.0,20.0,20000.0,20M0D7WET,64-QAM,True,1.25|20,A,,B,46.54722222,-79.58361111,371.0,79.0,127.0,297.904665135904,-0.218350232604712,43.4,1.4,,A,"Andrew, Div of CommScope",HPX8-77,A,1.0,30.4516,10.8,,,Tilden Lake (Hwy 11) ON,CYF334,010069925-003,Backhaul Network Services Inc.,2017-01-27,False,False,0.0,0.0
TX,8075.0,20.0,20000.0,20M0D7WET,64-QAM,True,1.25|20,A,,B,46.54722222,-79.58361111,371.0,79.0,127.0,297.904665135904,-0.218350232604712,43.4,1.4,,A,"Andrew, Div of CommScope",HPX8-77,B,1.0,30.4516,10.8,,,Tilden Lake (Hwy 11) ON,CYF334,010069925-003,Backhaul Network Services Inc.,2017-01-27,False,False,0.0,0.0
TX,8070.0,30.0,27400.0,27M4D7W,4096-QAM,True,1.25|10|30,A,L,B,44.88908333,-78.38766667,382.0,66.0,108.0,11.7428561244993,0.0661509124150566,42.9,1.1,,A,"Andrew, Div of CommScope",USX8-7W,G,0.0794328234724281,28.4516,1.3,,,Gooderham (7959 Buckhorn Rd) ON,VEM847,011121074-001,Backhaul Network Services Inc.,2026-06-01,False,False,0.0,0.0
TX,8070.0,30.0,27400.0,27M4D7W,4096-QAM,True,1.25|10|30,A,L,B,47.409625,-79.666825,305.0,78.0,97.5,115.225971381266,-0.288630904321568,40.6,1.5,,A,"Andrew, Div of CommScope",USX6-7W,G,0.1,27.1516,1.3,,,HAILEYBURY (LOT 1 CONCESSION 9) ON,CIK673,011132326-001,Rogers Communications Canada Inc.,2026-06-01,False,False,0.0,0.0
TX,8070.0,30.0,27400.0,27M4D7W,4096-QAM,True,1.25|10|30,A,L,B,45.16561944,-77.54359444,356.0,80.0,90.0,268.790408035482,0.156465162686468,42.9,1.1,,A,"Andrew, Div of CommScope",USX8-7W,G,0.0398107170553497,25.4516,1.3,,,Mcarthurs Mills (514 Lalande Rd) ON,CIZ525,011119474-001,Backhaul Network Services Inc.,2026-05-21,False,False,0.0,0.0
TX,8070.0,30.0,27400.0,27M4D7W,4096-QAM,True,1.25|10|30,A,L,B,44.79541389,-77.83021667,348.0,75.0,90.0,255.339132984873,-0.150066349102016,42.9,1.1,,A,"Andrew, Div of CommScope",USX8-7W,G,0.0501187233627272,26.4516,1.3,,,WOLLASTON (2 THE RIDGE RD) ON,CIZ576,011121071-001,Backhaul Network Services Inc.,2026-05-20,False,False,0.0,0.0
TX,8070.0,30.0,27400.0,27M4D7W,4096-QAM,True,1.25|10|30,A,L,B,45.20775278,-77.65833889,390.0,65.0,91.0,208.224316094474,-0.200273655593005,42.9,1.1,,A,"Andrew, Div of CommScope",USX8-7W,G,0.0398107170553497,25.4516,1.3,,,Boulter (539 Kuno Rd) ON,CIX848,011120883-001,Backhaul Network Services Inc.,2026-03-07,False,False,0.0,0.0
TX,8070.0,30.0,27400.0,27M4D7W,4096-QAM,True,1.25|10|30,A,L,B,45.36442222,-77.42239722,405.0,80.0,90.0,184.355986446885,-0.205186429857155,42.9,1.1,,A,"Andrew, Div of CommScope",USX8-7W,G,0.0251188643150958,23.4516,1.3,,,PALMER RAPIDS (1269 LETTER KENNY RD) ON,CIX272,011120519-001,Backhaul Network Services Inc.,2026-02-27,False,False,0.0,0.0
TX,8070.0,30.0,27400.0,27M4D7W,4096-QAM,True,1.25|10|30,A,L,B,44.88,-77.19780556,325.0,62.5,139.0,359.859949541007,0.243024707295256,42.9,1.1,,A,"Andrew, Div of CommScope",USX8-7W,G,0.125892541179417,30.4516,1.3,,,"CLOYNE (15747 HWY 41, NORTH FRONTENAC) ON",CIX265,011109714-002,Backhaul Network Services Inc.,2025-12-31,False,False,0.0,0.0
TX,8070.0,30.0,27400.0,27M4D7W,4096-QAM,True,1.25|10|30,A,L,B,45.55547222,-77.40455556,179.0,85.0,100.0,276.144585572903,0.292675990040382,42.9,1.1,,A,"Andrew, Div of CommScope",USX8-7W,G,0.125892541179417,30.4516,1.3,,,KILLALOE (171 WATER ST) ON,VFG406,011077478-002,Backhaul Network Services Inc.,2025-12-19,False,False,0.0,0.0
TX,8070.0,30.0,27400.0,27M4D7W,4096-QAM,True,1.25|10|30,A,L,B,48.46166667,-81.32722222,307.0,48.0,60.0,247.292009299605,-0.0324996080215662,40.6,1.5,,A,"Andrew, Div of CommScope",USX6-7W,G,0.076383578357769,25.9816,1.3,,,Timmins (629 Spruce St S) ON,CIV983,011105068-002,Backhaul Network Services Inc.,2025-11-21,False,False,0.0,0.0
TX,8070.0,30.0,27400.0,27M4D7W,4096-QAM,True,1.25|10|30,A,L,B,43.94277778,-77.22744444,98.0,88.0,100.0,98.6859869295437,-0.210788238894083,42.9,1.1,,A,"Andrew, Div of CommScope",USX8-7W,G,0.0398107170553497,25.4516,1.3,,,Athol (1131 CR-12) ON,CIN646,011105571-002,Backhaul Network Services Inc.,2026-01-07,False,False,0.0,0.0
TX,8070.0,30.0,27400.0,27M4D7W,4096-QAM,True,1.25|10|30,A,L,B,45.36919444,-77.32319444,434.0,100.0,104.0,149.352371410755,-0.406428927263159,40.6,1.5,,A,"Andrew, Div of CommScope",USX6-7W,G,0.125892541179417,28.1516,1.3,,,EGANVILLE (1568 QUADEVILLE RD) ON,CIV494,011089983-002,Backhaul Network Services Inc.,2025-10-21,False,False,0.0,0.0
TX,8070.0,30.0,27400.0,27M4D7W,4096-QAM,True,1.25|10|30,A,L,B,43.90001111,-81.31842778,320.0,78.0,100.0,100.372804168677,-0.0356532080656611,42.9,1.1,,A,"Andrew, Div of CommScope",USX8-7W,G,0.0630957344480193,27.4516,1.3,,,Wingham (237 Alice St) ON,CHV288,011098528-002,Backhaul Network Services Inc.,2025-08-28,False,False,0.0,0.0
TX,8070.0,30.0,27400.0,27M4D7W,4096-QAM,True,1.25|10|30,A,L,B,45.315,-77.93941667,499.0,70.0,90.0,43.7504460342017,-0.317793473575444,40.6,1.5,,A,"Andrew, Div of CommScope",USX6-7W,G,0.0794328234724281,26.1516,1.3,,,"MAYNOOTH(68 Steeles Road),ON",CHU895,011094091-002,Backhaul Network Services Inc.,2025-08-13,False,False,0.0,0.0
TX,8070.0,30.0,27400.0,27M4D7W,4096-QAM,True,1.25|10|30,A,L,B,46.56705278,-79.16888889,368.0,101.0,110.9,16.362032417821,-0.238338290842546,42.9,1.1,,A,"Andrew, Div of CommScope",USX8-7W,G,0.0316227766016838,24.4516,1.3,,,ELDEE (BEHNKE RD 21 & OM 63) ON,CHU817,011098546-002,Backhaul Network Services Inc.,2025-08-14,False,False,0.0,0.0
TX,8070.0,30.0,27400.0,27M4D7W,4096-QAM,True,1.25|10|30,A,L,B,44.01491111,-80.57619167,474.0,73.6,136.0,243.923637318895,-0.317716498299997,42.9,1.2,,A,"Andrew, Div of CommScope",HPX8-71W,G,0.0158489319246111,21.4516,1.3,,,CONN (031200 GREY COUNTY RD 14) ON,CHX771,010032391-006,Backhaul Network Services Inc.,2025-06-01,False,False,0.0,0.0
TX,8070.0,30.0,27400.0,27M4D7W,4096-QAM,True,1.25|10|30,A,L,B,44.98700833,-78.09309444,463.0,66.0,106.0,69.0298072767882,-0.197598396810983,42.9,1.1,,A,"Andrew, Div of CommScope",USX8-7W,G,0.0630957344480193,27.3516,1.4,,,Paudash Lake (1165 Gander Road) ON,VBE670,010031825-007,Backhaul Network Services Inc.,2025-06-01,False,False,0.0,0.0
TX,8070.0,30.0,27400.0,27M4D7W,4096-QAM,True,1.25|10|30,A,L,B,44.41636111,-80.85419444,350.0,57.0,106.0,330.130150824193,-0.296572296624397,42.9,1.1,,A,"Andrew, Div of CommScope",USX8-7W,G,0.0653130552647472,27.6016,1.3,,,ARNOTT (396414 CONC RD 2) ON,CHY994,011078204-002,Backhaul Network Services Inc.,2025-03-24,False,False,0.0,0.0
TX,8070.0,30.0,27400.0,27M4D7W,4096-QAM,True,1.25|10|30,A,L,B,45.23901667,-76.19953333,141.0,55.0,90.0,233.021791820941,0.23660735558701,40.6,1.5,,A,"Andrew, Div of CommScope",USX6-7W,G,0.0794328234724281,26.1516,1.3,,,ALMONTE (5648 MARTIN STREET NORTH) ON,CJL953,011078197-002,Backhaul Network Services Inc.,2025-04-03,False,False,0.0,0.0
TX,8070.0,30.0,27400.0,27M4D7W,4096-QAM,True,1.25|10|30,A,L,B,45.56541667,-76.78786944,178.0,85.0,100.0,11.4799889953672,-0.185650324029592,40.6,1.5,,A,"Andrew, Div of CommScope",USX6-7W,G,0.125892541179417,28.1516,1.3,,,HALEY STATION (1359 HALEY ROAD) ON,CHY783,011075276-002,Backhaul Network Services Inc.,2025-02-28,False,False,0.0,0.0
TX,8070.0,30.0,27400.0,27M4D7W,4096-QAM,True,1.25|10|30,A,L,B,45.11780556,-78.49869444,450.0,45.0,100.0,27.3159415919703,0.0508813226186158,40.6,1.5,,A,"Andrew, Div of CommScope",USX6-7W,G,0.125892541179417,28.1516,1.3,,,EAGLE LAKE (1279 BUSHWOLF LAKE ROAD) ON,VFG889,011075294-002,Backhaul Network Services Inc.,2025-02-07,False,False,0.0,0.0
TX,8070.0,30.0,27400.0,27M4D7W,4096-QAM,True,1.25|10|30,A,L,B,44.58580556,-78.25272222,253.0,75.0,90.0,176.221729917362,-0.0236330518742996,40.6,1.5,,A,"Andrew, Div of CommScope",USX6-7W,G,0.0630957344480193,25.1516,1.3,,,TRENT LAKES (77 JACK HILL'S RD) ON,CHY704,011074839-002,Backhaul Network Services Inc.,2025-02-04,False,False,0.0,0.0
TX,8070.0,30.0,27400.0,27M4D7W,4096-QAM,True,1.25|10|30,A,L,B,45.2645,-76.78665833,363.0,30.0,50.0,116.246378027286,-0.281493845217842,40.8,1.5,,A,"Andrew, Div of CommScope",HX6-7W,G,0.125892541179417,28.3516,1.3,,,Madawaska (30 Barrett Chute Rd) ON,CIN825,011055422-002,Backhaul Network Services Inc.,2025-01-29,False,False,0.0,0.0
TX,8070.0,30.0,27400.0,27M4D7W,4096-QAM,True,1.25|10|30,A,L,B,46.07069444,-79.51575,307.0,102.0,110.0,260.538015150329,-0.275079415116632,42.9,1.1,,A,"Andrew, Div of CommScope",USX8-7W,G,0.125892541179417,30.4516,1.3,,,NIPISSING (335 KING ROAD) ON,CHY659,011073312-002,Backhaul Network Services Inc.,2025-01-24,False,False,0.0,0.0
TX,8070.0,30.0,27400.0,27M4D7W,4096-QAM,True,1.25|10|30,A,L,B,44.79827778,-81.27819444,190.0,48.0,79.7,77.8425519088808,0.204450677565565,42.9,1.1,,A,"Andrew, Div of CommScope",USX8-7W,G,0.0251188643150958,23.4516,1.3,,,Red Bay (Thomas St / Huron Rd) ON,CHX497,011072406-002,Backhaul Network Services Inc.,2025-01-22,False,False,0.0,0.0
TX,8070.0,30.0,27400.0,27M4D7W,4096-QAM,True,1.25|10|30,A,L,B,44.50755556,-77.09330556,180.0,80.0,89.0,256.322877971382,-0.0967977089382275,40.6,1.5,,A,"Andrew, Div of CommScope",USX6-7W,G,0.1,27.1516,1.3,,,Erinsville (425 Clearview Rd) ON,CHY592,011072170-002,Backhaul Network Services Inc.,2025-01-31,False,False,0.0,0.0
TX,8070.0,30.0,27400.0,27M4D7W,4096-QAM,True,1.25|10|30,A,L,B,45.04311111,-78.49969444,405.0,58.5,64.1,111.700665722037,0.0993410871091785,40.6,1.5,,A,"Andrew, Div of CommScope",USX6-7W,G,0.125892541179417,28.1516,1.3,,,Haliburton (84 Skyline Park Rd) ON,VFE831,010912554-003,Backhaul Network Services Inc.,2025-02-06,False,False,0.0,0.0
TX,8070.0,30.0,27400.0,27M4D7W,4096-QAM,True,1.25|10|30,A,L,B,45.03637222,-76.25302778,147.0,60.0,97.5,276.548860259502,0.20793271720515,40.6,1.5,,A,"Andrew, Div of CommScope",USX6-7W,G,0.0794328234724281,26.6516,0.8,,,PERTH (1208 DRUMMOND CONCESSION 10B RD) ON,CHY344,011037556-002,Backhaul Network Services Inc.,2024-12-27,False,False,0.0,0.0
TX,8070.0,30.0,27400.0,27M4D7W,4096-QAM,True,1.25|10|30,A,L,B,49.39111667,-82.35759722,228.0,71.0,123.0,103.06640410742,0.0368331680581036,42.9,1.1,,A,"Andrew, Div of CommScope",USX8-7W,G,0.0501187233627272,26.4516,1.3,,,KAPUSKASING(CLEAR LAKE ROAD) ON,CHQ898,011069079-002,Backhaul Network Services Inc.,2024-12-14,False,False,0.0,0.0
TX,8070.0,30.0,27400.0,27M4D7W,4096-QAM,True,1.25|10|30,A,L,B,46.38113889,-82.65269444,374.0,64.5,76.5,203.163090016438,-0.484730266095693,42.9,1.1,,A,"Andrew, Div of CommScope",USX8-7W,G,0.0630957344480193,27.4516,1.3,,,Elliot Lake (Roman Ave / Willoughby Rd) ON,VBE698,011069824-002,Backhaul Network Services Inc.,2024-12-30,False,False,0.0,0.0
TX,8070.0,30.0,27400.0,27M4D7W,4096-QAM,True,1.25|10|30,A,L,B,45.81555556,-77.09611111,153.0,24.0,24.0,71.0384854697063,0.0204850440556272,40.6,1.5,,A,"Andrew, Div of CommScope",USX6-7W,G,0.125892541179417,28.1516,1.3,,,PEMBROKE (400 BELL ST) ON,VEM324,011069091-002,Backhaul Network Services Inc.,2024-12-13,False,False,0.0,0.0
TX,8070.0,30.0,27400.0,27M4D7W,4096-QAM,True,1.25|10|30,A,L,B,48.52975,-80.75922222,270.0,82.0,91.9,88.8784210494757,-0.13638466261968,42.9,1.1,,A,"Andrew, Div of CommScope",USX8-7W,G,0.0501187233627272,26.4516,1.3,,,Shillington (1181 Fretz Rd S) ON,CHQ818,011068769-002,Backhaul Network Services Inc.,2024-12-09,False,False,0.0,0.0
TX,8070.0,30.0,27400.0,27M4D7W,4096-QAM,True,1.25|10|30,A,L,B,44.21594444,-77.38116667,102.0,75.0,91.0,50.0858588639059,0.10669225787527,42.9,1.1,,A,"Andrew, Div of CommScope",USX8-7W,G,0.0630957344480193,27.9516,0.8,,,Belleville (86B Short St) ON,XKU593,011068791-002,Backhaul Network Services Inc.,2024-12-06,False,False,0.0,0.0
TX,8070.0,30.0,27400.0,27M4D7W,4096-QAM,True,1.25|10|30,A,L,B,45.26233333,-78.60652778,436.0,72.0,85.0,174.613127911882,-0.066511585196844,44.4,0.9,,A,"Andrew, Div of CommScope",USX10-7W 10FT 7G/8G,G,0.0620869034230063,28.8816,1.3,,,"Haliburton (Havelock Lake Ln, Part Lot 20, Concession 6) ON",CHY319,011068161-002,Backhaul Network Services Inc.,2024-12-31,False,False,0.0,0.0
TX,8070.0,30.0,27400.0,27M4D7W,4096-QAM,True,1.25|10|30,A,L,B,44.38925,-77.96672222,210.0,85.0,90.0,312.759855557049,-0.0243279885412434,40.6,1.5,,A,"Andrew, Div of CommScope",USX6-7W,G,0.0630957344480193,25.1516,1.3,,,Norwood (52 Mill St) ON,CGF601,011034759-002,Backhaul Network Services Inc.,2024-11-30,False,False,0.0,0.0
TX,8070.0,30.0,27400.0,27M4D7W,4096-QAM,True,1.25|10|30,A,L,B,43.74072222,-80.93366667,387.0,73.0,91.4,123.800307860193,-0.0442491705108872,42.9,1.1,,A,"Andrew, Div of CommScope",USX8-7W,G,0.398107170553497,31.9516,4.8,,,LISTOWEL (5837 LINE 87) ON,VBE680,011067594-002,Backhaul Network Services Inc.,2024-11-28,False,False,0.0,0.0
TX,8070.0,30.0,27400.0,27M4D7W,4096-QAM,True,1.25|10|30,A,L,B,46.49550556,-84.02434167,263.0,52.0,97.4,289.620928329147,-0.274311496671159,40.6,1.5,,A,"Andrew, Div of CommScope",USX6-7W,G,0.125892541179417,28.1516,1.3,,,ECHO BAY (9998 HIGHWAY 638) ON,CHW302,011064176-002,Backhaul Network Services Inc.,2024-10-21,False,False,0.0,0.0
TX,8070.0,30.0,27400.0,27M4D7W,4096-QAM,True,1.25|10|30,A,L,B,44.57901389,-80.86348611,303.0,80.0,100.0,321.914339354276,-0.271134012391902,40.6,1.5,,A,"Andrew, Div of CommScope",USX6-7W,G,0.125892541179417,28.1516,1.3,,,OWEN SOUND (203580 HIGHWAY 26) ON,CHN337,011056119-002,Backhaul Network Services Inc.,2024-08-05,False,False,0.0,0.0
TX,8070.0,30.0,27400.0,27M4D7W,4096-QAM,True,1.25|10|30,A,L,B,47.40968611,-79.66714444,302.0,62.0,100.0,1.45954700943961,-0.484714518188142,42.9,1.1,,A,"Andrew, Div of CommScope",USX8-7W,G,0.0437522105158252,26.3616,0.8,,,HAILEYBURY (LOT 1 CONCESSION 9) ON,CHN328,010975386-002,Backhaul Network Services Inc.,2024-08-16,False,False,0.0,0.0
TX,8070.0,30.0,27400.0,27M4D7W,4096-QAM,True,1.25|10|30,A,L,B,46.32166667,-83.78361111,204.0,65.0,108.0,335.611711753154,0.410566576690405,40.6,1.5,,A,"Andrew, Div of CommScope",USX6-7W,G,0.1,27.1516,1.3,,,BRUCE MINES (757 CONCESSION 5 RD) ON,VDE888,011037682-002,Backhaul Network Services Inc.,2024-05-28,False,False,0.0,0.0
TX,8070.0,30.0,27400.0,27M4D7W,4096-QAM,True,1.25|10|30,A,L,B,45.94036111,-79.97019444,261.0,72.4,90.0,57.5418423806386,-0.0511703383611682,42.9,1.1,,A,"Andrew, Div of CommScope",USX8-7W,G,0.125892541179417,30.4516,1.3,,,Port Loring (425 East Rd) ON,CHM531,011033511-002,Backhaul Network Services Inc.,2024-05-28,False,False,0.0,0.0
TX,8070.0,30.0,27400.0,27M4D7W,4096-QAM,True,1.25|10|30,A,L,B,44.95591667,-76.54302778,204.0,68.8,100.0,130.338289252087,-0.226106814378495,40.6,1.5,,A,"Andrew, Div of CommScope",USX6-7W,G,0.125892541179417,28.1516,1.3,,,Lanark Highlands (PT LT 9 CON 9 DALHOUSIE PT 1) ON,CHF232,011022190-002,Backhaul Network Services Inc.,2024-05-14,False,False,0.0,0.0
TX,8070.0,30.0,27400.0,27M4D7W,4096-QAM,True,1.25|10|30,A,L,B,45.63361111,-79.51972222,316.0,75.0,100.0,262.16987249554,-0.0517632571684789,40.6,1.5,,A,"Andrew, Div of CommScope",USX6-7W,G,0.0794328234724281,26.1516,1.3,,,Magenawan (155 Lakeview Dr. W) ON,VFG597,011037914-002,Backhaul Network Services Inc.,2024-05-29,False,False,0.0,0.0
TX,8070.0,30.0,27400.0,27M4D7W,4096-QAM,True,1.25|10|30,A,L,B,44.80694444,-75.69722222,104.0,71.3,90.0,162.647839715336,-0.0471898345858043,42.9,1.1,,A,"Andrew, Div of CommScope",USX8-7W,G,0.125892541179417,30.4516,1.3,,,NORTH AUGUSTA (9436 KYLE RD) ON,CHD865,011021598-002,Backhaul Network Services Inc.,2024-04-12,False,False,0.0,0.0
TX,8070.0,30.0,27400.0,27M4D7W,4096-QAM,True,1.25|10|30,A,M,A,43.01330556,-81.26636111,240.0,49.5,60.0,345.274982533789,0.273856477074105,40.6,1.5,,A,"Andrew, Div of CommScope",USX6-7W,G,0.0359749335155742,22.7116,1.3,,,London (1265 Richmond St) ON,VDS213,010031017-007,Backhaul Network Services Inc.,2024-04-16,False,False,0.0,0.0
TX,8070.0,30.0,27400.0,27M4D7W,4096-QAM,True,1.25|10|30,A,L,B,45.05058333,-74.67752778,53.0,57.0,69.5,1.23807091183312,0.0778125792643539,42.9,1.1,,A,"Andrew, Div of CommScope",USX8-7W,G,0.125892541179417,30.4516,1.3,,,South Glengarry (6367 Boundary Rd) ON,CGA702,011021462-002,Backhaul Network Services Inc.,2024-05-27,False,False,0.0,0.0
TX,8070.0,30.0,27400.0,27M4D7W,4096-QAM,True,1.25|10|30,A,L,B,45.58591667,-77.23941667,190.0,30.0,100.0,233.618165832592,0.362212866524133,40.8,1.5,,A,"Andrew, Div of CommScope",HX6-7W,G,0.125892541179417,28.3516,1.3,,,Golden Lake (3216 Lake Dore Rd) ON,CHD482,011022583-002,Backhaul Network Services Inc.,2024-04-05,False,False,0.0,0.0
TX,8070.0,30.0,27400.0,27M4D7W,4096-QAM,True,1.25|10|30,A,L,B,47.97770833,-80.04178889,296.0,65.0,92.0,354.396708478061,0.0829676896464241,40.6,1.5,,A,"Andrew, Div of CommScope",USX6-7W,G,0.0794328234724281,26.1516,1.3,,,NORTH TARZWELL (6095 HWY 11) ON,CHK713,011026306-002,Backhaul Network Services Inc.,2024-02-16,False,False,0.0,0.0
TX,8070.0,30.0,27400.0,27M4D7W,4096-QAM,True,1.25|10|30,A,L,B,45.146,-75.08963889,85.0,75.0,91.0,120.232797412648,-0.0929454653341933,42.9,1.1,,A,"Andrew, Div of CommScope",USX8-7W-6GF,G,0.125892541179417,30.4516,1.3,,,Finch (53 Main St) ON,CHC955,011004385-002,Backhaul Network Services Inc.,2024-03-21,False,False,0.0,0.0
TX,8070.0,30.0,27400.0,27M4D7W,4096-QAM,True,1.25|10|30,A,L,B,44.72066389,-75.49906111,90.0,65.4,116.0,42.7886371429547,-0.0618654580148465,42.9,1.1,,A,"Andrew, Div of CommScope",USX8-7W,G,0.199526231496888,29.4516,4.3,,,PRESCOTT (HWY 2 / SCOTT ST) ON,CYF676,010031521-005,Backhaul Network Services Inc.,2024-01-05,False,False,0.0,0.0
TX,8070.0,30.0,27400.0,27M4D7W,4096-QAM,True,1.25|10|30,A,L,B,46.28763889,-78.52213889,179.0,103.0,129.0,108.6700872142,-0.040450031128931,40.6,1.5,,A,"Andrew, Div of CommScope",USX6-7W,G,0.125892541179417,28.1516,1.3,,,MATTAWA (1994 HWY 17 E) ON,CHK208,011010355-002,Backhaul Network Services Inc.,2023-12-15,False,False,0.0,0.0
TX,8070.0,30.0,27400.0,27M4D7W,4096-QAM,True,1.25|10|30,A,L,B,44.16997222,-80.89505556,337.0,48.0,75.0,256.572595097802,-0.104447614663363,42.9,1.1,,A,"Andrew, Div of CommScope",HX8-7W,G,0.0318419752172612,24.4816,1.3,,,Vickers (402304 Grey Rd 4) ON,CGS459,010032509-006,Backhaul Network Services Inc.,2023-12-15,False,False,0.0,0.0
TX,8070.0,30.0,27400.0,27M4D7W,4096-QAM,True,1.25|10|30,A,L,B,46.145,-80.42930556,227.0,75.0,80.0,224.183647522937,-0.0562496876262319,40.6,1.5,,A,"Andrew, Div of CommScope",USX6-7W,G,0.0774461797802519,26.0416,1.3,,,Noelville (190 St David St N) ON,CIO519,010030781-004,Backhaul Network Services Inc.,2023-10-13,False,False,0.0,0.0
TX,8070.0,30.0,27400.0,27M4D7W,4096-QAM,True,1.25|10|30,A,L,B,42.70711111,-82.28086111,188.0,71.5,111.0,251.127160545391,-0.068688892702174,42.9,1.1,,A,"Andrew, Div of CommScope",USX8-7W-6GF,G,0.0255858588690565,23.5316,1.3,,,Beaver Meadow (1291 Brigden Rd) ON,XKX925,010032429-005,Backhaul Network Services Inc.,2023-11-20,False,False,0.0,0.0
TX,8070.0,30.0,27400.0,27M4D7W,4096-QAM,True,1.25|10|30,A,L,B,45.27111111,-77.97166667,461.0,98.5,122.0,59.9139990458523,-0.290238676465326,40.6,1.5,,A,"Andrew, Div of CommScope",USX6-7W,G,0.125892541179417,28.1516,1.3,,,MAYNOOTH (1192A HWY 127) ON,CHB697,010960487-002,Backhaul Network Services Inc.,2023-09-08,False,False,0.0,0.0
TX,8070.0,30.0,27400.0,27M4D7W,4096-QAM,True,1.25|10|30,A,L,B,45.09930556,-75.68538889,87.0,50.0,96.0,186.895069772127,-0.0157092831682719,42.9,1.1,,A,"Andrew, Div of CommScope",USX8-7W,G,0.125892541179417,30.4516,1.3,,,North Gower (2394 Callendor Rd) ON,XKX914,010968463-002,Backhaul Network Services Inc.,2023-08-22,False,False,0.0,0.0
TX,8070.0,30.0,27400.0,27M4D7W,4096-QAM,True,1.25|10|30,A,L,B,44.79425,-76.68713889,226.0,103.0,122.0,1.43388485778745,-0.11806034112957,40.6,1.5,,A,"Andrew, Div of CommScope",USX6-7W,G,0.0630957344480193,25.6516,0.8,,,SHARBOT LAKE (24709B HWY 7) ON,VAD432,010975337-002,Backhaul Network Services Inc.,2023-06-30,False,False,0.0,0.0
TX,8070.0,30.0,27400.0,27M4D7W,4096-QAM,True,1.25|10|30,A,L,B,44.67872222,-77.58013889,287.0,65.0,110.0,8.87407552117178,0.0785927795689274,44.4,0.9,,A,"Andrew, Div of CommScope",HX10-7W-6GF,G,0.0794328234724281,29.9516,1.3,,,Millbridge (8887 Old Hastings Rd) ON,CHX395,010968468-002,Backhaul Network Services Inc.,2023-05-12,False,False,0.0,0.0
TX,8070.0,30.0,30000.0,30M0D7W,1024-QAM,True,1.25|10|30,A,L,B,45.56522222,-75.12508333,55.0,45.0,75.0,48.456484175972,0.632543166090438,40.6,1.5,,A,"Andrew, Div of CommScope",USX6-7W,G,0.1584,26.14915,4.3,,,WENDOVER (111 COUNTY ROAD 19) ON,CHO290,010890426-002,Backhaul Network Services Inc.,2023-01-25,False,False,0.0,0.0
TX,8070.0,30.0,27400.0,27M4D7W,256-QAM,True,1.25|10|30,A,L,B,44.79833333,-81.27822222,187.0,50.0,75.0,171.492564627891,-0.0139280890159853,43.4,1.4,,A,"Andrew, Div of CommScope",HPX8-77,G,0.1,26.9516,4.3,,,Red Bay (Thomas St / Huron Rd) ON,CHX497,010886944-002,Backhaul Network Services Inc.,2023-01-15,False,False,0.0,0.0
TX,8070.0,30.0,27400.0,27M4D7W,4096-QAM,True,1.25|10|30,A,L,B,44.44138889,-77.83444444,201.0,77.0,91.0,239.931446480584,-0.0504043675873788,40.6,1.5,,A,"Andrew, Div of CommScope",USX6-7W,G,0.501187233627272,30.9516,4.5,,,HAVELOCK (N/O HWY 7 & 6TH LINE) ON,VAD427,010076527-003,Backhaul Network Services Inc.,2022-12-23,False,False,0.0,0.0
TX,8070.0,30.0,27400.0,27M4D7W,4096-QAM,True,1.25|10|30,A,L,B,45.90722222,-80.57388889,200.0,60.0,90.0,356.499791019958,-0.0106715940729651,40.8,1.5,,A,"Andrew, Div of CommScope",HX6-7W,G,0.254,27.89994,4.8,,,KEY RIVER (2780 HWY 69) ON,CIJ955,010033057-004,Backhaul Network Services Inc.,2022-07-30,False,False,0.0,0.0
TX,8070.0,30.0,27400.0,27M4D7W,4096-QAM,True,1.25|10|30,A,L,B,45.80722222,-79.39333333,399.0,53.0,127.0,160.91667114386,-0.0631466650891588,44.4,0.9,,A,"Andrew, Div of CommScope",HX10-7W-6GF,A,0.125892541179417,31.9516,1.3,,,SUNDRIDGE (700 TOWER RD) ON,XKX942,010069283-006,Backhaul Network Services Inc.,2022-05-27,False,False,0.0,0.0
TX,8070.0,30.0,27400.0,27M4D7W,4096-QAM,True,1.25|10|30,A,L,B,44.53772222,-76.68258333,162.0,43.0,100.0,175.199990814415,0.0118186013343027,40.6,1.5,,A,"Andrew, Div of CommScope",USX6-7W,G,0.129,24.7575,4.8,,,GODFREY (8011 HWY 38) ON,VEL361,010032237-004,Backhaul Network Services Inc.,2022-02-18,False,False,0.0,0.0
TX,8070.0,30.0,27400.0,27M4D7W,4096-QAM,True,1.25|10|30,A,L,B,42.66111111,-80.78194444,198.0,72.5,90.0,282.825592348036,-0.00876685998745474,43.5,1.0,,A,"Andrew, Div of CommScope",UHX8-77GD,G,0.5012,33.55171,4.8,,,VIENNA (5372 TEALL NEIL RD) ON,VEM660,010031553-003,Backhaul Network Services Inc.,2022-03-11,False,False,0.0,0.0
TX,8070.0,30.0,27400.0,27M4D7W,4096-QAM,True,1.25|10|30,A,L,B,42.40180556,-82.02580556,188.0,65.0,74.0,14.6630436325609,-0.100928962542125,42.9,1.1,,A,"Andrew, Div of CommScope",USX8-7W,G,0.12589,26.95151,4.8,,,Pinehurst (10491 Burk Line) ON,CYF652,010031335-004,Backhaul Network Services Inc.,2022-03-15,False,False,0.0,0.0
TX,8070.0,30.0,27400.0,27M4D7W,4096-QAM,True,1.25|10|30,A,L,B,45.67673056,-79.641525,304.0,77.1,107.0,112.23797422124,-0.0188535514935417,43.5,1.0,,A,"Andrew, Div of CommScope",UHX8-77GD,G,0.2512,30.5518,4.8,,,MAGNETAWAN (12 JACKSONS RD) ON,VFE214,010069421-003,Backhaul Network Services Inc.,2022-03-01,False,False,0.0,0.0
TX,8070.0,30.0,27400.0,27M4D7W,4096-QAM,True,1.25|10|30,A,L,B,45.69341667,-81.99324722,252.0,80.0,106.0,187.260353840532,-0.379968998390189,41.0,1.2,,A,"Andrew, Div of CommScope",UHX6-77,G,0.19952,27.05146,4.8,,,TEHKUMMAH (39 CASE RD) ON,CIN863,010033599-006,Backhaul Network Services Inc.,2022-03-31,False,False,0.0,0.0
TX,8070.0,30.0,27400.0,27M4D7W,4096-QAM,True,1.25|10|30,A,L,B,44.58777778,-78.16444444,289.0,51.5,106.0,19.5157502429366,0.105294650726915,45.3,1.0,,A,"Andrew, Div of CommScope",HPX10-77,G,0.0531,25.60255,4.8,,,HARCOURT (5914 HWY 28) ON,VAD497,010067845-004,Backhaul Network Services Inc.,2022-03-31,False,False,0.0,0.0
TX,8070.0,30.0,27400.0,27M4D7W,4096-QAM,True,1.25|10|30,A,L,B,44.26878333,-78.34088056,191.0,50.0,66.0,210.881441144526,0.0944033748233932,40.6,1.5,,A,"Andrew, Div of CommScope",USX6-7W,G,0.29,28.27558,4.8,,,PETERBOROUGH (1049 CRAWFORD DR) ON,VDS257,010032427-004,Backhaul Network Services Inc.,2022-02-01,False,False,0.0,0.0
TX,8070.0,30.0,27400.0,27M4D7W,4096-QAM,True,1.25|10|30,A,L,B,44.79422222,-76.68716667,226.0,56.0,122.0,183.547367170005,-0.0964242569255484,42.9,1.1,,A,"Andrew, Div of CommScope",USX8-7W,G,0.107,26.24544,4.8,,,SHARBOT LAKE (HWY 7/ MCQUAID RD) ON,VAD432,010032241-005,Backhaul Network Services Inc.,2022-02-18,False,False,0.0,0.0
TX,8070.0,30.0,27400.0,27M4D7W,4096-QAM,True,1.25|10|30,A,,B,42.80777778,-81.56583333,217.0,80.0,100.0,2.0514518407866,-0.0693455156146556,42.9,1.1,,A,"Andrew, Div of CommScope",USX8-7W,G,0.141,27.44379,4.8,,,MELBOURNE (6278 LONGWOODS RD) ON,VEM701,010068241-003,Backhaul Network Services Inc.,2022-03-21,False,False,0.0,0.0
TX,8070.0,30.0,27400.0,27M4D7W,4096-QAM,True,1.25|10|30,A,,B,45.46361111,-75.16388889,50.0,74.3,91.0,60.9879338136932,-0.0021617028991033,43.5,1.0,,A,"Andrew, Div of CommScope",UHX8-77GD,G,0.0998,26.54291,4.8,,,BOURGET (2333 LALONDE RD) ON,XKU532,010031395-004,Backhaul Network Services Inc.,2022-03-31,False,False,0.0,0.0
TX,8070.0,30.0,27400.0,27M4D7W,4096-QAM,True,1.25|10|30,A,L,B,44.21594444,-77.38116667,102.0,58.5,91.0,191.075755425777,-0.078397783632969,40.6,1.5,,A,"Andrew, Div of CommScope",USX6-7W,G,0.501,30.64998,4.8,,,Belleville (86B Short St) ON,XKU593,010030843-006,Backhaul Network Services Inc.,2022-02-11,False,False,0.0,0.0
TX,8070.0,30.0,27400.0,27M4D7W,4096-QAM,True,1.25|10|30,A,L,B,44.39277778,-80.26222222,507.0,72.3,96.0,187.12154324466,-0.128436701053212,42.9,1.1,,A,"Andrew, Div of CommScope",USX8-7W,G,0.148,27.65422,4.8,,,COLLINGWOOD (N/O RR91 & RR31) ON,XJV210,010030901-004,Backhaul Network Services Inc.,2022-03-30,False,False,0.0,0.0
TX,8070.0,30.0,27400.0,27M4D7W,4096-QAM,True,1.25|10|30,A,L,B,44.63694444,-77.13527778,208.0,80.0,91.0,53.8585278962614,-0.1579661576965,42.9,1.1,,A,"Andrew, Div of CommScope",USX8-7W,G,0.178,28.4558,4.8,,,KALADAR (112648 HWY 7) ON,VAD430,010031691-004,Backhaul Network Services Inc.,2022-02-11,False,False,0.0,0.0
TX,8070.0,30.0,27400.0,27M4D7W,4096-QAM,True,1.25|10|30,A,L,B,42.05194444,-82.73666667,193.0,35.6,50.0,334.714849102055,-0.0324755107902667,40.6,1.5,,A,"Andrew, Div of CommScope",USX6-7W,G,0.263,26.85116,5.8,,,KINGSVILLE (HWY29 / CON. RD 2 E) ON,VEA876,010030775-006,Backhaul Network Services Inc.,2022-01-25,False,False,0.0,0.0
TX,8070.0,30.0,27400.0,27M4D7W,4096-QAM,True,1.25|10|30,A,L,B,42.40194444,-82.02555556,188.0,64.6,74.0,267.213583907269,-0.188530505690646,42.9,1.1,,A,"Andrew, Div of CommScope",USX8-7W,G,0.11,26.36553,4.8,,,CHATHAM-KENT (10491 BURK LINE) ON,CYF652,010032035-005,Backhaul Network Services Inc.,2022-02-11,False,False,0.0,0.0
TX,8070.0,30.0,27400.0,27M4D7W,4096-QAM,True,1.25|10|30,A,L,B,44.76166667,-76.80666667,249.0,83.5,93.6,246.701456845071,-0.261442849227764,40.6,1.5,,A,"Andrew, Div of CommScope",USX6-7W,G,0.292,28.30543,4.8,,,SEOULS CORNERS(1154 HAROLD BURKE) ON,CHX453,010913261-001,Rogers Communications Canada Inc.,2022-02-25,False,False,0.0,0.0
TX,8070.0,30.0,27400.0,27M4D7W,4096-QAM,True,1.25|10|30,A,L,B,44.59277778,-75.72944444,120.0,55.0,61.0,277.462640168065,-0.00688608225961755,42.9,1.1,,A,"Andrew, Div of CommScope",USX8-7W,G,0.141,27.44379,4.8,,,BROCKVILLE (2566 CHEMICAL RD) ON,XKX900,010033511-005,Backhaul Network Services Inc.,2022-02-14,False,False,0.0,0.0
TX,8070.0,30.0,30000.0,30M0D7W,1024-QAM,True,1.25|10|30,A,L,B,43.00333333,-81.80472222,251.0,44.0,96.0,305.229381304694,-0.135422670599131,43.5,1.0,,A,"Andrew, Div of CommScope",UHX8-77GD,G,0.158489,28.55159,4.8,,,WATFORD (8885 EGREMONT ROAD) ON,XKX912,010032219-005,Backhaul Network Services Inc.,2021-11-28,False,False,0.0,0.0
TX,8070.0,30.0,27400.0,27M4D7W,4096-QAM,True,1.25|10|30,A,M,A,43.41388889,-80.06083333,279.0,55.1,64.0,235.333491157718,-0.0803787146158963,41.0,1.2,,A,"Andrew, Div of CommScope",UHX6-77,G,0.1259,25.55186,4.3,,,Freelton (Hwy 6) ON,XKX933,010072188-004,Backhaul Network Services Inc.,2021-09-01,False,False,0.0,0.0
TX,8070.0,30.0,27400.0,27M4D7W,4096-QAM,True,1.25|10|30,A,L,B,44.4686,-81.36973056,200.0,66.0,104.5,30.5404491611666,-0.0845954512950226,43.4,1.4,,A,"Andrew, Div of CommScope",HPX8-77,G,0.158489319246111,28.4516,4.8,,,PORT ELGIN (HWY21/BRUCE RD 3) ON,CGK512,010886555-003,Backhaul Network Services Inc.,2024-08-28,False,False,0.0,0.0
TX,8070.0,30.0,27400.0,27M4D7W,1024-QAM,True,1.25|10|30,A,L,B,45.53875,-79.91988889,259.0,85.0,106.0,338.630757713957,-0.111634730740091,42.9,1.2,,A,"Andrew, Div of CommScope",HPX8-71W,A,0.12274,30.84146,0.8,,,McKellar (897 Hwy 124) ON,VFE961,010033267-003,Backhaul Network Services Inc.,2020-12-17,False,False,0.0,0.0
TX,8070.0,30.0,30000.0,30M0D7W,128-QAM,True,1.25|10|30,A,L,B,48.51891667,-89.44966667,492.0,46.3,59.0,285.265998156807,-0.207342486179526,45.3,1.0,,A,RFS (Celwave/Cablewave/Phelps Dodge),DAX10-77A,B,1.26,37.55531,6.6,,,Intola (373 Intola Rd) ON,VEK931,010036325-002,TBAYtel - Fixed,2021-01-18,False,False,0.0,0.0
TX,8070.0,30.0,30000.0,30M0D7WET,256-QAM,True,1.25|10|30,A,L,B,48.71738889,-93.07744444,351.0,86.9,100.0,242.988886986535,-0.222205435284123,45.3,1.0,,A,RFS (Celwave/Cablewave/Phelps Dodge),DAX10-77A,B,0.1,26.4116,6.74,,,Nickel Lake (Hwy 11/Hwy 502) ON,CGX337,010763331-001,TBAYtel - Fixed,2021-01-01,False,False,0.0,0.0
TX,8070.0,30.0,27400.0,27M4D7W,4096-QAM,True,1.25|10|30,A,L,B,45.27944444,-79.00638889,405.0,49.3,106.0,276.265962315991,-0.11483171343263,41.0,1.2,,A,Ericsson (Marconi/GEC),ML7/8 1.8M HPX,G,0.1,27.5516,1.3,,,LAKE OF BAYS (1577 FOX POINTS RD)ON,XJV296,010069291-005,Backhaul Network Services Inc.,2022-11-02,False,False,0.0,0.0
TX,8070.0,30.0,30000.0,30M0D7W,128-QAM,True,1.25|10|30,A,,B,49.41658056,-91.6244,460.0,89.2,100.0,40.9610508624124,-0.163860516020069,45.4,1.0,,A,RFS (Celwave/Cablewave/Phelps Dodge),DA10-77A,B,0.1,26.2916,6.96,,,Ignace (Hwy 11/Hwy 599) ON,VEM728,010036377-002,TBAYtel - Fixed,2020-08-01,False,False,0.0,0.0
TX,8070.0,30.0,27400.0,27M4D7W,1024-QAM,True,1.25|10|30,A,,B,44.28330556,-76.90366667,141.0,62.0,122.0,220.867787488539,-0.706601213373817,40.6,1.5,,A,"Andrew, Div of CommScope",USX6-7W,G,0.0316,15.54847,7.9,,,Greater Napanee (1343 CR-5) ON,XKU595,010826245-001,Rogers Communications Canada Inc.,2020-06-03,False,False,0.0,0.0
TX,8070.0,30.0,27400.0,27M4D7W,4096-QAM,True,1.25|10|30,A,,B,44.33988889,-76.15078333,92.0,50.7,70.0,261.969585650765,0.0342600285115509,43.4,1.4,,A,"Andrew, Div of CommScope",HPX8-77,G,0.1259,27.45186,4.8,,,Gananoque (600 King St E) ON,CFT651,010817908-003,Backhaul Network Services Inc.,2022-03-31,False,False,0.0,0.0
TX,8070.0,30.0,27400.0,27M4D7W,1024-QAM,True,1.25|10|30,A,L,B,43.72811111,-81.69086111,234.0,34.0,61.0,357.106629102587,-0.0982715657290789,41.0,1.2,,A,"Andrew, Div of CommScope",UHX6-77,B,0.06,24.83311,1.8,,,Goderich (520 Huron Rd) ON,VAD482,010767785-003,Backhaul Network Services Inc.,2020-07-01,False,False,0.0,0.0
TX,8070.0,30.0,27400.0,27M4D7W,4096-QAM,True,1.25|10|30,A,,B,44.56416667,-79.19111111,233.0,64.0,100.0,79.2006673702407,0.0235930241512045,43.4,1.4,,A,"Andrew, Div of CommScope",HPX8-77,G,0.15849,28.45162,4.8,,,Brechin (2309 Conc Rd 6) ON,CJL854,010779856-003,Backhaul Network Services Inc.,2022-05-02,False,False,0.0,0.0
TX,8070.0,30.0,27400.0,27M4D7W,4096-QAM,True,1.25|10|30,A,L,B,45.807275,-79.39343333,399.0,43.0,127.0,291.396004743921,0.031630469711891,41.0,1.2,,A,"Andrew, Div of CommScope",UHX6-77,G,0.12589,25.05151,4.8,,,SUNDRIDGE (700 TOWER RD) ON,XKX942,010780761-003,Backhaul Network Services Inc.,2022-03-24,False,False,0.0,0.0
TX,8070.0,30.0,27400.0,27M4D7W,4096-QAM,True,1.25|10|30,A,L,B,44.29366667,-78.40338889,270.0,61.5,70.0,345.851268866051,-0.0220305155153755,42.9,1.1,,A,"Andrew, Div of CommScope",USX8-7W,G,0.1585,27.95189,4.8,,,PETERBOROUGH (1871 PARKHILL ROAD W) ON,VFE626,010779843-003,Backhaul Network Services Inc.,2022-03-31,False,False,0.0,0.0
TX,8070.0,30.0,30000.0,30M0D7WET,64-QAM,True,1.25|10|30,A,L,B,41.81608333,-82.63583333,173.0,45.0,45.0,355.284209550151,-0.00347851083444218,40.8,2.0,,A,"Andrew, Div of CommScope",HP6-77,B,1.995,31.15103,10.5,,,Scudder (218 Harris Garno Rd) ON,CIN867,010037585-004,TELUS Communications Inc.,2020-10-19,False,False,0.0,0.0
TX,8070.0,30.0,27400.0,27M4D7W,4096-QAM,True,1.25|10|30,A,M,A,42.9465,-81.18105556,275.0,41.5,49.0,61.9578688355458,0.0681832222695671,40.6,1.5,,A,"Andrew, Div of CommScope",USX6-7W,G,0.335,28.90205,4.8,,,London (1555 Bradley Ave) ON,VAD461,010031651-004,Backhaul Network Services Inc.,2022-02-10,False,False,0.0,0.0
TX,8070.0,30.0,27400.0,27M4D7W,1024-QAM,True,1.25|10|30,A,L,B,46.65766389,-80.99452778,300.0,52.0,80.0,231.491288230305,-0.14025126454365,41.0,1.2,,A,"Andrew, Div of CommScope",UHX6-77,A,0.630957344480193,35.5516,1.3,,,HANMER (4980 HWY 69N) ON,CFW632,010728528-003,Backhaul Network Services Inc.,2023-10-31,False,False,0.0,0.0
TX,8070.0,30.0,30000.0,30M0D7WET,64-QAM,True,1.25|10|30,A,,B,42.27833333,-82.37861111,177.0,44.0,60.0,65.4772294329366,-0.0557947712403791,41.0,1.2,,A,"Andrew, Div of CommScope",UHX6-77,B,0.2,30.0619,1.8,,,TILBURY (4241 QUEENS LINE) ON,VDE899,010032261-003,Backhaul Network Services Inc.,2017-07-12,False,False,0.0,0.0
TX,8070.0,30.0,30000.0,30M0D1D,16-QAM,True,1.25|10|30,A,,B,44.03166667,-79.13666667,338.0,49.0,122.0,200.676147591649,-0.437795698170456,40.3,2.2,,A,"Andrew, Div of CommScope",HP6-71W,B,0.316227766016838,32.6516,0.5,,,Uxbridge (3189 Brock Rd) ON,VFE228,010705422-001,Metrolinx,2017-08-01,False,False,0.0,0.0
TX,8070.0,30.0,30000.0,30M0D1D,16-QAM,True,1.25|10|30,A,,B,43.2175,-79.665,86.0,60.0,80.0,337.184493688452,-0.053515923881547,40.3,2.2,,A,"Andrew, Div of CommScope",HP6-71W,B,0.316227766016838,31.0516,2.1,,,Stoney Creek (345 Lewis Rd) ON,CFW201,010701780-001,Metrolinx,2017-08-01,False,False,0.0,0.0
TX,8070.0,30.0,27400.0,27M4D7W,4096-QAM,True,1.25|10|30,A,L,B,46.50819444,-80.73313889,305.0,110.0,127.0,354.789977453277,-0.201470233647169,41.0,1.2,,A,"Andrew, Div of CommScope",UHX6-77GE,G,0.0635330931851744,25.5816,1.3,,,Stinson (Norvic Dr / ON-17) ON,CFO242,010701407-004,Backhaul Network Services Inc.,2023-12-19,False,False,0.0,0.0
TX,8070.0,30.0,27400.0,27M4D7W,4096-QAM,True,1.25|10|30,A,L,B,45.81834444,-82.61721111,196.0,80.0,122.0,294.983108665918,0.054394235062719,41.0,1.2,,A,"Andrew, Div of CommScope",UHX6-77,G,0.501187233627272,31.0516,4.8,,,EVANSVILLE (16511 HIGHWAY 540) ON,CFF284,010692050-003,Backhaul Network Services Inc.,2022-07-15,False,False,0.0,0.0
TX,8070.0,30.0,27400.0,27M4D7W,4096-QAM,True,1.25|10|30,A,L,B,44.76421389,-77.61611944,310.0,70.0,122.0,293.881102162431,0.0739478702474602,43.4,1.4,,A,"Andrew, Div of CommScope",HPX8-77,G,0.0316227766016838,24.9516,1.3,,,MADOC (20100 HWY 62) ON,CFH965,010677707-004,Backhaul Network Services Inc.,2023-10-06,False,False,0.0,0.0
TX,8070.0,30.0,27400.0,27M4D7W,4096-QAM,True,1.25|10|30,A,L,B,44.79922778,-78.11253333,350.0,69.1,72.0,76.1068466929069,-0.0850619337580955,41.0,1.2,,A,"Andrew, Div of CommScope",UHX6-77,G,0.501187233627272,31.0516,4.8,,,APSLEY (87 TUCKERS RD) ON,VBE668,010033229-005,Backhaul Network Services Inc.,2023-07-12,False,False,0.0,0.0
TX,8070.0,30.0,30000.0,30M0D7WET,64-QAM,True,1.25|10|30,A,L,B,45.53833333,-79.92138889,259.0,86.0,106.0,196.899901342959,-0.182115598277936,41.0,1.2,,A,"Andrew, Div of CommScope",UHX6-77,B,0.25,28.531,4.3,,,MCKELLAR (897 HWY 124) ON,VFE961,010069429-004,Backhaul Network Services Inc.,2020-07-01,False,False,0.0,0.0
TX,8070.0,30.0,27400.0,27M4D7W,4096-QAM,True,1.25|10|30,A,L,B,44.21836389,-77.23992222,107.0,49.0,60.0,191.992824799417,-0.0329786165243531,42.9,1.1,,A,"Andrew, Div of CommScope",USX8-7W,G,0.1346,27.24205,4.8,,,SHANNONVILLE (326A SHANNONVILLE RD) ON,CFD977,010681865-004,Backhaul Network Services Inc.,2022-03-31,False,False,0.0,0.0
TX,8070.0,30.0,27400.0,27M4D7W,1024-QAM,True,1.25|10|30,A,L,B,46.22638889,-82.01277778,215.0,79.0,110.0,68.2449980341805,0.165138747808526,43.5,1.0,,A,"Andrew, Div of CommScope",UHX8-77GD,G,0.03,25.32281,0.8,,,LEE VALLEY (2225 HWY 17) ON,VFE206,010069423-004,Backhaul Network Services Inc.,2020-11-27,False,False,0.0,0.0
TX,8070.0,30.0,27400.0,27M4D7W,4096-QAM,True,1.25|10|30,A,,B,43.94277778,-77.22722222,97.0,72.0,100.0,285.205805728497,-0.0829608101353027,42.9,1.1,,A,"Andrew, Div of CommScope",USX8-7W,G,0.147,27.62477,4.8,,,WEST LAKE (S/W RR12 AND RIDGE RD) ON,CIN646,010031255-005,Backhaul Network Services Inc.,2022-02-18,False,False,0.0,0.0
TX,8070.0,30.0,27400.0,27M4D7W,4096-QAM,True,1.25|10|30,A,,B,44.66105556,-76.35525,140.0,110.0,122.0,357.010851859413,-0.0532467212866376,43.5,1.0,,A,"Andrew, Div of CommScope",UHX8-77GD,G,0.153,28.39851,4.8,,,Westport (9140 CR-42) ON,VBE601,010031779-005,Backhaul Network Services Inc.,2022-02-18,False,False,0.0,0.0
TX,8070.0,30.0,27400.0,27M4D7W,4096-QAM,True,1.25|10|30,A,L,B,42.58978889,-81.67588056,213.0,45.5,60.0,233.987542156936,-0.0255453583648569,42.9,1.1,,A,"Andrew, Div of CommScope",USX8-7W,G,0.1,25.9516,4.8,,,WEST ELGIN (22717 DOWNIE LINE) ON,VYB659,010278496-004,Backhaul Network Services Inc.,2022-03-28,False,False,0.0,0.0
TX,8070.0,30.0,27400.0,27M4D7W,4096-QAM,True,1.25|10|30,A,,B,45.14527778,-79.98805556,184.0,46.5,50.0,107.808201918976,0.276975310905826,40.6,1.5,,A,"Andrew, Div of CommScope",USX6-7W,G,0.3724,29.3617,4.8,,,WOODS BAY (GRISDALES RD) ON,CIO925,010069453-004,Backhaul Network Services Inc.,2022-03-31,False,False,0.0,0.0
TX,8070.0,30.0,27400.0,27M4D7W,1024-QAM,True,1.25|10|30,A,L,B,45.32970278,-76.14881944,137.0,54.0,70.0,343.819340368122,-0.242899085623808,43.4,1.4,,A,"Andrew, Div of CommScope",HPX8-77,A,0.0794328234724281,25.9516,4.3,,,CARP (2590 MARSHWOOD RD) ON,VEL348,010070878-004,Backhaul Network Services Inc.,2022-09-01,False,False,0.0,0.0
TX,8070.0,30.0,27400.0,27M4D7W,4096-QAM,True,1.25|10|30,A,L,B,42.86325,-79.80602778,193.0,63.0,91.0,297.784960840924,0.0128636747862799,41.0,1.2,,A,"Andrew, Div of CommScope",UHX6-77,G,0.501187233627272,31.5516,4.3,,,Sweets Corners (345 Sweets Corners Rd) ON,VYB415,010097807-004,Backhaul Network Services Inc.,2022-12-07,False,False,0.0,0.0
TX,8070.0,30.0,27400.0,27M4D7W,4096-QAM,True,1.25|10|30,A,L,B,43.52788333,-80.76488611,385.0,83.4,100.0,95.0888803438814,-0.339221879976065,43.4,1.4,,A,"Andrew, Div of CommScope",HPX8-77,G,0.1995,29.45103,4.8,,,WELLESLEY (2437 MANSER RD) ON,CIN944,010032149-004,Backhaul Network Services Inc.,2022-03-31,False,False,0.0,0.0
TX,8070.0,30.0,27400.0,27M4D7W,4096-QAM,True,1.25|10|30,A,M,A,44.54675,-79.68188889,381.0,25.0,37.0,187.219939691937,-0.312100778216467,41.0,1.2,,A,"Andrew, Div of CommScope",UHX6-77,G,0.1995,27.05103,4.8,,,Horseshoe Valley (3513 Line 3 N) ON,VEA455,010032075-006,Backhaul Network Services Inc.,2022-02-01,False,False,0.0,0.0
TX,8070.0,30.0,27400.0,27M4D7W,1024-QAM,True,1.25|10|30,A,L,B,45.39894444,-76.60942778,216.0,78.2,92.0,318.648031952492,-0.200429395844997,44.9,1.0,,A,"Andrew, Div of CommScope",HPX10-71W,B,0.0794328234724281,30.4516,1.3,,,BURNSTOWN (2195 BURNSTOWN RD) ON,VAD402,010031671-008,Backhaul Network Services Inc.,2022-10-21,False,False,0.0,0.0
TX,8070.0,30.0,27400.0,27M4D7W,4096-QAM,True,1.25|10|30,A,,B,45.27583333,-75.31861111,70.0,50.0,97.0,80.2514867487493,-0.0260469411489315,40.6,1.5,,A,"Andrew, Div of CommScope",USX6-7W,G,0.2512,27.6518,4.8,,,EMBRUN (960 ST-GUILLAUME RD) ON,XJV259,010032253-005,Backhaul Network Services Inc.,2022-02-01,False,False,0.0,0.0
TX,8070.0,30.0,27400.0,27M4D7W,4096-QAM,True,1.25|10|30,A,L,B,45.81888889,-77.15388889,150.0,50.3,107.0,135.718460658077,0.0682598326493743,42.9,1.2,,A,"Andrew, Div of CommScope",HPX8-71W,G,0.118,26.67042,4.8,,,"PEMBROKE, ON-219 TV TOWER ROAD",VAD404,010031669-006,Backhaul Network Services Inc.,2022-02-14,False,False,0.0,0.0
TX,8070.0,30.0,27400.0,27M4D7W,1024-QAM,True,1.25|10|30,A,L,B,44.05880556,-81.58925,238.0,75.0,80.0,139.517093307824,0.24473855913827,41.0,1.2,,A,Ericsson (Marconi/GEC),ML7/8 1.8M HPX,B,0.05,23.5413,2.3,,,Ripley (691 CR-7) ON,VFE239,010031227-005,Backhaul Network Services Inc.,2020-06-01,False,False,0.0,0.0
TX,8070.0,30.0,27400.0,27M4D7W,4096-QAM,True,1.25|10|30,A,L,B,45.30694444,-74.94111111,93.0,30.0,61.0,51.2533951512475,0.0126559633159621,42.9,1.2,,A,"Andrew, Div of CommScope",HPX8-71W,G,0.1584,28.44915,4.3,,,CASSELMAN (HWY 417/HWY 138) ON,VBE699,010032079-004,Backhaul Network Services Inc.,2023-06-25,False,False,0.0,0.0
TX,8070.0,30.0,27400.0,27M4D7W,4096-QAM,True,1.25|10|30,A,L,B,46.2875,-78.5225,182.0,106.7,128.0,268.864433249579,0.122842975485396,41.0,1.2,,A,"Andrew, Div of CommScope",UHX6-77GE,G,0.331,29.24988,4.8,,,MATTAWA (HWY 17/KLOCKS RD)  ON,VEL383,010073950-004,Backhaul Network Services Inc.,2022-06-30,False,False,0.0,0.0
TX,8070.0,30.0,27400.0,27M4D7W,4096-QAM,True,1.25|10|30,A,L,B,46.33408333,-81.57233333,229.0,78.0,91.0,252.723687881636,0.08402973022489,41.0,1.2,,A,"Andrew, Div of CommScope",UHX6-77GE,G,0.357,29.57828,4.8,,,Nairn Centre (100 MacDonald St) ON,VFE751,010074312-006,Backhaul Network Services Inc.,2022-08-16,False,False,0.0,0.0
TX,8070.0,30.0,27400.0,27M4D7W,4096-QAM,True,1.25|10|30,A,L,B,46.12388889,-77.56166667,197.0,116.1,125.0,287.268410286102,-0.159321234000557,43.4,1.4,,A,"Andrew, Div of CommScope",HPX8-77,G,0.1,26.4516,4.8,,,LAURENTIAN HILLS  (163 BASS LAKE RD) ON,VEL387,010032285-005,Backhaul Network Services Inc.,2022-03-25,False,False,0.0,0.0
TX,8070.0,30.0,27400.0,27M4D7W,4096-QAM,True,1.25|10|30,A,L,B,44.39744444,-76.59052778,170.0,73.0,100.0,133.598256473773,-0.207358407018821,42.9,1.1,,A,"Andrew, Div of CommScope",USX8-7W,G,0.135,27.25494,4.8,,,SYDENHAM (LAMBERT RD / STAGE COACH RD.)  ON,VYB283,010078875-003,Rogers Communications Canada Inc.,2022-02-14,False,False,0.0,0.0
TX,8070.0,30.0,27400.0,27M4D7W,4096-QAM,True,1.25|10|30,A,L,B,42.31672222,-82.02261111,201.0,52.5,76.0,238.224621835558,-0.0601427655454557,43.5,1.0,,A,"Andrew, Div of CommScope",UHX8-77GD,G,0.5012,33.55171,4.8,,,Blenheim (19712 Lagoon Rd) ON,VEA431,010031377-005,Backhaul Network Services Inc.,2022-03-21,False,False,0.0,0.0
TX,8070.0,30.0,27400.0,27M4D7W,1024-QAM,True,1.25|10|30,A,L,B,45.84247222,-82.20013889,229.0,80.0,106.0,57.2106025047087,0.0485694764418532,41.0,1.2,,A,"Andrew, Div of CommScope",UHX6-77,A,0.18197,30.6516,0.8,,,MChigeen (West Bay) ON,VYA801,010069927-004,Backhaul Network Services Inc.,2020-10-15,False,False,0.0,0.0
TX,8070.0,30.0,30000.0,30M0D7WET,64-QAM,True,1.25|10|30,A,,B,42.67111111,-81.5325,213.0,50.0,73.0,49.2,0.02,43.5,1.0,,A,"Andrew, Div of CommScope",UHX8-77GD,A,0.7943092132651717,38.0515,2.3,,,DUTTON (LARGIE RD/GAELIC LINE) ON,XKU578,010079036-003,Rogers Communications Canada Inc.,2015-12-31,False,False,0.0,0.0
TX,8070.0,30.0,27400.0,27M4D7W,1024-QAM,True,1.25|10|30,A,,B,43.90002778,-81.31844444,320.0,81.8,84.0,300.538436186083,-0.159012591121773,41.0,1.2,,A,"Andrew, Div of CommScope",UHX6-77,A,0.06,24.33311,2.3,,,Wingham (237 Alice St) ON,CYF214,010072282-005,Backhaul Network Services Inc.,2020-06-01,False,False,0.0,0.0
TX,8070.0,30.0,27400.0,27M4D7W,4096-QAM,True,1.25|10|30,A,L,B,43.75775278,-81.42537778,341.0,69.0,105.0,213.717443469457,-0.208668362001101,42.9,1.1,,A,"Andrew, Div of CommScope",USX8-7W,G,0.0251188643150958,23.4516,1.3,,,BLYTH (39810 MONCRIEFF RD) ON,VFE361,010072285-004,Backhaul Network Services Inc.,2024-01-05,False,False,0.0,0.0
TX,8070.0,30.0,27400.0,27M4D7W,4096-QAM,True,1.25|10|30,A,L,B,44.75638889,-81.16833333,223.0,70.7,91.0,162.131275159585,0.00138205997051164,41.0,1.2,,A,"Andrew, Div of CommScope",UHX6-77,G,0.19952,27.05146,4.8,,,WIARTON (645 NORTH ACRES RD) ON,VBE651,010072492-006,Backhaul Network Services Inc.,2022-03-31,False,False,0.0,0.0
TX,8070.0,30.0,30000.0,30M0D7WET,64-QAM,True,1.25|10|30,A,,B,42.05194444,-82.73666667,193.0,38.0,50.0,106.858913819021,-0.034731183734194,43.5,1.0,,A,"Andrew, Div of CommScope",UHX8-77GD,B,1.0,36.8516,4.5,,,KINGSVILLE (HWY29/CON. RD 2 E) ON,VEA876,010030953-005,Backhaul Network Services Inc.,2015-12-31,False,False,0.0,0.0
TX,8070.0,30.0,27400.0,27M4D7W,4096-QAM,True,1.25|10|30,A,L,B,44.75638889,-81.16833333,223.0,78.3,91.0,354.886980867914,-0.0963170686939958,41.0,1.2,,A,"Andrew, Div of CommScope",UHX6-77,G,0.2512,28.0518,4.8,,,WIARTON (645 NORTHACRES RD) ON,VBE651,010032739-006,Backhaul Network Services Inc.,2022-04-01,False,False,0.0,0.0
TX,8070.0,30.0,27400.0,27M4D7W,1024-QAM,True,1.25|10|30,A,M,A,42.96552778,-81.37472222,257.0,58.0,70.0,39.9999416572916,0.0987331985778424,41.0,1.2,,A,"Andrew, Div of CommScope",UHX6-77,G,0.0794328234724281,20.5516,7.3,,,London (2311 Oxford St W) ON,VYA637,010072229-004,Backhaul Network Services Inc.,2023-09-15,False,False,0.0,0.0
TX,8070.0,30.0,30000.0,30M0D7WET,64-QAM,True,1.25|10|30,A,L,B,44.85269444,-79.73622222,195.0,52.0,100.0,204.042379457214,-0.0508608864933651,41.0,1.2,,A,"Andrew, Div of CommScope",UHX6-77,G,0.16,26.5928,4.3,,,Maceys Bay (Nicholson's Rd / Hwy 400) ON,VEL344,010069393-006,Backhaul Network Services Inc.,2020-10-27,False,False,0.0,0.0
TX,8070.0,30.0,27400.0,27M4D7W,4096-QAM,True,1.25|10|30,A,L,B,44.75119444,-79.36459167,230.0,54.0,95.0,169.556606961225,-0.0187421519106718,41.0,1.2,,A,"Andrew, Div of CommScope",UHX6-77,G,0.251188643150958,28.0516,4.8,,,WASHAGO (3599 CAMBRIAN RD) ON,VEL264,010069351-007,Backhaul Network Services Inc.,2024-12-27,False,False,0.0,0.0
TX,8070.0,30.0,27400.0,27M4D7W,4096-QAM,True,1.25|10|30,A,L,B,43.96211111,-78.42594444,173.0,78.0,91.0,311.578078212773,0.419185114143061,45.3,1.0,,A,"Andrew, Div of CommScope",HPX10-77,G,0.0316227766016838,26.8516,1.3,,,Port Hope (3384 Roseberry Hill Rd) ON,XKU589,010068766-006,Backhaul Network Services Inc.,2024-05-30,False,False,0.0,0.0
TX,8070.0,30.0,27400.0,27M4D7W,4096-QAM,True,1.25|10|30,A,L,B,42.43493333,-81.86458611,225.0,54.0,100.0,170.14762429032,-0.304433375979904,40.6,1.5,,A,"Andrew, Div of CommScope",USX6-7W,G,0.1259,24.65186,4.8,,,RIDGETOWN (12930 GOLF COURSE LINE) ON,CKO340,010032947-005,Backhaul Network Services Inc.,2022-03-01,False,False,0.0,0.0
TX,8070.0,30.0,30000.0,30M0D7WET,256-QAM,True,1.25|10|30,A,,B,44.5925,-79.44777778,276.0,14.0,30.0,248.5,0.393,40.6,1.6,,A,"Andrew, Div of CommScope",VHLPX6-7W,B,0.1,28.4516,0.0,,,ORILLIA (HARVIE SETTLEMENT RD) ON,CKY231,010040633-001,Point to Point Communications,2013-08-28,False,False,0.0,0.0
TX,8070.0,30.0,30000.0,30M0D7WET,64-QAM,True,1.25|10|30,A,,B,48.22083333,-90.11083333,579.0,86.3,100.0,81.0686242326907,-0.404185281146192,43.1,1.2,,A,RFS (Celwave/Cablewave/Phelps Dodge),DA8-W71B,B,0.251188643150958,29.7716,5.18,,,"WHITEFISH(Hwy 588,2KM West, ArrowLkRd), ON",CIO385,010036403-002,TBAYtel - Fixed,2015-10-30,False,False,0.0,0.0
TX,8070.0,30.0,30000.0,30M0D7W,128-QAM,True,1.25|10|30,A,,B,50.10216667,-91.92070833,390.0,32.0,45.0,105.033205453809,0.151693867827135,40.9,1.6,,A,RFS (Celwave/Cablewave/Phelps Dodge),DA6-77A,B,0.03,19.69281,3.83,,,Sioux Lookout (Prince St/6 Ave) ON,VEM732,010036383-002,TBAYtel - Fixed,2020-08-01,False,False,0.0,0.0
TX,8070.0,30.0,30000.0,30M0D7W,128-QAM,True,1.25|10|30,A,,B,49.90935833,-91.149,470.0,92.8,116.0,293.179529380889,-0.263394866217409,45.4,1.0,,A,RFS (Celwave/Cablewave/Phelps Dodge),DA10-77A,A,0.13,27.14103,7.25,,,Sturgeon Lake (Hwy 599) ON,VEM730,010036381-002,TBAYtel - Fixed,2020-08-01,False,False,0.0,0.0
TX,8070.0,30.0,30000.0,30M0D7W,128-QAM,True,1.25|10|30,A,,B,49.90935833,-91.149,470.0,88.2,116.0,193.294979480565,-0.250631330208425,43.5,1.2,,A,RFS (Celwave/Cablewave/Phelps Dodge),DA8-77A,A,0.03,19.05281,7.07,,,Sturgeon Lake (Hwy 599) ON,VEM730,010036379-002,TBAYtel - Fixed,2020-08-01,False,False,0.0,0.0
TX,8070.0,30.0,30000.0,30M0D7WET,256-QAM,True,1.25|10|30,B,,B,48.7175,-93.0775,351.0,84.0,100.0,81.7625681135597,-0.105966776099953,43.3,1.6,,A,"Andrew, Div of CommScope",HP8-77,B,1.2589,33.15151,9.0,,,NICKEL LAKE ON,VEK939,010036337-002,TBAYtel - Fixed,2018-03-13,False,False,0.0,0.0
TX,8070.0,30.0,30000.0,30M0D7WET,256-QAM,True,1.25|10|30,A,,B,48.72805556,-92.09166667,457.0,39.0,100.0,275.337826350849,-0.231707090193934,45.2,1.2,,A,"Andrew, Div of CommScope",HP10-77GE,B,1.2589,37.55151,6.5,,,FLANDERS ON,VEK937,010036335-002,TBAYtel - Fixed,2018-03-12,False,False,0.0,0.0
TX,8070.0,30.0,30000.0,30M0D7WET,256-QAM,True,1.25|10|30,B,,B,48.72805556,-92.09166667,457.0,26.0,100.0,91.3315927430386,0.0433643639546728,45.2,1.2,,A,"Andrew, Div of CommScope",HP10-77GE,B,1.2589,37.75151,6.3,,,FLANDERS ON,VEK937,010036333-002,TBAYtel - Fixed,2018-03-12,False,False,0.0,0.0
TX,8070.0,30.0,30000.0,30M0D7WET,256-QAM,True,1.25|10|30,B,,B,48.685,-91.15916667,452.0,48.0,100.0,277.269242932172,0.0461825497869429,43.3,1.6,,A,"Andrew, Div of CommScope",HP8-77,B,1.2589,35.15151,7.0,,,QUETICO NORTH ON,VEK935,010036331-002,TBAYtel - Fixed,2018-03-12,False,False,0.0,0.0
TX,8070.0,30.0,30000.0,30M0D7WET,256-QAM,True,1.25|10|30,B,,B,48.685,-91.15916667,452.0,59.0,100.0,96.2585977875798,0.0445079416683681,45.2,1.2,,A,"Andrew, Div of CommScope",HP10-77GE,B,1.2589,36.15151,7.9,,,QUETICO NORTH ON,VEK935,010036329-002,TBAYtel - Fixed,2018-03-12,False,False,0.0,0.0
TX,8070.0,30.0,30000.0,30M0D7W,128-QAM,True,1.25|10|30,A,L,B,48.65580556,-90.25533333,493.0,40.4,63.0,103.032720168136,-0.148762134646156,40.8,0.4,,A,RFS (Celwave/Cablewave/Phelps Dodge),DAX6-77B,A,0.13,24.79103,5.0,,,Shebandowan (2970 Hwy 11) ON,VEK933,010036327-002,TBAYtel - Fixed,2021-01-18,False,False,0.0,0.0
TX,8070.0,30.0,27400.0,27M4D7W,4096-QAM,True,1.25|10|30,A,,B,44.51888889,-76.58166667,189.0,85.0,100.0,205.087762268997,-0.140731536110624,41.0,1.2,,A,"Andrew, Div of CommScope",UHX6-77,G,0.2512,28.0518,4.8,,,FRONTENAC PARK (7599 BEDFORD RD) ON,CKY598,010033633-004,Backhaul Network Services Inc.,2022-03-31,False,False,0.0,0.0
TX,8070.0,30.0,27400.0,27M4D7W,4096-QAM,True,1.25|10|30,A,L,B,43.92836111,-80.87430556,382.0,70.1,100.0,20.3927138973464,-0.047347942744045,42.9,1.1,,A,"Andrew, Div of CommScope",USX8-7W,G,0.0251188643150958,23.4516,1.3,,,Harriston (6066 10th Line) ON,VFE675,010033587-004,Backhaul Network Services Inc.,2023-09-08,False,False,0.0,0.0
TX,8070.0,30.0,27300.0,27M3D7WET,512-QAM,True,1.25|10|30,A,L,B,46.3615,-82.56061111,323.0,68.0,85.0,181.335876536455,-0.403967055700748,40.4,1.4,,A,"Andrew, Div of CommScope",HPX6-71W,A,0.1585,28.45189,1.8,,,Elliot Lake (ON-108 / Frame Crescent) ON,CKG662,010033537-005,Backhaul Network Services Inc.,2021-01-12,False,False,0.0,0.0
TX,8070.0,30.0,27400.0,27M4D7W,4096-QAM,True,1.25|10|30,A,L,B,43.39063889,-81.29536111,328.0,61.0,98.0,108.964477007657,-0.0411056894505471,40.6,1.5,,A,"Andrew, Div of CommScope",USX6-7W,G,0.315,28.63471,4.8,,,Russeldale (2888 Road 168) ON,VFF928,010033231-003,Backhaul Network Services Inc.,2022-03-01,False,False,0.0,0.0
TX,8070.0,30.0,27400.0,27M4D7W,4096-QAM,True,1.25|10|30,A,L,B,44.09472222,-80.12075,493.0,49.5,60.0,318.372085984565,-0.0102834445139688,42.9,1.2,,A,"Andrew, Div of CommScope",HPX8-71W,G,0.186,28.64673,4.8,,,Primrose (507023 ON-89) ON,VEL895,010033147-005,Backhaul Network Services Inc.,2022-03-30,False,False,0.0,0.0
TX,8070.0,30.0,27400.0,27M4D7W,1024-QAM,True,1.25|10|30,A,L,B,43.31007778,-80.86003333,342.0,62.0,90.0,155.235372945741,-0.13420843289582,41.0,1.2,,A,"Andrew, Div of CommScope",UHX6-77GE,B,0.0794328234724281,24.5516,3.3,,,"HICKSON (537135, OXFORD RD 34) ON",VEM834,010033123-003,Backhaul Network Services Inc.,2022-12-13,False,False,0.0,0.0
TX,8070.0,30.0,27400.0,27M4D7W,4096-QAM,True,1.25|10|30,A,L,B,45.13222222,-78.79305556,393.0,59.5,120.0,155.630205840476,-0.208983637404781,41.0,1.2,,A,"Andrew, Div of CommScope",UHX6-77,G,0.25118,28.05145,4.8,,,"HALIBURTON (PL 6/7, CONC 11/12) ON",VFG285,010032559-004,Backhaul Network Services Inc.,2022-03-31,False,False,0.0,0.0
TX,8070.0,30.0,30000.0,30M0D7WET,64-QAM,True,1.25|10|30,A,,B,42.14222222,-82.9625,184.0,53.0,60.0,164.144073531323,-0.109006029326422,40.4,1.4,,A,"Andrew, Div of CommScope",HPX6-71W,A,0.03981071705534973,23.4516,0.8,,,MCGREGOR (72 SCOTT LANE) ON,CJL843,010032465-005,Rogers Communications Canada Inc.,2017-01-06,False,False,0.0,0.0
TX,8070.0,30.0,27400.0,27M4D7W,4096-QAM,True,1.25|10|30,A,L,B,44.93638889,-75.14694444,85.0,75.5,91.0,343.091636839377,-0.0748225350583843,42.9,1.1,,A,"Andrew, Div of CommScope",USX8-7W,G,0.145,27.56528,4.8,,,MORRISBURG (HWY 401 / HWY 8) ON,XKX902,010032457-005,Backhaul Network Services Inc.,2022-02-14,False,False,0.0,0.0
TX,8070.0,30.0,30000.0,30M0D7WET,128-QAM,True,1.25|10|30,A,,B,42.92694444,-79.32638889,176.0,62.0,79.0,88.8,-0.121,43.4,1.4,,A,"Andrew, Div of CommScope",HPX8-77,A,0.3981,35.9516,1.3,,,WAINFLEET (37345 WILSON RD) ON,XKU549,010032365-001,Rogers Communications Canada Inc.,2011-04-01,False,False,0.0,0.0
TX,8070.0,30.0,27400.0,27M4D7W,4096-QAM,True,1.25|10|30,A,L,B,46.26725,-79.10469444,262.0,92.0,112.0,256.269645090786,-0.225226885769131,43.4,1.4,,A,"Andrew, Div of CommScope",HPX8-77,G,0.501187233627272,33.4516,4.8,,,RUTHERGLEN (150 TROUT POND RD) ON,VEL388,010032291-007,Backhaul Network Services Inc.,2025-11-04,False,False,0.0,0.0
TX,8070.0,30.0,30000.0,30M0D7WET,512-QAM,True,1.25|10|30,A,,B,45.27583333,-75.31861111,70.0,58.0,97.0,289.698934219612,-0.0393615787633138,45.2,1.2,,A,"Andrew, Div of CommScope",UHX10-77GD,B,0.1259,21.25186,12.8,,,EMBRUN (960 ST-GUILLAUME RD) ON,XJV259,010032159-005,Backhaul Network Services Inc.,2018-04-20,False,False,0.0,0.0
TX,8070.0,30.0,27400.0,27M4D7W,4096-QAM,True,1.25|10|30,A,,B,44.32361111,-76.18583333,100.0,84.0,91.0,65.1179254987436,-0.0254100039471037,41.0,1.2,,A,"Andrew, Div of CommScope",UHX6-77GE,G,0.257,28.15093,4.8,,,GANANOQUE (5210 KING ST W) ON,XKU598,010032107-004,Backhaul Network Services Inc.,2022-02-11,False,False,0.0,0.0
TX,8070.0,30.0,27400.0,27M4D7W,1024-QAM,True,1.25|10|30,A,L,B,45.50991667,-74.66258333,114.0,55.0,91.0,216.679071696735,-0.197099573944445,42.9,1.2,,A,"Andrew, Div of CommScope",HPX8-71W,B,0.1,25.4516,5.3,,,Vankleek Hill (6414 ON-34) ON,XKU533,010032077-006,Backhaul Network Services Inc.,2022-07-01,False,False,0.0,0.0
TX,8070.0,30.0,27400.0,27M4D7W,4096-QAM,True,1.25|10|30,A,L,B,45.06219444,-74.74536111,55.0,76.5,122.0,254.603840794425,-0.0995163719691044,43.5,1.0,,A,"Andrew, Div of CommScope",UHX8-77GD,G,0.107,26.84544,4.8,,,CORNWALL(MCCONNELL AVE/ HWY 401) ON,XKX903,010031877-007,Backhaul Network Services Inc.,2025-09-23,False,False,0.0,0.0
TX,8070.0,30.0,27400.0,27M4D7W,4096-QAM,True,1.25|10|30,A,L,B,46.19936111,-83.02211111,190.0,95.0,108.0,86.2988773233114,-0.0389608249510435,43.5,1.0,,A,"Andrew, Div of CommScope",UHX8-77GD,G,0.501,33.54998,4.8,,,Blind River (26060 Hwy 17) ON,VDE889,010031865-003,Backhaul Network Services Inc.,2023-11-29,False,False,0.0,0.0
TX,8070.0,30.0,27400.0,27M4D7W,1024-QAM,True,1.25|10|30,A,,B,42.29725,-82.74225,176.0,39.0,60.0,105.83463922055,0.00050030417236312,43.5,1.0,,A,"Andrew, Div of CommScope",UHX8-77GD,G,0.079,26.52787,3.8,,,Lakeshore (1408 CR-22) ON,VBE661,010031815-005,Backhaul Network Services Inc.,2019-07-08,False,False,0.0,0.0
TX,8070.0,30.0,27400.0,27M4D7W,4096-QAM,True,1.25|10|30,A,M,A,44.11205556,-78.91669444,277.0,50.4,76.0,340.771894944341,-0.00107379887190539,43.5,1.0,,A,"Andrew, Div of CommScope",UHX8-77GD,G,0.19275,29.40154,4.8,,,Port Perry (Head Rd / Island Rd) ON,VAD464,010031733-003,Backhaul Network Services Inc.,2022-02-01,False,False,0.0,0.0
TX,8070.0,30.0,27400.0,27M4D7W,4096-QAM,True,1.25|10|30,A,L,B,42.66111111,-80.78194444,198.0,73.1,90.0,98.2164593940135,-0.0901803274032105,41.0,1.2,,A,"Andrew, Div of CommScope",UHX6-77,G,0.5012,31.05171,4.8,,,VIENNA (5372 TEALL NEIL RD) ON,VEM660,010031551-004,Backhaul Network Services Inc.,2022-03-11,False,False,0.0,0.0
TX,8070.0,30.0,27400.0,27M4D7W,4096-QAM,True,1.25|10|30,A,L,B,45.30694444,-74.94111111,93.0,48.5,61.0,165.237301667362,0.0847154810911249,41.0,1.2,,A,Ericsson (Marconi/GEC),ML7/8 1.8M HPX,G,0.1584,26.54915,4.3,,,CASSELMAN (HWY 417/HWY 138) ON,VBE699,010031547-004,Backhaul Network Services Inc.,2023-06-25,False,False,0.0,0.0
TX,8070.0,30.0,27400.0,27M4D7W,4096-QAM,True,1.25|10|30,A,L,B,44.93638889,-75.14694444,85.0,81.4,91.0,235.895966127884,-0.135170467184142,43.5,1.0,,A,"Andrew, Div of CommScope",UHX8-77GD,G,0.112,27.04378,4.8,,,MORRISBURG (HWY 401 / HWY 8) ON,XKX902,010031523-004,Backhaul Network Services Inc.,2022-02-14,False,False,0.0,0.0
TX,8070.0,30.0,27400.0,27M4D7W,4096-QAM,True,1.25|10|30,A,L,B,44.28812778,-81.07914722,280.0,54.0,100.0,269.761234235793,-0.199867241154093,41.0,1.2,,A,"Andrew, Div of CommScope",UHX6-77,G,0.0501187233627272,24.5516,1.3,,,Chesley (2255 Bruce Rd 19) ON,VFE256,010031419-006,Backhaul Network Services Inc.,2023-08-22,False,False,0.0,0.0
TX,8070.0,30.0,27400.0,27M4D7W,4096-QAM,True,1.25|10|30,A,L,B,43.13878611,-81.56183611,233.0,82.0,91.0,179.050509883619,-0.0854971825623783,40.6,1.5,,A,"Andrew, Div of CommScope",USX6-7W,G,0.0630957344480193,25.1516,1.3,,,AILSA CRAIG (CASSIDY RD/HWY 7) ON,VFE459,010031383-005,Backhaul Network Services Inc.,2022-07-15,False,False,0.0,0.0
TX,8070.0,30.0,27400.0,27M4D7W,4096-QAM,True,1.25|10|30,A,L,B,43.61094444,-81.37905556,324.0,75.0,96.0,36.95049384974,0.00838954727688904,42.9,1.1,,A,"Andrew, Div of CommScope",USX8-7W-6GF,G,0.0230674718872007,23.0816,1.3,,,SEAFORTH (42325 SUMMERHILL RD) ON,CYF213,010031355-006,Backhaul Network Services Inc.,2023-02-03,False,False,0.0,0.0
TX,8070.0,30.0,27400.0,27M4D7W,4096-QAM,True,1.25|10|30,A,L,B,44.7025,-75.92777778,132.0,62.2,99.0,357.694976104798,-0.162328271398636,43.5,1.0,,A,"Andrew, Div of CommScope",UHX8-77GD,G,0.18,29.10433,4.8,,,FRANKVILLE (660 K-E TOWNLINE RD) ON,CIJ576,010031251-005,Backhaul Network Services Inc.,2022-02-14,False,False,0.0,0.0
TX,8070.0,30.0,27400.0,27M4D7W,4096-QAM,True,1.25|10|30,A,L,B,43.31531389,-81.306725,305.0,79.0,100.0,224.849489816296,-0.122554551461027,42.9,1.1,,A,"Andrew, Div of CommScope",USX8-7W,G,0.0251188643150958,23.4516,1.3,,,KIRKTON (5857 LINE 8) ON,CIO687,010031181-004,Backhaul Network Services Inc.,2024-04-26,False,False,0.0,0.0
TX,8070.0,30.0,27400.0,27M4D7W,4096-QAM,True,1.25|10|30,A,L,B,44.25242222,-77.99722222,276.0,62.0,105.0,105.4,-0.55,40.6,1.5,,A,"Andrew, Div of CommScope",USX6-7W,G,0.0398107170553497,23.1516,1.3,,,HASTINGS (9TH CONC RD W/HWY 45) ON,CJL826,010031137-004,Backhaul Network Services Inc.,2023-07-31,False,False,0.0,0.0
TX,8070.0,30.0,27400.0,27M4D7W,4096-QAM,True,1.25|10|30,A,L,B,42.13277778,-82.39472222,189.0,76.6,95.0,224.274713766133,-0.174738541395341,43.5,1.0,,A,"Andrew, Div of CommScope",UHX8-77GD,G,0.123,27.45065,4.8,,,CHATHAM-KENT (1845 TALBOT TRAIL) ON,VEL431,010030951-006,Backhaul Network Services Inc.,2022-03-10,False,False,0.0,0.0
TX,8070.0,30.0,30000.0,30M0D7WET,64-QAM,True,1.25|10|30,A,M,A,45.33916667,-75.90388889,81.0,74.0,79.0,287.495296660991,-0.0102992999831353,42.9,1.2,,A,"Andrew, Div of CommScope",HPX8-71W,B,0.1,29.9516,0.8,,,KANATA (306 LEGGET DR) ON,XJV283,010030935-006,Backhaul Network Services Inc.,2020-09-25,False,False,0.0,0.0
TX,8070.0,30.0,27400.0,27M4D7W,4096-QAM,True,1.25|10|30,A,L,B,45.39888889,-76.60888889,216.0,42.4,92.0,82.734490819653,-0.193018803051186,42.9,1.2,,A,"Andrew, Div of CommScope",HPX8-71W,G,0.274,30.32911,4.8,,,BURNSTOWN (2195 BURNSTOWN RD) ON,VAD402,010030933-007,Backhaul Network Services Inc.,2022-02-14,False,False,0.0,0.0
TX,8040.0,30.0,27400.0,27M4D7W,4096-QAM,True,1.25|10|30,A,L,B,44.98700556,-78.09309167,462.0,55.75,106.0,112.72395367237,-0.285636568206154,42.9,1.1,,A,"Andrew, Div of CommScope",USX8-7W,G,0.0398107170553497,25.4516,1.3,,,PAUDASH LAKE (1165 GANDER ROAD) ON,CIZ223,011126482-001,Backhaul Network Services Inc.,2026-05-01,False,False,25.0,0.0
TX,8040.0,30.0,27400.0,27M4D7W,4096-QAM,True,1.25|10|30,A,L,B,44.32253056,-79.15154722,267.0,63.5,135.0,187.99842671835,-0.0138365368622914,40.8,1.5,,A,"Andrew, Div of CommScope",HX6-7W,G,0.0371535229097172,23.0516,1.3,,,PEFFERLAW (400 DURHAM REGIONAL RD 12) ON,VEM464,010069413-006,Backhaul Network Services Inc.,2025-09-18,False,False,25.0,0.0
TX,8040.0,30.0,27400.0,27M4D7W,4096-QAM,True,1.25|10|30,A,L,B,44.46861389,-81.36946667,200.0,72.0,104.5,201.363281523714,0.0330881105078355,42.9,1.1,,A,"Andrew, Div of CommScope",USX8-7W,G,0.125892541179417,30.4516,1.3,,,"PORT ELGIN(PART LOT 57,58 AND 59, LAKE RANGE, SAUGEEN T) ON",CHY670,011067078-002,Backhaul Network Services Inc.,2025-01-24,False,False,25.0,0.0
TX,8040.0,30.0,27400.0,27M4D7W,4096-QAM,True,1.25|10|30,A,L,B,44.88513889,-76.22838889,140.0,65.0,100.0,18.7290633404464,-0.092134362875242,40.6,1.5,,A,"Andrew, Div of CommScope",USX6-7W,G,0.0794328234724281,26.6516,0.8,,,PERTH (2816 RIDEAU FERRY ROAD) ON,VEM607,011037686-002,Backhaul Network Services Inc.,2025-01-17,False,False,25.0,0.0
TX,8040.0,30.0,27400.0,27M4D7W,4096-QAM,True,1.25|10|30,A,L,B,44.38925,-77.96672222,210.0,85.0,90.0,312.759855557049,-0.0243279885412434,40.6,1.5,,A,"Andrew, Div of CommScope",USX6-7W,G,0.0630957344480193,25.1516,1.3,,,Norwood (52 Mill St) ON,CGF601,011034759-002,Backhaul Network Services Inc.,2024-11-30,False,False,25.0,0.0
TX,8040.0,30.0,27400.0,27M4D7W,4096-QAM,True,1.25|10|30,A,L,B,44.90611111,-76.57277778,230.0,50.5,90.0,110.870586602974,-0.249463594095729,40.6,1.5,,A,"Andrew, Div of CommScope",USX6-7W,G,0.125892541179417,28.1516,1.3,,,Lanark (Highland Line & Concession Rd 2) ON,CHW957,011020853-002,Backhaul Network Services Inc.,2024-11-08,False,False,25.0,0.0
TX,8040.0,30.0,30000.0,30M0D7W,1024-QAM,True,1.25|10|30,A,L,B,44.19061111,-77.35969444,95.0,37.0,50.0,133.503396972386,0.00575202563028713,40.8,1.5,,A,"Andrew, Div of CommScope",HX6-7W,G,0.501187233627272,31.3516,4.3,,,Belleville (155 Jamieson Bone Rd) ON,CGM334,011044336-002,Backhaul Network Services Inc.,2024-06-17,False,False,25.0,0.0
TX,8040.0,30.0,27400.0,27M4D7W,4096-QAM,True,1.25|10|30,A,L,B,45.32698333,-75.284225,73.0,77.0,100.0,61.9848830363975,-0.133362580524161,42.9,1.1,,A,"Andrew, Div of CommScope",USX8-7W,G,0.125892541179417,30.4516,1.3,,,Embrun (387 St Thomas Rd) ON,CJL913,011020858-002,Backhaul Network Services Inc.,2024-06-07,False,False,25.0,0.0
TX,8040.0,30.0,27400.0,27M4D7W,4096-QAM,True,1.25|10|30,A,L,B,44.80694444,-75.69722222,104.0,71.3,90.0,162.647839715336,-0.0471898345858043,42.9,1.1,,A,"Andrew, Div of CommScope",USX8-7W,G,0.125892541179417,30.4516,1.3,,,NORTH AUGUSTA (9436 KYLE RD) ON,CHD865,011021598-002,Backhaul Network Services Inc.,2024-04-12,False,False,25.0,0.0
TX,8040.0,30.0,27400.0,27M4D7W,4096-QAM,True,1.25|10|30,A,L,B,42.76788889,-80.47472222,229.0,66.0,90.0,297.936668612989,0.00306849777658206,40.6,1.5,,A,"Andrew, Div of CommScope",USX6-7W,G,0.501187233627272,30.9516,4.5,,,SIMCOE (174 MCDOWELL RD E) ON,CFB871,010958911-002,Backhaul Network Services Inc.,2023-01-30,False,False,25.0,0.0
TX,8040.0,30.0,27400.0,27M4D7W,4096-QAM,True,1.25|10|30,A,L,B,45.40536111,-79.79313889,289.0,80.0,100.0,246.625776013328,-0.309622348346103,41.0,1.2,,A,"Andrew, Div of CommScope",UHX6-77GE,G,0.362,29.63869,4.8,,,Orrville (704 Blackwater Lake Rd) ON,VYA281,010068730-003,Backhaul Network Services Inc.,2022-07-19,False,False,25.0,0.0
TX,8040.0,30.0,27400.0,27M4D7W,4096-QAM,True,1.25|10|30,A,L,B,44.53772222,-76.68258333,162.0,43.0,100.0,175.199990814415,0.0118186013343027,40.6,1.5,,A,"Andrew, Div of CommScope",USX6-7W,G,0.129,24.7575,4.8,,,GODFREY (8011 HWY 38) ON,VEL361,010032237-004,Backhaul Network Services Inc.,2022-02-18,False,False,25.0,0.0
TX,8040.0,30.0,27400.0,27M4D7W,4096-QAM,True,1.25|10|30,A,L,B,42.80780278,-81.56575,217.0,76.5,100.0,233.699740612592,-0.0356082151393052,40.6,1.5,,A,"Andrew, Div of CommScope",USX6-7W,G,0.2512,27.6518,4.8,,,MELBOURNE (6278 LONGWOODS RD) ON,VEM701,010033157-003,Backhaul Network Services Inc.,2022-03-28,False,False,25.0,0.0
TX,8040.0,30.0,27400.0,27M4D7W,4096-QAM,True,1.25|10|30,A,L,B,44.93638889,-75.14694444,85.0,75.5,91.0,343.091636839377,-0.0748225350583843,42.9,1.1,,A,"Andrew, Div of CommScope",USX8-7W,G,0.145,27.56528,4.8,,,MORRISBURG (HWY 401 / HWY 8) ON,XKX902,010032457-005,Backhaul Network Services Inc.,2022-02-14,False,False,25.0,0.0
TX,8040.0,30.0,30000.0,30M0D7W,128-QAM,True,1.25|10|30,A,,B,49.90935833,-91.149,470.0,88.2,116.0,193.294979480565,-0.250631330208425,43.5,1.2,,A,RFS (Celwave/Cablewave/Phelps Dodge),DA8-77A,A,0.03,19.05281,7.07,,,Sturgeon Lake (Hwy 599) ON,VEM730,010036379-002,TBAYtel - Fixed,2020-08-01,False,False,25.0,0.0
TX,8040.0,30.0,30000.0,30M0D7W,128-QAM,True,1.25|10|30,A,,B,50.10216667,-91.92070833,390.0,32.0,45.0,105.033205453809,0.151693867827135,40.9,1.6,,A,RFS (Celwave/Cablewave/Phelps Dodge),DA6-77A,B,0.03,19.69281,3.83,,,Sioux Lookout (Prince St/6 Ave) ON,VEM732,010036383-002,TBAYtel - Fixed,2020-08-01,False,False,25.0,0.0
TX,8040.0,30.0,30000.0,30M0D7W,128-QAM,True,1.25|10|30,A,,B,49.90935833,-91.149,470.0,92.8,116.0,293.179529380889,-0.263394866217409,45.4,1.0,,A,RFS (Celwave/Cablewave/Phelps Dodge),DA10-77A,A,0.13,27.14103,7.25,,,Sturgeon Lake (Hwy 599) ON,VEM730,010036381-002,TBAYtel - Fixed,2020-08-01,False,False,25.0,0.0
TX,8040.0,30.0,27400.0,27M4D7W,4096-QAM,True,1.25|10|30,A,L,B,45.39888889,-76.60888889,216.0,42.4,92.0,82.734490819653,-0.193018803051186,42.9,1.2,,A,"Andrew, Div of CommScope",HPX8-71W,G,0.274,30.32911,4.8,,,BURNSTOWN (2195 BURNSTOWN RD) ON,VAD402,010030933-007,Backhaul Network Services Inc.,2022-02-14,False,False,25.0,0.0
TX,8040.0,30.0,27400.0,27M4D7W,4096-QAM,True,1.25|10|30,A,L,B,45.43386111,-78.98941667,434.0,66.5,85.0,236.546038859085,-0.275306390352803,41.1,1.6,,A,RFS (Celwave/Cablewave/Phelps Dodge),UXA6-78B,G,0.501,31.14998,4.8,,,OXBOW BEACH (LIMBERLOST RD.)  ON,VYB202,010072263-004,Backhaul Network Services Inc.,2022-06-30,False,False,25.0,0.0
TX,8040.0,30.0,30000.0,30M0D7WET,256-QAM,True,1.25|10|30,A,,B,45.46361111,-75.16388889,50.0,81.0,91.0,246.950123591253,-0.0996219775996329,44.9,1.0,,A,"Andrew, Div of CommScope",HPX10-71W,B,1.259,41.25186,2.5,,,BOURGET (2333 LALONDE RD) ON,XKU532,010030807-006,Backhaul Network Services Inc.,2018-04-20,False,False,25.0,0.0
TX,8040.0,30.0,27400.0,27M4D7W,4096-QAM,True,1.25|10|30,A,L,B,44.75119444,-79.36459167,230.0,54.0,95.0,169.556606961225,-0.0187421519106718,41.0,1.2,,A,"Andrew, Div of CommScope",UHX6-77,G,0.251188643150958,28.0516,4.8,,,WASHAGO (3599 CAMBRIAN RD) ON,VEL264,010069351-007,Backhaul Network Services Inc.,2024-12-27,False,False,25.0,0.0
TX,8040.0,30.0,27400.0,27M4D7W,4096-QAM,True,1.25|10|30,A,L,B,42.56,-82.19594444,182.0,58.0,89.0,283.874167647122,-0.144496887193538,42.9,1.1,,A,"Andrew, Div of CommScope",USX8-7W,G,0.1585,27.95189,4.8,,,DRESDEN (25838 LINDSAY RD) ON,VEM267,010031979-005,Backhaul Network Services Inc.,2022-03-15,False,False,25.0,0.0
TX,8040.0,30.0,27400.0,27M4D7W,4096-QAM,True,1.25|10|30,A,L,B,44.02797222,-77.89208333,205.0,81.0,91.0,257.021584215187,-0.268262128119603,41.0,1.2,,A,"Andrew, Div of CommScope",UHX6-77GE,G,0.501187233627272,31.0516,4.8,,,Colborne (220 Herley Rd) ON,XKU591,010030835-006,Backhaul Network Services Inc.,2025-09-02,False,False,25.0,0.0
TX,8040.0,30.0,27400.0,27M4D7W,4096-QAM,True,1.25|10|30,A,L,B,44.58777778,-78.16444444,289.0,51.5,106.0,19.5157502429366,0.105294650726915,45.3,1.0,,A,"Andrew, Div of CommScope",HPX10-77,G,0.0531,25.60255,4.8,,,HARCOURT (5914 HWY 28) ON,VAD497,010067845-004,Backhaul Network Services Inc.,2022-03-31,False,False,25.0,0.0
TX,8040.0,30.0,27500.0,27M5D7WET,64-QAM,True,1.25|10|30,A,,B,45.45972222,-76.66277778,173.0,66.0,90.0,98.7,-0.249,41.1,1.6,,A,RFS (Celwave/Cablewave/Phelps Dodge),UXA6-78B,B,0.2512,28.4516,4.5,,,RENFREW (ON0873) ON,CIJ755,010037237-001,TELUS Communications Inc.,2013-02-07,False,False,25.0,0.0
TX,8040.0,30.0,30000.0,30M0D7W,64-QAM,True,1.25|10|30,A,,B,42.27636111,-82.80433333,182.0,38.0,48.0,152.6,0.01,41.1,1.6,,A,RFS (Celwave/Cablewave/Phelps Dodge),UXA6-78B,G,0.16,26.4928,4.5,,,Puce (735 CR-42) ON,CIH534,010037143-004,TELUS Communications Inc.,2020-01-01,False,False,25.0,0.0
TX,8040.0,30.0,27500.0,27M5D7WET,64-QAM,True,1.25|10|30,A,,B,45.80611111,-77.09527778,151.0,77.0,90.0,300.7,-0.732,41.1,1.6,,A,RFS (Celwave/Cablewave/Phelps Dodge),UXA6-78B,A,0.2512,28.4516,4.5,,,PEMBROKE (ON0875) ON,CFW899,010036871-001,TELUS Communications Inc.,2014-04-01,False,False,25.0,0.0
TX,8040.0,30.0,27500.0,27M5D7WET,64-QAM,True,1.25|10|30,A,,B,45.45972222,-76.66277778,173.0,88.0,90.0,315.7,-0.147,43.6,1.2,,A,RFS (Celwave/Cablewave/Phelps Dodge),UXA8-78A,A,0.2512,30.9516,4.5,,,RENFREW (ON0873) ON,CIJ755,010036867-001,TELUS Communications Inc.,2014-01-23,False,False,25.0,0.0
TX,8040.0,30.0,30000.0,30M0D7W,128-QAM,True,1.25|10|30,A,,B,50.13305556,-93.24277778,449.0,66.0,91.0,203.82256329008,-0.126729508327355,45.3,1.0,,A,"Andrew, Div of CommScope",HPX10-77,G,0.2,34.4619,1.7,,,"Camp Robinson (Camp Robinson Road/Hwy 105), ON",VFF547,010036471-002,TBAYtel - Fixed,2019-10-01,False,False,25.0,0.0
TX,8040.0,30.0,30000.0,30M0D7W,128-QAM,True,1.25|10|30,A,,B,50.13305556,-93.24277778,449.0,62.8,91.0,12.9765119142073,-0.207839480630604,43.4,1.4,,A,"Andrew, Div of CommScope",HPX8-77,G,0.02,22.5619,1.7,,,"Camp Robinson (Camp Robinson Road/Hwy 105), ON",VFF547,010036469-002,TBAYtel - Fixed,2019-10-01,False,False,25.0,0.0
TX,8040.0,30.0,30000.0,30M0D7W,128-QAM,True,1.25|10|30,A,,B,50.64111111,-93.23194444,370.0,84.6,107.0,315.703337966438,-0.0684611430073726,45.3,1.0,,A,"Andrew, Div of CommScope",HPX10-77,G,0.03,26.22281,1.7,,,"Ear Falls (John St/Nicholas Ave) Ear Falls, ON",VFF546,010036467-002,TBAYtel - Fixed,2019-10-01,False,False,25.0,0.0
TX,8040.0,30.0,30000.0,30M0D7W,128-QAM,True,1.25|10|30,A,,B,50.64111111,-93.23194444,370.0,84.2,107.0,173.523123847101,-0.0621946995525482,45.3,1.0,,A,"Andrew, Div of CommScope",HPX10-77,G,0.02,24.4619,1.7,,,"Ear Falls (John St/Nicholas Ave) Ear Falls, ON",VFF546,010036465-002,TBAYtel - Fixed,2019-10-01,False,False,25.0,0.0
TX,8040.0,30.0,30000.0,30M0D7W,128-QAM,True,1.25|10|30,A,,B,50.99116667,-93.78625,397.0,45.1,107.0,133.46222180361,-0.00601931455375682,40.7,1.6,,A,"Andrew, Div of CommScope",HPX6-77,G,0.03,21.62281,1.7,,,Red Lake (ON105/ON125) ON,VFF544,010036463-002,TBAYtel - Fixed,2019-10-01,False,False,25.0,0.0
TX,8040.0,30.0,30000.0,30M0D7W,128-QAM,True,1.25|10|30,A,,B,49.41658056,-91.6244,460.0,89.2,100.0,40.9610508624124,-0.163860516020069,45.4,1.0,,A,RFS (Celwave/Cablewave/Phelps Dodge),DA10-77A,B,0.1,26.2916,6.96,,,Ignace (Hwy 11/Hwy 599) ON,VEM728,010036377-002,TBAYtel - Fixed,2020-08-01,False,False,25.0,0.0
TX,8040.0,30.0,27400.0,27M4D7W,4096-QAM,True,1.25|10|30,A,L,B,42.70711111,-82.28086111,188.0,71.5,111.0,251.127160545391,-0.068688892702174,42.9,1.1,,A,"Andrew, Div of CommScope",USX8-7W-6GF,G,0.0255858588690565,23.5316,1.3,,,Beaver Meadow (1291 Brigden Rd) ON,XKX925,010032429-005,Backhaul Network Services Inc.,2023-11-20,False,False,25.0,0.0
TX,8040.0,30.0,27400.0,27M4D7W,4096-QAM,True,1.25|10|30,A,M,A,42.14222222,-82.9625,184.0,53.1,60.0,83.2454758434526,-0.0883641304149812,42.9,1.2,,A,"Andrew, Div of CommScope",HPX8-71W,G,0.078,24.87255,4.8,,,MCGREGOR (72 SCOTT LANE) ON,CJL843,010031139-005,Backhaul Network Services Inc.,2022-01-25,False,False,25.0,0.0
TX,8040.0,30.0,27400.0,27M4D7W,4096-QAM,True,1.25|10|30,A,L,B,44.21589167,-77.38117222,101.0,71.0,91.4,4.06358938879545,0.112783675190181,40.6,1.5,,A,"Andrew, Div of CommScope",USX6-7W,G,0.125892541179417,28.1516,1.3,,,BELLEVILLE (86B SHORT ST) ON,XKU593,010031087-006,Backhaul Network Services Inc.,2025-11-07,False,False,25.0,0.0
TX,8040.0,30.0,30000.0,30M0D7WET,128-QAM,True,1.25|10|30,A,,B,42.04222222,-82.62305556,206.0,30.0,39.0,190.0,-0.148,41.1,1.6,,A,RFS (Celwave/Cablewave/Phelps Dodge),UXA6-78B,A,1.5849,35.6516,5.3,,,LEAMINGTON (67 FRASER RD) ON,CGC266,010030659-001,Bell Canada - Wireless Mgmt Office,2012-11-01,False,False,25.0,0.0
TX,7970.0,10.0,10000.0,10M0D7WET,128-QAM,True,1.25|10,A,,B,43.86388889,-78.88388889,91.0,40.0,76.0,238.8,0.177,40.8,2.0,,A,"Andrew, Div of CommScope",HP6-82,B,0.1585,30.2516,0.4,,,OSHAWA (1002 THORNTON RD S) ON,CKJ738,010029903-001,Metrolinx,2013-07-16,False,False,10.0,0.0
TX,7950.0,30.0,27400.0,27M4D7W,4096-QAM,True,1.25|10|30,A,L,B,45.50027778,-77.55416667,374.0,85.5,100.0,68.6913208142898,-0.505782611992307,40.6,1.5,,A,"Andrew, Div of CommScope",USX6-7W,G,0.125892541179417,28.1516,1.3,,,Wilno (719 Wilno South Rd) ON,CHG228,010032451-005,Backhaul Network Services Inc.,2023-10-20,False,False,15.0,0.0
TX,7950.0,30.0,27400.0,27M4D7W,4096-QAM,True,1.25|10|30,A,L,B,45.18578333,-74.89576111,110.0,66.0,100.0,43.1059470283145,-0.0740957769533239,40.8,1.5,,A,"Andrew, Div of CommScope",HX6-7W,G,0.794328234724281,32.8516,4.8,,,MONKLAND (17082 ROXBOROUGH GARDENS RD) ON,CHQ545,010992490-002,Backhaul Network Services Inc.,2023-07-10,False,False,15.0,0.0
TX,7950.0,30.0,27400.0,27M4D7W,4096-QAM,True,1.25|10|30,A,L,B,45.42611111,-76.3,104.0,62.0,96.0,132.188492500025,0.0882066555243318,40.6,1.5,,A,"Andrew, Div of CommScope",USX6-7W,G,0.327,28.79708,4.8,,,Arnprior (THOMAS ELLIOT/HWY17) ON,XJV249,010918272-002,Backhaul Network Services Inc.,2022-01-28,False,False,15.0,0.0
TX,7950.0,30.0,30000.0,30M0D7WET,64-QAM,True,1.25|10|30,A,L,B,42.07402778,-82.6645,230.0,40.0,70.0,175.265048193159,-0.190639628129317,40.8,2.0,,A,"Andrew, Div of CommScope",HP6-77,B,1.995,31.15103,10.5,,,Olinda (1739 Road 4 E) ON,CIN868,010037585-004,TELUS Communications Inc.,2020-10-19,False,False,15.0,0.0
TX,7950.0,10.0,10000.0,10M0D1D,64-QAM,True,1.25|10|30,A,,B,43.8475,-79.04333333,86.0,52.0,55.0,339.981750550252,0.637969879328603,40.3,2.2,,A,"Andrew, Div of CommScope",HP6-71W,B,0.251188643150958,30.0516,2.1,,,Ajax (90 Westney Rd S) ON,CFI892,010710780-001,Metrolinx,2018-05-01,False,False,5.0,0.0
TX,7950.0,30.0,30000.0,30M0D1D,16-QAM,True,1.25|10|30,B,,B,43.6425,-79.38722222,80.0,327.96,500.0,228.811016384812,-0.629996131159845,41.0,1.2,,A,"Andrew, Div of CommScope",UHX6-77,A,0.316227766016838,30.1516,3.7,,,Toronto (301 Front St) ON,VFE222,010701789-002,Metrolinx,2018-07-01,False,False,15.0,0.0
TX,7950.0,30.0,30000.0,30M0D1D,16-QAM,True,1.25|10|30,A,,B,43.46833333,-80.45777778,323.0,75.0,87.0,91.8388265792929,-0.0920021508373248,40.3,2.2,,A,"Andrew, Div of CommScope",HP6-71W,B,0.316227766016838,32.6516,0.5,,,Kitchener (200 Shirley Ave.) ON,CFW272,010711915-001,Metrolinx,2017-08-01,False,False,15.0,0.0
TX,7950.0,30.0,30000.0,30M0D1D,16-QAM,True,1.25|10|30,A,,B,43.30805556,-79.92805556,217.0,63.0,80.0,115.210964948476,-0.419954442409023,40.3,2.2,,A,"Andrew, Div of CommScope",HP6-71W,B,0.316227766016838,32.1516,1.0,,,Hamilton (155 Coreslab Drive) ON,VYC773,010705042-001,Metrolinx,2017-08-01,False,False,15.0,0.0
TX,7950.0,30.0,27400.0,27M4D7W,4096-QAM,True,1.25|10|30,A,L,B,45.34,-80.00722222,222.0,56.0,100.0,296.298386790012,-0.128076681432655,41.0,1.2,,A,"Andrew, Div of CommScope",UHX6-77,G,0.2512,28.0518,4.8,,,PARRY SOUND (5 OASTLER PARK RD) ON,VYB304,010074297-003,Backhaul Network Services Inc.,2022-03-31,False,False,15.0,0.0
TX,7950.0,30.0,27400.0,27M4D7W,4096-QAM,True,1.25|10|30,A,L,B,44.85085,-76.36876111,155.0,100.0,122.0,256.041580002134,-0.00761454119403461,42.9,1.1,,A,"Andrew, Div of CommScope",USX8-7W,G,0.0616595001861482,27.3516,1.3,,,PERTH (E/O CAMERON SIDE RD) ON,XJV299,010031695-006,Backhaul Network Services Inc.,2022-06-20,False,False,15.0,0.0
TX,7920.0,30.0,27400.0,27M4D7W,4096-QAM,True,1.25|10|30,A,L,B,45.00419444,-77.88211111,396.0,52.0,90.0,263.503710401874,0.0980864254140373,40.6,1.5,,A,"Andrew, Div of CommScope",USX6-7W,G,0.0794328234724281,26.1516,1.3,,,Bancroft (125 Carfrae Lake Lane) ON,CHT352,011077878-002,Backhaul Network Services Inc.,2025-04-28,False,False,0.0,0.0
TX,7920.0,30.0,27400.0,27M4D7W,4096-QAM,True,1.25|10|30,A,L,B,45.50027778,-77.55416667,374.0,85.5,100.0,68.6913208142898,-0.505782611992307,40.6,1.5,,A,"Andrew, Div of CommScope",USX6-7W,G,0.125892541179417,28.1516,1.3,,,Wilno (719 Wilno South Rd) ON,CHG228,010032451-005,Backhaul Network Services Inc.,2023-10-20,False,False,0.0,0.0
TX,7920.0,30.0,27400.0,27M4D7W,4096-QAM,True,1.25|10|30,A,L,B,45.42611111,-76.3,104.0,62.0,96.0,132.188492500025,0.0882066555243318,40.6,1.5,,A,"Andrew, Div of CommScope",USX6-7W,G,0.327,28.79708,4.8,,,Arnprior (THOMAS ELLIOT/HWY17) ON,XJV249,010918272-002,Backhaul Network Services Inc.,2022-01-28,False,False,0.0,0.0
TX,7920.0,30.0,30000.0,30M0D7W,128-QAM,True,1.25|10|30,A,L,B,48.61216667,-89.97244444,475.0,35.8,36.0,283.245029391275,0.0047791104950513,40.8,0.4,,A,RFS (Celwave/Cablewave/Phelps Dodge),DAX6-77B,A,0.13,25.09103,4.7,,,Shabaqua Corners (Mabella Rd / Hwy 11) ON,VEK932,010036327-002,TBAYtel - Fixed,2021-01-18,False,False,0.0,0.0
TX,7920.0,30.0,30000.0,30M0D7WET,256-QAM,True,1.25|10|30,A,L,B,48.61241667,-93.38766667,339.0,37.2,45.0,62.7559532698355,0.0495442138950387,40.8,2.0,,A,"Andrew, Div of CommScope",HP6-77,B,0.1,24.9516,3.7,,,Fort Frances (2nd St E/Crowe Ave) ON,CGX340,010763331-001,TBAYtel - Fixed,2021-01-01,False,False,0.0,0.0
TX,7920.0,30.0,30000.0,30M0D1D,16-QAM,True,1.25|10|30,A,,B,43.30805556,-79.92833333,217.0,76.0,80.0,315.88001185638,0.174056204855258,40.3,2.2,,A,"Andrew, Div of CommScope",HP6-71W,A,0.316227766016838,32.6516,0.5,,,Hamilton (155 Coreslab Drive) ON,CFW264,010711913-001,Metrolinx,2017-08-01,False,False,0.0,0.0
TX,7920.0,30.0,30000.0,30M0D1D,16-QAM,True,1.25|10|30,A,,B,43.86388889,-78.88388889,93.0,48.5,80.0,312.807640214759,0.521822928131942,40.3,2.2,,A,"Andrew, Div of CommScope",HP6-71W,B,0.316227766016838,32.6516,0.5,,,Oshawa (1004 Thornton Rd. South) ON,CKJ738,010710879-001,Metrolinx,2017-08-01,False,False,0.0,0.0
TX,7920.0,30.0,30000.0,30M0D1D,16-QAM,True,1.25|10|30,A,,B,44.07416667,-79.40527778,285.0,77.5,80.0,102.243579509924,0.117565684762926,40.3,2.2,,A,"Andrew, Div of CommScope",HP6-71W,B,0.316227766016838,32.6516,0.5,,,East Gwillimbury (65 Garfield Wright Blvd) ON,CFV880,010710877-001,Metrolinx,2017-08-01,False,False,0.0,0.0
TX,7920.0,30.0,27400.0,27M4D7W,4096-QAM,True,1.25|10|30,A,L,B,45.34,-80.00722222,222.0,56.0,100.0,296.298386790012,-0.128076681432655,41.0,1.2,,A,"Andrew, Div of CommScope",UHX6-77,G,0.2512,28.0518,4.8,,,PARRY SOUND (5 OASTLER PARK RD) ON,VYB304,010074297-003,Backhaul Network Services Inc.,2022-03-31,False,False,0.0,0.0
TX,7920.0,30.0,30000.0,30M0D7WET,256-QAM,True,1.25|10|30,A,,B,48.65194444,-90.71472222,479.0,104.0,125.0,20.1904100214467,-0.152772856243315,45.4,1.0,,A,RFS (Celwave/Cablewave/Phelps Dodge),DA10-77A,B,1.2589,33.65151,10.6,,,HURONIAN ON,VEK934,010036401-002,TBAYtel - Fixed,2018-03-19,False,False,0.0,0.0
TX,7920.0,30.0,30000.0,30M0D7WET,256-QAM,True,1.25|10|30,B,,B,48.75972222,-92.62583333,370.0,83.0,100.0,262.102090681145,-0.119670045661445,43.3,1.6,,A,"Andrew, Div of CommScope",HP8-77,B,1.2589,33.15151,9.0,,,MINE CENTRE ON,VEK938,010036337-002,TBAYtel - Fixed,2018-03-13,False,False,0.0,0.0
TX,7920.0,30.0,30000.0,30M0D7WET,256-QAM,True,1.25|10|30,A,,B,48.75972222,-92.62583333,370.0,56.0,100.0,94.9362548795398,-0.0335403067914012,45.2,1.2,,A,"Andrew, Div of CommScope",HP10-77GE,B,1.2589,36.55151,7.5,,,MINE CENTRE ON,VEK938,010036335-002,TBAYtel - Fixed,2018-03-12,False,False,0.0,0.0
TX,7920.0,30.0,30000.0,30M0D7WET,256-QAM,True,1.25|10|30,B,,B,48.71888889,-91.57055556,474.0,113.0,122.0,271.723226871546,-0.301285848450432,45.2,1.2,,A,"Andrew, Div of CommScope",HP10-77GE,B,1.2589,33.35151,10.7,,,ATIKOKAN (BELL) ON,VEK936,010036333-002,TBAYtel - Fixed,2018-03-12,False,False,0.0,0.0
TX,7920.0,30.0,30000.0,30M0D7WET,256-QAM,True,1.25|10|30,B,,B,48.71888889,-91.57055556,474.0,112.0,122.0,96.9601714080266,-0.251392534806945,45.2,1.2,,A,"Andrew, Div of CommScope",HP10-77GE,B,1.2589,34.25151,9.8,,,ATIKOKAN (BELL) ON,VEK936,010036331-002,TBAYtel - Fixed,2018-03-12,False,False,0.0,0.0
TX,7920.0,30.0,30000.0,30M0D7WET,256-QAM,True,1.25|10|30,B,,B,48.65194444,-90.71472222,479.0,122.0,125.0,276.592332244354,-0.266037543895787,45.2,1.2,,A,"Andrew, Div of CommScope",HP10-77GE,B,1.2589,32.75151,11.3,,,HURONIAN ON,VEK934,010036329-002,TBAYtel - Fixed,2018-03-12,False,False,0.0,0.0
TX,7920.0,30.0,30000.0,30M0D7W,128-QAM,True,1.25|10|30,A,L,B,48.61216667,-89.973,475.0,23.6,36.0,104.873646919738,-0.0616496805234342,45.3,1.0,,A,RFS (Celwave/Cablewave/Phelps Dodge),DAX10-77A,B,1.26,40.36531,3.79,,,Shabaqua Corners (Mabella Rd / Hwy 11) ON,VEK932,010036325-002,TBAYtel - Fixed,2021-01-18,False,False,0.0,0.0
TX,7920.0,30.0,27400.0,27M4D7W,4096-QAM,True,1.25|10|30,A,L,B,44.85085,-76.36876111,155.0,100.0,122.0,256.041580002134,-0.00761454119403461,42.9,1.1,,A,"Andrew, Div of CommScope",USX8-7W,G,0.0616595001861482,27.3516,1.3,,,PERTH (E/O CAMERON SIDE RD) ON,XJV299,010031695-006,Backhaul Network Services Inc.,2022-06-20,False,False,0.0,0.0
TX,7890.0,30.0,27400.0,27M4D7W,4096-QAM,True,1.25|10|30,A,L,B,47.63688889,-79.67013889,246.0,71.0,89.9,179.434611301726,0.0530854452168014,42.9,1.1,,A,"Andrew, Div of CommScope",USX8-7W,G,0.0630957344480193,27.4516,1.3,,,TOWNSHIP OF  HARLEY (963296 DEVELOPMENT RD) ON,CIZ933,011101087-002,Backhaul Network Services Inc.,2025-09-01,False,False,0.0,25.0
TX,7890.0,30.0,27400.0,27M4D7W,4096-QAM,True,1.25|10|30,A,L,B,45.00419444,-77.88211111,396.0,52.0,90.0,263.503710401874,0.0980864254140373,40.6,1.5,,A,"Andrew, Div of CommScope",USX6-7W,G,0.0794328234724281,26.1516,1.3,,,Bancroft (125 Carfrae Lake Lane) ON,CHT352,011077878-002,Backhaul Network Services Inc.,2025-04-28,False,False,0.0,25.0
TX,7890.0,30.0,27400.0,27M4D7W,4096-QAM,True,1.25|10|30,A,L,B,45.2995,-79.27738889,344.0,60.0,122.0,92.1558369265826,0.167301084297647,40.6,1.5,,A,"Andrew, Div of CommScope",USX6-7W,G,0.0501187233627272,24.1516,1.3,,,Huntsville (249 Madill Church Rd) ON,XKX922,010069535-005,Backhaul Network Services Inc.,2025-04-23,False,False,0.0,25.0
TX,7890.0,30.0,27400.0,27M4D7W,4096-QAM,True,1.25|10|30,A,L,B,45.67056667,-77.56343611,177.0,56.0,90.0,135.945349359977,-0.0213460076775878,40.6,1.5,,A,"Andrew, Div of CommScope",USX6-7W,G,0.0794328234724281,26.1516,1.3,,,KILLALOE (GUNNS RD & ROUND LAKE RD) ON,CHY234,011067416-002,Backhaul Network Services Inc.,2024-11-15,False,False,0.0,25.0
TX,7890.0,30.0,27400.0,27M4D7W,4096-QAM,True,1.25|10|30,A,L,B,45.49421944,-76.673725,171.0,57.5,90.0,47.0814186308644,-0.0631398418672445,41.0,1.2,,A,"Andrew, Div of CommScope",UHX6-77GE,G,0.0794328234724281,26.5516,1.3,,,RENFREW (1025 BRUCE ST) ON,VEL991,010042967-005,Backhaul Network Services Inc.,2024-09-18,False,False,0.0,25.0
TX,7890.0,30.0,27400.0,27M4D7W,4096-QAM,True,1.25|10|30,A,L,B,44.76063889,-77.95111111,321.0,56.0,100.0,221.369519950096,-0.114257122492307,42.9,1.1,,A,"Andrew, Div of CommScope",USX8-7W,G,0.125892541179417,30.4516,1.3,,,North Kawartha (2632 County Road 504) ON,CHJ925,010999508-002,Backhaul Network Services Inc.,2023-12-08,False,False,0.0,25.0
TX,7890.0,30.0,27400.0,27M4D7W,4096-QAM,True,1.25|10|30,A,L,B,46.00741667,-77.42980556,157.0,75.0,107.0,134.456963175413,-0.0623404258394938,42.9,1.2,,A,"Andrew, Div of CommScope",HPX8-71W,G,0.5012,32.95171,4.8,,,CHALK RIVER (30786 HWY 17) ON,VAD492,010031777-006,Backhaul Network Services Inc.,2022-09-30,False,False,0.0,25.0
TX,7890.0,30.0,27400.0,27M4D7W,4096-QAM,True,1.25|10|30,A,L,B,45.18578333,-74.89576111,110.0,66.0,100.0,43.1059470283145,-0.0740957769533239,40.8,1.5,,A,"Andrew, Div of CommScope",HX6-7W,G,0.794328234724281,32.8516,4.8,,,MONKLAND (17082 ROXBOROUGH GARDENS RD) ON,CHQ545,010992490-002,Backhaul Network Services Inc.,2023-07-10,False,False,0.0,25.0
TX,7890.0,30.0,27400.0,27M4D7W,4096-QAM,True,1.25|10|30,A,L,B,44.89738889,-77.70419444,368.0,55.0,90.43,154.847023033733,-0.209278241643751,40.6,1.5,,A,"Andrew, Div of CommScope",USX6-7W,G,0.125892541179417,28.1516,1.3,,,County of Hastings (HWY 62 & BRINKLOW RD) ON,CHQ440,010968454-002,Backhaul Network Services Inc.,2023-07-24,False,False,0.0,25.0
TX,7890.0,30.0,27400.0,27M4D7W,512-QAM,True,1.25|10|30,A,L,B,44.85005556,-76.36914167,155.0,55.0,122.0,267.802606990033,0.161238152544997,40.6,1.5,,A,"Andrew, Div of CommScope",USX6-7W,G,0.251188643150958,28.1516,4.3,,,PERTH (236 CAMERON SIDE ROAD),CHQ284,011001735-002,Backhaul Network Services Inc.,2023-07-10,False,False,0.0,25.0
TX,7890.0,30.0,27400.0,27M4D7W,4096-QAM,True,1.25|10|30,A,L,B,45.67388889,-77.10983333,180.0,45.0,91.54,347.916616726234,-0.0868631607423712,42.9,1.1,,A,"Andrew, Div of CommScope",USX8-7W,G,0.0794328234724281,28.4516,1.3,,,Green Lake (591 Green Lake Rd) ON,CHB292,010968504-002,Backhaul Network Services Inc.,2023-05-17,False,False,0.0,25.0
TX,7890.0,30.0,27400.0,27M4D7W,4096-QAM,True,1.25|10|30,A,,B,45.19277778,-79.79027778,253.0,78.5,100.0,10.1020204816412,0.0360626041799977,41.0,1.2,,A,"Andrew, Div of CommScope",UHX6-77,G,0.1007,24.08189,4.8,,,DOCK SIDING (HWY 612 AND 69) ON,VEL603,010069315-003,Backhaul Network Services Inc.,2022-03-31,False,False,0.0,25.0
TX,7890.0,30.0,27400.0,27M4D7W,4096-QAM,True,1.25|10|30,A,L,B,44.29008333,-76.43311111,120.0,37.0,91.5,341.923276483947,0.165908350976426,41.0,1.2,,A,"Andrew, Div of CommScope",UHX6-77GE,G,0.166,26.25268,4.8,,,KINGSTON MILLS (1565 STATION RD) ON,CFI228,010687795-003,Rogers Communications Canada Inc.,2022-02-14,False,False,0.0,25.0
TX,7890.0,30.0,27400.0,27M4D7W,4096-QAM,True,1.25|10|30,A,L,B,44.44888889,-75.89694444,110.0,52.0,91.0,39.6466133601922,-0.050118247609235,40.6,1.5,,A,"Andrew, Div of CommScope",USX6-7W,G,0.501,30.64998,4.8,,,MALLORYTOWN (72 LARUE MILLS RD) ON,XKU599,010030847-006,Backhaul Network Services Inc.,2022-02-18,False,False,0.0,25.0
TX,7890.0,30.0,27400.0,27M4D7W,4096-QAM,True,1.25|10|30,A,L,B,42.25555556,-82.54444444,183.0,48.0,65.0,214.873452651262,0.051557715294668,41.0,1.2,,A,"Andrew, Div of CommScope",UHX6-77,G,0.2512,28.5518,4.3,,,HAYCROFT (5TH CONC/COMBER SDRD) ON,XKU581,010030783-007,Backhaul Network Services Inc.,2021-09-01,False,False,0.0,25.0
TX,7890.0,30.0,30000.0,30M0D7WET,64-QAM,True,1.25|10|30,A,L,B,45.33972222,-80.00722222,220.0,89.0,100.0,16.8387446406511,0.0264592676489965,43.5,1.0,,A,"Andrew, Div of CommScope",UHX8-77GD,A,0.25,31.031,4.3,,,PARRY SOUND (5 OASTLER PARK RD) ON,VEM254,010069429-004,Backhaul Network Services Inc.,2020-07-01,False,False,0.0,25.0
TX,7890.0,30.0,27400.0,27M4D7W,1024-QAM,True,1.25|10|30,A,L,B,44.24825278,-80.16805556,507.0,63.0,91.4,167.52145231832,-0.144175147216003,41.0,1.2,,A,"Andrew, Div of CommScope",UHX6-77,G,0.1,28.0516,0.8,,,Black Bank Hill (678538 Center Rd) ON,CFT320,010814000-003,Backhaul Network Services Inc.,2021-01-15,False,False,0.0,25.0
TX,7890.0,30.0,30000.0,30M0D7WET,64-QAM,True,1.25|10|30,A,L,B,42.07402778,-82.6645,230.0,40.0,70.0,175.265048193159,-0.190639628129317,40.8,2.0,,A,"Andrew, Div of CommScope",HP6-77,B,1.995,31.15103,10.5,,,Olinda (1739 Road 4 E) ON,CIN868,010037585-004,TELUS Communications Inc.,2020-10-19,False,False,0.0,25.0
TX,7890.0,30.0,27400.0,27M4D7W,4096-QAM,True,1.25|10|30,A,L,B,42.72115833,-81.14931389,252.0,56.7,79.0,64.8252826159073,-0.263013968744212,41.0,1.2,,A,"Andrew, Div of CommScope",UHX6-77,G,0.19952,27.05146,4.8,,,ST THOMAS (6923 CENTENNIAL RD) ON,XKX938,010773820-003,Backhaul Network Services Inc.,2022-03-30,False,False,0.0,25.0
TX,7890.0,30.0,27400.0,27M4D7W,1024-QAM,True,1.25|10|30,A,L,B,44.31413333,-79.01522222,290.0,82.0,91.0,137.822189027407,-0.180167589077205,43.4,1.4,,A,"Andrew, Div of CommScope",HPX8-77,G,0.0630957344480193,27.9516,1.3,,,MANILLA (CR-9/SR-18) ON,CFI226,010687764-003,Backhaul Network Services Inc.,2022-09-22,False,False,0.0,25.0
TX,7890.0,30.0,30000.0,30M0D7WET,256-QAM,True,1.25|10|30,A,,B,44.53194444,-79.66222222,399.0,36.0,122.0,68.3046889475335,-0.4974634763083,40.6,1.6,,A,"Andrew, Div of CommScope",VHLPX6-7W,A,0.1,28.4516,0.0,,,Edgar (Concession 4) ON,CKY232,010676339-001,Point to Point Communications,2016-07-01,False,False,0.0,25.0
TX,7890.0,10.0,10000.0,10M0G7WET,8-PSK,True,1.25|10|30,A,,B,43.30805556,-79.92805556,216.0,80.0,80.0,49.3675863007487,-0.0784951418364298,40.4,1.6,,A,Radio Waves Inc.,HP6-8,B,0.158489319246111,29.8516,0.4,,,Clappison's Corners (155 Coreslab Dr) ON,VYC773,010303486-001,Metrolinx,2016-01-12,False,False,0.0,10.0
TX,7890.0,30.0,27400.0,27M4D7W,4096-QAM,True,1.25|10|30,A,L,B,44.85086111,-76.36875,155.0,81.4,122.0,24.9974865651868,-0.116626636465335,43.5,1.0,,A,"Andrew, Div of CommScope",UHX8-77GD,G,0.427,32.85588,4.8,,,DeWitts Corners (236 Cameron Side Rd) ON,XJV299,010031647-005,Backhaul Network Services Inc.,2021-11-16,False,False,0.0,25.0
TX,7890.0,30.0,27400.0,27M4D7W,4096-QAM,True,1.25|10|30,A,L,B,44.29008333,-76.43311111,117.0,57.0,91.0,269.249460404293,-0.0186170419234756,40.6,1.5,,A,"Andrew, Div of CommScope",USX6-7W,G,0.324,28.75705,4.8,,,KINGSTON (1565 STATION RD) ON,XKU596,010094960-007,Backhaul Network Services Inc.,2022-02-11,False,False,0.0,25.0
TX,7890.0,30.0,30000.0,30M0D7WET,512-QAM,True,1.25|10|30,A,,B,44.35405556,-78.04494444,215.0,82.0,107.0,262.197911247598,0.00372974228457041,45.3,1.0,,A,"Andrew, Div of CommScope",HPX10-77,B,0.063,29.84501,1.3,,,NORWOOD (3427 HWY 7 EAST) ON,VAD426,010076496-004,Backhaul Network Services Inc.,2018-05-30,False,False,0.0,25.0
TX,7890.0,30.0,27400.0,27M4D7W,4096-QAM,True,1.25|10|30,A,L,B,42.44194444,-82.22814167,181.0,35.0,85.0,11.4346727092261,0.0169059525540826,42.9,1.2,,A,"Andrew, Div of CommScope",HPX8-71W,G,0.1,25.9516,4.8,,,CHATHAM-KENT(24233 ST CLAIR RD) ON,VFE556,010033213-006,Backhaul Network Services Inc.,2022-03-11,False,False,0.0,25.0
TX,7890.0,30.0,30000.0,30M0D7WET,128-QAM,True,1.25|10|30,A,,B,49.66527778,-94.19666667,396.0,74.0,90.0,163.784766398782,-0.18201789825048,41.1,1.6,,A,RFS (Celwave/Cablewave/Phelps Dodge),DAX6-78B,B,1.2589,36.15151,3.8,,,LONGBOW LAKE (HWY 71) ON,VEM911,010036369-002,TBAYtel - Fixed,2018-03-13,False,False,0.0,25.0
TX,7890.0,30.0,28000.0,28M0D7WET,128-QAM,True,1.25|10|30,A,,B,49.23694444,-94.0025,410.0,48.8,61.0,343.198516857044,-0.314100969431995,41.1,1.6,,A,RFS (Celwave/Cablewave/Phelps Dodge),DAX6-78B,A,0.25,26.771,6.16,,,Crow Lake (Hwy 71/Girard Lake) ON,VEM225,010036367-002,TBAYtel - Fixed,2018-08-06,False,False,0.0,25.0
TX,7890.0,30.0,28000.0,28M0D7WET,128-QAM,True,1.25|10|30,A,,B,49.23694444,-94.0025,410.0,39.6,61.0,157.345670017628,-0.116879803919198,43.6,1.2,,A,RFS (Celwave/Cablewave/Phelps Dodge),DAX8-78A,A,0.25,31.431,4.0,,,Crow Lake (Hwy 71/Girard Lake) ON,VEM225,010036361-003,TBAYtel - Fixed,2018-08-29,False,False,0.0,25.0
TX,7860.0,30.0,27400.0,27M4D7W,4096-QAM,True,1.25|10|30,A,L,B,47.63688889,-79.67013889,246.0,71.0,89.9,179.434611301726,0.0530854452168014,42.9,1.1,,A,"Andrew, Div of CommScope",USX8-7W,G,0.0630957344480193,27.4516,1.3,,,TOWNSHIP OF  HARLEY (963296 DEVELOPMENT RD) ON,CIZ933,011101087-002,Backhaul Network Services Inc.,2025-09-01,False,False,0.0,30.0
TX,7860.0,30.0,27400.0,27M4D7W,4096-QAM,True,1.25|10|30,A,L,B,45.67056667,-77.56343611,177.0,56.0,90.0,135.945349359977,-0.0213460076775878,40.6,1.5,,A,"Andrew, Div of CommScope",USX6-7W,G,0.0794328234724281,26.1516,1.3,,,KILLALOE (GUNNS RD & ROUND LAKE RD) ON,CHY234,011067416-002,Backhaul Network Services Inc.,2024-11-15,False,False,0.0,30.0
TX,7860.0,30.0,27400.0,27M4D7W,4096-QAM,True,1.25|10|30,A,L,B,44.90802778,-75.93966667,109.0,63.0,109.7,191.994457467465,-0.0210306863155371,42.9,1.1,,A,"Andrew, Div of CommScope",USX8-7W,G,0.125892541179417,30.4516,1.3,,,Smith Falls (371 Rosedale Rd S) ON,XJV248,011021463-002,Backhaul Network Services Inc.,2024-06-03,False,False,0.0,30.0
TX,7860.0,30.0,27400.0,27M4D7W,4096-QAM,True,1.25|10|30,A,L,B,44.62055556,-79.33077778,242.0,77.9,96.0,0.732700462972383,-0.131586434488346,43.5,1.0,,A,"Andrew, Div of CommScope",UHX8-77GD,G,0.398107170553497,32.5516,4.8,,,Orillia (5064 Sideroad 25) ON,XKX924,010069273-006,Backhaul Network Services Inc.,2024-11-22,False,False,0.0,30.0
TX,7860.0,30.0,27400.0,27M4D7W,4096-QAM,True,1.25|10|30,A,L,B,42.62833333,-80.47722222,192.0,74.5,91.0,287.084181433568,-0.00015004674370927,42.9,1.1,,A,"Andrew, Div of CommScope",HX8-7W,G,0.501187233627272,33.4516,4.3,,,PORT ROWAN (1029 1ST CONCESSION) ON,VEL318,010070232-005,Backhaul Network Services Inc.,2024-02-02,False,False,0.0,30.0
TX,7860.0,30.0,27400.0,27M4D7W,4096-QAM,True,1.25|10|30,A,L,B,44.89738889,-77.70419444,368.0,55.0,90.43,154.847023033733,-0.209278241643751,40.6,1.5,,A,"Andrew, Div of CommScope",USX6-7W,G,0.125892541179417,28.1516,1.3,,,County of Hastings (HWY 62 & BRINKLOW RD) ON,CHQ440,010968454-002,Backhaul Network Services Inc.,2023-07-24,False,False,0.0,30.0
TX,7860.0,30.0,27400.0,27M4D7W,4096-QAM,True,1.25|10|30,A,L,B,44.63944444,-78.99611111,274.0,58.0,112.0,241.602477569414,-0.169513375798279,42.9,1.1,,A,"Andrew, Div of CommScope",HX8-7W,G,0.125892541179417,30.4516,1.3,,,Kirkfield (547 Shrike Rd) ON,CHQ373,010968457-002,Backhaul Network Services Inc.,2023-07-18,False,False,0.0,30.0
TX,7860.0,30.0,27400.0,27M4D7W,512-QAM,True,1.25|10|30,A,L,B,44.85005556,-76.36914167,155.0,55.0,122.0,267.802606990033,0.161238152544997,40.6,1.5,,A,"Andrew, Div of CommScope",USX6-7W,G,0.251188643150958,28.1516,4.3,,,PERTH (236 CAMERON SIDE ROAD),CHQ284,011001735-002,Backhaul Network Services Inc.,2023-07-10,False,False,0.0,30.0
TX,7860.0,30.0,27400.0,27M4D7W,4096-QAM,True,1.25|10|30,A,L,B,45.67388889,-77.10983333,180.0,45.0,91.54,347.916616726234,-0.0868631607423712,42.9,1.1,,A,"Andrew, Div of CommScope",USX8-7W,G,0.0794328234724281,28.4516,1.3,,,Green Lake (591 Green Lake Rd) ON,CHB292,010968504-002,Backhaul Network Services Inc.,2023-05-17,False,False,0.0,30.0
TX,7860.0,30.0,30000.0,30M0D7W,1024-QAM,True,1.25|10|30,A,L,B,43.985,-77.44416667,94.0,63.6,90.0,118.948827452661,-0.113092513831818,41.0,1.2,,A,"Andrew, Div of CommScope",UHX6-77,G,0.251188643150958,28.5516,4.3,,,HILLIER (113 LITTLE CREEK RD) ON,VBE667,010947346-002,Backhaul Network Services Inc.,2023-01-15,False,False,0.0,30.0
TX,7860.0,30.0,27400.0,27M4D7W,4096-QAM,True,1.25|10|30,A,L,B,44.03777778,-77.28888889,94.0,87.0,100.0,341.278095616128,-0.197852059171274,40.6,1.5,,A,"Andrew, Div of CommScope",USX6-7W,G,0.501,30.64998,4.8,,,CROFTON (2591 BEN GILL RD) ON,CFD978,010917483-001,Rogers Communications Canada Inc.,2022-02-08,False,False,0.0,30.0
TX,7860.0,30.0,27400.0,27M4D7W,4096-QAM,True,1.25|10|30,A,L,B,44.44888889,-75.89694444,110.0,52.0,91.0,39.6466133601922,-0.050118247609235,40.6,1.5,,A,"Andrew, Div of CommScope",USX6-7W,G,0.501,30.64998,4.8,,,MALLORYTOWN (72 LARUE MILLS RD) ON,XKU599,010030847-006,Backhaul Network Services Inc.,2022-02-18,False,False,0.0,30.0
TX,7860.0,30.0,27400.0,27M4D7W,1024-QAM,True,1.25|10|30,A,L,B,44.55283611,-78.42199722,290.0,85.0,107.0,79.1081498024881,-0.122462113179154,41.0,1.2,,A,"Andrew, Div of CommScope",UHX6-77,G,0.630957344480193,32.5516,4.3,,,LAKEHURST (1124 ADAMS CUMMINS RD) ON,VAD474,010031741-006,Backhaul Network Services Inc.,2022-09-01,False,False,0.0,30.0
TX,7860.0,30.0,27400.0,27M4D7W,4096-QAM,True,1.25|10|30,A,L,B,44.29008333,-76.43311111,117.0,57.0,91.0,269.249460404293,-0.0186170419234756,40.6,1.5,,A,"Andrew, Div of CommScope",USX6-7W,G,0.324,28.75705,4.8,,,KINGSTON (1565 STATION RD) ON,XKU596,010094960-007,Backhaul Network Services Inc.,2022-02-11,False,False,0.0,30.0
TX,7860.0,30.0,27400.0,27M4D7W,4096-QAM,True,1.25|10|30,A,L,B,45.53830556,-74.97086111,77.0,59.0,100.0,97.5448008816678,0.0567652515339056,43.5,1.0,,A,"Andrew, Div of CommScope",UHX8-77GD,G,0.206,29.69027,4.8,,,Plantagenet (430 Conc Rd 5) ON,CIO462,010031393-005,Backhaul Network Services Inc.,2022-02-14,False,False,0.0,30.0
TX,7860.0,30.0,27400.0,27M4D7W,4096-QAM,True,1.25|10|30,A,L,B,42.72115833,-81.14931389,252.0,56.7,79.0,64.8252826159073,-0.263013968744212,41.0,1.2,,A,"Andrew, Div of CommScope",UHX6-77,G,0.19952,27.05146,4.8,,,ST THOMAS (6923 CENTENNIAL RD) ON,XKX938,010773820-003,Backhaul Network Services Inc.,2022-03-30,False,False,0.0,30.0
TX,7860.0,30.0,30000.0,30M0D1D,16-QAM,True,1.25|10|30,B,,B,43.6425,-79.38722222,80.0,327.96,500.0,228.811016384812,-0.629996131159844,41.0,1.2,,A,"Andrew, Div of CommScope",UHX6-77,B,0.316227766016838,30.1516,3.7,,,Toronto (301 Front St) ON,VFE222,010701789-002,Metrolinx,2018-07-01,False,False,0.0,30.0
TX,7860.0,30.0,27400.0,27M4D7W,4096-QAM,True,1.25|10|30,A,L,B,44.29008333,-76.43311111,120.0,37.0,91.5,341.923276483947,0.165908350976426,41.0,1.2,,A,"Andrew, Div of CommScope",UHX6-77GE,G,0.166,26.25268,4.8,,,KINGSTON MILLS (1565 STATION RD) ON,CFI228,010687795-003,Rogers Communications Canada Inc.,2022-02-14,False,False,0.0,30.0
TX,7860.0,30.0,27400.0,27M4D7W,4096-QAM,True,1.25|10|30,A,L,B,44.85086111,-76.36875,155.0,81.4,122.0,24.9974865651868,-0.116626636465335,43.5,1.0,,A,"Andrew, Div of CommScope",UHX8-77GD,G,0.427,32.85588,4.8,,,DeWitts Corners (236 Cameron Side Rd) ON,XJV299,010031647-005,Backhaul Network Services Inc.,2021-11-16,False,False,0.0,30.0
TX,7860.0,30.0,30000.0,30M0D7WET,256-QAM,True,1.25|10|30,A,,B,45.34,-75.57472222,88.0,50.0,61.0,66.6575896813544,-0.135748757123874,42.9,1.2,,A,"Andrew, Div of CommScope",HPX8-71W,A,1.0,38.2516,2.5,,,OTTAWA (3800 LEITRIM RD) ON,VEA994,010030807-006,Backhaul Network Services Inc.,2018-04-20,False,False,0.0,30.0
TX,7860.0,30.0,27400.0,27M4D7W,4096-QAM,True,1.25|10|30,A,L,B,45.3,-79.27666667,350.0,66.8,122.0,56.3416254721856,0.0936785151477012,41.1,1.6,,A,RFS (Celwave/Cablewave/Phelps Dodge),UXA6-78B,G,0.501,31.14998,4.8,,,HUNTSVILLE (MADILL CHURCH RD.)  ON,XKX922,010072263-004,Backhaul Network Services Inc.,2022-06-30,False,False,0.0,30.0
TX,7860.0,30.0,30000.0,30M0D7WET,512-QAM,True,1.25|10|30,A,,B,44.35405556,-78.04494444,215.0,82.0,107.0,262.197911247598,0.00372974228457041,45.3,1.0,,A,"Andrew, Div of CommScope",HPX10-77,A,0.063,29.84501,1.3,,,NORWOOD (3427 HWY 7 EAST) ON,VAD426,010076496-004,Backhaul Network Services Inc.,2018-05-30,False,False,0.0,30.0
TX,7860.0,30.0,27400.0,27M4D7W,4096-QAM,True,1.25|10|30,A,L,B,42.34469722,-81.84338333,175.0,68.0,80.0,258.137283692225,-0.0165590465114324,43.5,1.0,,A,"Andrew, Div of CommScope",UHX8-77GD,G,0.07943,25.55145,4.8,,,MORPETH (18331 KENT BRIDGE RD) ON,CIN272,010032945-005,Backhaul Network Services Inc.,2022-03-01,False,False,0.0,30.0
TX,7860.0,30.0,27400.0,27M4D7W,4096-QAM,True,1.25|10|30,A,L,B,44.97838889,-79.17952778,319.0,74.0,100.0,222.63316434043,-0.349401502677186,40.6,1.5,,A,"Andrew, Div of CommScope",USX6-7W,G,0.316227766016838,28.6516,4.8,,,BRACEBRIDGE (1192 UFFINGTON RD) ON,CGM232,010069515-005,Backhaul Network Services Inc.,2023-10-26,False,False,0.0,30.0
TX,7860.0,30.0,27400.0,27M4D7W,4096-QAM,True,1.25|10|30,A,L,B,45.34005556,-80.00744444,222.0,75.0,100.0,66.473256460528,0.186545815983948,41.0,1.2,,A,"Andrew, Div of CommScope",UHX6-77GE,G,0.362,29.63869,4.8,,,Parry Sound (5 Oastler Park Dr) ON,VYA282,010068730-003,Backhaul Network Services Inc.,2022-07-19,False,False,0.0,30.0
TX,7860.0,30.0,27400.0,27M4D7W,1024-QAM,True,1.25|10|30,A,L,B,43.33455556,-81.60444444,250.0,45.0,91.0,43.1593078363054,0.0839308086457141,41.0,1.2,,A,"Andrew, Div of CommScope",UHX6-77,A,0.3981,32.05152,2.8,,,Dashwood (70870 Goshen Line) ON,XJV295,010067909-005,Backhaul Network Services Inc.,2020-08-01,False,False,0.0,30.0
TX,7860.0,30.0,27500.0,27M5D7WET,64-QAM,True,1.25|10|30,A,,B,45.34805556,-75.92138889,84.0,42.0,37.0,314.3,0.051,41.1,1.6,,A,RFS (Celwave/Cablewave/Phelps Dodge),UXA6-78B,B,0.2512,29.3516,3.6,,,STRATHEARN (ON0930) ON,CIJ670,010037257-001,TELUS Communications Inc.,2014-01-29,False,False,0.0,30.0
TX,7860.0,30.0,27500.0,27M5D7W,64-QAM,True,1.25|10|30,A,,B,42.178,-82.7355,190.0,40.0,48.0,332.630218708117,-0.092713431791781,41.1,1.6,,A,RFS (Celwave/Cablewave/Phelps Dodge),UXA6-78B,G,0.16,26.4928,4.5,,,Lakeshore (1544 CR-8) ON,CIH547,010037143-004,TELUS Communications Inc.,2020-01-01,False,False,0.0,30.0
TX,7860.0,30.0,27500.0,27M5D7WET,64-QAM,True,1.25|10|30,A,,B,45.625,-76.89388889,146.0,88.0,90.0,322.2,-0.079,43.6,1.2,,A,RFS (Celwave/Cablewave/Phelps Dodge),UXA8-78A,B,0.2512,30.9516,4.5,,,COBDEN (ON0874) ON,CFW904,010036869-001,TELUS Communications Inc.,2014-01-23,False,False,0.0,30.0
TX,7860.0,30.0,30000.0,30M0D7WET,256-QAM,True,1.25|10|30,A,,B,48.65194444,-90.71472222,479.0,104.0,125.0,20.1904100214467,-0.152772856243315,45.4,1.0,,A,RFS (Celwave/Cablewave/Phelps Dodge),DA10-77A,B,1.2589,33.65151,10.6,,,HURONIAN ON,VEK934,010036401-002,TBAYtel - Fixed,2018-03-19,False,False,0.0,30.0
TX,7860.0,30.0,27400.0,27M4D7W,4096-QAM,True,1.25|10|30,A,L,B,42.44194444,-82.22814167,181.0,35.0,85.0,11.4346727092261,0.0169059525540826,42.9,1.2,,A,"Andrew, Div of CommScope",HPX8-71W,G,0.1,25.9516,4.8,,,CHATHAM-KENT(24233 ST CLAIR RD) ON,VFE556,010033213-006,Backhaul Network Services Inc.,2022-03-11,False,False,0.0,30.0
TX,7860.0,30.0,30000.0,30M0D7WET,256-QAM,True,1.25|10|30,A,L,B,46.75805556,-79.80805556,329.0,42.0,92.0,7.18359881089581,0.102018060809436,43.4,1.4,,A,"Andrew, Div of CommScope",HPX8-77,B,0.158489319246111,31.8516,1.4,,,"MARTEN RIVER (HWY 11/HWY 64), 3035 HWY 11, ON",CYF220,010031905-005,Backhaul Network Services Inc.,2021-02-26,False,False,0.0,30.0
TX,7860.0,30.0,27400.0,27M4D7W,4096-QAM,True,1.25|10|30,A,L,B,46.00741667,-77.42980556,157.0,75.0,107.0,134.456963175413,-0.0623404258394938,42.9,1.2,,A,"Andrew, Div of CommScope",HPX8-71W,G,0.5012,32.95171,4.8,,,CHALK RIVER (30786 HWY 17) ON,VAD492,010031777-006,Backhaul Network Services Inc.,2022-09-30,False,False,0.0,30.0
TX,7860.0,30.0,27400.0,27M4D7W,4096-QAM,True,1.25|10|30,A,M,A,42.23472222,-82.96583333,190.0,35.8,49.0,221.130842011249,-0.0646569931645861,43.5,1.0,,A,"Andrew, Div of CommScope",UHX8-77GD,G,0.158489319246111,28.8516,4.5,,,PELTON (2240 OLYMPIA RD) ON,VAD498,010031697-004,Backhaul Network Services Inc.,2023-01-16,False,False,0.0,30.0
TX,7860.0,30.0,27400.0,27M4D7W,4096-QAM,True,1.25|10|30,A,L,B,45.18583333,-74.89583333,109.0,62.0,100.0,139.293799112903,-0.176534853707133,43.5,1.0,,A,"Andrew, Div of CommScope",UHX8-77GD,G,0.174582215292051,29.4716,4.3,,,MONKLAND(HWY 43/ROXBOROUGH GRDNS)ON,VEM624,010031545-005,Backhaul Network Services Inc.,2024-03-18,False,False,0.0,30.0
TX,7860.0,30.0,27400.0,27M4D7W,1024-QAM,True,1.25|10|30,A,,B,42.20725,-82.26066667,191.0,60.0,100.0,309.350063295697,-0.235037461928894,42.9,1.2,,A,"Andrew, Div of CommScope",HPX8-71W,G,0.02,18.4619,5.3,,,Glenwood (4681 Badder Line) ON,VFE358,010031381-003,Rogers Communications Canada Inc.,2019-07-08,False,False,0.0,30.0
TX,7860.0,30.0,30000.0,30M0D7WET,64-QAM,True,1.25|10|30,A,,B,42.01083333,-82.55472222,175.0,62.0,91.0,286.980732539169,-0.0712130840241163,43.5,1.0,,A,"Andrew, Div of CommScope",UHX8-77GD,A,1.0,36.8516,4.5,,,LEAMINGTON (1315 SIDEROAD 12) ON,XJV253,010030953-005,Backhaul Network Services Inc.,2015-12-31,False,False,0.0,30.0
TX,7860.0,30.0,30000.0,30M0D7WET,64-QAM,True,1.25|10|30,A,L,B,45.42611111,-76.3,96.0,115.0,122.0,107.213338887292,-0.208314188972333,42.9,1.2,,A,"Andrew, Div of CommScope",HPX8-71W,A,0.1,29.9516,0.8,,,MARSHALL BAY (THOMAS ELLIOT/HWY17) ON,XJV249,010030935-006,Backhaul Network Services Inc.,2020-09-25,False,False,0.0,30.0
TX,7860.0,30.0,30000.0,30M0D7WET,256-QAM,True,1.25|10|30,A,,B,42.15611111,-82.80305556,194.0,35.0,49.0,17.7,-0.04,43.5,1.0,,A,"Andrew, Div of CommScope",UHX8-77GD,G,0.0501,20.84998,7.5,,,ESSEX (72 GOSFIELD TOWNLINE W) ON,CYF458,010030777-005,Backhaul Network Services Inc.,2018-08-04,False,False,0.0,30.0
TX,7860.0,30.0,30000.0,30M0D7WET,128-QAM,True,1.25|10|30,A,,B,41.76361111,-82.68861111,175.0,38.0,46.0,9.9,-0.064,41.1,1.6,,A,RFS (Celwave/Cablewave/Phelps Dodge),UXA6-78B,A,1.5849,35.0516,5.9,,,PELEE ISLAND (1047 W SHORE RD) ON,CGC267,010030659-001,Bell Canada - Wireless Mgmt Office,2012-11-01,False,False,0.0,30.0
TX,7840.0,10.0,10000.0,10M0D7WET,16-QAM,True,1.25|10,A,,B,46.07194444,-77.47444444,171.0,80.0,91.0,144.9,-0.835,40.8,2.0,,A,"Andrew, Div of CommScope",HP6-77,B,0.1259,29.6516,0.0,,,DEEP RIVER (ON0877) ON,CIJ555,010037741-001,TELUS Communications Inc.,2014-04-01,False,False,0.0,10.0
TX,7830.0,30.0,27400.0,27M4D7W,4096-QAM,True,1.25|10|30,A,L,B,44.92416667,-77.88183333,372.0,49.0,90.0,292.873220143044,0.164010838234487,42.9,1.1,,A,"Andrew, Div of CommScope",USX8-7W,G,0.0398107170553497,25.4516,1.3,,,Wollaston (3428 LOWER FARADAY RD) ON,CIZ224,011126482-001,Backhaul Network Services Inc.,2026-05-01,False,False,0.0,30.0
TX,7830.0,30.0,27400.0,27M4D7W,4096-QAM,True,1.25|10|30,A,L,B,45.2995,-79.27738889,344.0,60.0,122.0,92.1558369265826,0.167301084297647,40.6,1.5,,A,"Andrew, Div of CommScope",USX6-7W,G,0.0501187233627272,24.1516,1.3,,,Huntsville (249 Madill Church Rd) ON,XKX922,010069535-005,Backhaul Network Services Inc.,2025-04-23,False,False,0.0,30.0
TX,7830.0,30.0,27400.0,27M4D7W,4096-QAM,True,1.25|10|30,A,L,B,44.33223611,-81.44403056,238.0,59.0,65.0,21.3111114674811,-0.142898347370973,40.6,1.5,,A,"Andrew, Div of CommScope",USX6-7W,G,0.125892541179417,28.1516,1.3,,,KINCARDINE (1111 CONCESSION ROAD 10)ON,CHY669,011067078-002,Backhaul Network Services Inc.,2025-01-24,False,False,0.0,30.0
TX,7830.0,30.0,27400.0,27M4D7W,4096-QAM,True,1.25|10|30,A,L,B,45.03623611,-76.15588333,140.0,55.0,91.5,198.780297372027,-0.0275429347312132,42.9,1.1,,A,"Andrew, Div of CommScope",USX8-7W,G,0.0794328234724281,28.9516,0.8,,,CARLETON PLACE (2643 LINE 7 CARLETON PLACE) ON,CHY536,011037686-002,Backhaul Network Services Inc.,2025-01-17,False,False,0.0,30.0
TX,7830.0,30.0,27400.0,27M4D7W,4096-QAM,True,1.25|10|30,A,L,B,44.85077778,-76.36874167,154.0,70.0,122.0,291.014555602157,0.133357760323599,40.6,1.5,,A,"Andrew, Div of CommScope",USX6-7W,G,0.125892541179417,28.1516,1.3,,,Perth (236 Cameron Side Rd) ON,CHD911,011020853-002,Backhaul Network Services Inc.,2024-11-08,False,False,0.0,30.0
TX,7830.0,30.0,27400.0,27M4D7W,4096-QAM,True,1.25|10|30,A,L,B,44.90802778,-75.93966667,109.0,63.0,109.7,191.994457467465,-0.0210306863155371,42.9,1.1,,A,"Andrew, Div of CommScope",USX8-7W,G,0.125892541179417,30.4516,1.3,,,Smith Falls (371 Rosedale Rd S) ON,XJV248,011021463-002,Backhaul Network Services Inc.,2024-06-03,False,False,0.0,30.0
TX,7830.0,30.0,27400.0,27M4D7W,4096-QAM,True,1.25|10|30,A,L,B,44.76063889,-77.95111111,321.0,56.0,100.0,221.369519950096,-0.114257122492307,42.9,1.1,,A,"Andrew, Div of CommScope",USX8-7W,G,0.125892541179417,30.4516,1.3,,,North Kawartha (2632 County Road 504) ON,CHJ925,010999508-002,Backhaul Network Services Inc.,2023-12-08,False,False,0.0,30.0
TX,7830.0,30.0,27400.0,27M4D7W,4096-QAM,True,1.25|10|30,A,L,B,44.97838889,-79.17952778,319.0,74.0,100.0,222.63316434043,-0.349401502677186,40.6,1.5,,A,"Andrew, Div of CommScope",USX6-7W,G,0.3162,28.65122,4.8,,,BRACEBRIDGE (1192 UFFINGTON RD) ON,CGM232,010069515-005,Backhaul Network Services Inc.,2023-10-26,False,False,0.0,30.0
TX,7830.0,30.0,27400.0,27M4D7W,4096-QAM,True,1.25|10|30,A,L,B,44.63944444,-78.99611111,274.0,58.0,112.0,241.602477569414,-0.169513375798279,42.9,1.1,,A,"Andrew, Div of CommScope",HX8-7W,G,0.125892541179417,30.4516,1.3,,,Kirkfield (547 Shrike Rd) ON,CHQ373,010968457-002,Backhaul Network Services Inc.,2023-07-18,False,False,0.0,30.0
TX,7830.0,30.0,27400.0,27M4D7W,4096-QAM,True,1.25|10|30,A,L,B,44.21745,-77.82135833,150.0,60.4,100.0,285.573254912517,0.457746294355155,40.6,1.5,,A,"Andrew, Div of CommScope",USX6-7W,G,0.0398107170553497,23.1516,1.3,,,CODRINGTON (15608 COUNTY RD) ON,VEL960,010031137-004,Backhaul Network Services Inc.,2023-07-31,False,False,0.0,30.0
TX,7830.0,30.0,30000.0,30M0D7W,1024-QAM,True,1.25|10|30,A,L,B,43.985,-77.44416667,94.0,63.6,90.0,118.948827452661,-0.113092513831818,41.0,1.2,,A,"Andrew, Div of CommScope",UHX6-77,G,0.251188643150958,28.5516,4.3,,,HILLIER (113 LITTLE CREEK RD) ON,VBE667,010947346-002,Backhaul Network Services Inc.,2023-01-15,False,False,0.0,30.0
TX,7830.0,30.0,27400.0,27M4D7W,4096-QAM,True,1.25|10|30,A,L,B,45.29186111,-76.51011111,184.0,70.0,92.0,326.918767739123,0.0891971754713483,40.6,1.5,,A,"Andrew, Div of CommScope",USX6-7W,G,0.0794328234724281,23.1516,4.3,,,White Lake (1026 WINDY POINT SIDE ROAD) ON,CGB825,010860386-002,Backhaul Network Services Inc.,2022-10-05,False,False,0.0,30.0
TX,7830.0,30.0,27400.0,27M4D7W,4096-QAM,True,1.25|10|30,A,L,B,45.01977222,-74.962425,81.0,47.0,60.0,237.499223710443,0.0770840030619013,43.5,1.0,,A,"Andrew, Div of CommScope",UHX8-77GD,G,0.1,26.5516,4.8,,,INGLESIDE (5400 SHAVER RD) ON,VDE895,010031879-004,Backhaul Network Services Inc.,2022-04-01,False,False,0.0,30.0
TX,7830.0,30.0,27400.0,27M4D7W,4096-QAM,True,1.25|10|30,A,L,B,42.34469722,-81.84338333,175.0,68.0,80.0,258.137283692225,-0.0165590465114324,43.5,1.0,,A,"Andrew, Div of CommScope",UHX8-77GD,G,0.07943,25.55145,4.8,,,MORPETH (18331 KENT BRIDGE RD) ON,CIN272,010032945-005,Backhaul Network Services Inc.,2022-03-01,False,False,0.0,30.0
TX,7830.0,30.0,27400.0,27M4D7W,4096-QAM,True,1.25|10|30,A,L,B,44.03777778,-77.28888889,94.0,87.0,100.0,341.278095616128,-0.197852059171274,40.6,1.5,,A,"Andrew, Div of CommScope",USX6-7W,G,0.501,30.64998,4.8,,,CROFTON (2591 BEN GILL RD) ON,CFD978,010917483-001,Rogers Communications Canada Inc.,2022-02-08,False,False,0.0,30.0
TX,7830.0,30.0,27400.0,27M4D7W,4096-QAM,True,1.25|10|30,A,,B,45.19277778,-79.79027778,253.0,78.5,100.0,10.1020204816412,0.0360626041799977,41.0,1.2,,A,"Andrew, Div of CommScope",UHX6-77,G,0.1007,24.08189,4.8,,,DOCK SIDING (HWY 612 AND 69) ON,VEL603,010069315-003,Backhaul Network Services Inc.,2022-03-31,False,False,0.0,30.0
TX,7830.0,30.0,30000.0,30M0D7W,1024-QAM,True,1.25|10|30,A,L,B,42.87461111,-79.25208333,175.0,35.0,50.0,313.899532239628,0.23102960638551,41.0,1.2,,A,"Andrew, Div of CommScope",UHX6-77,G,0.05011,21.05084,4.8,,,Port Colborne (2 King Street) ON,CFX422,010743646-003,Backhaul Network Services Inc.,2021-11-27,False,False,0.0,30.0
TX,7830.0,30.0,27400.0,27M4D7W,4096-QAM,True,1.25|10|30,A,L,B,44.36959167,-77.36589722,177.0,48.0,94.5,184.074256306898,-0.228349968859479,40.6,1.5,,A,"Andrew, Div of CommScope",USX6-7W,G,0.125892541179417,28.1516,1.3,,,ROSLIN (1905 MOIRA RD) ON,VEL878,010031087-006,Backhaul Network Services Inc.,2025-11-07,False,False,0.0,30.0
TX,7830.0,30.0,27400.0,27M4D7W,1024-QAM,True,1.25|10|30,A,L,B,43.33455556,-81.60444444,250.0,45.0,91.0,43.1593078363054,0.0839308086457141,41.0,1.2,,A,"Andrew, Div of CommScope",UHX6-77,B,0.3981,32.05152,2.8,,,Dashwood (70870 Goshen Line) ON,XJV295,010067909-005,Backhaul Network Services Inc.,2020-08-01,False,False,0.0,30.0
TX,7830.0,30.0,30000.0,30M0D7WET,64-QAM,True,1.25|10|30,A,L,B,45.33972222,-80.00722222,220.0,89.0,100.0,16.8387446406511,0.0264592676489965,43.5,1.0,,A,"Andrew, Div of CommScope",UHX8-77GD,B,0.25,31.031,4.3,,,PARRY SOUND (5 OASTLER PARK RD) ON,VEM254,010069429-004,Backhaul Network Services Inc.,2020-07-01,False,False,0.0,30.0
TX,7830.0,30.0,27400.0,27M4D7W,4096-QAM,True,1.25|10|30,A,L,B,45.18583333,-74.89583333,109.0,62.0,100.0,139.293799112903,-0.176534853707133,43.5,1.0,,A,"Andrew, Div of CommScope",UHX8-77GD,G,0.174582215292051,29.4716,4.3,,,MONKLAND(HWY 43/ROXBOROUGH GRDNS)ON,VEM624,010031545-005,Backhaul Network Services Inc.,2024-03-18,False,False,0.0,30.0
TX,7830.0,30.0,27300.0,27M3D7WET,512-QAM,True,1.25|10|30,A,,B,44.72877778,-79.814,207.0,35.0,100.0,288.955231526061,0.39258238625522,41.0,1.2,,A,"Andrew, Div of CommScope",UHX6-77GE,B,0.5,33.5413,2.3,,,Midland (15765 Hwy 12) ON,VEM274,010069391-004,Backhaul Network Services Inc.,2018-08-01,False,False,0.0,30.0
TX,7830.0,30.0,30000.0,30M0D7WET,512-QAM,True,1.25|10|30,A,,B,44.35405556,-78.04494444,215.0,95.0,107.0,262.197911247598,0.00512910987520324,45.3,1.0,,A,"Andrew, Div of CommScope",HPX10-77,B,0.063,29.84501,1.3,,,NORWOOD (3427 HWY 7 EAST) ON,VAD426,010076496-004,Backhaul Network Services Inc.,2018-05-30,False,False,0.0,30.0
TX,7830.0,30.0,27400.0,27M4D7W,4096-QAM,True,1.25|10|30,A,M,A,42.92683333,-79.97113889,215.0,58.0,85.0,117.672576671038,-0.115354186677357,41.0,1.2,,A,"Andrew, Div of CommScope",UHX6-77,G,0.501187233627272,31.5516,4.3,,,Nelles Corners  (1665 Haldimand Rd 53) ON,VAD499,010097807-004,Backhaul Network Services Inc.,2022-12-07,False,False,0.0,30.0
TX,7830.0,30.0,27400.0,27M4D7W,4096-QAM,True,1.25|10|30,A,L,B,44.93527778,-79.36361111,268.0,53.7,66.0,247.697751081864,-0.133920203861603,42.9,1.1,,A,"Andrew, Div of CommScope",USX8-7W,G,0.3162,30.95122,4.8,,,GRAVENHURST (205 JONES RD) ON,VEL445,010074283-004,Backhaul Network Services Inc.,2022-03-24,False,False,0.0,30.0
TX,7830.0,30.0,27400.0,27M4D7W,4096-QAM,True,1.25|10|30,A,L,B,42.62833333,-80.47722222,192.0,74.5,91.0,287.084181433568,-0.00015004674370927,42.9,1.1,,A,"Andrew, Div of CommScope",HX8-7W,G,0.501187233627272,33.4516,4.3,,,PORT ROWAN (1029 1ST CONCESSION) ON,VEL318,010070232-005,Backhaul Network Services Inc.,2024-02-02,False,False,0.0,30.0
TX,7830.0,30.0,27400.0,27M4D7W,4096-QAM,True,1.25|10|30,A,L,B,44.62055556,-79.33077778,242.0,77.9,96.0,0.732700462972383,-0.131586434488346,43.5,1.0,,A,"Andrew, Div of CommScope",UHX8-77GD,G,0.398107170553497,32.5516,4.8,,,Orillia (5064 Sideroad 25) ON,XKX924,010069273-006,Backhaul Network Services Inc.,2024-11-22,False,False,0.0,30.0
TX,7830.0,30.0,27400.0,27M4D7W,4096-QAM,True,1.25|10|30,A,L,B,42.84349722,-80.66960833,241.0,53.0,91.0,5.98091824379182,0.065471562322441,42.9,1.1,,A,"Andrew, Div of CommScope",USX8-7W,G,0.24946,29.92161,4.8,,,TILLSONBURG (889 GOSHEN RD) ON,XKX937,010068782-004,Rogers Communications Canada Inc.,2022-03-31,False,False,0.0,30.0
TX,7830.0,30.0,27500.0,27M5D7WET,128-QAM,True,1.25|10|30,A,,B,44.27052778,-79.89411111,223.0,50.0,56.0,161.883,0.035,41.1,1.6,,A,RFS (Celwave/Cablewave/Phelps Dodge),UXA6-78B,G,0.251188643150958,28.4716,4.48,,,Borden (30 Market Garden Cres) ON,VYA721,010068395-003,TELUS Communications Inc.,2015-04-01,False,False,0.0,30.0
TX,7830.0,30.0,30000.0,30M0D7WET,64-QAM,True,1.25|10|30,A,L,B,42.07402778,-82.6645,230.0,40.0,70.0,175.265048193159,-0.190639628129317,40.8,2.0,,A,"Andrew, Div of CommScope",HP6-77,B,1.995,31.15103,10.5,,,Olinda (1739 Road 4 E) ON,CIN868,010037585-004,TELUS Communications Inc.,2020-10-19,False,False,0.0,30.0
TX,7830.0,30.0,27500.0,27M5D7WET,64-QAM,True,1.25|10|30,A,,B,45.4325,-76.41166667,122.0,54.0,90.0,79.9,-0.153,43.6,1.2,,A,RFS (Celwave/Cablewave/Phelps Dodge),UXA8-78A,B,0.2512,30.9516,4.5,,,ARNPRIOR (ON0872)  ON,CIJ648,010037235-001,TELUS Communications Inc.,2013-02-07,False,False,0.0,30.0
TX,7830.0,30.0,30000.0,30M0D7W,128-QAM,True,1.25|10|30,A,,B,49.84361111,-93.44083333,433.0,79.0,107.0,23.6708693159721,-0.110433019484194,45.3,1.0,,A,"Andrew, Div of CommScope",HPX10-77,B,0.2,34.4619,1.7,,,"Vermillion Bay (Tower Road/Hwy 17), ON",VFF548,010036471-002,TBAYtel - Fixed,2019-10-01,False,False,0.0,30.0
TX,7830.0,30.0,30000.0,30M0D7W,128-QAM,True,1.25|10|30,A,,B,50.32083333,-93.175,401.0,63.1,107.0,193.028604935235,0.0633001897416479,43.4,1.4,,A,"Andrew, Div of CommScope",HPX8-77,B,0.02,22.5619,1.7,,,"Perrault Falls (Hwy 105/Perrault Lake), ON",VFF542,010036469-002,TBAYtel - Fixed,2019-10-01,False,False,0.0,30.0
TX,7830.0,30.0,30000.0,30M0D7W,128-QAM,True,1.25|10|30,A,,B,50.89666667,-93.62833333,415.0,85.3,107.0,135.396293407909,-0.200030981513695,45.3,1.0,,A,"Andrew, Div of CommScope",HPX10-77,B,0.03,26.22281,1.7,,,Gullrock (Hwy 105/Gullrock Lake),VFF543,010036467-002,TBAYtel - Fixed,2019-10-01,False,False,0.0,30.0
TX,7830.0,30.0,30000.0,30M0D7W,128-QAM,True,1.25|10|30,A,,B,50.32083333,-93.175,401.0,89.9,107.0,353.567051718583,-0.179546093868588,45.3,1.0,,A,"Andrew, Div of CommScope",HPX10-77,B,0.02,24.4619,1.7,,,Perrault Falls (Hwy 105/Perrault Lake),VFF542,010036465-002,TBAYtel - Fixed,2019-10-01,False,False,0.0,30.0
TX,7830.0,30.0,30000.0,30M0D7W,128-QAM,True,1.25|10|30,A,,B,50.89666667,-93.62833333,415.0,39.2,107.0,313.584848842503,-0.0968989842789683,40.7,1.6,,A,"Andrew, Div of CommScope",HPX6-77,B,0.03,21.62281,1.7,,,Gullrock (Hwy 105/Gullrock Lake),VFF543,010036463-002,TBAYtel - Fixed,2019-10-01,False,False,0.0,30.0
TX,7830.0,30.0,30000.0,30M0D7WET,128-QAM,True,1.25|10|30,A,,B,49.66527778,-94.19666667,396.0,74.0,90.0,163.784766398782,-0.18201789825048,41.1,1.6,,A,RFS (Celwave/Cablewave/Phelps Dodge),DAX6-78B,B,1.2589,36.15151,3.8,,,LONGBOW LAKE (HWY 71) ON,VEM911,010036369-002,TBAYtel - Fixed,2018-03-13,False,False,0.0,30.0
TX,7830.0,30.0,28000.0,28M0D7WET,128-QAM,True,1.25|10|30,A,,B,49.23694444,-94.0025,410.0,48.8,61.0,343.198516857044,-0.314100969431995,41.1,1.6,,A,RFS (Celwave/Cablewave/Phelps Dodge),DAX6-78B,A,0.25,26.771,6.16,,,Crow Lake (Hwy 71/Girard Lake) ON,VEM225,010036367-002,TBAYtel - Fixed,2018-08-06,False,False,0.0,30.0
TX,7830.0,30.0,28000.0,28M0D7WET,128-QAM,True,1.25|10|30,A,,B,49.23694444,-94.0025,410.0,39.6,61.0,157.345670017628,-0.116879803919198,43.6,1.2,,A,RFS (Celwave/Cablewave/Phelps Dodge),DAX8-78A,A,0.25,31.431,4.0,,,Crow Lake (Hwy 71/Girard Lake) ON,VEM225,010036361-003,TBAYtel - Fixed,2018-08-29,False,False,0.0,30.0
TX,7830.0,30.0,27400.0,27M4D7W,4096-QAM,True,1.25|10|30,A,L,B,45.53830556,-74.97086111,77.0,59.0,100.0,97.5448008816678,0.0567652515339056,43.5,1.0,,A,"Andrew, Div of CommScope",UHX8-77GD,G,0.206,29.69027,4.8,,,Plantagenet (430 Conc Rd 5) ON,CIO462,010031393-005,Backhaul Network Services Inc.,2022-02-14,False,False,0.0,30.0
TX,7800.0,30.0,27400.0,27M4D7W,4096-QAM,True,1.25|10|30,A,L,B,45.03977778,-78.34333333,441.0,43.0,60.0,191.774185090456,-0.181594301894729,40.6,1.5,,A,"Andrew, Div of CommScope",USX6-7W,G,0.0794328234724281,26.1516,1.3,,,Essonville (1344 Wenona Lake Rd) ON,CIZ585,011121074-001,Backhaul Network Services Inc.,2026-06-01,False,False,0.0,15.0
TX,7800.0,30.0,27400.0,27M4D7W,4096-QAM,True,1.25|10|30,A,L,B,45.16180556,-77.78297222,429.0,77.0,90.0,88.6206593062579,-0.283083415949908,42.9,1.1,,A,"Andrew, Div of CommScope",USX8-7W,G,0.0398107170553497,25.4516,1.3,,,Peterborough (57 Mcdonald Mine Rd) ON,CIZ674,011119474-001,Backhaul Network Services Inc.,2026-05-21,False,False,0.0,15.0
TX,7800.0,30.0,27400.0,27M4D7W,4096-QAM,True,1.25|10|30,A,L,B,44.74791667,-78.08433333,325.0,67.0,90.0,75.1601627228842,0.0101537883549425,42.9,1.1,,A,"Andrew, Div of CommScope",USX8-7W,G,0.0501187233627272,26.4516,1.3,,,APSLEY (156 JACK LAKE RD) ON,CIZ575,011121071-001,Backhaul Network Services Inc.,2026-05-20,False,False,0.0,15.0
TX,7800.0,30.0,27400.0,27M4D7W,4096-QAM,True,1.25|10|30,A,L,B,45.06415833,-77.76741944,357.0,56.0,90.0,28.1470016194456,0.0780894657735152,42.9,1.1,,A,"Andrew, Div of CommScope",USX8-7W,G,0.0398107170553497,25.4516,1.3,,,Bancroft (32080 Hwy 28) ON,CHD456,011120883-001,Backhaul Network Services Inc.,2026-03-07,False,False,0.0,15.0
TX,7800.0,30.0,27400.0,27M4D7W,4096-QAM,True,1.25|10|30,A,L,B,45.21679167,-77.43836111,361.0,80.0,90.0,4.34464115388867,0.094143593530589,42.9,1.1,,A,"Andrew, Div of CommScope",USX8-7W,G,0.0251188643150958,23.4516,1.3,,,PALMER RAPIDS (109 SCHUTT RD) ON,CIX744,011120519-001,Backhaul Network Services Inc.,2026-02-27,False,False,0.0,15.0
TX,7800.0,30.0,27400.0,27M4D7W,4096-QAM,True,1.25|10|30,A,L,B,45.06140833,-77.19843333,423.0,70.0,273.0,179.859505868007,-0.37908136253996,42.9,1.1,,A,"Andrew, Div of CommScope",USX8-7W,G,0.125892541179417,30.4516,1.3,,,DENBIGH (302 TOWER ROAD) ON,CIV851,011109714-002,Backhaul Network Services Inc.,2025-12-31,False,False,0.0,15.0
TX,7800.0,30.0,27400.0,27M4D7W,4096-QAM,True,1.25|10|30,A,L,B,45.57372222,-77.650225,302.0,80.0,90.0,95.969167576802,-0.42239582558979,42.9,1.1,,A,"Andrew, Div of CommScope",USX8-7W,G,0.125892541179417,30.4516,1.3,,,BARRYS BAY (126 ETMANSKI RD) ON,CIW857,011077478-002,Backhaul Network Services Inc.,2025-12-19,False,False,0.0,15.0
TX,7800.0,30.0,27400.0,27M4D7W,4096-QAM,True,1.25|10|30,A,L,B,48.405925,-81.52725,303.0,55.0,90.0,67.1423505150117,-0.0754600286194011,42.9,1.1,,A,"Andrew, Div of CommScope",USX8-7W,G,0.076383578357769,28.2816,1.3,,,Timmins (8020 Hwy 101 W) ON,CIV982,011105068-002,Backhaul Network Services Inc.,2025-11-21,False,False,0.0,15.0
TX,7800.0,30.0,27400.0,27M4D7W,4096-QAM,True,1.25|10|30,A,L,B,46.22505,-79.35275556,225.0,78.4,94.0,76.0904660582005,0.0930208272039176,41.0,1.2,,A,"Andrew, Div of CommScope",UHX6-77,G,0.251188643150958,28.0516,4.8,,,CALLANDER (DERLAND RD/HWY 11) ON,XKX944,010032291-007,Backhaul Network Services Inc.,2025-11-04,False,False,0.0,15.0
TX,7800.0,30.0,27400.0,27M4D7W,4096-QAM,True,1.25|10|30,A,L,B,43.91638889,-76.98988889,81.0,53.0,60.0,278.850796867192,0.0809565082056559,42.9,1.1,,A,"Andrew, Div of CommScope",USX8-7W,G,0.0398107170553497,25.4516,1.3,,,South Bay (761 Babylon Rd) ON,CIV705,011105571-002,Backhaul Network Services Inc.,2026-01-07,False,False,0.0,15.0
TX,7800.0,30.0,27400.0,27M4D7W,4096-QAM,True,1.25|10|30,A,L,B,45.23878056,-77.2135,332.0,100.2,120.0,329.430347592934,0.292783845800788,40.6,1.5,,A,"Andrew, Div of CommScope",USX6-7W,G,0.125892541179417,28.1516,1.3,,,GRIFFITH (25185 HWY 41) ON,CIV590,011089983-002,Backhaul Network Services Inc.,2025-10-21,False,False,0.0,15.0
TX,7800.0,30.0,27400.0,27M4D7W,4096-QAM,True,1.25|10|30,A,L,B,43.87408056,-81.12316944,346.0,58.0,65.0,280.508164916852,-0.0716667590304283,40.6,1.5,,A,"Andrew, Div of CommScope",USX6-7W,G,0.0630957344480193,25.1516,1.3,,,Gorrie (43844 Harriston Rd) ON,CHV289,011098528-002,Backhaul Network Services Inc.,2025-08-28,False,False,0.0,15.0
TX,7800.0,30.0,27400.0,27M4D7W,4096-QAM,True,1.25|10|30,A,L,B,45.43227778,-77.77927778,413.0,80.0,89.6,223.864417445857,0.195911991781952,40.6,1.5,,A,"Andrew, Div of CommScope",USX6-7W,G,0.0794328234724281,26.1516,1.3,,,"BARRY'S BAY(60 KUBESHESKI RD),ON",CHR577,011094091-002,Backhaul Network Services Inc.,2025-08-13,False,False,0.0,15.0
TX,7800.0,30.0,27400.0,27M4D7W,4096-QAM,True,1.25|10|30,A,L,B,45.04402222,-77.88183889,395.0,65.3,92.0,249.179228057434,0.0777087627889672,42.9,1.1,,A,"Andrew, Div of CommScope",USX8-7W,G,0.0630957344480193,27.3516,1.4,,,Bancroft (192 Reid Rd) ON,VBE669,010031825-007,Backhaul Network Services Inc.,2025-06-01,False,False,0.0,15.0
TX,7800.0,30.0,27400.0,27M4D7W,4096-QAM,True,1.25|10|30,A,L,B,44.54894444,-80.96108333,254.0,82.0,91.4,150.055254435651,0.181858813680325,42.9,1.1,,A,"Andrew, Div of CommScope",USX8-7W,G,0.0653130552647472,27.6016,1.3,,,Owen Sound (218136 Concession 3) ON,CHI465,011078204-002,Backhaul Network Services Inc.,2025-03-24,False,False,0.0,15.0
TX,7800.0,30.0,27400.0,27M4D7W,4096-QAM,True,1.25|10|30,A,L,B,45.14580556,-76.37375,210.0,75.0,90.0,52.8979953645543,-0.35214664742919,40.6,1.5,,A,"Andrew, Div of CommScope",USX6-7W,G,0.0794328234724281,26.1516,1.3,,,LANARK HIGHLANDS (1101 GALBRAITH RD) ON,CHY965,011078197-002,Backhaul Network Services Inc.,2025-04-03,False,False,0.0,15.0
TX,7800.0,30.0,27400.0,27M4D7W,4096-QAM,True,1.25|10|30,A,L,B,45.71127778,-76.74544444,138.0,80.5,90.0,191.510320383794,0.0740152729410159,40.6,1.5,,A,"Andrew, Div of CommScope",USX6-7W,G,0.125892541179417,28.1516,1.3,,,"GRANTS SETTLEMENT (SETTLEMENT RD., JUST NORTH OF MCCOY RD) ON",CHY782,011075276-002,Backhaul Network Services Inc.,2025-02-28,False,False,0.0,15.0
TX,7800.0,30.0,27400.0,27M4D7W,4096-QAM,True,1.25|10|30,A,L,B,45.23894167,-78.40981667,435.0,80.0,91.0,207.378983055311,-0.153164902627364,40.6,1.5,,A,"Andrew, Div of CommScope",USX6-7W,G,0.125892541179417,28.1516,1.3,,,FORT IRWIN (6415 HALIBURTON LAKE RD) ON,CHY733,011075294-002,Backhaul Network Services Inc.,2025-02-07,False,False,0.0,15.0
TX,7800.0,30.0,27400.0,27M4D7W,4096-QAM,True,1.25|10|30,A,L,B,44.44511667,-78.23970833,261.0,75.0,85.0,356.230853984715,-0.0821128960610591,40.6,1.5,,A,"Andrew, Div of CommScope",USX6-7W,G,0.0630957344480193,25.1516,1.3,,,LAKEFIELD (1511 5TH  CONCESSION LOT 19) ON,VYA879,011074839-002,Backhaul Network Services Inc.,2025-02-04,False,False,0.0,15.0
TX,7800.0,30.0,27400.0,27M4D7W,4096-QAM,True,1.25|10|30,A,L,B,45.19464722,-76.58612778,250.0,77.0,91.5,296.388741650238,0.163325355594149,40.8,1.5,,A,"Andrew, Div of CommScope",HX6-7W,G,0.125892541179417,28.3516,1.3,,,Lanark Highlands (Highway 511 & Little Green Rd) ON,CHY677,011055422-002,Backhaul Network Services Inc.,2025-01-29,False,False,0.0,15.0
TX,7800.0,30.0,27400.0,27M4D7W,4096-QAM,True,1.25|10|30,A,L,B,46.04556944,-79.7312,252.0,89.8,102.0,80.3828815300812,0.161376987802847,40.6,1.5,,A,"Andrew, Div of CommScope",USX6-7W,G,0.125892541179417,28.1516,1.3,,,RESTOULE (437 LAKEVIEW DRIVE) ON,CHY660,011073312-002,Backhaul Network Services Inc.,2025-01-24,False,False,0.0,15.0
TX,7800.0,30.0,27400.0,27M4D7W,4096-QAM,True,1.25|10|30,A,L,B,44.82766667,-81.08477778,264.0,45.0,90.0,257.97887104331,-0.309693646299687,42.9,1.1,,A,"Andrew, Div of CommScope",USX8-7W,G,0.0251188643150958,23.4516,1.3,,,Purple Valley (490 Purple Valley Rd) ON,CHY626,011072406-002,Backhaul Network Services Inc.,2025-01-22,False,False,0.0,15.0
TX,7800.0,30.0,27400.0,27M4D7W,4096-QAM,True,1.25|10|30,A,L,B,44.46752778,-77.32247222,164.0,85.0,98.0,76.1622883624471,-0.0294399578522928,40.6,1.5,,A,"Andrew, Div of CommScope",USX6-7W,G,0.1,27.1516,1.3,,,Tweed (2546 Crookston Rd) ON,CFI350,011072170-002,Backhaul Network Services Inc.,2025-01-31,False,False,0.0,15.0
TX,7800.0,30.0,27400.0,27M4D7W,4096-QAM,True,1.25|10|30,A,L,B,44.98461111,-78.29252778,450.0,67.0,75.1,291.847190205645,-0.217619821705055,40.6,1.5,,A,"Andrew, Div of CommScope",USX6-7W,G,0.125892541179417,28.1516,1.3,,,Tory Hill (1047 McCrea Rd) ON,CIN699,010912554-003,Backhaul Network Services Inc.,2025-02-06,False,False,0.0,15.0
TX,7800.0,30.0,27400.0,27M4D7W,4096-QAM,True,1.25|10|30,A,L,B,45.05294444,-76.45966667,203.0,78.0,90.4,96.4026305751411,-0.318137198038202,40.6,1.5,,A,"Andrew, Div of CommScope",USX6-7W,G,0.0794328234724281,26.6516,0.8,,,LANARK HIGHLANDS(1739 DALHOUSIE 1ST CONCESSION B) ON,CHY343,011037556-002,Backhaul Network Services Inc.,2024-12-27,False,False,0.0,15.0
TX,7800.0,30.0,27400.0,27M4D7W,4096-QAM,True,1.25|10|30,A,L,B,49.36208333,-82.16656111,241.0,80.0,90.0,283.211401620176,-0.13262628313893,42.9,1.1,,A,"Andrew, Div of CommScope",USX8-7W,G,0.0501187233627272,26.4516,1.3,,,MOONBEAM (REMI LAKE RD)ON,CHQ897,011069079-002,Backhaul Network Services Inc.,2024-12-14,False,False,0.0,15.0
TX,7800.0,30.0,27400.0,27M4D7W,4096-QAM,True,1.25|10|30,A,L,B,46.19438889,-82.76808333,191.0,86.5,107.0,23.079684542717,0.332434680163278,42.9,1.1,,A,"Andrew, Div of CommScope",USX8-7W,G,0.0630957344480193,27.4516,1.3,,,Algoma Mills (2087 Hwy 17) ON,CHQ895,011069824-002,Backhaul Network Services Inc.,2024-12-30,False,False,0.0,15.0
TX,7800.0,30.0,27400.0,27M4D7W,4096-QAM,True,1.25|10|30,A,L,B,45.8708,-76.8642,130.0,73.0,90.0,251.204866928244,-0.148539582967067,42.9,1.1,,A,"Andrew, Div of CommScope",USX8-7W,G,0.125892541179417,30.4516,1.3,,,WESTMEATH (359 NANGOR TRAIL) ON,CHQ858,011069091-002,Backhaul Network Services Inc.,2024-12-13,False,False,0.0,15.0
TX,7800.0,30.0,27400.0,27M4D7W,4096-QAM,True,1.25|10|30,A,L,B,48.53283333,-80.49872222,248.0,80.0,100.0,269.073618404214,0.00698460329868796,42.9,1.1,,A,"Andrew, Div of CommScope",USX8-7W,G,0.0501187233627272,26.4516,1.3,,,Matheson (Hwy 101 / Burton Rd S) ON,VFE968,011068769-002,Backhaul Network Services Inc.,2024-12-09,False,False,0.0,15.0
TX,7800.0,30.0,27400.0,27M4D7W,4096-QAM,True,1.25|10|30,A,L,B,44.34597222,-77.16347222,166.0,83.0,91.5,230.237848399182,-0.258920609999552,42.9,1.1,,A,"Andrew, Div of CommScope",USX8-7W,G,0.0630957344480193,27.9516,0.8,,,Albert (2956 Marysville Rd) ON,CHQ703,011068791-002,Backhaul Network Services Inc.,2024-12-06,False,False,0.0,15.0
TX,7800.0,30.0,27400.0,27M4D7W,4096-QAM,True,1.25|10|30,A,L,B,45.08575,-78.58294444,408.0,99.0,122.0,354.629854449332,-0.066511585196844,42.9,1.1,,A,"Andrew, Div of CommScope",USX8-7W,G,0.0620869034230063,27.3816,1.3,,,HALIBURTON (HWY 118/HURRICANE LAKE) ON,VAD407,011068161-002,Backhaul Network Services Inc.,2024-12-31,False,False,0.0,15.0
TX,7800.0,30.0,27400.0,27M4D7W,4096-QAM,True,1.25|10|30,A,M,A,43.6475,-80.74155556,406.0,60.0,90.0,303.93301988009,-0.0812152829409444,42.9,1.1,,A,"Andrew, Div of CommScope",USX8-7W,G,0.398107170553497,31.9516,4.8,,,WALLENSTEIN (7931 WELLINGTON RD 86) ON,CHY254,011067594-002,Backhaul Network Services Inc.,2024-11-28,False,False,0.0,15.0
TX,7800.0,30.0,27400.0,27M4D7W,4096-QAM,True,1.25|10|30,A,L,B,46.54636111,-84.23252778,192.0,57.9,78.0,109.469863019464,0.160304031186564,40.6,1.5,,A,"Andrew, Div of CommScope",USX6-7W,G,0.125892541179417,28.1516,1.3,,,SAULT STE MARIE (926 FRONTENAC ST) ON,CHW301,011064176-002,Backhaul Network Services Inc.,2024-10-21,False,False,0.0,15.0
TX,7800.0,30.0,27400.0,27M4D7W,4096-QAM,True,1.25|10|30,A,L,B,44.71438889,-81.01288889,249.0,65.0,75.3,141.809348959146,0.142045533727371,40.6,1.5,,A,"Andrew, Div of CommScope",USX6-7W,G,0.125892541179417,28.1516,1.3,,,WIARTON (PT LT 25 CON 19 KEPPEL AS IN R447240) ON,CHN338,011056119-002,Backhaul Network Services Inc.,2024-08-05,False,False,0.0,15.0
TX,7800.0,30.0,27400.0,27M4D7W,4096-QAM,True,1.25|10|30,A,L,B,47.53569444,-79.66238889,217.0,45.0,70.0,181.463051639001,0.390177525269263,42.9,1.1,,A,"Andrew, Div of CommScope",USX8-7W,G,0.0437522105158252,26.3616,0.8,,,TEMISKAMING SHORES (137428 PETERS RD) ON,CHN329,010975386-002,Backhaul Network Services Inc.,2024-08-16,False,False,0.0,15.0
TX,7800.0,30.0,30000.0,30M0D7W,1024-QAM,True,1.25|10|30,A,L,B,44.09044444,-77.21288889,105.0,42.0,79.0,313.605635447143,-0.114779754675644,40.8,1.5,,A,"Andrew, Div of CommScope",HX6-7W,G,0.501187233627272,31.3516,4.3,,,Demorestville (50 CR-14) ON,CHF325,011044336-002,Backhaul Network Services Inc.,2024-06-17,False,False,0.0,15.0
TX,7800.0,30.0,27400.0,27M4D7W,4096-QAM,True,1.25|10|30,A,L,B,46.47516667,-83.88469444,393.0,40.0,106.0,155.538511901596,-0.537007477367905,40.6,1.5,,A,"Andrew, Div of CommScope",USX6-7W,G,0.1,27.1516,1.3,,,MEREDITH LAKE( ECHO BAY AREA) ON,CHM613,011037682-002,Backhaul Network Services Inc.,2024-05-28,False,False,0.0,15.0
TX,7800.0,30.0,27400.0,27M4D7W,4096-QAM,True,1.25|10|30,A,L,B,46.04561111,-79.73122222,252.0,88.0,102.7,237.713724479677,-0.0962611229294646,42.9,1.1,,A,"Andrew, Div of CommScope",USX8-7W,G,0.125892541179417,30.4516,1.3,,,Restoule (437 Lakeview Rd) ON,CHM532,011033511-002,Backhaul Network Services Inc.,2024-05-28,False,False,0.0,15.0
TX,7800.0,30.0,27400.0,27M4D7W,4096-QAM,True,1.25|10|30,A,L,B,44.85086111,-76.36875,155.0,64.8,122.0,310.461314383069,0.104536848368551,40.6,1.5,,A,"Andrew, Div of CommScope",USX6-7W,G,0.125892541179417,28.1516,1.3,,,Perth (236 Cameron Side Rd) ON,XJV299,011022190-002,Backhaul Network Services Inc.,2024-05-14,False,False,0.0,15.0
TX,7800.0,30.0,27400.0,27M4D7W,4096-QAM,True,1.25|10|30,A,L,B,45.61463889,-79.71522222,313.0,75.0,93.5,82.03013543639,-0.0517632571684789,40.6,1.5,,A,"Andrew, Div of CommScope",USX6-7W,G,0.0794328234724281,26.1516,1.3,,,"Magnetawan (PT BROKEN LOT 17 CON 2 CROFT, PART 12) ON",CHD980,011037914-002,Backhaul Network Services Inc.,2024-05-29,False,False,0.0,15.0
TX,7800.0,30.0,27400.0,27M4D7W,4096-QAM,True,1.25|10|30,A,L,B,45.41183333,-75.05644444,56.0,70.0,90.0,242.146983460261,-0.00248262987011346,42.9,1.1,,A,"Andrew, Div of CommScope",USX8-7W,G,0.125892541179417,30.4516,1.3,,,Casselman (1799 County Rd 16) ON,CHD883,011020858-002,Backhaul Network Services Inc.,2024-06-07,False,False,0.0,15.0
TX,7800.0,30.0,27400.0,27M4D7W,4096-QAM,True,1.25|10|30,A,L,B,43.14716667,-81.31458333,297.0,83.0,90.0,165.242045679529,-0.377669434284273,42.9,1.1,,A,"Andrew, Div of CommScope",USX8-7W-6GF,G,0.0359749335155742,25.0116,1.3,,,Elginfield (23635 Adelaide St N) ON,VEL573,010031017-007,Backhaul Network Services Inc.,2024-04-16,False,False,0.0,15.0
TX,7800.0,30.0,27400.0,27M4D7W,4096-QAM,True,1.25|10|30,A,L,B,45.24063889,-74.67169444,95.0,65.0,70.0,181.242206181172,-0.220387644900881,42.9,1.1,,A,"Andrew, Div of CommScope",USX8-7W,G,0.125892541179417,30.4516,1.3,,,Apple Hill (19562 Kenyon Concession RD 1) ON,CHD749,011021462-002,Backhaul Network Services Inc.,2024-05-27,False,False,0.0,15.0
TX,7800.0,30.0,27400.0,27M4D7W,4096-QAM,True,1.25|10|30,A,L,B,45.49344444,-77.41813889,320.0,25.0,70.0,53.4906052816976,-0.478923848944115,40.8,1.5,,A,"Andrew, Div of CommScope",HX6-7W,G,0.125892541179417,28.3516,1.3,,,KILLALOE (761 ROCHEFORT RD) ON,CHD481,011022583-002,Backhaul Network Services Inc.,2024-04-05,False,False,0.0,15.0
TX,7800.0,30.0,27400.0,27M4D7W,4096-QAM,True,1.25|10|30,A,L,B,48.14591667,-80.06652222,350.0,60.0,100.0,174.378310168115,-0.209731635453787,40.6,1.5,,A,"Andrew, Div of CommScope",USX6-7W,G,0.0794328234724281,26.1516,1.3,,,CHAPUT HUGHES (GOLDTHORP RD) ON,CHK712,011026306-002,Backhaul Network Services Inc.,2024-02-16,False,False,0.0,15.0
TX,7800.0,30.0,27400.0,27M4D7W,4096-QAM,True,1.25|10|30,A,L,B,45.05586111,-74.87119444,89.0,62.0,100.0,300.38753296445,-0.0410086410824242,42.9,1.1,,A,"Andrew, Div of CommScope",USX8-7W-6GF,G,0.125892541179417,30.4516,1.3,,,Long Sault (5253 Avonmore Rd) ON,CIO611,011004385-002,Backhaul Network Services Inc.,2024-03-21,False,False,0.0,15.0
TX,7800.0,30.0,27400.0,27M4D7W,4096-QAM,True,1.25|10|30,A,L,B,44.84518056,-75.33635,85.0,73.0,100.0,222.903254645858,-0.065506831668373,42.9,1.1,,A,"Andrew, Div of CommScope",USX8-7W,G,0.199526231496888,29.4516,4.3,,,IROQUOIS (HWY 401/CARMAN RD) ON,VEM483,010031521-005,Backhaul Network Services Inc.,2024-01-05,False,False,0.0,15.0
TX,7800.0,30.0,27400.0,27M4D7W,4096-QAM,True,1.25|10|30,A,L,B,46.238525,-78.31280833,204.0,81.0,100.0,288.82133320812,-0.0741702822195457,40.6,1.5,,A,"Andrew, Div of CommScope",USX6-7W,G,0.125892541179417,28.1516,1.3,,,DEUX RIVIÈRES (HIGHWAY 17 / BRENT RD) ON,CHK204,011010355-002,Backhaul Network Services Inc.,2023-12-15,False,False,0.0,15.0
TX,7800.0,30.0,27400.0,27M4D7W,4096-QAM,True,1.25|10|30,A,L,B,46.21888889,-82.5655,234.0,94.0,108.0,266.628492231255,-0.198481792000801,43.5,1.0,,A,"Andrew, Div of CommScope",UHX8-77GD,G,0.501,33.54998,4.8,,,Serpent River (ON-108 / Hwy 17) ON,VBE696,010031865-003,Backhaul Network Services Inc.,2023-11-29,False,False,0.0,15.0
TX,7800.0,30.0,27400.0,27M4D7W,4096-QAM,True,1.25|10|30,A,L,B,46.03413889,-80.58436111,201.0,92.5,107.0,44.0719415637814,-0.0595863204770001,40.6,1.5,,A,"Andrew, Div of CommScope",USX6-7W,G,0.0774461797802519,26.0416,1.3,,,Bigwood (58 Hass Rd) ON,VAD421,010030781-004,Backhaul Network Services Inc.,2023-10-13,False,False,0.0,15.0
TX,7800.0,30.0,27400.0,27M4D7W,4096-QAM,True,1.25|10|30,A,L,B,45.34527778,-77.78916667,417.0,75.0,91.0,240.043738389353,0.179059802617753,40.6,1.5,,A,"Andrew, Div of CommScope",USX6-7W,G,0.125892541179417,28.1516,1.3,,,HASTINGS HIGHLANDS (LT 6 & LT 7 CON 8 BANGOR) ON,CHB696,010960487-002,Backhaul Network Services Inc.,2023-09-08,False,False,0.0,15.0
TX,7800.0,30.0,27400.0,27M4D7W,4096-QAM,True,1.25|10|30,A,L,B,44.94419444,-75.71188889,107.0,50.0,90.85,6.87632431317997,-0.101469227547993,42.9,1.1,,A,"Andrew, Div of CommScope",HX8-7W,G,0.125892541179417,30.4516,1.3,,,Oxford Mills (500 Todd School Road) ON,CHQ385,010968463-002,Backhaul Network Services Inc.,2023-08-22,False,False,0.0,15.0
TX,7800.0,30.0,27400.0,27M4D7W,4096-QAM,True,1.25|10|30,A,L,B,44.94505556,-76.68180556,220.0,95.0,100.0,181.43764750563,0.00492065029639241,40.6,1.5,,A,"Andrew, Div of CommScope",USX6-7W,G,0.0630957344480193,25.6516,0.8,,,MISSISSIPPI  STATION (4263 ELPHIN MABERLY ROAD ) ON,CHI851,010975337-002,Backhaul Network Services Inc.,2023-06-30,False,False,0.0,15.0
TX,7800.0,30.0,27400.0,27M4D7W,4096-QAM,True,1.25|10|30,A,L,B,44.88594444,-77.53447222,361.0,50.0,90.5,188.906243879617,-0.235899247820214,44.4,0.9,,A,"Andrew, Div of CommScope",HX10-7W-6GF,G,0.0794328234724281,29.9516,1.3,,,Gunter (East Rd / Weslemkoon Lake Rd) ON,CHB245,010968468-002,Backhaul Network Services Inc.,2023-05-12,False,False,0.0,15.0
TX,7800.0,30.0,27400.0,27M4D7W,256-QAM,True,1.25|10|30,A,L,B,44.62333333,-81.24144444,194.0,63.0,100.0,351.518438896479,-0.118777680748456,43.4,1.4,,A,"Andrew, Div of CommScope",HPX8-77,G,0.1,26.9516,4.3,,,Sauble Beach (381 Municipal Rd) ON,VEL653,010886944-002,Backhaul Network Services Inc.,2023-01-15,False,False,0.0,15.0
TX,7800.0,30.0,27400.0,27M4D7W,4096-QAM,True,1.25|10|30,A,M,A,42.23472222,-82.96583333,190.0,35.8,49.0,221.130842011249,-0.0646569931645861,43.5,1.0,,A,"Andrew, Div of CommScope",UHX8-77GD,G,0.158489319246111,28.8516,4.5,,,PELTON (2240 OLYMPIA RD) ON,VAD498,010031697-004,Backhaul Network Services Inc.,2023-01-16,False,False,0.0,15.0
TX,7800.0,30.0,27400.0,27M4D7W,4096-QAM,True,1.25|10|30,A,L,B,44.35405556,-78.04494444,215.0,68.0,107.0,59.7841731991427,-0.0800351640422568,40.6,1.5,,A,"Andrew, Div of CommScope",USX6-7W,G,0.501187233627272,30.9516,4.5,,,NORWOOD (3427 HWY 7 EAST) ON,VAD426,010076527-003,Backhaul Network Services Inc.,2022-12-23,False,False,0.0,15.0
TX,7800.0,30.0,27400.0,27M4D7W,4096-QAM,True,1.25|10|30,A,L,B,42.8435,-80.66961111,243.0,72.0,91.4,117.804238742584,-0.124376343418247,40.6,1.5,,A,"Andrew, Div of CommScope",USX6-7W,G,0.501187233627272,30.9516,4.5,,,TILSONBURG (889 GOSHEN RD) ON,XKX937,010958911-002,Backhaul Network Services Inc.,2023-01-30,False,False,0.0,15.0
TX,7800.0,30.0,27400.0,27M4D7W,4096-QAM,True,1.25|10|30,A,L,B,45.29186111,-76.51011111,184.0,70.0,92.0,326.918767739123,0.0891971754713483,40.6,1.5,,A,"Andrew, Div of CommScope",USX6-7W,G,0.0794328234724281,23.1516,4.3,,,White Lake (1026 WINDY POINT SIDE ROAD) ON,CGB825,010860386-002,Backhaul Network Services Inc.,2022-10-05,False,False,0.0,15.0
TX,7800.0,30.0,27400.0,27M4D7W,4096-QAM,True,1.25|10|30,A,L,B,46.03333333,-80.585,201.0,70.0,107.0,176.491802356467,-0.0840889101446881,40.8,1.5,,A,"Andrew, Div of CommScope",HX6-7W,G,0.254,27.89994,4.8,,,BIGWOOD (HASS RD) ON,VAD421,010033057-004,Backhaul Network Services Inc.,2022-07-30,False,False,0.0,15.0
TX,7800.0,30.0,27400.0,27M4D7W,4096-QAM,True,1.25|10|30,A,L,B,45.50833333,-79.24583333,417.0,74.0,127.0,341.022160266304,-0.17398009196898,44.4,0.9,,A,"Andrew, Div of CommScope",HX10-7W-6GF,B,0.125892541179417,31.9516,1.3,,,CLEAR LAKE (402 BAY LAKE RD) ON,XKX941,010069283-006,Backhaul Network Services Inc.,2022-05-27,False,False,0.0,15.0
TX,7800.0,30.0,27400.0,27M4D7W,4096-QAM,True,1.25|10|30,A,L,B,42.20725,-82.26066667,191.0,71.6,100.0,58.0645241197358,-0.0954227629828426,43.5,1.0,,A,"Andrew, Div of CommScope",UHX8-77GD,G,0.50118,33.55154,4.8,,,Merlin (4681 Badder Line) ON,VFE358,010031377-005,Backhaul Network Services Inc.,2022-03-21,False,False,0.0,15.0
TX,7800.0,30.0,27400.0,27M4D7W,4096-QAM,True,1.25|10|30,A,L,B,44.32194444,-76.32722222,107.0,60.0,91.0,81.8462898613736,-0.12986911402661,41.0,1.2,,A,"Andrew, Div of CommScope",UHX6-77,G,0.1259,25.05186,4.8,,,Joyceville (2053 Joyceville Side Rd) ON,VEL453,010817908-003,Backhaul Network Services Inc.,2022-03-31,False,False,0.0,15.0
TX,7800.0,30.0,27400.0,27M4D7W,4096-QAM,True,1.25|10|30,A,L,B,42.5106,-81.82349444,217.0,49.0,65.0,53.8877203060771,-0.0753466115808391,42.9,1.1,,A,"Andrew, Div of CommScope",USX8-7W,G,0.1,25.9516,4.8,,,HIGHGATE (14605 BRAEMORE LINE) ON,VYB658,010278496-004,Backhaul Network Services Inc.,2022-03-28,False,False,0.0,15.0
TX,7800.0,30.0,27400.0,27M4D7W,4096-QAM,True,1.25|10|30,A,L,B,45.00472222,-78.71138889,324.0,84.0,137.0,335.688021907568,0.104029192954357,41.0,1.2,,A,"Andrew, Div of CommScope",UHX6-77,G,0.25118,28.05145,4.8,,,MINDEN(TWELVE MILE LAKE R/TAYLOR)ON,VAD406,010032559-004,Backhaul Network Services Inc.,2022-03-31,False,False,0.0,15.0
TX,7800.0,30.0,27400.0,27M4D7W,4096-QAM,True,1.25|10|30,A,,B,44.65972222,-76.69888889,201.0,68.0,100.0,3.53911789534855,-0.00464394063090357,40.6,1.5,,A,"Andrew, Div of CommScope",USX6-7W,G,0.107,23.94544,4.8,,,PARHAM (11287 HWY 38) ON,VEL362,010032241-005,Backhaul Network Services Inc.,2022-02-18,False,False,0.0,15.0
TX,7800.0,30.0,27400.0,27M4D7W,4096-QAM,True,1.25|10|30,A,,B,44.38194444,-76.00944444,110.0,80.2,91.0,245.24123449488,-0.0788122427396143,41.0,1.2,,A,"Andrew, Div of CommScope",UHX6-77GE,G,0.257,28.15093,4.8,,,LANSDOWNE (525 REYNOLDS RD) ON,VEA481,010032107-004,Backhaul Network Services Inc.,2022-02-11,False,False,0.0,15.0
TX,7800.0,30.0,27400.0,27M4D7W,4096-QAM,True,1.25|10|30,A,,B,42.96666667,-81.55805556,239.0,57.0,78.0,182.056745065383,-0.0498977738734194,42.9,1.1,,A,"Andrew, Div of CommScope",USX8-7W,G,0.141,27.44379,4.8,,,STRATHROY (8727 WALKERS DR) ON,VBE678,010068241-003,Backhaul Network Services Inc.,2022-03-21,False,False,0.0,15.0
TX,7800.0,30.0,27400.0,27M4D7W,4096-QAM,True,1.25|10|30,A,,B,44.39166667,-76.665,173.0,77.0,100.0,25.0293995365104,0.0354006446557222,41.0,1.2,,A,"Andrew, Div of CommScope",UHX6-77,G,0.25118,28.05145,4.8,,,HARROWSMITH (4483 HWY 38) ON,VEL360,010033633-004,Backhaul Network Services Inc.,2022-03-31,False,False,0.0,15.0
TX,7800.0,30.0,27400.0,27M4D7W,4096-QAM,True,1.25|10|30,A,L,B,43.98497222,-77.444,94.0,73.0,90.0,11.0320284553459,-0.0981059855365577,40.6,1.5,,A,"Andrew, Div of CommScope",USX6-7W,G,0.501,30.64998,4.8,,,Hillier (113 Little Creek Rd) ON,VBE667,010030843-006,Backhaul Network Services Inc.,2022-02-11,False,False,0.0,15.0
TX,7800.0,30.0,27400.0,27M4D7W,4096-QAM,True,1.25|10|30,A,L,B,44.23027778,-80.29055556,518.0,46.0,66.0,7.10175070731518,0.00561682528289138,42.9,1.1,,A,"Andrew, Div of CommScope",USX8-7W,G,0.148,27.65422,4.8,,,SHELBURNE (240 SDRD)  ON,XJV217,010030901-004,Backhaul Network Services Inc.,2022-03-30,False,False,0.0,15.0
TX,7800.0,30.0,27400.0,27M4D7W,4096-QAM,True,1.25|10|30,A,L,B,44.74166667,-76.93305556,223.0,46.5,91.0,234.000743236685,0.0245686404503324,42.9,1.1,,A,"Andrew, Div of CommScope",USX8-7W,G,0.178,28.4558,4.8,,,ARDEN (1024 BOULDER HILL RD) ON,VAD431,010031691-004,Backhaul Network Services Inc.,2022-02-11,False,False,0.0,15.0
TX,7800.0,30.0,27400.0,27M4D7W,4096-QAM,True,1.25|10|30,A,M,A,42.15611111,-82.80305556,194.0,38.0,49.0,154.67033673917,-0.0539433310971937,40.6,1.5,,A,"Andrew, Div of CommScope",USX6-7W,G,0.263,26.85116,5.8,,,ESSEX (72 GOSFIELD TOWNLINE W) ON,CYF458,010030775-006,Backhaul Network Services Inc.,2022-01-25,False,False,0.0,15.0
TX,7800.0,30.0,27400.0,27M4D7W,4096-QAM,True,1.25|10|30,A,L,B,42.395,-82.21444444,181.0,35.7,47.0,87.0862193407642,0.0837839112358271,42.9,1.1,,A,"Andrew, Div of CommScope",USX8-7W,G,0.11,26.36553,4.8,,,CHATHAM (805 GRAND AVE W) ON,XKU580,010032035-005,Backhaul Network Services Inc.,2022-02-11,False,False,0.0,15.0
TX,7800.0,30.0,27400.0,27M4D7W,4096-QAM,True,1.25|10|30,A,L,B,44.84527778,-75.33638889,85.0,60.0,100.0,55.7622640437422,0.0135080963368396,43.5,1.0,,A,"Andrew, Div of CommScope",UHX8-77GD,G,0.112,27.04378,4.8,,,IROQUOIS (HWY 401/CARMAN RD) ON,VEM483,010031523-004,Backhaul Network Services Inc.,2022-02-14,False,False,0.0,15.0
TX,7800.0,30.0,27400.0,27M4D7W,4096-QAM,True,1.25|10|30,A,L,B,44.69222222,-77.03277778,209.0,54.0,64.1,66.5423357906623,0.130183701316135,42.9,1.1,,A,"Andrew, Div of CommScope",USX8-7W,G,0.292,30.60543,4.8,,,KALADAR (30958 HWY 7) ON,CHX495,010913261-001,Rogers Communications Canada Inc.,2022-02-25,False,False,0.0,15.0
TX,7800.0,30.0,27400.0,27M4D7W,4096-QAM,True,1.25|10|30,A,L,B,44.90777778,-75.93944444,109.0,47.2,110.0,177.686754621349,0.00824481886884791,43.5,1.0,,A,"Andrew, Div of CommScope",UHX8-77GD,G,0.18,29.10433,4.8,,,SMITHS FALLS (371 ROSEDALE RD S) ON,XJV248,010031251-005,Backhaul Network Services Inc.,2022-02-14,False,False,0.0,15.0
TX,7800.0,30.0,27400.0,27M4D7W,4096-QAM,True,1.25|10|30,A,L,B,44.29,-76.43305556,117.0,78.0,91.0,313.708323533349,0.0906205990216136,42.9,1.1,,A,"Andrew, Div of CommScope",USX8-7W,G,0.135,27.25494,4.8,,,KINGSTON (1565 STATION RD) ON,XKU596,010078875-003,Rogers Communications Canada Inc.,2022-02-14,False,False,0.0,15.0
TX,7800.0,30.0,27400.0,27M4D7W,4096-QAM,True,1.25|10|30,A,L,B,44.62330278,-81.24143056,194.0,65.0,100.0,210.630449283295,-0.0501831479828978,43.4,1.4,,A,"Andrew, Div of CommScope",HPX8-77,G,0.158489319246111,28.4516,4.8,,,SAUBLE BEACH (381 MUNICIPAL RD) ON,VEL653,010886555-003,Backhaul Network Services Inc.,2024-08-28,False,False,0.0,15.0
TX,7800.0,30.0,30000.0,30M0D7WET,64-QAM,True,1.25|10|30,A,L,B,44.72880556,-79.814,207.0,39.0,100.0,23.9875834469569,-0.0508608864933651,41.0,1.2,,A,"Andrew, Div of CommScope",UHX6-77,G,0.16,26.5928,4.3,,,Midland (15765 Hwy 12) ON,VEM274,010069393-006,Backhaul Network Services Inc.,2020-10-27,False,False,0.0,15.0
TX,7800.0,30.0,27400.0,27M4D7W,4096-QAM,True,1.25|10|30,A,L,B,45.3,-79.27666667,350.0,87.3,122.0,96.0738829383675,-0.0286089102113592,41.0,1.2,,A,Ericsson (Marconi/GEC),ML7/8 1.8M HPX,G,0.1,27.5516,1.3,,,HUNTSVILLE (MADILL CHURCH RD) ON,XKX922,010069291-005,Backhaul Network Services Inc.,2022-11-02,False,False,0.0,15.0
TX,7800.0,30.0,30000.0,30M0D7W,128-QAM,True,1.25|10|30,A,,B,49.71781944,-91.21899444,443.0,79.4,80.0,221.269633866854,-0.136022337481906,45.4,1.0,,A,RFS (Celwave/Cablewave/Phelps Dodge),DA10-77A,B,0.1,26.7016,6.55,,,Valora (Hwy 599) ON,VEM729,010036377-002,TBAYtel - Fixed,2020-08-01,False,False,0.0,15.0
TX,7800.0,30.0,30000.0,30M0D7W,128-QAM,True,1.25|10|30,A,,B,49.71781944,-91.21899444,443.0,42.67,80.0,13.2415072142793,0.103037345952513,43.5,1.2,,A,RFS (Celwave/Cablewave/Phelps Dodge),DA8-77A,A,0.03,21.77281,4.35,,,Valora (Hwy 599) ON,VEM729,010036379-002,TBAYtel - Fixed,2020-08-01,False,False,0.0,15.0
TX,7800.0,30.0,30000.0,30M0D7W,128-QAM,True,1.25|10|30,A,,B,50.07196944,-91.74628333,393.0,73.9,90.0,285.166993026217,-0.238631919669502,40.9,1.6,,A,RFS (Celwave/Cablewave/Phelps Dodge),DA6-77A,B,0.03,17.43281,6.09,,,"Alcona (Hwy 642, Lot 3 Conc 2, Drayton Twsp) ON",VEM731,010036383-002,TBAYtel - Fixed,2020-08-01,False,False,0.0,15.0
TX,7800.0,30.0,30000.0,30M0D7W,128-QAM,True,1.25|10|30,A,,B,50.07196944,-91.74628333,393.0,87.2,90.0,112.72204419724,-0.0493629939027634,45.4,1.0,,A,RFS (Celwave/Cablewave/Phelps Dodge),DA10-77A,A,0.13,27.32103,7.07,,,"Alcona (Hwy 642, Lot 3 Conc 2, Drayton Twsp) ON",VEM731,010036381-002,TBAYtel - Fixed,2020-08-01,False,False,0.0,15.0
TX,7800.0,30.0,27400.0,27M4D7W,4096-QAM,True,1.25|10|30,A,L,B,45.01972222,-74.9625,81.0,44.2,60.0,74.4501905901862,-0.0198840397515069,43.5,1.0,,A,"Andrew, Div of CommScope",UHX8-77GD,G,0.107,26.84544,4.8,,,INGLESIDE (5400 SHAVER RD) ON,VDE895,010031877-007,Backhaul Network Services Inc.,2025-09-23,False,False,0.0,15.0
TX,7800.0,30.0,27400.0,27M4D7W,1024-QAM,True,1.25|10|30,A,L,B,43.88497222,-81.70186111,210.0,50.0,100.0,177.099014614085,-0.0195248280480712,41.0,1.2,,A,"Andrew, Div of CommScope",UHX6-77,A,0.06,24.83311,1.8,,,Port Albert (83804 Bluewater Hwy) ON,CFS673,010767785-003,Backhaul Network Services Inc.,2020-07-01,False,False,0.0,15.0
TX,7800.0,30.0,27400.0,27M4D7W,4096-QAM,True,1.25|10|30,A,,B,44.60277778,-78.90416667,272.0,60.0,100.0,259.402087564783,-0.179581983126274,43.4,1.4,,A,"Andrew, Div of CommScope",HPX8-77,G,0.15849,28.45162,4.8,,,Kawartha Lakes (South Mtn Rd/County Rd 48) ON,CFK315,010779856-003,Backhaul Network Services Inc.,2022-05-02,False,False,0.0,15.0
TX,7800.0,30.0,27400.0,27M4D7W,4096-QAM,True,1.25|10|30,A,L,B,45.84435,-79.52956389,411.0,43.8,80.0,111.298368527757,-0.108017357227712,41.0,1.2,,A,"Andrew, Div of CommScope",UHX6-77,G,0.12589,25.05151,4.8,,,MASHAR (262 PARK RD NORTH) ON,CFK254,010780761-003,Backhaul Network Services Inc.,2022-03-24,False,False,0.0,15.0
TX,7800.0,30.0,27400.0,27M4D7W,4096-QAM,True,1.25|10|30,A,L,B,44.46194444,-78.46283056,255.0,88.0,100.0,165.809696116261,-0.108138083664642,42.9,1.1,,A,"Andrew, Div of CommScope",USX8-7W,G,0.1585,27.95189,4.8,,,GANNON BEACH (620 LISTOWELS LINE) ON,CFJ918,010779843-003,Backhaul Network Services Inc.,2022-03-31,False,False,0.0,15.0
TX,7800.0,30.0,30000.0,30M0D7WET,512-QAM,True,1.25|10|30,A,,B,44.35405556,-78.04494444,215.0,95.0,107.0,262.197911247598,0.00512910987520324,45.3,1.0,,A,"Andrew, Div of CommScope",HPX10-77,A,0.063,29.84501,1.3,,,NORWOOD (3427 HWY 7 EAST) ON,VAD426,010076496-004,Backhaul Network Services Inc.,2018-05-30,False,False,0.0,15.0
TX,7800.0,30.0,27400.0,27M4D7W,4096-QAM,True,1.25|10|30,A,M,A,44.10719444,-78.65405556,381.0,86.0,96.0,131.419519465428,-0.583404258758194,43.5,1.0,,A,"Andrew, Div of CommScope",UHX8-77GD,G,0.0316227766016838,25.0516,1.3,,,Pontypool (464 Telecom Rd) ON,XKU583,010068766-006,Backhaul Network Services Inc.,2024-05-30,False,False,0.0,15.0
TX,7800.0,30.0,30000.0,30M0D7W,1024-QAM,True,1.25|10|30,A,L,B,42.87461111,-79.25208333,175.0,35.0,50.0,313.899532239628,0.23102960638551,41.0,1.2,,A,"Andrew, Div of CommScope",UHX6-77,G,0.05011,21.05084,4.8,,,Port Colborne (2 King Street) ON,CFX422,010743646-003,Backhaul Network Services Inc.,2021-11-27,False,False,0.0,15.0
TX,7800.0,30.0,27400.0,27M4D7W,1024-QAM,True,1.25|10|30,A,L,B,46.55651111,-81.17913056,268.0,57.0,100.0,51.3571447302394,0.0185856463040637,41.0,1.2,,A,"Andrew, Div of CommScope",UHX6-77,B,0.630957344480193,35.5516,1.3,,,CHELMSFORD (MONTEE GENEREUX ST) ON,VYA831,010728528-003,Backhaul Network Services Inc.,2023-10-31,False,False,0.0,15.0
TX,7800.0,30.0,27400.0,27M4D7W,4096-QAM,True,1.25|10|30,A,L,B,46.66186111,-80.75355556,281.0,74.0,80.0,174.775146870802,0.0857407386184999,41.0,1.2,,A,"Andrew, Div of CommScope",UHX6-77GE,G,0.0635330931851744,25.5816,1.3,,,Skead (3971 Skead Rd)  ON,CFO241,010701407-004,Backhaul Network Services Inc.,2023-12-19,False,False,0.0,15.0
TX,7800.0,30.0,27400.0,27M4D7W,4096-QAM,True,1.25|10|30,A,L,B,45.89461111,-82.85313889,229.0,90.0,120.0,114.813807334115,-0.19025730338188,41.0,1.2,,A,"Andrew, Div of CommScope",UHX6-77,G,0.501187233627272,31.0516,4.8,,,MORRISVILLE (SHESHEGWANING) ON,CFF286,010692050-003,Backhaul Network Services Inc.,2022-07-15,False,False,0.0,15.0
TX,7800.0,30.0,27400.0,27M4D7W,1024-QAM,True,1.25|10|30,A,L,B,43.28527778,-80.97183333,354.0,55.0,90.0,5.84878933544845,0.0218749728119777,41.0,1.2,,A,"Andrew, Div of CommScope",UHX6-77,G,0.0794328234724281,21.5516,6.3,,,Fairview (3052 Perth Rd 113) ON,CFE732,010683870-004,Backhaul Network Services Inc.,2023-05-08,False,False,0.0,15.0
TX,7800.0,30.0,27400.0,27M4D7W,4096-QAM,True,1.25|10|30,A,L,B,44.84226667,-77.86561667,345.0,90.0,122.0,113.705287686504,-0.219049891765044,43.4,1.4,,A,"Andrew, Div of CommScope",HPX8-77,G,0.0316227766016838,24.9516,1.3,,,WOLLASTON (293THE SOUTH RD) ON,CFH964,010677707-004,Backhaul Network Services Inc.,2023-10-06,False,False,0.0,15.0
TX,7800.0,30.0,27400.0,27M4D7W,4096-QAM,True,1.25|10|30,A,L,B,44.84226667,-77.86561667,345.0,68.0,122.0,256.280896197909,-0.0502023388065587,41.0,1.2,,A,"Andrew, Div of CommScope",UHX6-77,G,0.501187233627272,31.0516,4.8,,,WOLLASTON (293 THE SOUTH RD) ON,VFF412,010033229-005,Backhaul Network Services Inc.,2023-07-12,False,False,0.0,15.0
TX,7800.0,30.0,30000.0,30M0D7WET,64-QAM,True,1.25|10|30,A,,B,42.62986111,-81.37727778,207.0,58.0,65.0,289.918169373369,0.0351399176850572,41.0,1.2,,A,"Andrew, Div of CommScope",UHX6-77,G,0.1,27.0516,1.8,,,"FINGAL (31339 FINGAL LINE _ PT LT 20 CON 11), ON",CFB956,010683829-002,Backhaul Network Services Inc.,2016-08-01,False,False,0.0,15.0
TX,7800.0,30.0,27400.0,27M4D7W,4096-QAM,True,1.25|10|30,A,L,B,44.03770278,-77.29330278,91.0,73.0,100.0,11.9556577856682,-0.105531039051608,44.4,0.9,,A,"Andrew, Div of CommScope",HX10-7W-6GF,G,0.1346,28.74205,4.8,,,CROFTON (2591 BEN FILL RD 2) ON,CFD978,010681865-004,Backhaul Network Services Inc.,2022-03-31,False,False,0.0,15.0
TX,7800.0,30.0,27400.0,27M4D7W,1024-QAM,True,1.25|10|30,A,L,B,46.29958333,-83.21980556,245.0,47.0,92.0,126.173819992544,-0.10004826810425,43.5,1.0,,A,"Andrew, Div of CommScope",UHX8-77GD,G,0.0398107170553497,26.0516,1.3,,,Iron Bridge (15 Allen St) ON,CIO939,010031329-004,Backhaul Network Services Inc.,2023-12-04,False,False,0.0,15.0
TX,7800.0,30.0,27400.0,27M4D7W,1024-QAM,True,1.25|10|30,A,L,B,45.48021667,-76.21111389,97.0,45.0,90.0,163.774981270634,0.125344393177208,43.4,1.4,,A,"Andrew, Div of CommScope",HPX8-77,B,0.0794328234724281,25.9516,4.3,,,FITZROY HARBOUR (5171 CANON SMITH DR)  ON,VYB465,010070878-004,Backhaul Network Services Inc.,2022-09-01,False,False,0.0,15.0
TX,7800.0,10.0,10000.0,10M0D7WET,64-QAM,True,1.25|10|30,A,,B,42.92666667,-79.97055556,215.0,63.0,85.0,72.3483450336228,-0.208598257390993,41.0,1.2,,A,Ericsson (Marconi/GEC),ML7/8 1.8M HPX,A,0.251188643150958,30.5516,2.3,,,NELLES CORNERS (CAYUGA SPEEDWAY) ON,VAD499,010098310-002,Rogers Communications Canada Inc.,2015-02-12,False,False,0.0,5.0
TX,7800.0,30.0,27400.0,27M4D7W,1024-QAM,True,1.25|10|30,A,L,B,45.39522222,-74.78416667,80.0,55.2,91.0,36.5924228410147,0.0899012467355274,42.9,1.2,,A,"Andrew, Div of CommScope",HPX8-71W,A,0.1,25.4516,5.3,,,Skye (596 Skye Rd) ON,VEA423,010032077-006,Backhaul Network Services Inc.,2022-07-01,False,False,0.0,15.0
TX,7800.0,30.0,30000.0,30M0D7WET,512-QAM,True,1.25|10|30,A,,B,45.34,-75.57472222,88.0,53.0,61.0,109.51686550934,-0.104045934479606,45.2,1.2,,A,"Andrew, Div of CommScope",UHX10-77GD,A,0.1259,21.25186,12.8,,,OTTAWA (3800 LEITRIM RD) ON,VEA994,010032159-005,Backhaul Network Services Inc.,2018-04-20,False,False,0.0,15.0
TX,7800.0,30.0,27400.0,27M4D7W,4096-QAM,True,1.25|10|30,A,L,B,45.18583333,-74.89583333,109.0,63.5,100.0,345.269455294259,-0.17864268038225,41.0,1.2,,A,Ericsson (Marconi/GEC),ML7/8 1.8M HPX,G,0.1584,26.54915,4.3,,,MONKLAND(HWY 43/ROXBOROUGH GRDNS) ON,VEM624,010031547-004,Backhaul Network Services Inc.,2023-06-25,False,False,0.0,15.0
TX,7800.0,30.0,27400.0,27M4D7W,4096-QAM,True,1.25|10|30,A,L,B,46.28416667,-78.74944444,230.0,109.0,115.0,88.7003985456173,-0.24049386360842,41.0,1.2,,A,"Andrew, Div of CommScope",UHX6-77GE,G,0.331,29.24988,4.8,,,MATTAWA (RICHARDS RD/CHENIER RD) ON,VEL384,010073950-004,Backhaul Network Services Inc.,2022-06-30,False,False,0.0,15.0
TX,7800.0,30.0,27400.0,27M4D7W,4096-QAM,True,1.25|10|30,A,L,B,46.28538889,-81.79786111,304.0,69.0,78.0,72.5606121164815,-0.206443511107257,41.0,1.2,,A,"Andrew, Div of CommScope",UHX6-77GE,G,0.357,29.57828,4.8,,,Espanola (Hwy 17 / Hwy 6) ON,VBE649,010074312-006,Backhaul Network Services Inc.,2022-08-16,False,False,0.0,15.0
TX,7800.0,30.0,27400.0,27M4D7W,4096-QAM,True,1.25|10|30,A,L,B,44.93527778,-79.36361111,268.0,53.7,66.0,247.697751081864,-0.133920203861603,42.9,1.1,,A,"Andrew, Div of CommScope",USX8-7W,G,0.3162,30.95122,4.8,,,GRAVENHURST (205 JONES RD) ON,VEL445,010074283-004,Backhaul Network Services Inc.,2022-03-24,False,False,0.0,15.0
TX,7800.0,30.0,27400.0,27M4D7W,4096-QAM,True,1.25|10|30,A,M,A,42.15611111,-82.80305556,194.0,31.0,49.0,263.352473158631,-0.000904804295262,42.9,1.2,,A,"Andrew, Div of CommScope",HPX8-71W,G,0.078,24.87255,4.8,,,ESSEX (72 GOSFIELD TOWNLINE W) ON,CYF458,010031139-005,Backhaul Network Services Inc.,2022-01-25,False,False,0.0,15.0
TX,7800.0,30.0,27400.0,27M4D7W,1024-QAM,True,1.25|10|30,A,L,B,45.95472222,-81.94888889,296.0,94.0,100.0,237.391027682731,-0.204406041593313,41.0,1.2,,A,"Andrew, Div of CommScope",UHX6-77,B,0.18197,30.6516,0.8,,,Little Current Town (Little Current Tn) ON,CKJ815,010069927-004,Backhaul Network Services Inc.,2020-10-15,False,False,0.0,15.0
TX,7800.0,30.0,30000.0,30M0D7WET,64-QAM,True,1.25|10|30,A,,B,42.76916667,-81.37722222,230.0,53.0,60.0,229.3,-0.13,41.0,1.2,,A,"Andrew, Div of CommScope",UHX6-77,B,0.7943000684950452,35.55145,2.3,,,SOUTHWOLD (35822 FOURTH LINE) ON,VYA743,010079036-003,Rogers Communications Canada Inc.,2015-12-31,False,False,0.0,15.0
TX,7800.0,30.0,27400.0,27M4D7W,1024-QAM,True,1.25|10|30,A,,B,43.97038889,-81.48444444,300.0,73.0,90.0,120.423257939412,0.0549795606687913,41.0,1.2,,A,"Andrew, Div of CommScope",UHX6-77,B,0.06,24.33311,2.3,,,Lucknow (1110 S Kinloss Ave) ON,CIJ792,010072282-005,Backhaul Network Services Inc.,2020-06-01,False,False,0.0,15.0
TX,7800.0,30.0,27400.0,27M4D7W,4096-QAM,True,1.25|10|30,A,L,B,43.62773889,-81.54518889,288.0,75.5,90.0,33.6346789793398,0.0914945705604767,42.9,1.1,,A,"Andrew, Div of CommScope",USX8-7W,G,0.0251188643150958,23.4516,1.3,,,CLINTON (NORTH ST N) ON,VEL940,010072285-004,Backhaul Network Services Inc.,2024-01-05,False,False,0.0,15.0
TX,7800.0,30.0,27400.0,27M4D7W,4096-QAM,True,1.25|10|30,A,L,B,44.62944444,-81.11083333,240.0,65.0,100.0,342.171715328432,-0.10140443860269,41.0,1.2,,A,"Andrew, Div of CommScope",UHX6-77,G,0.19952,27.05146,4.8,,,HEPWORTH (719828 HWY 6) ON,VFE488,010072492-006,Backhaul Network Services Inc.,2022-03-31,False,False,0.0,15.0
TX,7800.0,30.0,27400.0,27M4D7W,1024-QAM,True,1.25|10|30,A,M,A,43.35365833,-80.60568056,366.0,50.0,183.0,87.2370327308289,-0.0482797355054911,41.0,1.2,,A,"Andrew, Div of CommScope",UHX6-77,G,0.125892541179417,21.5516,8.3,,,NEW HAMBURG (2536 BETHEL RD) ON,XKU553,010072233-004,Backhaul Network Services Inc.,2023-06-02,False,False,0.0,15.0
TX,7800.0,30.0,27400.0,27M4D7W,1024-QAM,True,1.25|10|30,A,M,A,43.25291667,-80.47528056,293.0,40.0,90.0,258.834403608616,0.225216821294965,41.0,1.2,,A,"Andrew, Div of CommScope",UHX6-77,G,0.125892541179417,22.5516,7.3,,,BLANHEIM (807697 OXFORD RD 29) ON,VYA636,010072209-004,Backhaul Network Services Inc.,2022-08-01,False,False,0.0,15.0
TX,7800.0,30.0,27400.0,27M4D7W,4096-QAM,True,1.25|10|30,A,L,B,42.01258333,-82.55230556,175.0,51.2,91.0,44.1691213681119,0.0489497470047775,43.5,1.0,,A,"Andrew, Div of CommScope",UHX8-77GD,G,0.123,27.45065,4.8,,,LEAMINGTON (1315 SIDEROAD 12) ON,XJV253,010030951-006,Backhaul Network Services Inc.,2022-03-10,False,False,0.0,15.0
TX,7800.0,30.0,27400.0,27M4D7W,4096-QAM,True,1.25|10|30,A,L,B,42.62833333,-80.47722222,192.0,76.8,91.0,278.422893832403,-0.0797155982096535,41.0,1.2,,A,"Andrew, Div of CommScope",UHX6-77,G,0.5012,31.05171,4.8,,,PORT ROWAN (1029 1ST CONCESSION RD) ON,VEL318,010031551-004,Backhaul Network Services Inc.,2022-03-11,False,False,0.0,15.0
TX,7800.0,30.0,27400.0,27M4D7W,4096-QAM,True,1.25|10|30,A,M,A,43.37655556,-80.13505556,277.0,50.0,80.0,55.2824984811158,0.0311838369654597,41.0,1.2,,A,"Andrew, Div of CommScope",UHX6-77,G,0.1259,25.55186,4.3,,,Valens (Valens Rd) ON,VYA629,010072188-004,Backhaul Network Services Inc.,2021-09-01,False,False,0.0,15.0
TX,7800.0,30.0,30000.0,30M0D7WET,64-QAM,True,1.25|10|30,A,,B,43.91472222,-78.92416667,122.0,27.0,27.0,277.998998093734,0.3847571066131,41.0,1.2,,A,"Andrew, Div of CommScope",UHX6-77,G,1.0,35.0516,3.8,,,WHITBY (120 WALLER) ON,VEM441,010074535-002,Backhaul Network Services Inc.,2014-10-29,False,False,0.0,15.0
TX,7800.0,30.0,27400.0,27M4D7W,4096-QAM,True,1.25|10|30,A,L,B,42.96671389,-81.55793889,239.0,73.0,78.0,359.053170407275,-0.0435746553461683,40.6,1.5,,A,"Andrew, Div of CommScope",USX6-7W,G,0.0630957344480193,25.1516,1.3,,,STRATHROY (8727 WALKERS DR) ON,VBE678,010031383-005,Backhaul Network Services Inc.,2022-07-15,False,False,0.0,15.0
TX,7800.0,30.0,27400.0,27M4D7W,4096-QAM,True,1.25|10|30,A,,B,45.09861111,-79.78305556,241.0,80.0,107.0,287.953467086173,-0.390967463610172,40.6,1.5,,A,"Andrew, Div of CommScope",USX6-7W,G,0.3724,29.3617,4.8,,,MACTIER (6982 HWY 69) ON,VAD469,010069453-004,Backhaul Network Services Inc.,2022-03-31,False,False,0.0,15.0
TX,7800.0,30.0,30000.0,30M0D7WET,64-QAM,True,1.25|10|30,A,L,B,45.33972222,-80.00722222,220.0,89.0,100.0,16.8387446406511,0.0264592676489965,43.5,1.0,,A,"Andrew, Div of CommScope",UHX8-77GD,A,0.25,31.031,4.3,,,PARRY SOUND (5 OASTLER PARK RD) ON,VEM254,010069429-004,Backhaul Network Services Inc.,2020-07-01,False,False,0.0,15.0
TX,7800.0,30.0,27400.0,27M4D7W,4096-QAM,True,1.25|10|30,A,L,B,45.60363056,-79.38696389,341.0,67.0,109.0,292.419976221753,-0.125451326679293,41.0,1.2,,A,"Andrew, Div of CommScope",UHX6-77,G,0.2512,28.0518,4.8,,,BURK'S FALLS (140 TOWER RD) ON,VEM202,010069421-003,Backhaul Network Services Inc.,2022-03-01,False,False,0.0,15.0
TX,7800.0,30.0,27400.0,27M4D7W,4096-QAM,True,1.25|10|30,A,M,A,44.21625,-79.17238333,281.0,51.0,91.0,7.98388242307575,-0.0666554964910294,40.8,1.5,,A,"Andrew, Div of CommScope",HX6-7W,G,0.0371535229097172,23.0516,1.3,,,UXBRIDGE (12680 REGIONAL RD 1) ON,CIN670,010069413-006,Backhaul Network Services Inc.,2025-09-18,False,False,0.0,15.0
TX,7800.0,30.0,27300.0,27M3D7WET,512-QAM,True,1.25|10|30,A,,B,44.72877778,-79.814,207.0,35.0,100.0,288.955231526061,0.39258238625522,41.0,1.2,,A,"Andrew, Div of CommScope",UHX6-77GE,A,0.5012,33.55171,2.3,,,Midland (15765 Hwy 12) ON,VEM274,010069391-004,Backhaul Network Services Inc.,2018-08-01,False,False,0.0,15.0
TX,7800.0,30.0,28000.0,28M0D7WET,256-QAM,True,1.25|10|30,A,,B,46.21805556,-82.56638889,234.0,85.0,108.0,91.7,-0.17,43.5,1.0,,A,"Andrew, Div of CommScope",UHX8-77GD,B,0.5012,35.6516,2.7,,,SPRAGGE (HWY 17 / HWY 18) ON,VBE696,010069329-002,Backhaul Network Services Inc.,2013-10-31,False,False,0.0,15.0
TX,7800.0,30.0,28000.0,28M0D7WET,256-QAM,True,1.25|10|30,A,,B,46.28555556,-81.7975,304.0,35.0,78.0,255.3,-0.205,43.5,1.0,,A,"Andrew, Div of CommScope",UHX8-77GD,A,0.5012,34.65171,3.7,,,ESPANOLA (HWY 17/HWY 6) ON,VBE649,010069327-003,Backhaul Network Services Inc.,2017-03-06,False,False,0.0,15.0
TX,7800.0,30.0,30000.0,30M0D7WET,256-QAM,True,1.25|10|30,A,L,B,46.555,-80.01055556,264.0,90.0,110.0,180.0,-0.173975803988511,43.4,1.4,,A,"Andrew, Div of CommScope",HPX8-77,G,0.07585,29.25116,0.8,,,Field (173 Pike Lake Rd) ON,VYA719,010069110-004,Backhaul Network Services Inc.,2020-10-15,False,False,0.0,15.0
TX,7800.0,30.0,27400.0,27M4D7W,4096-QAM,True,1.25|10|30,A,L,B,42.84349722,-80.66960833,241.0,53.0,91.0,5.98091824379182,0.065471562322441,42.9,1.1,,A,"Andrew, Div of CommScope",USX8-7W,G,0.24946,29.92161,4.8,,,TILLSONBURG (889 GOSHEN RD) ON,XKX937,010068782-004,Rogers Communications Canada Inc.,2022-03-31,False,False,0.0,15.0
TX,7800.0,30.0,27400.0,27M4D7W,4096-QAM,True,1.25|10|30,A,L,B,45.49421944,-76.673725,171.0,57.5,90.0,47.0814186308644,-0.0631398418672445,41.0,1.2,,A,"Andrew, Div of CommScope",UHX6-77GE,G,0.0794328234724281,26.5516,1.3,,,RENFREW (1025 BRUCE ST) ON,VEL991,010042967-005,Backhaul Network Services Inc.,2024-09-18,False,False,0.0,15.0
TX,7800.0,30.0,30000.0,30M0D7WET,64-QAM,True,1.25|10|30,A,,B,44.35944444,-80.69916667,436.0,58.0,127.0,24.8,-0.081,41.0,1.2,,A,"Andrew, Div of CommScope",UHX6-77,G,1.0,35.0516,3.8,,,BERKELEY (SDRD 70/HWY 10) ON,XJV257,010033631-002,Backhaul Network Services Inc.,2014-04-01,False,False,0.0,15.0
TX,7800.0,30.0,27400.0,27M4D7W,4096-QAM,True,1.25|10|30,A,L,B,45.57083611,-82.01555556,181.0,70.0,100.0,7.24440638259015,0.287292137760585,41.0,1.2,,A,"Andrew, Div of CommScope",UHX6-77,G,0.19952,27.05146,4.8,,,"WIKWMIKONG (ON-6, ON P0P 2J0) ON",CKJ811,010033599-006,Backhaul Network Services Inc.,2022-03-31,False,False,0.0,15.0
TX,7800.0,30.0,27400.0,27M4D7W,4096-QAM,True,1.25|10|30,A,L,B,44.07119444,-80.80038889,402.0,54.0,100.0,200.44406056823,-0.0669589280528291,42.9,1.1,,A,"Andrew, Div of CommScope",USX8-7W,G,0.0251188643150958,23.4516,1.3,,,Orchardville (312218 Hwy 6) ON,CKT817,010033587-004,Backhaul Network Services Inc.,2023-09-08,False,False,0.0,15.0
TX,7800.0,30.0,27400.0,27M4D7W,4096-QAM,True,1.25|10|30,A,L,B,44.61305556,-75.94916667,105.0,89.0,100.0,97.3083534713333,-0.111425500056885,42.9,1.1,,A,"Andrew, Div of CommScope",HX8-7W,G,0.141,27.44379,4.8,,,ATHENS (CHARLESTON RD) ON,CHL775,010033511-005,Backhaul Network Services Inc.,2022-02-14,False,False,0.0,15.0
TX,7800.0,30.0,27400.0,27M4D7W,1024-QAM,True,1.25|10|30,A,L,B,45.71388889,-80.01805556,243.0,94.0,122.0,158.560588676666,-0.0294502749138707,44.9,1.0,,A,"Andrew, Div of CommScope",HPX10-71W,B,0.12274,32.84146,0.8,,,Wahwashkesh (Wah-Wash-Kesh Rd / Eli Lane) ON,VFF926,010033267-003,Backhaul Network Services Inc.,2020-12-17,False,False,0.0,15.0
TX,7800.0,30.0,27400.0,27M4D7W,4096-QAM,True,1.25|10|30,A,L,B,43.34525,-81.11430556,343.0,53.0,112.0,289.088804460639,-0.0633140119471342,40.6,1.5,,A,"Andrew, Div of CommScope",USX6-7W,G,0.315,28.63471,4.8,,,Avonton (4736 Perth Line 20) ON,XKX950,010033231-003,Backhaul Network Services Inc.,2022-03-01,False,False,0.0,15.0
TX,7800.0,30.0,27400.0,27M4D7W,4096-QAM,True,1.25|10|30,A,L,B,42.72984722,-81.71005278,220.0,76.0,97.0,53.7,-0.07,41.0,1.2,,A,"Andrew, Div of CommScope",UHX6-77,G,0.2512,28.0518,4.8,,,GLENCOE (3438 CENTREVILLE DR) ON,CJL850,010033157-003,Backhaul Network Services Inc.,2022-03-28,False,False,0.0,15.0
TX,7800.0,30.0,27400.0,27M4D7W,4096-QAM,True,1.25|10|30,A,L,B,44.23072222,-80.28958333,518.0,46.0,66.0,138.254459926962,-0.126300599987421,42.9,1.2,,A,"Andrew, Div of CommScope",HPX8-71W,G,0.186,28.64673,4.8,,,Shrigley (240 Sdrd / 10th Line NE) ON,XJV217,010033147-005,Backhaul Network Services Inc.,2022-03-30,False,False,0.0,15.0
TX,7800.0,30.0,27400.0,27M4D7W,1024-QAM,True,1.25|10|30,A,L,B,43.18596389,-80.781525,321.0,60.0,90.0,335.289163578764,0.0317177500981695,41.0,1.2,,A,"Andrew, Div of CommScope",UHX6-77GE,A,0.0794328234724281,24.5516,3.3,,,WILLOW LAKE (595638 HWY 59) ON,VEL442,010033123-003,Backhaul Network Services Inc.,2022-12-13,False,False,0.0,15.0
TX,7800.0,30.0,30000.0,30M0D7WET,128-QAM,True,1.25|10|30,A,,B,42.97944444,-82.22666667,192.0,50.0,80.0,246.0,0.016,41.0,1.2,,A,Ericsson (Marconi/GEC),ML7/8 1.8M HPX,A,0.3981,31.1516,3.7,,,MANDAUMIN (3073 LONDON LINE) ON,CJL745,010033031-001,Rogers Communications Canada Inc.,2010-10-01,False,False,0.0,15.0
TX,7800.0,30.0,27400.0,27M4D7W,4096-QAM,True,1.25|10|30,A,L,B,42.34469722,-81.84338333,177.0,58.0,75.0,350.161918596624,0.235744732591506,40.6,1.5,,A,"Andrew, Div of CommScope",USX6-7W,G,0.1259,24.65186,4.8,,,MORPETH (18331 KENT BRIDGE RD) ON,CIN272,010032947-005,Backhaul Network Services Inc.,2022-03-01,False,False,0.0,15.0
TX,7800.0,30.0,27400.0,27M4D7W,4096-QAM,True,1.25|10|30,A,L,B,44.90086111,-81.18658333,214.0,73.5,100.0,174.874114815215,-0.0124710697574811,41.0,1.2,,A,"Andrew, Div of CommScope",UHX6-77,G,0.2512,28.0518,4.8,,,WIARTON (126 CAMERON RD) ON,CFW586,010032739-006,Backhaul Network Services Inc.,2022-04-01,False,False,0.0,15.0
TX,7800.0,30.0,27400.0,27M4D7W,4096-QAM,True,1.25|10|30,A,L,B,44.13066667,-81.12311111,315.0,54.5,91.0,76.4137444344084,-0.0217681447725568,42.9,1.1,,A,"Andrew, Div of CommScope",HX8-7W,G,0.0318419752172612,24.4816,1.3,,,Walkerton (51 Sdrd 15) ON,VAD489,010032509-006,Backhaul Network Services Inc.,2023-12-15,False,False,0.0,15.0
TX,7800.0,30.0,27400.0,27M4D7W,4096-QAM,True,1.25|10|30,A,L,B,44.15286389,-78.43746944,259.0,19.0,20.0,30.8140896255944,-0.1956686517961,40.6,1.5,,A,"Andrew, Div of CommScope",USX6-7W,G,0.29,28.27558,4.8,,,MILLBROOK (75 KING ST E) ON,CHX765,010032427-004,Backhaul Network Services Inc.,2022-02-01,False,False,0.0,15.0
TX,7800.0,30.0,27400.0,27M4D7W,4096-QAM,True,1.25|10|30,A,L,B,43.96476944,-80.71829167,430.0,58.83,107.0,63.8249444557572,0.232314193078881,42.9,1.2,,A,"Andrew, Div of CommScope",HPX8-71W,G,0.0158489319246111,21.4516,1.3,,,MOUNT FOREST (7090 SIDERD 2 E) ON,VAD445,010032391-006,Backhaul Network Services Inc.,2025-06-01,False,False,0.0,15.0
TX,7800.0,30.0,30000.0,30M0D7WET,64-QAM,True,1.25|10|30,A,,B,42.7125,-82.46638889,180.0,62.0,65.0,92.2739400539483,0.0812793504043425,40.7,1.6,,A,"Andrew, Div of CommScope",HPX6-77,A,0.01584893192461113,19.6516,0.9,,,WINDSOR (SOMBRA) ON,CHL787,010032331-004,Backhaul Network Services Inc.,2017-01-26,False,False,0.0,15.0
TX,7800.0,30.0,27400.0,27M4D7W,4096-QAM,True,1.25|10|30,A,L,B,46.17222222,-77.78722222,166.0,117.0,129.0,107.105754748162,0.0366449652459668,43.4,1.4,,A,"Andrew, Div of CommScope",HPX8-77,G,0.1,26.4516,4.8,,,MACKEY (38589 HWY 17) ON,VEL386,010032285-005,Backhaul Network Services Inc.,2022-03-25,False,False,0.0,15.0
TX,7800.0,30.0,30000.0,30M0D7WET,64-QAM,True,1.25|10|30,A,,B,42.32472222,-82.24083333,178.0,40.0,80.0,245.569958352226,-0.0281784220399265,41.0,1.2,,A,"Andrew, Div of CommScope",UHX6-77,A,0.1995,30.05103,1.8,,,CHATHAM-KENT (22525 AD SHADD RD) ON,VEL487,010032261-003,Backhaul Network Services Inc.,2017-07-12,False,False,0.0,15.0
TX,7800.0,30.0,27400.0,27M4D7W,4096-QAM,True,1.25|10|30,A,,B,45.29916667,-75.12416667,63.0,65.0,100.0,260.389667980774,-0.0780357688667034,40.6,1.5,,A,"Andrew, Div of CommScope",USX6-7W,G,0.2512,27.6518,4.8,,,CASSELMAN (1079 RAINVILLE RD) ON,VEL468,010032253-005,Backhaul Network Services Inc.,2022-02-01,False,False,0.0,15.0
TX,7800.0,30.0,30000.0,30M0D7W,1024-QAM,True,1.25|10|30,A,L,B,43.08916667,-81.97138889,221.0,52.0,95.0,125.115616478107,0.0236683733401524,43.5,1.0,,A,"Andrew, Div of CommScope",UHX8-77GD,G,0.158489,28.55159,4.8,,,FOREST (7601 ELARTON ROAD) ON,VEL346,010032219-005,Backhaul Network Services Inc.,2021-11-28,False,False,0.0,15.0
TX,7800.0,30.0,27400.0,27M4D7W,4096-QAM,True,1.25|10|30,A,M,A,43.51399167,-80.55281667,340.0,45.11,50.0,275.234915605994,0.223419984339821,41.0,1.2,,A,"Andrew, Div of CommScope",UHX6-77,G,0.1995,27.05103,4.8,,,WATERLOO (820 KING ST N) ON,VEA982,010032149-004,Backhaul Network Services Inc.,2022-03-31,False,False,0.0,15.0
TX,7800.0,30.0,27400.0,27M4D7W,4096-QAM,True,1.25|10|30,A,L,B,45.39527778,-74.78416667,80.0,60.0,91.0,231.365049677538,-0.118636043881329,42.9,1.2,,A,"Andrew, Div of CommScope",HPX8-71W,G,0.1584,28.44915,4.3,,,DUNVEGAN (596 SKYE RD) ON,VEA423,010032079-004,Backhaul Network Services Inc.,2023-06-25,False,False,0.0,15.0
TX,7800.0,30.0,27400.0,27M4D7W,4096-QAM,True,1.25|10|30,A,M,A,44.40419444,-79.70716667,287.0,46.0,46.0,7.20222996774446,0.204331703865557,41.0,1.2,,A,"Andrew, Div of CommScope",UHX6-77,G,0.19953,27.05168,4.8,,,Barrie (2 Kozlov St) ON,VDS234,010032075-006,Backhaul Network Services Inc.,2022-02-01,False,False,0.0,15.0
TX,7800.0,30.0,27400.0,27M4D7W,4096-QAM,True,1.25|10|30,A,L,B,42.59963889,-82.41511111,176.0,34.5,45.0,103.725875719602,0.0198641524462516,42.9,1.1,,A,"Andrew, Div of CommScope",USX8-7W,G,0.1585,27.95189,4.8,,,WALLACEBURG (29452 RUNNING CRK) ON,CYF451,010031979-005,Backhaul Network Services Inc.,2022-03-15,False,False,0.0,15.0
TX,7800.0,30.0,27400.0,27M4D7W,4096-QAM,True,1.25|10|30,A,L,B,45.01977222,-74.962425,81.0,47.0,60.0,237.499223710443,0.0770840030619013,43.5,1.0,,A,"Andrew, Div of CommScope",UHX8-77GD,G,0.1,26.5516,4.8,,,INGLESIDE (5400 SHAVER RD) ON,VDE895,010031879-004,Backhaul Network Services Inc.,2022-04-01,False,False,0.0,15.0
TX,7800.0,30.0,30000.0,30M0D7WET,128-QAM,True,1.25|10|30,A,,B,43.2375,-79.87638889,203.0,46.0,48.0,3.5,0.271,43.4,1.4,,A,"Andrew, Div of CommScope",HPX8-77,A,0.1995,22.0516,12.2,,,HAMILTON (33 FENNELL AVE E) ON,VBE671,010031831-001,Rogers Communications Canada Inc.,2010-08-27,False,False,0.0,15.0
TX,7800.0,30.0,30000.0,30M0D7WET,256-QAM,True,1.25|10|30,A,,B,44.14833333,-79.86,220.0,43.0,49.0,253.1,0.813,41.0,1.2,,A,"Andrew, Div of CommScope",UHX6-77,A,0.1259,27.5516,2.3,,,ALLISTON (139 PARSONS RD) ON,VBE648,010031803-001,Rogers Communications Canada Inc.,2014-04-01,False,False,0.0,15.0
TX,7800.0,30.0,27400.0,27M4D7W,4096-QAM,True,1.25|10|30,A,,B,44.85,-76.36916667,155.0,102.5,122.0,177.001053351992,-0.0886553088410614,43.5,1.0,,A,"Andrew, Div of CommScope",UHX8-77GD,G,0.153,28.39851,4.8,,,PERTH (E/O CAMERON SIDE RD) ON,XJV299,010031779-005,Backhaul Network Services Inc.,2022-02-18,False,False,0.0,15.0
TX,7800.0,30.0,27400.0,27M4D7W,1024-QAM,True,1.25|10|30,A,L,B,44.55283611,-78.42199722,290.0,85.0,107.0,79.1081498024881,-0.122462113179154,41.0,1.2,,A,"Andrew, Div of CommScope",UHX6-77,G,0.630957344480193,32.5516,4.3,,,LAKEHURST (1124 ADAMS CUMMINS RD) ON,VAD474,010031741-006,Backhaul Network Services Inc.,2022-09-01,False,False,0.0,15.0
TX,7800.0,30.0,27400.0,27M4D7W,4096-QAM,True,1.25|10|30,A,L,B,44.31413889,-79.01522222,290.0,72.3,91.0,160.703188554149,-0.159476700899459,43.5,1.0,,A,"Andrew, Div of CommScope",UHX8-77GD,G,0.19275,29.40154,4.8,,,Manilla (2102 Concession 9 Brock) ON,XKU559,010031733-003,Backhaul Network Services Inc.,2022-02-01,False,False,0.0,15.0
TX,7800.0,30.0,27400.0,27M4D7W,1024-QAM,True,1.25|10|30,A,L,B,45.7145,-77.00805833,182.0,75.5,92.0,138.363430424228,-0.11553658747845,44.9,1.0,,A,"Andrew, Div of CommScope",HPX10-71W,A,0.0794328234724281,30.4516,1.3,,,MEATH (SNAKE RIVER/SUTHERLAND) ON,VAD403,010031671-008,Backhaul Network Services Inc.,2022-10-21,False,False,0.0,15.0
TX,7800.0,30.0,27400.0,27M4D7W,4096-QAM,True,1.25|10|30,A,L,B,45.71458333,-77.00833333,182.0,53.0,92.0,315.82275212246,-0.177434077593049,42.9,1.1,,A,"Andrew, Div of CommScope",USX8-7W,G,0.118,26.67042,4.8,,,MEATH (SNAKE RIVER/SUTHERLAND) ON,VAD403,010031669-006,Backhaul Network Services Inc.,2022-02-14,False,False,0.0,15.0
TX,7800.0,10.0,10000.0,10M0D7WET,64-QAM,True,1.25|10|30,A,,B,49.77916667,-94.45638889,366.0,95.0,107.0,250.3,-0.056,43.5,1.0,,A,"Andrew, Div of CommScope",UHX8-77GD,A,0.7943,39.9516,0.4,,,KENORA (VALLEY DR / GUNNE CRES) ON,XJV260,010031657-001,Rogers Communications Canada Inc.,2010-12-15,False,False,0.0,5.0
TX,7800.0,30.0,27400.0,27M4D7W,4096-QAM,True,1.25|10|30,A,L,B,43.01455556,-81.00597222,271.0,79.0,91.0,242.077231932552,-0.176967329692682,40.6,1.5,,A,"Andrew, Div of CommScope",USX6-7W,G,0.335,28.90205,4.8,,,Ingersoll (Hunt Rd / Marion St) ON,XJV294,010031651-004,Backhaul Network Services Inc.,2022-02-10,False,False,0.0,15.0
TX,7800.0,10.0,10000.0,10M0D7WET,64-QAM,True,1.25|10|30,A,,B,44.28833333,-78.59527778,315.0,53.0,91.0,5.36882924235118,-0.194211524538924,43.5,1.0,,A,"Andrew, Div of CommScope",UHX8-77GD,A,0.1995,31.95103,2.4,,,OMEMEE (3632 HWY 7) ON,VAD425,010031633-002,Rogers Communications Canada Inc.,2015-01-13,False,False,0.0,5.0
TX,7800.0,30.0,30000.0,30M0D7WET,64-QAM,True,1.25|10|30,A,,B,44.115,-76.92666667,92.0,40.0,100.0,52.1131672459556,0.0725290033510224,43.5,1.0,,A,"Andrew, Div of CommScope",UHX8-77GD,A,0.01258925411794167,17.9516,4.4,,,CONWAY (8743 HWY 33) ON,CFW977,010031609-003,Rogers Communications Canada Inc.,2017-01-26,False,False,0.0,15.0
TX,7800.0,30.0,30000.0,30M0D7WET,256-QAM,True,1.25|10|30,A,L,B,48.54722222,-80.9525,289.0,77.0,200.0,252.916852434808,-0.0434617900081443,43.4,1.4,,A,"Andrew, Div of CommScope",HPX8-77,A,0.0398107170553497,26.3516,0.9,,,CONNAUGHT (4410 HWY 101) ON,VEM868,010031575-005,Backhaul Network Services Inc.,2021-01-15,False,False,0.0,15.0
TX,7800.0,30.0,27400.0,27M4D7W,4096-QAM,True,1.25|10|30,A,L,B,42.72194444,-81.14916667,252.0,68.5,79.0,102.57659645515,-0.198746109559286,43.5,1.0,,A,"Andrew, Div of CommScope",UHX8-77GD,G,0.5012,33.55171,4.8,,,ST THOMAS (6923 CENTENNIAL RD) ON,XKX938,010031553-003,Backhaul Network Services Inc.,2022-03-11,False,False,0.0,15.0
TX,7800.0,30.0,27400.0,27M4D7W,4096-QAM,True,1.25|10|30,A,L,B,44.28741667,-81.26630556,244.0,52.1,100.0,89.6305485202388,0.099384029569825,41.0,1.2,,A,"Andrew, Div of CommScope",UHX6-77,G,0.0501187233627272,24.5516,1.3,,,Paisley (Bruce Rd 3 / CR-2A) ON,VEL679,010031419-006,Backhaul Network Services Inc.,2023-08-22,False,False,0.0,15.0
TX,7800.0,30.0,27400.0,27M4D7W,4096-QAM,True,1.25|10|30,A,,B,45.53830556,-74.97086111,77.0,70.0,100.0,241.125435037575,-0.113640099787565,43.5,1.0,,A,"Andrew, Div of CommScope",UHX8-77GD,G,0.0998,26.54291,4.8,,,Plantagenet (430 Conc Rd 5) ON,CIO462,010031395-004,Backhaul Network Services Inc.,2022-03-31,False,False,0.0,15.0
TX,7800.0,30.0,27400.0,27M4D7W,4096-QAM,True,1.25|10|30,A,L,B,43.72619444,-81.25902778,345.0,69.5,100.0,217.033371374577,-0.116609492904273,42.9,1.1,,A,"Andrew, Div of CommScope",USX8-7W-6GF,G,0.0230674718872007,23.0816,1.3,,,BRUSSELS (42655 CRANBROOK RD) ON,VFE310,010031355-006,Backhaul Network Services Inc.,2023-02-03,False,False,0.0,15.0
TX,7800.0,30.0,27300.0,27M3D7WET,512-QAM,True,1.25|10|30,A,L,B,45.20115833,-76.03811667,135.0,59.0,80.0,328.817815082623,-0.0752242863512084,41.0,1.2,,A,"Andrew, Div of CommScope",UHX6-77,A,0.0251188643150958,21.5516,1.3,,,ASHTON (1444 DWYER HILL RD) ON,VFE298,010031349-005,Backhaul Network Services Inc.,2022-09-01,False,False,0.0,15.0
TX,7800.0,30.0,27400.0,27M4D7W,4096-QAM,True,1.25|10|30,A,L,B,42.54711111,-81.97419444,187.0,55.0,100.0,194.69789466274,-0.0117279668340444,42.9,1.1,,A,"Andrew, Div of CommScope",USX8-7W,G,0.12589,26.95151,4.8,,,Thamesville (1 Victoria Rd) ON,CIO669,010031335-004,Backhaul Network Services Inc.,2022-03-15,False,False,0.0,15.0
TX,7800.0,30.0,27400.0,27M4D7W,4096-QAM,True,1.25|10|30,A,,B,43.985,-77.44416667,94.0,72.0,90.0,105.055201732856,-0.038358638301418,42.9,1.1,,A,"Andrew, Div of CommScope",USX8-7W,G,0.147,27.62477,4.8,,,HILLIER (113 LITTLE CREEK RD) ON,VBE667,010031255-005,Backhaul Network Services Inc.,2022-02-18,False,False,0.0,15.0
TX,7800.0,30.0,27400.0,27M4D7W,1024-QAM,True,1.25|10|30,A,L,B,43.97038889,-81.48444444,300.0,75.0,90.0,319.589916604447,-0.331875778655092,41.0,1.2,,A,Ericsson (Marconi/GEC),ML7/8 1.8M HPX,A,0.05,23.5413,2.3,,,Lucknow (1110 S Kinloss Ave) ON,CIJ792,010031227-005,Backhaul Network Services Inc.,2020-06-01,False,False,0.0,15.0
TX,7800.0,30.0,27400.0,27M4D7W,4096-QAM,True,1.25|10|30,A,L,B,43.21662778,-81.44132222,290.0,75.0,80.0,44.8,0.018,42.9,1.1,,A,"Andrew, Div of CommScope",USX8-7W,G,0.0251188643150958,23.4516,1.3,,,LUCAN (MCGILLVRAY  RICHMOND ST) ON,CKO264,010031181-004,Backhaul Network Services Inc.,2024-04-26,False,False,0.0,15.0
TX,7800.0,10.0,10000.0,10M0D7WET,64-QAM,True,1.25|10|30,A,,B,43.59722222,-80.28522222,359.0,50.0,108.0,74.0458573880252,0.0601154943002491,41.0,1.2,,A,"Andrew, Div of CommScope",UHX6-77,A,0.199526231496888,25.5516,6.3,,,GUELPH (5559 WELLINGTON RD 38) ON,XKU588,010031111-004,Rogers Communications Canada Inc.,2016-08-09,False,False,0.0,5.0
TX,7800.0,10.0,10000.0,10M0D7WET,64-QAM,True,1.25|10|30,A,,B,42.78166667,-80.2425,204.0,46.0,100.0,41.3265772030518,-0.0171749748900127,42.9,1.2,,A,"Andrew, Div of CommScope",HPX8-71W,A,0.398107170553497,26.9516,9.8,,,PORT DOVER (RADICAL RD/BLUELINE) ON,VEA983,010030973-002,Rogers Communications Canada Inc.,2014-12-30,False,False,0.0,5.0
TX,7800.0,30.0,27400.0,27M4D7W,4096-QAM,True,1.25|10|30,A,L,B,43.98911389,-78.125,160.0,58.0,91.0,76.8597615960752,0.139284799082131,41.0,1.2,,A,"Andrew, Div of CommScope",UHX6-77GE,G,0.501187233627272,31.0516,4.8,,,Cobourg (Hill 60 Rd) ON,XKU590,010030835-006,Backhaul Network Services Inc.,2025-09-02,False,False,0.0,15.0
TX,7800.0,30.0,27400.0,27M4D7W,4096-QAM,True,1.25|10|30,A,L,B,42.25555556,-82.54444444,183.0,48.0,65.0,214.873452651262,0.051557715294668,41.0,1.2,,A,"Andrew, Div of CommScope",UHX6-77,G,0.2512,28.5518,4.3,,,HAYCROFT (5TH CONC/COMBER SDRD) ON,XKU581,010030783-007,Backhaul Network Services Inc.,2021-09-01,False,False,0.0,15.0
TX,7797.5,5.0,5000.0,5M00D7WET,128-QAM,True,1.25|5,A,,B,43.91555556,-78.55888889,130.0,52.0,60.0,262.8,-0.115,41.0,1.2,,A,"Andrew, Div of CommScope",UHX6-77,A,0.1995,30.0516,1.8,,,NEWCASTLE (STEPHENSON RD /  401) ON,VEA922,010032121-001,Rogers Communications Canada Inc.,2013-04-01,False,False,0.0,0.0
TX,7795.0,20.0,20000.0,20M0D7WET,64-QAM,True,1.25|20,A,,B,46.66869444,-79.91922222,302.0,88.0,110.0,117.660786111001,0.0228987375800842,43.4,1.4,,A,"Andrew, Div of CommScope",HPX8-77,A,1.0,30.4516,10.8,,,Loon Bay (Hwy 64) ON,VYA816,010069925-003,Backhaul Network Services Inc.,2017-01-27,False,False,0.0,5.0
TX,7775.0,20.0,20000.0,20M0D7WET,64-QAM,True,1.25|20,A,,B,46.66869444,-79.91922222,302.0,88.0,110.0,117.660786111001,0.0228987375800842,43.4,1.4,,A,"Andrew, Div of CommScope",HPX8-77,B,1.0,30.4516,10.8,,,Loon Bay (Hwy 64) ON,VYA816,010069925-003,Backhaul Network Services Inc.,2017-01-27,False,False,0.0,0.0
TX,7770.0,30.0,27400.0,27M4D7W,4096-QAM,True,1.25|10|30,A,L,B,45.03977778,-78.34333333,441.0,43.0,60.0,191.774185090456,-0.181594301894729,40.6,1.5,,A,"Andrew, Div of CommScope",USX6-7W,G,0.0794328234724281,26.1516,1.3,,,Essonville (1344 Wenona Lake Rd) ON,CIZ585,011121074-001,Backhaul Network Services Inc.,2026-06-01,False,False,0.0,0.0
TX,7770.0,30.0,27400.0,27M4D7W,4096-QAM,True,1.25|10|30,A,L,B,45.16180556,-77.78297222,429.0,77.0,90.0,88.6206593062579,-0.283083415949908,42.9,1.1,,A,"Andrew, Div of CommScope",USX8-7W,G,0.0398107170553497,25.4516,1.3,,,Peterborough (57 Mcdonald Mine Rd) ON,CIZ674,011119474-001,Backhaul Network Services Inc.,2026-05-21,False,False,0.0,0.0
TX,7770.0,30.0,27400.0,27M4D7W,4096-QAM,True,1.25|10|30,A,L,B,44.74791667,-78.08433333,325.0,67.0,90.0,75.1601627228842,0.0101537883549425,42.9,1.1,,A,"Andrew, Div of CommScope",USX8-7W,G,0.0501187233627272,26.4516,1.3,,,APSLEY (156 JACK LAKE RD) ON,CIZ575,011121071-001,Backhaul Network Services Inc.,2026-05-20,False,False,0.0,0.0
TX,7770.0,30.0,27400.0,27M4D7W,4096-QAM,True,1.25|10|30,A,L,B,45.06415833,-77.76741944,357.0,56.0,90.0,28.1470016194456,0.0780894657735152,42.9,1.1,,A,"Andrew, Div of CommScope",USX8-7W,G,0.0398107170553497,25.4516,1.3,,,Bancroft (32080 Hwy 28) ON,CHD456,011120883-001,Backhaul Network Services Inc.,2026-03-07,False,False,0.0,0.0
TX,7770.0,30.0,27400.0,27M4D7W,4096-QAM,True,1.25|10|30,A,L,B,45.21679167,-77.43836111,361.0,80.0,90.0,4.34464115388867,0.094143593530589,42.9,1.1,,A,"Andrew, Div of CommScope",USX8-7W,G,0.0251188643150958,23.4516,1.3,,,PALMER RAPIDS (109 SCHUTT RD) ON,CIX744,011120519-001,Backhaul Network Services Inc.,2026-02-27,False,False,0.0,0.0
TX,7770.0,30.0,27400.0,27M4D7W,4096-QAM,True,1.25|10|30,A,L,B,45.06140833,-77.19843333,423.0,70.0,273.0,179.859505868007,-0.37908136253996,42.9,1.1,,A,"Andrew, Div of CommScope",USX8-7W,G,0.125892541179417,30.4516,1.3,,,DENBIGH (302 TOWER ROAD) ON,CIV851,011109714-002,Backhaul Network Services Inc.,2025-12-31,False,False,0.0,0.0
TX,7770.0,30.0,27400.0,27M4D7W,4096-QAM,True,1.25|10|30,A,L,B,45.57372222,-77.650225,302.0,80.0,90.0,95.969167576802,-0.42239582558979,42.9,1.1,,A,"Andrew, Div of CommScope",USX8-7W,G,0.125892541179417,30.4516,1.3,,,BARRYS BAY (126 ETMANSKI RD) ON,CIW857,011077478-002,Backhaul Network Services Inc.,2025-12-19,False,False,0.0,0.0
TX,7770.0,30.0,27400.0,27M4D7W,4096-QAM,True,1.25|10|30,A,L,B,48.405925,-81.52725,303.0,55.0,90.0,67.1423505150117,-0.0754600286194011,42.9,1.1,,A,"Andrew, Div of CommScope",USX8-7W,G,0.076383578357769,28.2816,1.3,,,Timmins (8020 Hwy 101 W) ON,CIV982,011105068-002,Backhaul Network Services Inc.,2025-11-21,False,False,0.0,0.0
TX,7770.0,30.0,27400.0,27M4D7W,4096-QAM,True,1.25|10|30,A,L,B,43.91638889,-76.98988889,81.0,53.0,60.0,278.850796867192,0.0809565082056559,42.9,1.1,,A,"Andrew, Div of CommScope",USX8-7W,G,0.0398107170553497,25.4516,1.3,,,South Bay (761 Babylon Rd) ON,CIV705,011105571-002,Backhaul Network Services Inc.,2026-01-07,False,False,0.0,0.0
TX,7770.0,30.0,27400.0,27M4D7W,4096-QAM,True,1.25|10|30,A,L,B,45.23878056,-77.2135,332.0,100.2,120.0,329.430347592934,0.292783845800788,40.6,1.5,,A,"Andrew, Div of CommScope",USX6-7W,G,0.125892541179417,28.1516,1.3,,,GRIFFITH (25185 HWY 41) ON,CIV590,011089983-002,Backhaul Network Services Inc.,2025-10-21,False,False,0.0,0.0
TX,7770.0,30.0,27400.0,27M4D7W,4096-QAM,True,1.25|10|30,A,L,B,43.87408056,-81.12316944,346.0,58.0,65.0,280.508164916852,-0.0716667590304283,40.6,1.5,,A,"Andrew, Div of CommScope",USX6-7W,G,0.0630957344480193,25.1516,1.3,,,Gorrie (43844 Harriston Rd) ON,CHV289,011098528-002,Backhaul Network Services Inc.,2025-08-28,False,False,0.0,0.0
TX,7770.0,30.0,27400.0,27M4D7W,4096-QAM,True,1.25|10|30,A,L,B,45.43227778,-77.77927778,413.0,80.0,89.6,223.864417445857,0.195911991781952,40.6,1.5,,A,"Andrew, Div of CommScope",USX6-7W,G,0.0794328234724281,26.1516,1.3,,,"BARRY'S BAY(60 KUBESHESKI RD),ON",CHR577,011094091-002,Backhaul Network Services Inc.,2025-08-13,False,False,0.0,0.0
TX,7770.0,30.0,27400.0,27M4D7W,4096-QAM,True,1.25|10|30,A,L,B,43.96476944,-80.71829167,430.0,58.83,107.0,63.8249444557572,0.232314193078881,42.9,1.2,,A,"Andrew, Div of CommScope",HPX8-71W,G,0.0158489319246111,21.4516,1.3,,,MOUNT FOREST (7090 SIDERD 2 E) ON,VAD445,010032391-006,Backhaul Network Services Inc.,2025-06-01,False,False,0.0,0.0
TX,7770.0,30.0,27400.0,27M4D7W,4096-QAM,True,1.25|10|30,A,L,B,45.04402222,-77.88183889,395.0,65.3,92.0,249.179228057434,0.0777087627889672,42.9,1.1,,A,"Andrew, Div of CommScope",USX8-7W,G,0.0630957344480193,27.3516,1.4,,,Bancroft (192 Reid Rd) ON,VBE669,010031825-007,Backhaul Network Services Inc.,2025-06-01,False,False,0.0,0.0
TX,7770.0,30.0,27400.0,27M4D7W,4096-QAM,True,1.25|10|30,A,L,B,44.54894444,-80.96108333,254.0,82.0,91.4,150.055254435651,0.181858813680325,42.9,1.1,,A,"Andrew, Div of CommScope",USX8-7W,G,0.0653130552647472,27.6016,1.3,,,Owen Sound (218136 Concession 3) ON,CHI465,011078204-002,Backhaul Network Services Inc.,2025-03-24,False,False,0.0,0.0
TX,7770.0,30.0,27400.0,27M4D7W,4096-QAM,True,1.25|10|30,A,L,B,45.14580556,-76.37375,210.0,75.0,90.0,52.8979953645543,-0.35214664742919,40.6,1.5,,A,"Andrew, Div of CommScope",USX6-7W,G,0.0794328234724281,26.1516,1.3,,,LANARK HIGHLANDS (1101 GALBRAITH RD) ON,CHY965,011078197-002,Backhaul Network Services Inc.,2025-04-03,False,False,0.0,0.0
TX,7770.0,30.0,27400.0,27M4D7W,4096-QAM,True,1.25|10|30,A,L,B,45.71127778,-76.74544444,138.0,80.5,90.0,191.510320383794,0.0740152729410159,40.6,1.5,,A,"Andrew, Div of CommScope",USX6-7W,G,0.125892541179417,28.1516,1.3,,,"GRANTS SETTLEMENT (SETTLEMENT RD., JUST NORTH OF MCCOY RD) ON",CHY782,011075276-002,Backhaul Network Services Inc.,2025-02-28,False,False,0.0,0.0
TX,7770.0,30.0,27400.0,27M4D7W,4096-QAM,True,1.25|10|30,A,L,B,45.23894167,-78.40981667,435.0,80.0,91.0,207.378983055311,-0.153164902627364,40.6,1.5,,A,"Andrew, Div of CommScope",USX6-7W,G,0.125892541179417,28.1516,1.3,,,FORT IRWIN (6415 HALIBURTON LAKE RD) ON,CHY733,011075294-002,Backhaul Network Services Inc.,2025-02-07,False,False,0.0,0.0
TX,7770.0,30.0,27400.0,27M4D7W,4096-QAM,True,1.25|10|30,A,L,B,44.44511667,-78.23970833,261.0,75.0,85.0,356.230853984715,-0.0821128960610591,40.6,1.5,,A,"Andrew, Div of CommScope",USX6-7W,G,0.0630957344480193,25.1516,1.3,,,LAKEFIELD (1511 5TH  CONCESSION LOT 19) ON,VYA879,011074839-002,Backhaul Network Services Inc.,2025-02-04,False,False,0.0,0.0
TX,7770.0,30.0,27400.0,27M4D7W,4096-QAM,True,1.25|10|30,A,L,B,45.19464722,-76.58612778,250.0,77.0,91.5,296.388741650238,0.163325355594149,40.8,1.5,,A,"Andrew, Div of CommScope",HX6-7W,G,0.125892541179417,28.3516,1.3,,,Lanark Highlands (Highway 511 & Little Green Rd) ON,CHY677,011055422-002,Backhaul Network Services Inc.,2025-01-29,False,False,0.0,0.0
TX,7770.0,30.0,27400.0,27M4D7W,4096-QAM,True,1.25|10|30,A,L,B,46.04556944,-79.7312,252.0,89.8,102.0,80.3828815300812,0.161376987802847,42.9,1.1,,A,"Andrew, Div of CommScope",USX8-7W,G,0.125892541179417,30.4516,1.3,,,RESTOULE (437 LAKEVIEW DRIVE) ON,CHY660,011073312-002,Backhaul Network Services Inc.,2025-01-24,False,False,0.0,0.0
TX,7770.0,30.0,27400.0,27M4D7W,4096-QAM,True,1.25|10|30,A,L,B,44.82766667,-81.08477778,264.0,45.0,90.0,257.97887104331,-0.309693646299687,42.9,1.1,,A,"Andrew, Div of CommScope",USX8-7W,G,0.0251188643150958,23.4516,1.3,,,Purple Valley (490 Purple Valley Rd) ON,CHY626,011072406-002,Backhaul Network Services Inc.,2025-01-22,False,False,0.0,0.0
TX,7770.0,30.0,27400.0,27M4D7W,4096-QAM,True,1.25|10|30,A,L,B,44.46752778,-77.32247222,164.0,85.0,98.0,76.1622883624471,-0.0294399578522928,40.6,1.5,,A,"Andrew, Div of CommScope",USX6-7W,G,0.1,27.1516,1.3,,,Tweed (2546 Crookston Rd) ON,CFI350,011072170-002,Backhaul Network Services Inc.,2025-01-31,False,False,0.0,0.0
TX,7770.0,30.0,27400.0,27M4D7W,4096-QAM,True,1.25|10|30,A,L,B,44.98461111,-78.29252778,450.0,67.0,75.1,291.847190205645,-0.217619821705055,40.6,1.5,,A,"Andrew, Div of CommScope",USX6-7W,G,0.125892541179417,28.1516,1.3,,,Tory Hill (1047 McCrea Rd) ON,CIN699,010912554-003,Backhaul Network Services Inc.,2025-02-06,False,False,0.0,0.0
TX,7770.0,30.0,27400.0,27M4D7W,4096-QAM,True,1.25|10|30,A,L,B,45.05294444,-76.45966667,203.0,78.0,90.4,96.4026305751411,-0.318137198038202,40.6,1.5,,A,"Andrew, Div of CommScope",USX6-7W,G,0.0794328234724281,26.6516,0.8,,,LANARK HIGHLANDS(1739 DALHOUSIE 1ST CONCESSION B) ON,CHY343,011037556-002,Backhaul Network Services Inc.,2024-12-27,False,False,0.0,0.0
TX,7770.0,30.0,27400.0,27M4D7W,4096-QAM,True,1.25|10|30,A,L,B,49.36208333,-82.16656111,241.0,80.0,90.0,283.211401620176,-0.13262628313893,42.9,1.1,,A,"Andrew, Div of CommScope",USX8-7W,G,0.0501187233627272,26.4516,1.3,,,MOONBEAM (REMI LAKE RD)ON,CHQ897,011069079-002,Backhaul Network Services Inc.,2024-12-14,False,False,0.0,0.0
TX,7770.0,30.0,27400.0,27M4D7W,4096-QAM,True,1.25|10|30,A,L,B,46.19438889,-82.76808333,191.0,86.5,107.0,23.079684542717,0.332434680163278,42.9,1.1,,A,"Andrew, Div of CommScope",USX8-7W,G,0.0630957344480193,27.4516,1.3,,,Algoma Mills (2087 Hwy 17) ON,CHQ895,011069824-002,Backhaul Network Services Inc.,2024-12-30,False,False,0.0,0.0
TX,7770.0,30.0,27400.0,27M4D7W,4096-QAM,True,1.25|10|30,A,L,B,45.8708,-76.8642,130.0,73.0,90.0,251.204866928244,-0.148539582967067,42.9,1.1,,A,"Andrew, Div of CommScope",USX8-7W,G,0.125892541179417,30.4516,1.3,,,WESTMEATH (359 NANGOR TRAIL) ON,CHQ858,011069091-002,Backhaul Network Services Inc.,2024-12-13,False,False,0.0,0.0
TX,7770.0,30.0,27400.0,27M4D7W,4096-QAM,True,1.25|10|30,A,L,B,48.53283333,-80.49872222,248.0,80.0,100.0,269.073618404214,0.00698460329868796,42.9,1.1,,A,"Andrew, Div of CommScope",USX8-7W,G,0.0501187233627272,26.4516,1.3,,,Matheson (Hwy 101 / Burton Rd S) ON,VFE968,011068769-002,Backhaul Network Services Inc.,2024-12-09,False,False,0.0,0.0
TX,7770.0,30.0,27400.0,27M4D7W,4096-QAM,True,1.25|10|30,A,L,B,44.34597222,-77.16347222,166.0,83.0,91.5,230.237848399182,-0.258920609999552,42.9,1.1,,A,"Andrew, Div of CommScope",USX8-7W,G,0.0630957344480193,27.9516,0.8,,,Albert (2956 Marysville Rd) ON,CHQ703,011068791-002,Backhaul Network Services Inc.,2024-12-06,False,False,0.0,0.0
TX,7770.0,30.0,27400.0,27M4D7W,4096-QAM,True,1.25|10|30,A,L,B,45.08575,-78.58294444,408.0,99.0,122.0,354.629854449332,-0.066511585196844,42.9,1.1,,A,"Andrew, Div of CommScope",USX8-7W,G,0.0620869034230063,27.3816,1.3,,,HALIBURTON (HWY 118/HURRICANE LAKE) ON,VAD407,011068161-002,Backhaul Network Services Inc.,2024-12-31,False,False,0.0,0.0
TX,7770.0,30.0,27400.0,27M4D7W,4096-QAM,True,1.25|10|30,A,L,B,44.48569444,-78.11305556,239.0,65.0,91.0,132.657403062888,-0.0823157432764836,40.6,1.5,,A,"Andrew, Div of CommScope",USX6-7W,G,0.0630957344480193,25.1516,1.3,,,Hall Glen (1390 Fourth Line Rd) ON,CHY279,011034759-002,Backhaul Network Services Inc.,2024-11-30,False,False,0.0,0.0
TX,7770.0,30.0,27400.0,27M4D7W,4096-QAM,True,1.25|10|30,A,M,A,43.6475,-80.74155556,406.0,60.0,90.0,303.93301988009,-0.0812152829409444,42.9,1.1,,A,"Andrew, Div of CommScope",USX8-7W,G,0.398107170553497,31.9516,4.8,,,WALLENSTEIN (7931 WELLINGTON RD 86) ON,CHY254,011067594-002,Backhaul Network Services Inc.,2024-11-28,False,False,0.0,0.0
TX,7770.0,30.0,27400.0,27M4D7W,4096-QAM,True,1.25|10|30,A,L,B,46.54636111,-84.23252778,192.0,57.9,78.0,109.469863019464,0.160304031186564,40.6,1.5,,A,"Andrew, Div of CommScope",USX6-7W,G,0.125892541179417,28.1516,1.3,,,SAULT STE MARIE (926 FRONTENAC ST) ON,CHW301,011064176-002,Backhaul Network Services Inc.,2024-10-21,False,False,0.0,0.0
TX,7770.0,30.0,27400.0,27M4D7W,4096-QAM,True,1.25|10|30,A,L,B,44.71438889,-81.01288889,249.0,65.0,75.3,141.809348959146,0.142045533727371,40.6,1.5,,A,"Andrew, Div of CommScope",USX6-7W,G,0.125892541179417,28.1516,1.3,,,WIARTON (PT LT 25 CON 19 KEPPEL AS IN R447240) ON,CHN338,011056119-002,Backhaul Network Services Inc.,2024-08-05,False,False,0.0,0.0
TX,7770.0,30.0,27400.0,27M4D7W,4096-QAM,True,1.25|10|30,A,L,B,47.53569444,-79.66238889,217.0,45.0,70.0,181.463051639001,0.390177525269263,42.9,1.1,,A,"Andrew, Div of CommScope",USX8-7W,G,0.0437522105158252,26.3616,0.8,,,TEMISKAMING SHORES (137428 PETERS RD) ON,CHN329,010975386-002,Backhaul Network Services Inc.,2024-08-16,False,False,0.0,0.0
TX,7770.0,30.0,27400.0,27M4D7W,4096-QAM,True,1.25|10|30,A,L,B,46.47516667,-83.88469444,393.0,40.0,106.0,155.538511901596,-0.537007477367905,40.6,1.5,,A,"Andrew, Div of CommScope",USX6-7W,G,0.1,27.1516,1.3,,,MEREDITH LAKE( ECHO BAY AREA) ON,CHM613,011037682-002,Backhaul Network Services Inc.,2024-05-28,False,False,0.0,0.0
TX,7770.0,30.0,27400.0,27M4D7W,4096-QAM,True,1.25|10|30,A,L,B,46.04561111,-79.73122222,252.0,88.0,102.7,237.713724479677,-0.0962611229294646,42.9,1.1,,A,"Andrew, Div of CommScope",USX8-7W,G,0.125892541179417,30.4516,1.3,,,Restoule (437 Lakeview Rd) ON,CHM532,011033511-002,Backhaul Network Services Inc.,2024-05-28,False,False,0.0,0.0
TX,7770.0,30.0,27400.0,27M4D7W,4096-QAM,True,1.25|10|30,A,L,B,44.85086111,-76.36875,155.0,64.8,122.0,310.461314383069,0.104536848368551,40.6,1.5,,A,"Andrew, Div of CommScope",USX6-7W,G,0.125892541179417,28.1516,1.3,,,Perth (236 Cameron Side Rd) ON,XJV299,011022190-002,Backhaul Network Services Inc.,2024-05-14,False,False,0.0,0.0
TX,7770.0,30.0,27400.0,27M4D7W,4096-QAM,True,1.25|10|30,A,L,B,45.61463889,-79.71522222,313.0,75.0,93.5,82.03013543639,-0.0517632571684789,40.6,1.5,,A,"Andrew, Div of CommScope",USX6-7W,G,0.0794328234724281,26.1516,1.3,,,"Magnetawan (PT BROKEN LOT 17 CON 2 CROFT, PART 12) ON",CHD980,011037914-002,Backhaul Network Services Inc.,2024-05-29,False,False,0.0,0.0
TX,7770.0,30.0,27400.0,27M4D7W,4096-QAM,True,1.25|10|30,A,L,B,44.64944444,-75.62805556,109.0,70.0,80.0,342.696515413389,-0.0765509648492572,42.9,1.1,,A,"Andrew, Div of CommScope",USX8-7W,G,0.125892541179417,30.4516,1.3,,,MAITLAND (22A JONES CRT) ON,CHD866,011021598-002,Backhaul Network Services Inc.,2024-04-12,False,False,0.0,0.0
TX,7770.0,30.0,27400.0,27M4D7W,4096-QAM,True,1.25|10|30,A,L,B,43.14716667,-81.31458333,297.0,83.0,90.0,165.242045679529,-0.377669434284273,42.9,1.1,,A,"Andrew, Div of CommScope",USX8-7W-6GF,G,0.0359749335155742,25.0116,1.3,,,Elginfield (23635 Adelaide St N) ON,VEL573,010031017-007,Backhaul Network Services Inc.,2024-04-16,False,False,0.0,0.0
TX,7770.0,30.0,27400.0,27M4D7W,4096-QAM,True,1.25|10|30,A,L,B,45.24063889,-74.67169444,95.0,65.0,70.0,181.242206181172,-0.220387644900881,42.9,1.1,,A,"Andrew, Div of CommScope",USX8-7W,G,0.125892541179417,30.4516,1.3,,,Apple Hill (19562 Kenyon Concession RD 1) ON,CHD749,011021462-002,Backhaul Network Services Inc.,2024-05-27,False,False,0.0,0.0
TX,7770.0,30.0,27400.0,27M4D7W,4096-QAM,True,1.25|10|30,A,L,B,45.49344444,-77.41813889,320.0,25.0,70.0,53.4906052816976,-0.478923848944115,40.8,1.5,,A,"Andrew, Div of CommScope",HX6-7W,G,0.125892541179417,28.3516,1.3,,,KILLALOE (761 ROCHEFORT RD) ON,CHD481,011022583-002,Backhaul Network Services Inc.,2024-04-05,False,False,0.0,0.0
TX,7770.0,30.0,27400.0,27M4D7W,4096-QAM,True,1.25|10|30,A,L,B,48.14591667,-80.06652222,350.0,60.0,100.0,174.378310168115,-0.209731635453787,40.6,1.5,,A,"Andrew, Div of CommScope",USX6-7W,G,0.0794328234724281,26.1516,1.3,,,CHAPUT HUGHES (GOLDTHORP RD) ON,CHK712,011026306-002,Backhaul Network Services Inc.,2024-02-16,False,False,0.0,0.0
TX,7770.0,30.0,27400.0,27M4D7W,4096-QAM,True,1.25|10|30,A,L,B,45.05586111,-74.87119444,89.0,62.0,100.0,300.38753296445,-0.0410086410824242,42.9,1.1,,A,"Andrew, Div of CommScope",USX8-7W-6GF,G,0.125892541179417,30.4516,1.3,,,Long Sault (5253 Avonmore Rd) ON,CIO611,011004385-002,Backhaul Network Services Inc.,2024-03-21,False,False,0.0,0.0
TX,7770.0,30.0,27400.0,27M4D7W,4096-QAM,True,1.25|10|30,A,L,B,44.84518056,-75.33635,85.0,73.0,100.0,222.903254645858,-0.065506831668373,42.9,1.1,,A,"Andrew, Div of CommScope",USX8-7W,G,0.199526231496888,29.4516,4.3,,,IROQUOIS (HWY 401/CARMAN RD) ON,VEM483,010031521-005,Backhaul Network Services Inc.,2024-01-05,False,False,0.0,0.0
TX,7770.0,30.0,27400.0,27M4D7W,4096-QAM,True,1.25|10|30,A,L,B,46.238525,-78.31280833,204.0,81.0,100.0,288.82133320812,-0.0741702822195457,40.6,1.5,,A,"Andrew, Div of CommScope",USX6-7W,G,0.125892541179417,28.1516,1.3,,,DEUX RIVIÈRES (HIGHWAY 17 / BRENT RD) ON,CHK204,011010355-002,Backhaul Network Services Inc.,2023-12-15,False,False,0.0,0.0
TX,7770.0,30.0,27400.0,27M4D7W,4096-QAM,True,1.25|10|30,A,L,B,44.13066667,-81.12311111,315.0,54.5,91.0,76.4137444344084,-0.0217681447725568,42.9,1.1,,A,"Andrew, Div of CommScope",HX8-7W,G,0.0318419752172612,24.4816,1.3,,,Walkerton (51 Sdrd 15) ON,VAD489,010032509-006,Backhaul Network Services Inc.,2023-12-15,False,False,0.0,0.0
TX,7770.0,30.0,27400.0,27M4D7W,4096-QAM,True,1.25|10|30,A,L,B,46.03413889,-80.58436111,201.0,92.5,107.0,44.0719415637814,-0.0595863204770001,40.6,1.5,,A,"Andrew, Div of CommScope",USX6-7W,G,0.0774461797802519,26.0416,1.3,,,Bigwood (58 Hass Rd) ON,VAD421,010030781-004,Backhaul Network Services Inc.,2023-10-13,False,False,0.0,0.0
TX,7770.0,30.0,27400.0,27M4D7W,4096-QAM,True,1.25|10|30,A,L,B,42.65797222,-82.47566667,177.0,75.0,90.0,70.9950948196544,-0.0448624166320429,42.9,1.1,,A,"Andrew, Div of CommScope",USX8-7W-6GF,G,0.0255858588690565,23.5316,1.3,,,Port Lambton (116 West Lambton Line) ON,CHX542,010032429-005,Backhaul Network Services Inc.,2023-11-20,False,False,0.0,0.0
TX,7770.0,30.0,27400.0,27M4D7W,4096-QAM,True,1.25|10|30,A,L,B,45.34527778,-77.78916667,417.0,75.0,91.0,240.043738389353,0.179059802617753,40.6,1.5,,A,"Andrew, Div of CommScope",USX6-7W,G,0.125892541179417,28.1516,1.3,,,HASTINGS HIGHLANDS (LT 6 & LT 7 CON 8 BANGOR) ON,CHB696,010960487-002,Backhaul Network Services Inc.,2023-09-08,False,False,0.0,0.0
TX,7770.0,30.0,27400.0,27M4D7W,4096-QAM,True,1.25|10|30,A,L,B,44.94419444,-75.71188889,107.0,50.0,90.85,6.87632431317997,-0.101469227547993,42.9,1.1,,A,"Andrew, Div of CommScope",HX8-7W,G,0.125892541179417,30.4516,1.3,,,Oxford Mills (500 Todd School Road) ON,CHQ385,010968463-002,Backhaul Network Services Inc.,2023-08-22,False,False,0.0,0.0
TX,7770.0,30.0,27400.0,27M4D7W,4096-QAM,True,1.25|10|30,A,L,B,44.94505556,-76.68180556,220.0,95.0,100.0,181.43764750563,0.00492065029639241,40.6,1.5,,A,"Andrew, Div of CommScope",USX6-7W,G,0.0630957344480193,25.6516,0.8,,,MISSISSIPPI  STATION (4263 ELPHIN MABERLY ROAD ) ON,CHI851,010975337-002,Backhaul Network Services Inc.,2023-06-30,False,False,0.0,0.0
TX,7770.0,30.0,27400.0,27M4D7W,4096-QAM,True,1.25|10|30,A,L,B,44.88594444,-77.53447222,361.0,50.0,90.5,188.906243879617,-0.235899247820214,44.4,0.9,,A,"Andrew, Div of CommScope",HX10-7W-6GF,G,0.0794328234724281,29.9516,1.3,,,Gunter (East Rd / Weslemkoon Lake Rd) ON,CHB245,010968468-002,Backhaul Network Services Inc.,2023-05-12,False,False,0.0,0.0
TX,7770.0,30.0,27400.0,27M4D7W,256-QAM,True,1.25|10|30,A,L,B,44.62333333,-81.24144444,194.0,63.0,100.0,351.518438896479,-0.118777680748456,43.4,1.4,,A,"Andrew, Div of CommScope",HPX8-77,G,0.1,26.9516,4.3,,,Sauble Beach (381 Municipal Rd) ON,VEL653,010886944-002,Backhaul Network Services Inc.,2023-01-15,False,False,0.0,0.0
TX,7770.0,30.0,27400.0,27M4D7W,4096-QAM,True,1.25|10|30,A,L,B,44.35405556,-78.04494444,215.0,68.0,107.0,59.7841731991427,-0.0800351640422568,40.6,1.5,,A,"Andrew, Div of CommScope",USX6-7W,G,0.501187233627272,30.9516,4.5,,,NORWOOD (3427 HWY 7 EAST) ON,VAD426,010076527-003,Backhaul Network Services Inc.,2022-12-23,False,False,0.0,0.0
TX,7770.0,30.0,27400.0,27M4D7W,4096-QAM,True,1.25|10|30,A,L,B,46.03333333,-80.585,201.0,70.0,107.0,176.491802356467,-0.0840889101446881,40.8,1.5,,A,"Andrew, Div of CommScope",HX6-7W,G,0.254,27.89994,4.8,,,BIGWOOD (HASS RD) ON,VAD421,010033057-004,Backhaul Network Services Inc.,2022-07-30,False,False,0.0,0.0
TX,7770.0,30.0,27400.0,27M4D7W,4096-QAM,True,1.25|10|30,A,L,B,45.50833333,-79.24583333,417.0,74.0,127.0,341.022160266304,-0.17398009196898,44.4,0.9,,A,"Andrew, Div of CommScope",HX10-7W-6GF,A,0.125892541179417,31.9516,1.3,,,CLEAR LAKE (402 BAY LAKE RD) ON,XKX941,010069283-006,Backhaul Network Services Inc.,2022-05-27,False,False,0.0,0.0
TX,7770.0,30.0,27400.0,27M4D7W,4096-QAM,True,1.25|10|30,A,L,B,44.39163889,-76.66541667,173.0,50.0,100.0,355.212015545208,-0.121765734545069,42.9,1.1,,A,"Andrew, Div of CommScope",USX8-7W,G,0.129,27.0575,4.8,,,HARROWSMITH (4483 HWY 38) ON,VEL360,010032237-004,Backhaul Network Services Inc.,2022-02-18,False,False,0.0,0.0
TX,7770.0,30.0,27400.0,27M4D7W,4096-QAM,True,1.25|10|30,A,L,B,42.72194444,-81.14916667,252.0,68.5,79.0,102.57659645515,-0.198746109559286,43.5,1.0,,A,"Andrew, Div of CommScope",UHX8-77GD,G,0.5012,33.55171,4.8,,,ST THOMAS (6923 CENTENNIAL RD) ON,XKX938,010031553-003,Backhaul Network Services Inc.,2022-03-11,False,False,0.0,0.0
TX,7770.0,30.0,27400.0,27M4D7W,4096-QAM,True,1.25|10|30,A,L,B,42.54711111,-81.97419444,187.0,55.0,100.0,194.69789466274,-0.0117279668340444,42.9,1.1,,A,"Andrew, Div of CommScope",USX8-7W,G,0.12589,26.95151,4.8,,,Thamesville (1 Victoria Rd) ON,CIO669,010031335-004,Backhaul Network Services Inc.,2022-03-15,False,False,0.0,0.0
TX,7770.0,30.0,27400.0,27M4D7W,4096-QAM,True,1.25|10|30,A,L,B,45.60363056,-79.38696389,341.0,67.0,109.0,292.419976221753,-0.125451326679293,41.0,1.2,,A,"Andrew, Div of CommScope",UHX6-77,G,0.2512,28.0518,4.8,,,BURK'S FALLS (140 TOWER RD) ON,VEM202,010069421-003,Backhaul Network Services Inc.,2022-03-01,False,False,0.0,0.0
TX,7770.0,30.0,27400.0,27M4D7W,4096-QAM,True,1.25|10|30,A,L,B,45.57083611,-82.01555556,181.0,70.0,100.0,7.24440638259015,0.287292137760585,41.0,1.2,,A,"Andrew, Div of CommScope",UHX6-77,G,0.19952,27.05146,4.8,,,"WIKWMIKONG (ON-6, ON P0P 2J0) ON",CKJ811,010033599-006,Backhaul Network Services Inc.,2022-03-31,False,False,0.0,0.0
TX,7770.0,30.0,27400.0,27M4D7W,4096-QAM,True,1.25|10|30,A,L,B,44.74805556,-78.08444444,326.0,68.3,90.0,199.571990028443,-0.232852104189236,45.3,1.0,,A,"Andrew, Div of CommScope",HPX10-77,G,0.0531,25.60255,4.8,,,APSLEY (HWY 28 @APSLEY) ON,VYA249,010067845-004,Backhaul Network Services Inc.,2022-03-31,False,False,0.0,0.0
TX,7770.0,30.0,27400.0,27M4D7W,4096-QAM,True,1.25|10|30,A,L,B,44.15286389,-78.43746944,259.0,19.0,20.0,30.8140896255944,-0.1956686517961,40.6,1.5,,A,"Andrew, Div of CommScope",USX6-7W,G,0.29,28.27558,4.8,,,MILLBROOK (75 KING ST E) ON,CHX765,010032427-004,Backhaul Network Services Inc.,2022-02-01,False,False,0.0,0.0
TX,7770.0,30.0,27400.0,27M4D7W,4096-QAM,True,1.25|10|30,A,,B,44.65972222,-76.69888889,201.0,68.0,100.0,3.53911789534855,-0.00464394063090357,40.6,1.5,,A,"Andrew, Div of CommScope",USX6-7W,G,0.107,23.94544,4.8,,,PARHAM (11287 HWY 38) ON,VEL362,010032241-005,Backhaul Network Services Inc.,2022-02-18,False,False,0.0,0.0
TX,7770.0,30.0,27400.0,27M4D7W,4096-QAM,True,1.25|10|30,A,,B,42.96666667,-81.55805556,239.0,57.0,78.0,182.056745065383,-0.0498977738734195,42.9,1.1,,A,"Andrew, Div of CommScope",USX8-7W,G,0.141,27.44379,4.8,,,STRATHROY (8727 WALKERS DR) ON,VBE678,010068241-003,Backhaul Network Services Inc.,2022-03-21,False,False,0.0,0.0
TX,7770.0,30.0,27400.0,27M4D7W,4096-QAM,True,1.25|10|30,A,,B,45.53830556,-74.97086111,77.0,70.0,100.0,241.125435037575,-0.113640099787565,43.5,1.0,,A,"Andrew, Div of CommScope",UHX8-77GD,G,0.0998,26.54291,4.8,,,Plantagenet (430 Conc Rd 5) ON,CIO462,010031395-004,Backhaul Network Services Inc.,2022-03-31,False,False,0.0,0.0
TX,7770.0,30.0,27400.0,27M4D7W,4096-QAM,True,1.25|10|30,A,L,B,43.98497222,-77.444,94.0,73.0,90.0,11.0320284553459,-0.0981059855365577,40.6,1.5,,A,"Andrew, Div of CommScope",USX6-7W,G,0.501,30.64998,4.8,,,Hillier (113 Little Creek Rd) ON,VBE667,010030843-006,Backhaul Network Services Inc.,2022-02-11,False,False,0.0,0.0
TX,7770.0,30.0,27400.0,27M4D7W,4096-QAM,True,1.25|10|30,A,L,B,44.23027778,-80.29055556,518.0,46.0,66.0,7.10175070731518,0.00561682528289138,42.9,1.1,,A,"Andrew, Div of CommScope",USX8-7W,G,0.148,27.65422,4.8,,,SHELBURNE (240 SDRD)  ON,XJV217,010030901-004,Backhaul Network Services Inc.,2022-03-30,False,False,0.0,0.0
TX,7770.0,30.0,27400.0,27M4D7W,4096-QAM,True,1.25|10|30,A,L,B,44.74166667,-76.93305556,223.0,46.5,91.0,234.000743236685,0.0245686404503324,42.9,1.1,,A,"Andrew, Div of CommScope",USX8-7W,G,0.178,28.4558,4.8,,,ARDEN (1024 BOULDER HILL RD) ON,VAD431,010031691-004,Backhaul Network Services Inc.,2022-02-11,False,False,0.0,0.0
TX,7770.0,30.0,27400.0,27M4D7W,4096-QAM,True,1.25|10|30,A,M,A,42.15611111,-82.80305556,194.0,38.0,49.0,154.67033673917,-0.0539433310971937,40.6,1.5,,A,"Andrew, Div of CommScope",USX6-7W,G,0.263,26.85116,5.8,,,ESSEX (72 GOSFIELD TOWNLINE W) ON,CYF458,010030775-006,Backhaul Network Services Inc.,2022-01-25,False,False,0.0,0.0
TX,7770.0,30.0,27400.0,27M4D7W,4096-QAM,True,1.25|10|30,A,L,B,42.395,-82.21444444,181.0,35.7,47.0,87.0862193407642,0.0837839112358271,42.9,1.1,,A,"Andrew, Div of CommScope",USX8-7W,G,0.11,26.36553,4.8,,,CHATHAM (805 GRAND AVE W) ON,XKU580,010032035-005,Backhaul Network Services Inc.,2022-02-11,False,False,0.0,0.0
TX,7770.0,30.0,27400.0,27M4D7W,4096-QAM,True,1.25|10|30,A,L,B,44.69222222,-77.03277778,209.0,54.0,64.1,66.5423357906623,0.130183701316135,42.9,1.1,,A,"Andrew, Div of CommScope",USX8-7W,G,0.292,30.60543,4.8,,,KALADAR (30958 HWY 7) ON,CHX495,010913261-001,Rogers Communications Canada Inc.,2022-02-25,False,False,0.0,0.0
TX,7770.0,30.0,27400.0,27M4D7W,4096-QAM,True,1.25|10|30,A,L,B,44.61305556,-75.94916667,105.0,89.0,100.0,97.3083534713333,-0.111425500056885,42.9,1.1,,A,"Andrew, Div of CommScope",HX8-7W,G,0.141,27.44379,4.8,,,ATHENS (CHARLESTON RD) ON,CHL775,010033511-005,Backhaul Network Services Inc.,2022-02-14,False,False,0.0,0.0
TX,7770.0,30.0,30000.0,30M0D7W,1024-QAM,True,1.25|10|30,A,L,B,43.08916667,-81.97138889,221.0,52.0,95.0,125.115616478107,0.0236683733401524,43.5,1.0,,A,"Andrew, Div of CommScope",UHX8-77GD,G,0.158489,28.55159,4.8,,,FOREST (7601 ELARTON ROAD) ON,VEL346,010032219-005,Backhaul Network Services Inc.,2021-11-28,False,False,0.0,0.0
TX,7770.0,30.0,27400.0,27M4D7W,4096-QAM,True,1.25|10|30,A,M,A,43.37655556,-80.13505556,277.0,50.0,80.0,55.2824984811158,0.0311838369654597,41.0,1.2,,A,"Andrew, Div of CommScope",UHX6-77,G,0.1259,25.55186,4.3,,,Valens (Valens Rd) ON,VYA629,010072188-004,Backhaul Network Services Inc.,2021-09-01,False,False,0.0,0.0
TX,7770.0,30.0,27400.0,27M4D7W,4096-QAM,True,1.25|10|30,A,L,B,44.62330278,-81.24143056,194.0,65.0,100.0,210.630449283295,-0.0501831479828978,43.4,1.4,,A,"Andrew, Div of CommScope",HPX8-77,G,0.158489319246111,28.4516,4.8,,,SAUBLE BEACH (381 MUNICIPAL RD) ON,VEL653,010886555-003,Backhaul Network Services Inc.,2024-08-28,False,False,0.0,0.0
TX,7770.0,30.0,27400.0,27M4D7W,1024-QAM,True,1.25|10|30,A,L,B,45.71388889,-80.01805556,243.0,94.0,122.0,158.560588676666,-0.0294502749138707,44.9,1.0,,A,"Andrew, Div of CommScope",HPX10-71W,A,0.12274,32.84146,0.8,,,Wahwashkesh (Wah-Wash-Kesh Rd / Eli Lane) ON,VFF926,010033267-003,Backhaul Network Services Inc.,2020-12-17,False,False,0.0,0.0
TX,7770.0,30.0,30000.0,30M0D7W,128-QAM,True,1.25|10|30,A,L,B,48.61216667,-89.973,475.0,23.6,36.0,104.873646919738,-0.0616496805234342,45.3,1.0,,A,RFS (Celwave/Cablewave/Phelps Dodge),DAX10-77A,B,1.26,40.36531,3.79,,,Shabaqua Corners (Mabella Rd / Hwy 11) ON,VEK932,010036325-002,TBAYtel - Fixed,2021-01-18,False,False,0.0,0.0
TX,7770.0,30.0,30000.0,30M0D7WET,256-QAM,True,1.25|10|30,A,L,B,48.61241667,-93.38766667,339.0,37.2,45.0,62.7559532698355,0.0495442138950387,40.8,2.0,,A,"Andrew, Div of CommScope",HP6-77,B,0.1,24.9516,3.7,,,Fort Frances (2nd St E/Crowe Ave) ON,CGX340,010763331-001,TBAYtel - Fixed,2021-01-01,False,False,0.0,0.0
TX,7770.0,30.0,27400.0,27M4D7W,4096-QAM,True,1.25|10|30,A,L,B,45.3,-79.27666667,350.0,87.3,122.0,96.0738829383675,-0.0286089102113592,41.0,1.2,,A,Ericsson (Marconi/GEC),ML7/8 1.8M HPX,G,0.1,27.5516,1.3,,,HUNTSVILLE (MADILL CHURCH RD) ON,XKX922,010069291-005,Backhaul Network Services Inc.,2022-11-02,False,False,0.0,0.0
TX,7770.0,30.0,30000.0,30M0D7W,128-QAM,True,1.25|10|30,A,,B,49.71781944,-91.21899444,443.0,79.4,80.0,221.269633866854,-0.136022337481906,45.4,1.0,,A,RFS (Celwave/Cablewave/Phelps Dodge),DA10-77A,B,0.1,26.7016,6.55,,,Valora (Hwy 599) ON,VEM729,010036377-002,TBAYtel - Fixed,2020-08-01,False,False,0.0,0.0
TX,7770.0,30.0,27400.0,27M4D7W,1024-QAM,True,1.25|10|30,A,,B,44.23505556,-76.96191667,79.0,44.5,52.0,40.8271345038037,0.658762853892918,40.6,1.5,,A,"Andrew, Div of CommScope",USX6-7W,G,0.0316,15.54847,7.9,,,Greater Napanee (269 River Rd) ON,CGV351,010826245-001,Rogers Communications Canada Inc.,2020-06-03,False,False,0.0,0.0
TX,7770.0,30.0,27400.0,27M4D7W,4096-QAM,True,1.25|10|30,A,L,B,44.32194444,-76.32722222,107.0,60.0,91.0,81.8462898613736,-0.12986911402661,41.0,1.2,,A,"Andrew, Div of CommScope",UHX6-77,G,0.1259,25.05186,4.8,,,Joyceville (2053 Joyceville Side Rd) ON,VEL453,010817908-003,Backhaul Network Services Inc.,2022-03-31,False,False,0.0,0.0
TX,7770.0,30.0,27400.0,27M4D7W,1024-QAM,True,1.25|10|30,A,L,B,43.88497222,-81.70186111,210.0,50.0,100.0,177.099014614085,-0.0195248280480712,41.0,1.2,,A,"Andrew, Div of CommScope",UHX6-77,B,0.06,24.83311,1.8,,,Port Albert (83804 Bluewater Hwy) ON,CFS673,010767785-003,Backhaul Network Services Inc.,2020-07-01,False,False,0.0,0.0
TX,7770.0,30.0,27400.0,27M4D7W,4096-QAM,True,1.25|10|30,A,,B,44.60277778,-78.90416667,272.0,60.0,100.0,259.402087564783,-0.179581983126274,43.4,1.4,,A,"Andrew, Div of CommScope",HPX8-77,G,0.15849,28.45162,4.8,,,Kawartha Lakes (South Mtn Rd/County Rd 48) ON,CFK315,010779856-003,Backhaul Network Services Inc.,2022-05-02,False,False,0.0,0.0
TX,7770.0,30.0,27400.0,27M4D7W,4096-QAM,True,1.25|10|30,A,L,B,45.84435,-79.52956389,411.0,43.8,80.0,111.298368527757,-0.108017357227712,41.0,1.2,,A,"Andrew, Div of CommScope",UHX6-77,G,0.12589,25.05151,4.8,,,MASHAR (262 PARK RD NORTH) ON,CFK254,010780761-003,Backhaul Network Services Inc.,2022-03-24,False,False,0.0,0.0
TX,7770.0,30.0,27400.0,27M4D7W,4096-QAM,True,1.25|10|30,A,L,B,44.46194444,-78.46283056,255.0,88.0,100.0,165.809696116261,-0.108138083664642,42.9,1.1,,A,"Andrew, Div of CommScope",USX8-7W,G,0.1585,27.95189,4.8,,,GANNON BEACH (620 LISTOWELS LINE) ON,CFJ918,010779843-003,Backhaul Network Services Inc.,2022-03-31,False,False,0.0,0.0
TX,7770.0,30.0,30000.0,30M0D7WET,64-QAM,True,1.25|10|30,A,L,B,42.07402778,-82.6645,230.0,40.0,70.0,175.265048193159,-0.190639628129317,40.8,2.0,,A,"Andrew, Div of CommScope",HP6-77,B,1.995,31.15103,10.5,,,Olinda (1739 Road 4 E) ON,CIN868,010037585-004,TELUS Communications Inc.,2020-10-19,False,False,0.0,0.0
TX,7770.0,30.0,27400.0,27M4D7W,4096-QAM,True,1.25|10|30,A,L,B,43.01455556,-81.00597222,271.0,79.0,91.0,242.077231932552,-0.176967329692682,40.6,1.5,,A,"Andrew, Div of CommScope",USX6-7W,G,0.335,28.90205,4.8,,,Ingersoll (Hunt Rd / Marion St) ON,XJV294,010031651-004,Backhaul Network Services Inc.,2022-02-10,False,False,0.0,0.0
TX,7770.0,30.0,27400.0,27M4D7W,1024-QAM,True,1.25|10|30,A,L,B,46.55651111,-81.17913056,268.0,57.0,100.0,51.3571447302394,0.0185856463040637,41.0,1.2,,A,"Andrew, Div of CommScope",UHX6-77,A,0.630957344480193,35.5516,1.3,,,CHELMSFORD (MONTEE GENEREUX ST) ON,VYA831,010728528-003,Backhaul Network Services Inc.,2023-10-31,False,False,0.0,0.0
TX,7770.0,30.0,30000.0,30M0D7WET,64-QAM,True,1.25|10|30,A,,B,42.32472222,-82.24083333,178.0,40.0,80.0,245.569958352226,-0.0281784220399265,41.0,1.2,,A,"Andrew, Div of CommScope",UHX6-77,B,0.2,30.0619,1.8,,,CHATHAM-KENT (22525 AD SHADD RD) ON,VEL487,010032261-003,Backhaul Network Services Inc.,2017-07-12,False,False,0.0,0.0
TX,7770.0,30.0,30000.0,30M0D1D,16-QAM,True,1.25|10|30,A,,B,43.79944444,-79.25805556,174.0,45.0,70.0,20.5919523803834,0.25169051012757,40.3,2.2,,A,"Andrew, Div of CommScope",HP6-71W,B,0.316227766016838,32.6516,0.5,,,Scarborough (81 Middlefield Rd) ON,CFV899,010705422-001,Metrolinx,2017-08-01,False,False,0.0,0.0
TX,7770.0,30.0,30000.0,30M0D1D,16-QAM,True,1.25|10|30,A,,B,43.38111111,-79.75972222,105.0,45.5,60.0,157.119532213031,-0.0796400195682684,40.3,2.2,,A,"Andrew, Div of CommScope",HP6-71W,B,0.316227766016838,31.0516,2.1,,,Burlington (5180 Harvester Rd) ON,CFV894,010701780-001,Metrolinx,2017-08-01,False,False,0.0,0.0
TX,7770.0,30.0,27400.0,27M4D7W,4096-QAM,True,1.25|10|30,A,L,B,46.66186111,-80.75355556,281.0,74.0,80.0,174.775146870802,0.0857407386184999,41.0,1.2,,A,"Andrew, Div of CommScope",UHX6-77GE,G,0.0635330931851744,25.5816,1.3,,,Skead (3971 Skead Rd)  ON,CFO241,010701407-004,Backhaul Network Services Inc.,2023-12-19,False,False,0.0,0.0
TX,7770.0,30.0,27400.0,27M4D7W,4096-QAM,True,1.25|10|30,A,L,B,45.89461111,-82.85313889,229.0,90.0,120.0,114.813807334115,-0.19025730338188,41.0,1.2,,A,"Andrew, Div of CommScope",UHX6-77,G,0.501187233627272,31.0516,4.8,,,MORRISVILLE (SHESHEGWANING) ON,CFF286,010692050-003,Backhaul Network Services Inc.,2022-07-15,False,False,0.0,0.0
TX,7770.0,30.0,27400.0,27M4D7W,4096-QAM,True,1.25|10|30,A,L,B,44.84226667,-77.86561667,345.0,90.0,122.0,113.705287686504,-0.219049891765044,43.4,1.4,,A,"Andrew, Div of CommScope",HPX8-77,G,0.0316227766016838,24.9516,1.3,,,WOLLASTON (293THE SOUTH RD) ON,CFH964,010677707-004,Backhaul Network Services Inc.,2023-10-06,False,False,0.0,0.0
TX,7770.0,30.0,27400.0,27M4D7W,4096-QAM,True,1.25|10|30,A,L,B,44.84226667,-77.86561667,345.0,68.0,122.0,256.280896197909,-0.0502023388065587,41.0,1.2,,A,"Andrew, Div of CommScope",UHX6-77,G,0.501187233627272,31.0516,4.8,,,WOLLASTON (293 THE SOUTH RD) ON,VFF412,010033229-005,Backhaul Network Services Inc.,2023-07-12,False,False,0.0,0.0
TX,7770.0,30.0,30000.0,30M0D7WET,64-QAM,True,1.25|10|30,A,L,B,45.33972222,-80.00722222,220.0,89.0,100.0,16.8387446406511,0.0264592676489965,43.5,1.0,,A,"Andrew, Div of CommScope",UHX8-77GD,B,0.25,31.031,4.3,,,PARRY SOUND (5 OASTLER PARK RD) ON,VEM254,010069429-004,Backhaul Network Services Inc.,2020-07-01,False,False,0.0,0.0
TX,7770.0,30.0,27400.0,27M4D7W,4096-QAM,True,1.25|10|30,A,L,B,44.03770278,-77.29330278,91.0,73.0,100.0,11.9556577856682,-0.105531039051608,44.4,0.9,,A,"Andrew, Div of CommScope",HX10-7W-6GF,G,0.1346,28.74205,4.8,,,CROFTON (2591 BEN FILL RD 2) ON,CFD978,010681865-004,Backhaul Network Services Inc.,2022-03-31,False,False,0.0,0.0
TX,7770.0,30.0,27400.0,27M4D7W,1024-QAM,True,1.25|10|30,A,L,B,46.28555556,-81.7975,304.0,43.0,78.0,248.400522568836,-0.28527308235708,43.5,1.0,,A,"Andrew, Div of CommScope",UHX8-77GD,G,0.03,25.32281,0.8,,,ESPANOLA (HWY 17/HWY 6) ON,VBE649,010069423-004,Backhaul Network Services Inc.,2020-11-27,False,False,0.0,0.0
TX,7770.0,30.0,27400.0,27M4D7W,4096-QAM,True,1.25|10|30,A,,B,43.985,-77.44416667,94.0,72.0,90.0,105.055201732856,-0.038358638301418,42.9,1.1,,A,"Andrew, Div of CommScope",USX8-7W,G,0.147,27.62477,4.8,,,HILLIER (113 LITTLE CREEK RD) ON,VBE667,010031255-005,Backhaul Network Services Inc.,2022-02-18,False,False,0.0,0.0
TX,7770.0,30.0,27400.0,27M4D7W,4096-QAM,True,1.25|10|30,A,,B,44.85,-76.36916667,155.0,102.5,122.0,177.001053351992,-0.0886553088410614,43.5,1.0,,A,"Andrew, Div of CommScope",UHX8-77GD,G,0.153,28.39851,4.8,,,PERTH (E/O CAMERON SIDE RD) ON,XJV299,010031779-005,Backhaul Network Services Inc.,2022-02-18,False,False,0.0,0.0
TX,7770.0,30.0,27400.0,27M4D7W,4096-QAM,True,1.25|10|30,A,L,B,42.5106,-81.82349444,217.0,49.0,65.0,53.8877203060771,-0.0753466115808391,42.9,1.1,,A,"Andrew, Div of CommScope",USX8-7W,G,0.1,25.9516,4.8,,,HIGHGATE (14605 BRAEMORE LINE) ON,VYB658,010278496-004,Backhaul Network Services Inc.,2022-03-28,False,False,0.0,0.0
TX,7770.0,30.0,27400.0,27M4D7W,4096-QAM,True,1.25|10|30,A,,B,45.09861111,-79.78305556,241.0,80.0,107.0,287.953467086173,-0.390967463610172,40.6,1.5,,A,"Andrew, Div of CommScope",USX6-7W,G,0.3724,29.3617,4.8,,,MACTIER (6982 HWY 69) ON,VAD469,010069453-004,Backhaul Network Services Inc.,2022-03-31,False,False,0.0,0.0
TX,7770.0,30.0,27400.0,27M4D7W,1024-QAM,True,1.25|10|30,A,L,B,45.48021667,-76.21111389,97.0,45.0,90.0,163.774981270634,0.125344393177208,43.4,1.4,,A,"Andrew, Div of CommScope",HPX8-77,A,0.0794328234724281,25.9516,4.3,,,FITZROY HARBOUR (5171 CANON SMITH DR)  ON,VYB465,010070878-004,Backhaul Network Services Inc.,2022-09-01,False,False,0.0,0.0
TX,7770.0,30.0,27400.0,27M4D7W,4096-QAM,True,1.25|10|30,A,M,A,42.92683333,-79.97113889,215.0,58.0,85.0,117.672576671038,-0.115354186677357,41.0,1.2,,A,"Andrew, Div of CommScope",UHX6-77,G,0.501187233627272,31.5516,4.3,,,Nelles Corners  (1665 Haldimand Rd 53) ON,VAD499,010097807-004,Backhaul Network Services Inc.,2022-12-07,False,False,0.0,0.0
TX,7770.0,30.0,27400.0,27M4D7W,4096-QAM,True,1.25|10|30,A,M,A,43.51399167,-80.55281667,340.0,45.11,50.0,275.234915605994,0.223419984339821,41.0,1.2,,A,"Andrew, Div of CommScope",UHX6-77,G,0.1995,27.05103,4.8,,,WATERLOO (820 KING ST N) ON,VEA982,010032149-004,Backhaul Network Services Inc.,2022-03-31,False,False,0.0,0.0
TX,7770.0,30.0,27400.0,27M4D7W,4096-QAM,True,1.25|10|30,A,M,A,44.40419444,-79.70716667,287.0,46.0,46.0,7.20222996774446,0.204331703865558,41.0,1.2,,A,"Andrew, Div of CommScope",UHX6-77,G,0.1995,27.05103,4.8,,,Barrie (2 Kozlov St) ON,VDS234,010032075-006,Backhaul Network Services Inc.,2022-02-01,False,False,0.0,0.0
TX,7770.0,30.0,27400.0,27M4D7W,1024-QAM,True,1.25|10|30,A,L,B,45.7145,-77.00805833,182.0,75.5,92.0,138.363430424228,-0.11553658747845,44.9,1.0,,A,"Andrew, Div of CommScope",HPX10-71W,B,0.0794328234724281,30.4516,1.3,,,MEATH (SNAKE RIVER/SUTHERLAND) ON,VAD403,010031671-008,Backhaul Network Services Inc.,2022-10-21,False,False,0.0,0.0
TX,7770.0,30.0,27400.0,27M4D7W,4096-QAM,True,1.25|10|30,A,,B,45.29916667,-75.12416667,63.0,65.0,100.0,260.389667980774,-0.0780357688667034,40.6,1.5,,A,"Andrew, Div of CommScope",USX6-7W,G,0.2512,27.6518,4.8,,,CASSELMAN (1079 RAINVILLE RD) ON,VEL468,010032253-005,Backhaul Network Services Inc.,2022-02-01,False,False,0.0,0.0
TX,7770.0,30.0,27400.0,27M4D7W,4096-QAM,True,1.25|10|30,A,L,B,45.71458333,-77.00833333,182.0,53.0,92.0,315.82275212246,-0.177434077593049,42.9,1.1,,A,"Andrew, Div of CommScope",USX8-7W,G,0.118,26.67042,4.8,,,MEATH (SNAKE RIVER/SUTHERLAND) ON,VAD403,010031669-006,Backhaul Network Services Inc.,2022-02-14,False,False,0.0,0.0
TX,7770.0,30.0,27400.0,27M4D7W,1024-QAM,True,1.25|10|30,A,L,B,43.97038889,-81.48444444,300.0,75.0,90.0,319.589916604447,-0.331875778655092,41.0,1.2,,A,Ericsson (Marconi/GEC),ML7/8 1.8M HPX,B,0.05,23.5413,2.3,,,Lucknow (1110 S Kinloss Ave) ON,CIJ792,010031227-005,Backhaul Network Services Inc.,2020-06-01,False,False,0.0,0.0
TX,7770.0,30.0,27400.0,27M4D7W,4096-QAM,True,1.25|10|30,A,L,B,45.39527778,-74.78416667,80.0,60.0,91.0,231.365049677538,-0.118636043881329,42.9,1.2,,A,"Andrew, Div of CommScope",HPX8-71W,G,0.1584,28.44915,4.3,,,DUNVEGAN (596 SKYE RD) ON,VEA423,010032079-004,Backhaul Network Services Inc.,2023-06-25,False,False,0.0,0.0
TX,7770.0,30.0,27400.0,27M4D7W,4096-QAM,True,1.25|10|30,A,L,B,46.28416667,-78.74944444,230.0,109.0,115.0,88.7003985456173,-0.24049386360842,41.0,1.2,,A,"Andrew, Div of CommScope",UHX6-77GE,G,0.331,29.24988,4.8,,,MATTAWA (RICHARDS RD/CHENIER RD) ON,VEL384,010073950-004,Backhaul Network Services Inc.,2022-06-30,False,False,0.0,0.0
TX,7770.0,30.0,27400.0,27M4D7W,4096-QAM,True,1.25|10|30,A,L,B,46.28538889,-81.79786111,304.0,69.0,78.0,72.5606121164815,-0.206443511107257,41.0,1.2,,A,"Andrew, Div of CommScope",UHX6-77GE,G,0.357,29.57828,4.8,,,Espanola (Hwy 17 / Hwy 6) ON,VBE649,010074312-006,Backhaul Network Services Inc.,2022-08-16,False,False,0.0,0.0
TX,7770.0,30.0,27400.0,27M4D7W,4096-QAM,True,1.25|10|30,A,L,B,46.17222222,-77.78722222,166.0,117.0,129.0,107.105754748162,0.0366449652459668,43.4,1.4,,A,"Andrew, Div of CommScope",HPX8-77,G,0.1,26.4516,4.8,,,MACKEY (38589 HWY 17) ON,VEL386,010032285-005,Backhaul Network Services Inc.,2022-03-25,False,False,0.0,0.0
TX,7770.0,30.0,27400.0,27M4D7W,4096-QAM,True,1.25|10|30,A,L,B,44.29,-76.43305556,117.0,78.0,91.0,313.708323533349,0.0906205990216136,42.9,1.1,,A,"Andrew, Div of CommScope",USX8-7W,G,0.135,27.25494,4.8,,,KINGSTON (1565 STATION RD) ON,XKU596,010078875-003,Rogers Communications Canada Inc.,2022-02-14,False,False,0.0,0.0
TX,7770.0,30.0,27400.0,27M4D7W,4096-QAM,True,1.25|10|30,A,L,B,42.20725,-82.26066667,191.0,71.6,100.0,58.0645241197358,-0.0954227629828426,43.5,1.0,,A,"Andrew, Div of CommScope",UHX8-77GD,G,0.5012,33.55171,4.8,,,Merlin (4681 Badder Line) ON,VFE358,010031377-005,Backhaul Network Services Inc.,2022-03-21,False,False,0.0,0.0
TX,7770.0,30.0,27400.0,27M4D7W,1024-QAM,True,1.25|10|30,A,L,B,45.95472222,-81.94888889,296.0,94.0,100.0,237.391027682731,-0.204406041593313,41.0,1.2,,A,"Andrew, Div of CommScope",UHX6-77,A,0.18197,30.6516,0.8,,,Little Current Town (Little Current Tn) ON,CKJ815,010069927-004,Backhaul Network Services Inc.,2020-10-15,False,False,0.0,0.0
TX,7770.0,30.0,30000.0,30M0D7WET,64-QAM,True,1.25|10|30,A,,B,42.76916667,-81.37722222,230.0,53.0,60.0,229.3,-0.13,41.0,1.2,,A,"Andrew, Div of CommScope",UHX6-77,A,0.7943092132651717,35.5515,2.3,,,SOUTHWOLD (35822 FOURTH LINE) ON,VYA743,010079036-003,Rogers Communications Canada Inc.,2015-12-31,False,False,0.0,0.0
TX,7770.0,30.0,27400.0,27M4D7W,1024-QAM,True,1.25|10|30,A,,B,43.97038889,-81.48444444,300.0,73.0,90.0,120.423257939412,0.0549795606687913,41.0,1.2,,A,"Andrew, Div of CommScope",UHX6-77,A,0.06,24.33311,2.3,,,Lucknow (1110 S Kinloss Ave) ON,CIJ792,010072282-005,Backhaul Network Services Inc.,2020-06-01,False,False,0.0,0.0
TX,7770.0,30.0,27400.0,27M4D7W,4096-QAM,True,1.25|10|30,A,L,B,43.62773889,-81.54518889,288.0,75.5,90.0,33.6346789793398,0.0914945705604767,42.9,1.1,,A,"Andrew, Div of CommScope",USX8-7W,G,0.0251188643150958,23.4516,1.3,,,CLINTON (NORTH ST N) ON,VEL940,010072285-004,Backhaul Network Services Inc.,2024-01-05,False,False,0.0,0.0
TX,7770.0,30.0,27400.0,27M4D7W,4096-QAM,True,1.25|10|30,A,L,B,44.62944444,-81.11083333,240.0,65.0,100.0,342.171715328432,-0.10140443860269,41.0,1.2,,A,"Andrew, Div of CommScope",UHX6-77,G,0.19952,27.05146,4.8,,,HEPWORTH (719828 HWY 6) ON,VFE488,010072492-006,Backhaul Network Services Inc.,2022-03-31,False,False,0.0,0.0
TX,7770.0,30.0,30000.0,30M0D7WET,64-QAM,True,1.25|10|30,A,,B,42.01083333,-82.55472222,175.0,62.0,91.0,286.980732539169,-0.0712130840241163,43.5,1.0,,A,"Andrew, Div of CommScope",UHX8-77GD,B,1.0,36.8516,4.5,,,LEAMINGTON (1315 SIDEROAD 12) ON,XJV253,010030953-005,Backhaul Network Services Inc.,2015-12-31,False,False,0.0,0.0
TX,7770.0,30.0,27400.0,27M4D7W,4096-QAM,True,1.25|10|30,A,L,B,44.90086111,-81.18658333,214.0,73.5,100.0,174.874114815215,-0.0124710697574811,41.0,1.2,,A,"Andrew, Div of CommScope",UHX6-77,G,0.2512,28.0518,4.8,,,WIARTON (126 CAMERON RD) ON,CFW586,010032739-006,Backhaul Network Services Inc.,2022-04-01,False,False,0.0,0.0
TX,7770.0,30.0,27400.0,27M4D7W,1024-QAM,True,1.25|10|30,A,M,A,43.01919444,-81.31311111,274.0,56.0,60.0,220.041954332169,-0.151291956947073,41.0,1.2,,A,"Andrew, Div of CommScope",UHX6-77,G,0.0794328234724281,20.5516,7.3,,,London (685 Fanshawe Park Rd W) ON,VEL579,010072229-004,Backhaul Network Services Inc.,2023-09-15,False,False,0.0,0.0
TX,7770.0,30.0,30000.0,30M0D7WET,64-QAM,True,1.25|10|30,A,L,B,44.72880556,-79.814,207.0,39.0,100.0,23.9875834469569,-0.0508608864933651,41.0,1.2,,A,"Andrew, Div of CommScope",UHX6-77,G,0.16,26.5928,4.3,,,Midland (15765 Hwy 12) ON,VEM274,010069393-006,Backhaul Network Services Inc.,2020-10-27,False,False,0.0,0.0
TX,7770.0,30.0,27400.0,27M4D7W,4096-QAM,True,1.25|10|30,A,L,B,44.62061111,-79.33077778,241.0,50.0,96.0,349.580385573772,-0.0808412500559458,41.0,1.2,,A,"Andrew, Div of CommScope",UHX6-77,G,0.251188643150958,28.0516,4.8,,,ORILLIA (5060 SIDEROAD 25) ON,XKX924,010069351-007,Backhaul Network Services Inc.,2024-12-27,False,False,0.0,0.0
TX,7770.0,30.0,27400.0,27M4D7W,4096-QAM,True,1.25|10|30,A,M,A,44.10719444,-78.65405556,381.0,86.0,96.0,131.419519465428,-0.583404258758194,43.5,1.0,,A,"Andrew, Div of CommScope",UHX8-77GD,G,0.0316227766016838,25.0516,1.3,,,Pontypool (464 Telecom Rd) ON,XKU583,010068766-006,Backhaul Network Services Inc.,2024-05-30,False,False,0.0,0.0
TX,7770.0,30.0,27400.0,27M4D7W,4096-QAM,True,1.25|10|30,A,L,B,42.34469722,-81.84338333,177.0,58.0,75.0,350.161918596624,0.235744732591506,40.6,1.5,,A,"Andrew, Div of CommScope",USX6-7W,G,0.1259,24.65186,4.8,,,MORPETH (18331 KENT BRIDGE RD) ON,CIN272,010032947-005,Backhaul Network Services Inc.,2022-03-01,False,False,0.0,0.0
TX,7770.0,30.0,30000.0,30M0D7WET,256-QAM,True,1.25|10|30,A,,B,44.53194444,-79.66222222,399.0,36.0,122.0,68.3,-0.516,40.6,1.6,,A,"Andrew, Div of CommScope",VHLPX6-7W,B,0.1,28.4516,0.0,,,EDGAR (CONCESSION 4) ON,CKY232,010040633-001,Point to Point Communications,2013-08-28,False,False,0.0,0.0
TX,7770.0,30.0,30000.0,30M0D7WET,64-QAM,True,1.25|10|30,A,,B,48.26305556,-89.70027778,419.0,59.0,70.0,261.374884391301,0.196686607067331,43.1,1.2,,A,RFS (Celwave/Cablewave/Phelps Dodge),DA8-W71B,B,0.251188643150958,31.2116,3.74,,,"SOUTH GILLIES(HWY595_2.5KM_Nrth_S.Gilles), ON",CIO384,010036403-002,TBAYtel - Fixed,2015-10-30,False,False,0.0,0.0
TX,7770.0,30.0,30000.0,30M0D7W,128-QAM,True,1.25|10|30,A,,B,50.07196944,-91.74628333,393.0,73.9,90.0,285.166993026217,-0.238631919669502,40.9,1.6,,A,RFS (Celwave/Cablewave/Phelps Dodge),DA6-77A,B,0.03,17.43281,6.09,,,"Alcona (Hwy 642, Lot 3 Conc 2, Drayton Twsp) ON",VEM731,010036383-002,TBAYtel - Fixed,2020-08-01,False,False,0.0,0.0
TX,7770.0,30.0,30000.0,30M0D7W,128-QAM,True,1.25|10|30,A,,B,50.07196944,-91.74628333,393.0,87.2,90.0,112.72204419724,-0.0493629939027634,45.4,1.0,,A,RFS (Celwave/Cablewave/Phelps Dodge),DA10-77A,A,0.13,27.32103,7.07,,,"Alcona (Hwy 642, Lot 3 Conc 2, Drayton Twsp) ON",VEM731,010036381-002,TBAYtel - Fixed,2020-08-01,False,False,0.0,0.0
TX,7770.0,30.0,30000.0,30M0D7W,128-QAM,True,1.25|10|30,A,,B,49.71781944,-91.21899444,443.0,42.67,80.0,13.2415072142793,0.103037345952513,43.5,1.2,,A,RFS (Celwave/Cablewave/Phelps Dodge),DA8-77A,A,0.03,21.77281,4.35,,,Valora (Hwy 599) ON,VEM729,010036379-002,TBAYtel - Fixed,2020-08-01,False,False,0.0,0.0
TX,7770.0,30.0,30000.0,30M0D7WET,256-QAM,True,1.25|10|30,B,,B,48.75972222,-92.62583333,370.0,83.0,100.0,262.102090681145,-0.119670045661445,43.3,1.6,,A,"Andrew, Div of CommScope",HP8-77,B,1.2589,33.15151,9.0,,,MINE CENTRE ON,VEK938,010036337-002,TBAYtel - Fixed,2018-03-13,False,False,0.0,0.0
TX,7770.0,30.0,30000.0,30M0D7WET,256-QAM,True,1.25|10|30,A,,B,48.75972222,-92.62583333,370.0,56.0,100.0,94.9362548795398,-0.0335403067914012,45.2,1.2,,A,"Andrew, Div of CommScope",HP10-77GE,B,1.2589,36.55151,7.5,,,MINE CENTRE ON,VEK938,010036335-002,TBAYtel - Fixed,2018-03-12,False,False,0.0,0.0
TX,7770.0,30.0,30000.0,30M0D7WET,256-QAM,True,1.25|10|30,B,,B,48.71888889,-91.57055556,474.0,113.0,122.0,271.723226871546,-0.301285848450432,45.2,1.2,,A,"Andrew, Div of CommScope",HP10-77GE,B,1.2589,33.35151,10.7,,,ATIKOKAN (BELL) ON,VEK936,010036333-002,TBAYtel - Fixed,2018-03-12,False,False,0.0,0.0
TX,7770.0,30.0,30000.0,30M0D7WET,256-QAM,True,1.25|10|30,B,,B,48.71888889,-91.57055556,474.0,112.0,122.0,96.9601714080266,-0.251392534806945,45.2,1.2,,A,"Andrew, Div of CommScope",HP10-77GE,B,1.2589,34.25151,9.8,,,ATIKOKAN (BELL) ON,VEK936,010036331-002,TBAYtel - Fixed,2018-03-12,False,False,0.0,0.0
TX,7770.0,30.0,30000.0,30M0D7WET,256-QAM,True,1.25|10|30,B,,B,48.65194444,-90.71472222,479.0,122.0,125.0,276.592332244354,-0.266037543895787,45.2,1.2,,A,"Andrew, Div of CommScope",HP10-77GE,B,1.2589,32.75151,11.3,,,HURONIAN ON,VEK934,010036329-002,TBAYtel - Fixed,2018-03-12,False,False,0.0,0.0
TX,7770.0,30.0,30000.0,30M0D7W,128-QAM,True,1.25|10|30,A,L,B,48.61216667,-89.97244444,475.0,35.8,36.0,283.245029391275,0.0047791104950513,40.8,0.4,,A,RFS (Celwave/Cablewave/Phelps Dodge),DAX6-77B,A,0.13,25.09103,4.7,,,Shabaqua Corners (Mabella Rd / Hwy 11) ON,VEK932,010036327-002,TBAYtel - Fixed,2021-01-18,False,False,0.0,0.0
TX,7770.0,30.0,27400.0,27M4D7W,4096-QAM,True,1.25|10|30,A,,B,44.39166667,-76.665,173.0,77.0,100.0,25.0293995365104,0.0354006446557222,41.0,1.2,,A,"Andrew, Div of CommScope",UHX6-77,G,0.2512,28.0518,4.8,,,HARROWSMITH (4483 HWY 38) ON,VEL360,010033633-004,Backhaul Network Services Inc.,2022-03-31,False,False,0.0,0.0
TX,7770.0,30.0,27400.0,27M4D7W,4096-QAM,True,1.25|10|30,A,L,B,44.07119444,-80.80038889,402.0,54.0,100.0,200.44406056823,-0.0669589280528291,42.9,1.1,,A,"Andrew, Div of CommScope",USX8-7W,G,0.0251188643150958,23.4516,1.3,,,Orchardville (312218 Hwy 6) ON,CKT817,010033587-004,Backhaul Network Services Inc.,2023-09-08,False,False,0.0,0.0
TX,7770.0,30.0,27300.0,27M3D7WET,512-QAM,True,1.25|10|30,A,L,B,46.21891667,-82.56541667,234.0,55.0,108.0,1.33240283914107,0.297000561126899,40.4,1.4,,A,"Andrew, Div of CommScope",HPX6-71W,A,0.1585,28.45189,1.8,,,Spanish River (ON-108 / Hwy 17) ON,VBE696,010033537-005,Backhaul Network Services Inc.,2021-01-12,False,False,0.0,0.0
TX,7770.0,30.0,27400.0,27M4D7W,4096-QAM,True,1.25|10|30,A,L,B,43.34525,-81.11430556,343.0,53.0,112.0,289.088804460639,-0.0633140119471342,40.6,1.5,,A,"Andrew, Div of CommScope",USX6-7W,G,0.315,28.63471,4.8,,,Avonton (4736 Perth Line 20) ON,XKX950,010033231-003,Backhaul Network Services Inc.,2022-03-01,False,False,0.0,0.0
TX,7770.0,30.0,27400.0,27M4D7W,4096-QAM,True,1.25|10|30,A,L,B,44.23072222,-80.28958333,518.0,46.0,66.0,138.254459926962,-0.126300599987421,42.9,1.2,,A,"Andrew, Div of CommScope",HPX8-71W,G,0.186,28.64673,4.8,,,Shrigley (240 Sdrd / 10th Line NE) ON,XJV217,010033147-005,Backhaul Network Services Inc.,2022-03-30,False,False,0.0,0.0
TX,7770.0,30.0,27400.0,27M4D7W,1024-QAM,True,1.25|10|30,A,L,B,43.18596389,-80.781525,321.0,60.0,90.0,335.289163578764,0.0317177500981695,41.0,1.2,,A,"Andrew, Div of CommScope",UHX6-77GE,B,0.0794328234724281,24.5516,3.3,,,WILLOW LAKE (595638 HWY 59) ON,VEL442,010033123-003,Backhaul Network Services Inc.,2022-12-13,False,False,0.0,0.0
TX,7770.0,30.0,27400.0,27M4D7W,4096-QAM,True,1.25|10|30,A,L,B,45.00472222,-78.71138889,324.0,84.0,137.0,335.688021907568,0.104029192954357,41.0,1.2,,A,"Andrew, Div of CommScope",UHX6-77,G,0.25118,28.05145,4.8,,,MINDEN(TWELVE MILE LAKE R/TAYLOR)ON,VAD406,010032559-004,Backhaul Network Services Inc.,2022-03-31,False,False,0.0,0.0
TX,7770.0,30.0,30000.0,30M0D7WET,64-QAM,True,1.25|10|30,A,,B,42.04416667,-82.92505556,192.0,36.0,48.0,344.169211234109,0.0325603257783556,40.4,1.4,,A,"Andrew, Div of CommScope",HPX6-71W,A,0.03981071705534973,23.4516,0.8,,,HARROW (700 ROSEBOROUGH RD) ON,CHX407,010032465-005,Rogers Communications Canada Inc.,2017-01-06,False,False,0.0,0.0
TX,7770.0,30.0,27400.0,27M4D7W,4096-QAM,True,1.25|10|30,A,L,B,45.09055556,-75.21333333,73.0,81.0,100.0,163.044681723079,-0.0460416873907348,42.9,1.1,,A,"Andrew, Div of CommScope",USX8-7W,G,0.145,27.56528,4.8,,,DUNBAR (COUNTY RD 7/43) ON,CHX746,010032457-005,Backhaul Network Services Inc.,2022-02-14,False,False,0.0,0.0
TX,7770.0,30.0,30000.0,30M0D7WET,128-QAM,True,1.25|10|30,A,,B,42.93166667,-78.98305556,189.0,43.0,48.0,269.0,-0.068,43.4,1.4,,A,"Andrew, Div of CommScope",HPX8-77,A,0.3981,35.9516,1.3,,,FORT ERIE (QEW HWY / BOWEN RD) ON,VFG289,010032365-001,Rogers Communications Canada Inc.,2011-04-01,False,False,0.0,0.0
TX,7770.0,30.0,27400.0,27M4D7W,4096-QAM,True,1.25|10|30,A,L,B,46.22505,-79.35275556,225.0,78.5,94.0,76.0904660582005,0.092729125009158,41.0,1.2,,A,"Andrew, Div of CommScope",UHX6-77,G,0.501187233627272,31.0516,4.8,,,CALLANDER (DERLAND RD/HWY 11) ON,XKX944,010032291-007,Backhaul Network Services Inc.,2025-11-04,False,False,0.0,0.0
TX,7770.0,30.0,30000.0,30M0D7WET,512-QAM,True,1.25|10|30,A,,B,45.34,-75.57472222,88.0,53.0,61.0,109.51686550934,-0.104045934479606,45.2,1.2,,A,"Andrew, Div of CommScope",UHX10-77GD,B,0.1259,21.25186,12.8,,,OTTAWA (3800 LEITRIM RD) ON,VEA994,010032159-005,Backhaul Network Services Inc.,2018-04-20,False,False,0.0,0.0
TX,7770.0,30.0,27400.0,27M4D7W,4096-QAM,True,1.25|10|30,A,,B,44.38194444,-76.00944444,110.0,80.2,91.0,245.24123449488,-0.0788122427396143,41.0,1.2,,A,"Andrew, Div of CommScope",UHX6-77GE,G,0.257,28.15093,4.8,,,LANSDOWNE (525 REYNOLDS RD) ON,VEA481,010032107-004,Backhaul Network Services Inc.,2022-02-11,False,False,0.0,0.0
TX,7770.0,30.0,27400.0,27M4D7W,1024-QAM,True,1.25|10|30,A,L,B,45.39522222,-74.78416667,80.0,55.2,91.0,36.5924228410147,0.0899012467355274,42.9,1.2,,A,"Andrew, Div of CommScope",HPX8-71W,B,0.1,25.4516,5.3,,,Skye (596 Skye Rd) ON,VEA423,010032077-006,Backhaul Network Services Inc.,2022-07-01,False,False,0.0,0.0
TX,7770.0,30.0,27400.0,27M4D7W,4096-QAM,True,1.25|10|30,A,L,B,45.01972222,-74.9625,81.0,44.2,60.0,74.4501905901862,-0.0198840397515069,43.5,1.0,,A,"Andrew, Div of CommScope",UHX8-77GD,G,0.107,26.84544,4.8,,,INGLESIDE (5400 SHAVER RD) ON,VDE895,010031877-007,Backhaul Network Services Inc.,2025-09-23,False,False,0.0,0.0
TX,7770.0,30.0,27400.0,27M4D7W,4096-QAM,True,1.25|10|30,A,L,B,46.21888889,-82.5655,234.0,94.0,108.0,266.628492231255,-0.198481792000801,43.5,1.0,,A,"Andrew, Div of CommScope",UHX8-77GD,G,0.501,33.54998,4.8,,,Serpent River (ON-108 / Hwy 17) ON,VBE696,010031865-003,Backhaul Network Services Inc.,2023-11-29,False,False,0.0,0.0
TX,7770.0,30.0,27400.0,27M4D7W,1024-QAM,True,1.25|10|30,A,,B,42.25555556,-82.54444444,183.0,48.0,65.0,285.967704652718,-0.114636075300141,43.5,1.0,,A,"Andrew, Div of CommScope",UHX8-77GD,G,0.079,26.52787,3.8,,,Comber (7500 Lakeshore Rd 305) ON,XKU581,010031815-005,Backhaul Network Services Inc.,2019-07-08,False,False,0.0,0.0
TX,7770.0,30.0,27400.0,27M4D7W,4096-QAM,True,1.25|10|30,A,L,B,44.31413889,-79.01522222,290.0,72.3,91.0,160.703188554149,-0.159476700899459,43.5,1.0,,A,"Andrew, Div of CommScope",UHX8-77GD,G,0.19275,29.40154,4.8,,,Manilla (2102 Concession 9 Brock) ON,XKU559,010031733-003,Backhaul Network Services Inc.,2022-02-01,False,False,0.0,0.0
TX,7770.0,30.0,27400.0,27M4D7W,4096-QAM,True,1.25|10|30,A,L,B,42.62833333,-80.47722222,192.0,76.8,91.0,278.422893832403,-0.0797155982096535,41.0,1.2,,A,"Andrew, Div of CommScope",UHX6-77,G,0.5012,31.05171,4.8,,,PORT ROWAN (1029 1ST CONCESSION RD) ON,VEL318,010031551-004,Backhaul Network Services Inc.,2022-03-11,False,False,0.0,0.0
TX,7770.0,30.0,27400.0,27M4D7W,4096-QAM,True,1.25|10|30,A,L,B,45.18583333,-74.89583333,109.0,63.5,100.0,345.269455294259,-0.17864268038225,41.0,1.2,,A,Ericsson (Marconi/GEC),ML7/8 1.8M HPX,G,0.1584,26.54915,4.3,,,MONKLAND(HWY 43/ROXBOROUGH GRDNS) ON,VEM624,010031547-004,Backhaul Network Services Inc.,2023-06-25,False,False,0.0,0.0
TX,7770.0,30.0,27400.0,27M4D7W,4096-QAM,True,1.25|10|30,A,L,B,44.84527778,-75.33638889,85.0,60.0,100.0,55.7622640437422,0.0135080963368396,43.5,1.0,,A,"Andrew, Div of CommScope",UHX8-77GD,G,0.112,27.04378,4.8,,,IROQUOIS (HWY 401/CARMAN RD) ON,VEM483,010031523-004,Backhaul Network Services Inc.,2022-02-14,False,False,0.0,0.0
TX,7770.0,30.0,27400.0,27M4D7W,4096-QAM,True,1.25|10|30,A,L,B,44.28741667,-81.26630556,244.0,52.1,100.0,89.6305485202388,0.099384029569825,41.0,1.2,,A,"Andrew, Div of CommScope",UHX6-77,G,0.0501187233627272,24.5516,1.3,,,Paisley (Bruce Rd 3 / CR-2A) ON,VEL679,010031419-006,Backhaul Network Services Inc.,2023-08-22,False,False,0.0,0.0
TX,7770.0,30.0,27400.0,27M4D7W,4096-QAM,True,1.25|10|30,A,L,B,42.96671389,-81.55793889,239.0,73.0,78.0,359.053170407275,-0.0435746553461683,40.6,1.5,,A,"Andrew, Div of CommScope",USX6-7W,G,0.0630957344480193,25.1516,1.3,,,STRATHROY (8727 WALKERS DR) ON,VBE678,010031383-005,Backhaul Network Services Inc.,2022-07-15,False,False,0.0,0.0
TX,7770.0,30.0,27400.0,27M4D7W,4096-QAM,True,1.25|10|30,A,L,B,43.72619444,-81.25902778,345.0,69.5,100.0,217.033371374577,-0.116609492904273,42.9,1.1,,A,"Andrew, Div of CommScope",USX8-7W-6GF,G,0.0230674718872007,23.0816,1.3,,,BRUSSELS (42655 CRANBROOK RD) ON,VFE310,010031355-006,Backhaul Network Services Inc.,2023-02-03,False,False,0.0,0.0
TX,7770.0,30.0,27400.0,27M4D7W,4096-QAM,True,1.25|10|30,A,L,B,44.90777778,-75.93944444,109.0,47.2,110.0,177.686754621349,0.00824481886884791,43.5,1.0,,A,"Andrew, Div of CommScope",UHX8-77GD,G,0.18,29.10433,4.8,,,SMITHS FALLS (371 ROSEDALE RD S) ON,XJV248,010031251-005,Backhaul Network Services Inc.,2022-02-14,False,False,0.0,0.0
TX,7770.0,30.0,27400.0,27M4D7W,4096-QAM,True,1.25|10|30,A,L,B,43.21662778,-81.44132222,290.0,75.0,80.0,44.7572387103715,0.0182395723580278,42.9,1.1,,A,"Andrew, Div of CommScope",USX8-7W,G,0.0251188643150958,23.4516,1.3,,,LUCAN (MCGILLVRAY  RICHMOND ST) ON,CKO264,010031181-004,Backhaul Network Services Inc.,2024-04-26,False,False,0.0,0.0
TX,7770.0,30.0,27400.0,27M4D7W,4096-QAM,True,1.25|10|30,A,L,B,44.21745,-77.82135833,150.0,60.4,100.0,285.470174179826,0.459696106871235,40.6,1.5,,A,"Andrew, Div of CommScope",USX6-7W,G,0.0398107170553497,23.1516,1.3,,,CODRINGTON (15608 COUNTY RD) ON,VEL960,010031137-004,Backhaul Network Services Inc.,2023-07-31,False,False,0.0,0.0
TX,7770.0,30.0,27400.0,27M4D7W,4096-QAM,True,1.25|10|30,A,L,B,42.01258333,-82.55230556,175.0,51.2,91.0,44.1691213681119,0.0489497470047775,43.5,1.0,,A,"Andrew, Div of CommScope",UHX8-77GD,G,0.123,27.45065,4.8,,,LEAMINGTON (1315 SIDEROAD 12) ON,XJV253,010030951-006,Backhaul Network Services Inc.,2022-03-10,False,False,0.0,0.0
TX,7770.0,30.0,30000.0,30M0D7WET,64-QAM,True,1.25|10|30,A,L,B,45.42611111,-76.3,96.0,115.0,122.0,107.213338887292,-0.208314188972333,42.9,1.2,,A,"Andrew, Div of CommScope",HPX8-71W,B,0.1,29.9516,0.8,,,MARSHALL BAY (THOMAS ELLIOT/HWY17) ON,XJV249,010030935-006,Backhaul Network Services Inc.,2020-09-25,False,False,0.0,0.0
TX,7770.0,30.0,27400.0,27M4D7W,4096-QAM,True,1.25|10|30,A,L,B,45.42611111,-76.3,104.0,115.3,121.9,262.954475335656,0.0291128873940534,42.9,1.2,,A,"Andrew, Div of CommScope",HPX8-71W,G,0.274,30.32911,4.8,,,MARSHALL BAY (THOMAS ELLIOT/HWY17)  ON,XJV249,010030933-007,Backhaul Network Services Inc.,2022-02-14,False,False,0.0,0.0
TX,7740.0,30.0,27400.0,27M4D7W,4096-QAM,True,1.25|10|30,A,L,B,44.92416667,-77.88183333,372.0,49.0,90.0,292.873220143044,0.164010838234487,42.9,1.1,,A,"Andrew, Div of CommScope",USX8-7W,G,0.0398107170553497,25.4516,1.3,,,Wollaston (3428 LOWER FARADAY RD) ON,CIZ224,011126482-001,Backhaul Network Services Inc.,2026-05-01,False,False,0.0,0.0
TX,7740.0,30.0,27400.0,27M4D7W,4096-QAM,True,1.25|10|30,A,M,A,44.21625,-79.17238333,281.0,51.0,91.0,7.98388242307575,-0.0666554964910294,40.8,1.5,,A,"Andrew, Div of CommScope",HX6-7W,G,0.0371535229097172,23.0516,1.3,,,UXBRIDGE (12680 REGIONAL RD 1) ON,CIN670,010069413-006,Backhaul Network Services Inc.,2025-09-18,False,False,0.0,0.0
TX,7740.0,30.0,27400.0,27M4D7W,4096-QAM,True,1.25|10|30,A,L,B,44.33223611,-81.44403056,238.0,59.0,65.0,21.3111114674811,-0.142898347370973,40.6,1.5,,A,"Andrew, Div of CommScope",USX6-7W,G,0.125892541179417,28.1516,1.3,,,KINCARDINE (1111 CONCESSION ROAD 10)ON,CHY669,011067078-002,Backhaul Network Services Inc.,2025-01-24,False,False,0.0,0.0
TX,7740.0,30.0,27400.0,27M4D7W,4096-QAM,True,1.25|10|30,A,L,B,45.03623611,-76.15588333,140.0,55.0,91.5,198.780297372027,-0.0275429347312132,42.9,1.1,,A,"Andrew, Div of CommScope",USX8-7W,G,0.0794328234724281,28.9516,0.8,,,CARLETON PLACE (2643 LINE 7 CARLETON PLACE) ON,CHY536,011037686-002,Backhaul Network Services Inc.,2025-01-17,False,False,0.0,0.0
TX,7740.0,30.0,27400.0,27M4D7W,4096-QAM,True,1.25|10|30,A,L,B,44.48569444,-78.11305556,239.0,65.0,91.0,132.657403062888,-0.0823157432764836,40.6,1.5,,A,"Andrew, Div of CommScope",USX6-7W,G,0.0630957344480193,25.1516,1.3,,,Hall Glen (1390 Fourth Line Rd) ON,CHY279,011034759-002,Backhaul Network Services Inc.,2024-11-30,False,False,0.0,0.0
TX,7740.0,30.0,27400.0,27M4D7W,4096-QAM,True,1.25|10|30,A,L,B,44.85077778,-76.36874167,154.0,70.0,122.0,291.014555602157,0.133357760323599,40.6,1.5,,A,"Andrew, Div of CommScope",USX6-7W,G,0.125892541179417,28.1516,1.3,,,Perth (236 Cameron Side Rd) ON,CHD911,011020853-002,Backhaul Network Services Inc.,2024-11-08,False,False,0.0,0.0
TX,7740.0,30.0,30000.0,30M0D7W,1024-QAM,True,1.25|10|30,A,L,B,44.09044444,-77.21288889,105.0,42.0,79.0,313.605635447143,-0.114779754675644,40.8,1.5,,A,"Andrew, Div of CommScope",HX6-7W,G,0.501187233627272,31.3516,4.3,,,Demorestville (50 CR-14) ON,CHF325,011044336-002,Backhaul Network Services Inc.,2024-06-17,False,False,0.0,0.0
TX,7740.0,30.0,27400.0,27M4D7W,4096-QAM,True,1.25|10|30,A,L,B,45.41183333,-75.05644444,56.0,70.0,90.0,242.146983460261,-0.00248262987011346,42.9,1.1,,A,"Andrew, Div of CommScope",USX8-7W,G,0.125892541179417,30.4516,1.3,,,Casselman (1799 County Rd 16) ON,CHD883,011020858-002,Backhaul Network Services Inc.,2024-06-07,False,False,0.0,0.0
TX,7740.0,30.0,27400.0,27M4D7W,4096-QAM,True,1.25|10|30,A,L,B,44.64944444,-75.62805556,109.0,70.0,80.0,342.696515413389,-0.0765509648492572,42.9,1.1,,A,"Andrew, Div of CommScope",USX8-7W,G,0.125892541179417,30.4516,1.3,,,MAITLAND (22A JONES CRT) ON,CHD866,011021598-002,Backhaul Network Services Inc.,2024-04-12,False,False,0.0,0.0
TX,7740.0,30.0,27400.0,27M4D7W,4096-QAM,True,1.25|10|30,A,L,B,42.8435,-80.66961111,243.0,72.0,91.4,117.804238742584,-0.124376343418247,40.6,1.5,,A,"Andrew, Div of CommScope",USX6-7W,G,0.501187233627272,30.9516,4.5,,,TILSONBURG (889 GOSHEN RD) ON,XKX937,010958911-002,Backhaul Network Services Inc.,2023-01-30,False,False,0.0,0.0
TX,7740.0,30.0,27400.0,27M4D7W,4096-QAM,True,1.25|10|30,A,L,B,45.34005556,-80.00744444,222.0,75.0,100.0,66.473256460528,0.186545815983948,41.0,1.2,,A,"Andrew, Div of CommScope",UHX6-77GE,G,0.362,29.63869,4.8,,,Parry Sound (5 Oastler Park Dr) ON,VYA282,010068730-003,Backhaul Network Services Inc.,2022-07-19,False,False,0.0,0.0
TX,7740.0,30.0,27400.0,27M4D7W,4096-QAM,True,1.25|10|30,A,L,B,44.39163889,-76.66541667,173.0,50.0,100.0,355.212015545208,-0.121765734545069,42.9,1.1,,A,"Andrew, Div of CommScope",USX8-7W,G,0.129,27.0575,4.8,,,HARROWSMITH (4483 HWY 38) ON,VEL360,010032237-004,Backhaul Network Services Inc.,2022-02-18,False,False,0.0,0.0
TX,7740.0,30.0,27400.0,27M4D7W,4096-QAM,True,1.25|10|30,A,L,B,42.72984722,-81.71005278,220.0,76.0,97.0,53.6017529170472,-0.0630353881722537,40.6,1.5,,A,"Andrew, Div of CommScope",USX6-7W,G,0.2512,27.6518,4.8,,,GLENCOE (3438 CENTREVILLE DR) ON,CJL850,010033157-003,Backhaul Network Services Inc.,2022-03-28,False,False,0.0,0.0
TX,7740.0,30.0,27400.0,27M4D7W,4096-QAM,True,1.25|10|30,A,L,B,45.09055556,-75.21333333,73.0,81.0,100.0,163.044681723079,-0.0460416873907348,42.9,1.1,,A,"Andrew, Div of CommScope",USX8-7W,G,0.145,27.56528,4.8,,,DUNBAR (COUNTY RD 7/43) ON,CHX746,010032457-005,Backhaul Network Services Inc.,2022-02-14,False,False,0.0,0.0
TX,7740.0,30.0,30000.0,30M0D7W,128-QAM,True,1.25|10|30,A,,B,49.71781944,-91.21899444,443.0,42.67,80.0,13.2415072142793,0.103037345952513,43.5,1.2,,A,RFS (Celwave/Cablewave/Phelps Dodge),DA8-77A,A,0.03,21.77281,4.35,,,Valora (Hwy 599) ON,VEM729,010036379-002,TBAYtel - Fixed,2020-08-01,False,False,0.0,0.0
TX,7740.0,30.0,30000.0,30M0D7W,128-QAM,True,1.25|10|30,A,,B,50.07196944,-91.74628333,393.0,73.9,90.0,285.166993026217,-0.238631919669502,40.9,1.6,,A,RFS (Celwave/Cablewave/Phelps Dodge),DA6-77A,B,0.03,17.43281,6.09,,,"Alcona (Hwy 642, Lot 3 Conc 2, Drayton Twsp) ON",VEM731,010036383-002,TBAYtel - Fixed,2020-08-01,False,False,0.0,0.0
TX,7740.0,30.0,30000.0,30M0D7W,128-QAM,True,1.25|10|30,A,,B,50.07196944,-91.74628333,393.0,87.2,90.0,112.72204419724,-0.0493629939027634,45.4,1.0,,A,RFS (Celwave/Cablewave/Phelps Dodge),DA10-77A,A,0.13,27.32103,7.07,,,"Alcona (Hwy 642, Lot 3 Conc 2, Drayton Twsp) ON",VEM731,010036381-002,TBAYtel - Fixed,2020-08-01,False,False,0.0,0.0
TX,7740.0,30.0,27400.0,27M4D7W,4096-QAM,True,1.25|10|30,A,L,B,45.42611111,-76.3,104.0,115.3,121.9,262.954475335656,0.0291128873940534,42.9,1.2,,A,"Andrew, Div of CommScope",HPX8-71W,G,0.274,30.32911,4.8,,,MARSHALL BAY (THOMAS ELLIOT/HWY17)  ON,XJV249,010030933-007,Backhaul Network Services Inc.,2022-02-14,False,False,0.0,0.0
TX,7740.0,30.0,27400.0,27M4D7W,4096-QAM,True,1.25|10|30,A,L,B,45.3,-79.27666667,350.0,66.8,122.0,56.3416254721856,0.0936785151477012,41.1,1.6,,A,RFS (Celwave/Cablewave/Phelps Dodge),UXA6-78B,G,0.501,31.14998,4.8,,,HUNTSVILLE (MADILL CHURCH RD.)  ON,XKX922,010072263-004,Backhaul Network Services Inc.,2022-06-30,False,False,0.0,0.0
TX,7740.0,30.0,30000.0,30M0D7WET,256-QAM,True,1.25|10|30,A,,B,45.34,-75.57472222,88.0,50.0,61.0,66.6575896813279,-0.135748757124414,42.9,1.2,,A,"Andrew, Div of CommScope",HPX8-71W,B,1.0,38.2516,2.5,,,OTTAWA (3800 LEITRIM RD) ON,VEA994,010030807-006,Backhaul Network Services Inc.,2018-04-20,False,False,0.0,0.0
TX,7740.0,30.0,27400.0,27M4D7W,4096-QAM,True,1.25|10|30,A,L,B,44.62061111,-79.33077778,241.0,50.0,96.0,349.580385573772,-0.0808412500559458,41.0,1.2,,A,"Andrew, Div of CommScope",UHX6-77,G,0.251188643150958,28.0516,4.8,,,ORILLIA (5060 SIDEROAD 25) ON,XKX924,010069351-007,Backhaul Network Services Inc.,2024-12-27,False,False,0.0,0.0
TX,7740.0,30.0,27400.0,27M4D7W,4096-QAM,True,1.25|10|30,A,L,B,42.59963889,-82.41511111,176.0,34.5,45.0,103.725875719602,0.0198641524462516,42.9,1.1,,A,"Andrew, Div of CommScope",USX8-7W,G,0.1585,27.95189,4.8,,,WALLACEBURG (29452 RUNNING CRK) ON,CYF451,010031979-005,Backhaul Network Services Inc.,2022-03-15,False,False,0.0,0.0
TX,7740.0,30.0,27400.0,27M4D7W,4096-QAM,True,1.25|10|30,A,L,B,43.98911389,-78.125,160.0,58.0,91.0,76.8597615960752,0.139284799082131,41.0,1.2,,A,"Andrew, Div of CommScope",UHX6-77GE,G,0.501187233627272,31.0516,4.8,,,Cobourg (Hill 60 Rd) ON,XKU590,010030835-006,Backhaul Network Services Inc.,2025-09-02,False,False,0.0,0.0
TX,7740.0,30.0,27400.0,27M4D7W,4096-QAM,True,1.25|10|30,A,L,B,44.74805556,-78.08444444,326.0,68.3,90.0,199.571990028443,-0.232852104189236,45.3,1.0,,A,"Andrew, Div of CommScope",HPX10-77,G,0.0531,25.60255,4.8,,,APSLEY (HWY 28 @APSLEY) ON,VYA249,010067845-004,Backhaul Network Services Inc.,2022-03-31,False,False,0.0,0.0
TX,7740.0,30.0,27500.0,27M5D7WET,64-QAM,True,1.25|10|30,A,,B,45.4325,-76.41166667,122.0,54.0,90.0,278.9,0.115,43.6,1.2,,A,RFS (Celwave/Cablewave/Phelps Dodge),UXA8-78A,B,0.2512,30.9516,4.5,,,ARNPRIOR (ON0872)  ON,CIJ648,010037237-001,TELUS Communications Inc.,2013-02-07,False,False,0.0,0.0
TX,7740.0,30.0,30000.0,30M0D7W,64-QAM,True,1.25|10|30,A,,B,42.178,-82.7355,190.0,40.0,48.0,332.630218708117,-0.092713431791781,41.1,1.6,,A,RFS (Celwave/Cablewave/Phelps Dodge),UXA6-78B,G,0.16,26.4928,4.5,,,Lakeshore (1544 CR-8) ON,CIH547,010037143-004,TELUS Communications Inc.,2020-01-01,False,False,0.0,0.0
TX,7740.0,30.0,27500.0,27M5D7WET,64-QAM,True,1.25|10|30,A,,B,45.88444444,-77.285,151.0,40.0,48.0,120.6,0.067,41.1,1.6,,A,RFS (Celwave/Cablewave/Phelps Dodge),UXA6-78B,A,0.2512,28.4516,4.5,,,PETAWAWA (ON0876) ON,CFW933,010036871-001,TELUS Communications Inc.,2014-04-01,False,False,0.0,0.0
TX,7740.0,30.0,27500.0,27M5D7WET,64-QAM,True,1.25|10|30,A,,B,45.625,-76.89388889,146.0,88.0,90.0,135.5,-0.027,43.6,1.2,,A,RFS (Celwave/Cablewave/Phelps Dodge),UXA8-78A,A,0.2512,30.9516,4.5,,,COBDEN (ON0874) ON,CFW904,010036867-001,TELUS Communications Inc.,2014-01-23,False,False,0.0,0.0
TX,7740.0,30.0,30000.0,30M0D7W,128-QAM,True,1.25|10|30,A,,B,49.84361111,-93.44083333,433.0,79.0,107.0,23.6708693159721,-0.110433019484194,45.3,1.0,,A,"Andrew, Div of CommScope",HPX10-77,G,0.2,34.4619,1.7,,,"Vermillion Bay (Tower Road/Hwy 17), ON",VFF548,010036471-002,TBAYtel - Fixed,2019-10-01,False,False,0.0,0.0
TX,7740.0,30.0,30000.0,30M0D7W,128-QAM,True,1.25|10|30,A,,B,50.32083333,-93.175,401.0,63.1,107.0,193.028604935235,0.0633001897416479,43.4,1.4,,A,"Andrew, Div of CommScope",HPX8-77,G,0.02,22.5619,1.7,,,"Perrault Falls (Hwy 105/Perrault Lake), ON",VFF542,010036469-002,TBAYtel - Fixed,2019-10-01,False,False,0.0,0.0
TX,7740.0,30.0,30000.0,30M0D7W,128-QAM,True,1.25|10|30,A,,B,50.89666667,-93.62833333,415.0,85.3,107.0,135.396293407909,-0.200030981513695,45.3,1.0,,A,"Andrew, Div of CommScope",HPX10-77,G,0.03,26.22281,1.7,,,Gullrock (Hwy 105/Gullrock Lake),VFF543,010036467-002,TBAYtel - Fixed,2019-10-01,False,False,0.0,0.0
TX,7740.0,30.0,30000.0,30M0D7W,128-QAM,True,1.25|10|30,A,,B,50.32083333,-93.175,401.0,89.9,107.0,353.567051718583,-0.179546093868588,45.3,1.0,,A,"Andrew, Div of CommScope",HPX10-77,G,0.02,24.4619,1.7,,,Perrault Falls (Hwy 105/Perrault Lake),VFF542,010036465-002,TBAYtel - Fixed,2019-10-01,False,False,0.0,0.0
TX,7740.0,30.0,30000.0,30M0D7W,128-QAM,True,1.25|10|30,A,,B,50.89666667,-93.62833333,415.0,39.2,107.0,313.584848842503,-0.0968989842789683,40.7,1.6,,A,"Andrew, Div of CommScope",HPX6-77,G,0.03,21.62281,1.7,,,Gullrock (Hwy 105/Gullrock Lake),VFF543,010036463-002,TBAYtel - Fixed,2019-10-01,False,False,0.0,0.0
TX,7740.0,30.0,30000.0,30M0D7W,128-QAM,True,1.25|10|30,A,,B,49.71781944,-91.21899444,443.0,79.4,80.0,221.269633866854,-0.136022337481906,45.4,1.0,,A,RFS (Celwave/Cablewave/Phelps Dodge),DA10-77A,B,0.1,26.7016,6.55,,,Valora (Hwy 599) ON,VEM729,010036377-002,TBAYtel - Fixed,2020-08-01,False,False,0.0,0.0
TX,7740.0,30.0,27400.0,27M4D7W,4096-QAM,True,1.25|10|30,A,L,B,42.65797222,-82.47566667,177.0,75.0,90.0,70.9950948196544,-0.0448624166320429,42.9,1.1,,A,"Andrew, Div of CommScope",USX8-7W-6GF,G,0.0255858588690565,23.5316,1.3,,,Port Lambton (116 West Lambton Line) ON,CHX542,010032429-005,Backhaul Network Services Inc.,2023-11-20,False,False,0.0,0.0
TX,7740.0,30.0,27400.0,27M4D7W,4096-QAM,True,1.25|10|30,A,M,A,42.15611111,-82.80305556,194.0,31.0,49.0,263.352473158631,-0.000904804295262,42.9,1.2,,A,"Andrew, Div of CommScope",HPX8-71W,G,0.078,24.87255,4.8,,,ESSEX (72 GOSFIELD TOWNLINE W) ON,CYF458,010031139-005,Backhaul Network Services Inc.,2022-01-25,False,False,0.0,0.0
TX,7740.0,30.0,27400.0,27M4D7W,4096-QAM,True,1.25|10|30,A,L,B,44.36959167,-77.36589722,177.0,48.0,94.5,184.074256306898,-0.228349968859479,40.6,1.5,,A,"Andrew, Div of CommScope",USX6-7W,G,0.125892541179417,28.1516,1.3,,,ROSLIN (1905 MOIRA RD) ON,VEL878,010031087-006,Backhaul Network Services Inc.,2025-11-07,False,False,0.0,0.0
TX,7740.0,30.0,30000.0,30M0D7WET,128-QAM,True,1.25|10|30,A,,B,41.76361111,-82.68861111,175.0,38.0,46.0,9.9,-0.064,41.1,1.6,,A,RFS (Celwave/Cablewave/Phelps Dodge),UXA6-78B,A,1.5849,35.0516,5.9,,,PELEE ISLAND (1047 W SHORE RD) ON,CGC267,010030659-001,Bell Canada - Wireless Mgmt Office,2012-11-01,False,False,0.0,0.0
RX,8270.0,10.0,10000.0,10M0D7WET,128-QAM,True,1.25|10,A,,B,43.86388889,-78.88388889,91.0,40.0,76.0,238.8,0.177,40.8,2.0,,A,"Andrew, Div of CommScope",HP6-82,B,,,0.4,-80.0,-104.6,OSHAWA (1002 THORNTON RD S) ON,CKJ738,010029903-001,Metrolinx,2013-07-16,False,False,0.0,0.0
RX,8250.0,30.0,27400.0,27M4D7W,4096-QAM,True,1.25|10|30,A,L,B,45.50027778,-77.55416667,374.0,85.5,100.0,68.6913208142898,-0.505782611992307,40.6,1.5,,A,"Andrew, Div of CommScope",USX6-7W,G,,,1.3,-69.7,-86.5,Wilno (719 Wilno South Rd) ON,CHG228,010032451-005,Backhaul Network Services Inc.,2023-10-20,False,False,0.0,0.0
RX,8250.0,30.0,27400.0,27M4D7W,4096-QAM,True,1.25|10|30,A,L,B,45.18578333,-74.89576111,110.0,66.0,100.0,43.1059470283145,-0.0740957769533239,40.8,1.5,,A,"Andrew, Div of CommScope",HX6-7W,G,,,4.8,-65.4,-86.0,MONKLAND (17082 ROXBOROUGH GARDENS RD) ON,CHQ545,010992490-002,Backhaul Network Services Inc.,2023-07-10,False,False,0.0,0.0
RX,8250.0,30.0,27400.0,27M4D7W,4096-QAM,True,1.25|10|30,A,L,B,45.42611111,-76.3,104.0,62.0,96.0,132.188492500025,0.0882066555243318,40.6,1.5,,A,"Andrew, Div of CommScope",USX6-7W,G,,,4.8,-68.0,-86.0,Arnprior (THOMAS ELLIOT/HWY17) ON,XJV249,010918272-002,Backhaul Network Services Inc.,2022-01-28,False,False,0.0,0.0
RX,8250.0,30.0,30000.0,30M0D7WET,64-QAM,True,1.25|10|30,A,L,B,42.07402778,-82.6645,230.0,40.0,70.0,175.265048193159,-0.190639628129317,40.8,2.0,,A,"Andrew, Div of CommScope",HP6-77,B,,,10.5,-68.73,-109.0,Olinda (1739 Road 4 E) ON,CIN868,010037585-004,TELUS Communications Inc.,2020-10-19,False,False,0.0,0.0
RX,8250.0,10.0,10000.0,10M0D1D,64-QAM,True,1.25|10|30,A,,B,43.8475,-79.04333333,86.0,52.0,55.0,339.981750550252,0.637969879328603,40.3,2.2,,A,"Andrew, Div of CommScope",HP6-71W,B,,,2.1,-68.14,-110.5,Ajax (90 Westney Rd S) ON,CFI892,010710780-001,Metrolinx,2018-05-01,False,False,0.0,0.0
RX,8250.0,30.0,30000.0,30M0D1D,16-QAM,True,1.25|10|30,B,,B,43.6425,-79.38722222,80.0,327.96,500.0,228.811016384812,-0.629996131159845,41.0,1.2,,A,"Andrew, Div of CommScope",UHX6-77,A,,,3.7,-69.44,-112.0,Toronto (301 Front St) ON,VFE222,010701789-002,Metrolinx,2018-07-01,False,False,0.0,0.0
RX,8250.0,30.0,30000.0,30M0D1D,16-QAM,True,1.25|10|30,A,,B,43.46833333,-80.45777778,323.0,75.0,87.0,91.8388265792929,-0.0920021508373248,40.3,2.2,,A,"Andrew, Div of CommScope",HP6-71W,B,,,0.5,-65.64,-112.0,Kitchener (200 Shirley Ave.) ON,CFW272,010711915-001,Metrolinx,2017-08-01,False,False,0.0,0.0
RX,8250.0,30.0,30000.0,30M0D1D,16-QAM,True,1.25|10|30,A,,B,43.30805556,-79.92805556,217.0,63.0,80.0,115.210964948476,-0.419954442409023,40.3,2.2,,A,"Andrew, Div of CommScope",HP6-71W,B,,,1.0,-65.14,-112.0,Hamilton (155 Coreslab Drive) ON,VYC773,010705042-001,Metrolinx,2017-08-01,False,False,0.0,0.0
RX,8250.0,30.0,27400.0,27M4D7W,4096-QAM,True,1.25|10|30,A,L,B,45.34,-80.00722222,222.0,56.0,100.0,296.298386790012,-0.128076681432655,41.0,1.2,,A,"Andrew, Div of CommScope",UHX6-77,G,,,4.8,-68.95,-86.0,PARRY SOUND (5 OASTLER PARK RD) ON,VYB304,010074297-003,Backhaul Network Services Inc.,2022-03-31,False,False,0.0,0.0
RX,8250.0,30.0,27400.0,27M4D7W,4096-QAM,True,1.25|10|30,A,L,B,44.85085,-76.36876111,155.0,100.0,122.0,256.041580002134,-0.00761454119403461,42.9,1.1,,A,"Andrew, Div of CommScope",USX8-7W,G,,,1.3,-67.9,-87.5,PERTH (E/O CAMERON SIDE RD) ON,XJV299,010031695-006,Backhaul Network Services Inc.,2022-06-20,False,False,0.0,0.0
RX,8220.0,30.0,27400.0,27M4D7W,4096-QAM,True,1.25|10|30,A,L,B,45.00419444,-77.88211111,396.0,52.0,90.0,263.503710401874,0.0980864254140373,40.6,1.5,,A,"Andrew, Div of CommScope",USX6-7W,G,,,1.3,-67.62,-87.5,Bancroft (125 Carfrae Lake Lane) ON,CHT352,011077878-002,Backhaul Network Services Inc.,2025-04-28,False,False,0.0,0.0
RX,8220.0,30.0,27400.0,27M4D7W,4096-QAM,True,1.25|10|30,A,L,B,45.50027778,-77.55416667,374.0,85.5,100.0,68.6913208142898,-0.505782611992307,40.6,1.5,,A,"Andrew, Div of CommScope",USX6-7W,G,,,1.3,-69.7,-86.5,Wilno (719 Wilno South Rd) ON,CHG228,010032451-005,Backhaul Network Services Inc.,2023-10-20,False,False,0.0,0.0
RX,8220.0,30.0,27400.0,27M4D7W,4096-QAM,True,1.25|10|30,A,L,B,45.42611111,-76.3,104.0,62.0,96.0,132.188492500025,0.0882066555243318,40.6,1.5,,A,"Andrew, Div of CommScope",USX6-7W,G,,,4.8,-68.0,-86.0,Arnprior (THOMAS ELLIOT/HWY17) ON,XJV249,010918272-002,Backhaul Network Services Inc.,2022-01-28,False,False,0.0,0.0
RX,8220.0,30.0,30000.0,30M0D7W,128-QAM,True,1.25|10|30,A,L,B,48.61216667,-89.97244444,475.0,35.8,36.0,283.245029391275,0.0047791104950513,40.8,0.4,,A,RFS (Celwave/Cablewave/Phelps Dodge),DAX6-77B,A,,,4.7,-75.0,-98.0,Shabaqua Corners (Mabella Rd / Hwy 11) ON,VEK932,010036327-002,TBAYtel - Fixed,2021-01-18,False,False,0.0,0.0
RX,8220.0,30.0,30000.0,30M0D7WET,256-QAM,True,1.25|10|30,A,L,B,48.61241667,-93.38766667,339.0,37.2,45.0,62.7559532698355,0.0495442138950387,40.8,2.0,,A,"Andrew, Div of CommScope",HP6-77,B,,,3.7,-75.35,-96.0,Fort Frances (2nd St E/Crowe Ave) ON,CGX340,010763331-001,TBAYtel - Fixed,2021-01-01,False,False,0.0,0.0
RX,8220.0,30.0,30000.0,30M0D1D,16-QAM,True,1.25|10|30,A,,B,43.30805556,-79.92833333,217.0,76.0,80.0,315.88001185638,0.174056204855258,40.3,2.2,,A,"Andrew, Div of CommScope",HP6-71W,A,,,0.5,-65.13,-112.0,Hamilton (155 Coreslab Drive) ON,CFW264,010711913-001,Metrolinx,2017-08-01,False,False,0.0,0.0
RX,8220.0,30.0,30000.0,30M0D1D,16-QAM,True,1.25|10|30,A,,B,43.86388889,-78.88388889,93.0,48.5,80.0,312.807640214759,0.521822928131942,40.3,2.2,,A,"Andrew, Div of CommScope",HP6-71W,B,,,0.5,-65.53,-112.0,Oshawa (1004 Thornton Rd. South) ON,CKJ738,010710879-001,Metrolinx,2017-08-01,False,False,0.0,0.0
RX,8220.0,30.0,30000.0,30M0D1D,16-QAM,True,1.25|10|30,A,,B,44.07416667,-79.40527778,285.0,77.5,80.0,102.243579509924,0.117565684762926,40.3,2.2,,A,"Andrew, Div of CommScope",HP6-71W,B,,,0.5,-63.52,-112.0,East Gwillimbury (65 Garfield Wright Blvd) ON,CFV880,010710877-001,Metrolinx,2017-08-01,False,False,0.0,0.0
RX,8220.0,30.0,27400.0,27M4D7W,4096-QAM,True,1.25|10|30,A,L,B,45.34,-80.00722222,222.0,56.0,100.0,296.298386790012,-0.128076681432655,41.0,1.2,,A,"Andrew, Div of CommScope",UHX6-77,G,,,4.8,-68.95,-86.0,PARRY SOUND (5 OASTLER PARK RD) ON,VYB304,010074297-003,Backhaul Network Services Inc.,2022-03-31,False,False,0.0,0.0
RX,8220.0,30.0,30000.0,30M0D7WET,256-QAM,True,1.25|10|30,A,,B,48.65194444,-90.71472222,479.0,104.0,125.0,20.1904100214467,-0.152772856243315,45.4,1.0,,A,RFS (Celwave/Cablewave/Phelps Dodge),DA10-77A,B,,,10.6,-71.6,-96.0,HURONIAN ON,VEK934,010036401-002,TBAYtel - Fixed,2018-03-19,False,False,0.0,0.0
RX,8220.0,30.0,30000.0,30M0D7WET,256-QAM,True,1.25|10|30,B,,B,48.75972222,-92.62583333,370.0,83.0,100.0,262.102090681145,-0.119670045661445,43.3,1.6,,A,"Andrew, Div of CommScope",HP8-77,B,,,9.0,-71.8,-96.0,MINE CENTRE ON,VEK938,010036337-002,TBAYtel - Fixed,2018-03-13,False,False,0.0,0.0
RX,8220.0,30.0,30000.0,30M0D7WET,256-QAM,True,1.25|10|30,A,,B,48.75972222,-92.62583333,370.0,56.0,100.0,94.9362548795398,-0.0335403067914012,45.2,1.2,,A,"Andrew, Div of CommScope",HP10-77GE,B,,,7.5,-65.5,-96.0,MINE CENTRE ON,VEK938,010036335-002,TBAYtel - Fixed,2018-03-12,False,False,0.0,0.0
RX,8220.0,30.0,30000.0,30M0D7WET,256-QAM,True,1.25|10|30,B,,B,48.71888889,-91.57055556,474.0,113.0,122.0,271.723226871546,-0.301285848450432,45.2,1.2,,A,"Andrew, Div of CommScope",HP10-77GE,B,,,10.7,-68.1,-96.0,ATIKOKAN (BELL) ON,VEK936,010036333-002,TBAYtel - Fixed,2018-03-12,False,False,0.0,0.0
RX,8220.0,30.0,30000.0,30M0D7WET,256-QAM,True,1.25|10|30,B,,B,48.71888889,-91.57055556,474.0,112.0,122.0,96.9601714080266,-0.251392534806945,45.2,1.2,,A,"Andrew, Div of CommScope",HP10-77GE,B,,,9.8,-67.8,-96.0,ATIKOKAN (BELL) ON,VEK936,010036331-002,TBAYtel - Fixed,2018-03-12,False,False,0.0,0.0
RX,8220.0,30.0,30000.0,30M0D7WET,256-QAM,True,1.25|10|30,B,,B,48.65194444,-90.71472222,479.0,122.0,125.0,276.592332244354,-0.266037543895787,45.2,1.2,,A,"Andrew, Div of CommScope",HP10-77GE,B,,,11.3,-68.6,-96.0,HURONIAN ON,VEK934,010036329-002,TBAYtel - Fixed,2018-03-12,False,False,0.0,0.0
RX,8220.0,30.0,30000.0,30M0D7W,128-QAM,True,1.25|10|30,A,L,B,48.61216667,-89.973,475.0,23.6,36.0,104.873646919738,-0.0616496805234342,45.3,1.0,,A,RFS (Celwave/Cablewave/Phelps Dodge),DAX10-77A,B,,,3.79,-70.79,-98.0,Shabaqua Corners (Mabella Rd / Hwy 11) ON,VEK932,010036325-002,TBAYtel - Fixed,2021-01-18,False,False,0.0,0.0
RX,8220.0,30.0,27400.0,27M4D7W,4096-QAM,True,1.25|10|30,A,L,B,44.85085,-76.36876111,155.0,100.0,122.0,256.041580002134,-0.00761454119403461,42.9,1.1,,A,"Andrew, Div of CommScope",USX8-7W,G,,,1.3,-68.0,-87.5,PERTH (E/O CAMERON SIDE RD) ON,XJV299,010031695-006,Backhaul Network Services Inc.,2022-06-20,False,False,0.0,0.0
RX,8190.0,30.0,27400.0,27M4D7W,4096-QAM,True,1.25|10|30,A,L,B,47.63688889,-79.67013889,246.0,71.0,89.9,179.434611301726,0.0530854452168014,42.9,1.1,,A,"Andrew, Div of CommScope",USX8-7W,G,,,1.3,-67.68,-87.5,TOWNSHIP OF  HARLEY (963296 DEVELOPMENT RD) ON,CIZ933,011101087-002,Backhaul Network Services Inc.,2025-09-01,False,False,0.0,0.0
RX,8190.0,30.0,27400.0,27M4D7W,4096-QAM,True,1.25|10|30,A,L,B,45.00419444,-77.88211111,396.0,52.0,90.0,263.503710401874,0.0980864254140373,40.6,1.5,,A,"Andrew, Div of CommScope",USX6-7W,G,,,1.3,-67.62,-87.5,Bancroft (125 Carfrae Lake Lane) ON,CHT352,011077878-002,Backhaul Network Services Inc.,2025-04-28,False,False,0.0,0.0
RX,8190.0,30.0,27400.0,27M4D7W,4096-QAM,True,1.25|10|30,A,L,B,45.2995,-79.27738889,344.0,60.0,122.0,92.1558369265826,0.167301084297647,40.6,1.5,,A,"Andrew, Div of CommScope",USX6-7W,G,,,1.3,-68.21,-87.5,Huntsville (249 Madill Church Rd) ON,XKX922,010069535-005,Backhaul Network Services Inc.,2025-04-23,False,False,0.0,0.0
RX,8190.0,30.0,27400.0,27M4D7W,4096-QAM,True,1.25|10|30,A,L,B,45.67056667,-77.56343611,177.0,56.0,90.0,135.945349359977,-0.0213460076775878,40.6,1.5,,A,"Andrew, Div of CommScope",USX6-7W,G,,,1.3,-68.13,-87.5,KILLALOE (GUNNS RD & ROUND LAKE RD) ON,CHY234,011067416-002,Backhaul Network Services Inc.,2024-11-15,False,False,0.0,0.0
RX,8190.0,30.0,27400.0,27M4D7W,4096-QAM,True,1.25|10|30,A,L,B,45.49421944,-76.673725,171.0,57.5,90.0,47.0814186308644,-0.0631398418672445,41.0,1.2,,A,"Andrew, Div of CommScope",UHX6-77GE,G,,,1.3,-68.0,-87.5,RENFREW (1025 BRUCE ST) ON,VEL991,010042967-005,Backhaul Network Services Inc.,2024-09-18,False,False,0.0,0.0
RX,8190.0,30.0,27400.0,27M4D7W,4096-QAM,True,1.25|10|30,A,L,B,44.76063889,-77.95111111,321.0,56.0,100.0,221.369519950096,-0.114257122492307,42.9,1.1,,A,"Andrew, Div of CommScope",USX8-7W,G,,,1.3,-64.6,-87.5,North Kawartha (2632 County Road 504) ON,CHJ925,010999508-002,Backhaul Network Services Inc.,2023-12-08,False,False,0.0,0.0
RX,8190.0,30.0,27400.0,27M4D7W,4096-QAM,True,1.25|10|30,A,L,B,46.00741667,-77.42980556,157.0,75.0,107.0,134.456963175413,-0.0623404258394938,42.9,1.2,,A,"Andrew, Div of CommScope",HPX8-71W,G,,,4.8,-67.2,-86.0,CHALK RIVER (30786 HWY 17) ON,VAD492,010031777-006,Backhaul Network Services Inc.,2022-09-30,False,False,0.0,0.0
RX,8190.0,30.0,27400.0,27M4D7W,4096-QAM,True,1.25|10|30,A,L,B,45.18578333,-74.89576111,110.0,66.0,100.0,43.1059470283145,-0.0740957769533239,40.8,1.5,,A,"Andrew, Div of CommScope",HX6-7W,G,,,4.8,-65.4,-86.0,MONKLAND (17082 ROXBOROUGH GARDENS RD) ON,CHQ545,010992490-002,Backhaul Network Services Inc.,2023-07-10,False,False,0.0,0.0
RX,8190.0,30.0,27400.0,27M4D7W,4096-QAM,True,1.25|10|30,A,L,B,44.89738889,-77.70419444,368.0,55.0,90.43,154.847023033733,-0.209278241643751,40.6,1.5,,A,"Andrew, Div of CommScope",USX6-7W,G,,,1.3,-63.09,-87.5,County of Hastings (HWY 62 & BRINKLOW RD) ON,CHQ440,010968454-002,Backhaul Network Services Inc.,2023-07-24,False,False,0.0,0.0
RX,8190.0,30.0,27400.0,27M4D7W,512-QAM,True,1.25|10|30,A,L,B,44.85005556,-76.36914167,155.0,55.0,122.0,267.802606990033,0.161238152544997,40.6,1.5,,A,"Andrew, Div of CommScope",USX6-7W,G,,,4.3,-66.92,-95.0,PERTH (236 CAMERON SIDE ROAD),CHQ284,011001735-002,Backhaul Network Services Inc.,2023-07-10,False,False,0.0,0.0
RX,8190.0,30.0,27400.0,27M4D7W,4096-QAM,True,1.25|10|30,A,L,B,45.67388889,-77.10983333,180.0,45.0,91.54,347.916616726234,-0.0868631607423712,42.9,1.1,,A,"Andrew, Div of CommScope",USX8-7W,G,,,1.3,-62.87,-87.5,Green Lake (591 Green Lake Rd) ON,CHB292,010968504-002,Backhaul Network Services Inc.,2023-05-17,False,False,0.0,0.0
RX,8190.0,30.0,27400.0,27M4D7W,4096-QAM,True,1.25|10|30,A,,B,45.19277778,-79.79027778,253.0,78.5,100.0,10.1020204816412,0.0360626041799977,41.0,1.2,,A,"Andrew, Div of CommScope",UHX6-77,G,,,4.8,-68.0,-86.0,DOCK SIDING (HWY 612 AND 69) ON,VEL603,010069315-003,Backhaul Network Services Inc.,2022-03-31,False,False,0.0,0.0
RX,8190.0,30.0,27400.0,27M4D7W,4096-QAM,True,1.25|10|30,A,L,B,44.29008333,-76.43311111,120.0,37.0,91.5,341.923276483947,0.165908350976426,41.0,1.2,,A,"Andrew, Div of CommScope",UHX6-77GE,G,,,4.8,-68.0,-86.0,KINGSTON MILLS (1565 STATION RD) ON,CFI228,010687795-003,Rogers Communications Canada Inc.,2022-02-14,False,False,0.0,0.0
RX,8190.0,30.0,27400.0,27M4D7W,4096-QAM,True,1.25|10|30,A,L,B,44.44888889,-75.89694444,110.0,52.0,91.0,39.6466133601922,-0.050118247609235,40.6,1.5,,A,"Andrew, Div of CommScope",USX6-7W,G,,,4.8,-68.6,-86.0,MALLORYTOWN (72 LARUE MILLS RD) ON,XKU599,010030847-006,Backhaul Network Services Inc.,2022-02-18,False,False,0.0,0.0
RX,8190.0,30.0,27400.0,27M4D7W,4096-QAM,True,1.25|10|30,A,L,B,42.25555556,-82.54444444,183.0,48.0,65.0,214.873452651262,0.051557715294668,41.0,1.2,,A,"Andrew, Div of CommScope",UHX6-77,G,,,4.3,-63.0,-86.0,HAYCROFT (5TH CONC/COMBER SDRD) ON,XKU581,010030783-007,Backhaul Network Services Inc.,2021-09-01,False,False,0.0,0.0
RX,8190.0,30.0,30000.0,30M0D7WET,64-QAM,True,1.25|10|30,A,L,B,45.33972222,-80.00722222,220.0,89.0,100.0,16.8387446406511,0.0264592676489965,43.5,1.0,,A,"Andrew, Div of CommScope",UHX8-77GD,A,,,4.3,-68.0,-103.5,PARRY SOUND (5 OASTLER PARK RD) ON,VEM254,010069429-004,Backhaul Network Services Inc.,2020-07-01,False,False,0.0,0.0
RX,8190.0,30.0,27400.0,27M4D7W,1024-QAM,True,1.25|10|30,A,L,B,44.24825278,-80.16805556,507.0,63.0,91.4,167.52145231832,-0.144175147216003,41.0,1.2,,A,"Andrew, Div of CommScope",UHX6-77,G,,,0.8,-66.01,-93.5,Black Bank Hill (678538 Center Rd) ON,CFT320,010814000-003,Backhaul Network Services Inc.,2021-01-15,False,False,0.0,0.0
RX,8190.0,30.0,30000.0,30M0D7WET,64-QAM,True,1.25|10|30,A,L,B,42.07402778,-82.6645,230.0,40.0,70.0,175.265048193159,-0.190639628129317,40.8,2.0,,A,"Andrew, Div of CommScope",HP6-77,B,,,10.5,-68.73,-109.0,Olinda (1739 Road 4 E) ON,CIN868,010037585-004,TELUS Communications Inc.,2020-10-19,False,False,0.0,0.0
RX,8190.0,30.0,27400.0,27M4D7W,4096-QAM,True,1.25|10|30,A,L,B,42.72115833,-81.14931389,252.0,56.7,79.0,64.8252826159073,-0.263013968744212,41.0,1.2,,A,"Andrew, Div of CommScope",UHX6-77,G,,,4.8,-67.75,-86.0,ST THOMAS (6923 CENTENNIAL RD) ON,XKX938,010773820-003,Backhaul Network Services Inc.,2022-03-30,False,False,0.0,0.0
RX,8190.0,30.0,27400.0,27M4D7W,1024-QAM,True,1.25|10|30,A,L,B,44.31413333,-79.01522222,290.0,82.0,91.0,137.822189027407,-0.180167589077205,43.4,1.4,,A,"Andrew, Div of CommScope",HPX8-77,G,,,1.3,-62.97,-93.5,MANILLA (CR-9/SR-18) ON,CFI226,010687764-003,Backhaul Network Services Inc.,2022-09-22,False,False,0.0,0.0
RX,8190.0,30.0,30000.0,30M0D7WET,256-QAM,True,1.25|10|30,A,,B,44.53194444,-79.66222222,399.0,36.0,122.0,68.3046889475335,-0.4974634763083,40.6,1.6,,A,"Andrew, Div of CommScope",VHLPX6-7W,A,,,0.0,-64.0,-100.5,Edgar (Concession 4) ON,CKY232,010676339-001,Point to Point Communications,2016-07-01,False,False,0.0,0.0
RX,8190.0,10.0,10000.0,10M0G7WET,8-PSK,True,1.25|10|30,A,,B,43.30805556,-79.92805556,216.0,80.0,80.0,49.3675863007487,-0.0784951418364298,40.4,1.6,,A,Radio Waves Inc.,HP6-8,B,,,0.4,-78.76,-112.3,Clappison's Corners (155 Coreslab Dr) ON,VYC773,010303486-001,Metrolinx,2016-01-12,False,False,0.0,0.0
RX,8190.0,30.0,27400.0,27M4D7W,4096-QAM,True,1.25|10|30,A,L,B,44.85086111,-76.36875,155.0,81.4,122.0,24.9974865651868,-0.116626636465335,43.5,1.0,,A,"Andrew, Div of CommScope",UHX8-77GD,G,,,4.8,-68.0,-86.0,DeWitts Corners (236 Cameron Side Rd) ON,XJV299,010031647-005,Backhaul Network Services Inc.,2021-11-16,False,False,0.0,0.0
RX,8190.0,30.0,27400.0,27M4D7W,4096-QAM,True,1.25|10|30,A,L,B,44.29008333,-76.43311111,117.0,57.0,91.0,269.249460404293,-0.0186170419234756,40.6,1.5,,A,"Andrew, Div of CommScope",USX6-7W,G,,,4.8,-68.0,-86.0,KINGSTON (1565 STATION RD) ON,XKU596,010094960-007,Backhaul Network Services Inc.,2022-02-11,False,False,0.0,0.0
RX,8190.0,30.0,30000.0,30M0D7WET,512-QAM,True,1.25|10|30,A,,B,44.35405556,-78.04494444,215.0,82.0,107.0,262.197911247598,0.00372974228457041,45.3,1.0,,A,"Andrew, Div of CommScope",HPX10-77,B,,,1.3,-66.0,-94.5,NORWOOD (3427 HWY 7 EAST) ON,VAD426,010076496-004,Backhaul Network Services Inc.,2018-05-30,False,False,0.0,0.0
RX,8190.0,30.0,27400.0,27M4D7W,4096-QAM,True,1.25|10|30,A,L,B,42.44194444,-82.22814167,181.0,35.0,85.0,11.4346727092261,0.0169059525540826,42.9,1.2,,A,"Andrew, Div of CommScope",HPX8-71W,G,,,4.8,-67.0,-86.0,CHATHAM-KENT(24233 ST CLAIR RD) ON,VFE556,010033213-006,Backhaul Network Services Inc.,2022-03-11,False,False,0.0,0.0
RX,8190.0,30.0,30000.0,30M0D7WET,128-QAM,True,1.25|10|30,A,,B,49.66527778,-94.19666667,396.0,74.0,90.0,163.784766398782,-0.18201789825048,41.1,1.6,,A,RFS (Celwave/Cablewave/Phelps Dodge),DAX6-78B,B,,,3.8,-66.8,-101.0,LONGBOW LAKE (HWY 71) ON,VEM911,010036369-002,TBAYtel - Fixed,2018-03-13,False,False,0.0,0.0
RX,8190.0,30.0,28000.0,28M0D7WET,128-QAM,True,1.25|10|30,A,,B,49.23694444,-94.0025,410.0,48.8,61.0,343.198516857044,-0.314100969431995,41.1,1.6,,A,RFS (Celwave/Cablewave/Phelps Dodge),DAX6-78B,A,,,5.16,-71.1,-102.0,Crow Lake (Hwy 71/Girard Lake) ON,VEM225,010036367-002,TBAYtel - Fixed,2018-08-06,False,False,0.0,0.0
RX,8190.0,30.0,28000.0,28M0D7WET,128-QAM,True,1.25|10|30,A,,B,49.23694444,-94.0025,410.0,39.6,61.0,157.345670017628,-0.116879803919198,43.6,1.2,,A,RFS (Celwave/Cablewave/Phelps Dodge),DAX8-78A,A,,,4.0,-70.9,-102.0,Crow Lake (Hwy 71/Girard Lake) ON,VEM225,010036361-003,TBAYtel - Fixed,2018-08-29,False,False,0.0,0.0
RX,8160.0,30.0,27400.0,27M4D7W,4096-QAM,True,1.25|10|30,A,L,B,47.63688889,-79.67013889,246.0,71.0,89.9,179.434611301726,0.0530854452168014,42.9,1.1,,A,"Andrew, Div of CommScope",USX8-7W,G,,,1.3,-67.68,-87.5,TOWNSHIP OF  HARLEY (963296 DEVELOPMENT RD) ON,CIZ933,011101087-002,Backhaul Network Services Inc.,2025-09-01,False,False,0.0,0.0
RX,8160.0,30.0,27400.0,27M4D7W,4096-QAM,True,1.25|10|30,A,L,B,45.67056667,-77.56343611,177.0,56.0,90.0,135.945349359977,-0.0213460076775878,40.6,1.5,,A,"Andrew, Div of CommScope",USX6-7W,G,,,1.3,-68.13,-87.5,KILLALOE (GUNNS RD & ROUND LAKE RD) ON,CHY234,011067416-002,Backhaul Network Services Inc.,2024-11-15,False,False,0.0,0.0
RX,8160.0,30.0,27400.0,27M4D7W,4096-QAM,True,1.25|10|30,A,L,B,44.90802778,-75.93966667,109.0,63.0,109.7,191.994457467465,-0.0210306863155371,42.9,1.1,,A,"Andrew, Div of CommScope",USX8-7W,G,,,1.3,-61.8,-87.5,Smith Falls (371 Rosedale Rd S) ON,XJV248,011021463-002,Backhaul Network Services Inc.,2024-06-03,False,False,0.0,0.0
RX,8160.0,30.0,27400.0,27M4D7W,4096-QAM,True,1.25|10|30,A,L,B,44.62055556,-79.33077778,242.0,77.9,96.0,0.732700462972383,-0.131586434488346,43.5,1.0,,A,"Andrew, Div of CommScope",UHX8-77GD,G,,,4.8,-66.11,-86.0,Orillia (5064 Sideroad 25) ON,XKX924,010069273-006,Backhaul Network Services Inc.,2024-11-22,False,False,0.0,0.0
RX,8160.0,30.0,27400.0,27M4D7W,4096-QAM,True,1.25|10|30,A,L,B,42.62833333,-80.47722222,192.0,74.5,91.0,287.084181433568,-0.00015004674370927,42.9,1.1,,A,"Andrew, Div of CommScope",HX8-7W,G,,,4.3,-60.76,-86.0,PORT ROWAN (1029 1ST CONCESSION) ON,VEL318,010070232-005,Backhaul Network Services Inc.,2024-02-02,False,False,0.0,0.0
RX,8160.0,30.0,27400.0,27M4D7W,4096-QAM,True,1.25|10|30,A,L,B,44.89738889,-77.70419444,368.0,55.0,90.43,154.847023033733,-0.209278241643751,40.6,1.5,,A,"Andrew, Div of CommScope",USX6-7W,G,,,1.3,-63.09,-87.5,County of Hastings (HWY 62 & BRINKLOW RD) ON,CHQ440,010968454-002,Backhaul Network Services Inc.,2023-07-24,False,False,0.0,0.0
RX,8160.0,30.0,27400.0,27M4D7W,4096-QAM,True,1.25|10|30,A,L,B,44.63944444,-78.99611111,274.0,58.0,112.0,241.602477569414,-0.169513375798279,42.9,1.1,,A,"Andrew, Div of CommScope",HX8-7W,G,,,1.3,-61.43,-87.5,Kirkfield (547 Shrike Rd) ON,CHQ373,010968457-002,Backhaul Network Services Inc.,2023-07-18,False,False,0.0,0.0
RX,8160.0,30.0,27400.0,27M4D7W,512-QAM,True,1.25|10|30,A,L,B,44.85005556,-76.36914167,155.0,55.0,122.0,267.802606990033,0.161238152544997,40.6,1.5,,A,"Andrew, Div of CommScope",USX6-7W,G,,,4.3,-66.92,-95.0,PERTH (236 CAMERON SIDE ROAD),CHQ284,011001735-002,Backhaul Network Services Inc.,2023-07-10,False,False,0.0,0.0
RX,8160.0,30.0,27400.0,27M4D7W,4096-QAM,True,1.25|10|30,A,L,B,45.67388889,-77.10983333,180.0,45.0,91.54,347.916616726234,-0.0868631607423712,42.9,1.1,,A,"Andrew, Div of CommScope",USX8-7W,G,,,1.3,-62.87,-87.5,Green Lake (591 Green Lake Rd) ON,CHB292,010968504-002,Backhaul Network Services Inc.,2023-05-17,False,False,0.0,0.0
RX,8160.0,30.0,30000.0,30M0D7W,1024-QAM,True,1.25|10|30,A,L,B,43.985,-77.44416667,94.0,63.6,90.0,118.948827452661,-0.113092513831818,41.0,1.2,,A,"Andrew, Div of CommScope",UHX6-77,G,,,4.3,-70.0,-92.0,HILLIER (113 LITTLE CREEK RD) ON,VBE667,010947346-002,Backhaul Network Services Inc.,2023-01-15,False,False,0.0,0.0
RX,8160.0,30.0,27400.0,27M4D7W,4096-QAM,True,1.25|10|30,A,L,B,44.03777778,-77.28888889,94.0,87.0,100.0,341.278095616128,-0.197852059171274,40.6,1.5,,A,"Andrew, Div of CommScope",USX6-7W,G,,,4.8,-67.2,-86.0,CROFTON (2591 BEN GILL RD) ON,CFD978,010917483-001,Rogers Communications Canada Inc.,2022-02-08,False,False,0.0,0.0
RX,8160.0,30.0,27400.0,27M4D7W,4096-QAM,True,1.25|10|30,A,L,B,44.44888889,-75.89694444,110.0,52.0,91.0,39.6466133601922,-0.050118247609235,40.6,1.5,,A,"Andrew, Div of CommScope",USX6-7W,G,,,4.8,-68.6,-86.0,MALLORYTOWN (72 LARUE MILLS RD) ON,XKU599,010030847-006,Backhaul Network Services Inc.,2022-02-18,False,False,0.0,0.0
RX,8160.0,30.0,27400.0,27M4D7W,1024-QAM,True,1.25|10|30,A,L,B,44.55283611,-78.42199722,290.0,85.0,107.0,79.1081498024881,-0.122462113179154,41.0,1.2,,A,"Andrew, Div of CommScope",UHX6-77,G,,,4.3,-64.22,-93.5,LAKEHURST (1124 ADAMS CUMMINS RD) ON,VAD474,010031741-006,Backhaul Network Services Inc.,2022-09-01,False,False,0.0,0.0
RX,8160.0,30.0,27400.0,27M4D7W,4096-QAM,True,1.25|10|30,A,L,B,44.29008333,-76.43311111,117.0,57.0,91.0,269.249460404293,-0.0186170419234756,40.6,1.5,,A,"Andrew, Div of CommScope",USX6-7W,G,,,4.8,-68.0,-86.0,KINGSTON (1565 STATION RD) ON,XKU596,010094960-007,Backhaul Network Services Inc.,2022-02-11,False,False,0.0,0.0
RX,8160.0,30.0,27400.0,27M4D7W,4096-QAM,True,1.25|10|30,A,L,B,45.53830556,-74.97086111,77.0,59.0,100.0,97.5448008816678,0.0567652515339056,43.5,1.0,,A,"Andrew, Div of CommScope",UHX8-77GD,G,,,4.8,-68.0,-86.0,Plantagenet (430 Conc Rd 5) ON,CIO462,010031393-005,Backhaul Network Services Inc.,2022-02-14,False,False,0.0,0.0
RX,8160.0,30.0,27400.0,27M4D7W,4096-QAM,True,1.25|10|30,A,L,B,42.72115833,-81.14931389,252.0,56.7,79.0,64.8252826159073,-0.263013968744212,41.0,1.2,,A,"Andrew, Div of CommScope",UHX6-77,G,,,4.8,-67.75,-86.0,ST THOMAS (6923 CENTENNIAL RD) ON,XKX938,010773820-003,Backhaul Network Services Inc.,2022-03-30,False,False,0.0,0.0
RX,8160.0,30.0,30000.0,30M0D1D,16-QAM,True,1.25|10|30,B,,B,43.6425,-79.38722222,80.0,327.96,500.0,228.811016384812,-0.629996131159844,41.0,1.2,,A,"Andrew, Div of CommScope",UHX6-77,B,,,3.7,-69.44,-112.0,Toronto (301 Front St) ON,VFE222,010701789-002,Metrolinx,2018-07-01,False,False,0.0,0.0
RX,8160.0,30.0,27400.0,27M4D7W,4096-QAM,True,1.25|10|30,A,L,B,44.29008333,-76.43311111,120.0,37.0,91.5,341.923276483947,0.165908350976426,41.0,1.2,,A,"Andrew, Div of CommScope",UHX6-77GE,G,,,4.8,-68.0,-86.0,KINGSTON MILLS (1565 STATION RD) ON,CFI228,010687795-003,Rogers Communications Canada Inc.,2022-02-14,False,False,0.0,0.0
RX,8160.0,30.0,27400.0,27M4D7W,4096-QAM,True,1.25|10|30,A,L,B,44.85086111,-76.36875,155.0,81.4,122.0,24.9974865651868,-0.116626636465335,43.5,1.0,,A,"Andrew, Div of CommScope",UHX8-77GD,G,,,4.8,-68.0,-86.0,DeWitts Corners (236 Cameron Side Rd) ON,XJV299,010031647-005,Backhaul Network Services Inc.,2021-11-16,False,False,0.0,0.0
RX,8160.0,30.0,30000.0,30M0D7WET,256-QAM,True,1.25|10|30,A,,B,45.34,-75.57472222,88.0,50.0,61.0,66.6575896813544,-0.135748757123874,42.9,1.2,,A,"Andrew, Div of CommScope",HPX8-71W,A,,,2.3,-59.82,-99.0,OTTAWA (3800 LEITRIM RD) ON,VEA994,010030807-006,Backhaul Network Services Inc.,2018-04-20,False,False,0.0,0.0
RX,8160.0,30.0,27400.0,27M4D7W,4096-QAM,True,1.25|10|30,A,L,B,45.3,-79.27666667,350.0,66.8,122.0,56.3416254721856,0.0936785151477012,41.1,1.6,,A,RFS (Celwave/Cablewave/Phelps Dodge),UXA6-78B,G,,,4.8,-69.9,-86.0,HUNTSVILLE (MADILL CHURCH RD.)  ON,XKX922,010072263-004,Backhaul Network Services Inc.,2022-06-30,False,False,0.0,0.0
RX,8160.0,30.0,30000.0,30M0D7WET,512-QAM,True,1.25|10|30,A,,B,44.35405556,-78.04494444,215.0,82.0,107.0,262.197911247598,0.00372974228457041,45.3,1.0,,A,"Andrew, Div of CommScope",HPX10-77,A,,,1.3,-66.0,-94.5,NORWOOD (3427 HWY 7 EAST) ON,VAD426,010076496-004,Backhaul Network Services Inc.,2018-05-30,False,False,0.0,0.0
RX,8160.0,30.0,27400.0,27M4D7W,4096-QAM,True,1.25|10|30,A,L,B,42.34469722,-81.84338333,175.0,68.0,80.0,258.137283692225,-0.0165590465114324,43.5,1.0,,A,"Andrew, Div of CommScope",UHX8-77GD,G,,,4.8,-67.87,-86.0,MORPETH (18331 KENT BRIDGE RD) ON,CIN272,010032945-005,Backhaul Network Services Inc.,2022-03-01,False,False,0.0,0.0
RX,8160.0,30.0,27400.0,27M4D7W,4096-QAM,True,1.25|10|30,A,L,B,44.97838889,-79.17952778,319.0,74.0,100.0,222.63316434043,-0.349401502677186,40.6,1.5,,A,"Andrew, Div of CommScope",USX6-7W,G,,,4.8,-68.8,-86.0,BRACEBRIDGE (1192 UFFINGTON RD) ON,CGM232,010069515-005,Backhaul Network Services Inc.,2023-10-26,False,False,0.0,0.0
RX,8160.0,30.0,27400.0,27M4D7W,4096-QAM,True,1.25|10|30,A,L,B,45.34005556,-80.00744444,222.0,75.0,100.0,66.473256460528,0.186545815983948,41.0,1.2,,A,"Andrew, Div of CommScope",UHX6-77GE,G,,,4.8,-68.0,-86.0,Parry Sound (5 Oastler Park Dr) ON,VYA282,010068730-003,Backhaul Network Services Inc.,2022-07-19,False,False,0.0,0.0
RX,8160.0,30.0,27400.0,27M4D7W,1024-QAM,True,1.25|10|30,A,L,B,43.33455556,-81.60444444,250.0,45.0,91.0,43.1593078363054,0.0839308086457141,41.0,1.2,,A,"Andrew, Div of CommScope",UHX6-77,A,,,0.8,-60.0,-93.5,Dashwood (70870 Goshen Line) ON,XJV295,010067909-005,Backhaul Network Services Inc.,2020-08-01,False,False,0.0,0.0
RX,8160.0,30.0,27500.0,27M5D7WET,64-QAM,True,1.25|10|30,A,,B,45.34805556,-75.92138889,84.0,42.0,37.0,314.3,0.051,41.1,1.6,,A,RFS (Celwave/Cablewave/Phelps Dodge),UXA6-78B,B,,,4.1,-67.7,-105.0,STRATHEARN (ON0930) ON,CIJ670,010037257-001,TELUS Communications Inc.,2014-01-29,False,False,0.0,0.0
RX,8160.0,30.0,27500.0,27M5D7W,64-QAM,True,1.25|10|30,A,,B,42.178,-82.7355,190.0,40.0,48.0,332.630218708117,-0.092713431791781,41.1,1.6,,A,RFS (Celwave/Cablewave/Phelps Dodge),UXA6-78B,G,,,4.5,-67.6,-103.0,Lakeshore (1544 CR-8) ON,CIH547,010037143-004,TELUS Communications Inc.,2020-01-01,False,False,0.0,0.0
RX,8160.0,30.0,27500.0,27M5D7WET,64-QAM,True,1.25|10|30,A,,B,45.625,-76.89388889,146.0,88.0,90.0,322.2,-0.079,43.6,1.2,,A,RFS (Celwave/Cablewave/Phelps Dodge),UXA8-78A,B,,,4.5,-67.5,-105.0,COBDEN (ON0874) ON,CFW904,010036869-001,TELUS Communications Inc.,2014-01-23,False,False,0.0,0.0
RX,8160.0,30.0,30000.0,30M0D7WET,256-QAM,True,1.25|10|30,A,,B,48.65194444,-90.71472222,479.0,104.0,125.0,20.1904100214467,-0.152772856243315,45.4,1.0,,A,RFS (Celwave/Cablewave/Phelps Dodge),DA10-77A,B,,,10.6,-71.6,-96.0,HURONIAN ON,VEK934,010036401-002,TBAYtel - Fixed,2018-03-19,False,False,0.0,0.0
RX,8160.0,30.0,27400.0,27M4D7W,4096-QAM,True,1.25|10|30,A,L,B,42.44194444,-82.22814167,181.0,35.0,85.0,11.4346727092261,0.0169059525540826,42.9,1.2,,A,"Andrew, Div of CommScope",HPX8-71W,G,,,4.8,-67.0,-86.0,CHATHAM-KENT(24233 ST CLAIR RD) ON,VFE556,010033213-006,Backhaul Network Services Inc.,2022-03-11,False,False,0.0,0.0
RX,8160.0,30.0,30000.0,30M0D7WET,256-QAM,True,1.25|10|30,A,L,B,46.75805556,-79.80805556,329.0,42.0,92.0,7.18359881089581,0.102018060809436,43.4,1.4,,A,"Andrew, Div of CommScope",HPX8-77,B,,,1.4,-64.0,-96.0,"MARTEN RIVER (HWY 11/HWY 64), 3035 HWY 11, ON",CYF220,010031905-005,Backhaul Network Services Inc.,2021-02-26,False,False,0.0,0.0
RX,8160.0,30.0,27400.0,27M4D7W,4096-QAM,True,1.25|10|30,A,L,B,46.00741667,-77.42980556,157.0,75.0,107.0,134.456963175413,-0.0623404258394938,42.9,1.2,,A,"Andrew, Div of CommScope",HPX8-71W,G,,,4.8,-67.2,-86.0,CHALK RIVER (30786 HWY 17) ON,VAD492,010031777-006,Backhaul Network Services Inc.,2022-09-30,False,False,0.0,0.0
RX,8160.0,30.0,27400.0,27M4D7W,4096-QAM,True,1.25|10|30,A,M,A,42.23472222,-82.96583333,190.0,35.8,49.0,221.130842011249,-0.0646569931645861,43.5,1.0,,A,"Andrew, Div of CommScope",UHX8-77GD,G,,,4.5,-65.49,-86.0,PELTON (2240 OLYMPIA RD) ON,VAD498,010031697-004,Backhaul Network Services Inc.,2023-01-16,False,False,0.0,0.0
RX,8160.0,30.0,27400.0,27M4D7W,4096-QAM,True,1.25|10|30,A,L,B,45.18583333,-74.89583333,109.0,62.0,100.0,139.293799112903,-0.176534853707133,43.5,1.0,,A,"Andrew, Div of CommScope",UHX8-77GD,G,,,4.3,-65.0,-86.0,MONKLAND(HWY 43/ROXBOROUGH GRDNS)ON,VEM624,010031545-005,Backhaul Network Services Inc.,2024-03-18,False,False,0.0,0.0
RX,8160.0,30.0,27400.0,27M4D7W,1024-QAM,True,1.25|10|30,A,,B,42.20725,-82.26066667,191.0,60.0,100.0,309.350063295697,-0.235037461928894,42.9,1.2,,A,"Andrew, Div of CommScope",HPX8-71W,G,,,1.3,-67.0,-93.5,Glenwood (4681 Badder Line) ON,VFE358,010031381-003,Rogers Communications Canada Inc.,2019-07-08,False,False,0.0,0.0
RX,8160.0,30.0,30000.0,30M0D7WET,64-QAM,True,1.25|10|30,A,,B,42.01083333,-82.55472222,175.0,62.0,91.0,286.980732539169,-0.0712130840241163,43.5,1.0,,A,"Andrew, Div of CommScope",UHX8-77GD,A,,,3.9,-55.5,-101.0,LEAMINGTON (1315 SIDEROAD 12) ON,XJV253,010030953-005,Backhaul Network Services Inc.,2015-12-31,False,False,0.0,0.0
RX,8160.0,30.0,30000.0,30M0D7WET,64-QAM,True,1.25|10|30,A,L,B,45.42611111,-76.3,96.0,115.0,122.0,107.213338887292,-0.208314188972333,42.9,1.2,,A,"Andrew, Div of CommScope",HPX8-71W,A,,,0.8,-68.0,-103.5,MARSHALL BAY (THOMAS ELLIOT/HWY17) ON,XJV249,010030935-006,Backhaul Network Services Inc.,2020-09-25,False,False,0.0,0.0
RX,8160.0,30.0,30000.0,30M0D7WET,256-QAM,True,1.25|10|30,A,,B,42.15611111,-82.80305556,194.0,35.0,49.0,17.7,-0.04,43.5,1.0,,A,"Andrew, Div of CommScope",UHX8-77GD,G,,,2.3,-70.0,-96.0,ESSEX (72 GOSFIELD TOWNLINE W) ON,CYF458,010030777-005,Backhaul Network Services Inc.,2018-08-04,False,False,0.0,0.0
RX,8160.0,30.0,30000.0,30M0D7WET,128-QAM,True,1.25|10|30,A,,B,41.76361111,-82.68861111,175.0,38.0,46.0,9.9,-0.064,41.1,1.6,,A,RFS (Celwave/Cablewave/Phelps Dodge),UXA6-78B,A,,,5.9,-69.0,-101.0,PELEE ISLAND (1047 W SHORE RD) ON,CGC267,010030659-001,Bell Canada - Wireless Mgmt Office,2012-11-01,False,False,0.0,0.0
RX,8140.0,10.0,10000.0,10M0D7WET,16-QAM,True,1.25|10,A,,B,46.07194444,-77.47444444,171.0,80.0,91.0,144.9,-0.835,40.8,2.0,,A,"Andrew, Div of CommScope",HP6-77,B,,,0.0,-70.6,-114.5,DEEP RIVER (ON0877) ON,CIJ555,010037741-001,TELUS Communications Inc.,2014-04-01,False,False,0.0,0.0
RX,8130.0,30.0,27400.0,27M4D7W,4096-QAM,True,1.25|10|30,A,L,B,44.92416667,-77.88183333,372.0,49.0,90.0,292.873220143044,0.164010838234487,42.9,1.1,,A,"Andrew, Div of CommScope",USX8-7W,G,,,1.3,-66.69,-86.5,Wollaston (3428 LOWER FARADAY RD) ON,CIZ224,011126482-001,Backhaul Network Services Inc.,2026-05-01,False,False,0.0,0.0
RX,8130.0,30.0,27400.0,27M4D7W,4096-QAM,True,1.25|10|30,A,L,B,45.2995,-79.27738889,344.0,60.0,122.0,92.1558369265826,0.167301084297647,40.6,1.5,,A,"Andrew, Div of CommScope",USX6-7W,G,,,1.3,-68.21,-87.5,Huntsville (249 Madill Church Rd) ON,XKX922,010069535-005,Backhaul Network Services Inc.,2025-04-23,False,False,0.0,0.0
RX,8130.0,30.0,27400.0,27M4D7W,4096-QAM,True,1.25|10|30,A,L,B,44.33223611,-81.44403056,238.0,59.0,65.0,21.3111114674811,-0.142898347370973,40.6,1.5,,A,"Andrew, Div of CommScope",USX6-7W,G,,,1.3,-62.96,-86.0,KINCARDINE (1111 CONCESSION ROAD 10)ON,CHY669,011067078-002,Backhaul Network Services Inc.,2025-01-24,False,False,0.0,0.0
RX,8130.0,30.0,27400.0,27M4D7W,4096-QAM,True,1.25|10|30,A,L,B,45.03623611,-76.15588333,140.0,55.0,91.5,198.780297372027,-0.0275429347312132,42.9,1.1,,A,"Andrew, Div of CommScope",USX8-7W,G,,,0.8,-66.72,-87.5,CARLETON PLACE (2643 LINE 7 CARLETON PLACE) ON,CHY536,011037686-002,Backhaul Network Services Inc.,2025-01-17,False,False,0.0,0.0
RX,8130.0,30.0,27400.0,27M4D7W,4096-QAM,True,1.25|10|30,A,L,B,44.85077778,-76.36874167,154.0,70.0,122.0,291.014555602157,0.133357760323599,40.6,1.5,,A,"Andrew, Div of CommScope",USX6-7W,G,,,1.3,-65.78,-87.5,Perth (236 Cameron Side Rd) ON,CHD911,011020853-002,Backhaul Network Services Inc.,2024-11-08,False,False,0.0,0.0
RX,8130.0,30.0,27400.0,27M4D7W,4096-QAM,True,1.25|10|30,A,L,B,44.90802778,-75.93966667,109.0,63.0,109.7,191.994457467465,-0.0210306863155371,42.9,1.1,,A,"Andrew, Div of CommScope",USX8-7W,G,,,1.3,-61.8,-87.5,Smith Falls (371 Rosedale Rd S) ON,XJV248,011021463-002,Backhaul Network Services Inc.,2024-06-03,False,False,0.0,0.0
RX,8130.0,30.0,27400.0,27M4D7W,4096-QAM,True,1.25|10|30,A,L,B,44.76063889,-77.95111111,321.0,56.0,100.0,221.369519950096,-0.114257122492307,42.9,1.1,,A,"Andrew, Div of CommScope",USX8-7W,G,,,1.3,-64.6,-87.5,North Kawartha (2632 County Road 504) ON,CHJ925,010999508-002,Backhaul Network Services Inc.,2023-12-08,False,False,0.0,0.0
RX,8130.0,30.0,27400.0,27M4D7W,4096-QAM,True,1.25|10|30,A,L,B,44.97838889,-79.17952778,319.0,74.0,100.0,222.63316434043,-0.349401502677186,40.6,1.5,,A,"Andrew, Div of CommScope",USX6-7W,G,,,4.8,-68.8,-86.0,BRACEBRIDGE (1192 UFFINGTON RD) ON,CGM232,010069515-005,Backhaul Network Services Inc.,2023-10-26,False,False,0.0,0.0
RX,8130.0,30.0,27400.0,27M4D7W,4096-QAM,True,1.25|10|30,A,L,B,44.63944444,-78.99611111,274.0,58.0,112.0,241.602477569414,-0.169513375798279,42.9,1.1,,A,"Andrew, Div of CommScope",HX8-7W,G,,,1.3,-61.43,-87.5,Kirkfield (547 Shrike Rd) ON,CHQ373,010968457-002,Backhaul Network Services Inc.,2023-07-18,False,False,0.0,0.0
RX,8130.0,30.0,27400.0,27M4D7W,4096-QAM,True,1.25|10|30,A,L,B,44.21745,-77.82135833,150.0,60.4,100.0,285.573254912517,0.457746294355155,40.6,1.5,,A,"Andrew, Div of CommScope",USX6-7W,G,,,1.3,-68.56,-87.5,CODRINGTON (15608 COUNTY RD) ON,VEL960,010031137-004,Backhaul Network Services Inc.,2023-07-31,False,False,0.0,0.0
RX,8130.0,30.0,30000.0,30M0D7W,1024-QAM,True,1.25|10|30,A,L,B,43.985,-77.44416667,94.0,63.6,90.0,118.948827452661,-0.113092513831818,41.0,1.2,,A,"Andrew, Div of CommScope",UHX6-77,G,,,4.3,-70.0,-92.0,HILLIER (113 LITTLE CREEK RD) ON,VBE667,010947346-002,Backhaul Network Services Inc.,2023-01-15,False,False,0.0,0.0
RX,8130.0,30.0,27400.0,27M4D7W,4096-QAM,True,1.25|10|30,A,L,B,45.29186111,-76.51011111,184.0,70.0,92.0,326.918767739123,0.0891971754713483,40.6,1.5,,A,"Andrew, Div of CommScope",USX6-7W,G,,,4.3,-70.0,-86.0,White Lake (1026 WINDY POINT SIDE ROAD) ON,CGB825,010860386-002,Backhaul Network Services Inc.,2022-10-05,False,False,0.0,0.0
RX,8130.0,30.0,27400.0,27M4D7W,4096-QAM,True,1.25|10|30,A,L,B,45.01977222,-74.962425,81.0,47.0,60.0,237.499223710443,0.0770840030619013,43.5,1.0,,A,"Andrew, Div of CommScope",UHX8-77GD,G,,,4.8,-68.05,-86.0,INGLESIDE (5400 SHAVER RD) ON,VDE895,010031879-004,Backhaul Network Services Inc.,2022-04-01,False,False,0.0,0.0
RX,8130.0,30.0,27400.0,27M4D7W,4096-QAM,True,1.25|10|30,A,L,B,42.34469722,-81.84338333,175.0,68.0,80.0,258.137283692225,-0.0165590465114324,43.5,1.0,,A,"Andrew, Div of CommScope",UHX8-77GD,G,,,4.8,-67.87,-86.0,MORPETH (18331 KENT BRIDGE RD) ON,CIN272,010032945-005,Backhaul Network Services Inc.,2022-03-01,False,False,0.0,0.0
RX,8130.0,30.0,27400.0,27M4D7W,4096-QAM,True,1.25|10|30,A,L,B,44.03777778,-77.28888889,94.0,87.0,100.0,341.278095616128,-0.197852059171274,40.6,1.5,,A,"Andrew, Div of CommScope",USX6-7W,G,,,4.8,-67.2,-86.0,CROFTON (2591 BEN GILL RD) ON,CFD978,010917483-001,Rogers Communications Canada Inc.,2022-02-08,False,False,0.0,0.0
RX,8130.0,30.0,27400.0,27M4D7W,4096-QAM,True,1.25|10|30,A,,B,45.19277778,-79.79027778,253.0,78.5,100.0,10.1020204816412,0.0360626041799977,41.0,1.2,,A,"Andrew, Div of CommScope",UHX6-77,G,,,4.8,-68.0,-86.0,DOCK SIDING (HWY 612 AND 69) ON,VEL603,010069315-003,Backhaul Network Services Inc.,2022-03-31,False,False,0.0,0.0
RX,8130.0,30.0,30000.0,30M0D7W,1024-QAM,True,1.25|10|30,A,L,B,42.87461111,-79.25208333,175.0,35.0,50.0,313.899532239628,0.23102960638551,41.0,1.2,,A,"Andrew, Div of CommScope",UHX6-77,G,,,4.8,-69.64,-92.0,Port Colborne (2 King Street) ON,CFX422,010743646-003,Backhaul Network Services Inc.,2021-11-27,False,False,0.0,0.0
RX,8130.0,30.0,27400.0,27M4D7W,4096-QAM,True,1.25|10|30,A,L,B,44.36959167,-77.36589722,177.0,48.0,94.5,184.074256306898,-0.228349968859479,40.6,1.5,,A,"Andrew, Div of CommScope",USX6-7W,G,,,1.3,-65.71,-87.5,ROSLIN (1905 MOIRA RD) ON,VEL878,010031087-006,Backhaul Network Services Inc.,2025-11-07,False,False,0.0,0.0
RX,8130.0,30.0,27400.0,27M4D7W,1024-QAM,True,1.25|10|30,A,L,B,43.33455556,-81.60444444,250.0,45.0,91.0,43.1593078363054,0.0839308086457141,41.0,1.2,,A,"Andrew, Div of CommScope",UHX6-77,B,,,0.8,-60.0,-93.5,Dashwood (70870 Goshen Line) ON,XJV295,010067909-005,Backhaul Network Services Inc.,2020-08-01,False,False,0.0,0.0
RX,8130.0,30.0,30000.0,30M0D7WET,64-QAM,True,1.25|10|30,A,L,B,45.33972222,-80.00722222,220.0,89.0,100.0,16.8387446406511,0.0264592676489965,43.5,1.0,,A,"Andrew, Div of CommScope",UHX8-77GD,B,,,4.3,-68.0,-103.5,PARRY SOUND (5 OASTLER PARK RD) ON,VEM254,010069429-004,Backhaul Network Services Inc.,2020-07-01,False,False,0.0,0.0
RX,8130.0,30.0,27400.0,27M4D7W,4096-QAM,True,1.25|10|30,A,L,B,45.18583333,-74.89583333,109.0,62.0,100.0,139.293799112903,-0.176534853707133,43.5,1.0,,A,"Andrew, Div of CommScope",UHX8-77GD,G,,,4.3,-65.0,-86.0,MONKLAND(HWY 43/ROXBOROUGH GRDNS)ON,VEM624,010031545-005,Backhaul Network Services Inc.,2024-03-18,False,False,0.0,0.0
RX,8130.0,30.0,27300.0,27M3D7WET,512-QAM,True,1.25|10|30,A,,B,44.72877778,-79.814,207.0,35.0,100.0,288.955231526061,0.39258238625522,41.0,1.2,,A,"Andrew, Div of CommScope",UHX6-77GE,B,,,2.3,-70.0,-90.0,Midland (15765 Hwy 12) ON,VEM274,010069391-004,Backhaul Network Services Inc.,2018-08-01,False,False,0.0,0.0
RX,8130.0,30.0,30000.0,30M0D7WET,512-QAM,True,1.25|10|30,A,,B,44.35405556,-78.04494444,215.0,95.0,107.0,262.197911247598,0.00512910987520324,45.3,1.0,,A,"Andrew, Div of CommScope",HPX10-77,B,,,1.3,-66.0,-94.5,NORWOOD (3427 HWY 7 EAST) ON,VAD426,010076496-004,Backhaul Network Services Inc.,2018-05-30,False,False,0.0,0.0
RX,8130.0,30.0,27400.0,27M4D7W,4096-QAM,True,1.25|10|30,A,M,A,42.92683333,-79.97113889,215.0,58.0,85.0,117.672576671038,-0.115354186677357,41.0,1.2,,A,"Andrew, Div of CommScope",UHX6-77,G,,,4.3,-63.86,-86.0,Nelles Corners  (1665 Haldimand Rd 53) ON,VAD499,010097807-004,Backhaul Network Services Inc.,2022-12-07,False,False,0.0,0.0
RX,8130.0,30.0,27400.0,27M4D7W,4096-QAM,True,1.25|10|30,A,L,B,44.93527778,-79.36361111,268.0,53.7,66.0,247.697751081864,-0.133920203861603,42.9,1.1,,A,"Andrew, Div of CommScope",USX8-7W,G,,,4.8,-67.75,-86.0,GRAVENHURST (205 JONES RD) ON,VEL445,010074283-004,Backhaul Network Services Inc.,2022-03-24,False,False,0.0,0.0
RX,8130.0,30.0,27400.0,27M4D7W,4096-QAM,True,1.25|10|30,A,L,B,42.62833333,-80.47722222,192.0,74.5,91.0,287.084181433568,-0.00015004674370927,42.9,1.1,,A,"Andrew, Div of CommScope",HX8-7W,G,,,4.3,-60.76,-86.0,PORT ROWAN (1029 1ST CONCESSION) ON,VEL318,010070232-005,Backhaul Network Services Inc.,2024-02-02,False,False,0.0,0.0
RX,8130.0,30.0,27400.0,27M4D7W,4096-QAM,True,1.25|10|30,A,L,B,44.62055556,-79.33077778,242.0,77.9,96.0,0.732700462972383,-0.131586434488346,43.5,1.0,,A,"Andrew, Div of CommScope",UHX8-77GD,G,,,4.8,-66.11,-86.0,Orillia (5064 Sideroad 25) ON,XKX924,010069273-006,Backhaul Network Services Inc.,2024-11-22,False,False,0.0,0.0
RX,8130.0,30.0,27400.0,27M4D7W,4096-QAM,True,1.25|10|30,A,L,B,42.84349722,-80.66960833,241.0,53.0,91.0,5.98091824379182,0.065471562322441,42.9,1.1,,A,"Andrew, Div of CommScope",USX8-7W,G,,,4.8,-68.0,-86.0,TILLSONBURG (889 GOSHEN RD) ON,XKX937,010068782-004,Rogers Communications Canada Inc.,2022-03-31,False,False,0.0,0.0
RX,8130.0,30.0,27500.0,27M5D7WET,128-QAM,True,1.25|10|30,A,,B,44.27052778,-79.89411111,223.0,50.0,56.0,161.883,0.035,41.1,1.6,,A,RFS (Celwave/Cablewave/Phelps Dodge),UXA6-78B,G,,,4.48,-67.72,-101.0,Borden (30 Market Garden Cres) ON,VYA721,010068395-003,TELUS Communications Inc.,2015-04-01,False,False,0.0,0.0
RX,8130.0,30.0,30000.0,30M0D7WET,64-QAM,True,1.25|10|30,A,L,B,42.07402778,-82.6645,230.0,40.0,70.0,175.265048193159,-0.190639628129317,40.8,2.0,,A,"Andrew, Div of CommScope",HP6-77,B,,,10.5,-68.73,-109.0,Olinda (1739 Road 4 E) ON,CIN868,010037585-004,TELUS Communications Inc.,2020-10-19,False,False,0.0,0.0
RX,8130.0,30.0,27500.0,27M5D7WET,64-QAM,True,1.25|10|30,A,,B,45.4325,-76.41166667,122.0,54.0,90.0,79.9,-0.153,43.6,1.2,,A,RFS (Celwave/Cablewave/Phelps Dodge),UXA8-78A,B,,,4.5,-67.5,-105.0,ARNPRIOR (ON0872)  ON,CIJ648,010037235-001,TELUS Communications Inc.,2013-02-07,False,False,0.0,0.0
RX,8130.0,30.0,30000.0,30M0D7W,128-QAM,True,1.25|10|30,A,,B,49.84361111,-93.44083333,433.0,79.0,107.0,23.6708693159721,-0.110433019484194,45.3,1.0,,A,"Andrew, Div of CommScope",HPX10-77,B,,,1.7,-61.6,-98.0,"Vermillion Bay (Tower Road/Hwy 17), ON",VFF548,010036471-002,TBAYtel - Fixed,2019-10-01,False,False,0.0,0.0
RX,8130.0,30.0,30000.0,30M0D7W,128-QAM,True,1.25|10|30,A,,B,50.32083333,-93.175,401.0,63.1,107.0,193.028604935235,0.0633001897416479,43.4,1.4,,A,"Andrew, Div of CommScope",HPX8-77,B,,,1.7,-72.0,-98.0,"Perrault Falls (Hwy 105/Perrault Lake), ON",VFF542,010036469-002,TBAYtel - Fixed,2019-10-01,False,False,0.0,0.0
RX,8130.0,30.0,30000.0,30M0D7W,128-QAM,True,1.25|10|30,A,,B,50.89666667,-93.62833333,415.0,85.3,107.0,135.396293407909,-0.200030981513695,45.3,1.0,,A,"Andrew, Div of CommScope",HPX10-77,B,,,1.7,-72.0,-98.0,Gullrock (Hwy 105/Gullrock Lake),VFF543,010036467-002,TBAYtel - Fixed,2019-10-01,False,False,0.0,0.0
RX,8130.0,30.0,30000.0,30M0D7W,128-QAM,True,1.25|10|30,A,,B,50.32083333,-93.175,401.0,89.9,107.0,353.567051718583,-0.179546093868588,45.3,1.0,,A,"Andrew, Div of CommScope",HPX10-77,B,,,1.7,-72.0,-98.0,Perrault Falls (Hwy 105/Perrault Lake),VFF542,010036465-002,TBAYtel - Fixed,2019-10-01,False,False,0.0,0.0
RX,8130.0,30.0,30000.0,30M0D7W,128-QAM,True,1.25|10|30,A,,B,50.89666667,-93.62833333,415.0,39.2,107.0,313.584848842503,-0.0968989842789683,40.7,1.6,,A,"Andrew, Div of CommScope",HPX6-77,B,,,1.7,-72.0,-98.0,Gullrock (Hwy 105/Gullrock Lake),VFF543,010036463-002,TBAYtel - Fixed,2019-10-01,False,False,0.0,0.0
RX,8130.0,30.0,30000.0,30M0D7WET,128-QAM,True,1.25|10|30,A,,B,49.66527778,-94.19666667,396.0,74.0,90.0,163.784766398782,-0.18201789825048,41.1,1.6,,A,RFS (Celwave/Cablewave/Phelps Dodge),DAX6-78B,B,,,3.8,-67.8,-101.0,LONGBOW LAKE (HWY 71) ON,VEM911,010036369-002,TBAYtel - Fixed,2018-03-13,False,False,0.0,0.0
RX,8130.0,30.0,28000.0,28M0D7WET,128-QAM,True,1.25|10|30,A,,B,49.23694444,-94.0025,410.0,48.8,61.0,343.198516857044,-0.314100969431995,41.1,1.6,,A,RFS (Celwave/Cablewave/Phelps Dodge),DAX6-78B,A,,,5.16,-71.1,-102.0,Crow Lake (Hwy 71/Girard Lake) ON,VEM225,010036367-002,TBAYtel - Fixed,2018-08-06,False,False,0.0,0.0
RX,8130.0,30.0,28000.0,28M0D7WET,128-QAM,True,1.25|10|30,A,,B,49.23694444,-94.0025,410.0,39.6,61.0,157.345670017628,-0.116879803919198,43.6,1.2,,A,RFS (Celwave/Cablewave/Phelps Dodge),DAX8-78A,A,,,4.0,-70.9,-102.0,Crow Lake (Hwy 71/Girard Lake) ON,VEM225,010036361-003,TBAYtel - Fixed,2018-08-29,False,False,0.0,0.0
RX,8130.0,30.0,27400.0,27M4D7W,4096-QAM,True,1.25|10|30,A,L,B,45.53830556,-74.97086111,77.0,59.0,100.0,97.5448008816678,0.0567652515339056,43.5,1.0,,A,"Andrew, Div of CommScope",UHX8-77GD,G,,,4.8,-68.0,-86.0,Plantagenet (430 Conc Rd 5) ON,CIO462,010031393-005,Backhaul Network Services Inc.,2022-02-14,False,False,0.0,0.0
RX,8100.0,30.0,27400.0,27M4D7W,4096-QAM,True,1.25|10|30,A,L,B,45.03977778,-78.34333333,441.0,43.0,60.0,191.774185090456,-0.181594301894729,40.6,1.5,,A,"Andrew, Div of CommScope",USX6-7W,G,,,1.3,-65.47,-87.5,Essonville (1344 Wenona Lake Rd) ON,CIZ585,011121074-001,Backhaul Network Services Inc.,2026-06-01,False,False,0.0,0.0
RX,8100.0,30.0,27400.0,27M4D7W,4096-QAM,True,1.25|10|30,A,L,B,45.16180556,-77.78297222,429.0,77.0,90.0,88.6206593062579,-0.283083415949908,42.9,1.1,,A,"Andrew, Div of CommScope",USX8-7W,G,,,1.3,-67.02,-87.5,Peterborough (57 Mcdonald Mine Rd) ON,CIZ674,011119474-001,Backhaul Network Services Inc.,2026-05-21,False,False,0.0,0.0
RX,8100.0,30.0,27400.0,27M4D7W,4096-QAM,True,1.25|10|30,A,L,B,44.74791667,-78.08433333,325.0,67.0,90.0,75.1601627228842,0.0101537883549425,42.9,1.1,,A,"Andrew, Div of CommScope",USX8-7W,G,,,1.3,-66.91,-87.5,APSLEY (156 JACK LAKE RD) ON,CIZ575,011121071-001,Backhaul Network Services Inc.,2026-05-20,False,False,0.0,0.0
RX,8100.0,30.0,27400.0,27M4D7W,4096-QAM,True,1.25|10|30,A,L,B,45.06415833,-77.76741944,357.0,56.0,90.0,28.1470016194456,0.0780894657735152,42.9,1.1,,A,"Andrew, Div of CommScope",USX8-7W,G,,,1.3,-66.68,-87.5,Bancroft (32080 Hwy 28) ON,CHD456,011120883-001,Backhaul Network Services Inc.,2026-03-07,False,False,0.0,0.0
RX,8100.0,30.0,27400.0,27M4D7W,4096-QAM,True,1.25|10|30,A,L,B,45.21679167,-77.43836111,361.0,80.0,90.0,4.34464115388867,0.094143593530589,42.9,1.1,,A,"Andrew, Div of CommScope",USX8-7W,G,,,1.3,-67.8,-87.5,PALMER RAPIDS (109 SCHUTT RD) ON,CIX744,011120519-001,Backhaul Network Services Inc.,2026-02-27,False,False,0.0,0.0
RX,8100.0,30.0,27400.0,27M4D7W,4096-QAM,True,1.25|10|30,A,L,B,45.06140833,-77.19843333,423.0,70.0,273.0,179.859505868007,-0.37908136253996,42.9,1.1,,A,"Andrew, Div of CommScope",USX8-7W,G,,,1.3,-62.56,-86.5,DENBIGH (302 TOWER ROAD) ON,CIV851,011109714-002,Backhaul Network Services Inc.,2025-12-31,False,False,0.0,0.0
RX,8100.0,30.0,27400.0,27M4D7W,4096-QAM,True,1.25|10|30,A,L,B,45.57372222,-77.650225,302.0,80.0,90.0,95.969167576802,-0.42239582558979,42.9,1.1,,A,"Andrew, Div of CommScope",USX8-7W,G,,,1.3,-62.13,-87.5,BARRYS BAY (126 ETMANSKI RD) ON,CIW857,011077478-002,Backhaul Network Services Inc.,2025-12-19,False,False,0.0,0.0
RX,8100.0,30.0,27400.0,27M4D7W,4096-QAM,True,1.25|10|30,A,L,B,48.405925,-81.52725,303.0,55.0,90.0,67.1423505150117,-0.0754600286194011,42.9,1.1,,A,"Andrew, Div of CommScope",USX8-7W,G,,,1.3,-65.0,-87.5,Timmins (8020 Hwy 101 W) ON,CIV982,011105068-002,Backhaul Network Services Inc.,2025-11-21,False,False,0.0,0.0
RX,8100.0,30.0,27400.0,27M4D7W,4096-QAM,True,1.25|10|30,A,L,B,46.22505,-79.35275556,225.0,78.4,94.0,76.0904660582005,0.0930208272039176,41.0,1.2,,A,"Andrew, Div of CommScope",UHX6-77,G,,,4.8,-67.8,-86.0,CALLANDER (DERLAND RD/HWY 11) ON,XKX944,010032291-007,Backhaul Network Services Inc.,2025-11-04,False,False,0.0,0.0
RX,8100.0,30.0,27400.0,27M4D7W,4096-QAM,True,1.25|10|30,A,L,B,43.91638889,-76.98988889,81.0,53.0,60.0,278.850796867192,0.0809565082056559,42.9,1.1,,A,"Andrew, Div of CommScope",USX8-7W,G,,,1.3,-67.24,-87.5,South Bay (761 Babylon Rd) ON,CIV705,011105571-002,Backhaul Network Services Inc.,2026-01-07,False,False,0.0,0.0
RX,8100.0,30.0,27400.0,27M4D7W,4096-QAM,True,1.25|10|30,A,L,B,45.23878056,-77.2135,332.0,100.2,120.0,329.430347592934,0.292783845800788,40.6,1.5,,A,"Andrew, Div of CommScope",USX6-7W,G,,,1.3,-65.61,-87.5,GRIFFITH (25185 HWY 41) ON,CIV590,011089983-002,Backhaul Network Services Inc.,2025-10-21,False,False,0.0,0.0
RX,8100.0,30.0,27400.0,27M4D7W,4096-QAM,True,1.25|10|30,A,L,B,43.87408056,-81.12316944,346.0,58.0,65.0,280.508164916852,-0.0716667590304283,40.6,1.5,,A,"Andrew, Div of CommScope",USX6-7W,G,,,1.3,-65.79,-87.5,Gorrie (43844 Harriston Rd) ON,CHV289,011098528-002,Backhaul Network Services Inc.,2025-08-28,False,False,0.0,0.0
RX,8100.0,30.0,27400.0,27M4D7W,4096-QAM,True,1.25|10|30,A,L,B,45.43227778,-77.77927778,413.0,80.0,89.6,223.864417445857,0.195911991781952,40.6,1.5,,A,"Andrew, Div of CommScope",USX6-7W,G,,,1.3,-68.27,-87.5,"BARRY'S BAY(60 KUBESHESKI RD),ON",CHR577,011094091-002,Backhaul Network Services Inc.,2025-08-13,False,False,0.0,0.0
RX,8100.0,30.0,27400.0,27M4D7W,4096-QAM,True,1.25|10|30,A,L,B,45.04402222,-77.88183889,395.0,65.3,92.0,249.179228057434,0.0777087627889672,42.9,1.1,,A,"Andrew, Div of CommScope",USX8-7W,G,,,1.4,-64.67,-86.0,Bancroft (192 Reid Rd) ON,VBE669,010031825-007,Backhaul Network Services Inc.,2025-06-01,False,False,0.0,0.0
RX,8100.0,30.0,27400.0,27M4D7W,4096-QAM,True,1.25|10|30,A,L,B,44.54894444,-80.96108333,254.0,82.0,91.4,150.055254435651,0.181858813680325,42.9,1.1,,A,"Andrew, Div of CommScope",USX8-7W,G,,,1.3,-64.0,-87.5,Owen Sound (218136 Concession 3) ON,CHI465,011078204-002,Backhaul Network Services Inc.,2025-03-24,False,False,0.0,0.0
RX,8100.0,30.0,27400.0,27M4D7W,4096-QAM,True,1.25|10|30,A,L,B,45.14580556,-76.37375,210.0,75.0,90.0,52.8979953645543,-0.35214664742919,40.6,1.5,,A,"Andrew, Div of CommScope",USX6-7W,G,,,1.3,-67.73,-87.5,LANARK HIGHLANDS (1101 GALBRAITH RD) ON,CHY965,011078197-002,Backhaul Network Services Inc.,2025-04-03,False,False,0.0,0.0
RX,8100.0,30.0,27400.0,27M4D7W,4096-QAM,True,1.25|10|30,A,L,B,45.71127778,-76.74544444,138.0,80.5,90.0,191.510320383794,0.0740152729410159,40.6,1.5,,A,"Andrew, Div of CommScope",USX6-7W,G,,,1.3,-65.4,-87.5,"GRANTS SETTLEMENT (SETTLEMENT RD., JUST NORTH OF MCCOY RD) ON",CHY782,011075276-002,Backhaul Network Services Inc.,2025-02-28,False,False,0.0,0.0
RX,8100.0,30.0,27400.0,27M4D7W,4096-QAM,True,1.25|10|30,A,L,B,45.23894167,-78.40981667,435.0,80.0,91.0,207.378983055311,-0.153164902627364,40.6,1.5,,A,"Andrew, Div of CommScope",USX6-7W,G,,,1.3,-64.65,-86.0,FORT IRWIN (6415 HALIBURTON LAKE RD) ON,CHY733,011075294-002,Backhaul Network Services Inc.,2025-02-07,False,False,0.0,0.0
RX,8100.0,30.0,27400.0,27M4D7W,4096-QAM,True,1.25|10|30,A,L,B,44.44511667,-78.23970833,261.0,75.0,85.0,356.230853984715,-0.0821128960610591,40.6,1.5,,A,"Andrew, Div of CommScope",USX6-7W,G,,,1.3,-67.92,-87.5,LAKEFIELD (1511 5TH  CONCESSION LOT 19) ON,VYA879,011074839-002,Backhaul Network Services Inc.,2025-02-04,False,False,0.0,0.0
RX,8100.0,30.0,27400.0,27M4D7W,4096-QAM,True,1.25|10|30,A,L,B,45.19464722,-76.58612778,250.0,77.0,91.5,296.388741650238,0.163325355594149,40.8,1.5,,A,"Andrew, Div of CommScope",HX6-7W,G,,,1.3,-65.94,-87.5,Lanark Highlands (Highway 511 & Little Green Rd) ON,CHY677,011055422-002,Backhaul Network Services Inc.,2025-01-29,False,False,0.0,0.0
RX,8100.0,30.0,27400.0,27M4D7W,4096-QAM,True,1.25|10|30,A,L,B,46.04556944,-79.7312,252.0,89.8,102.0,80.3828815300812,0.161376987802847,40.6,1.5,,A,"Andrew, Div of CommScope",USX6-7W,G,,,1.3,-63.3,-87.5,RESTOULE (437 LAKEVIEW DRIVE) ON,CHY660,011073312-002,Backhaul Network Services Inc.,2025-01-24,False,False,0.0,0.0
RX,8100.0,30.0,27400.0,27M4D7W,4096-QAM,True,1.25|10|30,A,L,B,44.82766667,-81.08477778,264.0,45.0,90.0,257.97887104331,-0.309693646299687,42.9,1.1,,A,"Andrew, Div of CommScope",USX8-7W,G,,,1.3,-67.38,-87.5,Purple Valley (490 Purple Valley Rd) ON,CHY626,011072406-002,Backhaul Network Services Inc.,2025-01-22,False,False,0.0,0.0
RX,8100.0,30.0,27400.0,27M4D7W,4096-QAM,True,1.25|10|30,A,L,B,44.46752778,-77.32247222,164.0,85.0,98.0,76.1622883624471,-0.0294399578522928,40.6,1.5,,A,"Andrew, Div of CommScope",USX6-7W,G,,,1.3,-67.59,-87.5,Tweed (2546 Crookston Rd) ON,CFI350,011072170-002,Backhaul Network Services Inc.,2025-01-31,False,False,0.0,0.0
RX,8100.0,30.0,27400.0,27M4D7W,4096-QAM,True,1.25|10|30,A,L,B,44.98461111,-78.29252778,450.0,67.0,75.1,291.847190205645,-0.217619821705055,40.6,1.5,,A,"Andrew, Div of CommScope",USX6-7W,G,,,1.3,-65.97,-87.5,Tory Hill (1047 McCrea Rd) ON,CIN699,010912554-003,Backhaul Network Services Inc.,2025-02-06,False,False,0.0,0.0
RX,8100.0,30.0,27400.0,27M4D7W,4096-QAM,True,1.25|10|30,A,L,B,45.05294444,-76.45966667,203.0,78.0,90.4,96.4026305751411,-0.318137198038202,40.6,1.5,,A,"Andrew, Div of CommScope",USX6-7W,G,,,0.8,-67.32,-87.5,LANARK HIGHLANDS(1739 DALHOUSIE 1ST CONCESSION B) ON,CHY343,011037556-002,Backhaul Network Services Inc.,2024-12-27,False,False,0.0,0.0
RX,8100.0,30.0,27400.0,27M4D7W,4096-QAM,True,1.25|10|30,A,L,B,49.36208333,-82.16656111,241.0,80.0,90.0,283.211401620176,-0.13262628313893,42.9,1.1,,A,"Andrew, Div of CommScope",USX8-7W,G,,,1.3,-63.55,-86.0,MOONBEAM (REMI LAKE RD)ON,CHQ897,011069079-002,Backhaul Network Services Inc.,2024-12-14,False,False,0.0,0.0
RX,8100.0,30.0,27400.0,27M4D7W,4096-QAM,True,1.25|10|30,A,L,B,46.19438889,-82.76808333,191.0,86.5,107.0,23.079684542717,0.332434680163278,42.9,1.1,,A,"Andrew, Div of CommScope",USX8-7W,G,,,1.3,-66.65,-87.5,Algoma Mills (2087 Hwy 17) ON,CHQ895,011069824-002,Backhaul Network Services Inc.,2024-12-30,False,False,0.0,0.0
RX,8100.0,30.0,27400.0,27M4D7W,4096-QAM,True,1.25|10|30,A,L,B,45.8708,-76.8642,130.0,73.0,90.0,251.204866928244,-0.148539582967067,42.9,1.1,,A,"Andrew, Div of CommScope",USX8-7W,G,,,1.3,-64.34,-87.5,WESTMEATH (359 NANGOR TRAIL) ON,CHQ858,011069091-002,Backhaul Network Services Inc.,2024-12-13,False,False,0.0,0.0
RX,8100.0,30.0,27400.0,27M4D7W,4096-QAM,True,1.25|10|30,A,L,B,48.53283333,-80.49872222,248.0,80.0,100.0,269.073618404214,0.00698460329868796,42.9,1.1,,A,"Andrew, Div of CommScope",USX8-7W,G,,,1.3,-66.25,-87.5,Matheson (Hwy 101 / Burton Rd S) ON,VFE968,011068769-002,Backhaul Network Services Inc.,2024-12-09,False,False,0.0,0.0
RX,8100.0,30.0,27400.0,27M4D7W,4096-QAM,True,1.25|10|30,A,L,B,44.34597222,-77.16347222,166.0,83.0,91.5,230.237848399182,-0.258920609999552,42.9,1.1,,A,"Andrew, Div of CommScope",USX8-7W,G,,,0.8,-66.58,-87.5,Albert (2956 Marysville Rd) ON,CHQ703,011068791-002,Backhaul Network Services Inc.,2024-12-06,False,False,0.0,0.0
RX,8100.0,30.0,27400.0,27M4D7W,4096-QAM,True,1.25|10|30,A,L,B,45.08575,-78.58294444,408.0,99.0,122.0,354.629854449332,-0.066511585196844,42.9,1.1,,A,"Andrew, Div of CommScope",USX8-7W,G,,,1.3,-64.0,-87.5,HALIBURTON (HWY 118/HURRICANE LAKE) ON,VAD407,011068161-002,Backhaul Network Services Inc.,2024-12-31,False,False,0.0,0.0
RX,8100.0,30.0,27400.0,27M4D7W,4096-QAM,True,1.25|10|30,A,M,A,43.6475,-80.74155556,406.0,60.0,90.0,303.93301988009,-0.0812152829409444,42.9,1.1,,A,"Andrew, Div of CommScope",USX8-7W,G,,,4.8,-63.93,-86.0,WALLENSTEIN (7931 WELLINGTON RD 86) ON,CHY254,011067594-002,Backhaul Network Services Inc.,2024-11-28,False,False,0.0,0.0
RX,8100.0,30.0,27400.0,27M4D7W,4096-QAM,True,1.25|10|30,A,L,B,46.54636111,-84.23252778,192.0,57.9,78.0,109.469863019464,0.160304031186564,40.6,1.5,,A,"Andrew, Div of CommScope",USX6-7W,G,,,1.3,-65.69,-87.5,SAULT STE MARIE (926 FRONTENAC ST) ON,CHW301,011064176-002,Backhaul Network Services Inc.,2024-10-21,False,False,0.0,0.0
RX,8100.0,30.0,27400.0,27M4D7W,4096-QAM,True,1.25|10|30,A,L,B,44.71438889,-81.01288889,249.0,65.0,75.3,141.809348959146,0.142045533727371,40.6,1.5,,A,"Andrew, Div of CommScope",USX6-7W,G,,,1.3,-66.78,-87.5,WIARTON (PT LT 25 CON 19 KEPPEL AS IN R447240) ON,CHN338,011056119-002,Backhaul Network Services Inc.,2024-08-05,False,False,0.0,0.0
RX,8100.0,30.0,27400.0,27M4D7W,4096-QAM,True,1.25|10|30,A,L,B,47.53569444,-79.66238889,217.0,45.0,70.0,181.463051639001,0.390177525269263,42.9,1.1,,A,"Andrew, Div of CommScope",USX8-7W,G,,,0.8,-63.0,-86.5,TEMISKAMING SHORES (137428 PETERS RD) ON,CHN329,010975386-002,Backhaul Network Services Inc.,2024-08-16,False,False,0.0,0.0
RX,8100.0,30.0,30000.0,30M0D7W,1024-QAM,True,1.25|10|30,A,L,B,44.09044444,-77.21288889,105.0,42.0,79.0,313.605635447143,-0.114779754675644,40.8,1.5,,A,"Andrew, Div of CommScope",HX6-7W,G,,,4.3,-65.28,-92.0,Demorestville (50 CR-14) ON,CHF325,011044336-002,Backhaul Network Services Inc.,2024-06-17,False,False,0.0,0.0
RX,8100.0,30.0,27400.0,27M4D7W,4096-QAM,True,1.25|10|30,A,L,B,46.47516667,-83.88469444,393.0,40.0,106.0,155.538511901596,-0.537007477367905,40.6,1.5,,A,"Andrew, Div of CommScope",USX6-7W,G,,,1.3,-67.6,-87.5,MEREDITH LAKE( ECHO BAY AREA) ON,CHM613,011037682-002,Backhaul Network Services Inc.,2024-05-28,False,False,0.0,0.0
RX,8100.0,30.0,27400.0,27M4D7W,4096-QAM,True,1.25|10|30,A,L,B,46.04561111,-79.73122222,252.0,88.0,102.7,237.713724479677,-0.0962611229294646,42.9,1.1,,A,"Andrew, Div of CommScope",USX8-7W,G,,,1.3,-63.28,-86.0,Restoule (437 Lakeview Rd) ON,CHM532,011033511-002,Backhaul Network Services Inc.,2024-05-28,False,False,0.0,0.0
RX,8100.0,30.0,27400.0,27M4D7W,4096-QAM,True,1.25|10|30,A,L,B,44.85086111,-76.36875,155.0,64.8,122.0,310.461314383069,0.104536848368551,40.6,1.5,,A,"Andrew, Div of CommScope",USX6-7W,G,,,1.3,-66.18,-87.5,Perth (236 Cameron Side Rd) ON,XJV299,011022190-002,Backhaul Network Services Inc.,2024-05-14,False,False,0.0,0.0
RX,8100.0,30.0,27400.0,27M4D7W,4096-QAM,True,1.25|10|30,A,L,B,45.61463889,-79.71522222,313.0,75.0,93.5,82.03013543639,-0.0517632571684789,40.6,1.5,,A,"Andrew, Div of CommScope",USX6-7W,G,,,1.3,-66.83,-87.5,"Magnetawan (PT BROKEN LOT 17 CON 2 CROFT, PART 12) ON",CHD980,011037914-002,Backhaul Network Services Inc.,2024-05-29,False,False,0.0,0.0
RX,8100.0,30.0,27400.0,27M4D7W,4096-QAM,True,1.25|10|30,A,L,B,45.41183333,-75.05644444,56.0,70.0,90.0,242.146983460261,-0.00248262987011346,42.9,1.1,,A,"Andrew, Div of CommScope",USX8-7W,G,,,1.3,-62.55,-87.5,Casselman (1799 County Rd 16) ON,CHD883,011020858-002,Backhaul Network Services Inc.,2024-06-07,False,False,0.0,0.0
RX,8100.0,30.0,27400.0,27M4D7W,4096-QAM,True,1.25|10|30,A,L,B,43.14716667,-81.31458333,297.0,83.0,90.0,165.242045679529,-0.377669434284273,42.9,1.1,,A,"Andrew, Div of CommScope",USX8-7W-6GF,G,,,1.3,-68.0,-87.5,Elginfield (23635 Adelaide St N) ON,VEL573,010031017-007,Backhaul Network Services Inc.,2024-04-16,False,False,0.0,0.0
RX,8100.0,30.0,27400.0,27M4D7W,4096-QAM,True,1.25|10|30,A,L,B,45.24063889,-74.67169444,95.0,65.0,70.0,181.242206181172,-0.220387644900881,42.9,1.1,,A,"Andrew, Div of CommScope",USX8-7W,G,,,1.3,-62.98,-87.5,Apple Hill (19562 Kenyon Concession RD 1) ON,CHD749,011021462-002,Backhaul Network Services Inc.,2024-05-27,False,False,0.0,0.0
RX,8100.0,30.0,27400.0,27M4D7W,4096-QAM,True,1.25|10|30,A,L,B,45.49344444,-77.41813889,320.0,25.0,70.0,53.4906052816976,-0.478923848944115,40.8,1.5,,A,"Andrew, Div of CommScope",HX6-7W,G,,,1.3,-65.82,-87.5,KILLALOE (761 ROCHEFORT RD) ON,CHD481,011022583-002,Backhaul Network Services Inc.,2024-04-05,False,False,0.0,0.0
RX,8100.0,30.0,27400.0,27M4D7W,4096-QAM,True,1.25|10|30,A,L,B,48.14591667,-80.06652222,350.0,60.0,100.0,174.378310168115,-0.209731635453787,40.6,1.5,,A,"Andrew, Div of CommScope",USX6-7W,G,,,1.3,-68.61,-87.5,CHAPUT HUGHES (GOLDTHORP RD) ON,CHK712,011026306-002,Backhaul Network Services Inc.,2024-02-16,False,False,0.0,0.0
RX,8100.0,30.0,27400.0,27M4D7W,4096-QAM,True,1.25|10|30,A,L,B,45.05586111,-74.87119444,89.0,62.0,100.0,300.38753296445,-0.0410086410824242,42.9,1.1,,A,"Andrew, Div of CommScope",USX8-7W-6GF,G,,,1.3,-62.67,-86.0,Long Sault (5253 Avonmore Rd) ON,CIO611,011004385-002,Backhaul Network Services Inc.,2024-03-21,False,False,0.0,0.0
RX,8100.0,30.0,27400.0,27M4D7W,4096-QAM,True,1.25|10|30,A,L,B,44.84518056,-75.33635,85.0,73.0,100.0,222.903254645858,-0.065506831668373,42.9,1.1,,A,"Andrew, Div of CommScope",USX8-7W,G,,,4.3,-66.06,-86.0,IROQUOIS (HWY 401/CARMAN RD) ON,VEM483,010031521-005,Backhaul Network Services Inc.,2024-01-05,False,False,0.0,0.0
RX,8100.0,30.0,27400.0,27M4D7W,4096-QAM,True,1.25|10|30,A,L,B,46.238525,-78.31280833,204.0,81.0,100.0,288.82133320812,-0.0741702822195457,40.6,1.5,,A,"Andrew, Div of CommScope",USX6-7W,G,,,1.3,-65.66,-86.0,DEUX RIVIÈRES (HIGHWAY 17 / BRENT RD) ON,CHK204,011010355-002,Backhaul Network Services Inc.,2023-12-15,False,False,0.0,0.0
RX,8100.0,30.0,27400.0,27M4D7W,4096-QAM,True,1.25|10|30,A,L,B,46.21888889,-82.5655,234.0,94.0,108.0,266.628492231255,-0.198481792000801,43.5,1.0,,A,"Andrew, Div of CommScope",UHX8-77GD,G,,,4.8,-67.5,-86.0,Serpent River (ON-108 / Hwy 17) ON,VBE696,010031865-003,Backhaul Network Services Inc.,2023-11-29,False,False,0.0,0.0
RX,8100.0,30.0,27400.0,27M4D7W,4096-QAM,True,1.25|10|30,A,L,B,46.03413889,-80.58436111,201.0,92.5,107.0,44.0719415637814,-0.0595863204770001,40.6,1.5,,A,"Andrew, Div of CommScope",USX6-7W,G,,,1.3,-68.0,-87.5,Bigwood (58 Hass Rd) ON,VAD421,010030781-004,Backhaul Network Services Inc.,2023-10-13,False,False,0.0,0.0
RX,8100.0,30.0,27400.0,27M4D7W,4096-QAM,True,1.25|10|30,A,L,B,45.34527778,-77.78916667,417.0,75.0,91.0,240.043738389353,0.179059802617753,40.6,1.5,,A,"Andrew, Div of CommScope",USX6-7W,G,,,1.3,-65.5,-86.0,HASTINGS HIGHLANDS (LT 6 & LT 7 CON 8 BANGOR) ON,CHB696,010960487-002,Backhaul Network Services Inc.,2023-09-08,False,False,0.0,0.0
RX,8100.0,30.0,27400.0,27M4D7W,4096-QAM,True,1.25|10|30,A,L,B,44.94419444,-75.71188889,107.0,50.0,90.85,6.87632431317997,-0.101469227547993,42.9,1.1,,A,"Andrew, Div of CommScope",HX8-7W,G,,,1.3,-61.28,-87.5,Oxford Mills (500 Todd School Road) ON,CHQ385,010968463-002,Backhaul Network Services Inc.,2023-08-22,False,False,0.0,0.0
RX,8100.0,30.0,27400.0,27M4D7W,4096-QAM,True,1.25|10|30,A,L,B,44.94505556,-76.68180556,220.0,95.0,100.0,181.43764750563,0.00492065029639241,40.6,1.5,,A,"Andrew, Div of CommScope",USX6-7W,G,,,0.8,-68.52,-86.0,MISSISSIPPI  STATION (4263 ELPHIN MABERLY ROAD ) ON,CHI851,010975337-002,Backhaul Network Services Inc.,2023-06-30,False,False,0.0,0.0
RX,8100.0,30.0,27400.0,27M4D7W,4096-QAM,True,1.25|10|30,A,L,B,44.88594444,-77.53447222,361.0,50.0,90.5,188.906243879617,-0.235899247820214,44.4,0.9,,A,"Andrew, Div of CommScope",HX10-7W-6GF,G,,,1.3,-62.86,-87.5,Gunter (East Rd / Weslemkoon Lake Rd) ON,CHB245,010968468-002,Backhaul Network Services Inc.,2023-05-12,False,False,0.0,0.0
RX,8100.0,30.0,27400.0,27M4D7W,256-QAM,True,1.25|10|30,A,L,B,44.62333333,-81.24144444,194.0,63.0,100.0,351.518438896479,-0.118777680748456,43.4,1.4,,A,"Andrew, Div of CommScope",HPX8-77,G,,,4.3,-68.0,-100.5,Sauble Beach (381 Municipal Rd) ON,VEL653,010886944-002,Backhaul Network Services Inc.,2023-01-15,False,False,0.0,0.0
RX,8100.0,30.0,27400.0,27M4D7W,4096-QAM,True,1.25|10|30,A,M,A,42.23472222,-82.96583333,190.0,35.8,49.0,221.130842011249,-0.0646569931645861,43.5,1.0,,A,"Andrew, Div of CommScope",UHX8-77GD,G,,,4.5,-65.49,-86.0,PELTON (2240 OLYMPIA RD) ON,VAD498,010031697-004,Backhaul Network Services Inc.,2023-01-16,False,False,0.0,0.0
RX,8100.0,30.0,27400.0,27M4D7W,4096-QAM,True,1.25|10|30,A,L,B,44.35405556,-78.04494444,215.0,68.0,107.0,59.7841731991427,-0.0800351640422568,40.6,1.5,,A,"Andrew, Div of CommScope",USX6-7W,G,,,4.5,-67.21,-86.0,NORWOOD (3427 HWY 7 EAST) ON,VAD426,010076527-003,Backhaul Network Services Inc.,2022-12-23,False,False,0.0,0.0
RX,8100.0,30.0,27400.0,27M4D7W,4096-QAM,True,1.25|10|30,A,L,B,42.8435,-80.66961111,243.0,72.0,91.4,117.804238742584,-0.124376343418247,40.6,1.5,,A,"Andrew, Div of CommScope",USX6-7W,G,,,4.5,-66.55,-86.0,TILSONBURG (889 GOSHEN RD) ON,XKX937,010958911-002,Backhaul Network Services Inc.,2023-01-30,False,False,0.0,0.0
RX,8100.0,30.0,27400.0,27M4D7W,4096-QAM,True,1.25|10|30,A,L,B,45.29186111,-76.51011111,184.0,70.0,92.0,326.918767739123,0.0891971754713483,40.6,1.5,,A,"Andrew, Div of CommScope",USX6-7W,G,,,4.3,-70.0,-86.0,White Lake (1026 WINDY POINT SIDE ROAD) ON,CGB825,010860386-002,Backhaul Network Services Inc.,2022-10-05,False,False,0.0,0.0
RX,8100.0,30.0,27400.0,27M4D7W,4096-QAM,True,1.25|10|30,A,L,B,46.03333333,-80.585,201.0,70.0,107.0,176.491802356467,-0.0840889101446881,40.8,1.5,,A,"Andrew, Div of CommScope",HX6-7W,G,,,4.8,-68.0,-86.0,BIGWOOD (HASS RD) ON,VAD421,010033057-004,Backhaul Network Services Inc.,2022-07-30,False,False,0.0,0.0
RX,8100.0,30.0,27400.0,27M4D7W,4096-QAM,True,1.25|10|30,A,L,B,45.50833333,-79.24583333,417.0,74.0,127.0,341.022160266304,-0.17398009196898,44.4,0.9,,A,"Andrew, Div of CommScope",HX10-7W-6GF,B,,,1.3,-65.0,-85.0,CLEAR LAKE (402 BAY LAKE RD) ON,XKX941,010069283-006,Backhaul Network Services Inc.,2022-05-27,False,False,0.0,0.0
RX,8100.0,30.0,27400.0,27M4D7W,4096-QAM,True,1.25|10|30,A,L,B,42.20725,-82.26066667,191.0,71.6,100.0,58.0645241197358,-0.0954227629828426,43.5,1.0,,A,"Andrew, Div of CommScope",UHX8-77GD,G,,,4.8,-63.65,-86.0,Merlin (4681 Badder Line) ON,VFE358,010031377-005,Backhaul Network Services Inc.,2022-03-21,False,False,0.0,0.0
RX,8100.0,30.0,27400.0,27M4D7W,4096-QAM,True,1.25|10|30,A,L,B,44.32194444,-76.32722222,107.0,60.0,91.0,81.8462898613736,-0.12986911402661,41.0,1.2,,A,"Andrew, Div of CommScope",UHX6-77,G,,,4.8,-67.94,-86.0,Joyceville (2053 Joyceville Side Rd) ON,VEL453,010817908-003,Backhaul Network Services Inc.,2022-03-31,False,False,0.0,0.0
RX,8100.0,30.0,27400.0,27M4D7W,4096-QAM,True,1.25|10|30,A,L,B,42.5106,-81.82349444,217.0,49.0,65.0,53.8877203060771,-0.0753466115808391,42.9,1.1,,A,"Andrew, Div of CommScope",USX8-7W,G,,,4.8,-68.0,-86.0,HIGHGATE (14605 BRAEMORE LINE) ON,VYB658,010278496-004,Backhaul Network Services Inc.,2022-03-28,False,False,0.0,0.0
RX,8100.0,30.0,27400.0,27M4D7W,4096-QAM,True,1.25|10|30,A,L,B,45.00472222,-78.71138889,324.0,84.0,137.0,335.688021907568,0.104029192954357,41.0,1.2,,A,"Andrew, Div of CommScope",UHX6-77,G,,,4.8,-68.15,-86.0,MINDEN(TWELVE MILE LAKE R/TAYLOR)ON,VAD406,010032559-004,Backhaul Network Services Inc.,2022-03-31,False,False,0.0,0.0
RX,8100.0,30.0,27400.0,27M4D7W,4096-QAM,True,1.25|10|30,A,,B,44.65972222,-76.69888889,201.0,68.0,100.0,3.53911789534855,-0.00464394063090357,40.6,1.5,,A,"Andrew, Div of CommScope",USX6-7W,G,,,4.8,-70.0,-86.0,PARHAM (11287 HWY 38) ON,VEL362,010032241-005,Backhaul Network Services Inc.,2022-02-18,False,False,0.0,0.0
RX,8100.0,30.0,27400.0,27M4D7W,4096-QAM,True,1.25|10|30,A,,B,44.38194444,-76.00944444,110.0,80.2,91.0,245.24123449488,-0.0788122427396143,41.0,1.2,,A,"Andrew, Div of CommScope",UHX6-77GE,G,,,4.8,-68.0,-86.0,LANSDOWNE (525 REYNOLDS RD) ON,VEA481,010032107-004,Backhaul Network Services Inc.,2022-02-11,False,False,0.0,0.0
RX,8100.0,30.0,27400.0,27M4D7W,4096-QAM,True,1.25|10|30,A,,B,42.96666667,-81.55805556,239.0,57.0,78.0,182.056745065383,-0.0498977738734194,42.9,1.1,,A,"Andrew, Div of CommScope",USX8-7W,G,,,4.8,-68.0,-86.0,STRATHROY (8727 WALKERS DR) ON,VBE678,010068241-003,Backhaul Network Services Inc.,2022-03-21,False,False,0.0,0.0
RX,8100.0,30.0,27400.0,27M4D7W,4096-QAM,True,1.25|10|30,A,,B,44.39166667,-76.665,173.0,77.0,100.0,25.0293995365104,0.0354006446557222,41.0,1.2,,A,"Andrew, Div of CommScope",UHX6-77,G,,,4.8,-68.17,-86.0,HARROWSMITH (4483 HWY 38) ON,VEL360,010033633-004,Backhaul Network Services Inc.,2022-03-31,False,False,0.0,0.0
RX,8100.0,30.0,27400.0,27M4D7W,4096-QAM,True,1.25|10|30,A,L,B,43.98497222,-77.444,94.0,73.0,90.0,11.0320284553459,-0.0981059855365577,40.6,1.5,,A,"Andrew, Div of CommScope",USX6-7W,G,,,4.8,-70.6,-86.0,Hillier (113 Little Creek Rd) ON,VBE667,010030843-006,Backhaul Network Services Inc.,2022-02-11,False,False,0.0,0.0
RX,8100.0,30.0,27400.0,27M4D7W,4096-QAM,True,1.25|10|30,A,L,B,44.23027778,-80.29055556,518.0,46.0,66.0,7.10175070731518,0.00561682528289138,42.9,1.1,,A,"Andrew, Div of CommScope",USX8-7W,G,,,4.8,-68.1,-86.0,SHELBURNE (240 SDRD)  ON,XJV217,010030901-004,Backhaul Network Services Inc.,2022-03-30,False,False,0.0,0.0
RX,8100.0,30.0,27400.0,27M4D7W,4096-QAM,True,1.25|10|30,A,L,B,44.74166667,-76.93305556,223.0,46.5,91.0,234.000743236685,0.0245686404503324,42.9,1.1,,A,"Andrew, Div of CommScope",USX8-7W,G,,,4.8,-68.0,-86.0,ARDEN (1024 BOULDER HILL RD) ON,VAD431,010031691-004,Backhaul Network Services Inc.,2022-02-11,False,False,0.0,0.0
RX,8100.0,30.0,27400.0,27M4D7W,4096-QAM,True,1.25|10|30,A,M,A,42.15611111,-82.80305556,194.0,38.0,49.0,154.67033673917,-0.0539433310971937,40.6,1.5,,A,"Andrew, Div of CommScope",USX6-7W,G,,,4.8,-68.0,-86.0,ESSEX (72 GOSFIELD TOWNLINE W) ON,CYF458,010030775-006,Backhaul Network Services Inc.,2022-01-25,False,False,0.0,0.0
RX,8100.0,30.0,27400.0,27M4D7W,4096-QAM,True,1.25|10|30,A,L,B,42.395,-82.21444444,181.0,35.7,47.0,87.0862193407642,0.0837839112358271,42.9,1.1,,A,"Andrew, Div of CommScope",USX8-7W,G,,,4.8,-68.0,-86.0,CHATHAM (805 GRAND AVE W) ON,XKU580,010032035-005,Backhaul Network Services Inc.,2022-02-11,False,False,0.0,0.0
RX,8100.0,30.0,27400.0,27M4D7W,4096-QAM,True,1.25|10|30,A,L,B,44.84527778,-75.33638889,85.0,60.0,100.0,55.7622640437422,0.0135080963368396,43.5,1.0,,A,"Andrew, Div of CommScope",UHX8-77GD,G,,,4.8,-68.0,-86.0,IROQUOIS (HWY 401/CARMAN RD) ON,VEM483,010031523-004,Backhaul Network Services Inc.,2022-02-14,False,False,0.0,0.0
RX,8100.0,30.0,27400.0,27M4D7W,4096-QAM,True,1.25|10|30,A,L,B,44.69222222,-77.03277778,209.0,54.0,64.1,66.5423357906623,0.130183701316135,42.9,1.1,,A,"Andrew, Div of CommScope",USX8-7W,G,,,4.8,-68.0,-86.0,KALADAR (30958 HWY 7) ON,CHX495,010913261-001,Rogers Communications Canada Inc.,2022-02-25,False,False,0.0,0.0
RX,8100.0,30.0,27400.0,27M4D7W,4096-QAM,True,1.25|10|30,A,L,B,44.90777778,-75.93944444,109.0,47.2,110.0,177.686754621349,0.00824481886884791,43.5,1.0,,A,"Andrew, Div of CommScope",UHX8-77GD,G,,,4.8,-68.0,-86.0,SMITHS FALLS (371 ROSEDALE RD S) ON,XJV248,010031251-005,Backhaul Network Services Inc.,2022-02-14,False,False,0.0,0.0
RX,8100.0,30.0,27400.0,27M4D7W,4096-QAM,True,1.25|10|30,A,L,B,44.29,-76.43305556,117.0,78.0,91.0,313.708323533349,0.0906205990216136,42.9,1.1,,A,"Andrew, Div of CommScope",USX8-7W,G,,,4.8,-68.0,-86.0,KINGSTON (1565 STATION RD) ON,XKU596,010078875-003,Rogers Communications Canada Inc.,2022-02-14,False,False,0.0,0.0
RX,8100.0,30.0,27400.0,27M4D7W,4096-QAM,True,1.25|10|30,A,L,B,44.62330278,-81.24143056,194.0,65.0,100.0,210.630449283295,-0.0501831479828978,43.4,1.4,,A,"Andrew, Div of CommScope",HPX8-77,G,,,4.8,-67.54,-86.0,SAUBLE BEACH (381 MUNICIPAL RD) ON,VEL653,010886555-003,Backhaul Network Services Inc.,2024-08-28,False,False,0.0,0.0
RX,8100.0,30.0,30000.0,30M0D7WET,64-QAM,True,1.25|10|30,A,L,B,44.72880556,-79.814,207.0,39.0,100.0,23.9875834469569,-0.0508608864933651,41.0,1.2,,A,"Andrew, Div of CommScope",UHX6-77,G,,,4.3,-69.0,-103.5,Midland (15765 Hwy 12) ON,VEM274,010069393-006,Backhaul Network Services Inc.,2020-10-27,False,False,0.0,0.0
RX,8100.0,30.0,27400.0,27M4D7W,4096-QAM,True,1.25|10|30,A,L,B,45.3,-79.27666667,350.0,87.3,122.0,96.0738829383675,-0.0286089102113592,41.0,1.2,,A,Ericsson (Marconi/GEC),ML7/8 1.8M HPX,G,,,1.3,-68.0,-87.5,HUNTSVILLE (MADILL CHURCH RD) ON,XKX922,010069291-005,Backhaul Network Services Inc.,2022-11-02,False,False,0.0,0.0
RX,8100.0,30.0,30000.0,30M0D7W,128-QAM,True,1.25|10|30,A,,B,49.71781944,-91.21899444,443.0,79.4,80.0,221.269633866854,-0.136022337481906,45.4,1.0,,A,RFS (Celwave/Cablewave/Phelps Dodge),DA10-77A,B,,,6.55,-76.59,-98.0,Valora (Hwy 599) ON,VEM729,010036377-002,TBAYtel - Fixed,2020-08-01,False,False,0.0,0.0
RX,8100.0,30.0,30000.0,30M0D7W,128-QAM,True,1.25|10|30,A,,B,49.71781944,-91.21899444,443.0,42.67,80.0,13.2415072142793,0.103037345952513,43.5,1.2,,A,RFS (Celwave/Cablewave/Phelps Dodge),DA8-77A,A,,,4.35,-76.9,-98.0,Valora (Hwy 599) ON,VEM729,010036379-002,TBAYtel - Fixed,2020-08-01,False,False,0.0,0.0
RX,8100.0,30.0,30000.0,30M0D7W,128-QAM,True,1.25|10|30,A,,B,50.07196944,-91.74628333,393.0,73.9,90.0,285.166993026217,-0.238631919669502,40.9,1.6,,A,RFS (Celwave/Cablewave/Phelps Dodge),DA6-77A,B,,,6.09,-76.95,-98.0,"Alcona (Hwy 642, Lot 3 Conc 2, Drayton Twsp) ON",VEM731,010036383-002,TBAYtel - Fixed,2020-08-01,False,False,0.0,0.0
RX,8100.0,30.0,30000.0,30M0D7W,128-QAM,True,1.25|10|30,A,,B,50.07196944,-91.74628333,393.0,87.2,90.0,112.72204419724,-0.0493629939027634,45.4,1.0,,A,RFS (Celwave/Cablewave/Phelps Dodge),DA10-77A,A,,,7.07,-76.79,-98.0,"Alcona (Hwy 642, Lot 3 Conc 2, Drayton Twsp) ON",VEM731,010036381-002,TBAYtel - Fixed,2020-08-01,False,False,0.0,0.0
RX,8100.0,30.0,27400.0,27M4D7W,4096-QAM,True,1.25|10|30,A,L,B,45.01972222,-74.9625,81.0,44.2,60.0,74.4501905901862,-0.0198840397515069,43.5,1.0,,A,"Andrew, Div of CommScope",UHX8-77GD,G,,,4.8,-68.0,-86.0,INGLESIDE (5400 SHAVER RD) ON,VDE895,010031877-007,Backhaul Network Services Inc.,2025-09-23,False,False,0.0,0.0
RX,8100.0,30.0,27400.0,27M4D7W,1024-QAM,True,1.25|10|30,A,L,B,43.88497222,-81.70186111,210.0,50.0,100.0,177.099014614085,-0.0195248280480712,41.0,1.2,,A,"Andrew, Div of CommScope",UHX6-77,A,,,1.8,-67.0,-93.5,Port Albert (83804 Bluewater Hwy) ON,CFS673,010767785-003,Backhaul Network Services Inc.,2020-07-01,False,False,0.0,0.0
RX,8100.0,30.0,27400.0,27M4D7W,4096-QAM,True,1.25|10|30,A,,B,44.60277778,-78.90416667,272.0,60.0,100.0,259.402087564783,-0.179581983126274,43.4,1.4,,A,"Andrew, Div of CommScope",HPX8-77,G,,,4.8,-68.69,-86.0,Kawartha Lakes (South Mtn Rd/County Rd 48) ON,CFK315,010779856-003,Backhaul Network Services Inc.,2022-05-02,False,False,0.0,0.0
RX,8100.0,30.0,27400.0,27M4D7W,4096-QAM,True,1.25|10|30,A,L,B,45.84435,-79.52956389,411.0,43.8,80.0,111.298368527757,-0.108017357227712,41.0,1.2,,A,"Andrew, Div of CommScope",UHX6-77,G,,,4.8,-68.35,-86.0,MASHAR (262 PARK RD NORTH) ON,CFK254,010780761-003,Backhaul Network Services Inc.,2022-03-24,False,False,0.0,0.0
RX,8100.0,30.0,27400.0,27M4D7W,4096-QAM,True,1.25|10|30,A,L,B,44.46194444,-78.46283056,255.0,88.0,100.0,165.809696116261,-0.108138083664642,42.9,1.1,,A,"Andrew, Div of CommScope",USX8-7W,G,,,4.8,-68.24,-86.0,GANNON BEACH (620 LISTOWELS LINE) ON,CFJ918,010779843-003,Backhaul Network Services Inc.,2022-03-31,False,False,0.0,0.0
RX,8100.0,30.0,30000.0,30M0D7WET,512-QAM,True,1.25|10|30,A,,B,44.35405556,-78.04494444,215.0,95.0,107.0,262.197911247598,0.00512910987520324,45.3,1.0,,A,"Andrew, Div of CommScope",HPX10-77,A,,,1.3,-66.0,-94.5,NORWOOD (3427 HWY 7 EAST) ON,VAD426,010076496-004,Backhaul Network Services Inc.,2018-05-30,False,False,0.0,0.0
RX,8100.0,30.0,27400.0,27M4D7W,4096-QAM,True,1.25|10|30,A,M,A,44.10719444,-78.65405556,381.0,86.0,96.0,131.419519465428,-0.583404258758194,43.5,1.0,,A,"Andrew, Div of CommScope",UHX8-77GD,G,,,1.3,-67.32,-87.5,Pontypool (464 Telecom Rd) ON,XKU583,010068766-006,Backhaul Network Services Inc.,2024-05-30,False,False,0.0,0.0
RX,8100.0,30.0,30000.0,30M0D7W,1024-QAM,True,1.25|10|30,A,L,B,42.87461111,-79.25208333,175.0,35.0,50.0,313.899532239628,0.23102960638551,41.0,1.2,,A,"Andrew, Div of CommScope",UHX6-77,G,,,4.8,-69.64,-92.0,Port Colborne (2 King Street) ON,CFX422,010743646-003,Backhaul Network Services Inc.,2021-11-27,False,False,0.0,0.0
RX,8100.0,30.0,27400.0,27M4D7W,1024-QAM,True,1.25|10|30,A,L,B,46.55651111,-81.17913056,268.0,57.0,100.0,51.3571447302394,0.0185856463040637,41.0,1.2,,A,"Andrew, Div of CommScope",UHX6-77,B,,,1.3,-58.46,-93.5,CHELMSFORD (MONTEE GENEREUX ST) ON,VYA831,010728528-003,Backhaul Network Services Inc.,2023-10-31,False,False,0.0,0.0
RX,8100.0,30.0,27400.0,27M4D7W,4096-QAM,True,1.25|10|30,A,L,B,46.66186111,-80.75355556,281.0,74.0,80.0,174.775146870802,0.0857407386184999,41.0,1.2,,A,"Andrew, Div of CommScope",UHX6-77GE,G,,,1.3,-68.0,-87.5,Skead (3971 Skead Rd)  ON,CFO241,010701407-004,Backhaul Network Services Inc.,2023-12-19,False,False,0.0,0.0
RX,8100.0,30.0,27400.0,27M4D7W,4096-QAM,True,1.25|10|30,A,L,B,45.89461111,-82.85313889,229.0,90.0,120.0,114.813807334115,-0.19025730338188,41.0,1.2,,A,"Andrew, Div of CommScope",UHX6-77,G,,,4.8,-67.5,-86.0,MORRISVILLE (SHESHEGWANING) ON,CFF286,010692050-003,Backhaul Network Services Inc.,2022-07-15,False,False,0.0,0.0
RX,8100.0,30.0,27400.0,27M4D7W,1024-QAM,True,1.25|10|30,A,L,B,43.28527778,-80.97183333,354.0,55.0,90.0,5.84878933544845,0.0218749728119777,41.0,1.2,,A,"Andrew, Div of CommScope",UHX6-77,G,,,1.3,-66.18,-93.5,Fairview (3052 Perth Rd 113) ON,CFE732,010683870-004,Backhaul Network Services Inc.,2023-05-08,False,False,0.0,0.0
RX,8100.0,30.0,27400.0,27M4D7W,4096-QAM,True,1.25|10|30,A,L,B,44.84226667,-77.86561667,345.0,90.0,122.0,113.705287686504,-0.219049891765044,43.4,1.4,,A,"Andrew, Div of CommScope",HPX8-77,G,,,1.3,-68.23,-86.0,WOLLASTON (293THE SOUTH RD) ON,CFH964,010677707-004,Backhaul Network Services Inc.,2023-10-06,False,False,0.0,0.0
RX,8100.0,30.0,27400.0,27M4D7W,4096-QAM,True,1.25|10|30,A,L,B,44.84226667,-77.86561667,345.0,68.0,122.0,256.280896197909,-0.0502023388065587,41.0,1.2,,A,"Andrew, Div of CommScope",UHX6-77,G,,,4.8,-67.41,-86.0,WOLLASTON (293 THE SOUTH RD) ON,VFF412,010033229-005,Backhaul Network Services Inc.,2023-07-12,False,False,0.0,0.0
RX,8100.0,30.0,30000.0,30M0D7WET,64-QAM,True,1.25|10|30,A,,B,42.62986111,-81.37727778,207.0,58.0,65.0,289.918169373369,0.0351399176850572,41.0,1.2,,A,"Andrew, Div of CommScope",UHX6-77,G,,,1.8,-64.9,-103.5,"FINGAL (31339 FINGAL LINE _ PT LT 20 CON 11), ON",CFB956,010683829-002,Backhaul Network Services Inc.,2016-08-01,False,False,0.0,0.0
RX,8100.0,30.0,27400.0,27M4D7W,4096-QAM,True,1.25|10|30,A,L,B,44.03770278,-77.29330278,91.0,73.0,100.0,11.9556577856682,-0.105531039051608,44.4,0.9,,A,"Andrew, Div of CommScope",HX10-7W-6GF,G,,,4.8,-68.0,-86.0,CROFTON (2591 BEN FILL RD 2) ON,CFD978,010681865-004,Backhaul Network Services Inc.,2022-03-31,False,False,0.0,0.0
RX,8100.0,30.0,27400.0,27M4D7W,1024-QAM,True,1.25|10|30,A,L,B,46.29958333,-83.21980556,245.0,47.0,92.0,126.173819992544,-0.10004826810425,43.5,1.0,,A,"Andrew, Div of CommScope",UHX8-77GD,G,,,1.3,-65.84,-93.5,Iron Bridge (15 Allen St) ON,CIO939,010031329-004,Backhaul Network Services Inc.,2023-12-04,False,False,0.0,0.0
RX,8100.0,30.0,27400.0,27M4D7W,1024-QAM,True,1.25|10|30,A,L,B,45.48021667,-76.21111389,97.0,45.0,90.0,163.774981270634,0.125344393177208,43.4,1.4,,A,"Andrew, Div of CommScope",HPX8-77,B,,,1.3,-66.14,-93.5,FITZROY HARBOUR (5171 CANON SMITH DR)  ON,VYB465,010070878-004,Backhaul Network Services Inc.,2022-09-01,False,False,0.0,0.0
RX,8100.0,10.0,10000.0,10M0D7WET,64-QAM,True,1.25|10|30,A,,B,42.92666667,-79.97055556,215.0,63.0,85.0,72.3483450336228,-0.208598257390993,41.0,1.2,,A,Ericsson (Marconi/GEC),ML7/8 1.8M HPX,A,,,2.3,-61.1,-107.0,NELLES CORNERS (CAYUGA SPEEDWAY) ON,VAD499,010098310-002,Rogers Communications Canada Inc.,2015-02-12,False,False,0.0,0.0
RX,8100.0,30.0,27400.0,27M4D7W,1024-QAM,True,1.25|10|30,A,L,B,45.39522222,-74.78416667,80.0,55.2,91.0,36.5924228410147,0.0899012467355274,42.9,1.2,,A,"Andrew, Div of CommScope",HPX8-71W,A,,,5.3,-65.53,-93.5,Skye (596 Skye Rd) ON,VEA423,010032077-006,Backhaul Network Services Inc.,2022-07-01,False,False,0.0,0.0
RX,8100.0,30.0,30000.0,30M0D7WET,512-QAM,True,1.25|10|30,A,,B,45.34,-75.57472222,88.0,53.0,61.0,109.51686550934,-0.104045934479606,45.2,1.2,,A,"Andrew, Div of CommScope",UHX10-77GD,A,,,1.8,-70.0,-94.5,OTTAWA (3800 LEITRIM RD) ON,VEA994,010032159-005,Backhaul Network Services Inc.,2018-04-20,False,False,0.0,0.0
RX,8100.0,30.0,27400.0,27M4D7W,4096-QAM,True,1.25|10|30,A,L,B,45.18583333,-74.89583333,109.0,63.5,100.0,345.269455294259,-0.17864268038225,41.0,1.2,,A,Ericsson (Marconi/GEC),ML7/8 1.8M HPX,G,,,4.3,-68.0,-86.0,MONKLAND(HWY 43/ROXBOROUGH GRDNS) ON,VEM624,010031547-004,Backhaul Network Services Inc.,2023-06-25,False,False,0.0,0.0
RX,8100.0,30.0,27400.0,27M4D7W,4096-QAM,True,1.25|10|30,A,L,B,46.28416667,-78.74944444,230.0,109.0,115.0,88.7003985456173,-0.24049386360842,41.0,1.2,,A,"Andrew, Div of CommScope",UHX6-77GE,G,,,4.8,-68.0,-86.0,MATTAWA (RICHARDS RD/CHENIER RD) ON,VEL384,010073950-004,Backhaul Network Services Inc.,2022-06-30,False,False,0.0,0.0
RX,8100.0,30.0,27400.0,27M4D7W,4096-QAM,True,1.25|10|30,A,L,B,46.28538889,-81.79786111,304.0,69.0,78.0,72.5606121164815,-0.206443511107257,41.0,1.2,,A,"Andrew, Div of CommScope",UHX6-77GE,G,,,4.8,-68.0,-86.0,Espanola (Hwy 17 / Hwy 6) ON,VBE649,010074312-006,Backhaul Network Services Inc.,2022-08-16,False,False,0.0,0.0
RX,8100.0,30.0,27400.0,27M4D7W,4096-QAM,True,1.25|10|30,A,L,B,44.93527778,-79.36361111,268.0,53.7,66.0,247.697751081864,-0.133920203861603,42.9,1.1,,A,"Andrew, Div of CommScope",USX8-7W,G,,,4.8,-67.75,-86.0,GRAVENHURST (205 JONES RD) ON,VEL445,010074283-004,Backhaul Network Services Inc.,2022-03-24,False,False,0.0,0.0
RX,8100.0,30.0,27400.0,27M4D7W,4096-QAM,True,1.25|10|30,A,M,A,42.15611111,-82.80305556,194.0,31.0,49.0,263.352473158631,-0.000904804295262,42.9,1.2,,A,"Andrew, Div of CommScope",HPX8-71W,G,,,4.8,-68.0,-86.0,ESSEX (72 GOSFIELD TOWNLINE W) ON,CYF458,010031139-005,Backhaul Network Services Inc.,2022-01-25,False,False,0.0,0.0
RX,8100.0,30.0,27400.0,27M4D7W,1024-QAM,True,1.25|10|30,A,L,B,45.95472222,-81.94888889,296.0,94.0,100.0,237.391027682731,-0.204406041593313,41.0,1.2,,A,"Andrew, Div of CommScope",UHX6-77,B,,,0.8,-65.0,-93.5,Little Current Town (Little Current Tn) ON,CKJ815,010069927-004,Backhaul Network Services Inc.,2020-10-15,False,False,0.0,0.0
RX,8100.0,30.0,30000.0,30M0D7WET,64-QAM,True,1.25|10|30,A,,B,42.76916667,-81.37722222,230.0,53.0,60.0,229.3,-0.13,41.0,1.2,,A,"Andrew, Div of CommScope",UHX6-77,B,,,2.3,-56.3,-103.5,SOUTHWOLD (35822 FOURTH LINE) ON,VYA743,010079036-003,Rogers Communications Canada Inc.,2015-12-31,False,False,0.0,0.0
RX,8100.0,30.0,27400.0,27M4D7W,1024-QAM,True,1.25|10|30,A,,B,43.97038889,-81.48444444,300.0,73.0,90.0,120.423257939412,0.0549795606687913,41.0,1.2,,A,"Andrew, Div of CommScope",UHX6-77,B,,,2.3,-68.1,-93.5,Lucknow (1110 S Kinloss Ave) ON,CIJ792,010072282-005,Backhaul Network Services Inc.,2020-06-01,False,False,0.0,0.0
RX,8100.0,30.0,27400.0,27M4D7W,4096-QAM,True,1.25|10|30,A,L,B,43.62773889,-81.54518889,288.0,75.5,90.0,33.6346789793398,0.0914945705604767,42.9,1.1,,A,"Andrew, Div of CommScope",USX8-7W,G,,,1.3,-68.22,-87.5,CLINTON (NORTH ST N) ON,VEL940,010072285-004,Backhaul Network Services Inc.,2024-01-05,False,False,0.0,0.0
RX,8100.0,30.0,27400.0,27M4D7W,4096-QAM,True,1.25|10|30,A,L,B,44.62944444,-81.11083333,240.0,65.0,100.0,342.171715328432,-0.10140443860269,41.0,1.2,,A,"Andrew, Div of CommScope",UHX6-77,G,,,4.8,-68.72,-86.0,HEPWORTH (719828 HWY 6) ON,VFE488,010072492-006,Backhaul Network Services Inc.,2022-03-31,False,False,0.0,0.0
RX,8100.0,30.0,27400.0,27M4D7W,1024-QAM,True,1.25|10|30,A,M,A,43.35365833,-80.60568056,366.0,50.0,183.0,87.2370327308289,-0.0482797355054911,41.0,1.2,,A,"Andrew, Div of CommScope",UHX6-77,G,,,1.3,-64.93,-93.5,NEW HAMBURG (2536 BETHEL RD) ON,XKU553,010072233-004,Backhaul Network Services Inc.,2023-06-02,False,False,0.0,0.0
RX,8100.0,30.0,27400.0,27M4D7W,1024-QAM,True,1.25|10|30,A,M,A,43.25291667,-80.47528056,293.0,40.0,90.0,258.834403608616,0.225216821294965,41.0,1.2,,A,"Andrew, Div of CommScope",UHX6-77,G,,,7.3,-64.69,-93.5,BLANHEIM (807697 OXFORD RD 29) ON,VYA636,010072209-004,Backhaul Network Services Inc.,2022-08-01,False,False,0.0,0.0
RX,8100.0,30.0,27400.0,27M4D7W,4096-QAM,True,1.25|10|30,A,L,B,42.01258333,-82.55230556,175.0,51.2,91.0,44.1691213681119,0.0489497470047775,43.5,1.0,,A,"Andrew, Div of CommScope",UHX8-77GD,G,,,4.8,-68.0,-86.0,LEAMINGTON (1315 SIDEROAD 12) ON,XJV253,010030951-006,Backhaul Network Services Inc.,2022-03-10,False,False,0.0,0.0
RX,8100.0,30.0,27400.0,27M4D7W,4096-QAM,True,1.25|10|30,A,L,B,42.62833333,-80.47722222,192.0,76.8,91.0,278.422893832403,-0.0797155982096535,41.0,1.2,,A,"Andrew, Div of CommScope",UHX6-77,G,,,4.8,-69.44,-86.0,PORT ROWAN (1029 1ST CONCESSION RD) ON,VEL318,010031551-004,Backhaul Network Services Inc.,2022-03-11,False,False,0.0,0.0
RX,8100.0,30.0,27400.0,27M4D7W,4096-QAM,True,1.25|10|30,A,M,A,43.37655556,-80.13505556,277.0,50.0,80.0,55.2824984811158,0.0311838369654597,41.0,1.2,,A,"Andrew, Div of CommScope",UHX6-77,G,,,4.3,-63.0,-86.0,Valens (Valens Rd) ON,VYA629,010072188-004,Backhaul Network Services Inc.,2021-09-01,False,False,0.0,0.0
RX,8100.0,30.0,30000.0,30M0D7WET,64-QAM,True,1.25|10|30,A,,B,43.91472222,-78.92416667,122.0,27.0,27.0,277.998998093734,0.3847571066131,41.0,1.2,,A,"Andrew, Div of CommScope",UHX6-77,G,,,0.8,-55.06,-103.5,WHITBY (120 WALLER) ON,VEM441,010074535-002,Backhaul Network Services Inc.,2014-10-29,False,False,0.0,0.0
RX,8100.0,30.0,27400.0,27M4D7W,4096-QAM,True,1.25|10|30,A,L,B,42.96671389,-81.55793889,239.0,73.0,78.0,359.053170407275,-0.0435746553461683,40.6,1.5,,A,"Andrew, Div of CommScope",USX6-7W,G,,,1.3,-69.69,-86.0,STRATHROY (8727 WALKERS DR) ON,VBE678,010031383-005,Backhaul Network Services Inc.,2022-07-15,False,False,0.0,0.0
RX,8100.0,30.0,27400.0,27M4D7W,4096-QAM,True,1.25|10|30,A,,B,45.09861111,-79.78305556,241.0,80.0,107.0,287.953467086173,-0.390967463610172,40.6,1.5,,A,"Andrew, Div of CommScope",USX6-7W,G,,,4.8,-68.0,-86.0,MACTIER (6982 HWY 69) ON,VAD469,010069453-004,Backhaul Network Services Inc.,2022-03-31,False,False,0.0,0.0
RX,8100.0,30.0,30000.0,30M0D7WET,64-QAM,True,1.25|10|30,A,L,B,45.33972222,-80.00722222,220.0,89.0,100.0,16.8387446406511,0.0264592676489965,43.5,1.0,,A,"Andrew, Div of CommScope",UHX8-77GD,A,,,4.3,-68.0,-103.5,PARRY SOUND (5 OASTLER PARK RD) ON,VEM254,010069429-004,Backhaul Network Services Inc.,2020-07-01,False,False,0.0,0.0
RX,8100.0,30.0,27400.0,27M4D7W,4096-QAM,True,1.25|10|30,A,L,B,45.60363056,-79.38696389,341.0,67.0,109.0,292.419976221753,-0.125451326679293,41.0,1.2,,A,"Andrew, Div of CommScope",UHX6-77,G,,,4.8,-68.48,-86.0,BURK'S FALLS (140 TOWER RD) ON,VEM202,010069421-003,Backhaul Network Services Inc.,2022-03-01,False,False,0.0,0.0
RX,8100.0,30.0,27400.0,27M4D7W,4096-QAM,True,1.25|10|30,A,M,A,44.21625,-79.17238333,281.0,51.0,91.0,7.98388242307575,-0.0666554964910294,40.8,1.5,,A,"Andrew, Div of CommScope",HX6-7W,G,,,1.3,-67.96,-87.5,UXBRIDGE (12680 REGIONAL RD 1) ON,CIN670,010069413-006,Backhaul Network Services Inc.,2025-09-18,False,False,0.0,0.0
RX,8100.0,30.0,27300.0,27M3D7WET,512-QAM,True,1.25|10|30,A,,B,44.72877778,-79.814,207.0,35.0,100.0,288.955231526061,0.39258238625522,41.0,1.2,,A,"Andrew, Div of CommScope",UHX6-77GE,A,,,2.3,-70.0,-90.0,Midland (15765 Hwy 12) ON,VEM274,010069391-004,Backhaul Network Services Inc.,2018-08-01,False,False,0.0,0.0
RX,8100.0,30.0,28000.0,28M0D7WET,256-QAM,True,1.25|10|30,A,,B,46.21805556,-82.56638889,234.0,85.0,108.0,91.7,-0.17,43.5,1.0,,A,"Andrew, Div of CommScope",UHX8-77GD,B,,,2.4,-60.0,-101.0,SPRAGGE (HWY 17 / HWY 18) ON,VBE696,010069329-002,Backhaul Network Services Inc.,2013-10-31,False,False,0.0,0.0
RX,8100.0,30.0,28000.0,28M0D7WET,256-QAM,True,1.25|10|30,A,,B,46.28555556,-81.7975,304.0,35.0,78.0,255.3,-0.205,43.5,1.0,,A,"Andrew, Div of CommScope",UHX8-77GD,A,,,4.8,-61.2,-101.0,ESPANOLA (HWY 17/HWY 6) ON,VBE649,010069327-003,Backhaul Network Services Inc.,2017-03-06,False,False,0.0,0.0
RX,8100.0,30.0,30000.0,30M0D7WET,256-QAM,True,1.25|10|30,A,L,B,46.555,-80.01055556,264.0,90.0,110.0,180.0,-0.173975803988511,43.4,1.4,,A,"Andrew, Div of CommScope",HPX8-77,G,,,0.8,-62.0,-97.5,Field (173 Pike Lake Rd) ON,VYA719,010069110-004,Backhaul Network Services Inc.,2020-10-15,False,False,0.0,0.0
RX,8100.0,30.0,27400.0,27M4D7W,4096-QAM,True,1.25|10|30,A,L,B,42.84349722,-80.66960833,241.0,53.0,91.0,5.98091824379182,0.065471562322441,42.9,1.1,,A,"Andrew, Div of CommScope",USX8-7W,G,,,4.8,-68.0,-86.0,TILLSONBURG (889 GOSHEN RD) ON,XKX937,010068782-004,Rogers Communications Canada Inc.,2022-03-31,False,False,0.0,0.0
RX,8100.0,30.0,27400.0,27M4D7W,4096-QAM,True,1.25|10|30,A,L,B,45.49421944,-76.673725,171.0,57.5,90.0,47.0814186308644,-0.0631398418672445,41.0,1.2,,A,"Andrew, Div of CommScope",UHX6-77GE,G,,,1.3,-68.0,-87.5,RENFREW (1025 BRUCE ST) ON,VEL991,010042967-005,Backhaul Network Services Inc.,2024-09-18,False,False,0.0,0.0
RX,8100.0,30.0,30000.0,30M0D7WET,64-QAM,True,1.25|10|30,A,,B,44.35944444,-80.69916667,436.0,58.0,127.0,24.8,-0.081,41.0,1.2,,A,"Andrew, Div of CommScope",UHX6-77,G,,,1.8,-57.5,-103.5,BERKELEY (SDRD 70/HWY 10) ON,XJV257,010033631-002,Backhaul Network Services Inc.,2014-04-01,False,False,0.0,0.0
RX,8100.0,30.0,27400.0,27M4D7W,4096-QAM,True,1.25|10|30,A,L,B,45.57083611,-82.01555556,181.0,70.0,100.0,7.24440638259015,0.287292137760585,41.0,1.2,,A,"Andrew, Div of CommScope",UHX6-77,G,,,4.8,-68.03,-86.0,"WIKWMIKONG (ON-6, ON P0P 2J0) ON",CKJ811,010033599-006,Backhaul Network Services Inc.,2022-03-31,False,False,0.0,0.0
RX,8100.0,30.0,27400.0,27M4D7W,4096-QAM,True,1.25|10|30,A,L,B,44.07119444,-80.80038889,402.0,54.0,100.0,200.44406056823,-0.0669589280528291,42.9,1.1,,A,"Andrew, Div of CommScope",USX8-7W,G,,,1.3,-68.09,-86.0,Orchardville (312218 Hwy 6) ON,CKT817,010033587-004,Backhaul Network Services Inc.,2023-09-08,False,False,0.0,0.0
RX,8100.0,30.0,27400.0,27M4D7W,4096-QAM,True,1.25|10|30,A,L,B,44.61305556,-75.94916667,105.0,89.0,100.0,97.3083534713333,-0.111425500056885,42.9,1.1,,A,"Andrew, Div of CommScope",HX8-7W,G,,,4.8,-68.0,-86.0,ATHENS (CHARLESTON RD) ON,CHL775,010033511-005,Backhaul Network Services Inc.,2022-02-14,False,False,0.0,0.0
RX,8100.0,30.0,27400.0,27M4D7W,1024-QAM,True,1.25|10|30,A,L,B,45.71388889,-80.01805556,243.0,94.0,122.0,158.560588676666,-0.0294502749138707,44.9,1.0,,A,"Andrew, Div of CommScope",HPX10-71W,B,,,0.8,-60.0,-93.5,Wahwashkesh (Wah-Wash-Kesh Rd / Eli Lane) ON,VFF926,010033267-003,Backhaul Network Services Inc.,2020-12-17,False,False,0.0,0.0
RX,8100.0,30.0,27400.0,27M4D7W,4096-QAM,True,1.25|10|30,A,L,B,43.34525,-81.11430556,343.0,53.0,112.0,289.088804460639,-0.0633140119471342,40.6,1.5,,A,"Andrew, Div of CommScope",USX6-7W,G,,,4.8,-68.0,-86.0,Avonton (4736 Perth Line 20) ON,XKX950,010033231-003,Backhaul Network Services Inc.,2022-03-01,False,False,0.0,0.0
RX,8100.0,30.0,27400.0,27M4D7W,4096-QAM,True,1.25|10|30,A,L,B,42.72984722,-81.71005278,220.0,76.0,97.0,53.7,-0.07,41.0,1.2,,A,"Andrew, Div of CommScope",UHX6-77,G,,,4.8,-68.4,-86.0,GLENCOE (3438 CENTREVILLE DR) ON,CJL850,010033157-003,Backhaul Network Services Inc.,2022-03-28,False,False,0.0,0.0
RX,8100.0,30.0,27400.0,27M4D7W,4096-QAM,True,1.25|10|30,A,L,B,44.23072222,-80.28958333,518.0,46.0,66.0,138.254459926962,-0.126300599987421,42.9,1.2,,A,"Andrew, Div of CommScope",HPX8-71W,G,,,4.8,-68.0,-86.0,Shrigley (240 Sdrd / 10th Line NE) ON,XJV217,010033147-005,Backhaul Network Services Inc.,2022-03-30,False,False,0.0,0.0
RX,8100.0,30.0,27400.0,27M4D7W,1024-QAM,True,1.25|10|30,A,L,B,43.18596389,-80.781525,321.0,60.0,90.0,335.289163578764,0.0317177500981695,41.0,1.2,,A,"Andrew, Div of CommScope",UHX6-77GE,A,,,1.3,-67.92,-93.5,WILLOW LAKE (595638 HWY 59) ON,VEL442,010033123-003,Backhaul Network Services Inc.,2022-12-13,False,False,0.0,0.0
RX,8100.0,30.0,30000.0,30M0D7WET,128-QAM,True,1.25|10|30,A,,B,42.97944444,-82.22666667,192.0,50.0,80.0,246.0,0.016,41.0,1.2,,A,Ericsson (Marconi/GEC),ML7/8 1.8M HPX,A,,,2.4,-61.1,-98.0,MANDAUMIN (3073 LONDON LINE) ON,CJL745,010033031-001,Rogers Communications Canada Inc.,2010-10-01,False,False,0.0,0.0
RX,8100.0,30.0,27400.0,27M4D7W,4096-QAM,True,1.25|10|30,A,L,B,42.34469722,-81.84338333,177.0,58.0,75.0,350.161918596624,0.235744732591506,40.6,1.5,,A,"Andrew, Div of CommScope",USX6-7W,G,,,4.8,-68.19,-86.0,MORPETH (18331 KENT BRIDGE RD) ON,CIN272,010032947-005,Backhaul Network Services Inc.,2022-03-01,False,False,0.0,0.0
RX,8100.0,30.0,27400.0,27M4D7W,4096-QAM,True,1.25|10|30,A,L,B,44.90086111,-81.18658333,214.0,73.5,100.0,174.874114815215,-0.0124710697574811,41.0,1.2,,A,"Andrew, Div of CommScope",UHX6-77,G,,,4.8,-68.56,-86.0,WIARTON (126 CAMERON RD) ON,CFW586,010032739-006,Backhaul Network Services Inc.,2022-04-01,False,False,0.0,0.0
RX,8100.0,30.0,27400.0,27M4D7W,4096-QAM,True,1.25|10|30,A,L,B,44.13066667,-81.12311111,315.0,54.5,91.0,76.4137444344084,-0.0217681447725568,42.9,1.1,,A,"Andrew, Div of CommScope",HX8-7W,G,,,1.3,-68.0,-87.5,Walkerton (51 Sdrd 15) ON,VAD489,010032509-006,Backhaul Network Services Inc.,2023-12-15,False,False,0.0,0.0
RX,8100.0,30.0,27400.0,27M4D7W,4096-QAM,True,1.25|10|30,A,L,B,44.15286389,-78.43746944,259.0,19.0,20.0,30.8140896255944,-0.1956686517961,40.6,1.5,,A,"Andrew, Div of CommScope",USX6-7W,G,,,4.8,-68.0,-86.0,MILLBROOK (75 KING ST E) ON,CHX765,010032427-004,Backhaul Network Services Inc.,2022-02-01,False,False,0.0,0.0
RX,8100.0,30.0,27400.0,27M4D7W,4096-QAM,True,1.25|10|30,A,L,B,43.96476944,-80.71829167,430.0,58.83,107.0,63.8249444557572,0.232314193078881,42.9,1.2,,A,"Andrew, Div of CommScope",HPX8-71W,G,,,1.3,-67.51,-87.5,MOUNT FOREST (7090 SIDERD 2 E) ON,VAD445,010032391-006,Backhaul Network Services Inc.,2025-06-01,False,False,0.0,0.0
RX,8100.0,30.0,30000.0,30M0D7WET,64-QAM,True,1.25|10|30,A,,B,42.7125,-82.46638889,180.0,62.0,65.0,92.2739400539483,0.0812793504043425,40.7,1.6,,A,"Andrew, Div of CommScope",HPX6-77,A,,,0.9,-68.0,-101.0,WINDSOR (SOMBRA) ON,CHL787,010032331-004,Backhaul Network Services Inc.,2017-01-26,False,False,0.0,0.0
RX,8100.0,30.0,27400.0,27M4D7W,4096-QAM,True,1.25|10|30,A,L,B,46.17222222,-77.78722222,166.0,117.0,129.0,107.105754748162,0.0366449652459668,43.4,1.4,,A,"Andrew, Div of CommScope",HPX8-77,G,,,4.8,-68.75,-86.0,MACKEY (38589 HWY 17) ON,VEL386,010032285-005,Backhaul Network Services Inc.,2022-03-25,False,False,0.0,0.0
RX,8100.0,30.0,30000.0,30M0D7WET,64-QAM,True,1.25|10|30,A,,B,42.32472222,-82.24083333,178.0,40.0,80.0,245.569958352226,-0.0281784220399265,41.0,1.2,,A,"Andrew, Div of CommScope",UHX6-77,A,,,1.8,-64.7,-103.5,CHATHAM-KENT (22525 AD SHADD RD) ON,VEL487,010032261-003,Backhaul Network Services Inc.,2017-07-12,False,False,0.0,0.0
RX,8100.0,30.0,27400.0,27M4D7W,4096-QAM,True,1.25|10|30,A,,B,45.29916667,-75.12416667,63.0,65.0,100.0,260.389667980774,-0.0780357688667034,40.6,1.5,,A,"Andrew, Div of CommScope",USX6-7W,G,,,4.8,-68.87,-86.0,CASSELMAN (1079 RAINVILLE RD) ON,VEL468,010032253-005,Backhaul Network Services Inc.,2022-02-01,False,False,0.0,0.0
RX,8100.0,30.0,30000.0,30M0D7W,1024-QAM,True,1.25|10|30,A,L,B,43.08916667,-81.97138889,221.0,52.0,95.0,125.115616478107,0.0236683733401524,43.5,1.0,,A,"Andrew, Div of CommScope",UHX8-77GD,G,,,4.8,-65.65,-92.0,FOREST (7601 ELARTON ROAD) ON,VEL346,010032219-005,Backhaul Network Services Inc.,2021-11-28,False,False,0.0,0.0
RX,8100.0,30.0,27400.0,27M4D7W,4096-QAM,True,1.25|10|30,A,M,A,43.51399167,-80.55281667,340.0,45.11,50.0,275.234915605994,0.223419984339821,41.0,1.2,,A,"Andrew, Div of CommScope",UHX6-77,G,,,4.8,-67.63,-86.0,WATERLOO (820 KING ST N) ON,VEA982,010032149-004,Backhaul Network Services Inc.,2022-03-31,False,False,0.0,0.0
RX,8100.0,30.0,27400.0,27M4D7W,4096-QAM,True,1.25|10|30,A,L,B,45.39527778,-74.78416667,80.0,60.0,91.0,231.365049677538,-0.118636043881329,42.9,1.2,,A,"Andrew, Div of CommScope",HPX8-71W,G,,,4.3,-65.0,-86.0,DUNVEGAN (596 SKYE RD) ON,VEA423,010032079-004,Backhaul Network Services Inc.,2023-06-25,False,False,0.0,0.0
RX,8100.0,30.0,27400.0,27M4D7W,4096-QAM,True,1.25|10|30,A,M,A,44.40419444,-79.70716667,287.0,46.0,46.0,7.20222996774446,0.204331703865557,41.0,1.2,,A,"Andrew, Div of CommScope",UHX6-77,G,,,4.8,-69.36,-86.0,Barrie (2 Kozlov St) ON,VDS234,010032075-006,Backhaul Network Services Inc.,2022-02-01,False,False,0.0,0.0
RX,8100.0,30.0,27400.0,27M4D7W,4096-QAM,True,1.25|10|30,A,L,B,42.59963889,-82.41511111,176.0,34.5,45.0,103.725875719602,0.0198641524462516,42.9,1.1,,A,"Andrew, Div of CommScope",USX8-7W,G,,,4.8,-67.89,-86.0,WALLACEBURG (29452 RUNNING CRK) ON,CYF451,010031979-005,Backhaul Network Services Inc.,2022-03-15,False,False,0.0,0.0
RX,8100.0,30.0,27400.0,27M4D7W,4096-QAM,True,1.25|10|30,A,L,B,45.01977222,-74.962425,81.0,47.0,60.0,237.499223710443,0.0770840030619013,43.5,1.0,,A,"Andrew, Div of CommScope",UHX8-77GD,G,,,4.8,-68.05,-86.0,INGLESIDE (5400 SHAVER RD) ON,VDE895,010031879-004,Backhaul Network Services Inc.,2022-04-01,False,False,0.0,0.0
RX,8100.0,30.0,30000.0,30M0D7WET,128-QAM,True,1.25|10|30,A,,B,43.2375,-79.87638889,203.0,46.0,48.0,3.5,0.271,43.4,1.4,,A,"Andrew, Div of CommScope",HPX8-77,A,,,2.2,-67.5,-101.0,HAMILTON (33 FENNELL AVE E) ON,VBE671,010031831-001,Rogers Communications Canada Inc.,2010-08-27,False,False,0.0,0.0
RX,8100.0,30.0,30000.0,30M0D7WET,256-QAM,True,1.25|10|30,A,,B,44.14833333,-79.86,220.0,43.0,49.0,253.1,0.813,41.0,1.2,,A,"Andrew, Div of CommScope",UHX6-77,A,,,2.3,-65.1,-97.5,ALLISTON (139 PARSONS RD) ON,VBE648,010031803-001,Rogers Communications Canada Inc.,2014-04-01,False,False,0.0,0.0
RX,8100.0,30.0,27400.0,27M4D7W,4096-QAM,True,1.25|10|30,A,,B,44.85,-76.36916667,155.0,102.5,122.0,177.001053351992,-0.0886553088410614,43.5,1.0,,A,"Andrew, Div of CommScope",UHX8-77GD,G,,,4.8,-68.0,-86.0,PERTH (E/O CAMERON SIDE RD) ON,XJV299,010031779-005,Backhaul Network Services Inc.,2022-02-18,False,False,0.0,0.0
RX,8100.0,30.0,27400.0,27M4D7W,1024-QAM,True,1.25|10|30,A,L,B,44.55283611,-78.42199722,290.0,85.0,107.0,79.1081498024881,-0.122462113179154,41.0,1.2,,A,"Andrew, Div of CommScope",UHX6-77,G,,,4.3,-64.22,-93.5,LAKEHURST (1124 ADAMS CUMMINS RD) ON,VAD474,010031741-006,Backhaul Network Services Inc.,2022-09-01,False,False,0.0,0.0
RX,8100.0,30.0,27400.0,27M4D7W,4096-QAM,True,1.25|10|30,A,L,B,44.31413889,-79.01522222,290.0,72.3,91.0,160.703188554149,-0.159476700899459,43.5,1.0,,A,"Andrew, Div of CommScope",UHX8-77GD,G,,,4.8,-68.0,-86.0,Manilla (2102 Concession 9 Brock) ON,XKU559,010031733-003,Backhaul Network Services Inc.,2022-02-01,False,False,0.0,0.0
RX,8100.0,30.0,27400.0,27M4D7W,1024-QAM,True,1.25|10|30,A,L,B,45.7145,-77.00805833,182.0,75.5,92.0,138.363430424228,-0.11553658747845,44.9,1.0,,A,"Andrew, Div of CommScope",HPX10-71W,A,,,1.3,-68.25,-93.5,MEATH (SNAKE RIVER/SUTHERLAND) ON,VAD403,010031671-008,Backhaul Network Services Inc.,2022-10-21,False,False,0.0,0.0
RX,8100.0,30.0,27400.0,27M4D7W,4096-QAM,True,1.25|10|30,A,L,B,45.71458333,-77.00833333,182.0,53.0,92.0,315.82275212246,-0.177434077593049,42.9,1.1,,A,"Andrew, Div of CommScope",USX8-7W,G,,,4.8,-68.0,-86.0,MEATH (SNAKE RIVER/SUTHERLAND) ON,VAD403,010031669-006,Backhaul Network Services Inc.,2022-02-14,False,False,0.0,0.0
RX,8100.0,10.0,10000.0,10M0D7WET,64-QAM,True,1.25|10|30,A,,B,49.77916667,-94.45638889,366.0,95.0,107.0,250.3,-0.056,43.5,1.0,,A,"Andrew, Div of CommScope",UHX8-77GD,A,,,2.4,-66.7,-110.0,KENORA (VALLEY DR / GUNNE CRES) ON,XJV260,010031657-001,Rogers Communications Canada Inc.,2010-12-15,False,False,0.0,0.0
RX,8100.0,30.0,27400.0,27M4D7W,4096-QAM,True,1.25|10|30,A,L,B,43.01455556,-81.00597222,271.0,79.0,91.0,242.077231932552,-0.176967329692682,40.6,1.5,,A,"Andrew, Div of CommScope",USX6-7W,G,,,4.8,-68.0,-86.0,Ingersoll (Hunt Rd / Marion St) ON,XJV294,010031651-004,Backhaul Network Services Inc.,2022-02-10,False,False,0.0,0.0
RX,8100.0,10.0,10000.0,10M0D7WET,64-QAM,True,1.25|10|30,A,,B,44.28833333,-78.59527778,315.0,53.0,91.0,5.36882924235118,-0.194211524538924,43.5,1.0,,A,"Andrew, Div of CommScope",UHX8-77GD,A,,,2.4,-63.4,-106.0,OMEMEE (3632 HWY 7) ON,VAD425,010031633-002,Rogers Communications Canada Inc.,2015-01-13,False,False,0.0,0.0
RX,8100.0,30.0,30000.0,30M0D7WET,64-QAM,True,1.25|10|30,A,,B,44.115,-76.92666667,92.0,40.0,100.0,52.1131672459556,0.0725290033510224,43.5,1.0,,A,"Andrew, Div of CommScope",UHX8-77GD,A,,,2.0,-67.0,-101.0,CONWAY (8743 HWY 33) ON,CFW977,010031609-003,Rogers Communications Canada Inc.,2017-01-26,False,False,0.0,0.0
RX,8100.0,30.0,30000.0,30M0D7WET,256-QAM,True,1.25|10|30,A,L,B,48.54722222,-80.9525,289.0,77.0,200.0,252.916852434808,-0.0434617900081443,43.4,1.4,,A,"Andrew, Div of CommScope",HPX8-77,A,,,0.9,-65.0,-96.0,CONNAUGHT (4410 HWY 101) ON,VEM868,010031575-005,Backhaul Network Services Inc.,2021-01-15,False,False,0.0,0.0
RX,8100.0,30.0,27400.0,27M4D7W,4096-QAM,True,1.25|10|30,A,L,B,42.72194444,-81.14916667,252.0,68.5,79.0,102.57659645515,-0.198746109559286,43.5,1.0,,A,"Andrew, Div of CommScope",UHX8-77GD,G,,,4.8,-66.24,-86.0,ST THOMAS (6923 CENTENNIAL RD) ON,XKX938,010031553-003,Backhaul Network Services Inc.,2022-03-11,False,False,0.0,0.0
RX,8100.0,30.0,27400.0,27M4D7W,4096-QAM,True,1.25|10|30,A,L,B,44.28741667,-81.26630556,244.0,52.1,100.0,89.6305485202388,0.099384029569825,41.0,1.2,,A,"Andrew, Div of CommScope",UHX6-77,G,,,1.3,-67.77,-86.0,Paisley (Bruce Rd 3 / CR-2A) ON,VEL679,010031419-006,Backhaul Network Services Inc.,2023-08-22,False,False,0.0,0.0
RX,8100.0,30.0,27400.0,27M4D7W,4096-QAM,True,1.25|10|30,A,,B,45.53830556,-74.97086111,77.0,70.0,100.0,241.125435037575,-0.113640099787565,43.5,1.0,,A,"Andrew, Div of CommScope",UHX8-77GD,G,,,4.8,-68.0,-86.0,Plantagenet (430 Conc Rd 5) ON,CIO462,010031395-004,Backhaul Network Services Inc.,2022-03-31,False,False,0.0,0.0
RX,8100.0,30.0,27400.0,27M4D7W,4096-QAM,True,1.25|10|30,A,L,B,43.72619444,-81.25902778,345.0,69.5,100.0,217.033371374577,-0.116609492904273,42.9,1.1,,A,"Andrew, Div of CommScope",USX8-7W-6GF,G,,,1.3,-68.0,-87.5,BRUSSELS (42655 CRANBROOK RD) ON,VFE310,010031355-006,Backhaul Network Services Inc.,2023-02-03,False,False,0.0,0.0
RX,8100.0,30.0,27300.0,27M3D7WET,512-QAM,True,1.25|10|30,A,L,B,45.20115833,-76.03811667,135.0,59.0,80.0,328.817815082623,-0.0752242863512084,41.0,1.2,,A,"Andrew, Div of CommScope",UHX6-77,A,,,1.3,-69.87,-90.0,ASHTON (1444 DWYER HILL RD) ON,VFE298,010031349-005,Backhaul Network Services Inc.,2022-09-01,False,False,0.0,0.0
RX,8100.0,30.0,27400.0,27M4D7W,4096-QAM,True,1.25|10|30,A,L,B,42.54711111,-81.97419444,187.0,55.0,100.0,194.69789466274,-0.0117279668340444,42.9,1.1,,A,"Andrew, Div of CommScope",USX8-7W,G,,,4.8,-67.94,-86.0,Thamesville (1 Victoria Rd) ON,CIO669,010031335-004,Backhaul Network Services Inc.,2022-03-15,False,False,0.0,0.0
RX,8100.0,30.0,27400.0,27M4D7W,4096-QAM,True,1.25|10|30,A,,B,43.985,-77.44416667,94.0,72.0,90.0,105.055201732856,-0.038358638301418,42.9,1.1,,A,"Andrew, Div of CommScope",USX8-7W,G,,,4.8,-68.0,-86.0,HILLIER (113 LITTLE CREEK RD) ON,VBE667,010031255-005,Backhaul Network Services Inc.,2022-02-18,False,False,0.0,0.0
RX,8100.0,30.0,27400.0,27M4D7W,1024-QAM,True,1.25|10|30,A,L,B,43.97038889,-81.48444444,300.0,75.0,90.0,319.589916604447,-0.331875778655092,41.0,1.2,,A,Ericsson (Marconi/GEC),ML7/8 1.8M HPX,A,,,2.3,-66.0,-93.5,Lucknow (1110 S Kinloss Ave) ON,CIJ792,010031227-005,Backhaul Network Services Inc.,2020-06-01,False,False,0.0,0.0
RX,8100.0,30.0,27400.0,27M4D7W,4096-QAM,True,1.25|10|30,A,L,B,43.21662778,-81.44132222,290.0,75.0,80.0,44.8,0.018,42.9,1.1,,A,"Andrew, Div of CommScope",USX8-7W,G,,,1.3,-67.2,-86.0,LUCAN (MCGILLVRAY  RICHMOND ST) ON,CKO264,010031181-004,Backhaul Network Services Inc.,2024-04-26,False,False,0.0,0.0
RX,8100.0,10.0,10000.0,10M0D7WET,64-QAM,True,1.25|10|30,A,,B,43.59722222,-80.28522222,359.0,50.0,108.0,74.0458573880252,0.0601154943002491,41.0,1.2,,A,"Andrew, Div of CommScope",UHX6-77,A,,,2.3,-67.0,-106.0,GUELPH (5559 WELLINGTON RD 38) ON,XKU588,010031111-004,Rogers Communications Canada Inc.,2016-08-09,False,False,0.0,0.0
RX,8100.0,10.0,10000.0,10M0D7WET,64-QAM,True,1.25|10|30,A,,B,42.78166667,-80.2425,204.0,46.0,100.0,41.3265772030518,-0.0171749748900127,42.9,1.2,,A,"Andrew, Div of CommScope",HPX8-71W,A,,,0.8,-62.2,-107.0,PORT DOVER (RADICAL RD/BLUELINE) ON,VEA983,010030973-002,Rogers Communications Canada Inc.,2014-12-30,False,False,0.0,0.0
RX,8100.0,30.0,27400.0,27M4D7W,4096-QAM,True,1.25|10|30,A,L,B,43.98911389,-78.125,160.0,58.0,91.0,76.8597615960752,0.139284799082131,41.0,1.2,,A,"Andrew, Div of CommScope",UHX6-77GE,G,,,4.8,-66.9,-86.0,Cobourg (Hill 60 Rd) ON,XKU590,010030835-006,Backhaul Network Services Inc.,2025-09-02,False,False,0.0,0.0
RX,8100.0,30.0,27400.0,27M4D7W,4096-QAM,True,1.25|10|30,A,L,B,42.25555556,-82.54444444,183.0,48.0,65.0,214.873452651262,0.051557715294668,41.0,1.2,,A,"Andrew, Div of CommScope",UHX6-77,G,,,4.3,-63.0,-86.0,HAYCROFT (5TH CONC/COMBER SDRD) ON,XKU581,010030783-007,Backhaul Network Services Inc.,2021-09-01,False,False,0.0,0.0
RX,8097.5,5.0,5000.0,5M00D7WET,128-QAM,True,1.25|5,A,,B,43.91555556,-78.55888889,130.0,52.0,60.0,262.8,-0.115,41.0,1.2,,A,"Andrew, Div of CommScope",UHX6-77,A,,,1.8,-63.4,-107.0,NEWCASTLE (STEPHENSON RD /  401) ON,VEA922,010032121-001,Rogers Communications Canada Inc.,2013-04-01,False,False,0.0,0.0
RX,8095.0,20.0,20000.0,20M0D7WET,64-QAM,True,1.25|20,A,,B,46.66869444,-79.91922222,302.0,88.0,110.0,117.660786111001,0.0228987375800842,43.4,1.4,,A,"Andrew, Div of CommScope",HPX8-77,A,,,0.8,-65.0,-105.0,Loon Bay (Hwy 64) ON,VYA816,010069925-003,Backhaul Network Services Inc.,2017-01-27,False,False,0.0,0.0
RX,8075.0,20.0,20000.0,20M0D7WET,64-QAM,True,1.25|20,A,,B,46.66869444,-79.91922222,302.0,88.0,110.0,117.660786111001,0.0228987375800842,43.4,1.4,,A,"Andrew, Div of CommScope",HPX8-77,B,,,0.8,-65.0,-105.0,Loon Bay (Hwy 64) ON,VYA816,010069925-003,Backhaul Network Services Inc.,2017-01-27,False,False,0.0,0.0
RX,8070.0,30.0,27400.0,27M4D7W,4096-QAM,True,1.25|10|30,A,L,B,45.03977778,-78.34333333,441.0,43.0,60.0,191.774185090456,-0.181594301894729,40.6,1.5,,A,"Andrew, Div of CommScope",USX6-7W,G,,,1.3,-65.47,-87.5,Essonville (1344 Wenona Lake Rd) ON,CIZ585,011121074-001,Backhaul Network Services Inc.,2026-06-01,False,False,0.0,0.0
RX,8070.0,30.0,27400.0,27M4D7W,4096-QAM,True,1.25|10|30,A,L,B,45.16180556,-77.78297222,429.0,77.0,90.0,88.6206593062579,-0.283083415949908,42.9,1.1,,A,"Andrew, Div of CommScope",USX8-7W,G,,,1.3,-67.02,-87.5,Peterborough (57 Mcdonald Mine Rd) ON,CIZ674,011119474-001,Backhaul Network Services Inc.,2026-05-21,False,False,0.0,0.0
RX,8070.0,30.0,27400.0,27M4D7W,4096-QAM,True,1.25|10|30,A,L,B,44.74791667,-78.08433333,325.0,67.0,90.0,75.1601627228842,0.0101537883549425,42.9,1.1,,A,"Andrew, Div of CommScope",USX8-7W,G,,,1.3,-66.91,-87.5,APSLEY (156 JACK LAKE RD) ON,CIZ575,011121071-001,Backhaul Network Services Inc.,2026-05-20,False,False,0.0,0.0
RX,8070.0,30.0,27400.0,27M4D7W,4096-QAM,True,1.25|10|30,A,L,B,45.06415833,-77.76741944,357.0,56.0,90.0,28.1470016194456,0.0780894657735152,42.9,1.1,,A,"Andrew, Div of CommScope",USX8-7W,G,,,1.3,-66.68,-87.5,Bancroft (32080 Hwy 28) ON,CHD456,011120883-001,Backhaul Network Services Inc.,2026-03-07,False,False,0.0,0.0
RX,8070.0,30.0,27400.0,27M4D7W,4096-QAM,True,1.25|10|30,A,L,B,45.21679167,-77.43836111,361.0,80.0,90.0,4.34464115388867,0.094143593530589,42.9,1.1,,A,"Andrew, Div of CommScope",USX8-7W,G,,,1.3,-67.8,-87.5,PALMER RAPIDS (109 SCHUTT RD) ON,CIX744,011120519-001,Backhaul Network Services Inc.,2026-02-27,False,False,0.0,0.0
RX,8070.0,30.0,27400.0,27M4D7W,4096-QAM,True,1.25|10|30,A,L,B,45.06140833,-77.19843333,423.0,70.0,273.0,179.859505868007,-0.37908136253996,42.9,1.1,,A,"Andrew, Div of CommScope",USX8-7W,G,,,1.3,-62.56,-86.5,DENBIGH (302 TOWER ROAD) ON,CIV851,011109714-002,Backhaul Network Services Inc.,2025-12-31,False,False,0.0,0.0
RX,8070.0,30.0,27400.0,27M4D7W,4096-QAM,True,1.25|10|30,A,L,B,45.57372222,-77.650225,302.0,80.0,90.0,95.969167576802,-0.42239582558979,42.9,1.1,,A,"Andrew, Div of CommScope",USX8-7W,G,,,1.3,-62.13,-87.5,BARRYS BAY (126 ETMANSKI RD) ON,CIW857,011077478-002,Backhaul Network Services Inc.,2025-12-19,False,False,0.0,0.0
RX,8070.0,30.0,27400.0,27M4D7W,4096-QAM,True,1.25|10|30,A,L,B,48.405925,-81.52725,303.0,55.0,90.0,67.1423505150117,-0.0754600286194011,42.9,1.1,,A,"Andrew, Div of CommScope",USX8-7W,G,,,1.3,-65.0,-87.5,Timmins (8020 Hwy 101 W) ON,CIV982,011105068-002,Backhaul Network Services Inc.,2025-11-21,False,False,0.0,0.0
RX,8070.0,30.0,27400.0,27M4D7W,4096-QAM,True,1.25|10|30,A,L,B,43.91638889,-76.98988889,81.0,53.0,60.0,278.850796867192,0.0809565082056559,42.9,1.1,,A,"Andrew, Div of CommScope",USX8-7W,G,,,1.3,-67.24,-87.5,South Bay (761 Babylon Rd) ON,CIV705,011105571-002,Backhaul Network Services Inc.,2026-01-07,False,False,0.0,0.0
RX,8070.0,30.0,27400.0,27M4D7W,4096-QAM,True,1.25|10|30,A,L,B,45.23878056,-77.2135,332.0,100.2,120.0,329.430347592934,0.292783845800788,40.6,1.5,,A,"Andrew, Div of CommScope",USX6-7W,G,,,1.3,-65.61,-87.5,GRIFFITH (25185 HWY 41) ON,CIV590,011089983-002,Backhaul Network Services Inc.,2025-10-21,False,False,0.0,0.0
RX,8070.0,30.0,27400.0,27M4D7W,4096-QAM,True,1.25|10|30,A,L,B,43.87408056,-81.12316944,346.0,58.0,65.0,280.508164916852,-0.0716667590304283,40.6,1.5,,A,"Andrew, Div of CommScope",USX6-7W,G,,,1.3,-65.79,-87.5,Gorrie (43844 Harriston Rd) ON,CHV289,011098528-002,Backhaul Network Services Inc.,2025-08-28,False,False,0.0,0.0
RX,8070.0,30.0,27400.0,27M4D7W,4096-QAM,True,1.25|10|30,A,L,B,45.43227778,-77.77927778,413.0,80.0,89.6,223.864417445857,0.195911991781952,40.6,1.5,,A,"Andrew, Div of CommScope",USX6-7W,G,,,1.3,-68.27,-87.5,"BARRY'S BAY(60 KUBESHESKI RD),ON",CHR577,011094091-002,Backhaul Network Services Inc.,2025-08-13,False,False,0.0,0.0
RX,8070.0,30.0,27400.0,27M4D7W,4096-QAM,True,1.25|10|30,A,L,B,43.96476944,-80.71829167,430.0,58.83,107.0,63.8249444557572,0.232314193078881,42.9,1.2,,A,"Andrew, Div of CommScope",HPX8-71W,G,,,1.3,-67.51,-87.5,MOUNT FOREST (7090 SIDERD 2 E) ON,VAD445,010032391-006,Backhaul Network Services Inc.,2025-06-01,False,False,0.0,0.0
RX,8070.0,30.0,27400.0,27M4D7W,4096-QAM,True,1.25|10|30,A,L,B,45.04402222,-77.88183889,395.0,65.3,92.0,249.179228057434,0.0777087627889672,42.9,1.1,,A,"Andrew, Div of CommScope",USX8-7W,G,,,1.4,-64.67,-86.0,Bancroft (192 Reid Rd) ON,VBE669,010031825-007,Backhaul Network Services Inc.,2025-06-01,False,False,0.0,0.0
RX,8070.0,30.0,27400.0,27M4D7W,4096-QAM,True,1.25|10|30,A,L,B,44.54894444,-80.96108333,254.0,82.0,91.4,150.055254435651,0.181858813680325,42.9,1.1,,A,"Andrew, Div of CommScope",USX8-7W,G,,,1.3,-64.0,-87.5,Owen Sound (218136 Concession 3) ON,CHI465,011078204-002,Backhaul Network Services Inc.,2025-03-24,False,False,0.0,0.0
RX,8070.0,30.0,27400.0,27M4D7W,4096-QAM,True,1.25|10|30,A,L,B,45.14580556,-76.37375,210.0,75.0,90.0,52.8979953645543,-0.35214664742919,40.6,1.5,,A,"Andrew, Div of CommScope",USX6-7W,G,,,1.3,-67.73,-87.5,LANARK HIGHLANDS (1101 GALBRAITH RD) ON,CHY965,011078197-002,Backhaul Network Services Inc.,2025-04-03,False,False,0.0,0.0
RX,8070.0,30.0,27400.0,27M4D7W,4096-QAM,True,1.25|10|30,A,L,B,45.71127778,-76.74544444,138.0,80.5,90.0,191.510320383794,0.0740152729410159,40.6,1.5,,A,"Andrew, Div of CommScope",USX6-7W,G,,,1.3,-65.4,-87.5,"GRANTS SETTLEMENT (SETTLEMENT RD., JUST NORTH OF MCCOY RD) ON",CHY782,011075276-002,Backhaul Network Services Inc.,2025-02-28,False,False,0.0,0.0
RX,8070.0,30.0,27400.0,27M4D7W,4096-QAM,True,1.25|10|30,A,L,B,45.23894167,-78.40981667,435.0,80.0,91.0,207.378983055311,-0.153164902627364,40.6,1.5,,A,"Andrew, Div of CommScope",USX6-7W,G,,,1.3,-64.65,-86.0,FORT IRWIN (6415 HALIBURTON LAKE RD) ON,CHY733,011075294-002,Backhaul Network Services Inc.,2025-02-07,False,False,0.0,0.0
RX,8070.0,30.0,27400.0,27M4D7W,4096-QAM,True,1.25|10|30,A,L,B,44.44511667,-78.23970833,261.0,75.0,85.0,356.230853984715,-0.0821128960610591,40.6,1.5,,A,"Andrew, Div of CommScope",USX6-7W,G,,,1.3,-67.92,-87.5,LAKEFIELD (1511 5TH  CONCESSION LOT 19) ON,VYA879,011074839-002,Backhaul Network Services Inc.,2025-02-04,False,False,0.0,0.0
RX,8070.0,30.0,27400.0,27M4D7W,4096-QAM,True,1.25|10|30,A,L,B,45.19464722,-76.58612778,250.0,77.0,91.5,296.388741650238,0.163325355594149,40.8,1.5,,A,"Andrew, Div of CommScope",HX6-7W,G,,,1.3,-65.94,-87.5,Lanark Highlands (Highway 511 & Little Green Rd) ON,CHY677,011055422-002,Backhaul Network Services Inc.,2025-01-29,False,False,0.0,0.0
RX,8070.0,30.0,27400.0,27M4D7W,4096-QAM,True,1.25|10|30,A,L,B,46.04556944,-79.7312,252.0,89.8,102.0,80.3828815300812,0.161376987802847,42.9,1.1,,A,"Andrew, Div of CommScope",USX8-7W,G,,,1.3,-63.3,-87.5,RESTOULE (437 LAKEVIEW DRIVE) ON,CHY660,011073312-002,Backhaul Network Services Inc.,2025-01-24,False,False,0.0,0.0
RX,8070.0,30.0,27400.0,27M4D7W,4096-QAM,True,1.25|10|30,A,L,B,44.82766667,-81.08477778,264.0,45.0,90.0,257.97887104331,-0.309693646299687,42.9,1.1,,A,"Andrew, Div of CommScope",USX8-7W,G,,,1.3,-67.38,-87.5,Purple Valley (490 Purple Valley Rd) ON,CHY626,011072406-002,Backhaul Network Services Inc.,2025-01-22,False,False,0.0,0.0
RX,8070.0,30.0,27400.0,27M4D7W,4096-QAM,True,1.25|10|30,A,L,B,44.46752778,-77.32247222,164.0,85.0,98.0,76.1622883624471,-0.0294399578522928,40.6,1.5,,A,"Andrew, Div of CommScope",USX6-7W,G,,,1.3,-67.59,-87.5,Tweed (2546 Crookston Rd) ON,CFI350,011072170-002,Backhaul Network Services Inc.,2025-01-31,False,False,0.0,0.0
RX,8070.0,30.0,27400.0,27M4D7W,4096-QAM,True,1.25|10|30,A,L,B,44.98461111,-78.29252778,450.0,67.0,75.1,291.847190205645,-0.217619821705055,40.6,1.5,,A,"Andrew, Div of CommScope",USX6-7W,G,,,1.3,-65.97,-87.5,Tory Hill (1047 McCrea Rd) ON,CIN699,010912554-003,Backhaul Network Services Inc.,2025-02-06,False,False,0.0,0.0
RX,8070.0,30.0,27400.0,27M4D7W,4096-QAM,True,1.25|10|30,A,L,B,45.05294444,-76.45966667,203.0,78.0,90.4,96.4026305751411,-0.318137198038202,40.6,1.5,,A,"Andrew, Div of CommScope",USX6-7W,G,,,0.8,-67.32,-87.5,LANARK HIGHLANDS(1739 DALHOUSIE 1ST CONCESSION B) ON,CHY343,011037556-002,Backhaul Network Services Inc.,2024-12-27,False,False,0.0,0.0
RX,8070.0,30.0,27400.0,27M4D7W,4096-QAM,True,1.25|10|30,A,L,B,49.36208333,-82.16656111,241.0,80.0,90.0,283.211401620176,-0.13262628313893,42.9,1.1,,A,"Andrew, Div of CommScope",USX8-7W,G,,,1.3,-63.55,-86.0,MOONBEAM (REMI LAKE RD)ON,CHQ897,011069079-002,Backhaul Network Services Inc.,2024-12-14,False,False,0.0,0.0
RX,8070.0,30.0,27400.0,27M4D7W,4096-QAM,True,1.25|10|30,A,L,B,46.19438889,-82.76808333,191.0,86.5,107.0,23.079684542717,0.332434680163278,42.9,1.1,,A,"Andrew, Div of CommScope",USX8-7W,G,,,1.3,-66.65,-87.5,Algoma Mills (2087 Hwy 17) ON,CHQ895,011069824-002,Backhaul Network Services Inc.,2024-12-30,False,False,0.0,0.0
RX,8070.0,30.0,27400.0,27M4D7W,4096-QAM,True,1.25|10|30,A,L,B,45.8708,-76.8642,130.0,73.0,90.0,251.204866928244,-0.148539582967067,42.9,1.1,,A,"Andrew, Div of CommScope",USX8-7W,G,,,1.3,-64.34,-87.5,WESTMEATH (359 NANGOR TRAIL) ON,CHQ858,011069091-002,Backhaul Network Services Inc.,2024-12-13,False,False,0.0,0.0
RX,8070.0,30.0,27400.0,27M4D7W,4096-QAM,True,1.25|10|30,A,L,B,48.53283333,-80.49872222,248.0,80.0,100.0,269.073618404214,0.00698460329868796,42.9,1.1,,A,"Andrew, Div of CommScope",USX8-7W,G,,,1.3,-66.25,-87.5,Matheson (Hwy 101 / Burton Rd S) ON,VFE968,011068769-002,Backhaul Network Services Inc.,2024-12-09,False,False,0.0,0.0
RX,8070.0,30.0,27400.0,27M4D7W,4096-QAM,True,1.25|10|30,A,L,B,44.34597222,-77.16347222,166.0,83.0,91.5,230.237848399182,-0.258920609999552,42.9,1.1,,A,"Andrew, Div of CommScope",USX8-7W,G,,,0.8,-66.58,-87.5,Albert (2956 Marysville Rd) ON,CHQ703,011068791-002,Backhaul Network Services Inc.,2024-12-06,False,False,0.0,0.0
RX,8070.0,30.0,27400.0,27M4D7W,4096-QAM,True,1.25|10|30,A,L,B,45.08575,-78.58294444,408.0,99.0,122.0,354.629854449332,-0.066511585196844,42.9,1.1,,A,"Andrew, Div of CommScope",USX8-7W,G,,,1.3,-64.0,-87.5,HALIBURTON (HWY 118/HURRICANE LAKE) ON,VAD407,011068161-002,Backhaul Network Services Inc.,2024-12-31,False,False,0.0,0.0
RX,8070.0,30.0,27400.0,27M4D7W,4096-QAM,True,1.25|10|30,A,L,B,44.48569444,-78.11305556,239.0,65.0,91.0,132.657403062888,-0.0823157432764836,40.6,1.5,,A,"Andrew, Div of CommScope",USX6-7W,G,,,1.3,-67.98,-86.0,Hall Glen (1390 Fourth Line Rd) ON,CHY279,011034759-002,Backhaul Network Services Inc.,2024-11-30,False,False,0.0,0.0
RX,8070.0,30.0,27400.0,27M4D7W,4096-QAM,True,1.25|10|30,A,M,A,43.6475,-80.74155556,406.0,60.0,90.0,303.93301988009,-0.0812152829409444,42.9,1.1,,A,"Andrew, Div of CommScope",USX8-7W,G,,,4.8,-63.93,-86.0,WALLENSTEIN (7931 WELLINGTON RD 86) ON,CHY254,011067594-002,Backhaul Network Services Inc.,2024-11-28,False,False,0.0,0.0
RX,8070.0,30.0,27400.0,27M4D7W,4096-QAM,True,1.25|10|30,A,L,B,46.54636111,-84.23252778,192.0,57.9,78.0,109.469863019464,0.160304031186564,40.6,1.5,,A,"Andrew, Div of CommScope",USX6-7W,G,,,1.3,-65.69,-87.5,SAULT STE MARIE (926 FRONTENAC ST) ON,CHW301,011064176-002,Backhaul Network Services Inc.,2024-10-21,False,False,0.0,0.0
RX,8070.0,30.0,27400.0,27M4D7W,4096-QAM,True,1.25|10|30,A,L,B,44.71438889,-81.01288889,249.0,65.0,75.3,141.809348959146,0.142045533727371,40.6,1.5,,A,"Andrew, Div of CommScope",USX6-7W,G,,,1.3,-66.78,-87.5,WIARTON (PT LT 25 CON 19 KEPPEL AS IN R447240) ON,CHN338,011056119-002,Backhaul Network Services Inc.,2024-08-05,False,False,0.0,0.0
RX,8070.0,30.0,27400.0,27M4D7W,4096-QAM,True,1.25|10|30,A,L,B,47.53569444,-79.66238889,217.0,45.0,70.0,181.463051639001,0.390177525269263,42.9,1.1,,A,"Andrew, Div of CommScope",USX8-7W,G,,,0.8,-63.0,-86.5,TEMISKAMING SHORES (137428 PETERS RD) ON,CHN329,010975386-002,Backhaul Network Services Inc.,2024-08-16,False,False,0.0,0.0
RX,8070.0,30.0,27400.0,27M4D7W,4096-QAM,True,1.25|10|30,A,L,B,46.47516667,-83.88469444,393.0,40.0,106.0,155.538511901596,-0.537007477367905,40.6,1.5,,A,"Andrew, Div of CommScope",USX6-7W,G,,,1.3,-67.6,-87.5,MEREDITH LAKE( ECHO BAY AREA) ON,CHM613,011037682-002,Backhaul Network Services Inc.,2024-05-28,False,False,0.0,0.0
RX,8070.0,30.0,27400.0,27M4D7W,4096-QAM,True,1.25|10|30,A,L,B,46.04561111,-79.73122222,252.0,88.0,102.7,237.713724479677,-0.0962611229294646,42.9,1.1,,A,"Andrew, Div of CommScope",USX8-7W,G,,,1.3,-63.28,-87.5,Restoule (437 Lakeview Rd) ON,CHM532,011033511-002,Backhaul Network Services Inc.,2024-05-28,False,False,0.0,0.0
RX,8070.0,30.0,27400.0,27M4D7W,4096-QAM,True,1.25|10|30,A,L,B,44.85086111,-76.36875,155.0,64.8,122.0,310.461314383069,0.104536848368551,40.6,1.5,,A,"Andrew, Div of CommScope",USX6-7W,G,,,1.3,-66.18,-87.5,Perth (236 Cameron Side Rd) ON,XJV299,011022190-002,Backhaul Network Services Inc.,2024-05-14,False,False,0.0,0.0
RX,8070.0,30.0,27400.0,27M4D7W,4096-QAM,True,1.25|10|30,A,L,B,45.61463889,-79.71522222,313.0,75.0,93.5,82.03013543639,-0.0517632571684789,40.6,1.5,,A,"Andrew, Div of CommScope",USX6-7W,G,,,1.3,-66.83,-87.5,"Magnetawan (PT BROKEN LOT 17 CON 2 CROFT, PART 12) ON",CHD980,011037914-002,Backhaul Network Services Inc.,2024-05-29,False,False,0.0,0.0
RX,8070.0,30.0,27400.0,27M4D7W,4096-QAM,True,1.25|10|30,A,L,B,44.64944444,-75.62805556,109.0,70.0,80.0,342.696515413389,-0.0765509648492572,42.9,1.1,,A,"Andrew, Div of CommScope",USX8-7W,G,,,1.3,-61.68,-87.5,MAITLAND (22A JONES CRT) ON,CHD866,011021598-002,Backhaul Network Services Inc.,2024-04-12,False,False,0.0,0.0
RX,8070.0,30.0,27400.0,27M4D7W,4096-QAM,True,1.25|10|30,A,L,B,43.14716667,-81.31458333,297.0,83.0,90.0,165.242045679529,-0.377669434284273,42.9,1.1,,A,"Andrew, Div of CommScope",USX8-7W-6GF,G,,,1.3,-68.0,-87.5,Elginfield (23635 Adelaide St N) ON,VEL573,010031017-007,Backhaul Network Services Inc.,2024-04-16,False,False,0.0,0.0
RX,8070.0,30.0,27400.0,27M4D7W,4096-QAM,True,1.25|10|30,A,L,B,45.24063889,-74.67169444,95.0,65.0,70.0,181.242206181172,-0.220387644900881,42.9,1.1,,A,"Andrew, Div of CommScope",USX8-7W,G,,,1.3,-62.98,-87.5,Apple Hill (19562 Kenyon Concession RD 1) ON,CHD749,011021462-002,Backhaul Network Services Inc.,2024-05-27,False,False,0.0,0.0
RX,8070.0,30.0,27400.0,27M4D7W,4096-QAM,True,1.25|10|30,A,L,B,45.49344444,-77.41813889,320.0,25.0,70.0,53.4906052816976,-0.478923848944115,40.8,1.5,,A,"Andrew, Div of CommScope",HX6-7W,G,,,1.3,-65.82,-87.5,KILLALOE (761 ROCHEFORT RD) ON,CHD481,011022583-002,Backhaul Network Services Inc.,2024-04-05,False,False,0.0,0.0
RX,8070.0,30.0,27400.0,27M4D7W,4096-QAM,True,1.25|10|30,A,L,B,48.14591667,-80.06652222,350.0,60.0,100.0,174.378310168115,-0.209731635453787,40.6,1.5,,A,"Andrew, Div of CommScope",USX6-7W,G,,,1.3,-68.61,-87.5,CHAPUT HUGHES (GOLDTHORP RD) ON,CHK712,011026306-002,Backhaul Network Services Inc.,2024-02-16,False,False,0.0,0.0
RX,8070.0,30.0,27400.0,27M4D7W,4096-QAM,True,1.25|10|30,A,L,B,45.05586111,-74.87119444,89.0,62.0,100.0,300.38753296445,-0.0410086410824242,42.9,1.1,,A,"Andrew, Div of CommScope",USX8-7W-6GF,G,,,1.3,-62.67,-86.0,Long Sault (5253 Avonmore Rd) ON,CIO611,011004385-002,Backhaul Network Services Inc.,2024-03-21,False,False,0.0,0.0
RX,8070.0,30.0,27400.0,27M4D7W,4096-QAM,True,1.25|10|30,A,L,B,44.84518056,-75.33635,85.0,73.0,100.0,222.903254645858,-0.065506831668373,42.9,1.1,,A,"Andrew, Div of CommScope",USX8-7W,G,,,4.3,-66.06,-86.0,IROQUOIS (HWY 401/CARMAN RD) ON,VEM483,010031521-005,Backhaul Network Services Inc.,2024-01-05,False,False,0.0,0.0
RX,8070.0,30.0,27400.0,27M4D7W,4096-QAM,True,1.25|10|30,A,L,B,46.238525,-78.31280833,204.0,81.0,100.0,288.82133320812,-0.0741702822195457,40.6,1.5,,A,"Andrew, Div of CommScope",USX6-7W,G,,,1.3,-65.66,-86.0,DEUX RIVIÈRES (HIGHWAY 17 / BRENT RD) ON,CHK204,011010355-002,Backhaul Network Services Inc.,2023-12-15,False,False,0.0,0.0
RX,8070.0,30.0,27400.0,27M4D7W,4096-QAM,True,1.25|10|30,A,L,B,44.13066667,-81.12311111,315.0,54.5,91.0,76.4137444344084,-0.0217681447725568,42.9,1.1,,A,"Andrew, Div of CommScope",HX8-7W,G,,,1.3,-68.0,-87.5,Walkerton (51 Sdrd 15) ON,VAD489,010032509-006,Backhaul Network Services Inc.,2023-12-15,False,False,0.0,0.0
RX,8070.0,30.0,27400.0,27M4D7W,4096-QAM,True,1.25|10|30,A,L,B,46.03413889,-80.58436111,201.0,92.5,107.0,44.0719415637814,-0.0595863204770001,40.6,1.5,,A,"Andrew, Div of CommScope",USX6-7W,G,,,1.3,-68.0,-87.5,Bigwood (58 Hass Rd) ON,VAD421,010030781-004,Backhaul Network Services Inc.,2023-10-13,False,False,0.0,0.0
RX,8070.0,30.0,27400.0,27M4D7W,4096-QAM,True,1.25|10|30,A,L,B,42.65797222,-82.47566667,177.0,75.0,90.0,70.9950948196544,-0.0448624166320429,42.9,1.1,,A,"Andrew, Div of CommScope",USX8-7W-6GF,G,,,1.3,-68.0,-87.5,Port Lambton (116 West Lambton Line) ON,CHX542,010032429-005,Backhaul Network Services Inc.,2023-11-20,False,False,0.0,0.0
RX,8070.0,30.0,27400.0,27M4D7W,4096-QAM,True,1.25|10|30,A,L,B,45.34527778,-77.78916667,417.0,75.0,91.0,240.043738389353,0.179059802617753,40.6,1.5,,A,"Andrew, Div of CommScope",USX6-7W,G,,,1.3,-65.5,-86.0,HASTINGS HIGHLANDS (LT 6 & LT 7 CON 8 BANGOR) ON,CHB696,010960487-002,Backhaul Network Services Inc.,2023-09-08,False,False,0.0,0.0
RX,8070.0,30.0,27400.0,27M4D7W,4096-QAM,True,1.25|10|30,A,L,B,44.94419444,-75.71188889,107.0,50.0,90.85,6.87632431317997,-0.101469227547993,42.9,1.1,,A,"Andrew, Div of CommScope",HX8-7W,G,,,1.3,-61.28,-87.5,Oxford Mills (500 Todd School Road) ON,CHQ385,010968463-002,Backhaul Network Services Inc.,2023-08-22,False,False,0.0,0.0
RX,8070.0,30.0,27400.0,27M4D7W,4096-QAM,True,1.25|10|30,A,L,B,44.94505556,-76.68180556,220.0,95.0,100.0,181.43764750563,0.00492065029639241,40.6,1.5,,A,"Andrew, Div of CommScope",USX6-7W,G,,,0.8,-68.52,-86.0,MISSISSIPPI  STATION (4263 ELPHIN MABERLY ROAD ) ON,CHI851,010975337-002,Backhaul Network Services Inc.,2023-06-30,False,False,0.0,0.0
RX,8070.0,30.0,27400.0,27M4D7W,4096-QAM,True,1.25|10|30,A,L,B,44.88594444,-77.53447222,361.0,50.0,90.5,188.906243879617,-0.235899247820214,44.4,0.9,,A,"Andrew, Div of CommScope",HX10-7W-6GF,G,,,1.3,-62.86,-87.5,Gunter (East Rd / Weslemkoon Lake Rd) ON,CHB245,010968468-002,Backhaul Network Services Inc.,2023-05-12,False,False,0.0,0.0
RX,8070.0,30.0,27400.0,27M4D7W,256-QAM,True,1.25|10|30,A,L,B,44.62333333,-81.24144444,194.0,63.0,100.0,351.518438896479,-0.118777680748456,43.4,1.4,,A,"Andrew, Div of CommScope",HPX8-77,G,,,4.3,-68.0,-100.5,Sauble Beach (381 Municipal Rd) ON,VEL653,010886944-002,Backhaul Network Services Inc.,2023-01-15,False,False,0.0,0.0
RX,8070.0,30.0,27400.0,27M4D7W,4096-QAM,True,1.25|10|30,A,L,B,44.35405556,-78.04494444,215.0,68.0,107.0,59.7841731991427,-0.0800351640422568,40.6,1.5,,A,"Andrew, Div of CommScope",USX6-7W,G,,,4.5,-67.21,-86.0,NORWOOD (3427 HWY 7 EAST) ON,VAD426,010076527-003,Backhaul Network Services Inc.,2022-12-23,False,False,0.0,0.0
RX,8070.0,30.0,27400.0,27M4D7W,4096-QAM,True,1.25|10|30,A,L,B,46.03333333,-80.585,201.0,70.0,107.0,176.491802356467,-0.0840889101446881,40.8,1.5,,A,"Andrew, Div of CommScope",HX6-7W,G,,,4.8,-68.0,-86.0,BIGWOOD (HASS RD) ON,VAD421,010033057-004,Backhaul Network Services Inc.,2022-07-30,False,False,0.0,0.0
RX,8070.0,30.0,27400.0,27M4D7W,4096-QAM,True,1.25|10|30,A,L,B,45.50833333,-79.24583333,417.0,74.0,127.0,341.022160266304,-0.17398009196898,44.4,0.9,,A,"Andrew, Div of CommScope",HX10-7W-6GF,A,,,1.3,-65.0,-85.0,CLEAR LAKE (402 BAY LAKE RD) ON,XKX941,010069283-006,Backhaul Network Services Inc.,2022-05-27,False,False,0.0,0.0
RX,8070.0,30.0,27400.0,27M4D7W,4096-QAM,True,1.25|10|30,A,L,B,44.39163889,-76.66541667,173.0,50.0,100.0,355.212015545208,-0.121765734545069,42.9,1.1,,A,"Andrew, Div of CommScope",USX8-7W,G,,,4.8,-70.0,-86.0,HARROWSMITH (4483 HWY 38) ON,VEL360,010032237-004,Backhaul Network Services Inc.,2022-02-18,False,False,0.0,0.0
RX,8070.0,30.0,27400.0,27M4D7W,4096-QAM,True,1.25|10|30,A,L,B,42.72194444,-81.14916667,252.0,68.5,79.0,102.57659645515,-0.198746109559286,43.5,1.0,,A,"Andrew, Div of CommScope",UHX8-77GD,G,,,4.8,-66.24,-86.0,ST THOMAS (6923 CENTENNIAL RD) ON,XKX938,010031553-003,Backhaul Network Services Inc.,2022-03-11,False,False,0.0,0.0
RX,8070.0,30.0,27400.0,27M4D7W,4096-QAM,True,1.25|10|30,A,L,B,42.54711111,-81.97419444,187.0,55.0,100.0,194.69789466274,-0.0117279668340444,42.9,1.1,,A,"Andrew, Div of CommScope",USX8-7W,G,,,4.8,-67.94,-86.0,Thamesville (1 Victoria Rd) ON,CIO669,010031335-004,Backhaul Network Services Inc.,2022-03-15,False,False,0.0,0.0
RX,8070.0,30.0,27400.0,27M4D7W,4096-QAM,True,1.25|10|30,A,L,B,45.60363056,-79.38696389,341.0,67.0,109.0,292.419976221753,-0.125451326679293,41.0,1.2,,A,"Andrew, Div of CommScope",UHX6-77,G,,,4.8,-68.48,-86.0,BURK'S FALLS (140 TOWER RD) ON,VEM202,010069421-003,Backhaul Network Services Inc.,2022-03-01,False,False,0.0,0.0
RX,8070.0,30.0,27400.0,27M4D7W,4096-QAM,True,1.25|10|30,A,L,B,45.57083611,-82.01555556,181.0,70.0,100.0,7.24440638259015,0.287292137760585,41.0,1.2,,A,"Andrew, Div of CommScope",UHX6-77,G,,,4.8,-68.03,-86.0,"WIKWMIKONG (ON-6, ON P0P 2J0) ON",CKJ811,010033599-006,Backhaul Network Services Inc.,2022-03-31,False,False,0.0,0.0
RX,8070.0,30.0,27400.0,27M4D7W,4096-QAM,True,1.25|10|30,A,L,B,44.74805556,-78.08444444,326.0,68.3,90.0,199.571990028443,-0.232852104189236,45.3,1.0,,A,"Andrew, Div of CommScope",HPX10-77,G,,,4.8,-68.0,-86.0,APSLEY (HWY 28 @APSLEY) ON,VYA249,010067845-004,Backhaul Network Services Inc.,2022-03-31,False,False,0.0,0.0
RX,8070.0,30.0,27400.0,27M4D7W,4096-QAM,True,1.25|10|30,A,L,B,44.15286389,-78.43746944,259.0,19.0,20.0,30.8140896255944,-0.1956686517961,40.6,1.5,,A,"Andrew, Div of CommScope",USX6-7W,G,,,4.8,-68.0,-86.0,MILLBROOK (75 KING ST E) ON,CHX765,010032427-004,Backhaul Network Services Inc.,2022-02-01,False,False,0.0,0.0
RX,8070.0,30.0,27400.0,27M4D7W,4096-QAM,True,1.25|10|30,A,,B,44.65972222,-76.69888889,201.0,68.0,100.0,3.53911789534855,-0.00464394063090357,40.6,1.5,,A,"Andrew, Div of CommScope",USX6-7W,G,,,4.8,-70.0,-86.0,PARHAM (11287 HWY 38) ON,VEL362,010032241-005,Backhaul Network Services Inc.,2022-02-18,False,False,0.0,0.0
RX,8070.0,30.0,27400.0,27M4D7W,4096-QAM,True,1.25|10|30,A,,B,42.96666667,-81.55805556,239.0,57.0,78.0,182.056745065383,-0.0498977738734195,42.9,1.1,,A,"Andrew, Div of CommScope",USX8-7W,G,,,4.8,-68.0,-86.0,STRATHROY (8727 WALKERS DR) ON,VBE678,010068241-003,Backhaul Network Services Inc.,2022-03-21,False,False,0.0,0.0
RX,8070.0,30.0,27400.0,27M4D7W,4096-QAM,True,1.25|10|30,A,,B,45.53830556,-74.97086111,77.0,70.0,100.0,241.125435037575,-0.113640099787565,43.5,1.0,,A,"Andrew, Div of CommScope",UHX8-77GD,G,,,4.8,-68.0,-86.0,Plantagenet (430 Conc Rd 5) ON,CIO462,010031395-004,Backhaul Network Services Inc.,2022-03-31,False,False,0.0,0.0
RX,8070.0,30.0,27400.0,27M4D7W,4096-QAM,True,1.25|10|30,A,L,B,43.98497222,-77.444,94.0,73.0,90.0,11.0320284553459,-0.0981059855365577,40.6,1.5,,A,"Andrew, Div of CommScope",USX6-7W,G,,,4.8,-70.6,-86.0,Hillier (113 Little Creek Rd) ON,VBE667,010030843-006,Backhaul Network Services Inc.,2022-02-11,False,False,0.0,0.0
RX,8070.0,30.0,27400.0,27M4D7W,4096-QAM,True,1.25|10|30,A,L,B,44.23027778,-80.29055556,518.0,46.0,66.0,7.10175070731518,0.00561682528289138,42.9,1.1,,A,"Andrew, Div of CommScope",USX8-7W,G,,,4.8,-68.1,-86.0,SHELBURNE (240 SDRD)  ON,XJV217,010030901-004,Backhaul Network Services Inc.,2022-03-30,False,False,0.0,0.0
RX,8070.0,30.0,27400.0,27M4D7W,4096-QAM,True,1.25|10|30,A,L,B,44.74166667,-76.93305556,223.0,46.5,91.0,234.000743236685,0.0245686404503324,42.9,1.1,,A,"Andrew, Div of CommScope",USX8-7W,G,,,4.8,-68.0,-86.0,ARDEN (1024 BOULDER HILL RD) ON,VAD431,010031691-004,Backhaul Network Services Inc.,2022-02-11,False,False,0.0,0.0
RX,8070.0,30.0,27400.0,27M4D7W,4096-QAM,True,1.25|10|30,A,M,A,42.15611111,-82.80305556,194.0,38.0,49.0,154.67033673917,-0.0539433310971937,40.6,1.5,,A,"Andrew, Div of CommScope",USX6-7W,G,,,4.8,-68.0,-86.0,ESSEX (72 GOSFIELD TOWNLINE W) ON,CYF458,010030775-006,Backhaul Network Services Inc.,2022-01-25,False,False,0.0,0.0
RX,8070.0,30.0,27400.0,27M4D7W,4096-QAM,True,1.25|10|30,A,L,B,42.395,-82.21444444,181.0,35.7,47.0,87.0862193407642,0.0837839112358271,42.9,1.1,,A,"Andrew, Div of CommScope",USX8-7W,G,,,4.8,-68.0,-86.0,CHATHAM (805 GRAND AVE W) ON,XKU580,010032035-005,Backhaul Network Services Inc.,2022-02-11,False,False,0.0,0.0
RX,8070.0,30.0,27400.0,27M4D7W,4096-QAM,True,1.25|10|30,A,L,B,44.69222222,-77.03277778,209.0,54.0,64.1,66.5423357906623,0.130183701316135,42.9,1.1,,A,"Andrew, Div of CommScope",USX8-7W,G,,,4.8,-68.0,-86.0,KALADAR (30958 HWY 7) ON,CHX495,010913261-001,Rogers Communications Canada Inc.,2022-02-25,False,False,0.0,0.0
RX,8070.0,30.0,27400.0,27M4D7W,4096-QAM,True,1.25|10|30,A,L,B,44.61305556,-75.94916667,105.0,89.0,100.0,97.3083534713333,-0.111425500056885,42.9,1.1,,A,"Andrew, Div of CommScope",HX8-7W,G,,,4.8,-68.0,-86.0,ATHENS (CHARLESTON RD) ON,CHL775,010033511-005,Backhaul Network Services Inc.,2022-02-14,False,False,0.0,0.0
RX,8070.0,30.0,30000.0,30M0D7W,1024-QAM,True,1.25|10|30,A,L,B,43.08916667,-81.97138889,221.0,52.0,95.0,125.115616478107,0.0236683733401524,43.5,1.0,,A,"Andrew, Div of CommScope",UHX8-77GD,G,,,4.8,-65.65,-92.0,FOREST (7601 ELARTON ROAD) ON,VEL346,010032219-005,Backhaul Network Services Inc.,2021-11-28,False,False,0.0,0.0
RX,8070.0,30.0,27400.0,27M4D7W,4096-QAM,True,1.25|10|30,A,M,A,43.37655556,-80.13505556,277.0,50.0,80.0,55.2824984811158,0.0311838369654597,41.0,1.2,,A,"Andrew, Div of CommScope",UHX6-77,G,,,4.3,-63.0,-86.0,Valens (Valens Rd) ON,VYA629,010072188-004,Backhaul Network Services Inc.,2021-09-01,False,False,0.0,0.0
RX,8070.0,30.0,27400.0,27M4D7W,4096-QAM,True,1.25|10|30,A,L,B,44.62330278,-81.24143056,194.0,65.0,100.0,210.630449283295,-0.0501831479828978,43.4,1.4,,A,"Andrew, Div of CommScope",HPX8-77,G,,,4.8,-67.54,-86.0,SAUBLE BEACH (381 MUNICIPAL RD) ON,VEL653,010886555-003,Backhaul Network Services Inc.,2024-08-28,False,False,0.0,0.0
RX,8070.0,30.0,27400.0,27M4D7W,1024-QAM,True,1.25|10|30,A,L,B,45.71388889,-80.01805556,243.0,94.0,122.0,158.560588676666,-0.0294502749138707,44.9,1.0,,A,"Andrew, Div of CommScope",HPX10-71W,A,,,0.8,-60.0,-93.5,Wahwashkesh (Wah-Wash-Kesh Rd / Eli Lane) ON,VFF926,010033267-003,Backhaul Network Services Inc.,2020-12-17,False,False,0.0,0.0
RX,8070.0,30.0,30000.0,30M0D7W,128-QAM,True,1.25|10|30,A,L,B,48.61216667,-89.973,475.0,23.6,36.0,104.873646919738,-0.0616496805234342,45.3,1.0,,A,RFS (Celwave/Cablewave/Phelps Dodge),DAX10-77A,B,,,3.79,-70.79,-98.0,Shabaqua Corners (Mabella Rd / Hwy 11) ON,VEK932,010036325-002,TBAYtel - Fixed,2021-01-18,False,False,0.0,0.0
RX,8070.0,30.0,30000.0,30M0D7WET,256-QAM,True,1.25|10|30,A,L,B,48.61241667,-93.38766667,339.0,37.2,45.0,62.7559532698355,0.0495442138950387,40.8,2.0,,A,"Andrew, Div of CommScope",HP6-77,B,,,3.7,-75.35,-96.0,Fort Frances (2nd St E/Crowe Ave) ON,CGX340,010763331-001,TBAYtel - Fixed,2021-01-01,False,False,0.0,0.0
RX,8070.0,30.0,27400.0,27M4D7W,4096-QAM,True,1.25|10|30,A,L,B,45.3,-79.27666667,350.0,87.3,122.0,96.0738829383675,-0.0286089102113592,41.0,1.2,,A,Ericsson (Marconi/GEC),ML7/8 1.8M HPX,G,,,1.3,-68.0,-87.5,HUNTSVILLE (MADILL CHURCH RD) ON,XKX922,010069291-005,Backhaul Network Services Inc.,2022-11-02,False,False,0.0,0.0
RX,8070.0,30.0,30000.0,30M0D7W,128-QAM,True,1.25|10|30,A,,B,49.71781944,-91.21899444,443.0,79.4,80.0,221.269633866854,-0.136022337481906,45.4,1.0,,A,RFS (Celwave/Cablewave/Phelps Dodge),DA10-77A,B,,,6.55,-76.59,-98.0,Valora (Hwy 599) ON,VEM729,010036377-002,TBAYtel - Fixed,2020-08-01,False,False,0.0,0.0
RX,8070.0,30.0,27400.0,27M4D7W,1024-QAM,True,1.25|10|30,A,,B,44.23505556,-76.96191667,79.0,44.5,52.0,40.8271345038037,0.658762853892918,40.6,1.5,,A,"Andrew, Div of CommScope",USX6-7W,G,,,1.9,-65.3,-93.5,Greater Napanee (269 River Rd) ON,CGV351,010826245-001,Rogers Communications Canada Inc.,2020-06-03,False,False,0.0,0.0
RX,8070.0,30.0,27400.0,27M4D7W,4096-QAM,True,1.25|10|30,A,L,B,44.32194444,-76.32722222,107.0,60.0,91.0,81.8462898613736,-0.12986911402661,41.0,1.2,,A,"Andrew, Div of CommScope",UHX6-77,G,,,4.8,-67.94,-86.0,Joyceville (2053 Joyceville Side Rd) ON,VEL453,010817908-003,Backhaul Network Services Inc.,2022-03-31,False,False,0.0,0.0
RX,8070.0,30.0,27400.0,27M4D7W,1024-QAM,True,1.25|10|30,A,L,B,43.88497222,-81.70186111,210.0,50.0,100.0,177.099014614085,-0.0195248280480712,41.0,1.2,,A,"Andrew, Div of CommScope",UHX6-77,B,,,1.9,-67.0,-93.5,Port Albert (83804 Bluewater Hwy) ON,CFS673,010767785-003,Backhaul Network Services Inc.,2020-07-01,False,False,0.0,0.0
RX,8070.0,30.0,27400.0,27M4D7W,4096-QAM,True,1.25|10|30,A,,B,44.60277778,-78.90416667,272.0,60.0,100.0,259.402087564783,-0.179581983126274,43.4,1.4,,A,"Andrew, Div of CommScope",HPX8-77,G,,,4.8,-68.69,-86.0,Kawartha Lakes (South Mtn Rd/County Rd 48) ON,CFK315,010779856-003,Backhaul Network Services Inc.,2022-05-02,False,False,0.0,0.0
RX,8070.0,30.0,27400.0,27M4D7W,4096-QAM,True,1.25|10|30,A,L,B,45.84435,-79.52956389,411.0,43.8,80.0,111.298368527757,-0.108017357227712,41.0,1.2,,A,"Andrew, Div of CommScope",UHX6-77,G,,,4.8,-68.35,-86.0,MASHAR (262 PARK RD NORTH) ON,CFK254,010780761-003,Backhaul Network Services Inc.,2022-03-24,False,False,0.0,0.0
RX,8070.0,30.0,27400.0,27M4D7W,4096-QAM,True,1.25|10|30,A,L,B,44.46194444,-78.46283056,255.0,88.0,100.0,165.809696116261,-0.108138083664642,42.9,1.1,,A,"Andrew, Div of CommScope",USX8-7W,G,,,4.8,-68.24,-86.0,GANNON BEACH (620 LISTOWELS LINE) ON,CFJ918,010779843-003,Backhaul Network Services Inc.,2022-03-31,False,False,0.0,0.0
RX,8070.0,30.0,30000.0,30M0D7WET,64-QAM,True,1.25|10|30,A,L,B,42.07402778,-82.6645,230.0,40.0,70.0,175.265048193159,-0.190639628129317,40.8,2.0,,A,"Andrew, Div of CommScope",HP6-77,B,,,10.5,-68.73,-109.0,Olinda (1739 Road 4 E) ON,CIN868,010037585-004,TELUS Communications Inc.,2020-10-19,False,False,0.0,0.0
RX,8070.0,30.0,27400.0,27M4D7W,4096-QAM,True,1.25|10|30,A,L,B,43.01455556,-81.00597222,271.0,79.0,91.0,242.077231932552,-0.176967329692682,40.6,1.5,,A,"Andrew, Div of CommScope",USX6-7W,G,,,4.8,-68.0,-86.0,Ingersoll (Hunt Rd / Marion St) ON,XJV294,010031651-004,Backhaul Network Services Inc.,2022-02-10,False,False,0.0,0.0
RX,8070.0,30.0,27400.0,27M4D7W,1024-QAM,True,1.25|10|30,A,L,B,46.55651111,-81.17913056,268.0,57.0,100.0,51.3571447302394,0.0185856463040637,41.0,1.2,,A,"Andrew, Div of CommScope",UHX6-77,A,,,1.3,-58.46,-93.5,CHELMSFORD (MONTEE GENEREUX ST) ON,VYA831,010728528-003,Backhaul Network Services Inc.,2023-10-31,False,False,0.0,0.0
RX,8070.0,30.0,30000.0,30M0D7WET,64-QAM,True,1.25|10|30,A,,B,42.32472222,-82.24083333,178.0,40.0,80.0,245.569958352226,-0.0281784220399265,41.0,1.2,,A,"Andrew, Div of CommScope",UHX6-77,B,,,1.8,-64.7,-103.5,CHATHAM-KENT (22525 AD SHADD RD) ON,VEL487,010032261-003,Backhaul Network Services Inc.,2017-07-12,False,False,0.0,0.0
RX,8070.0,30.0,30000.0,30M0D1D,16-QAM,True,1.25|10|30,A,,B,43.79944444,-79.25805556,174.0,45.0,70.0,20.5919523803834,0.25169051012757,40.3,2.2,,A,"Andrew, Div of CommScope",HP6-71W,B,,,0.5,-66.54,-112.0,Scarborough (81 Middlefield Rd) ON,CFV899,010705422-001,Metrolinx,2017-08-01,False,False,0.0,0.0
RX,8070.0,30.0,30000.0,30M0D1D,16-QAM,True,1.25|10|30,A,,B,43.38111111,-79.75972222,105.0,45.5,60.0,157.119532213031,-0.0796400195682684,40.3,2.2,,A,"Andrew, Div of CommScope",HP6-71W,B,,,2.1,-66.24,-112.0,Burlington (5180 Harvester Rd) ON,CFV894,010701780-001,Metrolinx,2017-08-01,False,False,0.0,0.0
RX,8070.0,30.0,27400.0,27M4D7W,4096-QAM,True,1.25|10|30,A,L,B,46.66186111,-80.75355556,281.0,74.0,80.0,174.775146870802,0.0857407386184999,41.0,1.2,,A,"Andrew, Div of CommScope",UHX6-77GE,G,,,1.3,-68.0,-87.5,Skead (3971 Skead Rd)  ON,CFO241,010701407-004,Backhaul Network Services Inc.,2023-12-19,False,False,0.0,0.0
RX,8070.0,30.0,27400.0,27M4D7W,4096-QAM,True,1.25|10|30,A,L,B,45.89461111,-82.85313889,229.0,90.0,120.0,114.813807334115,-0.19025730338188,41.0,1.2,,A,"Andrew, Div of CommScope",UHX6-77,G,,,4.8,-67.5,-86.0,MORRISVILLE (SHESHEGWANING) ON,CFF286,010692050-003,Backhaul Network Services Inc.,2022-07-15,False,False,0.0,0.0
RX,8070.0,30.0,27400.0,27M4D7W,4096-QAM,True,1.25|10|30,A,L,B,44.84226667,-77.86561667,345.0,90.0,122.0,113.705287686504,-0.219049891765044,43.4,1.4,,A,"Andrew, Div of CommScope",HPX8-77,G,,,1.3,-68.23,-86.0,WOLLASTON (293THE SOUTH RD) ON,CFH964,010677707-004,Backhaul Network Services Inc.,2023-10-06,False,False,0.0,0.0
RX,8070.0,30.0,27400.0,27M4D7W,4096-QAM,True,1.25|10|30,A,L,B,44.84226667,-77.86561667,345.0,68.0,122.0,256.280896197909,-0.0502023388065587,41.0,1.2,,A,"Andrew, Div of CommScope",UHX6-77,G,,,4.8,-67.41,-86.0,WOLLASTON (293 THE SOUTH RD) ON,VFF412,010033229-005,Backhaul Network Services Inc.,2023-07-12,False,False,0.0,0.0
RX,8070.0,30.0,30000.0,30M0D7WET,64-QAM,True,1.25|10|30,A,L,B,45.33972222,-80.00722222,220.0,89.0,100.0,16.8387446406511,0.0264592676489965,43.5,1.0,,A,"Andrew, Div of CommScope",UHX8-77GD,B,,,4.3,-68.0,-103.5,PARRY SOUND (5 OASTLER PARK RD) ON,VEM254,010069429-004,Backhaul Network Services Inc.,2020-07-01,False,False,0.0,0.0
RX,8070.0,30.0,27400.0,27M4D7W,4096-QAM,True,1.25|10|30,A,L,B,44.03770278,-77.29330278,91.0,73.0,100.0,11.9556577856682,-0.105531039051608,44.4,0.9,,A,"Andrew, Div of CommScope",HX10-7W-6GF,G,,,4.8,-68.0,-86.0,CROFTON (2591 BEN FILL RD 2) ON,CFD978,010681865-004,Backhaul Network Services Inc.,2022-03-31,False,False,0.0,0.0
RX,8070.0,30.0,27400.0,27M4D7W,1024-QAM,True,1.25|10|30,A,L,B,46.28555556,-81.7975,304.0,43.0,78.0,248.400522568836,-0.28527308235708,43.5,1.0,,A,"Andrew, Div of CommScope",UHX8-77GD,G,,,0.8,-66.0,-93.5,ESPANOLA (HWY 17/HWY 6) ON,VBE649,010069423-004,Backhaul Network Services Inc.,2020-11-27,False,False,0.0,0.0
RX,8070.0,30.0,27400.0,27M4D7W,4096-QAM,True,1.25|10|30,A,,B,43.985,-77.44416667,94.0,72.0,90.0,105.055201732856,-0.038358638301418,42.9,1.1,,A,"Andrew, Div of CommScope",USX8-7W,G,,,4.8,-68.0,-86.0,HILLIER (113 LITTLE CREEK RD) ON,VBE667,010031255-005,Backhaul Network Services Inc.,2022-02-18,False,False,0.0,0.0
RX,8070.0,30.0,27400.0,27M4D7W,4096-QAM,True,1.25|10|30,A,,B,44.85,-76.36916667,155.0,102.5,122.0,177.001053351992,-0.0886553088410614,43.5,1.0,,A,"Andrew, Div of CommScope",UHX8-77GD,G,,,4.8,-68.0,-86.0,PERTH (E/O CAMERON SIDE RD) ON,XJV299,010031779-005,Backhaul Network Services Inc.,2022-02-18,False,False,0.0,0.0
RX,8070.0,30.0,27400.0,27M4D7W,4096-QAM,True,1.25|10|30,A,L,B,42.5106,-81.82349444,217.0,49.0,65.0,53.8877203060771,-0.0753466115808391,42.9,1.1,,A,"Andrew, Div of CommScope",USX8-7W,G,,,4.8,-68.0,-86.0,HIGHGATE (14605 BRAEMORE LINE) ON,VYB658,010278496-004,Backhaul Network Services Inc.,2022-03-28,False,False,0.0,0.0
RX,8070.0,30.0,27400.0,27M4D7W,4096-QAM,True,1.25|10|30,A,,B,45.09861111,-79.78305556,241.0,80.0,107.0,287.953467086173,-0.390967463610172,40.6,1.5,,A,"Andrew, Div of CommScope",USX6-7W,G,,,4.8,-68.0,-86.0,MACTIER (6982 HWY 69) ON,VAD469,010069453-004,Backhaul Network Services Inc.,2022-03-31,False,False,0.0,0.0
RX,8070.0,30.0,27400.0,27M4D7W,1024-QAM,True,1.25|10|30,A,L,B,45.48021667,-76.21111389,97.0,45.0,90.0,163.774981270634,0.125344393177208,43.4,1.4,,A,"Andrew, Div of CommScope",HPX8-77,A,,,1.3,-66.14,-93.5,FITZROY HARBOUR (5171 CANON SMITH DR)  ON,VYB465,010070878-004,Backhaul Network Services Inc.,2022-09-01,False,False,0.0,0.0
RX,8070.0,30.0,27400.0,27M4D7W,4096-QAM,True,1.25|10|30,A,M,A,42.92683333,-79.97113889,215.0,58.0,85.0,117.672576671038,-0.115354186677357,41.0,1.2,,A,"Andrew, Div of CommScope",UHX6-77,G,,,4.3,-63.86,-86.0,Nelles Corners  (1665 Haldimand Rd 53) ON,VAD499,010097807-004,Backhaul Network Services Inc.,2022-12-07,False,False,0.0,0.0
RX,8070.0,30.0,27400.0,27M4D7W,4096-QAM,True,1.25|10|30,A,M,A,43.51399167,-80.55281667,340.0,45.11,50.0,275.234915605994,0.223419984339821,41.0,1.2,,A,"Andrew, Div of CommScope",UHX6-77,G,,,4.8,-67.63,-86.0,WATERLOO (820 KING ST N) ON,VEA982,010032149-004,Backhaul Network Services Inc.,2022-03-31,False,False,0.0,0.0
RX,8070.0,30.0,27400.0,27M4D7W,4096-QAM,True,1.25|10|30,A,M,A,44.40419444,-79.70716667,287.0,46.0,46.0,7.20222996774446,0.204331703865558,41.0,1.2,,A,"Andrew, Div of CommScope",UHX6-77,G,,,4.8,-69.36,-86.0,Barrie (2 Kozlov St) ON,VDS234,010032075-006,Backhaul Network Services Inc.,2022-02-01,False,False,0.0,0.0
RX,8070.0,30.0,27400.0,27M4D7W,1024-QAM,True,1.25|10|30,A,L,B,45.7145,-77.00805833,182.0,75.5,92.0,138.363430424228,-0.11553658747845,44.9,1.0,,A,"Andrew, Div of CommScope",HPX10-71W,B,,,1.3,-68.25,-93.5,MEATH (SNAKE RIVER/SUTHERLAND) ON,VAD403,010031671-008,Backhaul Network Services Inc.,2022-10-21,False,False,0.0,0.0
RX,8070.0,30.0,27400.0,27M4D7W,4096-QAM,True,1.25|10|30,A,,B,45.29916667,-75.12416667,63.0,65.0,100.0,260.389667980774,-0.0780357688667034,40.6,1.5,,A,"Andrew, Div of CommScope",USX6-7W,G,,,4.8,-68.87,-86.0,CASSELMAN (1079 RAINVILLE RD) ON,VEL468,010032253-005,Backhaul Network Services Inc.,2022-02-01,False,False,0.0,0.0
RX,8070.0,30.0,27400.0,27M4D7W,4096-QAM,True,1.25|10|30,A,L,B,45.71458333,-77.00833333,182.0,53.0,92.0,315.82275212246,-0.177434077593049,42.9,1.1,,A,"Andrew, Div of CommScope",USX8-7W,G,,,4.8,-68.0,-86.0,MEATH (SNAKE RIVER/SUTHERLAND) ON,VAD403,010031669-006,Backhaul Network Services Inc.,2022-02-14,False,False,0.0,0.0
RX,8070.0,30.0,27400.0,27M4D7W,1024-QAM,True,1.25|10|30,A,L,B,43.97038889,-81.48444444,300.0,75.0,90.0,319.589916604447,-0.331875778655092,41.0,1.2,,A,Ericsson (Marconi/GEC),ML7/8 1.8M HPX,B,,,2.3,-66.0,-93.5,Lucknow (1110 S Kinloss Ave) ON,CIJ792,010031227-005,Backhaul Network Services Inc.,2020-06-01,False,False,0.0,0.0
RX,8070.0,30.0,27400.0,27M4D7W,4096-QAM,True,1.25|10|30,A,L,B,45.39527778,-74.78416667,80.0,60.0,91.0,231.365049677538,-0.118636043881329,42.9,1.2,,A,"Andrew, Div of CommScope",HPX8-71W,G,,,4.3,-65.0,-86.0,DUNVEGAN (596 SKYE RD) ON,VEA423,010032079-004,Backhaul Network Services Inc.,2023-06-25,False,False,0.0,0.0
RX,8070.0,30.0,27400.0,27M4D7W,4096-QAM,True,1.25|10|30,A,L,B,46.28416667,-78.74944444,230.0,109.0,115.0,88.7003985456173,-0.24049386360842,41.0,1.2,,A,"Andrew, Div of CommScope",UHX6-77GE,G,,,4.8,-68.0,-86.0,MATTAWA (RICHARDS RD/CHENIER RD) ON,VEL384,010073950-004,Backhaul Network Services Inc.,2022-06-30,False,False,0.0,0.0
RX,8070.0,30.0,27400.0,27M4D7W,4096-QAM,True,1.25|10|30,A,L,B,46.28538889,-81.79786111,304.0,69.0,78.0,72.5606121164815,-0.206443511107257,41.0,1.2,,A,"Andrew, Div of CommScope",UHX6-77GE,G,,,4.8,-68.0,-86.0,Espanola (Hwy 17 / Hwy 6) ON,VBE649,010074312-006,Backhaul Network Services Inc.,2022-08-16,False,False,0.0,0.0
RX,8070.0,30.0,27400.0,27M4D7W,4096-QAM,True,1.25|10|30,A,L,B,46.17222222,-77.78722222,166.0,117.0,129.0,107.105754748162,0.0366449652459668,43.4,1.4,,A,"Andrew, Div of CommScope",HPX8-77,G,,,4.8,-68.75,-86.0,MACKEY (38589 HWY 17) ON,VEL386,010032285-005,Backhaul Network Services Inc.,2022-03-25,False,False,0.0,0.0
RX,8070.0,30.0,27400.0,27M4D7W,4096-QAM,True,1.25|10|30,A,L,B,44.29,-76.43305556,117.0,78.0,91.0,313.708323533349,0.0906205990216136,42.9,1.1,,A,"Andrew, Div of CommScope",USX8-7W,G,,,4.8,-68.0,-86.0,KINGSTON (1565 STATION RD) ON,XKU596,010078875-003,Rogers Communications Canada Inc.,2022-02-14,False,False,0.0,0.0
RX,8070.0,30.0,27400.0,27M4D7W,4096-QAM,True,1.25|10|30,A,L,B,42.20725,-82.26066667,191.0,71.6,100.0,58.0645241197358,-0.0954227629828426,43.5,1.0,,A,"Andrew, Div of CommScope",UHX8-77GD,G,,,4.8,-63.65,-86.0,Merlin (4681 Badder Line) ON,VFE358,010031377-005,Backhaul Network Services Inc.,2022-03-21,False,False,0.0,0.0
RX,8070.0,30.0,27400.0,27M4D7W,1024-QAM,True,1.25|10|30,A,L,B,45.95472222,-81.94888889,296.0,94.0,100.0,237.391027682731,-0.204406041593313,41.0,1.2,,A,"Andrew, Div of CommScope",UHX6-77,A,,,0.8,-65.0,-93.5,Little Current Town (Little Current Tn) ON,CKJ815,010069927-004,Backhaul Network Services Inc.,2020-10-15,False,False,0.0,0.0
RX,8070.0,30.0,30000.0,30M0D7WET,64-QAM,True,1.25|10|30,A,,B,42.76916667,-81.37722222,230.0,53.0,60.0,229.3,-0.13,41.0,1.2,,A,"Andrew, Div of CommScope",UHX6-77,A,,,2.3,-56.3,-103.5,SOUTHWOLD (35822 FOURTH LINE) ON,VYA743,010079036-003,Rogers Communications Canada Inc.,2015-12-31,False,False,0.0,0.0
RX,8070.0,30.0,27400.0,27M4D7W,1024-QAM,True,1.25|10|30,A,,B,43.97038889,-81.48444444,300.0,73.0,90.0,120.423257939412,0.0549795606687913,41.0,1.2,,A,"Andrew, Div of CommScope",UHX6-77,A,,,2.3,-68.1,-93.5,Lucknow (1110 S Kinloss Ave) ON,CIJ792,010072282-005,Backhaul Network Services Inc.,2020-06-01,False,False,0.0,0.0
RX,8070.0,30.0,27400.0,27M4D7W,4096-QAM,True,1.25|10|30,A,L,B,43.62773889,-81.54518889,288.0,75.5,90.0,33.6346789793398,0.0914945705604767,42.9,1.1,,A,"Andrew, Div of CommScope",USX8-7W,G,,,1.3,-68.22,-87.5,CLINTON (NORTH ST N) ON,VEL940,010072285-004,Backhaul Network Services Inc.,2024-01-05,False,False,0.0,0.0
RX,8070.0,30.0,27400.0,27M4D7W,4096-QAM,True,1.25|10|30,A,L,B,44.62944444,-81.11083333,240.0,65.0,100.0,342.171715328432,-0.10140443860269,41.0,1.2,,A,"Andrew, Div of CommScope",UHX6-77,G,,,4.8,-68.72,-86.0,HEPWORTH (719828 HWY 6) ON,VFE488,010072492-006,Backhaul Network Services Inc.,2022-03-31,False,False,0.0,0.0
RX,8070.0,30.0,30000.0,30M0D7WET,64-QAM,True,1.25|10|30,A,,B,42.01083333,-82.55472222,175.0,62.0,91.0,286.980732539169,-0.0712130840241163,43.5,1.0,,A,"Andrew, Div of CommScope",UHX8-77GD,B,,,3.9,-55.5,-101.0,LEAMINGTON (1315 SIDEROAD 12) ON,XJV253,010030953-005,Backhaul Network Services Inc.,2015-12-31,False,False,0.0,0.0
RX,8070.0,30.0,27400.0,27M4D7W,4096-QAM,True,1.25|10|30,A,L,B,44.90086111,-81.18658333,214.0,73.5,100.0,174.874114815215,-0.0124710697574811,41.0,1.2,,A,"Andrew, Div of CommScope",UHX6-77,G,,,4.8,-68.56,-86.0,WIARTON (126 CAMERON RD) ON,CFW586,010032739-006,Backhaul Network Services Inc.,2022-04-01,False,False,0.0,0.0
RX,8070.0,30.0,27400.0,27M4D7W,1024-QAM,True,1.25|10|30,A,M,A,43.01919444,-81.31311111,274.0,56.0,60.0,220.041954332169,-0.151291956947073,41.0,1.2,,A,"Andrew, Div of CommScope",UHX6-77,G,,,1.3,-66.05,-93.5,London (685 Fanshawe Park Rd W) ON,VEL579,010072229-004,Backhaul Network Services Inc.,2023-09-15,False,False,0.0,0.0
RX,8070.0,30.0,30000.0,30M0D7WET,64-QAM,True,1.25|10|30,A,L,B,44.72880556,-79.814,207.0,39.0,100.0,23.9875834469569,-0.0508608864933651,41.0,1.2,,A,"Andrew, Div of CommScope",UHX6-77,G,,,4.3,-69.0,-103.5,Midland (15765 Hwy 12) ON,VEM274,010069393-006,Backhaul Network Services Inc.,2020-10-27,False,False,0.0,0.0
RX,8070.0,30.0,27400.0,27M4D7W,4096-QAM,True,1.25|10|30,A,L,B,44.62061111,-79.33077778,241.0,50.0,96.0,349.580385573772,-0.0808412500559458,41.0,1.2,,A,"Andrew, Div of CommScope",UHX6-77,G,,,4.8,-67.67,-86.0,ORILLIA (5060 SIDEROAD 25) ON,XKX924,010069351-007,Backhaul Network Services Inc.,2024-12-27,False,False,0.0,0.0
RX,8070.0,30.0,27400.0,27M4D7W,4096-QAM,True,1.25|10|30,A,M,A,44.10719444,-78.65405556,381.0,86.0,96.0,131.419519465428,-0.583404258758194,43.5,1.0,,A,"Andrew, Div of CommScope",UHX8-77GD,G,,,1.3,-67.32,-87.5,Pontypool (464 Telecom Rd) ON,XKU583,010068766-006,Backhaul Network Services Inc.,2024-05-30,False,False,0.0,0.0
RX,8070.0,30.0,27400.0,27M4D7W,4096-QAM,True,1.25|10|30,A,L,B,42.34469722,-81.84338333,177.0,58.0,75.0,350.161918596624,0.235744732591506,40.6,1.5,,A,"Andrew, Div of CommScope",USX6-7W,G,,,4.8,-68.19,-86.0,MORPETH (18331 KENT BRIDGE RD) ON,CIN272,010032947-005,Backhaul Network Services Inc.,2022-03-01,False,False,0.0,0.0
RX,8070.0,30.0,30000.0,30M0D7WET,256-QAM,True,1.25|10|30,A,,B,44.53194444,-79.66222222,399.0,36.0,122.0,68.3,-0.516,40.6,1.6,,A,"Andrew, Div of CommScope",VHLPX6-7W,B,,,0.0,-64.0,-100.5,EDGAR (CONCESSION 4) ON,CKY232,010040633-001,Point to Point Communications,2013-08-28,False,False,0.0,0.0
RX,8070.0,30.0,30000.0,30M0D7WET,64-QAM,True,1.25|10|30,A,,B,48.26305556,-89.70027778,419.0,59.0,70.0,261.374884391301,0.196686607067331,43.1,1.2,,A,RFS (Celwave/Cablewave/Phelps Dodge),DA8-W71B,B,,,3.74,-69.25,-101.0,"SOUTH GILLIES(HWY595_2.5KM_Nrth_S.Gilles), ON",CIO384,010036403-002,TBAYtel - Fixed,2015-10-30,False,False,0.0,0.0
RX,8070.0,30.0,30000.0,30M0D7W,128-QAM,True,1.25|10|30,A,,B,50.07196944,-91.74628333,393.0,73.9,90.0,285.166993026217,-0.238631919669502,40.9,1.6,,A,RFS (Celwave/Cablewave/Phelps Dodge),DA6-77A,B,,,6.09,-76.95,-98.0,"Alcona (Hwy 642, Lot 3 Conc 2, Drayton Twsp) ON",VEM731,010036383-002,TBAYtel - Fixed,2020-08-01,False,False,0.0,0.0
RX,8070.0,30.0,30000.0,30M0D7W,128-QAM,True,1.25|10|30,A,,B,50.07196944,-91.74628333,393.0,87.2,90.0,112.72204419724,-0.0493629939027634,45.4,1.0,,A,RFS (Celwave/Cablewave/Phelps Dodge),DA10-77A,A,,,7.07,-76.79,-98.0,"Alcona (Hwy 642, Lot 3 Conc 2, Drayton Twsp) ON",VEM731,010036381-002,TBAYtel - Fixed,2020-08-01,False,False,0.0,0.0
RX,8070.0,30.0,30000.0,30M0D7W,128-QAM,True,1.25|10|30,A,,B,49.71781944,-91.21899444,443.0,42.67,80.0,13.2415072142793,0.103037345952513,43.5,1.2,,A,RFS (Celwave/Cablewave/Phelps Dodge),DA8-77A,A,,,4.35,-76.9,-98.0,Valora (Hwy 599) ON,VEM729,010036379-002,TBAYtel - Fixed,2020-08-01,False,False,0.0,0.0
RX,8070.0,30.0,30000.0,30M0D7WET,256-QAM,True,1.25|10|30,B,,B,48.75972222,-92.62583333,370.0,83.0,100.0,262.102090681145,-0.119670045661445,43.3,1.6,,A,"Andrew, Div of CommScope",HP8-77,B,,,9.0,-71.8,-96.0,MINE CENTRE ON,VEK938,010036337-002,TBAYtel - Fixed,2018-03-13,False,False,0.0,0.0
RX,8070.0,30.0,30000.0,30M0D7WET,256-QAM,True,1.25|10|30,A,,B,48.75972222,-92.62583333,370.0,56.0,100.0,94.9362548795398,-0.0335403067914012,45.2,1.2,,A,"Andrew, Div of CommScope",HP10-77GE,B,,,7.5,-65.5,-96.0,MINE CENTRE ON,VEK938,010036335-002,TBAYtel - Fixed,2018-03-12,False,False,0.0,0.0
RX,8070.0,30.0,30000.0,30M0D7WET,256-QAM,True,1.25|10|30,B,,B,48.71888889,-91.57055556,474.0,113.0,122.0,271.723226871546,-0.301285848450432,45.2,1.2,,A,"Andrew, Div of CommScope",HP10-77GE,B,,,10.7,-68.1,-96.0,ATIKOKAN (BELL) ON,VEK936,010036333-002,TBAYtel - Fixed,2018-03-12,False,False,0.0,0.0
RX,8070.0,30.0,30000.0,30M0D7WET,256-QAM,True,1.25|10|30,B,,B,48.71888889,-91.57055556,474.0,112.0,122.0,96.9601714080266,-0.251392534806945,45.2,1.2,,A,"Andrew, Div of CommScope",HP10-77GE,B,,,9.8,-67.8,-96.0,ATIKOKAN (BELL) ON,VEK936,010036331-002,TBAYtel - Fixed,2018-03-12,False,False,0.0,0.0
RX,8070.0,30.0,30000.0,30M0D7WET,256-QAM,True,1.25|10|30,B,,B,48.65194444,-90.71472222,479.0,122.0,125.0,276.592332244354,-0.266037543895787,45.2,1.2,,A,"Andrew, Div of CommScope",HP10-77GE,B,,,11.3,-68.6,-96.0,HURONIAN ON,VEK934,010036329-002,TBAYtel - Fixed,2018-03-12,False,False,0.0,0.0
RX,8070.0,30.0,30000.0,30M0D7W,128-QAM,True,1.25|10|30,A,L,B,48.61216667,-89.97244444,475.0,35.8,36.0,283.245029391275,0.0047791104950513,40.8,0.4,,A,RFS (Celwave/Cablewave/Phelps Dodge),DAX6-77B,A,,,4.7,-75.0,-98.0,Shabaqua Corners (Mabella Rd / Hwy 11) ON,VEK932,010036327-002,TBAYtel - Fixed,2021-01-18,False,False,0.0,0.0
RX,8070.0,30.0,27400.0,27M4D7W,4096-QAM,True,1.25|10|30,A,,B,44.39166667,-76.665,173.0,77.0,100.0,25.0293995365104,0.0354006446557222,41.0,1.2,,A,"Andrew, Div of CommScope",UHX6-77,G,,,4.8,-68.17,-86.0,HARROWSMITH (4483 HWY 38) ON,VEL360,010033633-004,Backhaul Network Services Inc.,2022-03-31,False,False,0.0,0.0
RX,8070.0,30.0,27400.0,27M4D7W,4096-QAM,True,1.25|10|30,A,L,B,44.07119444,-80.80038889,402.0,54.0,100.0,200.44406056823,-0.0669589280528291,42.9,1.1,,A,"Andrew, Div of CommScope",USX8-7W,G,,,1.3,-68.09,-86.0,Orchardville (312218 Hwy 6) ON,CKT817,010033587-004,Backhaul Network Services Inc.,2023-09-08,False,False,0.0,0.0
RX,8070.0,30.0,27300.0,27M3D7WET,512-QAM,True,1.25|10|30,A,L,B,46.21891667,-82.56541667,234.0,55.0,108.0,1.33240283914107,0.297000561126899,40.4,1.4,,A,"Andrew, Div of CommScope",HPX6-71W,A,,,1.8,-66.0,-90.0,Spanish River (ON-108 / Hwy 17) ON,VBE696,010033537-005,Backhaul Network Services Inc.,2021-01-12,False,False,0.0,0.0
RX,8070.0,30.0,27400.0,27M4D7W,4096-QAM,True,1.25|10|30,A,L,B,43.34525,-81.11430556,343.0,53.0,112.0,289.088804460639,-0.0633140119471342,40.6,1.5,,A,"Andrew, Div of CommScope",USX6-7W,G,,,4.8,-68.0,-86.0,Avonton (4736 Perth Line 20) ON,XKX950,010033231-003,Backhaul Network Services Inc.,2022-03-01,False,False,0.0,0.0
RX,8070.0,30.0,27400.0,27M4D7W,4096-QAM,True,1.25|10|30,A,L,B,44.23072222,-80.28958333,518.0,46.0,66.0,138.254459926962,-0.126300599987421,42.9,1.2,,A,"Andrew, Div of CommScope",HPX8-71W,G,,,4.8,-68.0,-86.0,Shrigley (240 Sdrd / 10th Line NE) ON,XJV217,010033147-005,Backhaul Network Services Inc.,2022-03-30,False,False,0.0,0.0
RX,8070.0,30.0,27400.0,27M4D7W,1024-QAM,True,1.25|10|30,A,L,B,43.18596389,-80.781525,321.0,60.0,90.0,335.289163578764,0.0317177500981695,41.0,1.2,,A,"Andrew, Div of CommScope",UHX6-77GE,B,,,1.3,-67.92,-93.5,WILLOW LAKE (595638 HWY 59) ON,VEL442,010033123-003,Backhaul Network Services Inc.,2022-12-13,False,False,0.0,0.0
RX,8070.0,30.0,27400.0,27M4D7W,4096-QAM,True,1.25|10|30,A,L,B,45.00472222,-78.71138889,324.0,84.0,137.0,335.688021907568,0.104029192954357,41.0,1.2,,A,"Andrew, Div of CommScope",UHX6-77,G,,,4.8,-68.15,-86.0,MINDEN(TWELVE MILE LAKE R/TAYLOR)ON,VAD406,010032559-004,Backhaul Network Services Inc.,2022-03-31,False,False,0.0,0.0
RX,8070.0,30.0,30000.0,30M0D7WET,64-QAM,True,1.25|10|30,A,,B,42.04416667,-82.92505556,192.0,36.0,48.0,344.169211234109,0.0325603257783556,40.4,1.4,,A,"Andrew, Div of CommScope",HPX6-71W,A,,,0.8,-66.0,-103.5,HARROW (700 ROSEBOROUGH RD) ON,CHX407,010032465-005,Rogers Communications Canada Inc.,2017-01-06,False,False,0.0,0.0
RX,8070.0,30.0,27400.0,27M4D7W,4096-QAM,True,1.25|10|30,A,L,B,45.09055556,-75.21333333,73.0,81.0,100.0,163.044681723079,-0.0460416873907348,42.9,1.1,,A,"Andrew, Div of CommScope",USX8-7W,G,,,4.8,-68.0,-86.0,DUNBAR (COUNTY RD 7/43) ON,CHX746,010032457-005,Backhaul Network Services Inc.,2022-02-14,False,False,0.0,0.0
RX,8070.0,30.0,30000.0,30M0D7WET,128-QAM,True,1.25|10|30,A,,B,42.93166667,-78.98305556,189.0,43.0,48.0,269.0,-0.068,43.4,1.4,,A,"Andrew, Div of CommScope",HPX8-77,A,,,1.3,-60.6,-101.0,FORT ERIE (QEW HWY / BOWEN RD) ON,VFG289,010032365-001,Rogers Communications Canada Inc.,2011-04-01,False,False,0.0,0.0
RX,8070.0,30.0,27400.0,27M4D7W,4096-QAM,True,1.25|10|30,A,L,B,46.22505,-79.35275556,225.0,78.5,94.0,76.0904660582005,0.092729125009158,41.0,1.2,,A,"Andrew, Div of CommScope",UHX6-77,G,,,4.8,-64.75,-86.0,CALLANDER (DERLAND RD/HWY 11) ON,XKX944,010032291-007,Backhaul Network Services Inc.,2025-11-04,False,False,0.0,0.0
RX,8070.0,30.0,30000.0,30M0D7WET,512-QAM,True,1.25|10|30,A,,B,45.34,-75.57472222,88.0,53.0,61.0,109.51686550934,-0.104045934479606,45.2,1.2,,A,"Andrew, Div of CommScope",UHX10-77GD,B,,,1.8,-70.0,-94.5,OTTAWA (3800 LEITRIM RD) ON,VEA994,010032159-005,Backhaul Network Services Inc.,2018-04-20,False,False,0.0,0.0
RX,8070.0,30.0,27400.0,27M4D7W,4096-QAM,True,1.25|10|30,A,,B,44.38194444,-76.00944444,110.0,80.2,91.0,245.24123449488,-0.0788122427396143,41.0,1.2,,A,"Andrew, Div of CommScope",UHX6-77GE,G,,,4.8,-68.0,-86.0,LANSDOWNE (525 REYNOLDS RD) ON,VEA481,010032107-004,Backhaul Network Services Inc.,2022-02-11,False,False,0.0,0.0
RX,8070.0,30.0,27400.0,27M4D7W,1024-QAM,True,1.25|10|30,A,L,B,45.39522222,-74.78416667,80.0,55.2,91.0,36.5924228410147,0.0899012467355274,42.9,1.2,,A,"Andrew, Div of CommScope",HPX8-71W,B,,,5.3,-65.53,-93.5,Skye (596 Skye Rd) ON,VEA423,010032077-006,Backhaul Network Services Inc.,2022-07-01,False,False,0.0,0.0
RX,8070.0,30.0,27400.0,27M4D7W,4096-QAM,True,1.25|10|30,A,L,B,45.01972222,-74.9625,81.0,44.2,60.0,74.4501905901862,-0.0198840397515069,43.5,1.0,,A,"Andrew, Div of CommScope",UHX8-77GD,G,,,4.8,-68.0,-86.0,INGLESIDE (5400 SHAVER RD) ON,VDE895,010031877-007,Backhaul Network Services Inc.,2025-09-23,False,False,0.0,0.0
RX,8070.0,30.0,27400.0,27M4D7W,4096-QAM,True,1.25|10|30,A,L,B,46.21888889,-82.5655,234.0,94.0,108.0,266.628492231255,-0.198481792000801,43.5,1.0,,A,"Andrew, Div of CommScope",UHX8-77GD,G,,,4.8,-67.5,-86.0,Serpent River (ON-108 / Hwy 17) ON,VBE696,010031865-003,Backhaul Network Services Inc.,2023-11-29,False,False,0.0,0.0
RX,8070.0,30.0,27400.0,27M4D7W,1024-QAM,True,1.25|10|30,A,,B,42.25555556,-82.54444444,183.0,48.0,65.0,285.967704652718,-0.114636075300141,43.5,1.0,,A,"Andrew, Div of CommScope",UHX8-77GD,G,,,1.8,-60.0,-93.5,Comber (7500 Lakeshore Rd 305) ON,XKU581,010031815-005,Backhaul Network Services Inc.,2019-07-08,False,False,0.0,0.0
RX,8070.0,30.0,27400.0,27M4D7W,4096-QAM,True,1.25|10|30,A,L,B,44.31413889,-79.01522222,290.0,72.3,91.0,160.703188554149,-0.159476700899459,43.5,1.0,,A,"Andrew, Div of CommScope",UHX8-77GD,G,,,4.8,-68.0,-86.0,Manilla (2102 Concession 9 Brock) ON,XKU559,010031733-003,Backhaul Network Services Inc.,2022-02-01,False,False,0.0,0.0
RX,8070.0,30.0,27400.0,27M4D7W,4096-QAM,True,1.25|10|30,A,L,B,42.62833333,-80.47722222,192.0,76.8,91.0,278.422893832403,-0.0797155982096535,41.0,1.2,,A,"Andrew, Div of CommScope",UHX6-77,G,,,4.8,-69.44,-86.0,PORT ROWAN (1029 1ST CONCESSION RD) ON,VEL318,010031551-004,Backhaul Network Services Inc.,2022-03-11,False,False,0.0,0.0
RX,8070.0,30.0,27400.0,27M4D7W,4096-QAM,True,1.25|10|30,A,L,B,45.18583333,-74.89583333,109.0,63.5,100.0,345.269455294259,-0.17864268038225,41.0,1.2,,A,Ericsson (Marconi/GEC),ML7/8 1.8M HPX,G,,,4.3,-68.0,-86.0,MONKLAND(HWY 43/ROXBOROUGH GRDNS) ON,VEM624,010031547-004,Backhaul Network Services Inc.,2023-06-25,False,False,0.0,0.0
RX,8070.0,30.0,27400.0,27M4D7W,4096-QAM,True,1.25|10|30,A,L,B,44.84527778,-75.33638889,85.0,60.0,100.0,55.7622640437422,0.0135080963368396,43.5,1.0,,A,"Andrew, Div of CommScope",UHX8-77GD,G,,,4.8,-68.0,-86.0,IROQUOIS (HWY 401/CARMAN RD) ON,VEM483,010031523-004,Backhaul Network Services Inc.,2022-02-14,False,False,0.0,0.0
RX,8070.0,30.0,27400.0,27M4D7W,4096-QAM,True,1.25|10|30,A,L,B,44.28741667,-81.26630556,244.0,52.1,100.0,89.6305485202388,0.099384029569825,41.0,1.2,,A,"Andrew, Div of CommScope",UHX6-77,G,,,1.3,-67.77,-86.0,Paisley (Bruce Rd 3 / CR-2A) ON,VEL679,010031419-006,Backhaul Network Services Inc.,2023-08-22,False,False,0.0,0.0
RX,8070.0,30.0,27400.0,27M4D7W,4096-QAM,True,1.25|10|30,A,L,B,42.96671389,-81.55793889,239.0,73.0,78.0,359.053170407275,-0.0435746553461683,40.6,1.5,,A,"Andrew, Div of CommScope",USX6-7W,G,,,1.3,-69.69,-86.0,STRATHROY (8727 WALKERS DR) ON,VBE678,010031383-005,Backhaul Network Services Inc.,2022-07-15,False,False,0.0,0.0
RX,8070.0,30.0,27400.0,27M4D7W,4096-QAM,True,1.25|10|30,A,L,B,43.72619444,-81.25902778,345.0,69.5,100.0,217.033371374577,-0.116609492904273,42.9,1.1,,A,"Andrew, Div of CommScope",USX8-7W-6GF,G,,,1.3,-68.0,-87.5,BRUSSELS (42655 CRANBROOK RD) ON,VFE310,010031355-006,Backhaul Network Services Inc.,2023-02-03,False,False,0.0,0.0
RX,8070.0,30.0,27400.0,27M4D7W,4096-QAM,True,1.25|10|30,A,L,B,44.90777778,-75.93944444,109.0,47.2,110.0,177.686754621349,0.00824481886884791,43.5,1.0,,A,"Andrew, Div of CommScope",UHX8-77GD,G,,,4.8,-68.0,-86.0,SMITHS FALLS (371 ROSEDALE RD S) ON,XJV248,010031251-005,Backhaul Network Services Inc.,2022-02-14,False,False,0.0,0.0
RX,8070.0,30.0,27400.0,27M4D7W,4096-QAM,True,1.25|10|30,A,L,B,43.21662778,-81.44132222,290.0,75.0,80.0,44.7572387103715,0.0182395723580278,42.9,1.1,,A,"Andrew, Div of CommScope",USX8-7W,G,,,1.3,-67.2,-86.0,LUCAN (MCGILLVRAY  RICHMOND ST) ON,CKO264,010031181-004,Backhaul Network Services Inc.,2024-04-26,False,False,0.0,0.0
RX,8070.0,30.0,27400.0,27M4D7W,4096-QAM,True,1.25|10|30,A,L,B,44.21745,-77.82135833,150.0,60.4,100.0,285.470174179826,0.459696106871235,40.6,1.5,,A,"Andrew, Div of CommScope",USX6-7W,G,,,1.3,-68.56,-87.5,CODRINGTON (15608 COUNTY RD) ON,VEL960,010031137-004,Backhaul Network Services Inc.,2023-07-31,False,False,0.0,0.0
RX,8070.0,30.0,27400.0,27M4D7W,4096-QAM,True,1.25|10|30,A,L,B,42.01258333,-82.55230556,175.0,51.2,91.0,44.1691213681119,0.0489497470047775,43.5,1.0,,A,"Andrew, Div of CommScope",UHX8-77GD,G,,,4.8,-68.0,-86.0,LEAMINGTON (1315 SIDEROAD 12) ON,XJV253,010030951-006,Backhaul Network Services Inc.,2022-03-10,False,False,0.0,0.0
RX,8070.0,30.0,30000.0,30M0D7WET,64-QAM,True,1.25|10|30,A,L,B,45.42611111,-76.3,96.0,115.0,122.0,107.213338887292,-0.208314188972333,42.9,1.2,,A,"Andrew, Div of CommScope",HPX8-71W,B,,,0.8,-68.0,-103.5,MARSHALL BAY (THOMAS ELLIOT/HWY17) ON,XJV249,010030935-006,Backhaul Network Services Inc.,2020-09-25,False,False,0.0,0.0
RX,8070.0,30.0,27400.0,27M4D7W,4096-QAM,True,1.25|10|30,A,L,B,45.42611111,-76.3,104.0,115.3,121.9,262.954475335656,0.0291128873940534,42.9,1.2,,A,"Andrew, Div of CommScope",HPX8-71W,G,,,4.8,-68.0,-86.0,MARSHALL BAY (THOMAS ELLIOT/HWY17)  ON,XJV249,010030933-007,Backhaul Network Services Inc.,2022-02-14,False,False,0.0,0.0
RX,8040.0,30.0,27400.0,27M4D7W,4096-QAM,True,1.25|10|30,A,L,B,44.92416667,-77.88183333,372.0,49.0,90.0,292.873220143044,0.164010838234487,42.9,1.1,,A,"Andrew, Div of CommScope",USX8-7W,G,,,1.3,-66.69,-86.5,Wollaston (3428 LOWER FARADAY RD) ON,CIZ224,011126482-001,Backhaul Network Services Inc.,2026-05-01,False,False,25.0,0.0
RX,8040.0,30.0,27400.0,27M4D7W,4096-QAM,True,1.25|10|30,A,M,A,44.21625,-79.17238333,281.0,51.0,91.0,7.98388242307575,-0.0666554964910294,40.8,1.5,,A,"Andrew, Div of CommScope",HX6-7W,G,,,1.3,-67.96,-87.5,UXBRIDGE (12680 REGIONAL RD 1) ON,CIN670,010069413-006,Backhaul Network Services Inc.,2025-09-18,False,False,25.0,0.0
RX,8040.0,30.0,27400.0,27M4D7W,4096-QAM,True,1.25|10|30,A,L,B,44.33223611,-81.44403056,238.0,59.0,65.0,21.3111114674811,-0.142898347370973,40.6,1.5,,A,"Andrew, Div of CommScope",USX6-7W,G,,,1.3,-62.96,-86.0,KINCARDINE (1111 CONCESSION ROAD 10)ON,CHY669,011067078-002,Backhaul Network Services Inc.,2025-01-24,False,False,25.0,0.0
RX,8040.0,30.0,27400.0,27M4D7W,4096-QAM,True,1.25|10|30,A,L,B,45.03623611,-76.15588333,140.0,55.0,91.5,198.780297372027,-0.0275429347312132,42.9,1.1,,A,"Andrew, Div of CommScope",USX8-7W,G,,,0.8,-66.72,-87.5,CARLETON PLACE (2643 LINE 7 CARLETON PLACE) ON,CHY536,011037686-002,Backhaul Network Services Inc.,2025-01-17,False,False,25.0,0.0
RX,8040.0,30.0,27400.0,27M4D7W,4096-QAM,True,1.25|10|30,A,L,B,44.48569444,-78.11305556,239.0,65.0,91.0,132.657403062888,-0.0823157432764836,40.6,1.5,,A,"Andrew, Div of CommScope",USX6-7W,G,,,1.3,-67.98,-86.0,Hall Glen (1390 Fourth Line Rd) ON,CHY279,011034759-002,Backhaul Network Services Inc.,2024-11-30,False,False,25.0,0.0
RX,8040.0,30.0,27400.0,27M4D7W,4096-QAM,True,1.25|10|30,A,L,B,44.85077778,-76.36874167,154.0,70.0,122.0,291.014555602157,0.133357760323599,40.6,1.5,,A,"Andrew, Div of CommScope",USX6-7W,G,,,1.3,-65.78,-87.5,Perth (236 Cameron Side Rd) ON,CHD911,011020853-002,Backhaul Network Services Inc.,2024-11-08,False,False,25.0,0.0
RX,8040.0,30.0,30000.0,30M0D7W,1024-QAM,True,1.25|10|30,A,L,B,44.09044444,-77.21288889,105.0,42.0,79.0,313.605635447143,-0.114779754675644,40.8,1.5,,A,"Andrew, Div of CommScope",HX6-7W,G,,,4.3,-65.28,-92.0,Demorestville (50 CR-14) ON,CHF325,011044336-002,Backhaul Network Services Inc.,2024-06-17,False,False,25.0,0.0
RX,8040.0,30.0,27400.0,27M4D7W,4096-QAM,True,1.25|10|30,A,L,B,45.41183333,-75.05644444,56.0,70.0,90.0,242.146983460261,-0.00248262987011346,42.9,1.1,,A,"Andrew, Div of CommScope",USX8-7W,G,,,1.3,-62.55,-87.5,Casselman (1799 County Rd 16) ON,CHD883,011020858-002,Backhaul Network Services Inc.,2024-06-07,False,False,25.0,0.0
RX,8040.0,30.0,27400.0,27M4D7W,4096-QAM,True,1.25|10|30,A,L,B,44.64944444,-75.62805556,109.0,70.0,80.0,342.696515413389,-0.0765509648492572,42.9,1.1,,A,"Andrew, Div of CommScope",USX8-7W,G,,,1.3,-61.68,-87.5,MAITLAND (22A JONES CRT) ON,CHD866,011021598-002,Backhaul Network Services Inc.,2024-04-12,False,False,25.0,0.0
RX,8040.0,30.0,27400.0,27M4D7W,4096-QAM,True,1.25|10|30,A,L,B,42.8435,-80.66961111,243.0,72.0,91.4,117.804238742584,-0.124376343418247,40.6,1.5,,A,"Andrew, Div of CommScope",USX6-7W,G,,,4.5,-66.55,-86.0,TILSONBURG (889 GOSHEN RD) ON,XKX937,010958911-002,Backhaul Network Services Inc.,2023-01-30,False,False,25.0,0.0
RX,8040.0,30.0,27400.0,27M4D7W,4096-QAM,True,1.25|10|30,A,L,B,45.34005556,-80.00744444,222.0,75.0,100.0,66.473256460528,0.186545815983948,41.0,1.2,,A,"Andrew, Div of CommScope",UHX6-77GE,G,,,4.8,-68.0,-86.0,Parry Sound (5 Oastler Park Dr) ON,VYA282,010068730-003,Backhaul Network Services Inc.,2022-07-19,False,False,25.0,0.0
RX,8040.0,30.0,27400.0,27M4D7W,4096-QAM,True,1.25|10|30,A,L,B,44.39163889,-76.66541667,173.0,50.0,100.0,355.212015545208,-0.121765734545069,42.9,1.1,,A,"Andrew, Div of CommScope",USX8-7W,G,,,4.8,-70.0,-86.0,HARROWSMITH (4483 HWY 38) ON,VEL360,010032237-004,Backhaul Network Services Inc.,2022-02-18,False,False,25.0,0.0
RX,8040.0,30.0,27400.0,27M4D7W,4096-QAM,True,1.25|10|30,A,L,B,42.72984722,-81.71005278,220.0,76.0,97.0,53.6017529170472,-0.0630353881722537,40.6,1.5,,A,"Andrew, Div of CommScope",USX6-7W,G,,,4.8,-68.4,-86.0,GLENCOE (3438 CENTREVILLE DR) ON,CJL850,010033157-003,Backhaul Network Services Inc.,2022-03-28,False,False,25.0,0.0
RX,8040.0,30.0,27400.0,27M4D7W,4096-QAM,True,1.25|10|30,A,L,B,45.09055556,-75.21333333,73.0,81.0,100.0,163.044681723079,-0.0460416873907348,42.9,1.1,,A,"Andrew, Div of CommScope",USX8-7W,G,,,4.8,-68.0,-86.0,DUNBAR (COUNTY RD 7/43) ON,CHX746,010032457-005,Backhaul Network Services Inc.,2022-02-14,False,False,25.0,0.0
RX,8040.0,30.0,30000.0,30M0D7W,128-QAM,True,1.25|10|30,A,,B,49.71781944,-91.21899444,443.0,42.67,80.0,13.2415072142793,0.103037345952513,43.5,1.2,,A,RFS (Celwave/Cablewave/Phelps Dodge),DA8-77A,A,,,4.35,-76.9,-98.0,Valora (Hwy 599) ON,VEM729,010036379-002,TBAYtel - Fixed,2020-08-01,False,False,25.0,0.0
RX,8040.0,30.0,30000.0,30M0D7W,128-QAM,True,1.25|10|30,A,,B,50.07196944,-91.74628333,393.0,73.9,90.0,285.166993026217,-0.238631919669502,40.9,1.6,,A,RFS (Celwave/Cablewave/Phelps Dodge),DA6-77A,B,,,6.09,-76.95,-98.0,"Alcona (Hwy 642, Lot 3 Conc 2, Drayton Twsp) ON",VEM731,010036383-002,TBAYtel - Fixed,2020-08-01,False,False,25.0,0.0
RX,8040.0,30.0,30000.0,30M0D7W,128-QAM,True,1.25|10|30,A,,B,50.07196944,-91.74628333,393.0,87.2,90.0,112.72204419724,-0.0493629939027634,45.4,1.0,,A,RFS (Celwave/Cablewave/Phelps Dodge),DA10-77A,A,,,7.07,-76.79,-98.0,"Alcona (Hwy 642, Lot 3 Conc 2, Drayton Twsp) ON",VEM731,010036381-002,TBAYtel - Fixed,2020-08-01,False,False,25.0,0.0
RX,8040.0,30.0,27400.0,27M4D7W,4096-QAM,True,1.25|10|30,A,L,B,45.42611111,-76.3,104.0,115.3,121.9,262.954475335656,0.0291128873940534,42.9,1.2,,A,"Andrew, Div of CommScope",HPX8-71W,G,,,4.8,-68.0,-86.0,MARSHALL BAY (THOMAS ELLIOT/HWY17)  ON,XJV249,010030933-007,Backhaul Network Services Inc.,2022-02-14,False,False,25.0,0.0
RX,8040.0,30.0,27400.0,27M4D7W,4096-QAM,True,1.25|10|30,A,L,B,45.3,-79.27666667,350.0,66.8,122.0,56.3416254721856,0.0936785151477012,41.1,1.6,,A,RFS (Celwave/Cablewave/Phelps Dodge),UXA6-78B,G,,,4.8,-69.9,-86.0,HUNTSVILLE (MADILL CHURCH RD.)  ON,XKX922,010072263-004,Backhaul Network Services Inc.,2022-06-30,False,False,25.0,0.0
RX,8040.0,30.0,30000.0,30M0D7WET,256-QAM,True,1.25|10|30,A,,B,45.34,-75.57472222,88.0,50.0,61.0,66.6575896813279,-0.135748757124414,42.9,1.2,,A,"Andrew, Div of CommScope",HPX8-71W,B,,,2.3,-59.82,-99.0,OTTAWA (3800 LEITRIM RD) ON,VEA994,010030807-006,Backhaul Network Services Inc.,2018-04-20,False,False,25.0,0.0
RX,8040.0,30.0,27400.0,27M4D7W,4096-QAM,True,1.25|10|30,A,L,B,44.62061111,-79.33077778,241.0,50.0,96.0,349.580385573772,-0.0808412500559458,41.0,1.2,,A,"Andrew, Div of CommScope",UHX6-77,G,,,4.8,-67.67,-86.0,ORILLIA (5060 SIDEROAD 25) ON,XKX924,010069351-007,Backhaul Network Services Inc.,2024-12-27,False,False,25.0,0.0
RX,8040.0,30.0,27400.0,27M4D7W,4096-QAM,True,1.25|10|30,A,L,B,42.59963889,-82.41511111,176.0,34.5,45.0,103.725875719602,0.0198641524462516,42.9,1.1,,A,"Andrew, Div of CommScope",USX8-7W,G,,,4.8,-67.89,-86.0,WALLACEBURG (29452 RUNNING CRK) ON,CYF451,010031979-005,Backhaul Network Services Inc.,2022-03-15,False,False,25.0,0.0
RX,8040.0,30.0,27400.0,27M4D7W,4096-QAM,True,1.25|10|30,A,L,B,43.98911389,-78.125,160.0,58.0,91.0,76.8597615960752,0.139284799082131,41.0,1.2,,A,"Andrew, Div of CommScope",UHX6-77GE,G,,,4.8,-66.9,-86.0,Cobourg (Hill 60 Rd) ON,XKU590,010030835-006,Backhaul Network Services Inc.,2025-09-02,False,False,25.0,0.0
RX,8040.0,30.0,27400.0,27M4D7W,4096-QAM,True,1.25|10|30,A,L,B,44.74805556,-78.08444444,326.0,68.3,90.0,199.571990028443,-0.232852104189236,45.3,1.0,,A,"Andrew, Div of CommScope",HPX10-77,G,,,4.8,-68.0,-86.0,APSLEY (HWY 28 @APSLEY) ON,VYA249,010067845-004,Backhaul Network Services Inc.,2022-03-31,False,False,25.0,0.0
RX,8040.0,30.0,27500.0,27M5D7WET,64-QAM,True,1.25|10|30,A,,B,45.4325,-76.41166667,122.0,54.0,90.0,278.9,0.115,43.6,1.2,,A,RFS (Celwave/Cablewave/Phelps Dodge),UXA8-78A,B,,,4.5,-67.8,-105.0,ARNPRIOR (ON0872)  ON,CIJ648,010037237-001,TELUS Communications Inc.,2013-02-07,False,False,25.0,0.0
RX,8040.0,30.0,30000.0,30M0D7W,64-QAM,True,1.25|10|30,A,,B,42.178,-82.7355,190.0,40.0,48.0,332.630218708117,-0.092713431791781,41.1,1.6,,A,RFS (Celwave/Cablewave/Phelps Dodge),UXA6-78B,G,,,4.5,-67.6,-82.5,Lakeshore (1544 CR-8) ON,CIH547,010037143-004,TELUS Communications Inc.,2020-01-01,False,False,25.0,0.0
RX,8040.0,30.0,27500.0,27M5D7WET,64-QAM,True,1.25|10|30,A,,B,45.88444444,-77.285,151.0,40.0,48.0,120.6,0.067,41.1,1.6,,A,RFS (Celwave/Cablewave/Phelps Dodge),UXA6-78B,A,,,4.5,-68.3,-105.0,PETAWAWA (ON0876) ON,CFW933,010036871-001,TELUS Communications Inc.,2014-04-01,False,False,25.0,0.0
RX,8040.0,30.0,27500.0,27M5D7WET,64-QAM,True,1.25|10|30,A,,B,45.625,-76.89388889,146.0,88.0,90.0,135.5,-0.027,43.6,1.2,,A,RFS (Celwave/Cablewave/Phelps Dodge),UXA8-78A,A,,,4.5,-67.6,-105.0,COBDEN (ON0874) ON,CFW904,010036867-001,TELUS Communications Inc.,2014-01-23,False,False,25.0,0.0
RX,8040.0,30.0,30000.0,30M0D7W,128-QAM,True,1.25|10|30,A,,B,49.84361111,-93.44083333,433.0,79.0,107.0,23.6708693159721,-0.110433019484194,45.3,1.0,,A,"Andrew, Div of CommScope",HPX10-77,G,,,1.7,-61.6,-98.0,"Vermillion Bay (Tower Road/Hwy 17), ON",VFF548,010036471-002,TBAYtel - Fixed,2019-10-01,False,False,25.0,0.0
RX,8040.0,30.0,30000.0,30M0D7W,128-QAM,True,1.25|10|30,A,,B,50.32083333,-93.175,401.0,63.1,107.0,193.028604935235,0.0633001897416479,43.4,1.4,,A,"Andrew, Div of CommScope",HPX8-77,G,,,1.7,-72.0,-98.0,"Perrault Falls (Hwy 105/Perrault Lake), ON",VFF542,010036469-002,TBAYtel - Fixed,2019-10-01,False,False,25.0,0.0
RX,8040.0,30.0,30000.0,30M0D7W,128-QAM,True,1.25|10|30,A,,B,50.89666667,-93.62833333,415.0,85.3,107.0,135.396293407909,-0.200030981513695,45.3,1.0,,A,"Andrew, Div of CommScope",HPX10-77,G,,,1.7,-72.0,-98.0,Gullrock (Hwy 105/Gullrock Lake),VFF543,010036467-002,TBAYtel - Fixed,2019-10-01,False,False,25.0,0.0
RX,8040.0,30.0,30000.0,30M0D7W,128-QAM,True,1.25|10|30,A,,B,50.32083333,-93.175,401.0,89.9,107.0,353.567051718583,-0.179546093868588,45.3,1.0,,A,"Andrew, Div of CommScope",HPX10-77,G,,,1.7,-72.0,-98.0,Perrault Falls (Hwy 105/Perrault Lake),VFF542,010036465-002,TBAYtel - Fixed,2019-10-01,False,False,25.0,0.0
RX,8040.0,30.0,30000.0,30M0D7W,128-QAM,True,1.25|10|30,A,,B,50.89666667,-93.62833333,415.0,39.2,107.0,313.584848842503,-0.0968989842789683,40.7,1.6,,A,"Andrew, Div of CommScope",HPX6-77,G,,,1.7,-72.0,-98.0,Gullrock (Hwy 105/Gullrock Lake),VFF543,010036463-002,TBAYtel - Fixed,2019-10-01,False,False,25.0,0.0
RX,8040.0,30.0,30000.0,30M0D7W,128-QAM,True,1.25|10|30,A,,B,49.71781944,-91.21899444,443.0,79.4,80.0,221.269633866854,-0.136022337481906,45.4,1.0,,A,RFS (Celwave/Cablewave/Phelps Dodge),DA10-77A,B,,,6.55,-76.6,-98.0,Valora (Hwy 599) ON,VEM729,010036377-002,TBAYtel - Fixed,2020-08-01,False,False,25.0,0.0
RX,8040.0,30.0,27400.0,27M4D7W,4096-QAM,True,1.25|10|30,A,L,B,42.65797222,-82.47566667,177.0,75.0,90.0,70.9950948196544,-0.0448624166320429,42.9,1.1,,A,"Andrew, Div of CommScope",USX8-7W-6GF,G,,,1.3,-68.0,-87.5,Port Lambton (116 West Lambton Line) ON,CHX542,010032429-005,Backhaul Network Services Inc.,2023-11-20,False,False,25.0,0.0
RX,8040.0,30.0,27400.0,27M4D7W,4096-QAM,True,1.25|10|30,A,M,A,42.15611111,-82.80305556,194.0,31.0,49.0,263.352473158631,-0.000904804295262,42.9,1.2,,A,"Andrew, Div of CommScope",HPX8-71W,G,,,4.8,-68.0,-86.0,ESSEX (72 GOSFIELD TOWNLINE W) ON,CYF458,010031139-005,Backhaul Network Services Inc.,2022-01-25,False,False,25.0,0.0
RX,8040.0,30.0,27400.0,27M4D7W,4096-QAM,True,1.25|10|30,A,L,B,44.36959167,-77.36589722,177.0,48.0,94.5,184.074256306898,-0.228349968859479,40.6,1.5,,A,"Andrew, Div of CommScope",USX6-7W,G,,,1.3,-65.71,-87.5,ROSLIN (1905 MOIRA RD) ON,VEL878,010031087-006,Backhaul Network Services Inc.,2025-11-07,False,False,25.0,0.0
RX,8040.0,30.0,30000.0,30M0D7WET,128-QAM,True,1.25|10|30,A,,B,41.76361111,-82.68861111,175.0,38.0,46.0,9.9,-0.064,41.1,1.6,,A,RFS (Celwave/Cablewave/Phelps Dodge),UXA6-78B,A,,,5.9,-69.0,-101.0,PELEE ISLAND (1047 W SHORE RD) ON,CGC267,010030659-001,Bell Canada - Wireless Mgmt Office,2012-11-01,False,False,25.0,0.0
RX,7970.0,10.0,10000.0,10M0D7WET,128-QAM,True,1.25|10,A,,B,43.6425,-79.38722222,81.0,328.0,500.0,58.5,-0.496,37.0,2.0,,A,Radio Waves Inc.,HP4-8,B,,,0.4,-77.0,-104.2,TORONTO (CN TOWER) ON,VFE222,010029903-001,Metrolinx,2013-07-16,False,False,10.0,0.0
RX,7950.0,30.0,27400.0,27M4D7W,4096-QAM,True,1.25|10|30,A,L,B,45.58583333,-77.23916667,191.0,78.0,100.0,248.916160895209,0.328313302660341,40.6,1.5,,A,"Andrew, Div of CommScope",USX6-7W,G,,,1.3,-69.7,-86.5,Golden Lake (3216 Lake Dore Rd) ON,CHG229,010032451-005,Backhaul Network Services Inc.,2023-10-20,False,False,15.0,0.0
RX,7950.0,30.0,27400.0,27M4D7W,4096-QAM,True,1.25|10|30,A,L,B,45.30547222,-74.73633333,101.0,70.0,91.5,223.219161838807,-0.0489706387136652,40.8,1.5,,A,"Andrew, Div of CommScope",HX6-7W,G,,,4.8,-65.4,-86.0,ALEXANDRIA (19319 KENYON CONCESSION 5 RD) ON,CHQ546,010992490-002,Backhaul Network Services Inc.,2023-07-10,False,False,15.0,0.0
RX,7950.0,30.0,27400.0,27M4D7W,4096-QAM,True,1.25|10|30,A,L,B,45.32972222,-76.14888889,137.0,58.5,70.0,312.296046711997,-0.195740749060654,40.6,1.5,,A,"Andrew, Div of CommScope",USX6-7W,G,,,4.8,-68.0,-86.0,Hwys 17 & 44 (2590 MARSHWOOD RD) ON,VEL348,010918272-002,Backhaul Network Services Inc.,2022-01-28,False,False,15.0,0.0
RX,7950.0,30.0,30000.0,30M0D7WET,64-QAM,True,1.25|10|30,A,L,B,41.81608333,-82.63583333,173.0,45.0,45.0,355.284209550151,-0.00347851083444218,40.8,2.0,,A,"Andrew, Div of CommScope",HP6-77,B,,,10.5,-68.73,-109.0,Scudder (218 Harris Garno Rd) ON,CIN867,010037585-004,TELUS Communications Inc.,2020-10-19,False,False,15.0,0.0
RX,7950.0,10.0,10000.0,10M0D1D,64-QAM,True,1.25|10|30,A,,B,44.03186111,-79.13677778,348.0,72.0,124.0,159.916909291086,-0.785162021241849,40.3,2.2,,A,"Andrew, Div of CommScope",HP6-71W,B,,,2.1,-68.14,-110.5,Coppin's Corners (3189 Brock Rd) ON,CFV881,010710780-001,Metrolinx,2018-05-01,False,False,5.0,0.0
RX,7950.0,30.0,30000.0,30M0D1D,16-QAM,True,1.25|10|30,B,,B,43.45472222,-79.68222222,99.0,25.0,25.5,48.6077697989728,0.416573583261257,41.0,1.2,,A,"Andrew, Div of CommScope",UHX6-77,A,,,3.7,-69.44,-112.0,Oakville (155 Cornwall Rd) ON,CFV893,010701789-002,Metrolinx,2018-07-01,False,False,15.0,0.0
RX,7950.0,30.0,30000.0,30M0D1D,16-QAM,True,1.25|10|30,A,,B,43.46027778,-80.13194444,323.0,75.5,80.0,272.062968481691,-0.0854687315435891,40.3,2.2,,A,"Andrew, Div of CommScope",HP6-71W,B,,,0.5,-65.64,-112.0,Aberfoyle (7471 McLean Rd.) ON,CFW265,010711915-001,Metrolinx,2017-08-01,False,False,15.0,0.0
RX,7950.0,30.0,30000.0,30M0D1D,16-QAM,True,1.25|10|30,A,,B,43.2175,-79.665,86.0,55.0,80.0,295.391249093448,0.261039040145001,40.3,2.2,,A,"Andrew, Div of CommScope",HP6-71W,B,,,1.0,-65.14,-112.0,Stoney Creek (345 Lewis Rd) ON,CFW201,010705042-001,Metrolinx,2017-08-01,False,False,15.0,0.0
RX,7950.0,30.0,27400.0,27M4D7W,4096-QAM,True,1.25|10|30,A,L,B,45.40777778,-80.20305556,193.0,60.0,91.0,116.159010938836,0.0130576249317885,41.0,1.2,,A,"Andrew, Div of CommScope",UHX6-77,G,,,4.8,-68.95,-86.0,CARLING (15 ALVES RD) ON,VFG628,010074297-003,Backhaul Network Services Inc.,2022-03-31,False,False,15.0,0.0
RX,7950.0,30.0,27400.0,27M4D7W,4096-QAM,True,1.25|10|30,A,L,B,44.79425,-76.68713889,226.0,66.0,122.0,75.8171509137181,-0.166991541380317,42.9,1.1,,A,"Andrew, Div of CommScope",USX8-7W,G,,,1.3,-67.5,-87.5,SHARBOT LAKE (HWY 7/ MCQUAID RD) ON,VAD432,010031695-006,Backhaul Network Services Inc.,2022-06-20,False,False,15.0,0.0
RX,7920.0,30.0,27400.0,27M4D7W,4096-QAM,True,1.25|10|30,A,L,B,44.98700833,-78.09309444,462.0,54.0,106.0,83.3545340261698,-0.210725712320124,40.6,1.5,,A,"Andrew, Div of CommScope",USX6-7W,G,,,1.3,-67.62,-87.5,Paudash Lake (1165 Gander Road) ON,VBE670,011077878-002,Backhaul Network Services Inc.,2025-04-28,False,False,0.0,0.0
RX,7920.0,30.0,27400.0,27M4D7W,4096-QAM,True,1.25|10|30,A,L,B,45.58583333,-77.23916667,191.0,78.0,100.0,248.916160895209,0.328313302660341,40.6,1.5,,A,"Andrew, Div of CommScope",USX6-7W,G,,,1.3,-69.7,-86.5,Golden Lake (3216 Lake Dore Rd) ON,CHG229,010032451-005,Backhaul Network Services Inc.,2023-10-20,False,False,0.0,0.0
RX,7920.0,30.0,27400.0,27M4D7W,4096-QAM,True,1.25|10|30,A,L,B,45.32972222,-76.14888889,137.0,58.5,70.0,312.296046711997,-0.195740749060654,40.6,1.5,,A,"Andrew, Div of CommScope",USX6-7W,G,,,4.8,-68.0,-86.0,Hwys 17 & 44 (2590 MARSHWOOD RD) ON,VEL348,010918272-002,Backhaul Network Services Inc.,2022-01-28,False,False,0.0,0.0
RX,7920.0,30.0,30000.0,30M0D7W,128-QAM,True,1.25|10|30,A,L,B,48.65580556,-90.25533333,493.0,40.4,63.0,103.032720168136,-0.148762134646156,40.8,0.4,,A,RFS (Celwave/Cablewave/Phelps Dodge),DAX6-77B,A,,,5.0,-75.0,-98.0,Shebandowan (2970 Hwy 11) ON,VEK933,010036327-002,TBAYtel - Fixed,2021-01-18,False,False,0.0,0.0
RX,7920.0,30.0,30000.0,30M0D7WET,256-QAM,True,1.25|10|30,A,L,B,48.71738889,-93.07744444,351.0,86.9,100.0,242.988886986535,-0.222205435284123,45.3,1.0,,A,RFS (Celwave/Cablewave/Phelps Dodge),DAX10-77A,B,,,6.74,-75.35,-96.0,Nickel Lake (Hwy 11/Hwy 502) ON,CGX337,010763331-001,TBAYtel - Fixed,2021-01-01,False,False,0.0,0.0
RX,7920.0,30.0,30000.0,30M0D1D,16-QAM,True,1.25|10|30,A,,B,43.46027778,-80.13194444,323.0,75.5,80.0,135.740153891765,-0.333276870314321,40.3,2.2,,A,"Andrew, Div of CommScope",HP6-71W,A,,,0.5,-65.13,-112.0,Aberfoyle (7471 McLean Rd) ON,CFW265,010711913-001,Metrolinx,2017-08-01,False,False,0.0,0.0
RX,7920.0,30.0,30000.0,30M0D1D,16-QAM,True,1.25|10|30,A,,B,44.03194444,-79.13666667,348.0,97.0,124.0,132.632211041365,-0.707610934132378,40.3,2.2,,A,"Andrew, Div of CommScope",HP6-71W,B,,,0.5,-65.53,-112.0,Uxbridge (3189 Brock Rd) ON,CFV881,010710879-001,Metrolinx,2017-08-01,False,False,0.0,0.0
RX,7920.0,30.0,30000.0,30M0D1D,16-QAM,True,1.25|10|30,A,,B,44.03194444,-79.13666667,348.0,97.0,124.0,282.430351498279,-0.265775440515781,40.3,2.2,,A,"Andrew, Div of CommScope",HP6-71W,B,,,0.5,-63.52,-112.0,Uxbridge (3189 Brock Rd) ON,CFV881,010710877-001,Metrolinx,2017-08-01,False,False,0.0,0.0
RX,7920.0,30.0,27400.0,27M4D7W,4096-QAM,True,1.25|10|30,A,L,B,45.40777778,-80.20305556,193.0,60.0,91.0,116.159010938836,0.0130576249317885,41.0,1.2,,A,"Andrew, Div of CommScope",UHX6-77,G,,,4.8,-68.95,-86.0,CARLING (15 ALVES RD) ON,VFG628,010074297-003,Backhaul Network Services Inc.,2022-03-31,False,False,0.0,0.0
RX,7920.0,30.0,30000.0,30M0D7WET,256-QAM,True,1.25|10|30,A,,B,49.05222222,-90.49,487.0,90.0,100.0,200.359629982486,-0.167264464008018,45.4,1.0,,A,RFS (Celwave/Cablewave/Phelps Dodge),DA10-77A,B,,,9.3,-71.6,-96.0,UPSALA ON,CIO380,010036401-002,TBAYtel - Fixed,2018-03-19,False,False,0.0,0.0
RX,7920.0,30.0,30000.0,30M0D7WET,256-QAM,True,1.25|10|30,B,,B,48.7175,-93.0775,351.0,84.0,100.0,81.7625681135597,-0.105966776099953,43.3,1.6,,A,"Andrew, Div of CommScope",HP8-77,B,,,9.0,-71.8,-96.0,NICKEL LAKE ON,VEK939,010036337-002,TBAYtel - Fixed,2018-03-13,False,False,0.0,0.0
RX,7920.0,30.0,30000.0,30M0D7WET,256-QAM,True,1.25|10|30,A,,B,48.72805556,-92.09166667,457.0,39.0,100.0,275.337826350849,-0.231707090193934,45.2,1.2,,A,"Andrew, Div of CommScope",HP10-77GE,B,,,6.5,-65.5,-96.0,FLANDERS ON,VEK937,010036335-002,TBAYtel - Fixed,2018-03-12,False,False,0.0,0.0
RX,7920.0,30.0,30000.0,30M0D7WET,256-QAM,True,1.25|10|30,B,,B,48.72805556,-92.09166667,457.0,26.0,100.0,91.3315927430386,0.0433643639546728,45.2,1.2,,A,"Andrew, Div of CommScope",HP10-77GE,B,,,6.3,-68.1,-96.0,FLANDERS ON,VEK937,010036333-002,TBAYtel - Fixed,2018-03-12,False,False,0.0,0.0
RX,7920.0,30.0,30000.0,30M0D7WET,256-QAM,True,1.25|10|30,B,,B,48.685,-91.15916667,452.0,48.0,100.0,277.269242932172,0.0461825497869429,43.3,1.6,,A,"Andrew, Div of CommScope",HP8-77,B,,,7.0,-67.8,-96.0,QUETICO NORTH ON,VEK935,010036331-002,TBAYtel - Fixed,2018-03-12,False,False,0.0,0.0
RX,7920.0,30.0,30000.0,30M0D7WET,256-QAM,True,1.25|10|30,B,,B,48.685,-91.15916667,452.0,59.0,100.0,96.2585977875798,0.0445079416683681,45.2,1.2,,A,"Andrew, Div of CommScope",HP10-77GE,B,,,7.9,-68.6,-96.0,QUETICO NORTH ON,VEK935,010036329-002,TBAYtel - Fixed,2018-03-12,False,False,0.0,0.0
RX,7920.0,30.0,30000.0,30M0D7W,128-QAM,True,1.25|10|30,A,L,B,48.51891667,-89.44966667,492.0,46.3,59.0,285.265998156807,-0.207342486179526,45.3,1.0,,A,RFS (Celwave/Cablewave/Phelps Dodge),DAX10-77A,B,,,6.6,-70.79,-98.0,Intola (373 Intola Rd) ON,VEK931,010036325-002,TBAYtel - Fixed,2021-01-18,False,False,0.0,0.0
RX,7920.0,30.0,27400.0,27M4D7W,4096-QAM,True,1.25|10|30,A,L,B,44.79425,-76.68713889,226.0,66.0,122.0,75.8171509137181,-0.166991541380316,42.9,1.1,,A,"Andrew, Div of CommScope",USX8-7W,G,,,1.3,-67.5,-87.5,SHARBOT LAKE (HWY 7/ MCQUAID RD) ON,VAD432,010031695-006,Backhaul Network Services Inc.,2022-06-20,False,False,0.0,0.0
RX,7890.0,30.0,27400.0,27M4D7W,4096-QAM,True,1.25|10|30,A,L,B,47.409625,-79.666825,304.0,82.0,97.5,359.437055470912,-0.223541625866222,42.9,1.1,,A,"Andrew, Div of CommScope",USX8-7W,G,,,1.3,-67.68,-87.5,HAILEYBURY(LOT 1 CONCESSION 9) ON,CIZ932,011101087-002,Backhaul Network Services Inc.,2025-09-01,False,False,0.0,25.0
RX,7890.0,30.0,27400.0,27M4D7W,4096-QAM,True,1.25|10|30,A,L,B,44.98700833,-78.09309444,462.0,54.0,106.0,83.3545340261698,-0.210725712320124,40.6,1.5,,A,"Andrew, Div of CommScope",USX6-7W,G,,,1.3,-67.62,-87.5,Paudash Lake (1165 Gander Road) ON,VBE670,011077878-002,Backhaul Network Services Inc.,2025-04-28,False,False,0.0,25.0
RX,7890.0,30.0,27400.0,27M4D7W,4096-QAM,True,1.25|10|30,A,L,B,45.2945,-79.09411111,395.0,58.0,80.0,272.286103981028,-0.264066334022627,40.6,1.5,,A,"Andrew, Div of CommScope",USX6-7W,G,,,1.3,-68.21,-87.5,Britannia (Britannia Rd / South Portage Rd) ON,CKY207,010069535-005,Backhaul Network Services Inc.,2025-04-23,False,False,0.0,25.0
RX,7890.0,30.0,27400.0,27M4D7W,4096-QAM,True,1.25|10|30,A,L,B,45.55547222,-77.40455556,176.0,68.0,100.0,316.058890522001,-0.0986496938183192,40.6,1.5,,A,"Andrew, Div of CommScope",USX6-7W,G,,,1.3,-68.13,-87.5,KILLALOE (171 WATER ST) ON,VFG406,011067416-002,Backhaul Network Services Inc.,2024-11-15,False,False,0.0,25.0
RX,7890.0,30.0,27400.0,27M4D7W,4096-QAM,True,1.25|10|30,A,L,B,45.57066667,-75.21666667,60.0,33.0,100.0,62.1970567277329,0.350949768582925,43.5,1.0,,A,"Andrew, Div of CommScope",UHX8-77GD,G,,,4.8,-68.12,-86.0,"Clarence-Rockland, ON (8132 County Road 17)",VEL799,010043499-006,Backhaul Network Services Inc.,2025-11-21,False,False,0.0,25.0
RX,7890.0,30.0,27400.0,27M4D7W,4096-QAM,True,1.25|10|30,A,L,B,44.58783333,-78.16455556,291.0,75.5,107.0,41.2194522328252,-0.0582428298053077,42.9,1.1,,A,"Andrew, Div of CommScope",USX8-7W,G,,,1.3,-64.3,-87.5,HARCOURT (5914 HWY 28) ON,VAD497,010999508-002,Backhaul Network Services Inc.,2023-12-08,False,False,0.0,25.0
RX,7890.0,30.0,27400.0,27M4D7W,4096-QAM,True,1.25|10|30,A,L,B,45.81872222,-77.15435833,150.0,96.1,107.0,314.654813247257,-0.139369315979368,42.9,1.2,,A,"Andrew, Div of CommScope",HPX8-71W,G,,,4.8,-67.2,-86.0,PEMBROKE (219 TV TOWER RD) ON,VAD404,010031777-006,Backhaul Network Services Inc.,2022-09-30,False,False,0.0,25.0
RX,7890.0,30.0,27400.0,27M4D7W,4096-QAM,True,1.25|10|30,A,L,B,45.30547222,-74.73633333,101.0,70.0,91.5,223.219161838807,-0.0489706387136652,40.8,1.5,,A,"Andrew, Div of CommScope",HX6-7W,G,,,4.8,-65.4,-86.0,ALEXANDRIA (19319 KENYON CONCESSION 5 RD) ON,CHQ546,010992490-002,Backhaul Network Services Inc.,2023-07-10,False,False,0.0,25.0
RX,7890.0,30.0,27400.0,27M4D7W,4096-QAM,True,1.25|10|30,A,L,B,44.76416667,-77.61611111,310.0,67.0,122.0,334.909123174623,0.0989226696148895,42.9,1.1,,A,"Andrew, Div of CommScope",USX8-7W,G,,,1.3,-63.09,-87.5,MADOC (20100 HWY 62) ON,CHX391,010968454-002,Backhaul Network Services Inc.,2023-07-24,False,False,0.0,25.0
RX,7890.0,30.0,27400.0,27M4D7W,512-QAM,True,1.25|10|30,A,L,B,44.84516667,-76.54394444,210.0,50.0,93.0,87.6793319032617,-0.254259829083862,40.6,1.5,,A,"Andrew, Div of CommScope",USX6-7W,G,,,4.3,-66.92,-95.0,MABERLY (472 MABERLY ELPHIN ROAD),CHQ283,011001735-002,Backhaul Network Services Inc.,2023-07-10,False,False,0.0,25.0
RX,7890.0,30.0,27400.0,27M4D7W,4096-QAM,True,1.25|10|30,A,L,B,45.81875,-77.15433333,150.0,65.0,107.0,167.884743258258,-0.0242509851484469,42.9,1.1,,A,"Andrew, Div of CommScope",USX8-7W,G,,,1.3,-62.87,-87.5,Pembroke (219 TV Tower Rd) ON,VAD404,010968504-002,Backhaul Network Services Inc.,2023-05-17,False,False,0.0,25.0
RX,7890.0,30.0,27400.0,27M4D7W,4096-QAM,True,1.25|10|30,A,,B,45.27944444,-79.76833333,270.0,79.3,107.0,190.117601368189,-0.102087761761644,41.0,1.2,,A,"Andrew, Div of CommScope",UHX6-77,G,,,4.8,-68.0,-86.0,HUMPHREY (357 HWY 141) ON,VBE645,010069315-003,Backhaul Network Services Inc.,2022-03-31,False,False,0.0,25.0
RX,7890.0,30.0,27400.0,27M4D7W,4096-QAM,True,1.25|10|30,A,L,B,44.42972222,-76.49694444,146.0,75.0,85.0,161.878646535692,-0.276089146633819,43.4,1.4,,A,"Andrew, Div of CommScope",HPX8-77,G,,,4.8,-68.0,-86.0,SOUTH FRONTENAC (1100 RUTILEGE RD) ON,CFI227,010687795-003,Rogers Communications Canada Inc.,2022-02-14,False,False,0.0,25.0
RX,7890.0,30.0,27400.0,27M4D7W,4096-QAM,True,1.25|10|30,A,L,B,44.59380556,-75.72816667,123.0,48.5,61.0,219.764956244125,-0.0911562248865209,40.6,1.5,,A,"Andrew, Div of CommScope",USX6-7W,G,,,4.8,-68.6,-86.0,BROCKVILLE (2566 CHEMICAL RD) ON,XKX900,010030847-006,Backhaul Network Services Inc.,2022-02-18,False,False,0.0,25.0
RX,7890.0,30.0,27400.0,27M4D7W,4096-QAM,True,1.25|10|30,A,L,B,42.14972222,-82.64388889,190.0,65.0,89.0,34.8066503360843,-0.14826801020296,43.5,1.0,,A,"Andrew, Div of CommScope",UHX8-77GD,G,,,4.3,-63.0,-86.0,ALBUNA (ROAD 10/ALBUNA TOWNLINE) ON,VFE296,010030783-007,Backhaul Network Services Inc.,2021-09-01,False,False,0.0,25.0
RX,7890.0,30.0,30000.0,30M0D7WET,64-QAM,True,1.25|10|30,A,L,B,45.53833333,-79.92138889,259.0,86.0,106.0,196.899901342959,-0.182115598277936,41.0,1.2,,A,"Andrew, Div of CommScope",UHX6-77,A,,,4.3,-68.0,-103.5,MCKELLAR (897 HWY 124) ON,VFE961,010069429-004,Backhaul Network Services Inc.,2020-07-01,False,False,0.0,25.0
RX,7890.0,30.0,27400.0,27M4D7W,1024-QAM,True,1.25|10|30,A,L,B,44.09472222,-80.12075,493.0,48.0,60.0,347.554415253602,0.0262487830414758,41.0,1.2,,A,"Andrew, Div of CommScope",UHX6-77,G,,,0.8,-66.01,-93.5,Mulmur (300 Hwy 89) ON,VEL895,010814000-003,Backhaul Network Services Inc.,2021-01-15,False,False,0.0,25.0
RX,7890.0,30.0,30000.0,30M0D7WET,64-QAM,True,1.25|10|30,A,L,B,41.81608333,-82.63583333,173.0,45.0,45.0,355.284209550151,-0.00347851083444218,40.8,2.0,,A,"Andrew, Div of CommScope",HP6-77,B,,,10.5,-68.73,-109.0,Scudder (218 Harris Garno Rd) ON,CIN867,010037585-004,TELUS Communications Inc.,2020-10-19,False,False,0.0,25.0
RX,7890.0,30.0,27400.0,27M4D7W,4096-QAM,True,1.25|10|30,A,L,B,42.772025,-81.00161111,13.0,34.0,45.0,244.925536960716,0.173162222367835,41.0,1.2,,A,"Andrew, Div of CommScope",UHX6-77,G,,,4.8,-67.75,-86.0,AYLMER (48371 TALBOT LINE) ON,CFR479,010773820-003,Backhaul Network Services Inc.,2022-03-30,False,False,0.0,25.0
RX,7890.0,30.0,27400.0,27M4D7W,1024-QAM,True,1.25|10|30,A,L,B,44.20327778,-78.87522222,275.0,60.0,90.0,317.919894998258,0.0680620417890168,43.4,1.4,,A,"Andrew, Div of CommScope",HPX8-77,G,,,1.3,-62.97,-93.5,PORT PERRY (23050 CROZIER LANE) ON,CFI225,010687764-003,Backhaul Network Services Inc.,2022-09-22,False,False,0.0,25.0
RX,7890.0,30.0,30000.0,30M0D7WET,256-QAM,True,1.25|10|30,A,,B,44.5925,-79.44777778,276.0,14.0,30.0,248.455161167577,0.37419962226958,40.6,1.6,,A,"Andrew, Div of CommScope",VHLPX6-7W,A,,,0.0,-64.0,-100.5,Orillia (Harvie Settlement Rd) ON,CKY231,010676339-001,Point to Point Communications,2016-07-01,False,False,0.0,25.0
RX,7890.0,30.0,27400.0,27M4D7W,4096-QAM,True,1.25|10|30,A,L,B,45.13097222,-76.18352778,147.0,86.0,127.0,205.128438136091,-0.115293403215513,43.5,1.0,,A,"Andrew, Div of CommScope",UHX8-77GD,G,,,4.8,-68.0,-86.0,Carleton Place (174 Ramsay Concession 5A) ON,XJV292,010031647-005,Backhaul Network Services Inc.,2021-11-16,False,False,0.0,25.0
RX,7890.0,30.0,27400.0,27M4D7W,4096-QAM,True,1.25|10|30,A,L,B,44.28805556,-76.63111111,120.0,66.5,80.0,89.111201143837,-0.0876939659908899,40.6,1.5,,A,"Andrew, Div of CommScope",USX6-7W,G,,,4.8,-68.0,-86.0,KINGSTON (3650 SMITH ROAD) ON,VEA914,010094960-007,Backhaul Network Services Inc.,2022-02-11,False,False,0.0,25.0
RX,7890.0,30.0,30000.0,30M0D7WET,512-QAM,True,1.25|10|30,A,,B,44.32888889,-78.29972222,244.0,81.0,100.0,82.0196829652356,-0.141816681901087,41.0,1.2,,A,"Andrew, Div of CommScope",UHX6-77,B,,,1.3,-66.0,-94.5,PETERBOROUGH (1925 TELEVISIONRD)ON,XKU584,010076496-004,Backhaul Network Services Inc.,2018-05-30,False,False,0.0,25.0
RX,7890.0,30.0,27400.0,27M4D7W,4096-QAM,True,1.25|10|30,A,L,B,42.55995833,-82.19573333,182.0,49.5,89.0,191.456567875038,-0.107212244645617,42.9,1.2,,A,"Andrew, Div of CommScope",HPX8-71W,G,,,4.8,-67.0,-86.0,DRESDEN (25838 LINDSAY RD) ON,VEM267,010033213-006,Backhaul Network Services Inc.,2022-03-11,False,False,0.0,25.0
RX,7890.0,30.0,30000.0,30M0D7WET,128-QAM,True,1.25|10|30,A,,B,49.39916667,-94.07777778,341.0,78.0,100.0,343.875213886115,-0.025786156447927,41.1,1.6,,A,RFS (Celwave/Cablewave/Phelps Dodge),DAX6-78B,B,,,4.4,-67.8,-101.0,"SIOUX NARROWS HWY 71/TOMAHAWK RD,ON",VEM910,010036369-002,TBAYtel - Fixed,2018-03-13,False,False,0.0,25.0
RX,7890.0,30.0,28000.0,28M0D7WET,128-QAM,True,1.25|10|30,A,,B,49.39916667,-94.07777778,341.0,40.4,100.0,163.141430660223,0.186989884377103,41.1,1.6,,A,RFS (Celwave/Cablewave/Phelps Dodge),DAX6-78B,A,,,4.92,-71.1,-102.0,Sioux Narrows (Hwy 71/Tomahawk Rd) ON,VEM910,010036367-002,TBAYtel - Fixed,2018-08-06,False,False,0.0,25.0
RX,7890.0,30.0,28000.0,28M0D7WET,128-QAM,True,1.25|10|30,A,,B,48.93555556,-93.81111111,390.0,70.1,90.0,337.49030245559,-0.127931034773904,43.6,1.2,,A,RFS (Celwave/Cablewave/Phelps Dodge),DAX8-78A,A,,,5.9,-70.9,-102.0,Burditt Lake (402 Dump Rd/Hwy 615) ON,VEM224,010036361-003,TBAYtel - Fixed,2018-08-29,False,False,0.0,25.0
RX,7860.0,30.0,27400.0,27M4D7W,4096-QAM,True,1.25|10|30,A,L,B,47.409625,-79.666825,304.0,82.0,97.5,359.437055470912,-0.223541625866222,42.9,1.1,,A,"Andrew, Div of CommScope",USX8-7W,G,,,1.3,-67.68,-87.5,HAILEYBURY(LOT 1 CONCESSION 9) ON,CIZ932,011101087-002,Backhaul Network Services Inc.,2025-09-01,False,False,0.0,30.0
RX,7860.0,30.0,27400.0,27M4D7W,4096-QAM,True,1.25|10|30,A,L,B,45.55547222,-77.40455556,176.0,68.0,100.0,316.058890522001,-0.0986496938183192,40.6,1.5,,A,"Andrew, Div of CommScope",USX6-7W,G,,,1.3,-68.13,-87.5,KILLALOE (171 WATER ST) ON,VFG406,011067416-002,Backhaul Network Services Inc.,2024-11-15,False,False,0.0,30.0
RX,7860.0,30.0,27400.0,27M4D7W,4096-QAM,True,1.25|10|30,A,L,B,44.747,-75.98783333,125.0,59.0,91.5,11.9605011480385,-0.102427926775265,42.9,1.1,,A,"Andrew, Div of CommScope",USX8-7W,G,,,1.3,-61.8,-87.5,Toledo (416 CR-29) ON,CHL596,011021463-002,Backhaul Network Services Inc.,2024-06-03,False,False,0.0,30.0
RX,7860.0,30.0,27400.0,27M4D7W,4096-QAM,True,1.25|10|30,A,L,B,44.86533333,-79.32636111,260.0,43.0,66.0,180.735809484442,-0.0520119687376317,43.5,1.0,,A,"Andrew, Div of CommScope",UHX8-77GD,G,,,4.8,-66.11,-86.0,Gravenhurst (1016 Beiers Rd) ON,XKX939,010069273-006,Backhaul Network Services Inc.,2024-11-22,False,False,0.0,30.0
RX,7860.0,30.0,27400.0,27M4D7W,4096-QAM,True,1.25|10|30,A,L,B,42.67111111,-80.66722222,208.0,73.0,100.0,106.955453603527,-0.109460577704735,42.9,1.1,,A,"Andrew, Div of CommScope",HX8-7W,G,,,4.3,-60.76,-86.0,FROGMORE (495 BEACH LANE) ON,CFW865,010070232-005,Backhaul Network Services Inc.,2024-02-02,False,False,0.0,30.0
RX,7860.0,30.0,27400.0,27M4D7W,4096-QAM,True,1.25|10|30,A,L,B,44.76416667,-77.61611111,310.0,67.0,122.0,334.909123174623,0.0989226696148895,42.9,1.1,,A,"Andrew, Div of CommScope",USX8-7W,G,,,1.3,-63.09,-87.5,MADOC (20100 HWY 62) ON,CHX391,010968454-002,Backhaul Network Services Inc.,2023-07-24,False,False,0.0,30.0
RX,7860.0,30.0,27400.0,27M4D7W,4096-QAM,True,1.25|10|30,A,L,B,44.56416667,-79.19111111,233.0,68.2,100.0,61.465553252194,0.051062087364724,42.9,1.1,,A,"Andrew, Div of CommScope",HX8-7W,G,,,1.3,-61.43,-87.5,Brechin (2309 Conc Rd 6) ON,CJL854,010968457-002,Backhaul Network Services Inc.,2023-07-18,False,False,0.0,30.0
RX,7860.0,30.0,27400.0,27M4D7W,512-QAM,True,1.25|10|30,A,L,B,44.84516667,-76.54394444,210.0,50.0,93.0,87.6793319032617,-0.254259829083862,40.6,1.5,,A,"Andrew, Div of CommScope",USX6-7W,G,,,4.3,-66.92,-95.0,MABERLY (472 MABERLY ELPHIN ROAD),CHQ283,011001735-002,Backhaul Network Services Inc.,2023-07-10,False,False,0.0,30.0
RX,7860.0,30.0,27400.0,27M4D7W,4096-QAM,True,1.25|10|30,A,L,B,45.81875,-77.15433333,150.0,65.0,107.0,167.884743258258,-0.0242509851484469,42.9,1.1,,A,"Andrew, Div of CommScope",USX8-7W,G,,,1.3,-62.87,-87.5,Pembroke (219 TV Tower Rd) ON,VAD404,010968504-002,Backhaul Network Services Inc.,2023-05-17,False,False,0.0,30.0
RX,7860.0,30.0,30000.0,30M0D7W,1024-QAM,True,1.25|10|30,A,L,B,43.88672222,-77.19830556,95.0,45.0,75.0,299.119419041557,-0.0387796763684862,41.0,1.2,,A,"Andrew, Div of CommScope",UHX6-77,G,,,4.3,-70.0,-92.0,CHERRY VALLEY (1259 COUNTY RD 18) ON,CHO233,010947346-002,Backhaul Network Services Inc.,2023-01-15,False,False,0.0,30.0
RX,7860.0,30.0,27400.0,27M4D7W,4096-QAM,True,1.25|10|30,A,L,B,44.19055556,-77.36111111,95.0,43.0,50.0,161.22782237866,0.0768491424498787,40.6,1.5,,A,"Andrew, Div of CommScope",USX6-7W,G,,,4.8,-67.2,-86.0,Belleville (155 Jamieson Bone Rd.) ON,CGM879,010917483-001,Rogers Communications Canada Inc.,2022-02-08,False,False,0.0,30.0
RX,7860.0,30.0,27400.0,27M4D7W,4096-QAM,True,1.25|10|30,A,L,B,44.59380556,-75.72816667,123.0,48.5,61.0,219.764956244125,-0.0911562248865209,40.6,1.5,,A,"Andrew, Div of CommScope",USX6-7W,G,,,4.8,-68.6,-86.0,BROCKVILLE (2566 CHEMICAL RD) ON,XKX900,010030847-006,Backhaul Network Services Inc.,2022-02-18,False,False,0.0,30.0
RX,7860.0,30.0,27400.0,27M4D7W,1024-QAM,True,1.25|10|30,A,L,B,44.58783611,-78.16448333,289.0,65.0,106.0,259.288869175454,-0.0176071660384075,41.0,1.2,,A,"Andrew, Div of CommScope",UHX6-77,G,,,4.3,-64.22,-93.5,HARCOURT (5914 HWY 28) ON,VAD497,010031741-006,Backhaul Network Services Inc.,2022-09-01,False,False,0.0,30.0
RX,7860.0,30.0,27400.0,27M4D7W,4096-QAM,True,1.25|10|30,A,L,B,44.28805556,-76.63111111,120.0,66.5,80.0,89.111201143837,-0.0876939659908899,40.6,1.5,,A,"Andrew, Div of CommScope",USX6-7W,G,,,4.8,-68.0,-86.0,KINGSTON (3650 SMITH ROAD) ON,VEA914,010094960-007,Backhaul Network Services Inc.,2022-02-11,False,False,0.0,30.0
RX,7860.0,30.0,27400.0,27M4D7W,4096-QAM,True,1.25|10|30,A,L,B,45.50916667,-74.66138889,114.0,78.0,91.0,277.765800632574,-0.220975375253545,43.5,1.0,,A,"Andrew, Div of CommScope",UHX8-77GD,G,,,4.8,-68.0,-86.0,Vankleek Hill (6414 HWY 34) ON,XKU533,010031393-005,Backhaul Network Services Inc.,2022-02-14,False,False,0.0,30.0
RX,7860.0,30.0,27400.0,27M4D7W,4096-QAM,True,1.25|10|30,A,L,B,42.772025,-81.00161111,13.0,34.0,45.0,244.925536960716,0.173162222367835,41.0,1.2,,A,"Andrew, Div of CommScope",UHX6-77,G,,,4.8,-67.75,-86.0,AYLMER (48371 TALBOT LINE) ON,CFR479,010773820-003,Backhaul Network Services Inc.,2022-03-30,False,False,0.0,30.0
RX,7860.0,30.0,30000.0,30M0D1D,16-QAM,True,1.25|10|30,B,,B,43.45472222,-79.68222222,99.0,25.0,25.5,48.6077697989728,0.416573583261257,41.0,1.2,,A,"Andrew, Div of CommScope",UHX6-77,B,,,3.7,-69.44,-112.0,Oakville (155 Cornwall Rd) ON,CFV893,010701789-002,Metrolinx,2018-07-01,False,False,0.0,30.0
RX,7860.0,30.0,27400.0,27M4D7W,4096-QAM,True,1.25|10|30,A,L,B,44.42972222,-76.49694444,146.0,75.0,85.0,161.878646535692,-0.276089146633819,43.4,1.4,,A,"Andrew, Div of CommScope",HPX8-77,G,,,4.8,-68.0,-86.0,SOUTH FRONTENAC (1100 RUTILEGE RD) ON,CFI227,010687795-003,Rogers Communications Canada Inc.,2022-02-14,False,False,0.0,30.0
RX,7860.0,30.0,27400.0,27M4D7W,4096-QAM,True,1.25|10|30,A,L,B,45.13097222,-76.18352778,147.0,86.0,127.0,205.128438136091,-0.115293403215513,43.5,1.0,,A,"Andrew, Div of CommScope",UHX8-77GD,G,,,4.8,-68.0,-86.0,Carleton Place (174 Ramsay Concession 5A) ON,XJV292,010031647-005,Backhaul Network Services Inc.,2021-11-16,False,False,0.0,30.0
RX,7860.0,30.0,30000.0,30M0D7WET,256-QAM,True,1.25|10|30,A,,B,45.46361111,-75.16388889,50.0,81.0,91.0,246.950123591279,-0.0996219775996404,44.9,1.0,,A,"Andrew, Div of CommScope",HPX10-71W,A,,,2.3,-59.82,-99.0,BOURGET (2333 LALONDE RD) ON,XKU532,010030807-006,Backhaul Network Services Inc.,2018-04-20,False,False,0.0,30.0
RX,7860.0,30.0,27400.0,27M4D7W,4096-QAM,True,1.25|10|30,A,L,B,45.43386111,-78.98941667,434.0,66.5,85.0,236.546038859085,-0.275306390352803,41.1,1.6,,A,RFS (Celwave/Cablewave/Phelps Dodge),UXA6-78B,G,,,4.8,-69.9,-86.0,OXBOW BEACH (LIMBERLOST RD.)  ON,VYB202,010072263-004,Backhaul Network Services Inc.,2022-06-30,False,False,0.0,30.0
RX,7860.0,30.0,30000.0,30M0D7WET,512-QAM,True,1.25|10|30,A,,B,44.32888889,-78.29972222,244.0,81.0,100.0,82.0196829652356,-0.141816681901087,41.0,1.2,,A,"Andrew, Div of CommScope",UHX6-77,A,,,1.3,-66.0,-94.5,PETERBOROUGH (1925 TELEVISIONRD)ON,XKU584,010076496-004,Backhaul Network Services Inc.,2018-05-30,False,False,0.0,30.0
RX,7860.0,30.0,27400.0,27M4D7W,4096-QAM,True,1.25|10|30,A,L,B,42.31671111,-82.02266667,201.0,49.0,76.0,78.0165526600874,-0.085036924577167,43.5,1.0,,A,"Andrew, Div of CommScope",UHX8-77GD,G,,,4.8,-67.87,-86.0,BLENHEIM (19712 LAGOON RD) ON,VEA431,010032945-005,Backhaul Network Services Inc.,2022-03-01,False,False,0.0,30.0
RX,7860.0,30.0,27400.0,27M4D7W,4096-QAM,True,1.25|10|30,A,L,B,44.86525,-79.32636111,260.0,50.0,66.0,42.529479187279,0.234160338931916,40.6,1.5,,A,"Andrew, Div of CommScope",USX6-7W,G,,,4.8,-68.8,-86.0,GRAVENHURST (HWY11 / BEIERS RD) ON,XKX939,010069515-005,Backhaul Network Services Inc.,2023-10-26,False,False,0.0,30.0
RX,7860.0,30.0,27400.0,27M4D7W,4096-QAM,True,1.25|10|30,A,L,B,45.40536111,-79.79313889,289.0,80.0,100.0,246.625776013328,-0.309622348346103,41.0,1.2,,A,"Andrew, Div of CommScope",UHX6-77GE,G,,,4.8,-68.0,-86.0,Orrville (704 Blackwater Lake Rd) ON,VYA281,010068730-003,Backhaul Network Services Inc.,2022-07-19,False,False,0.0,30.0
RX,7860.0,30.0,27400.0,27M4D7W,1024-QAM,True,1.25|10|30,A,L,B,43.42625,-81.48597222,287.0,40.0,100.0,223.240679213561,-0.1782706606394,41.0,1.2,,A,"Andrew, Div of CommScope",UHX6-77,A,,,0.8,-60.0,-93.5,Hensall (72540 London Rd) ON,CFW788,010067909-005,Backhaul Network Services Inc.,2020-08-01,False,False,0.0,30.0
RX,7860.0,30.0,27400.0,27M4D7W,4096-QAM,True,1.25|10|30,A,L,B,45.57066667,-75.21666667,60.0,33.0,100.0,62.1970567277329,0.350949768582925,43.5,1.0,,A,"Andrew, Div of CommScope",UHX8-77GD,G,,,4.8,-68.12,-86.0,"Clarence-Rockland, ON (8132 County Road 17)",VEL799,010043499-006,Backhaul Network Services Inc.,2025-11-21,False,False,0.0,30.0
RX,7860.0,30.0,27500.0,27M5D7WET,64-QAM,True,1.25|10|30,A,,B,45.47083333,-76.10111111,86.0,80.0,90.0,134.2,-0.183,43.6,1.2,,A,RFS (Celwave/Cablewave/Phelps Dodge),UXA8-78A,B,,,4.5,-67.7,-105.0,KILMAURS (ON0727) ON,CIJ662,010037257-001,TELUS Communications Inc.,2014-01-29,False,False,0.0,30.0
RX,7860.0,30.0,27500.0,27M5D7W,64-QAM,True,1.25|10|30,A,,B,42.27636111,-82.80433333,182.0,38.0,48.0,152.6,0.01,41.1,1.6,,A,RFS (Celwave/Cablewave/Phelps Dodge),UXA6-78B,G,,,4.5,-67.6,-103.0,Puce (735 CR-42) ON,CIH534,010037143-004,TELUS Communications Inc.,2020-01-01,False,False,0.0,30.0
RX,7860.0,30.0,27500.0,27M5D7WET,64-QAM,True,1.25|10|30,A,,B,45.80611111,-77.09527778,151.0,86.0,90.0,142.1,-0.093,43.6,1.2,,A,RFS (Celwave/Cablewave/Phelps Dodge),UXA8-78A,B,,,4.5,-67.5,-105.0,PEMBROKE (ON0875) ON,CFW899,010036869-001,TELUS Communications Inc.,2014-01-23,False,False,0.0,30.0
RX,7860.0,30.0,30000.0,30M0D7WET,256-QAM,True,1.25|10|30,A,,B,49.05222222,-90.49,487.0,90.0,100.0,200.359629982486,-0.167264464008018,45.4,1.0,,A,RFS (Celwave/Cablewave/Phelps Dodge),DA10-77A,B,,,9.3,-71.6,-96.0,UPSALA ON,CIO380,010036401-002,TBAYtel - Fixed,2018-03-19,False,False,0.0,30.0
RX,7860.0,30.0,27400.0,27M4D7W,4096-QAM,True,1.25|10|30,A,L,B,42.55995833,-82.19573333,182.0,49.5,89.0,191.456567875038,-0.107212244645617,42.9,1.2,,A,"Andrew, Div of CommScope",HPX8-71W,G,,,4.8,-67.0,-86.0,DRESDEN (25838 LINDSAY RD) ON,VEM267,010033213-006,Backhaul Network Services Inc.,2022-03-11,False,False,0.0,30.0
RX,7860.0,30.0,30000.0,30M0D7WET,256-QAM,True,1.25|10|30,A,L,B,46.96111111,-79.77055556,390.0,58.0,109.0,187.210961858493,-0.255519205763351,43.4,1.4,,A,"Andrew, Div of CommScope",HPX8-77,B,,,1.4,-64.0,-96.0,"TEMAGAMI (HWY11 / WILSON LAKE RD),5373 HWY 11,ON",CYF221,010031905-005,Backhaul Network Services Inc.,2021-02-26,False,False,0.0,30.0
RX,7860.0,30.0,27400.0,27M4D7W,4096-QAM,True,1.25|10|30,A,L,B,45.81872222,-77.15435833,150.0,96.1,107.0,314.654813247257,-0.139369315979368,42.9,1.2,,A,"Andrew, Div of CommScope",HPX8-71W,G,,,4.8,-67.2,-86.0,PEMBROKE (219 TV TOWER RD) ON,VAD404,010031777-006,Backhaul Network Services Inc.,2022-09-30,False,False,0.0,30.0
RX,7860.0,30.0,27400.0,27M4D7W,4096-QAM,True,1.25|10|30,A,M,A,42.11666667,-83.10472222,183.0,43.0,52.0,41.0375910649993,-0.0528120097640637,43.5,1.0,,A,"Andrew, Div of CommScope",UHX8-77GD,G,,,4.5,-65.49,-86.0,AMHERSTBURG (LOT 4 CONC 1) ON,VAD433,010031697-004,Backhaul Network Services Inc.,2023-01-16,False,False,0.0,30.0
RX,7860.0,30.0,27400.0,27M4D7W,4096-QAM,True,1.25|10|30,A,L,B,45.06219444,-74.74536111,55.0,76.5,122.0,319.400429180587,0.0543090317339151,43.5,1.0,,A,"Andrew, Div of CommScope",UHX8-77GD,G,,,4.3,-65.0,-86.0,CORNWALL(MCCONNELL AVE/ HWY 401) ON,XKX903,010031545-005,Backhaul Network Services Inc.,2024-03-18,False,False,0.0,30.0
RX,7860.0,30.0,27400.0,27M4D7W,1024-QAM,True,1.25|10|30,A,,B,42.27830556,-82.37788889,177.0,30.0,60.0,129.271257873784,0.150918192243452,42.9,1.2,,A,"Andrew, Div of CommScope",HPX8-71W,G,,,1.3,-67.0,-93.5,Tilbury (4241 Queen's Line) ON,VDE899,010031381-003,Rogers Communications Canada Inc.,2019-07-08,False,False,0.0,30.0
RX,7860.0,30.0,30000.0,30M0D7WET,64-QAM,True,1.25|10|30,A,,B,42.05194444,-82.73666667,193.0,38.0,50.0,106.858913819021,-0.034731183734194,43.5,1.0,,A,"Andrew, Div of CommScope",UHX8-77GD,A,,,3.9,-55.5,-101.0,KINGSVILLE (HWY29/CON. RD 2 E) ON,VEA876,010030953-005,Backhaul Network Services Inc.,2015-12-31,False,False,0.0,30.0
RX,7860.0,30.0,30000.0,30M0D7WET,64-QAM,True,1.25|10|30,A,M,A,45.33916667,-75.90388889,81.0,74.0,79.0,287.495296660991,-0.0102992999831353,42.9,1.2,,A,"Andrew, Div of CommScope",HPX8-71W,A,,,0.8,-68.0,-103.5,KANATA (306 LEGGET DR) ON,XJV283,010030935-006,Backhaul Network Services Inc.,2020-09-25,False,False,0.0,30.0
RX,7860.0,30.0,30000.0,30M0D7WET,256-QAM,True,1.25|10|30,A,,B,42.29722222,-82.74222222,176.0,58.0,60.0,197.7,-0.07,43.5,1.0,,A,"Andrew, Div of CommScope",UHX8-77GD,G,,,2.3,-70.0,-96.0,EMERYVILLE (1408 CR-22) ON,VBE661,010030777-005,Backhaul Network Services Inc.,2018-08-04,False,False,0.0,30.0
RX,7860.0,30.0,30000.0,30M0D7WET,128-QAM,True,1.25|10|30,A,,B,42.04222222,-82.62305556,206.0,30.0,39.0,190.0,-0.148,41.1,1.6,,A,RFS (Celwave/Cablewave/Phelps Dodge),UXA6-78B,A,,,5.3,-69.0,-101.0,LEAMINGTON (67 FRASER RD) ON,CGC266,010030659-001,Bell Canada - Wireless Mgmt Office,2012-11-01,False,False,0.0,30.0
RX,7840.0,10.0,10000.0,10M0D7WET,16-QAM,True,1.25|10,A,,B,45.88444444,-77.285,151.0,42.0,48.0,325.0,0.045,40.8,2.0,,A,"Andrew, Div of CommScope",HP6-77,B,,,0.0,-70.6,-114.5,PETAWAWA (ON0876) ON,CFW933,010037741-001,TELUS Communications Inc.,2014-04-01,False,False,0.0,10.0
RX,7830.0,30.0,27400.0,27M4D7W,4096-QAM,True,1.25|10|30,A,L,B,44.98700556,-78.09309167,462.0,55.75,106.0,112.72395367237,-0.285636568206154,42.9,1.1,,A,"Andrew, Div of CommScope",USX8-7W,G,,,1.3,-66.69,-86.5,PAUDASH LAKE (1165 GANDER ROAD) ON,CIZ223,011126482-001,Backhaul Network Services Inc.,2026-05-01,False,False,0.0,30.0
RX,7830.0,30.0,27400.0,27M4D7W,4096-QAM,True,1.25|10|30,A,L,B,45.2945,-79.09411111,395.0,58.0,80.0,272.286103981028,-0.264066334022627,40.6,1.5,,A,"Andrew, Div of CommScope",USX6-7W,G,,,1.3,-68.21,-87.5,Britannia (Britannia Rd / South Portage Rd) ON,CKY207,010069535-005,Backhaul Network Services Inc.,2025-04-23,False,False,0.0,30.0
RX,7830.0,30.0,27400.0,27M4D7W,4096-QAM,True,1.25|10|30,A,L,B,44.46861389,-81.36946667,200.0,72.0,104.5,201.363281523714,0.0330881105078355,42.9,1.1,,A,"Andrew, Div of CommScope",USX8-7W,G,,,1.3,-62.96,-86.0,"PORT ELGIN(PART LOT 57,58 AND 59, LAKE RANGE, SAUGEEN T) ON",CHY670,011067078-002,Backhaul Network Services Inc.,2025-01-24,False,False,0.0,30.0
RX,7830.0,30.0,27400.0,27M4D7W,4096-QAM,True,1.25|10|30,A,L,B,44.88513889,-76.22838889,140.0,65.0,100.0,18.7290633404464,-0.092134362875242,40.6,1.5,,A,"Andrew, Div of CommScope",USX6-7W,G,,,0.8,-66.72,-87.5,PERTH (2816 RIDEAU FERRY ROAD) ON,VEM607,011037686-002,Backhaul Network Services Inc.,2025-01-17,False,False,0.0,30.0
RX,7830.0,30.0,27400.0,27M4D7W,4096-QAM,True,1.25|10|30,A,L,B,44.90611111,-76.57277778,230.0,50.5,90.0,110.870586602974,-0.249463594095729,40.6,1.5,,A,"Andrew, Div of CommScope",USX6-7W,G,,,1.3,-65.78,-87.5,Lanark (Highland Line & Concession Rd 2) ON,CHW957,011020853-002,Backhaul Network Services Inc.,2024-11-08,False,False,0.0,30.0
RX,7830.0,30.0,27400.0,27M4D7W,4096-QAM,True,1.25|10|30,A,L,B,44.747,-75.98783333,125.0,59.0,91.5,11.9605011480385,-0.102427926775265,42.9,1.1,,A,"Andrew, Div of CommScope",USX8-7W,G,,,1.3,-61.8,-87.5,Toledo (416 CR-29) ON,CHL596,011021463-002,Backhaul Network Services Inc.,2024-06-03,False,False,0.0,30.0
RX,7830.0,30.0,27400.0,27M4D7W,4096-QAM,True,1.25|10|30,A,L,B,44.58783333,-78.16455556,291.0,75.5,107.0,41.2194522328252,-0.0582428298053077,42.9,1.1,,A,"Andrew, Div of CommScope",USX8-7W,G,,,1.3,-64.3,-87.5,HARCOURT (5914 HWY 28) ON,VAD497,010999508-002,Backhaul Network Services Inc.,2023-12-08,False,False,0.0,30.0
RX,7830.0,30.0,27400.0,27M4D7W,4096-QAM,True,1.25|10|30,A,L,B,44.86525,-79.32636111,260.0,50.0,66.0,42.529479187279,0.234160338931916,40.6,1.5,,A,"Andrew, Div of CommScope",USX6-7W,G,,,4.8,-68.8,-86.0,GRAVENHURST (HWY11 / BEIERS RD) ON,XKX939,010069515-005,Backhaul Network Services Inc.,2023-10-26,False,False,0.0,30.0
RX,7830.0,30.0,27400.0,27M4D7W,4096-QAM,True,1.25|10|30,A,L,B,44.56416667,-79.19111111,233.0,68.2,100.0,61.465553252194,0.051062087364724,42.9,1.1,,A,"Andrew, Div of CommScope",HX8-7W,G,,,1.3,-61.43,-87.5,Brechin (2309 Conc Rd 6) ON,CJL854,010968457-002,Backhaul Network Services Inc.,2023-07-18,False,False,0.0,30.0
RX,7830.0,30.0,27400.0,27M4D7W,4096-QAM,True,1.25|10|30,A,L,B,44.25242222,-77.99722222,276.0,62.0,105.0,105.4505718367,-0.555821613664379,40.6,1.5,,A,"Andrew, Div of CommScope",USX6-7W,G,,,1.3,-68.56,-87.5,HASTINGS (9TH CONC RD W/HWY 45) ON,CJL826,010031137-004,Backhaul Network Services Inc.,2023-07-31,False,False,0.0,30.0
RX,7830.0,30.0,30000.0,30M0D7W,1024-QAM,True,1.25|10|30,A,L,B,43.88672222,-77.19830556,95.0,45.0,75.0,299.119419041557,-0.0387796763684862,41.0,1.2,,A,"Andrew, Div of CommScope",UHX6-77,G,,,4.3,-70.0,-92.0,CHERRY VALLEY (1259 COUNTY RD 18) ON,CHO233,010947346-002,Backhaul Network Services Inc.,2023-01-15,False,False,0.0,30.0
RX,7830.0,30.0,27400.0,27M4D7W,4096-QAM,True,1.25|10|30,A,L,B,45.39888889,-76.60944444,216.0,72.0,92.0,146.848106309516,-0.185035959155886,42.9,1.1,,A,"Andrew, Div of CommScope",USX8-7W,G,,,4.3,-70.0,-86.0,"Burnstown (2195-B, HWY-52, LOT 21, McNab) ON",CGB826,010860386-002,Backhaul Network Services Inc.,2022-10-05,False,False,0.0,30.0
RX,7830.0,30.0,27400.0,27M4D7W,4096-QAM,True,1.25|10|30,A,L,B,44.93643611,-75.14688056,85.0,82.6,91.0,57.3688436961452,-0.193200419199578,43.5,1.0,,A,"Andrew, Div of CommScope",UHX8-77GD,G,,,4.8,-68.05,-86.0,MORRISBURG (HWY 401 / HWY 8) ON,XKX902,010031879-004,Backhaul Network Services Inc.,2022-04-01,False,False,0.0,30.0
RX,7830.0,30.0,27400.0,27M4D7W,4096-QAM,True,1.25|10|30,A,M,A,45.45513889,-75.58541667,53.0,28.0,40.0,35.3280697104253,0.365874654496846,41.0,1.2,,A,"Andrew, Div of CommScope",UHX6-77,G,,,4.8,-68.0,-86.0,"Ottawa, ON (5345 Canotek Road)",VEA992,010032153-003,Rogers Communications Canada Inc.,2022-03-31,False,False,0.0,30.0
RX,7830.0,30.0,27400.0,27M4D7W,4096-QAM,True,1.25|10|30,A,L,B,42.31671111,-82.02266667,201.0,49.0,76.0,78.0165526600874,-0.085036924577167,43.5,1.0,,A,"Andrew, Div of CommScope",UHX8-77GD,G,,,4.8,-67.87,-86.0,BLENHEIM (19712 LAGOON RD) ON,VEA431,010032945-005,Backhaul Network Services Inc.,2022-03-01,False,False,0.0,30.0
RX,7830.0,30.0,27400.0,27M4D7W,4096-QAM,True,1.25|10|30,A,L,B,44.19055556,-77.36111111,95.0,43.0,50.0,161.22782237866,0.0768491424498787,40.6,1.5,,A,"Andrew, Div of CommScope",USX6-7W,G,,,4.8,-67.2,-86.0,Belleville (155 Jamieson Bone Rd.) ON,CGM879,010917483-001,Rogers Communications Canada Inc.,2022-02-08,False,False,0.0,30.0
RX,7830.0,30.0,27400.0,27M4D7W,4096-QAM,True,1.25|10|30,A,,B,45.27944444,-79.76833333,270.0,79.3,107.0,190.117601368189,-0.102087761761644,41.0,1.2,,A,"Andrew, Div of CommScope",UHX6-77,G,,,4.8,-68.0,-86.0,HUMPHREY (357 HWY 141) ON,VBE645,010069315-003,Backhaul Network Services Inc.,2022-03-31,False,False,0.0,30.0
RX,7830.0,30.0,30000.0,30M0D7W,1024-QAM,True,1.25|10|30,A,M,A,42.92694444,-79.32638889,176.0,73.0,79.0,133.848950146284,-0.287661040606338,41.0,1.2,,A,"Andrew, Div of CommScope",UHX6-77,G,,,4.8,-69.64,-92.0,Wainfleet (37345 WILSON RD),XKU549,010743646-003,Backhaul Network Services Inc.,2021-11-27,False,False,0.0,30.0
RX,7830.0,30.0,27400.0,27M4D7W,4096-QAM,True,1.25|10|30,A,L,B,44.21589167,-77.38117222,101.0,71.0,91.4,4.06358938879545,0.112783675190181,40.6,1.5,,A,"Andrew, Div of CommScope",USX6-7W,G,,,1.3,-65.71,-87.5,BELLEVILLE (86B SHORT ST) ON,XKU593,010031087-006,Backhaul Network Services Inc.,2025-11-07,False,False,0.0,30.0
RX,7830.0,30.0,27400.0,27M4D7W,1024-QAM,True,1.25|10|30,A,L,B,43.42625,-81.48597222,287.0,40.0,100.0,223.240679213561,-0.1782706606394,41.0,1.2,,A,"Andrew, Div of CommScope",UHX6-77,B,,,0.8,-60.0,-93.5,Hensall (72540 London Rd) ON,CFW788,010067909-005,Backhaul Network Services Inc.,2020-08-01,False,False,0.0,30.0
RX,7830.0,30.0,30000.0,30M0D7WET,64-QAM,True,1.25|10|30,A,L,B,45.53833333,-79.92138889,259.0,86.0,106.0,196.899901342959,-0.182115598277936,41.0,1.2,,A,"Andrew, Div of CommScope",UHX6-77,B,,,4.3,-68.0,-103.5,MCKELLAR (897 HWY 124) ON,VFE961,010069429-004,Backhaul Network Services Inc.,2020-07-01,False,False,0.0,30.0
RX,7830.0,30.0,27400.0,27M4D7W,4096-QAM,True,1.25|10|30,A,L,B,45.06219444,-74.74536111,55.0,76.5,122.0,319.400429180587,0.0543090317339151,43.5,1.0,,A,"Andrew, Div of CommScope",UHX8-77GD,G,,,4.3,-65.0,-86.0,CORNWALL(MCCONNELL AVE/ HWY 401) ON,XKX903,010031545-005,Backhaul Network Services Inc.,2024-03-18,False,False,0.0,30.0
RX,7830.0,30.0,27300.0,27M3D7WET,512-QAM,True,1.25|10|30,A,,B,44.77177778,-79.99091667,310.0,42.0,78.0,108.830678917555,-0.492180469764489,41.0,1.2,,A,"Andrew, Div of CommScope",UHX6-77GE,B,,,2.3,-70.0,-90.0,Penetanguishene (318 Concession Rd 15 E) ON,XKX923,010069391-004,Backhaul Network Services Inc.,2018-08-01,False,False,0.0,30.0
RX,7830.0,30.0,30000.0,30M0D7WET,512-QAM,True,1.25|10|30,A,,B,44.32888889,-78.29972222,244.0,94.5,100.0,82.0196829652356,-0.14321604949206,41.0,1.2,,A,"Andrew, Div of CommScope",UHX6-77,B,,,1.3,-66.0,-94.5,PETERBOROUGH (1925 TELEVISIONRD)ON,XKU584,010076496-004,Backhaul Network Services Inc.,2018-05-30,False,False,0.0,30.0
RX,7830.0,30.0,27400.0,27M4D7W,4096-QAM,True,1.25|10|30,A,L,B,42.86325,-79.80602778,193.0,63.0,91.0,297.784960840924,0.0128636747862799,41.0,1.2,,A,"Andrew, Div of CommScope",UHX6-77,G,,,4.3,-63.86,-86.0,Sweets Corners (345 Sweets Corners Rd) ON,VYB415,010097807-004,Backhaul Network Services Inc.,2022-12-07,False,False,0.0,30.0
RX,7830.0,30.0,27400.0,27M4D7W,4096-QAM,True,1.25|10|30,A,L,B,44.86777778,-79.595,218.0,86.5,173.0,67.5344157325748,0.00098040909234807,40.6,1.5,,A,"Andrew, Div of CommScope",USX6-7W,G,,,4.8,-67.75,-86.0,SEVERN FALLS (1879 TAMARACK LN) ON,CKO713,010074283-004,Backhaul Network Services Inc.,2022-03-24,False,False,0.0,30.0
RX,7830.0,30.0,27400.0,27M4D7W,4096-QAM,True,1.25|10|30,A,L,B,42.67111111,-80.66722222,208.0,73.0,100.0,106.955453603527,-0.109460577704735,42.9,1.1,,A,"Andrew, Div of CommScope",HX8-7W,G,,,4.3,-60.76,-86.0,FROGMORE (495 BEACH LANE) ON,CFW865,010070232-005,Backhaul Network Services Inc.,2024-02-02,False,False,0.0,30.0
RX,7830.0,30.0,27400.0,27M4D7W,4096-QAM,True,1.25|10|30,A,L,B,44.86533333,-79.32636111,260.0,43.0,66.0,180.735809484442,-0.0520119687376317,43.5,1.0,,A,"Andrew, Div of CommScope",UHX8-77GD,G,,,4.8,-66.11,-86.0,Gravenhurst (1016 Beiers Rd) ON,XKX939,010069273-006,Backhaul Network Services Inc.,2024-11-22,False,False,0.0,30.0
RX,7830.0,30.0,27400.0,27M4D7W,4096-QAM,True,1.25|10|30,A,L,B,43.00549167,-80.6464,278.0,58.0,95.0,185.996723920945,-0.1876341279715,40.6,1.5,,A,"Andrew, Div of CommScope",USX6-7W,G,,,4.8,-68.0,-86.0,NORWICH (713516 MIDDLETOWN LINE) ON,VYB475,010068782-004,Rogers Communications Canada Inc.,2022-03-31,False,False,0.0,30.0
RX,7830.0,30.0,27500.0,27M5D7WET,128-QAM,True,1.25|10|30,A,,B,44.14580556,-79.83725,227.0,80.0,90.0,341.923,-0.166,41.1,1.6,,A,RFS (Celwave/Cablewave/Phelps Dodge),UXA6-78B,G,,,4.48,-67.72,-101.0,Alliston (4697 Industrial Pkwy) ON,CIN540,010068395-003,TELUS Communications Inc.,2015-04-01,False,False,0.0,30.0
RX,7830.0,30.0,30000.0,30M0D7WET,64-QAM,True,1.25|10|30,A,L,B,41.81608333,-82.63583333,173.0,45.0,45.0,355.284209550151,-0.00347851083444218,40.8,2.0,,A,"Andrew, Div of CommScope",HP6-77,B,,,10.5,-68.73,-109.0,Scudder (218 Harris Garno Rd) ON,CIN867,010037585-004,TELUS Communications Inc.,2020-10-19,False,False,0.0,30.0
RX,7830.0,30.0,27500.0,27M5D7WET,64-QAM,True,1.25|10|30,A,,B,45.47083333,-76.10111111,86.0,60.0,90.0,260.1,-0.013,43.6,1.2,,A,RFS (Celwave/Cablewave/Phelps Dodge),UXA8-78A,B,,,4.5,-67.5,-105.0,KILMAURS (ON0727) ON,CIJ662,010037235-001,TELUS Communications Inc.,2013-02-07,False,False,0.0,30.0
RX,7830.0,30.0,30000.0,30M0D7W,128-QAM,True,1.25|10|30,A,,B,50.13305556,-93.24277778,449.0,66.0,91.0,203.82256329008,-0.126729508327355,45.3,1.0,,A,"Andrew, Div of CommScope",HPX10-77,B,,,1.7,-61.6,-98.0,"Camp Robinson (Camp Robinson Road/Hwy 105), ON",VFF547,010036471-002,TBAYtel - Fixed,2019-10-01,False,False,0.0,30.0
RX,7830.0,30.0,30000.0,30M0D7W,128-QAM,True,1.25|10|30,A,,B,50.13305556,-93.24277778,449.0,62.8,91.0,12.9765119142073,-0.207839480630604,43.4,1.4,,A,"Andrew, Div of CommScope",HPX8-77,B,,,1.7,-72.0,-98.0,"Camp Robinson (Camp Robinson Road/Hwy 105), ON",VFF547,010036469-002,TBAYtel - Fixed,2019-10-01,False,False,0.0,30.0
RX,7830.0,30.0,30000.0,30M0D7W,128-QAM,True,1.25|10|30,A,,B,50.64111111,-93.23194444,370.0,84.6,107.0,315.703337966438,-0.0684611430073726,45.3,1.0,,A,"Andrew, Div of CommScope",HPX10-77,B,,,1.7,-72.0,-98.0,"Ear Falls (John St/Nicholas Ave) Ear Falls, ON",VFF546,010036467-002,TBAYtel - Fixed,2019-10-01,False,False,0.0,30.0
RX,7830.0,30.0,30000.0,30M0D7W,128-QAM,True,1.25|10|30,A,,B,50.64111111,-93.23194444,370.0,84.2,107.0,173.523123847101,-0.0621946995525482,45.3,1.0,,A,"Andrew, Div of CommScope",HPX10-77,B,,,1.7,-72.0,-98.0,"Ear Falls (John St/Nicholas Ave) Ear Falls, ON",VFF546,010036465-002,TBAYtel - Fixed,2019-10-01,False,False,0.0,30.0
RX,7830.0,30.0,30000.0,30M0D7W,128-QAM,True,1.25|10|30,A,,B,50.99116667,-93.78625,397.0,45.1,107.0,133.46222180361,-0.00601931455375682,40.7,1.6,,A,"Andrew, Div of CommScope",HPX6-77,B,,,1.7,-72.0,-98.0,Red Lake (ON105/ON125) ON,VFF544,010036463-002,TBAYtel - Fixed,2019-10-01,False,False,0.0,30.0
RX,7830.0,30.0,30000.0,30M0D7WET,128-QAM,True,1.25|10|30,A,,B,49.39916667,-94.07777778,341.0,78.0,100.0,343.875213886115,-0.025786156447927,41.1,1.6,,A,RFS (Celwave/Cablewave/Phelps Dodge),DAX6-78B,B,,,4.4,-67.8,-101.0,"SIOUX NARROWS HWY 71/TOMAHAWK RD,ON",VEM910,010036369-002,TBAYtel - Fixed,2018-03-13,False,False,0.0,30.0
RX,7830.0,30.0,28000.0,28M0D7WET,128-QAM,True,1.25|10|30,A,,B,49.39916667,-94.07777778,341.0,40.4,100.0,163.141430660223,0.186989884377103,41.1,1.6,,A,RFS (Celwave/Cablewave/Phelps Dodge),DAX6-78B,A,,,4.92,-71.1,-102.0,Sioux Narrows (Hwy 71/Tomahawk Rd) ON,VEM910,010036367-002,TBAYtel - Fixed,2018-08-06,False,False,0.0,30.0
RX,7830.0,30.0,28000.0,28M0D7WET,128-QAM,True,1.25|10|30,A,,B,48.93555556,-93.81111111,390.0,70.1,90.0,337.49030245559,-0.127931034773904,43.6,1.2,,A,RFS (Celwave/Cablewave/Phelps Dodge),DAX8-78A,A,,,5.9,-70.9,-102.0,Burditt Lake (402 Dump Rd/Hwy 615) ON,VEM224,010036361-003,TBAYtel - Fixed,2018-08-29,False,False,0.0,30.0
RX,7830.0,30.0,27400.0,27M4D7W,4096-QAM,True,1.25|10|30,A,L,B,45.50916667,-74.66138889,114.0,78.0,91.0,277.765800632574,-0.220975375253545,43.5,1.0,,A,"Andrew, Div of CommScope",UHX8-77GD,G,,,4.8,-68.0,-86.0,Vankleek Hill (6414 HWY 34) ON,XKU533,010031393-005,Backhaul Network Services Inc.,2022-02-14,False,False,0.0,30.0
RX,7800.0,30.0,27400.0,27M4D7W,4096-QAM,True,1.25|10|30,A,L,B,44.88908333,-78.38766667,382.0,66.0,108.0,11.7428561244993,0.0661509124150566,42.9,1.1,,A,"Andrew, Div of CommScope",USX8-7W,G,,,1.3,-65.47,-87.5,Gooderham (7959 Buckhorn Rd) ON,VEM847,011121074-001,Backhaul Network Services Inc.,2026-06-01,False,False,0.0,15.0
RX,7800.0,30.0,27400.0,27M4D7W,4096-QAM,True,1.25|10|30,A,L,B,47.409625,-79.666825,305.0,78.0,97.5,115.225971381266,-0.288630904321568,40.6,1.5,,A,"Andrew, Div of CommScope",USX6-7W,G,,,1.3,-68.18,-87.5,HAILEYBURY (LOT 1 CONCESSION 9) ON,CIK673,011132326-001,Rogers Communications Canada Inc.,2026-06-01,False,False,0.0,15.0
RX,7800.0,30.0,27400.0,27M4D7W,4096-QAM,True,1.25|10|30,A,L,B,45.16561944,-77.54359444,356.0,80.0,90.0,268.790408035482,0.156465162686468,42.9,1.1,,A,"Andrew, Div of CommScope",USX8-7W,G,,,1.3,-67.02,-87.5,Mcarthurs Mills (514 Lalande Rd) ON,CIZ525,011119474-001,Backhaul Network Services Inc.,2026-05-21,False,False,0.0,15.0
RX,7800.0,30.0,27400.0,27M4D7W,4096-QAM,True,1.25|10|30,A,L,B,44.79541389,-77.83021667,348.0,75.0,90.0,255.339132984873,-0.150066349102016,42.9,1.1,,A,"Andrew, Div of CommScope",USX8-7W,G,,,1.3,-66.91,-87.5,WOLLASTON (2 THE RIDGE RD) ON,CIZ576,011121071-001,Backhaul Network Services Inc.,2026-05-20,False,False,0.0,15.0
RX,7800.0,30.0,27400.0,27M4D7W,4096-QAM,True,1.25|10|30,A,L,B,45.20775278,-77.65833889,390.0,65.0,91.0,208.224316094474,-0.200273655593005,42.9,1.1,,A,"Andrew, Div of CommScope",USX8-7W,G,,,1.3,-66.68,-87.5,Boulter (539 Kuno Rd) ON,CIX848,011120883-001,Backhaul Network Services Inc.,2026-03-07,False,False,0.0,15.0
RX,7800.0,30.0,27400.0,27M4D7W,4096-QAM,True,1.25|10|30,A,L,B,45.36442222,-77.42239722,405.0,80.0,90.0,184.355986446885,-0.205186429857155,42.9,1.1,,A,"Andrew, Div of CommScope",USX8-7W,G,,,1.3,-67.8,-87.5,PALMER RAPIDS (1269 LETTER KENNY RD) ON,CIX272,011120519-001,Backhaul Network Services Inc.,2026-02-27,False,False,0.0,15.0
RX,7800.0,30.0,27400.0,27M4D7W,4096-QAM,True,1.25|10|30,A,L,B,44.88,-77.19780556,325.0,62.5,139.0,359.859949541007,0.243024707295256,42.9,1.1,,A,"Andrew, Div of CommScope",USX8-7W,G,,,1.3,-62.56,-86.5,"CLOYNE (15747 HWY 41, NORTH FRONTENAC) ON",CIX265,011109714-002,Backhaul Network Services Inc.,2025-12-31,False,False,0.0,15.0
RX,7800.0,30.0,27400.0,27M4D7W,4096-QAM,True,1.25|10|30,A,L,B,45.55547222,-77.40455556,179.0,85.0,100.0,276.144585572903,0.292675990040382,42.9,1.1,,A,"Andrew, Div of CommScope",USX8-7W,G,,,1.3,-62.13,-87.5,KILLALOE (171 WATER ST) ON,VFG406,011077478-002,Backhaul Network Services Inc.,2025-12-19,False,False,0.0,15.0
RX,7800.0,30.0,27400.0,27M4D7W,4096-QAM,True,1.25|10|30,A,L,B,48.46166667,-81.32722222,307.0,48.0,60.0,247.292009299605,-0.0324996080215662,40.6,1.5,,A,"Andrew, Div of CommScope",USX6-7W,G,,,1.3,-65.0,-87.5,Timmins (629 Spruce St S) ON,CIV983,011105068-002,Backhaul Network Services Inc.,2025-11-21,False,False,0.0,15.0
RX,7800.0,30.0,27400.0,27M4D7W,4096-QAM,True,1.25|10|30,A,L,B,46.26725,-79.10469444,262.0,92.0,112.0,256.269645090786,-0.225518587969805,43.4,1.4,,A,"Andrew, Div of CommScope",HPX8-77,G,,,4.8,-67.8,-86.0,RUTHERGLEN (150 TROUT POND RD) ON,VEL388,010032291-007,Backhaul Network Services Inc.,2025-11-04,False,False,0.0,15.0
RX,7800.0,30.0,27400.0,27M4D7W,4096-QAM,True,1.25|10|30,A,L,B,43.94277778,-77.22744444,98.0,88.0,100.0,98.6859869295437,-0.210788238894083,42.9,1.1,,A,"Andrew, Div of CommScope",USX8-7W,G,,,1.3,-67.24,-87.5,Athol (1131 CR-12) ON,CIN646,011105571-002,Backhaul Network Services Inc.,2026-01-07,False,False,0.0,15.0
RX,7800.0,30.0,27400.0,27M4D7W,4096-QAM,True,1.25|10|30,A,L,B,45.36919444,-77.32319444,434.0,100.0,104.0,149.352371410755,-0.406428927263159,40.6,1.5,,A,"Andrew, Div of CommScope",USX6-7W,G,,,1.3,-65.61,-87.5,EGANVILLE (1568 QUADEVILLE RD) ON,CIV494,011089983-002,Backhaul Network Services Inc.,2025-10-21,False,False,0.0,15.0
RX,7800.0,30.0,27400.0,27M4D7W,4096-QAM,True,1.25|10|30,A,L,B,43.90001111,-81.31842778,320.0,78.0,100.0,100.372804168677,-0.0356532080656611,42.9,1.1,,A,"Andrew, Div of CommScope",USX8-7W,G,,,1.3,-65.79,-87.5,Wingham (237 Alice St) ON,CHV288,011098528-002,Backhaul Network Services Inc.,2025-08-28,False,False,0.0,15.0
RX,7800.0,30.0,27400.0,27M4D7W,4096-QAM,True,1.25|10|30,A,L,B,45.315,-77.93941667,499.0,70.0,90.0,43.7504460342017,-0.317793473575444,40.6,1.5,,A,"Andrew, Div of CommScope",USX6-7W,G,,,1.3,-68.27,-87.5,"MAYNOOTH(68 Steeles Road),ON",CHU895,011094091-002,Backhaul Network Services Inc.,2025-08-13,False,False,0.0,15.0
RX,7800.0,30.0,27400.0,27M4D7W,4096-QAM,True,1.25|10|30,A,L,B,46.56705278,-79.16888889,368.0,101.0,110.9,16.362032417821,-0.238338290842546,42.9,1.1,,A,"Andrew, Div of CommScope",USX8-7W,G,,,1.3,-67.92,-87.5,ELDEE (BEHNKE RD 21 & OM 63) ON,CHU817,011098546-002,Backhaul Network Services Inc.,2025-08-14,False,False,0.0,15.0
RX,7800.0,30.0,27400.0,27M4D7W,4096-QAM,True,1.25|10|30,A,L,B,44.98700833,-78.09309444,463.0,66.0,106.0,69.0298072767882,-0.197598396810983,42.9,1.1,,A,"Andrew, Div of CommScope",USX8-7W,G,,,1.4,-64.67,-86.0,Paudash Lake (1165 Gander Road) ON,VBE670,010031825-007,Backhaul Network Services Inc.,2025-06-01,False,False,0.0,15.0
RX,7800.0,30.0,27400.0,27M4D7W,4096-QAM,True,1.25|10|30,A,L,B,44.41636111,-80.85419444,350.0,57.0,106.0,330.130150824193,-0.296572296624397,42.9,1.1,,A,"Andrew, Div of CommScope",USX8-7W,G,,,1.3,-64.0,-87.5,ARNOTT (396414 CONC RD 2) ON,CHY994,011078204-002,Backhaul Network Services Inc.,2025-03-24,False,False,0.0,15.0
RX,7800.0,30.0,27400.0,27M4D7W,4096-QAM,True,1.25|10|30,A,L,B,45.23901667,-76.19953333,141.0,55.0,90.0,233.021791820941,0.23660735558701,40.6,1.5,,A,"Andrew, Div of CommScope",USX6-7W,G,,,1.3,-67.73,-87.5,ALMONTE (5648 MARTIN STREET NORTH) ON,CJL953,011078197-002,Backhaul Network Services Inc.,2025-04-03,False,False,0.0,15.0
RX,7800.0,30.0,27400.0,27M4D7W,4096-QAM,True,1.25|10|30,A,L,B,45.56541667,-76.78786944,178.0,85.0,100.0,11.4799889953672,-0.185650324029592,40.6,1.5,,A,"Andrew, Div of CommScope",USX6-7W,G,,,1.3,-65.4,-87.5,HALEY STATION (1359 HALEY ROAD) ON,CHY783,011075276-002,Backhaul Network Services Inc.,2025-02-28,False,False,0.0,15.0
RX,7800.0,30.0,27400.0,27M4D7W,4096-QAM,True,1.25|10|30,A,L,B,45.11780556,-78.49869444,450.0,45.0,100.0,27.3159415919703,0.0508813226186158,40.6,1.5,,A,"Andrew, Div of CommScope",USX6-7W,G,,,1.3,-64.65,-86.0,EAGLE LAKE (1279 BUSHWOLF LAKE ROAD) ON,VFG889,011075294-002,Backhaul Network Services Inc.,2025-02-07,False,False,0.0,15.0
RX,7800.0,30.0,27400.0,27M4D7W,4096-QAM,True,1.25|10|30,A,L,B,44.58580556,-78.25272222,253.0,75.0,90.0,176.221729917362,-0.0236330518742996,40.6,1.5,,A,"Andrew, Div of CommScope",USX6-7W,G,,,1.3,-67.92,-87.5,TRENT LAKES (77 JACK HILL'S RD) ON,CHY704,011074839-002,Backhaul Network Services Inc.,2025-02-04,False,False,0.0,15.0
RX,7800.0,30.0,27400.0,27M4D7W,4096-QAM,True,1.25|10|30,A,L,B,45.2645,-76.78665833,363.0,30.0,50.0,116.246378027286,-0.281493845217842,40.8,1.5,,A,"Andrew, Div of CommScope",HX6-7W,G,,,1.3,-65.94,-87.5,Madawaska (30 Barrett Chute Rd) ON,CIN825,011055422-002,Backhaul Network Services Inc.,2025-01-29,False,False,0.0,15.0
RX,7800.0,30.0,27400.0,27M4D7W,4096-QAM,True,1.25|10|30,A,L,B,46.07069444,-79.51575,307.0,102.0,110.0,260.538015150329,-0.275079415116632,40.6,1.5,,A,"Andrew, Div of CommScope",USX6-7W,G,,,1.3,-63.3,-87.5,NIPISSING (335 KING ROAD) ON,CHY659,011073312-002,Backhaul Network Services Inc.,2025-01-24,False,False,0.0,15.0
RX,7800.0,30.0,27400.0,27M4D7W,4096-QAM,True,1.25|10|30,A,L,B,44.79827778,-81.27819444,190.0,48.0,79.7,77.8425519088808,0.204450677565565,42.9,1.1,,A,"Andrew, Div of CommScope",USX8-7W,G,,,1.3,-67.38,-87.5,Red Bay (Thomas St / Huron Rd) ON,CHX497,011072406-002,Backhaul Network Services Inc.,2025-01-22,False,False,0.0,15.0
RX,7800.0,30.0,27400.0,27M4D7W,4096-QAM,True,1.25|10|30,A,L,B,44.50755556,-77.09330556,180.0,80.0,89.0,256.322877971382,-0.0967977089382275,40.6,1.5,,A,"Andrew, Div of CommScope",USX6-7W,G,,,1.3,-67.59,-87.5,Erinsville (425 Clearview Rd) ON,CHY592,011072170-002,Backhaul Network Services Inc.,2025-01-31,False,False,0.0,15.0
RX,7800.0,30.0,27400.0,27M4D7W,4096-QAM,True,1.25|10|30,A,L,B,45.04311111,-78.49969444,405.0,58.5,64.1,111.700665722037,0.0993410871091785,40.6,1.5,,A,"Andrew, Div of CommScope",USX6-7W,G,,,1.3,-65.97,-87.5,Haliburton (84 Skyline Park Rd) ON,VFE831,010912554-003,Backhaul Network Services Inc.,2025-02-06,False,False,0.0,15.0
RX,7800.0,30.0,27400.0,27M4D7W,4096-QAM,True,1.25|10|30,A,L,B,45.03637222,-76.25302778,147.0,60.0,97.5,276.548860259502,0.20793271720515,40.6,1.5,,A,"Andrew, Div of CommScope",USX6-7W,G,,,0.8,-67.32,-87.5,PERTH (1208 DRUMMOND CONCESSION 10B RD) ON,CHY344,011037556-002,Backhaul Network Services Inc.,2024-12-27,False,False,0.0,15.0
RX,7800.0,30.0,27400.0,27M4D7W,4096-QAM,True,1.25|10|30,A,L,B,49.39111667,-82.35759722,228.0,71.0,123.0,103.06640410742,0.0368331680581036,42.9,1.1,,A,"Andrew, Div of CommScope",USX8-7W,G,,,1.3,-63.55,-86.0,KAPUSKASING(CLEAR LAKE ROAD) ON,CHQ898,011069079-002,Backhaul Network Services Inc.,2024-12-14,False,False,0.0,15.0
RX,7800.0,30.0,27400.0,27M4D7W,4096-QAM,True,1.25|10|30,A,L,B,46.38113889,-82.65269444,374.0,64.5,76.5,203.163090016438,-0.484730266095693,42.9,1.1,,A,"Andrew, Div of CommScope",USX8-7W,G,,,1.3,-66.65,-87.5,Elliot Lake (Roman Ave / Willoughby Rd) ON,VBE698,011069824-002,Backhaul Network Services Inc.,2024-12-30,False,False,0.0,15.0
RX,7800.0,30.0,27400.0,27M4D7W,4096-QAM,True,1.25|10|30,A,L,B,45.81555556,-77.09611111,153.0,24.0,24.0,71.0384854697063,0.0204850440556272,40.6,1.5,,A,"Andrew, Div of CommScope",USX6-7W,G,,,1.3,-64.34,-87.5,PEMBROKE (400 BELL ST) ON,VEM324,011069091-002,Backhaul Network Services Inc.,2024-12-13,False,False,0.0,15.0
RX,7800.0,30.0,27400.0,27M4D7W,4096-QAM,True,1.25|10|30,A,L,B,48.52975,-80.75922222,270.0,82.0,91.9,88.8784210494757,-0.13638466261968,42.9,1.1,,A,"Andrew, Div of CommScope",USX8-7W,G,,,1.3,-66.25,-87.5,Shillington (1181 Fretz Rd S) ON,CHQ818,011068769-002,Backhaul Network Services Inc.,2024-12-09,False,False,0.0,15.0
RX,7800.0,30.0,27400.0,27M4D7W,4096-QAM,True,1.25|10|30,A,L,B,44.21594444,-77.38116667,102.0,75.0,91.0,50.0858588639059,0.10669225787527,42.9,1.1,,A,"Andrew, Div of CommScope",USX8-7W,G,,,0.8,-66.58,-87.5,Belleville (86B Short St) ON,XKU593,011068791-002,Backhaul Network Services Inc.,2024-12-06,False,False,0.0,15.0
RX,7800.0,30.0,27400.0,27M4D7W,4096-QAM,True,1.25|10|30,A,L,B,45.26233333,-78.60652778,436.0,72.0,85.0,174.613127911882,-0.066511585196844,44.4,0.9,,A,"Andrew, Div of CommScope",USX10-7W 10FT 7G/8G,G,,,1.3,-64.0,-87.5,"Haliburton (Havelock Lake Ln, Part Lot 20, Concession 6) ON",CHY319,011068161-002,Backhaul Network Services Inc.,2024-12-31,False,False,0.0,15.0
RX,7800.0,30.0,27400.0,27M4D7W,4096-QAM,True,1.25|10|30,A,L,B,43.74072222,-80.93366667,387.0,73.0,91.4,123.800307860193,-0.0442491705108872,42.9,1.1,,A,"Andrew, Div of CommScope",USX8-7W,G,,,4.8,-63.93,-86.0,LISTOWEL (5837 LINE 87) ON,VBE680,011067594-002,Backhaul Network Services Inc.,2024-11-28,False,False,0.0,15.0
RX,7800.0,30.0,27400.0,27M4D7W,4096-QAM,True,1.25|10|30,A,L,B,46.49550556,-84.02434167,263.0,52.0,97.4,289.620928329147,-0.274311496671159,40.6,1.5,,A,"Andrew, Div of CommScope",USX6-7W,G,,,1.3,-65.69,-87.5,ECHO BAY (9998 HIGHWAY 638) ON,CHW302,011064176-002,Backhaul Network Services Inc.,2024-10-21,False,False,0.0,15.0
RX,7800.0,30.0,27400.0,27M4D7W,4096-QAM,True,1.25|10|30,A,L,B,44.57901389,-80.86348611,303.0,80.0,100.0,321.914339354276,-0.271134012391902,40.6,1.5,,A,"Andrew, Div of CommScope",USX6-7W,G,,,1.3,-66.78,-87.5,OWEN SOUND (203580 HIGHWAY 26) ON,CHN337,011056119-002,Backhaul Network Services Inc.,2024-08-05,False,False,0.0,15.0
RX,7800.0,30.0,27400.0,27M4D7W,4096-QAM,True,1.25|10|30,A,L,B,47.40968611,-79.66714444,302.0,62.0,100.0,1.45954700943961,-0.484714518188142,42.9,1.1,,A,"Andrew, Div of CommScope",USX8-7W,G,,,0.8,-63.0,-86.5,HAILEYBURY (LOT 1 CONCESSION 9) ON,CHN328,010975386-002,Backhaul Network Services Inc.,2024-08-16,False,False,0.0,15.0
RX,7800.0,30.0,30000.0,30M0D7W,1024-QAM,True,1.25|10|30,A,L,B,44.19061111,-77.35969444,95.0,37.0,50.0,133.503396972386,0.00575202563028713,40.8,1.5,,A,"Andrew, Div of CommScope",HX6-7W,G,,,4.3,-65.28,-92.0,Belleville (155 Jamieson Bone Rd) ON,CGM334,011044336-002,Backhaul Network Services Inc.,2024-06-17,False,False,0.0,15.0
RX,7800.0,30.0,27400.0,27M4D7W,4096-QAM,True,1.25|10|30,A,L,B,46.32166667,-83.78361111,204.0,65.0,108.0,335.611711753154,0.410566576690405,40.6,1.5,,A,"Andrew, Div of CommScope",USX6-7W,G,,,1.3,-67.6,-87.5,BRUCE MINES (757 CONCESSION 5 RD) ON,VDE888,011037682-002,Backhaul Network Services Inc.,2024-05-28,False,False,0.0,15.0
RX,7800.0,30.0,27400.0,27M4D7W,4096-QAM,True,1.25|10|30,A,L,B,45.94036111,-79.97019444,261.0,72.4,90.0,57.5418423806386,-0.0511703383611682,42.9,1.1,,A,"Andrew, Div of CommScope",USX8-7W,G,,,1.3,-63.28,-86.0,Port Loring (425 East Rd) ON,CHM531,011033511-002,Backhaul Network Services Inc.,2024-05-28,False,False,0.0,15.0
RX,7800.0,30.0,27400.0,27M4D7W,4096-QAM,True,1.25|10|30,A,L,B,44.95591667,-76.54302778,204.0,68.8,100.0,130.338289252087,-0.226106814378495,40.6,1.5,,A,"Andrew, Div of CommScope",USX6-7W,G,,,1.3,-66.18,-87.5,Lanark Highlands (PT LT 9 CON 9 DALHOUSIE PT 1) ON,CHF232,011022190-002,Backhaul Network Services Inc.,2024-05-14,False,False,0.0,15.0
RX,7800.0,30.0,27400.0,27M4D7W,4096-QAM,True,1.25|10|30,A,L,B,45.63361111,-79.51972222,316.0,75.0,100.0,262.16987249554,-0.0517632571684789,40.6,1.5,,A,"Andrew, Div of CommScope",USX6-7W,G,,,1.3,-66.83,-87.5,Magenawan (155 Lakeview Dr. W) ON,VFG597,011037914-002,Backhaul Network Services Inc.,2024-05-29,False,False,0.0,15.0
RX,7800.0,30.0,27400.0,27M4D7W,4096-QAM,True,1.25|10|30,A,L,B,45.32698333,-75.284225,73.0,77.0,100.0,61.9848830363975,-0.133362580524161,42.9,1.1,,A,"Andrew, Div of CommScope",USX8-7W,G,,,1.3,-62.55,-87.5,Embrun (387 St Thomas Rd) ON,CJL913,011020858-002,Backhaul Network Services Inc.,2024-06-07,False,False,0.0,15.0
RX,7800.0,30.0,27400.0,27M4D7W,4096-QAM,True,1.25|10|30,A,M,A,43.01330556,-81.26636111,240.0,49.5,60.0,345.274982533789,0.273856477074105,40.6,1.5,,A,"Andrew, Div of CommScope",USX6-7W,G,,,1.3,-68.0,-87.5,London (1265 Richmond St) ON,VDS213,010031017-007,Backhaul Network Services Inc.,2024-04-16,False,False,0.0,15.0
RX,7800.0,30.0,27400.0,27M4D7W,4096-QAM,True,1.25|10|30,A,L,B,45.05058333,-74.67752778,53.0,57.0,69.5,1.23807091183312,0.0778125792643539,42.9,1.1,,A,"Andrew, Div of CommScope",USX8-7W,G,,,1.3,-62.98,-87.5,South Glengarry (6367 Boundary Rd) ON,CGA702,011021462-002,Backhaul Network Services Inc.,2024-05-27,False,False,0.0,15.0
RX,7800.0,30.0,27400.0,27M4D7W,4096-QAM,True,1.25|10|30,A,L,B,45.58591667,-77.23941667,190.0,30.0,100.0,233.618165832592,0.362212866524133,40.8,1.5,,A,"Andrew, Div of CommScope",HX6-7W,G,,,1.3,-65.82,-87.5,Golden Lake (3216 Lake Dore Rd) ON,CHD482,011022583-002,Backhaul Network Services Inc.,2024-04-05,False,False,0.0,15.0
RX,7800.0,30.0,27400.0,27M4D7W,4096-QAM,True,1.25|10|30,A,L,B,47.97770833,-80.04178889,296.0,65.0,92.0,354.396708478061,0.0829676896464241,40.6,1.5,,A,"Andrew, Div of CommScope",USX6-7W,G,,,1.3,-68.61,-87.5,NORTH TARZWELL (6095 HWY 11) ON,CHK713,011026306-002,Backhaul Network Services Inc.,2024-02-16,False,False,0.0,15.0
RX,7800.0,30.0,27400.0,27M4D7W,4096-QAM,True,1.25|10|30,A,L,B,45.146,-75.08963889,85.0,75.0,91.0,120.232797412648,-0.0929454653341933,42.9,1.1,,A,"Andrew, Div of CommScope",USX8-7W-6GF,G,,,1.3,-62.67,-86.0,Finch (53 Main St) ON,CHC955,011004385-002,Backhaul Network Services Inc.,2024-03-21,False,False,0.0,15.0
RX,7800.0,30.0,27400.0,27M4D7W,4096-QAM,True,1.25|10|30,A,L,B,44.72066389,-75.49906111,90.0,65.4,116.0,42.7886371429547,-0.0618654580148465,42.9,1.1,,A,"Andrew, Div of CommScope",USX8-7W,G,,,4.3,-66.06,-86.0,PRESCOTT (HWY 2 / SCOTT ST) ON,CYF676,010031521-005,Backhaul Network Services Inc.,2024-01-05,False,False,0.0,15.0
RX,7800.0,30.0,27400.0,27M4D7W,4096-QAM,True,1.25|10|30,A,L,B,46.28763889,-78.52213889,179.0,103.0,129.0,108.6700872142,-0.040450031128931,40.6,1.5,,A,"Andrew, Div of CommScope",USX6-7W,G,,,1.3,-65.66,-86.0,MATTAWA (1994 HWY 17 E) ON,CHK208,011010355-002,Backhaul Network Services Inc.,2023-12-15,False,False,0.0,15.0
RX,7800.0,30.0,27400.0,27M4D7W,4096-QAM,True,1.25|10|30,A,L,B,46.19936111,-83.02211111,190.0,95.0,108.0,86.2988773233114,-0.0389608249510435,43.5,1.0,,A,"Andrew, Div of CommScope",UHX8-77GD,G,,,4.8,-67.5,-86.0,Blind River (26060 Hwy 17) ON,VDE889,010031865-003,Backhaul Network Services Inc.,2023-11-29,False,False,0.0,15.0
RX,7800.0,30.0,27400.0,27M4D7W,4096-QAM,True,1.25|10|30,A,L,B,46.145,-80.42930556,227.0,75.0,80.0,224.183647522937,-0.0562496876262319,40.6,1.5,,A,"Andrew, Div of CommScope",USX6-7W,G,,,1.3,-68.0,-87.5,Noelville (190 St David St N) ON,CIO519,010030781-004,Backhaul Network Services Inc.,2023-10-13,False,False,0.0,15.0
RX,7800.0,30.0,27400.0,27M4D7W,4096-QAM,True,1.25|10|30,A,L,B,45.27111111,-77.97166667,461.0,98.5,122.0,59.9139990458523,-0.290238676465326,40.6,1.5,,A,"Andrew, Div of CommScope",USX6-7W,G,,,1.3,-65.5,-86.0,MAYNOOTH (1192A HWY 127) ON,CHB697,010960487-002,Backhaul Network Services Inc.,2023-09-08,False,False,0.0,15.0
RX,7800.0,30.0,27400.0,27M4D7W,4096-QAM,True,1.25|10|30,A,L,B,45.09930556,-75.68538889,87.0,50.0,96.0,186.895069772127,-0.0157092831682719,42.9,1.1,,A,"Andrew, Div of CommScope",USX8-7W,G,,,1.3,-61.28,-87.5,North Gower (2394 Callendor Rd) ON,XKX914,010968463-002,Backhaul Network Services Inc.,2023-08-22,False,False,0.0,15.0
RX,7800.0,30.0,27400.0,27M4D7W,4096-QAM,True,1.25|10|30,A,L,B,44.79425,-76.68713889,226.0,103.0,122.0,1.43388485778745,-0.11806034112957,40.6,1.5,,A,"Andrew, Div of CommScope",USX6-7W,G,,,0.8,-68.52,-86.0,SHARBOT LAKE (24709B HWY 7) ON,VAD432,010975337-002,Backhaul Network Services Inc.,2023-06-30,False,False,0.0,15.0
RX,7800.0,30.0,27400.0,27M4D7W,4096-QAM,True,1.25|10|30,A,L,B,44.67872222,-77.58013889,287.0,65.0,110.0,8.87407552117178,0.0785927795689274,44.4,0.9,,A,"Andrew, Div of CommScope",HX10-7W-6GF,G,,,1.3,-62.86,-87.5,Millbridge (8887 Old Hastings Rd) ON,CHX395,010968468-002,Backhaul Network Services Inc.,2023-05-12,False,False,0.0,15.0
RX,7800.0,30.0,30000.0,30M0D7W,1024-QAM,True,1.25|10|30,A,L,B,45.56522222,-75.12508333,55.0,45.0,75.0,48.456484175972,0.632543166090438,40.6,1.5,,A,"Andrew, Div of CommScope",USX6-7W,G,,,4.3,-70.0,-92.0,WENDOVER (111 COUNTY ROAD 19) ON,CHO290,010890426-002,Backhaul Network Services Inc.,2023-01-25,False,False,0.0,15.0
RX,7800.0,30.0,27400.0,27M4D7W,256-QAM,True,1.25|10|30,A,L,B,44.79833333,-81.27822222,187.0,50.0,75.0,171.492564627891,-0.0139280890159853,43.4,1.4,,A,"Andrew, Div of CommScope",HPX8-77,G,,,4.3,-68.0,-100.5,Red Bay (Thomas St / Huron Rd) ON,CHX497,010886944-002,Backhaul Network Services Inc.,2023-01-15,False,False,0.0,15.0
RX,7800.0,30.0,27400.0,27M4D7W,4096-QAM,True,1.25|10|30,A,M,A,42.11666667,-83.10472222,183.0,43.0,52.0,41.0375910649993,-0.0528120097640637,43.5,1.0,,A,"Andrew, Div of CommScope",UHX8-77GD,G,,,4.5,-65.49,-86.0,AMHERSTBURG (LOT 4 CONC 1) ON,VAD433,010031697-004,Backhaul Network Services Inc.,2023-01-16,False,False,0.0,15.0
RX,7800.0,30.0,27400.0,27M4D7W,4096-QAM,True,1.25|10|30,A,L,B,44.44138889,-77.83444444,201.0,77.0,91.0,239.931446480584,-0.0504043675873788,40.6,1.5,,A,"Andrew, Div of CommScope",USX6-7W,G,,,4.5,-67.21,-86.0,HAVELOCK (N/O HWY 7 & 6TH LINE) ON,VAD427,010076527-003,Backhaul Network Services Inc.,2022-12-23,False,False,0.0,15.0
RX,7800.0,30.0,27400.0,27M4D7W,4096-QAM,True,1.25|10|30,A,L,B,42.76788889,-80.47472222,229.0,66.0,90.0,297.936668612989,0.00306849777658206,40.6,1.5,,A,"Andrew, Div of CommScope",USX6-7W,G,,,4.5,-66.55,-86.0,SIMCOE (174 MCDOWELL RD E) ON,CFB871,010958911-002,Backhaul Network Services Inc.,2023-01-30,False,False,0.0,15.0
RX,7800.0,30.0,27400.0,27M4D7W,4096-QAM,True,1.25|10|30,A,L,B,45.39888889,-76.60944444,216.0,72.0,92.0,146.848106309516,-0.185035959155886,42.9,1.1,,A,"Andrew, Div of CommScope",USX8-7W,G,,,4.3,-70.0,-86.0,"Burnstown (2195-B, HWY-52, LOT 21, McNab) ON",CGB826,010860386-002,Backhaul Network Services Inc.,2022-10-05,False,False,0.0,15.0
RX,7800.0,30.0,27400.0,27M4D7W,4096-QAM,True,1.25|10|30,A,L,B,45.90722222,-80.57388889,200.0,60.0,90.0,356.499791019958,-0.0106715940729651,40.8,1.5,,A,"Andrew, Div of CommScope",HX6-7W,G,,,4.8,-68.0,-86.0,KEY RIVER (2780 HWY 69) ON,CIJ955,010033057-004,Backhaul Network Services Inc.,2022-07-30,False,False,0.0,15.0
RX,7800.0,30.0,27400.0,27M4D7W,4096-QAM,True,1.25|10|30,A,L,B,45.80722222,-79.39333333,399.0,53.0,127.0,160.91667114386,-0.0631466650891588,44.4,0.9,,A,"Andrew, Div of CommScope",HX10-7W-6GF,B,,,1.3,-65.0,-85.0,SUNDRIDGE (700 TOWER RD) ON,XKX942,010069283-006,Backhaul Network Services Inc.,2022-05-27,False,False,0.0,15.0
RX,7800.0,30.0,27400.0,27M4D7W,4096-QAM,True,1.25|10|30,A,L,B,42.31672222,-82.02261111,201.0,52.5,76.0,238.224621835558,-0.0601427655454557,43.5,1.0,,A,"Andrew, Div of CommScope",UHX8-77GD,G,,,4.8,-63.65,-86.0,Blenheim (19712 Lagoon Rd) ON,VEA431,010031377-005,Backhaul Network Services Inc.,2022-03-21,False,False,0.0,15.0
RX,7800.0,30.0,27400.0,27M4D7W,4096-QAM,True,1.25|10|30,A,,B,44.33988889,-76.15078333,92.0,50.7,70.0,261.969585650765,0.0342600285115509,43.4,1.4,,A,"Andrew, Div of CommScope",HPX8-77,G,,,4.8,-67.94,-86.0,Gananoque (600 King St E) ON,CFT651,010817908-003,Backhaul Network Services Inc.,2022-03-31,False,False,0.0,15.0
RX,7800.0,30.0,27400.0,27M4D7W,4096-QAM,True,1.25|10|30,A,L,B,42.58978889,-81.67588056,213.0,45.5,60.0,233.987542156936,-0.0255453583648569,42.9,1.1,,A,"Andrew, Div of CommScope",USX8-7W,G,,,4.8,-68.0,-86.0,WEST ELGIN (22717 DOWNIE LINE) ON,VYB659,010278496-004,Backhaul Network Services Inc.,2022-03-28,False,False,0.0,15.0
RX,7800.0,30.0,27400.0,27M4D7W,4096-QAM,True,1.25|10|30,A,L,B,45.13222222,-78.79305556,393.0,59.5,120.0,155.630205840476,-0.208983637404781,41.0,1.2,,A,"Andrew, Div of CommScope",UHX6-77,G,,,4.8,-68.15,-86.0,"HALIBURTON (PL 6/7, CONC 11/12) ON",VFG285,010032559-004,Backhaul Network Services Inc.,2022-03-31,False,False,0.0,15.0
RX,7800.0,30.0,27400.0,27M4D7W,4096-QAM,True,1.25|10|30,A,L,B,44.79422222,-76.68716667,226.0,56.0,122.0,183.547367170005,-0.0964242569255484,42.9,1.1,,A,"Andrew, Div of CommScope",USX8-7W,G,,,4.8,-70.0,-86.0,SHARBOT LAKE (HWY 7/ MCQUAID RD) ON,VAD432,010032241-005,Backhaul Network Services Inc.,2022-02-18,False,False,0.0,15.0
RX,7800.0,30.0,27400.0,27M4D7W,4096-QAM,True,1.25|10|30,A,,B,44.32361111,-76.18583333,100.0,84.0,91.0,65.1179254987436,-0.0254100039471037,41.0,1.2,,A,"Andrew, Div of CommScope",UHX6-77GE,G,,,4.8,-68.0,-86.0,GANANOQUE (5210 KING ST W) ON,XKU598,010032107-004,Backhaul Network Services Inc.,2022-02-11,False,False,0.0,15.0
RX,7800.0,30.0,27400.0,27M4D7W,4096-QAM,True,1.25|10|30,A,,B,42.80777778,-81.56583333,217.0,80.0,100.0,2.0514518407866,-0.0693455156146556,42.9,1.1,,A,"Andrew, Div of CommScope",USX8-7W,G,,,4.8,-68.0,-86.0,MELBOURNE (6278 LONGWOODS RD) ON,VEM701,010068241-003,Backhaul Network Services Inc.,2022-03-21,False,False,0.0,15.0
RX,7800.0,30.0,27400.0,27M4D7W,4096-QAM,True,1.25|10|30,A,,B,44.51888889,-76.58166667,189.0,85.0,100.0,205.087762268997,-0.140731536110624,41.0,1.2,,A,"Andrew, Div of CommScope",UHX6-77,G,,,4.8,-68.17,-86.0,FRONTENAC PARK (7599 BEDFORD RD) ON,CKY598,010033633-004,Backhaul Network Services Inc.,2022-03-31,False,False,0.0,15.0
RX,7800.0,30.0,27400.0,27M4D7W,4096-QAM,True,1.25|10|30,A,L,B,44.21594444,-77.38116667,102.0,58.5,91.0,191.075755425777,-0.078397783632969,40.6,1.5,,A,"Andrew, Div of CommScope",USX6-7W,G,,,4.8,-70.6,-86.0,Belleville (86B Short St) ON,XKU593,010030843-006,Backhaul Network Services Inc.,2022-02-11,False,False,0.0,15.0
RX,7800.0,30.0,27400.0,27M4D7W,4096-QAM,True,1.25|10|30,A,L,B,44.39277778,-80.26222222,507.0,72.3,96.0,187.12154324466,-0.128436701053212,42.9,1.1,,A,"Andrew, Div of CommScope",USX8-7W,G,,,4.8,-68.1,-86.0,COLLINGWOOD (N/O RR91 & RR31) ON,XJV210,010030901-004,Backhaul Network Services Inc.,2022-03-30,False,False,0.0,15.0
RX,7800.0,30.0,27400.0,27M4D7W,4096-QAM,True,1.25|10|30,A,L,B,44.63694444,-77.13527778,208.0,80.0,91.0,53.8585278962614,-0.1579661576965,42.9,1.1,,A,"Andrew, Div of CommScope",USX8-7W,G,,,4.8,-68.0,-86.0,KALADAR (112648 HWY 7) ON,VAD430,010031691-004,Backhaul Network Services Inc.,2022-02-11,False,False,0.0,15.0
RX,7800.0,30.0,27400.0,27M4D7W,4096-QAM,True,1.25|10|30,A,L,B,42.05194444,-82.73666667,193.0,35.6,50.0,334.714849102055,-0.0324755107902667,40.6,1.5,,A,"Andrew, Div of CommScope",USX6-7W,G,,,4.8,-68.0,-86.0,KINGSVILLE (HWY29 / CON. RD 2 E) ON,VEA876,010030775-006,Backhaul Network Services Inc.,2022-01-25,False,False,0.0,15.0
RX,7800.0,30.0,27400.0,27M4D7W,4096-QAM,True,1.25|10|30,A,L,B,42.40194444,-82.02555556,188.0,64.6,74.0,267.213583907269,-0.188530505690646,42.9,1.1,,A,"Andrew, Div of CommScope",USX8-7W,G,,,4.8,-68.0,-86.0,CHATHAM-KENT (10491 BURK LINE) ON,CYF652,010032035-005,Backhaul Network Services Inc.,2022-02-11,False,False,0.0,15.0
RX,7800.0,30.0,27400.0,27M4D7W,4096-QAM,True,1.25|10|30,A,L,B,44.93638889,-75.14694444,85.0,81.4,91.0,235.895966127884,-0.135170467184142,43.5,1.0,,A,"Andrew, Div of CommScope",UHX8-77GD,G,,,4.8,-68.0,-86.0,MORRISBURG (HWY 401 / HWY 8) ON,XKX902,010031523-004,Backhaul Network Services Inc.,2022-02-14,False,False,0.0,15.0
RX,7800.0,30.0,27400.0,27M4D7W,4096-QAM,True,1.25|10|30,A,L,B,44.76166667,-76.80666667,249.0,83.5,93.6,246.701456845071,-0.261442849227764,40.6,1.5,,A,"Andrew, Div of CommScope",USX6-7W,G,,,4.8,-68.0,-86.0,SEOULS CORNERS(1154 HAROLD BURKE) ON,CHX453,010913261-001,Rogers Communications Canada Inc.,2022-02-25,False,False,0.0,15.0
RX,7800.0,30.0,27400.0,27M4D7W,4096-QAM,True,1.25|10|30,A,L,B,44.7025,-75.92777778,132.0,62.2,99.0,357.694976104798,-0.162328271398636,43.5,1.0,,A,"Andrew, Div of CommScope",UHX8-77GD,G,,,4.8,-68.0,-86.0,FRANKVILLE (660 K-E TOWNLINE RD) ON,CIJ576,010031251-005,Backhaul Network Services Inc.,2022-02-14,False,False,0.0,15.0
RX,7800.0,30.0,27400.0,27M4D7W,4096-QAM,True,1.25|10|30,A,L,B,44.39744444,-76.59052778,170.0,73.0,100.0,133.598256473773,-0.207358407018821,42.9,1.1,,A,"Andrew, Div of CommScope",USX8-7W,G,,,4.8,-68.0,-86.0,SYDENHAM (LAMBERT RD / STAGE COACH RD.)  ON,VYB283,010078875-003,Rogers Communications Canada Inc.,2022-02-14,False,False,0.0,15.0
RX,7800.0,30.0,27400.0,27M4D7W,4096-QAM,True,1.25|10|30,A,L,B,44.4686,-81.36973056,200.0,66.0,104.5,30.5404491611666,-0.0845954512950226,43.4,1.4,,A,"Andrew, Div of CommScope",HPX8-77,G,,,4.8,-67.54,-86.0,PORT ELGIN (HWY21/BRUCE RD 3) ON,CGK512,010886555-003,Backhaul Network Services Inc.,2024-08-28,False,False,0.0,15.0
RX,7800.0,30.0,30000.0,30M0D7WET,64-QAM,True,1.25|10|30,A,L,B,44.85269444,-79.73622222,195.0,52.0,100.0,204.042379457214,-0.0508608864933651,41.0,1.2,,A,"Andrew, Div of CommScope",UHX6-77,G,,,4.3,-69.0,-103.5,Maceys Bay (Nicholson's Rd / Hwy 400) ON,VEL344,010069393-006,Backhaul Network Services Inc.,2020-10-27,False,False,0.0,15.0
RX,7800.0,30.0,27400.0,27M4D7W,4096-QAM,True,1.25|10|30,A,L,B,45.27944444,-79.00638889,405.0,49.3,106.0,276.265962315991,-0.11483171343263,41.0,1.2,,A,Ericsson (Marconi/GEC),ML7/8 1.8M HPX,G,,,1.3,-68.0,-87.5,LAKE OF BAYS (1577 FOX POINTS RD)ON,XJV296,010069291-005,Backhaul Network Services Inc.,2022-11-02,False,False,0.0,15.0
RX,7800.0,30.0,30000.0,30M0D7W,128-QAM,True,1.25|10|30,A,,B,49.41658056,-91.6244,460.0,89.2,100.0,40.9610508624124,-0.163860516020069,45.4,1.0,,A,RFS (Celwave/Cablewave/Phelps Dodge),DA10-77A,B,,,6.96,-76.59,-98.0,Ignace (Hwy 11/Hwy 599) ON,VEM728,010036377-002,TBAYtel - Fixed,2020-08-01,False,False,0.0,15.0
RX,7800.0,30.0,30000.0,30M0D7W,128-QAM,True,1.25|10|30,A,,B,49.90935833,-91.149,470.0,88.2,116.0,193.294979480565,-0.250631330208425,43.5,1.2,,A,RFS (Celwave/Cablewave/Phelps Dodge),DA8-77A,A,,,7.07,-76.9,-98.0,Sturgeon Lake (Hwy 599) ON,VEM730,010036379-002,TBAYtel - Fixed,2020-08-01,False,False,0.0,15.0
RX,7800.0,30.0,30000.0,30M0D7W,128-QAM,True,1.25|10|30,A,,B,50.10216667,-91.92070833,390.0,32.0,45.0,105.033205453809,0.151693867827135,40.9,1.6,,A,RFS (Celwave/Cablewave/Phelps Dodge),DA6-77A,B,,,3.83,-76.95,-98.0,Sioux Lookout (Prince St/6 Ave) ON,VEM732,010036383-002,TBAYtel - Fixed,2020-08-01,False,False,0.0,15.0
RX,7800.0,30.0,30000.0,30M0D7W,128-QAM,True,1.25|10|30,A,,B,49.90935833,-91.149,470.0,92.8,116.0,293.179529380889,-0.263394866217409,45.4,1.0,,A,RFS (Celwave/Cablewave/Phelps Dodge),DA10-77A,A,,,7.25,-76.79,-98.0,Sturgeon Lake (Hwy 599) ON,VEM730,010036381-002,TBAYtel - Fixed,2020-08-01,False,False,0.0,15.0
RX,7800.0,30.0,27400.0,27M4D7W,4096-QAM,True,1.25|10|30,A,L,B,45.06219444,-74.74536111,55.0,76.5,122.0,254.603840794425,-0.0995163719691044,43.5,1.0,,A,"Andrew, Div of CommScope",UHX8-77GD,G,,,4.8,-68.0,-86.0,CORNWALL(MCCONNELL AVE/ HWY 401) ON,XKX903,010031877-007,Backhaul Network Services Inc.,2025-09-23,False,False,0.0,15.0
RX,7800.0,30.0,27400.0,27M4D7W,1024-QAM,True,1.25|10|30,A,L,B,43.72811111,-81.69086111,234.0,34.0,61.0,357.106629102587,-0.0982715657290789,41.0,1.2,,A,"Andrew, Div of CommScope",UHX6-77,A,,,1.8,-67.0,-93.5,Goderich (520 Huron Rd) ON,VAD482,010767785-003,Backhaul Network Services Inc.,2020-07-01,False,False,0.0,15.0
RX,7800.0,30.0,27400.0,27M4D7W,4096-QAM,True,1.25|10|30,A,,B,44.56416667,-79.19111111,233.0,64.0,100.0,79.2006673702407,0.0235930241512045,43.4,1.4,,A,"Andrew, Div of CommScope",HPX8-77,G,,,4.8,-68.69,-86.0,Brechin (2309 Conc Rd 6) ON,CJL854,010779856-003,Backhaul Network Services Inc.,2022-05-02,False,False,0.0,15.0
RX,7800.0,30.0,27400.0,27M4D7W,4096-QAM,True,1.25|10|30,A,L,B,45.807275,-79.39343333,399.0,43.0,127.0,291.396004743921,0.031630469711891,41.0,1.2,,A,"Andrew, Div of CommScope",UHX6-77,G,,,4.8,-68.35,-86.0,SUNDRIDGE (700 TOWER RD) ON,XKX942,010780761-003,Backhaul Network Services Inc.,2022-03-24,False,False,0.0,15.0
RX,7800.0,30.0,27400.0,27M4D7W,4096-QAM,True,1.25|10|30,A,L,B,44.29366667,-78.40338889,270.0,61.5,70.0,345.851268866051,-0.0220305155153755,42.9,1.1,,A,"Andrew, Div of CommScope",USX8-7W,G,,,4.8,-68.24,-86.0,PETERBOROUGH (1871 PARKHILL ROAD W) ON,VFE626,010779843-003,Backhaul Network Services Inc.,2022-03-31,False,False,0.0,15.0
RX,7800.0,30.0,30000.0,30M0D7WET,512-QAM,True,1.25|10|30,A,,B,44.32888889,-78.29972222,244.0,94.5,100.0,82.0196829652356,-0.14321604949206,41.0,1.2,,A,"Andrew, Div of CommScope",UHX6-77,A,,,1.3,-66.0,-94.5,PETERBOROUGH (1925 TELEVISIONRD)ON,XKU584,010076496-004,Backhaul Network Services Inc.,2018-05-30,False,False,0.0,15.0
RX,7800.0,30.0,27400.0,27M4D7W,4096-QAM,True,1.25|10|30,A,L,B,43.96211111,-78.42594444,173.0,78.0,91.0,311.578078212773,0.419185114143061,45.3,1.0,,A,"Andrew, Div of CommScope",HPX10-77,G,,,1.3,-67.32,-87.5,Port Hope (3384 Roseberry Hill Rd) ON,XKU589,010068766-006,Backhaul Network Services Inc.,2024-05-30,False,False,0.0,15.0
RX,7800.0,30.0,30000.0,30M0D7W,1024-QAM,True,1.25|10|30,A,M,A,42.92694444,-79.32638889,176.0,73.0,79.0,133.848950146284,-0.287661040606338,41.0,1.2,,A,"Andrew, Div of CommScope",UHX6-77,G,,,4.8,-69.64,-92.0,Wainfleet (37345 WILSON RD),XKU549,010743646-003,Backhaul Network Services Inc.,2021-11-27,False,False,0.0,15.0
RX,7800.0,30.0,27400.0,27M4D7W,1024-QAM,True,1.25|10|30,A,L,B,46.65766389,-80.99452778,300.0,52.0,80.0,231.491288230305,-0.14025126454365,41.0,1.2,,A,"Andrew, Div of CommScope",UHX6-77,B,,,1.3,-58.46,-93.5,HANMER (4980 HWY 69N) ON,CFW632,010728528-003,Backhaul Network Services Inc.,2023-10-31,False,False,0.0,15.0
RX,7800.0,30.0,27400.0,27M4D7W,4096-QAM,True,1.25|10|30,A,L,B,46.50819444,-80.73313889,305.0,110.0,127.0,354.789977453277,-0.201470233647169,41.0,1.2,,A,"Andrew, Div of CommScope",UHX6-77GE,G,,,1.3,-68.0,-87.5,Stinson (Norvic Dr / ON-17) ON,CFO242,010701407-004,Backhaul Network Services Inc.,2023-12-19,False,False,0.0,15.0
RX,7800.0,30.0,27400.0,27M4D7W,4096-QAM,True,1.25|10|30,A,L,B,45.81834444,-82.61721111,196.0,80.0,122.0,294.983108665918,0.054394235062719,41.0,1.2,,A,"Andrew, Div of CommScope",UHX6-77,G,,,4.8,-67.5,-86.0,EVANSVILLE (16511 HIGHWAY 540) ON,CFF284,010692050-003,Backhaul Network Services Inc.,2022-07-15,False,False,0.0,15.0
RX,7800.0,30.0,27400.0,27M4D7W,1024-QAM,True,1.25|10|30,A,L,B,43.36452778,-80.96066667,364.0,49.0,68.0,185.856451169091,-0.0816239151663822,41.0,1.2,,A,"Andrew, Div of CommScope",UHX6-77,G,,,1.3,-66.18,-93.5,Stratford (157 Frederick St) ON,CFE733,010683870-004,Backhaul Network Services Inc.,2023-05-08,False,False,0.0,15.0
RX,7800.0,30.0,27400.0,27M4D7W,4096-QAM,True,1.25|10|30,A,L,B,44.76421389,-77.61611944,310.0,70.0,122.0,293.881102162431,0.0739478702474602,43.4,1.4,,A,"Andrew, Div of CommScope",HPX8-77,G,,,1.3,-68.23,-86.0,MADOC (20100 HWY 62) ON,CFH965,010677707-004,Backhaul Network Services Inc.,2023-10-06,False,False,0.0,15.0
RX,7800.0,30.0,27400.0,27M4D7W,4096-QAM,True,1.25|10|30,A,L,B,44.79922778,-78.11253333,350.0,69.1,72.0,76.1068466929069,-0.0850619337580955,41.0,1.2,,A,"Andrew, Div of CommScope",UHX6-77,G,,,4.8,-67.41,-86.0,APSLEY (87 TUCKERS RD) ON,VBE668,010033229-005,Backhaul Network Services Inc.,2023-07-12,False,False,0.0,15.0
RX,7800.0,30.0,30000.0,30M0D7WET,64-QAM,True,1.25|10|30,A,,B,42.67111111,-81.5325,213.0,67.0,73.0,109.813002503029,-0.126182110182283,41.0,1.2,,A,"Andrew, Div of CommScope",UHX6-77,G,,,1.8,-64.9,-103.5,"DUTTON (EMERG LOC # 11626  LARGIE  RD), ON",CFB957,010683829-002,Backhaul Network Services Inc.,2016-08-01,False,False,0.0,15.0
RX,7800.0,30.0,27400.0,27M4D7W,4096-QAM,True,1.25|10|30,A,L,B,44.21836389,-77.23992222,107.0,49.0,60.0,191.992824799417,-0.0329786165243531,42.9,1.1,,A,"Andrew, Div of CommScope",USX8-7W,G,,,4.8,-68.0,-86.0,SHANNONVILLE (326A SHANNONVILLE RD) ON,CFD977,010681865-004,Backhaul Network Services Inc.,2022-03-31,False,False,0.0,15.0
RX,7800.0,30.0,27400.0,27M4D7W,1024-QAM,True,1.25|10|30,A,L,B,46.19936111,-83.02211111,190.0,89.0,108.0,306.3166262018,-0.0270849848369284,43.5,1.0,,A,"Andrew, Div of CommScope",UHX8-77GD,G,,,1.3,-65.84,-93.5,Blind River (26060 Hwy 17) ON,VDE889,010031329-004,Backhaul Network Services Inc.,2023-12-04,False,False,0.0,15.0
RX,7800.0,30.0,27400.0,27M4D7W,1024-QAM,True,1.25|10|30,A,L,B,45.32970278,-76.14881944,137.0,54.0,70.0,343.819340368122,-0.242899085623808,43.4,1.4,,A,"Andrew, Div of CommScope",HPX8-77,B,,,1.3,-66.14,-93.5,CARP (2590 MARSHWOOD RD) ON,VEL348,010070878-004,Backhaul Network Services Inc.,2022-09-01,False,False,0.0,15.0
RX,7800.0,10.0,10000.0,10M0D7WET,64-QAM,True,1.25|10|30,A,,B,42.96027778,-79.82583333,197.0,45.0,90.0,252.446940917065,0.125239933315059,41.0,1.2,,A,Ericsson (Marconi/GEC),ML7/8 1.8M HPX,A,,,2.3,-61.1,-107.0,CAYUGA (5459 HWY 3) ON,VYB414,010098310-002,Rogers Communications Canada Inc.,2015-02-12,False,False,0.0,5.0
RX,7800.0,30.0,27400.0,27M4D7W,1024-QAM,True,1.25|10|30,A,L,B,45.50991667,-74.66258333,114.0,55.0,91.0,216.679071696735,-0.197099573944445,42.9,1.2,,A,"Andrew, Div of CommScope",HPX8-71W,A,,,5.3,-65.53,-93.5,Vankleek Hill (6414 ON-34) ON,XKU533,010032077-006,Backhaul Network Services Inc.,2022-07-01,False,False,0.0,15.0
RX,7800.0,30.0,30000.0,30M0D7WET,512-QAM,True,1.25|10|30,A,,B,45.27583333,-75.31861111,70.0,58.0,97.0,289.698934219612,-0.0393615787633138,45.2,1.2,,A,"Andrew, Div of CommScope",UHX10-77GD,A,,,1.8,-70.0,-94.5,EMBRUN (960 ST-GUILLAUME RD) ON,XJV259,010032159-005,Backhaul Network Services Inc.,2018-04-20,False,False,0.0,15.0
RX,7800.0,30.0,27400.0,27M4D7W,4096-QAM,True,1.25|10|30,A,L,B,45.30694444,-74.94111111,93.0,48.5,61.0,165.237301667362,0.0847154810911249,41.0,1.2,,A,Ericsson (Marconi/GEC),ML7/8 1.8M HPX,G,,,4.3,-68.0,-86.0,CASSELMAN (HWY 417/HWY 138) ON,VBE699,010031547-004,Backhaul Network Services Inc.,2023-06-25,False,False,0.0,15.0
RX,7800.0,30.0,27400.0,27M4D7W,4096-QAM,True,1.25|10|30,A,L,B,46.2875,-78.5225,182.0,106.7,128.0,268.864433249579,0.122842975485396,41.0,1.2,,A,"Andrew, Div of CommScope",UHX6-77GE,G,,,4.8,-68.0,-86.0,MATTAWA (HWY 17/KLOCKS RD)  ON,VEL383,010073950-004,Backhaul Network Services Inc.,2022-06-30,False,False,0.0,15.0
RX,7800.0,30.0,27400.0,27M4D7W,4096-QAM,True,1.25|10|30,A,L,B,46.33408333,-81.57233333,229.0,78.0,91.0,252.723687881636,0.08402973022489,41.0,1.2,,A,"Andrew, Div of CommScope",UHX6-77GE,G,,,4.8,-68.0,-86.0,Nairn Centre (100 MacDonald St) ON,VFE751,010074312-006,Backhaul Network Services Inc.,2022-08-16,False,False,0.0,15.0
RX,7800.0,30.0,27400.0,27M4D7W,4096-QAM,True,1.25|10|30,A,L,B,44.86777778,-79.595,218.0,86.5,173.0,67.5344157325748,0.00098040909234807,40.6,1.5,,A,"Andrew, Div of CommScope",USX6-7W,G,,,4.8,-67.75,-86.0,SEVERN FALLS (1879 TAMARACK LN) ON,CKO713,010074283-004,Backhaul Network Services Inc.,2022-03-24,False,False,0.0,15.0
RX,7800.0,30.0,27400.0,27M4D7W,4096-QAM,True,1.25|10|30,A,M,A,42.14222222,-82.9625,184.0,53.1,60.0,83.2454758434526,-0.0883641304149812,42.9,1.2,,A,"Andrew, Div of CommScope",HPX8-71W,G,,,4.8,-68.0,-86.0,MCGREGOR (72 SCOTT LANE) ON,CJL843,010031139-005,Backhaul Network Services Inc.,2022-01-25,False,False,0.0,15.0
RX,7800.0,30.0,27400.0,27M4D7W,1024-QAM,True,1.25|10|30,A,L,B,45.84247222,-82.20013889,229.0,80.0,106.0,57.2106025047087,0.0485694764418532,41.0,1.2,,A,"Andrew, Div of CommScope",UHX6-77,B,,,0.8,-65.0,-93.5,MChigeen (West Bay) ON,VYA801,010069927-004,Backhaul Network Services Inc.,2020-10-15,False,False,0.0,15.0
RX,7800.0,30.0,30000.0,30M0D7WET,64-QAM,True,1.25|10|30,A,,B,42.67111111,-81.5325,213.0,50.0,73.0,49.2,0.02,43.5,1.0,,A,"Andrew, Div of CommScope",UHX8-77GD,B,,,2.3,-56.3,-103.5,DUTTON (LARGIE RD/GAELIC LINE) ON,XKU578,010079036-003,Rogers Communications Canada Inc.,2015-12-31,False,False,0.0,15.0
RX,7800.0,30.0,27400.0,27M4D7W,1024-QAM,True,1.25|10|30,A,,B,43.90002778,-81.31844444,320.0,81.8,84.0,300.538436186083,-0.159012591121773,41.0,1.2,,A,"Andrew, Div of CommScope",UHX6-77,B,,,2.3,-68.1,-93.5,Wingham (237 Alice St) ON,CYF214,010072282-005,Backhaul Network Services Inc.,2020-06-01,False,False,0.0,15.0
RX,7800.0,30.0,27400.0,27M4D7W,4096-QAM,True,1.25|10|30,A,L,B,43.75775278,-81.42537778,341.0,69.0,105.0,213.717443469457,-0.208668362001101,42.9,1.1,,A,"Andrew, Div of CommScope",USX8-7W,G,,,1.3,-68.22,-87.5,BLYTH (39810 MONCRIEFF RD) ON,VFE361,010072285-004,Backhaul Network Services Inc.,2024-01-05,False,False,0.0,15.0
RX,7800.0,30.0,27400.0,27M4D7W,4096-QAM,True,1.25|10|30,A,L,B,44.75638889,-81.16833333,223.0,70.7,91.0,162.131275159585,0.00138205997051164,41.0,1.2,,A,"Andrew, Div of CommScope",UHX6-77,G,,,4.8,-68.72,-86.0,WIARTON (645 NORTH ACRES RD) ON,VBE651,010072492-006,Backhaul Network Services Inc.,2022-03-31,False,False,0.0,15.0
RX,7800.0,30.0,27400.0,27M4D7W,1024-QAM,True,1.25|10|30,A,M,A,43.35694444,-80.51091667,348.0,55.0,65.0,267.302090089302,-0.00345686050183678,41.0,1.2,,A,"Andrew, Div of CommScope",UHX6-77,G,,,1.3,-64.93,-93.5,NEW DUNDEE (1092 BRIDGE ST) ON,VYA643,010072233-004,Backhaul Network Services Inc.,2023-06-02,False,False,0.0,15.0
RX,7800.0,30.0,27400.0,27M4D7W,1024-QAM,True,1.25|10|30,A,M,A,43.23830278,-80.5766,314.0,56.0,90.0,78.7649868965393,-0.281644119010429,41.0,1.2,,A,"Andrew, Div of CommScope",UHX6-77,G,,,7.3,-64.69,-93.5,DRUMBO (806845 OXFORD ROAD 29) ON,VBE676,010072209-004,Backhaul Network Services Inc.,2022-08-01,False,False,0.0,15.0
RX,7800.0,30.0,27400.0,27M4D7W,4096-QAM,True,1.25|10|30,A,L,B,42.13277778,-82.39472222,189.0,76.6,95.0,224.274713766133,-0.174738541395341,43.5,1.0,,A,"Andrew, Div of CommScope",UHX8-77GD,G,,,4.8,-68.0,-86.0,CHATHAM-KENT (1845 TALBOT TRAIL) ON,VEL431,010030951-006,Backhaul Network Services Inc.,2022-03-10,False,False,0.0,15.0
RX,7800.0,30.0,27400.0,27M4D7W,4096-QAM,True,1.25|10|30,A,L,B,42.66111111,-80.78194444,198.0,73.1,90.0,98.2164593940135,-0.0901803274032105,41.0,1.2,,A,"Andrew, Div of CommScope",UHX6-77,G,,,4.8,-69.44,-86.0,VIENNA (5372 TEALL NEIL RD) ON,VEM660,010031551-004,Backhaul Network Services Inc.,2022-03-11,False,False,0.0,15.0
RX,7800.0,30.0,27400.0,27M4D7W,4096-QAM,True,1.25|10|30,A,M,A,43.41388889,-80.06083333,279.0,55.1,64.0,235.333491157718,-0.0803787146158963,41.0,1.2,,A,"Andrew, Div of CommScope",UHX6-77,G,,,4.3,-63.0,-86.0,Freelton (Hwy 6) ON,XKX933,010072188-004,Backhaul Network Services Inc.,2021-09-01,False,False,0.0,15.0
RX,7800.0,30.0,30000.0,30M0D7WET,64-QAM,True,1.25|10|30,A,,B,43.92833333,-79.05944444,186.0,46.5,48.0,97.9051595998672,-0.458546116914597,41.0,1.2,,A,"Andrew, Div of CommScope",UHX6-77,G,,,0.8,-55.06,-103.5,PICKERING (2585 CONCESSION RD 6) ON,VEL662,010074535-002,Backhaul Network Services Inc.,2014-10-29,False,False,0.0,15.0
RX,7800.0,30.0,27400.0,27M4D7W,4096-QAM,True,1.25|10|30,A,L,B,43.13878611,-81.56183611,233.0,82.0,91.0,179.050509883619,-0.0854971825623783,40.6,1.5,,A,"Andrew, Div of CommScope",USX6-7W,G,,,1.3,-69.69,-86.0,AILSA CRAIG (CASSIDY RD/HWY 7) ON,VFE459,010031383-005,Backhaul Network Services Inc.,2022-07-15,False,False,0.0,15.0
RX,7800.0,30.0,27400.0,27M4D7W,4096-QAM,True,1.25|10|30,A,,B,45.14527778,-79.98805556,184.0,46.5,50.0,107.808201918976,0.276975310905826,40.6,1.5,,A,"Andrew, Div of CommScope",USX6-7W,G,,,4.8,-68.0,-86.0,WOODS BAY (GRISDALES RD) ON,CIO925,010069453-004,Backhaul Network Services Inc.,2022-03-31,False,False,0.0,15.0
RX,7800.0,30.0,30000.0,30M0D7WET,64-QAM,True,1.25|10|30,A,L,B,45.53833333,-79.92138889,259.0,86.0,106.0,196.899901342959,-0.182115598277936,41.0,1.2,,A,"Andrew, Div of CommScope",UHX6-77,A,,,4.3,-68.0,-103.5,MCKELLAR (897 HWY 124) ON,VFE961,010069429-004,Backhaul Network Services Inc.,2020-07-01,False,False,0.0,15.0
RX,7800.0,30.0,27400.0,27M4D7W,4096-QAM,True,1.25|10|30,A,L,B,45.67673056,-79.641525,304.0,77.1,107.0,112.23797422124,-0.0188535514935417,43.5,1.0,,A,"Andrew, Div of CommScope",UHX8-77GD,G,,,4.8,-68.48,-86.0,MAGNETAWAN (12 JACKSONS RD) ON,VFE214,010069421-003,Backhaul Network Services Inc.,2022-03-01,False,False,0.0,15.0
RX,7800.0,30.0,27400.0,27M4D7W,4096-QAM,True,1.25|10|30,A,L,B,44.32253056,-79.15154722,267.0,63.5,135.0,187.99842671835,-0.0138365368622914,40.8,1.5,,A,"Andrew, Div of CommScope",HX6-7W,G,,,1.3,-67.96,-87.5,PEFFERLAW (400 DURHAM REGIONAL RD 12) ON,VEM464,010069413-006,Backhaul Network Services Inc.,2025-09-18,False,False,0.0,15.0
RX,7800.0,30.0,27300.0,27M3D7WET,512-QAM,True,1.25|10|30,A,,B,44.77177778,-79.99091667,310.0,42.0,78.0,108.830678917555,-0.492180469764489,41.0,1.2,,A,"Andrew, Div of CommScope",UHX6-77GE,A,,,2.3,-70.0,-90.0,Penetanguishene (318 Concession Rd 15 E) ON,XKX923,010069391-004,Backhaul Network Services Inc.,2018-08-01,False,False,0.0,15.0
RX,7800.0,30.0,28000.0,28M0D7WET,256-QAM,True,1.25|10|30,A,,B,46.21,-82.20916667,221.0,61.0,122.0,272.0,-0.016,43.5,1.0,,A,"Andrew, Div of CommScope",UHX8-77GD,B,,,2.4,-60.0,-101.0,WALFORD (80 WITHERS RD) ON,VDE890,010069329-002,Backhaul Network Services Inc.,2013-10-31,False,False,0.0,15.0
RX,7800.0,30.0,28000.0,28M0D7WET,256-QAM,True,1.25|10|30,A,,B,46.21,-82.20916667,221.0,64.0,122.0,75.0,-0.016,43.5,1.0,,A,"Andrew, Div of CommScope",UHX8-77GD,A,,,2.4,-61.2,-101.0,WALFORD (80 WITHERS RD) ON,VDE890,010069327-003,Backhaul Network Services Inc.,2017-03-06,False,False,0.0,15.0
RX,7800.0,30.0,30000.0,30M0D7WET,256-QAM,True,1.25|10|30,A,L,B,46.38888889,-80.01055556,221.0,102.0,127.0,360.0,0.049392471490987,43.4,1.4,,A,"Andrew, Div of CommScope",HPX8-77,G,,,0.8,-62.0,-97.5,Cache Bay (Hwy 17/Gauthier Rd) ON,XKX945,010069110-004,Backhaul Network Services Inc.,2020-10-15,False,False,0.0,15.0
RX,7800.0,30.0,27400.0,27M4D7W,4096-QAM,True,1.25|10|30,A,L,B,43.00549167,-80.6464,278.0,58.0,95.0,185.996723920945,-0.1876341279715,40.6,1.5,,A,"Andrew, Div of CommScope",USX6-7W,G,,,4.8,-68.0,-86.0,NORWICH (713516 MIDDLETOWN LINE) ON,VYB475,010068782-004,Rogers Communications Canada Inc.,2022-03-31,False,False,0.0,15.0
RX,7800.0,30.0,30000.0,30M0D7WET,64-QAM,True,1.25|10|30,A,,B,44.47861111,-80.62194444,430.0,56.0,100.0,204.9,-0.018,41.0,1.2,,A,"Andrew, Div of CommScope",UHX6-77,G,,,1.8,-57.5,-103.5,"ROCKLYN (MEAFORD, ON)",CKY566,010033631-002,Backhaul Network Services Inc.,2014-04-01,False,False,0.0,15.0
RX,7800.0,30.0,27400.0,27M4D7W,4096-QAM,True,1.25|10|30,A,L,B,45.69341667,-81.99324722,252.0,80.0,106.0,187.260353840532,-0.379968998390189,41.0,1.2,,A,"Andrew, Div of CommScope",UHX6-77,G,,,4.8,-68.03,-86.0,TEHKUMMAH (39 CASE RD) ON,CIN863,010033599-006,Backhaul Network Services Inc.,2022-03-31,False,False,0.0,15.0
RX,7800.0,30.0,27400.0,27M4D7W,4096-QAM,True,1.25|10|30,A,L,B,43.92836111,-80.87430556,382.0,70.1,100.0,20.3927138973464,-0.047347942744045,42.9,1.1,,A,"Andrew, Div of CommScope",USX8-7W,G,,,1.3,-68.09,-86.0,Harriston (6066 10th Line) ON,VFE675,010033587-004,Backhaul Network Services Inc.,2023-09-08,False,False,0.0,15.0
RX,7800.0,30.0,27400.0,27M4D7W,4096-QAM,True,1.25|10|30,A,L,B,44.59277778,-75.72944444,120.0,55.0,61.0,277.462640168065,-0.00688608225961754,42.9,1.1,,A,"Andrew, Div of CommScope",USX8-7W,G,,,4.8,-68.0,-86.0,BROCKVILLE (2566 CHEMICAL RD) ON,XKX900,010033511-005,Backhaul Network Services Inc.,2022-02-14,False,False,0.0,15.0
RX,7800.0,30.0,27400.0,27M4D7W,1024-QAM,True,1.25|10|30,A,L,B,45.53875,-79.91988889,259.0,85.0,106.0,338.630757713957,-0.111634730740091,42.9,1.2,,A,"Andrew, Div of CommScope",HPX8-71W,B,,,0.8,-60.0,-93.5,McKellar (897 Hwy 124) ON,VFE961,010033267-003,Backhaul Network Services Inc.,2020-12-17,False,False,0.0,15.0
RX,7800.0,30.0,27400.0,27M4D7W,4096-QAM,True,1.25|10|30,A,L,B,43.39063889,-81.29536111,328.0,61.0,98.0,108.964477007657,-0.0411056894505471,40.6,1.5,,A,"Andrew, Div of CommScope",USX6-7W,G,,,4.8,-68.0,-86.0,Russeldale (2888 Road 168) ON,VFF928,010033231-003,Backhaul Network Services Inc.,2022-03-01,False,False,0.0,15.0
RX,7800.0,30.0,27400.0,27M4D7W,4096-QAM,True,1.25|10|30,A,L,B,42.80780278,-81.56575,217.0,76.5,100.0,233.8,-0.03,41.0,1.2,,A,"Andrew, Div of CommScope",UHX6-77,G,,,4.8,-68.4,-86.0,MELBOURNE (6278 LONGWOODS RD) ON,VEM701,010033157-003,Backhaul Network Services Inc.,2022-03-28,False,False,0.0,15.0
RX,7800.0,30.0,27400.0,27M4D7W,4096-QAM,True,1.25|10|30,A,L,B,44.09472222,-80.12075,493.0,49.5,60.0,318.372085984565,-0.0102834445139688,42.9,1.2,,A,"Andrew, Div of CommScope",HPX8-71W,G,,,4.8,-68.0,-86.0,Primrose (507023 ON-89) ON,VEL895,010033147-005,Backhaul Network Services Inc.,2022-03-30,False,False,0.0,15.0
RX,7800.0,30.0,27400.0,27M4D7W,1024-QAM,True,1.25|10|30,A,L,B,43.31007778,-80.86003333,342.0,62.0,90.0,155.235372945741,-0.13420843289582,41.0,1.2,,A,"Andrew, Div of CommScope",UHX6-77GE,A,,,1.3,-67.92,-93.5,"HICKSON (537135, OXFORD RD 34) ON",VEM834,010033123-003,Backhaul Network Services Inc.,2022-12-13,False,False,0.0,15.0
RX,7800.0,30.0,30000.0,30M0D7WET,128-QAM,True,1.25|10|30,A,,B,42.93722222,-82.35611111,189.0,64.0,70.0,65.9,-0.094,41.0,1.2,,A,Ericsson (Marconi/GEC),ML7/8 1.8M HPX,A,,,2.4,-61.1,-98.0,SARNIA (360 GLADWISH DRIVE) ON,VEL677,010033031-001,Rogers Communications Canada Inc.,2010-10-01,False,False,0.0,15.0
RX,7800.0,30.0,27400.0,27M4D7W,4096-QAM,True,1.25|10|30,A,L,B,42.43493333,-81.86458611,225.0,54.0,100.0,170.14762429032,-0.304433375979904,40.6,1.5,,A,"Andrew, Div of CommScope",USX6-7W,G,,,4.8,-68.19,-86.0,RIDGETOWN (12930 GOLF COURSE LINE) ON,CKO340,010032947-005,Backhaul Network Services Inc.,2022-03-01,False,False,0.0,15.0
RX,7800.0,30.0,27400.0,27M4D7W,4096-QAM,True,1.25|10|30,A,L,B,44.75638889,-81.16833333,223.0,78.3,91.0,354.886980867914,-0.0963170686939958,41.0,1.2,,A,"Andrew, Div of CommScope",UHX6-77,G,,,4.8,-68.56,-86.0,WIARTON (645 NORTHACRES RD) ON,VBE651,010032739-006,Backhaul Network Services Inc.,2022-04-01,False,False,0.0,15.0
RX,7800.0,30.0,27400.0,27M4D7W,4096-QAM,True,1.25|10|30,A,L,B,44.16997222,-80.89505556,337.0,48.0,75.0,256.572595097802,-0.104447614663363,42.9,1.1,,A,"Andrew, Div of CommScope",HX8-7W,G,,,1.3,-68.0,-87.5,Vickers (402304 Grey Rd 4) ON,CGS459,010032509-006,Backhaul Network Services Inc.,2023-12-15,False,False,0.0,15.0
RX,7800.0,30.0,27400.0,27M4D7W,4096-QAM,True,1.25|10|30,A,L,B,44.26878333,-78.34088056,191.0,50.0,66.0,210.881441144526,0.0944033748233932,40.6,1.5,,A,"Andrew, Div of CommScope",USX6-7W,G,,,4.8,-68.0,-86.0,PETERBOROUGH (1049 CRAWFORD DR) ON,VDS257,010032427-004,Backhaul Network Services Inc.,2022-02-01,False,False,0.0,15.0
RX,7800.0,30.0,27400.0,27M4D7W,4096-QAM,True,1.25|10|30,A,L,B,44.01491111,-80.57619167,474.0,73.6,136.0,243.923637318895,-0.317716498299997,42.9,1.2,,A,"Andrew, Div of CommScope",HPX8-71W,G,,,1.3,-67.51,-87.5,CONN (031200 GREY COUNTY RD 14) ON,CHX771,010032391-006,Backhaul Network Services Inc.,2025-06-01,False,False,0.0,15.0
RX,7800.0,30.0,30000.0,30M0D7WET,64-QAM,True,1.25|10|30,A,,B,42.70694444,-82.28111111,188.0,88.0,111.0,272.399611134375,-0.183470825928867,40.7,1.6,,A,"Andrew, Div of CommScope",HPX6-77,A,,,0.9,-68.0,-101.0,WALLACEBURG (1291 BRIGDEN RD) ON,XKX925,010032331-004,Backhaul Network Services Inc.,2017-01-26,False,False,0.0,15.0
RX,7800.0,30.0,27400.0,27M4D7W,4096-QAM,True,1.25|10|30,A,L,B,46.12388889,-77.56166667,197.0,116.1,125.0,287.268410286102,-0.159321234000557,43.4,1.4,,A,"Andrew, Div of CommScope",HPX8-77,G,,,4.8,-68.75,-86.0,LAURENTIAN HILLS  (163 BASS LAKE RD) ON,VEL387,010032285-005,Backhaul Network Services Inc.,2022-03-25,False,False,0.0,15.0
RX,7800.0,30.0,30000.0,30M0D7WET,64-QAM,True,1.25|10|30,A,,B,42.27833333,-82.37861111,177.0,44.0,60.0,65.4772294329366,-0.0557947712403791,41.0,1.2,,A,"Andrew, Div of CommScope",UHX6-77,A,,,1.8,-64.7,-103.5,TILBURY (4241 QUEENS LINE) ON,VDE899,010032261-003,Backhaul Network Services Inc.,2017-07-12,False,False,0.0,15.0
RX,7800.0,30.0,27400.0,27M4D7W,4096-QAM,True,1.25|10|30,A,,B,45.27583333,-75.31861111,70.0,50.0,97.0,80.2514867487493,-0.0260469411489315,40.6,1.5,,A,"Andrew, Div of CommScope",USX6-7W,G,,,4.8,-68.87,-86.0,EMBRUN (960 ST-GUILLAUME RD) ON,XJV259,010032253-005,Backhaul Network Services Inc.,2022-02-01,False,False,0.0,15.0
RX,7800.0,30.0,30000.0,30M0D7W,1024-QAM,True,1.25|10|30,A,L,B,43.00333333,-81.80472222,251.0,44.0,96.0,305.229381304694,-0.135422670599131,43.5,1.0,,A,"Andrew, Div of CommScope",UHX8-77GD,G,,,4.8,-65.65,-92.0,WATFORD (8885 EGREMONT ROAD) ON,XKX912,010032219-005,Backhaul Network Services Inc.,2021-11-28,False,False,0.0,15.0
RX,7800.0,30.0,27400.0,27M4D7W,4096-QAM,True,1.25|10|30,A,M,A,45.45513889,-75.58541667,53.0,28.0,40.0,35.3280697104253,0.365874654496846,41.0,1.2,,A,"Andrew, Div of CommScope",UHX6-77,G,,,4.8,-68.0,-86.0,"Ottawa, ON (5345 Canotek Road)",VEA992,010032153-003,Rogers Communications Canada Inc.,2022-03-31,False,False,0.0,15.0
RX,7800.0,30.0,27400.0,27M4D7W,4096-QAM,True,1.25|10|30,A,L,B,43.52788333,-80.76488611,385.0,83.4,100.0,95.0888803438814,-0.339221879976065,43.4,1.4,,A,"Andrew, Div of CommScope",HPX8-77,G,,,4.8,-67.63,-86.0,WELLESLEY (2437 MANSER RD) ON,CIN944,010032149-004,Backhaul Network Services Inc.,2022-03-31,False,False,0.0,15.0
RX,7800.0,30.0,27400.0,27M4D7W,4096-QAM,True,1.25|10|30,A,L,B,45.30694444,-74.94111111,93.0,30.0,61.0,51.2533951512475,0.0126559633159621,42.9,1.2,,A,"Andrew, Div of CommScope",HPX8-71W,G,,,4.3,-65.0,-86.0,CASSELMAN (HWY 417/HWY 138) ON,VBE699,010032079-004,Backhaul Network Services Inc.,2023-06-25,False,False,0.0,15.0
RX,7800.0,30.0,27400.0,27M4D7W,4096-QAM,True,1.25|10|30,A,M,A,44.54675,-79.68188889,381.0,25.0,37.0,187.219939691937,-0.312100778216467,41.0,1.2,,A,"Andrew, Div of CommScope",UHX6-77,G,,,4.8,-69.36,-86.0,Horseshoe Valley (3513 Line 3 N) ON,VEA455,010032075-006,Backhaul Network Services Inc.,2022-02-01,False,False,0.0,15.0
RX,7800.0,30.0,27400.0,27M4D7W,4096-QAM,True,1.25|10|30,A,L,B,42.56,-82.19594444,182.0,58.0,89.0,283.874167647122,-0.144496887193538,42.9,1.1,,A,"Andrew, Div of CommScope",USX8-7W,G,,,4.8,-67.89,-86.0,DRESDEN (25838 LINDSAY RD) ON,VEM267,010031979-005,Backhaul Network Services Inc.,2022-03-15,False,False,0.0,15.0
RX,7800.0,30.0,27400.0,27M4D7W,4096-QAM,True,1.25|10|30,A,L,B,44.93643611,-75.14688056,85.0,82.6,91.0,57.3688436961452,-0.193200419199578,43.5,1.0,,A,"Andrew, Div of CommScope",UHX8-77GD,G,,,4.8,-68.05,-86.0,MORRISBURG (HWY 401 / HWY 8) ON,XKX902,010031879-004,Backhaul Network Services Inc.,2022-04-01,False,False,0.0,15.0
RX,7800.0,30.0,30000.0,30M0D7WET,128-QAM,True,1.25|10|30,A,,B,43.36194444,-79.86583333,259.0,67.0,106.0,183.5,-0.365,43.4,1.4,,A,"Andrew, Div of CommScope",HPX8-77,A,,,2.2,-67.5,-101.0,BURLINGTON (1245 DUNDAS ST) ON,XKU501,010031831-001,Rogers Communications Canada Inc.,2010-08-27,False,False,0.0,15.0
RX,7800.0,30.0,30000.0,30M0D7WET,256-QAM,True,1.25|10|30,A,,B,44.11305556,-80.02083333,380.0,86.0,100.0,73.0,-0.912,41.0,1.2,,A,"Andrew, Div of CommScope",UHX6-77,A,,,2.3,-65.1,-97.5,ROSEMONT(.4 KM S RD 18 / HWY 89 )ON,VEM675,010031803-001,Rogers Communications Canada Inc.,2014-04-01,False,False,0.0,15.0
RX,7800.0,30.0,27400.0,27M4D7W,4096-QAM,True,1.25|10|30,A,,B,44.66105556,-76.35525,140.0,110.0,122.0,357.010851859413,-0.0532467212866376,43.5,1.0,,A,"Andrew, Div of CommScope",UHX8-77GD,G,,,4.8,-68.0,-86.0,Westport (9140 CR-42) ON,VBE601,010031779-005,Backhaul Network Services Inc.,2022-02-18,False,False,0.0,15.0
RX,7800.0,30.0,27400.0,27M4D7W,1024-QAM,True,1.25|10|30,A,L,B,44.58783611,-78.16448333,289.0,65.0,106.0,259.288869175454,-0.0176071660384075,41.0,1.2,,A,"Andrew, Div of CommScope",UHX6-77,G,,,4.3,-64.22,-93.5,HARCOURT (5914 HWY 28) ON,VAD497,010031741-006,Backhaul Network Services Inc.,2022-09-01,False,False,0.0,15.0
RX,7800.0,30.0,27400.0,27M4D7W,4096-QAM,True,1.25|10|30,A,M,A,44.11205556,-78.91669444,277.0,50.4,76.0,340.771894944341,-0.00107379887190539,43.5,1.0,,A,"Andrew, Div of CommScope",UHX8-77GD,G,,,4.8,-68.0,-86.0,Port Perry (Head Rd / Island Rd) ON,VAD464,010031733-003,Backhaul Network Services Inc.,2022-02-01,False,False,0.0,15.0
RX,7800.0,30.0,27400.0,27M4D7W,1024-QAM,True,1.25|10|30,A,L,B,45.39894444,-76.60942778,216.0,78.2,92.0,318.648031952492,-0.200429395844997,44.9,1.0,,A,"Andrew, Div of CommScope",HPX10-71W,A,,,1.3,-68.25,-93.5,BURNSTOWN (2195 BURNSTOWN RD) ON,VAD402,010031671-008,Backhaul Network Services Inc.,2022-10-21,False,False,0.0,15.0
RX,7800.0,30.0,27400.0,27M4D7W,4096-QAM,True,1.25|10|30,A,L,B,45.81888889,-77.15388889,150.0,50.3,107.0,135.718460658077,0.0682598326493743,42.9,1.2,,A,"Andrew, Div of CommScope",HPX8-71W,G,,,4.8,-68.0,-86.0,"PEMBROKE, ON-219 TV TOWER ROAD",VAD404,010031669-006,Backhaul Network Services Inc.,2022-02-14,False,False,0.0,15.0
RX,7800.0,10.0,10000.0,10M0D7WET,64-QAM,True,1.25|10|30,A,,B,49.70222222,-94.7875,358.0,116.0,148.0,70.1,-0.115,43.5,1.0,,A,"Andrew, Div of CommScope",UHX8-77GD,A,,,2.4,-66.7,-110.0,CLEARWATER BAY(MACCALLUM PNT RD) ON,XJV269,010031657-001,Rogers Communications Canada Inc.,2010-12-15,False,False,0.0,5.0
RX,7800.0,30.0,27400.0,27M4D7W,4096-QAM,True,1.25|10|30,A,M,A,42.9465,-81.18105556,275.0,41.5,49.0,61.9578688355458,0.0681832222695671,40.6,1.5,,A,"Andrew, Div of CommScope",USX6-7W,G,,,4.8,-68.0,-86.0,London (1555 Bradley Ave) ON,VAD461,010031651-004,Backhaul Network Services Inc.,2022-02-10,False,False,0.0,15.0
RX,7800.0,10.0,10000.0,10M0D7WET,64-QAM,True,1.25|10|30,A,,B,44.48444444,-78.56944444,272.0,53.0,105.0,185.386899524728,0.0464779084060334,43.5,1.0,,A,"Andrew, Div of CommScope",UHX8-77GD,A,,,2.4,-60.8,-106.0,DUNSFORD (HWY 36/STEELES LINE) ON,CJL824,010031633-002,Rogers Communications Canada Inc.,2015-01-13,False,False,0.0,5.0
RX,7800.0,30.0,30000.0,30M0D7WET,64-QAM,True,1.25|10|30,A,,B,44.20444444,-76.76611111,109.0,55.0,100.0,232.225020107764,-0.181903934965238,43.5,1.0,,A,"Andrew, Div of CommScope",UHX8-77GD,A,,,2.2,-67.0,-101.0,BATH (1610 DOYLE RD) ON,VEM645,010031609-003,Rogers Communications Canada Inc.,2017-01-26,False,False,0.0,15.0
RX,7800.0,30.0,30000.0,30M0D7WET,256-QAM,True,1.25|10|30,A,L,B,48.49472222,-81.20888889,297.0,79.0,100.0,72.724766175998,-0.08984932724953,43.4,1.4,,A,"Andrew, Div of CommScope",HPX8-77,A,,,0.9,-65.0,-96.0,TIMMINS (1310 FERGUSON RD) ON,VEL757,010031575-005,Backhaul Network Services Inc.,2021-01-15,False,False,0.0,15.0
RX,7800.0,30.0,27400.0,27M4D7W,4096-QAM,True,1.25|10|30,A,L,B,42.66111111,-80.78194444,198.0,72.5,90.0,282.825592348036,-0.00876685998745474,43.5,1.0,,A,"Andrew, Div of CommScope",UHX8-77GD,G,,,4.8,-66.24,-86.0,VIENNA (5372 TEALL NEIL RD) ON,VEM660,010031553-003,Backhaul Network Services Inc.,2022-03-11,False,False,0.0,15.0
RX,7800.0,30.0,27400.0,27M4D7W,4096-QAM,True,1.25|10|30,A,L,B,44.28812778,-81.07914722,280.0,54.0,100.0,269.761234235793,-0.199867241154093,41.0,1.2,,A,"Andrew, Div of CommScope",UHX6-77,G,,,1.3,-67.77,-86.0,Chesley (2255 Bruce Rd 19) ON,VFE256,010031419-006,Backhaul Network Services Inc.,2023-08-22,False,False,0.0,15.0
RX,7800.0,30.0,27400.0,27M4D7W,4096-QAM,True,1.25|10|30,A,,B,45.46361111,-75.16388889,50.0,74.3,91.0,60.9879338136932,-0.0021617028991033,43.5,1.0,,A,"Andrew, Div of CommScope",UHX8-77GD,G,,,4.8,-68.0,-86.0,BOURGET (2333 LALONDE RD) ON,XKU532,010031395-004,Backhaul Network Services Inc.,2022-03-31,False,False,0.0,15.0
RX,7800.0,30.0,27400.0,27M4D7W,4096-QAM,True,1.25|10|30,A,L,B,43.61094444,-81.37905556,324.0,75.0,96.0,36.95049384974,0.00838954727688904,42.9,1.1,,A,"Andrew, Div of CommScope",USX8-7W-6GF,G,,,1.3,-68.0,-87.5,SEAFORTH (42325 SUMMERHILL RD) ON,CYF213,010031355-006,Backhaul Network Services Inc.,2023-02-03,False,False,0.0,15.0
RX,7800.0,30.0,27300.0,27M3D7WET,512-QAM,True,1.25|10|30,A,L,B,45.32970278,-76.14881944,137.0,49.5,70.0,148.739174546221,-0.0375115747904229,42.9,1.2,,A,"Andrew, Div of CommScope",HPX8-71W,A,,,1.3,-69.87,-90.0,CARP (2590 MARSHWOOD RD) ON,VEL348,010031349-005,Backhaul Network Services Inc.,2022-09-01,False,False,0.0,15.0
RX,7800.0,30.0,27400.0,27M4D7W,4096-QAM,True,1.25|10|30,A,L,B,42.40180556,-82.02580556,188.0,65.0,74.0,14.6630436325609,-0.100928962542125,42.9,1.1,,A,"Andrew, Div of CommScope",USX8-7W,G,,,4.8,-67.94,-86.0,Pinehurst (10491 Burk Line) ON,CYF652,010031335-004,Backhaul Network Services Inc.,2022-03-15,False,False,0.0,15.0
RX,7800.0,30.0,27400.0,27M4D7W,4096-QAM,True,1.25|10|30,A,,B,43.94277778,-77.22722222,97.0,72.0,100.0,285.205805728497,-0.0829608101353027,42.9,1.1,,A,"Andrew, Div of CommScope",USX8-7W,G,,,4.8,-68.0,-86.0,WEST LAKE (S/W RR12 AND RIDGE RD) ON,CIN646,010031255-005,Backhaul Network Services Inc.,2022-02-18,False,False,0.0,15.0
RX,7800.0,30.0,27400.0,27M4D7W,1024-QAM,True,1.25|10|30,A,L,B,44.05880556,-81.58925,238.0,75.0,80.0,139.517093307824,0.24473855913827,41.0,1.2,,A,Ericsson (Marconi/GEC),ML7/8 1.8M HPX,A,,,2.3,-66.0,-93.5,Ripley (691 CR-7) ON,VFE239,010031227-005,Backhaul Network Services Inc.,2020-06-01,False,False,0.0,15.0
RX,7800.0,30.0,27400.0,27M4D7W,4096-QAM,True,1.25|10|30,A,L,B,43.31531389,-81.306725,305.0,79.0,100.0,224.8,-0.123,42.9,1.1,,A,"Andrew, Div of CommScope",USX8-7W,G,,,1.3,-67.29,-86.0,KIRKTON (5857 LINE 8) ON,CIO687,010031181-004,Backhaul Network Services Inc.,2024-04-26,False,False,0.0,15.0
RX,7800.0,10.0,10000.0,10M0D7WET,64-QAM,True,1.25|10|30,A,,B,43.63058333,-80.12344444,378.0,57.0,100.0,254.157450974706,-0.151455176978262,41.0,1.2,,A,"Andrew, Div of CommScope",UHX6-77,A,,,2.3,-67.0,-106.0,ROCKWOOD (8547 WELLINGTON RD 50) ON,VEL985,010031111-004,Rogers Communications Canada Inc.,2016-08-09,False,False,0.0,5.0
RX,7800.0,10.0,10000.0,10M0D7WET,64-QAM,True,1.25|10|30,A,,B,42.87444444,-80.13111111,208.0,52.0,91.0,221.402299464064,-0.0755383072933115,42.9,1.2,,A,"Andrew, Div of CommScope",HPX8-71W,A,,,0.8,-62.2,-107.0,JARVIS (OLD 3 HWY/TALBOT RD )  ON,VEL456,010030973-002,Rogers Communications Canada Inc.,2014-12-30,False,False,0.0,5.0
RX,7800.0,30.0,27400.0,27M4D7W,4096-QAM,True,1.25|10|30,A,L,B,44.02797222,-77.89208333,205.0,81.0,91.0,257.021584215187,-0.268262128119603,41.0,1.2,,A,"Andrew, Div of CommScope",UHX6-77GE,G,,,4.8,-66.9,-86.0,Colborne (220 Herley Rd) ON,XKU591,010030835-006,Backhaul Network Services Inc.,2025-09-02,False,False,0.0,15.0
RX,7800.0,30.0,27400.0,27M4D7W,4096-QAM,True,1.25|10|30,A,L,B,42.14972222,-82.64388889,190.0,65.0,89.0,34.8066503360843,-0.14826801020296,43.5,1.0,,A,"Andrew, Div of CommScope",UHX8-77GD,G,,,4.3,-63.0,-86.0,ALBUNA (ROAD 10/ALBUNA TOWNLINE) ON,VFE296,010030783-007,Backhaul Network Services Inc.,2021-09-01,False,False,0.0,15.0
RX,7797.5,5.0,5000.0,5M00D7WET,128-QAM,True,1.25|5,A,,B,43.89555556,-78.77611111,130.0,35.0,37.0,82.6,-0.004,41.0,1.2,,A,"Andrew, Div of CommScope",UHX6-77,A,,,1.2,-63.4,-107.0,COURTICE (1696 BLOOR ST) ON,VEA898,010032121-001,Rogers Communications Canada Inc.,2013-04-01,False,False,0.0,0.0
RX,7795.0,20.0,20000.0,20M0D7WET,64-QAM,True,1.25|20,A,,B,46.54722222,-79.58361111,371.0,79.0,127.0,297.904665135904,-0.218350232604712,43.4,1.4,,A,"Andrew, Div of CommScope",HPX8-77,A,,,0.8,-65.0,-105.0,Tilden Lake (Hwy 11) ON,CYF334,010069925-003,Backhaul Network Services Inc.,2017-01-27,False,False,0.0,5.0
RX,7775.0,20.0,20000.0,20M0D7WET,64-QAM,True,1.25|20,A,,B,46.54722222,-79.58361111,371.0,79.0,127.0,297.904665135904,-0.218350232604712,43.4,1.4,,A,"Andrew, Div of CommScope",HPX8-77,B,,,0.8,-65.0,-105.0,Tilden Lake (Hwy 11) ON,CYF334,010069925-003,Backhaul Network Services Inc.,2017-01-27,False,False,0.0,0.0
RX,7770.0,30.0,27400.0,27M4D7W,4096-QAM,True,1.25|10|30,A,L,B,44.88908333,-78.38766667,382.0,66.0,108.0,11.7428561244993,0.0661509124150566,42.9,1.1,,A,"Andrew, Div of CommScope",USX8-7W,G,,,1.3,-65.47,-87.5,Gooderham (7959 Buckhorn Rd) ON,VEM847,011121074-001,Backhaul Network Services Inc.,2026-06-01,False,False,0.0,0.0
RX,7770.0,30.0,27400.0,27M4D7W,4096-QAM,True,1.25|10|30,A,L,B,47.409625,-79.666825,305.0,78.0,97.5,115.225971381266,-0.288630904321568,40.6,1.5,,A,"Andrew, Div of CommScope",USX6-7W,G,,,1.3,-68.18,-87.5,HAILEYBURY (LOT 1 CONCESSION 9) ON,CIK673,011132326-001,Rogers Communications Canada Inc.,2026-06-01,False,False,0.0,0.0
RX,7770.0,30.0,27400.0,27M4D7W,4096-QAM,True,1.25|10|30,A,L,B,45.16561944,-77.54359444,356.0,80.0,90.0,268.790408035482,0.156465162686468,42.9,1.1,,A,"Andrew, Div of CommScope",USX8-7W,G,,,1.3,-67.02,-87.5,Mcarthurs Mills (514 Lalande Rd) ON,CIZ525,011119474-001,Backhaul Network Services Inc.,2026-05-21,False,False,0.0,0.0
RX,7770.0,30.0,27400.0,27M4D7W,4096-QAM,True,1.25|10|30,A,L,B,44.79541389,-77.83021667,348.0,75.0,90.0,255.339132984873,-0.150066349102016,42.9,1.1,,A,"Andrew, Div of CommScope",USX8-7W,G,,,1.3,-66.91,-87.5,WOLLASTON (2 THE RIDGE RD) ON,CIZ576,011121071-001,Backhaul Network Services Inc.,2026-05-20,False,False,0.0,0.0
RX,7770.0,30.0,27400.0,27M4D7W,4096-QAM,True,1.25|10|30,A,L,B,45.20775278,-77.65833889,390.0,65.0,91.0,208.224316094474,-0.200273655593005,42.9,1.1,,A,"Andrew, Div of CommScope",USX8-7W,G,,,1.3,-66.68,-87.5,Boulter (539 Kuno Rd) ON,CIX848,011120883-001,Backhaul Network Services Inc.,2026-03-07,False,False,0.0,0.0
RX,7770.0,30.0,27400.0,27M4D7W,4096-QAM,True,1.25|10|30,A,L,B,45.36442222,-77.42239722,405.0,80.0,90.0,184.355986446885,-0.205186429857155,42.9,1.1,,A,"Andrew, Div of CommScope",USX8-7W,G,,,1.3,-67.8,-87.5,PALMER RAPIDS (1269 LETTER KENNY RD) ON,CIX272,011120519-001,Backhaul Network Services Inc.,2026-02-27,False,False,0.0,0.0
RX,7770.0,30.0,27400.0,27M4D7W,4096-QAM,True,1.25|10|30,A,L,B,44.88,-77.19780556,325.0,62.5,139.0,359.859949541007,0.243024707295256,42.9,1.1,,A,"Andrew, Div of CommScope",USX8-7W,G,,,1.3,-62.56,-86.5,"CLOYNE (15747 HWY 41, NORTH FRONTENAC) ON",CIX265,011109714-002,Backhaul Network Services Inc.,2025-12-31,False,False,0.0,0.0
RX,7770.0,30.0,27400.0,27M4D7W,4096-QAM,True,1.25|10|30,A,L,B,45.55547222,-77.40455556,179.0,85.0,100.0,276.144585572903,0.292675990040382,42.9,1.1,,A,"Andrew, Div of CommScope",USX8-7W,G,,,1.3,-62.13,-87.5,KILLALOE (171 WATER ST) ON,VFG406,011077478-002,Backhaul Network Services Inc.,2025-12-19,False,False,0.0,0.0
RX,7770.0,30.0,27400.0,27M4D7W,4096-QAM,True,1.25|10|30,A,L,B,48.46166667,-81.32722222,307.0,48.0,60.0,247.292009299605,-0.0324996080215662,40.6,1.5,,A,"Andrew, Div of CommScope",USX6-7W,G,,,1.3,-65.0,-87.5,Timmins (629 Spruce St S) ON,CIV983,011105068-002,Backhaul Network Services Inc.,2025-11-21,False,False,0.0,0.0
RX,7770.0,30.0,27400.0,27M4D7W,4096-QAM,True,1.25|10|30,A,L,B,43.94277778,-77.22744444,98.0,88.0,100.0,98.6859869295437,-0.210788238894083,42.9,1.1,,A,"Andrew, Div of CommScope",USX8-7W,G,,,1.3,-67.24,-87.5,Athol (1131 CR-12) ON,CIN646,011105571-002,Backhaul Network Services Inc.,2026-01-07,False,False,0.0,0.0
RX,7770.0,30.0,27400.0,27M4D7W,4096-QAM,True,1.25|10|30,A,L,B,45.36919444,-77.32319444,434.0,100.0,104.0,149.352371410755,-0.406428927263159,40.6,1.5,,A,"Andrew, Div of CommScope",USX6-7W,G,,,1.3,-65.61,-87.5,EGANVILLE (1568 QUADEVILLE RD) ON,CIV494,011089983-002,Backhaul Network Services Inc.,2025-10-21,False,False,0.0,0.0
RX,7770.0,30.0,27400.0,27M4D7W,4096-QAM,True,1.25|10|30,A,L,B,43.90001111,-81.31842778,320.0,78.0,100.0,100.372804168677,-0.0356532080656611,42.9,1.1,,A,"Andrew, Div of CommScope",USX8-7W,G,,,1.3,-65.79,-87.5,Wingham (237 Alice St) ON,CHV288,011098528-002,Backhaul Network Services Inc.,2025-08-28,False,False,0.0,0.0
RX,7770.0,30.0,27400.0,27M4D7W,4096-QAM,True,1.25|10|30,A,L,B,45.315,-77.93941667,499.0,70.0,90.0,43.7504460342017,-0.317793473575444,40.6,1.5,,A,"Andrew, Div of CommScope",USX6-7W,G,,,1.3,-68.27,-87.5,"MAYNOOTH(68 Steeles Road),ON",CHU895,011094091-002,Backhaul Network Services Inc.,2025-08-13,False,False,0.0,0.0
RX,7770.0,30.0,27400.0,27M4D7W,4096-QAM,True,1.25|10|30,A,L,B,46.56705278,-79.16888889,368.0,101.0,110.9,16.362032417821,-0.238338290842546,42.9,1.1,,A,"Andrew, Div of CommScope",USX8-7W,G,,,1.3,-67.92,-87.5,ELDEE (BEHNKE RD 21 & OM 63) ON,CHU817,011098546-002,Backhaul Network Services Inc.,2025-08-14,False,False,0.0,0.0
RX,7770.0,30.0,27400.0,27M4D7W,4096-QAM,True,1.25|10|30,A,L,B,44.01491111,-80.57619167,474.0,73.6,136.0,243.923637318895,-0.317716498299997,42.9,1.2,,A,"Andrew, Div of CommScope",HPX8-71W,G,,,1.3,-67.51,-87.5,CONN (031200 GREY COUNTY RD 14) ON,CHX771,010032391-006,Backhaul Network Services Inc.,2025-06-01,False,False,0.0,0.0
RX,7770.0,30.0,27400.0,27M4D7W,4096-QAM,True,1.25|10|30,A,L,B,44.98700833,-78.09309444,463.0,66.0,106.0,69.0298072767882,-0.197598396810983,42.9,1.1,,A,"Andrew, Div of CommScope",USX8-7W,G,,,1.4,-64.67,-86.0,Paudash Lake (1165 Gander Road) ON,VBE670,010031825-007,Backhaul Network Services Inc.,2025-06-01,False,False,0.0,0.0
RX,7770.0,30.0,27400.0,27M4D7W,4096-QAM,True,1.25|10|30,A,L,B,44.41636111,-80.85419444,350.0,57.0,106.0,330.130150824193,-0.296572296624397,42.9,1.1,,A,"Andrew, Div of CommScope",USX8-7W,G,,,1.3,-64.0,-87.5,ARNOTT (396414 CONC RD 2) ON,CHY994,011078204-002,Backhaul Network Services Inc.,2025-03-24,False,False,0.0,0.0
RX,7770.0,30.0,27400.0,27M4D7W,4096-QAM,True,1.25|10|30,A,L,B,45.23901667,-76.19953333,141.0,55.0,90.0,233.021791820941,0.23660735558701,40.6,1.5,,A,"Andrew, Div of CommScope",USX6-7W,G,,,1.3,-67.73,-87.5,ALMONTE (5648 MARTIN STREET NORTH) ON,CJL953,011078197-002,Backhaul Network Services Inc.,2025-04-03,False,False,0.0,0.0
RX,7770.0,30.0,27400.0,27M4D7W,4096-QAM,True,1.25|10|30,A,L,B,45.56541667,-76.78786944,178.0,85.0,100.0,11.4799889953672,-0.185650324029592,40.6,1.5,,A,"Andrew, Div of CommScope",USX6-7W,G,,,1.3,-65.4,-87.5,HALEY STATION (1359 HALEY ROAD) ON,CHY783,011075276-002,Backhaul Network Services Inc.,2025-02-28,False,False,0.0,0.0
RX,7770.0,30.0,27400.0,27M4D7W,4096-QAM,True,1.25|10|30,A,L,B,45.11780556,-78.49869444,450.0,45.0,100.0,27.3159415919703,0.0508813226186158,40.6,1.5,,A,"Andrew, Div of CommScope",USX6-7W,G,,,1.3,-64.65,-86.0,EAGLE LAKE (1279 BUSHWOLF LAKE ROAD) ON,VFG889,011075294-002,Backhaul Network Services Inc.,2025-02-07,False,False,0.0,0.0
RX,7770.0,30.0,27400.0,27M4D7W,4096-QAM,True,1.25|10|30,A,L,B,44.58580556,-78.25272222,253.0,75.0,90.0,176.221729917362,-0.0236330518742996,40.6,1.5,,A,"Andrew, Div of CommScope",USX6-7W,G,,,1.3,-67.92,-87.5,TRENT LAKES (77 JACK HILL'S RD) ON,CHY704,011074839-002,Backhaul Network Services Inc.,2025-02-04,False,False,0.0,0.0
RX,7770.0,30.0,27400.0,27M4D7W,4096-QAM,True,1.25|10|30,A,L,B,45.2645,-76.78665833,363.0,30.0,50.0,116.246378027286,-0.281493845217842,40.8,1.5,,A,"Andrew, Div of CommScope",HX6-7W,G,,,1.3,-65.94,-87.5,Madawaska (30 Barrett Chute Rd) ON,CIN825,011055422-002,Backhaul Network Services Inc.,2025-01-29,False,False,0.0,0.0
RX,7770.0,30.0,27400.0,27M4D7W,4096-QAM,True,1.25|10|30,A,L,B,46.07069444,-79.51575,307.0,102.0,110.0,260.538015150329,-0.275079415116632,42.9,1.1,,A,"Andrew, Div of CommScope",USX8-7W,G,,,1.3,-63.3,-87.5,NIPISSING (335 KING ROAD) ON,CHY659,011073312-002,Backhaul Network Services Inc.,2025-01-24,False,False,0.0,0.0
RX,7770.0,30.0,27400.0,27M4D7W,4096-QAM,True,1.25|10|30,A,L,B,44.79827778,-81.27819444,190.0,48.0,79.7,77.8425519088808,0.204450677565565,42.9,1.1,,A,"Andrew, Div of CommScope",USX8-7W,G,,,1.3,-67.38,-87.5,Red Bay (Thomas St / Huron Rd) ON,CHX497,011072406-002,Backhaul Network Services Inc.,2025-01-22,False,False,0.0,0.0
RX,7770.0,30.0,27400.0,27M4D7W,4096-QAM,True,1.25|10|30,A,L,B,44.50755556,-77.09330556,180.0,80.0,89.0,256.322877971382,-0.0967977089382275,40.6,1.5,,A,"Andrew, Div of CommScope",USX6-7W,G,,,1.3,-67.59,-87.5,Erinsville (425 Clearview Rd) ON,CHY592,011072170-002,Backhaul Network Services Inc.,2025-01-31,False,False,0.0,0.0
RX,7770.0,30.0,27400.0,27M4D7W,4096-QAM,True,1.25|10|30,A,L,B,45.04311111,-78.49969444,405.0,58.5,64.1,111.700665722037,0.0993410871091785,40.6,1.5,,A,"Andrew, Div of CommScope",USX6-7W,G,,,1.3,-65.97,-87.5,Haliburton (84 Skyline Park Rd) ON,VFE831,010912554-003,Backhaul Network Services Inc.,2025-02-06,False,False,0.0,0.0
RX,7770.0,30.0,27400.0,27M4D7W,4096-QAM,True,1.25|10|30,A,L,B,45.03637222,-76.25302778,147.0,60.0,97.5,276.548860259502,0.20793271720515,40.6,1.5,,A,"Andrew, Div of CommScope",USX6-7W,G,,,0.8,-67.32,-87.5,PERTH (1208 DRUMMOND CONCESSION 10B RD) ON,CHY344,011037556-002,Backhaul Network Services Inc.,2024-12-27,False,False,0.0,0.0
RX,7770.0,30.0,27400.0,27M4D7W,4096-QAM,True,1.25|10|30,A,L,B,49.39111667,-82.35759722,228.0,71.0,123.0,103.06640410742,0.0368331680581036,42.9,1.1,,A,"Andrew, Div of CommScope",USX8-7W,G,,,1.3,-63.55,-86.0,KAPUSKASING(CLEAR LAKE ROAD) ON,CHQ898,011069079-002,Backhaul Network Services Inc.,2024-12-14,False,False,0.0,0.0
RX,7770.0,30.0,27400.0,27M4D7W,4096-QAM,True,1.25|10|30,A,L,B,46.38113889,-82.65269444,374.0,64.5,76.5,203.163090016438,-0.484730266095693,42.9,1.1,,A,"Andrew, Div of CommScope",USX8-7W,G,,,1.3,-66.65,-87.5,Elliot Lake (Roman Ave / Willoughby Rd) ON,VBE698,011069824-002,Backhaul Network Services Inc.,2024-12-30,False,False,0.0,0.0
RX,7770.0,30.0,27400.0,27M4D7W,4096-QAM,True,1.25|10|30,A,L,B,45.81555556,-77.09611111,153.0,24.0,24.0,71.0384854697063,0.0204850440556272,40.6,1.5,,A,"Andrew, Div of CommScope",USX6-7W,G,,,1.3,-64.34,-87.5,PEMBROKE (400 BELL ST) ON,VEM324,011069091-002,Backhaul Network Services Inc.,2024-12-13,False,False,0.0,0.0
RX,7770.0,30.0,27400.0,27M4D7W,4096-QAM,True,1.25|10|30,A,L,B,48.52975,-80.75922222,270.0,82.0,91.9,88.8784210494757,-0.13638466261968,42.9,1.1,,A,"Andrew, Div of CommScope",USX8-7W,G,,,1.3,-66.25,-87.5,Shillington (1181 Fretz Rd S) ON,CHQ818,011068769-002,Backhaul Network Services Inc.,2024-12-09,False,False,0.0,0.0
RX,7770.0,30.0,27400.0,27M4D7W,4096-QAM,True,1.25|10|30,A,L,B,44.21594444,-77.38116667,102.0,75.0,91.0,50.0858588639059,0.10669225787527,42.9,1.1,,A,"Andrew, Div of CommScope",USX8-7W,G,,,0.8,-66.58,-87.5,Belleville (86B Short St) ON,XKU593,011068791-002,Backhaul Network Services Inc.,2024-12-06,False,False,0.0,0.0
RX,7770.0,30.0,27400.0,27M4D7W,4096-QAM,True,1.25|10|30,A,L,B,45.26233333,-78.60652778,436.0,72.0,85.0,174.613127911882,-0.066511585196844,44.4,0.9,,A,"Andrew, Div of CommScope",USX10-7W 10FT 7G/8G,G,,,1.3,-64.0,-87.5,"Haliburton (Havelock Lake Ln, Part Lot 20, Concession 6) ON",CHY319,011068161-002,Backhaul Network Services Inc.,2024-12-31,False,False,0.0,0.0
RX,7770.0,30.0,27400.0,27M4D7W,4096-QAM,True,1.25|10|30,A,L,B,44.38925,-77.96672222,210.0,85.0,90.0,312.759855557049,-0.0243279885412434,40.6,1.5,,A,"Andrew, Div of CommScope",USX6-7W,G,,,1.3,-67.98,-86.0,Norwood (52 Mill St) ON,CGF601,011034759-002,Backhaul Network Services Inc.,2024-11-30,False,False,0.0,0.0
RX,7770.0,30.0,27400.0,27M4D7W,4096-QAM,True,1.25|10|30,A,L,B,43.74072222,-80.93366667,387.0,73.0,91.4,123.800307860193,-0.0442491705108872,42.9,1.1,,A,"Andrew, Div of CommScope",USX8-7W,G,,,4.8,-63.93,-86.0,LISTOWEL (5837 LINE 87) ON,VBE680,011067594-002,Backhaul Network Services Inc.,2024-11-28,False,False,0.0,0.0
RX,7770.0,30.0,27400.0,27M4D7W,4096-QAM,True,1.25|10|30,A,L,B,46.49550556,-84.02434167,263.0,52.0,97.4,289.620928329147,-0.274311496671159,40.6,1.5,,A,"Andrew, Div of CommScope",USX6-7W,G,,,1.3,-65.69,-87.5,ECHO BAY (9998 HIGHWAY 638) ON,CHW302,011064176-002,Backhaul Network Services Inc.,2024-10-21,False,False,0.0,0.0
RX,7770.0,30.0,27400.0,27M4D7W,4096-QAM,True,1.25|10|30,A,L,B,44.57901389,-80.86348611,303.0,80.0,100.0,321.914339354276,-0.271134012391902,40.6,1.5,,A,"Andrew, Div of CommScope",USX6-7W,G,,,1.3,-66.78,-87.5,OWEN SOUND (203580 HIGHWAY 26) ON,CHN337,011056119-002,Backhaul Network Services Inc.,2024-08-05,False,False,0.0,0.0
RX,7770.0,30.0,27400.0,27M4D7W,4096-QAM,True,1.25|10|30,A,L,B,47.40968611,-79.66714444,302.0,62.0,100.0,1.45954700943961,-0.484714518188142,42.9,1.1,,A,"Andrew, Div of CommScope",USX8-7W,G,,,0.8,-63.0,-86.5,HAILEYBURY (LOT 1 CONCESSION 9) ON,CHN328,010975386-002,Backhaul Network Services Inc.,2024-08-16,False,False,0.0,0.0
RX,7770.0,30.0,27400.0,27M4D7W,4096-QAM,True,1.25|10|30,A,L,B,46.32166667,-83.78361111,204.0,65.0,108.0,335.611711753154,0.410566576690405,40.6,1.5,,A,"Andrew, Div of CommScope",USX6-7W,G,,,1.3,-67.6,-87.5,BRUCE MINES (757 CONCESSION 5 RD) ON,VDE888,011037682-002,Backhaul Network Services Inc.,2024-05-28,False,False,0.0,0.0
RX,7770.0,30.0,27400.0,27M4D7W,4096-QAM,True,1.25|10|30,A,L,B,45.94036111,-79.97019444,261.0,72.4,90.0,57.5418423806386,-0.0511703383611682,42.9,1.1,,A,"Andrew, Div of CommScope",USX8-7W,G,,,1.3,-63.28,-87.5,Port Loring (425 East Rd) ON,CHM531,011033511-002,Backhaul Network Services Inc.,2024-05-28,False,False,0.0,0.0
RX,7770.0,30.0,27400.0,27M4D7W,4096-QAM,True,1.25|10|30,A,L,B,44.95591667,-76.54302778,204.0,68.8,100.0,130.338289252087,-0.226106814378495,40.6,1.5,,A,"Andrew, Div of CommScope",USX6-7W,G,,,1.3,-66.18,-87.5,Lanark Highlands (PT LT 9 CON 9 DALHOUSIE PT 1) ON,CHF232,011022190-002,Backhaul Network Services Inc.,2024-05-14,False,False,0.0,0.0
RX,7770.0,30.0,27400.0,27M4D7W,4096-QAM,True,1.25|10|30,A,L,B,45.63361111,-79.51972222,316.0,75.0,100.0,262.16987249554,-0.0517632571684789,40.6,1.5,,A,"Andrew, Div of CommScope",USX6-7W,G,,,1.3,-66.83,-87.5,Magenawan (155 Lakeview Dr. W) ON,VFG597,011037914-002,Backhaul Network Services Inc.,2024-05-29,False,False,0.0,0.0
RX,7770.0,30.0,27400.0,27M4D7W,4096-QAM,True,1.25|10|30,A,L,B,44.80694444,-75.69722222,104.0,71.3,90.0,162.647839715336,-0.0471898345858043,42.9,1.1,,A,"Andrew, Div of CommScope",USX8-7W,G,,,1.3,-61.68,-87.5,NORTH AUGUSTA (9436 KYLE RD) ON,CHD865,011021598-002,Backhaul Network Services Inc.,2024-04-12,False,False,0.0,0.0
RX,7770.0,30.0,27400.0,27M4D7W,4096-QAM,True,1.25|10|30,A,M,A,43.01330556,-81.26636111,240.0,49.5,60.0,345.274982533789,0.273856477074105,40.6,1.5,,A,"Andrew, Div of CommScope",USX6-7W,G,,,1.3,-68.0,-87.5,London (1265 Richmond St) ON,VDS213,010031017-007,Backhaul Network Services Inc.,2024-04-16,False,False,0.0,0.0
RX,7770.0,30.0,27400.0,27M4D7W,4096-QAM,True,1.25|10|30,A,L,B,45.05058333,-74.67752778,53.0,57.0,69.5,1.23807091183312,0.0778125792643539,42.9,1.1,,A,"Andrew, Div of CommScope",USX8-7W,G,,,1.3,-62.98,-87.5,South Glengarry (6367 Boundary Rd) ON,CGA702,011021462-002,Backhaul Network Services Inc.,2024-05-27,False,False,0.0,0.0
RX,7770.0,30.0,27400.0,27M4D7W,4096-QAM,True,1.25|10|30,A,L,B,45.58591667,-77.23941667,190.0,30.0,100.0,233.618165832592,0.362212866524133,40.8,1.5,,A,"Andrew, Div of CommScope",HX6-7W,G,,,1.3,-65.82,-87.5,Golden Lake (3216 Lake Dore Rd) ON,CHD482,011022583-002,Backhaul Network Services Inc.,2024-04-05,False,False,0.0,0.0
RX,7770.0,30.0,27400.0,27M4D7W,4096-QAM,True,1.25|10|30,A,L,B,47.97770833,-80.04178889,296.0,65.0,92.0,354.396708478061,0.0829676896464241,40.6,1.5,,A,"Andrew, Div of CommScope",USX6-7W,G,,,1.3,-68.61,-87.5,NORTH TARZWELL (6095 HWY 11) ON,CHK713,011026306-002,Backhaul Network Services Inc.,2024-02-16,False,False,0.0,0.0
RX,7770.0,30.0,27400.0,27M4D7W,4096-QAM,True,1.25|10|30,A,L,B,45.146,-75.08963889,85.0,75.0,91.0,120.232797412648,-0.0929454653341933,42.9,1.1,,A,"Andrew, Div of CommScope",USX8-7W-6GF,G,,,1.3,-62.67,-86.0,Finch (53 Main St) ON,CHC955,011004385-002,Backhaul Network Services Inc.,2024-03-21,False,False,0.0,0.0
RX,7770.0,30.0,27400.0,27M4D7W,4096-QAM,True,1.25|10|30,A,L,B,44.72066389,-75.49906111,90.0,65.4,116.0,42.7886371429547,-0.0618654580148465,42.9,1.1,,A,"Andrew, Div of CommScope",USX8-7W,G,,,4.3,-66.06,-86.0,PRESCOTT (HWY 2 / SCOTT ST) ON,CYF676,010031521-005,Backhaul Network Services Inc.,2024-01-05,False,False,0.0,0.0
RX,7770.0,30.0,27400.0,27M4D7W,4096-QAM,True,1.25|10|30,A,L,B,46.28763889,-78.52213889,179.0,103.0,129.0,108.6700872142,-0.040450031128931,40.6,1.5,,A,"Andrew, Div of CommScope",USX6-7W,G,,,1.3,-65.66,-86.0,MATTAWA (1994 HWY 17 E) ON,CHK208,011010355-002,Backhaul Network Services Inc.,2023-12-15,False,False,0.0,0.0
RX,7770.0,30.0,27400.0,27M4D7W,4096-QAM,True,1.25|10|30,A,L,B,44.16997222,-80.89505556,337.0,48.0,75.0,256.572595097802,-0.104447614663363,42.9,1.1,,A,"Andrew, Div of CommScope",HX8-7W,G,,,1.3,-68.0,-87.5,Vickers (402304 Grey Rd 4) ON,CGS459,010032509-006,Backhaul Network Services Inc.,2023-12-15,False,False,0.0,0.0
RX,7770.0,30.0,27400.0,27M4D7W,4096-QAM,True,1.25|10|30,A,L,B,46.145,-80.42930556,227.0,75.0,80.0,224.183647522937,-0.0562496876262319,40.6,1.5,,A,"Andrew, Div of CommScope",USX6-7W,G,,,1.3,-68.0,-87.5,Noelville (190 St David St N) ON,CIO519,010030781-004,Backhaul Network Services Inc.,2023-10-13,False,False,0.0,0.0
RX,7770.0,30.0,27400.0,27M4D7W,4096-QAM,True,1.25|10|30,A,L,B,42.70711111,-82.28086111,188.0,71.5,111.0,251.127160545391,-0.068688892702174,42.9,1.1,,A,"Andrew, Div of CommScope",USX8-7W-6GF,G,,,1.3,-68.0,-87.5,Beaver Meadow (1291 Brigden Rd) ON,XKX925,010032429-005,Backhaul Network Services Inc.,2023-11-20,False,False,0.0,0.0
RX,7770.0,30.0,27400.0,27M4D7W,4096-QAM,True,1.25|10|30,A,L,B,45.27111111,-77.97166667,461.0,98.5,122.0,59.9139990458523,-0.290238676465326,40.6,1.5,,A,"Andrew, Div of CommScope",USX6-7W,G,,,1.3,-65.5,-86.0,MAYNOOTH (1192A HWY 127) ON,CHB697,010960487-002,Backhaul Network Services Inc.,2023-09-08,False,False,0.0,0.0
RX,7770.0,30.0,27400.0,27M4D7W,4096-QAM,True,1.25|10|30,A,L,B,45.09930556,-75.68538889,87.0,50.0,96.0,186.895069772127,-0.0157092831682719,42.9,1.1,,A,"Andrew, Div of CommScope",USX8-7W,G,,,1.3,-61.28,-87.5,North Gower (2394 Callendor Rd) ON,XKX914,010968463-002,Backhaul Network Services Inc.,2023-08-22,False,False,0.0,0.0
RX,7770.0,30.0,27400.0,27M4D7W,4096-QAM,True,1.25|10|30,A,L,B,44.79425,-76.68713889,226.0,103.0,122.0,1.43388485778745,-0.11806034112957,40.6,1.5,,A,"Andrew, Div of CommScope",USX6-7W,G,,,0.8,-68.52,-86.0,SHARBOT LAKE (24709B HWY 7) ON,VAD432,010975337-002,Backhaul Network Services Inc.,2023-06-30,False,False,0.0,0.0
RX,7770.0,30.0,27400.0,27M4D7W,4096-QAM,True,1.25|10|30,A,L,B,44.67872222,-77.58013889,287.0,65.0,110.0,8.87407552117178,0.0785927795689274,44.4,0.9,,A,"Andrew, Div of CommScope",HX10-7W-6GF,G,,,1.3,-62.86,-87.5,Millbridge (8887 Old Hastings Rd) ON,CHX395,010968468-002,Backhaul Network Services Inc.,2023-05-12,False,False,0.0,0.0
RX,7770.0,30.0,30000.0,30M0D7W,1024-QAM,True,1.25|10|30,A,L,B,45.56522222,-75.12508333,55.0,45.0,75.0,48.456484175972,0.632543166090438,40.6,1.5,,A,"Andrew, Div of CommScope",USX6-7W,G,,,4.3,-70.0,-92.0,WENDOVER (111 COUNTY ROAD 19) ON,CHO290,010890426-002,Backhaul Network Services Inc.,2023-01-25,False,False,0.0,0.0
RX,7770.0,30.0,27400.0,27M4D7W,256-QAM,True,1.25|10|30,A,L,B,44.79833333,-81.27822222,187.0,50.0,75.0,171.492564627891,-0.0139280890159853,43.4,1.4,,A,"Andrew, Div of CommScope",HPX8-77,G,,,4.3,-68.0,-100.5,Red Bay (Thomas St / Huron Rd) ON,CHX497,010886944-002,Backhaul Network Services Inc.,2023-01-15,False,False,0.0,0.0
RX,7770.0,30.0,27400.0,27M4D7W,4096-QAM,True,1.25|10|30,A,L,B,44.44138889,-77.83444444,201.0,77.0,91.0,239.931446480584,-0.0504043675873788,40.6,1.5,,A,"Andrew, Div of CommScope",USX6-7W,G,,,4.5,-67.21,-86.0,HAVELOCK (N/O HWY 7 & 6TH LINE) ON,VAD427,010076527-003,Backhaul Network Services Inc.,2022-12-23,False,False,0.0,0.0
RX,7770.0,30.0,27400.0,27M4D7W,4096-QAM,True,1.25|10|30,A,L,B,45.90722222,-80.57388889,200.0,60.0,90.0,356.499791019958,-0.0106715940729651,40.8,1.5,,A,"Andrew, Div of CommScope",HX6-7W,G,,,4.8,-68.0,-86.0,KEY RIVER (2780 HWY 69) ON,CIJ955,010033057-004,Backhaul Network Services Inc.,2022-07-30,False,False,0.0,0.0
RX,7770.0,30.0,27400.0,27M4D7W,4096-QAM,True,1.25|10|30,A,L,B,45.80722222,-79.39333333,399.0,53.0,127.0,160.91667114386,-0.0631466650891588,44.4,0.9,,A,"Andrew, Div of CommScope",HX10-7W-6GF,A,,,1.3,-65.0,-85.0,SUNDRIDGE (700 TOWER RD) ON,XKX942,010069283-006,Backhaul Network Services Inc.,2022-05-27,False,False,0.0,0.0
RX,7770.0,30.0,27400.0,27M4D7W,4096-QAM,True,1.25|10|30,A,L,B,44.53772222,-76.68258333,162.0,43.0,100.0,175.199990814415,0.0118186013343027,40.6,1.5,,A,"Andrew, Div of CommScope",USX6-7W,G,,,4.8,-70.0,-86.0,GODFREY (8011 HWY 38) ON,VEL361,010032237-004,Backhaul Network Services Inc.,2022-02-18,False,False,0.0,0.0
RX,7770.0,30.0,27400.0,27M4D7W,4096-QAM,True,1.25|10|30,A,L,B,42.66111111,-80.78194444,198.0,72.5,90.0,282.825592348036,-0.00876685998745474,43.5,1.0,,A,"Andrew, Div of CommScope",UHX8-77GD,G,,,4.8,-66.24,-86.0,VIENNA (5372 TEALL NEIL RD) ON,VEM660,010031553-003,Backhaul Network Services Inc.,2022-03-11,False,False,0.0,0.0
RX,7770.0,30.0,27400.0,27M4D7W,4096-QAM,True,1.25|10|30,A,L,B,42.40180556,-82.02580556,188.0,65.0,74.0,14.6630436325609,-0.100928962542125,42.9,1.1,,A,"Andrew, Div of CommScope",USX8-7W,G,,,4.8,-67.94,-86.0,Pinehurst (10491 Burk Line) ON,CYF652,010031335-004,Backhaul Network Services Inc.,2022-03-15,False,False,0.0,0.0
RX,7770.0,30.0,27400.0,27M4D7W,4096-QAM,True,1.25|10|30,A,L,B,45.67673056,-79.641525,304.0,77.1,107.0,112.23797422124,-0.0188535514935417,43.5,1.0,,A,"Andrew, Div of CommScope",UHX8-77GD,G,,,4.8,-68.48,-86.0,MAGNETAWAN (12 JACKSONS RD) ON,VFE214,010069421-003,Backhaul Network Services Inc.,2022-03-01,False,False,0.0,0.0
RX,7770.0,30.0,27400.0,27M4D7W,4096-QAM,True,1.25|10|30,A,L,B,45.69341667,-81.99324722,252.0,80.0,106.0,187.260353840532,-0.379968998390189,41.0,1.2,,A,"Andrew, Div of CommScope",UHX6-77,G,,,4.8,-68.03,-86.0,TEHKUMMAH (39 CASE RD) ON,CIN863,010033599-006,Backhaul Network Services Inc.,2022-03-31,False,False,0.0,0.0
RX,7770.0,30.0,27400.0,27M4D7W,4096-QAM,True,1.25|10|30,A,L,B,44.58777778,-78.16444444,289.0,51.5,106.0,19.5157502429366,0.105294650726915,45.3,1.0,,A,"Andrew, Div of CommScope",HPX10-77,G,,,4.8,-68.0,-86.0,HARCOURT (5914 HWY 28) ON,VAD497,010067845-004,Backhaul Network Services Inc.,2022-03-31,False,False,0.0,0.0
RX,7770.0,30.0,27400.0,27M4D7W,4096-QAM,True,1.25|10|30,A,L,B,44.26878333,-78.34088056,191.0,50.0,66.0,210.881441144526,0.0944033748233932,40.6,1.5,,A,"Andrew, Div of CommScope",USX6-7W,G,,,4.8,-68.0,-86.0,PETERBOROUGH (1049 CRAWFORD DR) ON,VDS257,010032427-004,Backhaul Network Services Inc.,2022-02-01,False,False,0.0,0.0
RX,7770.0,30.0,27400.0,27M4D7W,4096-QAM,True,1.25|10|30,A,L,B,44.79422222,-76.68716667,226.0,56.0,122.0,183.547367170005,-0.0964242569255484,42.9,1.1,,A,"Andrew, Div of CommScope",USX8-7W,G,,,4.8,-70.0,-86.0,SHARBOT LAKE (HWY 7/ MCQUAID RD) ON,VAD432,010032241-005,Backhaul Network Services Inc.,2022-02-18,False,False,0.0,0.0
RX,7770.0,30.0,27400.0,27M4D7W,4096-QAM,True,1.25|10|30,A,,B,42.80777778,-81.56583333,217.0,80.0,100.0,2.0514518407866,-0.0693455156146556,42.9,1.1,,A,"Andrew, Div of CommScope",USX8-7W,G,,,4.8,-68.0,-86.0,MELBOURNE (6278 LONGWOODS RD) ON,VEM701,010068241-003,Backhaul Network Services Inc.,2022-03-21,False,False,0.0,0.0
RX,7770.0,30.0,27400.0,27M4D7W,4096-QAM,True,1.25|10|30,A,,B,45.46361111,-75.16388889,50.0,74.3,91.0,60.9879338136932,-0.0021617028991033,43.5,1.0,,A,"Andrew, Div of CommScope",UHX8-77GD,G,,,4.8,-68.0,-86.0,BOURGET (2333 LALONDE RD) ON,XKU532,010031395-004,Backhaul Network Services Inc.,2022-03-31,False,False,0.0,0.0
RX,7770.0,30.0,27400.0,27M4D7W,4096-QAM,True,1.25|10|30,A,L,B,44.21594444,-77.38116667,102.0,58.5,91.0,191.075755425777,-0.078397783632969,40.6,1.5,,A,"Andrew, Div of CommScope",USX6-7W,G,,,4.8,-70.6,-86.0,Belleville (86B Short St) ON,XKU593,010030843-006,Backhaul Network Services Inc.,2022-02-11,False,False,0.0,0.0
RX,7770.0,30.0,27400.0,27M4D7W,4096-QAM,True,1.25|10|30,A,L,B,44.39277778,-80.26222222,507.0,72.3,96.0,187.12154324466,-0.128436701053212,42.9,1.1,,A,"Andrew, Div of CommScope",USX8-7W,G,,,4.8,-68.1,-86.0,COLLINGWOOD (N/O RR91 & RR31) ON,XJV210,010030901-004,Backhaul Network Services Inc.,2022-03-30,False,False,0.0,0.0
RX,7770.0,30.0,27400.0,27M4D7W,4096-QAM,True,1.25|10|30,A,L,B,44.63694444,-77.13527778,208.0,80.0,91.0,53.8585278962614,-0.1579661576965,42.9,1.1,,A,"Andrew, Div of CommScope",USX8-7W,G,,,4.8,-68.0,-86.0,KALADAR (112648 HWY 7) ON,VAD430,010031691-004,Backhaul Network Services Inc.,2022-02-11,False,False,0.0,0.0
RX,7770.0,30.0,27400.0,27M4D7W,4096-QAM,True,1.25|10|30,A,L,B,42.05194444,-82.73666667,193.0,35.6,50.0,334.714849102055,-0.0324755107902667,40.6,1.5,,A,"Andrew, Div of CommScope",USX6-7W,G,,,4.8,-68.0,-86.0,KINGSVILLE (HWY29 / CON. RD 2 E) ON,VEA876,010030775-006,Backhaul Network Services Inc.,2022-01-25,False,False,0.0,0.0
RX,7770.0,30.0,27400.0,27M4D7W,4096-QAM,True,1.25|10|30,A,L,B,42.40194444,-82.02555556,188.0,64.6,74.0,267.213583907269,-0.188530505690646,42.9,1.1,,A,"Andrew, Div of CommScope",USX8-7W,G,,,4.8,-68.0,-86.0,CHATHAM-KENT (10491 BURK LINE) ON,CYF652,010032035-005,Backhaul Network Services Inc.,2022-02-11,False,False,0.0,0.0
RX,7770.0,30.0,27400.0,27M4D7W,4096-QAM,True,1.25|10|30,A,L,B,44.76166667,-76.80666667,249.0,83.5,93.6,246.701456845071,-0.261442849227764,40.6,1.5,,A,"Andrew, Div of CommScope",USX6-7W,G,,,4.8,-68.0,-86.0,SEOULS CORNERS(1154 HAROLD BURKE) ON,CHX453,010913261-001,Rogers Communications Canada Inc.,2022-02-25,False,False,0.0,0.0
RX,7770.0,30.0,27400.0,27M4D7W,4096-QAM,True,1.25|10|30,A,L,B,44.59277778,-75.72944444,120.0,55.0,61.0,277.462640168065,-0.00688608225961755,42.9,1.1,,A,"Andrew, Div of CommScope",USX8-7W,G,,,4.8,-68.0,-86.0,BROCKVILLE (2566 CHEMICAL RD) ON,XKX900,010033511-005,Backhaul Network Services Inc.,2022-02-14,False,False,0.0,0.0
RX,7770.0,30.0,30000.0,30M0D7W,1024-QAM,True,1.25|10|30,A,L,B,43.00333333,-81.80472222,251.0,44.0,96.0,305.229381304694,-0.135422670599131,43.5,1.0,,A,"Andrew, Div of CommScope",UHX8-77GD,G,,,4.8,-65.65,-92.0,WATFORD (8885 EGREMONT ROAD) ON,XKX912,010032219-005,Backhaul Network Services Inc.,2021-11-28,False,False,0.0,0.0
RX,7770.0,30.0,27400.0,27M4D7W,4096-QAM,True,1.25|10|30,A,M,A,43.41388889,-80.06083333,279.0,55.1,64.0,235.333491157718,-0.0803787146158963,41.0,1.2,,A,"Andrew, Div of CommScope",UHX6-77,G,,,4.3,-63.0,-86.0,Freelton (Hwy 6) ON,XKX933,010072188-004,Backhaul Network Services Inc.,2021-09-01,False,False,0.0,0.0
RX,7770.0,30.0,27400.0,27M4D7W,4096-QAM,True,1.25|10|30,A,L,B,44.4686,-81.36973056,200.0,66.0,104.5,30.5404491611666,-0.0845954512950226,43.4,1.4,,A,"Andrew, Div of CommScope",HPX8-77,G,,,4.8,-67.54,-86.0,PORT ELGIN (HWY21/BRUCE RD 3) ON,CGK512,010886555-003,Backhaul Network Services Inc.,2024-08-28,False,False,0.0,0.0
RX,7770.0,30.0,27400.0,27M4D7W,1024-QAM,True,1.25|10|30,A,L,B,45.53875,-79.91988889,259.0,85.0,106.0,338.630757713957,-0.111634730740091,42.9,1.2,,A,"Andrew, Div of CommScope",HPX8-71W,A,,,0.8,-60.0,-93.5,McKellar (897 Hwy 124) ON,VFE961,010033267-003,Backhaul Network Services Inc.,2020-12-17,False,False,0.0,0.0
RX,7770.0,30.0,30000.0,30M0D7W,128-QAM,True,1.25|10|30,A,L,B,48.51891667,-89.44966667,492.0,46.3,59.0,285.265998156807,-0.207342486179526,45.3,1.0,,A,RFS (Celwave/Cablewave/Phelps Dodge),DAX10-77A,B,,,6.6,-70.79,-98.0,Intola (373 Intola Rd) ON,VEK931,010036325-002,TBAYtel - Fixed,2021-01-18,False,False,0.0,0.0
RX,7770.0,30.0,30000.0,30M0D7WET,256-QAM,True,1.25|10|30,A,L,B,48.71738889,-93.07744444,351.0,86.9,100.0,242.988886986535,-0.222205435284123,45.3,1.0,,A,RFS (Celwave/Cablewave/Phelps Dodge),DAX10-77A,B,,,6.74,-75.35,-96.0,Nickel Lake (Hwy 11/Hwy 502) ON,CGX337,010763331-001,TBAYtel - Fixed,2021-01-01,False,False,0.0,0.0
RX,7770.0,30.0,27400.0,27M4D7W,4096-QAM,True,1.25|10|30,A,L,B,45.27944444,-79.00638889,405.0,49.3,106.0,276.265962315991,-0.11483171343263,41.0,1.2,,A,Ericsson (Marconi/GEC),ML7/8 1.8M HPX,G,,,1.3,-68.0,-87.5,LAKE OF BAYS (1577 FOX POINTS RD)ON,XJV296,010069291-005,Backhaul Network Services Inc.,2022-11-02,False,False,0.0,0.0
RX,7770.0,30.0,30000.0,30M0D7W,128-QAM,True,1.25|10|30,A,,B,49.41658056,-91.6244,460.0,89.2,100.0,40.9610508624124,-0.163860516020069,45.4,1.0,,A,RFS (Celwave/Cablewave/Phelps Dodge),DA10-77A,B,,,6.96,-76.59,-98.0,Ignace (Hwy 11/Hwy 599) ON,VEM728,010036377-002,TBAYtel - Fixed,2020-08-01,False,False,0.0,0.0
RX,7770.0,30.0,27400.0,27M4D7W,1024-QAM,True,1.25|10|30,A,,B,44.28330556,-76.90366667,141.0,62.0,122.0,220.867787488539,-0.706601213373817,40.6,1.5,,A,"Andrew, Div of CommScope",USX6-7W,G,,,1.9,-65.3,-93.5,Greater Napanee (1343 CR-5) ON,XKU595,010826245-001,Rogers Communications Canada Inc.,2020-06-03,False,False,0.0,0.0
RX,7770.0,30.0,27400.0,27M4D7W,4096-QAM,True,1.25|10|30,A,,B,44.33988889,-76.15078333,92.0,50.7,70.0,261.969585650765,0.0342600285115509,43.4,1.4,,A,"Andrew, Div of CommScope",HPX8-77,G,,,4.8,-67.94,-86.0,Gananoque (600 King St E) ON,CFT651,010817908-003,Backhaul Network Services Inc.,2022-03-31,False,False,0.0,0.0
RX,7770.0,30.0,27400.0,27M4D7W,1024-QAM,True,1.25|10|30,A,L,B,43.72811111,-81.69086111,234.0,34.0,61.0,357.106629102587,-0.0982715657290789,41.0,1.2,,A,"Andrew, Div of CommScope",UHX6-77,B,,,1.8,-67.0,-93.5,Goderich (520 Huron Rd) ON,VAD482,010767785-003,Backhaul Network Services Inc.,2020-07-01,False,False,0.0,0.0
RX,7770.0,30.0,27400.0,27M4D7W,4096-QAM,True,1.25|10|30,A,,B,44.56416667,-79.19111111,233.0,64.0,100.0,79.2006673702407,0.0235930241512045,43.4,1.4,,A,"Andrew, Div of CommScope",HPX8-77,G,,,4.8,-68.69,-86.0,Brechin (2309 Conc Rd 6) ON,CJL854,010779856-003,Backhaul Network Services Inc.,2022-05-02,False,False,0.0,0.0
RX,7770.0,30.0,27400.0,27M4D7W,4096-QAM,True,1.25|10|30,A,L,B,45.807275,-79.39343333,399.0,43.0,127.0,291.396004743921,0.031630469711891,41.0,1.2,,A,"Andrew, Div of CommScope",UHX6-77,G,,,4.8,-68.35,-86.0,SUNDRIDGE (700 TOWER RD) ON,XKX942,010780761-003,Backhaul Network Services Inc.,2022-03-24,False,False,0.0,0.0
RX,7770.0,30.0,27400.0,27M4D7W,4096-QAM,True,1.25|10|30,A,L,B,44.29366667,-78.40338889,270.0,61.5,70.0,345.851268866051,-0.0220305155153755,42.9,1.1,,A,"Andrew, Div of CommScope",USX8-7W,G,,,4.8,-68.24,-86.0,PETERBOROUGH (1871 PARKHILL ROAD W) ON,VFE626,010779843-003,Backhaul Network Services Inc.,2022-03-31,False,False,0.0,0.0
RX,7770.0,30.0,30000.0,30M0D7WET,64-QAM,True,1.25|10|30,A,L,B,41.81608333,-82.63583333,173.0,45.0,45.0,355.284209550151,-0.00347851083444218,40.8,2.0,,A,"Andrew, Div of CommScope",HP6-77,B,,,10.5,-68.73,-109.0,Scudder (218 Harris Garno Rd) ON,CIN867,010037585-004,TELUS Communications Inc.,2020-10-19,False,False,0.0,0.0
RX,7770.0,30.0,27400.0,27M4D7W,4096-QAM,True,1.25|10|30,A,M,A,42.9465,-81.18105556,275.0,41.5,49.0,61.9578688355458,0.0681832222695671,40.6,1.5,,A,"Andrew, Div of CommScope",USX6-7W,G,,,4.8,-68.0,-86.0,London (1555 Bradley Ave) ON,VAD461,010031651-004,Backhaul Network Services Inc.,2022-02-10,False,False,0.0,0.0
RX,7770.0,30.0,27400.0,27M4D7W,1024-QAM,True,1.25|10|30,A,L,B,46.65766389,-80.99452778,300.0,52.0,80.0,231.491288230305,-0.14025126454365,41.0,1.2,,A,"Andrew, Div of CommScope",UHX6-77,A,,,1.3,-58.46,-93.5,HANMER (4980 HWY 69N) ON,CFW632,010728528-003,Backhaul Network Services Inc.,2023-10-31,False,False,0.0,0.0
RX,7770.0,30.0,30000.0,30M0D7WET,64-QAM,True,1.25|10|30,A,,B,42.27833333,-82.37861111,177.0,44.0,60.0,65.4772294329366,-0.0557947712403791,41.0,1.2,,A,"Andrew, Div of CommScope",UHX6-77,B,,,1.8,-64.7,-103.5,TILBURY (4241 QUEENS LINE) ON,VDE899,010032261-003,Backhaul Network Services Inc.,2017-07-12,False,False,0.0,0.0
RX,7770.0,30.0,30000.0,30M0D1D,16-QAM,True,1.25|10|30,A,,B,44.03166667,-79.13666667,338.0,49.0,122.0,200.676147591649,-0.437795698170456,40.3,2.2,,A,"Andrew, Div of CommScope",HP6-71W,B,,,0.5,-66.54,-112.0,Uxbridge (3189 Brock Rd) ON,VFE228,010705422-001,Metrolinx,2017-08-01,False,False,0.0,0.0
RX,7770.0,30.0,30000.0,30M0D1D,16-QAM,True,1.25|10|30,A,,B,43.2175,-79.665,86.0,60.0,80.0,337.184493688452,-0.053515923881547,40.3,2.2,,A,"Andrew, Div of CommScope",HP6-71W,B,,,2.1,-66.24,-112.0,Stoney Creek (345 Lewis Rd) ON,CFW201,010701780-001,Metrolinx,2017-08-01,False,False,0.0,0.0
RX,7770.0,30.0,27400.0,27M4D7W,4096-QAM,True,1.25|10|30,A,L,B,46.50819444,-80.73313889,305.0,110.0,127.0,354.789977453277,-0.201470233647169,41.0,1.2,,A,"Andrew, Div of CommScope",UHX6-77GE,G,,,1.3,-68.0,-87.5,Stinson (Norvic Dr / ON-17) ON,CFO242,010701407-004,Backhaul Network Services Inc.,2023-12-19,False,False,0.0,0.0
RX,7770.0,30.0,27400.0,27M4D7W,4096-QAM,True,1.25|10|30,A,L,B,45.81834444,-82.61721111,196.0,80.0,122.0,294.983108665918,0.054394235062719,41.0,1.2,,A,"Andrew, Div of CommScope",UHX6-77,G,,,4.8,-67.5,-86.0,EVANSVILLE (16511 HIGHWAY 540) ON,CFF284,010692050-003,Backhaul Network Services Inc.,2022-07-15,False,False,0.0,0.0
RX,7770.0,30.0,27400.0,27M4D7W,4096-QAM,True,1.25|10|30,A,L,B,44.76421389,-77.61611944,310.0,70.0,122.0,293.881102162431,0.0739478702474602,43.4,1.4,,A,"Andrew, Div of CommScope",HPX8-77,G,,,1.3,-68.23,-86.0,MADOC (20100 HWY 62) ON,CFH965,010677707-004,Backhaul Network Services Inc.,2023-10-06,False,False,0.0,0.0
RX,7770.0,30.0,27400.0,27M4D7W,4096-QAM,True,1.25|10|30,A,L,B,44.79922778,-78.11253333,350.0,69.1,72.0,76.1068466929069,-0.0850619337580955,41.0,1.2,,A,"Andrew, Div of CommScope",UHX6-77,G,,,4.8,-67.41,-86.0,APSLEY (87 TUCKERS RD) ON,VBE668,010033229-005,Backhaul Network Services Inc.,2023-07-12,False,False,0.0,0.0
RX,7770.0,30.0,30000.0,30M0D7WET,64-QAM,True,1.25|10|30,A,L,B,45.53833333,-79.92138889,259.0,86.0,106.0,196.899901342959,-0.182115598277936,41.0,1.2,,A,"Andrew, Div of CommScope",UHX6-77,B,,,4.3,-68.0,-103.5,MCKELLAR (897 HWY 124) ON,VFE961,010069429-004,Backhaul Network Services Inc.,2020-07-01,False,False,0.0,0.0
RX,7770.0,30.0,27400.0,27M4D7W,4096-QAM,True,1.25|10|30,A,L,B,44.21836389,-77.23992222,107.0,49.0,60.0,191.992824799417,-0.0329786165243531,42.9,1.1,,A,"Andrew, Div of CommScope",USX8-7W,G,,,4.8,-68.0,-86.0,SHANNONVILLE (326A SHANNONVILLE RD) ON,CFD977,010681865-004,Backhaul Network Services Inc.,2022-03-31,False,False,0.0,0.0
RX,7770.0,30.0,27400.0,27M4D7W,1024-QAM,True,1.25|10|30,A,L,B,46.22638889,-82.01277778,215.0,79.0,110.0,68.2449980341805,0.165138747808526,43.5,1.0,,A,"Andrew, Div of CommScope",UHX8-77GD,G,,,0.8,-66.0,-93.5,LEE VALLEY (2225 HWY 17) ON,VFE206,010069423-004,Backhaul Network Services Inc.,2020-11-27,False,False,0.0,0.0
RX,7770.0,30.0,27400.0,27M4D7W,4096-QAM,True,1.25|10|30,A,,B,43.94277778,-77.22722222,97.0,72.0,100.0,285.205805728497,-0.0829608101353027,42.9,1.1,,A,"Andrew, Div of CommScope",USX8-7W,G,,,4.8,-68.0,-86.0,WEST LAKE (S/W RR12 AND RIDGE RD) ON,CIN646,010031255-005,Backhaul Network Services Inc.,2022-02-18,False,False,0.0,0.0
RX,7770.0,30.0,27400.0,27M4D7W,4096-QAM,True,1.25|10|30,A,,B,44.66105556,-76.35525,140.0,110.0,122.0,357.010851859413,-0.0532467212866376,43.5,1.0,,A,"Andrew, Div of CommScope",UHX8-77GD,G,,,4.8,-68.0,-86.0,Westport (9140 CR-42) ON,VBE601,010031779-005,Backhaul Network Services Inc.,2022-02-18,False,False,0.0,0.0
RX,7770.0,30.0,27400.0,27M4D7W,4096-QAM,True,1.25|10|30,A,L,B,42.58978889,-81.67588056,213.0,45.5,60.0,233.987542156936,-0.0255453583648569,42.9,1.1,,A,"Andrew, Div of CommScope",USX8-7W,G,,,4.8,-68.0,-86.0,WEST ELGIN (22717 DOWNIE LINE) ON,VYB659,010278496-004,Backhaul Network Services Inc.,2022-03-28,False,False,0.0,0.0
RX,7770.0,30.0,27400.0,27M4D7W,4096-QAM,True,1.25|10|30,A,,B,45.14527778,-79.98805556,184.0,46.5,50.0,107.808201918976,0.276975310905826,40.6,1.5,,A,"Andrew, Div of CommScope",USX6-7W,G,,,4.8,-68.0,-86.0,WOODS BAY (GRISDALES RD) ON,CIO925,010069453-004,Backhaul Network Services Inc.,2022-03-31,False,False,0.0,0.0
RX,7770.0,30.0,27400.0,27M4D7W,1024-QAM,True,1.25|10|30,A,L,B,45.32970278,-76.14881944,137.0,54.0,70.0,343.819340368122,-0.242899085623808,43.4,1.4,,A,"Andrew, Div of CommScope",HPX8-77,A,,,1.3,-66.14,-93.5,CARP (2590 MARSHWOOD RD) ON,VEL348,010070878-004,Backhaul Network Services Inc.,2022-09-01,False,False,0.0,0.0
RX,7770.0,30.0,27400.0,27M4D7W,4096-QAM,True,1.25|10|30,A,L,B,42.86325,-79.80602778,193.0,63.0,91.0,297.784960840924,0.0128636747862799,41.0,1.2,,A,"Andrew, Div of CommScope",UHX6-77,G,,,4.3,-63.86,-86.0,Sweets Corners (345 Sweets Corners Rd) ON,VYB415,010097807-004,Backhaul Network Services Inc.,2022-12-07,False,False,0.0,0.0
RX,7770.0,30.0,27400.0,27M4D7W,4096-QAM,True,1.25|10|30,A,L,B,43.52788333,-80.76488611,385.0,83.4,100.0,95.0888803438814,-0.339221879976065,43.4,1.4,,A,"Andrew, Div of CommScope",HPX8-77,G,,,4.8,-67.63,-86.0,WELLESLEY (2437 MANSER RD) ON,CIN944,010032149-004,Backhaul Network Services Inc.,2022-03-31,False,False,0.0,0.0
RX,7770.0,30.0,27400.0,27M4D7W,4096-QAM,True,1.25|10|30,A,M,A,44.54675,-79.68188889,381.0,25.0,37.0,187.219939691937,-0.312100778216467,41.0,1.2,,A,"Andrew, Div of CommScope",UHX6-77,G,,,4.8,-69.36,-86.0,Horseshoe Valley (3513 Line 3 N) ON,VEA455,010032075-006,Backhaul Network Services Inc.,2022-02-01,False,False,0.0,0.0
RX,7770.0,30.0,27400.0,27M4D7W,1024-QAM,True,1.25|10|30,A,L,B,45.39894444,-76.60942778,216.0,78.2,92.0,318.648031952492,-0.200429395844997,44.9,1.0,,A,"Andrew, Div of CommScope",HPX10-71W,B,,,1.3,-68.25,-93.5,BURNSTOWN (2195 BURNSTOWN RD) ON,VAD402,010031671-008,Backhaul Network Services Inc.,2022-10-21,False,False,0.0,0.0
RX,7770.0,30.0,27400.0,27M4D7W,4096-QAM,True,1.25|10|30,A,,B,45.27583333,-75.31861111,70.0,50.0,97.0,80.2514867487493,-0.0260469411489315,40.6,1.5,,A,"Andrew, Div of CommScope",USX6-7W,G,,,4.8,-68.87,-86.0,EMBRUN (960 ST-GUILLAUME RD) ON,XJV259,010032253-005,Backhaul Network Services Inc.,2022-02-01,False,False,0.0,0.0
RX,7770.0,30.0,27400.0,27M4D7W,4096-QAM,True,1.25|10|30,A,L,B,45.81888889,-77.15388889,150.0,50.3,107.0,135.718460658077,0.0682598326493743,42.9,1.2,,A,"Andrew, Div of CommScope",HPX8-71W,G,,,4.8,-68.0,-86.0,"PEMBROKE, ON-219 TV TOWER ROAD",VAD404,010031669-006,Backhaul Network Services Inc.,2022-02-14,False,False,0.0,0.0
RX,7770.0,30.0,27400.0,27M4D7W,1024-QAM,True,1.25|10|30,A,L,B,44.05880556,-81.58925,238.0,75.0,80.0,139.517093307824,0.24473855913827,41.0,1.2,,A,Ericsson (Marconi/GEC),ML7/8 1.8M HPX,B,,,2.3,-66.0,-93.5,Ripley (691 CR-7) ON,VFE239,010031227-005,Backhaul Network Services Inc.,2020-06-01,False,False,0.0,0.0
RX,7770.0,30.0,27400.0,27M4D7W,4096-QAM,True,1.25|10|30,A,L,B,45.30694444,-74.94111111,93.0,30.0,61.0,51.2533951512475,0.0126559633159621,42.9,1.2,,A,"Andrew, Div of CommScope",HPX8-71W,G,,,4.3,-65.0,-86.0,CASSELMAN (HWY 417/HWY 138) ON,VBE699,010032079-004,Backhaul Network Services Inc.,2023-06-25,False,False,0.0,0.0
RX,7770.0,30.0,27400.0,27M4D7W,4096-QAM,True,1.25|10|30,A,L,B,46.2875,-78.5225,182.0,106.7,128.0,268.864433249579,0.122842975485396,41.0,1.2,,A,"Andrew, Div of CommScope",UHX6-77GE,G,,,4.8,-68.0,-86.0,MATTAWA (HWY 17/KLOCKS RD)  ON,VEL383,010073950-004,Backhaul Network Services Inc.,2022-06-30,False,False,0.0,0.0
RX,7770.0,30.0,27400.0,27M4D7W,4096-QAM,True,1.25|10|30,A,L,B,46.33408333,-81.57233333,229.0,78.0,91.0,252.723687881636,0.08402973022489,41.0,1.2,,A,"Andrew, Div of CommScope",UHX6-77GE,G,,,4.8,-68.0,-86.0,Nairn Centre (100 MacDonald St) ON,VFE751,010074312-006,Backhaul Network Services Inc.,2022-08-16,False,False,0.0,0.0
RX,7770.0,30.0,27400.0,27M4D7W,4096-QAM,True,1.25|10|30,A,L,B,46.12388889,-77.56166667,197.0,116.1,125.0,287.268410286102,-0.159321234000557,43.4,1.4,,A,"Andrew, Div of CommScope",HPX8-77,G,,,4.8,-68.75,-86.0,LAURENTIAN HILLS  (163 BASS LAKE RD) ON,VEL387,010032285-005,Backhaul Network Services Inc.,2022-03-25,False,False,0.0,0.0
RX,7770.0,30.0,27400.0,27M4D7W,4096-QAM,True,1.25|10|30,A,L,B,44.39744444,-76.59052778,170.0,73.0,100.0,133.598256473773,-0.207358407018821,42.9,1.1,,A,"Andrew, Div of CommScope",USX8-7W,G,,,4.8,-68.0,-86.0,SYDENHAM (LAMBERT RD / STAGE COACH RD.)  ON,VYB283,010078875-003,Rogers Communications Canada Inc.,2022-02-14,False,False,0.0,0.0
RX,7770.0,30.0,27400.0,27M4D7W,4096-QAM,True,1.25|10|30,A,L,B,42.31672222,-82.02261111,201.0,52.5,76.0,238.224621835558,-0.0601427655454557,43.5,1.0,,A,"Andrew, Div of CommScope",UHX8-77GD,G,,,4.8,-63.65,-86.0,Blenheim (19712 Lagoon Rd) ON,VEA431,010031377-005,Backhaul Network Services Inc.,2022-03-21,False,False,0.0,0.0
RX,7770.0,30.0,27400.0,27M4D7W,1024-QAM,True,1.25|10|30,A,L,B,45.84247222,-82.20013889,229.0,80.0,106.0,57.2106025047087,0.0485694764418532,41.0,1.2,,A,"Andrew, Div of CommScope",UHX6-77,A,,,0.8,-65.0,-93.5,MChigeen (West Bay) ON,VYA801,010069927-004,Backhaul Network Services Inc.,2020-10-15,False,False,0.0,0.0
RX,7770.0,30.0,30000.0,30M0D7WET,64-QAM,True,1.25|10|30,A,,B,42.67111111,-81.5325,213.0,50.0,73.0,49.2,0.02,43.5,1.0,,A,"Andrew, Div of CommScope",UHX8-77GD,A,,,2.3,-56.3,-103.5,DUTTON (LARGIE RD/GAELIC LINE) ON,XKU578,010079036-003,Rogers Communications Canada Inc.,2015-12-31,False,False,0.0,0.0
RX,7770.0,30.0,27400.0,27M4D7W,1024-QAM,True,1.25|10|30,A,,B,43.90002778,-81.31844444,320.0,81.8,84.0,300.538436186083,-0.159012591121773,41.0,1.2,,A,"Andrew, Div of CommScope",UHX6-77,A,,,2.3,-68.1,-93.5,Wingham (237 Alice St) ON,CYF214,010072282-005,Backhaul Network Services Inc.,2020-06-01,False,False,0.0,0.0
RX,7770.0,30.0,27400.0,27M4D7W,4096-QAM,True,1.25|10|30,A,L,B,43.75775278,-81.42537778,341.0,69.0,105.0,213.717443469457,-0.208668362001101,42.9,1.1,,A,"Andrew, Div of CommScope",USX8-7W,G,,,1.3,-68.22,-87.5,BLYTH (39810 MONCRIEFF RD) ON,VFE361,010072285-004,Backhaul Network Services Inc.,2024-01-05,False,False,0.0,0.0
RX,7770.0,30.0,27400.0,27M4D7W,4096-QAM,True,1.25|10|30,A,L,B,44.75638889,-81.16833333,223.0,70.7,91.0,162.131275159585,0.00138205997051164,41.0,1.2,,A,"Andrew, Div of CommScope",UHX6-77,G,,,4.8,-68.72,-86.0,WIARTON (645 NORTH ACRES RD) ON,VBE651,010072492-006,Backhaul Network Services Inc.,2022-03-31,False,False,0.0,0.0
RX,7770.0,30.0,30000.0,30M0D7WET,64-QAM,True,1.25|10|30,A,,B,42.05194444,-82.73666667,193.0,38.0,50.0,106.858913819021,-0.034731183734194,43.5,1.0,,A,"Andrew, Div of CommScope",UHX8-77GD,B,,,3.9,-55.5,-101.0,KINGSVILLE (HWY29/CON. RD 2 E) ON,VEA876,010030953-005,Backhaul Network Services Inc.,2015-12-31,False,False,0.0,0.0
RX,7770.0,30.0,27400.0,27M4D7W,4096-QAM,True,1.25|10|30,A,L,B,44.75638889,-81.16833333,223.0,78.3,91.0,354.886980867914,-0.0963170686939958,41.0,1.2,,A,"Andrew, Div of CommScope",UHX6-77,G,,,4.8,-68.56,-86.0,WIARTON (645 NORTHACRES RD) ON,VBE651,010032739-006,Backhaul Network Services Inc.,2022-04-01,False,False,0.0,0.0
RX,7770.0,30.0,27400.0,27M4D7W,1024-QAM,True,1.25|10|30,A,M,A,42.96552778,-81.37472222,257.0,58.0,70.0,39.9999416572916,0.0987331985778424,41.0,1.2,,A,"Andrew, Div of CommScope",UHX6-77,G,,,1.3,-66.05,-93.5,London (2311 Oxford St W) ON,VYA637,010072229-004,Backhaul Network Services Inc.,2023-09-15,False,False,0.0,0.0
RX,7770.0,30.0,30000.0,30M0D7WET,64-QAM,True,1.25|10|30,A,L,B,44.85269444,-79.73622222,195.0,52.0,100.0,204.042379457214,-0.0508608864933651,41.0,1.2,,A,"Andrew, Div of CommScope",UHX6-77,G,,,4.3,-69.0,-103.5,Maceys Bay (Nicholson's Rd / Hwy 400) ON,VEL344,010069393-006,Backhaul Network Services Inc.,2020-10-27,False,False,0.0,0.0
RX,7770.0,30.0,27400.0,27M4D7W,4096-QAM,True,1.25|10|30,A,L,B,44.75119444,-79.36459167,230.0,54.0,95.0,169.556606961225,-0.0187421519106718,41.0,1.2,,A,"Andrew, Div of CommScope",UHX6-77,G,,,4.8,-67.67,-86.0,WASHAGO (3599 CAMBRIAN RD) ON,VEL264,010069351-007,Backhaul Network Services Inc.,2024-12-27,False,False,0.0,0.0
RX,7770.0,30.0,27400.0,27M4D7W,4096-QAM,True,1.25|10|30,A,L,B,43.96211111,-78.42594444,173.0,78.0,91.0,311.578078212773,0.419185114143061,45.3,1.0,,A,"Andrew, Div of CommScope",HPX10-77,G,,,1.3,-67.32,-87.5,Port Hope (3384 Roseberry Hill Rd) ON,XKU589,010068766-006,Backhaul Network Services Inc.,2024-05-30,False,False,0.0,0.0
RX,7770.0,30.0,27400.0,27M4D7W,4096-QAM,True,1.25|10|30,A,L,B,42.43493333,-81.86458611,225.0,54.0,100.0,170.14762429032,-0.304433375979904,40.6,1.5,,A,"Andrew, Div of CommScope",USX6-7W,G,,,4.8,-68.19,-86.0,RIDGETOWN (12930 GOLF COURSE LINE) ON,CKO340,010032947-005,Backhaul Network Services Inc.,2022-03-01,False,False,0.0,0.0
RX,7770.0,30.0,30000.0,30M0D7WET,256-QAM,True,1.25|10|30,A,,B,44.5925,-79.44777778,276.0,14.0,30.0,248.5,0.393,40.6,1.6,,A,"Andrew, Div of CommScope",VHLPX6-7W,B,,,0.0,-64.0,-100.5,ORILLIA (HARVIE SETTLEMENT RD) ON,CKY231,010040633-001,Point to Point Communications,2013-08-28,False,False,0.0,0.0
RX,7770.0,30.0,30000.0,30M0D7WET,64-QAM,True,1.25|10|30,A,,B,48.22083333,-90.11083333,579.0,86.3,100.0,81.0686242326907,-0.404185281146192,43.1,1.2,,A,RFS (Celwave/Cablewave/Phelps Dodge),DA8-W71B,B,,,5.18,-69.25,-101.0,"WHITEFISH(Hwy 588,2KM West, ArrowLkRd), ON",CIO385,010036403-002,TBAYtel - Fixed,2015-10-30,False,False,0.0,0.0
RX,7770.0,30.0,30000.0,30M0D7W,128-QAM,True,1.25|10|30,A,,B,50.10216667,-91.92070833,390.0,32.0,45.0,105.033205453809,0.151693867827135,40.9,1.6,,A,RFS (Celwave/Cablewave/Phelps Dodge),DA6-77A,B,,,3.83,-76.95,-98.0,Sioux Lookout (Prince St/6 Ave) ON,VEM732,010036383-002,TBAYtel - Fixed,2020-08-01,False,False,0.0,0.0
RX,7770.0,30.0,30000.0,30M0D7W,128-QAM,True,1.25|10|30,A,,B,49.90935833,-91.149,470.0,92.8,116.0,293.179529380889,-0.263394866217409,45.4,1.0,,A,RFS (Celwave/Cablewave/Phelps Dodge),DA10-77A,A,,,7.25,-76.79,-98.0,Sturgeon Lake (Hwy 599) ON,VEM730,010036381-002,TBAYtel - Fixed,2020-08-01,False,False,0.0,0.0
RX,7770.0,30.0,30000.0,30M0D7W,128-QAM,True,1.25|10|30,A,,B,49.90935833,-91.149,470.0,88.2,116.0,193.294979480565,-0.250631330208425,43.5,1.2,,A,RFS (Celwave/Cablewave/Phelps Dodge),DA8-77A,A,,,7.07,-76.9,-98.0,Sturgeon Lake (Hwy 599) ON,VEM730,010036379-002,TBAYtel - Fixed,2020-08-01,False,False,0.0,0.0
RX,7770.0,30.0,30000.0,30M0D7WET,256-QAM,True,1.25|10|30,B,,B,48.7175,-93.0775,351.0,84.0,100.0,81.7625681135597,-0.105966776099953,43.3,1.6,,A,"Andrew, Div of CommScope",HP8-77,B,,,9.0,-71.8,-96.0,NICKEL LAKE ON,VEK939,010036337-002,TBAYtel - Fixed,2018-03-13,False,False,0.0,0.0
RX,7770.0,30.0,30000.0,30M0D7WET,256-QAM,True,1.25|10|30,A,,B,48.72805556,-92.09166667,457.0,39.0,100.0,275.337826350849,-0.231707090193934,45.2,1.2,,A,"Andrew, Div of CommScope",HP10-77GE,B,,,6.5,-65.5,-96.0,FLANDERS ON,VEK937,010036335-002,TBAYtel - Fixed,2018-03-12,False,False,0.0,0.0
RX,7770.0,30.0,30000.0,30M0D7WET,256-QAM,True,1.25|10|30,B,,B,48.72805556,-92.09166667,457.0,26.0,100.0,91.3315927430386,0.0433643639546728,45.2,1.2,,A,"Andrew, Div of CommScope",HP10-77GE,B,,,6.3,-68.1,-96.0,FLANDERS ON,VEK937,010036333-002,TBAYtel - Fixed,2018-03-12,False,False,0.0,0.0
RX,7770.0,30.0,30000.0,30M0D7WET,256-QAM,True,1.25|10|30,B,,B,48.685,-91.15916667,452.0,48.0,100.0,277.269242932172,0.0461825497869429,43.3,1.6,,A,"Andrew, Div of CommScope",HP8-77,B,,,7.0,-67.8,-96.0,QUETICO NORTH ON,VEK935,010036331-002,TBAYtel - Fixed,2018-03-12,False,False,0.0,0.0
RX,7770.0,30.0,30000.0,30M0D7WET,256-QAM,True,1.25|10|30,B,,B,48.685,-91.15916667,452.0,59.0,100.0,96.2585977875798,0.0445079416683681,45.2,1.2,,A,"Andrew, Div of CommScope",HP10-77GE,B,,,7.9,-68.6,-96.0,QUETICO NORTH ON,VEK935,010036329-002,TBAYtel - Fixed,2018-03-12,False,False,0.0,0.0
RX,7770.0,30.0,30000.0,30M0D7W,128-QAM,True,1.25|10|30,A,L,B,48.65580556,-90.25533333,493.0,40.4,63.0,103.032720168136,-0.148762134646156,40.8,0.4,,A,RFS (Celwave/Cablewave/Phelps Dodge),DAX6-77B,A,,,5.0,-75.0,-98.0,Shebandowan (2970 Hwy 11) ON,VEK933,010036327-002,TBAYtel - Fixed,2021-01-18,False,False,0.0,0.0
RX,7770.0,30.0,27400.0,27M4D7W,4096-QAM,True,1.25|10|30,A,,B,44.51888889,-76.58166667,189.0,85.0,100.0,205.087762268997,-0.140731536110624,41.0,1.2,,A,"Andrew, Div of CommScope",UHX6-77,G,,,4.8,-68.17,-86.0,FRONTENAC PARK (7599 BEDFORD RD) ON,CKY598,010033633-004,Backhaul Network Services Inc.,2022-03-31,False,False,0.0,0.0
RX,7770.0,30.0,27400.0,27M4D7W,4096-QAM,True,1.25|10|30,A,L,B,43.92836111,-80.87430556,382.0,70.1,100.0,20.3927138973464,-0.047347942744045,42.9,1.1,,A,"Andrew, Div of CommScope",USX8-7W,G,,,1.3,-68.09,-86.0,Harriston (6066 10th Line) ON,VFE675,010033587-004,Backhaul Network Services Inc.,2023-09-08,False,False,0.0,0.0
RX,7770.0,30.0,27300.0,27M3D7WET,512-QAM,True,1.25|10|30,A,L,B,46.3615,-82.56061111,323.0,68.0,85.0,181.335876536455,-0.403967055700748,40.4,1.4,,A,"Andrew, Div of CommScope",HPX6-71W,A,,,1.8,-66.0,-90.0,Elliot Lake (ON-108 / Frame Crescent) ON,CKG662,010033537-005,Backhaul Network Services Inc.,2021-01-12,False,False,0.0,0.0
RX,7770.0,30.0,27400.0,27M4D7W,4096-QAM,True,1.25|10|30,A,L,B,43.39063889,-81.29536111,328.0,61.0,98.0,108.964477007657,-0.0411056894505471,40.6,1.5,,A,"Andrew, Div of CommScope",USX6-7W,G,,,4.8,-68.0,-86.0,Russeldale (2888 Road 168) ON,VFF928,010033231-003,Backhaul Network Services Inc.,2022-03-01,False,False,0.0,0.0
RX,7770.0,30.0,27400.0,27M4D7W,4096-QAM,True,1.25|10|30,A,L,B,44.09472222,-80.12075,493.0,49.5,60.0,318.372085984565,-0.0102834445139688,42.9,1.2,,A,"Andrew, Div of CommScope",HPX8-71W,G,,,4.8,-68.0,-86.0,Primrose (507023 ON-89) ON,VEL895,010033147-005,Backhaul Network Services Inc.,2022-03-30,False,False,0.0,0.0
RX,7770.0,30.0,27400.0,27M4D7W,1024-QAM,True,1.25|10|30,A,L,B,43.31007778,-80.86003333,342.0,62.0,90.0,155.235372945741,-0.13420843289582,41.0,1.2,,A,"Andrew, Div of CommScope",UHX6-77GE,B,,,1.3,-67.92,-93.5,"HICKSON (537135, OXFORD RD 34) ON",VEM834,010033123-003,Backhaul Network Services Inc.,2022-12-13,False,False,0.0,0.0
RX,7770.0,30.0,27400.0,27M4D7W,4096-QAM,True,1.25|10|30,A,L,B,45.13222222,-78.79305556,393.0,59.5,120.0,155.630205840476,-0.208983637404781,41.0,1.2,,A,"Andrew, Div of CommScope",UHX6-77,G,,,4.8,-68.15,-86.0,"HALIBURTON (PL 6/7, CONC 11/12) ON",VFG285,010032559-004,Backhaul Network Services Inc.,2022-03-31,False,False,0.0,0.0
RX,7770.0,30.0,30000.0,30M0D7WET,64-QAM,True,1.25|10|30,A,,B,42.14222222,-82.9625,184.0,53.0,60.0,164.144073531323,-0.109006029326422,40.4,1.4,,A,"Andrew, Div of CommScope",HPX6-71W,A,,,0.8,-66.0,-103.5,MCGREGOR (72 SCOTT LANE) ON,CJL843,010032465-005,Rogers Communications Canada Inc.,2017-01-06,False,False,0.0,0.0
RX,7770.0,30.0,27400.0,27M4D7W,4096-QAM,True,1.25|10|30,A,L,B,44.93638889,-75.14694444,85.0,75.5,91.0,343.091636839377,-0.0748225350583843,42.9,1.1,,A,"Andrew, Div of CommScope",USX8-7W,G,,,4.8,-68.0,-86.0,MORRISBURG (HWY 401 / HWY 8) ON,XKX902,010032457-005,Backhaul Network Services Inc.,2022-02-14,False,False,0.0,0.0
RX,7770.0,30.0,30000.0,30M0D7WET,128-QAM,True,1.25|10|30,A,,B,42.92694444,-79.32638889,176.0,62.0,79.0,88.8,-0.121,43.4,1.4,,A,"Andrew, Div of CommScope",HPX8-77,A,,,1.3,-60.6,-101.0,WAINFLEET (37345 WILSON RD) ON,XKU549,010032365-001,Rogers Communications Canada Inc.,2011-04-01,False,False,0.0,0.0
RX,7770.0,30.0,27400.0,27M4D7W,4096-QAM,True,1.25|10|30,A,L,B,46.26725,-79.10469444,262.0,92.0,112.0,256.269645090786,-0.225226885769131,43.4,1.4,,A,"Andrew, Div of CommScope",HPX8-77,G,,,4.8,-64.75,-86.0,RUTHERGLEN (150 TROUT POND RD) ON,VEL388,010032291-007,Backhaul Network Services Inc.,2025-11-04,False,False,0.0,0.0
RX,7770.0,30.0,30000.0,30M0D7WET,512-QAM,True,1.25|10|30,A,,B,45.27583333,-75.31861111,70.0,58.0,97.0,289.698934219612,-0.0393615787633138,45.2,1.2,,A,"Andrew, Div of CommScope",UHX10-77GD,B,,,1.8,-70.0,-94.5,EMBRUN (960 ST-GUILLAUME RD) ON,XJV259,010032159-005,Backhaul Network Services Inc.,2018-04-20,False,False,0.0,0.0
RX,7770.0,30.0,27400.0,27M4D7W,4096-QAM,True,1.25|10|30,A,,B,44.32361111,-76.18583333,100.0,84.0,91.0,65.1179254987436,-0.0254100039471037,41.0,1.2,,A,"Andrew, Div of CommScope",UHX6-77GE,G,,,4.8,-68.0,-86.0,GANANOQUE (5210 KING ST W) ON,XKU598,010032107-004,Backhaul Network Services Inc.,2022-02-11,False,False,0.0,0.0
RX,7770.0,30.0,27400.0,27M4D7W,1024-QAM,True,1.25|10|30,A,L,B,45.50991667,-74.66258333,114.0,55.0,91.0,216.679071696735,-0.197099573944445,42.9,1.2,,A,"Andrew, Div of CommScope",HPX8-71W,B,,,5.3,-65.53,-93.5,Vankleek Hill (6414 ON-34) ON,XKU533,010032077-006,Backhaul Network Services Inc.,2022-07-01,False,False,0.0,0.0
RX,7770.0,30.0,27400.0,27M4D7W,4096-QAM,True,1.25|10|30,A,L,B,45.06219444,-74.74536111,55.0,76.5,122.0,254.603840794425,-0.0995163719691044,43.5,1.0,,A,"Andrew, Div of CommScope",UHX8-77GD,G,,,4.8,-68.0,-86.0,CORNWALL(MCCONNELL AVE/ HWY 401) ON,XKX903,010031877-007,Backhaul Network Services Inc.,2025-09-23,False,False,0.0,0.0
RX,7770.0,30.0,27400.0,27M4D7W,4096-QAM,True,1.25|10|30,A,L,B,46.19936111,-83.02211111,190.0,95.0,108.0,86.2988773233114,-0.0389608249510435,43.5,1.0,,A,"Andrew, Div of CommScope",UHX8-77GD,G,,,4.8,-67.5,-86.0,Blind River (26060 Hwy 17) ON,VDE889,010031865-003,Backhaul Network Services Inc.,2023-11-29,False,False,0.0,0.0
RX,7770.0,30.0,27400.0,27M4D7W,1024-QAM,True,1.25|10|30,A,,B,42.29725,-82.74225,176.0,39.0,60.0,105.83463922055,0.00050030417236312,43.5,1.0,,A,"Andrew, Div of CommScope",UHX8-77GD,G,,,1.8,-60.0,-93.5,Lakeshore (1408 CR-22) ON,VBE661,010031815-005,Backhaul Network Services Inc.,2019-07-08,False,False,0.0,0.0
RX,7770.0,30.0,27400.0,27M4D7W,4096-QAM,True,1.25|10|30,A,M,A,44.11205556,-78.91669444,277.0,50.4,76.0,340.771894944341,-0.00107379887190539,43.5,1.0,,A,"Andrew, Div of CommScope",UHX8-77GD,G,,,4.8,-68.0,-86.0,Port Perry (Head Rd / Island Rd) ON,VAD464,010031733-003,Backhaul Network Services Inc.,2022-02-01,False,False,0.0,0.0
RX,7770.0,30.0,27400.0,27M4D7W,4096-QAM,True,1.25|10|30,A,L,B,42.66111111,-80.78194444,198.0,73.1,90.0,98.2164593940135,-0.0901803274032105,41.0,1.2,,A,"Andrew, Div of CommScope",UHX6-77,G,,,4.8,-69.44,-86.0,VIENNA (5372 TEALL NEIL RD) ON,VEM660,010031551-004,Backhaul Network Services Inc.,2022-03-11,False,False,0.0,0.0
RX,7770.0,30.0,27400.0,27M4D7W,4096-QAM,True,1.25|10|30,A,L,B,45.30694444,-74.94111111,93.0,48.5,61.0,165.237301667362,0.0847154810911249,41.0,1.2,,A,Ericsson (Marconi/GEC),ML7/8 1.8M HPX,G,,,4.3,-68.0,-86.0,CASSELMAN (HWY 417/HWY 138) ON,VBE699,010031547-004,Backhaul Network Services Inc.,2023-06-25,False,False,0.0,0.0
RX,7770.0,30.0,27400.0,27M4D7W,4096-QAM,True,1.25|10|30,A,L,B,44.93638889,-75.14694444,85.0,81.4,91.0,235.895966127884,-0.135170467184142,43.5,1.0,,A,"Andrew, Div of CommScope",UHX8-77GD,G,,,4.8,-68.0,-86.0,MORRISBURG (HWY 401 / HWY 8) ON,XKX902,010031523-004,Backhaul Network Services Inc.,2022-02-14,False,False,0.0,0.0
RX,7770.0,30.0,27400.0,27M4D7W,4096-QAM,True,1.25|10|30,A,L,B,44.28812778,-81.07914722,280.0,54.0,100.0,269.761234235793,-0.199867241154093,41.0,1.2,,A,"Andrew, Div of CommScope",UHX6-77,G,,,1.3,-67.77,-86.0,Chesley (2255 Bruce Rd 19) ON,VFE256,010031419-006,Backhaul Network Services Inc.,2023-08-22,False,False,0.0,0.0
RX,7770.0,30.0,27400.0,27M4D7W,4096-QAM,True,1.25|10|30,A,L,B,43.13878611,-81.56183611,233.0,82.0,91.0,179.050509883619,-0.0854971825623783,40.6,1.5,,A,"Andrew, Div of CommScope",USX6-7W,G,,,1.3,-69.69,-86.0,AILSA CRAIG (CASSIDY RD/HWY 7) ON,VFE459,010031383-005,Backhaul Network Services Inc.,2022-07-15,False,False,0.0,0.0
RX,7770.0,30.0,27400.0,27M4D7W,4096-QAM,True,1.25|10|30,A,L,B,43.61094444,-81.37905556,324.0,75.0,96.0,36.95049384974,0.00838954727688904,42.9,1.1,,A,"Andrew, Div of CommScope",USX8-7W-6GF,G,,,1.3,-68.0,-87.5,SEAFORTH (42325 SUMMERHILL RD) ON,CYF213,010031355-006,Backhaul Network Services Inc.,2023-02-03,False,False,0.0,0.0
RX,7770.0,30.0,27400.0,27M4D7W,4096-QAM,True,1.25|10|30,A,L,B,44.7025,-75.92777778,132.0,62.2,99.0,357.694976104798,-0.162328271398636,43.5,1.0,,A,"Andrew, Div of CommScope",UHX8-77GD,G,,,4.8,-68.0,-86.0,FRANKVILLE (660 K-E TOWNLINE RD) ON,CIJ576,010031251-005,Backhaul Network Services Inc.,2022-02-14,False,False,0.0,0.0
RX,7770.0,30.0,27400.0,27M4D7W,4096-QAM,True,1.25|10|30,A,L,B,43.31531389,-81.306725,305.0,79.0,100.0,224.849489816296,-0.122554551461027,42.9,1.1,,A,"Andrew, Div of CommScope",USX8-7W,G,,,1.3,-66.8,-86.0,KIRKTON (5857 LINE 8) ON,CIO687,010031181-004,Backhaul Network Services Inc.,2024-04-26,False,False,0.0,0.0
RX,7770.0,30.0,27400.0,27M4D7W,4096-QAM,True,1.25|10|30,A,L,B,44.25242222,-77.99722222,276.0,62.0,105.0,105.4,-0.55,40.6,1.5,,A,"Andrew, Div of CommScope",USX6-7W,G,,,1.3,-68.56,-87.5,HASTINGS (9TH CONC RD W/HWY 45) ON,CJL826,010031137-004,Backhaul Network Services Inc.,2023-07-31,False,False,0.0,0.0
RX,7770.0,30.0,27400.0,27M4D7W,4096-QAM,True,1.25|10|30,A,L,B,42.13277778,-82.39472222,189.0,76.6,95.0,224.274713766133,-0.174738541395341,43.5,1.0,,A,"Andrew, Div of CommScope",UHX8-77GD,G,,,4.8,-68.0,-86.0,CHATHAM-KENT (1845 TALBOT TRAIL) ON,VEL431,010030951-006,Backhaul Network Services Inc.,2022-03-10,False,False,0.0,0.0
RX,7770.0,30.0,30000.0,30M0D7WET,64-QAM,True,1.25|10|30,A,M,A,45.33916667,-75.90388889,81.0,74.0,79.0,287.495296660991,-0.0102992999831353,42.9,1.2,,A,"Andrew, Div of CommScope",HPX8-71W,B,,,0.8,-68.0,-103.5,KANATA (306 LEGGET DR) ON,XJV283,010030935-006,Backhaul Network Services Inc.,2020-09-25,False,False,0.0,0.0
RX,7770.0,30.0,27400.0,27M4D7W,4096-QAM,True,1.25|10|30,A,L,B,45.39888889,-76.60888889,216.0,42.4,92.0,82.734490819653,-0.193018803051186,42.9,1.2,,A,"Andrew, Div of CommScope",HPX8-71W,G,,,4.8,-68.0,-86.0,BURNSTOWN (2195 BURNSTOWN RD) ON,VAD402,010030933-007,Backhaul Network Services Inc.,2022-02-14,False,False,0.0,0.0
RX,7740.0,30.0,27400.0,27M4D7W,4096-QAM,True,1.25|10|30,A,L,B,44.98700556,-78.09309167,462.0,55.75,106.0,112.72395367237,-0.285636568206154,42.9,1.1,,A,"Andrew, Div of CommScope",USX8-7W,G,,,1.3,-66.69,-86.5,PAUDASH LAKE (1165 GANDER ROAD) ON,CIZ223,011126482-001,Backhaul Network Services Inc.,2026-05-01,False,False,0.0,0.0
RX,7740.0,30.0,27400.0,27M4D7W,4096-QAM,True,1.25|10|30,A,L,B,44.32253056,-79.15154722,267.0,63.5,135.0,187.99842671835,-0.0138365368622914,40.8,1.5,,A,"Andrew, Div of CommScope",HX6-7W,G,,,1.3,-67.96,-87.5,PEFFERLAW (400 DURHAM REGIONAL RD 12) ON,VEM464,010069413-006,Backhaul Network Services Inc.,2025-09-18,False,False,0.0,0.0
RX,7740.0,30.0,27400.0,27M4D7W,4096-QAM,True,1.25|10|30,A,L,B,44.46861389,-81.36946667,200.0,72.0,104.5,201.363281523714,0.0330881105078355,42.9,1.1,,A,"Andrew, Div of CommScope",USX8-7W,G,,,1.3,-62.98,-86.0,"PORT ELGIN(PART LOT 57,58 AND 59, LAKE RANGE, SAUGEEN T) ON",CHY670,011067078-002,Backhaul Network Services Inc.,2025-01-24,False,False,0.0,0.0
RX,7740.0,30.0,27400.0,27M4D7W,4096-QAM,True,1.25|10|30,A,L,B,44.88513889,-76.22838889,140.0,65.0,100.0,18.7290633404464,-0.092134362875242,40.6,1.5,,A,"Andrew, Div of CommScope",USX6-7W,G,,,0.8,-66.72,-87.5,PERTH (2816 RIDEAU FERRY ROAD) ON,VEM607,011037686-002,Backhaul Network Services Inc.,2025-01-17,False,False,0.0,0.0
RX,7740.0,30.0,27400.0,27M4D7W,4096-QAM,True,1.25|10|30,A,L,B,44.38925,-77.96672222,210.0,85.0,90.0,312.759855557049,-0.0243279885412434,40.6,1.5,,A,"Andrew, Div of CommScope",USX6-7W,G,,,1.3,-67.98,-86.0,Norwood (52 Mill St) ON,CGF601,011034759-002,Backhaul Network Services Inc.,2024-11-30,False,False,0.0,0.0
RX,7740.0,30.0,27400.0,27M4D7W,4096-QAM,True,1.25|10|30,A,L,B,44.90611111,-76.57277778,230.0,50.5,90.0,110.870586602974,-0.249463594095729,40.6,1.5,,A,"Andrew, Div of CommScope",USX6-7W,G,,,1.3,-65.78,-87.5,Lanark (Highland Line & Concession Rd 2) ON,CHW957,011020853-002,Backhaul Network Services Inc.,2024-11-08,False,False,0.0,0.0
RX,7740.0,30.0,30000.0,30M0D7W,1024-QAM,True,1.25|10|30,A,L,B,44.19061111,-77.35969444,95.0,37.0,50.0,133.503396972386,0.00575202563028713,40.8,1.5,,A,"Andrew, Div of CommScope",HX6-7W,G,,,4.3,-65.28,-92.0,Belleville (155 Jamieson Bone Rd) ON,CGM334,011044336-002,Backhaul Network Services Inc.,2024-06-17,False,False,0.0,0.0
RX,7740.0,30.0,27400.0,27M4D7W,4096-QAM,True,1.25|10|30,A,L,B,45.32698333,-75.284225,73.0,77.0,100.0,61.9848830363975,-0.133362580524161,42.9,1.1,,A,"Andrew, Div of CommScope",USX8-7W,G,,,1.3,-62.55,-87.5,Embrun (387 St Thomas Rd) ON,CJL913,011020858-002,Backhaul Network Services Inc.,2024-06-07,False,False,0.0,0.0
RX,7740.0,30.0,27400.0,27M4D7W,4096-QAM,True,1.25|10|30,A,L,B,44.80694444,-75.69722222,104.0,71.3,90.0,162.647839715336,-0.0471898345858043,42.9,1.1,,A,"Andrew, Div of CommScope",USX8-7W,G,,,1.3,-61.68,-87.5,NORTH AUGUSTA (9436 KYLE RD) ON,CHD865,011021598-002,Backhaul Network Services Inc.,2024-04-12,False,False,0.0,0.0
RX,7740.0,30.0,27400.0,27M4D7W,4096-QAM,True,1.25|10|30,A,L,B,42.76788889,-80.47472222,229.0,66.0,90.0,297.936668612989,0.00306849777658206,40.6,1.5,,A,"Andrew, Div of CommScope",USX6-7W,G,,,4.5,-66.55,-86.0,SIMCOE (174 MCDOWELL RD E) ON,CFB871,010958911-002,Backhaul Network Services Inc.,2023-01-30,False,False,0.0,0.0
RX,7740.0,30.0,27400.0,27M4D7W,4096-QAM,True,1.25|10|30,A,L,B,45.40536111,-79.79313889,289.0,80.0,100.0,246.625776013328,-0.309622348346103,41.0,1.2,,A,"Andrew, Div of CommScope",UHX6-77GE,G,,,4.8,-68.0,-86.0,Orrville (704 Blackwater Lake Rd) ON,VYA281,010068730-003,Backhaul Network Services Inc.,2022-07-19,False,False,0.0,0.0
RX,7740.0,30.0,27400.0,27M4D7W,4096-QAM,True,1.25|10|30,A,L,B,44.53772222,-76.68258333,162.0,43.0,100.0,175.199990814415,0.0118186013343027,40.6,1.5,,A,"Andrew, Div of CommScope",USX6-7W,G,,,4.8,-70.0,-86.0,GODFREY (8011 HWY 38) ON,VEL361,010032237-004,Backhaul Network Services Inc.,2022-02-18,False,False,0.0,0.0
RX,7740.0,30.0,27400.0,27M4D7W,4096-QAM,True,1.25|10|30,A,L,B,42.80780278,-81.56575,217.0,76.5,100.0,233.699740612592,-0.0356082151393052,40.6,1.5,,A,"Andrew, Div of CommScope",USX6-7W,G,,,4.8,-68.4,-86.0,MELBOURNE (6278 LONGWOODS RD) ON,VEM701,010033157-003,Backhaul Network Services Inc.,2022-03-28,False,False,0.0,0.0
RX,7740.0,30.0,27400.0,27M4D7W,4096-QAM,True,1.25|10|30,A,L,B,44.93638889,-75.14694444,85.0,75.5,91.0,343.091636839377,-0.0748225350583843,42.9,1.1,,A,"Andrew, Div of CommScope",USX8-7W,G,,,4.8,-68.0,-86.0,MORRISBURG (HWY 401 / HWY 8) ON,XKX902,010032457-005,Backhaul Network Services Inc.,2022-02-14,False,False,0.0,0.0
RX,7740.0,30.0,30000.0,30M0D7W,128-QAM,True,1.25|10|30,A,,B,49.90935833,-91.149,470.0,88.2,116.0,193.294979480565,-0.250631330208425,43.5,1.2,,A,RFS (Celwave/Cablewave/Phelps Dodge),DA8-77A,A,,,7.07,-76.9,-98.0,Sturgeon Lake (Hwy 599) ON,VEM730,010036379-002,TBAYtel - Fixed,2020-08-01,False,False,0.0,0.0
RX,7740.0,30.0,30000.0,30M0D7W,128-QAM,True,1.25|10|30,A,,B,50.10216667,-91.92070833,390.0,32.0,45.0,105.033205453809,0.151693867827135,40.9,1.6,,A,RFS (Celwave/Cablewave/Phelps Dodge),DA6-77A,B,,,3.83,-76.95,-98.0,Sioux Lookout (Prince St/6 Ave) ON,VEM732,010036383-002,TBAYtel - Fixed,2020-08-01,False,False,0.0,0.0
RX,7740.0,30.0,30000.0,30M0D7W,128-QAM,True,1.25|10|30,A,,B,49.90935833,-91.149,470.0,92.8,116.0,293.179529380889,-0.263394866217409,45.4,1.0,,A,RFS (Celwave/Cablewave/Phelps Dodge),DA10-77A,A,,,7.25,-76.79,-98.0,Sturgeon Lake (Hwy 599) ON,VEM730,010036381-002,TBAYtel - Fixed,2020-08-01,False,False,0.0,0.0
RX,7740.0,30.0,27400.0,27M4D7W,4096-QAM,True,1.25|10|30,A,L,B,45.39888889,-76.60888889,216.0,42.4,92.0,82.734490819653,-0.193018803051186,42.9,1.2,,A,"Andrew, Div of CommScope",HPX8-71W,G,,,4.8,-68.0,-86.0,BURNSTOWN (2195 BURNSTOWN RD) ON,VAD402,010030933-007,Backhaul Network Services Inc.,2022-02-14,False,False,0.0,0.0
RX,7740.0,30.0,27400.0,27M4D7W,4096-QAM,True,1.25|10|30,A,L,B,45.43386111,-78.98941667,434.0,66.5,85.0,236.546038859085,-0.275306390352803,41.1,1.6,,A,RFS (Celwave/Cablewave/Phelps Dodge),UXA6-78B,G,,,4.8,-69.9,-86.0,OXBOW BEACH (LIMBERLOST RD.)  ON,VYB202,010072263-004,Backhaul Network Services Inc.,2022-06-30,False,False,0.0,0.0
RX,7740.0,30.0,30000.0,30M0D7WET,256-QAM,True,1.25|10|30,A,,B,45.46361111,-75.16388889,50.0,81.0,91.0,246.950123591253,-0.0996219775996329,44.9,1.0,,A,"Andrew, Div of CommScope",HPX10-71W,B,,,2.3,-59.82,-99.0,BOURGET (2333 LALONDE RD) ON,XKU532,010030807-006,Backhaul Network Services Inc.,2018-04-20,False,False,0.0,0.0
RX,7740.0,30.0,27400.0,27M4D7W,4096-QAM,True,1.25|10|30,A,L,B,44.75119444,-79.36459167,230.0,54.0,95.0,169.556606961225,-0.0187421519106718,41.0,1.2,,A,"Andrew, Div of CommScope",UHX6-77,G,,,4.8,-67.67,-86.0,WASHAGO (3599 CAMBRIAN RD) ON,VEL264,010069351-007,Backhaul Network Services Inc.,2024-12-27,False,False,0.0,0.0
RX,7740.0,30.0,27400.0,27M4D7W,4096-QAM,True,1.25|10|30,A,L,B,42.56,-82.19594444,182.0,58.0,89.0,283.874167647122,-0.144496887193538,42.9,1.1,,A,"Andrew, Div of CommScope",USX8-7W,G,,,4.8,-67.89,-86.0,DRESDEN (25838 LINDSAY RD) ON,VEM267,010031979-005,Backhaul Network Services Inc.,2022-03-15,False,False,0.0,0.0
RX,7740.0,30.0,27400.0,27M4D7W,4096-QAM,True,1.25|10|30,A,L,B,44.02797222,-77.89208333,205.0,81.0,91.0,257.021584215187,-0.268262128119603,41.0,1.2,,A,"Andrew, Div of CommScope",UHX6-77GE,G,,,4.8,-66.9,-86.0,Colborne (220 Herley Rd) ON,XKU591,010030835-006,Backhaul Network Services Inc.,2025-09-02,False,False,0.0,0.0
RX,7740.0,30.0,27400.0,27M4D7W,4096-QAM,True,1.25|10|30,A,L,B,44.58777778,-78.16444444,289.0,51.5,106.0,19.5157502429366,0.105294650726915,45.3,1.0,,A,"Andrew, Div of CommScope",HPX10-77,G,,,4.8,-68.0,-86.0,HARCOURT (5914 HWY 28) ON,VAD497,010067845-004,Backhaul Network Services Inc.,2022-03-31,False,False,0.0,0.0
RX,7740.0,30.0,27500.0,27M5D7WET,64-QAM,True,1.25|10|30,A,,B,45.45972222,-76.66277778,173.0,66.0,90.0,98.7,-0.249,41.1,1.6,,A,RFS (Celwave/Cablewave/Phelps Dodge),UXA6-78B,B,,,4.5,-67.8,-105.0,RENFREW (ON0873) ON,CIJ755,010037237-001,TELUS Communications Inc.,2013-02-07,False,False,0.0,0.0
RX,7740.0,30.0,30000.0,30M0D7W,64-QAM,True,1.25|10|30,A,,B,42.27636111,-82.80433333,182.0,38.0,48.0,152.6,0.01,41.1,1.6,,A,RFS (Celwave/Cablewave/Phelps Dodge),UXA6-78B,G,,,4.5,-67.6,-82.5,Puce (735 CR-42) ON,CIH534,010037143-004,TELUS Communications Inc.,2020-01-01,False,False,0.0,0.0
RX,7740.0,30.0,27500.0,27M5D7WET,64-QAM,True,1.25|10|30,A,,B,45.80611111,-77.09527778,151.0,77.0,90.0,300.7,-0.732,41.1,1.6,,A,RFS (Celwave/Cablewave/Phelps Dodge),UXA6-78B,A,,,4.5,-68.3,-105.0,PEMBROKE (ON0875) ON,CFW899,010036871-001,TELUS Communications Inc.,2014-04-01,False,False,0.0,0.0
RX,7740.0,30.0,27500.0,27M5D7WET,64-QAM,True,1.25|10|30,A,,B,45.45972222,-76.66277778,173.0,88.0,90.0,315.7,-0.147,43.6,1.2,,A,RFS (Celwave/Cablewave/Phelps Dodge),UXA8-78A,A,,,4.5,-67.6,-105.0,RENFREW (ON0873) ON,CIJ755,010036867-001,TELUS Communications Inc.,2014-01-23,False,False,0.0,0.0
RX,7740.0,30.0,30000.0,30M0D7W,128-QAM,True,1.25|10|30,A,,B,50.13305556,-93.24277778,449.0,66.0,91.0,203.82256329008,-0.126729508327355,45.3,1.0,,A,"Andrew, Div of CommScope",HPX10-77,G,,,1.7,-61.6,-98.0,"Camp Robinson (Camp Robinson Road/Hwy 105), ON",VFF547,010036471-002,TBAYtel - Fixed,2019-10-01,False,False,0.0,0.0
RX,7740.0,30.0,30000.0,30M0D7W,128-QAM,True,1.25|10|30,A,,B,50.13305556,-93.24277778,449.0,62.8,91.0,12.9765119142073,-0.207839480630604,43.4,1.4,,A,"Andrew, Div of CommScope",HPX8-77,G,,,1.7,-72.0,-98.0,"Camp Robinson (Camp Robinson Road/Hwy 105), ON",VFF547,010036469-002,TBAYtel - Fixed,2019-10-01,False,False,0.0,0.0
RX,7740.0,30.0,30000.0,30M0D7W,128-QAM,True,1.25|10|30,A,,B,50.64111111,-93.23194444,370.0,84.6,107.0,315.703337966438,-0.0684611430073726,45.3,1.0,,A,"Andrew, Div of CommScope",HPX10-77,G,,,1.7,-72.0,-98.0,"Ear Falls (John St/Nicholas Ave) Ear Falls, ON",VFF546,010036467-002,TBAYtel - Fixed,2019-10-01,False,False,0.0,0.0
RX,7740.0,30.0,30000.0,30M0D7W,128-QAM,True,1.25|10|30,A,,B,50.64111111,-93.23194444,370.0,84.2,107.0,173.523123847101,-0.0621946995525482,45.3,1.0,,A,"Andrew, Div of CommScope",HPX10-77,G,,,1.7,-72.0,-98.0,"Ear Falls (John St/Nicholas Ave) Ear Falls, ON",VFF546,010036465-002,TBAYtel - Fixed,2019-10-01,False,False,0.0,0.0
RX,7740.0,30.0,30000.0,30M0D7W,128-QAM,True,1.25|10|30,A,,B,50.99116667,-93.78625,397.0,45.1,107.0,133.46222180361,-0.00601931455375682,40.7,1.6,,A,"Andrew, Div of CommScope",HPX6-77,G,,,1.7,-72.0,-98.0,Red Lake (ON105/ON125) ON,VFF544,010036463-002,TBAYtel - Fixed,2019-10-01,False,False,0.0,0.0
RX,7740.0,30.0,30000.0,30M0D7W,128-QAM,True,1.25|10|30,A,,B,49.41658056,-91.6244,460.0,89.2,100.0,40.9610508624124,-0.163860516020069,45.4,1.0,,A,RFS (Celwave/Cablewave/Phelps Dodge),DA10-77A,B,,,6.96,-76.6,-98.0,Ignace (Hwy 11/Hwy 599) ON,VEM728,010036377-002,TBAYtel - Fixed,2020-08-01,False,False,0.0,0.0
RX,7740.0,30.0,27400.0,27M4D7W,4096-QAM,True,1.25|10|30,A,L,B,42.70711111,-82.28086111,188.0,71.5,111.0,251.127160545391,-0.068688892702174,42.9,1.1,,A,"Andrew, Div of CommScope",USX8-7W-6GF,G,,,1.3,-68.0,-87.5,Beaver Meadow (1291 Brigden Rd) ON,XKX925,010032429-005,Backhaul Network Services Inc.,2023-11-20,False,False,0.0,0.0
RX,7740.0,30.0,27400.0,27M4D7W,4096-QAM,True,1.25|10|30,A,M,A,42.14222222,-82.9625,184.0,53.1,60.0,83.2454758434526,-0.0883641304149812,42.9,1.2,,A,"Andrew, Div of CommScope",HPX8-71W,G,,,4.8,-68.0,-86.0,MCGREGOR (72 SCOTT LANE) ON,CJL843,010031139-005,Backhaul Network Services Inc.,2022-01-25,False,False,0.0,0.0
RX,7740.0,30.0,27400.0,27M4D7W,4096-QAM,True,1.25|10|30,A,L,B,44.21589167,-77.38117222,101.0,71.0,91.4,4.06358938879545,0.112783675190181,40.6,1.5,,A,"Andrew, Div of CommScope",USX6-7W,G,,,1.3,-65.71,-87.5,BELLEVILLE (86B SHORT ST) ON,XKU593,010031087-006,Backhaul Network Services Inc.,2025-11-07,False,False,0.0,0.0
RX,7740.0,30.0,30000.0,30M0D7WET,128-QAM,True,1.25|10|30,A,,B,42.04222222,-82.62305556,206.0,30.0,39.0,190.0,-0.148,41.1,1.6,,A,RFS (Celwave/Cablewave/Phelps Dodge),UXA6-78B,A,,,5.3,-69.0,-101.0,LEAMINGTON (67 FRASER RD) ON,CGC266,010030659-001,Bell Canada - Wireless Mgmt Office,2012-11-01,False,False,0.0,0.0
