time_index,incumbent_id,sector_id,tone_group,frequency_ghz,spectral_overlap_fraction,path_gain_linear,receiver_gain_linear,element_gain_accounted,clutter_treatment,implementation_version,provenance_note
0,NRCAN_GATINEAU_REFERENCE,SITE_PROP_E3_SITE_01,P452_p50_coast5_H,8.15,1,9.52912297595533e-13,1,0,none_documented,ITU-R P.452-18 reference v18.0 commit 86f8026ce39635fa2b599e50d6d01fe5b0d6bbfe; MATLAB 2026a,ALL_SITE_BASIC_LOSS_AUDIT_NOT_PAPER_RESULT; Gt=Gr=0dBi; g=h; no separate P2108; site-level propagation only; no direct antenna gain included
0,NRCAN_GATINEAU_REFERENCE,SITE_PROP_E3_SITE_01,P452_p20_coast5_H,8.15,1,1.02457680770106e-12,1,0,none_documented,ITU-R P.452-18 reference v18.0 commit 86f8026ce39635fa2b599e50d6d01fe5b0d6bbfe; MATLAB 2026a,ALL_SITE_BASIC_LOSS_AUDIT_NOT_PAPER_RESULT; Gt=Gr=0dBi; g=h; no separate P2108; site-level propagation only; no direct antenna gain included
0,NRCAN_GATINEAU_REFERENCE,SITE_PROP_E3_SITE_01,P452_p10_coast5_H,8.15,1,1.06419628321653e-12,1,0,none_documented,ITU-R P.452-18 reference v18.0 commit 86f8026ce39635fa2b599e50d6d01fe5b0d6bbfe; MATLAB 2026a,ALL_SITE_BASIC_LOSS_AUDIT_NOT_PAPER_RESULT; Gt=Gr=0dBi; g=h; no separate P2108; site-level propagation only; no direct antenna gain included
0,NRCAN_GATINEAU_REFERENCE,SITE_PROP_E3_SITE_01,P452_p1_coast5_H,8.15,1,1.2403432047314e-12,1,0,none_documented,ITU-R P.452-18 reference v18.0 commit 86f8026ce39635fa2b599e50d6d01fe5b0d6bbfe; MATLAB 2026a,ALL_SITE_BASIC_LOSS_AUDIT_NOT_PAPER_RESULT; Gt=Gr=0dBi; g=h; no separate P2108; site-level propagation only; no direct antenna gain included
0,NRCAN_GATINEAU_REFERENCE,SITE_PROP_E3_SITE_01,P452_p0.1_coast5_H,8.15,1,1.44853553420535e-12,1,0,none_documented,ITU-R P.452-18 reference v18.0 commit 86f8026ce39635fa2b599e50d6d01fe5b0d6bbfe; MATLAB 2026a,ALL_SITE_BASIC_LOSS_AUDIT_NOT_PAPER_RESULT; Gt=Gr=0dBi; g=h; no separate P2108; site-level propagation only; no direct antenna gain included
0,NRCAN_GATINEAU_REFERENCE,SITE_PROP_E3_SITE_01,P452_p0.01_coast5_H,8.15,1,1.69167351704852e-12,1,0,none_documented,ITU-R P.452-18 reference v18.0 commit 86f8026ce39635fa2b599e50d6d01fe5b0d6bbfe; MATLAB 2026a,ALL_SITE_BASIC_LOSS_AUDIT_NOT_PAPER_RESULT; Gt=Gr=0dBi; g=h; no separate P2108; site-level propagation only; no direct antenna gain included
0,NRCAN_GATINEAU_REFERENCE,SITE_PROP_E3_SITE_01,P452_p0.005_coast5_H,8.15,1,1.77256534827356e-12,1,0,none_documented,ITU-R P.452-18 reference v18.0 commit 86f8026ce39635fa2b599e50d6d01fe5b0d6bbfe; MATLAB 2026a,ALL_SITE_BASIC_LOSS_AUDIT_NOT_PAPER_RESULT; Gt=Gr=0dBi; g=h; no separate P2108; site-level propagation only; no direct antenna gain included
0,NRCAN_GATINEAU_REFERENCE,SITE_PROP_E3_SITE_01,P452_p50_coast5_V,8.15,1,9.52912297595533e-13,1,0,none_documented,ITU-R P.452-18 reference v18.0 commit 86f8026ce39635fa2b599e50d6d01fe5b0d6bbfe; MATLAB 2026a,ALL_SITE_BASIC_LOSS_AUDIT_NOT_PAPER_RESULT; Gt=Gr=0dBi; g=h; no separate P2108; site-level propagation only; no direct antenna gain included
0,NRCAN_GATINEAU_REFERENCE,SITE_PROP_E3_SITE_01,P452_p20_coast5_V,8.15,1,1.02457680770106e-12,1,0,none_documented,ITU-R P.452-18 reference v18.0 commit 86f8026ce39635fa2b599e50d6d01fe5b0d6bbfe; MATLAB 2026a,ALL_SITE_BASIC_LOSS_AUDIT_NOT_PAPER_RESULT; Gt=Gr=0dBi; g=h; no separate P2108; site-level propagation only; no direct antenna gain included
0,NRCAN_GATINEAU_REFERENCE,SITE_PROP_E3_SITE_01,P452_p10_coast5_V,8.15,1,1.06419628321653e-12,1,0,none_documented,ITU-R P.452-18 reference v18.0 commit 86f8026ce39635fa2b599e50d6d01fe5b0d6bbfe; MATLAB 2026a,ALL_SITE_BASIC_LOSS_AUDIT_NOT_PAPER_RESULT; Gt=Gr=0dBi; g=h; no separate P2108; site-level propagation only; no direct antenna gain included
0,NRCAN_GATINEAU_REFERENCE,SITE_PROP_E3_SITE_01,P452_p1_coast5_V,8.15,1,1.2403432047314e-12,1,0,none_documented,ITU-R P.452-18 reference v18.0 commit 86f8026ce39635fa2b599e50d6d01fe5b0d6bbfe; MATLAB 2026a,ALL_SITE_BASIC_LOSS_AUDIT_NOT_PAPER_RESULT; Gt=Gr=0dBi; g=h; no separate P2108; site-level propagation only; no direct antenna gain included
0,NRCAN_GATINEAU_REFERENCE,SITE_PROP_E3_SITE_01,P452_p0.1_coast5_V,8.15,1,1.44853553420535e-12,1,0,none_documented,ITU-R P.452-18 reference v18.0 commit 86f8026ce39635fa2b599e50d6d01fe5b0d6bbfe; MATLAB 2026a,ALL_SITE_BASIC_LOSS_AUDIT_NOT_PAPER_RESULT; Gt=Gr=0dBi; g=h; no separate P2108; site-level propagation only; no direct antenna gain included
0,NRCAN_GATINEAU_REFERENCE,SITE_PROP_E3_SITE_01,P452_p0.01_coast5_V,8.15,1,1.69167351704852e-12,1,0,none_documented,ITU-R P.452-18 reference v18.0 commit 86f8026ce39635fa2b599e50d6d01fe5b0d6bbfe; MATLAB 2026a,ALL_SITE_BASIC_LOSS_AUDIT_NOT_PAPER_RESULT; Gt=Gr=0dBi; g=h; no separate P2108; site-level propagation only; no direct antenna gain included
0,NRCAN_GATINEAU_REFERENCE,SITE_PROP_E3_SITE_01,P452_p0.005_coast5_V,8.15,1,1.77256534827356e-12,1,0,none_documented,ITU-R P.452-18 reference v18.0 commit 86f8026ce39635fa2b599e50d6d01fe5b0d6bbfe; MATLAB 2026a,ALL_SITE_BASIC_LOSS_AUDIT_NOT_PAPER_RESULT; Gt=Gr=0dBi; g=h; no separate P2108; site-level propagation only; no direct antenna gain included
0,NRCAN_GATINEAU_REFERENCE,SITE_PROP_E3_SITE_01,P452_p50_coast50_H,8.15,1,9.52912297595533e-13,1,0,none_documented,ITU-R P.452-18 reference v18.0 commit 86f8026ce39635fa2b599e50d6d01fe5b0d6bbfe; MATLAB 2026a,ALL_SITE_BASIC_LOSS_AUDIT_NOT_PAPER_RESULT; Gt=Gr=0dBi; g=h; no separate P2108; site-level propagation only; no direct antenna gain included
0,NRCAN_GATINEAU_REFERENCE,SITE_PROP_E3_SITE_01,P452_p20_coast50_H,8.15,1,1.02457680770106e-12,1,0,none_documented,ITU-R P.452-18 reference v18.0 commit 86f8026ce39635fa2b599e50d6d01fe5b0d6bbfe; MATLAB 2026a,ALL_SITE_BASIC_LOSS_AUDIT_NOT_PAPER_RESULT; Gt=Gr=0dBi; g=h; no separate P2108; site-level propagation only; no direct antenna gain included
0,NRCAN_GATINEAU_REFERENCE,SITE_PROP_E3_SITE_01,P452_p10_coast50_H,8.15,1,1.06419628321653e-12,1,0,none_documented,ITU-R P.452-18 reference v18.0 commit 86f8026ce39635fa2b599e50d6d01fe5b0d6bbfe; MATLAB 2026a,ALL_SITE_BASIC_LOSS_AUDIT_NOT_PAPER_RESULT; Gt=Gr=0dBi; g=h; no separate P2108; site-level propagation only; no direct antenna gain included
0,NRCAN_GATINEAU_REFERENCE,SITE_PROP_E3_SITE_01,P452_p1_coast50_H,8.15,1,1.2403432047314e-12,1,0,none_documented,ITU-R P.452-18 reference v18.0 commit 86f8026ce39635fa2b599e50d6d01fe5b0d6bbfe; MATLAB 2026a,ALL_SITE_BASIC_LOSS_AUDIT_NOT_PAPER_RESULT; Gt=Gr=0dBi; g=h; no separate P2108; site-level propagation only; no direct antenna gain included
0,NRCAN_GATINEAU_REFERENCE,SITE_PROP_E3_SITE_01,P452_p0.1_coast50_H,8.15,1,1.44853553420535e-12,1,0,none_documented,ITU-R P.452-18 reference v18.0 commit 86f8026ce39635fa2b599e50d6d01fe5b0d6bbfe; MATLAB 2026a,ALL_SITE_BASIC_LOSS_AUDIT_NOT_PAPER_RESULT; Gt=Gr=0dBi; g=h; no separate P2108; site-level propagation only; no direct antenna gain included
0,NRCAN_GATINEAU_REFERENCE,SITE_PROP_E3_SITE_01,P452_p0.01_coast50_H,8.15,1,1.69167351704852e-12,1,0,none_documented,ITU-R P.452-18 reference v18.0 commit 86f8026ce39635fa2b599e50d6d01fe5b0d6bbfe; MATLAB 2026a,ALL_SITE_BASIC_LOSS_AUDIT_NOT_PAPER_RESULT; Gt=Gr=0dBi; g=h; no separate P2108; site-level propagation only; no direct antenna gain included
0,NRCAN_GATINEAU_REFERENCE,SITE_PROP_E3_SITE_01,P452_p0.005_coast50_H,8.15,1,1.77256534827356e-12,1,0,none_documented,ITU-R P.452-18 reference v18.0 commit 86f8026ce39635fa2b599e50d6d01fe5b0d6bbfe; MATLAB 2026a,ALL_SITE_BASIC_LOSS_AUDIT_NOT_PAPER_RESULT; Gt=Gr=0dBi; g=h; no separate P2108; site-level propagation only; no direct antenna gain included
0,NRCAN_GATINEAU_REFERENCE,SITE_PROP_E3_SITE_01,P452_p50_coast50_V,8.15,1,9.52912297595533e-13,1,0,none_documented,ITU-R P.452-18 reference v18.0 commit 86f8026ce39635fa2b599e50d6d01fe5b0d6bbfe; MATLAB 2026a,ALL_SITE_BASIC_LOSS_AUDIT_NOT_PAPER_RESULT; Gt=Gr=0dBi; g=h; no separate P2108; site-level propagation only; no direct antenna gain included
0,NRCAN_GATINEAU_REFERENCE,SITE_PROP_E3_SITE_01,P452_p20_coast50_V,8.15,1,1.02457680770106e-12,1,0,none_documented,ITU-R P.452-18 reference v18.0 commit 86f8026ce39635fa2b599e50d6d01fe5b0d6bbfe; MATLAB 2026a,ALL_SITE_BASIC_LOSS_AUDIT_NOT_PAPER_RESULT; Gt=Gr=0dBi; g=h; no separate P2108; site-level propagation only; no direct antenna gain included
0,NRCAN_GATINEAU_REFERENCE,SITE_PROP_E3_SITE_01,P452_p10_coast50_V,8.15,1,1.06419628321653e-12,1,0,none_documented,ITU-R P.452-18 reference v18.0 commit 86f8026ce39635fa2b599e50d6d01fe5b0d6bbfe; MATLAB 2026a,ALL_SITE_BASIC_LOSS_AUDIT_NOT_PAPER_RESULT; Gt=Gr=0dBi; g=h; no separate P2108; site-level propagation only; no direct antenna gain included
0,NRCAN_GATINEAU_REFERENCE,SITE_PROP_E3_SITE_01,P452_p1_coast50_V,8.15,1,1.2403432047314e-12,1,0,none_documented,ITU-R P.452-18 reference v18.0 commit 86f8026ce39635fa2b599e50d6d01fe5b0d6bbfe; MATLAB 2026a,ALL_SITE_BASIC_LOSS_AUDIT_NOT_PAPER_RESULT; Gt=Gr=0dBi; g=h; no separate P2108; site-level propagation only; no direct antenna gain included
0,NRCAN_GATINEAU_REFERENCE,SITE_PROP_E3_SITE_01,P452_p0.1_coast50_V,8.15,1,1.44853553420535e-12,1,0,none_documented,ITU-R P.452-18 reference v18.0 commit 86f8026ce39635fa2b599e50d6d01fe5b0d6bbfe; MATLAB 2026a,ALL_SITE_BASIC_LOSS_AUDIT_NOT_PAPER_RESULT; Gt=Gr=0dBi; g=h; no separate P2108; site-level propagation only; no direct antenna gain included
0,NRCAN_GATINEAU_REFERENCE,SITE_PROP_E3_SITE_01,P452_p0.01_coast50_V,8.15,1,1.69167351704852e-12,1,0,none_documented,ITU-R P.452-18 reference v18.0 commit 86f8026ce39635fa2b599e50d6d01fe5b0d6bbfe; MATLAB 2026a,ALL_SITE_BASIC_LOSS_AUDIT_NOT_PAPER_RESULT; Gt=Gr=0dBi; g=h; no separate P2108; site-level propagation only; no direct antenna gain included
0,NRCAN_GATINEAU_REFERENCE,SITE_PROP_E3_SITE_01,P452_p0.005_coast50_V,8.15,1,1.77256534827356e-12,1,0,none_documented,ITU-R P.452-18 reference v18.0 commit 86f8026ce39635fa2b599e50d6d01fe5b0d6bbfe; MATLAB 2026a,ALL_SITE_BASIC_LOSS_AUDIT_NOT_PAPER_RESULT; Gt=Gr=0dBi; g=h; no separate P2108; site-level propagation only; no direct antenna gain included
0,NRCAN_GATINEAU_REFERENCE,SITE_PROP_E3_SITE_01,P452_p50_coast200_H,8.15,1,9.52912297595533e-13,1,0,none_documented,ITU-R P.452-18 reference v18.0 commit 86f8026ce39635fa2b599e50d6d01fe5b0d6bbfe; MATLAB 2026a,ALL_SITE_BASIC_LOSS_AUDIT_NOT_PAPER_RESULT; Gt=Gr=0dBi; g=h; no separate P2108; site-level propagation only; no direct antenna gain included
0,NRCAN_GATINEAU_REFERENCE,SITE_PROP_E3_SITE_01,P452_p20_coast200_H,8.15,1,1.02457680770106e-12,1,0,none_documented,ITU-R P.452-18 reference v18.0 commit 86f8026ce39635fa2b599e50d6d01fe5b0d6bbfe; MATLAB 2026a,ALL_SITE_BASIC_LOSS_AUDIT_NOT_PAPER_RESULT; Gt=Gr=0dBi; g=h; no separate P2108; site-level propagation only; no direct antenna gain included
0,NRCAN_GATINEAU_REFERENCE,SITE_PROP_E3_SITE_01,P452_p10_coast200_H,8.15,1,1.06419628321653e-12,1,0,none_documented,ITU-R P.452-18 reference v18.0 commit 86f8026ce39635fa2b599e50d6d01fe5b0d6bbfe; MATLAB 2026a,ALL_SITE_BASIC_LOSS_AUDIT_NOT_PAPER_RESULT; Gt=Gr=0dBi; g=h; no separate P2108; site-level propagation only; no direct antenna gain included
0,NRCAN_GATINEAU_REFERENCE,SITE_PROP_E3_SITE_01,P452_p1_coast200_H,8.15,1,1.2403432047314e-12,1,0,none_documented,ITU-R P.452-18 reference v18.0 commit 86f8026ce39635fa2b599e50d6d01fe5b0d6bbfe; MATLAB 2026a,ALL_SITE_BASIC_LOSS_AUDIT_NOT_PAPER_RESULT; Gt=Gr=0dBi; g=h; no separate P2108; site-level propagation only; no direct antenna gain included
0,NRCAN_GATINEAU_REFERENCE,SITE_PROP_E3_SITE_01,P452_p0.1_coast200_H,8.15,1,1.44853553420535e-12,1,0,none_documented,ITU-R P.452-18 reference v18.0 commit 86f8026ce39635fa2b599e50d6d01fe5b0d6bbfe; MATLAB 2026a,ALL_SITE_BASIC_LOSS_AUDIT_NOT_PAPER_RESULT; Gt=Gr=0dBi; g=h; no separate P2108; site-level propagation only; no direct antenna gain included
0,NRCAN_GATINEAU_REFERENCE,SITE_PROP_E3_SITE_01,P452_p0.01_coast200_H,8.15,1,1.69167351704852e-12,1,0,none_documented,ITU-R P.452-18 reference v18.0 commit 86f8026ce39635fa2b599e50d6d01fe5b0d6bbfe; MATLAB 2026a,ALL_SITE_BASIC_LOSS_AUDIT_NOT_PAPER_RESULT; Gt=Gr=0dBi; g=h; no separate P2108; site-level propagation only; no direct antenna gain included
0,NRCAN_GATINEAU_REFERENCE,SITE_PROP_E3_SITE_01,P452_p0.005_coast200_H,8.15,1,1.77256534827356e-12,1,0,none_documented,ITU-R P.452-18 reference v18.0 commit 86f8026ce39635fa2b599e50d6d01fe5b0d6bbfe; MATLAB 2026a,ALL_SITE_BASIC_LOSS_AUDIT_NOT_PAPER_RESULT; Gt=Gr=0dBi; g=h; no separate P2108; site-level propagation only; no direct antenna gain included
0,NRCAN_GATINEAU_REFERENCE,SITE_PROP_E3_SITE_01,P452_p50_coast200_V,8.15,1,9.52912297595533e-13,1,0,none_documented,ITU-R P.452-18 reference v18.0 commit 86f8026ce39635fa2b599e50d6d01fe5b0d6bbfe; MATLAB 2026a,ALL_SITE_BASIC_LOSS_AUDIT_NOT_PAPER_RESULT; Gt=Gr=0dBi; g=h; no separate P2108; site-level propagation only; no direct antenna gain included
0,NRCAN_GATINEAU_REFERENCE,SITE_PROP_E3_SITE_01,P452_p20_coast200_V,8.15,1,1.02457680770106e-12,1,0,none_documented,ITU-R P.452-18 reference v18.0 commit 86f8026ce39635fa2b599e50d6d01fe5b0d6bbfe; MATLAB 2026a,ALL_SITE_BASIC_LOSS_AUDIT_NOT_PAPER_RESULT; Gt=Gr=0dBi; g=h; no separate P2108; site-level propagation only; no direct antenna gain included
0,NRCAN_GATINEAU_REFERENCE,SITE_PROP_E3_SITE_01,P452_p10_coast200_V,8.15,1,1.06419628321653e-12,1,0,none_documented,ITU-R P.452-18 reference v18.0 commit 86f8026ce39635fa2b599e50d6d01fe5b0d6bbfe; MATLAB 2026a,ALL_SITE_BASIC_LOSS_AUDIT_NOT_PAPER_RESULT; Gt=Gr=0dBi; g=h; no separate P2108; site-level propagation only; no direct antenna gain included
0,NRCAN_GATINEAU_REFERENCE,SITE_PROP_E3_SITE_01,P452_p1_coast200_V,8.15,1,1.2403432047314e-12,1,0,none_documented,ITU-R P.452-18 reference v18.0 commit 86f8026ce39635fa2b599e50d6d01fe5b0d6bbfe; MATLAB 2026a,ALL_SITE_BASIC_LOSS_AUDIT_NOT_PAPER_RESULT; Gt=Gr=0dBi; g=h; no separate P2108; site-level propagation only; no direct antenna gain included
0,NRCAN_GATINEAU_REFERENCE,SITE_PROP_E3_SITE_01,P452_p0.1_coast200_V,8.15,1,1.44853553420535e-12,1,0,none_documented,ITU-R P.452-18 reference v18.0 commit 86f8026ce39635fa2b599e50d6d01fe5b0d6bbfe; MATLAB 2026a,ALL_SITE_BASIC_LOSS_AUDIT_NOT_PAPER_RESULT; Gt=Gr=0dBi; g=h; no separate P2108; site-level propagation only; no direct antenna gain included
0,NRCAN_GATINEAU_REFERENCE,SITE_PROP_E3_SITE_01,P452_p0.01_coast200_V,8.15,1,1.69167351704852e-12,1,0,none_documented,ITU-R P.452-18 reference v18.0 commit 86f8026ce39635fa2b599e50d6d01fe5b0d6bbfe; MATLAB 2026a,ALL_SITE_BASIC_LOSS_AUDIT_NOT_PAPER_RESULT; Gt=Gr=0dBi; g=h; no separate P2108; site-level propagation only; no direct antenna gain included
0,NRCAN_GATINEAU_REFERENCE,SITE_PROP_E3_SITE_01,P452_p0.005_coast200_V,8.15,1,1.77256534827356e-12,1,0,none_documented,ITU-R P.452-18 reference v18.0 commit 86f8026ce39635fa2b599e50d6d01fe5b0d6bbfe; MATLAB 2026a,ALL_SITE_BASIC_LOSS_AUDIT_NOT_PAPER_RESULT; Gt=Gr=0dBi; g=h; no separate P2108; site-level propagation only; no direct antenna gain included
0,NRCAN_GATINEAU_REFERENCE,SITE_PROP_E3_SITE_02,P452_p50_coast5_H,8.15,1,7.00056365726144e-13,1,0,none_documented,ITU-R P.452-18 reference v18.0 commit 86f8026ce39635fa2b599e50d6d01fe5b0d6bbfe; MATLAB 2026a,ALL_SITE_BASIC_LOSS_AUDIT_NOT_PAPER_RESULT; Gt=Gr=0dBi; g=h; no separate P2108; site-level propagation only; no direct antenna gain included
0,NRCAN_GATINEAU_REFERENCE,SITE_PROP_E3_SITE_02,P452_p20_coast5_H,8.15,1,7.60484413302825e-13,1,0,none_documented,ITU-R P.452-18 reference v18.0 commit 86f8026ce39635fa2b599e50d6d01fe5b0d6bbfe; MATLAB 2026a,ALL_SITE_BASIC_LOSS_AUDIT_NOT_PAPER_RESULT; Gt=Gr=0dBi; g=h; no separate P2108; site-level propagation only; no direct antenna gain included
0,NRCAN_GATINEAU_REFERENCE,SITE_PROP_E3_SITE_02,P452_p10_coast5_H,8.15,1,7.94152878028738e-13,1,0,none_documented,ITU-R P.452-18 reference v18.0 commit 86f8026ce39635fa2b599e50d6d01fe5b0d6bbfe; MATLAB 2026a,ALL_SITE_BASIC_LOSS_AUDIT_NOT_PAPER_RESULT; Gt=Gr=0dBi; g=h; no separate P2108; site-level propagation only; no direct antenna gain included
0,NRCAN_GATINEAU_REFERENCE,SITE_PROP_E3_SITE_02,P452_p1_coast5_H,8.15,1,9.45326410128137e-13,1,0,none_documented,ITU-R P.452-18 reference v18.0 commit 86f8026ce39635fa2b599e50d6d01fe5b0d6bbfe; MATLAB 2026a,ALL_SITE_BASIC_LOSS_AUDIT_NOT_PAPER_RESULT; Gt=Gr=0dBi; g=h; no separate P2108; site-level propagation only; no direct antenna gain included
0,NRCAN_GATINEAU_REFERENCE,SITE_PROP_E3_SITE_02,P452_p0.1_coast5_H,8.15,1,1.1281397574754e-12,1,0,none_documented,ITU-R P.452-18 reference v18.0 commit 86f8026ce39635fa2b599e50d6d01fe5b0d6bbfe; MATLAB 2026a,ALL_SITE_BASIC_LOSS_AUDIT_NOT_PAPER_RESULT; Gt=Gr=0dBi; g=h; no separate P2108; site-level propagation only; no direct antenna gain included
0,NRCAN_GATINEAU_REFERENCE,SITE_PROP_E3_SITE_02,P452_p0.01_coast5_H,8.15,1,1.34630703452771e-12,1,0,none_documented,ITU-R P.452-18 reference v18.0 commit 86f8026ce39635fa2b599e50d6d01fe5b0d6bbfe; MATLAB 2026a,ALL_SITE_BASIC_LOSS_AUDIT_NOT_PAPER_RESULT; Gt=Gr=0dBi; g=h; no separate P2108; site-level propagation only; no direct antenna gain included
0,NRCAN_GATINEAU_REFERENCE,SITE_PROP_E3_SITE_02,P452_p0.005_coast5_H,8.15,1,1.41989956079899e-12,1,0,none_documented,ITU-R P.452-18 reference v18.0 commit 86f8026ce39635fa2b599e50d6d01fe5b0d6bbfe; MATLAB 2026a,ALL_SITE_BASIC_LOSS_AUDIT_NOT_PAPER_RESULT; Gt=Gr=0dBi; g=h; no separate P2108; site-level propagation only; no direct antenna gain included
0,NRCAN_GATINEAU_REFERENCE,SITE_PROP_E3_SITE_02,P452_p50_coast5_V,8.15,1,7.00056365726144e-13,1,0,none_documented,ITU-R P.452-18 reference v18.0 commit 86f8026ce39635fa2b599e50d6d01fe5b0d6bbfe; MATLAB 2026a,ALL_SITE_BASIC_LOSS_AUDIT_NOT_PAPER_RESULT; Gt=Gr=0dBi; g=h; no separate P2108; site-level propagation only; no direct antenna gain included
0,NRCAN_GATINEAU_REFERENCE,SITE_PROP_E3_SITE_02,P452_p20_coast5_V,8.15,1,7.60484413302825e-13,1,0,none_documented,ITU-R P.452-18 reference v18.0 commit 86f8026ce39635fa2b599e50d6d01fe5b0d6bbfe; MATLAB 2026a,ALL_SITE_BASIC_LOSS_AUDIT_NOT_PAPER_RESULT; Gt=Gr=0dBi; g=h; no separate P2108; site-level propagation only; no direct antenna gain included
0,NRCAN_GATINEAU_REFERENCE,SITE_PROP_E3_SITE_02,P452_p10_coast5_V,8.15,1,7.94152878028738e-13,1,0,none_documented,ITU-R P.452-18 reference v18.0 commit 86f8026ce39635fa2b599e50d6d01fe5b0d6bbfe; MATLAB 2026a,ALL_SITE_BASIC_LOSS_AUDIT_NOT_PAPER_RESULT; Gt=Gr=0dBi; g=h; no separate P2108; site-level propagation only; no direct antenna gain included
0,NRCAN_GATINEAU_REFERENCE,SITE_PROP_E3_SITE_02,P452_p1_coast5_V,8.15,1,9.45326410128137e-13,1,0,none_documented,ITU-R P.452-18 reference v18.0 commit 86f8026ce39635fa2b599e50d6d01fe5b0d6bbfe; MATLAB 2026a,ALL_SITE_BASIC_LOSS_AUDIT_NOT_PAPER_RESULT; Gt=Gr=0dBi; g=h; no separate P2108; site-level propagation only; no direct antenna gain included
0,NRCAN_GATINEAU_REFERENCE,SITE_PROP_E3_SITE_02,P452_p0.1_coast5_V,8.15,1,1.1281397574754e-12,1,0,none_documented,ITU-R P.452-18 reference v18.0 commit 86f8026ce39635fa2b599e50d6d01fe5b0d6bbfe; MATLAB 2026a,ALL_SITE_BASIC_LOSS_AUDIT_NOT_PAPER_RESULT; Gt=Gr=0dBi; g=h; no separate P2108; site-level propagation only; no direct antenna gain included
0,NRCAN_GATINEAU_REFERENCE,SITE_PROP_E3_SITE_02,P452_p0.01_coast5_V,8.15,1,1.34630703452771e-12,1,0,none_documented,ITU-R P.452-18 reference v18.0 commit 86f8026ce39635fa2b599e50d6d01fe5b0d6bbfe; MATLAB 2026a,ALL_SITE_BASIC_LOSS_AUDIT_NOT_PAPER_RESULT; Gt=Gr=0dBi; g=h; no separate P2108; site-level propagation only; no direct antenna gain included
0,NRCAN_GATINEAU_REFERENCE,SITE_PROP_E3_SITE_02,P452_p0.005_coast5_V,8.15,1,1.41989956079899e-12,1,0,none_documented,ITU-R P.452-18 reference v18.0 commit 86f8026ce39635fa2b599e50d6d01fe5b0d6bbfe; MATLAB 2026a,ALL_SITE_BASIC_LOSS_AUDIT_NOT_PAPER_RESULT; Gt=Gr=0dBi; g=h; no separate P2108; site-level propagation only; no direct antenna gain included
0,NRCAN_GATINEAU_REFERENCE,SITE_PROP_E3_SITE_02,P452_p50_coast50_H,8.15,1,7.00056365726144e-13,1,0,none_documented,ITU-R P.452-18 reference v18.0 commit 86f8026ce39635fa2b599e50d6d01fe5b0d6bbfe; MATLAB 2026a,ALL_SITE_BASIC_LOSS_AUDIT_NOT_PAPER_RESULT; Gt=Gr=0dBi; g=h; no separate P2108; site-level propagation only; no direct antenna gain included
0,NRCAN_GATINEAU_REFERENCE,SITE_PROP_E3_SITE_02,P452_p20_coast50_H,8.15,1,7.60484413302825e-13,1,0,none_documented,ITU-R P.452-18 reference v18.0 commit 86f8026ce39635fa2b599e50d6d01fe5b0d6bbfe; MATLAB 2026a,ALL_SITE_BASIC_LOSS_AUDIT_NOT_PAPER_RESULT; Gt=Gr=0dBi; g=h; no separate P2108; site-level propagation only; no direct antenna gain included
0,NRCAN_GATINEAU_REFERENCE,SITE_PROP_E3_SITE_02,P452_p10_coast50_H,8.15,1,7.94152878028738e-13,1,0,none_documented,ITU-R P.452-18 reference v18.0 commit 86f8026ce39635fa2b599e50d6d01fe5b0d6bbfe; MATLAB 2026a,ALL_SITE_BASIC_LOSS_AUDIT_NOT_PAPER_RESULT; Gt=Gr=0dBi; g=h; no separate P2108; site-level propagation only; no direct antenna gain included
0,NRCAN_GATINEAU_REFERENCE,SITE_PROP_E3_SITE_02,P452_p1_coast50_H,8.15,1,9.45326410128137e-13,1,0,none_documented,ITU-R P.452-18 reference v18.0 commit 86f8026ce39635fa2b599e50d6d01fe5b0d6bbfe; MATLAB 2026a,ALL_SITE_BASIC_LOSS_AUDIT_NOT_PAPER_RESULT; Gt=Gr=0dBi; g=h; no separate P2108; site-level propagation only; no direct antenna gain included
0,NRCAN_GATINEAU_REFERENCE,SITE_PROP_E3_SITE_02,P452_p0.1_coast50_H,8.15,1,1.1281397574754e-12,1,0,none_documented,ITU-R P.452-18 reference v18.0 commit 86f8026ce39635fa2b599e50d6d01fe5b0d6bbfe; MATLAB 2026a,ALL_SITE_BASIC_LOSS_AUDIT_NOT_PAPER_RESULT; Gt=Gr=0dBi; g=h; no separate P2108; site-level propagation only; no direct antenna gain included
0,NRCAN_GATINEAU_REFERENCE,SITE_PROP_E3_SITE_02,P452_p0.01_coast50_H,8.15,1,1.34630703452771e-12,1,0,none_documented,ITU-R P.452-18 reference v18.0 commit 86f8026ce39635fa2b599e50d6d01fe5b0d6bbfe; MATLAB 2026a,ALL_SITE_BASIC_LOSS_AUDIT_NOT_PAPER_RESULT; Gt=Gr=0dBi; g=h; no separate P2108; site-level propagation only; no direct antenna gain included
0,NRCAN_GATINEAU_REFERENCE,SITE_PROP_E3_SITE_02,P452_p0.005_coast50_H,8.15,1,1.41989956079899e-12,1,0,none_documented,ITU-R P.452-18 reference v18.0 commit 86f8026ce39635fa2b599e50d6d01fe5b0d6bbfe; MATLAB 2026a,ALL_SITE_BASIC_LOSS_AUDIT_NOT_PAPER_RESULT; Gt=Gr=0dBi; g=h; no separate P2108; site-level propagation only; no direct antenna gain included
0,NRCAN_GATINEAU_REFERENCE,SITE_PROP_E3_SITE_02,P452_p50_coast50_V,8.15,1,7.00056365726144e-13,1,0,none_documented,ITU-R P.452-18 reference v18.0 commit 86f8026ce39635fa2b599e50d6d01fe5b0d6bbfe; MATLAB 2026a,ALL_SITE_BASIC_LOSS_AUDIT_NOT_PAPER_RESULT; Gt=Gr=0dBi; g=h; no separate P2108; site-level propagation only; no direct antenna gain included
0,NRCAN_GATINEAU_REFERENCE,SITE_PROP_E3_SITE_02,P452_p20_coast50_V,8.15,1,7.60484413302825e-13,1,0,none_documented,ITU-R P.452-18 reference v18.0 commit 86f8026ce39635fa2b599e50d6d01fe5b0d6bbfe; MATLAB 2026a,ALL_SITE_BASIC_LOSS_AUDIT_NOT_PAPER_RESULT; Gt=Gr=0dBi; g=h; no separate P2108; site-level propagation only; no direct antenna gain included
0,NRCAN_GATINEAU_REFERENCE,SITE_PROP_E3_SITE_02,P452_p10_coast50_V,8.15,1,7.94152878028738e-13,1,0,none_documented,ITU-R P.452-18 reference v18.0 commit 86f8026ce39635fa2b599e50d6d01fe5b0d6bbfe; MATLAB 2026a,ALL_SITE_BASIC_LOSS_AUDIT_NOT_PAPER_RESULT; Gt=Gr=0dBi; g=h; no separate P2108; site-level propagation only; no direct antenna gain included
0,NRCAN_GATINEAU_REFERENCE,SITE_PROP_E3_SITE_02,P452_p1_coast50_V,8.15,1,9.45326410128137e-13,1,0,none_documented,ITU-R P.452-18 reference v18.0 commit 86f8026ce39635fa2b599e50d6d01fe5b0d6bbfe; MATLAB 2026a,ALL_SITE_BASIC_LOSS_AUDIT_NOT_PAPER_RESULT; Gt=Gr=0dBi; g=h; no separate P2108; site-level propagation only; no direct antenna gain included
0,NRCAN_GATINEAU_REFERENCE,SITE_PROP_E3_SITE_02,P452_p0.1_coast50_V,8.15,1,1.1281397574754e-12,1,0,none_documented,ITU-R P.452-18 reference v18.0 commit 86f8026ce39635fa2b599e50d6d01fe5b0d6bbfe; MATLAB 2026a,ALL_SITE_BASIC_LOSS_AUDIT_NOT_PAPER_RESULT; Gt=Gr=0dBi; g=h; no separate P2108; site-level propagation only; no direct antenna gain included
0,NRCAN_GATINEAU_REFERENCE,SITE_PROP_E3_SITE_02,P452_p0.01_coast50_V,8.15,1,1.34630703452771e-12,1,0,none_documented,ITU-R P.452-18 reference v18.0 commit 86f8026ce39635fa2b599e50d6d01fe5b0d6bbfe; MATLAB 2026a,ALL_SITE_BASIC_LOSS_AUDIT_NOT_PAPER_RESULT; Gt=Gr=0dBi; g=h; no separate P2108; site-level propagation only; no direct antenna gain included
0,NRCAN_GATINEAU_REFERENCE,SITE_PROP_E3_SITE_02,P452_p0.005_coast50_V,8.15,1,1.41989956079899e-12,1,0,none_documented,ITU-R P.452-18 reference v18.0 commit 86f8026ce39635fa2b599e50d6d01fe5b0d6bbfe; MATLAB 2026a,ALL_SITE_BASIC_LOSS_AUDIT_NOT_PAPER_RESULT; Gt=Gr=0dBi; g=h; no separate P2108; site-level propagation only; no direct antenna gain included
0,NRCAN_GATINEAU_REFERENCE,SITE_PROP_E3_SITE_02,P452_p50_coast200_H,8.15,1,7.00056365726144e-13,1,0,none_documented,ITU-R P.452-18 reference v18.0 commit 86f8026ce39635fa2b599e50d6d01fe5b0d6bbfe; MATLAB 2026a,ALL_SITE_BASIC_LOSS_AUDIT_NOT_PAPER_RESULT; Gt=Gr=0dBi; g=h; no separate P2108; site-level propagation only; no direct antenna gain included
0,NRCAN_GATINEAU_REFERENCE,SITE_PROP_E3_SITE_02,P452_p20_coast200_H,8.15,1,7.60484413302825e-13,1,0,none_documented,ITU-R P.452-18 reference v18.0 commit 86f8026ce39635fa2b599e50d6d01fe5b0d6bbfe; MATLAB 2026a,ALL_SITE_BASIC_LOSS_AUDIT_NOT_PAPER_RESULT; Gt=Gr=0dBi; g=h; no separate P2108; site-level propagation only; no direct antenna gain included
0,NRCAN_GATINEAU_REFERENCE,SITE_PROP_E3_SITE_02,P452_p10_coast200_H,8.15,1,7.94152878028738e-13,1,0,none_documented,ITU-R P.452-18 reference v18.0 commit 86f8026ce39635fa2b599e50d6d01fe5b0d6bbfe; MATLAB 2026a,ALL_SITE_BASIC_LOSS_AUDIT_NOT_PAPER_RESULT; Gt=Gr=0dBi; g=h; no separate P2108; site-level propagation only; no direct antenna gain included
0,NRCAN_GATINEAU_REFERENCE,SITE_PROP_E3_SITE_02,P452_p1_coast200_H,8.15,1,9.45326410128137e-13,1,0,none_documented,ITU-R P.452-18 reference v18.0 commit 86f8026ce39635fa2b599e50d6d01fe5b0d6bbfe; MATLAB 2026a,ALL_SITE_BASIC_LOSS_AUDIT_NOT_PAPER_RESULT; Gt=Gr=0dBi; g=h; no separate P2108; site-level propagation only; no direct antenna gain included
0,NRCAN_GATINEAU_REFERENCE,SITE_PROP_E3_SITE_02,P452_p0.1_coast200_H,8.15,1,1.1281397574754e-12,1,0,none_documented,ITU-R P.452-18 reference v18.0 commit 86f8026ce39635fa2b599e50d6d01fe5b0d6bbfe; MATLAB 2026a,ALL_SITE_BASIC_LOSS_AUDIT_NOT_PAPER_RESULT; Gt=Gr=0dBi; g=h; no separate P2108; site-level propagation only; no direct antenna gain included
0,NRCAN_GATINEAU_REFERENCE,SITE_PROP_E3_SITE_02,P452_p0.01_coast200_H,8.15,1,1.34630703452771e-12,1,0,none_documented,ITU-R P.452-18 reference v18.0 commit 86f8026ce39635fa2b599e50d6d01fe5b0d6bbfe; MATLAB 2026a,ALL_SITE_BASIC_LOSS_AUDIT_NOT_PAPER_RESULT; Gt=Gr=0dBi; g=h; no separate P2108; site-level propagation only; no direct antenna gain included
0,NRCAN_GATINEAU_REFERENCE,SITE_PROP_E3_SITE_02,P452_p0.005_coast200_H,8.15,1,1.41989956079899e-12,1,0,none_documented,ITU-R P.452-18 reference v18.0 commit 86f8026ce39635fa2b599e50d6d01fe5b0d6bbfe; MATLAB 2026a,ALL_SITE_BASIC_LOSS_AUDIT_NOT_PAPER_RESULT; Gt=Gr=0dBi; g=h; no separate P2108; site-level propagation only; no direct antenna gain included
0,NRCAN_GATINEAU_REFERENCE,SITE_PROP_E3_SITE_02,P452_p50_coast200_V,8.15,1,7.00056365726144e-13,1,0,none_documented,ITU-R P.452-18 reference v18.0 commit 86f8026ce39635fa2b599e50d6d01fe5b0d6bbfe; MATLAB 2026a,ALL_SITE_BASIC_LOSS_AUDIT_NOT_PAPER_RESULT; Gt=Gr=0dBi; g=h; no separate P2108; site-level propagation only; no direct antenna gain included
0,NRCAN_GATINEAU_REFERENCE,SITE_PROP_E3_SITE_02,P452_p20_coast200_V,8.15,1,7.60484413302825e-13,1,0,none_documented,ITU-R P.452-18 reference v18.0 commit 86f8026ce39635fa2b599e50d6d01fe5b0d6bbfe; MATLAB 2026a,ALL_SITE_BASIC_LOSS_AUDIT_NOT_PAPER_RESULT; Gt=Gr=0dBi; g=h; no separate P2108; site-level propagation only; no direct antenna gain included
0,NRCAN_GATINEAU_REFERENCE,SITE_PROP_E3_SITE_02,P452_p10_coast200_V,8.15,1,7.94152878028738e-13,1,0,none_documented,ITU-R P.452-18 reference v18.0 commit 86f8026ce39635fa2b599e50d6d01fe5b0d6bbfe; MATLAB 2026a,ALL_SITE_BASIC_LOSS_AUDIT_NOT_PAPER_RESULT; Gt=Gr=0dBi; g=h; no separate P2108; site-level propagation only; no direct antenna gain included
0,NRCAN_GATINEAU_REFERENCE,SITE_PROP_E3_SITE_02,P452_p1_coast200_V,8.15,1,9.45326410128137e-13,1,0,none_documented,ITU-R P.452-18 reference v18.0 commit 86f8026ce39635fa2b599e50d6d01fe5b0d6bbfe; MATLAB 2026a,ALL_SITE_BASIC_LOSS_AUDIT_NOT_PAPER_RESULT; Gt=Gr=0dBi; g=h; no separate P2108; site-level propagation only; no direct antenna gain included
0,NRCAN_GATINEAU_REFERENCE,SITE_PROP_E3_SITE_02,P452_p0.1_coast200_V,8.15,1,1.1281397574754e-12,1,0,none_documented,ITU-R P.452-18 reference v18.0 commit 86f8026ce39635fa2b599e50d6d01fe5b0d6bbfe; MATLAB 2026a,ALL_SITE_BASIC_LOSS_AUDIT_NOT_PAPER_RESULT; Gt=Gr=0dBi; g=h; no separate P2108; site-level propagation only; no direct antenna gain included
0,NRCAN_GATINEAU_REFERENCE,SITE_PROP_E3_SITE_02,P452_p0.01_coast200_V,8.15,1,1.34630703452771e-12,1,0,none_documented,ITU-R P.452-18 reference v18.0 commit 86f8026ce39635fa2b599e50d6d01fe5b0d6bbfe; MATLAB 2026a,ALL_SITE_BASIC_LOSS_AUDIT_NOT_PAPER_RESULT; Gt=Gr=0dBi; g=h; no separate P2108; site-level propagation only; no direct antenna gain included
0,NRCAN_GATINEAU_REFERENCE,SITE_PROP_E3_SITE_02,P452_p0.005_coast200_V,8.15,1,1.41989956079899e-12,1,0,none_documented,ITU-R P.452-18 reference v18.0 commit 86f8026ce39635fa2b599e50d6d01fe5b0d6bbfe; MATLAB 2026a,ALL_SITE_BASIC_LOSS_AUDIT_NOT_PAPER_RESULT; Gt=Gr=0dBi; g=h; no separate P2108; site-level propagation only; no direct antenna gain included
0,NRCAN_GATINEAU_REFERENCE,SITE_PROP_E3_SITE_03,P452_p50_coast5_H,8.15,1,7.98049739352807e-13,1,0,none_documented,ITU-R P.452-18 reference v18.0 commit 86f8026ce39635fa2b599e50d6d01fe5b0d6bbfe; MATLAB 2026a,ALL_SITE_BASIC_LOSS_AUDIT_NOT_PAPER_RESULT; Gt=Gr=0dBi; g=h; no separate P2108; site-level propagation only; no direct antenna gain included
0,NRCAN_GATINEAU_REFERENCE,SITE_PROP_E3_SITE_03,P452_p20_coast5_H,8.15,1,8.63049537647266e-13,1,0,none_documented,ITU-R P.452-18 reference v18.0 commit 86f8026ce39635fa2b599e50d6d01fe5b0d6bbfe; MATLAB 2026a,ALL_SITE_BASIC_LOSS_AUDIT_NOT_PAPER_RESULT; Gt=Gr=0dBi; g=h; no separate P2108; site-level propagation only; no direct antenna gain included
0,NRCAN_GATINEAU_REFERENCE,SITE_PROP_E3_SITE_03,P452_p10_coast5_H,8.15,1,8.9914228573688e-13,1,0,none_documented,ITU-R P.452-18 reference v18.0 commit 86f8026ce39635fa2b599e50d6d01fe5b0d6bbfe; MATLAB 2026a,ALL_SITE_BASIC_LOSS_AUDIT_NOT_PAPER_RESULT; Gt=Gr=0dBi; g=h; no separate P2108; site-level propagation only; no direct antenna gain included
0,NRCAN_GATINEAU_REFERENCE,SITE_PROP_E3_SITE_03,P452_p1_coast5_H,8.15,1,1.06050779321746e-12,1,0,none_documented,ITU-R P.452-18 reference v18.0 commit 86f8026ce39635fa2b599e50d6d01fe5b0d6bbfe; MATLAB 2026a,ALL_SITE_BASIC_LOSS_AUDIT_NOT_PAPER_RESULT; Gt=Gr=0dBi; g=h; no separate P2108; site-level propagation only; no direct antenna gain included
0,NRCAN_GATINEAU_REFERENCE,SITE_PROP_E3_SITE_03,P452_p0.1_coast5_H,8.15,1,1.25370543308898e-12,1,0,none_documented,ITU-R P.452-18 reference v18.0 commit 86f8026ce39635fa2b599e50d6d01fe5b0d6bbfe; MATLAB 2026a,ALL_SITE_BASIC_LOSS_AUDIT_NOT_PAPER_RESULT; Gt=Gr=0dBi; g=h; no separate P2108; site-level propagation only; no direct antenna gain included
0,NRCAN_GATINEAU_REFERENCE,SITE_PROP_E3_SITE_03,P452_p0.01_coast5_H,8.15,1,1.48209914242567e-12,1,0,none_documented,ITU-R P.452-18 reference v18.0 commit 86f8026ce39635fa2b599e50d6d01fe5b0d6bbfe; MATLAB 2026a,ALL_SITE_BASIC_LOSS_AUDIT_NOT_PAPER_RESULT; Gt=Gr=0dBi; g=h; no separate P2108; site-level propagation only; no direct antenna gain included
0,NRCAN_GATINEAU_REFERENCE,SITE_PROP_E3_SITE_03,P452_p0.005_coast5_H,8.15,1,1.55867909445957e-12,1,0,none_documented,ITU-R P.452-18 reference v18.0 commit 86f8026ce39635fa2b599e50d6d01fe5b0d6bbfe; MATLAB 2026a,ALL_SITE_BASIC_LOSS_AUDIT_NOT_PAPER_RESULT; Gt=Gr=0dBi; g=h; no separate P2108; site-level propagation only; no direct antenna gain included
0,NRCAN_GATINEAU_REFERENCE,SITE_PROP_E3_SITE_03,P452_p50_coast5_V,8.15,1,7.98049739352807e-13,1,0,none_documented,ITU-R P.452-18 reference v18.0 commit 86f8026ce39635fa2b599e50d6d01fe5b0d6bbfe; MATLAB 2026a,ALL_SITE_BASIC_LOSS_AUDIT_NOT_PAPER_RESULT; Gt=Gr=0dBi; g=h; no separate P2108; site-level propagation only; no direct antenna gain included
0,NRCAN_GATINEAU_REFERENCE,SITE_PROP_E3_SITE_03,P452_p20_coast5_V,8.15,1,8.63049537647266e-13,1,0,none_documented,ITU-R P.452-18 reference v18.0 commit 86f8026ce39635fa2b599e50d6d01fe5b0d6bbfe; MATLAB 2026a,ALL_SITE_BASIC_LOSS_AUDIT_NOT_PAPER_RESULT; Gt=Gr=0dBi; g=h; no separate P2108; site-level propagation only; no direct antenna gain included
0,NRCAN_GATINEAU_REFERENCE,SITE_PROP_E3_SITE_03,P452_p10_coast5_V,8.15,1,8.9914228573688e-13,1,0,none_documented,ITU-R P.452-18 reference v18.0 commit 86f8026ce39635fa2b599e50d6d01fe5b0d6bbfe; MATLAB 2026a,ALL_SITE_BASIC_LOSS_AUDIT_NOT_PAPER_RESULT; Gt=Gr=0dBi; g=h; no separate P2108; site-level propagation only; no direct antenna gain included
0,NRCAN_GATINEAU_REFERENCE,SITE_PROP_E3_SITE_03,P452_p1_coast5_V,8.15,1,1.06050779321746e-12,1,0,none_documented,ITU-R P.452-18 reference v18.0 commit 86f8026ce39635fa2b599e50d6d01fe5b0d6bbfe; MATLAB 2026a,ALL_SITE_BASIC_LOSS_AUDIT_NOT_PAPER_RESULT; Gt=Gr=0dBi; g=h; no separate P2108; site-level propagation only; no direct antenna gain included
0,NRCAN_GATINEAU_REFERENCE,SITE_PROP_E3_SITE_03,P452_p0.1_coast5_V,8.15,1,1.25370543308898e-12,1,0,none_documented,ITU-R P.452-18 reference v18.0 commit 86f8026ce39635fa2b599e50d6d01fe5b0d6bbfe; MATLAB 2026a,ALL_SITE_BASIC_LOSS_AUDIT_NOT_PAPER_RESULT; Gt=Gr=0dBi; g=h; no separate P2108; site-level propagation only; no direct antenna gain included
0,NRCAN_GATINEAU_REFERENCE,SITE_PROP_E3_SITE_03,P452_p0.01_coast5_V,8.15,1,1.48209914242567e-12,1,0,none_documented,ITU-R P.452-18 reference v18.0 commit 86f8026ce39635fa2b599e50d6d01fe5b0d6bbfe; MATLAB 2026a,ALL_SITE_BASIC_LOSS_AUDIT_NOT_PAPER_RESULT; Gt=Gr=0dBi; g=h; no separate P2108; site-level propagation only; no direct antenna gain included
0,NRCAN_GATINEAU_REFERENCE,SITE_PROP_E3_SITE_03,P452_p0.005_coast5_V,8.15,1,1.55867909445957e-12,1,0,none_documented,ITU-R P.452-18 reference v18.0 commit 86f8026ce39635fa2b599e50d6d01fe5b0d6bbfe; MATLAB 2026a,ALL_SITE_BASIC_LOSS_AUDIT_NOT_PAPER_RESULT; Gt=Gr=0dBi; g=h; no separate P2108; site-level propagation only; no direct antenna gain included
0,NRCAN_GATINEAU_REFERENCE,SITE_PROP_E3_SITE_03,P452_p50_coast50_H,8.15,1,7.98049739352807e-13,1,0,none_documented,ITU-R P.452-18 reference v18.0 commit 86f8026ce39635fa2b599e50d6d01fe5b0d6bbfe; MATLAB 2026a,ALL_SITE_BASIC_LOSS_AUDIT_NOT_PAPER_RESULT; Gt=Gr=0dBi; g=h; no separate P2108; site-level propagation only; no direct antenna gain included
0,NRCAN_GATINEAU_REFERENCE,SITE_PROP_E3_SITE_03,P452_p20_coast50_H,8.15,1,8.63049537647266e-13,1,0,none_documented,ITU-R P.452-18 reference v18.0 commit 86f8026ce39635fa2b599e50d6d01fe5b0d6bbfe; MATLAB 2026a,ALL_SITE_BASIC_LOSS_AUDIT_NOT_PAPER_RESULT; Gt=Gr=0dBi; g=h; no separate P2108; site-level propagation only; no direct antenna gain included
0,NRCAN_GATINEAU_REFERENCE,SITE_PROP_E3_SITE_03,P452_p10_coast50_H,8.15,1,8.9914228573688e-13,1,0,none_documented,ITU-R P.452-18 reference v18.0 commit 86f8026ce39635fa2b599e50d6d01fe5b0d6bbfe; MATLAB 2026a,ALL_SITE_BASIC_LOSS_AUDIT_NOT_PAPER_RESULT; Gt=Gr=0dBi; g=h; no separate P2108; site-level propagation only; no direct antenna gain included
0,NRCAN_GATINEAU_REFERENCE,SITE_PROP_E3_SITE_03,P452_p1_coast50_H,8.15,1,1.06050779321746e-12,1,0,none_documented,ITU-R P.452-18 reference v18.0 commit 86f8026ce39635fa2b599e50d6d01fe5b0d6bbfe; MATLAB 2026a,ALL_SITE_BASIC_LOSS_AUDIT_NOT_PAPER_RESULT; Gt=Gr=0dBi; g=h; no separate P2108; site-level propagation only; no direct antenna gain included
0,NRCAN_GATINEAU_REFERENCE,SITE_PROP_E3_SITE_03,P452_p0.1_coast50_H,8.15,1,1.25370543308898e-12,1,0,none_documented,ITU-R P.452-18 reference v18.0 commit 86f8026ce39635fa2b599e50d6d01fe5b0d6bbfe; MATLAB 2026a,ALL_SITE_BASIC_LOSS_AUDIT_NOT_PAPER_RESULT; Gt=Gr=0dBi; g=h; no separate P2108; site-level propagation only; no direct antenna gain included
0,NRCAN_GATINEAU_REFERENCE,SITE_PROP_E3_SITE_03,P452_p0.01_coast50_H,8.15,1,1.48209914242567e-12,1,0,none_documented,ITU-R P.452-18 reference v18.0 commit 86f8026ce39635fa2b599e50d6d01fe5b0d6bbfe; MATLAB 2026a,ALL_SITE_BASIC_LOSS_AUDIT_NOT_PAPER_RESULT; Gt=Gr=0dBi; g=h; no separate P2108; site-level propagation only; no direct antenna gain included
0,NRCAN_GATINEAU_REFERENCE,SITE_PROP_E3_SITE_03,P452_p0.005_coast50_H,8.15,1,1.55867909445957e-12,1,0,none_documented,ITU-R P.452-18 reference v18.0 commit 86f8026ce39635fa2b599e50d6d01fe5b0d6bbfe; MATLAB 2026a,ALL_SITE_BASIC_LOSS_AUDIT_NOT_PAPER_RESULT; Gt=Gr=0dBi; g=h; no separate P2108; site-level propagation only; no direct antenna gain included
0,NRCAN_GATINEAU_REFERENCE,SITE_PROP_E3_SITE_03,P452_p50_coast50_V,8.15,1,7.98049739352807e-13,1,0,none_documented,ITU-R P.452-18 reference v18.0 commit 86f8026ce39635fa2b599e50d6d01fe5b0d6bbfe; MATLAB 2026a,ALL_SITE_BASIC_LOSS_AUDIT_NOT_PAPER_RESULT; Gt=Gr=0dBi; g=h; no separate P2108; site-level propagation only; no direct antenna gain included
0,NRCAN_GATINEAU_REFERENCE,SITE_PROP_E3_SITE_03,P452_p20_coast50_V,8.15,1,8.63049537647266e-13,1,0,none_documented,ITU-R P.452-18 reference v18.0 commit 86f8026ce39635fa2b599e50d6d01fe5b0d6bbfe; MATLAB 2026a,ALL_SITE_BASIC_LOSS_AUDIT_NOT_PAPER_RESULT; Gt=Gr=0dBi; g=h; no separate P2108; site-level propagation only; no direct antenna gain included
0,NRCAN_GATINEAU_REFERENCE,SITE_PROP_E3_SITE_03,P452_p10_coast50_V,8.15,1,8.9914228573688e-13,1,0,none_documented,ITU-R P.452-18 reference v18.0 commit 86f8026ce39635fa2b599e50d6d01fe5b0d6bbfe; MATLAB 2026a,ALL_SITE_BASIC_LOSS_AUDIT_NOT_PAPER_RESULT; Gt=Gr=0dBi; g=h; no separate P2108; site-level propagation only; no direct antenna gain included
0,NRCAN_GATINEAU_REFERENCE,SITE_PROP_E3_SITE_03,P452_p1_coast50_V,8.15,1,1.06050779321746e-12,1,0,none_documented,ITU-R P.452-18 reference v18.0 commit 86f8026ce39635fa2b599e50d6d01fe5b0d6bbfe; MATLAB 2026a,ALL_SITE_BASIC_LOSS_AUDIT_NOT_PAPER_RESULT; Gt=Gr=0dBi; g=h; no separate P2108; site-level propagation only; no direct antenna gain included
0,NRCAN_GATINEAU_REFERENCE,SITE_PROP_E3_SITE_03,P452_p0.1_coast50_V,8.15,1,1.25370543308898e-12,1,0,none_documented,ITU-R P.452-18 reference v18.0 commit 86f8026ce39635fa2b599e50d6d01fe5b0d6bbfe; MATLAB 2026a,ALL_SITE_BASIC_LOSS_AUDIT_NOT_PAPER_RESULT; Gt=Gr=0dBi; g=h; no separate P2108; site-level propagation only; no direct antenna gain included
0,NRCAN_GATINEAU_REFERENCE,SITE_PROP_E3_SITE_03,P452_p0.01_coast50_V,8.15,1,1.48209914242567e-12,1,0,none_documented,ITU-R P.452-18 reference v18.0 commit 86f8026ce39635fa2b599e50d6d01fe5b0d6bbfe; MATLAB 2026a,ALL_SITE_BASIC_LOSS_AUDIT_NOT_PAPER_RESULT; Gt=Gr=0dBi; g=h; no separate P2108; site-level propagation only; no direct antenna gain included
0,NRCAN_GATINEAU_REFERENCE,SITE_PROP_E3_SITE_03,P452_p0.005_coast50_V,8.15,1,1.55867909445957e-12,1,0,none_documented,ITU-R P.452-18 reference v18.0 commit 86f8026ce39635fa2b599e50d6d01fe5b0d6bbfe; MATLAB 2026a,ALL_SITE_BASIC_LOSS_AUDIT_NOT_PAPER_RESULT; Gt=Gr=0dBi; g=h; no separate P2108; site-level propagation only; no direct antenna gain included
0,NRCAN_GATINEAU_REFERENCE,SITE_PROP_E3_SITE_03,P452_p50_coast200_H,8.15,1,7.98049739352807e-13,1,0,none_documented,ITU-R P.452-18 reference v18.0 commit 86f8026ce39635fa2b599e50d6d01fe5b0d6bbfe; MATLAB 2026a,ALL_SITE_BASIC_LOSS_AUDIT_NOT_PAPER_RESULT; Gt=Gr=0dBi; g=h; no separate P2108; site-level propagation only; no direct antenna gain included
0,NRCAN_GATINEAU_REFERENCE,SITE_PROP_E3_SITE_03,P452_p20_coast200_H,8.15,1,8.63049537647266e-13,1,0,none_documented,ITU-R P.452-18 reference v18.0 commit 86f8026ce39635fa2b599e50d6d01fe5b0d6bbfe; MATLAB 2026a,ALL_SITE_BASIC_LOSS_AUDIT_NOT_PAPER_RESULT; Gt=Gr=0dBi; g=h; no separate P2108; site-level propagation only; no direct antenna gain included
0,NRCAN_GATINEAU_REFERENCE,SITE_PROP_E3_SITE_03,P452_p10_coast200_H,8.15,1,8.9914228573688e-13,1,0,none_documented,ITU-R P.452-18 reference v18.0 commit 86f8026ce39635fa2b599e50d6d01fe5b0d6bbfe; MATLAB 2026a,ALL_SITE_BASIC_LOSS_AUDIT_NOT_PAPER_RESULT; Gt=Gr=0dBi; g=h; no separate P2108; site-level propagation only; no direct antenna gain included
0,NRCAN_GATINEAU_REFERENCE,SITE_PROP_E3_SITE_03,P452_p1_coast200_H,8.15,1,1.06050779321746e-12,1,0,none_documented,ITU-R P.452-18 reference v18.0 commit 86f8026ce39635fa2b599e50d6d01fe5b0d6bbfe; MATLAB 2026a,ALL_SITE_BASIC_LOSS_AUDIT_NOT_PAPER_RESULT; Gt=Gr=0dBi; g=h; no separate P2108; site-level propagation only; no direct antenna gain included
0,NRCAN_GATINEAU_REFERENCE,SITE_PROP_E3_SITE_03,P452_p0.1_coast200_H,8.15,1,1.25370543308898e-12,1,0,none_documented,ITU-R P.452-18 reference v18.0 commit 86f8026ce39635fa2b599e50d6d01fe5b0d6bbfe; MATLAB 2026a,ALL_SITE_BASIC_LOSS_AUDIT_NOT_PAPER_RESULT; Gt=Gr=0dBi; g=h; no separate P2108; site-level propagation only; no direct antenna gain included
0,NRCAN_GATINEAU_REFERENCE,SITE_PROP_E3_SITE_03,P452_p0.01_coast200_H,8.15,1,1.48209914242567e-12,1,0,none_documented,ITU-R P.452-18 reference v18.0 commit 86f8026ce39635fa2b599e50d6d01fe5b0d6bbfe; MATLAB 2026a,ALL_SITE_BASIC_LOSS_AUDIT_NOT_PAPER_RESULT; Gt=Gr=0dBi; g=h; no separate P2108; site-level propagation only; no direct antenna gain included
0,NRCAN_GATINEAU_REFERENCE,SITE_PROP_E3_SITE_03,P452_p0.005_coast200_H,8.15,1,1.55867909445957e-12,1,0,none_documented,ITU-R P.452-18 reference v18.0 commit 86f8026ce39635fa2b599e50d6d01fe5b0d6bbfe; MATLAB 2026a,ALL_SITE_BASIC_LOSS_AUDIT_NOT_PAPER_RESULT; Gt=Gr=0dBi; g=h; no separate P2108; site-level propagation only; no direct antenna gain included
0,NRCAN_GATINEAU_REFERENCE,SITE_PROP_E3_SITE_03,P452_p50_coast200_V,8.15,1,7.98049739352807e-13,1,0,none_documented,ITU-R P.452-18 reference v18.0 commit 86f8026ce39635fa2b599e50d6d01fe5b0d6bbfe; MATLAB 2026a,ALL_SITE_BASIC_LOSS_AUDIT_NOT_PAPER_RESULT; Gt=Gr=0dBi; g=h; no separate P2108; site-level propagation only; no direct antenna gain included
0,NRCAN_GATINEAU_REFERENCE,SITE_PROP_E3_SITE_03,P452_p20_coast200_V,8.15,1,8.63049537647266e-13,1,0,none_documented,ITU-R P.452-18 reference v18.0 commit 86f8026ce39635fa2b599e50d6d01fe5b0d6bbfe; MATLAB 2026a,ALL_SITE_BASIC_LOSS_AUDIT_NOT_PAPER_RESULT; Gt=Gr=0dBi; g=h; no separate P2108; site-level propagation only; no direct antenna gain included
0,NRCAN_GATINEAU_REFERENCE,SITE_PROP_E3_SITE_03,P452_p10_coast200_V,8.15,1,8.9914228573688e-13,1,0,none_documented,ITU-R P.452-18 reference v18.0 commit 86f8026ce39635fa2b599e50d6d01fe5b0d6bbfe; MATLAB 2026a,ALL_SITE_BASIC_LOSS_AUDIT_NOT_PAPER_RESULT; Gt=Gr=0dBi; g=h; no separate P2108; site-level propagation only; no direct antenna gain included
0,NRCAN_GATINEAU_REFERENCE,SITE_PROP_E3_SITE_03,P452_p1_coast200_V,8.15,1,1.06050779321746e-12,1,0,none_documented,ITU-R P.452-18 reference v18.0 commit 86f8026ce39635fa2b599e50d6d01fe5b0d6bbfe; MATLAB 2026a,ALL_SITE_BASIC_LOSS_AUDIT_NOT_PAPER_RESULT; Gt=Gr=0dBi; g=h; no separate P2108; site-level propagation only; no direct antenna gain included
0,NRCAN_GATINEAU_REFERENCE,SITE_PROP_E3_SITE_03,P452_p0.1_coast200_V,8.15,1,1.25370543308898e-12,1,0,none_documented,ITU-R P.452-18 reference v18.0 commit 86f8026ce39635fa2b599e50d6d01fe5b0d6bbfe; MATLAB 2026a,ALL_SITE_BASIC_LOSS_AUDIT_NOT_PAPER_RESULT; Gt=Gr=0dBi; g=h; no separate P2108; site-level propagation only; no direct antenna gain included
0,NRCAN_GATINEAU_REFERENCE,SITE_PROP_E3_SITE_03,P452_p0.01_coast200_V,8.15,1,1.48209914242567e-12,1,0,none_documented,ITU-R P.452-18 reference v18.0 commit 86f8026ce39635fa2b599e50d6d01fe5b0d6bbfe; MATLAB 2026a,ALL_SITE_BASIC_LOSS_AUDIT_NOT_PAPER_RESULT; Gt=Gr=0dBi; g=h; no separate P2108; site-level propagation only; no direct antenna gain included
0,NRCAN_GATINEAU_REFERENCE,SITE_PROP_E3_SITE_03,P452_p0.005_coast200_V,8.15,1,1.55867909445957e-12,1,0,none_documented,ITU-R P.452-18 reference v18.0 commit 86f8026ce39635fa2b599e50d6d01fe5b0d6bbfe; MATLAB 2026a,ALL_SITE_BASIC_LOSS_AUDIT_NOT_PAPER_RESULT; Gt=Gr=0dBi; g=h; no separate P2108; site-level propagation only; no direct antenna gain included
0,NRCAN_GATINEAU_REFERENCE,SITE_PROP_E3_SITE_04,P452_p50_coast5_H,8.15,1,7.96753503128272e-13,1,0,none_documented,ITU-R P.452-18 reference v18.0 commit 86f8026ce39635fa2b599e50d6d01fe5b0d6bbfe; MATLAB 2026a,ALL_SITE_BASIC_LOSS_AUDIT_NOT_PAPER_RESULT; Gt=Gr=0dBi; g=h; no separate P2108; site-level propagation only; no direct antenna gain included
0,NRCAN_GATINEAU_REFERENCE,SITE_PROP_E3_SITE_04,P452_p20_coast5_H,8.15,1,8.61647725180067e-13,1,0,none_documented,ITU-R P.452-18 reference v18.0 commit 86f8026ce39635fa2b599e50d6d01fe5b0d6bbfe; MATLAB 2026a,ALL_SITE_BASIC_LOSS_AUDIT_NOT_PAPER_RESULT; Gt=Gr=0dBi; g=h; no separate P2108; site-level propagation only; no direct antenna gain included
0,NRCAN_GATINEAU_REFERENCE,SITE_PROP_E3_SITE_04,P452_p10_coast5_H,8.15,1,8.97681849446193e-13,1,0,none_documented,ITU-R P.452-18 reference v18.0 commit 86f8026ce39635fa2b599e50d6d01fe5b0d6bbfe; MATLAB 2026a,ALL_SITE_BASIC_LOSS_AUDIT_NOT_PAPER_RESULT; Gt=Gr=0dBi; g=h; no separate P2108; site-level propagation only; no direct antenna gain included
0,NRCAN_GATINEAU_REFERENCE,SITE_PROP_E3_SITE_04,P452_p1_coast5_H,8.15,1,1.05878525822108e-12,1,0,none_documented,ITU-R P.452-18 reference v18.0 commit 86f8026ce39635fa2b599e50d6d01fe5b0d6bbfe; MATLAB 2026a,ALL_SITE_BASIC_LOSS_AUDIT_NOT_PAPER_RESULT; Gt=Gr=0dBi; g=h; no separate P2108; site-level propagation only; no direct antenna gain included
0,NRCAN_GATINEAU_REFERENCE,SITE_PROP_E3_SITE_04,P452_p0.1_coast5_H,8.15,1,1.25166909604007e-12,1,0,none_documented,ITU-R P.452-18 reference v18.0 commit 86f8026ce39635fa2b599e50d6d01fe5b0d6bbfe; MATLAB 2026a,ALL_SITE_BASIC_LOSS_AUDIT_NOT_PAPER_RESULT; Gt=Gr=0dBi; g=h; no separate P2108; site-level propagation only; no direct antenna gain included
0,NRCAN_GATINEAU_REFERENCE,SITE_PROP_E3_SITE_04,P452_p0.01_coast5_H,8.15,1,1.47969183713145e-12,1,0,none_documented,ITU-R P.452-18 reference v18.0 commit 86f8026ce39635fa2b599e50d6d01fe5b0d6bbfe; MATLAB 2026a,ALL_SITE_BASIC_LOSS_AUDIT_NOT_PAPER_RESULT; Gt=Gr=0dBi; g=h; no separate P2108; site-level propagation only; no direct antenna gain included
0,NRCAN_GATINEAU_REFERENCE,SITE_PROP_E3_SITE_04,P452_p0.005_coast5_H,8.15,1,1.55614740508278e-12,1,0,none_documented,ITU-R P.452-18 reference v18.0 commit 86f8026ce39635fa2b599e50d6d01fe5b0d6bbfe; MATLAB 2026a,ALL_SITE_BASIC_LOSS_AUDIT_NOT_PAPER_RESULT; Gt=Gr=0dBi; g=h; no separate P2108; site-level propagation only; no direct antenna gain included
0,NRCAN_GATINEAU_REFERENCE,SITE_PROP_E3_SITE_04,P452_p50_coast5_V,8.15,1,7.96753503128272e-13,1,0,none_documented,ITU-R P.452-18 reference v18.0 commit 86f8026ce39635fa2b599e50d6d01fe5b0d6bbfe; MATLAB 2026a,ALL_SITE_BASIC_LOSS_AUDIT_NOT_PAPER_RESULT; Gt=Gr=0dBi; g=h; no separate P2108; site-level propagation only; no direct antenna gain included
0,NRCAN_GATINEAU_REFERENCE,SITE_PROP_E3_SITE_04,P452_p20_coast5_V,8.15,1,8.61647725180067e-13,1,0,none_documented,ITU-R P.452-18 reference v18.0 commit 86f8026ce39635fa2b599e50d6d01fe5b0d6bbfe; MATLAB 2026a,ALL_SITE_BASIC_LOSS_AUDIT_NOT_PAPER_RESULT; Gt=Gr=0dBi; g=h; no separate P2108; site-level propagation only; no direct antenna gain included
0,NRCAN_GATINEAU_REFERENCE,SITE_PROP_E3_SITE_04,P452_p10_coast5_V,8.15,1,8.97681849446193e-13,1,0,none_documented,ITU-R P.452-18 reference v18.0 commit 86f8026ce39635fa2b599e50d6d01fe5b0d6bbfe; MATLAB 2026a,ALL_SITE_BASIC_LOSS_AUDIT_NOT_PAPER_RESULT; Gt=Gr=0dBi; g=h; no separate P2108; site-level propagation only; no direct antenna gain included
0,NRCAN_GATINEAU_REFERENCE,SITE_PROP_E3_SITE_04,P452_p1_coast5_V,8.15,1,1.05878525822108e-12,1,0,none_documented,ITU-R P.452-18 reference v18.0 commit 86f8026ce39635fa2b599e50d6d01fe5b0d6bbfe; MATLAB 2026a,ALL_SITE_BASIC_LOSS_AUDIT_NOT_PAPER_RESULT; Gt=Gr=0dBi; g=h; no separate P2108; site-level propagation only; no direct antenna gain included
0,NRCAN_GATINEAU_REFERENCE,SITE_PROP_E3_SITE_04,P452_p0.1_coast5_V,8.15,1,1.25166909604007e-12,1,0,none_documented,ITU-R P.452-18 reference v18.0 commit 86f8026ce39635fa2b599e50d6d01fe5b0d6bbfe; MATLAB 2026a,ALL_SITE_BASIC_LOSS_AUDIT_NOT_PAPER_RESULT; Gt=Gr=0dBi; g=h; no separate P2108; site-level propagation only; no direct antenna gain included
0,NRCAN_GATINEAU_REFERENCE,SITE_PROP_E3_SITE_04,P452_p0.01_coast5_V,8.15,1,1.47969183713145e-12,1,0,none_documented,ITU-R P.452-18 reference v18.0 commit 86f8026ce39635fa2b599e50d6d01fe5b0d6bbfe; MATLAB 2026a,ALL_SITE_BASIC_LOSS_AUDIT_NOT_PAPER_RESULT; Gt=Gr=0dBi; g=h; no separate P2108; site-level propagation only; no direct antenna gain included
0,NRCAN_GATINEAU_REFERENCE,SITE_PROP_E3_SITE_04,P452_p0.005_coast5_V,8.15,1,1.55614740508278e-12,1,0,none_documented,ITU-R P.452-18 reference v18.0 commit 86f8026ce39635fa2b599e50d6d01fe5b0d6bbfe; MATLAB 2026a,ALL_SITE_BASIC_LOSS_AUDIT_NOT_PAPER_RESULT; Gt=Gr=0dBi; g=h; no separate P2108; site-level propagation only; no direct antenna gain included
0,NRCAN_GATINEAU_REFERENCE,SITE_PROP_E3_SITE_04,P452_p50_coast50_H,8.15,1,7.96753503128272e-13,1,0,none_documented,ITU-R P.452-18 reference v18.0 commit 86f8026ce39635fa2b599e50d6d01fe5b0d6bbfe; MATLAB 2026a,ALL_SITE_BASIC_LOSS_AUDIT_NOT_PAPER_RESULT; Gt=Gr=0dBi; g=h; no separate P2108; site-level propagation only; no direct antenna gain included
0,NRCAN_GATINEAU_REFERENCE,SITE_PROP_E3_SITE_04,P452_p20_coast50_H,8.15,1,8.61647725180067e-13,1,0,none_documented,ITU-R P.452-18 reference v18.0 commit 86f8026ce39635fa2b599e50d6d01fe5b0d6bbfe; MATLAB 2026a,ALL_SITE_BASIC_LOSS_AUDIT_NOT_PAPER_RESULT; Gt=Gr=0dBi; g=h; no separate P2108; site-level propagation only; no direct antenna gain included
0,NRCAN_GATINEAU_REFERENCE,SITE_PROP_E3_SITE_04,P452_p10_coast50_H,8.15,1,8.97681849446193e-13,1,0,none_documented,ITU-R P.452-18 reference v18.0 commit 86f8026ce39635fa2b599e50d6d01fe5b0d6bbfe; MATLAB 2026a,ALL_SITE_BASIC_LOSS_AUDIT_NOT_PAPER_RESULT; Gt=Gr=0dBi; g=h; no separate P2108; site-level propagation only; no direct antenna gain included
0,NRCAN_GATINEAU_REFERENCE,SITE_PROP_E3_SITE_04,P452_p1_coast50_H,8.15,1,1.05878525822108e-12,1,0,none_documented,ITU-R P.452-18 reference v18.0 commit 86f8026ce39635fa2b599e50d6d01fe5b0d6bbfe; MATLAB 2026a,ALL_SITE_BASIC_LOSS_AUDIT_NOT_PAPER_RESULT; Gt=Gr=0dBi; g=h; no separate P2108; site-level propagation only; no direct antenna gain included
0,NRCAN_GATINEAU_REFERENCE,SITE_PROP_E3_SITE_04,P452_p0.1_coast50_H,8.15,1,1.25166909604007e-12,1,0,none_documented,ITU-R P.452-18 reference v18.0 commit 86f8026ce39635fa2b599e50d6d01fe5b0d6bbfe; MATLAB 2026a,ALL_SITE_BASIC_LOSS_AUDIT_NOT_PAPER_RESULT; Gt=Gr=0dBi; g=h; no separate P2108; site-level propagation only; no direct antenna gain included
0,NRCAN_GATINEAU_REFERENCE,SITE_PROP_E3_SITE_04,P452_p0.01_coast50_H,8.15,1,1.47969183713145e-12,1,0,none_documented,ITU-R P.452-18 reference v18.0 commit 86f8026ce39635fa2b599e50d6d01fe5b0d6bbfe; MATLAB 2026a,ALL_SITE_BASIC_LOSS_AUDIT_NOT_PAPER_RESULT; Gt=Gr=0dBi; g=h; no separate P2108; site-level propagation only; no direct antenna gain included
0,NRCAN_GATINEAU_REFERENCE,SITE_PROP_E3_SITE_04,P452_p0.005_coast50_H,8.15,1,1.55614740508278e-12,1,0,none_documented,ITU-R P.452-18 reference v18.0 commit 86f8026ce39635fa2b599e50d6d01fe5b0d6bbfe; MATLAB 2026a,ALL_SITE_BASIC_LOSS_AUDIT_NOT_PAPER_RESULT; Gt=Gr=0dBi; g=h; no separate P2108; site-level propagation only; no direct antenna gain included
0,NRCAN_GATINEAU_REFERENCE,SITE_PROP_E3_SITE_04,P452_p50_coast50_V,8.15,1,7.96753503128272e-13,1,0,none_documented,ITU-R P.452-18 reference v18.0 commit 86f8026ce39635fa2b599e50d6d01fe5b0d6bbfe; MATLAB 2026a,ALL_SITE_BASIC_LOSS_AUDIT_NOT_PAPER_RESULT; Gt=Gr=0dBi; g=h; no separate P2108; site-level propagation only; no direct antenna gain included
0,NRCAN_GATINEAU_REFERENCE,SITE_PROP_E3_SITE_04,P452_p20_coast50_V,8.15,1,8.61647725180067e-13,1,0,none_documented,ITU-R P.452-18 reference v18.0 commit 86f8026ce39635fa2b599e50d6d01fe5b0d6bbfe; MATLAB 2026a,ALL_SITE_BASIC_LOSS_AUDIT_NOT_PAPER_RESULT; Gt=Gr=0dBi; g=h; no separate P2108; site-level propagation only; no direct antenna gain included
0,NRCAN_GATINEAU_REFERENCE,SITE_PROP_E3_SITE_04,P452_p10_coast50_V,8.15,1,8.97681849446193e-13,1,0,none_documented,ITU-R P.452-18 reference v18.0 commit 86f8026ce39635fa2b599e50d6d01fe5b0d6bbfe; MATLAB 2026a,ALL_SITE_BASIC_LOSS_AUDIT_NOT_PAPER_RESULT; Gt=Gr=0dBi; g=h; no separate P2108; site-level propagation only; no direct antenna gain included
0,NRCAN_GATINEAU_REFERENCE,SITE_PROP_E3_SITE_04,P452_p1_coast50_V,8.15,1,1.05878525822108e-12,1,0,none_documented,ITU-R P.452-18 reference v18.0 commit 86f8026ce39635fa2b599e50d6d01fe5b0d6bbfe; MATLAB 2026a,ALL_SITE_BASIC_LOSS_AUDIT_NOT_PAPER_RESULT; Gt=Gr=0dBi; g=h; no separate P2108; site-level propagation only; no direct antenna gain included
0,NRCAN_GATINEAU_REFERENCE,SITE_PROP_E3_SITE_04,P452_p0.1_coast50_V,8.15,1,1.25166909604007e-12,1,0,none_documented,ITU-R P.452-18 reference v18.0 commit 86f8026ce39635fa2b599e50d6d01fe5b0d6bbfe; MATLAB 2026a,ALL_SITE_BASIC_LOSS_AUDIT_NOT_PAPER_RESULT; Gt=Gr=0dBi; g=h; no separate P2108; site-level propagation only; no direct antenna gain included
0,NRCAN_GATINEAU_REFERENCE,SITE_PROP_E3_SITE_04,P452_p0.01_coast50_V,8.15,1,1.47969183713145e-12,1,0,none_documented,ITU-R P.452-18 reference v18.0 commit 86f8026ce39635fa2b599e50d6d01fe5b0d6bbfe; MATLAB 2026a,ALL_SITE_BASIC_LOSS_AUDIT_NOT_PAPER_RESULT; Gt=Gr=0dBi; g=h; no separate P2108; site-level propagation only; no direct antenna gain included
0,NRCAN_GATINEAU_REFERENCE,SITE_PROP_E3_SITE_04,P452_p0.005_coast50_V,8.15,1,1.55614740508278e-12,1,0,none_documented,ITU-R P.452-18 reference v18.0 commit 86f8026ce39635fa2b599e50d6d01fe5b0d6bbfe; MATLAB 2026a,ALL_SITE_BASIC_LOSS_AUDIT_NOT_PAPER_RESULT; Gt=Gr=0dBi; g=h; no separate P2108; site-level propagation only; no direct antenna gain included
0,NRCAN_GATINEAU_REFERENCE,SITE_PROP_E3_SITE_04,P452_p50_coast200_H,8.15,1,7.96753503128272e-13,1,0,none_documented,ITU-R P.452-18 reference v18.0 commit 86f8026ce39635fa2b599e50d6d01fe5b0d6bbfe; MATLAB 2026a,ALL_SITE_BASIC_LOSS_AUDIT_NOT_PAPER_RESULT; Gt=Gr=0dBi; g=h; no separate P2108; site-level propagation only; no direct antenna gain included
0,NRCAN_GATINEAU_REFERENCE,SITE_PROP_E3_SITE_04,P452_p20_coast200_H,8.15,1,8.61647725180067e-13,1,0,none_documented,ITU-R P.452-18 reference v18.0 commit 86f8026ce39635fa2b599e50d6d01fe5b0d6bbfe; MATLAB 2026a,ALL_SITE_BASIC_LOSS_AUDIT_NOT_PAPER_RESULT; Gt=Gr=0dBi; g=h; no separate P2108; site-level propagation only; no direct antenna gain included
0,NRCAN_GATINEAU_REFERENCE,SITE_PROP_E3_SITE_04,P452_p10_coast200_H,8.15,1,8.97681849446193e-13,1,0,none_documented,ITU-R P.452-18 reference v18.0 commit 86f8026ce39635fa2b599e50d6d01fe5b0d6bbfe; MATLAB 2026a,ALL_SITE_BASIC_LOSS_AUDIT_NOT_PAPER_RESULT; Gt=Gr=0dBi; g=h; no separate P2108; site-level propagation only; no direct antenna gain included
0,NRCAN_GATINEAU_REFERENCE,SITE_PROP_E3_SITE_04,P452_p1_coast200_H,8.15,1,1.05878525822108e-12,1,0,none_documented,ITU-R P.452-18 reference v18.0 commit 86f8026ce39635fa2b599e50d6d01fe5b0d6bbfe; MATLAB 2026a,ALL_SITE_BASIC_LOSS_AUDIT_NOT_PAPER_RESULT; Gt=Gr=0dBi; g=h; no separate P2108; site-level propagation only; no direct antenna gain included
0,NRCAN_GATINEAU_REFERENCE,SITE_PROP_E3_SITE_04,P452_p0.1_coast200_H,8.15,1,1.25166909604007e-12,1,0,none_documented,ITU-R P.452-18 reference v18.0 commit 86f8026ce39635fa2b599e50d6d01fe5b0d6bbfe; MATLAB 2026a,ALL_SITE_BASIC_LOSS_AUDIT_NOT_PAPER_RESULT; Gt=Gr=0dBi; g=h; no separate P2108; site-level propagation only; no direct antenna gain included
0,NRCAN_GATINEAU_REFERENCE,SITE_PROP_E3_SITE_04,P452_p0.01_coast200_H,8.15,1,1.47969183713145e-12,1,0,none_documented,ITU-R P.452-18 reference v18.0 commit 86f8026ce39635fa2b599e50d6d01fe5b0d6bbfe; MATLAB 2026a,ALL_SITE_BASIC_LOSS_AUDIT_NOT_PAPER_RESULT; Gt=Gr=0dBi; g=h; no separate P2108; site-level propagation only; no direct antenna gain included
0,NRCAN_GATINEAU_REFERENCE,SITE_PROP_E3_SITE_04,P452_p0.005_coast200_H,8.15,1,1.55614740508278e-12,1,0,none_documented,ITU-R P.452-18 reference v18.0 commit 86f8026ce39635fa2b599e50d6d01fe5b0d6bbfe; MATLAB 2026a,ALL_SITE_BASIC_LOSS_AUDIT_NOT_PAPER_RESULT; Gt=Gr=0dBi; g=h; no separate P2108; site-level propagation only; no direct antenna gain included
0,NRCAN_GATINEAU_REFERENCE,SITE_PROP_E3_SITE_04,P452_p50_coast200_V,8.15,1,7.96753503128272e-13,1,0,none_documented,ITU-R P.452-18 reference v18.0 commit 86f8026ce39635fa2b599e50d6d01fe5b0d6bbfe; MATLAB 2026a,ALL_SITE_BASIC_LOSS_AUDIT_NOT_PAPER_RESULT; Gt=Gr=0dBi; g=h; no separate P2108; site-level propagation only; no direct antenna gain included
0,NRCAN_GATINEAU_REFERENCE,SITE_PROP_E3_SITE_04,P452_p20_coast200_V,8.15,1,8.61647725180067e-13,1,0,none_documented,ITU-R P.452-18 reference v18.0 commit 86f8026ce39635fa2b599e50d6d01fe5b0d6bbfe; MATLAB 2026a,ALL_SITE_BASIC_LOSS_AUDIT_NOT_PAPER_RESULT; Gt=Gr=0dBi; g=h; no separate P2108; site-level propagation only; no direct antenna gain included
0,NRCAN_GATINEAU_REFERENCE,SITE_PROP_E3_SITE_04,P452_p10_coast200_V,8.15,1,8.97681849446193e-13,1,0,none_documented,ITU-R P.452-18 reference v18.0 commit 86f8026ce39635fa2b599e50d6d01fe5b0d6bbfe; MATLAB 2026a,ALL_SITE_BASIC_LOSS_AUDIT_NOT_PAPER_RESULT; Gt=Gr=0dBi; g=h; no separate P2108; site-level propagation only; no direct antenna gain included
0,NRCAN_GATINEAU_REFERENCE,SITE_PROP_E3_SITE_04,P452_p1_coast200_V,8.15,1,1.05878525822108e-12,1,0,none_documented,ITU-R P.452-18 reference v18.0 commit 86f8026ce39635fa2b599e50d6d01fe5b0d6bbfe; MATLAB 2026a,ALL_SITE_BASIC_LOSS_AUDIT_NOT_PAPER_RESULT; Gt=Gr=0dBi; g=h; no separate P2108; site-level propagation only; no direct antenna gain included
0,NRCAN_GATINEAU_REFERENCE,SITE_PROP_E3_SITE_04,P452_p0.1_coast200_V,8.15,1,1.25166909604007e-12,1,0,none_documented,ITU-R P.452-18 reference v18.0 commit 86f8026ce39635fa2b599e50d6d01fe5b0d6bbfe; MATLAB 2026a,ALL_SITE_BASIC_LOSS_AUDIT_NOT_PAPER_RESULT; Gt=Gr=0dBi; g=h; no separate P2108; site-level propagation only; no direct antenna gain included
0,NRCAN_GATINEAU_REFERENCE,SITE_PROP_E3_SITE_04,P452_p0.01_coast200_V,8.15,1,1.47969183713145e-12,1,0,none_documented,ITU-R P.452-18 reference v18.0 commit 86f8026ce39635fa2b599e50d6d01fe5b0d6bbfe; MATLAB 2026a,ALL_SITE_BASIC_LOSS_AUDIT_NOT_PAPER_RESULT; Gt=Gr=0dBi; g=h; no separate P2108; site-level propagation only; no direct antenna gain included
0,NRCAN_GATINEAU_REFERENCE,SITE_PROP_E3_SITE_04,P452_p0.005_coast200_V,8.15,1,1.55614740508278e-12,1,0,none_documented,ITU-R P.452-18 reference v18.0 commit 86f8026ce39635fa2b599e50d6d01fe5b0d6bbfe; MATLAB 2026a,ALL_SITE_BASIC_LOSS_AUDIT_NOT_PAPER_RESULT; Gt=Gr=0dBi; g=h; no separate P2108; site-level propagation only; no direct antenna gain included
0,NRCAN_GATINEAU_REFERENCE,SITE_PROP_E3_SITE_05,P452_p50_coast5_H,8.15,1,1.1083983043361e-12,1,0,none_documented,ITU-R P.452-18 reference v18.0 commit 86f8026ce39635fa2b599e50d6d01fe5b0d6bbfe; MATLAB 2026a,ALL_SITE_BASIC_LOSS_AUDIT_NOT_PAPER_RESULT; Gt=Gr=0dBi; g=h; no separate P2108; site-level propagation only; no direct antenna gain included
0,NRCAN_GATINEAU_REFERENCE,SITE_PROP_E3_SITE_05,P452_p20_coast5_H,8.15,1,1.18629865116125e-12,1,0,none_documented,ITU-R P.452-18 reference v18.0 commit 86f8026ce39635fa2b599e50d6d01fe5b0d6bbfe; MATLAB 2026a,ALL_SITE_BASIC_LOSS_AUDIT_NOT_PAPER_RESULT; Gt=Gr=0dBi; g=h; no separate P2108; site-level propagation only; no direct antenna gain included
0,NRCAN_GATINEAU_REFERENCE,SITE_PROP_E3_SITE_05,P452_p10_coast5_H,8.15,1,1.22921613415078e-12,1,0,none_documented,ITU-R P.452-18 reference v18.0 commit 86f8026ce39635fa2b599e50d6d01fe5b0d6bbfe; MATLAB 2026a,ALL_SITE_BASIC_LOSS_AUDIT_NOT_PAPER_RESULT; Gt=Gr=0dBi; g=h; no separate P2108; site-level propagation only; no direct antenna gain included
0,NRCAN_GATINEAU_REFERENCE,SITE_PROP_E3_SITE_05,P452_p1_coast5_H,8.15,1,1.41917354440903e-12,1,0,none_documented,ITU-R P.452-18 reference v18.0 commit 86f8026ce39635fa2b599e50d6d01fe5b0d6bbfe; MATLAB 2026a,ALL_SITE_BASIC_LOSS_AUDIT_NOT_PAPER_RESULT; Gt=Gr=0dBi; g=h; no separate P2108; site-level propagation only; no direct antenna gain included
0,NRCAN_GATINEAU_REFERENCE,SITE_PROP_E3_SITE_05,P452_p0.1_coast5_H,8.15,1,1.64140131635336e-12,1,0,none_documented,ITU-R P.452-18 reference v18.0 commit 86f8026ce39635fa2b599e50d6d01fe5b0d6bbfe; MATLAB 2026a,ALL_SITE_BASIC_LOSS_AUDIT_NOT_PAPER_RESULT; Gt=Gr=0dBi; g=h; no separate P2108; site-level propagation only; no direct antenna gain included
0,NRCAN_GATINEAU_REFERENCE,SITE_PROP_E3_SITE_05,P452_p0.01_coast5_H,8.15,1,1.89842818329264e-12,1,0,none_documented,ITU-R P.452-18 reference v18.0 commit 86f8026ce39635fa2b599e50d6d01fe5b0d6bbfe; MATLAB 2026a,ALL_SITE_BASIC_LOSS_AUDIT_NOT_PAPER_RESULT; Gt=Gr=0dBi; g=h; no separate P2108; site-level propagation only; no direct antenna gain included
0,NRCAN_GATINEAU_REFERENCE,SITE_PROP_E3_SITE_05,P452_p0.005_coast5_H,8.15,1,1.98341297269771e-12,1,0,none_documented,ITU-R P.452-18 reference v18.0 commit 86f8026ce39635fa2b599e50d6d01fe5b0d6bbfe; MATLAB 2026a,ALL_SITE_BASIC_LOSS_AUDIT_NOT_PAPER_RESULT; Gt=Gr=0dBi; g=h; no separate P2108; site-level propagation only; no direct antenna gain included
0,NRCAN_GATINEAU_REFERENCE,SITE_PROP_E3_SITE_05,P452_p50_coast5_V,8.15,1,1.1083983043361e-12,1,0,none_documented,ITU-R P.452-18 reference v18.0 commit 86f8026ce39635fa2b599e50d6d01fe5b0d6bbfe; MATLAB 2026a,ALL_SITE_BASIC_LOSS_AUDIT_NOT_PAPER_RESULT; Gt=Gr=0dBi; g=h; no separate P2108; site-level propagation only; no direct antenna gain included
0,NRCAN_GATINEAU_REFERENCE,SITE_PROP_E3_SITE_05,P452_p20_coast5_V,8.15,1,1.18629865116125e-12,1,0,none_documented,ITU-R P.452-18 reference v18.0 commit 86f8026ce39635fa2b599e50d6d01fe5b0d6bbfe; MATLAB 2026a,ALL_SITE_BASIC_LOSS_AUDIT_NOT_PAPER_RESULT; Gt=Gr=0dBi; g=h; no separate P2108; site-level propagation only; no direct antenna gain included
0,NRCAN_GATINEAU_REFERENCE,SITE_PROP_E3_SITE_05,P452_p10_coast5_V,8.15,1,1.22921613415078e-12,1,0,none_documented,ITU-R P.452-18 reference v18.0 commit 86f8026ce39635fa2b599e50d6d01fe5b0d6bbfe; MATLAB 2026a,ALL_SITE_BASIC_LOSS_AUDIT_NOT_PAPER_RESULT; Gt=Gr=0dBi; g=h; no separate P2108; site-level propagation only; no direct antenna gain included
0,NRCAN_GATINEAU_REFERENCE,SITE_PROP_E3_SITE_05,P452_p1_coast5_V,8.15,1,1.41917354440903e-12,1,0,none_documented,ITU-R P.452-18 reference v18.0 commit 86f8026ce39635fa2b599e50d6d01fe5b0d6bbfe; MATLAB 2026a,ALL_SITE_BASIC_LOSS_AUDIT_NOT_PAPER_RESULT; Gt=Gr=0dBi; g=h; no separate P2108; site-level propagation only; no direct antenna gain included
0,NRCAN_GATINEAU_REFERENCE,SITE_PROP_E3_SITE_05,P452_p0.1_coast5_V,8.15,1,1.64140131635336e-12,1,0,none_documented,ITU-R P.452-18 reference v18.0 commit 86f8026ce39635fa2b599e50d6d01fe5b0d6bbfe; MATLAB 2026a,ALL_SITE_BASIC_LOSS_AUDIT_NOT_PAPER_RESULT; Gt=Gr=0dBi; g=h; no separate P2108; site-level propagation only; no direct antenna gain included
0,NRCAN_GATINEAU_REFERENCE,SITE_PROP_E3_SITE_05,P452_p0.01_coast5_V,8.15,1,1.89842818329264e-12,1,0,none_documented,ITU-R P.452-18 reference v18.0 commit 86f8026ce39635fa2b599e50d6d01fe5b0d6bbfe; MATLAB 2026a,ALL_SITE_BASIC_LOSS_AUDIT_NOT_PAPER_RESULT; Gt=Gr=0dBi; g=h; no separate P2108; site-level propagation only; no direct antenna gain included
0,NRCAN_GATINEAU_REFERENCE,SITE_PROP_E3_SITE_05,P452_p0.005_coast5_V,8.15,1,1.98341297269771e-12,1,0,none_documented,ITU-R P.452-18 reference v18.0 commit 86f8026ce39635fa2b599e50d6d01fe5b0d6bbfe; MATLAB 2026a,ALL_SITE_BASIC_LOSS_AUDIT_NOT_PAPER_RESULT; Gt=Gr=0dBi; g=h; no separate P2108; site-level propagation only; no direct antenna gain included
0,NRCAN_GATINEAU_REFERENCE,SITE_PROP_E3_SITE_05,P452_p50_coast50_H,8.15,1,1.1083983043361e-12,1,0,none_documented,ITU-R P.452-18 reference v18.0 commit 86f8026ce39635fa2b599e50d6d01fe5b0d6bbfe; MATLAB 2026a,ALL_SITE_BASIC_LOSS_AUDIT_NOT_PAPER_RESULT; Gt=Gr=0dBi; g=h; no separate P2108; site-level propagation only; no direct antenna gain included
0,NRCAN_GATINEAU_REFERENCE,SITE_PROP_E3_SITE_05,P452_p20_coast50_H,8.15,1,1.18629865116125e-12,1,0,none_documented,ITU-R P.452-18 reference v18.0 commit 86f8026ce39635fa2b599e50d6d01fe5b0d6bbfe; MATLAB 2026a,ALL_SITE_BASIC_LOSS_AUDIT_NOT_PAPER_RESULT; Gt=Gr=0dBi; g=h; no separate P2108; site-level propagation only; no direct antenna gain included
0,NRCAN_GATINEAU_REFERENCE,SITE_PROP_E3_SITE_05,P452_p10_coast50_H,8.15,1,1.22921613415078e-12,1,0,none_documented,ITU-R P.452-18 reference v18.0 commit 86f8026ce39635fa2b599e50d6d01fe5b0d6bbfe; MATLAB 2026a,ALL_SITE_BASIC_LOSS_AUDIT_NOT_PAPER_RESULT; Gt=Gr=0dBi; g=h; no separate P2108; site-level propagation only; no direct antenna gain included
0,NRCAN_GATINEAU_REFERENCE,SITE_PROP_E3_SITE_05,P452_p1_coast50_H,8.15,1,1.41917354440903e-12,1,0,none_documented,ITU-R P.452-18 reference v18.0 commit 86f8026ce39635fa2b599e50d6d01fe5b0d6bbfe; MATLAB 2026a,ALL_SITE_BASIC_LOSS_AUDIT_NOT_PAPER_RESULT; Gt=Gr=0dBi; g=h; no separate P2108; site-level propagation only; no direct antenna gain included
0,NRCAN_GATINEAU_REFERENCE,SITE_PROP_E3_SITE_05,P452_p0.1_coast50_H,8.15,1,1.64140131635336e-12,1,0,none_documented,ITU-R P.452-18 reference v18.0 commit 86f8026ce39635fa2b599e50d6d01fe5b0d6bbfe; MATLAB 2026a,ALL_SITE_BASIC_LOSS_AUDIT_NOT_PAPER_RESULT; Gt=Gr=0dBi; g=h; no separate P2108; site-level propagation only; no direct antenna gain included
0,NRCAN_GATINEAU_REFERENCE,SITE_PROP_E3_SITE_05,P452_p0.01_coast50_H,8.15,1,1.89842818329264e-12,1,0,none_documented,ITU-R P.452-18 reference v18.0 commit 86f8026ce39635fa2b599e50d6d01fe5b0d6bbfe; MATLAB 2026a,ALL_SITE_BASIC_LOSS_AUDIT_NOT_PAPER_RESULT; Gt=Gr=0dBi; g=h; no separate P2108; site-level propagation only; no direct antenna gain included
0,NRCAN_GATINEAU_REFERENCE,SITE_PROP_E3_SITE_05,P452_p0.005_coast50_H,8.15,1,1.98341297269771e-12,1,0,none_documented,ITU-R P.452-18 reference v18.0 commit 86f8026ce39635fa2b599e50d6d01fe5b0d6bbfe; MATLAB 2026a,ALL_SITE_BASIC_LOSS_AUDIT_NOT_PAPER_RESULT; Gt=Gr=0dBi; g=h; no separate P2108; site-level propagation only; no direct antenna gain included
0,NRCAN_GATINEAU_REFERENCE,SITE_PROP_E3_SITE_05,P452_p50_coast50_V,8.15,1,1.1083983043361e-12,1,0,none_documented,ITU-R P.452-18 reference v18.0 commit 86f8026ce39635fa2b599e50d6d01fe5b0d6bbfe; MATLAB 2026a,ALL_SITE_BASIC_LOSS_AUDIT_NOT_PAPER_RESULT; Gt=Gr=0dBi; g=h; no separate P2108; site-level propagation only; no direct antenna gain included
0,NRCAN_GATINEAU_REFERENCE,SITE_PROP_E3_SITE_05,P452_p20_coast50_V,8.15,1,1.18629865116125e-12,1,0,none_documented,ITU-R P.452-18 reference v18.0 commit 86f8026ce39635fa2b599e50d6d01fe5b0d6bbfe; MATLAB 2026a,ALL_SITE_BASIC_LOSS_AUDIT_NOT_PAPER_RESULT; Gt=Gr=0dBi; g=h; no separate P2108; site-level propagation only; no direct antenna gain included
0,NRCAN_GATINEAU_REFERENCE,SITE_PROP_E3_SITE_05,P452_p10_coast50_V,8.15,1,1.22921613415078e-12,1,0,none_documented,ITU-R P.452-18 reference v18.0 commit 86f8026ce39635fa2b599e50d6d01fe5b0d6bbfe; MATLAB 2026a,ALL_SITE_BASIC_LOSS_AUDIT_NOT_PAPER_RESULT; Gt=Gr=0dBi; g=h; no separate P2108; site-level propagation only; no direct antenna gain included
0,NRCAN_GATINEAU_REFERENCE,SITE_PROP_E3_SITE_05,P452_p1_coast50_V,8.15,1,1.41917354440903e-12,1,0,none_documented,ITU-R P.452-18 reference v18.0 commit 86f8026ce39635fa2b599e50d6d01fe5b0d6bbfe; MATLAB 2026a,ALL_SITE_BASIC_LOSS_AUDIT_NOT_PAPER_RESULT; Gt=Gr=0dBi; g=h; no separate P2108; site-level propagation only; no direct antenna gain included
0,NRCAN_GATINEAU_REFERENCE,SITE_PROP_E3_SITE_05,P452_p0.1_coast50_V,8.15,1,1.64140131635336e-12,1,0,none_documented,ITU-R P.452-18 reference v18.0 commit 86f8026ce39635fa2b599e50d6d01fe5b0d6bbfe; MATLAB 2026a,ALL_SITE_BASIC_LOSS_AUDIT_NOT_PAPER_RESULT; Gt=Gr=0dBi; g=h; no separate P2108; site-level propagation only; no direct antenna gain included
0,NRCAN_GATINEAU_REFERENCE,SITE_PROP_E3_SITE_05,P452_p0.01_coast50_V,8.15,1,1.89842818329264e-12,1,0,none_documented,ITU-R P.452-18 reference v18.0 commit 86f8026ce39635fa2b599e50d6d01fe5b0d6bbfe; MATLAB 2026a,ALL_SITE_BASIC_LOSS_AUDIT_NOT_PAPER_RESULT; Gt=Gr=0dBi; g=h; no separate P2108; site-level propagation only; no direct antenna gain included
0,NRCAN_GATINEAU_REFERENCE,SITE_PROP_E3_SITE_05,P452_p0.005_coast50_V,8.15,1,1.98341297269771e-12,1,0,none_documented,ITU-R P.452-18 reference v18.0 commit 86f8026ce39635fa2b599e50d6d01fe5b0d6bbfe; MATLAB 2026a,ALL_SITE_BASIC_LOSS_AUDIT_NOT_PAPER_RESULT; Gt=Gr=0dBi; g=h; no separate P2108; site-level propagation only; no direct antenna gain included
0,NRCAN_GATINEAU_REFERENCE,SITE_PROP_E3_SITE_05,P452_p50_coast200_H,8.15,1,1.1083983043361e-12,1,0,none_documented,ITU-R P.452-18 reference v18.0 commit 86f8026ce39635fa2b599e50d6d01fe5b0d6bbfe; MATLAB 2026a,ALL_SITE_BASIC_LOSS_AUDIT_NOT_PAPER_RESULT; Gt=Gr=0dBi; g=h; no separate P2108; site-level propagation only; no direct antenna gain included
0,NRCAN_GATINEAU_REFERENCE,SITE_PROP_E3_SITE_05,P452_p20_coast200_H,8.15,1,1.18629865116125e-12,1,0,none_documented,ITU-R P.452-18 reference v18.0 commit 86f8026ce39635fa2b599e50d6d01fe5b0d6bbfe; MATLAB 2026a,ALL_SITE_BASIC_LOSS_AUDIT_NOT_PAPER_RESULT; Gt=Gr=0dBi; g=h; no separate P2108; site-level propagation only; no direct antenna gain included
0,NRCAN_GATINEAU_REFERENCE,SITE_PROP_E3_SITE_05,P452_p10_coast200_H,8.15,1,1.22921613415078e-12,1,0,none_documented,ITU-R P.452-18 reference v18.0 commit 86f8026ce39635fa2b599e50d6d01fe5b0d6bbfe; MATLAB 2026a,ALL_SITE_BASIC_LOSS_AUDIT_NOT_PAPER_RESULT; Gt=Gr=0dBi; g=h; no separate P2108; site-level propagation only; no direct antenna gain included
0,NRCAN_GATINEAU_REFERENCE,SITE_PROP_E3_SITE_05,P452_p1_coast200_H,8.15,1,1.41917354440903e-12,1,0,none_documented,ITU-R P.452-18 reference v18.0 commit 86f8026ce39635fa2b599e50d6d01fe5b0d6bbfe; MATLAB 2026a,ALL_SITE_BASIC_LOSS_AUDIT_NOT_PAPER_RESULT; Gt=Gr=0dBi; g=h; no separate P2108; site-level propagation only; no direct antenna gain included
0,NRCAN_GATINEAU_REFERENCE,SITE_PROP_E3_SITE_05,P452_p0.1_coast200_H,8.15,1,1.64140131635336e-12,1,0,none_documented,ITU-R P.452-18 reference v18.0 commit 86f8026ce39635fa2b599e50d6d01fe5b0d6bbfe; MATLAB 2026a,ALL_SITE_BASIC_LOSS_AUDIT_NOT_PAPER_RESULT; Gt=Gr=0dBi; g=h; no separate P2108; site-level propagation only; no direct antenna gain included
0,NRCAN_GATINEAU_REFERENCE,SITE_PROP_E3_SITE_05,P452_p0.01_coast200_H,8.15,1,1.89842818329264e-12,1,0,none_documented,ITU-R P.452-18 reference v18.0 commit 86f8026ce39635fa2b599e50d6d01fe5b0d6bbfe; MATLAB 2026a,ALL_SITE_BASIC_LOSS_AUDIT_NOT_PAPER_RESULT; Gt=Gr=0dBi; g=h; no separate P2108; site-level propagation only; no direct antenna gain included
0,NRCAN_GATINEAU_REFERENCE,SITE_PROP_E3_SITE_05,P452_p0.005_coast200_H,8.15,1,1.98341297269771e-12,1,0,none_documented,ITU-R P.452-18 reference v18.0 commit 86f8026ce39635fa2b599e50d6d01fe5b0d6bbfe; MATLAB 2026a,ALL_SITE_BASIC_LOSS_AUDIT_NOT_PAPER_RESULT; Gt=Gr=0dBi; g=h; no separate P2108; site-level propagation only; no direct antenna gain included
0,NRCAN_GATINEAU_REFERENCE,SITE_PROP_E3_SITE_05,P452_p50_coast200_V,8.15,1,1.1083983043361e-12,1,0,none_documented,ITU-R P.452-18 reference v18.0 commit 86f8026ce39635fa2b599e50d6d01fe5b0d6bbfe; MATLAB 2026a,ALL_SITE_BASIC_LOSS_AUDIT_NOT_PAPER_RESULT; Gt=Gr=0dBi; g=h; no separate P2108; site-level propagation only; no direct antenna gain included
0,NRCAN_GATINEAU_REFERENCE,SITE_PROP_E3_SITE_05,P452_p20_coast200_V,8.15,1,1.18629865116125e-12,1,0,none_documented,ITU-R P.452-18 reference v18.0 commit 86f8026ce39635fa2b599e50d6d01fe5b0d6bbfe; MATLAB 2026a,ALL_SITE_BASIC_LOSS_AUDIT_NOT_PAPER_RESULT; Gt=Gr=0dBi; g=h; no separate P2108; site-level propagation only; no direct antenna gain included
0,NRCAN_GATINEAU_REFERENCE,SITE_PROP_E3_SITE_05,P452_p10_coast200_V,8.15,1,1.22921613415078e-12,1,0,none_documented,ITU-R P.452-18 reference v18.0 commit 86f8026ce39635fa2b599e50d6d01fe5b0d6bbfe; MATLAB 2026a,ALL_SITE_BASIC_LOSS_AUDIT_NOT_PAPER_RESULT; Gt=Gr=0dBi; g=h; no separate P2108; site-level propagation only; no direct antenna gain included
0,NRCAN_GATINEAU_REFERENCE,SITE_PROP_E3_SITE_05,P452_p1_coast200_V,8.15,1,1.41917354440903e-12,1,0,none_documented,ITU-R P.452-18 reference v18.0 commit 86f8026ce39635fa2b599e50d6d01fe5b0d6bbfe; MATLAB 2026a,ALL_SITE_BASIC_LOSS_AUDIT_NOT_PAPER_RESULT; Gt=Gr=0dBi; g=h; no separate P2108; site-level propagation only; no direct antenna gain included
0,NRCAN_GATINEAU_REFERENCE,SITE_PROP_E3_SITE_05,P452_p0.1_coast200_V,8.15,1,1.64140131635336e-12,1,0,none_documented,ITU-R P.452-18 reference v18.0 commit 86f8026ce39635fa2b599e50d6d01fe5b0d6bbfe; MATLAB 2026a,ALL_SITE_BASIC_LOSS_AUDIT_NOT_PAPER_RESULT; Gt=Gr=0dBi; g=h; no separate P2108; site-level propagation only; no direct antenna gain included
0,NRCAN_GATINEAU_REFERENCE,SITE_PROP_E3_SITE_05,P452_p0.01_coast200_V,8.15,1,1.89842818329264e-12,1,0,none_documented,ITU-R P.452-18 reference v18.0 commit 86f8026ce39635fa2b599e50d6d01fe5b0d6bbfe; MATLAB 2026a,ALL_SITE_BASIC_LOSS_AUDIT_NOT_PAPER_RESULT; Gt=Gr=0dBi; g=h; no separate P2108; site-level propagation only; no direct antenna gain included
0,NRCAN_GATINEAU_REFERENCE,SITE_PROP_E3_SITE_05,P452_p0.005_coast200_V,8.15,1,1.98341297269771e-12,1,0,none_documented,ITU-R P.452-18 reference v18.0 commit 86f8026ce39635fa2b599e50d6d01fe5b0d6bbfe; MATLAB 2026a,ALL_SITE_BASIC_LOSS_AUDIT_NOT_PAPER_RESULT; Gt=Gr=0dBi; g=h; no separate P2108; site-level propagation only; no direct antenna gain included
0,NRCAN_GATINEAU_REFERENCE,SITE_PROP_E3_SITE_06,P452_p50_coast5_H,8.15,1,1.5381929575317e-15,1,0,none_documented,ITU-R P.452-18 reference v18.0 commit 86f8026ce39635fa2b599e50d6d01fe5b0d6bbfe; MATLAB 2026a,ALL_SITE_BASIC_LOSS_AUDIT_NOT_PAPER_RESULT; Gt=Gr=0dBi; g=h; no separate P2108; site-level propagation only; no direct antenna gain included
0,NRCAN_GATINEAU_REFERENCE,SITE_PROP_E3_SITE_06,P452_p20_coast5_H,8.15,1,1.64731353197561e-15,1,0,none_documented,ITU-R P.452-18 reference v18.0 commit 86f8026ce39635fa2b599e50d6d01fe5b0d6bbfe; MATLAB 2026a,ALL_SITE_BASIC_LOSS_AUDIT_NOT_PAPER_RESULT; Gt=Gr=0dBi; g=h; no separate P2108; site-level propagation only; no direct antenna gain included
0,NRCAN_GATINEAU_REFERENCE,SITE_PROP_E3_SITE_06,P452_p10_coast5_H,8.15,1,1.73067787034463e-15,1,0,none_documented,ITU-R P.452-18 reference v18.0 commit 86f8026ce39635fa2b599e50d6d01fe5b0d6bbfe; MATLAB 2026a,ALL_SITE_BASIC_LOSS_AUDIT_NOT_PAPER_RESULT; Gt=Gr=0dBi; g=h; no separate P2108; site-level propagation only; no direct antenna gain included
0,NRCAN_GATINEAU_REFERENCE,SITE_PROP_E3_SITE_06,P452_p1_coast5_H,8.15,1,2.12737376971358e-15,1,0,none_documented,ITU-R P.452-18 reference v18.0 commit 86f8026ce39635fa2b599e50d6d01fe5b0d6bbfe; MATLAB 2026a,ALL_SITE_BASIC_LOSS_AUDIT_NOT_PAPER_RESULT; Gt=Gr=0dBi; g=h; no separate P2108; site-level propagation only; no direct antenna gain included
0,NRCAN_GATINEAU_REFERENCE,SITE_PROP_E3_SITE_06,P452_p0.1_coast5_H,8.15,1,2.53754435767566e-15,1,0,none_documented,ITU-R P.452-18 reference v18.0 commit 86f8026ce39635fa2b599e50d6d01fe5b0d6bbfe; MATLAB 2026a,ALL_SITE_BASIC_LOSS_AUDIT_NOT_PAPER_RESULT; Gt=Gr=0dBi; g=h; no separate P2108; site-level propagation only; no direct antenna gain included
0,NRCAN_GATINEAU_REFERENCE,SITE_PROP_E3_SITE_06,P452_p0.01_coast5_H,8.15,1,2.98976411239727e-15,1,0,none_documented,ITU-R P.452-18 reference v18.0 commit 86f8026ce39635fa2b599e50d6d01fe5b0d6bbfe; MATLAB 2026a,ALL_SITE_BASIC_LOSS_AUDIT_NOT_PAPER_RESULT; Gt=Gr=0dBi; g=h; no separate P2108; site-level propagation only; no direct antenna gain included
0,NRCAN_GATINEAU_REFERENCE,SITE_PROP_E3_SITE_06,P452_p0.005_coast5_H,8.15,1,3.15200867581242e-15,1,0,none_documented,ITU-R P.452-18 reference v18.0 commit 86f8026ce39635fa2b599e50d6d01fe5b0d6bbfe; MATLAB 2026a,ALL_SITE_BASIC_LOSS_AUDIT_NOT_PAPER_RESULT; Gt=Gr=0dBi; g=h; no separate P2108; site-level propagation only; no direct antenna gain included
0,NRCAN_GATINEAU_REFERENCE,SITE_PROP_E3_SITE_06,P452_p50_coast5_V,8.15,1,1.5381929575317e-15,1,0,none_documented,ITU-R P.452-18 reference v18.0 commit 86f8026ce39635fa2b599e50d6d01fe5b0d6bbfe; MATLAB 2026a,ALL_SITE_BASIC_LOSS_AUDIT_NOT_PAPER_RESULT; Gt=Gr=0dBi; g=h; no separate P2108; site-level propagation only; no direct antenna gain included
0,NRCAN_GATINEAU_REFERENCE,SITE_PROP_E3_SITE_06,P452_p20_coast5_V,8.15,1,1.64731353197561e-15,1,0,none_documented,ITU-R P.452-18 reference v18.0 commit 86f8026ce39635fa2b599e50d6d01fe5b0d6bbfe; MATLAB 2026a,ALL_SITE_BASIC_LOSS_AUDIT_NOT_PAPER_RESULT; Gt=Gr=0dBi; g=h; no separate P2108; site-level propagation only; no direct antenna gain included
0,NRCAN_GATINEAU_REFERENCE,SITE_PROP_E3_SITE_06,P452_p10_coast5_V,8.15,1,1.73067787034463e-15,1,0,none_documented,ITU-R P.452-18 reference v18.0 commit 86f8026ce39635fa2b599e50d6d01fe5b0d6bbfe; MATLAB 2026a,ALL_SITE_BASIC_LOSS_AUDIT_NOT_PAPER_RESULT; Gt=Gr=0dBi; g=h; no separate P2108; site-level propagation only; no direct antenna gain included
0,NRCAN_GATINEAU_REFERENCE,SITE_PROP_E3_SITE_06,P452_p1_coast5_V,8.15,1,2.12737376971358e-15,1,0,none_documented,ITU-R P.452-18 reference v18.0 commit 86f8026ce39635fa2b599e50d6d01fe5b0d6bbfe; MATLAB 2026a,ALL_SITE_BASIC_LOSS_AUDIT_NOT_PAPER_RESULT; Gt=Gr=0dBi; g=h; no separate P2108; site-level propagation only; no direct antenna gain included
0,NRCAN_GATINEAU_REFERENCE,SITE_PROP_E3_SITE_06,P452_p0.1_coast5_V,8.15,1,2.53754435767566e-15,1,0,none_documented,ITU-R P.452-18 reference v18.0 commit 86f8026ce39635fa2b599e50d6d01fe5b0d6bbfe; MATLAB 2026a,ALL_SITE_BASIC_LOSS_AUDIT_NOT_PAPER_RESULT; Gt=Gr=0dBi; g=h; no separate P2108; site-level propagation only; no direct antenna gain included
0,NRCAN_GATINEAU_REFERENCE,SITE_PROP_E3_SITE_06,P452_p0.01_coast5_V,8.15,1,2.98976411239727e-15,1,0,none_documented,ITU-R P.452-18 reference v18.0 commit 86f8026ce39635fa2b599e50d6d01fe5b0d6bbfe; MATLAB 2026a,ALL_SITE_BASIC_LOSS_AUDIT_NOT_PAPER_RESULT; Gt=Gr=0dBi; g=h; no separate P2108; site-level propagation only; no direct antenna gain included
0,NRCAN_GATINEAU_REFERENCE,SITE_PROP_E3_SITE_06,P452_p0.005_coast5_V,8.15,1,3.15200867581242e-15,1,0,none_documented,ITU-R P.452-18 reference v18.0 commit 86f8026ce39635fa2b599e50d6d01fe5b0d6bbfe; MATLAB 2026a,ALL_SITE_BASIC_LOSS_AUDIT_NOT_PAPER_RESULT; Gt=Gr=0dBi; g=h; no separate P2108; site-level propagation only; no direct antenna gain included
0,NRCAN_GATINEAU_REFERENCE,SITE_PROP_E3_SITE_06,P452_p50_coast50_H,8.15,1,1.5381929575317e-15,1,0,none_documented,ITU-R P.452-18 reference v18.0 commit 86f8026ce39635fa2b599e50d6d01fe5b0d6bbfe; MATLAB 2026a,ALL_SITE_BASIC_LOSS_AUDIT_NOT_PAPER_RESULT; Gt=Gr=0dBi; g=h; no separate P2108; site-level propagation only; no direct antenna gain included
0,NRCAN_GATINEAU_REFERENCE,SITE_PROP_E3_SITE_06,P452_p20_coast50_H,8.15,1,1.64731353197561e-15,1,0,none_documented,ITU-R P.452-18 reference v18.0 commit 86f8026ce39635fa2b599e50d6d01fe5b0d6bbfe; MATLAB 2026a,ALL_SITE_BASIC_LOSS_AUDIT_NOT_PAPER_RESULT; Gt=Gr=0dBi; g=h; no separate P2108; site-level propagation only; no direct antenna gain included
0,NRCAN_GATINEAU_REFERENCE,SITE_PROP_E3_SITE_06,P452_p10_coast50_H,8.15,1,1.73067787034463e-15,1,0,none_documented,ITU-R P.452-18 reference v18.0 commit 86f8026ce39635fa2b599e50d6d01fe5b0d6bbfe; MATLAB 2026a,ALL_SITE_BASIC_LOSS_AUDIT_NOT_PAPER_RESULT; Gt=Gr=0dBi; g=h; no separate P2108; site-level propagation only; no direct antenna gain included
0,NRCAN_GATINEAU_REFERENCE,SITE_PROP_E3_SITE_06,P452_p1_coast50_H,8.15,1,2.12737376971358e-15,1,0,none_documented,ITU-R P.452-18 reference v18.0 commit 86f8026ce39635fa2b599e50d6d01fe5b0d6bbfe; MATLAB 2026a,ALL_SITE_BASIC_LOSS_AUDIT_NOT_PAPER_RESULT; Gt=Gr=0dBi; g=h; no separate P2108; site-level propagation only; no direct antenna gain included
0,NRCAN_GATINEAU_REFERENCE,SITE_PROP_E3_SITE_06,P452_p0.1_coast50_H,8.15,1,2.53754435767566e-15,1,0,none_documented,ITU-R P.452-18 reference v18.0 commit 86f8026ce39635fa2b599e50d6d01fe5b0d6bbfe; MATLAB 2026a,ALL_SITE_BASIC_LOSS_AUDIT_NOT_PAPER_RESULT; Gt=Gr=0dBi; g=h; no separate P2108; site-level propagation only; no direct antenna gain included
0,NRCAN_GATINEAU_REFERENCE,SITE_PROP_E3_SITE_06,P452_p0.01_coast50_H,8.15,1,2.98976411239727e-15,1,0,none_documented,ITU-R P.452-18 reference v18.0 commit 86f8026ce39635fa2b599e50d6d01fe5b0d6bbfe; MATLAB 2026a,ALL_SITE_BASIC_LOSS_AUDIT_NOT_PAPER_RESULT; Gt=Gr=0dBi; g=h; no separate P2108; site-level propagation only; no direct antenna gain included
0,NRCAN_GATINEAU_REFERENCE,SITE_PROP_E3_SITE_06,P452_p0.005_coast50_H,8.15,1,3.15200867581242e-15,1,0,none_documented,ITU-R P.452-18 reference v18.0 commit 86f8026ce39635fa2b599e50d6d01fe5b0d6bbfe; MATLAB 2026a,ALL_SITE_BASIC_LOSS_AUDIT_NOT_PAPER_RESULT; Gt=Gr=0dBi; g=h; no separate P2108; site-level propagation only; no direct antenna gain included
0,NRCAN_GATINEAU_REFERENCE,SITE_PROP_E3_SITE_06,P452_p50_coast50_V,8.15,1,1.5381929575317e-15,1,0,none_documented,ITU-R P.452-18 reference v18.0 commit 86f8026ce39635fa2b599e50d6d01fe5b0d6bbfe; MATLAB 2026a,ALL_SITE_BASIC_LOSS_AUDIT_NOT_PAPER_RESULT; Gt=Gr=0dBi; g=h; no separate P2108; site-level propagation only; no direct antenna gain included
0,NRCAN_GATINEAU_REFERENCE,SITE_PROP_E3_SITE_06,P452_p20_coast50_V,8.15,1,1.64731353197561e-15,1,0,none_documented,ITU-R P.452-18 reference v18.0 commit 86f8026ce39635fa2b599e50d6d01fe5b0d6bbfe; MATLAB 2026a,ALL_SITE_BASIC_LOSS_AUDIT_NOT_PAPER_RESULT; Gt=Gr=0dBi; g=h; no separate P2108; site-level propagation only; no direct antenna gain included
0,NRCAN_GATINEAU_REFERENCE,SITE_PROP_E3_SITE_06,P452_p10_coast50_V,8.15,1,1.73067787034463e-15,1,0,none_documented,ITU-R P.452-18 reference v18.0 commit 86f8026ce39635fa2b599e50d6d01fe5b0d6bbfe; MATLAB 2026a,ALL_SITE_BASIC_LOSS_AUDIT_NOT_PAPER_RESULT; Gt=Gr=0dBi; g=h; no separate P2108; site-level propagation only; no direct antenna gain included
0,NRCAN_GATINEAU_REFERENCE,SITE_PROP_E3_SITE_06,P452_p1_coast50_V,8.15,1,2.12737376971358e-15,1,0,none_documented,ITU-R P.452-18 reference v18.0 commit 86f8026ce39635fa2b599e50d6d01fe5b0d6bbfe; MATLAB 2026a,ALL_SITE_BASIC_LOSS_AUDIT_NOT_PAPER_RESULT; Gt=Gr=0dBi; g=h; no separate P2108; site-level propagation only; no direct antenna gain included
0,NRCAN_GATINEAU_REFERENCE,SITE_PROP_E3_SITE_06,P452_p0.1_coast50_V,8.15,1,2.53754435767566e-15,1,0,none_documented,ITU-R P.452-18 reference v18.0 commit 86f8026ce39635fa2b599e50d6d01fe5b0d6bbfe; MATLAB 2026a,ALL_SITE_BASIC_LOSS_AUDIT_NOT_PAPER_RESULT; Gt=Gr=0dBi; g=h; no separate P2108; site-level propagation only; no direct antenna gain included
0,NRCAN_GATINEAU_REFERENCE,SITE_PROP_E3_SITE_06,P452_p0.01_coast50_V,8.15,1,2.98976411239727e-15,1,0,none_documented,ITU-R P.452-18 reference v18.0 commit 86f8026ce39635fa2b599e50d6d01fe5b0d6bbfe; MATLAB 2026a,ALL_SITE_BASIC_LOSS_AUDIT_NOT_PAPER_RESULT; Gt=Gr=0dBi; g=h; no separate P2108; site-level propagation only; no direct antenna gain included
0,NRCAN_GATINEAU_REFERENCE,SITE_PROP_E3_SITE_06,P452_p0.005_coast50_V,8.15,1,3.15200867581242e-15,1,0,none_documented,ITU-R P.452-18 reference v18.0 commit 86f8026ce39635fa2b599e50d6d01fe5b0d6bbfe; MATLAB 2026a,ALL_SITE_BASIC_LOSS_AUDIT_NOT_PAPER_RESULT; Gt=Gr=0dBi; g=h; no separate P2108; site-level propagation only; no direct antenna gain included
0,NRCAN_GATINEAU_REFERENCE,SITE_PROP_E3_SITE_06,P452_p50_coast200_H,8.15,1,1.5381929575317e-15,1,0,none_documented,ITU-R P.452-18 reference v18.0 commit 86f8026ce39635fa2b599e50d6d01fe5b0d6bbfe; MATLAB 2026a,ALL_SITE_BASIC_LOSS_AUDIT_NOT_PAPER_RESULT; Gt=Gr=0dBi; g=h; no separate P2108; site-level propagation only; no direct antenna gain included
0,NRCAN_GATINEAU_REFERENCE,SITE_PROP_E3_SITE_06,P452_p20_coast200_H,8.15,1,1.64731353197561e-15,1,0,none_documented,ITU-R P.452-18 reference v18.0 commit 86f8026ce39635fa2b599e50d6d01fe5b0d6bbfe; MATLAB 2026a,ALL_SITE_BASIC_LOSS_AUDIT_NOT_PAPER_RESULT; Gt=Gr=0dBi; g=h; no separate P2108; site-level propagation only; no direct antenna gain included
0,NRCAN_GATINEAU_REFERENCE,SITE_PROP_E3_SITE_06,P452_p10_coast200_H,8.15,1,1.73067787034463e-15,1,0,none_documented,ITU-R P.452-18 reference v18.0 commit 86f8026ce39635fa2b599e50d6d01fe5b0d6bbfe; MATLAB 2026a,ALL_SITE_BASIC_LOSS_AUDIT_NOT_PAPER_RESULT; Gt=Gr=0dBi; g=h; no separate P2108; site-level propagation only; no direct antenna gain included
0,NRCAN_GATINEAU_REFERENCE,SITE_PROP_E3_SITE_06,P452_p1_coast200_H,8.15,1,2.12737376971358e-15,1,0,none_documented,ITU-R P.452-18 reference v18.0 commit 86f8026ce39635fa2b599e50d6d01fe5b0d6bbfe; MATLAB 2026a,ALL_SITE_BASIC_LOSS_AUDIT_NOT_PAPER_RESULT; Gt=Gr=0dBi; g=h; no separate P2108; site-level propagation only; no direct antenna gain included
0,NRCAN_GATINEAU_REFERENCE,SITE_PROP_E3_SITE_06,P452_p0.1_coast200_H,8.15,1,2.53754435767566e-15,1,0,none_documented,ITU-R P.452-18 reference v18.0 commit 86f8026ce39635fa2b599e50d6d01fe5b0d6bbfe; MATLAB 2026a,ALL_SITE_BASIC_LOSS_AUDIT_NOT_PAPER_RESULT; Gt=Gr=0dBi; g=h; no separate P2108; site-level propagation only; no direct antenna gain included
0,NRCAN_GATINEAU_REFERENCE,SITE_PROP_E3_SITE_06,P452_p0.01_coast200_H,8.15,1,2.98976411239727e-15,1,0,none_documented,ITU-R P.452-18 reference v18.0 commit 86f8026ce39635fa2b599e50d6d01fe5b0d6bbfe; MATLAB 2026a,ALL_SITE_BASIC_LOSS_AUDIT_NOT_PAPER_RESULT; Gt=Gr=0dBi; g=h; no separate P2108; site-level propagation only; no direct antenna gain included
0,NRCAN_GATINEAU_REFERENCE,SITE_PROP_E3_SITE_06,P452_p0.005_coast200_H,8.15,1,3.15200867581242e-15,1,0,none_documented,ITU-R P.452-18 reference v18.0 commit 86f8026ce39635fa2b599e50d6d01fe5b0d6bbfe; MATLAB 2026a,ALL_SITE_BASIC_LOSS_AUDIT_NOT_PAPER_RESULT; Gt=Gr=0dBi; g=h; no separate P2108; site-level propagation only; no direct antenna gain included
0,NRCAN_GATINEAU_REFERENCE,SITE_PROP_E3_SITE_06,P452_p50_coast200_V,8.15,1,1.5381929575317e-15,1,0,none_documented,ITU-R P.452-18 reference v18.0 commit 86f8026ce39635fa2b599e50d6d01fe5b0d6bbfe; MATLAB 2026a,ALL_SITE_BASIC_LOSS_AUDIT_NOT_PAPER_RESULT; Gt=Gr=0dBi; g=h; no separate P2108; site-level propagation only; no direct antenna gain included
0,NRCAN_GATINEAU_REFERENCE,SITE_PROP_E3_SITE_06,P452_p20_coast200_V,8.15,1,1.64731353197561e-15,1,0,none_documented,ITU-R P.452-18 reference v18.0 commit 86f8026ce39635fa2b599e50d6d01fe5b0d6bbfe; MATLAB 2026a,ALL_SITE_BASIC_LOSS_AUDIT_NOT_PAPER_RESULT; Gt=Gr=0dBi; g=h; no separate P2108; site-level propagation only; no direct antenna gain included
0,NRCAN_GATINEAU_REFERENCE,SITE_PROP_E3_SITE_06,P452_p10_coast200_V,8.15,1,1.73067787034463e-15,1,0,none_documented,ITU-R P.452-18 reference v18.0 commit 86f8026ce39635fa2b599e50d6d01fe5b0d6bbfe; MATLAB 2026a,ALL_SITE_BASIC_LOSS_AUDIT_NOT_PAPER_RESULT; Gt=Gr=0dBi; g=h; no separate P2108; site-level propagation only; no direct antenna gain included
0,NRCAN_GATINEAU_REFERENCE,SITE_PROP_E3_SITE_06,P452_p1_coast200_V,8.15,1,2.12737376971358e-15,1,0,none_documented,ITU-R P.452-18 reference v18.0 commit 86f8026ce39635fa2b599e50d6d01fe5b0d6bbfe; MATLAB 2026a,ALL_SITE_BASIC_LOSS_AUDIT_NOT_PAPER_RESULT; Gt=Gr=0dBi; g=h; no separate P2108; site-level propagation only; no direct antenna gain included
0,NRCAN_GATINEAU_REFERENCE,SITE_PROP_E3_SITE_06,P452_p0.1_coast200_V,8.15,1,2.53754435767566e-15,1,0,none_documented,ITU-R P.452-18 reference v18.0 commit 86f8026ce39635fa2b599e50d6d01fe5b0d6bbfe; MATLAB 2026a,ALL_SITE_BASIC_LOSS_AUDIT_NOT_PAPER_RESULT; Gt=Gr=0dBi; g=h; no separate P2108; site-level propagation only; no direct antenna gain included
0,NRCAN_GATINEAU_REFERENCE,SITE_PROP_E3_SITE_06,P452_p0.01_coast200_V,8.15,1,2.98976411239727e-15,1,0,none_documented,ITU-R P.452-18 reference v18.0 commit 86f8026ce39635fa2b599e50d6d01fe5b0d6bbfe; MATLAB 2026a,ALL_SITE_BASIC_LOSS_AUDIT_NOT_PAPER_RESULT; Gt=Gr=0dBi; g=h; no separate P2108; site-level propagation only; no direct antenna gain included
0,NRCAN_GATINEAU_REFERENCE,SITE_PROP_E3_SITE_06,P452_p0.005_coast200_V,8.15,1,3.15200867581242e-15,1,0,none_documented,ITU-R P.452-18 reference v18.0 commit 86f8026ce39635fa2b599e50d6d01fe5b0d6bbfe; MATLAB 2026a,ALL_SITE_BASIC_LOSS_AUDIT_NOT_PAPER_RESULT; Gt=Gr=0dBi; g=h; no separate P2108; site-level propagation only; no direct antenna gain included
0,NRCAN_GATINEAU_REFERENCE,SITE_PROP_E3_SITE_07,P452_p50_coast5_H,8.15,1,1.37272630494064e-12,1,0,none_documented,ITU-R P.452-18 reference v18.0 commit 86f8026ce39635fa2b599e50d6d01fe5b0d6bbfe; MATLAB 2026a,ALL_SITE_BASIC_LOSS_AUDIT_NOT_PAPER_RESULT; Gt=Gr=0dBi; g=h; no separate P2108; site-level propagation only; no direct antenna gain included
0,NRCAN_GATINEAU_REFERENCE,SITE_PROP_E3_SITE_07,P452_p20_coast5_H,8.15,1,1.46017126212802e-12,1,0,none_documented,ITU-R P.452-18 reference v18.0 commit 86f8026ce39635fa2b599e50d6d01fe5b0d6bbfe; MATLAB 2026a,ALL_SITE_BASIC_LOSS_AUDIT_NOT_PAPER_RESULT; Gt=Gr=0dBi; g=h; no separate P2108; site-level propagation only; no direct antenna gain included
0,NRCAN_GATINEAU_REFERENCE,SITE_PROP_E3_SITE_07,P452_p10_coast5_H,8.15,1,1.50812254936965e-12,1,0,none_documented,ITU-R P.452-18 reference v18.0 commit 86f8026ce39635fa2b599e50d6d01fe5b0d6bbfe; MATLAB 2026a,ALL_SITE_BASIC_LOSS_AUDIT_NOT_PAPER_RESULT; Gt=Gr=0dBi; g=h; no separate P2108; site-level propagation only; no direct antenna gain included
0,NRCAN_GATINEAU_REFERENCE,SITE_PROP_E3_SITE_07,P452_p1_coast5_H,8.15,1,1.71907480493554e-12,1,0,none_documented,ITU-R P.452-18 reference v18.0 commit 86f8026ce39635fa2b599e50d6d01fe5b0d6bbfe; MATLAB 2026a,ALL_SITE_BASIC_LOSS_AUDIT_NOT_PAPER_RESULT; Gt=Gr=0dBi; g=h; no separate P2108; site-level propagation only; no direct antenna gain included
0,NRCAN_GATINEAU_REFERENCE,SITE_PROP_E3_SITE_07,P452_p0.1_coast5_H,8.15,1,1.96248611809986e-12,1,0,none_documented,ITU-R P.452-18 reference v18.0 commit 86f8026ce39635fa2b599e50d6d01fe5b0d6bbfe; MATLAB 2026a,ALL_SITE_BASIC_LOSS_AUDIT_NOT_PAPER_RESULT; Gt=Gr=0dBi; g=h; no separate P2108; site-level propagation only; no direct antenna gain included
0,NRCAN_GATINEAU_REFERENCE,SITE_PROP_E3_SITE_07,P452_p0.01_coast5_H,8.15,1,2.24036381848204e-12,1,0,none_documented,ITU-R P.452-18 reference v18.0 commit 86f8026ce39635fa2b599e50d6d01fe5b0d6bbfe; MATLAB 2026a,ALL_SITE_BASIC_LOSS_AUDIT_NOT_PAPER_RESULT; Gt=Gr=0dBi; g=h; no separate P2108; site-level propagation only; no direct antenna gain included
0,NRCAN_GATINEAU_REFERENCE,SITE_PROP_E3_SITE_07,P452_p0.005_coast5_H,8.15,1,2.33147879223506e-12,1,0,none_documented,ITU-R P.452-18 reference v18.0 commit 86f8026ce39635fa2b599e50d6d01fe5b0d6bbfe; MATLAB 2026a,ALL_SITE_BASIC_LOSS_AUDIT_NOT_PAPER_RESULT; Gt=Gr=0dBi; g=h; no separate P2108; site-level propagation only; no direct antenna gain included
0,NRCAN_GATINEAU_REFERENCE,SITE_PROP_E3_SITE_07,P452_p50_coast5_V,8.15,1,1.37272630494064e-12,1,0,none_documented,ITU-R P.452-18 reference v18.0 commit 86f8026ce39635fa2b599e50d6d01fe5b0d6bbfe; MATLAB 2026a,ALL_SITE_BASIC_LOSS_AUDIT_NOT_PAPER_RESULT; Gt=Gr=0dBi; g=h; no separate P2108; site-level propagation only; no direct antenna gain included
0,NRCAN_GATINEAU_REFERENCE,SITE_PROP_E3_SITE_07,P452_p20_coast5_V,8.15,1,1.46017126212802e-12,1,0,none_documented,ITU-R P.452-18 reference v18.0 commit 86f8026ce39635fa2b599e50d6d01fe5b0d6bbfe; MATLAB 2026a,ALL_SITE_BASIC_LOSS_AUDIT_NOT_PAPER_RESULT; Gt=Gr=0dBi; g=h; no separate P2108; site-level propagation only; no direct antenna gain included
0,NRCAN_GATINEAU_REFERENCE,SITE_PROP_E3_SITE_07,P452_p10_coast5_V,8.15,1,1.50812254936965e-12,1,0,none_documented,ITU-R P.452-18 reference v18.0 commit 86f8026ce39635fa2b599e50d6d01fe5b0d6bbfe; MATLAB 2026a,ALL_SITE_BASIC_LOSS_AUDIT_NOT_PAPER_RESULT; Gt=Gr=0dBi; g=h; no separate P2108; site-level propagation only; no direct antenna gain included
0,NRCAN_GATINEAU_REFERENCE,SITE_PROP_E3_SITE_07,P452_p1_coast5_V,8.15,1,1.71907480493554e-12,1,0,none_documented,ITU-R P.452-18 reference v18.0 commit 86f8026ce39635fa2b599e50d6d01fe5b0d6bbfe; MATLAB 2026a,ALL_SITE_BASIC_LOSS_AUDIT_NOT_PAPER_RESULT; Gt=Gr=0dBi; g=h; no separate P2108; site-level propagation only; no direct antenna gain included
0,NRCAN_GATINEAU_REFERENCE,SITE_PROP_E3_SITE_07,P452_p0.1_coast5_V,8.15,1,1.96248611809986e-12,1,0,none_documented,ITU-R P.452-18 reference v18.0 commit 86f8026ce39635fa2b599e50d6d01fe5b0d6bbfe; MATLAB 2026a,ALL_SITE_BASIC_LOSS_AUDIT_NOT_PAPER_RESULT; Gt=Gr=0dBi; g=h; no separate P2108; site-level propagation only; no direct antenna gain included
0,NRCAN_GATINEAU_REFERENCE,SITE_PROP_E3_SITE_07,P452_p0.01_coast5_V,8.15,1,2.24036381848204e-12,1,0,none_documented,ITU-R P.452-18 reference v18.0 commit 86f8026ce39635fa2b599e50d6d01fe5b0d6bbfe; MATLAB 2026a,ALL_SITE_BASIC_LOSS_AUDIT_NOT_PAPER_RESULT; Gt=Gr=0dBi; g=h; no separate P2108; site-level propagation only; no direct antenna gain included
0,NRCAN_GATINEAU_REFERENCE,SITE_PROP_E3_SITE_07,P452_p0.005_coast5_V,8.15,1,2.33147879223506e-12,1,0,none_documented,ITU-R P.452-18 reference v18.0 commit 86f8026ce39635fa2b599e50d6d01fe5b0d6bbfe; MATLAB 2026a,ALL_SITE_BASIC_LOSS_AUDIT_NOT_PAPER_RESULT; Gt=Gr=0dBi; g=h; no separate P2108; site-level propagation only; no direct antenna gain included
0,NRCAN_GATINEAU_REFERENCE,SITE_PROP_E3_SITE_07,P452_p50_coast50_H,8.15,1,1.37272630494064e-12,1,0,none_documented,ITU-R P.452-18 reference v18.0 commit 86f8026ce39635fa2b599e50d6d01fe5b0d6bbfe; MATLAB 2026a,ALL_SITE_BASIC_LOSS_AUDIT_NOT_PAPER_RESULT; Gt=Gr=0dBi; g=h; no separate P2108; site-level propagation only; no direct antenna gain included
0,NRCAN_GATINEAU_REFERENCE,SITE_PROP_E3_SITE_07,P452_p20_coast50_H,8.15,1,1.46017126212802e-12,1,0,none_documented,ITU-R P.452-18 reference v18.0 commit 86f8026ce39635fa2b599e50d6d01fe5b0d6bbfe; MATLAB 2026a,ALL_SITE_BASIC_LOSS_AUDIT_NOT_PAPER_RESULT; Gt=Gr=0dBi; g=h; no separate P2108; site-level propagation only; no direct antenna gain included
0,NRCAN_GATINEAU_REFERENCE,SITE_PROP_E3_SITE_07,P452_p10_coast50_H,8.15,1,1.50812254936965e-12,1,0,none_documented,ITU-R P.452-18 reference v18.0 commit 86f8026ce39635fa2b599e50d6d01fe5b0d6bbfe; MATLAB 2026a,ALL_SITE_BASIC_LOSS_AUDIT_NOT_PAPER_RESULT; Gt=Gr=0dBi; g=h; no separate P2108; site-level propagation only; no direct antenna gain included
0,NRCAN_GATINEAU_REFERENCE,SITE_PROP_E3_SITE_07,P452_p1_coast50_H,8.15,1,1.71907480493554e-12,1,0,none_documented,ITU-R P.452-18 reference v18.0 commit 86f8026ce39635fa2b599e50d6d01fe5b0d6bbfe; MATLAB 2026a,ALL_SITE_BASIC_LOSS_AUDIT_NOT_PAPER_RESULT; Gt=Gr=0dBi; g=h; no separate P2108; site-level propagation only; no direct antenna gain included
0,NRCAN_GATINEAU_REFERENCE,SITE_PROP_E3_SITE_07,P452_p0.1_coast50_H,8.15,1,1.96248611809986e-12,1,0,none_documented,ITU-R P.452-18 reference v18.0 commit 86f8026ce39635fa2b599e50d6d01fe5b0d6bbfe; MATLAB 2026a,ALL_SITE_BASIC_LOSS_AUDIT_NOT_PAPER_RESULT; Gt=Gr=0dBi; g=h; no separate P2108; site-level propagation only; no direct antenna gain included
0,NRCAN_GATINEAU_REFERENCE,SITE_PROP_E3_SITE_07,P452_p0.01_coast50_H,8.15,1,2.24036381848204e-12,1,0,none_documented,ITU-R P.452-18 reference v18.0 commit 86f8026ce39635fa2b599e50d6d01fe5b0d6bbfe; MATLAB 2026a,ALL_SITE_BASIC_LOSS_AUDIT_NOT_PAPER_RESULT; Gt=Gr=0dBi; g=h; no separate P2108; site-level propagation only; no direct antenna gain included
0,NRCAN_GATINEAU_REFERENCE,SITE_PROP_E3_SITE_07,P452_p0.005_coast50_H,8.15,1,2.33147879223506e-12,1,0,none_documented,ITU-R P.452-18 reference v18.0 commit 86f8026ce39635fa2b599e50d6d01fe5b0d6bbfe; MATLAB 2026a,ALL_SITE_BASIC_LOSS_AUDIT_NOT_PAPER_RESULT; Gt=Gr=0dBi; g=h; no separate P2108; site-level propagation only; no direct antenna gain included
0,NRCAN_GATINEAU_REFERENCE,SITE_PROP_E3_SITE_07,P452_p50_coast50_V,8.15,1,1.37272630494064e-12,1,0,none_documented,ITU-R P.452-18 reference v18.0 commit 86f8026ce39635fa2b599e50d6d01fe5b0d6bbfe; MATLAB 2026a,ALL_SITE_BASIC_LOSS_AUDIT_NOT_PAPER_RESULT; Gt=Gr=0dBi; g=h; no separate P2108; site-level propagation only; no direct antenna gain included
0,NRCAN_GATINEAU_REFERENCE,SITE_PROP_E3_SITE_07,P452_p20_coast50_V,8.15,1,1.46017126212802e-12,1,0,none_documented,ITU-R P.452-18 reference v18.0 commit 86f8026ce39635fa2b599e50d6d01fe5b0d6bbfe; MATLAB 2026a,ALL_SITE_BASIC_LOSS_AUDIT_NOT_PAPER_RESULT; Gt=Gr=0dBi; g=h; no separate P2108; site-level propagation only; no direct antenna gain included
0,NRCAN_GATINEAU_REFERENCE,SITE_PROP_E3_SITE_07,P452_p10_coast50_V,8.15,1,1.50812254936965e-12,1,0,none_documented,ITU-R P.452-18 reference v18.0 commit 86f8026ce39635fa2b599e50d6d01fe5b0d6bbfe; MATLAB 2026a,ALL_SITE_BASIC_LOSS_AUDIT_NOT_PAPER_RESULT; Gt=Gr=0dBi; g=h; no separate P2108; site-level propagation only; no direct antenna gain included
0,NRCAN_GATINEAU_REFERENCE,SITE_PROP_E3_SITE_07,P452_p1_coast50_V,8.15,1,1.71907480493554e-12,1,0,none_documented,ITU-R P.452-18 reference v18.0 commit 86f8026ce39635fa2b599e50d6d01fe5b0d6bbfe; MATLAB 2026a,ALL_SITE_BASIC_LOSS_AUDIT_NOT_PAPER_RESULT; Gt=Gr=0dBi; g=h; no separate P2108; site-level propagation only; no direct antenna gain included
0,NRCAN_GATINEAU_REFERENCE,SITE_PROP_E3_SITE_07,P452_p0.1_coast50_V,8.15,1,1.96248611809986e-12,1,0,none_documented,ITU-R P.452-18 reference v18.0 commit 86f8026ce39635fa2b599e50d6d01fe5b0d6bbfe; MATLAB 2026a,ALL_SITE_BASIC_LOSS_AUDIT_NOT_PAPER_RESULT; Gt=Gr=0dBi; g=h; no separate P2108; site-level propagation only; no direct antenna gain included
0,NRCAN_GATINEAU_REFERENCE,SITE_PROP_E3_SITE_07,P452_p0.01_coast50_V,8.15,1,2.24036381848204e-12,1,0,none_documented,ITU-R P.452-18 reference v18.0 commit 86f8026ce39635fa2b599e50d6d01fe5b0d6bbfe; MATLAB 2026a,ALL_SITE_BASIC_LOSS_AUDIT_NOT_PAPER_RESULT; Gt=Gr=0dBi; g=h; no separate P2108; site-level propagation only; no direct antenna gain included
0,NRCAN_GATINEAU_REFERENCE,SITE_PROP_E3_SITE_07,P452_p0.005_coast50_V,8.15,1,2.33147879223506e-12,1,0,none_documented,ITU-R P.452-18 reference v18.0 commit 86f8026ce39635fa2b599e50d6d01fe5b0d6bbfe; MATLAB 2026a,ALL_SITE_BASIC_LOSS_AUDIT_NOT_PAPER_RESULT; Gt=Gr=0dBi; g=h; no separate P2108; site-level propagation only; no direct antenna gain included
0,NRCAN_GATINEAU_REFERENCE,SITE_PROP_E3_SITE_07,P452_p50_coast200_H,8.15,1,1.37272630494064e-12,1,0,none_documented,ITU-R P.452-18 reference v18.0 commit 86f8026ce39635fa2b599e50d6d01fe5b0d6bbfe; MATLAB 2026a,ALL_SITE_BASIC_LOSS_AUDIT_NOT_PAPER_RESULT; Gt=Gr=0dBi; g=h; no separate P2108; site-level propagation only; no direct antenna gain included
0,NRCAN_GATINEAU_REFERENCE,SITE_PROP_E3_SITE_07,P452_p20_coast200_H,8.15,1,1.46017126212802e-12,1,0,none_documented,ITU-R P.452-18 reference v18.0 commit 86f8026ce39635fa2b599e50d6d01fe5b0d6bbfe; MATLAB 2026a,ALL_SITE_BASIC_LOSS_AUDIT_NOT_PAPER_RESULT; Gt=Gr=0dBi; g=h; no separate P2108; site-level propagation only; no direct antenna gain included
0,NRCAN_GATINEAU_REFERENCE,SITE_PROP_E3_SITE_07,P452_p10_coast200_H,8.15,1,1.50812254936965e-12,1,0,none_documented,ITU-R P.452-18 reference v18.0 commit 86f8026ce39635fa2b599e50d6d01fe5b0d6bbfe; MATLAB 2026a,ALL_SITE_BASIC_LOSS_AUDIT_NOT_PAPER_RESULT; Gt=Gr=0dBi; g=h; no separate P2108; site-level propagation only; no direct antenna gain included
0,NRCAN_GATINEAU_REFERENCE,SITE_PROP_E3_SITE_07,P452_p1_coast200_H,8.15,1,1.71907480493554e-12,1,0,none_documented,ITU-R P.452-18 reference v18.0 commit 86f8026ce39635fa2b599e50d6d01fe5b0d6bbfe; MATLAB 2026a,ALL_SITE_BASIC_LOSS_AUDIT_NOT_PAPER_RESULT; Gt=Gr=0dBi; g=h; no separate P2108; site-level propagation only; no direct antenna gain included
0,NRCAN_GATINEAU_REFERENCE,SITE_PROP_E3_SITE_07,P452_p0.1_coast200_H,8.15,1,1.96248611809986e-12,1,0,none_documented,ITU-R P.452-18 reference v18.0 commit 86f8026ce39635fa2b599e50d6d01fe5b0d6bbfe; MATLAB 2026a,ALL_SITE_BASIC_LOSS_AUDIT_NOT_PAPER_RESULT; Gt=Gr=0dBi; g=h; no separate P2108; site-level propagation only; no direct antenna gain included
0,NRCAN_GATINEAU_REFERENCE,SITE_PROP_E3_SITE_07,P452_p0.01_coast200_H,8.15,1,2.24036381848204e-12,1,0,none_documented,ITU-R P.452-18 reference v18.0 commit 86f8026ce39635fa2b599e50d6d01fe5b0d6bbfe; MATLAB 2026a,ALL_SITE_BASIC_LOSS_AUDIT_NOT_PAPER_RESULT; Gt=Gr=0dBi; g=h; no separate P2108; site-level propagation only; no direct antenna gain included
0,NRCAN_GATINEAU_REFERENCE,SITE_PROP_E3_SITE_07,P452_p0.005_coast200_H,8.15,1,2.33147879223506e-12,1,0,none_documented,ITU-R P.452-18 reference v18.0 commit 86f8026ce39635fa2b599e50d6d01fe5b0d6bbfe; MATLAB 2026a,ALL_SITE_BASIC_LOSS_AUDIT_NOT_PAPER_RESULT; Gt=Gr=0dBi; g=h; no separate P2108; site-level propagation only; no direct antenna gain included
0,NRCAN_GATINEAU_REFERENCE,SITE_PROP_E3_SITE_07,P452_p50_coast200_V,8.15,1,1.37272630494064e-12,1,0,none_documented,ITU-R P.452-18 reference v18.0 commit 86f8026ce39635fa2b599e50d6d01fe5b0d6bbfe; MATLAB 2026a,ALL_SITE_BASIC_LOSS_AUDIT_NOT_PAPER_RESULT; Gt=Gr=0dBi; g=h; no separate P2108; site-level propagation only; no direct antenna gain included
0,NRCAN_GATINEAU_REFERENCE,SITE_PROP_E3_SITE_07,P452_p20_coast200_V,8.15,1,1.46017126212802e-12,1,0,none_documented,ITU-R P.452-18 reference v18.0 commit 86f8026ce39635fa2b599e50d6d01fe5b0d6bbfe; MATLAB 2026a,ALL_SITE_BASIC_LOSS_AUDIT_NOT_PAPER_RESULT; Gt=Gr=0dBi; g=h; no separate P2108; site-level propagation only; no direct antenna gain included
0,NRCAN_GATINEAU_REFERENCE,SITE_PROP_E3_SITE_07,P452_p10_coast200_V,8.15,1,1.50812254936965e-12,1,0,none_documented,ITU-R P.452-18 reference v18.0 commit 86f8026ce39635fa2b599e50d6d01fe5b0d6bbfe; MATLAB 2026a,ALL_SITE_BASIC_LOSS_AUDIT_NOT_PAPER_RESULT; Gt=Gr=0dBi; g=h; no separate P2108; site-level propagation only; no direct antenna gain included
0,NRCAN_GATINEAU_REFERENCE,SITE_PROP_E3_SITE_07,P452_p1_coast200_V,8.15,1,1.71907480493554e-12,1,0,none_documented,ITU-R P.452-18 reference v18.0 commit 86f8026ce39635fa2b599e50d6d01fe5b0d6bbfe; MATLAB 2026a,ALL_SITE_BASIC_LOSS_AUDIT_NOT_PAPER_RESULT; Gt=Gr=0dBi; g=h; no separate P2108; site-level propagation only; no direct antenna gain included
0,NRCAN_GATINEAU_REFERENCE,SITE_PROP_E3_SITE_07,P452_p0.1_coast200_V,8.15,1,1.96248611809986e-12,1,0,none_documented,ITU-R P.452-18 reference v18.0 commit 86f8026ce39635fa2b599e50d6d01fe5b0d6bbfe; MATLAB 2026a,ALL_SITE_BASIC_LOSS_AUDIT_NOT_PAPER_RESULT; Gt=Gr=0dBi; g=h; no separate P2108; site-level propagation only; no direct antenna gain included
0,NRCAN_GATINEAU_REFERENCE,SITE_PROP_E3_SITE_07,P452_p0.01_coast200_V,8.15,1,2.24036381848204e-12,1,0,none_documented,ITU-R P.452-18 reference v18.0 commit 86f8026ce39635fa2b599e50d6d01fe5b0d6bbfe; MATLAB 2026a,ALL_SITE_BASIC_LOSS_AUDIT_NOT_PAPER_RESULT; Gt=Gr=0dBi; g=h; no separate P2108; site-level propagation only; no direct antenna gain included
0,NRCAN_GATINEAU_REFERENCE,SITE_PROP_E3_SITE_07,P452_p0.005_coast200_V,8.15,1,2.33147879223506e-12,1,0,none_documented,ITU-R P.452-18 reference v18.0 commit 86f8026ce39635fa2b599e50d6d01fe5b0d6bbfe; MATLAB 2026a,ALL_SITE_BASIC_LOSS_AUDIT_NOT_PAPER_RESULT; Gt=Gr=0dBi; g=h; no separate P2108; site-level propagation only; no direct antenna gain included
0,NRCAN_GATINEAU_REFERENCE,SITE_PROP_E3_SITE_08,P452_p50_coast5_H,8.15,1,7.57637086084717e-17,1,0,none_documented,ITU-R P.452-18 reference v18.0 commit 86f8026ce39635fa2b599e50d6d01fe5b0d6bbfe; MATLAB 2026a,ALL_SITE_BASIC_LOSS_AUDIT_NOT_PAPER_RESULT; Gt=Gr=0dBi; g=h; no separate P2108; site-level propagation only; no direct antenna gain included
0,NRCAN_GATINEAU_REFERENCE,SITE_PROP_E3_SITE_08,P452_p20_coast5_H,8.15,1,8.23161786325808e-17,1,0,none_documented,ITU-R P.452-18 reference v18.0 commit 86f8026ce39635fa2b599e50d6d01fe5b0d6bbfe; MATLAB 2026a,ALL_SITE_BASIC_LOSS_AUDIT_NOT_PAPER_RESULT; Gt=Gr=0dBi; g=h; no separate P2108; site-level propagation only; no direct antenna gain included
0,NRCAN_GATINEAU_REFERENCE,SITE_PROP_E3_SITE_08,P452_p10_coast5_H,8.15,1,8.75568234865736e-17,1,0,none_documented,ITU-R P.452-18 reference v18.0 commit 86f8026ce39635fa2b599e50d6d01fe5b0d6bbfe; MATLAB 2026a,ALL_SITE_BASIC_LOSS_AUDIT_NOT_PAPER_RESULT; Gt=Gr=0dBi; g=h; no separate P2108; site-level propagation only; no direct antenna gain included
0,NRCAN_GATINEAU_REFERENCE,SITE_PROP_E3_SITE_08,P452_p1_coast5_H,8.15,1,1.06702853680263e-16,1,0,none_documented,ITU-R P.452-18 reference v18.0 commit 86f8026ce39635fa2b599e50d6d01fe5b0d6bbfe; MATLAB 2026a,ALL_SITE_BASIC_LOSS_AUDIT_NOT_PAPER_RESULT; Gt=Gr=0dBi; g=h; no separate P2108; site-level propagation only; no direct antenna gain included
0,NRCAN_GATINEAU_REFERENCE,SITE_PROP_E3_SITE_08,P452_p0.1_coast5_H,8.15,1,1.29992464202756e-16,1,0,none_documented,ITU-R P.452-18 reference v18.0 commit 86f8026ce39635fa2b599e50d6d01fe5b0d6bbfe; MATLAB 2026a,ALL_SITE_BASIC_LOSS_AUDIT_NOT_PAPER_RESULT; Gt=Gr=0dBi; g=h; no separate P2108; site-level propagation only; no direct antenna gain included
0,NRCAN_GATINEAU_REFERENCE,SITE_PROP_E3_SITE_08,P452_p0.01_coast5_H,8.15,1,1.58415792464335e-16,1,0,none_documented,ITU-R P.452-18 reference v18.0 commit 86f8026ce39635fa2b599e50d6d01fe5b0d6bbfe; MATLAB 2026a,ALL_SITE_BASIC_LOSS_AUDIT_NOT_PAPER_RESULT; Gt=Gr=0dBi; g=h; no separate P2108; site-level propagation only; no direct antenna gain included
0,NRCAN_GATINEAU_REFERENCE,SITE_PROP_E3_SITE_08,P452_p0.005_coast5_H,8.15,1,1.68165807526918e-16,1,0,none_documented,ITU-R P.452-18 reference v18.0 commit 86f8026ce39635fa2b599e50d6d01fe5b0d6bbfe; MATLAB 2026a,ALL_SITE_BASIC_LOSS_AUDIT_NOT_PAPER_RESULT; Gt=Gr=0dBi; g=h; no separate P2108; site-level propagation only; no direct antenna gain included
0,NRCAN_GATINEAU_REFERENCE,SITE_PROP_E3_SITE_08,P452_p50_coast5_V,8.15,1,7.57637086084717e-17,1,0,none_documented,ITU-R P.452-18 reference v18.0 commit 86f8026ce39635fa2b599e50d6d01fe5b0d6bbfe; MATLAB 2026a,ALL_SITE_BASIC_LOSS_AUDIT_NOT_PAPER_RESULT; Gt=Gr=0dBi; g=h; no separate P2108; site-level propagation only; no direct antenna gain included
0,NRCAN_GATINEAU_REFERENCE,SITE_PROP_E3_SITE_08,P452_p20_coast5_V,8.15,1,8.23161786325808e-17,1,0,none_documented,ITU-R P.452-18 reference v18.0 commit 86f8026ce39635fa2b599e50d6d01fe5b0d6bbfe; MATLAB 2026a,ALL_SITE_BASIC_LOSS_AUDIT_NOT_PAPER_RESULT; Gt=Gr=0dBi; g=h; no separate P2108; site-level propagation only; no direct antenna gain included
0,NRCAN_GATINEAU_REFERENCE,SITE_PROP_E3_SITE_08,P452_p10_coast5_V,8.15,1,8.75568234865736e-17,1,0,none_documented,ITU-R P.452-18 reference v18.0 commit 86f8026ce39635fa2b599e50d6d01fe5b0d6bbfe; MATLAB 2026a,ALL_SITE_BASIC_LOSS_AUDIT_NOT_PAPER_RESULT; Gt=Gr=0dBi; g=h; no separate P2108; site-level propagation only; no direct antenna gain included
0,NRCAN_GATINEAU_REFERENCE,SITE_PROP_E3_SITE_08,P452_p1_coast5_V,8.15,1,1.06702853680263e-16,1,0,none_documented,ITU-R P.452-18 reference v18.0 commit 86f8026ce39635fa2b599e50d6d01fe5b0d6bbfe; MATLAB 2026a,ALL_SITE_BASIC_LOSS_AUDIT_NOT_PAPER_RESULT; Gt=Gr=0dBi; g=h; no separate P2108; site-level propagation only; no direct antenna gain included
0,NRCAN_GATINEAU_REFERENCE,SITE_PROP_E3_SITE_08,P452_p0.1_coast5_V,8.15,1,1.29992464202756e-16,1,0,none_documented,ITU-R P.452-18 reference v18.0 commit 86f8026ce39635fa2b599e50d6d01fe5b0d6bbfe; MATLAB 2026a,ALL_SITE_BASIC_LOSS_AUDIT_NOT_PAPER_RESULT; Gt=Gr=0dBi; g=h; no separate P2108; site-level propagation only; no direct antenna gain included
0,NRCAN_GATINEAU_REFERENCE,SITE_PROP_E3_SITE_08,P452_p0.01_coast5_V,8.15,1,1.58415792464335e-16,1,0,none_documented,ITU-R P.452-18 reference v18.0 commit 86f8026ce39635fa2b599e50d6d01fe5b0d6bbfe; MATLAB 2026a,ALL_SITE_BASIC_LOSS_AUDIT_NOT_PAPER_RESULT; Gt=Gr=0dBi; g=h; no separate P2108; site-level propagation only; no direct antenna gain included
0,NRCAN_GATINEAU_REFERENCE,SITE_PROP_E3_SITE_08,P452_p0.005_coast5_V,8.15,1,1.68165807526918e-16,1,0,none_documented,ITU-R P.452-18 reference v18.0 commit 86f8026ce39635fa2b599e50d6d01fe5b0d6bbfe; MATLAB 2026a,ALL_SITE_BASIC_LOSS_AUDIT_NOT_PAPER_RESULT; Gt=Gr=0dBi; g=h; no separate P2108; site-level propagation only; no direct antenna gain included
0,NRCAN_GATINEAU_REFERENCE,SITE_PROP_E3_SITE_08,P452_p50_coast50_H,8.15,1,7.57637086084717e-17,1,0,none_documented,ITU-R P.452-18 reference v18.0 commit 86f8026ce39635fa2b599e50d6d01fe5b0d6bbfe; MATLAB 2026a,ALL_SITE_BASIC_LOSS_AUDIT_NOT_PAPER_RESULT; Gt=Gr=0dBi; g=h; no separate P2108; site-level propagation only; no direct antenna gain included
0,NRCAN_GATINEAU_REFERENCE,SITE_PROP_E3_SITE_08,P452_p20_coast50_H,8.15,1,8.23161786325808e-17,1,0,none_documented,ITU-R P.452-18 reference v18.0 commit 86f8026ce39635fa2b599e50d6d01fe5b0d6bbfe; MATLAB 2026a,ALL_SITE_BASIC_LOSS_AUDIT_NOT_PAPER_RESULT; Gt=Gr=0dBi; g=h; no separate P2108; site-level propagation only; no direct antenna gain included
0,NRCAN_GATINEAU_REFERENCE,SITE_PROP_E3_SITE_08,P452_p10_coast50_H,8.15,1,8.75568234865736e-17,1,0,none_documented,ITU-R P.452-18 reference v18.0 commit 86f8026ce39635fa2b599e50d6d01fe5b0d6bbfe; MATLAB 2026a,ALL_SITE_BASIC_LOSS_AUDIT_NOT_PAPER_RESULT; Gt=Gr=0dBi; g=h; no separate P2108; site-level propagation only; no direct antenna gain included
0,NRCAN_GATINEAU_REFERENCE,SITE_PROP_E3_SITE_08,P452_p1_coast50_H,8.15,1,1.06702853680263e-16,1,0,none_documented,ITU-R P.452-18 reference v18.0 commit 86f8026ce39635fa2b599e50d6d01fe5b0d6bbfe; MATLAB 2026a,ALL_SITE_BASIC_LOSS_AUDIT_NOT_PAPER_RESULT; Gt=Gr=0dBi; g=h; no separate P2108; site-level propagation only; no direct antenna gain included
0,NRCAN_GATINEAU_REFERENCE,SITE_PROP_E3_SITE_08,P452_p0.1_coast50_H,8.15,1,1.29992464202756e-16,1,0,none_documented,ITU-R P.452-18 reference v18.0 commit 86f8026ce39635fa2b599e50d6d01fe5b0d6bbfe; MATLAB 2026a,ALL_SITE_BASIC_LOSS_AUDIT_NOT_PAPER_RESULT; Gt=Gr=0dBi; g=h; no separate P2108; site-level propagation only; no direct antenna gain included
0,NRCAN_GATINEAU_REFERENCE,SITE_PROP_E3_SITE_08,P452_p0.01_coast50_H,8.15,1,1.58415792464335e-16,1,0,none_documented,ITU-R P.452-18 reference v18.0 commit 86f8026ce39635fa2b599e50d6d01fe5b0d6bbfe; MATLAB 2026a,ALL_SITE_BASIC_LOSS_AUDIT_NOT_PAPER_RESULT; Gt=Gr=0dBi; g=h; no separate P2108; site-level propagation only; no direct antenna gain included
0,NRCAN_GATINEAU_REFERENCE,SITE_PROP_E3_SITE_08,P452_p0.005_coast50_H,8.15,1,1.68165807526918e-16,1,0,none_documented,ITU-R P.452-18 reference v18.0 commit 86f8026ce39635fa2b599e50d6d01fe5b0d6bbfe; MATLAB 2026a,ALL_SITE_BASIC_LOSS_AUDIT_NOT_PAPER_RESULT; Gt=Gr=0dBi; g=h; no separate P2108; site-level propagation only; no direct antenna gain included
0,NRCAN_GATINEAU_REFERENCE,SITE_PROP_E3_SITE_08,P452_p50_coast50_V,8.15,1,7.57637086084717e-17,1,0,none_documented,ITU-R P.452-18 reference v18.0 commit 86f8026ce39635fa2b599e50d6d01fe5b0d6bbfe; MATLAB 2026a,ALL_SITE_BASIC_LOSS_AUDIT_NOT_PAPER_RESULT; Gt=Gr=0dBi; g=h; no separate P2108; site-level propagation only; no direct antenna gain included
0,NRCAN_GATINEAU_REFERENCE,SITE_PROP_E3_SITE_08,P452_p20_coast50_V,8.15,1,8.23161786325808e-17,1,0,none_documented,ITU-R P.452-18 reference v18.0 commit 86f8026ce39635fa2b599e50d6d01fe5b0d6bbfe; MATLAB 2026a,ALL_SITE_BASIC_LOSS_AUDIT_NOT_PAPER_RESULT; Gt=Gr=0dBi; g=h; no separate P2108; site-level propagation only; no direct antenna gain included
0,NRCAN_GATINEAU_REFERENCE,SITE_PROP_E3_SITE_08,P452_p10_coast50_V,8.15,1,8.75568234865736e-17,1,0,none_documented,ITU-R P.452-18 reference v18.0 commit 86f8026ce39635fa2b599e50d6d01fe5b0d6bbfe; MATLAB 2026a,ALL_SITE_BASIC_LOSS_AUDIT_NOT_PAPER_RESULT; Gt=Gr=0dBi; g=h; no separate P2108; site-level propagation only; no direct antenna gain included
0,NRCAN_GATINEAU_REFERENCE,SITE_PROP_E3_SITE_08,P452_p1_coast50_V,8.15,1,1.06702853680263e-16,1,0,none_documented,ITU-R P.452-18 reference v18.0 commit 86f8026ce39635fa2b599e50d6d01fe5b0d6bbfe; MATLAB 2026a,ALL_SITE_BASIC_LOSS_AUDIT_NOT_PAPER_RESULT; Gt=Gr=0dBi; g=h; no separate P2108; site-level propagation only; no direct antenna gain included
0,NRCAN_GATINEAU_REFERENCE,SITE_PROP_E3_SITE_08,P452_p0.1_coast50_V,8.15,1,1.29992464202756e-16,1,0,none_documented,ITU-R P.452-18 reference v18.0 commit 86f8026ce39635fa2b599e50d6d01fe5b0d6bbfe; MATLAB 2026a,ALL_SITE_BASIC_LOSS_AUDIT_NOT_PAPER_RESULT; Gt=Gr=0dBi; g=h; no separate P2108; site-level propagation only; no direct antenna gain included
0,NRCAN_GATINEAU_REFERENCE,SITE_PROP_E3_SITE_08,P452_p0.01_coast50_V,8.15,1,1.58415792464335e-16,1,0,none_documented,ITU-R P.452-18 reference v18.0 commit 86f8026ce39635fa2b599e50d6d01fe5b0d6bbfe; MATLAB 2026a,ALL_SITE_BASIC_LOSS_AUDIT_NOT_PAPER_RESULT; Gt=Gr=0dBi; g=h; no separate P2108; site-level propagation only; no direct antenna gain included
0,NRCAN_GATINEAU_REFERENCE,SITE_PROP_E3_SITE_08,P452_p0.005_coast50_V,8.15,1,1.68165807526918e-16,1,0,none_documented,ITU-R P.452-18 reference v18.0 commit 86f8026ce39635fa2b599e50d6d01fe5b0d6bbfe; MATLAB 2026a,ALL_SITE_BASIC_LOSS_AUDIT_NOT_PAPER_RESULT; Gt=Gr=0dBi; g=h; no separate P2108; site-level propagation only; no direct antenna gain included
0,NRCAN_GATINEAU_REFERENCE,SITE_PROP_E3_SITE_08,P452_p50_coast200_H,8.15,1,7.57637086084717e-17,1,0,none_documented,ITU-R P.452-18 reference v18.0 commit 86f8026ce39635fa2b599e50d6d01fe5b0d6bbfe; MATLAB 2026a,ALL_SITE_BASIC_LOSS_AUDIT_NOT_PAPER_RESULT; Gt=Gr=0dBi; g=h; no separate P2108; site-level propagation only; no direct antenna gain included
0,NRCAN_GATINEAU_REFERENCE,SITE_PROP_E3_SITE_08,P452_p20_coast200_H,8.15,1,8.23161786325808e-17,1,0,none_documented,ITU-R P.452-18 reference v18.0 commit 86f8026ce39635fa2b599e50d6d01fe5b0d6bbfe; MATLAB 2026a,ALL_SITE_BASIC_LOSS_AUDIT_NOT_PAPER_RESULT; Gt=Gr=0dBi; g=h; no separate P2108; site-level propagation only; no direct antenna gain included
0,NRCAN_GATINEAU_REFERENCE,SITE_PROP_E3_SITE_08,P452_p10_coast200_H,8.15,1,8.75568234865736e-17,1,0,none_documented,ITU-R P.452-18 reference v18.0 commit 86f8026ce39635fa2b599e50d6d01fe5b0d6bbfe; MATLAB 2026a,ALL_SITE_BASIC_LOSS_AUDIT_NOT_PAPER_RESULT; Gt=Gr=0dBi; g=h; no separate P2108; site-level propagation only; no direct antenna gain included
0,NRCAN_GATINEAU_REFERENCE,SITE_PROP_E3_SITE_08,P452_p1_coast200_H,8.15,1,1.06702853680263e-16,1,0,none_documented,ITU-R P.452-18 reference v18.0 commit 86f8026ce39635fa2b599e50d6d01fe5b0d6bbfe; MATLAB 2026a,ALL_SITE_BASIC_LOSS_AUDIT_NOT_PAPER_RESULT; Gt=Gr=0dBi; g=h; no separate P2108; site-level propagation only; no direct antenna gain included
0,NRCAN_GATINEAU_REFERENCE,SITE_PROP_E3_SITE_08,P452_p0.1_coast200_H,8.15,1,1.29992464202756e-16,1,0,none_documented,ITU-R P.452-18 reference v18.0 commit 86f8026ce39635fa2b599e50d6d01fe5b0d6bbfe; MATLAB 2026a,ALL_SITE_BASIC_LOSS_AUDIT_NOT_PAPER_RESULT; Gt=Gr=0dBi; g=h; no separate P2108; site-level propagation only; no direct antenna gain included
0,NRCAN_GATINEAU_REFERENCE,SITE_PROP_E3_SITE_08,P452_p0.01_coast200_H,8.15,1,1.58415792464335e-16,1,0,none_documented,ITU-R P.452-18 reference v18.0 commit 86f8026ce39635fa2b599e50d6d01fe5b0d6bbfe; MATLAB 2026a,ALL_SITE_BASIC_LOSS_AUDIT_NOT_PAPER_RESULT; Gt=Gr=0dBi; g=h; no separate P2108; site-level propagation only; no direct antenna gain included
0,NRCAN_GATINEAU_REFERENCE,SITE_PROP_E3_SITE_08,P452_p0.005_coast200_H,8.15,1,1.68165807526918e-16,1,0,none_documented,ITU-R P.452-18 reference v18.0 commit 86f8026ce39635fa2b599e50d6d01fe5b0d6bbfe; MATLAB 2026a,ALL_SITE_BASIC_LOSS_AUDIT_NOT_PAPER_RESULT; Gt=Gr=0dBi; g=h; no separate P2108; site-level propagation only; no direct antenna gain included
0,NRCAN_GATINEAU_REFERENCE,SITE_PROP_E3_SITE_08,P452_p50_coast200_V,8.15,1,7.57637086084717e-17,1,0,none_documented,ITU-R P.452-18 reference v18.0 commit 86f8026ce39635fa2b599e50d6d01fe5b0d6bbfe; MATLAB 2026a,ALL_SITE_BASIC_LOSS_AUDIT_NOT_PAPER_RESULT; Gt=Gr=0dBi; g=h; no separate P2108; site-level propagation only; no direct antenna gain included
0,NRCAN_GATINEAU_REFERENCE,SITE_PROP_E3_SITE_08,P452_p20_coast200_V,8.15,1,8.23161786325808e-17,1,0,none_documented,ITU-R P.452-18 reference v18.0 commit 86f8026ce39635fa2b599e50d6d01fe5b0d6bbfe; MATLAB 2026a,ALL_SITE_BASIC_LOSS_AUDIT_NOT_PAPER_RESULT; Gt=Gr=0dBi; g=h; no separate P2108; site-level propagation only; no direct antenna gain included
0,NRCAN_GATINEAU_REFERENCE,SITE_PROP_E3_SITE_08,P452_p10_coast200_V,8.15,1,8.75568234865736e-17,1,0,none_documented,ITU-R P.452-18 reference v18.0 commit 86f8026ce39635fa2b599e50d6d01fe5b0d6bbfe; MATLAB 2026a,ALL_SITE_BASIC_LOSS_AUDIT_NOT_PAPER_RESULT; Gt=Gr=0dBi; g=h; no separate P2108; site-level propagation only; no direct antenna gain included
0,NRCAN_GATINEAU_REFERENCE,SITE_PROP_E3_SITE_08,P452_p1_coast200_V,8.15,1,1.06702853680263e-16,1,0,none_documented,ITU-R P.452-18 reference v18.0 commit 86f8026ce39635fa2b599e50d6d01fe5b0d6bbfe; MATLAB 2026a,ALL_SITE_BASIC_LOSS_AUDIT_NOT_PAPER_RESULT; Gt=Gr=0dBi; g=h; no separate P2108; site-level propagation only; no direct antenna gain included
0,NRCAN_GATINEAU_REFERENCE,SITE_PROP_E3_SITE_08,P452_p0.1_coast200_V,8.15,1,1.29992464202756e-16,1,0,none_documented,ITU-R P.452-18 reference v18.0 commit 86f8026ce39635fa2b599e50d6d01fe5b0d6bbfe; MATLAB 2026a,ALL_SITE_BASIC_LOSS_AUDIT_NOT_PAPER_RESULT; Gt=Gr=0dBi; g=h; no separate P2108; site-level propagation only; no direct antenna gain included
0,NRCAN_GATINEAU_REFERENCE,SITE_PROP_E3_SITE_08,P452_p0.01_coast200_V,8.15,1,1.58415792464335e-16,1,0,none_documented,ITU-R P.452-18 reference v18.0 commit 86f8026ce39635fa2b599e50d6d01fe5b0d6bbfe; MATLAB 2026a,ALL_SITE_BASIC_LOSS_AUDIT_NOT_PAPER_RESULT; Gt=Gr=0dBi; g=h; no separate P2108; site-level propagation only; no direct antenna gain included
0,NRCAN_GATINEAU_REFERENCE,SITE_PROP_E3_SITE_08,P452_p0.005_coast200_V,8.15,1,1.68165807526918e-16,1,0,none_documented,ITU-R P.452-18 reference v18.0 commit 86f8026ce39635fa2b599e50d6d01fe5b0d6bbfe; MATLAB 2026a,ALL_SITE_BASIC_LOSS_AUDIT_NOT_PAPER_RESULT; Gt=Gr=0dBi; g=h; no separate P2108; site-level propagation only; no direct antenna gain included
0,NRCAN_GATINEAU_REFERENCE,SITE_PROP_E3_SITE_09,P452_p50_coast5_H,8.15,1,6.15998592248427e-17,1,0,none_documented,ITU-R P.452-18 reference v18.0 commit 86f8026ce39635fa2b599e50d6d01fe5b0d6bbfe; MATLAB 2026a,ALL_SITE_BASIC_LOSS_AUDIT_NOT_PAPER_RESULT; Gt=Gr=0dBi; g=h; no separate P2108; site-level propagation only; no direct antenna gain included
0,NRCAN_GATINEAU_REFERENCE,SITE_PROP_E3_SITE_09,P452_p20_coast5_H,8.15,1,6.66377019481014e-17,1,0,none_documented,ITU-R P.452-18 reference v18.0 commit 86f8026ce39635fa2b599e50d6d01fe5b0d6bbfe; MATLAB 2026a,ALL_SITE_BASIC_LOSS_AUDIT_NOT_PAPER_RESULT; Gt=Gr=0dBi; g=h; no separate P2108; site-level propagation only; no direct antenna gain included
0,NRCAN_GATINEAU_REFERENCE,SITE_PROP_E3_SITE_09,P452_p10_coast5_H,8.15,1,7.06595610487568e-17,1,0,none_documented,ITU-R P.452-18 reference v18.0 commit 86f8026ce39635fa2b599e50d6d01fe5b0d6bbfe; MATLAB 2026a,ALL_SITE_BASIC_LOSS_AUDIT_NOT_PAPER_RESULT; Gt=Gr=0dBi; g=h; no separate P2108; site-level propagation only; no direct antenna gain included
0,NRCAN_GATINEAU_REFERENCE,SITE_PROP_E3_SITE_09,P452_p1_coast5_H,8.15,1,8.53209975333216e-17,1,0,none_documented,ITU-R P.452-18 reference v18.0 commit 86f8026ce39635fa2b599e50d6d01fe5b0d6bbfe; MATLAB 2026a,ALL_SITE_BASIC_LOSS_AUDIT_NOT_PAPER_RESULT; Gt=Gr=0dBi; g=h; no separate P2108; site-level propagation only; no direct antenna gain included
0,NRCAN_GATINEAU_REFERENCE,SITE_PROP_E3_SITE_09,P452_p0.1_coast5_H,8.15,1,1.02995885695513e-16,1,0,none_documented,ITU-R P.452-18 reference v18.0 commit 86f8026ce39635fa2b599e50d6d01fe5b0d6bbfe; MATLAB 2026a,ALL_SITE_BASIC_LOSS_AUDIT_NOT_PAPER_RESULT; Gt=Gr=0dBi; g=h; no separate P2108; site-level propagation only; no direct antenna gain included
0,NRCAN_GATINEAU_REFERENCE,SITE_PROP_E3_SITE_09,P452_p0.01_coast5_H,8.15,1,1.24355340823762e-16,1,0,none_documented,ITU-R P.452-18 reference v18.0 commit 86f8026ce39635fa2b599e50d6d01fe5b0d6bbfe; MATLAB 2026a,ALL_SITE_BASIC_LOSS_AUDIT_NOT_PAPER_RESULT; Gt=Gr=0dBi; g=h; no separate P2108; site-level propagation only; no direct antenna gain included
0,NRCAN_GATINEAU_REFERENCE,SITE_PROP_E3_SITE_09,P452_p0.005_coast5_H,8.15,1,1.31629530439169e-16,1,0,none_documented,ITU-R P.452-18 reference v18.0 commit 86f8026ce39635fa2b599e50d6d01fe5b0d6bbfe; MATLAB 2026a,ALL_SITE_BASIC_LOSS_AUDIT_NOT_PAPER_RESULT; Gt=Gr=0dBi; g=h; no separate P2108; site-level propagation only; no direct antenna gain included
0,NRCAN_GATINEAU_REFERENCE,SITE_PROP_E3_SITE_09,P452_p50_coast5_V,8.15,1,6.15998592248427e-17,1,0,none_documented,ITU-R P.452-18 reference v18.0 commit 86f8026ce39635fa2b599e50d6d01fe5b0d6bbfe; MATLAB 2026a,ALL_SITE_BASIC_LOSS_AUDIT_NOT_PAPER_RESULT; Gt=Gr=0dBi; g=h; no separate P2108; site-level propagation only; no direct antenna gain included
0,NRCAN_GATINEAU_REFERENCE,SITE_PROP_E3_SITE_09,P452_p20_coast5_V,8.15,1,6.66377019481014e-17,1,0,none_documented,ITU-R P.452-18 reference v18.0 commit 86f8026ce39635fa2b599e50d6d01fe5b0d6bbfe; MATLAB 2026a,ALL_SITE_BASIC_LOSS_AUDIT_NOT_PAPER_RESULT; Gt=Gr=0dBi; g=h; no separate P2108; site-level propagation only; no direct antenna gain included
0,NRCAN_GATINEAU_REFERENCE,SITE_PROP_E3_SITE_09,P452_p10_coast5_V,8.15,1,7.06595610487568e-17,1,0,none_documented,ITU-R P.452-18 reference v18.0 commit 86f8026ce39635fa2b599e50d6d01fe5b0d6bbfe; MATLAB 2026a,ALL_SITE_BASIC_LOSS_AUDIT_NOT_PAPER_RESULT; Gt=Gr=0dBi; g=h; no separate P2108; site-level propagation only; no direct antenna gain included
0,NRCAN_GATINEAU_REFERENCE,SITE_PROP_E3_SITE_09,P452_p1_coast5_V,8.15,1,8.53209975333216e-17,1,0,none_documented,ITU-R P.452-18 reference v18.0 commit 86f8026ce39635fa2b599e50d6d01fe5b0d6bbfe; MATLAB 2026a,ALL_SITE_BASIC_LOSS_AUDIT_NOT_PAPER_RESULT; Gt=Gr=0dBi; g=h; no separate P2108; site-level propagation only; no direct antenna gain included
0,NRCAN_GATINEAU_REFERENCE,SITE_PROP_E3_SITE_09,P452_p0.1_coast5_V,8.15,1,1.02995885695513e-16,1,0,none_documented,ITU-R P.452-18 reference v18.0 commit 86f8026ce39635fa2b599e50d6d01fe5b0d6bbfe; MATLAB 2026a,ALL_SITE_BASIC_LOSS_AUDIT_NOT_PAPER_RESULT; Gt=Gr=0dBi; g=h; no separate P2108; site-level propagation only; no direct antenna gain included
0,NRCAN_GATINEAU_REFERENCE,SITE_PROP_E3_SITE_09,P452_p0.01_coast5_V,8.15,1,1.24355340823762e-16,1,0,none_documented,ITU-R P.452-18 reference v18.0 commit 86f8026ce39635fa2b599e50d6d01fe5b0d6bbfe; MATLAB 2026a,ALL_SITE_BASIC_LOSS_AUDIT_NOT_PAPER_RESULT; Gt=Gr=0dBi; g=h; no separate P2108; site-level propagation only; no direct antenna gain included
0,NRCAN_GATINEAU_REFERENCE,SITE_PROP_E3_SITE_09,P452_p0.005_coast5_V,8.15,1,1.31629530439169e-16,1,0,none_documented,ITU-R P.452-18 reference v18.0 commit 86f8026ce39635fa2b599e50d6d01fe5b0d6bbfe; MATLAB 2026a,ALL_SITE_BASIC_LOSS_AUDIT_NOT_PAPER_RESULT; Gt=Gr=0dBi; g=h; no separate P2108; site-level propagation only; no direct antenna gain included
0,NRCAN_GATINEAU_REFERENCE,SITE_PROP_E3_SITE_09,P452_p50_coast50_H,8.15,1,6.15998592248427e-17,1,0,none_documented,ITU-R P.452-18 reference v18.0 commit 86f8026ce39635fa2b599e50d6d01fe5b0d6bbfe; MATLAB 2026a,ALL_SITE_BASIC_LOSS_AUDIT_NOT_PAPER_RESULT; Gt=Gr=0dBi; g=h; no separate P2108; site-level propagation only; no direct antenna gain included
0,NRCAN_GATINEAU_REFERENCE,SITE_PROP_E3_SITE_09,P452_p20_coast50_H,8.15,1,6.66377019481014e-17,1,0,none_documented,ITU-R P.452-18 reference v18.0 commit 86f8026ce39635fa2b599e50d6d01fe5b0d6bbfe; MATLAB 2026a,ALL_SITE_BASIC_LOSS_AUDIT_NOT_PAPER_RESULT; Gt=Gr=0dBi; g=h; no separate P2108; site-level propagation only; no direct antenna gain included
0,NRCAN_GATINEAU_REFERENCE,SITE_PROP_E3_SITE_09,P452_p10_coast50_H,8.15,1,7.06595610487568e-17,1,0,none_documented,ITU-R P.452-18 reference v18.0 commit 86f8026ce39635fa2b599e50d6d01fe5b0d6bbfe; MATLAB 2026a,ALL_SITE_BASIC_LOSS_AUDIT_NOT_PAPER_RESULT; Gt=Gr=0dBi; g=h; no separate P2108; site-level propagation only; no direct antenna gain included
0,NRCAN_GATINEAU_REFERENCE,SITE_PROP_E3_SITE_09,P452_p1_coast50_H,8.15,1,8.53209975333216e-17,1,0,none_documented,ITU-R P.452-18 reference v18.0 commit 86f8026ce39635fa2b599e50d6d01fe5b0d6bbfe; MATLAB 2026a,ALL_SITE_BASIC_LOSS_AUDIT_NOT_PAPER_RESULT; Gt=Gr=0dBi; g=h; no separate P2108; site-level propagation only; no direct antenna gain included
0,NRCAN_GATINEAU_REFERENCE,SITE_PROP_E3_SITE_09,P452_p0.1_coast50_H,8.15,1,1.02995885695513e-16,1,0,none_documented,ITU-R P.452-18 reference v18.0 commit 86f8026ce39635fa2b599e50d6d01fe5b0d6bbfe; MATLAB 2026a,ALL_SITE_BASIC_LOSS_AUDIT_NOT_PAPER_RESULT; Gt=Gr=0dBi; g=h; no separate P2108; site-level propagation only; no direct antenna gain included
0,NRCAN_GATINEAU_REFERENCE,SITE_PROP_E3_SITE_09,P452_p0.01_coast50_H,8.15,1,1.24355340823762e-16,1,0,none_documented,ITU-R P.452-18 reference v18.0 commit 86f8026ce39635fa2b599e50d6d01fe5b0d6bbfe; MATLAB 2026a,ALL_SITE_BASIC_LOSS_AUDIT_NOT_PAPER_RESULT; Gt=Gr=0dBi; g=h; no separate P2108; site-level propagation only; no direct antenna gain included
0,NRCAN_GATINEAU_REFERENCE,SITE_PROP_E3_SITE_09,P452_p0.005_coast50_H,8.15,1,1.31629530439169e-16,1,0,none_documented,ITU-R P.452-18 reference v18.0 commit 86f8026ce39635fa2b599e50d6d01fe5b0d6bbfe; MATLAB 2026a,ALL_SITE_BASIC_LOSS_AUDIT_NOT_PAPER_RESULT; Gt=Gr=0dBi; g=h; no separate P2108; site-level propagation only; no direct antenna gain included
0,NRCAN_GATINEAU_REFERENCE,SITE_PROP_E3_SITE_09,P452_p50_coast50_V,8.15,1,6.15998592248427e-17,1,0,none_documented,ITU-R P.452-18 reference v18.0 commit 86f8026ce39635fa2b599e50d6d01fe5b0d6bbfe; MATLAB 2026a,ALL_SITE_BASIC_LOSS_AUDIT_NOT_PAPER_RESULT; Gt=Gr=0dBi; g=h; no separate P2108; site-level propagation only; no direct antenna gain included
0,NRCAN_GATINEAU_REFERENCE,SITE_PROP_E3_SITE_09,P452_p20_coast50_V,8.15,1,6.66377019481014e-17,1,0,none_documented,ITU-R P.452-18 reference v18.0 commit 86f8026ce39635fa2b599e50d6d01fe5b0d6bbfe; MATLAB 2026a,ALL_SITE_BASIC_LOSS_AUDIT_NOT_PAPER_RESULT; Gt=Gr=0dBi; g=h; no separate P2108; site-level propagation only; no direct antenna gain included
0,NRCAN_GATINEAU_REFERENCE,SITE_PROP_E3_SITE_09,P452_p10_coast50_V,8.15,1,7.06595610487568e-17,1,0,none_documented,ITU-R P.452-18 reference v18.0 commit 86f8026ce39635fa2b599e50d6d01fe5b0d6bbfe; MATLAB 2026a,ALL_SITE_BASIC_LOSS_AUDIT_NOT_PAPER_RESULT; Gt=Gr=0dBi; g=h; no separate P2108; site-level propagation only; no direct antenna gain included
0,NRCAN_GATINEAU_REFERENCE,SITE_PROP_E3_SITE_09,P452_p1_coast50_V,8.15,1,8.53209975333216e-17,1,0,none_documented,ITU-R P.452-18 reference v18.0 commit 86f8026ce39635fa2b599e50d6d01fe5b0d6bbfe; MATLAB 2026a,ALL_SITE_BASIC_LOSS_AUDIT_NOT_PAPER_RESULT; Gt=Gr=0dBi; g=h; no separate P2108; site-level propagation only; no direct antenna gain included
0,NRCAN_GATINEAU_REFERENCE,SITE_PROP_E3_SITE_09,P452_p0.1_coast50_V,8.15,1,1.02995885695513e-16,1,0,none_documented,ITU-R P.452-18 reference v18.0 commit 86f8026ce39635fa2b599e50d6d01fe5b0d6bbfe; MATLAB 2026a,ALL_SITE_BASIC_LOSS_AUDIT_NOT_PAPER_RESULT; Gt=Gr=0dBi; g=h; no separate P2108; site-level propagation only; no direct antenna gain included
0,NRCAN_GATINEAU_REFERENCE,SITE_PROP_E3_SITE_09,P452_p0.01_coast50_V,8.15,1,1.24355340823762e-16,1,0,none_documented,ITU-R P.452-18 reference v18.0 commit 86f8026ce39635fa2b599e50d6d01fe5b0d6bbfe; MATLAB 2026a,ALL_SITE_BASIC_LOSS_AUDIT_NOT_PAPER_RESULT; Gt=Gr=0dBi; g=h; no separate P2108; site-level propagation only; no direct antenna gain included
0,NRCAN_GATINEAU_REFERENCE,SITE_PROP_E3_SITE_09,P452_p0.005_coast50_V,8.15,1,1.31629530439169e-16,1,0,none_documented,ITU-R P.452-18 reference v18.0 commit 86f8026ce39635fa2b599e50d6d01fe5b0d6bbfe; MATLAB 2026a,ALL_SITE_BASIC_LOSS_AUDIT_NOT_PAPER_RESULT; Gt=Gr=0dBi; g=h; no separate P2108; site-level propagation only; no direct antenna gain included
0,NRCAN_GATINEAU_REFERENCE,SITE_PROP_E3_SITE_09,P452_p50_coast200_H,8.15,1,6.15998592248427e-17,1,0,none_documented,ITU-R P.452-18 reference v18.0 commit 86f8026ce39635fa2b599e50d6d01fe5b0d6bbfe; MATLAB 2026a,ALL_SITE_BASIC_LOSS_AUDIT_NOT_PAPER_RESULT; Gt=Gr=0dBi; g=h; no separate P2108; site-level propagation only; no direct antenna gain included
0,NRCAN_GATINEAU_REFERENCE,SITE_PROP_E3_SITE_09,P452_p20_coast200_H,8.15,1,6.66377019481014e-17,1,0,none_documented,ITU-R P.452-18 reference v18.0 commit 86f8026ce39635fa2b599e50d6d01fe5b0d6bbfe; MATLAB 2026a,ALL_SITE_BASIC_LOSS_AUDIT_NOT_PAPER_RESULT; Gt=Gr=0dBi; g=h; no separate P2108; site-level propagation only; no direct antenna gain included
0,NRCAN_GATINEAU_REFERENCE,SITE_PROP_E3_SITE_09,P452_p10_coast200_H,8.15,1,7.06595610487568e-17,1,0,none_documented,ITU-R P.452-18 reference v18.0 commit 86f8026ce39635fa2b599e50d6d01fe5b0d6bbfe; MATLAB 2026a,ALL_SITE_BASIC_LOSS_AUDIT_NOT_PAPER_RESULT; Gt=Gr=0dBi; g=h; no separate P2108; site-level propagation only; no direct antenna gain included
0,NRCAN_GATINEAU_REFERENCE,SITE_PROP_E3_SITE_09,P452_p1_coast200_H,8.15,1,8.53209975333216e-17,1,0,none_documented,ITU-R P.452-18 reference v18.0 commit 86f8026ce39635fa2b599e50d6d01fe5b0d6bbfe; MATLAB 2026a,ALL_SITE_BASIC_LOSS_AUDIT_NOT_PAPER_RESULT; Gt=Gr=0dBi; g=h; no separate P2108; site-level propagation only; no direct antenna gain included
0,NRCAN_GATINEAU_REFERENCE,SITE_PROP_E3_SITE_09,P452_p0.1_coast200_H,8.15,1,1.02995885695513e-16,1,0,none_documented,ITU-R P.452-18 reference v18.0 commit 86f8026ce39635fa2b599e50d6d01fe5b0d6bbfe; MATLAB 2026a,ALL_SITE_BASIC_LOSS_AUDIT_NOT_PAPER_RESULT; Gt=Gr=0dBi; g=h; no separate P2108; site-level propagation only; no direct antenna gain included
0,NRCAN_GATINEAU_REFERENCE,SITE_PROP_E3_SITE_09,P452_p0.01_coast200_H,8.15,1,1.24355340823762e-16,1,0,none_documented,ITU-R P.452-18 reference v18.0 commit 86f8026ce39635fa2b599e50d6d01fe5b0d6bbfe; MATLAB 2026a,ALL_SITE_BASIC_LOSS_AUDIT_NOT_PAPER_RESULT; Gt=Gr=0dBi; g=h; no separate P2108; site-level propagation only; no direct antenna gain included
0,NRCAN_GATINEAU_REFERENCE,SITE_PROP_E3_SITE_09,P452_p0.005_coast200_H,8.15,1,1.31629530439169e-16,1,0,none_documented,ITU-R P.452-18 reference v18.0 commit 86f8026ce39635fa2b599e50d6d01fe5b0d6bbfe; MATLAB 2026a,ALL_SITE_BASIC_LOSS_AUDIT_NOT_PAPER_RESULT; Gt=Gr=0dBi; g=h; no separate P2108; site-level propagation only; no direct antenna gain included
0,NRCAN_GATINEAU_REFERENCE,SITE_PROP_E3_SITE_09,P452_p50_coast200_V,8.15,1,6.15998592248427e-17,1,0,none_documented,ITU-R P.452-18 reference v18.0 commit 86f8026ce39635fa2b599e50d6d01fe5b0d6bbfe; MATLAB 2026a,ALL_SITE_BASIC_LOSS_AUDIT_NOT_PAPER_RESULT; Gt=Gr=0dBi; g=h; no separate P2108; site-level propagation only; no direct antenna gain included
0,NRCAN_GATINEAU_REFERENCE,SITE_PROP_E3_SITE_09,P452_p20_coast200_V,8.15,1,6.66377019481014e-17,1,0,none_documented,ITU-R P.452-18 reference v18.0 commit 86f8026ce39635fa2b599e50d6d01fe5b0d6bbfe; MATLAB 2026a,ALL_SITE_BASIC_LOSS_AUDIT_NOT_PAPER_RESULT; Gt=Gr=0dBi; g=h; no separate P2108; site-level propagation only; no direct antenna gain included
0,NRCAN_GATINEAU_REFERENCE,SITE_PROP_E3_SITE_09,P452_p10_coast200_V,8.15,1,7.06595610487568e-17,1,0,none_documented,ITU-R P.452-18 reference v18.0 commit 86f8026ce39635fa2b599e50d6d01fe5b0d6bbfe; MATLAB 2026a,ALL_SITE_BASIC_LOSS_AUDIT_NOT_PAPER_RESULT; Gt=Gr=0dBi; g=h; no separate P2108; site-level propagation only; no direct antenna gain included
0,NRCAN_GATINEAU_REFERENCE,SITE_PROP_E3_SITE_09,P452_p1_coast200_V,8.15,1,8.53209975333216e-17,1,0,none_documented,ITU-R P.452-18 reference v18.0 commit 86f8026ce39635fa2b599e50d6d01fe5b0d6bbfe; MATLAB 2026a,ALL_SITE_BASIC_LOSS_AUDIT_NOT_PAPER_RESULT; Gt=Gr=0dBi; g=h; no separate P2108; site-level propagation only; no direct antenna gain included
0,NRCAN_GATINEAU_REFERENCE,SITE_PROP_E3_SITE_09,P452_p0.1_coast200_V,8.15,1,1.02995885695513e-16,1,0,none_documented,ITU-R P.452-18 reference v18.0 commit 86f8026ce39635fa2b599e50d6d01fe5b0d6bbfe; MATLAB 2026a,ALL_SITE_BASIC_LOSS_AUDIT_NOT_PAPER_RESULT; Gt=Gr=0dBi; g=h; no separate P2108; site-level propagation only; no direct antenna gain included
0,NRCAN_GATINEAU_REFERENCE,SITE_PROP_E3_SITE_09,P452_p0.01_coast200_V,8.15,1,1.24355340823762e-16,1,0,none_documented,ITU-R P.452-18 reference v18.0 commit 86f8026ce39635fa2b599e50d6d01fe5b0d6bbfe; MATLAB 2026a,ALL_SITE_BASIC_LOSS_AUDIT_NOT_PAPER_RESULT; Gt=Gr=0dBi; g=h; no separate P2108; site-level propagation only; no direct antenna gain included
0,NRCAN_GATINEAU_REFERENCE,SITE_PROP_E3_SITE_09,P452_p0.005_coast200_V,8.15,1,1.31629530439169e-16,1,0,none_documented,ITU-R P.452-18 reference v18.0 commit 86f8026ce39635fa2b599e50d6d01fe5b0d6bbfe; MATLAB 2026a,ALL_SITE_BASIC_LOSS_AUDIT_NOT_PAPER_RESULT; Gt=Gr=0dBi; g=h; no separate P2108; site-level propagation only; no direct antenna gain included
0,NRCAN_GATINEAU_REFERENCE,SITE_PROP_E3_SITE_10,P452_p50_coast5_H,8.15,1,6.59240191919542e-13,1,0,none_documented,ITU-R P.452-18 reference v18.0 commit 86f8026ce39635fa2b599e50d6d01fe5b0d6bbfe; MATLAB 2026a,ALL_SITE_BASIC_LOSS_AUDIT_NOT_PAPER_RESULT; Gt=Gr=0dBi; g=h; no separate P2108; site-level propagation only; no direct antenna gain included
0,NRCAN_GATINEAU_REFERENCE,SITE_PROP_E3_SITE_10,P452_p20_coast5_H,8.15,1,7.17659437999586e-13,1,0,none_documented,ITU-R P.452-18 reference v18.0 commit 86f8026ce39635fa2b599e50d6d01fe5b0d6bbfe; MATLAB 2026a,ALL_SITE_BASIC_LOSS_AUDIT_NOT_PAPER_RESULT; Gt=Gr=0dBi; g=h; no separate P2108; site-level propagation only; no direct antenna gain included
0,NRCAN_GATINEAU_REFERENCE,SITE_PROP_E3_SITE_10,P452_p10_coast5_H,8.15,1,7.50260726056091e-13,1,0,none_documented,ITU-R P.452-18 reference v18.0 commit 86f8026ce39635fa2b599e50d6d01fe5b0d6bbfe; MATLAB 2026a,ALL_SITE_BASIC_LOSS_AUDIT_NOT_PAPER_RESULT; Gt=Gr=0dBi; g=h; no separate P2108; site-level propagation only; no direct antenna gain included
0,NRCAN_GATINEAU_REFERENCE,SITE_PROP_E3_SITE_10,P452_p1_coast5_H,8.15,1,8.96934679589527e-13,1,0,none_documented,ITU-R P.452-18 reference v18.0 commit 86f8026ce39635fa2b599e50d6d01fe5b0d6bbfe; MATLAB 2026a,ALL_SITE_BASIC_LOSS_AUDIT_NOT_PAPER_RESULT; Gt=Gr=0dBi; g=h; no separate P2108; site-level propagation only; no direct antenna gain included
0,NRCAN_GATINEAU_REFERENCE,SITE_PROP_E3_SITE_10,P452_p0.1_coast5_H,8.15,1,1.07514157909817e-12,1,0,none_documented,ITU-R P.452-18 reference v18.0 commit 86f8026ce39635fa2b599e50d6d01fe5b0d6bbfe; MATLAB 2026a,ALL_SITE_BASIC_LOSS_AUDIT_NOT_PAPER_RESULT; Gt=Gr=0dBi; g=h; no separate P2108; site-level propagation only; no direct antenna gain included
0,NRCAN_GATINEAU_REFERENCE,SITE_PROP_E3_SITE_10,P452_p0.01_coast5_H,8.15,1,1.28875568085956e-12,1,0,none_documented,ITU-R P.452-18 reference v18.0 commit 86f8026ce39635fa2b599e50d6d01fe5b0d6bbfe; MATLAB 2026a,ALL_SITE_BASIC_LOSS_AUDIT_NOT_PAPER_RESULT; Gt=Gr=0dBi; g=h; no separate P2108; site-level propagation only; no direct antenna gain included
0,NRCAN_GATINEAU_REFERENCE,SITE_PROP_E3_SITE_10,P452_p0.005_coast5_H,8.15,1,1.36101589993911e-12,1,0,none_documented,ITU-R P.452-18 reference v18.0 commit 86f8026ce39635fa2b599e50d6d01fe5b0d6bbfe; MATLAB 2026a,ALL_SITE_BASIC_LOSS_AUDIT_NOT_PAPER_RESULT; Gt=Gr=0dBi; g=h; no separate P2108; site-level propagation only; no direct antenna gain included
0,NRCAN_GATINEAU_REFERENCE,SITE_PROP_E3_SITE_10,P452_p50_coast5_V,8.15,1,6.59240191919542e-13,1,0,none_documented,ITU-R P.452-18 reference v18.0 commit 86f8026ce39635fa2b599e50d6d01fe5b0d6bbfe; MATLAB 2026a,ALL_SITE_BASIC_LOSS_AUDIT_NOT_PAPER_RESULT; Gt=Gr=0dBi; g=h; no separate P2108; site-level propagation only; no direct antenna gain included
0,NRCAN_GATINEAU_REFERENCE,SITE_PROP_E3_SITE_10,P452_p20_coast5_V,8.15,1,7.17659437999586e-13,1,0,none_documented,ITU-R P.452-18 reference v18.0 commit 86f8026ce39635fa2b599e50d6d01fe5b0d6bbfe; MATLAB 2026a,ALL_SITE_BASIC_LOSS_AUDIT_NOT_PAPER_RESULT; Gt=Gr=0dBi; g=h; no separate P2108; site-level propagation only; no direct antenna gain included
0,NRCAN_GATINEAU_REFERENCE,SITE_PROP_E3_SITE_10,P452_p10_coast5_V,8.15,1,7.50260726056091e-13,1,0,none_documented,ITU-R P.452-18 reference v18.0 commit 86f8026ce39635fa2b599e50d6d01fe5b0d6bbfe; MATLAB 2026a,ALL_SITE_BASIC_LOSS_AUDIT_NOT_PAPER_RESULT; Gt=Gr=0dBi; g=h; no separate P2108; site-level propagation only; no direct antenna gain included
0,NRCAN_GATINEAU_REFERENCE,SITE_PROP_E3_SITE_10,P452_p1_coast5_V,8.15,1,8.96934679589527e-13,1,0,none_documented,ITU-R P.452-18 reference v18.0 commit 86f8026ce39635fa2b599e50d6d01fe5b0d6bbfe; MATLAB 2026a,ALL_SITE_BASIC_LOSS_AUDIT_NOT_PAPER_RESULT; Gt=Gr=0dBi; g=h; no separate P2108; site-level propagation only; no direct antenna gain included
0,NRCAN_GATINEAU_REFERENCE,SITE_PROP_E3_SITE_10,P452_p0.1_coast5_V,8.15,1,1.07514157909817e-12,1,0,none_documented,ITU-R P.452-18 reference v18.0 commit 86f8026ce39635fa2b599e50d6d01fe5b0d6bbfe; MATLAB 2026a,ALL_SITE_BASIC_LOSS_AUDIT_NOT_PAPER_RESULT; Gt=Gr=0dBi; g=h; no separate P2108; site-level propagation only; no direct antenna gain included
0,NRCAN_GATINEAU_REFERENCE,SITE_PROP_E3_SITE_10,P452_p0.01_coast5_V,8.15,1,1.28875568085956e-12,1,0,none_documented,ITU-R P.452-18 reference v18.0 commit 86f8026ce39635fa2b599e50d6d01fe5b0d6bbfe; MATLAB 2026a,ALL_SITE_BASIC_LOSS_AUDIT_NOT_PAPER_RESULT; Gt=Gr=0dBi; g=h; no separate P2108; site-level propagation only; no direct antenna gain included
0,NRCAN_GATINEAU_REFERENCE,SITE_PROP_E3_SITE_10,P452_p0.005_coast5_V,8.15,1,1.36101589993911e-12,1,0,none_documented,ITU-R P.452-18 reference v18.0 commit 86f8026ce39635fa2b599e50d6d01fe5b0d6bbfe; MATLAB 2026a,ALL_SITE_BASIC_LOSS_AUDIT_NOT_PAPER_RESULT; Gt=Gr=0dBi; g=h; no separate P2108; site-level propagation only; no direct antenna gain included
0,NRCAN_GATINEAU_REFERENCE,SITE_PROP_E3_SITE_10,P452_p50_coast50_H,8.15,1,6.59240191919542e-13,1,0,none_documented,ITU-R P.452-18 reference v18.0 commit 86f8026ce39635fa2b599e50d6d01fe5b0d6bbfe; MATLAB 2026a,ALL_SITE_BASIC_LOSS_AUDIT_NOT_PAPER_RESULT; Gt=Gr=0dBi; g=h; no separate P2108; site-level propagation only; no direct antenna gain included
0,NRCAN_GATINEAU_REFERENCE,SITE_PROP_E3_SITE_10,P452_p20_coast50_H,8.15,1,7.17659437999586e-13,1,0,none_documented,ITU-R P.452-18 reference v18.0 commit 86f8026ce39635fa2b599e50d6d01fe5b0d6bbfe; MATLAB 2026a,ALL_SITE_BASIC_LOSS_AUDIT_NOT_PAPER_RESULT; Gt=Gr=0dBi; g=h; no separate P2108; site-level propagation only; no direct antenna gain included
0,NRCAN_GATINEAU_REFERENCE,SITE_PROP_E3_SITE_10,P452_p10_coast50_H,8.15,1,7.50260726056091e-13,1,0,none_documented,ITU-R P.452-18 reference v18.0 commit 86f8026ce39635fa2b599e50d6d01fe5b0d6bbfe; MATLAB 2026a,ALL_SITE_BASIC_LOSS_AUDIT_NOT_PAPER_RESULT; Gt=Gr=0dBi; g=h; no separate P2108; site-level propagation only; no direct antenna gain included
0,NRCAN_GATINEAU_REFERENCE,SITE_PROP_E3_SITE_10,P452_p1_coast50_H,8.15,1,8.96934679589527e-13,1,0,none_documented,ITU-R P.452-18 reference v18.0 commit 86f8026ce39635fa2b599e50d6d01fe5b0d6bbfe; MATLAB 2026a,ALL_SITE_BASIC_LOSS_AUDIT_NOT_PAPER_RESULT; Gt=Gr=0dBi; g=h; no separate P2108; site-level propagation only; no direct antenna gain included
0,NRCAN_GATINEAU_REFERENCE,SITE_PROP_E3_SITE_10,P452_p0.1_coast50_H,8.15,1,1.07514157909817e-12,1,0,none_documented,ITU-R P.452-18 reference v18.0 commit 86f8026ce39635fa2b599e50d6d01fe5b0d6bbfe; MATLAB 2026a,ALL_SITE_BASIC_LOSS_AUDIT_NOT_PAPER_RESULT; Gt=Gr=0dBi; g=h; no separate P2108; site-level propagation only; no direct antenna gain included
0,NRCAN_GATINEAU_REFERENCE,SITE_PROP_E3_SITE_10,P452_p0.01_coast50_H,8.15,1,1.28875568085956e-12,1,0,none_documented,ITU-R P.452-18 reference v18.0 commit 86f8026ce39635fa2b599e50d6d01fe5b0d6bbfe; MATLAB 2026a,ALL_SITE_BASIC_LOSS_AUDIT_NOT_PAPER_RESULT; Gt=Gr=0dBi; g=h; no separate P2108; site-level propagation only; no direct antenna gain included
0,NRCAN_GATINEAU_REFERENCE,SITE_PROP_E3_SITE_10,P452_p0.005_coast50_H,8.15,1,1.36101589993911e-12,1,0,none_documented,ITU-R P.452-18 reference v18.0 commit 86f8026ce39635fa2b599e50d6d01fe5b0d6bbfe; MATLAB 2026a,ALL_SITE_BASIC_LOSS_AUDIT_NOT_PAPER_RESULT; Gt=Gr=0dBi; g=h; no separate P2108; site-level propagation only; no direct antenna gain included
0,NRCAN_GATINEAU_REFERENCE,SITE_PROP_E3_SITE_10,P452_p50_coast50_V,8.15,1,6.59240191919542e-13,1,0,none_documented,ITU-R P.452-18 reference v18.0 commit 86f8026ce39635fa2b599e50d6d01fe5b0d6bbfe; MATLAB 2026a,ALL_SITE_BASIC_LOSS_AUDIT_NOT_PAPER_RESULT; Gt=Gr=0dBi; g=h; no separate P2108; site-level propagation only; no direct antenna gain included
0,NRCAN_GATINEAU_REFERENCE,SITE_PROP_E3_SITE_10,P452_p20_coast50_V,8.15,1,7.17659437999586e-13,1,0,none_documented,ITU-R P.452-18 reference v18.0 commit 86f8026ce39635fa2b599e50d6d01fe5b0d6bbfe; MATLAB 2026a,ALL_SITE_BASIC_LOSS_AUDIT_NOT_PAPER_RESULT; Gt=Gr=0dBi; g=h; no separate P2108; site-level propagation only; no direct antenna gain included
0,NRCAN_GATINEAU_REFERENCE,SITE_PROP_E3_SITE_10,P452_p10_coast50_V,8.15,1,7.50260726056091e-13,1,0,none_documented,ITU-R P.452-18 reference v18.0 commit 86f8026ce39635fa2b599e50d6d01fe5b0d6bbfe; MATLAB 2026a,ALL_SITE_BASIC_LOSS_AUDIT_NOT_PAPER_RESULT; Gt=Gr=0dBi; g=h; no separate P2108; site-level propagation only; no direct antenna gain included
0,NRCAN_GATINEAU_REFERENCE,SITE_PROP_E3_SITE_10,P452_p1_coast50_V,8.15,1,8.96934679589527e-13,1,0,none_documented,ITU-R P.452-18 reference v18.0 commit 86f8026ce39635fa2b599e50d6d01fe5b0d6bbfe; MATLAB 2026a,ALL_SITE_BASIC_LOSS_AUDIT_NOT_PAPER_RESULT; Gt=Gr=0dBi; g=h; no separate P2108; site-level propagation only; no direct antenna gain included
0,NRCAN_GATINEAU_REFERENCE,SITE_PROP_E3_SITE_10,P452_p0.1_coast50_V,8.15,1,1.07514157909817e-12,1,0,none_documented,ITU-R P.452-18 reference v18.0 commit 86f8026ce39635fa2b599e50d6d01fe5b0d6bbfe; MATLAB 2026a,ALL_SITE_BASIC_LOSS_AUDIT_NOT_PAPER_RESULT; Gt=Gr=0dBi; g=h; no separate P2108; site-level propagation only; no direct antenna gain included
0,NRCAN_GATINEAU_REFERENCE,SITE_PROP_E3_SITE_10,P452_p0.01_coast50_V,8.15,1,1.28875568085956e-12,1,0,none_documented,ITU-R P.452-18 reference v18.0 commit 86f8026ce39635fa2b599e50d6d01fe5b0d6bbfe; MATLAB 2026a,ALL_SITE_BASIC_LOSS_AUDIT_NOT_PAPER_RESULT; Gt=Gr=0dBi; g=h; no separate P2108; site-level propagation only; no direct antenna gain included
0,NRCAN_GATINEAU_REFERENCE,SITE_PROP_E3_SITE_10,P452_p0.005_coast50_V,8.15,1,1.36101589993911e-12,1,0,none_documented,ITU-R P.452-18 reference v18.0 commit 86f8026ce39635fa2b599e50d6d01fe5b0d6bbfe; MATLAB 2026a,ALL_SITE_BASIC_LOSS_AUDIT_NOT_PAPER_RESULT; Gt=Gr=0dBi; g=h; no separate P2108; site-level propagation only; no direct antenna gain included
0,NRCAN_GATINEAU_REFERENCE,SITE_PROP_E3_SITE_10,P452_p50_coast200_H,8.15,1,6.59240191919542e-13,1,0,none_documented,ITU-R P.452-18 reference v18.0 commit 86f8026ce39635fa2b599e50d6d01fe5b0d6bbfe; MATLAB 2026a,ALL_SITE_BASIC_LOSS_AUDIT_NOT_PAPER_RESULT; Gt=Gr=0dBi; g=h; no separate P2108; site-level propagation only; no direct antenna gain included
0,NRCAN_GATINEAU_REFERENCE,SITE_PROP_E3_SITE_10,P452_p20_coast200_H,8.15,1,7.17659437999586e-13,1,0,none_documented,ITU-R P.452-18 reference v18.0 commit 86f8026ce39635fa2b599e50d6d01fe5b0d6bbfe; MATLAB 2026a,ALL_SITE_BASIC_LOSS_AUDIT_NOT_PAPER_RESULT; Gt=Gr=0dBi; g=h; no separate P2108; site-level propagation only; no direct antenna gain included
0,NRCAN_GATINEAU_REFERENCE,SITE_PROP_E3_SITE_10,P452_p10_coast200_H,8.15,1,7.50260726056091e-13,1,0,none_documented,ITU-R P.452-18 reference v18.0 commit 86f8026ce39635fa2b599e50d6d01fe5b0d6bbfe; MATLAB 2026a,ALL_SITE_BASIC_LOSS_AUDIT_NOT_PAPER_RESULT; Gt=Gr=0dBi; g=h; no separate P2108; site-level propagation only; no direct antenna gain included
0,NRCAN_GATINEAU_REFERENCE,SITE_PROP_E3_SITE_10,P452_p1_coast200_H,8.15,1,8.96934679589527e-13,1,0,none_documented,ITU-R P.452-18 reference v18.0 commit 86f8026ce39635fa2b599e50d6d01fe5b0d6bbfe; MATLAB 2026a,ALL_SITE_BASIC_LOSS_AUDIT_NOT_PAPER_RESULT; Gt=Gr=0dBi; g=h; no separate P2108; site-level propagation only; no direct antenna gain included
0,NRCAN_GATINEAU_REFERENCE,SITE_PROP_E3_SITE_10,P452_p0.1_coast200_H,8.15,1,1.07514157909817e-12,1,0,none_documented,ITU-R P.452-18 reference v18.0 commit 86f8026ce39635fa2b599e50d6d01fe5b0d6bbfe; MATLAB 2026a,ALL_SITE_BASIC_LOSS_AUDIT_NOT_PAPER_RESULT; Gt=Gr=0dBi; g=h; no separate P2108; site-level propagation only; no direct antenna gain included
0,NRCAN_GATINEAU_REFERENCE,SITE_PROP_E3_SITE_10,P452_p0.01_coast200_H,8.15,1,1.28875568085956e-12,1,0,none_documented,ITU-R P.452-18 reference v18.0 commit 86f8026ce39635fa2b599e50d6d01fe5b0d6bbfe; MATLAB 2026a,ALL_SITE_BASIC_LOSS_AUDIT_NOT_PAPER_RESULT; Gt=Gr=0dBi; g=h; no separate P2108; site-level propagation only; no direct antenna gain included
0,NRCAN_GATINEAU_REFERENCE,SITE_PROP_E3_SITE_10,P452_p0.005_coast200_H,8.15,1,1.36101589993911e-12,1,0,none_documented,ITU-R P.452-18 reference v18.0 commit 86f8026ce39635fa2b599e50d6d01fe5b0d6bbfe; MATLAB 2026a,ALL_SITE_BASIC_LOSS_AUDIT_NOT_PAPER_RESULT; Gt=Gr=0dBi; g=h; no separate P2108; site-level propagation only; no direct antenna gain included
0,NRCAN_GATINEAU_REFERENCE,SITE_PROP_E3_SITE_10,P452_p50_coast200_V,8.15,1,6.59240191919542e-13,1,0,none_documented,ITU-R P.452-18 reference v18.0 commit 86f8026ce39635fa2b599e50d6d01fe5b0d6bbfe; MATLAB 2026a,ALL_SITE_BASIC_LOSS_AUDIT_NOT_PAPER_RESULT; Gt=Gr=0dBi; g=h; no separate P2108; site-level propagation only; no direct antenna gain included
0,NRCAN_GATINEAU_REFERENCE,SITE_PROP_E3_SITE_10,P452_p20_coast200_V,8.15,1,7.17659437999586e-13,1,0,none_documented,ITU-R P.452-18 reference v18.0 commit 86f8026ce39635fa2b599e50d6d01fe5b0d6bbfe; MATLAB 2026a,ALL_SITE_BASIC_LOSS_AUDIT_NOT_PAPER_RESULT; Gt=Gr=0dBi; g=h; no separate P2108; site-level propagation only; no direct antenna gain included
0,NRCAN_GATINEAU_REFERENCE,SITE_PROP_E3_SITE_10,P452_p10_coast200_V,8.15,1,7.50260726056091e-13,1,0,none_documented,ITU-R P.452-18 reference v18.0 commit 86f8026ce39635fa2b599e50d6d01fe5b0d6bbfe; MATLAB 2026a,ALL_SITE_BASIC_LOSS_AUDIT_NOT_PAPER_RESULT; Gt=Gr=0dBi; g=h; no separate P2108; site-level propagation only; no direct antenna gain included
0,NRCAN_GATINEAU_REFERENCE,SITE_PROP_E3_SITE_10,P452_p1_coast200_V,8.15,1,8.96934679589527e-13,1,0,none_documented,ITU-R P.452-18 reference v18.0 commit 86f8026ce39635fa2b599e50d6d01fe5b0d6bbfe; MATLAB 2026a,ALL_SITE_BASIC_LOSS_AUDIT_NOT_PAPER_RESULT; Gt=Gr=0dBi; g=h; no separate P2108; site-level propagation only; no direct antenna gain included
0,NRCAN_GATINEAU_REFERENCE,SITE_PROP_E3_SITE_10,P452_p0.1_coast200_V,8.15,1,1.07514157909817e-12,1,0,none_documented,ITU-R P.452-18 reference v18.0 commit 86f8026ce39635fa2b599e50d6d01fe5b0d6bbfe; MATLAB 2026a,ALL_SITE_BASIC_LOSS_AUDIT_NOT_PAPER_RESULT; Gt=Gr=0dBi; g=h; no separate P2108; site-level propagation only; no direct antenna gain included
0,NRCAN_GATINEAU_REFERENCE,SITE_PROP_E3_SITE_10,P452_p0.01_coast200_V,8.15,1,1.28875568085956e-12,1,0,none_documented,ITU-R P.452-18 reference v18.0 commit 86f8026ce39635fa2b599e50d6d01fe5b0d6bbfe; MATLAB 2026a,ALL_SITE_BASIC_LOSS_AUDIT_NOT_PAPER_RESULT; Gt=Gr=0dBi; g=h; no separate P2108; site-level propagation only; no direct antenna gain included
0,NRCAN_GATINEAU_REFERENCE,SITE_PROP_E3_SITE_10,P452_p0.005_coast200_V,8.15,1,1.36101589993911e-12,1,0,none_documented,ITU-R P.452-18 reference v18.0 commit 86f8026ce39635fa2b599e50d6d01fe5b0d6bbfe; MATLAB 2026a,ALL_SITE_BASIC_LOSS_AUDIT_NOT_PAPER_RESULT; Gt=Gr=0dBi; g=h; no separate P2108; site-level propagation only; no direct antenna gain included
0,NRCAN_GATINEAU_REFERENCE,SITE_PROP_E3_SITE_11,P452_p50_coast5_H,8.15,1,6.00974541615569e-13,1,0,none_documented,ITU-R P.452-18 reference v18.0 commit 86f8026ce39635fa2b599e50d6d01fe5b0d6bbfe; MATLAB 2026a,ALL_SITE_BASIC_LOSS_AUDIT_NOT_PAPER_RESULT; Gt=Gr=0dBi; g=h; no separate P2108; site-level propagation only; no direct antenna gain included
0,NRCAN_GATINEAU_REFERENCE,SITE_PROP_E3_SITE_11,P452_p20_coast5_H,8.15,1,6.56424156432139e-13,1,0,none_documented,ITU-R P.452-18 reference v18.0 commit 86f8026ce39635fa2b599e50d6d01fe5b0d6bbfe; MATLAB 2026a,ALL_SITE_BASIC_LOSS_AUDIT_NOT_PAPER_RESULT; Gt=Gr=0dBi; g=h; no separate P2108; site-level propagation only; no direct antenna gain included
0,NRCAN_GATINEAU_REFERENCE,SITE_PROP_E3_SITE_11,P452_p10_coast5_H,8.15,1,6.87446666070965e-13,1,0,none_documented,ITU-R P.452-18 reference v18.0 commit 86f8026ce39635fa2b599e50d6d01fe5b0d6bbfe; MATLAB 2026a,ALL_SITE_BASIC_LOSS_AUDIT_NOT_PAPER_RESULT; Gt=Gr=0dBi; g=h; no separate P2108; site-level propagation only; no direct antenna gain included
0,NRCAN_GATINEAU_REFERENCE,SITE_PROP_E3_SITE_11,P452_p1_coast5_H,8.15,1,8.27458099846723e-13,1,0,none_documented,ITU-R P.452-18 reference v18.0 commit 86f8026ce39635fa2b599e50d6d01fe5b0d6bbfe; MATLAB 2026a,ALL_SITE_BASIC_LOSS_AUDIT_NOT_PAPER_RESULT; Gt=Gr=0dBi; g=h; no separate P2108; site-level propagation only; no direct antenna gain included
0,NRCAN_GATINEAU_REFERENCE,SITE_PROP_E3_SITE_11,P452_p0.1_coast5_H,8.15,1,9.98839064856799e-13,1,0,none_documented,ITU-R P.452-18 reference v18.0 commit 86f8026ce39635fa2b599e50d6d01fe5b0d6bbfe; MATLAB 2026a,ALL_SITE_BASIC_LOSS_AUDIT_NOT_PAPER_RESULT; Gt=Gr=0dBi; g=h; no separate P2108; site-level propagation only; no direct antenna gain included
0,NRCAN_GATINEAU_REFERENCE,SITE_PROP_E3_SITE_11,P452_p0.01_coast5_H,8.15,1,1.20571625382782e-12,1,0,none_documented,ITU-R P.452-18 reference v18.0 commit 86f8026ce39635fa2b599e50d6d01fe5b0d6bbfe; MATLAB 2026a,ALL_SITE_BASIC_LOSS_AUDIT_NOT_PAPER_RESULT; Gt=Gr=0dBi; g=h; no separate P2108; site-level propagation only; no direct antenna gain included
0,NRCAN_GATINEAU_REFERENCE,SITE_PROP_E3_SITE_11,P452_p0.005_coast5_H,8.15,1,1.27601051210899e-12,1,0,none_documented,ITU-R P.452-18 reference v18.0 commit 86f8026ce39635fa2b599e50d6d01fe5b0d6bbfe; MATLAB 2026a,ALL_SITE_BASIC_LOSS_AUDIT_NOT_PAPER_RESULT; Gt=Gr=0dBi; g=h; no separate P2108; site-level propagation only; no direct antenna gain included
0,NRCAN_GATINEAU_REFERENCE,SITE_PROP_E3_SITE_11,P452_p50_coast5_V,8.15,1,6.00974541615569e-13,1,0,none_documented,ITU-R P.452-18 reference v18.0 commit 86f8026ce39635fa2b599e50d6d01fe5b0d6bbfe; MATLAB 2026a,ALL_SITE_BASIC_LOSS_AUDIT_NOT_PAPER_RESULT; Gt=Gr=0dBi; g=h; no separate P2108; site-level propagation only; no direct antenna gain included
0,NRCAN_GATINEAU_REFERENCE,SITE_PROP_E3_SITE_11,P452_p20_coast5_V,8.15,1,6.56424156432139e-13,1,0,none_documented,ITU-R P.452-18 reference v18.0 commit 86f8026ce39635fa2b599e50d6d01fe5b0d6bbfe; MATLAB 2026a,ALL_SITE_BASIC_LOSS_AUDIT_NOT_PAPER_RESULT; Gt=Gr=0dBi; g=h; no separate P2108; site-level propagation only; no direct antenna gain included
0,NRCAN_GATINEAU_REFERENCE,SITE_PROP_E3_SITE_11,P452_p10_coast5_V,8.15,1,6.87446666070965e-13,1,0,none_documented,ITU-R P.452-18 reference v18.0 commit 86f8026ce39635fa2b599e50d6d01fe5b0d6bbfe; MATLAB 2026a,ALL_SITE_BASIC_LOSS_AUDIT_NOT_PAPER_RESULT; Gt=Gr=0dBi; g=h; no separate P2108; site-level propagation only; no direct antenna gain included
0,NRCAN_GATINEAU_REFERENCE,SITE_PROP_E3_SITE_11,P452_p1_coast5_V,8.15,1,8.27458099846723e-13,1,0,none_documented,ITU-R P.452-18 reference v18.0 commit 86f8026ce39635fa2b599e50d6d01fe5b0d6bbfe; MATLAB 2026a,ALL_SITE_BASIC_LOSS_AUDIT_NOT_PAPER_RESULT; Gt=Gr=0dBi; g=h; no separate P2108; site-level propagation only; no direct antenna gain included
0,NRCAN_GATINEAU_REFERENCE,SITE_PROP_E3_SITE_11,P452_p0.1_coast5_V,8.15,1,9.98839064856799e-13,1,0,none_documented,ITU-R P.452-18 reference v18.0 commit 86f8026ce39635fa2b599e50d6d01fe5b0d6bbfe; MATLAB 2026a,ALL_SITE_BASIC_LOSS_AUDIT_NOT_PAPER_RESULT; Gt=Gr=0dBi; g=h; no separate P2108; site-level propagation only; no direct antenna gain included
0,NRCAN_GATINEAU_REFERENCE,SITE_PROP_E3_SITE_11,P452_p0.01_coast5_V,8.15,1,1.20571625382782e-12,1,0,none_documented,ITU-R P.452-18 reference v18.0 commit 86f8026ce39635fa2b599e50d6d01fe5b0d6bbfe; MATLAB 2026a,ALL_SITE_BASIC_LOSS_AUDIT_NOT_PAPER_RESULT; Gt=Gr=0dBi; g=h; no separate P2108; site-level propagation only; no direct antenna gain included
0,NRCAN_GATINEAU_REFERENCE,SITE_PROP_E3_SITE_11,P452_p0.005_coast5_V,8.15,1,1.27601051210899e-12,1,0,none_documented,ITU-R P.452-18 reference v18.0 commit 86f8026ce39635fa2b599e50d6d01fe5b0d6bbfe; MATLAB 2026a,ALL_SITE_BASIC_LOSS_AUDIT_NOT_PAPER_RESULT; Gt=Gr=0dBi; g=h; no separate P2108; site-level propagation only; no direct antenna gain included
0,NRCAN_GATINEAU_REFERENCE,SITE_PROP_E3_SITE_11,P452_p50_coast50_H,8.15,1,6.00974541615569e-13,1,0,none_documented,ITU-R P.452-18 reference v18.0 commit 86f8026ce39635fa2b599e50d6d01fe5b0d6bbfe; MATLAB 2026a,ALL_SITE_BASIC_LOSS_AUDIT_NOT_PAPER_RESULT; Gt=Gr=0dBi; g=h; no separate P2108; site-level propagation only; no direct antenna gain included
0,NRCAN_GATINEAU_REFERENCE,SITE_PROP_E3_SITE_11,P452_p20_coast50_H,8.15,1,6.56424156432139e-13,1,0,none_documented,ITU-R P.452-18 reference v18.0 commit 86f8026ce39635fa2b599e50d6d01fe5b0d6bbfe; MATLAB 2026a,ALL_SITE_BASIC_LOSS_AUDIT_NOT_PAPER_RESULT; Gt=Gr=0dBi; g=h; no separate P2108; site-level propagation only; no direct antenna gain included
0,NRCAN_GATINEAU_REFERENCE,SITE_PROP_E3_SITE_11,P452_p10_coast50_H,8.15,1,6.87446666070965e-13,1,0,none_documented,ITU-R P.452-18 reference v18.0 commit 86f8026ce39635fa2b599e50d6d01fe5b0d6bbfe; MATLAB 2026a,ALL_SITE_BASIC_LOSS_AUDIT_NOT_PAPER_RESULT; Gt=Gr=0dBi; g=h; no separate P2108; site-level propagation only; no direct antenna gain included
0,NRCAN_GATINEAU_REFERENCE,SITE_PROP_E3_SITE_11,P452_p1_coast50_H,8.15,1,8.27458099846723e-13,1,0,none_documented,ITU-R P.452-18 reference v18.0 commit 86f8026ce39635fa2b599e50d6d01fe5b0d6bbfe; MATLAB 2026a,ALL_SITE_BASIC_LOSS_AUDIT_NOT_PAPER_RESULT; Gt=Gr=0dBi; g=h; no separate P2108; site-level propagation only; no direct antenna gain included
0,NRCAN_GATINEAU_REFERENCE,SITE_PROP_E3_SITE_11,P452_p0.1_coast50_H,8.15,1,9.98839064856799e-13,1,0,none_documented,ITU-R P.452-18 reference v18.0 commit 86f8026ce39635fa2b599e50d6d01fe5b0d6bbfe; MATLAB 2026a,ALL_SITE_BASIC_LOSS_AUDIT_NOT_PAPER_RESULT; Gt=Gr=0dBi; g=h; no separate P2108; site-level propagation only; no direct antenna gain included
0,NRCAN_GATINEAU_REFERENCE,SITE_PROP_E3_SITE_11,P452_p0.01_coast50_H,8.15,1,1.20571625382782e-12,1,0,none_documented,ITU-R P.452-18 reference v18.0 commit 86f8026ce39635fa2b599e50d6d01fe5b0d6bbfe; MATLAB 2026a,ALL_SITE_BASIC_LOSS_AUDIT_NOT_PAPER_RESULT; Gt=Gr=0dBi; g=h; no separate P2108; site-level propagation only; no direct antenna gain included
0,NRCAN_GATINEAU_REFERENCE,SITE_PROP_E3_SITE_11,P452_p0.005_coast50_H,8.15,1,1.27601051210899e-12,1,0,none_documented,ITU-R P.452-18 reference v18.0 commit 86f8026ce39635fa2b599e50d6d01fe5b0d6bbfe; MATLAB 2026a,ALL_SITE_BASIC_LOSS_AUDIT_NOT_PAPER_RESULT; Gt=Gr=0dBi; g=h; no separate P2108; site-level propagation only; no direct antenna gain included
0,NRCAN_GATINEAU_REFERENCE,SITE_PROP_E3_SITE_11,P452_p50_coast50_V,8.15,1,6.00974541615569e-13,1,0,none_documented,ITU-R P.452-18 reference v18.0 commit 86f8026ce39635fa2b599e50d6d01fe5b0d6bbfe; MATLAB 2026a,ALL_SITE_BASIC_LOSS_AUDIT_NOT_PAPER_RESULT; Gt=Gr=0dBi; g=h; no separate P2108; site-level propagation only; no direct antenna gain included
0,NRCAN_GATINEAU_REFERENCE,SITE_PROP_E3_SITE_11,P452_p20_coast50_V,8.15,1,6.56424156432139e-13,1,0,none_documented,ITU-R P.452-18 reference v18.0 commit 86f8026ce39635fa2b599e50d6d01fe5b0d6bbfe; MATLAB 2026a,ALL_SITE_BASIC_LOSS_AUDIT_NOT_PAPER_RESULT; Gt=Gr=0dBi; g=h; no separate P2108; site-level propagation only; no direct antenna gain included
0,NRCAN_GATINEAU_REFERENCE,SITE_PROP_E3_SITE_11,P452_p10_coast50_V,8.15,1,6.87446666070965e-13,1,0,none_documented,ITU-R P.452-18 reference v18.0 commit 86f8026ce39635fa2b599e50d6d01fe5b0d6bbfe; MATLAB 2026a,ALL_SITE_BASIC_LOSS_AUDIT_NOT_PAPER_RESULT; Gt=Gr=0dBi; g=h; no separate P2108; site-level propagation only; no direct antenna gain included
0,NRCAN_GATINEAU_REFERENCE,SITE_PROP_E3_SITE_11,P452_p1_coast50_V,8.15,1,8.27458099846723e-13,1,0,none_documented,ITU-R P.452-18 reference v18.0 commit 86f8026ce39635fa2b599e50d6d01fe5b0d6bbfe; MATLAB 2026a,ALL_SITE_BASIC_LOSS_AUDIT_NOT_PAPER_RESULT; Gt=Gr=0dBi; g=h; no separate P2108; site-level propagation only; no direct antenna gain included
0,NRCAN_GATINEAU_REFERENCE,SITE_PROP_E3_SITE_11,P452_p0.1_coast50_V,8.15,1,9.98839064856799e-13,1,0,none_documented,ITU-R P.452-18 reference v18.0 commit 86f8026ce39635fa2b599e50d6d01fe5b0d6bbfe; MATLAB 2026a,ALL_SITE_BASIC_LOSS_AUDIT_NOT_PAPER_RESULT; Gt=Gr=0dBi; g=h; no separate P2108; site-level propagation only; no direct antenna gain included
0,NRCAN_GATINEAU_REFERENCE,SITE_PROP_E3_SITE_11,P452_p0.01_coast50_V,8.15,1,1.20571625382782e-12,1,0,none_documented,ITU-R P.452-18 reference v18.0 commit 86f8026ce39635fa2b599e50d6d01fe5b0d6bbfe; MATLAB 2026a,ALL_SITE_BASIC_LOSS_AUDIT_NOT_PAPER_RESULT; Gt=Gr=0dBi; g=h; no separate P2108; site-level propagation only; no direct antenna gain included
0,NRCAN_GATINEAU_REFERENCE,SITE_PROP_E3_SITE_11,P452_p0.005_coast50_V,8.15,1,1.27601051210899e-12,1,0,none_documented,ITU-R P.452-18 reference v18.0 commit 86f8026ce39635fa2b599e50d6d01fe5b0d6bbfe; MATLAB 2026a,ALL_SITE_BASIC_LOSS_AUDIT_NOT_PAPER_RESULT; Gt=Gr=0dBi; g=h; no separate P2108; site-level propagation only; no direct antenna gain included
0,NRCAN_GATINEAU_REFERENCE,SITE_PROP_E3_SITE_11,P452_p50_coast200_H,8.15,1,6.00974541615569e-13,1,0,none_documented,ITU-R P.452-18 reference v18.0 commit 86f8026ce39635fa2b599e50d6d01fe5b0d6bbfe; MATLAB 2026a,ALL_SITE_BASIC_LOSS_AUDIT_NOT_PAPER_RESULT; Gt=Gr=0dBi; g=h; no separate P2108; site-level propagation only; no direct antenna gain included
0,NRCAN_GATINEAU_REFERENCE,SITE_PROP_E3_SITE_11,P452_p20_coast200_H,8.15,1,6.56424156432139e-13,1,0,none_documented,ITU-R P.452-18 reference v18.0 commit 86f8026ce39635fa2b599e50d6d01fe5b0d6bbfe; MATLAB 2026a,ALL_SITE_BASIC_LOSS_AUDIT_NOT_PAPER_RESULT; Gt=Gr=0dBi; g=h; no separate P2108; site-level propagation only; no direct antenna gain included
0,NRCAN_GATINEAU_REFERENCE,SITE_PROP_E3_SITE_11,P452_p10_coast200_H,8.15,1,6.87446666070965e-13,1,0,none_documented,ITU-R P.452-18 reference v18.0 commit 86f8026ce39635fa2b599e50d6d01fe5b0d6bbfe; MATLAB 2026a,ALL_SITE_BASIC_LOSS_AUDIT_NOT_PAPER_RESULT; Gt=Gr=0dBi; g=h; no separate P2108; site-level propagation only; no direct antenna gain included
0,NRCAN_GATINEAU_REFERENCE,SITE_PROP_E3_SITE_11,P452_p1_coast200_H,8.15,1,8.27458099846723e-13,1,0,none_documented,ITU-R P.452-18 reference v18.0 commit 86f8026ce39635fa2b599e50d6d01fe5b0d6bbfe; MATLAB 2026a,ALL_SITE_BASIC_LOSS_AUDIT_NOT_PAPER_RESULT; Gt=Gr=0dBi; g=h; no separate P2108; site-level propagation only; no direct antenna gain included
0,NRCAN_GATINEAU_REFERENCE,SITE_PROP_E3_SITE_11,P452_p0.1_coast200_H,8.15,1,9.98839064856799e-13,1,0,none_documented,ITU-R P.452-18 reference v18.0 commit 86f8026ce39635fa2b599e50d6d01fe5b0d6bbfe; MATLAB 2026a,ALL_SITE_BASIC_LOSS_AUDIT_NOT_PAPER_RESULT; Gt=Gr=0dBi; g=h; no separate P2108; site-level propagation only; no direct antenna gain included
0,NRCAN_GATINEAU_REFERENCE,SITE_PROP_E3_SITE_11,P452_p0.01_coast200_H,8.15,1,1.20571625382782e-12,1,0,none_documented,ITU-R P.452-18 reference v18.0 commit 86f8026ce39635fa2b599e50d6d01fe5b0d6bbfe; MATLAB 2026a,ALL_SITE_BASIC_LOSS_AUDIT_NOT_PAPER_RESULT; Gt=Gr=0dBi; g=h; no separate P2108; site-level propagation only; no direct antenna gain included
0,NRCAN_GATINEAU_REFERENCE,SITE_PROP_E3_SITE_11,P452_p0.005_coast200_H,8.15,1,1.27601051210899e-12,1,0,none_documented,ITU-R P.452-18 reference v18.0 commit 86f8026ce39635fa2b599e50d6d01fe5b0d6bbfe; MATLAB 2026a,ALL_SITE_BASIC_LOSS_AUDIT_NOT_PAPER_RESULT; Gt=Gr=0dBi; g=h; no separate P2108; site-level propagation only; no direct antenna gain included
0,NRCAN_GATINEAU_REFERENCE,SITE_PROP_E3_SITE_11,P452_p50_coast200_V,8.15,1,6.00974541615569e-13,1,0,none_documented,ITU-R P.452-18 reference v18.0 commit 86f8026ce39635fa2b599e50d6d01fe5b0d6bbfe; MATLAB 2026a,ALL_SITE_BASIC_LOSS_AUDIT_NOT_PAPER_RESULT; Gt=Gr=0dBi; g=h; no separate P2108; site-level propagation only; no direct antenna gain included
0,NRCAN_GATINEAU_REFERENCE,SITE_PROP_E3_SITE_11,P452_p20_coast200_V,8.15,1,6.56424156432139e-13,1,0,none_documented,ITU-R P.452-18 reference v18.0 commit 86f8026ce39635fa2b599e50d6d01fe5b0d6bbfe; MATLAB 2026a,ALL_SITE_BASIC_LOSS_AUDIT_NOT_PAPER_RESULT; Gt=Gr=0dBi; g=h; no separate P2108; site-level propagation only; no direct antenna gain included
0,NRCAN_GATINEAU_REFERENCE,SITE_PROP_E3_SITE_11,P452_p10_coast200_V,8.15,1,6.87446666070965e-13,1,0,none_documented,ITU-R P.452-18 reference v18.0 commit 86f8026ce39635fa2b599e50d6d01fe5b0d6bbfe; MATLAB 2026a,ALL_SITE_BASIC_LOSS_AUDIT_NOT_PAPER_RESULT; Gt=Gr=0dBi; g=h; no separate P2108; site-level propagation only; no direct antenna gain included
0,NRCAN_GATINEAU_REFERENCE,SITE_PROP_E3_SITE_11,P452_p1_coast200_V,8.15,1,8.27458099846723e-13,1,0,none_documented,ITU-R P.452-18 reference v18.0 commit 86f8026ce39635fa2b599e50d6d01fe5b0d6bbfe; MATLAB 2026a,ALL_SITE_BASIC_LOSS_AUDIT_NOT_PAPER_RESULT; Gt=Gr=0dBi; g=h; no separate P2108; site-level propagation only; no direct antenna gain included
0,NRCAN_GATINEAU_REFERENCE,SITE_PROP_E3_SITE_11,P452_p0.1_coast200_V,8.15,1,9.98839064856799e-13,1,0,none_documented,ITU-R P.452-18 reference v18.0 commit 86f8026ce39635fa2b599e50d6d01fe5b0d6bbfe; MATLAB 2026a,ALL_SITE_BASIC_LOSS_AUDIT_NOT_PAPER_RESULT; Gt=Gr=0dBi; g=h; no separate P2108; site-level propagation only; no direct antenna gain included
0,NRCAN_GATINEAU_REFERENCE,SITE_PROP_E3_SITE_11,P452_p0.01_coast200_V,8.15,1,1.20571625382782e-12,1,0,none_documented,ITU-R P.452-18 reference v18.0 commit 86f8026ce39635fa2b599e50d6d01fe5b0d6bbfe; MATLAB 2026a,ALL_SITE_BASIC_LOSS_AUDIT_NOT_PAPER_RESULT; Gt=Gr=0dBi; g=h; no separate P2108; site-level propagation only; no direct antenna gain included
0,NRCAN_GATINEAU_REFERENCE,SITE_PROP_E3_SITE_11,P452_p0.005_coast200_V,8.15,1,1.27601051210899e-12,1,0,none_documented,ITU-R P.452-18 reference v18.0 commit 86f8026ce39635fa2b599e50d6d01fe5b0d6bbfe; MATLAB 2026a,ALL_SITE_BASIC_LOSS_AUDIT_NOT_PAPER_RESULT; Gt=Gr=0dBi; g=h; no separate P2108; site-level propagation only; no direct antenna gain included
0,NRCAN_GATINEAU_REFERENCE,SITE_PROP_E3_SITE_12,P452_p50_coast5_H,8.15,1,8.79984660406086e-13,1,0,none_documented,ITU-R P.452-18 reference v18.0 commit 86f8026ce39635fa2b599e50d6d01fe5b0d6bbfe; MATLAB 2026a,ALL_SITE_BASIC_LOSS_AUDIT_NOT_PAPER_RESULT; Gt=Gr=0dBi; g=h; no separate P2108; site-level propagation only; no direct antenna gain included
0,NRCAN_GATINEAU_REFERENCE,SITE_PROP_E3_SITE_12,P452_p20_coast5_H,8.15,1,9.48592245548472e-13,1,0,none_documented,ITU-R P.452-18 reference v18.0 commit 86f8026ce39635fa2b599e50d6d01fe5b0d6bbfe; MATLAB 2026a,ALL_SITE_BASIC_LOSS_AUDIT_NOT_PAPER_RESULT; Gt=Gr=0dBi; g=h; no separate P2108; site-level propagation only; no direct antenna gain included
0,NRCAN_GATINEAU_REFERENCE,SITE_PROP_E3_SITE_12,P452_p10_coast5_H,8.15,1,9.86595372499823e-13,1,0,none_documented,ITU-R P.452-18 reference v18.0 commit 86f8026ce39635fa2b599e50d6d01fe5b0d6bbfe; MATLAB 2026a,ALL_SITE_BASIC_LOSS_AUDIT_NOT_PAPER_RESULT; Gt=Gr=0dBi; g=h; no separate P2108; site-level propagation only; no direct antenna gain included
0,NRCAN_GATINEAU_REFERENCE,SITE_PROP_E3_SITE_12,P452_p1_coast5_H,8.15,1,1.15597458482464e-12,1,0,none_documented,ITU-R P.452-18 reference v18.0 commit 86f8026ce39635fa2b599e50d6d01fe5b0d6bbfe; MATLAB 2026a,ALL_SITE_BASIC_LOSS_AUDIT_NOT_PAPER_RESULT; Gt=Gr=0dBi; g=h; no separate P2108; site-level propagation only; no direct antenna gain included
0,NRCAN_GATINEAU_REFERENCE,SITE_PROP_E3_SITE_12,P452_p0.1_coast5_H,8.15,1,1.35731503805018e-12,1,0,none_documented,ITU-R P.452-18 reference v18.0 commit 86f8026ce39635fa2b599e50d6d01fe5b0d6bbfe; MATLAB 2026a,ALL_SITE_BASIC_LOSS_AUDIT_NOT_PAPER_RESULT; Gt=Gr=0dBi; g=h; no separate P2108; site-level propagation only; no direct antenna gain included
0,NRCAN_GATINEAU_REFERENCE,SITE_PROP_E3_SITE_12,P452_p0.01_coast5_H,8.15,1,1.59372412231112e-12,1,0,none_documented,ITU-R P.452-18 reference v18.0 commit 86f8026ce39635fa2b599e50d6d01fe5b0d6bbfe; MATLAB 2026a,ALL_SITE_BASIC_LOSS_AUDIT_NOT_PAPER_RESULT; Gt=Gr=0dBi; g=h; no separate P2108; site-level propagation only; no direct antenna gain included
0,NRCAN_GATINEAU_REFERENCE,SITE_PROP_E3_SITE_12,P452_p0.005_coast5_H,8.15,1,1.67264889752172e-12,1,0,none_documented,ITU-R P.452-18 reference v18.0 commit 86f8026ce39635fa2b599e50d6d01fe5b0d6bbfe; MATLAB 2026a,ALL_SITE_BASIC_LOSS_AUDIT_NOT_PAPER_RESULT; Gt=Gr=0dBi; g=h; no separate P2108; site-level propagation only; no direct antenna gain included
0,NRCAN_GATINEAU_REFERENCE,SITE_PROP_E3_SITE_12,P452_p50_coast5_V,8.15,1,8.79984660406086e-13,1,0,none_documented,ITU-R P.452-18 reference v18.0 commit 86f8026ce39635fa2b599e50d6d01fe5b0d6bbfe; MATLAB 2026a,ALL_SITE_BASIC_LOSS_AUDIT_NOT_PAPER_RESULT; Gt=Gr=0dBi; g=h; no separate P2108; site-level propagation only; no direct antenna gain included
0,NRCAN_GATINEAU_REFERENCE,SITE_PROP_E3_SITE_12,P452_p20_coast5_V,8.15,1,9.48592245548472e-13,1,0,none_documented,ITU-R P.452-18 reference v18.0 commit 86f8026ce39635fa2b599e50d6d01fe5b0d6bbfe; MATLAB 2026a,ALL_SITE_BASIC_LOSS_AUDIT_NOT_PAPER_RESULT; Gt=Gr=0dBi; g=h; no separate P2108; site-level propagation only; no direct antenna gain included
0,NRCAN_GATINEAU_REFERENCE,SITE_PROP_E3_SITE_12,P452_p10_coast5_V,8.15,1,9.86595372499823e-13,1,0,none_documented,ITU-R P.452-18 reference v18.0 commit 86f8026ce39635fa2b599e50d6d01fe5b0d6bbfe; MATLAB 2026a,ALL_SITE_BASIC_LOSS_AUDIT_NOT_PAPER_RESULT; Gt=Gr=0dBi; g=h; no separate P2108; site-level propagation only; no direct antenna gain included
0,NRCAN_GATINEAU_REFERENCE,SITE_PROP_E3_SITE_12,P452_p1_coast5_V,8.15,1,1.15597458482464e-12,1,0,none_documented,ITU-R P.452-18 reference v18.0 commit 86f8026ce39635fa2b599e50d6d01fe5b0d6bbfe; MATLAB 2026a,ALL_SITE_BASIC_LOSS_AUDIT_NOT_PAPER_RESULT; Gt=Gr=0dBi; g=h; no separate P2108; site-level propagation only; no direct antenna gain included
0,NRCAN_GATINEAU_REFERENCE,SITE_PROP_E3_SITE_12,P452_p0.1_coast5_V,8.15,1,1.35731503805018e-12,1,0,none_documented,ITU-R P.452-18 reference v18.0 commit 86f8026ce39635fa2b599e50d6d01fe5b0d6bbfe; MATLAB 2026a,ALL_SITE_BASIC_LOSS_AUDIT_NOT_PAPER_RESULT; Gt=Gr=0dBi; g=h; no separate P2108; site-level propagation only; no direct antenna gain included
0,NRCAN_GATINEAU_REFERENCE,SITE_PROP_E3_SITE_12,P452_p0.01_coast5_V,8.15,1,1.59372412231112e-12,1,0,none_documented,ITU-R P.452-18 reference v18.0 commit 86f8026ce39635fa2b599e50d6d01fe5b0d6bbfe; MATLAB 2026a,ALL_SITE_BASIC_LOSS_AUDIT_NOT_PAPER_RESULT; Gt=Gr=0dBi; g=h; no separate P2108; site-level propagation only; no direct antenna gain included
0,NRCAN_GATINEAU_REFERENCE,SITE_PROP_E3_SITE_12,P452_p0.005_coast5_V,8.15,1,1.67264889752172e-12,1,0,none_documented,ITU-R P.452-18 reference v18.0 commit 86f8026ce39635fa2b599e50d6d01fe5b0d6bbfe; MATLAB 2026a,ALL_SITE_BASIC_LOSS_AUDIT_NOT_PAPER_RESULT; Gt=Gr=0dBi; g=h; no separate P2108; site-level propagation only; no direct antenna gain included
0,NRCAN_GATINEAU_REFERENCE,SITE_PROP_E3_SITE_12,P452_p50_coast50_H,8.15,1,8.79984660406086e-13,1,0,none_documented,ITU-R P.452-18 reference v18.0 commit 86f8026ce39635fa2b599e50d6d01fe5b0d6bbfe; MATLAB 2026a,ALL_SITE_BASIC_LOSS_AUDIT_NOT_PAPER_RESULT; Gt=Gr=0dBi; g=h; no separate P2108; site-level propagation only; no direct antenna gain included
0,NRCAN_GATINEAU_REFERENCE,SITE_PROP_E3_SITE_12,P452_p20_coast50_H,8.15,1,9.48592245548472e-13,1,0,none_documented,ITU-R P.452-18 reference v18.0 commit 86f8026ce39635fa2b599e50d6d01fe5b0d6bbfe; MATLAB 2026a,ALL_SITE_BASIC_LOSS_AUDIT_NOT_PAPER_RESULT; Gt=Gr=0dBi; g=h; no separate P2108; site-level propagation only; no direct antenna gain included
0,NRCAN_GATINEAU_REFERENCE,SITE_PROP_E3_SITE_12,P452_p10_coast50_H,8.15,1,9.86595372499823e-13,1,0,none_documented,ITU-R P.452-18 reference v18.0 commit 86f8026ce39635fa2b599e50d6d01fe5b0d6bbfe; MATLAB 2026a,ALL_SITE_BASIC_LOSS_AUDIT_NOT_PAPER_RESULT; Gt=Gr=0dBi; g=h; no separate P2108; site-level propagation only; no direct antenna gain included
0,NRCAN_GATINEAU_REFERENCE,SITE_PROP_E3_SITE_12,P452_p1_coast50_H,8.15,1,1.15597458482464e-12,1,0,none_documented,ITU-R P.452-18 reference v18.0 commit 86f8026ce39635fa2b599e50d6d01fe5b0d6bbfe; MATLAB 2026a,ALL_SITE_BASIC_LOSS_AUDIT_NOT_PAPER_RESULT; Gt=Gr=0dBi; g=h; no separate P2108; site-level propagation only; no direct antenna gain included
0,NRCAN_GATINEAU_REFERENCE,SITE_PROP_E3_SITE_12,P452_p0.1_coast50_H,8.15,1,1.35731503805018e-12,1,0,none_documented,ITU-R P.452-18 reference v18.0 commit 86f8026ce39635fa2b599e50d6d01fe5b0d6bbfe; MATLAB 2026a,ALL_SITE_BASIC_LOSS_AUDIT_NOT_PAPER_RESULT; Gt=Gr=0dBi; g=h; no separate P2108; site-level propagation only; no direct antenna gain included
0,NRCAN_GATINEAU_REFERENCE,SITE_PROP_E3_SITE_12,P452_p0.01_coast50_H,8.15,1,1.59372412231112e-12,1,0,none_documented,ITU-R P.452-18 reference v18.0 commit 86f8026ce39635fa2b599e50d6d01fe5b0d6bbfe; MATLAB 2026a,ALL_SITE_BASIC_LOSS_AUDIT_NOT_PAPER_RESULT; Gt=Gr=0dBi; g=h; no separate P2108; site-level propagation only; no direct antenna gain included
0,NRCAN_GATINEAU_REFERENCE,SITE_PROP_E3_SITE_12,P452_p0.005_coast50_H,8.15,1,1.67264889752172e-12,1,0,none_documented,ITU-R P.452-18 reference v18.0 commit 86f8026ce39635fa2b599e50d6d01fe5b0d6bbfe; MATLAB 2026a,ALL_SITE_BASIC_LOSS_AUDIT_NOT_PAPER_RESULT; Gt=Gr=0dBi; g=h; no separate P2108; site-level propagation only; no direct antenna gain included
0,NRCAN_GATINEAU_REFERENCE,SITE_PROP_E3_SITE_12,P452_p50_coast50_V,8.15,1,8.79984660406086e-13,1,0,none_documented,ITU-R P.452-18 reference v18.0 commit 86f8026ce39635fa2b599e50d6d01fe5b0d6bbfe; MATLAB 2026a,ALL_SITE_BASIC_LOSS_AUDIT_NOT_PAPER_RESULT; Gt=Gr=0dBi; g=h; no separate P2108; site-level propagation only; no direct antenna gain included
0,NRCAN_GATINEAU_REFERENCE,SITE_PROP_E3_SITE_12,P452_p20_coast50_V,8.15,1,9.48592245548472e-13,1,0,none_documented,ITU-R P.452-18 reference v18.0 commit 86f8026ce39635fa2b599e50d6d01fe5b0d6bbfe; MATLAB 2026a,ALL_SITE_BASIC_LOSS_AUDIT_NOT_PAPER_RESULT; Gt=Gr=0dBi; g=h; no separate P2108; site-level propagation only; no direct antenna gain included
0,NRCAN_GATINEAU_REFERENCE,SITE_PROP_E3_SITE_12,P452_p10_coast50_V,8.15,1,9.86595372499823e-13,1,0,none_documented,ITU-R P.452-18 reference v18.0 commit 86f8026ce39635fa2b599e50d6d01fe5b0d6bbfe; MATLAB 2026a,ALL_SITE_BASIC_LOSS_AUDIT_NOT_PAPER_RESULT; Gt=Gr=0dBi; g=h; no separate P2108; site-level propagation only; no direct antenna gain included
0,NRCAN_GATINEAU_REFERENCE,SITE_PROP_E3_SITE_12,P452_p1_coast50_V,8.15,1,1.15597458482464e-12,1,0,none_documented,ITU-R P.452-18 reference v18.0 commit 86f8026ce39635fa2b599e50d6d01fe5b0d6bbfe; MATLAB 2026a,ALL_SITE_BASIC_LOSS_AUDIT_NOT_PAPER_RESULT; Gt=Gr=0dBi; g=h; no separate P2108; site-level propagation only; no direct antenna gain included
0,NRCAN_GATINEAU_REFERENCE,SITE_PROP_E3_SITE_12,P452_p0.1_coast50_V,8.15,1,1.35731503805018e-12,1,0,none_documented,ITU-R P.452-18 reference v18.0 commit 86f8026ce39635fa2b599e50d6d01fe5b0d6bbfe; MATLAB 2026a,ALL_SITE_BASIC_LOSS_AUDIT_NOT_PAPER_RESULT; Gt=Gr=0dBi; g=h; no separate P2108; site-level propagation only; no direct antenna gain included
0,NRCAN_GATINEAU_REFERENCE,SITE_PROP_E3_SITE_12,P452_p0.01_coast50_V,8.15,1,1.59372412231112e-12,1,0,none_documented,ITU-R P.452-18 reference v18.0 commit 86f8026ce39635fa2b599e50d6d01fe5b0d6bbfe; MATLAB 2026a,ALL_SITE_BASIC_LOSS_AUDIT_NOT_PAPER_RESULT; Gt=Gr=0dBi; g=h; no separate P2108; site-level propagation only; no direct antenna gain included
0,NRCAN_GATINEAU_REFERENCE,SITE_PROP_E3_SITE_12,P452_p0.005_coast50_V,8.15,1,1.67264889752172e-12,1,0,none_documented,ITU-R P.452-18 reference v18.0 commit 86f8026ce39635fa2b599e50d6d01fe5b0d6bbfe; MATLAB 2026a,ALL_SITE_BASIC_LOSS_AUDIT_NOT_PAPER_RESULT; Gt=Gr=0dBi; g=h; no separate P2108; site-level propagation only; no direct antenna gain included
0,NRCAN_GATINEAU_REFERENCE,SITE_PROP_E3_SITE_12,P452_p50_coast200_H,8.15,1,8.79984660406086e-13,1,0,none_documented,ITU-R P.452-18 reference v18.0 commit 86f8026ce39635fa2b599e50d6d01fe5b0d6bbfe; MATLAB 2026a,ALL_SITE_BASIC_LOSS_AUDIT_NOT_PAPER_RESULT; Gt=Gr=0dBi; g=h; no separate P2108; site-level propagation only; no direct antenna gain included
0,NRCAN_GATINEAU_REFERENCE,SITE_PROP_E3_SITE_12,P452_p20_coast200_H,8.15,1,9.48592245548472e-13,1,0,none_documented,ITU-R P.452-18 reference v18.0 commit 86f8026ce39635fa2b599e50d6d01fe5b0d6bbfe; MATLAB 2026a,ALL_SITE_BASIC_LOSS_AUDIT_NOT_PAPER_RESULT; Gt=Gr=0dBi; g=h; no separate P2108; site-level propagation only; no direct antenna gain included
0,NRCAN_GATINEAU_REFERENCE,SITE_PROP_E3_SITE_12,P452_p10_coast200_H,8.15,1,9.86595372499823e-13,1,0,none_documented,ITU-R P.452-18 reference v18.0 commit 86f8026ce39635fa2b599e50d6d01fe5b0d6bbfe; MATLAB 2026a,ALL_SITE_BASIC_LOSS_AUDIT_NOT_PAPER_RESULT; Gt=Gr=0dBi; g=h; no separate P2108; site-level propagation only; no direct antenna gain included
0,NRCAN_GATINEAU_REFERENCE,SITE_PROP_E3_SITE_12,P452_p1_coast200_H,8.15,1,1.15597458482464e-12,1,0,none_documented,ITU-R P.452-18 reference v18.0 commit 86f8026ce39635fa2b599e50d6d01fe5b0d6bbfe; MATLAB 2026a,ALL_SITE_BASIC_LOSS_AUDIT_NOT_PAPER_RESULT; Gt=Gr=0dBi; g=h; no separate P2108; site-level propagation only; no direct antenna gain included
0,NRCAN_GATINEAU_REFERENCE,SITE_PROP_E3_SITE_12,P452_p0.1_coast200_H,8.15,1,1.35731503805018e-12,1,0,none_documented,ITU-R P.452-18 reference v18.0 commit 86f8026ce39635fa2b599e50d6d01fe5b0d6bbfe; MATLAB 2026a,ALL_SITE_BASIC_LOSS_AUDIT_NOT_PAPER_RESULT; Gt=Gr=0dBi; g=h; no separate P2108; site-level propagation only; no direct antenna gain included
0,NRCAN_GATINEAU_REFERENCE,SITE_PROP_E3_SITE_12,P452_p0.01_coast200_H,8.15,1,1.59372412231112e-12,1,0,none_documented,ITU-R P.452-18 reference v18.0 commit 86f8026ce39635fa2b599e50d6d01fe5b0d6bbfe; MATLAB 2026a,ALL_SITE_BASIC_LOSS_AUDIT_NOT_PAPER_RESULT; Gt=Gr=0dBi; g=h; no separate P2108; site-level propagation only; no direct antenna gain included
0,NRCAN_GATINEAU_REFERENCE,SITE_PROP_E3_SITE_12,P452_p0.005_coast200_H,8.15,1,1.67264889752172e-12,1,0,none_documented,ITU-R P.452-18 reference v18.0 commit 86f8026ce39635fa2b599e50d6d01fe5b0d6bbfe; MATLAB 2026a,ALL_SITE_BASIC_LOSS_AUDIT_NOT_PAPER_RESULT; Gt=Gr=0dBi; g=h; no separate P2108; site-level propagation only; no direct antenna gain included
0,NRCAN_GATINEAU_REFERENCE,SITE_PROP_E3_SITE_12,P452_p50_coast200_V,8.15,1,8.79984660406086e-13,1,0,none_documented,ITU-R P.452-18 reference v18.0 commit 86f8026ce39635fa2b599e50d6d01fe5b0d6bbfe; MATLAB 2026a,ALL_SITE_BASIC_LOSS_AUDIT_NOT_PAPER_RESULT; Gt=Gr=0dBi; g=h; no separate P2108; site-level propagation only; no direct antenna gain included
0,NRCAN_GATINEAU_REFERENCE,SITE_PROP_E3_SITE_12,P452_p20_coast200_V,8.15,1,9.48592245548472e-13,1,0,none_documented,ITU-R P.452-18 reference v18.0 commit 86f8026ce39635fa2b599e50d6d01fe5b0d6bbfe; MATLAB 2026a,ALL_SITE_BASIC_LOSS_AUDIT_NOT_PAPER_RESULT; Gt=Gr=0dBi; g=h; no separate P2108; site-level propagation only; no direct antenna gain included
0,NRCAN_GATINEAU_REFERENCE,SITE_PROP_E3_SITE_12,P452_p10_coast200_V,8.15,1,9.86595372499823e-13,1,0,none_documented,ITU-R P.452-18 reference v18.0 commit 86f8026ce39635fa2b599e50d6d01fe5b0d6bbfe; MATLAB 2026a,ALL_SITE_BASIC_LOSS_AUDIT_NOT_PAPER_RESULT; Gt=Gr=0dBi; g=h; no separate P2108; site-level propagation only; no direct antenna gain included
0,NRCAN_GATINEAU_REFERENCE,SITE_PROP_E3_SITE_12,P452_p1_coast200_V,8.15,1,1.15597458482464e-12,1,0,none_documented,ITU-R P.452-18 reference v18.0 commit 86f8026ce39635fa2b599e50d6d01fe5b0d6bbfe; MATLAB 2026a,ALL_SITE_BASIC_LOSS_AUDIT_NOT_PAPER_RESULT; Gt=Gr=0dBi; g=h; no separate P2108; site-level propagation only; no direct antenna gain included
0,NRCAN_GATINEAU_REFERENCE,SITE_PROP_E3_SITE_12,P452_p0.1_coast200_V,8.15,1,1.35731503805018e-12,1,0,none_documented,ITU-R P.452-18 reference v18.0 commit 86f8026ce39635fa2b599e50d6d01fe5b0d6bbfe; MATLAB 2026a,ALL_SITE_BASIC_LOSS_AUDIT_NOT_PAPER_RESULT; Gt=Gr=0dBi; g=h; no separate P2108; site-level propagation only; no direct antenna gain included
0,NRCAN_GATINEAU_REFERENCE,SITE_PROP_E3_SITE_12,P452_p0.01_coast200_V,8.15,1,1.59372412231112e-12,1,0,none_documented,ITU-R P.452-18 reference v18.0 commit 86f8026ce39635fa2b599e50d6d01fe5b0d6bbfe; MATLAB 2026a,ALL_SITE_BASIC_LOSS_AUDIT_NOT_PAPER_RESULT; Gt=Gr=0dBi; g=h; no separate P2108; site-level propagation only; no direct antenna gain included
0,NRCAN_GATINEAU_REFERENCE,SITE_PROP_E3_SITE_12,P452_p0.005_coast200_V,8.15,1,1.67264889752172e-12,1,0,none_documented,ITU-R P.452-18 reference v18.0 commit 86f8026ce39635fa2b599e50d6d01fe5b0d6bbfe; MATLAB 2026a,ALL_SITE_BASIC_LOSS_AUDIT_NOT_PAPER_RESULT; Gt=Gr=0dBi; g=h; no separate P2108; site-level propagation only; no direct antenna gain included
0,NRCAN_GATINEAU_REFERENCE,SITE_PROP_E3_SITE_13,P452_p50_coast5_H,8.15,1,6.5857734769449e-13,1,0,none_documented,ITU-R P.452-18 reference v18.0 commit 86f8026ce39635fa2b599e50d6d01fe5b0d6bbfe; MATLAB 2026a,ALL_SITE_BASIC_LOSS_AUDIT_NOT_PAPER_RESULT; Gt=Gr=0dBi; g=h; no separate P2108; site-level propagation only; no direct antenna gain included
0,NRCAN_GATINEAU_REFERENCE,SITE_PROP_E3_SITE_13,P452_p20_coast5_H,8.15,1,7.16937855153488e-13,1,0,none_documented,ITU-R P.452-18 reference v18.0 commit 86f8026ce39635fa2b599e50d6d01fe5b0d6bbfe; MATLAB 2026a,ALL_SITE_BASIC_LOSS_AUDIT_NOT_PAPER_RESULT; Gt=Gr=0dBi; g=h; no separate P2108; site-level propagation only; no direct antenna gain included
0,NRCAN_GATINEAU_REFERENCE,SITE_PROP_E3_SITE_13,P452_p10_coast5_H,8.15,1,7.49506363692645e-13,1,0,none_documented,ITU-R P.452-18 reference v18.0 commit 86f8026ce39635fa2b599e50d6d01fe5b0d6bbfe; MATLAB 2026a,ALL_SITE_BASIC_LOSS_AUDIT_NOT_PAPER_RESULT; Gt=Gr=0dBi; g=h; no separate P2108; site-level propagation only; no direct antenna gain included
0,NRCAN_GATINEAU_REFERENCE,SITE_PROP_E3_SITE_13,P452_p1_coast5_H,8.15,1,8.96032841421687e-13,1,0,none_documented,ITU-R P.452-18 reference v18.0 commit 86f8026ce39635fa2b599e50d6d01fe5b0d6bbfe; MATLAB 2026a,ALL_SITE_BASIC_LOSS_AUDIT_NOT_PAPER_RESULT; Gt=Gr=0dBi; g=h; no separate P2108; site-level propagation only; no direct antenna gain included
0,NRCAN_GATINEAU_REFERENCE,SITE_PROP_E3_SITE_13,P452_p0.1_coast5_H,8.15,1,1.07406055987034e-12,1,0,none_documented,ITU-R P.452-18 reference v18.0 commit 86f8026ce39635fa2b599e50d6d01fe5b0d6bbfe; MATLAB 2026a,ALL_SITE_BASIC_LOSS_AUDIT_NOT_PAPER_RESULT; Gt=Gr=0dBi; g=h; no separate P2108; site-level propagation only; no direct antenna gain included
0,NRCAN_GATINEAU_REFERENCE,SITE_PROP_E3_SITE_13,P452_p0.01_coast5_H,8.15,1,1.28745988041934e-12,1,0,none_documented,ITU-R P.452-18 reference v18.0 commit 86f8026ce39635fa2b599e50d6d01fe5b0d6bbfe; MATLAB 2026a,ALL_SITE_BASIC_LOSS_AUDIT_NOT_PAPER_RESULT; Gt=Gr=0dBi; g=h; no separate P2108; site-level propagation only; no direct antenna gain included
0,NRCAN_GATINEAU_REFERENCE,SITE_PROP_E3_SITE_13,P452_p0.005_coast5_H,8.15,1,1.3596474448968e-12,1,0,none_documented,ITU-R P.452-18 reference v18.0 commit 86f8026ce39635fa2b599e50d6d01fe5b0d6bbfe; MATLAB 2026a,ALL_SITE_BASIC_LOSS_AUDIT_NOT_PAPER_RESULT; Gt=Gr=0dBi; g=h; no separate P2108; site-level propagation only; no direct antenna gain included
0,NRCAN_GATINEAU_REFERENCE,SITE_PROP_E3_SITE_13,P452_p50_coast5_V,8.15,1,6.5857734769449e-13,1,0,none_documented,ITU-R P.452-18 reference v18.0 commit 86f8026ce39635fa2b599e50d6d01fe5b0d6bbfe; MATLAB 2026a,ALL_SITE_BASIC_LOSS_AUDIT_NOT_PAPER_RESULT; Gt=Gr=0dBi; g=h; no separate P2108; site-level propagation only; no direct antenna gain included
0,NRCAN_GATINEAU_REFERENCE,SITE_PROP_E3_SITE_13,P452_p20_coast5_V,8.15,1,7.16937855153488e-13,1,0,none_documented,ITU-R P.452-18 reference v18.0 commit 86f8026ce39635fa2b599e50d6d01fe5b0d6bbfe; MATLAB 2026a,ALL_SITE_BASIC_LOSS_AUDIT_NOT_PAPER_RESULT; Gt=Gr=0dBi; g=h; no separate P2108; site-level propagation only; no direct antenna gain included
0,NRCAN_GATINEAU_REFERENCE,SITE_PROP_E3_SITE_13,P452_p10_coast5_V,8.15,1,7.49506363692645e-13,1,0,none_documented,ITU-R P.452-18 reference v18.0 commit 86f8026ce39635fa2b599e50d6d01fe5b0d6bbfe; MATLAB 2026a,ALL_SITE_BASIC_LOSS_AUDIT_NOT_PAPER_RESULT; Gt=Gr=0dBi; g=h; no separate P2108; site-level propagation only; no direct antenna gain included
0,NRCAN_GATINEAU_REFERENCE,SITE_PROP_E3_SITE_13,P452_p1_coast5_V,8.15,1,8.96032841421687e-13,1,0,none_documented,ITU-R P.452-18 reference v18.0 commit 86f8026ce39635fa2b599e50d6d01fe5b0d6bbfe; MATLAB 2026a,ALL_SITE_BASIC_LOSS_AUDIT_NOT_PAPER_RESULT; Gt=Gr=0dBi; g=h; no separate P2108; site-level propagation only; no direct antenna gain included
0,NRCAN_GATINEAU_REFERENCE,SITE_PROP_E3_SITE_13,P452_p0.1_coast5_V,8.15,1,1.07406055987034e-12,1,0,none_documented,ITU-R P.452-18 reference v18.0 commit 86f8026ce39635fa2b599e50d6d01fe5b0d6bbfe; MATLAB 2026a,ALL_SITE_BASIC_LOSS_AUDIT_NOT_PAPER_RESULT; Gt=Gr=0dBi; g=h; no separate P2108; site-level propagation only; no direct antenna gain included
0,NRCAN_GATINEAU_REFERENCE,SITE_PROP_E3_SITE_13,P452_p0.01_coast5_V,8.15,1,1.28745988041934e-12,1,0,none_documented,ITU-R P.452-18 reference v18.0 commit 86f8026ce39635fa2b599e50d6d01fe5b0d6bbfe; MATLAB 2026a,ALL_SITE_BASIC_LOSS_AUDIT_NOT_PAPER_RESULT; Gt=Gr=0dBi; g=h; no separate P2108; site-level propagation only; no direct antenna gain included
0,NRCAN_GATINEAU_REFERENCE,SITE_PROP_E3_SITE_13,P452_p0.005_coast5_V,8.15,1,1.3596474448968e-12,1,0,none_documented,ITU-R P.452-18 reference v18.0 commit 86f8026ce39635fa2b599e50d6d01fe5b0d6bbfe; MATLAB 2026a,ALL_SITE_BASIC_LOSS_AUDIT_NOT_PAPER_RESULT; Gt=Gr=0dBi; g=h; no separate P2108; site-level propagation only; no direct antenna gain included
0,NRCAN_GATINEAU_REFERENCE,SITE_PROP_E3_SITE_13,P452_p50_coast50_H,8.15,1,6.5857734769449e-13,1,0,none_documented,ITU-R P.452-18 reference v18.0 commit 86f8026ce39635fa2b599e50d6d01fe5b0d6bbfe; MATLAB 2026a,ALL_SITE_BASIC_LOSS_AUDIT_NOT_PAPER_RESULT; Gt=Gr=0dBi; g=h; no separate P2108; site-level propagation only; no direct antenna gain included
0,NRCAN_GATINEAU_REFERENCE,SITE_PROP_E3_SITE_13,P452_p20_coast50_H,8.15,1,7.16937855153488e-13,1,0,none_documented,ITU-R P.452-18 reference v18.0 commit 86f8026ce39635fa2b599e50d6d01fe5b0d6bbfe; MATLAB 2026a,ALL_SITE_BASIC_LOSS_AUDIT_NOT_PAPER_RESULT; Gt=Gr=0dBi; g=h; no separate P2108; site-level propagation only; no direct antenna gain included
0,NRCAN_GATINEAU_REFERENCE,SITE_PROP_E3_SITE_13,P452_p10_coast50_H,8.15,1,7.49506363692645e-13,1,0,none_documented,ITU-R P.452-18 reference v18.0 commit 86f8026ce39635fa2b599e50d6d01fe5b0d6bbfe; MATLAB 2026a,ALL_SITE_BASIC_LOSS_AUDIT_NOT_PAPER_RESULT; Gt=Gr=0dBi; g=h; no separate P2108; site-level propagation only; no direct antenna gain included
0,NRCAN_GATINEAU_REFERENCE,SITE_PROP_E3_SITE_13,P452_p1_coast50_H,8.15,1,8.96032841421687e-13,1,0,none_documented,ITU-R P.452-18 reference v18.0 commit 86f8026ce39635fa2b599e50d6d01fe5b0d6bbfe; MATLAB 2026a,ALL_SITE_BASIC_LOSS_AUDIT_NOT_PAPER_RESULT; Gt=Gr=0dBi; g=h; no separate P2108; site-level propagation only; no direct antenna gain included
0,NRCAN_GATINEAU_REFERENCE,SITE_PROP_E3_SITE_13,P452_p0.1_coast50_H,8.15,1,1.07406055987034e-12,1,0,none_documented,ITU-R P.452-18 reference v18.0 commit 86f8026ce39635fa2b599e50d6d01fe5b0d6bbfe; MATLAB 2026a,ALL_SITE_BASIC_LOSS_AUDIT_NOT_PAPER_RESULT; Gt=Gr=0dBi; g=h; no separate P2108; site-level propagation only; no direct antenna gain included
0,NRCAN_GATINEAU_REFERENCE,SITE_PROP_E3_SITE_13,P452_p0.01_coast50_H,8.15,1,1.28745988041934e-12,1,0,none_documented,ITU-R P.452-18 reference v18.0 commit 86f8026ce39635fa2b599e50d6d01fe5b0d6bbfe; MATLAB 2026a,ALL_SITE_BASIC_LOSS_AUDIT_NOT_PAPER_RESULT; Gt=Gr=0dBi; g=h; no separate P2108; site-level propagation only; no direct antenna gain included
0,NRCAN_GATINEAU_REFERENCE,SITE_PROP_E3_SITE_13,P452_p0.005_coast50_H,8.15,1,1.3596474448968e-12,1,0,none_documented,ITU-R P.452-18 reference v18.0 commit 86f8026ce39635fa2b599e50d6d01fe5b0d6bbfe; MATLAB 2026a,ALL_SITE_BASIC_LOSS_AUDIT_NOT_PAPER_RESULT; Gt=Gr=0dBi; g=h; no separate P2108; site-level propagation only; no direct antenna gain included
0,NRCAN_GATINEAU_REFERENCE,SITE_PROP_E3_SITE_13,P452_p50_coast50_V,8.15,1,6.5857734769449e-13,1,0,none_documented,ITU-R P.452-18 reference v18.0 commit 86f8026ce39635fa2b599e50d6d01fe5b0d6bbfe; MATLAB 2026a,ALL_SITE_BASIC_LOSS_AUDIT_NOT_PAPER_RESULT; Gt=Gr=0dBi; g=h; no separate P2108; site-level propagation only; no direct antenna gain included
0,NRCAN_GATINEAU_REFERENCE,SITE_PROP_E3_SITE_13,P452_p20_coast50_V,8.15,1,7.16937855153488e-13,1,0,none_documented,ITU-R P.452-18 reference v18.0 commit 86f8026ce39635fa2b599e50d6d01fe5b0d6bbfe; MATLAB 2026a,ALL_SITE_BASIC_LOSS_AUDIT_NOT_PAPER_RESULT; Gt=Gr=0dBi; g=h; no separate P2108; site-level propagation only; no direct antenna gain included
0,NRCAN_GATINEAU_REFERENCE,SITE_PROP_E3_SITE_13,P452_p10_coast50_V,8.15,1,7.49506363692645e-13,1,0,none_documented,ITU-R P.452-18 reference v18.0 commit 86f8026ce39635fa2b599e50d6d01fe5b0d6bbfe; MATLAB 2026a,ALL_SITE_BASIC_LOSS_AUDIT_NOT_PAPER_RESULT; Gt=Gr=0dBi; g=h; no separate P2108; site-level propagation only; no direct antenna gain included
0,NRCAN_GATINEAU_REFERENCE,SITE_PROP_E3_SITE_13,P452_p1_coast50_V,8.15,1,8.96032841421687e-13,1,0,none_documented,ITU-R P.452-18 reference v18.0 commit 86f8026ce39635fa2b599e50d6d01fe5b0d6bbfe; MATLAB 2026a,ALL_SITE_BASIC_LOSS_AUDIT_NOT_PAPER_RESULT; Gt=Gr=0dBi; g=h; no separate P2108; site-level propagation only; no direct antenna gain included
0,NRCAN_GATINEAU_REFERENCE,SITE_PROP_E3_SITE_13,P452_p0.1_coast50_V,8.15,1,1.07406055987034e-12,1,0,none_documented,ITU-R P.452-18 reference v18.0 commit 86f8026ce39635fa2b599e50d6d01fe5b0d6bbfe; MATLAB 2026a,ALL_SITE_BASIC_LOSS_AUDIT_NOT_PAPER_RESULT; Gt=Gr=0dBi; g=h; no separate P2108; site-level propagation only; no direct antenna gain included
0,NRCAN_GATINEAU_REFERENCE,SITE_PROP_E3_SITE_13,P452_p0.01_coast50_V,8.15,1,1.28745988041934e-12,1,0,none_documented,ITU-R P.452-18 reference v18.0 commit 86f8026ce39635fa2b599e50d6d01fe5b0d6bbfe; MATLAB 2026a,ALL_SITE_BASIC_LOSS_AUDIT_NOT_PAPER_RESULT; Gt=Gr=0dBi; g=h; no separate P2108; site-level propagation only; no direct antenna gain included
0,NRCAN_GATINEAU_REFERENCE,SITE_PROP_E3_SITE_13,P452_p0.005_coast50_V,8.15,1,1.3596474448968e-12,1,0,none_documented,ITU-R P.452-18 reference v18.0 commit 86f8026ce39635fa2b599e50d6d01fe5b0d6bbfe; MATLAB 2026a,ALL_SITE_BASIC_LOSS_AUDIT_NOT_PAPER_RESULT; Gt=Gr=0dBi; g=h; no separate P2108; site-level propagation only; no direct antenna gain included
0,NRCAN_GATINEAU_REFERENCE,SITE_PROP_E3_SITE_13,P452_p50_coast200_H,8.15,1,6.5857734769449e-13,1,0,none_documented,ITU-R P.452-18 reference v18.0 commit 86f8026ce39635fa2b599e50d6d01fe5b0d6bbfe; MATLAB 2026a,ALL_SITE_BASIC_LOSS_AUDIT_NOT_PAPER_RESULT; Gt=Gr=0dBi; g=h; no separate P2108; site-level propagation only; no direct antenna gain included
0,NRCAN_GATINEAU_REFERENCE,SITE_PROP_E3_SITE_13,P452_p20_coast200_H,8.15,1,7.16937855153488e-13,1,0,none_documented,ITU-R P.452-18 reference v18.0 commit 86f8026ce39635fa2b599e50d6d01fe5b0d6bbfe; MATLAB 2026a,ALL_SITE_BASIC_LOSS_AUDIT_NOT_PAPER_RESULT; Gt=Gr=0dBi; g=h; no separate P2108; site-level propagation only; no direct antenna gain included
0,NRCAN_GATINEAU_REFERENCE,SITE_PROP_E3_SITE_13,P452_p10_coast200_H,8.15,1,7.49506363692645e-13,1,0,none_documented,ITU-R P.452-18 reference v18.0 commit 86f8026ce39635fa2b599e50d6d01fe5b0d6bbfe; MATLAB 2026a,ALL_SITE_BASIC_LOSS_AUDIT_NOT_PAPER_RESULT; Gt=Gr=0dBi; g=h; no separate P2108; site-level propagation only; no direct antenna gain included
0,NRCAN_GATINEAU_REFERENCE,SITE_PROP_E3_SITE_13,P452_p1_coast200_H,8.15,1,8.96032841421687e-13,1,0,none_documented,ITU-R P.452-18 reference v18.0 commit 86f8026ce39635fa2b599e50d6d01fe5b0d6bbfe; MATLAB 2026a,ALL_SITE_BASIC_LOSS_AUDIT_NOT_PAPER_RESULT; Gt=Gr=0dBi; g=h; no separate P2108; site-level propagation only; no direct antenna gain included
0,NRCAN_GATINEAU_REFERENCE,SITE_PROP_E3_SITE_13,P452_p0.1_coast200_H,8.15,1,1.07406055987034e-12,1,0,none_documented,ITU-R P.452-18 reference v18.0 commit 86f8026ce39635fa2b599e50d6d01fe5b0d6bbfe; MATLAB 2026a,ALL_SITE_BASIC_LOSS_AUDIT_NOT_PAPER_RESULT; Gt=Gr=0dBi; g=h; no separate P2108; site-level propagation only; no direct antenna gain included
0,NRCAN_GATINEAU_REFERENCE,SITE_PROP_E3_SITE_13,P452_p0.01_coast200_H,8.15,1,1.28745988041934e-12,1,0,none_documented,ITU-R P.452-18 reference v18.0 commit 86f8026ce39635fa2b599e50d6d01fe5b0d6bbfe; MATLAB 2026a,ALL_SITE_BASIC_LOSS_AUDIT_NOT_PAPER_RESULT; Gt=Gr=0dBi; g=h; no separate P2108; site-level propagation only; no direct antenna gain included
0,NRCAN_GATINEAU_REFERENCE,SITE_PROP_E3_SITE_13,P452_p0.005_coast200_H,8.15,1,1.3596474448968e-12,1,0,none_documented,ITU-R P.452-18 reference v18.0 commit 86f8026ce39635fa2b599e50d6d01fe5b0d6bbfe; MATLAB 2026a,ALL_SITE_BASIC_LOSS_AUDIT_NOT_PAPER_RESULT; Gt=Gr=0dBi; g=h; no separate P2108; site-level propagation only; no direct antenna gain included
0,NRCAN_GATINEAU_REFERENCE,SITE_PROP_E3_SITE_13,P452_p50_coast200_V,8.15,1,6.5857734769449e-13,1,0,none_documented,ITU-R P.452-18 reference v18.0 commit 86f8026ce39635fa2b599e50d6d01fe5b0d6bbfe; MATLAB 2026a,ALL_SITE_BASIC_LOSS_AUDIT_NOT_PAPER_RESULT; Gt=Gr=0dBi; g=h; no separate P2108; site-level propagation only; no direct antenna gain included
0,NRCAN_GATINEAU_REFERENCE,SITE_PROP_E3_SITE_13,P452_p20_coast200_V,8.15,1,7.16937855153488e-13,1,0,none_documented,ITU-R P.452-18 reference v18.0 commit 86f8026ce39635fa2b599e50d6d01fe5b0d6bbfe; MATLAB 2026a,ALL_SITE_BASIC_LOSS_AUDIT_NOT_PAPER_RESULT; Gt=Gr=0dBi; g=h; no separate P2108; site-level propagation only; no direct antenna gain included
0,NRCAN_GATINEAU_REFERENCE,SITE_PROP_E3_SITE_13,P452_p10_coast200_V,8.15,1,7.49506363692645e-13,1,0,none_documented,ITU-R P.452-18 reference v18.0 commit 86f8026ce39635fa2b599e50d6d01fe5b0d6bbfe; MATLAB 2026a,ALL_SITE_BASIC_LOSS_AUDIT_NOT_PAPER_RESULT; Gt=Gr=0dBi; g=h; no separate P2108; site-level propagation only; no direct antenna gain included
0,NRCAN_GATINEAU_REFERENCE,SITE_PROP_E3_SITE_13,P452_p1_coast200_V,8.15,1,8.96032841421687e-13,1,0,none_documented,ITU-R P.452-18 reference v18.0 commit 86f8026ce39635fa2b599e50d6d01fe5b0d6bbfe; MATLAB 2026a,ALL_SITE_BASIC_LOSS_AUDIT_NOT_PAPER_RESULT; Gt=Gr=0dBi; g=h; no separate P2108; site-level propagation only; no direct antenna gain included
0,NRCAN_GATINEAU_REFERENCE,SITE_PROP_E3_SITE_13,P452_p0.1_coast200_V,8.15,1,1.07406055987034e-12,1,0,none_documented,ITU-R P.452-18 reference v18.0 commit 86f8026ce39635fa2b599e50d6d01fe5b0d6bbfe; MATLAB 2026a,ALL_SITE_BASIC_LOSS_AUDIT_NOT_PAPER_RESULT; Gt=Gr=0dBi; g=h; no separate P2108; site-level propagation only; no direct antenna gain included
0,NRCAN_GATINEAU_REFERENCE,SITE_PROP_E3_SITE_13,P452_p0.01_coast200_V,8.15,1,1.28745988041934e-12,1,0,none_documented,ITU-R P.452-18 reference v18.0 commit 86f8026ce39635fa2b599e50d6d01fe5b0d6bbfe; MATLAB 2026a,ALL_SITE_BASIC_LOSS_AUDIT_NOT_PAPER_RESULT; Gt=Gr=0dBi; g=h; no separate P2108; site-level propagation only; no direct antenna gain included
0,NRCAN_GATINEAU_REFERENCE,SITE_PROP_E3_SITE_13,P452_p0.005_coast200_V,8.15,1,1.3596474448968e-12,1,0,none_documented,ITU-R P.452-18 reference v18.0 commit 86f8026ce39635fa2b599e50d6d01fe5b0d6bbfe; MATLAB 2026a,ALL_SITE_BASIC_LOSS_AUDIT_NOT_PAPER_RESULT; Gt=Gr=0dBi; g=h; no separate P2108; site-level propagation only; no direct antenna gain included
0,NRCAN_GATINEAU_REFERENCE,SITE_PROP_E3_SITE_14,P452_p50_coast5_H,8.15,1,1.22661538810812e-12,1,0,none_documented,ITU-R P.452-18 reference v18.0 commit 86f8026ce39635fa2b599e50d6d01fe5b0d6bbfe; MATLAB 2026a,ALL_SITE_BASIC_LOSS_AUDIT_NOT_PAPER_RESULT; Gt=Gr=0dBi; g=h; no separate P2108; site-level propagation only; no direct antenna gain included
0,NRCAN_GATINEAU_REFERENCE,SITE_PROP_E3_SITE_14,P452_p20_coast5_H,8.15,1,1.3089168305794e-12,1,0,none_documented,ITU-R P.452-18 reference v18.0 commit 86f8026ce39635fa2b599e50d6d01fe5b0d6bbfe; MATLAB 2026a,ALL_SITE_BASIC_LOSS_AUDIT_NOT_PAPER_RESULT; Gt=Gr=0dBi; g=h; no separate P2108; site-level propagation only; no direct antenna gain included
0,NRCAN_GATINEAU_REFERENCE,SITE_PROP_E3_SITE_14,P452_p10_coast5_H,8.15,1,1.35415672313926e-12,1,0,none_documented,ITU-R P.452-18 reference v18.0 commit 86f8026ce39635fa2b599e50d6d01fe5b0d6bbfe; MATLAB 2026a,ALL_SITE_BASIC_LOSS_AUDIT_NOT_PAPER_RESULT; Gt=Gr=0dBi; g=h; no separate P2108; site-level propagation only; no direct antenna gain included
0,NRCAN_GATINEAU_REFERENCE,SITE_PROP_E3_SITE_14,P452_p1_coast5_H,8.15,1,1.55380681026363e-12,1,0,none_documented,ITU-R P.452-18 reference v18.0 commit 86f8026ce39635fa2b599e50d6d01fe5b0d6bbfe; MATLAB 2026a,ALL_SITE_BASIC_LOSS_AUDIT_NOT_PAPER_RESULT; Gt=Gr=0dBi; g=h; no separate P2108; site-level propagation only; no direct antenna gain included
0,NRCAN_GATINEAU_REFERENCE,SITE_PROP_E3_SITE_14,P452_p0.1_coast5_H,8.15,1,1.78582429253221e-12,1,0,none_documented,ITU-R P.452-18 reference v18.0 commit 86f8026ce39635fa2b599e50d6d01fe5b0d6bbfe; MATLAB 2026a,ALL_SITE_BASIC_LOSS_AUDIT_NOT_PAPER_RESULT; Gt=Gr=0dBi; g=h; no separate P2108; site-level propagation only; no direct antenna gain included
0,NRCAN_GATINEAU_REFERENCE,SITE_PROP_E3_SITE_14,P452_p0.01_coast5_H,8.15,1,2.0524877004084e-12,1,0,none_documented,ITU-R P.452-18 reference v18.0 commit 86f8026ce39635fa2b599e50d6d01fe5b0d6bbfe; MATLAB 2026a,ALL_SITE_BASIC_LOSS_AUDIT_NOT_PAPER_RESULT; Gt=Gr=0dBi; g=h; no separate P2108; site-level propagation only; no direct antenna gain included
0,NRCAN_GATINEAU_REFERENCE,SITE_PROP_E3_SITE_14,P452_p0.005_coast5_H,8.15,1,2.14030397537936e-12,1,0,none_documented,ITU-R P.452-18 reference v18.0 commit 86f8026ce39635fa2b599e50d6d01fe5b0d6bbfe; MATLAB 2026a,ALL_SITE_BASIC_LOSS_AUDIT_NOT_PAPER_RESULT; Gt=Gr=0dBi; g=h; no separate P2108; site-level propagation only; no direct antenna gain included
0,NRCAN_GATINEAU_REFERENCE,SITE_PROP_E3_SITE_14,P452_p50_coast5_V,8.15,1,1.22661538810812e-12,1,0,none_documented,ITU-R P.452-18 reference v18.0 commit 86f8026ce39635fa2b599e50d6d01fe5b0d6bbfe; MATLAB 2026a,ALL_SITE_BASIC_LOSS_AUDIT_NOT_PAPER_RESULT; Gt=Gr=0dBi; g=h; no separate P2108; site-level propagation only; no direct antenna gain included
0,NRCAN_GATINEAU_REFERENCE,SITE_PROP_E3_SITE_14,P452_p20_coast5_V,8.15,1,1.3089168305794e-12,1,0,none_documented,ITU-R P.452-18 reference v18.0 commit 86f8026ce39635fa2b599e50d6d01fe5b0d6bbfe; MATLAB 2026a,ALL_SITE_BASIC_LOSS_AUDIT_NOT_PAPER_RESULT; Gt=Gr=0dBi; g=h; no separate P2108; site-level propagation only; no direct antenna gain included
0,NRCAN_GATINEAU_REFERENCE,SITE_PROP_E3_SITE_14,P452_p10_coast5_V,8.15,1,1.35415672313926e-12,1,0,none_documented,ITU-R P.452-18 reference v18.0 commit 86f8026ce39635fa2b599e50d6d01fe5b0d6bbfe; MATLAB 2026a,ALL_SITE_BASIC_LOSS_AUDIT_NOT_PAPER_RESULT; Gt=Gr=0dBi; g=h; no separate P2108; site-level propagation only; no direct antenna gain included
0,NRCAN_GATINEAU_REFERENCE,SITE_PROP_E3_SITE_14,P452_p1_coast5_V,8.15,1,1.55380681026363e-12,1,0,none_documented,ITU-R P.452-18 reference v18.0 commit 86f8026ce39635fa2b599e50d6d01fe5b0d6bbfe; MATLAB 2026a,ALL_SITE_BASIC_LOSS_AUDIT_NOT_PAPER_RESULT; Gt=Gr=0dBi; g=h; no separate P2108; site-level propagation only; no direct antenna gain included
0,NRCAN_GATINEAU_REFERENCE,SITE_PROP_E3_SITE_14,P452_p0.1_coast5_V,8.15,1,1.78582429253221e-12,1,0,none_documented,ITU-R P.452-18 reference v18.0 commit 86f8026ce39635fa2b599e50d6d01fe5b0d6bbfe; MATLAB 2026a,ALL_SITE_BASIC_LOSS_AUDIT_NOT_PAPER_RESULT; Gt=Gr=0dBi; g=h; no separate P2108; site-level propagation only; no direct antenna gain included
0,NRCAN_GATINEAU_REFERENCE,SITE_PROP_E3_SITE_14,P452_p0.01_coast5_V,8.15,1,2.0524877004084e-12,1,0,none_documented,ITU-R P.452-18 reference v18.0 commit 86f8026ce39635fa2b599e50d6d01fe5b0d6bbfe; MATLAB 2026a,ALL_SITE_BASIC_LOSS_AUDIT_NOT_PAPER_RESULT; Gt=Gr=0dBi; g=h; no separate P2108; site-level propagation only; no direct antenna gain included
0,NRCAN_GATINEAU_REFERENCE,SITE_PROP_E3_SITE_14,P452_p0.005_coast5_V,8.15,1,2.14030397537936e-12,1,0,none_documented,ITU-R P.452-18 reference v18.0 commit 86f8026ce39635fa2b599e50d6d01fe5b0d6bbfe; MATLAB 2026a,ALL_SITE_BASIC_LOSS_AUDIT_NOT_PAPER_RESULT; Gt=Gr=0dBi; g=h; no separate P2108; site-level propagation only; no direct antenna gain included
0,NRCAN_GATINEAU_REFERENCE,SITE_PROP_E3_SITE_14,P452_p50_coast50_H,8.15,1,1.22661538810812e-12,1,0,none_documented,ITU-R P.452-18 reference v18.0 commit 86f8026ce39635fa2b599e50d6d01fe5b0d6bbfe; MATLAB 2026a,ALL_SITE_BASIC_LOSS_AUDIT_NOT_PAPER_RESULT; Gt=Gr=0dBi; g=h; no separate P2108; site-level propagation only; no direct antenna gain included
0,NRCAN_GATINEAU_REFERENCE,SITE_PROP_E3_SITE_14,P452_p20_coast50_H,8.15,1,1.3089168305794e-12,1,0,none_documented,ITU-R P.452-18 reference v18.0 commit 86f8026ce39635fa2b599e50d6d01fe5b0d6bbfe; MATLAB 2026a,ALL_SITE_BASIC_LOSS_AUDIT_NOT_PAPER_RESULT; Gt=Gr=0dBi; g=h; no separate P2108; site-level propagation only; no direct antenna gain included
0,NRCAN_GATINEAU_REFERENCE,SITE_PROP_E3_SITE_14,P452_p10_coast50_H,8.15,1,1.35415672313926e-12,1,0,none_documented,ITU-R P.452-18 reference v18.0 commit 86f8026ce39635fa2b599e50d6d01fe5b0d6bbfe; MATLAB 2026a,ALL_SITE_BASIC_LOSS_AUDIT_NOT_PAPER_RESULT; Gt=Gr=0dBi; g=h; no separate P2108; site-level propagation only; no direct antenna gain included
0,NRCAN_GATINEAU_REFERENCE,SITE_PROP_E3_SITE_14,P452_p1_coast50_H,8.15,1,1.55380681026363e-12,1,0,none_documented,ITU-R P.452-18 reference v18.0 commit 86f8026ce39635fa2b599e50d6d01fe5b0d6bbfe; MATLAB 2026a,ALL_SITE_BASIC_LOSS_AUDIT_NOT_PAPER_RESULT; Gt=Gr=0dBi; g=h; no separate P2108; site-level propagation only; no direct antenna gain included
0,NRCAN_GATINEAU_REFERENCE,SITE_PROP_E3_SITE_14,P452_p0.1_coast50_H,8.15,1,1.78582429253221e-12,1,0,none_documented,ITU-R P.452-18 reference v18.0 commit 86f8026ce39635fa2b599e50d6d01fe5b0d6bbfe; MATLAB 2026a,ALL_SITE_BASIC_LOSS_AUDIT_NOT_PAPER_RESULT; Gt=Gr=0dBi; g=h; no separate P2108; site-level propagation only; no direct antenna gain included
0,NRCAN_GATINEAU_REFERENCE,SITE_PROP_E3_SITE_14,P452_p0.01_coast50_H,8.15,1,2.0524877004084e-12,1,0,none_documented,ITU-R P.452-18 reference v18.0 commit 86f8026ce39635fa2b599e50d6d01fe5b0d6bbfe; MATLAB 2026a,ALL_SITE_BASIC_LOSS_AUDIT_NOT_PAPER_RESULT; Gt=Gr=0dBi; g=h; no separate P2108; site-level propagation only; no direct antenna gain included
0,NRCAN_GATINEAU_REFERENCE,SITE_PROP_E3_SITE_14,P452_p0.005_coast50_H,8.15,1,2.14030397537936e-12,1,0,none_documented,ITU-R P.452-18 reference v18.0 commit 86f8026ce39635fa2b599e50d6d01fe5b0d6bbfe; MATLAB 2026a,ALL_SITE_BASIC_LOSS_AUDIT_NOT_PAPER_RESULT; Gt=Gr=0dBi; g=h; no separate P2108; site-level propagation only; no direct antenna gain included
0,NRCAN_GATINEAU_REFERENCE,SITE_PROP_E3_SITE_14,P452_p50_coast50_V,8.15,1,1.22661538810812e-12,1,0,none_documented,ITU-R P.452-18 reference v18.0 commit 86f8026ce39635fa2b599e50d6d01fe5b0d6bbfe; MATLAB 2026a,ALL_SITE_BASIC_LOSS_AUDIT_NOT_PAPER_RESULT; Gt=Gr=0dBi; g=h; no separate P2108; site-level propagation only; no direct antenna gain included
0,NRCAN_GATINEAU_REFERENCE,SITE_PROP_E3_SITE_14,P452_p20_coast50_V,8.15,1,1.3089168305794e-12,1,0,none_documented,ITU-R P.452-18 reference v18.0 commit 86f8026ce39635fa2b599e50d6d01fe5b0d6bbfe; MATLAB 2026a,ALL_SITE_BASIC_LOSS_AUDIT_NOT_PAPER_RESULT; Gt=Gr=0dBi; g=h; no separate P2108; site-level propagation only; no direct antenna gain included
0,NRCAN_GATINEAU_REFERENCE,SITE_PROP_E3_SITE_14,P452_p10_coast50_V,8.15,1,1.35415672313926e-12,1,0,none_documented,ITU-R P.452-18 reference v18.0 commit 86f8026ce39635fa2b599e50d6d01fe5b0d6bbfe; MATLAB 2026a,ALL_SITE_BASIC_LOSS_AUDIT_NOT_PAPER_RESULT; Gt=Gr=0dBi; g=h; no separate P2108; site-level propagation only; no direct antenna gain included
0,NRCAN_GATINEAU_REFERENCE,SITE_PROP_E3_SITE_14,P452_p1_coast50_V,8.15,1,1.55380681026363e-12,1,0,none_documented,ITU-R P.452-18 reference v18.0 commit 86f8026ce39635fa2b599e50d6d01fe5b0d6bbfe; MATLAB 2026a,ALL_SITE_BASIC_LOSS_AUDIT_NOT_PAPER_RESULT; Gt=Gr=0dBi; g=h; no separate P2108; site-level propagation only; no direct antenna gain included
0,NRCAN_GATINEAU_REFERENCE,SITE_PROP_E3_SITE_14,P452_p0.1_coast50_V,8.15,1,1.78582429253221e-12,1,0,none_documented,ITU-R P.452-18 reference v18.0 commit 86f8026ce39635fa2b599e50d6d01fe5b0d6bbfe; MATLAB 2026a,ALL_SITE_BASIC_LOSS_AUDIT_NOT_PAPER_RESULT; Gt=Gr=0dBi; g=h; no separate P2108; site-level propagation only; no direct antenna gain included
0,NRCAN_GATINEAU_REFERENCE,SITE_PROP_E3_SITE_14,P452_p0.01_coast50_V,8.15,1,2.0524877004084e-12,1,0,none_documented,ITU-R P.452-18 reference v18.0 commit 86f8026ce39635fa2b599e50d6d01fe5b0d6bbfe; MATLAB 2026a,ALL_SITE_BASIC_LOSS_AUDIT_NOT_PAPER_RESULT; Gt=Gr=0dBi; g=h; no separate P2108; site-level propagation only; no direct antenna gain included
0,NRCAN_GATINEAU_REFERENCE,SITE_PROP_E3_SITE_14,P452_p0.005_coast50_V,8.15,1,2.14030397537936e-12,1,0,none_documented,ITU-R P.452-18 reference v18.0 commit 86f8026ce39635fa2b599e50d6d01fe5b0d6bbfe; MATLAB 2026a,ALL_SITE_BASIC_LOSS_AUDIT_NOT_PAPER_RESULT; Gt=Gr=0dBi; g=h; no separate P2108; site-level propagation only; no direct antenna gain included
0,NRCAN_GATINEAU_REFERENCE,SITE_PROP_E3_SITE_14,P452_p50_coast200_H,8.15,1,1.22661538810812e-12,1,0,none_documented,ITU-R P.452-18 reference v18.0 commit 86f8026ce39635fa2b599e50d6d01fe5b0d6bbfe; MATLAB 2026a,ALL_SITE_BASIC_LOSS_AUDIT_NOT_PAPER_RESULT; Gt=Gr=0dBi; g=h; no separate P2108; site-level propagation only; no direct antenna gain included
0,NRCAN_GATINEAU_REFERENCE,SITE_PROP_E3_SITE_14,P452_p20_coast200_H,8.15,1,1.3089168305794e-12,1,0,none_documented,ITU-R P.452-18 reference v18.0 commit 86f8026ce39635fa2b599e50d6d01fe5b0d6bbfe; MATLAB 2026a,ALL_SITE_BASIC_LOSS_AUDIT_NOT_PAPER_RESULT; Gt=Gr=0dBi; g=h; no separate P2108; site-level propagation only; no direct antenna gain included
0,NRCAN_GATINEAU_REFERENCE,SITE_PROP_E3_SITE_14,P452_p10_coast200_H,8.15,1,1.35415672313926e-12,1,0,none_documented,ITU-R P.452-18 reference v18.0 commit 86f8026ce39635fa2b599e50d6d01fe5b0d6bbfe; MATLAB 2026a,ALL_SITE_BASIC_LOSS_AUDIT_NOT_PAPER_RESULT; Gt=Gr=0dBi; g=h; no separate P2108; site-level propagation only; no direct antenna gain included
0,NRCAN_GATINEAU_REFERENCE,SITE_PROP_E3_SITE_14,P452_p1_coast200_H,8.15,1,1.55380681026363e-12,1,0,none_documented,ITU-R P.452-18 reference v18.0 commit 86f8026ce39635fa2b599e50d6d01fe5b0d6bbfe; MATLAB 2026a,ALL_SITE_BASIC_LOSS_AUDIT_NOT_PAPER_RESULT; Gt=Gr=0dBi; g=h; no separate P2108; site-level propagation only; no direct antenna gain included
0,NRCAN_GATINEAU_REFERENCE,SITE_PROP_E3_SITE_14,P452_p0.1_coast200_H,8.15,1,1.78582429253221e-12,1,0,none_documented,ITU-R P.452-18 reference v18.0 commit 86f8026ce39635fa2b599e50d6d01fe5b0d6bbfe; MATLAB 2026a,ALL_SITE_BASIC_LOSS_AUDIT_NOT_PAPER_RESULT; Gt=Gr=0dBi; g=h; no separate P2108; site-level propagation only; no direct antenna gain included
0,NRCAN_GATINEAU_REFERENCE,SITE_PROP_E3_SITE_14,P452_p0.01_coast200_H,8.15,1,2.0524877004084e-12,1,0,none_documented,ITU-R P.452-18 reference v18.0 commit 86f8026ce39635fa2b599e50d6d01fe5b0d6bbfe; MATLAB 2026a,ALL_SITE_BASIC_LOSS_AUDIT_NOT_PAPER_RESULT; Gt=Gr=0dBi; g=h; no separate P2108; site-level propagation only; no direct antenna gain included
0,NRCAN_GATINEAU_REFERENCE,SITE_PROP_E3_SITE_14,P452_p0.005_coast200_H,8.15,1,2.14030397537936e-12,1,0,none_documented,ITU-R P.452-18 reference v18.0 commit 86f8026ce39635fa2b599e50d6d01fe5b0d6bbfe; MATLAB 2026a,ALL_SITE_BASIC_LOSS_AUDIT_NOT_PAPER_RESULT; Gt=Gr=0dBi; g=h; no separate P2108; site-level propagation only; no direct antenna gain included
0,NRCAN_GATINEAU_REFERENCE,SITE_PROP_E3_SITE_14,P452_p50_coast200_V,8.15,1,1.22661538810812e-12,1,0,none_documented,ITU-R P.452-18 reference v18.0 commit 86f8026ce39635fa2b599e50d6d01fe5b0d6bbfe; MATLAB 2026a,ALL_SITE_BASIC_LOSS_AUDIT_NOT_PAPER_RESULT; Gt=Gr=0dBi; g=h; no separate P2108; site-level propagation only; no direct antenna gain included
0,NRCAN_GATINEAU_REFERENCE,SITE_PROP_E3_SITE_14,P452_p20_coast200_V,8.15,1,1.3089168305794e-12,1,0,none_documented,ITU-R P.452-18 reference v18.0 commit 86f8026ce39635fa2b599e50d6d01fe5b0d6bbfe; MATLAB 2026a,ALL_SITE_BASIC_LOSS_AUDIT_NOT_PAPER_RESULT; Gt=Gr=0dBi; g=h; no separate P2108; site-level propagation only; no direct antenna gain included
0,NRCAN_GATINEAU_REFERENCE,SITE_PROP_E3_SITE_14,P452_p10_coast200_V,8.15,1,1.35415672313926e-12,1,0,none_documented,ITU-R P.452-18 reference v18.0 commit 86f8026ce39635fa2b599e50d6d01fe5b0d6bbfe; MATLAB 2026a,ALL_SITE_BASIC_LOSS_AUDIT_NOT_PAPER_RESULT; Gt=Gr=0dBi; g=h; no separate P2108; site-level propagation only; no direct antenna gain included
0,NRCAN_GATINEAU_REFERENCE,SITE_PROP_E3_SITE_14,P452_p1_coast200_V,8.15,1,1.55380681026363e-12,1,0,none_documented,ITU-R P.452-18 reference v18.0 commit 86f8026ce39635fa2b599e50d6d01fe5b0d6bbfe; MATLAB 2026a,ALL_SITE_BASIC_LOSS_AUDIT_NOT_PAPER_RESULT; Gt=Gr=0dBi; g=h; no separate P2108; site-level propagation only; no direct antenna gain included
0,NRCAN_GATINEAU_REFERENCE,SITE_PROP_E3_SITE_14,P452_p0.1_coast200_V,8.15,1,1.78582429253221e-12,1,0,none_documented,ITU-R P.452-18 reference v18.0 commit 86f8026ce39635fa2b599e50d6d01fe5b0d6bbfe; MATLAB 2026a,ALL_SITE_BASIC_LOSS_AUDIT_NOT_PAPER_RESULT; Gt=Gr=0dBi; g=h; no separate P2108; site-level propagation only; no direct antenna gain included
0,NRCAN_GATINEAU_REFERENCE,SITE_PROP_E3_SITE_14,P452_p0.01_coast200_V,8.15,1,2.0524877004084e-12,1,0,none_documented,ITU-R P.452-18 reference v18.0 commit 86f8026ce39635fa2b599e50d6d01fe5b0d6bbfe; MATLAB 2026a,ALL_SITE_BASIC_LOSS_AUDIT_NOT_PAPER_RESULT; Gt=Gr=0dBi; g=h; no separate P2108; site-level propagation only; no direct antenna gain included
0,NRCAN_GATINEAU_REFERENCE,SITE_PROP_E3_SITE_14,P452_p0.005_coast200_V,8.15,1,2.14030397537936e-12,1,0,none_documented,ITU-R P.452-18 reference v18.0 commit 86f8026ce39635fa2b599e50d6d01fe5b0d6bbfe; MATLAB 2026a,ALL_SITE_BASIC_LOSS_AUDIT_NOT_PAPER_RESULT; Gt=Gr=0dBi; g=h; no separate P2108; site-level propagation only; no direct antenna gain included
0,NRCAN_GATINEAU_REFERENCE,SITE_PROP_E3_SITE_15,P452_p50_coast5_H,8.15,1,8.78590552451558e-13,1,0,none_documented,ITU-R P.452-18 reference v18.0 commit 86f8026ce39635fa2b599e50d6d01fe5b0d6bbfe; MATLAB 2026a,ALL_SITE_BASIC_LOSS_AUDIT_NOT_PAPER_RESULT; Gt=Gr=0dBi; g=h; no separate P2108; site-level propagation only; no direct antenna gain included
0,NRCAN_GATINEAU_REFERENCE,SITE_PROP_E3_SITE_15,P452_p20_coast5_H,8.15,1,9.470894466312e-13,1,0,none_documented,ITU-R P.452-18 reference v18.0 commit 86f8026ce39635fa2b599e50d6d01fe5b0d6bbfe; MATLAB 2026a,ALL_SITE_BASIC_LOSS_AUDIT_NOT_PAPER_RESULT; Gt=Gr=0dBi; g=h; no separate P2108; site-level propagation only; no direct antenna gain included
0,NRCAN_GATINEAU_REFERENCE,SITE_PROP_E3_SITE_15,P452_p10_coast5_H,8.15,1,9.85032367463752e-13,1,0,none_documented,ITU-R P.452-18 reference v18.0 commit 86f8026ce39635fa2b599e50d6d01fe5b0d6bbfe; MATLAB 2026a,ALL_SITE_BASIC_LOSS_AUDIT_NOT_PAPER_RESULT; Gt=Gr=0dBi; g=h; no separate P2108; site-level propagation only; no direct antenna gain included
0,NRCAN_GATINEAU_REFERENCE,SITE_PROP_E3_SITE_15,P452_p1_coast5_H,8.15,1,1.15414324227955e-12,1,0,none_documented,ITU-R P.452-18 reference v18.0 commit 86f8026ce39635fa2b599e50d6d01fe5b0d6bbfe; MATLAB 2026a,ALL_SITE_BASIC_LOSS_AUDIT_NOT_PAPER_RESULT; Gt=Gr=0dBi; g=h; no separate P2108; site-level propagation only; no direct antenna gain included
0,NRCAN_GATINEAU_REFERENCE,SITE_PROP_E3_SITE_15,P452_p0.1_coast5_H,8.15,1,1.35516472385356e-12,1,0,none_documented,ITU-R P.452-18 reference v18.0 commit 86f8026ce39635fa2b599e50d6d01fe5b0d6bbfe; MATLAB 2026a,ALL_SITE_BASIC_LOSS_AUDIT_NOT_PAPER_RESULT; Gt=Gr=0dBi; g=h; no separate P2108; site-level propagation only; no direct antenna gain included
0,NRCAN_GATINEAU_REFERENCE,SITE_PROP_E3_SITE_15,P452_p0.01_coast5_H,8.15,1,1.59119928066518e-12,1,0,none_documented,ITU-R P.452-18 reference v18.0 commit 86f8026ce39635fa2b599e50d6d01fe5b0d6bbfe; MATLAB 2026a,ALL_SITE_BASIC_LOSS_AUDIT_NOT_PAPER_RESULT; Gt=Gr=0dBi; g=h; no separate P2108; site-level propagation only; no direct antenna gain included
0,NRCAN_GATINEAU_REFERENCE,SITE_PROP_E3_SITE_15,P452_p0.005_coast5_H,8.15,1,1.6699990214695e-12,1,0,none_documented,ITU-R P.452-18 reference v18.0 commit 86f8026ce39635fa2b599e50d6d01fe5b0d6bbfe; MATLAB 2026a,ALL_SITE_BASIC_LOSS_AUDIT_NOT_PAPER_RESULT; Gt=Gr=0dBi; g=h; no separate P2108; site-level propagation only; no direct antenna gain included
0,NRCAN_GATINEAU_REFERENCE,SITE_PROP_E3_SITE_15,P452_p50_coast5_V,8.15,1,8.78590552451558e-13,1,0,none_documented,ITU-R P.452-18 reference v18.0 commit 86f8026ce39635fa2b599e50d6d01fe5b0d6bbfe; MATLAB 2026a,ALL_SITE_BASIC_LOSS_AUDIT_NOT_PAPER_RESULT; Gt=Gr=0dBi; g=h; no separate P2108; site-level propagation only; no direct antenna gain included
0,NRCAN_GATINEAU_REFERENCE,SITE_PROP_E3_SITE_15,P452_p20_coast5_V,8.15,1,9.470894466312e-13,1,0,none_documented,ITU-R P.452-18 reference v18.0 commit 86f8026ce39635fa2b599e50d6d01fe5b0d6bbfe; MATLAB 2026a,ALL_SITE_BASIC_LOSS_AUDIT_NOT_PAPER_RESULT; Gt=Gr=0dBi; g=h; no separate P2108; site-level propagation only; no direct antenna gain included
0,NRCAN_GATINEAU_REFERENCE,SITE_PROP_E3_SITE_15,P452_p10_coast5_V,8.15,1,9.85032367463752e-13,1,0,none_documented,ITU-R P.452-18 reference v18.0 commit 86f8026ce39635fa2b599e50d6d01fe5b0d6bbfe; MATLAB 2026a,ALL_SITE_BASIC_LOSS_AUDIT_NOT_PAPER_RESULT; Gt=Gr=0dBi; g=h; no separate P2108; site-level propagation only; no direct antenna gain included
0,NRCAN_GATINEAU_REFERENCE,SITE_PROP_E3_SITE_15,P452_p1_coast5_V,8.15,1,1.15414324227955e-12,1,0,none_documented,ITU-R P.452-18 reference v18.0 commit 86f8026ce39635fa2b599e50d6d01fe5b0d6bbfe; MATLAB 2026a,ALL_SITE_BASIC_LOSS_AUDIT_NOT_PAPER_RESULT; Gt=Gr=0dBi; g=h; no separate P2108; site-level propagation only; no direct antenna gain included
0,NRCAN_GATINEAU_REFERENCE,SITE_PROP_E3_SITE_15,P452_p0.1_coast5_V,8.15,1,1.35516472385356e-12,1,0,none_documented,ITU-R P.452-18 reference v18.0 commit 86f8026ce39635fa2b599e50d6d01fe5b0d6bbfe; MATLAB 2026a,ALL_SITE_BASIC_LOSS_AUDIT_NOT_PAPER_RESULT; Gt=Gr=0dBi; g=h; no separate P2108; site-level propagation only; no direct antenna gain included
0,NRCAN_GATINEAU_REFERENCE,SITE_PROP_E3_SITE_15,P452_p0.01_coast5_V,8.15,1,1.59119928066518e-12,1,0,none_documented,ITU-R P.452-18 reference v18.0 commit 86f8026ce39635fa2b599e50d6d01fe5b0d6bbfe; MATLAB 2026a,ALL_SITE_BASIC_LOSS_AUDIT_NOT_PAPER_RESULT; Gt=Gr=0dBi; g=h; no separate P2108; site-level propagation only; no direct antenna gain included
0,NRCAN_GATINEAU_REFERENCE,SITE_PROP_E3_SITE_15,P452_p0.005_coast5_V,8.15,1,1.6699990214695e-12,1,0,none_documented,ITU-R P.452-18 reference v18.0 commit 86f8026ce39635fa2b599e50d6d01fe5b0d6bbfe; MATLAB 2026a,ALL_SITE_BASIC_LOSS_AUDIT_NOT_PAPER_RESULT; Gt=Gr=0dBi; g=h; no separate P2108; site-level propagation only; no direct antenna gain included
0,NRCAN_GATINEAU_REFERENCE,SITE_PROP_E3_SITE_15,P452_p50_coast50_H,8.15,1,8.78590552451558e-13,1,0,none_documented,ITU-R P.452-18 reference v18.0 commit 86f8026ce39635fa2b599e50d6d01fe5b0d6bbfe; MATLAB 2026a,ALL_SITE_BASIC_LOSS_AUDIT_NOT_PAPER_RESULT; Gt=Gr=0dBi; g=h; no separate P2108; site-level propagation only; no direct antenna gain included
0,NRCAN_GATINEAU_REFERENCE,SITE_PROP_E3_SITE_15,P452_p20_coast50_H,8.15,1,9.470894466312e-13,1,0,none_documented,ITU-R P.452-18 reference v18.0 commit 86f8026ce39635fa2b599e50d6d01fe5b0d6bbfe; MATLAB 2026a,ALL_SITE_BASIC_LOSS_AUDIT_NOT_PAPER_RESULT; Gt=Gr=0dBi; g=h; no separate P2108; site-level propagation only; no direct antenna gain included
0,NRCAN_GATINEAU_REFERENCE,SITE_PROP_E3_SITE_15,P452_p10_coast50_H,8.15,1,9.85032367463752e-13,1,0,none_documented,ITU-R P.452-18 reference v18.0 commit 86f8026ce39635fa2b599e50d6d01fe5b0d6bbfe; MATLAB 2026a,ALL_SITE_BASIC_LOSS_AUDIT_NOT_PAPER_RESULT; Gt=Gr=0dBi; g=h; no separate P2108; site-level propagation only; no direct antenna gain included
0,NRCAN_GATINEAU_REFERENCE,SITE_PROP_E3_SITE_15,P452_p1_coast50_H,8.15,1,1.15414324227955e-12,1,0,none_documented,ITU-R P.452-18 reference v18.0 commit 86f8026ce39635fa2b599e50d6d01fe5b0d6bbfe; MATLAB 2026a,ALL_SITE_BASIC_LOSS_AUDIT_NOT_PAPER_RESULT; Gt=Gr=0dBi; g=h; no separate P2108; site-level propagation only; no direct antenna gain included
0,NRCAN_GATINEAU_REFERENCE,SITE_PROP_E3_SITE_15,P452_p0.1_coast50_H,8.15,1,1.35516472385356e-12,1,0,none_documented,ITU-R P.452-18 reference v18.0 commit 86f8026ce39635fa2b599e50d6d01fe5b0d6bbfe; MATLAB 2026a,ALL_SITE_BASIC_LOSS_AUDIT_NOT_PAPER_RESULT; Gt=Gr=0dBi; g=h; no separate P2108; site-level propagation only; no direct antenna gain included
0,NRCAN_GATINEAU_REFERENCE,SITE_PROP_E3_SITE_15,P452_p0.01_coast50_H,8.15,1,1.59119928066518e-12,1,0,none_documented,ITU-R P.452-18 reference v18.0 commit 86f8026ce39635fa2b599e50d6d01fe5b0d6bbfe; MATLAB 2026a,ALL_SITE_BASIC_LOSS_AUDIT_NOT_PAPER_RESULT; Gt=Gr=0dBi; g=h; no separate P2108; site-level propagation only; no direct antenna gain included
0,NRCAN_GATINEAU_REFERENCE,SITE_PROP_E3_SITE_15,P452_p0.005_coast50_H,8.15,1,1.6699990214695e-12,1,0,none_documented,ITU-R P.452-18 reference v18.0 commit 86f8026ce39635fa2b599e50d6d01fe5b0d6bbfe; MATLAB 2026a,ALL_SITE_BASIC_LOSS_AUDIT_NOT_PAPER_RESULT; Gt=Gr=0dBi; g=h; no separate P2108; site-level propagation only; no direct antenna gain included
0,NRCAN_GATINEAU_REFERENCE,SITE_PROP_E3_SITE_15,P452_p50_coast50_V,8.15,1,8.78590552451558e-13,1,0,none_documented,ITU-R P.452-18 reference v18.0 commit 86f8026ce39635fa2b599e50d6d01fe5b0d6bbfe; MATLAB 2026a,ALL_SITE_BASIC_LOSS_AUDIT_NOT_PAPER_RESULT; Gt=Gr=0dBi; g=h; no separate P2108; site-level propagation only; no direct antenna gain included
0,NRCAN_GATINEAU_REFERENCE,SITE_PROP_E3_SITE_15,P452_p20_coast50_V,8.15,1,9.470894466312e-13,1,0,none_documented,ITU-R P.452-18 reference v18.0 commit 86f8026ce39635fa2b599e50d6d01fe5b0d6bbfe; MATLAB 2026a,ALL_SITE_BASIC_LOSS_AUDIT_NOT_PAPER_RESULT; Gt=Gr=0dBi; g=h; no separate P2108; site-level propagation only; no direct antenna gain included
0,NRCAN_GATINEAU_REFERENCE,SITE_PROP_E3_SITE_15,P452_p10_coast50_V,8.15,1,9.85032367463752e-13,1,0,none_documented,ITU-R P.452-18 reference v18.0 commit 86f8026ce39635fa2b599e50d6d01fe5b0d6bbfe; MATLAB 2026a,ALL_SITE_BASIC_LOSS_AUDIT_NOT_PAPER_RESULT; Gt=Gr=0dBi; g=h; no separate P2108; site-level propagation only; no direct antenna gain included
0,NRCAN_GATINEAU_REFERENCE,SITE_PROP_E3_SITE_15,P452_p1_coast50_V,8.15,1,1.15414324227955e-12,1,0,none_documented,ITU-R P.452-18 reference v18.0 commit 86f8026ce39635fa2b599e50d6d01fe5b0d6bbfe; MATLAB 2026a,ALL_SITE_BASIC_LOSS_AUDIT_NOT_PAPER_RESULT; Gt=Gr=0dBi; g=h; no separate P2108; site-level propagation only; no direct antenna gain included
0,NRCAN_GATINEAU_REFERENCE,SITE_PROP_E3_SITE_15,P452_p0.1_coast50_V,8.15,1,1.35516472385356e-12,1,0,none_documented,ITU-R P.452-18 reference v18.0 commit 86f8026ce39635fa2b599e50d6d01fe5b0d6bbfe; MATLAB 2026a,ALL_SITE_BASIC_LOSS_AUDIT_NOT_PAPER_RESULT; Gt=Gr=0dBi; g=h; no separate P2108; site-level propagation only; no direct antenna gain included
0,NRCAN_GATINEAU_REFERENCE,SITE_PROP_E3_SITE_15,P452_p0.01_coast50_V,8.15,1,1.59119928066518e-12,1,0,none_documented,ITU-R P.452-18 reference v18.0 commit 86f8026ce39635fa2b599e50d6d01fe5b0d6bbfe; MATLAB 2026a,ALL_SITE_BASIC_LOSS_AUDIT_NOT_PAPER_RESULT; Gt=Gr=0dBi; g=h; no separate P2108; site-level propagation only; no direct antenna gain included
0,NRCAN_GATINEAU_REFERENCE,SITE_PROP_E3_SITE_15,P452_p0.005_coast50_V,8.15,1,1.6699990214695e-12,1,0,none_documented,ITU-R P.452-18 reference v18.0 commit 86f8026ce39635fa2b599e50d6d01fe5b0d6bbfe; MATLAB 2026a,ALL_SITE_BASIC_LOSS_AUDIT_NOT_PAPER_RESULT; Gt=Gr=0dBi; g=h; no separate P2108; site-level propagation only; no direct antenna gain included
0,NRCAN_GATINEAU_REFERENCE,SITE_PROP_E3_SITE_15,P452_p50_coast200_H,8.15,1,8.78590552451558e-13,1,0,none_documented,ITU-R P.452-18 reference v18.0 commit 86f8026ce39635fa2b599e50d6d01fe5b0d6bbfe; MATLAB 2026a,ALL_SITE_BASIC_LOSS_AUDIT_NOT_PAPER_RESULT; Gt=Gr=0dBi; g=h; no separate P2108; site-level propagation only; no direct antenna gain included
0,NRCAN_GATINEAU_REFERENCE,SITE_PROP_E3_SITE_15,P452_p20_coast200_H,8.15,1,9.470894466312e-13,1,0,none_documented,ITU-R P.452-18 reference v18.0 commit 86f8026ce39635fa2b599e50d6d01fe5b0d6bbfe; MATLAB 2026a,ALL_SITE_BASIC_LOSS_AUDIT_NOT_PAPER_RESULT; Gt=Gr=0dBi; g=h; no separate P2108; site-level propagation only; no direct antenna gain included
0,NRCAN_GATINEAU_REFERENCE,SITE_PROP_E3_SITE_15,P452_p10_coast200_H,8.15,1,9.85032367463752e-13,1,0,none_documented,ITU-R P.452-18 reference v18.0 commit 86f8026ce39635fa2b599e50d6d01fe5b0d6bbfe; MATLAB 2026a,ALL_SITE_BASIC_LOSS_AUDIT_NOT_PAPER_RESULT; Gt=Gr=0dBi; g=h; no separate P2108; site-level propagation only; no direct antenna gain included
0,NRCAN_GATINEAU_REFERENCE,SITE_PROP_E3_SITE_15,P452_p1_coast200_H,8.15,1,1.15414324227955e-12,1,0,none_documented,ITU-R P.452-18 reference v18.0 commit 86f8026ce39635fa2b599e50d6d01fe5b0d6bbfe; MATLAB 2026a,ALL_SITE_BASIC_LOSS_AUDIT_NOT_PAPER_RESULT; Gt=Gr=0dBi; g=h; no separate P2108; site-level propagation only; no direct antenna gain included
0,NRCAN_GATINEAU_REFERENCE,SITE_PROP_E3_SITE_15,P452_p0.1_coast200_H,8.15,1,1.35516472385356e-12,1,0,none_documented,ITU-R P.452-18 reference v18.0 commit 86f8026ce39635fa2b599e50d6d01fe5b0d6bbfe; MATLAB 2026a,ALL_SITE_BASIC_LOSS_AUDIT_NOT_PAPER_RESULT; Gt=Gr=0dBi; g=h; no separate P2108; site-level propagation only; no direct antenna gain included
0,NRCAN_GATINEAU_REFERENCE,SITE_PROP_E3_SITE_15,P452_p0.01_coast200_H,8.15,1,1.59119928066518e-12,1,0,none_documented,ITU-R P.452-18 reference v18.0 commit 86f8026ce39635fa2b599e50d6d01fe5b0d6bbfe; MATLAB 2026a,ALL_SITE_BASIC_LOSS_AUDIT_NOT_PAPER_RESULT; Gt=Gr=0dBi; g=h; no separate P2108; site-level propagation only; no direct antenna gain included
0,NRCAN_GATINEAU_REFERENCE,SITE_PROP_E3_SITE_15,P452_p0.005_coast200_H,8.15,1,1.6699990214695e-12,1,0,none_documented,ITU-R P.452-18 reference v18.0 commit 86f8026ce39635fa2b599e50d6d01fe5b0d6bbfe; MATLAB 2026a,ALL_SITE_BASIC_LOSS_AUDIT_NOT_PAPER_RESULT; Gt=Gr=0dBi; g=h; no separate P2108; site-level propagation only; no direct antenna gain included
0,NRCAN_GATINEAU_REFERENCE,SITE_PROP_E3_SITE_15,P452_p50_coast200_V,8.15,1,8.78590552451558e-13,1,0,none_documented,ITU-R P.452-18 reference v18.0 commit 86f8026ce39635fa2b599e50d6d01fe5b0d6bbfe; MATLAB 2026a,ALL_SITE_BASIC_LOSS_AUDIT_NOT_PAPER_RESULT; Gt=Gr=0dBi; g=h; no separate P2108; site-level propagation only; no direct antenna gain included
0,NRCAN_GATINEAU_REFERENCE,SITE_PROP_E3_SITE_15,P452_p20_coast200_V,8.15,1,9.470894466312e-13,1,0,none_documented,ITU-R P.452-18 reference v18.0 commit 86f8026ce39635fa2b599e50d6d01fe5b0d6bbfe; MATLAB 2026a,ALL_SITE_BASIC_LOSS_AUDIT_NOT_PAPER_RESULT; Gt=Gr=0dBi; g=h; no separate P2108; site-level propagation only; no direct antenna gain included
0,NRCAN_GATINEAU_REFERENCE,SITE_PROP_E3_SITE_15,P452_p10_coast200_V,8.15,1,9.85032367463752e-13,1,0,none_documented,ITU-R P.452-18 reference v18.0 commit 86f8026ce39635fa2b599e50d6d01fe5b0d6bbfe; MATLAB 2026a,ALL_SITE_BASIC_LOSS_AUDIT_NOT_PAPER_RESULT; Gt=Gr=0dBi; g=h; no separate P2108; site-level propagation only; no direct antenna gain included
0,NRCAN_GATINEAU_REFERENCE,SITE_PROP_E3_SITE_15,P452_p1_coast200_V,8.15,1,1.15414324227955e-12,1,0,none_documented,ITU-R P.452-18 reference v18.0 commit 86f8026ce39635fa2b599e50d6d01fe5b0d6bbfe; MATLAB 2026a,ALL_SITE_BASIC_LOSS_AUDIT_NOT_PAPER_RESULT; Gt=Gr=0dBi; g=h; no separate P2108; site-level propagation only; no direct antenna gain included
0,NRCAN_GATINEAU_REFERENCE,SITE_PROP_E3_SITE_15,P452_p0.1_coast200_V,8.15,1,1.35516472385356e-12,1,0,none_documented,ITU-R P.452-18 reference v18.0 commit 86f8026ce39635fa2b599e50d6d01fe5b0d6bbfe; MATLAB 2026a,ALL_SITE_BASIC_LOSS_AUDIT_NOT_PAPER_RESULT; Gt=Gr=0dBi; g=h; no separate P2108; site-level propagation only; no direct antenna gain included
0,NRCAN_GATINEAU_REFERENCE,SITE_PROP_E3_SITE_15,P452_p0.01_coast200_V,8.15,1,1.59119928066518e-12,1,0,none_documented,ITU-R P.452-18 reference v18.0 commit 86f8026ce39635fa2b599e50d6d01fe5b0d6bbfe; MATLAB 2026a,ALL_SITE_BASIC_LOSS_AUDIT_NOT_PAPER_RESULT; Gt=Gr=0dBi; g=h; no separate P2108; site-level propagation only; no direct antenna gain included
0,NRCAN_GATINEAU_REFERENCE,SITE_PROP_E3_SITE_15,P452_p0.005_coast200_V,8.15,1,1.6699990214695e-12,1,0,none_documented,ITU-R P.452-18 reference v18.0 commit 86f8026ce39635fa2b599e50d6d01fe5b0d6bbfe; MATLAB 2026a,ALL_SITE_BASIC_LOSS_AUDIT_NOT_PAPER_RESULT; Gt=Gr=0dBi; g=h; no separate P2108; site-level propagation only; no direct antenna gain included
0,NRCAN_GATINEAU_REFERENCE,SITE_PROP_E3_SITE_16,P452_p50_coast5_H,8.15,1,1.63821741862915e-12,1,0,none_documented,ITU-R P.452-18 reference v18.0 commit 86f8026ce39635fa2b599e50d6d01fe5b0d6bbfe; MATLAB 2026a,ALL_SITE_BASIC_LOSS_AUDIT_NOT_PAPER_RESULT; Gt=Gr=0dBi; g=h; no separate P2108; site-level propagation only; no direct antenna gain included
0,NRCAN_GATINEAU_REFERENCE,SITE_PROP_E3_SITE_16,P452_p20_coast5_H,8.15,1,1.73451460134289e-12,1,0,none_documented,ITU-R P.452-18 reference v18.0 commit 86f8026ce39635fa2b599e50d6d01fe5b0d6bbfe; MATLAB 2026a,ALL_SITE_BASIC_LOSS_AUDIT_NOT_PAPER_RESULT; Gt=Gr=0dBi; g=h; no separate P2108; site-level propagation only; no direct antenna gain included
0,NRCAN_GATINEAU_REFERENCE,SITE_PROP_E3_SITE_16,P452_p10_coast5_H,8.15,1,1.7871348477676e-12,1,0,none_documented,ITU-R P.452-18 reference v18.0 commit 86f8026ce39635fa2b599e50d6d01fe5b0d6bbfe; MATLAB 2026a,ALL_SITE_BASIC_LOSS_AUDIT_NOT_PAPER_RESULT; Gt=Gr=0dBi; g=h; no separate P2108; site-level propagation only; no direct antenna gain included
0,NRCAN_GATINEAU_REFERENCE,SITE_PROP_E3_SITE_16,P452_p1_coast5_H,8.15,1,2.01756140368069e-12,1,0,none_documented,ITU-R P.452-18 reference v18.0 commit 86f8026ce39635fa2b599e50d6d01fe5b0d6bbfe; MATLAB 2026a,ALL_SITE_BASIC_LOSS_AUDIT_NOT_PAPER_RESULT; Gt=Gr=0dBi; g=h; no separate P2108; site-level propagation only; no direct antenna gain included
0,NRCAN_GATINEAU_REFERENCE,SITE_PROP_E3_SITE_16,P452_p0.1_coast5_H,8.15,1,2.28069911699735e-12,1,0,none_documented,ITU-R P.452-18 reference v18.0 commit 86f8026ce39635fa2b599e50d6d01fe5b0d6bbfe; MATLAB 2026a,ALL_SITE_BASIC_LOSS_AUDIT_NOT_PAPER_RESULT; Gt=Gr=0dBi; g=h; no separate P2108; site-level propagation only; no direct antenna gain included
0,NRCAN_GATINEAU_REFERENCE,SITE_PROP_E3_SITE_16,P452_p0.01_coast5_H,8.15,1,2.57815709794709e-12,1,0,none_documented,ITU-R P.452-18 reference v18.0 commit 86f8026ce39635fa2b599e50d6d01fe5b0d6bbfe; MATLAB 2026a,ALL_SITE_BASIC_LOSS_AUDIT_NOT_PAPER_RESULT; Gt=Gr=0dBi; g=h; no separate P2108; site-level propagation only; no direct antenna gain included
0,NRCAN_GATINEAU_REFERENCE,SITE_PROP_E3_SITE_16,P452_p0.005_coast5_H,8.15,1,2.67507975166939e-12,1,0,none_documented,ITU-R P.452-18 reference v18.0 commit 86f8026ce39635fa2b599e50d6d01fe5b0d6bbfe; MATLAB 2026a,ALL_SITE_BASIC_LOSS_AUDIT_NOT_PAPER_RESULT; Gt=Gr=0dBi; g=h; no separate P2108; site-level propagation only; no direct antenna gain included
0,NRCAN_GATINEAU_REFERENCE,SITE_PROP_E3_SITE_16,P452_p50_coast5_V,8.15,1,1.63821741862915e-12,1,0,none_documented,ITU-R P.452-18 reference v18.0 commit 86f8026ce39635fa2b599e50d6d01fe5b0d6bbfe; MATLAB 2026a,ALL_SITE_BASIC_LOSS_AUDIT_NOT_PAPER_RESULT; Gt=Gr=0dBi; g=h; no separate P2108; site-level propagation only; no direct antenna gain included
0,NRCAN_GATINEAU_REFERENCE,SITE_PROP_E3_SITE_16,P452_p20_coast5_V,8.15,1,1.73451460134289e-12,1,0,none_documented,ITU-R P.452-18 reference v18.0 commit 86f8026ce39635fa2b599e50d6d01fe5b0d6bbfe; MATLAB 2026a,ALL_SITE_BASIC_LOSS_AUDIT_NOT_PAPER_RESULT; Gt=Gr=0dBi; g=h; no separate P2108; site-level propagation only; no direct antenna gain included
0,NRCAN_GATINEAU_REFERENCE,SITE_PROP_E3_SITE_16,P452_p10_coast5_V,8.15,1,1.7871348477676e-12,1,0,none_documented,ITU-R P.452-18 reference v18.0 commit 86f8026ce39635fa2b599e50d6d01fe5b0d6bbfe; MATLAB 2026a,ALL_SITE_BASIC_LOSS_AUDIT_NOT_PAPER_RESULT; Gt=Gr=0dBi; g=h; no separate P2108; site-level propagation only; no direct antenna gain included
0,NRCAN_GATINEAU_REFERENCE,SITE_PROP_E3_SITE_16,P452_p1_coast5_V,8.15,1,2.01756140368069e-12,1,0,none_documented,ITU-R P.452-18 reference v18.0 commit 86f8026ce39635fa2b599e50d6d01fe5b0d6bbfe; MATLAB 2026a,ALL_SITE_BASIC_LOSS_AUDIT_NOT_PAPER_RESULT; Gt=Gr=0dBi; g=h; no separate P2108; site-level propagation only; no direct antenna gain included
0,NRCAN_GATINEAU_REFERENCE,SITE_PROP_E3_SITE_16,P452_p0.1_coast5_V,8.15,1,2.28069911699735e-12,1,0,none_documented,ITU-R P.452-18 reference v18.0 commit 86f8026ce39635fa2b599e50d6d01fe5b0d6bbfe; MATLAB 2026a,ALL_SITE_BASIC_LOSS_AUDIT_NOT_PAPER_RESULT; Gt=Gr=0dBi; g=h; no separate P2108; site-level propagation only; no direct antenna gain included
0,NRCAN_GATINEAU_REFERENCE,SITE_PROP_E3_SITE_16,P452_p0.01_coast5_V,8.15,1,2.57815709794709e-12,1,0,none_documented,ITU-R P.452-18 reference v18.0 commit 86f8026ce39635fa2b599e50d6d01fe5b0d6bbfe; MATLAB 2026a,ALL_SITE_BASIC_LOSS_AUDIT_NOT_PAPER_RESULT; Gt=Gr=0dBi; g=h; no separate P2108; site-level propagation only; no direct antenna gain included
0,NRCAN_GATINEAU_REFERENCE,SITE_PROP_E3_SITE_16,P452_p0.005_coast5_V,8.15,1,2.67507975166939e-12,1,0,none_documented,ITU-R P.452-18 reference v18.0 commit 86f8026ce39635fa2b599e50d6d01fe5b0d6bbfe; MATLAB 2026a,ALL_SITE_BASIC_LOSS_AUDIT_NOT_PAPER_RESULT; Gt=Gr=0dBi; g=h; no separate P2108; site-level propagation only; no direct antenna gain included
0,NRCAN_GATINEAU_REFERENCE,SITE_PROP_E3_SITE_16,P452_p50_coast50_H,8.15,1,1.63821741862915e-12,1,0,none_documented,ITU-R P.452-18 reference v18.0 commit 86f8026ce39635fa2b599e50d6d01fe5b0d6bbfe; MATLAB 2026a,ALL_SITE_BASIC_LOSS_AUDIT_NOT_PAPER_RESULT; Gt=Gr=0dBi; g=h; no separate P2108; site-level propagation only; no direct antenna gain included
0,NRCAN_GATINEAU_REFERENCE,SITE_PROP_E3_SITE_16,P452_p20_coast50_H,8.15,1,1.73451460134289e-12,1,0,none_documented,ITU-R P.452-18 reference v18.0 commit 86f8026ce39635fa2b599e50d6d01fe5b0d6bbfe; MATLAB 2026a,ALL_SITE_BASIC_LOSS_AUDIT_NOT_PAPER_RESULT; Gt=Gr=0dBi; g=h; no separate P2108; site-level propagation only; no direct antenna gain included
0,NRCAN_GATINEAU_REFERENCE,SITE_PROP_E3_SITE_16,P452_p10_coast50_H,8.15,1,1.7871348477676e-12,1,0,none_documented,ITU-R P.452-18 reference v18.0 commit 86f8026ce39635fa2b599e50d6d01fe5b0d6bbfe; MATLAB 2026a,ALL_SITE_BASIC_LOSS_AUDIT_NOT_PAPER_RESULT; Gt=Gr=0dBi; g=h; no separate P2108; site-level propagation only; no direct antenna gain included
0,NRCAN_GATINEAU_REFERENCE,SITE_PROP_E3_SITE_16,P452_p1_coast50_H,8.15,1,2.01756140368069e-12,1,0,none_documented,ITU-R P.452-18 reference v18.0 commit 86f8026ce39635fa2b599e50d6d01fe5b0d6bbfe; MATLAB 2026a,ALL_SITE_BASIC_LOSS_AUDIT_NOT_PAPER_RESULT; Gt=Gr=0dBi; g=h; no separate P2108; site-level propagation only; no direct antenna gain included
0,NRCAN_GATINEAU_REFERENCE,SITE_PROP_E3_SITE_16,P452_p0.1_coast50_H,8.15,1,2.28069911699735e-12,1,0,none_documented,ITU-R P.452-18 reference v18.0 commit 86f8026ce39635fa2b599e50d6d01fe5b0d6bbfe; MATLAB 2026a,ALL_SITE_BASIC_LOSS_AUDIT_NOT_PAPER_RESULT; Gt=Gr=0dBi; g=h; no separate P2108; site-level propagation only; no direct antenna gain included
0,NRCAN_GATINEAU_REFERENCE,SITE_PROP_E3_SITE_16,P452_p0.01_coast50_H,8.15,1,2.57815709794709e-12,1,0,none_documented,ITU-R P.452-18 reference v18.0 commit 86f8026ce39635fa2b599e50d6d01fe5b0d6bbfe; MATLAB 2026a,ALL_SITE_BASIC_LOSS_AUDIT_NOT_PAPER_RESULT; Gt=Gr=0dBi; g=h; no separate P2108; site-level propagation only; no direct antenna gain included
0,NRCAN_GATINEAU_REFERENCE,SITE_PROP_E3_SITE_16,P452_p0.005_coast50_H,8.15,1,2.67507975166939e-12,1,0,none_documented,ITU-R P.452-18 reference v18.0 commit 86f8026ce39635fa2b599e50d6d01fe5b0d6bbfe; MATLAB 2026a,ALL_SITE_BASIC_LOSS_AUDIT_NOT_PAPER_RESULT; Gt=Gr=0dBi; g=h; no separate P2108; site-level propagation only; no direct antenna gain included
0,NRCAN_GATINEAU_REFERENCE,SITE_PROP_E3_SITE_16,P452_p50_coast50_V,8.15,1,1.63821741862915e-12,1,0,none_documented,ITU-R P.452-18 reference v18.0 commit 86f8026ce39635fa2b599e50d6d01fe5b0d6bbfe; MATLAB 2026a,ALL_SITE_BASIC_LOSS_AUDIT_NOT_PAPER_RESULT; Gt=Gr=0dBi; g=h; no separate P2108; site-level propagation only; no direct antenna gain included
0,NRCAN_GATINEAU_REFERENCE,SITE_PROP_E3_SITE_16,P452_p20_coast50_V,8.15,1,1.73451460134289e-12,1,0,none_documented,ITU-R P.452-18 reference v18.0 commit 86f8026ce39635fa2b599e50d6d01fe5b0d6bbfe; MATLAB 2026a,ALL_SITE_BASIC_LOSS_AUDIT_NOT_PAPER_RESULT; Gt=Gr=0dBi; g=h; no separate P2108; site-level propagation only; no direct antenna gain included
0,NRCAN_GATINEAU_REFERENCE,SITE_PROP_E3_SITE_16,P452_p10_coast50_V,8.15,1,1.7871348477676e-12,1,0,none_documented,ITU-R P.452-18 reference v18.0 commit 86f8026ce39635fa2b599e50d6d01fe5b0d6bbfe; MATLAB 2026a,ALL_SITE_BASIC_LOSS_AUDIT_NOT_PAPER_RESULT; Gt=Gr=0dBi; g=h; no separate P2108; site-level propagation only; no direct antenna gain included
0,NRCAN_GATINEAU_REFERENCE,SITE_PROP_E3_SITE_16,P452_p1_coast50_V,8.15,1,2.01756140368069e-12,1,0,none_documented,ITU-R P.452-18 reference v18.0 commit 86f8026ce39635fa2b599e50d6d01fe5b0d6bbfe; MATLAB 2026a,ALL_SITE_BASIC_LOSS_AUDIT_NOT_PAPER_RESULT; Gt=Gr=0dBi; g=h; no separate P2108; site-level propagation only; no direct antenna gain included
0,NRCAN_GATINEAU_REFERENCE,SITE_PROP_E3_SITE_16,P452_p0.1_coast50_V,8.15,1,2.28069911699735e-12,1,0,none_documented,ITU-R P.452-18 reference v18.0 commit 86f8026ce39635fa2b599e50d6d01fe5b0d6bbfe; MATLAB 2026a,ALL_SITE_BASIC_LOSS_AUDIT_NOT_PAPER_RESULT; Gt=Gr=0dBi; g=h; no separate P2108; site-level propagation only; no direct antenna gain included
0,NRCAN_GATINEAU_REFERENCE,SITE_PROP_E3_SITE_16,P452_p0.01_coast50_V,8.15,1,2.57815709794709e-12,1,0,none_documented,ITU-R P.452-18 reference v18.0 commit 86f8026ce39635fa2b599e50d6d01fe5b0d6bbfe; MATLAB 2026a,ALL_SITE_BASIC_LOSS_AUDIT_NOT_PAPER_RESULT; Gt=Gr=0dBi; g=h; no separate P2108; site-level propagation only; no direct antenna gain included
0,NRCAN_GATINEAU_REFERENCE,SITE_PROP_E3_SITE_16,P452_p0.005_coast50_V,8.15,1,2.67507975166939e-12,1,0,none_documented,ITU-R P.452-18 reference v18.0 commit 86f8026ce39635fa2b599e50d6d01fe5b0d6bbfe; MATLAB 2026a,ALL_SITE_BASIC_LOSS_AUDIT_NOT_PAPER_RESULT; Gt=Gr=0dBi; g=h; no separate P2108; site-level propagation only; no direct antenna gain included
0,NRCAN_GATINEAU_REFERENCE,SITE_PROP_E3_SITE_16,P452_p50_coast200_H,8.15,1,1.63821741862915e-12,1,0,none_documented,ITU-R P.452-18 reference v18.0 commit 86f8026ce39635fa2b599e50d6d01fe5b0d6bbfe; MATLAB 2026a,ALL_SITE_BASIC_LOSS_AUDIT_NOT_PAPER_RESULT; Gt=Gr=0dBi; g=h; no separate P2108; site-level propagation only; no direct antenna gain included
0,NRCAN_GATINEAU_REFERENCE,SITE_PROP_E3_SITE_16,P452_p20_coast200_H,8.15,1,1.73451460134289e-12,1,0,none_documented,ITU-R P.452-18 reference v18.0 commit 86f8026ce39635fa2b599e50d6d01fe5b0d6bbfe; MATLAB 2026a,ALL_SITE_BASIC_LOSS_AUDIT_NOT_PAPER_RESULT; Gt=Gr=0dBi; g=h; no separate P2108; site-level propagation only; no direct antenna gain included
0,NRCAN_GATINEAU_REFERENCE,SITE_PROP_E3_SITE_16,P452_p10_coast200_H,8.15,1,1.7871348477676e-12,1,0,none_documented,ITU-R P.452-18 reference v18.0 commit 86f8026ce39635fa2b599e50d6d01fe5b0d6bbfe; MATLAB 2026a,ALL_SITE_BASIC_LOSS_AUDIT_NOT_PAPER_RESULT; Gt=Gr=0dBi; g=h; no separate P2108; site-level propagation only; no direct antenna gain included
0,NRCAN_GATINEAU_REFERENCE,SITE_PROP_E3_SITE_16,P452_p1_coast200_H,8.15,1,2.01756140368069e-12,1,0,none_documented,ITU-R P.452-18 reference v18.0 commit 86f8026ce39635fa2b599e50d6d01fe5b0d6bbfe; MATLAB 2026a,ALL_SITE_BASIC_LOSS_AUDIT_NOT_PAPER_RESULT; Gt=Gr=0dBi; g=h; no separate P2108; site-level propagation only; no direct antenna gain included
0,NRCAN_GATINEAU_REFERENCE,SITE_PROP_E3_SITE_16,P452_p0.1_coast200_H,8.15,1,2.28069911699735e-12,1,0,none_documented,ITU-R P.452-18 reference v18.0 commit 86f8026ce39635fa2b599e50d6d01fe5b0d6bbfe; MATLAB 2026a,ALL_SITE_BASIC_LOSS_AUDIT_NOT_PAPER_RESULT; Gt=Gr=0dBi; g=h; no separate P2108; site-level propagation only; no direct antenna gain included
0,NRCAN_GATINEAU_REFERENCE,SITE_PROP_E3_SITE_16,P452_p0.01_coast200_H,8.15,1,2.57815709794709e-12,1,0,none_documented,ITU-R P.452-18 reference v18.0 commit 86f8026ce39635fa2b599e50d6d01fe5b0d6bbfe; MATLAB 2026a,ALL_SITE_BASIC_LOSS_AUDIT_NOT_PAPER_RESULT; Gt=Gr=0dBi; g=h; no separate P2108; site-level propagation only; no direct antenna gain included
0,NRCAN_GATINEAU_REFERENCE,SITE_PROP_E3_SITE_16,P452_p0.005_coast200_H,8.15,1,2.67507975166939e-12,1,0,none_documented,ITU-R P.452-18 reference v18.0 commit 86f8026ce39635fa2b599e50d6d01fe5b0d6bbfe; MATLAB 2026a,ALL_SITE_BASIC_LOSS_AUDIT_NOT_PAPER_RESULT; Gt=Gr=0dBi; g=h; no separate P2108; site-level propagation only; no direct antenna gain included
0,NRCAN_GATINEAU_REFERENCE,SITE_PROP_E3_SITE_16,P452_p50_coast200_V,8.15,1,1.63821741862915e-12,1,0,none_documented,ITU-R P.452-18 reference v18.0 commit 86f8026ce39635fa2b599e50d6d01fe5b0d6bbfe; MATLAB 2026a,ALL_SITE_BASIC_LOSS_AUDIT_NOT_PAPER_RESULT; Gt=Gr=0dBi; g=h; no separate P2108; site-level propagation only; no direct antenna gain included
0,NRCAN_GATINEAU_REFERENCE,SITE_PROP_E3_SITE_16,P452_p20_coast200_V,8.15,1,1.73451460134289e-12,1,0,none_documented,ITU-R P.452-18 reference v18.0 commit 86f8026ce39635fa2b599e50d6d01fe5b0d6bbfe; MATLAB 2026a,ALL_SITE_BASIC_LOSS_AUDIT_NOT_PAPER_RESULT; Gt=Gr=0dBi; g=h; no separate P2108; site-level propagation only; no direct antenna gain included
0,NRCAN_GATINEAU_REFERENCE,SITE_PROP_E3_SITE_16,P452_p10_coast200_V,8.15,1,1.7871348477676e-12,1,0,none_documented,ITU-R P.452-18 reference v18.0 commit 86f8026ce39635fa2b599e50d6d01fe5b0d6bbfe; MATLAB 2026a,ALL_SITE_BASIC_LOSS_AUDIT_NOT_PAPER_RESULT; Gt=Gr=0dBi; g=h; no separate P2108; site-level propagation only; no direct antenna gain included
0,NRCAN_GATINEAU_REFERENCE,SITE_PROP_E3_SITE_16,P452_p1_coast200_V,8.15,1,2.01756140368069e-12,1,0,none_documented,ITU-R P.452-18 reference v18.0 commit 86f8026ce39635fa2b599e50d6d01fe5b0d6bbfe; MATLAB 2026a,ALL_SITE_BASIC_LOSS_AUDIT_NOT_PAPER_RESULT; Gt=Gr=0dBi; g=h; no separate P2108; site-level propagation only; no direct antenna gain included
0,NRCAN_GATINEAU_REFERENCE,SITE_PROP_E3_SITE_16,P452_p0.1_coast200_V,8.15,1,2.28069911699735e-12,1,0,none_documented,ITU-R P.452-18 reference v18.0 commit 86f8026ce39635fa2b599e50d6d01fe5b0d6bbfe; MATLAB 2026a,ALL_SITE_BASIC_LOSS_AUDIT_NOT_PAPER_RESULT; Gt=Gr=0dBi; g=h; no separate P2108; site-level propagation only; no direct antenna gain included
0,NRCAN_GATINEAU_REFERENCE,SITE_PROP_E3_SITE_16,P452_p0.01_coast200_V,8.15,1,2.57815709794709e-12,1,0,none_documented,ITU-R P.452-18 reference v18.0 commit 86f8026ce39635fa2b599e50d6d01fe5b0d6bbfe; MATLAB 2026a,ALL_SITE_BASIC_LOSS_AUDIT_NOT_PAPER_RESULT; Gt=Gr=0dBi; g=h; no separate P2108; site-level propagation only; no direct antenna gain included
0,NRCAN_GATINEAU_REFERENCE,SITE_PROP_E3_SITE_16,P452_p0.005_coast200_V,8.15,1,2.67507975166939e-12,1,0,none_documented,ITU-R P.452-18 reference v18.0 commit 86f8026ce39635fa2b599e50d6d01fe5b0d6bbfe; MATLAB 2026a,ALL_SITE_BASIC_LOSS_AUDIT_NOT_PAPER_RESULT; Gt=Gr=0dBi; g=h; no separate P2108; site-level propagation only; no direct antenna gain included
0,NRCAN_GATINEAU_REFERENCE,SITE_PROP_E3_SITE_17,P452_p50_coast5_H,8.15,1,6.04840486952659e-17,1,0,none_documented,ITU-R P.452-18 reference v18.0 commit 86f8026ce39635fa2b599e50d6d01fe5b0d6bbfe; MATLAB 2026a,ALL_SITE_BASIC_LOSS_AUDIT_NOT_PAPER_RESULT; Gt=Gr=0dBi; g=h; no separate P2108; site-level propagation only; no direct antenna gain included
0,NRCAN_GATINEAU_REFERENCE,SITE_PROP_E3_SITE_17,P452_p20_coast5_H,8.15,1,6.39716571004807e-17,1,0,none_documented,ITU-R P.452-18 reference v18.0 commit 86f8026ce39635fa2b599e50d6d01fe5b0d6bbfe; MATLAB 2026a,ALL_SITE_BASIC_LOSS_AUDIT_NOT_PAPER_RESULT; Gt=Gr=0dBi; g=h; no separate P2108; site-level propagation only; no direct antenna gain included
0,NRCAN_GATINEAU_REFERENCE,SITE_PROP_E3_SITE_17,P452_p10_coast5_H,8.15,1,6.67153917466136e-17,1,0,none_documented,ITU-R P.452-18 reference v18.0 commit 86f8026ce39635fa2b599e50d6d01fe5b0d6bbfe; MATLAB 2026a,ALL_SITE_BASIC_LOSS_AUDIT_NOT_PAPER_RESULT; Gt=Gr=0dBi; g=h; no separate P2108; site-level propagation only; no direct antenna gain included
0,NRCAN_GATINEAU_REFERENCE,SITE_PROP_E3_SITE_17,P452_p1_coast5_H,8.15,1,7.64763942835159e-17,1,0,none_documented,ITU-R P.452-18 reference v18.0 commit 86f8026ce39635fa2b599e50d6d01fe5b0d6bbfe; MATLAB 2026a,ALL_SITE_BASIC_LOSS_AUDIT_NOT_PAPER_RESULT; Gt=Gr=0dBi; g=h; no separate P2108; site-level propagation only; no direct antenna gain included
0,NRCAN_GATINEAU_REFERENCE,SITE_PROP_E3_SITE_17,P452_p0.1_coast5_H,8.15,1,8.76555166855824e-17,1,0,none_documented,ITU-R P.452-18 reference v18.0 commit 86f8026ce39635fa2b599e50d6d01fe5b0d6bbfe; MATLAB 2026a,ALL_SITE_BASIC_LOSS_AUDIT_NOT_PAPER_RESULT; Gt=Gr=0dBi; g=h; no separate P2108; site-level propagation only; no direct antenna gain included
0,NRCAN_GATINEAU_REFERENCE,SITE_PROP_E3_SITE_17,P452_p0.01_coast5_H,8.15,1,1.00469031053404e-16,1,0,none_documented,ITU-R P.452-18 reference v18.0 commit 86f8026ce39635fa2b599e50d6d01fe5b0d6bbfe; MATLAB 2026a,ALL_SITE_BASIC_LOSS_AUDIT_NOT_PAPER_RESULT; Gt=Gr=0dBi; g=h; no separate P2108; site-level propagation only; no direct antenna gain included
0,NRCAN_GATINEAU_REFERENCE,SITE_PROP_E3_SITE_17,P452_p0.005_coast5_H,8.15,1,1.04681487988067e-16,1,0,none_documented,ITU-R P.452-18 reference v18.0 commit 86f8026ce39635fa2b599e50d6d01fe5b0d6bbfe; MATLAB 2026a,ALL_SITE_BASIC_LOSS_AUDIT_NOT_PAPER_RESULT; Gt=Gr=0dBi; g=h; no separate P2108; site-level propagation only; no direct antenna gain included
0,NRCAN_GATINEAU_REFERENCE,SITE_PROP_E3_SITE_17,P452_p50_coast5_V,8.15,1,6.04840486952659e-17,1,0,none_documented,ITU-R P.452-18 reference v18.0 commit 86f8026ce39635fa2b599e50d6d01fe5b0d6bbfe; MATLAB 2026a,ALL_SITE_BASIC_LOSS_AUDIT_NOT_PAPER_RESULT; Gt=Gr=0dBi; g=h; no separate P2108; site-level propagation only; no direct antenna gain included
0,NRCAN_GATINEAU_REFERENCE,SITE_PROP_E3_SITE_17,P452_p20_coast5_V,8.15,1,6.39716571004807e-17,1,0,none_documented,ITU-R P.452-18 reference v18.0 commit 86f8026ce39635fa2b599e50d6d01fe5b0d6bbfe; MATLAB 2026a,ALL_SITE_BASIC_LOSS_AUDIT_NOT_PAPER_RESULT; Gt=Gr=0dBi; g=h; no separate P2108; site-level propagation only; no direct antenna gain included
0,NRCAN_GATINEAU_REFERENCE,SITE_PROP_E3_SITE_17,P452_p10_coast5_V,8.15,1,6.67153917466136e-17,1,0,none_documented,ITU-R P.452-18 reference v18.0 commit 86f8026ce39635fa2b599e50d6d01fe5b0d6bbfe; MATLAB 2026a,ALL_SITE_BASIC_LOSS_AUDIT_NOT_PAPER_RESULT; Gt=Gr=0dBi; g=h; no separate P2108; site-level propagation only; no direct antenna gain included
0,NRCAN_GATINEAU_REFERENCE,SITE_PROP_E3_SITE_17,P452_p1_coast5_V,8.15,1,7.64763942835159e-17,1,0,none_documented,ITU-R P.452-18 reference v18.0 commit 86f8026ce39635fa2b599e50d6d01fe5b0d6bbfe; MATLAB 2026a,ALL_SITE_BASIC_LOSS_AUDIT_NOT_PAPER_RESULT; Gt=Gr=0dBi; g=h; no separate P2108; site-level propagation only; no direct antenna gain included
0,NRCAN_GATINEAU_REFERENCE,SITE_PROP_E3_SITE_17,P452_p0.1_coast5_V,8.15,1,8.76555166855824e-17,1,0,none_documented,ITU-R P.452-18 reference v18.0 commit 86f8026ce39635fa2b599e50d6d01fe5b0d6bbfe; MATLAB 2026a,ALL_SITE_BASIC_LOSS_AUDIT_NOT_PAPER_RESULT; Gt=Gr=0dBi; g=h; no separate P2108; site-level propagation only; no direct antenna gain included
0,NRCAN_GATINEAU_REFERENCE,SITE_PROP_E3_SITE_17,P452_p0.01_coast5_V,8.15,1,1.00469031053404e-16,1,0,none_documented,ITU-R P.452-18 reference v18.0 commit 86f8026ce39635fa2b599e50d6d01fe5b0d6bbfe; MATLAB 2026a,ALL_SITE_BASIC_LOSS_AUDIT_NOT_PAPER_RESULT; Gt=Gr=0dBi; g=h; no separate P2108; site-level propagation only; no direct antenna gain included
0,NRCAN_GATINEAU_REFERENCE,SITE_PROP_E3_SITE_17,P452_p0.005_coast5_V,8.15,1,1.04681487988067e-16,1,0,none_documented,ITU-R P.452-18 reference v18.0 commit 86f8026ce39635fa2b599e50d6d01fe5b0d6bbfe; MATLAB 2026a,ALL_SITE_BASIC_LOSS_AUDIT_NOT_PAPER_RESULT; Gt=Gr=0dBi; g=h; no separate P2108; site-level propagation only; no direct antenna gain included
0,NRCAN_GATINEAU_REFERENCE,SITE_PROP_E3_SITE_17,P452_p50_coast50_H,8.15,1,6.04840486952659e-17,1,0,none_documented,ITU-R P.452-18 reference v18.0 commit 86f8026ce39635fa2b599e50d6d01fe5b0d6bbfe; MATLAB 2026a,ALL_SITE_BASIC_LOSS_AUDIT_NOT_PAPER_RESULT; Gt=Gr=0dBi; g=h; no separate P2108; site-level propagation only; no direct antenna gain included
0,NRCAN_GATINEAU_REFERENCE,SITE_PROP_E3_SITE_17,P452_p20_coast50_H,8.15,1,6.39716571004807e-17,1,0,none_documented,ITU-R P.452-18 reference v18.0 commit 86f8026ce39635fa2b599e50d6d01fe5b0d6bbfe; MATLAB 2026a,ALL_SITE_BASIC_LOSS_AUDIT_NOT_PAPER_RESULT; Gt=Gr=0dBi; g=h; no separate P2108; site-level propagation only; no direct antenna gain included
0,NRCAN_GATINEAU_REFERENCE,SITE_PROP_E3_SITE_17,P452_p10_coast50_H,8.15,1,6.67153917466136e-17,1,0,none_documented,ITU-R P.452-18 reference v18.0 commit 86f8026ce39635fa2b599e50d6d01fe5b0d6bbfe; MATLAB 2026a,ALL_SITE_BASIC_LOSS_AUDIT_NOT_PAPER_RESULT; Gt=Gr=0dBi; g=h; no separate P2108; site-level propagation only; no direct antenna gain included
0,NRCAN_GATINEAU_REFERENCE,SITE_PROP_E3_SITE_17,P452_p1_coast50_H,8.15,1,7.64763942835159e-17,1,0,none_documented,ITU-R P.452-18 reference v18.0 commit 86f8026ce39635fa2b599e50d6d01fe5b0d6bbfe; MATLAB 2026a,ALL_SITE_BASIC_LOSS_AUDIT_NOT_PAPER_RESULT; Gt=Gr=0dBi; g=h; no separate P2108; site-level propagation only; no direct antenna gain included
0,NRCAN_GATINEAU_REFERENCE,SITE_PROP_E3_SITE_17,P452_p0.1_coast50_H,8.15,1,8.76555166855824e-17,1,0,none_documented,ITU-R P.452-18 reference v18.0 commit 86f8026ce39635fa2b599e50d6d01fe5b0d6bbfe; MATLAB 2026a,ALL_SITE_BASIC_LOSS_AUDIT_NOT_PAPER_RESULT; Gt=Gr=0dBi; g=h; no separate P2108; site-level propagation only; no direct antenna gain included
0,NRCAN_GATINEAU_REFERENCE,SITE_PROP_E3_SITE_17,P452_p0.01_coast50_H,8.15,1,1.00469031053404e-16,1,0,none_documented,ITU-R P.452-18 reference v18.0 commit 86f8026ce39635fa2b599e50d6d01fe5b0d6bbfe; MATLAB 2026a,ALL_SITE_BASIC_LOSS_AUDIT_NOT_PAPER_RESULT; Gt=Gr=0dBi; g=h; no separate P2108; site-level propagation only; no direct antenna gain included
0,NRCAN_GATINEAU_REFERENCE,SITE_PROP_E3_SITE_17,P452_p0.005_coast50_H,8.15,1,1.04681487988067e-16,1,0,none_documented,ITU-R P.452-18 reference v18.0 commit 86f8026ce39635fa2b599e50d6d01fe5b0d6bbfe; MATLAB 2026a,ALL_SITE_BASIC_LOSS_AUDIT_NOT_PAPER_RESULT; Gt=Gr=0dBi; g=h; no separate P2108; site-level propagation only; no direct antenna gain included
0,NRCAN_GATINEAU_REFERENCE,SITE_PROP_E3_SITE_17,P452_p50_coast50_V,8.15,1,6.04840486952659e-17,1,0,none_documented,ITU-R P.452-18 reference v18.0 commit 86f8026ce39635fa2b599e50d6d01fe5b0d6bbfe; MATLAB 2026a,ALL_SITE_BASIC_LOSS_AUDIT_NOT_PAPER_RESULT; Gt=Gr=0dBi; g=h; no separate P2108; site-level propagation only; no direct antenna gain included
0,NRCAN_GATINEAU_REFERENCE,SITE_PROP_E3_SITE_17,P452_p20_coast50_V,8.15,1,6.39716571004807e-17,1,0,none_documented,ITU-R P.452-18 reference v18.0 commit 86f8026ce39635fa2b599e50d6d01fe5b0d6bbfe; MATLAB 2026a,ALL_SITE_BASIC_LOSS_AUDIT_NOT_PAPER_RESULT; Gt=Gr=0dBi; g=h; no separate P2108; site-level propagation only; no direct antenna gain included
0,NRCAN_GATINEAU_REFERENCE,SITE_PROP_E3_SITE_17,P452_p10_coast50_V,8.15,1,6.67153917466136e-17,1,0,none_documented,ITU-R P.452-18 reference v18.0 commit 86f8026ce39635fa2b599e50d6d01fe5b0d6bbfe; MATLAB 2026a,ALL_SITE_BASIC_LOSS_AUDIT_NOT_PAPER_RESULT; Gt=Gr=0dBi; g=h; no separate P2108; site-level propagation only; no direct antenna gain included
0,NRCAN_GATINEAU_REFERENCE,SITE_PROP_E3_SITE_17,P452_p1_coast50_V,8.15,1,7.64763942835159e-17,1,0,none_documented,ITU-R P.452-18 reference v18.0 commit 86f8026ce39635fa2b599e50d6d01fe5b0d6bbfe; MATLAB 2026a,ALL_SITE_BASIC_LOSS_AUDIT_NOT_PAPER_RESULT; Gt=Gr=0dBi; g=h; no separate P2108; site-level propagation only; no direct antenna gain included
0,NRCAN_GATINEAU_REFERENCE,SITE_PROP_E3_SITE_17,P452_p0.1_coast50_V,8.15,1,8.76555166855824e-17,1,0,none_documented,ITU-R P.452-18 reference v18.0 commit 86f8026ce39635fa2b599e50d6d01fe5b0d6bbfe; MATLAB 2026a,ALL_SITE_BASIC_LOSS_AUDIT_NOT_PAPER_RESULT; Gt=Gr=0dBi; g=h; no separate P2108; site-level propagation only; no direct antenna gain included
0,NRCAN_GATINEAU_REFERENCE,SITE_PROP_E3_SITE_17,P452_p0.01_coast50_V,8.15,1,1.00469031053404e-16,1,0,none_documented,ITU-R P.452-18 reference v18.0 commit 86f8026ce39635fa2b599e50d6d01fe5b0d6bbfe; MATLAB 2026a,ALL_SITE_BASIC_LOSS_AUDIT_NOT_PAPER_RESULT; Gt=Gr=0dBi; g=h; no separate P2108; site-level propagation only; no direct antenna gain included
0,NRCAN_GATINEAU_REFERENCE,SITE_PROP_E3_SITE_17,P452_p0.005_coast50_V,8.15,1,1.04681487988067e-16,1,0,none_documented,ITU-R P.452-18 reference v18.0 commit 86f8026ce39635fa2b599e50d6d01fe5b0d6bbfe; MATLAB 2026a,ALL_SITE_BASIC_LOSS_AUDIT_NOT_PAPER_RESULT; Gt=Gr=0dBi; g=h; no separate P2108; site-level propagation only; no direct antenna gain included
0,NRCAN_GATINEAU_REFERENCE,SITE_PROP_E3_SITE_17,P452_p50_coast200_H,8.15,1,6.04840486952659e-17,1,0,none_documented,ITU-R P.452-18 reference v18.0 commit 86f8026ce39635fa2b599e50d6d01fe5b0d6bbfe; MATLAB 2026a,ALL_SITE_BASIC_LOSS_AUDIT_NOT_PAPER_RESULT; Gt=Gr=0dBi; g=h; no separate P2108; site-level propagation only; no direct antenna gain included
0,NRCAN_GATINEAU_REFERENCE,SITE_PROP_E3_SITE_17,P452_p20_coast200_H,8.15,1,6.39716571004807e-17,1,0,none_documented,ITU-R P.452-18 reference v18.0 commit 86f8026ce39635fa2b599e50d6d01fe5b0d6bbfe; MATLAB 2026a,ALL_SITE_BASIC_LOSS_AUDIT_NOT_PAPER_RESULT; Gt=Gr=0dBi; g=h; no separate P2108; site-level propagation only; no direct antenna gain included
0,NRCAN_GATINEAU_REFERENCE,SITE_PROP_E3_SITE_17,P452_p10_coast200_H,8.15,1,6.67153917466136e-17,1,0,none_documented,ITU-R P.452-18 reference v18.0 commit 86f8026ce39635fa2b599e50d6d01fe5b0d6bbfe; MATLAB 2026a,ALL_SITE_BASIC_LOSS_AUDIT_NOT_PAPER_RESULT; Gt=Gr=0dBi; g=h; no separate P2108; site-level propagation only; no direct antenna gain included
0,NRCAN_GATINEAU_REFERENCE,SITE_PROP_E3_SITE_17,P452_p1_coast200_H,8.15,1,7.64763942835159e-17,1,0,none_documented,ITU-R P.452-18 reference v18.0 commit 86f8026ce39635fa2b599e50d6d01fe5b0d6bbfe; MATLAB 2026a,ALL_SITE_BASIC_LOSS_AUDIT_NOT_PAPER_RESULT; Gt=Gr=0dBi; g=h; no separate P2108; site-level propagation only; no direct antenna gain included
0,NRCAN_GATINEAU_REFERENCE,SITE_PROP_E3_SITE_17,P452_p0.1_coast200_H,8.15,1,8.76555166855824e-17,1,0,none_documented,ITU-R P.452-18 reference v18.0 commit 86f8026ce39635fa2b599e50d6d01fe5b0d6bbfe; MATLAB 2026a,ALL_SITE_BASIC_LOSS_AUDIT_NOT_PAPER_RESULT; Gt=Gr=0dBi; g=h; no separate P2108; site-level propagation only; no direct antenna gain included
0,NRCAN_GATINEAU_REFERENCE,SITE_PROP_E3_SITE_17,P452_p0.01_coast200_H,8.15,1,1.00469031053404e-16,1,0,none_documented,ITU-R P.452-18 reference v18.0 commit 86f8026ce39635fa2b599e50d6d01fe5b0d6bbfe; MATLAB 2026a,ALL_SITE_BASIC_LOSS_AUDIT_NOT_PAPER_RESULT; Gt=Gr=0dBi; g=h; no separate P2108; site-level propagation only; no direct antenna gain included
0,NRCAN_GATINEAU_REFERENCE,SITE_PROP_E3_SITE_17,P452_p0.005_coast200_H,8.15,1,1.04681487988067e-16,1,0,none_documented,ITU-R P.452-18 reference v18.0 commit 86f8026ce39635fa2b599e50d6d01fe5b0d6bbfe; MATLAB 2026a,ALL_SITE_BASIC_LOSS_AUDIT_NOT_PAPER_RESULT; Gt=Gr=0dBi; g=h; no separate P2108; site-level propagation only; no direct antenna gain included
0,NRCAN_GATINEAU_REFERENCE,SITE_PROP_E3_SITE_17,P452_p50_coast200_V,8.15,1,6.04840486952659e-17,1,0,none_documented,ITU-R P.452-18 reference v18.0 commit 86f8026ce39635fa2b599e50d6d01fe5b0d6bbfe; MATLAB 2026a,ALL_SITE_BASIC_LOSS_AUDIT_NOT_PAPER_RESULT; Gt=Gr=0dBi; g=h; no separate P2108; site-level propagation only; no direct antenna gain included
0,NRCAN_GATINEAU_REFERENCE,SITE_PROP_E3_SITE_17,P452_p20_coast200_V,8.15,1,6.39716571004807e-17,1,0,none_documented,ITU-R P.452-18 reference v18.0 commit 86f8026ce39635fa2b599e50d6d01fe5b0d6bbfe; MATLAB 2026a,ALL_SITE_BASIC_LOSS_AUDIT_NOT_PAPER_RESULT; Gt=Gr=0dBi; g=h; no separate P2108; site-level propagation only; no direct antenna gain included
0,NRCAN_GATINEAU_REFERENCE,SITE_PROP_E3_SITE_17,P452_p10_coast200_V,8.15,1,6.67153917466136e-17,1,0,none_documented,ITU-R P.452-18 reference v18.0 commit 86f8026ce39635fa2b599e50d6d01fe5b0d6bbfe; MATLAB 2026a,ALL_SITE_BASIC_LOSS_AUDIT_NOT_PAPER_RESULT; Gt=Gr=0dBi; g=h; no separate P2108; site-level propagation only; no direct antenna gain included
0,NRCAN_GATINEAU_REFERENCE,SITE_PROP_E3_SITE_17,P452_p1_coast200_V,8.15,1,7.64763942835159e-17,1,0,none_documented,ITU-R P.452-18 reference v18.0 commit 86f8026ce39635fa2b599e50d6d01fe5b0d6bbfe; MATLAB 2026a,ALL_SITE_BASIC_LOSS_AUDIT_NOT_PAPER_RESULT; Gt=Gr=0dBi; g=h; no separate P2108; site-level propagation only; no direct antenna gain included
0,NRCAN_GATINEAU_REFERENCE,SITE_PROP_E3_SITE_17,P452_p0.1_coast200_V,8.15,1,8.76555166855824e-17,1,0,none_documented,ITU-R P.452-18 reference v18.0 commit 86f8026ce39635fa2b599e50d6d01fe5b0d6bbfe; MATLAB 2026a,ALL_SITE_BASIC_LOSS_AUDIT_NOT_PAPER_RESULT; Gt=Gr=0dBi; g=h; no separate P2108; site-level propagation only; no direct antenna gain included
0,NRCAN_GATINEAU_REFERENCE,SITE_PROP_E3_SITE_17,P452_p0.01_coast200_V,8.15,1,1.00469031053404e-16,1,0,none_documented,ITU-R P.452-18 reference v18.0 commit 86f8026ce39635fa2b599e50d6d01fe5b0d6bbfe; MATLAB 2026a,ALL_SITE_BASIC_LOSS_AUDIT_NOT_PAPER_RESULT; Gt=Gr=0dBi; g=h; no separate P2108; site-level propagation only; no direct antenna gain included
0,NRCAN_GATINEAU_REFERENCE,SITE_PROP_E3_SITE_17,P452_p0.005_coast200_V,8.15,1,1.04681487988067e-16,1,0,none_documented,ITU-R P.452-18 reference v18.0 commit 86f8026ce39635fa2b599e50d6d01fe5b0d6bbfe; MATLAB 2026a,ALL_SITE_BASIC_LOSS_AUDIT_NOT_PAPER_RESULT; Gt=Gr=0dBi; g=h; no separate P2108; site-level propagation only; no direct antenna gain included
0,NRCAN_GATINEAU_REFERENCE,SITE_PROP_E3_SITE_18,P452_p50_coast5_H,8.15,1,1.6355911202325e-12,1,0,none_documented,ITU-R P.452-18 reference v18.0 commit 86f8026ce39635fa2b599e50d6d01fe5b0d6bbfe; MATLAB 2026a,ALL_SITE_BASIC_LOSS_AUDIT_NOT_PAPER_RESULT; Gt=Gr=0dBi; g=h; no separate P2108; site-level propagation only; no direct antenna gain included
0,NRCAN_GATINEAU_REFERENCE,SITE_PROP_E3_SITE_18,P452_p20_coast5_H,8.15,1,1.73173392469782e-12,1,0,none_documented,ITU-R P.452-18 reference v18.0 commit 86f8026ce39635fa2b599e50d6d01fe5b0d6bbfe; MATLAB 2026a,ALL_SITE_BASIC_LOSS_AUDIT_NOT_PAPER_RESULT; Gt=Gr=0dBi; g=h; no separate P2108; site-level propagation only; no direct antenna gain included
0,NRCAN_GATINEAU_REFERENCE,SITE_PROP_E3_SITE_18,P452_p10_coast5_H,8.15,1,1.78426981329238e-12,1,0,none_documented,ITU-R P.452-18 reference v18.0 commit 86f8026ce39635fa2b599e50d6d01fe5b0d6bbfe; MATLAB 2026a,ALL_SITE_BASIC_LOSS_AUDIT_NOT_PAPER_RESULT; Gt=Gr=0dBi; g=h; no separate P2108; site-level propagation only; no direct antenna gain included
0,NRCAN_GATINEAU_REFERENCE,SITE_PROP_E3_SITE_18,P452_p1_coast5_H,8.15,1,2.01432696229369e-12,1,0,none_documented,ITU-R P.452-18 reference v18.0 commit 86f8026ce39635fa2b599e50d6d01fe5b0d6bbfe; MATLAB 2026a,ALL_SITE_BASIC_LOSS_AUDIT_NOT_PAPER_RESULT; Gt=Gr=0dBi; g=h; no separate P2108; site-level propagation only; no direct antenna gain included
0,NRCAN_GATINEAU_REFERENCE,SITE_PROP_E3_SITE_18,P452_p0.1_coast5_H,8.15,1,2.27704282835762e-12,1,0,none_documented,ITU-R P.452-18 reference v18.0 commit 86f8026ce39635fa2b599e50d6d01fe5b0d6bbfe; MATLAB 2026a,ALL_SITE_BASIC_LOSS_AUDIT_NOT_PAPER_RESULT; Gt=Gr=0dBi; g=h; no separate P2108; site-level propagation only; no direct antenna gain included
0,NRCAN_GATINEAU_REFERENCE,SITE_PROP_E3_SITE_18,P452_p0.01_coast5_H,8.15,1,2.57402394466484e-12,1,0,none_documented,ITU-R P.452-18 reference v18.0 commit 86f8026ce39635fa2b599e50d6d01fe5b0d6bbfe; MATLAB 2026a,ALL_SITE_BASIC_LOSS_AUDIT_NOT_PAPER_RESULT; Gt=Gr=0dBi; g=h; no separate P2108; site-level propagation only; no direct antenna gain included
0,NRCAN_GATINEAU_REFERENCE,SITE_PROP_E3_SITE_18,P452_p0.005_coast5_H,8.15,1,2.6707912206242e-12,1,0,none_documented,ITU-R P.452-18 reference v18.0 commit 86f8026ce39635fa2b599e50d6d01fe5b0d6bbfe; MATLAB 2026a,ALL_SITE_BASIC_LOSS_AUDIT_NOT_PAPER_RESULT; Gt=Gr=0dBi; g=h; no separate P2108; site-level propagation only; no direct antenna gain included
0,NRCAN_GATINEAU_REFERENCE,SITE_PROP_E3_SITE_18,P452_p50_coast5_V,8.15,1,1.6355911202325e-12,1,0,none_documented,ITU-R P.452-18 reference v18.0 commit 86f8026ce39635fa2b599e50d6d01fe5b0d6bbfe; MATLAB 2026a,ALL_SITE_BASIC_LOSS_AUDIT_NOT_PAPER_RESULT; Gt=Gr=0dBi; g=h; no separate P2108; site-level propagation only; no direct antenna gain included
0,NRCAN_GATINEAU_REFERENCE,SITE_PROP_E3_SITE_18,P452_p20_coast5_V,8.15,1,1.73173392469782e-12,1,0,none_documented,ITU-R P.452-18 reference v18.0 commit 86f8026ce39635fa2b599e50d6d01fe5b0d6bbfe; MATLAB 2026a,ALL_SITE_BASIC_LOSS_AUDIT_NOT_PAPER_RESULT; Gt=Gr=0dBi; g=h; no separate P2108; site-level propagation only; no direct antenna gain included
0,NRCAN_GATINEAU_REFERENCE,SITE_PROP_E3_SITE_18,P452_p10_coast5_V,8.15,1,1.78426981329238e-12,1,0,none_documented,ITU-R P.452-18 reference v18.0 commit 86f8026ce39635fa2b599e50d6d01fe5b0d6bbfe; MATLAB 2026a,ALL_SITE_BASIC_LOSS_AUDIT_NOT_PAPER_RESULT; Gt=Gr=0dBi; g=h; no separate P2108; site-level propagation only; no direct antenna gain included
0,NRCAN_GATINEAU_REFERENCE,SITE_PROP_E3_SITE_18,P452_p1_coast5_V,8.15,1,2.01432696229369e-12,1,0,none_documented,ITU-R P.452-18 reference v18.0 commit 86f8026ce39635fa2b599e50d6d01fe5b0d6bbfe; MATLAB 2026a,ALL_SITE_BASIC_LOSS_AUDIT_NOT_PAPER_RESULT; Gt=Gr=0dBi; g=h; no separate P2108; site-level propagation only; no direct antenna gain included
0,NRCAN_GATINEAU_REFERENCE,SITE_PROP_E3_SITE_18,P452_p0.1_coast5_V,8.15,1,2.27704282835762e-12,1,0,none_documented,ITU-R P.452-18 reference v18.0 commit 86f8026ce39635fa2b599e50d6d01fe5b0d6bbfe; MATLAB 2026a,ALL_SITE_BASIC_LOSS_AUDIT_NOT_PAPER_RESULT; Gt=Gr=0dBi; g=h; no separate P2108; site-level propagation only; no direct antenna gain included
0,NRCAN_GATINEAU_REFERENCE,SITE_PROP_E3_SITE_18,P452_p0.01_coast5_V,8.15,1,2.57402394466484e-12,1,0,none_documented,ITU-R P.452-18 reference v18.0 commit 86f8026ce39635fa2b599e50d6d01fe5b0d6bbfe; MATLAB 2026a,ALL_SITE_BASIC_LOSS_AUDIT_NOT_PAPER_RESULT; Gt=Gr=0dBi; g=h; no separate P2108; site-level propagation only; no direct antenna gain included
0,NRCAN_GATINEAU_REFERENCE,SITE_PROP_E3_SITE_18,P452_p0.005_coast5_V,8.15,1,2.6707912206242e-12,1,0,none_documented,ITU-R P.452-18 reference v18.0 commit 86f8026ce39635fa2b599e50d6d01fe5b0d6bbfe; MATLAB 2026a,ALL_SITE_BASIC_LOSS_AUDIT_NOT_PAPER_RESULT; Gt=Gr=0dBi; g=h; no separate P2108; site-level propagation only; no direct antenna gain included
0,NRCAN_GATINEAU_REFERENCE,SITE_PROP_E3_SITE_18,P452_p50_coast50_H,8.15,1,1.6355911202325e-12,1,0,none_documented,ITU-R P.452-18 reference v18.0 commit 86f8026ce39635fa2b599e50d6d01fe5b0d6bbfe; MATLAB 2026a,ALL_SITE_BASIC_LOSS_AUDIT_NOT_PAPER_RESULT; Gt=Gr=0dBi; g=h; no separate P2108; site-level propagation only; no direct antenna gain included
0,NRCAN_GATINEAU_REFERENCE,SITE_PROP_E3_SITE_18,P452_p20_coast50_H,8.15,1,1.73173392469782e-12,1,0,none_documented,ITU-R P.452-18 reference v18.0 commit 86f8026ce39635fa2b599e50d6d01fe5b0d6bbfe; MATLAB 2026a,ALL_SITE_BASIC_LOSS_AUDIT_NOT_PAPER_RESULT; Gt=Gr=0dBi; g=h; no separate P2108; site-level propagation only; no direct antenna gain included
0,NRCAN_GATINEAU_REFERENCE,SITE_PROP_E3_SITE_18,P452_p10_coast50_H,8.15,1,1.78426981329238e-12,1,0,none_documented,ITU-R P.452-18 reference v18.0 commit 86f8026ce39635fa2b599e50d6d01fe5b0d6bbfe; MATLAB 2026a,ALL_SITE_BASIC_LOSS_AUDIT_NOT_PAPER_RESULT; Gt=Gr=0dBi; g=h; no separate P2108; site-level propagation only; no direct antenna gain included
0,NRCAN_GATINEAU_REFERENCE,SITE_PROP_E3_SITE_18,P452_p1_coast50_H,8.15,1,2.01432696229369e-12,1,0,none_documented,ITU-R P.452-18 reference v18.0 commit 86f8026ce39635fa2b599e50d6d01fe5b0d6bbfe; MATLAB 2026a,ALL_SITE_BASIC_LOSS_AUDIT_NOT_PAPER_RESULT; Gt=Gr=0dBi; g=h; no separate P2108; site-level propagation only; no direct antenna gain included
0,NRCAN_GATINEAU_REFERENCE,SITE_PROP_E3_SITE_18,P452_p0.1_coast50_H,8.15,1,2.27704282835762e-12,1,0,none_documented,ITU-R P.452-18 reference v18.0 commit 86f8026ce39635fa2b599e50d6d01fe5b0d6bbfe; MATLAB 2026a,ALL_SITE_BASIC_LOSS_AUDIT_NOT_PAPER_RESULT; Gt=Gr=0dBi; g=h; no separate P2108; site-level propagation only; no direct antenna gain included
0,NRCAN_GATINEAU_REFERENCE,SITE_PROP_E3_SITE_18,P452_p0.01_coast50_H,8.15,1,2.57402394466484e-12,1,0,none_documented,ITU-R P.452-18 reference v18.0 commit 86f8026ce39635fa2b599e50d6d01fe5b0d6bbfe; MATLAB 2026a,ALL_SITE_BASIC_LOSS_AUDIT_NOT_PAPER_RESULT; Gt=Gr=0dBi; g=h; no separate P2108; site-level propagation only; no direct antenna gain included
0,NRCAN_GATINEAU_REFERENCE,SITE_PROP_E3_SITE_18,P452_p0.005_coast50_H,8.15,1,2.6707912206242e-12,1,0,none_documented,ITU-R P.452-18 reference v18.0 commit 86f8026ce39635fa2b599e50d6d01fe5b0d6bbfe; MATLAB 2026a,ALL_SITE_BASIC_LOSS_AUDIT_NOT_PAPER_RESULT; Gt=Gr=0dBi; g=h; no separate P2108; site-level propagation only; no direct antenna gain included
0,NRCAN_GATINEAU_REFERENCE,SITE_PROP_E3_SITE_18,P452_p50_coast50_V,8.15,1,1.6355911202325e-12,1,0,none_documented,ITU-R P.452-18 reference v18.0 commit 86f8026ce39635fa2b599e50d6d01fe5b0d6bbfe; MATLAB 2026a,ALL_SITE_BASIC_LOSS_AUDIT_NOT_PAPER_RESULT; Gt=Gr=0dBi; g=h; no separate P2108; site-level propagation only; no direct antenna gain included
0,NRCAN_GATINEAU_REFERENCE,SITE_PROP_E3_SITE_18,P452_p20_coast50_V,8.15,1,1.73173392469782e-12,1,0,none_documented,ITU-R P.452-18 reference v18.0 commit 86f8026ce39635fa2b599e50d6d01fe5b0d6bbfe; MATLAB 2026a,ALL_SITE_BASIC_LOSS_AUDIT_NOT_PAPER_RESULT; Gt=Gr=0dBi; g=h; no separate P2108; site-level propagation only; no direct antenna gain included
0,NRCAN_GATINEAU_REFERENCE,SITE_PROP_E3_SITE_18,P452_p10_coast50_V,8.15,1,1.78426981329238e-12,1,0,none_documented,ITU-R P.452-18 reference v18.0 commit 86f8026ce39635fa2b599e50d6d01fe5b0d6bbfe; MATLAB 2026a,ALL_SITE_BASIC_LOSS_AUDIT_NOT_PAPER_RESULT; Gt=Gr=0dBi; g=h; no separate P2108; site-level propagation only; no direct antenna gain included
0,NRCAN_GATINEAU_REFERENCE,SITE_PROP_E3_SITE_18,P452_p1_coast50_V,8.15,1,2.01432696229369e-12,1,0,none_documented,ITU-R P.452-18 reference v18.0 commit 86f8026ce39635fa2b599e50d6d01fe5b0d6bbfe; MATLAB 2026a,ALL_SITE_BASIC_LOSS_AUDIT_NOT_PAPER_RESULT; Gt=Gr=0dBi; g=h; no separate P2108; site-level propagation only; no direct antenna gain included
0,NRCAN_GATINEAU_REFERENCE,SITE_PROP_E3_SITE_18,P452_p0.1_coast50_V,8.15,1,2.27704282835762e-12,1,0,none_documented,ITU-R P.452-18 reference v18.0 commit 86f8026ce39635fa2b599e50d6d01fe5b0d6bbfe; MATLAB 2026a,ALL_SITE_BASIC_LOSS_AUDIT_NOT_PAPER_RESULT; Gt=Gr=0dBi; g=h; no separate P2108; site-level propagation only; no direct antenna gain included
0,NRCAN_GATINEAU_REFERENCE,SITE_PROP_E3_SITE_18,P452_p0.01_coast50_V,8.15,1,2.57402394466484e-12,1,0,none_documented,ITU-R P.452-18 reference v18.0 commit 86f8026ce39635fa2b599e50d6d01fe5b0d6bbfe; MATLAB 2026a,ALL_SITE_BASIC_LOSS_AUDIT_NOT_PAPER_RESULT; Gt=Gr=0dBi; g=h; no separate P2108; site-level propagation only; no direct antenna gain included
0,NRCAN_GATINEAU_REFERENCE,SITE_PROP_E3_SITE_18,P452_p0.005_coast50_V,8.15,1,2.6707912206242e-12,1,0,none_documented,ITU-R P.452-18 reference v18.0 commit 86f8026ce39635fa2b599e50d6d01fe5b0d6bbfe; MATLAB 2026a,ALL_SITE_BASIC_LOSS_AUDIT_NOT_PAPER_RESULT; Gt=Gr=0dBi; g=h; no separate P2108; site-level propagation only; no direct antenna gain included
0,NRCAN_GATINEAU_REFERENCE,SITE_PROP_E3_SITE_18,P452_p50_coast200_H,8.15,1,1.6355911202325e-12,1,0,none_documented,ITU-R P.452-18 reference v18.0 commit 86f8026ce39635fa2b599e50d6d01fe5b0d6bbfe; MATLAB 2026a,ALL_SITE_BASIC_LOSS_AUDIT_NOT_PAPER_RESULT; Gt=Gr=0dBi; g=h; no separate P2108; site-level propagation only; no direct antenna gain included
0,NRCAN_GATINEAU_REFERENCE,SITE_PROP_E3_SITE_18,P452_p20_coast200_H,8.15,1,1.73173392469782e-12,1,0,none_documented,ITU-R P.452-18 reference v18.0 commit 86f8026ce39635fa2b599e50d6d01fe5b0d6bbfe; MATLAB 2026a,ALL_SITE_BASIC_LOSS_AUDIT_NOT_PAPER_RESULT; Gt=Gr=0dBi; g=h; no separate P2108; site-level propagation only; no direct antenna gain included
0,NRCAN_GATINEAU_REFERENCE,SITE_PROP_E3_SITE_18,P452_p10_coast200_H,8.15,1,1.78426981329238e-12,1,0,none_documented,ITU-R P.452-18 reference v18.0 commit 86f8026ce39635fa2b599e50d6d01fe5b0d6bbfe; MATLAB 2026a,ALL_SITE_BASIC_LOSS_AUDIT_NOT_PAPER_RESULT; Gt=Gr=0dBi; g=h; no separate P2108; site-level propagation only; no direct antenna gain included
0,NRCAN_GATINEAU_REFERENCE,SITE_PROP_E3_SITE_18,P452_p1_coast200_H,8.15,1,2.01432696229369e-12,1,0,none_documented,ITU-R P.452-18 reference v18.0 commit 86f8026ce39635fa2b599e50d6d01fe5b0d6bbfe; MATLAB 2026a,ALL_SITE_BASIC_LOSS_AUDIT_NOT_PAPER_RESULT; Gt=Gr=0dBi; g=h; no separate P2108; site-level propagation only; no direct antenna gain included
0,NRCAN_GATINEAU_REFERENCE,SITE_PROP_E3_SITE_18,P452_p0.1_coast200_H,8.15,1,2.27704282835762e-12,1,0,none_documented,ITU-R P.452-18 reference v18.0 commit 86f8026ce39635fa2b599e50d6d01fe5b0d6bbfe; MATLAB 2026a,ALL_SITE_BASIC_LOSS_AUDIT_NOT_PAPER_RESULT; Gt=Gr=0dBi; g=h; no separate P2108; site-level propagation only; no direct antenna gain included
0,NRCAN_GATINEAU_REFERENCE,SITE_PROP_E3_SITE_18,P452_p0.01_coast200_H,8.15,1,2.57402394466484e-12,1,0,none_documented,ITU-R P.452-18 reference v18.0 commit 86f8026ce39635fa2b599e50d6d01fe5b0d6bbfe; MATLAB 2026a,ALL_SITE_BASIC_LOSS_AUDIT_NOT_PAPER_RESULT; Gt=Gr=0dBi; g=h; no separate P2108; site-level propagation only; no direct antenna gain included
0,NRCAN_GATINEAU_REFERENCE,SITE_PROP_E3_SITE_18,P452_p0.005_coast200_H,8.15,1,2.6707912206242e-12,1,0,none_documented,ITU-R P.452-18 reference v18.0 commit 86f8026ce39635fa2b599e50d6d01fe5b0d6bbfe; MATLAB 2026a,ALL_SITE_BASIC_LOSS_AUDIT_NOT_PAPER_RESULT; Gt=Gr=0dBi; g=h; no separate P2108; site-level propagation only; no direct antenna gain included
0,NRCAN_GATINEAU_REFERENCE,SITE_PROP_E3_SITE_18,P452_p50_coast200_V,8.15,1,1.6355911202325e-12,1,0,none_documented,ITU-R P.452-18 reference v18.0 commit 86f8026ce39635fa2b599e50d6d01fe5b0d6bbfe; MATLAB 2026a,ALL_SITE_BASIC_LOSS_AUDIT_NOT_PAPER_RESULT; Gt=Gr=0dBi; g=h; no separate P2108; site-level propagation only; no direct antenna gain included
0,NRCAN_GATINEAU_REFERENCE,SITE_PROP_E3_SITE_18,P452_p20_coast200_V,8.15,1,1.73173392469782e-12,1,0,none_documented,ITU-R P.452-18 reference v18.0 commit 86f8026ce39635fa2b599e50d6d01fe5b0d6bbfe; MATLAB 2026a,ALL_SITE_BASIC_LOSS_AUDIT_NOT_PAPER_RESULT; Gt=Gr=0dBi; g=h; no separate P2108; site-level propagation only; no direct antenna gain included
0,NRCAN_GATINEAU_REFERENCE,SITE_PROP_E3_SITE_18,P452_p10_coast200_V,8.15,1,1.78426981329238e-12,1,0,none_documented,ITU-R P.452-18 reference v18.0 commit 86f8026ce39635fa2b599e50d6d01fe5b0d6bbfe; MATLAB 2026a,ALL_SITE_BASIC_LOSS_AUDIT_NOT_PAPER_RESULT; Gt=Gr=0dBi; g=h; no separate P2108; site-level propagation only; no direct antenna gain included
0,NRCAN_GATINEAU_REFERENCE,SITE_PROP_E3_SITE_18,P452_p1_coast200_V,8.15,1,2.01432696229369e-12,1,0,none_documented,ITU-R P.452-18 reference v18.0 commit 86f8026ce39635fa2b599e50d6d01fe5b0d6bbfe; MATLAB 2026a,ALL_SITE_BASIC_LOSS_AUDIT_NOT_PAPER_RESULT; Gt=Gr=0dBi; g=h; no separate P2108; site-level propagation only; no direct antenna gain included
0,NRCAN_GATINEAU_REFERENCE,SITE_PROP_E3_SITE_18,P452_p0.1_coast200_V,8.15,1,2.27704282835762e-12,1,0,none_documented,ITU-R P.452-18 reference v18.0 commit 86f8026ce39635fa2b599e50d6d01fe5b0d6bbfe; MATLAB 2026a,ALL_SITE_BASIC_LOSS_AUDIT_NOT_PAPER_RESULT; Gt=Gr=0dBi; g=h; no separate P2108; site-level propagation only; no direct antenna gain included
0,NRCAN_GATINEAU_REFERENCE,SITE_PROP_E3_SITE_18,P452_p0.01_coast200_V,8.15,1,2.57402394466484e-12,1,0,none_documented,ITU-R P.452-18 reference v18.0 commit 86f8026ce39635fa2b599e50d6d01fe5b0d6bbfe; MATLAB 2026a,ALL_SITE_BASIC_LOSS_AUDIT_NOT_PAPER_RESULT; Gt=Gr=0dBi; g=h; no separate P2108; site-level propagation only; no direct antenna gain included
0,NRCAN_GATINEAU_REFERENCE,SITE_PROP_E3_SITE_18,P452_p0.005_coast200_V,8.15,1,2.6707912206242e-12,1,0,none_documented,ITU-R P.452-18 reference v18.0 commit 86f8026ce39635fa2b599e50d6d01fe5b0d6bbfe; MATLAB 2026a,ALL_SITE_BASIC_LOSS_AUDIT_NOT_PAPER_RESULT; Gt=Gr=0dBi; g=h; no separate P2108; site-level propagation only; no direct antenna gain included
0,NRCAN_GATINEAU_REFERENCE,SITE_PROP_E3_SITE_19,P452_p50_coast5_H,8.15,1,2.14753743224447e-12,1,0,none_documented,ITU-R P.452-18 reference v18.0 commit 86f8026ce39635fa2b599e50d6d01fe5b0d6bbfe; MATLAB 2026a,ALL_SITE_BASIC_LOSS_AUDIT_NOT_PAPER_RESULT; Gt=Gr=0dBi; g=h; no separate P2108; site-level propagation only; no direct antenna gain included
0,NRCAN_GATINEAU_REFERENCE,SITE_PROP_E3_SITE_19,P452_p20_coast5_H,8.15,1,2.25877351496491e-12,1,0,none_documented,ITU-R P.452-18 reference v18.0 commit 86f8026ce39635fa2b599e50d6d01fe5b0d6bbfe; MATLAB 2026a,ALL_SITE_BASIC_LOSS_AUDIT_NOT_PAPER_RESULT; Gt=Gr=0dBi; g=h; no separate P2108; site-level propagation only; no direct antenna gain included
0,NRCAN_GATINEAU_REFERENCE,SITE_PROP_E3_SITE_19,P452_p10_coast5_H,8.15,1,2.31925258499733e-12,1,0,none_documented,ITU-R P.452-18 reference v18.0 commit 86f8026ce39635fa2b599e50d6d01fe5b0d6bbfe; MATLAB 2026a,ALL_SITE_BASIC_LOSS_AUDIT_NOT_PAPER_RESULT; Gt=Gr=0dBi; g=h; no separate P2108; site-level propagation only; no direct antenna gain included
0,NRCAN_GATINEAU_REFERENCE,SITE_PROP_E3_SITE_19,P452_p1_coast5_H,8.15,1,2.58233872754871e-12,1,0,none_documented,ITU-R P.452-18 reference v18.0 commit 86f8026ce39635fa2b599e50d6d01fe5b0d6bbfe; MATLAB 2026a,ALL_SITE_BASIC_LOSS_AUDIT_NOT_PAPER_RESULT; Gt=Gr=0dBi; g=h; no separate P2108; site-level propagation only; no direct antenna gain included
0,NRCAN_GATINEAU_REFERENCE,SITE_PROP_E3_SITE_19,P452_p0.1_coast5_H,8.15,1,2.87834758461134e-12,1,0,none_documented,ITU-R P.452-18 reference v18.0 commit 86f8026ce39635fa2b599e50d6d01fe5b0d6bbfe; MATLAB 2026a,ALL_SITE_BASIC_LOSS_AUDIT_NOT_PAPER_RESULT; Gt=Gr=0dBi; g=h; no separate P2108; site-level propagation only; no direct antenna gain included
0,NRCAN_GATINEAU_REFERENCE,SITE_PROP_E3_SITE_19,P452_p0.01_coast5_H,8.15,1,3.20828864695486e-12,1,0,none_documented,ITU-R P.452-18 reference v18.0 commit 86f8026ce39635fa2b599e50d6d01fe5b0d6bbfe; MATLAB 2026a,ALL_SITE_BASIC_LOSS_AUDIT_NOT_PAPER_RESULT; Gt=Gr=0dBi; g=h; no separate P2108; site-level propagation only; no direct antenna gain included
0,NRCAN_GATINEAU_REFERENCE,SITE_PROP_E3_SITE_19,P452_p0.005_coast5_H,8.15,1,3.31482920131189e-12,1,0,none_documented,ITU-R P.452-18 reference v18.0 commit 86f8026ce39635fa2b599e50d6d01fe5b0d6bbfe; MATLAB 2026a,ALL_SITE_BASIC_LOSS_AUDIT_NOT_PAPER_RESULT; Gt=Gr=0dBi; g=h; no separate P2108; site-level propagation only; no direct antenna gain included
0,NRCAN_GATINEAU_REFERENCE,SITE_PROP_E3_SITE_19,P452_p50_coast5_V,8.15,1,2.14753743224447e-12,1,0,none_documented,ITU-R P.452-18 reference v18.0 commit 86f8026ce39635fa2b599e50d6d01fe5b0d6bbfe; MATLAB 2026a,ALL_SITE_BASIC_LOSS_AUDIT_NOT_PAPER_RESULT; Gt=Gr=0dBi; g=h; no separate P2108; site-level propagation only; no direct antenna gain included
0,NRCAN_GATINEAU_REFERENCE,SITE_PROP_E3_SITE_19,P452_p20_coast5_V,8.15,1,2.25877351496491e-12,1,0,none_documented,ITU-R P.452-18 reference v18.0 commit 86f8026ce39635fa2b599e50d6d01fe5b0d6bbfe; MATLAB 2026a,ALL_SITE_BASIC_LOSS_AUDIT_NOT_PAPER_RESULT; Gt=Gr=0dBi; g=h; no separate P2108; site-level propagation only; no direct antenna gain included
0,NRCAN_GATINEAU_REFERENCE,SITE_PROP_E3_SITE_19,P452_p10_coast5_V,8.15,1,2.31925258499733e-12,1,0,none_documented,ITU-R P.452-18 reference v18.0 commit 86f8026ce39635fa2b599e50d6d01fe5b0d6bbfe; MATLAB 2026a,ALL_SITE_BASIC_LOSS_AUDIT_NOT_PAPER_RESULT; Gt=Gr=0dBi; g=h; no separate P2108; site-level propagation only; no direct antenna gain included
0,NRCAN_GATINEAU_REFERENCE,SITE_PROP_E3_SITE_19,P452_p1_coast5_V,8.15,1,2.58233872754871e-12,1,0,none_documented,ITU-R P.452-18 reference v18.0 commit 86f8026ce39635fa2b599e50d6d01fe5b0d6bbfe; MATLAB 2026a,ALL_SITE_BASIC_LOSS_AUDIT_NOT_PAPER_RESULT; Gt=Gr=0dBi; g=h; no separate P2108; site-level propagation only; no direct antenna gain included
0,NRCAN_GATINEAU_REFERENCE,SITE_PROP_E3_SITE_19,P452_p0.1_coast5_V,8.15,1,2.87834758461134e-12,1,0,none_documented,ITU-R P.452-18 reference v18.0 commit 86f8026ce39635fa2b599e50d6d01fe5b0d6bbfe; MATLAB 2026a,ALL_SITE_BASIC_LOSS_AUDIT_NOT_PAPER_RESULT; Gt=Gr=0dBi; g=h; no separate P2108; site-level propagation only; no direct antenna gain included
0,NRCAN_GATINEAU_REFERENCE,SITE_PROP_E3_SITE_19,P452_p0.01_coast5_V,8.15,1,3.20828864695486e-12,1,0,none_documented,ITU-R P.452-18 reference v18.0 commit 86f8026ce39635fa2b599e50d6d01fe5b0d6bbfe; MATLAB 2026a,ALL_SITE_BASIC_LOSS_AUDIT_NOT_PAPER_RESULT; Gt=Gr=0dBi; g=h; no separate P2108; site-level propagation only; no direct antenna gain included
0,NRCAN_GATINEAU_REFERENCE,SITE_PROP_E3_SITE_19,P452_p0.005_coast5_V,8.15,1,3.31482920131189e-12,1,0,none_documented,ITU-R P.452-18 reference v18.0 commit 86f8026ce39635fa2b599e50d6d01fe5b0d6bbfe; MATLAB 2026a,ALL_SITE_BASIC_LOSS_AUDIT_NOT_PAPER_RESULT; Gt=Gr=0dBi; g=h; no separate P2108; site-level propagation only; no direct antenna gain included
0,NRCAN_GATINEAU_REFERENCE,SITE_PROP_E3_SITE_19,P452_p50_coast50_H,8.15,1,2.14753743224447e-12,1,0,none_documented,ITU-R P.452-18 reference v18.0 commit 86f8026ce39635fa2b599e50d6d01fe5b0d6bbfe; MATLAB 2026a,ALL_SITE_BASIC_LOSS_AUDIT_NOT_PAPER_RESULT; Gt=Gr=0dBi; g=h; no separate P2108; site-level propagation only; no direct antenna gain included
0,NRCAN_GATINEAU_REFERENCE,SITE_PROP_E3_SITE_19,P452_p20_coast50_H,8.15,1,2.25877351496491e-12,1,0,none_documented,ITU-R P.452-18 reference v18.0 commit 86f8026ce39635fa2b599e50d6d01fe5b0d6bbfe; MATLAB 2026a,ALL_SITE_BASIC_LOSS_AUDIT_NOT_PAPER_RESULT; Gt=Gr=0dBi; g=h; no separate P2108; site-level propagation only; no direct antenna gain included
0,NRCAN_GATINEAU_REFERENCE,SITE_PROP_E3_SITE_19,P452_p10_coast50_H,8.15,1,2.31925258499733e-12,1,0,none_documented,ITU-R P.452-18 reference v18.0 commit 86f8026ce39635fa2b599e50d6d01fe5b0d6bbfe; MATLAB 2026a,ALL_SITE_BASIC_LOSS_AUDIT_NOT_PAPER_RESULT; Gt=Gr=0dBi; g=h; no separate P2108; site-level propagation only; no direct antenna gain included
0,NRCAN_GATINEAU_REFERENCE,SITE_PROP_E3_SITE_19,P452_p1_coast50_H,8.15,1,2.58233872754871e-12,1,0,none_documented,ITU-R P.452-18 reference v18.0 commit 86f8026ce39635fa2b599e50d6d01fe5b0d6bbfe; MATLAB 2026a,ALL_SITE_BASIC_LOSS_AUDIT_NOT_PAPER_RESULT; Gt=Gr=0dBi; g=h; no separate P2108; site-level propagation only; no direct antenna gain included
0,NRCAN_GATINEAU_REFERENCE,SITE_PROP_E3_SITE_19,P452_p0.1_coast50_H,8.15,1,2.87834758461134e-12,1,0,none_documented,ITU-R P.452-18 reference v18.0 commit 86f8026ce39635fa2b599e50d6d01fe5b0d6bbfe; MATLAB 2026a,ALL_SITE_BASIC_LOSS_AUDIT_NOT_PAPER_RESULT; Gt=Gr=0dBi; g=h; no separate P2108; site-level propagation only; no direct antenna gain included
0,NRCAN_GATINEAU_REFERENCE,SITE_PROP_E3_SITE_19,P452_p0.01_coast50_H,8.15,1,3.20828864695486e-12,1,0,none_documented,ITU-R P.452-18 reference v18.0 commit 86f8026ce39635fa2b599e50d6d01fe5b0d6bbfe; MATLAB 2026a,ALL_SITE_BASIC_LOSS_AUDIT_NOT_PAPER_RESULT; Gt=Gr=0dBi; g=h; no separate P2108; site-level propagation only; no direct antenna gain included
0,NRCAN_GATINEAU_REFERENCE,SITE_PROP_E3_SITE_19,P452_p0.005_coast50_H,8.15,1,3.31482920131189e-12,1,0,none_documented,ITU-R P.452-18 reference v18.0 commit 86f8026ce39635fa2b599e50d6d01fe5b0d6bbfe; MATLAB 2026a,ALL_SITE_BASIC_LOSS_AUDIT_NOT_PAPER_RESULT; Gt=Gr=0dBi; g=h; no separate P2108; site-level propagation only; no direct antenna gain included
0,NRCAN_GATINEAU_REFERENCE,SITE_PROP_E3_SITE_19,P452_p50_coast50_V,8.15,1,2.14753743224447e-12,1,0,none_documented,ITU-R P.452-18 reference v18.0 commit 86f8026ce39635fa2b599e50d6d01fe5b0d6bbfe; MATLAB 2026a,ALL_SITE_BASIC_LOSS_AUDIT_NOT_PAPER_RESULT; Gt=Gr=0dBi; g=h; no separate P2108; site-level propagation only; no direct antenna gain included
0,NRCAN_GATINEAU_REFERENCE,SITE_PROP_E3_SITE_19,P452_p20_coast50_V,8.15,1,2.25877351496491e-12,1,0,none_documented,ITU-R P.452-18 reference v18.0 commit 86f8026ce39635fa2b599e50d6d01fe5b0d6bbfe; MATLAB 2026a,ALL_SITE_BASIC_LOSS_AUDIT_NOT_PAPER_RESULT; Gt=Gr=0dBi; g=h; no separate P2108; site-level propagation only; no direct antenna gain included
0,NRCAN_GATINEAU_REFERENCE,SITE_PROP_E3_SITE_19,P452_p10_coast50_V,8.15,1,2.31925258499733e-12,1,0,none_documented,ITU-R P.452-18 reference v18.0 commit 86f8026ce39635fa2b599e50d6d01fe5b0d6bbfe; MATLAB 2026a,ALL_SITE_BASIC_LOSS_AUDIT_NOT_PAPER_RESULT; Gt=Gr=0dBi; g=h; no separate P2108; site-level propagation only; no direct antenna gain included
0,NRCAN_GATINEAU_REFERENCE,SITE_PROP_E3_SITE_19,P452_p1_coast50_V,8.15,1,2.58233872754871e-12,1,0,none_documented,ITU-R P.452-18 reference v18.0 commit 86f8026ce39635fa2b599e50d6d01fe5b0d6bbfe; MATLAB 2026a,ALL_SITE_BASIC_LOSS_AUDIT_NOT_PAPER_RESULT; Gt=Gr=0dBi; g=h; no separate P2108; site-level propagation only; no direct antenna gain included
0,NRCAN_GATINEAU_REFERENCE,SITE_PROP_E3_SITE_19,P452_p0.1_coast50_V,8.15,1,2.87834758461134e-12,1,0,none_documented,ITU-R P.452-18 reference v18.0 commit 86f8026ce39635fa2b599e50d6d01fe5b0d6bbfe; MATLAB 2026a,ALL_SITE_BASIC_LOSS_AUDIT_NOT_PAPER_RESULT; Gt=Gr=0dBi; g=h; no separate P2108; site-level propagation only; no direct antenna gain included
0,NRCAN_GATINEAU_REFERENCE,SITE_PROP_E3_SITE_19,P452_p0.01_coast50_V,8.15,1,3.20828864695486e-12,1,0,none_documented,ITU-R P.452-18 reference v18.0 commit 86f8026ce39635fa2b599e50d6d01fe5b0d6bbfe; MATLAB 2026a,ALL_SITE_BASIC_LOSS_AUDIT_NOT_PAPER_RESULT; Gt=Gr=0dBi; g=h; no separate P2108; site-level propagation only; no direct antenna gain included
0,NRCAN_GATINEAU_REFERENCE,SITE_PROP_E3_SITE_19,P452_p0.005_coast50_V,8.15,1,3.31482920131189e-12,1,0,none_documented,ITU-R P.452-18 reference v18.0 commit 86f8026ce39635fa2b599e50d6d01fe5b0d6bbfe; MATLAB 2026a,ALL_SITE_BASIC_LOSS_AUDIT_NOT_PAPER_RESULT; Gt=Gr=0dBi; g=h; no separate P2108; site-level propagation only; no direct antenna gain included
0,NRCAN_GATINEAU_REFERENCE,SITE_PROP_E3_SITE_19,P452_p50_coast200_H,8.15,1,2.14753743224447e-12,1,0,none_documented,ITU-R P.452-18 reference v18.0 commit 86f8026ce39635fa2b599e50d6d01fe5b0d6bbfe; MATLAB 2026a,ALL_SITE_BASIC_LOSS_AUDIT_NOT_PAPER_RESULT; Gt=Gr=0dBi; g=h; no separate P2108; site-level propagation only; no direct antenna gain included
0,NRCAN_GATINEAU_REFERENCE,SITE_PROP_E3_SITE_19,P452_p20_coast200_H,8.15,1,2.25877351496491e-12,1,0,none_documented,ITU-R P.452-18 reference v18.0 commit 86f8026ce39635fa2b599e50d6d01fe5b0d6bbfe; MATLAB 2026a,ALL_SITE_BASIC_LOSS_AUDIT_NOT_PAPER_RESULT; Gt=Gr=0dBi; g=h; no separate P2108; site-level propagation only; no direct antenna gain included
0,NRCAN_GATINEAU_REFERENCE,SITE_PROP_E3_SITE_19,P452_p10_coast200_H,8.15,1,2.31925258499733e-12,1,0,none_documented,ITU-R P.452-18 reference v18.0 commit 86f8026ce39635fa2b599e50d6d01fe5b0d6bbfe; MATLAB 2026a,ALL_SITE_BASIC_LOSS_AUDIT_NOT_PAPER_RESULT; Gt=Gr=0dBi; g=h; no separate P2108; site-level propagation only; no direct antenna gain included
0,NRCAN_GATINEAU_REFERENCE,SITE_PROP_E3_SITE_19,P452_p1_coast200_H,8.15,1,2.58233872754871e-12,1,0,none_documented,ITU-R P.452-18 reference v18.0 commit 86f8026ce39635fa2b599e50d6d01fe5b0d6bbfe; MATLAB 2026a,ALL_SITE_BASIC_LOSS_AUDIT_NOT_PAPER_RESULT; Gt=Gr=0dBi; g=h; no separate P2108; site-level propagation only; no direct antenna gain included
0,NRCAN_GATINEAU_REFERENCE,SITE_PROP_E3_SITE_19,P452_p0.1_coast200_H,8.15,1,2.87834758461134e-12,1,0,none_documented,ITU-R P.452-18 reference v18.0 commit 86f8026ce39635fa2b599e50d6d01fe5b0d6bbfe; MATLAB 2026a,ALL_SITE_BASIC_LOSS_AUDIT_NOT_PAPER_RESULT; Gt=Gr=0dBi; g=h; no separate P2108; site-level propagation only; no direct antenna gain included
0,NRCAN_GATINEAU_REFERENCE,SITE_PROP_E3_SITE_19,P452_p0.01_coast200_H,8.15,1,3.20828864695486e-12,1,0,none_documented,ITU-R P.452-18 reference v18.0 commit 86f8026ce39635fa2b599e50d6d01fe5b0d6bbfe; MATLAB 2026a,ALL_SITE_BASIC_LOSS_AUDIT_NOT_PAPER_RESULT; Gt=Gr=0dBi; g=h; no separate P2108; site-level propagation only; no direct antenna gain included
0,NRCAN_GATINEAU_REFERENCE,SITE_PROP_E3_SITE_19,P452_p0.005_coast200_H,8.15,1,3.31482920131189e-12,1,0,none_documented,ITU-R P.452-18 reference v18.0 commit 86f8026ce39635fa2b599e50d6d01fe5b0d6bbfe; MATLAB 2026a,ALL_SITE_BASIC_LOSS_AUDIT_NOT_PAPER_RESULT; Gt=Gr=0dBi; g=h; no separate P2108; site-level propagation only; no direct antenna gain included
0,NRCAN_GATINEAU_REFERENCE,SITE_PROP_E3_SITE_19,P452_p50_coast200_V,8.15,1,2.14753743224447e-12,1,0,none_documented,ITU-R P.452-18 reference v18.0 commit 86f8026ce39635fa2b599e50d6d01fe5b0d6bbfe; MATLAB 2026a,ALL_SITE_BASIC_LOSS_AUDIT_NOT_PAPER_RESULT; Gt=Gr=0dBi; g=h; no separate P2108; site-level propagation only; no direct antenna gain included
0,NRCAN_GATINEAU_REFERENCE,SITE_PROP_E3_SITE_19,P452_p20_coast200_V,8.15,1,2.25877351496491e-12,1,0,none_documented,ITU-R P.452-18 reference v18.0 commit 86f8026ce39635fa2b599e50d6d01fe5b0d6bbfe; MATLAB 2026a,ALL_SITE_BASIC_LOSS_AUDIT_NOT_PAPER_RESULT; Gt=Gr=0dBi; g=h; no separate P2108; site-level propagation only; no direct antenna gain included
0,NRCAN_GATINEAU_REFERENCE,SITE_PROP_E3_SITE_19,P452_p10_coast200_V,8.15,1,2.31925258499733e-12,1,0,none_documented,ITU-R P.452-18 reference v18.0 commit 86f8026ce39635fa2b599e50d6d01fe5b0d6bbfe; MATLAB 2026a,ALL_SITE_BASIC_LOSS_AUDIT_NOT_PAPER_RESULT; Gt=Gr=0dBi; g=h; no separate P2108; site-level propagation only; no direct antenna gain included
0,NRCAN_GATINEAU_REFERENCE,SITE_PROP_E3_SITE_19,P452_p1_coast200_V,8.15,1,2.58233872754871e-12,1,0,none_documented,ITU-R P.452-18 reference v18.0 commit 86f8026ce39635fa2b599e50d6d01fe5b0d6bbfe; MATLAB 2026a,ALL_SITE_BASIC_LOSS_AUDIT_NOT_PAPER_RESULT; Gt=Gr=0dBi; g=h; no separate P2108; site-level propagation only; no direct antenna gain included
0,NRCAN_GATINEAU_REFERENCE,SITE_PROP_E3_SITE_19,P452_p0.1_coast200_V,8.15,1,2.87834758461134e-12,1,0,none_documented,ITU-R P.452-18 reference v18.0 commit 86f8026ce39635fa2b599e50d6d01fe5b0d6bbfe; MATLAB 2026a,ALL_SITE_BASIC_LOSS_AUDIT_NOT_PAPER_RESULT; Gt=Gr=0dBi; g=h; no separate P2108; site-level propagation only; no direct antenna gain included
0,NRCAN_GATINEAU_REFERENCE,SITE_PROP_E3_SITE_19,P452_p0.01_coast200_V,8.15,1,3.20828864695486e-12,1,0,none_documented,ITU-R P.452-18 reference v18.0 commit 86f8026ce39635fa2b599e50d6d01fe5b0d6bbfe; MATLAB 2026a,ALL_SITE_BASIC_LOSS_AUDIT_NOT_PAPER_RESULT; Gt=Gr=0dBi; g=h; no separate P2108; site-level propagation only; no direct antenna gain included
0,NRCAN_GATINEAU_REFERENCE,SITE_PROP_E3_SITE_19,P452_p0.005_coast200_V,8.15,1,3.31482920131189e-12,1,0,none_documented,ITU-R P.452-18 reference v18.0 commit 86f8026ce39635fa2b599e50d6d01fe5b0d6bbfe; MATLAB 2026a,ALL_SITE_BASIC_LOSS_AUDIT_NOT_PAPER_RESULT; Gt=Gr=0dBi; g=h; no separate P2108; site-level propagation only; no direct antenna gain included
