pass_slot,interval_index,interval_seconds,user_index,user_id,serving_bs_index,serving_stream_index,was_reviewed_fallback_violation,was_integrated_pre_repair_violation,floor_bps_hz,floor_branch,full_load_nominal_total_rate_bps_hz,current_load_nominal_total_rate_bps_hz,nominal_no_protection_rate_bps_hz,mode_only_rate_bps_hz,reviewed_fallback_rate_bps_hz,integrated_pre_repair_rate_bps_hz,candidate_rate_bps_hz,reviewed_floor_ratio,integrated_pre_repair_floor_ratio,candidate_floor_ratio,continuous_sector_status,continuous_sector_feasible,global_frozen_grid_status,global_frozen_grid_feasible,local_frozen_grid_status,local_frozen_grid_feasible,strict_post_mode_sparse_stream_status,strict_post_mode_sparse_stream_feasible,q0_envelope_sparse_stream_status,q0_envelope_sparse_stream_feasible,deployable_sparse_stream_status,deployable_sparse_stream_feasible,global_stream_status,global_stream_feasible,chosen_action_class,root_cause_class,optimistic_single_user_rate_bps_hz,optimistic_single_user_floor_feasible,reviewed_desired_power_w,reviewed_same_sector_interference_w,reviewed_external_sector_interference_w,reviewed_protected_noise_w,reviewed_sinr,reviewed_same_sector_fraction_of_nonnoise_interference,reviewed_external_fraction_of_nonnoise_interference,integrated_pre_desired_power_w,integrated_pre_same_sector_interference_w,integrated_pre_external_sector_interference_w,integrated_pre_protected_noise_w,integrated_pre_sinr,integrated_pre_same_sector_fraction_of_nonnoise_interference,integrated_pre_external_fraction_of_nonnoise_interference,candidate_desired_power_w,candidate_same_sector_interference_w,candidate_external_sector_interference_w,candidate_protected_noise_w,candidate_sinr,candidate_same_sector_fraction_of_nonnoise_interference,candidate_external_fraction_of_nonnoise_interference,top_external_sector_indices,top_external_contributions_w
0,0,5,23,E3_SITE_02_SEC_3_UE_4,5,3,True,True,1.3620558597190844,RELATIVE_0P9_CURRENT_LOAD_NOMINAL,1.5133953996878715,1.5133953996878715,1.5133953343431958,1.3456452302697597,1.3456512508202472,1.3456512508202472,1.362055860433107,0.9879559940352075,0.9879559940352075,1.0000000005242242,INFEASIBLE,False,PROVEN_INFEASIBLE_FROZEN_GRID_BY_CONTINUOUS_RELAXATION,False,PROVEN_INFEASIBLE_LOCAL_GRID_BY_GLOBAL_CONTINUOUS_RELAXATION,False,OPTIMAL_CONTINUOUS_L1_CERTIFIED_RESERVE,True,OPTIMAL_CONTINUOUS_L1_CERTIFIED_RESERVE,True,OPTIMAL_CONTINUOUS_L1_CERTIFIED_RESERVE,True,FEASIBLE_BY_SPARSE_STREAM_SUBSET,True,SPARSE_LOCAL_STREAM_POWER_REPAIR,LOCAL_SECTOR_GRID_INFEASIBLE_STRICT_POST_MODE_BUDGET_STREAM_REPAIR_FEASIBLE,2.000731533651932,True,2.850303875531158e-11,4.6915302848355267e-11,6.223821195002486e-12,1.9952623149688827e-13,0.5343787030311999,0.8828768575499233,0.1171231424500767,2.850303875531158e-11,4.6915302848355267e-11,6.223821195002486e-12,1.9952623149688827e-13,0.5343787030311999,0.8828768575499233,0.1171231424500767,2.850303875531158e-11,3.321065095412882e-11,6.223821195002486e-12,1.9952623149688827e-13,0.71915627794048,0.8421730821838935,0.15782691781610647,10;26;21;1;43,1.5084756410041743e-12;1.0213648242226846e-12;7.0828496327493043e-13;5.0876858620755902e-13;4.7889530684941022e-13
0,1,5,23,E3_SITE_02_SEC_3_UE_4,5,3,True,True,1.3620558597190844,RELATIVE_0P9_CURRENT_LOAD_NOMINAL,1.5133953996878715,1.5133953996878715,1.5133953343431958,1.3456452164381703,1.3456501666600376,1.3456501666600376,1.362055860433107,0.9879551980618252,0.9879551980618252,1.0000000005242242,INFEASIBLE,False,PROVEN_INFEASIBLE_FROZEN_GRID_BY_CONTINUOUS_RELAXATION,False,PROVEN_INFEASIBLE_LOCAL_GRID_BY_GLOBAL_CONTINUOUS_RELAXATION,False,OPTIMAL_CONTINUOUS_L1_CERTIFIED_RESERVE,True,OPTIMAL_CONTINUOUS_L1_CERTIFIED_RESERVE,True,OPTIMAL_CONTINUOUS_L1_CERTIFIED_RESERVE,True,FEASIBLE_BY_SPARSE_STREAM_SUBSET,True,SPARSE_LOCAL_STREAM_POWER_REPAIR,LOCAL_SECTOR_GRID_INFEASIBLE_STRICT_POST_MODE_BUDGET_STREAM_REPAIR_FEASIBLE,2.000731533651932,True,2.850303875531158e-11,4.6915302848355267e-11,6.224972133471918e-12,1.9952623149688827e-13,0.5343671724856678,0.8828577357644325,0.11714226423556752,2.850303875531158e-11,4.6915302848355267e-11,6.224972133471918e-12,1.9952623149688827e-13,0.5343671724856678,0.8828577357644325,0.11714226423556752,2.850303875531158e-11,3.32095000156594e-11,6.224972133471918e-12,1.9952623149688827e-13,0.7191562779404796,0.8421438960833397,0.15785610391666027,10;26;21;1;43,1.5084756410041743e-12;1.0213795156501412e-12;7.0828496327493043e-13;5.0876858620755902e-13;4.7889530684941022e-13
0,2,5,23,E3_SITE_02_SEC_3_UE_4,5,3,True,True,1.3620558597190844,RELATIVE_0P9_CURRENT_LOAD_NOMINAL,1.5133953996878715,1.5133953996878715,1.5133953343431958,1.3456512961654716,1.34565511658533,1.34565511658533,1.3620558604330082,0.9879588322191596,0.9879588322191596,1.0000000005241516,INFEASIBLE,False,PROVEN_INFEASIBLE_FROZEN_GRID_BY_CONTINUOUS_RELAXATION,False,PROVEN_INFEASIBLE_LOCAL_GRID_BY_GLOBAL_CONTINUOUS_RELAXATION,False,OPTIMAL_CONTINUOUS_L1_CERTIFIED_RESERVE,True,OPTIMAL_CONTINUOUS_L1_CERTIFIED_RESERVE,True,OPTIMAL_CONTINUOUS_L1_CERTIFIED_RESERVE,True,FEASIBLE_BY_SPARSE_STREAM_SUBSET,True,SPARSE_LOCAL_STREAM_POWER_REPAIR,LOCAL_SECTOR_GRID_INFEASIBLE_STRICT_POST_MODE_BUDGET_STREAM_REPAIR_FEASIBLE,2.0007316784578664,True,2.850306756461433e-11,4.690886120733011e-11,6.226213202740733e-12,1.9952623149688827e-13,0.5344198179370956,0.8828229136428826,0.11717708635711745,2.850306756461433e-11,4.690886120733011e-11,6.226213202740733e-12,1.9952623149688827e-13,0.5344198179370956,0.8828229136428826,0.11717708635711745,2.850306756461433e-11,3.3208299006319506e-11,6.226213202740746e-12,1.9952623149688827e-13,0.719156277939303,0.8421125847903794,0.15788741520962052,10;26;21;1;43,1.5084792734558798e-12;1.0214002682718997e-12;7.0830852197387817e-13;5.0876861009147237e-13;4.7889818800296981e-13
0,3,5,23,E3_SITE_02_SEC_3_UE_4,5,3,True,True,1.3620558597190844,RELATIVE_0P9_CURRENT_LOAD_NOMINAL,1.5133953996878715,1.5133953996878715,1.5133953343431958,1.345674413660395,1.3456782905072604,1.3456782905072604,1.3620558604326336,0.9879758461483351,0.9879758461483351,1.0000000005238767,INFEASIBLE,False,PROVEN_INFEASIBLE_FROZEN_GRID_BY_CONTINUOUS_RELAXATION,False,PROVEN_INFEASIBLE_LOCAL_GRID_BY_GLOBAL_CONTINUOUS_RELAXATION,False,OPTIMAL_CONTINUOUS_L1_CERTIFIED_RESERVE,True,OPTIMAL_CONTINUOUS_L1_CERTIFIED_RESERVE,True,OPTIMAL_CONTINUOUS_L1_CERTIFIED_RESERVE,True,FEASIBLE_BY_SPARSE_STREAM_SUBSET,True,SPARSE_LOCAL_STREAM_POWER_REPAIR,LOCAL_SECTOR_GRID_INFEASIBLE_STRICT_POST_MODE_BUDGET_STREAM_REPAIR_FEASIBLE,2.000732227775859,True,2.8503176852307018e-11,4.688442898287686e-11,6.226261428578206e-12,1.9952623149688827e-13,0.5346663106475178,0.8827682076745267,0.11723179232547329,2.8503176852307018e-11,4.688442898287686e-11,6.226261428578206e-12,1.9952623149688827e-13,0.5346663106475178,0.8827682076745267,0.11723179232547329,2.8503176852307018e-11,3.320840274727003e-11,6.226261428578193e-12,1.9952623149688827e-13,0.7191562779348392,0.8421119703007014,0.15788802969929866,10;26;21;1;43,1.5084930532045204e-12;1.021429582985037e-12;7.0839792021191178e-13;5.0876870069515859e-13;4.7890911787084092e-13
0,4,5,23,E3_SITE_02_SEC_3_UE_4,5,3,True,True,1.3620558597190844,RELATIVE_0P9_CURRENT_LOAD_NOMINAL,1.5133953996878715,1.5133953996878715,1.5133953343431958,1.34570708727071,1.3457122069267158,1.3457122069267158,1.3620558604321047,0.988000747050316,0.988000747050316,1.0000000005234884,INFEASIBLE,False,PROVEN_INFEASIBLE_FROZEN_GRID_BY_CONTINUOUS_RELAXATION,False,PROVEN_INFEASIBLE_LOCAL_GRID_BY_GLOBAL_CONTINUOUS_RELAXATION,False,OPTIMAL_CONTINUOUS_L1_CERTIFIED_RESERVE,True,OPTIMAL_CONTINUOUS_L1_CERTIFIED_RESERVE,True,OPTIMAL_CONTINUOUS_L1_CERTIFIED_RESERVE,True,FEASIBLE_BY_SPARSE_STREAM_SUBSET,True,SPARSE_LOCAL_STREAM_POWER_REPAIR,LOCAL_SECTOR_GRID_INFEASIBLE_STRICT_POST_MODE_BUDGET_STREAM_REPAIR_FEASIBLE,2.0007330037064577,True,2.8503331225648896e-11,4.684992839275852e-11,6.225097554899749e-12,1.9952623149688827e-13,0.5350271388447532,0.8827113610638865,0.11728863893611356,2.8503331225648896e-11,4.684992839275852e-11,6.225097554899749e-12,1.9952623149688827e-13,0.5350271388447532,0.8827113610638865,0.11728863893611356,2.8503331225648896e-11,3.320978128026026e-11,6.225097554899749e-12,1.9952623149688827e-13,0.7191562779285363,0.8421423435603542,0.15785765643964583,10;26;21;1;43,1.5085125179151648e-12;1.0214709928254044e-12;7.0852427611882735e-13;5.0876882867762924e-13;4.7892455743532422e-13
0,5,5,23,E3_SITE_02_SEC_3_UE_4,5,3,True,True,1.3620558597190844,RELATIVE_0P9_CURRENT_LOAD_NOMINAL,1.5133953996878715,1.5133953996878715,1.5133953343431958,1.345753278543752,1.345758771679403,1.345758771679403,1.362055860431358,0.9880349341597175,0.9880349341597175,1.0000000005229401,INFEASIBLE,False,PROVEN_INFEASIBLE_FROZEN_GRID_BY_CONTINUOUS_RELAXATION,False,PROVEN_INFEASIBLE_LOCAL_GRID_BY_GLOBAL_CONTINUOUS_RELAXATION,False,OPTIMAL_CONTINUOUS_L1_CERTIFIED_RESERVE,True,OPTIMAL_CONTINUOUS_L1_CERTIFIED_RESERVE,True,OPTIMAL_CONTINUOUS_L1_CERTIFIED_RESERVE,True,FEASIBLE_BY_SPARSE_STREAM_SUBSET,True,SPARSE_LOCAL_STREAM_POWER_REPAIR,LOCAL_SECTOR_GRID_INFEASIBLE_STRICT_POST_MODE_BUDGET_STREAM_REPAIR_FEASIBLE,2.0007340997341885,True,2.8503549284534058e-11,4.680121665096926e-11,6.2249205790028046e-12,1.9952623149688827e-13,0.5355226676538904,0.8826065615150206,0.11739343848497946,2.8503549284534058e-11,4.680121665096926e-11,6.2249205790028046e-12,1.9952623149688827e-13,0.5355226676538904,0.8826065615150206,0.11739343848497946,2.8503549284534058e-11,3.3210261471528566e-11,6.2249205790028046e-12,1.9952623149688827e-13,0.7191562779196371,0.842148045087599,0.15785195491240103,10;26;21;1;43,1.5085400131450009e-12;1.0215294891864554e-12;7.0870291329251381e-13;5.0876900946039195e-13;4.7894636782795132e-13
0,6,5,23,E3_SITE_02_SEC_3_UE_4,5,3,True,True,1.3620558597190844,RELATIVE_0P9_CURRENT_LOAD_NOMINAL,1.5133953996878715,1.5133953996878715,1.5133953343431958,1.345818602341644,1.3458232616379577,1.3458232616379577,1.3620558604303037,0.9880822816734737,0.9880822816734737,1.000000000522166,INFEASIBLE,False,PROVEN_INFEASIBLE_FROZEN_GRID_BY_CONTINUOUS_RELAXATION,False,PROVEN_INFEASIBLE_LOCAL_GRID_BY_GLOBAL_CONTINUOUS_RELAXATION,False,OPTIMAL_CONTINUOUS_L1_CERTIFIED_RESERVE,True,OPTIMAL_CONTINUOUS_L1_CERTIFIED_RESERVE,True,OPTIMAL_CONTINUOUS_L1_CERTIFIED_RESERVE,True,FEASIBLE_BY_SPARSE_STREAM_SUBSET,True,SPARSE_LOCAL_STREAM_POWER_REPAIR,LOCAL_SECTOR_GRID_INFEASIBLE_STRICT_POST_MODE_BUDGET_STREAM_REPAIR_FEASIBLE,2.0007356479077805,True,2.850385730238045e-11,4.6732452658447474e-11,6.226110292441813e-12,1.9952623149688827e-13,0.5362092155830377,0.8824343043783959,0.11756569562160415,2.850385730238045e-11,4.6732452658447474e-11,6.226110292441813e-12,1.9952623149688827e-13,0.5362092155830377,0.8824343043783959,0.11756569562160415,2.850385730238045e-11,3.3209500063249024e-11,6.226110292441813e-12,1.9952623149688827e-13,0.719156277907075,0.8421195909918675,0.15788040900813244,10;26;21;1;43,1.5085788523771347e-12;1.0216121242901538e-12;7.0895555369660533e-13;5.0876926482825426e-13;4.789771786758791e-13
0,7,5,23,E3_SITE_02_SEC_3_UE_4,5,3,True,True,1.3620558597190844,RELATIVE_0P9_CURRENT_LOAD_NOMINAL,1.5133953996878715,1.5133953996878715,1.5133953343431958,1.3459110281168765,1.3459140733966217,1.3459140733966217,1.362055860428816,0.9881489542390781,0.9881489542390781,1.0000000005210739,INFEASIBLE,False,PROVEN_INFEASIBLE_FROZEN_GRID_BY_CONTINUOUS_RELAXATION,False,PROVEN_INFEASIBLE_LOCAL_GRID_BY_GLOBAL_CONTINUOUS_RELAXATION,False,OPTIMAL_CONTINUOUS_L1_CERTIFIED_RESERVE,True,OPTIMAL_CONTINUOUS_L1_CERTIFIED_RESERVE,True,OPTIMAL_CONTINUOUS_L1_CERTIFIED_RESERVE,True,FEASIBLE_BY_SPARSE_STREAM_SUBSET,True,SPARSE_LOCAL_STREAM_POWER_REPAIR,LOCAL_SECTOR_GRID_INFEASIBLE_STRICT_POST_MODE_BUDGET_STREAM_REPAIR_FEASIBLE,2.0007378347476807,True,2.8504292392114272e-11,4.663540707599775e-11,6.22824489019639e-12,1.9952623149688827e-13,0.5371765009234709,0.8821828485444158,0.11781715145558427,2.8504292392114272e-11,4.663540707599775e-11,6.22824489019639e-12,1.9952623149688827e-13,0.5371765009234709,0.8821828485444158,0.11781715145558427,2.8504292392114272e-11,3.320797046672973e-11,6.228244890196416e-12,1.9952623149688827e-13,0.7191562778893462,0.8420678852210762,0.15793211477892374,10;26;21;1;43,1.5086337166204826e-12;1.0217288630394046e-12;7.0931303366898829e-13;5.0876962555576707e-13;4.7902070584081633e-13
0,8,5,23,E3_SITE_02_SEC_3_UE_4,5,3,True,True,1.3620558597190844,RELATIVE_0P9_CURRENT_LOAD_NOMINAL,1.5133953996878715,1.5133953996878715,1.5133953343431958,1.3460418903359692,1.3460421188810887,1.3460421188810887,1.362055860426717,0.9882429632208342,0.9882429632208342,1.0000000005195326,INFEASIBLE,False,PROVEN_INFEASIBLE_FROZEN_GRID_BY_CONTINUOUS_RELAXATION,False,PROVEN_INFEASIBLE_LOCAL_GRID_BY_GLOBAL_CONTINUOUS_RELAXATION,False,OPTIMAL_CONTINUOUS_L1_CERTIFIED_RESERVE,True,OPTIMAL_CONTINUOUS_L1_CERTIFIED_RESERVE,True,OPTIMAL_CONTINUOUS_L1_CERTIFIED_RESERVE,True,FEASIBLE_BY_SPARSE_STREAM_SUBSET,True,SPARSE_LOCAL_STREAM_POWER_REPAIR,LOCAL_SECTOR_GRID_INFEASIBLE_STRICT_POST_MODE_BUDGET_STREAM_REPAIR_FEASIBLE,2.000740923714362,True,2.850490697860723e-11,4.6498498416560557e-11,6.231807739655291e-12,1.9952623149688827e-13,0.5385414178115635,0.8818173419817953,0.1181826580182047,2.850490697860723e-11,4.6498498416560557e-11,6.231807739655291e-12,1.9952623149688827e-13,0.5385414178115635,0.8818173419817953,0.1181826580182047,2.850490697860723e-11,3.3205262212444635e-11,6.231807739655291e-12,1.9952623149688827e-13,0.719156277864336,0.8419809649341492,0.15801903506585085,10;26;21;1;43,1.5087112191523523e-12;1.0218937879669265e-12;7.098192164660424e-13;5.0877013511851e-13;4.7908220093948095e-13
0,9,5,23,E3_SITE_02_SEC_3_UE_4,5,3,True,True,1.3620558597190844,RELATIVE_0P9_CURRENT_LOAD_NOMINAL,1.5133953996878715,1.5133953996878715,1.5133953343431958,1.346227353533766,1.3462275474301069,1.3462275474301069,1.3620558604237578,0.9883791019464928,0.9883791019464928,1.0000000005173602,INFEASIBLE,False,PROVEN_INFEASIBLE_FROZEN_GRID_BY_CONTINUOUS_RELAXATION,False,PROVEN_INFEASIBLE_LOCAL_GRID_BY_GLOBAL_CONTINUOUS_RELAXATION,False,OPTIMAL_CONTINUOUS_L1_CERTIFIED_RESERVE,True,OPTIMAL_CONTINUOUS_L1_CERTIFIED_RESERVE,True,OPTIMAL_CONTINUOUS_L1_CERTIFIED_RESERVE,True,FEASIBLE_BY_SPARSE_STREAM_SUBSET,True,SPARSE_LOCAL_STREAM_POWER_REPAIR,LOCAL_SECTOR_GRID_INFEASIBLE_STRICT_POST_MODE_BUDGET_STREAM_REPAIR_FEASIBLE,2.000745286942335,True,2.850577511689228e-11,4.6305452719284574e-11,6.2326929177474325e-12,1.9952623149688827e-13,0.5405201653185424,0.8813682355519936,0.11863176444800633,2.850577511689228e-11,4.6305452719284574e-11,6.2326929177474325e-12,1.9952623149688827e-13,0.5405201653185424,0.8813682355519936,0.11863176444800633,2.850577511689228e-11,3.320558419851076e-11,6.2326929177474325e-12,1.9952623149688827e-13,0.7191562778290721,0.8419633570864574,0.15803664291354252,10;26;21;1;43,1.5088207038225894e-12;1.0221268046134722e-12;7.1053667067833725e-13;5.0877085493808918e-13;4.7916908770937014e-13
0,10,5,23,E3_SITE_02_SEC_3_UE_4,5,3,True,True,1.3620558597190844,RELATIVE_0P9_CURRENT_LOAD_NOMINAL,1.5133953996878715,1.5133953996878715,1.5133953343431958,1.3464905605234023,1.3464907565098176,1.3464907565098176,1.3620558604195883,0.9885723459150368,0.9885723459150368,1.0000000005142988,INFEASIBLE,False,PROVEN_INFEASIBLE_FROZEN_GRID_BY_CONTINUOUS_RELAXATION,False,PROVEN_INFEASIBLE_LOCAL_GRID_BY_GLOBAL_CONTINUOUS_RELAXATION,False,OPTIMAL_CONTINUOUS_L1_CERTIFIED_RESERVE,True,OPTIMAL_CONTINUOUS_L1_CERTIFIED_RESERVE,True,OPTIMAL_CONTINUOUS_L1_CERTIFIED_RESERVE,True,FEASIBLE_BY_SPARSE_STREAM_SUBSET,True,SPARSE_LOCAL_STREAM_POWER_REPAIR,LOCAL_SECTOR_GRID_INFEASIBLE_STRICT_POST_MODE_BUDGET_STREAM_REPAIR_FEASIBLE,2.000751450059043,True,2.850700141833666e-11,4.6033452648112797e-11,6.23389847821939e-12,1.9952623149688827e-13,0.543333296241669,0.8807305450939762,0.11926945490602382,2.850700141833666e-11,4.6033452648112797e-11,6.23389847821939e-12,1.9952623149688827e-13,0.543333296241669,0.8807305450939762,0.11926945490602382,2.850700141833666e-11,3.3206083835436975e-11,6.23389847821939e-12,1.9952623149688827e-13,0.7191562777793881,0.8419396228770402,0.1580603771229598,10;26;21;1;43,1.5089753738534968e-12;1.0224560571081843e-12;7.1155499408694391e-13;5.087718717962129e-13;4.7929186369516505e-13
0,11,5,23,E3_SITE_02_SEC_3_UE_4,5,3,True,True,1.3620558597190844,RELATIVE_0P9_CURRENT_LOAD_NOMINAL,1.5133953996878715,1.5133953996878715,1.5133953343431958,1.3468647642448432,1.3468649962949466,1.3468649962949466,1.3620558604137203,0.9888471068820402,0.9888471068820402,1.0000000005099907,INFEASIBLE,False,PROVEN_INFEASIBLE_FROZEN_GRID_BY_CONTINUOUS_RELAXATION,False,PROVEN_INFEASIBLE_LOCAL_GRID_BY_GLOBAL_CONTINUOUS_RELAXATION,False,OPTIMAL_CONTINUOUS_L1_CERTIFIED_RESERVE,True,OPTIMAL_CONTINUOUS_L1_CERTIFIED_RESERVE,True,OPTIMAL_CONTINUOUS_L1_CERTIFIED_RESERVE,True,FEASIBLE_BY_SPARSE_STREAM_SUBSET,True,SPARSE_LOCAL_STREAM_POWER_REPAIR,LOCAL_SECTOR_GRID_INFEASIBLE_STRICT_POST_MODE_BUDGET_STREAM_REPAIR_FEASIBLE,2.0007601554800596,True,2.8508733662102048e-11,4.565060754192138e-11,6.2356485422804076e-12,1.9952623149688827e-13,0.5473419500413168,0.8798208039492943,0.12017919605070569,2.8508733662102048e-11,4.565060754192138e-11,6.2356485422804076e-12,1.9952623149688827e-13,0.5473419500413168,0.8798208039492943,0.12017919605070569,2.8508733662102048e-11,3.3206742491971034e-11,6.2356485422804076e-12,1.9952623149688827e-13,0.7191562777094627,0.8419049053880779,0.15809509461192206,10;26;21;1;43,1.5092573126786153e-12;1.0229213535741103e-12;7.1300317574991476e-13;5.0877330831796875e-13;4.7946537949311214e-13
0,12,5,23,E3_SITE_02_SEC_3_UE_4,5,3,True,True,1.3620558597190844,RELATIVE_0P9_CURRENT_LOAD_NOMINAL,1.5133953996878715,1.5133953996878715,1.5133953343431958,1.3473985083403164,1.347399228404626,1.347399228404626,1.362055860405474,0.9892393316985683,0.9892393316985683,1.0000000005039364,INFEASIBLE,False,PROVEN_INFEASIBLE_FROZEN_GRID_BY_CONTINUOUS_RELAXATION,False,PROVEN_INFEASIBLE_LOCAL_GRID_BY_GLOBAL_CONTINUOUS_RELAXATION,False,OPTIMAL_CONTINUOUS_L1_CERTIFIED_RESERVE,True,OPTIMAL_CONTINUOUS_L1_CERTIFIED_RESERVE,True,OPTIMAL_CONTINUOUS_L1_CERTIFIED_RESERVE,True,FEASIBLE_BY_SPARSE_STREAM_SUBSET,True,SPARSE_LOCAL_STREAM_POWER_REPAIR,LOCAL_SECTOR_GRID_INFEASIBLE_STRICT_POST_MODE_BUDGET_STREAM_REPAIR_FEASIBLE,2.0007724517896674,True,2.851118061510309e-11,4.511254840069014e-11,6.2375326337694416e-12,1.9952623149688827e-13,0.5530824021220423,0.8785292543241828,0.12147074567581716,2.851118061510309e-11,4.511254840069014e-11,6.2375326337694416e-12,1.9952623149688827e-13,0.5530824021220423,0.8785292543241828,0.12147074567581716,2.851118061510309e-11,3.320826093894632e-11,6.2375326337694545e-12,1.9952623149688827e-13,0.719156277611198,0.8418707783817059,0.15812922161829412,10;26;21;1;43,1.509655623080992e-12;1.0235790311941892e-12;7.1506826370432793e-13;5.0877533780102671e-13;4.7952511810814479e-13
0,13,5,23,E3_SITE_02_SEC_3_UE_4,5,3,True,True,1.3620558597190844,RELATIVE_0P9_CURRENT_LOAD_NOMINAL,1.5133953996878715,1.5133953996878715,1.5133953343431958,1.3481627985676747,1.3481656644027666,1.3481656644027666,1.362055860393911,0.9898020369596424,0.9898020369596424,1.000000000495447,INFEASIBLE,False,PROVEN_INFEASIBLE_FROZEN_GRID_BY_CONTINUOUS_RELAXATION,False,PROVEN_INFEASIBLE_LOCAL_GRID_BY_GLOBAL_CONTINUOUS_RELAXATION,False,OPTIMAL_CONTINUOUS_L1_CERTIFIED_RESERVE,True,OPTIMAL_CONTINUOUS_L1_CERTIFIED_RESERVE,True,OPTIMAL_CONTINUOUS_L1_CERTIFIED_RESERVE,True,FEASIBLE_BY_SPARSE_STREAM_SUBSET,True,SPARSE_LOCAL_STREAM_POWER_REPAIR,LOCAL_SECTOR_GRID_INFEASIBLE_STRICT_POST_MODE_BUDGET_STREAM_REPAIR_FEASIBLE,2.0007898199418874,True,2.8514637214935326e-11,4.4357954647358343e-11,6.238591880641919e-12,1.9952623149688827e-13,0.5613551533785465,0.8766992550135914,0.12330074498640863,2.8514637214935326e-11,4.4357954647358343e-11,6.238591880641919e-12,1.9952623149688827e-13,0.5613551533785465,0.8766992550135914,0.12330074498640863,2.8514637214935326e-11,3.321200816516343e-11,6.238591880641919e-12,1.9952623149688827e-13,0.7191562774734104,0.8418631941365047,0.15813680586349532,10;26;21;1;43,1.5102632762504323e-12;1.024508881278007e-12;7.1802413966513381e-13;5.0877820520471023e-13;4.7933405747693145e-13
0,14,5,23,E3_SITE_02_SEC_3_UE_4,5,3,True,True,1.3620558597190844,RELATIVE_0P9_CURRENT_LOAD_NOMINAL,1.5133953996878715,1.5133953996878715,1.5133953343431958,1.3492604172871199,1.3492665189907649,1.3492665189907649,1.3620558603777475,0.9906102670921608,0.9906102670921608,1.00000000048358,INFEASIBLE,False,PROVEN_INFEASIBLE_FROZEN_GRID_BY_CONTINUOUS_RELAXATION,False,PROVEN_INFEASIBLE_LOCAL_GRID_BY_GLOBAL_CONTINUOUS_RELAXATION,False,OPTIMAL_CONTINUOUS_L1_CERTIFIED_RESERVE,True,OPTIMAL_CONTINUOUS_L1_CERTIFIED_RESERVE,True,OPTIMAL_CONTINUOUS_L1_CERTIFIED_RESERVE,True,FEASIBLE_BY_SPARSE_STREAM_SUBSET,True,SPARSE_LOCAL_STREAM_POWER_REPAIR,LOCAL_SECTOR_GRID_INFEASIBLE_STRICT_POST_MODE_BUDGET_STREAM_REPAIR_FEASIBLE,2.0008143514196566,True,2.8519520164786575e-11,4.330290686036246e-11,6.242531770361515e-12,1.9952623149688827e-13,0.5733147112230833,0.8740039054475054,0.12599609455249458,2.8519520164786575e-11,4.330290686036246e-11,6.242531770361515e-12,1.9952623149688827e-13,0.5733147112230833,0.8740039054475054,0.12599609455249458,2.8519520164786575e-11,3.321485811743293e-11,6.242531770361515e-12,1.9952623149688827e-13,0.7191562772808018,0.8417905546181972,0.15820944538180282,10;26;21;1;43,1.5110902139759167e-12;1.0258240368843768e-12;7.2227696470705953e-13;5.0878355620707871e-13;4.7919890954359035e-13
0,15,5,23,E3_SITE_02_SEC_3_UE_4,5,3,True,True,1.3620558597190844,RELATIVE_0P9_CURRENT_LOAD_NOMINAL,1.5133953996878715,1.5133953996878715,1.5133953343431958,1.3508550299329325,1.3508553481209788,1.3508553481209788,1.3620558603552546,0.9917767604623678,0.9917767604623678,1.0000000004670662,INFEASIBLE,False,PROVEN_INFEASIBLE_FROZEN_GRID_BY_CONTINUOUS_RELAXATION,False,PROVEN_INFEASIBLE_LOCAL_GRID_BY_GLOBAL_CONTINUOUS_RELAXATION,False,OPTIMAL_CONTINUOUS_L1_CERTIFIED_RESERVE,True,OPTIMAL_CONTINUOUS_L1_CERTIFIED_RESERVE,True,OPTIMAL_CONTINUOUS_L1_CERTIFIED_RESERVE,True,FEASIBLE_BY_SPARSE_STREAM_SUBSET,True,SPARSE_LOCAL_STREAM_POWER_REPAIR,LOCAL_SECTOR_GRID_INFEASIBLE_STRICT_POST_MODE_BUDGET_STREAM_REPAIR_FEASIBLE,2.0008489996829195,True,2.8526418258636592e-11,4.183424931440462e-11,6.255743030166273e-12,1.9952623149688827e-13,0.5907372676267318,0.869915907132131,0.13008409286786907,2.8526418258636592e-11,4.183424931440462e-11,6.255743030166273e-12,1.9952623149688827e-13,0.5907372676267318,0.869915907132131,0.13008409286786907,2.8526418258636592e-11,3.321123879848981e-11,6.255743030166286e-12,1.9952623149688827e-13,0.7191562770127684,0.8414942632977288,0.15850573670227122,10;26;21;1;43,1.5103175737401023e-12;1.0276851503702383e-12;7.2843895093293147e-13;5.087791252647104e-13;4.7910328858518152e-13
0,16,5,23,E3_SITE_02_SEC_3_UE_4,5,3,True,True,1.3620558597190844,RELATIVE_0P9_CURRENT_LOAD_NOMINAL,1.5133953996878715,1.5133953996878715,1.5133953343431958,1.3531935276388585,1.3531939284853294,1.3531939284853294,1.362055860324157,0.99349370940221,0.99349370940221,1.0000000004442349,INFEASIBLE,False,PROVEN_INFEASIBLE_FROZEN_GRID_BY_CONTINUOUS_RELAXATION,False,PROVEN_INFEASIBLE_LOCAL_GRID_BY_GLOBAL_CONTINUOUS_RELAXATION,False,OPTIMAL_CONTINUOUS_L1_CERTIFIED_RESERVE,True,OPTIMAL_CONTINUOUS_L1_CERTIFIED_RESERVE,True,OPTIMAL_CONTINUOUS_L1_CERTIFIED_RESERVE,True,FEASIBLE_BY_SPARSE_STREAM_SUBSET,True,SPARSE_LOCAL_STREAM_POWER_REPAIR,LOCAL_SECTOR_GRID_INFEASIBLE_STRICT_POST_MODE_BUDGET_STREAM_REPAIR_FEASIBLE,2.000897934932876,True,2.85361635593752e-11,3.980288701003873e-11,6.267474711663609e-12,1.9952623149688827e-13,0.6167329298103937,0.8639586389721965,0.13604136102780356,2.85361635593752e-11,3.980288701003873e-11,6.267474711663609e-12,1.9952623149688827e-13,0.6167329298103937,0.8639586389721965,0.13604136102780356,2.85361635593752e-11,3.321305815694611e-11,6.267474711663609e-12,1.9952623149688827e-13,0.7191562766422022,0.8412515167279627,0.1587484832720373,10;26;21;1;43,1.5101239470137335e-12;1.0303208405330921e-12;7.3745167722044752e-13;5.0877836633963219e-13;4.790356224234322e-13
0,17,5,23,E3_SITE_02_SEC_3_UE_4,5,3,True,True,1.3620558597190844,RELATIVE_0P9_CURRENT_LOAD_NOMINAL,1.5133953996878715,1.5133953996878715,1.5133953343431958,1.3566786458157996,1.3552509410939928,1.3552509410939928,1.3620558603951793,0.995003935722214,0.995003935722214,1.0000000004963783,NUMERICAL_VERIFICATION_FAIL,False,UNRESOLVED_FROZEN_GRID_CONTINUOUS_SOLVER_FAILURE,False,PROVEN_INFEASIBLE_FROZEN_GRID,False,OPTIMAL_CONTINUOUS_L1_CERTIFIED_RESERVE,True,OPTIMAL_CONTINUOUS_L1_CERTIFIED_RESERVE,True,OPTIMAL_CONTINUOUS_L1_CERTIFIED_RESERVE,True,FEASIBLE_BY_SPARSE_STREAM_SUBSET,True,SPARSE_LOCAL_STREAM_POWER_REPAIR,LOCAL_SECTOR_GRID_INFEASIBLE_STRICT_POST_MODE_BUDGET_STREAM_REPAIR_FEASIBLE,2.0009670444012473,True,2.267801718547456e-11,2.940575338858434e-11,5.8319112586209e-12,1.9952623149688827e-13,0.6399496298422492,0.8344977932842823,0.1655022067157177,2.267801718547456e-11,2.940575338858434e-11,5.8319112586209e-12,1.9952623149688827e-13,0.6399496298422492,0.8344977932842823,0.1655022067157177,2.548472016415387e-11,2.940553352980155e-11,5.831911258620906e-12,1.9952623149688827e-13,0.7191562774885232,0.83449676065794,0.16550323934206,10;26;1;43;35,1.5096337194559437e-12;1.0340574146182941e-12;5.0877545219132612e-13;4.7898773262939371e-13;4.2686315245227882e-13
0,18,5,23,E3_SITE_02_SEC_3_UE_4,5,3,True,True,1.3620558597190844,RELATIVE_0P9_CURRENT_LOAD_NOMINAL,1.5133953996878715,1.5133953996878715,1.5133953343431958,1.3620009960786028,1.3576050314932537,1.3576050314932537,1.3621709843736463,0.9967322718858619,0.9967322718858619,1.0000845227115616,NUMERICAL_VERIFICATION_FAIL,False,FEASIBLE_BY_SPARSE_LOCAL_GRID_SUBSET,True,FEASIBLE_SPARSE_LOCAL_FROZEN_GRID,True,NOT_NEEDED_LOCAL_GRID_FEASIBLE,True,NOT_NEEDED_LOCAL_GRID_FEASIBLE,True,NOT_NEEDED_LOCAL_GRID_FEASIBLE,True,FEASIBLE_BY_GLOBAL_FROZEN_GRID_SUBSET,True,SPARSE_LOCAL_FROZEN_GRID_SECTOR_REPAIR,SPARSE_LOCAL_FROZEN_GRID_FEASIBLE_REVIEWED_FALLBACK_SELECTION_DEFECT,2.001064637376523,True,1.8026064332147836e-11,2.0985699961638406e-11,5.843246245256818e-12,1.9952623149688827e-13,0.6669287127948464,0.7822036616646887,0.21779633833531126,1.8026064332147836e-11,2.0985699961638406e-11,5.843246245256818e-12,1.9952623149688827e-13,0.6669287127948464,0.7822036616646887,0.21779633833531126,2.2693470462377362e-11,2.6419430965994468e-11,4.876625493529031e-12,1.9952623149688827e-13,0.7205286749258153,0.8441776362515139,0.15582236374848618,10;26;1;43;35,1.5092867340630341e-12;1.0393625270941111e-12;5.0877338945822883e-13;4.789538363583828e-13;4.2685885123602513e-13
0,80,5,23,E3_SITE_02_SEC_3_UE_4,5,3,True,True,1.293825200336745,RELATIVE_0P9_CURRENT_LOAD_NOMINAL,1.5133953996878715,1.4375835559297165,1.437583611155976,1.2584585814181113,1.2584585814181113,1.2584585814181113,1.293825201459329,0.9726650718277641,0.9726650718277641,1.0000000008676473,INFEASIBLE,False,PROVEN_INFEASIBLE_FROZEN_GRID_BY_CONTINUOUS_RELAXATION,False,PROVEN_INFEASIBLE_LOCAL_GRID_BY_GLOBAL_CONTINUOUS_RELAXATION,False,OPTIMAL_CONTINUOUS_L1_CERTIFIED_RESERVE,True,OPTIMAL_CONTINUOUS_L1_CERTIFIED_RESERVE,True,OPTIMAL_CONTINUOUS_L1_CERTIFIED_RESERVE,True,FEASIBLE_BY_SPARSE_STREAM_SUBSET,True,SPARSE_LOCAL_STREAM_POWER_REPAIR,LOCAL_SECTOR_GRID_INFEASIBLE_STRICT_POST_MODE_BUDGET_STREAM_REPAIR_FEASIBLE,1.9085289470690938,True,2.7923959613732442e-11,4.418859679416783e-11,5.785426607626699e-12,1.9952623149688827e-13,0.5565474202607381,0.8842313223189681,0.11576867768103195,2.7923959613732442e-11,4.418859679416783e-11,5.785426607626699e-12,1.9952623149688827e-13,0.5565474202607381,0.8842313223189681,0.11576867768103195,2.7923959613732442e-11,2.2250670946634695e-11,5.7854266076266925e-12,1.9952623149688827e-13,0.9889620227840324,0.7936436554185363,0.20635634458146362,21;26;29;10;1,9.4038122730960114e-13;7.644138359117312e-13;6.5633558383029075e-13;6.363124183796712e-13;6.1876017860918054e-13
0,81,5,23,E3_SITE_02_SEC_3_UE_4,5,3,True,True,1.293825200336745,RELATIVE_0P9_CURRENT_LOAD_NOMINAL,1.5133953996878715,1.4375835559297165,1.437583611155976,1.259444599868572,1.2596503560935697,1.2596503560935697,1.2938252014353417,0.9735861967796882,0.9735861967796882,1.0000000008491077,INFEASIBLE,False,PROVEN_INFEASIBLE_FROZEN_GRID_BY_CONTINUOUS_RELAXATION,False,PROVEN_INFEASIBLE_LOCAL_GRID_BY_GLOBAL_CONTINUOUS_RELAXATION,False,OPTIMAL_CONTINUOUS_L1_CERTIFIED_RESERVE,True,OPTIMAL_CONTINUOUS_L1_CERTIFIED_RESERVE,True,OPTIMAL_CONTINUOUS_L1_CERTIFIED_RESERVE,True,FEASIBLE_BY_SPARSE_STREAM_SUBSET,True,SPARSE_LOCAL_STREAM_POWER_REPAIR,LOCAL_SECTOR_GRID_INFEASIBLE_STRICT_POST_MODE_BUDGET_STREAM_REPAIR_FEASIBLE,1.9085614323033067,True,2.793029290568981e-11,4.3254191630345155e-11,5.593353784182569e-12,1.9952623149688827e-13,0.569458929317213,0.8854936571179469,0.11450634288205304,2.793029290568981e-11,4.3254191630345155e-11,5.593353784182569e-12,1.9952623149688827e-13,0.569458929317213,0.8854936571179469,0.11450634288205304,2.793029290568981e-11,2.2449147758453516e-11,5.593353784182569e-12,1.9952623149688827e-13,0.9889620224533352,0.8005401274319845,0.19945987256801542,26;21;29;10;1,7.644138359117312e-13;7.4697136025668878e-13;6.5647846622701428e-13;6.3659302378094524e-13;6.1873898144550176e-13
0,82,5,23,E3_SITE_02_SEC_3_UE_4,5,3,True,True,1.293825200336745,RELATIVE_0P9_CURRENT_LOAD_NOMINAL,1.5133953996878715,1.4375835559297165,1.437583611155976,1.2608735415846772,1.261088417194485,1.261088417194485,1.2938252014019094,0.9746976769862423,0.9746976769862423,1.0000000008232677,INFEASIBLE,False,PROVEN_INFEASIBLE_FROZEN_GRID_BY_CONTINUOUS_RELAXATION,False,PROVEN_INFEASIBLE_LOCAL_GRID_BY_GLOBAL_CONTINUOUS_RELAXATION,False,OPTIMAL_CONTINUOUS_L1_CERTIFIED_RESERVE,True,OPTIMAL_CONTINUOUS_L1_CERTIFIED_RESERVE,True,OPTIMAL_CONTINUOUS_L1_CERTIFIED_RESERVE,True,FEASIBLE_BY_SPARSE_STREAM_SUBSET,True,SPARSE_LOCAL_STREAM_POWER_REPAIR,LOCAL_SECTOR_GRID_INFEASIBLE_STRICT_POST_MODE_BUDGET_STREAM_REPAIR_FEASIBLE,1.9086073127866467,True,2.7939240153048644e-11,4.195132311808418e-11,5.593735774548656e-12,1.9952623149688827e-13,0.5851813369078451,0.8823487465399814,0.11765125346001858,2.7939240153048644e-11,4.195132311808418e-11,5.593735774548656e-12,1.9952623149688827e-13,0.5851813369078451,0.8823487465399814,0.11765125346001858,2.7939240153048644e-11,2.245781289040048e-11,5.593735774548649e-12,1.9952623149688827e-13,0.9889620219924233,0.8005908393379324,0.19940916066206762,26;21;29;10;1,7.644138359117312e-13;7.4641709437991006e-13;6.5645390725793283e-13;6.3698012232926347e-13;6.1872587638098144e-13
0,83,5,23,E3_SITE_02_SEC_3_UE_4,5,3,True,True,1.293825200336745,RELATIVE_0P9_CURRENT_LOAD_NOMINAL,1.5133953996878715,1.4375835559297165,1.437583611155976,1.2629922080390263,1.263215291507457,1.263215291507457,1.293825201355583,0.9763415422567739,0.9763415422567739,1.0000000007874619,INFEASIBLE,False,PROVEN_INFEASIBLE_FROZEN_GRID_BY_CONTINUOUS_RELAXATION,False,PROVEN_INFEASIBLE_LOCAL_GRID_BY_GLOBAL_CONTINUOUS_RELAXATION,False,OPTIMAL_CONTINUOUS_L1_CERTIFIED_RESERVE,True,OPTIMAL_CONTINUOUS_L1_CERTIFIED_RESERVE,True,OPTIMAL_CONTINUOUS_L1_CERTIFIED_RESERVE,True,FEASIBLE_BY_SPARSE_STREAM_SUBSET,True,SPARSE_LOCAL_STREAM_POWER_REPAIR,LOCAL_SECTOR_GRID_INFEASIBLE_STRICT_POST_MODE_BUDGET_STREAM_REPAIR_FEASIBLE,1.9086721084656184,True,2.7951880939390436e-11,4.014491954953808e-11,5.574379951551135e-12,1.9952623149688827e-13,0.6087237749103523,0.8780738110080114,0.12192618899198862,2.7951880939390436e-11,4.014491954953808e-11,5.574379951551135e-12,1.9952623149688827e-13,0.6087237749103523,0.8780738110080114,0.12192618899198862,2.7951880939390436e-11,2.248995060401881e-11,5.574379951551128e-12,1.9952623149688827e-13,0.9889620213537472,0.8013713549833891,0.19862864501661093,26;21;29;10;1,7.644138359117312e-13;7.2712896683097931e-13;6.5646968762276599e-13;6.3752362209828006e-13;6.1872034256983804e-13
0,84,5,23,E3_SITE_02_SEC_3_UE_4,5,3,True,True,1.293825200336745,RELATIVE_0P9_CURRENT_LOAD_NOMINAL,1.5133953996878715,1.4375835559297165,1.437583611155976,1.2661214704773514,1.2663605428296902,1.2663605428296902,1.2938252012919342,0.9787725130876207,0.9787725130876207,1.0000000007382677,INFEASIBLE,False,PROVEN_INFEASIBLE_FROZEN_GRID_BY_CONTINUOUS_RELAXATION,False,PROVEN_INFEASIBLE_LOCAL_GRID_BY_GLOBAL_CONTINUOUS_RELAXATION,False,OPTIMAL_CONTINUOUS_L1_CERTIFIED_RESERVE,True,OPTIMAL_CONTINUOUS_L1_CERTIFIED_RESERVE,True,OPTIMAL_CONTINUOUS_L1_CERTIFIED_RESERVE,True,FEASIBLE_BY_SPARSE_STREAM_SUBSET,True,SPARSE_LOCAL_STREAM_POWER_REPAIR,LOCAL_SECTOR_GRID_INFEASIBLE_STRICT_POST_MODE_BUDGET_STREAM_REPAIR_FEASIBLE,1.9087636104112136,True,2.796974144007319e-11,3.766104009891901e-11,5.558504766916777e-12,1.9952623149688827e-13,0.6441810184601446,0.8713890952768762,0.1286109047231237,2.796974144007319e-11,3.766104009891901e-11,5.558504766916777e-12,1.9952623149688827e-13,0.6441810184601446,0.8713890952768762,0.1286109047231237,2.796974144007319e-11,2.252388565861197e-11,5.558504766916764e-12,1.9952623149688827e-13,0.9889620204762578,0.8020644011179433,0.19793559888205664,26;21;29;10;1,7.644138359117312e-13;7.1167520112843512e-13;6.5648375289458667e-13;6.3829363128195942e-13;6.1871683781422766e-13
0,85,5,23,E3_SITE_02_SEC_3_UE_4,5,3,True,True,1.293825200336745,RELATIVE_0P9_CURRENT_LOAD_NOMINAL,1.5133953996878715,1.4375835559297165,1.437583611155976,1.2708491025731794,1.271116581751645,1.271116581751645,1.2938252012055909,0.9824484647700558,0.9824484647700558,1.0000000006715326,INFEASIBLE,False,PROVEN_INFEASIBLE_FROZEN_GRID_BY_CONTINUOUS_RELAXATION,False,PROVEN_INFEASIBLE_LOCAL_GRID_BY_GLOBAL_CONTINUOUS_RELAXATION,False,OPTIMAL_CONTINUOUS_L1_CERTIFIED_RESERVE,True,OPTIMAL_CONTINUOUS_L1_CERTIFIED_RESERVE,True,OPTIMAL_CONTINUOUS_L1_CERTIFIED_RESERVE,True,FEASIBLE_BY_SPARSE_STREAM_SUBSET,True,SPARSE_LOCAL_STREAM_POWER_REPAIR,LOCAL_SECTOR_GRID_INFEASIBLE_STRICT_POST_MODE_BUDGET_STREAM_REPAIR_FEASIBLE,1.9088928117239559,True,2.7994979875328635e-11,3.428761304042243e-11,5.546466451436325e-12,1.9952623149688827e-13,0.6992869957500815,0.8607607726301318,0.13923922736986818,2.7994979875328635e-11,3.428761304042243e-11,5.546466451436325e-12,1.9952623149688827e-13,0.6992869957500815,0.8607607726301318,0.13923922736986818,2.7994979875328635e-11,2.2561444134047207e-11,5.546466451436306e-12,1.9952623149688827e-13,0.9889620192858883,0.8026724030387087,0.19732759696129137,26;21;29;10;1,7.644138359117312e-13;6.9909059904636521e-13;6.5649628938106814e-13;6.3938668408911647e-13;6.1871536592124018e-13
0,86,5,23,E3_SITE_02_SEC_3_UE_4,5,3,True,True,1.293825200336745,RELATIVE_0P9_CURRENT_LOAD_NOMINAL,1.5133953996878715,1.4375835559297165,1.437583611155976,1.278192585860001,1.2785153904850066,1.2785153904850066,1.2938252010907159,0.9881670183516648,0.9881670183516648,1.0000000005827456,INFEASIBLE,False,PROVEN_INFEASIBLE_FROZEN_GRID_BY_CONTINUOUS_RELAXATION,False,PROVEN_INFEASIBLE_LOCAL_GRID_BY_GLOBAL_CONTINUOUS_RELAXATION,False,OPTIMAL_CONTINUOUS_L1_CERTIFIED_RESERVE,True,OPTIMAL_CONTINUOUS_L1_CERTIFIED_RESERVE,True,OPTIMAL_CONTINUOUS_L1_CERTIFIED_RESERVE,True,FEASIBLE_BY_SPARSE_STREAM_SUBSET,True,SPARSE_LOCAL_STREAM_POWER_REPAIR,LOCAL_SECTOR_GRID_INFEASIBLE_STRICT_POST_MODE_BUDGET_STREAM_REPAIR_FEASIBLE,1.909075216505073,True,2.803064968118037e-11,2.979217223107849e-11,5.5482753545099155e-12,1.9952623149688827e-13,0.788707662685589,0.8430049494683688,0.1569950505316312,2.803064968118037e-11,2.979217223107849e-11,5.5482753545099155e-12,1.9952623149688827e-13,0.788707662685589,0.8430049494683688,0.1569950505316312,2.803064968118037e-11,2.2595703199251608e-11,5.548275354509903e-12,1.9952623149688827e-13,0.9889620177021741,0.8028610154064958,0.19713898459350418,26;21;29;10;1,7.644138359117312e-13;6.9928160410492806e-13;6.5649628938106814e-13;6.4093572845420521e-13;6.1871536592124018e-13
0,87,5,23,E3_SITE_02_SEC_3_UE_4,5,3,True,True,1.293825200336745,RELATIVE_0P9_CURRENT_LOAD_NOMINAL,1.5133953996878715,1.4375835559297165,1.437583611155976,1.2901758463699589,1.2901758463699589,1.2901758463699589,1.2938252010540894,0.9971794072600871,0.9971794072600871,1.000000000554437,NUMERICAL_VERIFICATION_FAIL,False,UNRESOLVED_FROZEN_GRID_CONTINUOUS_SOLVER_FAILURE,False,PROVEN_INFEASIBLE_FROZEN_GRID,False,OPTIMAL_CONTINUOUS_L1_CERTIFIED_RESERVE,True,OPTIMAL_CONTINUOUS_L1_CERTIFIED_RESERVE,True,OPTIMAL_CONTINUOUS_L1_CERTIFIED_RESERVE,True,FEASIBLE_BY_SPARSE_STREAM_SUBSET,True,SPARSE_LOCAL_STREAM_POWER_REPAIR,LOCAL_SECTOR_GRID_INFEASIBLE_STRICT_POST_MODE_BUDGET_STREAM_REPAIR_FEASIBLE,1.9093326769637748,True,2.8081073665417767e-11,2.3980218913726065e-11,5.716591528259838e-12,1.9952623149688827e-13,0.9392814234101428,0.8075014978653191,0.19249850213468092,2.8081073665417767e-11,2.3980218913726065e-11,5.716591528259838e-12,1.9952623149688827e-13,0.9392814234101428,0.8075014978653191,0.19249850213468092,2.8081073665417767e-11,2.2478373815360777e-11,5.716591528259838e-12,1.9952623149688827e-13,0.9889620171972233,0.797247790213962,0.202752209786038,21;26;29;10;1,8.6743025782927612e-13;7.644138359117312e-13;6.565074631716908e-13;6.4093254660589118e-13;6.1871405414989224e-13
1,0,5,23,E3_SITE_02_SEC_3_UE_4,5,3,True,True,1.3620558597190844,RELATIVE_0P9_CURRENT_LOAD_NOMINAL,1.5133953996878715,1.5133953996878715,1.5133953343431958,1.3456452371579481,1.3456453045772951,1.3456453045772951,1.362055860433107,0.98795162839711,0.98795162839711,1.0000000005242242,INFEASIBLE,False,PROVEN_INFEASIBLE_FROZEN_GRID_BY_CONTINUOUS_RELAXATION,False,PROVEN_INFEASIBLE_LOCAL_GRID_BY_GLOBAL_CONTINUOUS_RELAXATION,False,OPTIMAL_CONTINUOUS_L1_CERTIFIED_RESERVE,True,OPTIMAL_CONTINUOUS_L1_CERTIFIED_RESERVE,True,OPTIMAL_CONTINUOUS_L1_CERTIFIED_RESERVE,True,FEASIBLE_BY_SPARSE_STREAM_SUBSET,True,SPARSE_LOCAL_STREAM_POWER_REPAIR,LOCAL_SECTOR_GRID_INFEASIBLE_STRICT_POST_MODE_BUDGET_STREAM_REPAIR_FEASIBLE,2.000731533651932,True,2.850303875531158e-11,4.6915302848355267e-11,6.230134198088173e-12,1.9952623149688827e-13,0.5343154630513806,0.8827719829899282,0.11722801701007182,2.850303875531158e-11,4.6915302848355267e-11,6.230134198088173e-12,1.9952623149688827e-13,0.5343154630513806,0.8827719829899282,0.11722801701007182,2.850303875531158e-11,3.3204337951043143e-11,6.230134198088173e-12,1.9952623149688827e-13,0.7191562779404796,0.8420129937449812,0.15798700625501877,10;26;21;1;43,1.5084756410041743e-12;1.0213574998638025e-12;7.0828496327493043e-13;5.0876858620755902e-13;4.7889530684941022e-13
1,1,5,23,E3_SITE_02_SEC_3_UE_4,5,3,True,True,1.3620558597190844,RELATIVE_0P9_CURRENT_LOAD_NOMINAL,1.5133953996878715,1.5133953996878715,1.5133953343431958,1.34564522616531,1.34564522616531,1.34564522616531,1.362055860433107,0.9879515708282632,0.9879515708282632,1.0000000005242242,INFEASIBLE,False,PROVEN_INFEASIBLE_FROZEN_GRID_BY_CONTINUOUS_RELAXATION,False,PROVEN_INFEASIBLE_LOCAL_GRID_BY_GLOBAL_CONTINUOUS_RELAXATION,False,OPTIMAL_CONTINUOUS_L1_CERTIFIED_RESERVE,True,OPTIMAL_CONTINUOUS_L1_CERTIFIED_RESERVE,True,OPTIMAL_CONTINUOUS_L1_CERTIFIED_RESERVE,True,FEASIBLE_BY_SPARSE_STREAM_SUBSET,True,SPARSE_LOCAL_STREAM_POWER_REPAIR,LOCAL_SECTOR_GRID_INFEASIBLE_STRICT_POST_MODE_BUDGET_STREAM_REPAIR_FEASIBLE,2.000731533651932,True,2.850303875531158e-11,4.6915302848355267e-11,6.230217454714602e-12,1.9952623149688827e-13,0.534314629135098,0.8827706000583698,0.11722939994163013,2.850303875531158e-11,4.6915302848355267e-11,6.230217454714602e-12,1.9952623149688827e-13,0.534314629135098,0.8827706000583698,0.11722939994163013,2.850303875531158e-11,3.320425469441669e-11,6.230217454714602e-12,1.9952623149688827e-13,0.7191562779404802,0.8420108824798395,0.15798911752016057,10;26;21;1;43,1.5084756410041743e-12;1.0213691695591967e-12;7.0828496327493043e-13;5.0876858620755902e-13;4.7889530684941022e-13
1,2,5,23,E3_SITE_02_SEC_3_UE_4,5,3,True,True,1.3620558597190844,RELATIVE_0P9_CURRENT_LOAD_NOMINAL,1.5133953996878715,1.5133953996878715,1.5133953343431958,1.3456513088579152,1.3456513097686877,1.3456513097686877,1.3620558604330082,0.9879560373142259,0.9879560373142259,1.0000000005241516,INFEASIBLE,False,PROVEN_INFEASIBLE_FROZEN_GRID_BY_CONTINUOUS_RELAXATION,False,PROVEN_INFEASIBLE_LOCAL_GRID_BY_GLOBAL_CONTINUOUS_RELAXATION,False,OPTIMAL_CONTINUOUS_L1_CERTIFIED_RESERVE,True,OPTIMAL_CONTINUOUS_L1_CERTIFIED_RESERVE,True,OPTIMAL_CONTINUOUS_L1_CERTIFIED_RESERVE,True,FEASIBLE_BY_SPARSE_STREAM_SUBSET,True,SPARSE_LOCAL_STREAM_POWER_REPAIR,LOCAL_SECTOR_GRID_INFEASIBLE_STRICT_POST_MODE_BUDGET_STREAM_REPAIR_FEASIBLE,2.0007316784578664,True,2.850306756461433e-11,4.690886120733011e-11,6.23025416957428e-12,1.9952623149688827e-13,0.5343793299776285,0.8827557793278187,0.11724422067218128,2.850306756461433e-11,4.690886120733011e-11,6.23025416957428e-12,1.9952623149688827e-13,0.5343793299776285,0.8827557793278187,0.11724422067218128,2.850306756461433e-11,3.320425803948597e-11,6.23025416957428e-12,1.9952623149688827e-13,0.719156277939303,0.8420101119409091,0.15798988805909084,10;26;21;1;43,1.5084792734558798e-12;1.0213856537126878e-12;7.0830852197387817e-13;5.0876861009147237e-13;4.7889818800296981e-13
1,3,5,23,E3_SITE_02_SEC_3_UE_4,5,3,True,True,1.3620558597190844,RELATIVE_0P9_CURRENT_LOAD_NOMINAL,1.5133953996878715,1.5133953996878715,1.5133953343431958,1.3456744301250823,1.345674683431694,1.345674683431694,1.3620558604326336,0.9879731978901592,0.9879731978901592,1.0000000005238767,INFEASIBLE,False,PROVEN_INFEASIBLE_FROZEN_GRID_BY_CONTINUOUS_RELAXATION,False,PROVEN_INFEASIBLE_LOCAL_GRID_BY_GLOBAL_CONTINUOUS_RELAXATION,False,OPTIMAL_CONTINUOUS_L1_CERTIFIED_RESERVE,True,OPTIMAL_CONTINUOUS_L1_CERTIFIED_RESERVE,True,OPTIMAL_CONTINUOUS_L1_CERTIFIED_RESERVE,True,FEASIBLE_BY_SPARSE_STREAM_SUBSET,True,SPARSE_LOCAL_STREAM_POWER_REPAIR,LOCAL_SECTOR_GRID_INFEASIBLE_STRICT_POST_MODE_BUDGET_STREAM_REPAIR_FEASIBLE,2.000732227775859,True,2.8503176852307018e-11,4.688442898287686e-11,6.230087455549527e-12,1.9952623149688827e-13,0.5346279408743257,0.8827046187500958,0.1172953812499042,2.8503176852307018e-11,4.688442898287686e-11,6.230087455549527e-12,1.9952623149688827e-13,0.5346279408743257,0.8827046187500958,0.1172953812499042,2.8503176852307018e-11,3.3204576720298697e-11,6.230087455549527e-12,1.9952623149688827e-13,0.7191562779348392,0.8420149483771908,0.1579850516228092,10;26;21;1;43,1.5084930532045204e-12;1.0214089387383293e-12;7.0839792021191178e-13;5.0876870069515859e-13;4.7890911787084092e-13
1,4,5,23,E3_SITE_02_SEC_3_UE_4,5,3,True,True,1.3620558597190844,RELATIVE_0P9_CURRENT_LOAD_NOMINAL,1.5133953996878715,1.5133953996878715,1.5133953343431958,1.345707109615159,1.345707434477881,1.345707434477881,1.3620558604321047,0.9879972431934068,0.9879972431934068,1.0000000005234884,INFEASIBLE,False,PROVEN_INFEASIBLE_FROZEN_GRID_BY_CONTINUOUS_RELAXATION,False,PROVEN_INFEASIBLE_LOCAL_GRID_BY_GLOBAL_CONTINUOUS_RELAXATION,False,OPTIMAL_CONTINUOUS_L1_CERTIFIED_RESERVE,True,OPTIMAL_CONTINUOUS_L1_CERTIFIED_RESERVE,True,OPTIMAL_CONTINUOUS_L1_CERTIFIED_RESERVE,True,FEASIBLE_BY_SPARSE_STREAM_SUBSET,True,SPARSE_LOCAL_STREAM_POWER_REPAIR,LOCAL_SECTOR_GRID_INFEASIBLE_STRICT_POST_MODE_BUDGET_STREAM_REPAIR_FEASIBLE,2.0007330037064577,True,2.8503331225648896e-11,4.684992839275852e-11,6.230154180890298e-12,1.9952623149688827e-13,0.5349763608417497,0.8826272703655663,0.1173727296344337,2.8503331225648896e-11,4.684992839275852e-11,6.230154180890298e-12,1.9952623149688827e-13,0.5349763608417497,0.8826272703655663,0.1173727296344337,2.8503331225648896e-11,3.320472465426971e-11,6.230154180890298e-12,1.9952623149688827e-13,0.7191562779285363,0.8420141163122957,0.15798588368770422,10;26;21;1;43,1.5085125179151648e-12;1.0214418307886051e-12;7.0852427611882735e-13;5.0876882867762924e-13;4.7892455743532422e-13
1,5,5,23,E3_SITE_02_SEC_3_UE_4,5,3,True,True,1.3620558597190844,RELATIVE_0P9_CURRENT_LOAD_NOMINAL,1.5133953996878715,1.5133953996878715,1.5133953343431958,1.3457533133196538,1.34575363867482,1.34575363867482,1.362055860431358,0.9880311655884461,0.9880311655884461,1.0000000005229401,INFEASIBLE,False,PROVEN_INFEASIBLE_FROZEN_GRID_BY_CONTINUOUS_RELAXATION,False,PROVEN_INFEASIBLE_LOCAL_GRID_BY_GLOBAL_CONTINUOUS_RELAXATION,False,OPTIMAL_CONTINUOUS_L1_CERTIFIED_RESERVE,True,OPTIMAL_CONTINUOUS_L1_CERTIFIED_RESERVE,True,OPTIMAL_CONTINUOUS_L1_CERTIFIED_RESERVE,True,FEASIBLE_BY_SPARSE_STREAM_SUBSET,True,SPARSE_LOCAL_STREAM_POWER_REPAIR,LOCAL_SECTOR_GRID_INFEASIBLE_STRICT_POST_MODE_BUDGET_STREAM_REPAIR_FEASIBLE,2.0007340997341885,True,2.8503549284534058e-11,4.680121665096926e-11,6.230350995644419e-12,1.9952623149688827e-13,0.5354680358401417,0.8825161828675028,0.11748381713249724,2.8503549284534058e-11,4.680121665096926e-11,6.230350995644419e-12,1.9952623149688827e-13,0.5354680358401417,0.8825161828675028,0.11748381713249724,2.8503549284534058e-11,3.320483105488695e-11,6.230350995644432e-12,1.9952623149688827e-13,0.7191562779196369,0.8420103402169922,0.15798965978300786,10;26;21;1;43,1.5085400131450009e-12;1.021488294194094e-12;7.0870291329251381e-13;5.0876900946039195e-13;4.7894636782795132e-13
1,6,5,23,E3_SITE_02_SEC_3_UE_4,5,3,True,True,1.3620558597190844,RELATIVE_0P9_CURRENT_LOAD_NOMINAL,1.5133953996878715,1.5133953996878715,1.5133953343431958,1.345818654288779,1.345819431708722,1.345819431708722,1.3620558604303037,0.9880794697996372,0.9880794697996372,1.000000000522166,INFEASIBLE,False,PROVEN_INFEASIBLE_FROZEN_GRID_BY_CONTINUOUS_RELAXATION,False,PROVEN_INFEASIBLE_LOCAL_GRID_BY_GLOBAL_CONTINUOUS_RELAXATION,False,OPTIMAL_CONTINUOUS_L1_CERTIFIED_RESERVE,True,OPTIMAL_CONTINUOUS_L1_CERTIFIED_RESERVE,True,OPTIMAL_CONTINUOUS_L1_CERTIFIED_RESERVE,True,FEASIBLE_BY_SPARSE_STREAM_SUBSET,True,SPARSE_LOCAL_STREAM_POWER_REPAIR,LOCAL_SECTOR_GRID_INFEASIBLE_STRICT_POST_MODE_BUDGET_STREAM_REPAIR_FEASIBLE,2.0007356479077805,True,2.850385730238045e-11,4.6732452658447474e-11,6.230153526951537e-12,1.9952623149688827e-13,0.5361684343068489,0.8823669381914009,0.11763306180859914,2.850385730238045e-11,4.6732452658447474e-11,6.230153526951537e-12,1.9952623149688827e-13,0.5361684343068489,0.8823669381914009,0.11763306180859914,2.850385730238045e-11,3.32054568287393e-11,6.230153526951537e-12,1.9952623149688827e-13,0.719156277907075,0.8420170634926541,0.15798293650734588,10;26;21;1;43,1.5085788523771347e-12;1.0215539297877233e-12;7.0895555369660533e-13;5.0876926482825426e-13;4.789771786758791e-13
1,7,5,23,E3_SITE_02_SEC_3_UE_4,5,3,True,True,1.3620558597190844,RELATIVE_0P9_CURRENT_LOAD_NOMINAL,1.5133953996878715,1.5133953996878715,1.5133953343431958,1.3459111056636128,1.34591185066126,1.34591185066126,1.362055860428816,0.988147322341718,0.988147322341718,1.0000000005210739,INFEASIBLE,False,PROVEN_INFEASIBLE_FROZEN_GRID_BY_CONTINUOUS_RELAXATION,False,PROVEN_INFEASIBLE_LOCAL_GRID_BY_GLOBAL_CONTINUOUS_RELAXATION,False,OPTIMAL_CONTINUOUS_L1_CERTIFIED_RESERVE,True,OPTIMAL_CONTINUOUS_L1_CERTIFIED_RESERVE,True,OPTIMAL_CONTINUOUS_L1_CERTIFIED_RESERVE,True,FEASIBLE_BY_SPARSE_STREAM_SUBSET,True,SPARSE_LOCAL_STREAM_POWER_REPAIR,LOCAL_SECTOR_GRID_INFEASIBLE_STRICT_POST_MODE_BUDGET_STREAM_REPAIR_FEASIBLE,2.0007378347476807,True,2.8504292392114272e-11,4.663540707599775e-11,6.23058442230949e-12,1.9952623149688827e-13,0.5371528180927349,0.8821438084158699,0.11785619158413008,2.8504292392114272e-11,4.663540707599775e-11,6.23058442230949e-12,1.9952623149688827e-13,0.5371528180927349,0.8821438084158699,0.11785619158413008,2.8504292392114272e-11,3.320563093461662e-11,6.2305844223095155e-12,1.9952623149688827e-13,0.7191562778893464,0.8420085607627851,0.15799143923721487,10;26;21;1;43,1.5086337166204826e-12;1.021646651085521e-12;7.0931303366898829e-13;5.0876962555576707e-13;4.7902070584081633e-13
1,8,5,23,E3_SITE_02_SEC_3_UE_4,5,3,True,True,1.3620558597190844,RELATIVE_0P9_CURRENT_LOAD_NOMINAL,1.5133953996878715,1.5133953996878715,1.5133953343431958,1.34604200054599,1.346042510990683,1.346042510990683,1.362055860426717,0.9882432511015341,0.9882432511015341,1.0000000005195326,INFEASIBLE,False,PROVEN_INFEASIBLE_FROZEN_GRID_BY_CONTINUOUS_RELAXATION,False,PROVEN_INFEASIBLE_LOCAL_GRID_BY_GLOBAL_CONTINUOUS_RELAXATION,False,OPTIMAL_CONTINUOUS_L1_CERTIFIED_RESERVE,True,OPTIMAL_CONTINUOUS_L1_CERTIFIED_RESERVE,True,OPTIMAL_CONTINUOUS_L1_CERTIFIED_RESERVE,True,FEASIBLE_BY_SPARSE_STREAM_SUBSET,True,SPARSE_LOCAL_STREAM_POWER_REPAIR,LOCAL_SECTOR_GRID_INFEASIBLE_STRICT_POST_MODE_BUDGET_STREAM_REPAIR_FEASIBLE,2.000740923714362,True,2.850490697860723e-11,4.6498498416560557e-11,6.231396759597041e-12,1.9952623149688827e-13,0.5385455994137306,0.8818242149205971,0.11817578507940284,2.850490697860723e-11,4.6498498416560557e-11,6.231396759597041e-12,1.9952623149688827e-13,0.5385455994137306,0.8818242149205971,0.11817578507940284,2.850490697860723e-11,3.320567319250287e-11,6.231396759597054e-12,1.9952623149688827e-13,0.719156277864336,0.8419913860952226,0.15800861390477736,10;26;21;1;43,1.5087112191523523e-12;1.0217776404743674e-12;7.098192164660424e-13;5.0877013511851e-13;4.7908220093948095e-13
1,9,5,23,E3_SITE_02_SEC_3_UE_4,5,3,True,True,1.3620558597190844,RELATIVE_0P9_CURRENT_LOAD_NOMINAL,1.5133953996878715,1.5133953996878715,1.5133953343431958,1.346227510917825,1.3462275296009545,1.3462275296009545,1.3620558604237578,0.9883790888566094,0.9883790888566094,1.0000000005173602,INFEASIBLE,False,PROVEN_INFEASIBLE_FROZEN_GRID_BY_CONTINUOUS_RELAXATION,False,PROVEN_INFEASIBLE_LOCAL_GRID_BY_GLOBAL_CONTINUOUS_RELAXATION,False,OPTIMAL_CONTINUOUS_L1_CERTIFIED_RESERVE,True,OPTIMAL_CONTINUOUS_L1_CERTIFIED_RESERVE,True,OPTIMAL_CONTINUOUS_L1_CERTIFIED_RESERVE,True,FEASIBLE_BY_SPARSE_STREAM_SUBSET,True,SPARSE_LOCAL_STREAM_POWER_REPAIR,LOCAL_SECTOR_GRID_INFEASIBLE_STRICT_POST_MODE_BUDGET_STREAM_REPAIR_FEASIBLE,2.000745286942335,True,2.850577511689228e-11,4.6305452719284574e-11,6.2327114929143245e-12,1.9952623149688827e-13,0.5405199749375796,0.8813679239392391,0.11863207606076087,2.850577511689228e-11,4.6305452719284574e-11,6.2327114929143245e-12,1.9952623149688827e-13,0.5405199749375796,0.8813679239392391,0.11863207606076087,2.850577511689228e-11,3.320556562334386e-11,6.2327114929143374e-12,1.9952623149688827e-13,0.7191562778290721,0.841962886093091,0.15803711390690897,10;26;21;1;43,1.5088207038225894e-12;1.0219627019722084e-12;7.1053667067833725e-13;5.0877085493808918e-13;4.7916908770937014e-13
1,10,5,23,E3_SITE_02_SEC_3_UE_4,5,3,True,True,1.3620558597190844,RELATIVE_0P9_CURRENT_LOAD_NOMINAL,1.5133953996878715,1.5133953996878715,1.5133953343431958,1.3464907846981142,1.3464908019339916,1.3464908019339916,1.3620558604195883,0.9885723792647513,0.9885723792647513,1.0000000005142988,INFEASIBLE,False,PROVEN_INFEASIBLE_FROZEN_GRID_BY_CONTINUOUS_RELAXATION,False,PROVEN_INFEASIBLE_LOCAL_GRID_BY_GLOBAL_CONTINUOUS_RELAXATION,False,OPTIMAL_CONTINUOUS_L1_CERTIFIED_RESERVE,True,OPTIMAL_CONTINUOUS_L1_CERTIFIED_RESERVE,True,OPTIMAL_CONTINUOUS_L1_CERTIFIED_RESERVE,True,FEASIBLE_BY_SPARSE_STREAM_SUBSET,True,SPARSE_LOCAL_STREAM_POWER_REPAIR,LOCAL_SECTOR_GRID_INFEASIBLE_STRICT_POST_MODE_BUDGET_STREAM_REPAIR_FEASIBLE,2.000751450059043,True,2.850700141833666e-11,4.6033452648112797e-11,6.233851554675686e-12,1.9952623149688827e-13,0.5433337821700824,0.8807313357794506,0.11926866422054933,2.850700141833666e-11,4.6033452648112797e-11,6.233851554675686e-12,1.9952623149688827e-13,0.5433337821700824,0.8807313357794506,0.11926866422054933,2.850700141833666e-11,3.3206130758980666e-11,6.233851554675686e-12,1.9952623149688827e-13,0.7191562777793883,0.8419408126225966,0.15805918737740343,10;26;21;1;43,1.5089753738534968e-12;1.0222241762608654e-12;7.1155499408694391e-13;5.087718717962129e-13;4.7929186369516505e-13
1,11,5,23,E3_SITE_02_SEC_3_UE_4,5,3,True,True,1.3620558597190844,RELATIVE_0P9_CURRENT_LOAD_NOMINAL,1.5133953996878715,1.5133953996878715,1.5133953343431958,1.346865147026879,1.3468651631095552,1.3468651631095552,1.3620558604137203,0.9888472293547034,0.9888472293547034,1.0000000005099907,INFEASIBLE,False,PROVEN_INFEASIBLE_FROZEN_GRID_BY_CONTINUOUS_RELAXATION,False,PROVEN_INFEASIBLE_LOCAL_GRID_BY_GLOBAL_CONTINUOUS_RELAXATION,False,OPTIMAL_CONTINUOUS_L1_CERTIFIED_RESERVE,True,OPTIMAL_CONTINUOUS_L1_CERTIFIED_RESERVE,True,OPTIMAL_CONTINUOUS_L1_CERTIFIED_RESERVE,True,FEASIBLE_BY_SPARSE_STREAM_SUBSET,True,SPARSE_LOCAL_STREAM_POWER_REPAIR,LOCAL_SECTOR_GRID_INFEASIBLE_STRICT_POST_MODE_BUDGET_STREAM_REPAIR_FEASIBLE,2.0007601554800596,True,2.8508733662102048e-11,4.565060754192138e-11,6.2354782852203115e-12,1.9952623149688827e-13,0.5473437391885995,0.8798236909603514,0.1201763090396486,2.8508733662102048e-11,4.565060754192138e-11,6.2354782852203115e-12,1.9952623149688827e-13,0.5473437391885995,0.8798236909603514,0.1201763090396486,2.8508733662102048e-11,3.320691274903113e-11,6.2354782852203115e-12,1.9952623149688827e-13,0.7191562777094627,0.8419092219889642,0.15809077801103574,10;26;21;1;43,1.5091938886372738e-12;1.0225936541382896e-12;7.1300317574991476e-13;5.0877330831796875e-13;4.7946537949311214e-13
1,12,5,23,E3_SITE_02_SEC_3_UE_4,5,3,True,True,1.3620558597190844,RELATIVE_0P9_CURRENT_LOAD_NOMINAL,1.5133953996878715,1.5133953996878715,1.5133953343431958,1.3473989580384604,1.3473989774370054,1.3473989774370054,1.362055860405474,0.9892391474420866,0.9892391474420866,1.0000000005039364,INFEASIBLE,False,PROVEN_INFEASIBLE_FROZEN_GRID_BY_CONTINUOUS_RELAXATION,False,PROVEN_INFEASIBLE_LOCAL_GRID_BY_GLOBAL_CONTINUOUS_RELAXATION,False,OPTIMAL_CONTINUOUS_L1_CERTIFIED_RESERVE,True,OPTIMAL_CONTINUOUS_L1_CERTIFIED_RESERVE,True,OPTIMAL_CONTINUOUS_L1_CERTIFIED_RESERVE,True,FEASIBLE_BY_SPARSE_STREAM_SUBSET,True,SPARSE_LOCAL_STREAM_POWER_REPAIR,LOCAL_SECTOR_GRID_INFEASIBLE_STRICT_POST_MODE_BUDGET_STREAM_REPAIR_FEASIBLE,2.0007724517896674,True,2.851118061510309e-11,4.511254840069014e-11,6.237784444896594e-12,1.9952623149688827e-13,0.5530797004210953,0.8785249462032904,0.12147505379670964,2.851118061510309e-11,4.511254840069014e-11,6.237784444896594e-12,1.9952623149688827e-13,0.5530797004210953,0.8785249462032904,0.12147505379670964,2.851118061510309e-11,3.320800912781917e-11,6.2377844448965814e-12,1.9952623149688827e-13,0.7191562776111985,0.841864394655982,0.15813560534401805,10;26;21;1;43,1.5095359769873777e-12;1.02311582612498e-12;7.1506826370432793e-13;5.0877533780102671e-13;4.7965597794087032e-13
1,13,5,23,E3_SITE_02_SEC_3_UE_4,5,3,True,True,1.3620558597190844,RELATIVE_0P9_CURRENT_LOAD_NOMINAL,1.5133953996878715,1.5133953996878715,1.5133953343431958,1.3481631834875925,1.3481635467238955,1.3481635467238955,1.362055860393911,0.9898004821931061,0.9898004821931061,1.000000000495447,INFEASIBLE,False,PROVEN_INFEASIBLE_FROZEN_GRID_BY_CONTINUOUS_RELAXATION,False,PROVEN_INFEASIBLE_LOCAL_GRID_BY_GLOBAL_CONTINUOUS_RELAXATION,False,OPTIMAL_CONTINUOUS_L1_CERTIFIED_RESERVE,True,OPTIMAL_CONTINUOUS_L1_CERTIFIED_RESERVE,True,OPTIMAL_CONTINUOUS_L1_CERTIFIED_RESERVE,True,FEASIBLE_BY_SPARSE_STREAM_SUBSET,True,SPARSE_LOCAL_STREAM_POWER_REPAIR,LOCAL_SECTOR_GRID_INFEASIBLE_STRICT_POST_MODE_BUDGET_STREAM_REPAIR_FEASIBLE,2.0007898199418874,True,2.8514637214935326e-11,4.4357954647358343e-11,6.240665811302013e-12,1.9952623149688827e-13,0.56133223498999,0.8766633209614735,0.1233366790385265,2.8514637214935326e-11,4.4357954647358343e-11,6.240665811302013e-12,1.9952623149688827e-13,0.56133223498999,0.8766633209614735,0.1233366790385265,2.8514637214935326e-11,3.320993423450332e-11,6.240665811302013e-12,1.9952623149688827e-13,0.7191562774734106,0.8418106238167202,0.15818937618327975,10;26;21;1;43,1.5101284573671786e-12;1.0238539536046956e-12;7.1802413966513381e-13;5.0877820520471023e-13;4.7970314971566148e-13
1,14,5,23,E3_SITE_02_SEC_3_UE_4,5,3,True,True,1.3620558597190844,RELATIVE_0P9_CURRENT_LOAD_NOMINAL,1.5133953996878715,1.5133953996878715,1.5133953343431958,1.3492635134469784,1.3492640273328262,1.3492640273328262,1.3620558603777475,0.9906084377560723,0.9906084377560723,1.00000000048358,INFEASIBLE,False,PROVEN_INFEASIBLE_FROZEN_GRID_BY_CONTINUOUS_RELAXATION,False,PROVEN_INFEASIBLE_LOCAL_GRID_BY_GLOBAL_CONTINUOUS_RELAXATION,False,OPTIMAL_CONTINUOUS_L1_CERTIFIED_RESERVE,True,OPTIMAL_CONTINUOUS_L1_CERTIFIED_RESERVE,True,OPTIMAL_CONTINUOUS_L1_CERTIFIED_RESERVE,True,FEASIBLE_BY_SPARSE_STREAM_SUBSET,True,SPARSE_LOCAL_STREAM_POWER_REPAIR,LOCAL_SECTOR_GRID_INFEASIBLE_STRICT_POST_MODE_BUDGET_STREAM_REPAIR_FEASIBLE,2.0008143514196566,True,2.8519520164786575e-11,4.330290686036246e-11,6.244889545379042e-12,1.9952623149688827e-13,0.5732875389647255,0.8739623152109466,0.12603768478905344,2.8519520164786575e-11,4.330290686036246e-11,6.244889545379042e-12,1.9952623149688827e-13,0.5732875389647255,0.8739623152109466,0.12603768478905344,2.8519520164786575e-11,3.3212500342415405e-11,6.244889545379042e-12,1.9952623149688827e-13,0.7191562772808018,0.8417307996515297,0.15826920034847022,10;26;21;1;43,1.5109947652963527e-12;1.0248976637119592e-12;7.2227696470705953e-13;5.0878225688216952e-13;4.7945988575032357e-13
1,15,5,23,E3_SITE_02_SEC_3_UE_4,5,3,True,True,1.3620558597190844,RELATIVE_0P9_CURRENT_LOAD_NOMINAL,1.5133953996878715,1.5133953996878715,1.5133953343431958,1.3508561485064603,1.3508562645053932,1.3508562645053932,1.3620558603552546,0.9917774332573989,0.9917774332573989,1.0000000004670662,INFEASIBLE,False,PROVEN_INFEASIBLE_FROZEN_GRID_BY_CONTINUOUS_RELAXATION,False,PROVEN_INFEASIBLE_LOCAL_GRID_BY_GLOBAL_CONTINUOUS_RELAXATION,False,OPTIMAL_CONTINUOUS_L1_CERTIFIED_RESERVE,True,OPTIMAL_CONTINUOUS_L1_CERTIFIED_RESERVE,True,OPTIMAL_CONTINUOUS_L1_CERTIFIED_RESERVE,True,FEASIBLE_BY_SPARSE_STREAM_SUBSET,True,SPARSE_LOCAL_STREAM_POWER_REPAIR,LOCAL_SECTOR_GRID_INFEASIBLE_STRICT_POST_MODE_BUDGET_STREAM_REPAIR_FEASIBLE,2.0008489996829195,True,2.8526418258636592e-11,4.183424931440462e-11,6.254917079576202e-12,1.9952623149688827e-13,0.590747371851308,0.8699308482843838,0.13006915171561617,2.8526418258636592e-11,4.183424931440462e-11,6.254917079576202e-12,1.9952623149688827e-13,0.590747371851308,0.8699308482843838,0.13006915171561617,2.8526418258636592e-11,3.3212064749079896e-11,6.254917079576202e-12,1.9952623149688827e-13,0.7191562770127684,0.8415151909327243,0.15848480906727572,10;26;21;1;43,1.512168807659362e-12;1.0263740929790177e-12;7.2843895093293147e-13;5.0878927477336491e-13;4.7928788466549434e-13
1,16,5,23,E3_SITE_02_SEC_3_UE_4,5,3,True,True,1.3620558597190844,RELATIVE_0P9_CURRENT_LOAD_NOMINAL,1.5133953996878715,1.5133953996878715,1.5133953343431958,1.353195778808465,1.3531959160698863,1.3531959160698863,1.362055860324157,0.9934951686555459,0.9934951686555459,1.0000000004442349,INFEASIBLE,False,PROVEN_INFEASIBLE_FROZEN_GRID_BY_CONTINUOUS_RELAXATION,False,PROVEN_INFEASIBLE_LOCAL_GRID_BY_GLOBAL_CONTINUOUS_RELAXATION,False,OPTIMAL_CONTINUOUS_L1_CERTIFIED_RESERVE,True,OPTIMAL_CONTINUOUS_L1_CERTIFIED_RESERVE,True,OPTIMAL_CONTINUOUS_L1_CERTIFIED_RESERVE,True,FEASIBLE_BY_SPARSE_STREAM_SUBSET,True,SPARSE_LOCAL_STREAM_POWER_REPAIR,LOCAL_SECTOR_GRID_INFEASIBLE_STRICT_POST_MODE_BUDGET_STREAM_REPAIR_FEASIBLE,2.000897934932876,True,2.85361635593752e-11,3.980288701003873e-11,6.265803705791362e-12,1.9952623149688827e-13,0.6167552035096049,0.8639899765235066,0.13601002347649335,2.85361635593752e-11,3.980288701003873e-11,6.265803705791362e-12,1.9952623149688827e-13,0.6167552035096049,0.8639899765235066,0.13601002347649335,2.85361635593752e-11,3.3214729162818345e-11,6.265803705791375e-12,1.9952623149688827e-13,0.7191562766422022,0.8412938415334003,0.15870615846659977,10;26;21;1;43,1.511413103582926e-12;1.0284638936764975e-12;7.3745167722044752e-13;5.0878317187132595e-13;4.791662257867136e-13
1,17,5,23,E3_SITE_02_SEC_3_UE_4,5,3,True,True,1.3620558597190844,RELATIVE_0P9_CURRENT_LOAD_NOMINAL,1.5133953996878715,1.5133953996878715,1.5133953343431958,1.3566821043675814,1.35668249425558,1.35668249425558,1.3620558603225916,0.9960549595487129,0.9960549595487129,1.0000000004430856,NUMERICAL_VERIFICATION_FAIL,False,UNRESOLVED_FROZEN_GRID_CONTINUOUS_SOLVER_FAILURE,False,PROVEN_INFEASIBLE_FROZEN_GRID,False,OPTIMAL_CONTINUOUS_L1_CERTIFIED_RESERVE,True,OPTIMAL_CONTINUOUS_L1_CERTIFIED_RESERVE,True,OPTIMAL_CONTINUOUS_L1_CERTIFIED_RESERVE,True,FEASIBLE_BY_SPARSE_STREAM_SUBSET,True,SPARSE_LOCAL_STREAM_POWER_REPAIR,LOCAL_SECTOR_GRID_INFEASIBLE_STRICT_POST_MODE_BUDGET_STREAM_REPAIR_FEASIBLE,2.0009670444012473,True,2.854993212389876e-11,3.701965019384127e-11,6.281937197259095e-12,1.9952623149688827e-13,0.6563034770003705,0.8549259374599694,0.1450740625400306,2.854993212389876e-11,3.701965019384127e-11,6.281937197259095e-12,1.9952623149688827e-13,0.6563034770003705,0.8549259374599694,0.1450740625400306,2.854993212389876e-11,3.32177411140191e-11,6.281937197259108e-12,1.9952623149688827e-13,0.7191562766235474,0.8409623200534915,0.15903767994650853,10;26;21;1;43,1.5108099497786127e-12;1.0314243731544455e-12;7.5079840779589775e-13;5.0878043568022318e-13;4.7908015230730551e-13
1,18,5,23,E3_SITE_02_SEC_3_UE_4,5,3,True,True,1.3620558597190844,RELATIVE_0P9_CURRENT_LOAD_NOMINAL,1.5133953996878715,1.5133953996878715,1.5133953343431958,1.361995360259253,1.3600367748335598,1.3600367748335598,1.3624316260416818,0.9985176196180816,0.9985176196180816,1.0002758817268147,OPTIMAL_CONTINUOUS_L1,True,FEASIBLE_BY_SPARSE_LOCAL_GRID_SUBSET,True,FEASIBLE_SPARSE_LOCAL_FROZEN_GRID,True,NOT_NEEDED_LOCAL_GRID_FEASIBLE,True,NOT_NEEDED_LOCAL_GRID_FEASIBLE,True,NOT_NEEDED_LOCAL_GRID_FEASIBLE,True,FEASIBLE_BY_GLOBAL_FROZEN_GRID_SUBSET,True,SPARSE_LOCAL_FROZEN_GRID_SECTOR_REPAIR,SPARSE_LOCAL_FROZEN_GRID_FEASIBLE_REVIEWED_FALLBACK_SELECTION_DEFECT,2.001064637376523,True,2.2693470462377362e-11,2.6419430965994468e-11,6.021126235913687e-12,1.9952623149688827e-13,0.695263861953001,0.8143951042998878,0.1856048957001122,2.2693470462377362e-11,2.6419430965994468e-11,6.021126235913687e-12,1.9952623149688827e-13,0.695263861953001,0.8143951042998878,0.1856048957001122,2.856938664688719e-11,3.326009300823216e-11,6.020499069601697e-12,1.9952623149688827e-13,0.7236398438080439,0.8467309490225561,0.15326905097744392,10;26;1;21;43,1.5103287949422496e-12;1.0356232360881994e-12;5.0877817365236267e-13;4.8639244846964318e-13;4.7901924422048884e-13
1,80,5,23,E3_SITE_02_SEC_3_UE_4,5,3,True,True,1.293825200336745,RELATIVE_0P9_CURRENT_LOAD_NOMINAL,1.5133953996878715,1.4375835559297165,1.437583611155976,1.2584586757869713,1.2586581544942665,1.2586581544942665,1.293825201459329,0.9728193222443607,0.9728193222443607,1.0000000008676473,INFEASIBLE,False,PROVEN_INFEASIBLE_FROZEN_GRID_BY_CONTINUOUS_RELAXATION,False,PROVEN_INFEASIBLE_LOCAL_GRID_BY_GLOBAL_CONTINUOUS_RELAXATION,False,OPTIMAL_CONTINUOUS_L1_CERTIFIED_RESERVE,True,OPTIMAL_CONTINUOUS_L1_CERTIFIED_RESERVE,True,OPTIMAL_CONTINUOUS_L1_CERTIFIED_RESERVE,True,FEASIBLE_BY_SPARSE_STREAM_SUBSET,True,SPARSE_LOCAL_STREAM_POWER_REPAIR,LOCAL_SECTOR_GRID_INFEASIBLE_STRICT_POST_MODE_BUDGET_STREAM_REPAIR_FEASIBLE,1.9085289470690938,True,2.7923959613732442e-11,4.418859679416783e-11,5.5919249520201995e-12,1.9952623149688827e-13,0.5587021370247569,0.8876684141534052,0.11233158584659479,2.7923959613732442e-11,4.418859679416783e-11,5.5919249520201995e-12,1.9952623149688827e-13,0.5587021370247569,0.8876684141534052,0.11233158584659479,2.7923959613732442e-11,2.244417260224118e-11,5.591924952020193e-12,1.9952623149688827e-13,0.9889620227840329,0.8005455309463979,0.19945446905360203,26;21;29;10;1,7.644138359117312e-13;7.4697136025668878e-13;6.5633558383029075e-13;6.3629962473509037e-13;6.1876088597018609e-13
1,81,5,23,E3_SITE_02_SEC_3_UE_4,5,3,True,True,1.293825200336745,RELATIVE_0P9_CURRENT_LOAD_NOMINAL,1.5133953996878715,1.4375835559297165,1.437583611155976,1.259444694280429,1.2596504511158766,1.2596504511158766,1.2938252014353417,0.973586270222613,0.973586270222613,1.0000000008491077,INFEASIBLE,False,PROVEN_INFEASIBLE_FROZEN_GRID_BY_CONTINUOUS_RELAXATION,False,PROVEN_INFEASIBLE_LOCAL_GRID_BY_GLOBAL_CONTINUOUS_RELAXATION,False,OPTIMAL_CONTINUOUS_L1_CERTIFIED_RESERVE,True,OPTIMAL_CONTINUOUS_L1_CERTIFIED_RESERVE,True,OPTIMAL_CONTINUOUS_L1_CERTIFIED_RESERVE,True,FEASIBLE_BY_SPARSE_STREAM_SUBSET,True,SPARSE_LOCAL_STREAM_POWER_REPAIR,LOCAL_SECTOR_GRID_INFEASIBLE_STRICT_POST_MODE_BUDGET_STREAM_REPAIR_FEASIBLE,1.9085614323033067,True,2.793029290568981e-11,4.3254191630345155e-11,5.5932647511806414e-12,1.9952623149688827e-13,0.5694599630329534,0.8854952710844525,0.11450472891554749,2.793029290568981e-11,4.3254191630345155e-11,5.5932647511806414e-12,1.9952623149688827e-13,0.5694599630329534,0.8854952710844525,0.11450472891554749,2.793029290568981e-11,2.2449236791455444e-11,5.593264751180635e-12,1.9952623149688827e-13,0.9889620224533354,0.8005433023627873,0.1994566976372127,26;21;29;10;1,7.644138359117312e-13;7.4697136025668878e-13;6.5647846622701428e-13;6.3657887351993756e-13;6.1873998059108272e-13
1,82,5,23,E3_SITE_02_SEC_3_UE_4,5,3,True,True,1.293825200336745,RELATIVE_0P9_CURRENT_LOAD_NOMINAL,1.5133953996878715,1.4375835559297165,1.437583611155976,1.2608735516311256,1.261088427307359,1.261088427307359,1.2938252014019094,0.9746976848025023,0.9746976848025023,1.0000000008232677,INFEASIBLE,False,PROVEN_INFEASIBLE_FROZEN_GRID_BY_CONTINUOUS_RELAXATION,False,PROVEN_INFEASIBLE_LOCAL_GRID_BY_GLOBAL_CONTINUOUS_RELAXATION,False,OPTIMAL_CONTINUOUS_L1_CERTIFIED_RESERVE,True,OPTIMAL_CONTINUOUS_L1_CERTIFIED_RESERVE,True,OPTIMAL_CONTINUOUS_L1_CERTIFIED_RESERVE,True,FEASIBLE_BY_SPARSE_STREAM_SUBSET,True,SPARSE_LOCAL_STREAM_POWER_REPAIR,LOCAL_SECTOR_GRID_INFEASIBLE_STRICT_POST_MODE_BUDGET_STREAM_REPAIR_FEASIBLE,1.9086073127866467,True,2.7939240153048644e-11,4.195132311808418e-11,5.593726708613664e-12,1.9952623149688827e-13,0.585181448024466,0.8823489147870736,0.1176510852129265,2.7939240153048644e-11,4.195132311808418e-11,5.593726708613664e-12,1.9952623149688827e-13,0.585181448024466,0.8823489147870736,0.1176510852129265,2.7939240153048644e-11,2.245782195633547e-11,5.593726708613664e-12,1.9952623149688827e-13,0.9889620219924231,0.8005911625263272,0.19940883747367275,26;21;29;10;1,7.644138359117312e-13;7.4641709437991006e-13;6.5645390725793283e-13;6.3697346208251334e-13;6.1872587638098144e-13
1,83,5,23,E3_SITE_02_SEC_3_UE_4,5,3,True,True,1.293825200336745,RELATIVE_0P9_CURRENT_LOAD_NOMINAL,1.5133953996878715,1.4375835559297165,1.437583611155976,1.2629922073841267,1.2632152908481962,1.2632152908481962,1.293825201355583,0.9763415417472299,0.9763415417472299,1.0000000007874619,INFEASIBLE,False,PROVEN_INFEASIBLE_FROZEN_GRID_BY_CONTINUOUS_RELAXATION,False,PROVEN_INFEASIBLE_LOCAL_GRID_BY_GLOBAL_CONTINUOUS_RELAXATION,False,OPTIMAL_CONTINUOUS_L1_CERTIFIED_RESERVE,True,OPTIMAL_CONTINUOUS_L1_CERTIFIED_RESERVE,True,OPTIMAL_CONTINUOUS_L1_CERTIFIED_RESERVE,True,FEASIBLE_BY_SPARSE_STREAM_SUBSET,True,SPARSE_LOCAL_STREAM_POWER_REPAIR,LOCAL_SECTOR_GRID_INFEASIBLE_STRICT_POST_MODE_BUDGET_STREAM_REPAIR_FEASIBLE,1.9086721084656184,True,2.7951880939390436e-11,4.014491954953808e-11,5.574380506093483e-12,1.9952623149688827e-13,0.6087237675590513,0.8780738003576053,0.12192619964239473,2.7951880939390436e-11,4.014491954953808e-11,5.574380506093483e-12,1.9952623149688827e-13,0.6087237675590513,0.8780738003576053,0.12192619964239473,2.7951880939390436e-11,2.248995004947647e-11,5.574380506093463e-12,1.9952623149688827e-13,0.9889620213537474,0.801371335223704,0.1986286647762961,26;21;29;10;1,7.644138359117312e-13;7.2712896683097931e-13;6.5646968762276599e-13;6.3752362209828006e-13;6.1872034256983804e-13
1,84,5,23,E3_SITE_02_SEC_3_UE_4,5,3,True,True,1.293825200336745,RELATIVE_0P9_CURRENT_LOAD_NOMINAL,1.5133953996878715,1.4375835559297165,1.437583611155976,1.2661214473963847,1.2663605195909378,1.2663605195909378,1.2938252012919342,0.978772495126344,0.978772495126344,1.0000000007382677,INFEASIBLE,False,PROVEN_INFEASIBLE_FROZEN_GRID_BY_CONTINUOUS_RELAXATION,False,PROVEN_INFEASIBLE_LOCAL_GRID_BY_GLOBAL_CONTINUOUS_RELAXATION,False,OPTIMAL_CONTINUOUS_L1_CERTIFIED_RESERVE,True,OPTIMAL_CONTINUOUS_L1_CERTIFIED_RESERVE,True,OPTIMAL_CONTINUOUS_L1_CERTIFIED_RESERVE,True,FEASIBLE_BY_SPARSE_STREAM_SUBSET,True,SPARSE_LOCAL_STREAM_POWER_REPAIR,LOCAL_SECTOR_GRID_INFEASIBLE_STRICT_POST_MODE_BUDGET_STREAM_REPAIR_FEASIBLE,1.9087636104112136,True,2.796974144007319e-11,3.766104009891901e-11,5.558522617838652e-12,1.9952623149688827e-13,0.6441807536175301,0.8713887353681293,0.1286112646318707,2.796974144007319e-11,3.766104009891901e-11,5.558522617838652e-12,1.9952623149688827e-13,0.6441807536175301,0.8713887353681293,0.1286112646318707,2.796974144007319e-11,2.2523867807690095e-11,5.558522617838646e-12,1.9952623149688827e-13,0.9889620204762576,0.8020637654554655,0.19793623454453446,26;21;29;10;1,7.644138359117312e-13;7.1167520112843512e-13;6.5648375289458667e-13;6.3829363128195942e-13;6.1871683781422766e-13
1,85,5,23,E3_SITE_02_SEC_3_UE_4,5,3,True,True,1.293825200336745,RELATIVE_0P9_CURRENT_LOAD_NOMINAL,1.5133953996878715,1.4375835559297165,1.437583611155976,1.270849099627415,1.2711165787846879,1.2711165787846879,1.2938252012055909,0.9824484624768889,0.9824484624768889,1.0000000006715326,INFEASIBLE,False,PROVEN_INFEASIBLE_FROZEN_GRID_BY_CONTINUOUS_RELAXATION,False,PROVEN_INFEASIBLE_LOCAL_GRID_BY_GLOBAL_CONTINUOUS_RELAXATION,False,OPTIMAL_CONTINUOUS_L1_CERTIFIED_RESERVE,True,OPTIMAL_CONTINUOUS_L1_CERTIFIED_RESERVE,True,OPTIMAL_CONTINUOUS_L1_CERTIFIED_RESERVE,True,FEASIBLE_BY_SPARSE_STREAM_SUBSET,True,SPARSE_LOCAL_STREAM_POWER_REPAIR,LOCAL_SECTOR_GRID_INFEASIBLE_STRICT_POST_MODE_BUDGET_STREAM_REPAIR_FEASIBLE,1.9088928117239559,True,2.7994979875328635e-11,3.428761304042243e-11,5.546468452093844e-12,1.9952623149688827e-13,0.6992869608035985,0.8607607293986214,0.1392392706013787,2.7994979875328635e-11,3.428761304042243e-11,5.546468452093844e-12,1.9952623149688827e-13,0.6992869608035985,0.8607607293986214,0.1392392706013787,2.7994979875328635e-11,2.2561442133389694e-11,5.5464684520938185e-12,1.9952623149688827e-13,0.9889620192858883,0.80267233186097,0.19732766813903,26;21;29;10;1,7.644138359117312e-13;6.9909059904636521e-13;6.5649628938106814e-13;6.3938668408911647e-13;6.1871536592124018e-13
1,86,5,23,E3_SITE_02_SEC_3_UE_4,5,3,True,True,1.293825200336745,RELATIVE_0P9_CURRENT_LOAD_NOMINAL,1.5133953996878715,1.4375835559297165,1.437583611155976,1.2781926245972028,1.2785154295304522,1.2785154295304522,1.2938252010907159,0.9881670485299652,0.9881670485299652,1.0000000005827456,INFEASIBLE,False,PROVEN_INFEASIBLE_FROZEN_GRID_BY_CONTINUOUS_RELAXATION,False,PROVEN_INFEASIBLE_LOCAL_GRID_BY_GLOBAL_CONTINUOUS_RELAXATION,False,OPTIMAL_CONTINUOUS_L1_CERTIFIED_RESERVE,True,OPTIMAL_CONTINUOUS_L1_CERTIFIED_RESERVE,True,OPTIMAL_CONTINUOUS_L1_CERTIFIED_RESERVE,True,FEASIBLE_BY_SPARSE_STREAM_SUBSET,True,SPARSE_LOCAL_STREAM_POWER_REPAIR,LOCAL_SECTOR_GRID_INFEASIBLE_STRICT_POST_MODE_BUDGET_STREAM_REPAIR_FEASIBLE,1.909075216505073,True,2.803064968118037e-11,2.979217223107849e-11,5.548253540472758e-12,1.9952623149688827e-13,0.7887081467857999,0.843005469816975,0.15699453018302503,2.803064968118037e-11,2.979217223107849e-11,5.548253540472758e-12,1.9952623149688827e-13,0.7887081467857999,0.843005469816975,0.15699453018302503,2.803064968118037e-11,2.2595725013288765e-11,5.548253540472751e-12,1.9952623149688827e-13,0.9889620177021738,0.8028617904936822,0.19713820950631775,26;21;29;10;1,7.644138359117312e-13;6.9928160410492806e-13;6.5649628938106814e-13;6.4093572845420521e-13;6.1871536592124018e-13
1,87,5,23,E3_SITE_02_SEC_3_UE_4,5,3,True,True,1.293825200336745,RELATIVE_0P9_CURRENT_LOAD_NOMINAL,1.5133953996878715,1.4375835559297165,1.437583611155976,1.2901760831810005,1.2901760831810005,1.2901760831810005,1.2938252010540894,0.9971795902917994,0.9971795902917994,1.000000000554437,NUMERICAL_VERIFICATION_FAIL,False,UNRESOLVED_FROZEN_GRID_CONTINUOUS_SOLVER_FAILURE,False,PROVEN_INFEASIBLE_FROZEN_GRID,False,OPTIMAL_CONTINUOUS_L1_CERTIFIED_RESERVE,True,OPTIMAL_CONTINUOUS_L1_CERTIFIED_RESERVE,True,OPTIMAL_CONTINUOUS_L1_CERTIFIED_RESERVE,True,FEASIBLE_BY_SPARSE_STREAM_SUBSET,True,SPARSE_LOCAL_STREAM_POWER_REPAIR,LOCAL_SECTOR_GRID_INFEASIBLE_STRICT_POST_MODE_BUDGET_STREAM_REPAIR_FEASIBLE,1.9093326769637748,True,2.8081073665417767e-11,2.3980218913726065e-11,5.7164902096146794e-12,1.9952623149688827e-13,0.9392846066444234,0.8075042528829672,0.19249574711703277,2.8081073665417767e-11,2.3980218913726065e-11,5.7164902096146794e-12,1.9952623149688827e-13,0.9392846066444234,0.8075042528829672,0.19249574711703277,2.8081073665417767e-11,2.2478475134005936e-11,5.7164902096146794e-12,1.9952623149688827e-13,0.9889620171972233,0.7972513837152813,0.20274861628471874,21;26;29;10;1,8.6743025782927612e-13;7.644138359117312e-13;6.565074631716908e-13;6.4093254660589118e-13;6.1871405414989224e-13
2,80,5,23,E3_SITE_02_SEC_3_UE_4,5,3,True,True,1.293825200336745,RELATIVE_0P9_CURRENT_LOAD_NOMINAL,1.5133953996878715,1.4375835559297165,1.437583611155976,1.2582227468045712,1.258415522362205,1.258415522362205,1.2938252014656964,0.9726317914001646,0.9726317914001646,1.0000000008725687,INFEASIBLE,False,PROVEN_INFEASIBLE_FROZEN_GRID_BY_CONTINUOUS_RELAXATION,False,PROVEN_INFEASIBLE_LOCAL_GRID_BY_GLOBAL_CONTINUOUS_RELAXATION,False,OPTIMAL_CONTINUOUS_L1_CERTIFIED_RESERVE,True,OPTIMAL_CONTINUOUS_L1_CERTIFIED_RESERVE,True,OPTIMAL_CONTINUOUS_L1_CERTIFIED_RESERVE,True,FEASIBLE_BY_SPARSE_STREAM_SUBSET,True,SPARSE_LOCAL_STREAM_POWER_REPAIR,LOCAL_SECTOR_GRID_INFEASIBLE_STRICT_POST_MODE_BUDGET_STREAM_REPAIR_FEASIBLE,1.9085203830341084,True,2.7922290214716024e-11,4.443657847435164e-11,5.576353353357266e-12,1.9952623149688827e-13,0.5560829183425494,0.8885017704507423,0.11149822954925774,2.7922290214716024e-11,4.443657847435164e-11,5.576353353357266e-12,1.9952623149688827e-13,0.5560829183425494,0.8885017704507423,0.11149822954925774,2.7922290214716024e-11,2.24580561669287e-11,5.576353353357253e-12,1.9952623149688827e-13,0.9889620228718152,0.8010889671379683,0.19891103286203168,26;21;29;10;1,7.644138359117312e-13;7.2734947721858658e-13;6.5648134550080392e-13;6.3776918158134627e-13;6.1875249080562424e-13
2,81,5,23,E3_SITE_02_SEC_3_UE_4,5,3,True,True,1.293825200336745,RELATIVE_0P9_CURRENT_LOAD_NOMINAL,1.5133953996878715,1.4375835559297165,1.437583611155976,1.2591163793338809,1.2593103836473025,1.2593103836473025,1.2938252014442426,0.973323431418356,0.973323431418356,1.000000000855987,INFEASIBLE,False,PROVEN_INFEASIBLE_FROZEN_GRID_BY_CONTINUOUS_RELAXATION,False,PROVEN_INFEASIBLE_LOCAL_GRID_BY_GLOBAL_CONTINUOUS_RELAXATION,False,OPTIMAL_CONTINUOUS_L1_CERTIFIED_RESERVE,True,OPTIMAL_CONTINUOUS_L1_CERTIFIED_RESERVE,True,OPTIMAL_CONTINUOUS_L1_CERTIFIED_RESERVE,True,FEASIBLE_BY_SPARSE_STREAM_SUBSET,True,SPARSE_LOCAL_STREAM_POWER_REPAIR,LOCAL_SECTOR_GRID_INFEASIBLE_STRICT_POST_MODE_BUDGET_STREAM_REPAIR_FEASIBLE,1.9085493365492683,True,2.7927934561752888e-11,4.360095913527465e-11,5.5626645573892495e-12,1.9952623149688827e-13,0.565764838845577,0.8868540571345375,0.11314594286546253,2.7927934561752888e-11,4.360095913527465e-11,5.5626645573892495e-12,1.9952623149688827e-13,0.565764838845577,0.8868540571345375,0.11314594286546253,2.7927934561752888e-11,2.2477452315918062e-11,5.5626645573892495e-12,1.9952623149688827e-13,0.9889620225760473,0.8016176400931978,0.19838235990680225,26;21;29;10;1,7.644138359117312e-13;7.1167520112843512e-13;6.5651572057342814e-13;6.386274881814557e-13;6.1873678486860146e-13
2,82,5,23,E3_SITE_02_SEC_3_UE_4,5,3,True,True,1.293825200336745,RELATIVE_0P9_CURRENT_LOAD_NOMINAL,1.5133953996878715,1.4375835559297165,1.437583611155976,1.2604102544852782,1.2606057652066387,1.2606057652066387,1.2938252014142968,0.9743246343312372,0.9743246343312372,1.0000000008328418,INFEASIBLE,False,PROVEN_INFEASIBLE_FROZEN_GRID_BY_CONTINUOUS_RELAXATION,False,PROVEN_INFEASIBLE_LOCAL_GRID_BY_GLOBAL_CONTINUOUS_RELAXATION,False,OPTIMAL_CONTINUOUS_L1_CERTIFIED_RESERVE,True,OPTIMAL_CONTINUOUS_L1_CERTIFIED_RESERVE,True,OPTIMAL_CONTINUOUS_L1_CERTIFIED_RESERVE,True,FEASIBLE_BY_SPARSE_STREAM_SUBSET,True,SPARSE_LOCAL_STREAM_POWER_REPAIR,LOCAL_SECTOR_GRID_INFEASIBLE_STRICT_POST_MODE_BUDGET_STREAM_REPAIR_FEASIBLE,1.9085902296071309,True,2.793590839460489e-11,4.243413003799753e-11,5.54108948475806e-12,1.9952623149688827e-13,0.5798869917676511,0.8845010082313471,0.11549899176865282,2.793590839460489e-11,4.243413003799753e-11,5.54108948475806e-12,1.9952623149688827e-13,0.5798869917676511,0.8845010082313471,0.11549899176865282,2.793590839460489e-11,2.2507090230531048e-11,5.541089484758053e-12,1.9952623149688827e-13,0.988962022163199,0.802443882597572,0.197556117402428,26;21;29;10;1,7.644138359117312e-13;6.8902434544795725e-13;6.5655314797611761e-13;6.3985440192739773e-13;6.1872581290139761e-13
2,83,5,23,E3_SITE_02_SEC_3_UE_4,5,3,True,True,1.293825200336745,RELATIVE_0P9_CURRENT_LOAD_NOMINAL,1.5133953996878715,1.4375835559297165,1.437583611155976,1.2622635620262657,1.2624679521334055,1.2624679521334055,1.2938252013727103,0.975763922208983,0.975763922208983,1.0000000008006995,INFEASIBLE,False,PROVEN_INFEASIBLE_FROZEN_GRID_BY_CONTINUOUS_RELAXATION,False,PROVEN_INFEASIBLE_LOCAL_GRID_BY_GLOBAL_CONTINUOUS_RELAXATION,False,OPTIMAL_CONTINUOUS_L1_CERTIFIED_RESERVE,True,OPTIMAL_CONTINUOUS_L1_CERTIFIED_RESERVE,True,OPTIMAL_CONTINUOUS_L1_CERTIFIED_RESERVE,True,FEASIBLE_BY_SPARSE_STREAM_SUBSET,True,SPARSE_LOCAL_STREAM_POWER_REPAIR,LOCAL_SECTOR_GRID_INFEASIBLE_STRICT_POST_MODE_BUDGET_STREAM_REPAIR_FEASIBLE,1.908647982873815,True,2.7947173689731462e-11,4.08129052864182e-11,5.534239138372082e-12,1.9952623149688827e-13,0.6004118725504715,0.8805915832127963,0.1194084167872037,2.7947173689731462e-11,4.08129052864182e-11,5.534239138372082e-12,1.9952623149688827e-13,0.6004118725504715,0.8805915832127963,0.1194084167872037,2.7947173689731462e-11,2.252533162235237e-11,5.534239138372082e-12,1.9952623149688827e-13,0.9889620215898711,0.8027682181753661,0.1972317818246339,26;21;29;10;1,7.644138359117312e-13;6.8095143779663135e-13;6.5656259002559876e-13;6.4158983596200922e-13;6.1871873774179068e-13
2,84,5,23,E3_SITE_02_SEC_3_UE_4,5,3,True,True,1.293825200336745,RELATIVE_0P9_CURRENT_LOAD_NOMINAL,1.5133953996878715,1.4375835559297165,1.437583611155976,1.264994711189627,1.264994884656231,1.264994884656231,1.29382520131539,0.977716993243747,0.977716993243747,1.0000000007563965,INFEASIBLE,False,PROVEN_INFEASIBLE_FROZEN_GRID_BY_CONTINUOUS_RELAXATION,False,PROVEN_INFEASIBLE_LOCAL_GRID_BY_GLOBAL_CONTINUOUS_RELAXATION,False,OPTIMAL_CONTINUOUS_L1_CERTIFIED_RESERVE,True,OPTIMAL_CONTINUOUS_L1_CERTIFIED_RESERVE,True,OPTIMAL_CONTINUOUS_L1_CERTIFIED_RESERVE,True,FEASIBLE_BY_SPARSE_STREAM_SUBSET,True,SPARSE_LOCAL_STREAM_POWER_REPAIR,LOCAL_SECTOR_GRID_INFEASIBLE_STRICT_POST_MODE_BUDGET_STREAM_REPAIR_FEASIBLE,1.908729542159426,True,2.796309024647523e-11,3.85766670170882e-11,5.702108680333984e-12,1.9952623149688827e-13,0.6286905981969173,0.8712225306476586,0.12877746935234138,2.796309024647523e-11,3.85766670170882e-11,5.702108680333984e-12,1.9952623149688827e-13,0.6286905981969173,0.8712225306476586,0.12877746935234138,2.796309024647523e-11,2.237355630720669e-11,5.7021086803339646e-12,1.9952623149688827e-13,0.9889620207996268,0.7969020971412634,0.20309790285873663,21;26;29;10;1,8.4910776818703859e-13;7.644138359117312e-13;6.5656655582798878e-13;6.4231168607553569e-13;6.1871338594213803e-13
2,85,5,23,E3_SITE_02_SEC_3_UE_4,5,3,True,True,1.293825200336745,RELATIVE_0P9_CURRENT_LOAD_NOMINAL,1.5133953996878715,1.4375835559297165,1.437583611155976,1.2690971281366112,1.269097470579964,1.269097470579964,1.2938252012372546,0.9808878898398755,0.9808878898398755,1.0000000006960057,INFEASIBLE,False,PROVEN_INFEASIBLE_FROZEN_GRID_BY_CONTINUOUS_RELAXATION,False,PROVEN_INFEASIBLE_LOCAL_GRID_BY_GLOBAL_CONTINUOUS_RELAXATION,False,OPTIMAL_CONTINUOUS_L1_CERTIFIED_RESERVE,True,OPTIMAL_CONTINUOUS_L1_CERTIFIED_RESERVE,True,OPTIMAL_CONTINUOUS_L1_CERTIFIED_RESERVE,True,FEASIBLE_BY_SPARSE_STREAM_SUBSET,True,SPARSE_LOCAL_STREAM_POWER_REPAIR,LOCAL_SECTOR_GRID_INFEASIBLE_STRICT_POST_MODE_BUDGET_STREAM_REPAIR_FEASIBLE,1.9088447090824032,True,2.7985580770811494e-11,3.552524672444671e-11,5.6942086847653606e-12,1.9952623149688827e-13,0.6756704211990007,0.8618562853818594,0.1381437146181405,2.7985580770811494e-11,3.552524672444671e-11,5.6942086847653606e-12,1.9952623149688827e-13,0.6756704211990007,0.8618562853818594,0.1381437146181405,2.7985580770811494e-11,2.240419787863562e-11,5.694208684765341e-12,1.9952623149688827e-13,0.9889620197224205,0.7973476299477343,0.20265237005226563,21;26;29;10;1,8.4254960678487582e-13;7.644138359117312e-13;6.5657009041661768e-13;6.4158224093528851e-13;6.1871091460164795e-13
2,86,5,23,E3_SITE_02_SEC_3_UE_4,5,3,True,True,1.293825200336745,RELATIVE_0P9_CURRENT_LOAD_NOMINAL,1.5133953996878715,1.4375835559297165,1.437583611155976,1.2754241011931253,1.2754245069495331,1.2754245069495331,1.2938252011325222,0.9857780684883687,0.9857780684883687,1.0000000006150578,INFEASIBLE,False,PROVEN_INFEASIBLE_FROZEN_GRID_BY_CONTINUOUS_RELAXATION,False,PROVEN_INFEASIBLE_LOCAL_GRID_BY_GLOBAL_CONTINUOUS_RELAXATION,False,OPTIMAL_CONTINUOUS_L1_CERTIFIED_RESERVE,True,OPTIMAL_CONTINUOUS_L1_CERTIFIED_RESERVE,True,OPTIMAL_CONTINUOUS_L1_CERTIFIED_RESERVE,True,FEASIBLE_BY_SPARSE_STREAM_SUBSET,True,SPARSE_LOCAL_STREAM_POWER_REPAIR,LOCAL_SECTOR_GRID_INFEASIBLE_STRICT_POST_MODE_BUDGET_STREAM_REPAIR_FEASIBLE,1.909007309669759,True,2.8017365024635553e-11,3.142919284814786e-11,5.688295180102151e-12,1.9952623149688827e-13,0.7507933198947622,0.8467489185751793,0.15325108142482075,2.8017365024635553e-11,3.142919284814786e-11,5.688295180102151e-12,1.9952623149688827e-13,0.7507933198947622,0.8467489185751793,0.15325108142482075,2.8017365024635553e-11,2.244225042817172e-11,5.688295180102138e-12,1.9952623149688827e-13,0.9889620182785346,0.7977893760287011,0.20221062397129888,21;26;29;10;1,8.3727164929708214e-13;7.644138359117312e-13;6.5657994045627331e-13;6.4092971126924594e-13;6.1871008703418679e-13
2,87,5,23,E3_SITE_02_SEC_3_UE_4,5,3,True,True,1.293825200336745,RELATIVE_0P9_CURRENT_LOAD_NOMINAL,1.5133953996878715,1.4375835559297165,1.437583611155976,1.2855583512915467,1.2855588629068544,1.2855588629068544,1.2938252010540894,0.9936109318107739,0.9936109318107739,1.000000000554437,NUMERICAL_VERIFICATION_FAIL,False,UNRESOLVED_FROZEN_GRID_CONTINUOUS_SOLVER_FAILURE,False,PROVEN_INFEASIBLE_FROZEN_GRID,False,OPTIMAL_CONTINUOUS_L1_CERTIFIED_RESERVE,True,OPTIMAL_CONTINUOUS_L1_CERTIFIED_RESERVE,True,OPTIMAL_CONTINUOUS_L1_CERTIFIED_RESERVE,True,FEASIBLE_BY_SPARSE_STREAM_SUBSET,True,SPARSE_LOCAL_STREAM_POWER_REPAIR,LOCAL_SECTOR_GRID_INFEASIBLE_STRICT_POST_MODE_BUDGET_STREAM_REPAIR_FEASIBLE,1.9092368356126386,True,2.806229249044989e-11,2.6070731892511805e-11,5.6839936951890804e-12,1.9952623149688827e-13,0.8782021450300509,0.8210032179465414,0.1789967820534586,2.806229249044989e-11,2.6070731892511805e-11,5.6839936951890804e-12,1.9952623149688827e-13,0.8782021450300509,0.8210032179465414,0.1789967820534586,2.806229249044989e-11,2.249198085339465e-11,5.6839936951890675e-12,1.9952623149688827e-13,0.9889620171972231,0.7982680710692658,0.20173192893073427,21;26;29;10;1,8.3358365170504316e-13;7.644138359117312e-13;6.5658387265898741e-13;6.3983609751452956e-13;6.1870869215012824e-13
2,97,5,23,E3_SITE_02_SEC_3_UE_4,5,3,True,True,1.293825200336745,RELATIVE_0P9_CURRENT_LOAD_NOMINAL,1.5133953996878715,1.4375835559297165,1.437583611155976,1.2812520848066664,1.2812520848066664,1.2812520848066664,1.2938252010540894,0.9902822146864924,0.9902822146864924,1.000000000554437,INFEASIBLE,False,PROVEN_INFEASIBLE_FROZEN_GRID_BY_CONTINUOUS_RELAXATION,False,PROVEN_INFEASIBLE_LOCAL_GRID_BY_GLOBAL_CONTINUOUS_RELAXATION,False,OPTIMAL_CONTINUOUS_L1_CERTIFIED_RESERVE,True,OPTIMAL_CONTINUOUS_L1_CERTIFIED_RESERVE,True,OPTIMAL_CONTINUOUS_L1_CERTIFIED_RESERVE,True,FEASIBLE_BY_SPARSE_STREAM_SUBSET,True,SPARSE_LOCAL_STREAM_POWER_REPAIR,LOCAL_SECTOR_GRID_INFEASIBLE_STRICT_POST_MODE_BUDGET_STREAM_REPAIR_FEASIBLE,1.9090663601344005,True,2.8028916749263837e-11,2.8219232854483528e-11,5.6398165657168114e-12,1.9952623149688827e-13,0.8229620943607219,0.8334325191553638,0.16656748084463624,2.8028916749263837e-11,2.8219232854483528e-11,5.6398165657168114e-12,1.9952623149688827e-13,0.8229620943607219,0.8334325191553638,0.16656748084463624,2.8028916749263837e-11,2.250240972903544e-11,5.6398165657168114e-12,1.9952623149688827e-13,0.988962017197223,0.7995959343568891,0.2004040656431109,21;26;29;10;1,8.1539093729830037e-13;7.4091513743001828e-13;6.5659496797613475e-13;6.362888150577059e-13;6.1870415916269686e-13
2,98,5,23,E3_SITE_02_SEC_3_UE_4,5,3,True,True,1.293825200336745,RELATIVE_0P9_CURRENT_LOAD_NOMINAL,1.5133953996878715,1.4375835559297165,1.437583611155976,1.2730595423815654,1.2730595423815654,1.2730595423815654,1.2938252011710532,0.9839501827992105,0.9839501827992105,1.0000000006448384,INFEASIBLE,False,PROVEN_INFEASIBLE_FROZEN_GRID_BY_CONTINUOUS_RELAXATION,False,PROVEN_INFEASIBLE_LOCAL_GRID_BY_GLOBAL_CONTINUOUS_RELAXATION,False,OPTIMAL_CONTINUOUS_L1_CERTIFIED_RESERVE,True,OPTIMAL_CONTINUOUS_L1_CERTIFIED_RESERVE,True,OPTIMAL_CONTINUOUS_L1_CERTIFIED_RESERVE,True,FEASIBLE_BY_SPARSE_STREAM_SUBSET,True,SPARSE_LOCAL_STREAM_POWER_REPAIR,LOCAL_SECTOR_GRID_INFEASIBLE_STRICT_POST_MODE_BUDGET_STREAM_REPAIR_FEASIBLE,1.9088865383678797,True,2.799375390361819e-11,3.29232875263337e-11,5.632142220645769e-12,1.9952623149688827e-13,0.7223270726759514,0.8539209066632955,0.14607909333670455,2.799375390361819e-11,3.29232875263337e-11,5.632142220645769e-12,1.9952623149688827e-13,0.7223270726759514,0.8539209066632955,0.14607909333670455,2.799375390361819e-11,2.2474528723467768e-11,5.632142220645769e-12,1.9952623149688827e-13,0.988962018809738,0.799615463821932,0.2003845361780679,21;26;29;10;1,8.1495769154315036e-13;7.3414155245208274e-13;6.5659496797613475e-13;6.3609433466552634e-13;6.1870390984261818e-13
2,99,5,23,E3_SITE_02_SEC_3_UE_4,5,3,True,True,1.293825200336745,RELATIVE_0P9_CURRENT_LOAD_NOMINAL,1.5133953996878715,1.4375835559297165,1.437583611155976,1.2812520848066664,1.2812521212704697,1.2812521212704697,1.2938252010540894,0.9902822428694364,0.9902822428694364,1.000000000554437,INFEASIBLE,False,PROVEN_INFEASIBLE_FROZEN_GRID_BY_CONTINUOUS_RELAXATION,False,PROVEN_INFEASIBLE_LOCAL_GRID_BY_GLOBAL_CONTINUOUS_RELAXATION,False,OPTIMAL_CONTINUOUS_L1_CERTIFIED_RESERVE,True,OPTIMAL_CONTINUOUS_L1_CERTIFIED_RESERVE,True,OPTIMAL_CONTINUOUS_L1_CERTIFIED_RESERVE,True,FEASIBLE_BY_SPARSE_STREAM_SUBSET,True,SPARSE_LOCAL_STREAM_POWER_REPAIR,LOCAL_SECTOR_GRID_INFEASIBLE_STRICT_POST_MODE_BUDGET_STREAM_REPAIR_FEASIBLE,1.9090663601344005,True,2.8028916749263837e-11,2.8219232854483528e-11,5.639797497436511e-12,1.9952623149688827e-13,0.8229625551104854,0.8334329885168523,0.16656701148314768,2.8028916749263837e-11,2.8219232854483528e-11,5.639797497436511e-12,1.9952623149688827e-13,0.8229625551104854,0.8334329885168523,0.16656701148314768,2.8028916749263837e-11,2.2502428797315747e-11,5.639797497436498e-12,1.9952623149688827e-13,0.9889620171972232,0.7995966119251849,0.20040338807481503,21;26;29;10;1,8.1539093729830037e-13;7.4091513743001828e-13;6.5659496797613475e-13;6.362888150577059e-13;6.1870415916269686e-13
3,80,5,23,E3_SITE_02_SEC_3_UE_4,5,3,True,True,1.293825200336745,RELATIVE_0P9_CURRENT_LOAD_NOMINAL,1.5133953996878715,1.4375835559297165,1.437583611155976,1.2579944641109668,1.2581858440945313,1.2581858440945313,1.2938252014713867,0.9724542726228104,0.9724542726228104,1.0000000008769667,INFEASIBLE,False,PROVEN_INFEASIBLE_FROZEN_GRID_BY_CONTINUOUS_RELAXATION,False,PROVEN_INFEASIBLE_LOCAL_GRID_BY_GLOBAL_CONTINUOUS_RELAXATION,False,OPTIMAL_CONTINUOUS_L1_CERTIFIED_RESERVE,True,OPTIMAL_CONTINUOUS_L1_CERTIFIED_RESERVE,True,OPTIMAL_CONTINUOUS_L1_CERTIFIED_RESERVE,True,FEASIBLE_BY_SPARSE_STREAM_SUBSET,True,SPARSE_LOCAL_STREAM_POWER_REPAIR,LOCAL_SECTOR_GRID_INFEASIBLE_STRICT_POST_MODE_BUDGET_STREAM_REPAIR_FEASIBLE,1.9085127501191446,True,2.7920802403714678e-11,4.4658177172367617e-11,5.5765803777959895e-12,1.9952623149688827e-13,0.55360759210122,0.8889896030208306,0.11101039697916941,2.7920802403714678e-11,4.4658177172367617e-11,5.5765803777959895e-12,1.9952623149688827e-13,0.55360759210122,0.8889896030208306,0.11101039697916941,2.7920802403714678e-11,2.2456324723531744e-11,5.576580377795996e-12,1.9952623149688827e-13,0.9889620229502646,0.8010701938440241,0.1989298061559759,26;21;29;10;1,7.644138359117312e-13;7.2734947721858658e-13;6.5649365332407896e-13;6.3803138347797377e-13;6.1874634673669168e-13
3,81,5,23,E3_SITE_02_SEC_3_UE_4,5,3,True,True,1.293825200336745,RELATIVE_0P9_CURRENT_LOAD_NOMINAL,1.5133953996878715,1.4375835559297165,1.437583611155976,1.2588047312627875,1.2589934385378834,1.2589934385378834,1.2938252014522065,0.9730784639302157,0.9730784639302157,1.0000000008621424,INFEASIBLE,False,PROVEN_INFEASIBLE_FROZEN_GRID_BY_CONTINUOUS_RELAXATION,False,PROVEN_INFEASIBLE_LOCAL_GRID_BY_GLOBAL_CONTINUOUS_RELAXATION,False,OPTIMAL_CONTINUOUS_L1_CERTIFIED_RESERVE,True,OPTIMAL_CONTINUOUS_L1_CERTIFIED_RESERVE,True,OPTIMAL_CONTINUOUS_L1_CERTIFIED_RESERVE,True,FEASIBLE_BY_SPARSE_STREAM_SUBSET,True,SPARSE_LOCAL_STREAM_POWER_REPAIR,LOCAL_SECTOR_GRID_INFEASIBLE_STRICT_POST_MODE_BUDGET_STREAM_REPAIR_FEASIBLE,1.9085385557767172,True,2.7925832770181915e-11,4.3911182814617094e-11,5.550331207754773e-12,1.9952623149688827e-13,0.5623287918944953,0.8877848501514872,0.11221514984851275,2.7925832770181915e-11,4.3911182814617094e-11,5.550331207754773e-12,1.9952623149688827e-13,0.5623287918944953,0.8877848501514872,0.11221514984851275,2.7925832770181915e-11,2.248766041238481e-11,5.550331207754747e-12,1.9952623149688827e-13,0.9889620226858408,0.8020424828229148,0.19795751717708518,26;21;29;10;1,7.644138359117312e-13;6.9909059904636521e-13;6.5652443381292305e-13;6.3899470118642971e-13;6.1873243580050293e-13
3,82,5,23,E3_SITE_02_SEC_3_UE_4,5,3,True,True,1.293825200336745,RELATIVE_0P9_CURRENT_LOAD_NOMINAL,1.5133953996878715,1.4375835559297165,1.437583611155976,1.2599345305463792,1.2601272781715156,1.2601272781715156,1.2938252014253984,0.973954810776248,0.973954810776248,1.0000000008414223,INFEASIBLE,False,PROVEN_INFEASIBLE_FROZEN_GRID_BY_CONTINUOUS_RELAXATION,False,PROVEN_INFEASIBLE_LOCAL_GRID_BY_GLOBAL_CONTINUOUS_RELAXATION,False,OPTIMAL_CONTINUOUS_L1_CERTIFIED_RESERVE,True,OPTIMAL_CONTINUOUS_L1_CERTIFIED_RESERVE,True,OPTIMAL_CONTINUOUS_L1_CERTIFIED_RESERVE,True,FEASIBLE_BY_SPARSE_STREAM_SUBSET,True,SPARSE_LOCAL_STREAM_POWER_REPAIR,LOCAL_SECTOR_GRID_INFEASIBLE_STRICT_POST_MODE_BUDGET_STREAM_REPAIR_FEASIBLE,1.9085750033687496,True,2.793293913071555e-11,4.2866760260824025e-11,5.541836369068293e-12,1.9952623149688827e-13,0.5746557876832448,0.8855195821635076,0.11448041783649246,2.793293913071555e-11,4.2866760260824025e-11,5.541836369068293e-12,1.9952623149688827e-13,0.5746557876832448,0.8855195821635076,0.11448041783649246,2.793293913071555e-11,2.250334093748749e-11,5.54183636906828e-12,1.9952623149688827e-13,0.988962022316252,0.8023961015296261,0.1976038984703739,26;21;29;10;1,7.644138359117312e-13;6.8933164336728527e-13;6.5655314797611761e-13;6.4036741129656171e-13;6.1872336481169197e-13
3,83,5,23,E3_SITE_02_SEC_3_UE_4,5,3,True,True,1.293825200336745,RELATIVE_0P9_CURRENT_LOAD_NOMINAL,1.5133953996878715,1.4375835559297165,1.437583611155976,1.2615778222832237,1.2615779789121848,1.2615779789121848,1.2938252013880978,0.975076060184817,0.975076060184817,1.0000000008125927,INFEASIBLE,False,PROVEN_INFEASIBLE_FROZEN_GRID_BY_CONTINUOUS_RELAXATION,False,PROVEN_INFEASIBLE_LOCAL_GRID_BY_GLOBAL_CONTINUOUS_RELAXATION,False,OPTIMAL_CONTINUOUS_L1_CERTIFIED_RESERVE,True,OPTIMAL_CONTINUOUS_L1_CERTIFIED_RESERVE,True,OPTIMAL_CONTINUOUS_L1_CERTIFIED_RESERVE,True,FEASIBLE_BY_SPARSE_STREAM_SUBSET,True,SPARSE_LOCAL_STREAM_POWER_REPAIR,LOCAL_SECTOR_GRID_INFEASIBLE_STRICT_POST_MODE_BUDGET_STREAM_REPAIR_FEASIBLE,1.9086264792448873,True,2.7942978686155022e-11,4.1412893376288686e-11,5.702881761390149e-12,1.9952623149688827e-13,0.5905696017474572,0.8789602475025501,0.12103975249744989,2.7942978686155022e-11,4.1412893376288686e-11,5.702881761390149e-12,1.9952623149688827e-13,0.5905696017474572,0.8789602475025501,0.12103975249744989,2.7942978686155022e-11,2.2352447168527063e-11,5.702881761390143e-12,1.9952623149688827e-13,0.9889620218020094,0.796727324935806,0.20327267506419402,21;26;29;10;1,8.4910776818703859e-13;7.644138359117312e-13;6.5656259002559876e-13;6.4231168607553569e-13;6.187170592745709e-13
3,84,5,23,E3_SITE_02_SEC_3_UE_4,5,3,True,True,1.293825200336745,RELATIVE_0P9_CURRENT_LOAD_NOMINAL,1.5133953996878715,1.4375835559297165,1.437583611155976,1.263973503927593,1.2639736723359707,1.2639736723359707,1.2938252013365392,0.9769276962660761,0.9769276962660761,1.000000000772743,INFEASIBLE,False,PROVEN_INFEASIBLE_FROZEN_GRID_BY_CONTINUOUS_RELAXATION,False,PROVEN_INFEASIBLE_LOCAL_GRID_BY_GLOBAL_CONTINUOUS_RELAXATION,False,OPTIMAL_CONTINUOUS_L1_CERTIFIED_RESERVE,True,OPTIMAL_CONTINUOUS_L1_CERTIFIED_RESERVE,True,OPTIMAL_CONTINUOUS_L1_CERTIFIED_RESERVE,True,FEASIBLE_BY_SPARSE_STREAM_SUBSET,True,SPARSE_LOCAL_STREAM_POWER_REPAIR,LOCAL_SECTOR_GRID_INFEASIBLE_STRICT_POST_MODE_BUDGET_STREAM_REPAIR_FEASIBLE,1.9086991754626166,True,2.7957163036540616e-11,3.9401988709942125e-11,5.695057880664444e-12,1.9952623149688827e-13,0.6172026114721488,0.8737155022065084,0.1262844977934916,2.7957163036540616e-11,3.9401988709942125e-11,5.695057880664444e-12,1.9952623149688827e-13,0.6172026114721488,0.8737155022065084,0.1262844977934916,2.7957163036540616e-11,2.2374613733973588e-11,5.695057880664437e-12,1.9952623149688827e-13,0.9889620210912012,0.7971099213823888,0.20289007861761116,21;26;29;10;1,8.4254960678487582e-13;7.644138359117312e-13;6.5656655582798878e-13;6.4157905199279385e-13;6.1871228957786175e-13
3,85,5,23,E3_SITE_02_SEC_3_UE_4,5,3,True,True,1.293825200336745,RELATIVE_0P9_CURRENT_LOAD_NOMINAL,1.5133953996878715,1.4375835559297165,1.437583611155976,1.2675457147212872,1.2675459011700347,1.2675459011700347,1.293825201265962,0.9796886788417242,0.9796886788417242,1.0000000007181935,INFEASIBLE,False,PROVEN_INFEASIBLE_FROZEN_GRID_BY_CONTINUOUS_RELAXATION,False,PROVEN_INFEASIBLE_LOCAL_GRID_BY_GLOBAL_CONTINUOUS_RELAXATION,False,OPTIMAL_CONTINUOUS_L1_CERTIFIED_RESERVE,True,OPTIMAL_CONTINUOUS_L1_CERTIFIED_RESERVE,True,OPTIMAL_CONTINUOUS_L1_CERTIFIED_RESERVE,True,FEASIBLE_BY_SPARSE_STREAM_SUBSET,True,SPARSE_LOCAL_STREAM_POWER_REPAIR,LOCAL_SECTOR_GRID_INFEASIBLE_STRICT_POST_MODE_BUDGET_STREAM_REPAIR_FEASIBLE,1.9088018309080663,True,2.7977205152104913e-11,3.664678168201925e-11,5.68867858865363e-12,1.9952623149688827e-13,0.6577457160043476,0.8656285167969614,0.13437148320303863,2.7977205152104913e-11,3.664678168201925e-11,5.68867858865363e-12,1.9952623149688827e-13,0.6577457160043476,0.8656285167969614,0.13437148320303863,2.7977205152104913e-11,2.2401258862955716e-11,5.688678588653604e-12,1.9952623149688827e-13,0.988962020118191,0.7974834013620172,0.20251659863798271,21;26;29;10;1,8.3784503276495652e-13;7.644138359117312e-13;6.5657760765934506e-13;6.4035132140151094e-13;6.1871008703418679e-13
3,86,5,23,E3_SITE_02_SEC_3_UE_4,5,3,True,True,1.293825200336745,RELATIVE_0P9_CURRENT_LOAD_NOMINAL,1.5133953996878715,1.4375835559297165,1.437583611155976,1.2730014859053496,1.2730016984439443,1.2730016984439443,1.2938252011707503,0.983905475107935,0.983905475107935,1.0000000006446044,INFEASIBLE,False,PROVEN_INFEASIBLE_FROZEN_GRID_BY_CONTINUOUS_RELAXATION,False,PROVEN_INFEASIBLE_LOCAL_GRID_BY_GLOBAL_CONTINUOUS_RELAXATION,False,OPTIMAL_CONTINUOUS_L1_CERTIFIED_RESERVE,True,OPTIMAL_CONTINUOUS_L1_CERTIFIED_RESERVE,True,OPTIMAL_CONTINUOUS_L1_CERTIFIED_RESERVE,True,FEASIBLE_BY_SPARSE_STREAM_SUBSET,True,SPARSE_LOCAL_STREAM_POWER_REPAIR,LOCAL_SECTOR_GRID_INFEASIBLE_STRICT_POST_MODE_BUDGET_STREAM_REPAIR_FEASIBLE,1.908946774385249,True,2.8005527739693033e-11,3.292508694714902e-11,5.683736624764061e-12,1.9952623149688827e-13,0.721636655038403,0.8527865886880109,0.14721341131198912,2.8005527739693033e-11,3.292508694714902e-11,5.683736624764061e-12,1.9952623149688827e-13,0.721636655038403,0.8527865886880109,0.14721341131198912,2.8005527739693033e-11,2.2434839565424848e-11,5.683736624764054e-12,1.9952623149688827e-13,0.9889620188055613,0.7978654187068257,0.2021345812931743,21;26;29;10;1,8.3358365170504316e-13;7.644138359117312e-13;6.5657604838111642e-13;6.3983409862277766e-13;6.1870869215012824e-13
3,87,5,23,E3_SITE_02_SEC_3_UE_4,5,3,True,True,1.293825200336745,RELATIVE_0P9_CURRENT_LOAD_NOMINAL,1.5133953996878715,1.4375835559297165,1.437583611155976,1.281625579156782,1.2816260439217402,1.2816260439217402,1.2938252010540894,0.9905712484098859,0.9905712484098859,1.000000000554437,INFEASIBLE,False,PROVEN_INFEASIBLE_FROZEN_GRID_BY_CONTINUOUS_RELAXATION,False,PROVEN_INFEASIBLE_LOCAL_GRID_BY_GLOBAL_CONTINUOUS_RELAXATION,False,OPTIMAL_CONTINUOUS_L1_CERTIFIED_RESERVE,True,OPTIMAL_CONTINUOUS_L1_CERTIFIED_RESERVE,True,OPTIMAL_CONTINUOUS_L1_CERTIFIED_RESERVE,True,FEASIBLE_BY_SPARSE_STREAM_SUBSET,True,SPARSE_LOCAL_STREAM_POWER_REPAIR,LOCAL_SECTOR_GRID_INFEASIBLE_STRICT_POST_MODE_BUDGET_STREAM_REPAIR_FEASIBLE,1.909151390514493,True,2.8045559093286258e-11,2.8007524611813003e-11,5.676940131368377e-12,1.9952623149688827e-13,0.8276935002799669,0.8314671117783596,0.16853288822164048,2.8045559093286258e-11,2.8007524611813003e-11,5.676940131368377e-12,1.9952623149688827e-13,0.8276935002799669,0.8314671117783596,0.16853288822164048,2.8045559093286258e-11,2.248211425559875e-11,5.676940131368396e-12,1.9952623149688827e-13,0.9889620171972229,0.7983973448342834,0.20160265516571657,21;26;29;10;1,8.2680908034908022e-13;7.644138359117312e-13;6.5658387265898741e-13;6.3937533703449824e-13;6.1870810631410429e-13
3,93,5,23,E3_SITE_02_SEC_3_UE_4,5,3,True,True,1.293825200336745,RELATIVE_0P9_CURRENT_LOAD_NOMINAL,1.5133953996878715,1.4375835559297165,1.437583611155976,1.2805307920047535,1.2805307920047535,1.2805307920047535,1.2938252010603528,0.9897247260846895,0.9897247260846895,1.000000000559278,INFEASIBLE,False,PROVEN_INFEASIBLE_FROZEN_GRID_BY_CONTINUOUS_RELAXATION,False,PROVEN_INFEASIBLE_LOCAL_GRID_BY_GLOBAL_CONTINUOUS_RELAXATION,False,OPTIMAL_CONTINUOUS_L1_CERTIFIED_RESERVE,True,OPTIMAL_CONTINUOUS_L1_CERTIFIED_RESERVE,True,OPTIMAL_CONTINUOUS_L1_CERTIFIED_RESERVE,True,FEASIBLE_BY_SPARSE_STREAM_SUBSET,True,SPARSE_LOCAL_STREAM_POWER_REPAIR,LOCAL_SECTOR_GRID_INFEASIBLE_STRICT_POST_MODE_BUDGET_STREAM_REPAIR_FEASIBLE,1.909094909092105,True,2.8034503324005506e-11,2.8596388164710274e-11,5.649978056247979e-12,1.9952623149688827e-13,0.8138707209488295,0.8350196333300239,0.1649803666699762,2.8034503324005506e-11,2.8596388164710274e-11,5.649978056247979e-12,1.9952623149688827e-13,0.8138707209488295,0.8350196333300239,0.1649803666699762,2.8034503324005506e-11,2.2497897163535427e-11,5.64997805624796e-12,1.9952623149688827e-13,0.9889620172835759,0.7992751491140282,0.20072485088597175,21;26;29;10;1,8.1564024628061215e-13;7.5057738529145838e-13;6.5659566008871052e-13;6.3656358692366475e-13;6.1870451133984219e-13
3,94,5,23,E3_SITE_02_SEC_3_UE_4,5,3,True,True,1.293825200336745,RELATIVE_0P9_CURRENT_LOAD_NOMINAL,1.5133953996878715,1.4375835559297165,1.437583611155976,1.272383766393765,1.272383766393765,1.272383766393765,1.2938252011819629,0.9834278742310789,0.9834278742310789,1.0000000006532705,INFEASIBLE,False,PROVEN_INFEASIBLE_FROZEN_GRID_BY_CONTINUOUS_RELAXATION,False,PROVEN_INFEASIBLE_LOCAL_GRID_BY_GLOBAL_CONTINUOUS_RELAXATION,False,OPTIMAL_CONTINUOUS_L1_CERTIFIED_RESERVE,True,OPTIMAL_CONTINUOUS_L1_CERTIFIED_RESERVE,True,OPTIMAL_CONTINUOUS_L1_CERTIFIED_RESERVE,True,FEASIBLE_BY_SPARSE_STREAM_SUBSET,True,SPARSE_LOCAL_STREAM_POWER_REPAIR,LOCAL_SECTOR_GRID_INFEASIBLE_STRICT_POST_MODE_BUDGET_STREAM_REPAIR_FEASIBLE,1.908906761944685,True,2.799770629074653e-11,3.335846068892746e-11,5.639206146278451e-12,1.9952623149688827e-13,0.7142783475108069,0.8553963197309141,0.14460368026908593,2.799770629074653e-11,3.335846068892746e-11,5.639206146278451e-12,1.9952623149688827e-13,0.7142783475108069,0.8553963197309141,0.14460368026908593,2.799770629074653e-11,2.2471461293954364e-11,5.639206146278451e-12,1.9952623149688827e-13,0.988962018960145,0.7993926626513516,0.2006073373486484,21;26;29;10;1,8.1508856199195792e-13;7.4091513743001828e-13;6.5659496797613475e-13;6.362888150577059e-13;6.1870415916269686e-13
3,95,5,23,E3_SITE_02_SEC_3_UE_4,5,3,True,True,1.293825200336745,RELATIVE_0P9_CURRENT_LOAD_NOMINAL,1.5133953996878715,1.4375835559297165,1.437583611155976,1.2805307920047535,1.2805307920047535,1.2805307920047535,1.2938252010603528,0.9897247260846895,0.9897247260846895,1.000000000559278,INFEASIBLE,False,PROVEN_INFEASIBLE_FROZEN_GRID_BY_CONTINUOUS_RELAXATION,False,PROVEN_INFEASIBLE_LOCAL_GRID_BY_GLOBAL_CONTINUOUS_RELAXATION,False,OPTIMAL_CONTINUOUS_L1_CERTIFIED_RESERVE,True,OPTIMAL_CONTINUOUS_L1_CERTIFIED_RESERVE,True,OPTIMAL_CONTINUOUS_L1_CERTIFIED_RESERVE,True,FEASIBLE_BY_SPARSE_STREAM_SUBSET,True,SPARSE_LOCAL_STREAM_POWER_REPAIR,LOCAL_SECTOR_GRID_INFEASIBLE_STRICT_POST_MODE_BUDGET_STREAM_REPAIR_FEASIBLE,1.909094909092105,True,2.8034503324005506e-11,2.8596388164710274e-11,5.649978056247979e-12,1.9952623149688827e-13,0.8138707209488295,0.8350196333300239,0.1649803666699762,2.8034503324005506e-11,2.8596388164710274e-11,5.649978056247979e-12,1.9952623149688827e-13,0.8138707209488295,0.8350196333300239,0.1649803666699762,2.8034503324005506e-11,2.2497897163535427e-11,5.64997805624796e-12,1.9952623149688827e-13,0.9889620172835759,0.7992751491140282,0.20072485088597175,21;26;29;10;1,8.1564024628061215e-13;7.5057738529145838e-13;6.5659566008871052e-13;6.3656358692366475e-13;6.1870451133984219e-13
3,96,5,23,E3_SITE_02_SEC_3_UE_4,5,3,True,True,1.293825200336745,RELATIVE_0P9_CURRENT_LOAD_NOMINAL,1.5133953996878715,1.4375835559297165,1.437583611155976,1.272383766393765,1.272383766393765,1.272383766393765,1.2938252011819629,0.9834278742310789,0.9834278742310789,1.0000000006532705,INFEASIBLE,False,PROVEN_INFEASIBLE_FROZEN_GRID_BY_CONTINUOUS_RELAXATION,False,PROVEN_INFEASIBLE_LOCAL_GRID_BY_GLOBAL_CONTINUOUS_RELAXATION,False,OPTIMAL_CONTINUOUS_L1_CERTIFIED_RESERVE,True,OPTIMAL_CONTINUOUS_L1_CERTIFIED_RESERVE,True,OPTIMAL_CONTINUOUS_L1_CERTIFIED_RESERVE,True,FEASIBLE_BY_SPARSE_STREAM_SUBSET,True,SPARSE_LOCAL_STREAM_POWER_REPAIR,LOCAL_SECTOR_GRID_INFEASIBLE_STRICT_POST_MODE_BUDGET_STREAM_REPAIR_FEASIBLE,1.908906761944685,True,2.799770629074653e-11,3.335846068892746e-11,5.639206146278451e-12,1.9952623149688827e-13,0.7142783475108069,0.8553963197309141,0.14460368026908593,2.799770629074653e-11,3.335846068892746e-11,5.639206146278451e-12,1.9952623149688827e-13,0.7142783475108069,0.8553963197309141,0.14460368026908593,2.799770629074653e-11,2.2471461293954364e-11,5.639206146278451e-12,1.9952623149688827e-13,0.988962018960145,0.7993926626513516,0.2006073373486484,21;26;29;10;1,8.1508856199195792e-13;7.4091513743001828e-13;6.5659496797613475e-13;6.362888150577059e-13;6.1870415916269686e-13
3,97,5,23,E3_SITE_02_SEC_3_UE_4,5,3,True,True,1.293825200336745,RELATIVE_0P9_CURRENT_LOAD_NOMINAL,1.5133953996878715,1.4375835559297165,1.437583611155976,1.2805307920047535,1.2777782860509506,1.2777782860509506,1.2938252010603528,0.9875973089087939,0.9875973089087939,1.000000000559278,INFEASIBLE,False,PROVEN_INFEASIBLE_FROZEN_GRID_BY_CONTINUOUS_RELAXATION,False,PROVEN_INFEASIBLE_LOCAL_GRID_BY_GLOBAL_CONTINUOUS_RELAXATION,False,OPTIMAL_CONTINUOUS_L1_CERTIFIED_RESERVE,True,OPTIMAL_CONTINUOUS_L1_CERTIFIED_RESERVE,True,OPTIMAL_CONTINUOUS_L1_CERTIFIED_RESERVE,True,FEASIBLE_BY_SPARSE_STREAM_SUBSET,True,SPARSE_LOCAL_STREAM_POWER_REPAIR,LOCAL_SECTOR_GRID_INFEASIBLE_STRICT_POST_MODE_BUDGET_STREAM_REPAIR_FEASIBLE,1.909094909092105,True,2.2268597536729297e-11,2.271491853036465e-11,5.64997805624796e-12,1.9952623149688827e-13,0.7795920708263454,0.800810905867551,0.19918909413244898,2.2268597536729297e-11,2.271491853036465e-11,5.64997805624796e-12,1.9952623149688827e-13,0.7795920708263454,0.800810905867551,0.19918909413244898,2.8034503324005506e-11,2.2497897163535427e-11,5.64997805624796e-12,1.9952623149688827e-13,0.9889620172835759,0.7992751491140282,0.20072485088597175,21;26;29;10;1,8.1564024628061215e-13;7.5057738529145838e-13;6.5659566008871052e-13;6.3656358692366475e-13;6.1870451133984219e-13
3,98,5,23,E3_SITE_02_SEC_3_UE_4,5,3,True,True,1.293825200336745,RELATIVE_0P9_CURRENT_LOAD_NOMINAL,1.5133953996878715,1.4375835559297165,1.437583611155976,1.272383766393765,1.272383766393765,1.272383766393765,1.2938252011819629,0.9834278742310789,0.9834278742310789,1.0000000006532705,INFEASIBLE,False,PROVEN_INFEASIBLE_FROZEN_GRID_BY_CONTINUOUS_RELAXATION,False,PROVEN_INFEASIBLE_LOCAL_GRID_BY_GLOBAL_CONTINUOUS_RELAXATION,False,OPTIMAL_CONTINUOUS_L1_CERTIFIED_RESERVE,True,OPTIMAL_CONTINUOUS_L1_CERTIFIED_RESERVE,True,OPTIMAL_CONTINUOUS_L1_CERTIFIED_RESERVE,True,FEASIBLE_BY_SPARSE_STREAM_SUBSET,True,SPARSE_LOCAL_STREAM_POWER_REPAIR,LOCAL_SECTOR_GRID_INFEASIBLE_STRICT_POST_MODE_BUDGET_STREAM_REPAIR_FEASIBLE,1.908906761944685,True,2.799770629074653e-11,3.335846068892746e-11,5.639206146278451e-12,1.9952623149688827e-13,0.7142783475108069,0.8553963197309141,0.14460368026908593,2.799770629074653e-11,3.335846068892746e-11,5.639206146278451e-12,1.9952623149688827e-13,0.7142783475108069,0.8553963197309141,0.14460368026908593,2.799770629074653e-11,2.2471461293954364e-11,5.639206146278451e-12,1.9952623149688827e-13,0.988962018960145,0.7993926626513516,0.2006073373486484,21;26;29;10;1,8.1508856199195792e-13;7.4091513743001828e-13;6.5659496797613475e-13;6.362888150577059e-13;6.1870415916269686e-13
3,99,5,23,E3_SITE_02_SEC_3_UE_4,5,3,True,True,1.293825200336745,RELATIVE_0P9_CURRENT_LOAD_NOMINAL,1.5133953996878715,1.4375835559297165,1.437583611155976,1.2805306485892434,1.2708543645542036,1.2708543645542036,1.2938252013531473,0.9822457965909439,0.9822457965909439,1.0000000007855794,INFEASIBLE,False,PROVEN_INFEASIBLE_FROZEN_GRID_BY_CONTINUOUS_RELAXATION,False,PROVEN_INFEASIBLE_LOCAL_GRID_BY_GLOBAL_CONTINUOUS_RELAXATION,False,OPTIMAL_CONTINUOUS_L1_CERTIFIED_RESERVE,True,OPTIMAL_CONTINUOUS_L1_CERTIFIED_RESERVE,True,OPTIMAL_CONTINUOUS_L1_CERTIFIED_RESERVE,True,FEASIBLE_BY_SPARSE_STREAM_SUBSET,True,SPARSE_LOCAL_STREAM_POWER_REPAIR,LOCAL_SECTOR_GRID_INFEASIBLE_STRICT_POST_MODE_BUDGET_STREAM_REPAIR_FEASIBLE,1.909094909092105,True,1.4050535167072888e-11,1.4332144676002813e-11,5.6500437444084745e-12,1.9952623149688827e-13,0.696201259873844,0.7172459980090519,0.2827540019909482,1.4050535167072888e-11,1.4332144676002813e-11,5.6500437444084745e-12,1.9952623149688827e-13,0.696201259873844,0.7172459980090519,0.2827540019909482,1.995861994942398e-11,1.4331811633452279e-11,5.6500437444084745e-12,1.9952623149688827e-13,0.9889620213201672,0.7172412852778156,0.2827587147221844,21;26;29;10;1,8.1564024628061215e-13;7.5057738529145838e-13;6.5659566008871052e-13;6.3656358692366475e-13;6.1870451133984219e-13
3,118,4,73,E3_SITE_07_SEC_1_UE_2,18,1,True,True,0.1,ABSOLUTE_0P1,0.1067594431550312,0.08148902945809228,0.08148902896089232,0.08103251646070007,0.08106969833857361,0.08106969833857361,0.10329062274771347,0.810696983385736,0.810696983385736,1.0329062274771346,OPTIMAL_CONTINUOUS_L1,True,FEASIBLE_BY_SPARSE_LOCAL_GRID_SUBSET,True,FEASIBLE_SPARSE_LOCAL_FROZEN_GRID,True,NOT_NEEDED_LOCAL_GRID_FEASIBLE,True,NOT_NEEDED_LOCAL_GRID_FEASIBLE,True,NOT_NEEDED_LOCAL_GRID_FEASIBLE,True,FEASIBLE_BY_GLOBAL_FROZEN_GRID_SUBSET,True,SPARSE_LOCAL_FROZEN_GRID_SECTOR_REPAIR,SPARSE_LOCAL_FROZEN_GRID_FEASIBLE_REVIEWED_FALLBACK_SELECTION_DEFECT,0.3778773575590488,True,1.4028465336864702e-12,9.429264910876567e-13,5.215393824342552e-11,1.9952623149688827e-13,0.026321604676405572,0.017758609586504468,0.9822413904134956,1.4028465336864702e-12,9.429264910876567e-13,5.215393824342552e-11,1.9952623149688827e-13,0.026321604676405572,0.017758609586504468,0.9822413904134956,1.4028465336864702e-12,9.429264910876567e-13,5.970537202104717e-12,1.9952623149688827e-13,0.1972231858247367,0.13638988109768305,0.8636101189023169,55;19;47;0;24,3.2908827626342628e-11;1.7727526824428602e-11;7.7275247702580897e-13;2.391838855421972e-13;1.9105124806569018e-13
4,80,5,23,E3_SITE_02_SEC_3_UE_4,5,3,True,True,1.293825200336745,RELATIVE_0P9_CURRENT_LOAD_NOMINAL,1.5133953996878715,1.4375835559297165,1.437583611155976,1.258014259584896,1.2582016165702583,1.2582016165702583,1.2938252014713867,0.9724664631998087,0.9724664631998087,1.0000000008769667,INFEASIBLE,False,PROVEN_INFEASIBLE_FROZEN_GRID_BY_CONTINUOUS_RELAXATION,False,PROVEN_INFEASIBLE_LOCAL_GRID_BY_GLOBAL_CONTINUOUS_RELAXATION,False,OPTIMAL_CONTINUOUS_L1_CERTIFIED_RESERVE,True,OPTIMAL_CONTINUOUS_L1_CERTIFIED_RESERVE,True,OPTIMAL_CONTINUOUS_L1_CERTIFIED_RESERVE,True,FEASIBLE_BY_SPARSE_STREAM_SUBSET,True,SPARSE_LOCAL_STREAM_POWER_REPAIR,LOCAL_SECTOR_GRID_INFEASIBLE_STRICT_POST_MODE_BUDGET_STREAM_REPAIR_FEASIBLE,1.9085127501191446,True,2.7920802403714678e-11,4.4658177172367617e-11,5.561110709805466e-12,1.9952623149688827e-13,0.5537774518211954,0.8892634494767585,0.11073655052324144,2.7920802403714678e-11,4.4658177172367617e-11,5.561110709805466e-12,1.9952623149688827e-13,0.5537774518211954,0.8892634494767585,0.11073655052324144,2.7920802403714678e-11,2.247179439152226e-11,5.561110709805473e-12,1.9952623149688827e-13,0.9889620229502648,0.8016220334744372,0.19837796652556283,26;21;29;10;1,7.644138359117312e-13;7.1165449865429132e-13;6.5643706313088728e-13;6.3802577549215029e-13;6.1874714041807906e-13
4,81,5,23,E3_SITE_02_SEC_3_UE_4,5,3,True,True,1.293825200336745,RELATIVE_0P9_CURRENT_LOAD_NOMINAL,1.5133953996878715,1.4375835559297165,1.437583611155976,1.2588286971367944,1.2588288312318563,1.2588288312318563,1.2938252014522065,0.9729512386249857,0.9729512386249857,1.0000000008621424,INFEASIBLE,False,PROVEN_INFEASIBLE_FROZEN_GRID_BY_CONTINUOUS_RELAXATION,False,PROVEN_INFEASIBLE_LOCAL_GRID_BY_GLOBAL_CONTINUOUS_RELAXATION,False,OPTIMAL_CONTINUOUS_L1_CERTIFIED_RESERVE,True,OPTIMAL_CONTINUOUS_L1_CERTIFIED_RESERVE,True,OPTIMAL_CONTINUOUS_L1_CERTIFIED_RESERVE,True,FEASIBLE_BY_SPARSE_STREAM_SUBSET,True,SPARSE_LOCAL_STREAM_POWER_REPAIR,LOCAL_SECTOR_GRID_INFEASIBLE_STRICT_POST_MODE_BUDGET_STREAM_REPAIR_FEASIBLE,1.9085385557767172,True,2.7925832770181915e-11,4.3911182814617094e-11,5.708166044745741e-12,1.9952623149688827e-13,0.5605472367501424,0.884960883688246,0.11503911631175404,2.7925832770181915e-11,4.3911182814617094e-11,5.708166044745741e-12,1.9952623149688827e-13,0.5605472367501424,0.884960883688246,0.11503911631175404,2.7925832770181915e-11,2.2329825575393805e-11,5.708166044745754e-12,1.9952623149688827e-13,0.9889620226858408,0.796413162466116,0.203586837533884,21;26;29;10;1,8.5726706923995443e-13;7.644138359117312e-13;6.5648436868287472e-13;6.3898625373472899e-13;6.1873377370925229e-13
4,82,5,23,E3_SITE_02_SEC_3_UE_4,5,3,True,True,1.293825200336745,RELATIVE_0P9_CURRENT_LOAD_NOMINAL,1.5133953996878715,1.4375835559297165,1.437583611155976,1.2599455063206448,1.2601360763293556,1.2601360763293556,1.2938252014253984,0.973961610889461,0.973961610889461,1.0000000008414223,INFEASIBLE,False,PROVEN_INFEASIBLE_FROZEN_GRID_BY_CONTINUOUS_RELAXATION,False,PROVEN_INFEASIBLE_LOCAL_GRID_BY_GLOBAL_CONTINUOUS_RELAXATION,False,OPTIMAL_CONTINUOUS_L1_CERTIFIED_RESERVE,True,OPTIMAL_CONTINUOUS_L1_CERTIFIED_RESERVE,True,OPTIMAL_CONTINUOUS_L1_CERTIFIED_RESERVE,True,FEASIBLE_BY_SPARSE_STREAM_SUBSET,True,SPARSE_LOCAL_STREAM_POWER_REPAIR,LOCAL_SECTOR_GRID_INFEASIBLE_STRICT_POST_MODE_BUDGET_STREAM_REPAIR_FEASIBLE,1.9085750033687496,True,2.793293913071555e-11,4.2866760260824025e-11,5.533714713240662e-12,1.9952623149688827e-13,0.5747518197081655,0.8856681733762759,0.11433182662372413,2.793293913071555e-11,4.2866760260824025e-11,5.533714713240662e-12,1.9952623149688827e-13,0.5747518197081655,0.8856681733762759,0.11433182662372413,2.793293913071555e-11,2.2511462593315107e-11,5.5337147132406685e-12,1.9952623149688827e-13,0.9889620223162517,0.8026856934169883,0.1973143065830117,26;21;29;10;1,7.644138359117312e-13;6.8133419154330748e-13;6.5653254842001161e-13;6.403598482146688e-13;6.1872392676725962e-13
4,83,5,23,E3_SITE_02_SEC_3_UE_4,5,3,True,True,1.293825200336745,RELATIVE_0P9_CURRENT_LOAD_NOMINAL,1.5133953996878715,1.4375835559297165,1.437583611155976,1.2615860994988672,1.26158625616725,1.26158625616725,1.2938252013880978,0.9750824576912676,0.9750824576912676,1.0000000008125927,INFEASIBLE,False,PROVEN_INFEASIBLE_FROZEN_GRID_BY_CONTINUOUS_RELAXATION,False,PROVEN_INFEASIBLE_LOCAL_GRID_BY_GLOBAL_CONTINUOUS_RELAXATION,False,OPTIMAL_CONTINUOUS_L1_CERTIFIED_RESERVE,True,OPTIMAL_CONTINUOUS_L1_CERTIFIED_RESERVE,True,OPTIMAL_CONTINUOUS_L1_CERTIFIED_RESERVE,True,FEASIBLE_BY_SPARSE_STREAM_SUBSET,True,SPARSE_LOCAL_STREAM_POWER_REPAIR,LOCAL_SECTOR_GRID_INFEASIBLE_STRICT_POST_MODE_BUDGET_STREAM_REPAIR_FEASIBLE,1.9086264792448873,True,2.7942978686155022e-11,4.1412893376288686e-11,5.6955713746574476e-12,1.9952623149688827e-13,0.5906608610060242,0.8790966463295101,0.1209033536704899,2.7942978686155022e-11,4.1412893376288686e-11,5.6955713746574476e-12,1.9952623149688827e-13,0.5906608610060242,0.8790966463295101,0.1209033536704899,2.7942978686155022e-11,2.2359757555259746e-11,5.695571374657454e-12,1.9952623149688827e-13,0.9889620218020096,0.7969878952806039,0.20301210471939612,21;26;29;10;1,8.4254960678487582e-13;7.644138359117312e-13;6.5655814041186742e-13;6.4157905199279385e-13;6.1871750567421422e-13
4,84,5,23,E3_SITE_02_SEC_3_UE_4,5,3,True,True,1.293825200336745,RELATIVE_0P9_CURRENT_LOAD_NOMINAL,1.5133953996878715,1.4375835559297165,1.437583611155976,1.2639813734394347,1.2639815418867684,1.2639815418867684,1.2938252013365392,0.9769337786571098,0.9769337786571098,1.000000000772743,INFEASIBLE,False,PROVEN_INFEASIBLE_FROZEN_GRID_BY_CONTINUOUS_RELAXATION,False,PROVEN_INFEASIBLE_LOCAL_GRID_BY_GLOBAL_CONTINUOUS_RELAXATION,False,OPTIMAL_CONTINUOUS_L1_CERTIFIED_RESERVE,True,OPTIMAL_CONTINUOUS_L1_CERTIFIED_RESERVE,True,OPTIMAL_CONTINUOUS_L1_CERTIFIED_RESERVE,True,FEASIBLE_BY_SPARSE_STREAM_SUBSET,True,SPARSE_LOCAL_STREAM_POWER_REPAIR,LOCAL_SECTOR_GRID_INFEASIBLE_STRICT_POST_MODE_BUDGET_STREAM_REPAIR_FEASIBLE,1.9086991754626166,True,2.7957163036540616e-11,3.9401988709942125e-11,5.688584558778578e-12,1.9952623149688827e-13,0.6172908283499422,0.8738409351134876,0.12615906488651243,2.7957163036540616e-11,3.9401988709942125e-11,5.688584558778578e-12,1.9952623149688827e-13,0.6172908283499422,0.8738409351134876,0.12615906488651243,2.7957163036540616e-11,2.2381087055859454e-11,5.688584558778565e-12,1.9952623149688827e-13,0.9889620210912015,0.7973405376138412,0.20265946238615887,21;26;29;10;1,8.3727164929708214e-13;7.644138359117312e-13;6.5656259002559876e-13;6.4035132140151094e-13;6.1871268744261801e-13
4,85,5,23,E3_SITE_02_SEC_3_UE_4,5,3,True,True,1.293825200336745,RELATIVE_0P9_CURRENT_LOAD_NOMINAL,1.5133953996878715,1.4375835559297165,1.437583611155976,1.2675528744062932,1.26755305800383,1.26755305800383,1.293825201265962,0.979694210372408,0.979694210372408,1.0000000007181935,INFEASIBLE,False,PROVEN_INFEASIBLE_FROZEN_GRID_BY_CONTINUOUS_RELAXATION,False,PROVEN_INFEASIBLE_LOCAL_GRID_BY_GLOBAL_CONTINUOUS_RELAXATION,False,OPTIMAL_CONTINUOUS_L1_CERTIFIED_RESERVE,True,OPTIMAL_CONTINUOUS_L1_CERTIFIED_RESERVE,True,OPTIMAL_CONTINUOUS_L1_CERTIFIED_RESERVE,True,FEASIBLE_BY_SPARSE_STREAM_SUBSET,True,SPARSE_LOCAL_STREAM_POWER_REPAIR,LOCAL_SECTOR_GRID_INFEASIBLE_STRICT_POST_MODE_BUDGET_STREAM_REPAIR_FEASIBLE,1.9088018309080663,True,2.7977205152104913e-11,3.664678168201925e-11,5.683361069615619e-12,1.9952623149688827e-13,0.6578279544851693,0.8657372571842764,0.1342627428157236,2.7977205152104913e-11,3.664678168201925e-11,5.683361069615619e-12,1.9952623149688827e-13,0.6578279544851693,0.8657372571842764,0.1342627428157236,2.7977205152104913e-11,2.2406576381993707e-11,5.683361069615606e-12,1.9952623149688827e-13,0.9889620201181912,0.7976727047040827,0.20232729529591736,21;26;29;10;1,8.3301805679839884e-13;7.644138359117312e-13;6.5656655582798878e-13;6.3983609751452956e-13;6.1870934948119471e-13
4,86,5,23,E3_SITE_02_SEC_3_UE_4,5,3,True,True,1.293825200336745,RELATIVE_0P9_CURRENT_LOAD_NOMINAL,1.5133953996878715,1.4375835559297165,1.437583611155976,1.2730076317729841,1.2730080094703522,1.2730080094703522,1.2938252011707503,0.9839103529124532,0.9839103529124532,1.0000000006446044,INFEASIBLE,False,PROVEN_INFEASIBLE_FROZEN_GRID_BY_CONTINUOUS_RELAXATION,False,PROVEN_INFEASIBLE_LOCAL_GRID_BY_GLOBAL_CONTINUOUS_RELAXATION,False,OPTIMAL_CONTINUOUS_L1_CERTIFIED_RESERVE,True,OPTIMAL_CONTINUOUS_L1_CERTIFIED_RESERVE,True,OPTIMAL_CONTINUOUS_L1_CERTIFIED_RESERVE,True,FEASIBLE_BY_SPARSE_STREAM_SUBSET,True,SPARSE_LOCAL_STREAM_POWER_REPAIR,LOCAL_SECTOR_GRID_INFEASIBLE_STRICT_POST_MODE_BUDGET_STREAM_REPAIR_FEASIBLE,1.908946774385249,True,2.8005527739693033e-11,3.292508694714902e-11,5.6796867860612184e-12,1.9952623149688827e-13,0.721711969167446,0.8528760503736563,0.14712394962634368,2.8005527739693033e-11,3.292508694714902e-11,5.6796867860612184e-12,1.9952623149688827e-13,0.721711969167446,0.8528760503736563,0.14712394962634368,2.8005527739693033e-11,2.2438889404127697e-11,5.679686786061199e-12,1.9952623149688827e-13,0.9889620188055616,0.7980094458679259,0.20199055413207406,21;26;29;10;1,8.3013222821243244e-13;7.644138359117312e-13;6.5657760765934506e-13;6.3937533703449824e-13;6.1870782463457828e-13
4,87,5,23,E3_SITE_02_SEC_3_UE_4,5,3,True,True,1.293825200336745,RELATIVE_0P9_CURRENT_LOAD_NOMINAL,1.5133953996878715,1.4375835559297165,1.437583611155976,1.2816315665957674,1.2787973967207362,1.2787973967207362,1.2938252010601667,0.9883849815167478,0.9883849815167478,1.000000000559134,INFEASIBLE,False,PROVEN_INFEASIBLE_FROZEN_GRID_BY_CONTINUOUS_RELAXATION,False,PROVEN_INFEASIBLE_LOCAL_GRID_BY_GLOBAL_CONTINUOUS_RELAXATION,False,OPTIMAL_CONTINUOUS_L1_CERTIFIED_RESERVE,True,OPTIMAL_CONTINUOUS_L1_CERTIFIED_RESERVE,True,OPTIMAL_CONTINUOUS_L1_CERTIFIED_RESERVE,True,FEASIBLE_BY_SPARSE_STREAM_SUBSET,True,SPARSE_LOCAL_STREAM_POWER_REPAIR,LOCAL_SECTOR_GRID_INFEASIBLE_STRICT_POST_MODE_BUDGET_STREAM_REPAIR_FEASIBLE,1.909151390514493,True,2.2277379446425595e-11,2.224716758389829e-11,5.673943010175226e-12,1.9952623149688827e-13,0.7922075017223127,0.7967866288463623,0.20321337115363766,2.2277379446425595e-11,2.224716758389829e-11,5.673943010175226e-12,1.9952623149688827e-13,0.7922075017223127,0.7967866288463623,0.20321337115363766,2.780994828572292e-11,2.2246870872280758e-11,5.6739430101752195e-12,1.9952623149688827e-13,0.9889620172810095,0.7967844693187673,0.20321553068123266,21;26;29;10;1,8.245609504741185e-13;7.644138359117312e-13;6.5658201959678846e-13;6.386012528027931e-13;6.1870689511405003e-13
4,88,5,23,E3_SITE_02_SEC_3_UE_4,5,3,True,True,1.293825200336745,RELATIVE_0P9_CURRENT_LOAD_NOMINAL,1.5133953996878715,1.4375835559297165,1.437583611155976,1.2730469856788278,1.2730469856788278,1.2730469856788278,1.2938252011707503,0.9839404776993761,0.9839404776993761,1.0000000006446044,INFEASIBLE,False,PROVEN_INFEASIBLE_FROZEN_GRID_BY_CONTINUOUS_RELAXATION,False,PROVEN_INFEASIBLE_LOCAL_GRID_BY_GLOBAL_CONTINUOUS_RELAXATION,False,OPTIMAL_CONTINUOUS_L1_CERTIFIED_RESERVE,True,OPTIMAL_CONTINUOUS_L1_CERTIFIED_RESERVE,True,OPTIMAL_CONTINUOUS_L1_CERTIFIED_RESERVE,True,FEASIBLE_BY_SPARSE_STREAM_SUBSET,True,SPARSE_LOCAL_STREAM_POWER_REPAIR,LOCAL_SECTOR_GRID_INFEASIBLE_STRICT_POST_MODE_BUDGET_STREAM_REPAIR_FEASIBLE,1.908946774385249,True,2.8005527739693033e-11,3.292508694714902e-11,5.6546902222842596e-12,1.9952623149688827e-13,0.722177173997955,0.8534286448195334,0.14657135518046654,2.8005527739693033e-11,3.292508694714902e-11,5.6546902222842596e-12,1.9952623149688827e-13,0.722177173997955,0.8534286448195334,0.14657135518046654,2.8005527739693033e-11,2.246388596790465e-11,5.654690222284247e-12,1.9952623149688827e-13,0.9889620188055616,0.7988984156225778,0.20110158437742218,21;26;29;10;1,8.2004402901019171e-13;7.5057738529145838e-13;6.5658699619806295e-13;6.3773059019076631e-13;6.1870584670162268e-13
4,89,5,23,E3_SITE_02_SEC_3_UE_4,5,3,True,True,1.293825200336745,RELATIVE_0P9_CURRENT_LOAD_NOMINAL,1.5133953996878715,1.4375835559297165,1.437583611155976,1.281638794953377,1.278805897233396,1.278805897233396,1.293825201060263,0.9883915515794252,0.9883915515794252,1.0000000005592085,INFEASIBLE,False,PROVEN_INFEASIBLE_FROZEN_GRID_BY_CONTINUOUS_RELAXATION,False,PROVEN_INFEASIBLE_LOCAL_GRID_BY_GLOBAL_CONTINUOUS_RELAXATION,False,OPTIMAL_CONTINUOUS_L1_CERTIFIED_RESERVE,True,OPTIMAL_CONTINUOUS_L1_CERTIFIED_RESERVE,True,OPTIMAL_CONTINUOUS_L1_CERTIFIED_RESERVE,True,FEASIBLE_BY_SPARSE_STREAM_SUBSET,True,SPARSE_LOCAL_STREAM_POWER_REPAIR,LOCAL_SECTOR_GRID_INFEASIBLE_STRICT_POST_MODE_BUDGET_STREAM_REPAIR_FEASIBLE,1.909151390514493,True,2.2277379446425595e-11,2.224716758389829e-11,5.670195006759217e-12,1.9952623149688827e-13,0.7923131036059857,0.7968936002336863,0.20310639976631378,2.2277379446425595e-11,2.224716758389829e-11,5.670195006759217e-12,1.9952623149688827e-13,0.7923131036059857,0.7968936002336863,0.20310639976631378,2.7806241848951218e-11,2.2246871070680668e-11,5.670195006759217e-12,1.9952623149688827e-13,0.9889620172823393,0.7968914429965344,0.20310855700346567,21;26;29;10;1,8.2125308549990901e-13;7.644138359117312e-13;6.56580781081772e-13;6.3798803614440301e-13;6.1870670414270368e-13
4,90,5,23,E3_SITE_02_SEC_3_UE_4,5,3,True,True,1.293825200336745,RELATIVE_0P9_CURRENT_LOAD_NOMINAL,1.5133953996878715,1.4375835559297165,1.437583611155976,1.2730502594752766,1.2730502594752766,1.2730502594752766,1.2938252011707503,0.983943008022984,0.983943008022984,1.0000000006446044,INFEASIBLE,False,PROVEN_INFEASIBLE_FROZEN_GRID_BY_CONTINUOUS_RELAXATION,False,PROVEN_INFEASIBLE_LOCAL_GRID_BY_GLOBAL_CONTINUOUS_RELAXATION,False,OPTIMAL_CONTINUOUS_L1_CERTIFIED_RESERVE,True,OPTIMAL_CONTINUOUS_L1_CERTIFIED_RESERVE,True,OPTIMAL_CONTINUOUS_L1_CERTIFIED_RESERVE,True,FEASIBLE_BY_SPARSE_STREAM_SUBSET,True,SPARSE_LOCAL_STREAM_POWER_REPAIR,LOCAL_SECTOR_GRID_INFEASIBLE_STRICT_POST_MODE_BUDGET_STREAM_REPAIR_FEASIBLE,1.908946774385249,True,2.8005527739693033e-11,3.292508694714902e-11,5.65259180122776e-12,1.9952623149688827e-13,0.722216254478078,0.8534750668100889,0.14652493318991108,2.8005527739693033e-11,3.292508694714902e-11,5.65259180122776e-12,1.9952623149688827e-13,0.722216254478078,0.8534750668100889,0.14652493318991108,2.8005527739693033e-11,2.2465984388961135e-11,5.652591801227767e-12,1.9952623149688827e-13,0.9889620188055613,0.7989730431941265,0.20102695680587349,21;26;29;10;1,8.1824740822840589e-13;7.5057738529145838e-13;6.5658611944744888e-13;6.3729678652865013e-13;6.1870571151697232e-13
4,91,5,23,E3_SITE_02_SEC_3_UE_4,5,3,True,True,1.293825200336745,RELATIVE_0P9_CURRENT_LOAD_NOMINAL,1.5133953996878715,1.4375835559297165,1.437583611155976,1.281640760140203,1.2755000440584212,1.2755000440584212,1.2938252012009246,0.9858364512659405,0.9858364512659405,1.0000000006679262,INFEASIBLE,False,PROVEN_INFEASIBLE_FROZEN_GRID_BY_CONTINUOUS_RELAXATION,False,PROVEN_INFEASIBLE_LOCAL_GRID_BY_GLOBAL_CONTINUOUS_RELAXATION,False,OPTIMAL_CONTINUOUS_L1_CERTIFIED_RESERVE,True,OPTIMAL_CONTINUOUS_L1_CERTIFIED_RESERVE,True,OPTIMAL_CONTINUOUS_L1_CERTIFIED_RESERVE,True,FEASIBLE_BY_SPARSE_STREAM_SUBSET,True,SPARSE_LOCAL_STREAM_POWER_REPAIR,LOCAL_SECTOR_GRID_INFEASIBLE_STRICT_POST_MODE_BUDGET_STREAM_REPAIR_FEASIBLE,1.909151390514493,True,1.7695551489962233e-11,1.7671553354533188e-11,5.669309255288862e-12,1.9952623149688827e-13,0.7517102461324838,0.7571079805378245,0.2428920194621755,1.7695551489962233e-11,1.7671553354533188e-11,5.669309255288862e-12,1.9952623149688827e-13,0.7517102461324838,0.7571079805378245,0.2428920194621755,2.3280254285402955e-11,1.7671253852264427e-11,5.669309255288862e-12,1.9952623149688827e-13,0.9889620192215589,0.7571048637873606,0.2428951362126394,21;26;29;10;1,8.2043929671227532e-13;7.644138359117312e-13;6.5658699619806295e-13;6.3750119407169959e-13;6.1870600510816412e-13
4,92,5,23,E3_SITE_02_SEC_3_UE_4,5,3,True,True,1.293825200336745,RELATIVE_0P9_CURRENT_LOAD_NOMINAL,1.5133953996878715,1.4375835559297165,1.437583611155976,1.2730510368857855,1.2730510368857855,1.2730510368857855,1.2938252011707503,0.9839436088850699,0.9839436088850699,1.0000000006446044,INFEASIBLE,False,PROVEN_INFEASIBLE_FROZEN_GRID_BY_CONTINUOUS_RELAXATION,False,PROVEN_INFEASIBLE_LOCAL_GRID_BY_GLOBAL_CONTINUOUS_RELAXATION,False,OPTIMAL_CONTINUOUS_L1_CERTIFIED_RESERVE,True,OPTIMAL_CONTINUOUS_L1_CERTIFIED_RESERVE,True,OPTIMAL_CONTINUOUS_L1_CERTIFIED_RESERVE,True,FEASIBLE_BY_SPARSE_STREAM_SUBSET,True,SPARSE_LOCAL_STREAM_POWER_REPAIR,LOCAL_SECTOR_GRID_INFEASIBLE_STRICT_POST_MODE_BUDGET_STREAM_REPAIR_FEASIBLE,1.908946774385249,True,2.8005527739693033e-11,3.292508694714902e-11,5.6520935270453014e-12,1.9952623149688827e-13,0.7222255348359096,0.8534860905444815,0.14651390945551845,2.8005527739693033e-11,3.292508694714902e-11,5.6520935270453014e-12,1.9952623149688827e-13,0.7222255348359096,0.8534860905444815,0.14651390945551845,2.8005527739693033e-11,2.2466482663143607e-11,5.652093527045282e-12,1.9952623149688827e-13,0.9889620188055618,0.798990763656895,0.20100923634310494,21;26;29;10;1,8.1788621817302082e-13;7.5057738529145838e-13;6.5659051946989081e-13;6.3695233094868115e-13;6.1870521665161743e-13
4,93,5,23,E3_SITE_02_SEC_3_UE_4,5,3,True,True,1.293825200336745,RELATIVE_0P9_CURRENT_LOAD_NOMINAL,1.5133953996878715,1.4375835559297165,1.437583611155976,1.2816464698414476,1.2755078294155262,1.2755078294155262,1.2938252012010334,0.9858424685835062,0.9858424685835062,1.00000000066801,INFEASIBLE,False,PROVEN_INFEASIBLE_FROZEN_GRID_BY_CONTINUOUS_RELAXATION,False,PROVEN_INFEASIBLE_LOCAL_GRID_BY_GLOBAL_CONTINUOUS_RELAXATION,False,OPTIMAL_CONTINUOUS_L1_CERTIFIED_RESERVE,True,OPTIMAL_CONTINUOUS_L1_CERTIFIED_RESERVE,True,OPTIMAL_CONTINUOUS_L1_CERTIFIED_RESERVE,True,FEASIBLE_BY_SPARSE_STREAM_SUBSET,True,SPARSE_LOCAL_STREAM_POWER_REPAIR,LOCAL_SECTOR_GRID_INFEASIBLE_STRICT_POST_MODE_BUDGET_STREAM_REPAIR_FEASIBLE,1.909151390514493,True,1.7695551489962233e-11,1.7671553354533188e-11,5.666349290544913e-12,1.9952623149688827e-13,0.7518047779455329,0.7572040051448269,0.2427959948551731,1.7695551489962233e-11,1.7671553354533188e-11,5.666349290544913e-12,1.9952623149688827e-13,0.7518047779455329,0.7572040051448269,0.2427959948551731,2.327732714768394e-11,1.767125400894965e-11,5.666349290544906e-12,1.9952623149688827e-13,0.9889620192230568,0.7572008908615039,0.24279910913849614,21;26;29;10;1,8.1758316468641995e-13;7.644138359117312e-13;6.5658752671728341e-13;6.371140837873811e-13;6.1870521665161743e-13
4,94,5,23,E3_SITE_02_SEC_3_UE_4,5,3,True,True,1.293825200336745,RELATIVE_0P9_CURRENT_LOAD_NOMINAL,1.5133953996878715,1.4375835559297165,1.437583611155976,1.2730537557449144,1.2730537557449144,1.2730537557449144,1.2938252011707503,0.9839457102965499,0.9839457102965499,1.0000000006446044,INFEASIBLE,False,PROVEN_INFEASIBLE_FROZEN_GRID_BY_CONTINUOUS_RELAXATION,False,PROVEN_INFEASIBLE_LOCAL_GRID_BY_GLOBAL_CONTINUOUS_RELAXATION,False,OPTIMAL_CONTINUOUS_L1_CERTIFIED_RESERVE,True,OPTIMAL_CONTINUOUS_L1_CERTIFIED_RESERVE,True,OPTIMAL_CONTINUOUS_L1_CERTIFIED_RESERVE,True,FEASIBLE_BY_SPARSE_STREAM_SUBSET,True,SPARSE_LOCAL_STREAM_POWER_REPAIR,LOCAL_SECTOR_GRID_INFEASIBLE_STRICT_POST_MODE_BUDGET_STREAM_REPAIR_FEASIBLE,1.908946774385249,True,2.8005527739693033e-11,3.292508694714902e-11,5.650350978645793e-12,1.9952623149688827e-13,0.7222579916795757,0.853524644632291,0.14647535536770898,2.8005527739693033e-11,3.292508694714902e-11,5.650350978645793e-12,1.9952623149688827e-13,0.7222579916795757,0.853524644632291,0.14647535536770898,2.8005527739693033e-11,2.2468225211543116e-11,5.650350978645787e-12,1.9952623149688827e-13,0.9889620188055613,0.7990527350877282,0.20094726491227177,21;26;29;10;1,8.1621031659321833e-13;7.5057738529145838e-13;6.565908950912934e-13;6.3667840607806281e-13;6.1870465847838685e-13
4,95,5,23,E3_SITE_02_SEC_3_UE_4,5,3,True,True,1.293825200336745,RELATIVE_0P9_CURRENT_LOAD_NOMINAL,1.5133953996878715,1.4375835559297165,1.437583611155976,1.2816500974878449,1.2755127760775924,1.2755127760775924,1.2938252012011024,0.9858462918681856,0.9858462918681856,1.0000000006680636,INFEASIBLE,False,PROVEN_INFEASIBLE_FROZEN_GRID_BY_CONTINUOUS_RELAXATION,False,PROVEN_INFEASIBLE_LOCAL_GRID_BY_GLOBAL_CONTINUOUS_RELAXATION,False,OPTIMAL_CONTINUOUS_L1_CERTIFIED_RESERVE,True,OPTIMAL_CONTINUOUS_L1_CERTIFIED_RESERVE,True,OPTIMAL_CONTINUOUS_L1_CERTIFIED_RESERVE,True,FEASIBLE_BY_SPARSE_STREAM_SUBSET,True,SPARSE_LOCAL_STREAM_POWER_REPAIR,LOCAL_SECTOR_GRID_INFEASIBLE_STRICT_POST_MODE_BUDGET_STREAM_REPAIR_FEASIBLE,1.909151390514493,True,1.7695551489962233e-11,1.7671553354533188e-11,5.664468891172523e-12,1.9952623149688827e-13,0.751864844242011,0.757265020082208,0.242734979917792,1.7695551489962233e-11,1.7671553354533188e-11,5.664468891172523e-12,1.9952623149688827e-13,0.751864844242011,0.757265020082208,0.242734979917792,2.327546760258599e-11,1.767125410848826e-11,5.664468891172523e-12,1.9952623149688827e-13,0.9889620192240087,0.7572619073660215,0.24273809263397855,21;26;29;10;1,8.1610373388515243e-13;7.644138359117312e-13;6.5659178303774486e-13;6.3646126475458428e-13;6.1870451133984219e-13
4,96,5,23,E3_SITE_02_SEC_3_UE_4,5,3,True,True,1.293825200336745,RELATIVE_0P9_CURRENT_LOAD_NOMINAL,1.5133953996878715,1.4375835559297165,1.437583611155976,1.2730554685718651,1.2730554685718651,1.2730554685718651,1.2938252011707503,0.9839470341438131,0.9839470341438131,1.0000000006446044,INFEASIBLE,False,PROVEN_INFEASIBLE_FROZEN_GRID_BY_CONTINUOUS_RELAXATION,False,PROVEN_INFEASIBLE_LOCAL_GRID_BY_GLOBAL_CONTINUOUS_RELAXATION,False,OPTIMAL_CONTINUOUS_L1_CERTIFIED_RESERVE,True,OPTIMAL_CONTINUOUS_L1_CERTIFIED_RESERVE,True,OPTIMAL_CONTINUOUS_L1_CERTIFIED_RESERVE,True,FEASIBLE_BY_SPARSE_STREAM_SUBSET,True,SPARSE_LOCAL_STREAM_POWER_REPAIR,LOCAL_SECTOR_GRID_INFEASIBLE_STRICT_POST_MODE_BUDGET_STREAM_REPAIR_FEASIBLE,1.908946774385249,True,2.8005527739693033e-11,3.292508694714902e-11,5.64925327150397e-12,1.9952623149688827e-13,0.7222784391569178,0.8535489333198699,0.14645106668013003,2.8005527739693033e-11,3.292508694714902e-11,5.64925327150397e-12,1.9952623149688827e-13,0.7222784391569178,0.8535489333198699,0.14645106668013003,2.8005527739693033e-11,2.246932291868495e-11,5.649253271503951e-12,1.9952623149688827e-13,0.9889620188055613,0.7990917735914708,0.2009082264085292,21;26;29;10;1,8.1539093729830037e-13;7.5057738529145838e-13;6.5659390837508078e-13;6.3621639431849041e-13;6.1870415916269686e-13
4,97,5,23,E3_SITE_02_SEC_3_UE_4,5,3,True,True,1.293825200336745,RELATIVE_0P9_CURRENT_LOAD_NOMINAL,1.5133953996878715,1.4375835559297165,1.437583611155976,1.2805058051341014,1.2745261356224808,1.2745261356224808,1.2938252011948046,0.9850837155519608,0.9850837155519608,1.000000000663196,INFEASIBLE,False,PROVEN_INFEASIBLE_FROZEN_GRID_BY_CONTINUOUS_RELAXATION,False,PROVEN_INFEASIBLE_LOCAL_GRID_BY_GLOBAL_CONTINUOUS_RELAXATION,False,OPTIMAL_CONTINUOUS_L1_CERTIFIED_RESERVE,True,OPTIMAL_CONTINUOUS_L1_CERTIFIED_RESERVE,True,OPTIMAL_CONTINUOUS_L1_CERTIFIED_RESERVE,True,FEASIBLE_BY_SPARSE_STREAM_SUBSET,True,SPARSE_LOCAL_STREAM_POWER_REPAIR,LOCAL_SECTOR_GRID_INFEASIBLE_STRICT_POST_MODE_BUDGET_STREAM_REPAIR_FEASIBLE,1.909094909092105,True,1.7688575771135666e-11,1.8043101138130422e-11,5.66327818128842e-12,1.9952623149688827e-13,0.7399249417037078,0.7611074173334684,0.23889258266653157,1.7688575771135666e-11,1.8043101138130422e-11,5.66327818128842e-12,1.9952623149688827e-13,0.7399249417037078,0.7611074173334684,0.23889258266653157,2.3641700750032447e-11,1.804276556113395e-11,5.66327818128842e-12,1.9952623149688827e-13,0.9889620191371848,0.7611040356281007,0.23889596437189928,21;26;29;10;1,8.150796725915536e-13;7.644138359117312e-13;6.5659446863906539e-13;6.3615167773243558e-13;6.1870398358516829e-13
4,98,5,23,E3_SITE_02_SEC_3_UE_4,5,3,True,True,1.293825200336745,RELATIVE_0P9_CURRENT_LOAD_NOMINAL,1.5133953996878715,1.4375835559297165,1.437583611155976,1.2723695275742875,1.2723695275742875,1.2723695275742875,1.293825201181963,0.9834168690199625,0.9834168690199625,1.0000000006532708,INFEASIBLE,False,PROVEN_INFEASIBLE_FROZEN_GRID_BY_CONTINUOUS_RELAXATION,False,PROVEN_INFEASIBLE_LOCAL_GRID_BY_GLOBAL_CONTINUOUS_RELAXATION,False,OPTIMAL_CONTINUOUS_L1_CERTIFIED_RESERVE,True,OPTIMAL_CONTINUOUS_L1_CERTIFIED_RESERVE,True,OPTIMAL_CONTINUOUS_L1_CERTIFIED_RESERVE,True,FEASIBLE_BY_SPARSE_STREAM_SUBSET,True,SPARSE_LOCAL_STREAM_POWER_REPAIR,LOCAL_SECTOR_GRID_INFEASIBLE_STRICT_POST_MODE_BUDGET_STREAM_REPAIR_FEASIBLE,1.908906761944685,True,2.799770629074653e-11,3.335846068892746e-11,5.648492596079581e-12,1.9952623149688827e-13,0.7141091634856153,0.8551926741161128,0.14480732588388726,2.799770629074653e-11,3.335846068892746e-11,5.648492596079581e-12,1.9952623149688827e-13,0.7141091634856153,0.8551926741161128,0.14480732588388726,2.799770629074653e-11,2.2462174844153215e-11,5.648492596079581e-12,1.9952623149688827e-13,0.9889620189601457,0.7990623094208252,0.2009376905791748,21;26;29;10;1,8.1476379902878457e-13;7.5057738529145838e-13;6.5659496797613475e-13;6.3599726496067941e-13;6.1870378554407959e-13
4,99,5,23,E3_SITE_02_SEC_3_UE_4,5,3,True,True,1.293825200336745,RELATIVE_0P9_CURRENT_LOAD_NOMINAL,1.5133953996878715,1.4375835559297165,1.437583611155976,1.2784890783777638,1.2727817224960711,1.2727817224960711,1.2938252012025626,0.9837354552723221,0.9837354552723221,1.000000000669192,INFEASIBLE,False,PROVEN_INFEASIBLE_FROZEN_GRID_BY_CONTINUOUS_RELAXATION,False,PROVEN_INFEASIBLE_LOCAL_GRID_BY_GLOBAL_CONTINUOUS_RELAXATION,False,OPTIMAL_CONTINUOUS_L1_CERTIFIED_RESERVE,True,OPTIMAL_CONTINUOUS_L1_CERTIFIED_RESERVE,True,OPTIMAL_CONTINUOUS_L1_CERTIFIED_RESERVE,True,FEASIBLE_BY_SPARSE_STREAM_SUBSET,True,SPARSE_LOCAL_STREAM_POWER_REPAIR,LOCAL_SECTOR_GRID_INFEASIBLE_STRICT_POST_MODE_BUDGET_STREAM_REPAIR_FEASIBLE,1.9090143883741333,True,1.7678635807980323e-11,1.8725193212388436e-11,5.662626828343519e-12,1.9952623149688827e-13,0.7190135776445368,0.7678092253064877,0.23219077469351238,1.7678635807980323e-11,1.8725193212388436e-11,5.662626828343519e-12,1.9952623149688827e-13,0.7190135776445368,0.7678092253064877,0.23219077469351238,2.431555520427471e-11,1.8724792374989352e-11,5.662626828343519e-12,1.9952623149688827e-13,0.9889620192441393,0.7678054089639118,0.23219459103608817,21;26;29;10;1,8.1456274861298481e-13;7.644138359117312e-13;6.5659496797613475e-13;6.3588796271300372e-13;6.1870377565828788e-13
4,118,5,73,E3_SITE_07_SEC_1_UE_2,18,1,True,True,0.1,ABSOLUTE_0P1,0.1067594431550312,0.08148902945809228,0.08148902896089232,0.08103259948233026,0.08107033307916489,0.08107033307916489,0.10332110608360268,0.8107033307916489,0.8107033307916489,1.0332110608360268,OPTIMAL_CONTINUOUS_L1,True,FEASIBLE_BY_SPARSE_LOCAL_GRID_SUBSET,True,FEASIBLE_SPARSE_LOCAL_FROZEN_GRID,True,NOT_NEEDED_LOCAL_GRID_FEASIBLE,True,NOT_NEEDED_LOCAL_GRID_FEASIBLE,True,NOT_NEEDED_LOCAL_GRID_FEASIBLE,True,FEASIBLE_BY_GLOBAL_FROZEN_GRID_SUBSET,True,SPARSE_LOCAL_FROZEN_GRID_SECTOR_REPAIR,SPARSE_LOCAL_FROZEN_GRID_FEASIBLE_REVIEWED_FALLBACK_SELECTION_DEFECT,0.3778773575590488,True,1.4028465336864702e-12,9.429264910876567e-13,5.214479675105058e-11,1.9952623149688827e-13,0.02632612017966052,0.0177616675476339,0.9822383324523661,1.4028465336864702e-12,9.429264910876567e-13,5.214479675105058e-11,1.9952623149688827e-13,0.02632612017966052,0.0177616675476339,0.9822383324523661,1.4028465336864702e-12,9.429264910876567e-13,5.96142451555079e-12,1.9952623149688827e-13,0.19747617908649237,0.13656989486499813,0.8634301051350018,55;19;47;0;24,3.2908798820521612e-11;1.7727526824428602e-11;7.7275247702580897e-13;2.391838855421972e-13;1.9106665832204192e-13
4,119,5,73,E3_SITE_07_SEC_1_UE_2,18,1,True,True,0.1,ABSOLUTE_0P1,0.1067594431550312,0.08148902945809228,0.08148902896089232,0.08103257402109335,0.08107060163155697,0.08107060163155697,0.10333406262480455,0.8107060163155696,0.8107060163155696,1.0333406262480453,OPTIMAL_CONTINUOUS_L1,True,FEASIBLE_BY_SPARSE_LOCAL_GRID_SUBSET,True,FEASIBLE_SPARSE_LOCAL_FROZEN_GRID,True,NOT_NEEDED_LOCAL_GRID_FEASIBLE,True,NOT_NEEDED_LOCAL_GRID_FEASIBLE,True,NOT_NEEDED_LOCAL_GRID_FEASIBLE,True,FEASIBLE_BY_GLOBAL_FROZEN_GRID_SUBSET,True,SPARSE_LOCAL_FROZEN_GRID_SECTOR_REPAIR,SPARSE_LOCAL_FROZEN_GRID_FEASIBLE_REVIEWED_FALLBACK_SELECTION_DEFECT,0.3778773575590488,True,1.4028465336864702e-12,9.429264910876567e-13,5.214093000900092e-11,1.9952623149688827e-13,0.026328030649880027,0.01776296134562272,0.9822370386543773,1.4028465336864702e-12,9.429264910876567e-13,5.214093000900092e-11,1.9952623149688827e-13,0.026328030649880027,0.01776296134562272,0.9822370386543773,1.4028465336864702e-12,9.429264910876567e-13,5.957557773501134e-12,1.9952623149688827e-13,0.19758372673672472,0.13664642290780543,0.8633535770921945,55;19;47;0;24,3.2908798820521612e-11;1.7727526824428602e-11;7.7275247702580897e-13;2.391838855421972e-13;1.9107667611634774e-13
4,120,5,73,E3_SITE_07_SEC_1_UE_2,18,1,True,True,0.1,ABSOLUTE_0P1,0.1067594431550312,0.08148902945809228,0.08148902896089232,0.08103263783588573,0.08107087232321272,0.08107087232321272,0.10334713360553893,0.8107087232321272,0.8107087232321272,1.0334713360553893,OPTIMAL_CONTINUOUS_L1,True,FEASIBLE_BY_SPARSE_LOCAL_GRID_SUBSET,True,FEASIBLE_SPARSE_LOCAL_FROZEN_GRID,True,NOT_NEEDED_LOCAL_GRID_FEASIBLE,True,NOT_NEEDED_LOCAL_GRID_FEASIBLE,True,NOT_NEEDED_LOCAL_GRID_FEASIBLE,True,FEASIBLE_BY_GLOBAL_FROZEN_GRID_SUBSET,True,SPARSE_LOCAL_FROZEN_GRID_SECTOR_REPAIR,SPARSE_LOCAL_FROZEN_GRID_FEASIBLE_REVIEWED_FALLBACK_SELECTION_DEFECT,0.3778773575590488,True,1.4028465336864702e-12,9.429264910876567e-13,5.2137033025411674e-11,1.9952623149688827e-13,0.026329956342328806,0.01776426545303898,0.982235734546961,1.4028465336864702e-12,9.429264910876567e-13,5.2137033025411674e-11,1.9952623149688827e-13,0.026329956342328806,0.01776426545303898,0.982235734546961,1.4028465336864702e-12,9.429264910876567e-13,5.9536607899118954e-12,1.9952623149688827e-13,0.19769223409631495,0.13672363629551487,0.863276363704485,55;19;47;0;24,3.2908798820521612e-11;1.7727526824428602e-11;7.7275247702580897e-13;2.391838855421972e-13;1.910837749821531e-13
