campaign_seed,pass_slot,interval_index,classification,user_index,user_id,serving_sector,serving_stream,full_load_nominal_total_rate_bps_hz,current_load_nominal_total_rate_bps_hz,floor_bps_hz,floor_branch,current_load_nominal_meets_absolute_floor,current_load_serviceability_mismatch,optimistic_single_user_floor_feasible,optimistic_user_index,optimistic_serving_sector,optimistic_serving_stream,optimistic_maximum_target_stream_scale,optimistic_eess_limited_target_stream_scale,optimistic_protected_rate_bps_hz,optimistic_total_rate_bps_hz
44018,0,0,FIXED_Q_FIXED_BEAM_JOINT_GLOBAL_INFEASIBLE,0,E3_SITE_01_SEC_1_UE_1,0,0,0.8169329277011268,0.8169329277011268,0.7352396349310142,RELATIVE_0P9_CURRENT_LOAD_NOMINAL,True,False,True,0,0,0,1.0,1868.962657438274,6.338284931678524,1.257479562086446
44018,0,0,FIXED_Q_FIXED_BEAM_JOINT_GLOBAL_INFEASIBLE,75,E3_SITE_07_SEC_1_UE_4,18,3,0.1753201540979634,0.1753201540979634,0.15778813868816705,RELATIVE_0P9_CURRENT_LOAD_NOMINAL,True,False,True,75,18,3,1.0,1160.3872264988117,4.09740270291918,0.542517047319718
44018,0,0,FIXED_Q_FIXED_BEAM_JOINT_GLOBAL_INFEASIBLE,178,E3_SITE_15_SEC_3_UE_3,44,2,0.4354593073905303,0.4354593073905303,0.3919133766514773,RELATIVE_0P9_CURRENT_LOAD_NOMINAL,True,False,True,178,44,2,1.0,36529493461.20193,3.9126143685769494,0.7686405847873274
44018,0,0,FIXED_Q_FIXED_BEAM_JOINT_GLOBAL_INFEASIBLE,185,E3_SITE_16_SEC_2_UE_2,46,1,0.35607408902145665,0.35607408902145665,0.320466680119311,RELATIVE_0P9_CURRENT_LOAD_NOMINAL,True,False,True,185,46,1,1.0,30109271850.83152,3.505361053868895,0.651281266075489
44018,0,1,FIXED_Q_FIXED_BEAM_JOINT_GLOBAL_INFEASIBLE,0,E3_SITE_01_SEC_1_UE_1,0,0,0.8169329277011268,0.8169329277011268,0.7352396349310142,RELATIVE_0P9_CURRENT_LOAD_NOMINAL,True,False,True,0,0,0,1.0,2051.8081163909624,6.338284931678524,1.257479562086446
44018,0,1,FIXED_Q_FIXED_BEAM_JOINT_GLOBAL_INFEASIBLE,75,E3_SITE_07_SEC_1_UE_4,18,3,0.1753201540979634,0.1753201540979634,0.15778813868816705,RELATIVE_0P9_CURRENT_LOAD_NOMINAL,True,False,True,75,18,3,1.0,1271.7063259316412,4.09740270291918,0.542517047319718
44018,0,1,FIXED_Q_FIXED_BEAM_JOINT_GLOBAL_INFEASIBLE,178,E3_SITE_15_SEC_3_UE_3,44,2,0.4354593073905303,0.4354593073905303,0.3919133766514773,RELATIVE_0P9_CURRENT_LOAD_NOMINAL,True,False,True,178,44,2,1.0,37630848046.53265,3.9126143685769494,0.7686405847873274
44018,0,1,FIXED_Q_FIXED_BEAM_JOINT_GLOBAL_INFEASIBLE,185,E3_SITE_16_SEC_2_UE_2,46,1,0.35607408902145665,0.35607408902145665,0.320466680119311,RELATIVE_0P9_CURRENT_LOAD_NOMINAL,True,False,True,185,46,1,1.0,31580382498.418903,3.505361053868895,0.651281266075489
44018,0,2,FIXED_Q_FIXED_BEAM_JOINT_GLOBAL_INFEASIBLE,0,E3_SITE_01_SEC_1_UE_1,0,0,0.8169329277011268,0.8169329277011268,0.7352396349310142,RELATIVE_0P9_CURRENT_LOAD_NOMINAL,True,False,True,0,0,0,1.0,1787.065867240718,6.338330347961824,1.2574841037147761
44018,0,2,FIXED_Q_FIXED_BEAM_JOINT_GLOBAL_INFEASIBLE,75,E3_SITE_07_SEC_1_UE_4,18,3,0.1753201540979634,0.1753201540979634,0.15778813868816705,RELATIVE_0P9_CURRENT_LOAD_NOMINAL,True,False,True,75,18,3,1.0,1105.7313493289955,4.09743307760793,0.5425200847885929
44018,0,2,FIXED_Q_FIXED_BEAM_JOINT_GLOBAL_INFEASIBLE,178,E3_SITE_15_SEC_3_UE_3,44,2,0.4354593073905303,0.4354593073905303,0.3919133766514773,RELATIVE_0P9_CURRENT_LOAD_NOMINAL,True,False,True,178,44,2,1.0,30954641000.213173,3.9126154860162794,0.7686406965312604
44018,0,2,FIXED_Q_FIXED_BEAM_JOINT_GLOBAL_INFEASIBLE,185,E3_SITE_16_SEC_2_UE_2,46,1,0.35607408902145665,0.35607408902145665,0.320466680119311,RELATIVE_0P9_CURRENT_LOAD_NOMINAL,True,False,True,185,46,1,1.0,26325252648.19184,3.505378496923058,0.6512830103809053
44018,0,3,FIXED_Q_FIXED_BEAM_JOINT_GLOBAL_INFEASIBLE,0,E3_SITE_01_SEC_1_UE_1,0,0,0.8169329277011268,0.8169329277011268,0.7352396349310142,RELATIVE_0P9_CURRENT_LOAD_NOMINAL,True,False,True,0,0,0,1.0,980.942733158936,6.338502627425499,1.2575013316611434
44018,0,3,FIXED_Q_FIXED_BEAM_JOINT_GLOBAL_INFEASIBLE,75,E3_SITE_07_SEC_1_UE_4,18,3,0.1753201540979634,0.1753201540979634,0.15778813868816705,RELATIVE_0P9_CURRENT_LOAD_NOMINAL,True,False,True,75,18,3,1.0,605.9327064500784,4.097548300943037,0.5425316071221036
44018,0,3,FIXED_Q_FIXED_BEAM_JOINT_GLOBAL_INFEASIBLE,178,E3_SITE_15_SEC_3_UE_3,44,2,0.4354593073905303,0.4354593073905303,0.3919133766514773,RELATIVE_0P9_CURRENT_LOAD_NOMINAL,True,False,True,178,44,2,1.0,16149488182.190186,3.9126197249980312,0.7686411204294357
44018,0,3,FIXED_Q_FIXED_BEAM_JOINT_GLOBAL_INFEASIBLE,185,E3_SITE_16_SEC_2_UE_2,46,1,0.35607408902145665,0.35607408902145665,0.320466680119311,RELATIVE_0P9_CURRENT_LOAD_NOMINAL,True,False,True,185,46,1,1.0,13853584172.215206,3.505444665960307,0.6512896272846302
44018,0,4,FIXED_Q_FIXED_BEAM_JOINT_GLOBAL_INFEASIBLE,0,E3_SITE_01_SEC_1_UE_1,0,0,0.8169329277011268,0.8169329277011268,0.7352396349310142,RELATIVE_0P9_CURRENT_LOAD_NOMINAL,True,False,True,0,0,0,1.0,537.869489884879,6.338745961478256,1.2575256650664193
44018,0,4,FIXED_Q_FIXED_BEAM_JOINT_GLOBAL_INFEASIBLE,75,E3_SITE_07_SEC_1_UE_4,18,3,0.1753201540979634,0.1753201540979634,0.15778813868816705,RELATIVE_0P9_CURRENT_LOAD_NOMINAL,True,False,True,75,18,3,1.0,331.69821713256493,4.097711051536496,0.5425478821814496
44018,0,4,FIXED_Q_FIXED_BEAM_JOINT_GLOBAL_INFEASIBLE,178,E3_SITE_15_SEC_3_UE_3,44,2,0.4354593073905303,0.4354593073905303,0.3919133766514773,RELATIVE_0P9_CURRENT_LOAD_NOMINAL,True,False,True,178,44,2,1.0,8468191288.427863,3.91262571270927,0.7686417192005595
44018,0,4,FIXED_Q_FIXED_BEAM_JOINT_GLOBAL_INFEASIBLE,185,E3_SITE_16_SEC_2_UE_2,46,1,0.35607408902145665,0.35607408902145665,0.320466680119311,RELATIVE_0P9_CURRENT_LOAD_NOMINAL,True,False,True,185,46,1,1.0,7294292425.149669,3.5055381298784356,0.6512989736764431
44018,0,5,FIXED_Q_FIXED_BEAM_JOINT_GLOBAL_INFEASIBLE,0,E3_SITE_01_SEC_1_UE_1,0,0,0.8169329277011268,0.8169329277011268,0.7352396349310142,RELATIVE_0P9_CURRENT_LOAD_NOMINAL,True,False,True,0,0,0,1.0,294.6255741008741,6.339089645734992,1.2575600334920929
44018,0,5,FIXED_Q_FIXED_BEAM_JOINT_GLOBAL_INFEASIBLE,75,E3_SITE_07_SEC_1_UE_4,18,3,0.1753201540979634,0.1753201540979634,0.15778813868816705,RELATIVE_0P9_CURRENT_LOAD_NOMINAL,True,False,True,75,18,3,1.0,225.40322568973244,4.097855207924752,0.5425622978202751
44018,0,5,FIXED_Q_FIXED_BEAM_JOINT_GLOBAL_INFEASIBLE,178,E3_SITE_15_SEC_3_UE_3,44,2,0.4354593073905303,0.4354593073905303,0.3919133766514773,RELATIVE_0P9_CURRENT_LOAD_NOMINAL,True,False,True,178,44,2,1.0,4462200466.152808,3.9126341705569736,0.7686425649853299
44018,0,5,FIXED_Q_FIXED_BEAM_JOINT_GLOBAL_INFEASIBLE,185,E3_SITE_16_SEC_2_UE_2,46,1,0.35607408902145665,0.35607408902145665,0.320466680119311,RELATIVE_0P9_CURRENT_LOAD_NOMINAL,True,False,True,185,46,1,1.0,3842670648.4828806,3.5056701465205995,0.6513121753406594
44018,0,6,FIXED_Q_FIXED_BEAM_JOINT_GLOBAL_INFEASIBLE,0,E3_SITE_01_SEC_1_UE_1,0,0,0.8169329277011268,0.8169329277011268,0.7352396349310142,RELATIVE_0P9_CURRENT_LOAD_NOMINAL,True,False,True,0,0,0,1.0,161.23285749117892,6.339575044372152,1.257608573355809
44018,0,6,FIXED_Q_FIXED_BEAM_JOINT_GLOBAL_INFEASIBLE,75,E3_SITE_07_SEC_1_UE_4,18,3,0.1753201540979634,0.1753201540979634,0.15778813868816705,RELATIVE_0P9_CURRENT_LOAD_NOMINAL,True,False,True,75,18,3,1.0,297.0167451454575,4.097794871724797,0.5425562642002796
44018,0,6,FIXED_Q_FIXED_BEAM_JOINT_GLOBAL_INFEASIBLE,178,E3_SITE_15_SEC_3_UE_3,44,2,0.4354593073905303,0.4354593073905303,0.3919133766514773,RELATIVE_0P9_CURRENT_LOAD_NOMINAL,True,False,True,178,44,2,1.0,2362350073.9389434,3.9126461175460374,0.7686437596842363
44018,0,6,FIXED_Q_FIXED_BEAM_JOINT_GLOBAL_INFEASIBLE,185,E3_SITE_16_SEC_2_UE_2,46,1,0.35607408902145665,0.35607408902145665,0.320466680119311,RELATIVE_0P9_CURRENT_LOAD_NOMINAL,True,False,True,185,46,1,1.0,2025397296.3448942,3.5058566157043716,0.6513308222590366
44018,0,7,FIXED_Q_FIXED_BEAM_JOINT_GLOBAL_INFEASIBLE,0,E3_SITE_01_SEC_1_UE_1,0,0,0.8169329277011268,0.8169329277011268,0.7352396349310142,RELATIVE_0P9_CURRENT_LOAD_NOMINAL,True,False,True,0,0,0,1.0,139.71875362842948,6.339777817261202,1.2576288506447137
44018,0,7,FIXED_Q_FIXED_BEAM_JOINT_GLOBAL_INFEASIBLE,75,E3_SITE_07_SEC_1_UE_4,18,3,0.1753201540979634,0.1753201540979634,0.15778813868816705,RELATIVE_0P9_CURRENT_LOAD_NOMINAL,True,False,True,75,18,3,1.0,645.5245221119502,4.09760764448956,0.5425375414767559
44018,0,7,FIXED_Q_FIXED_BEAM_JOINT_GLOBAL_INFEASIBLE,178,E3_SITE_15_SEC_3_UE_3,44,2,0.4354593073905303,0.4354593073905303,0.3919133766514773,RELATIVE_0P9_CURRENT_LOAD_NOMINAL,True,False,True,178,44,2,1.0,1256238729.4651515,3.9126629930400876,0.7686454472336413
44018,0,7,FIXED_Q_FIXED_BEAM_JOINT_GLOBAL_INFEASIBLE,185,E3_SITE_16_SEC_2_UE_2,46,1,0.35607408902145665,0.35607408902145665,0.320466680119311,RELATIVE_0P9_CURRENT_LOAD_NOMINAL,True,False,True,185,46,1,1.0,1068102650.1812193,3.5061199919136796,0.6513571598799675
44018,0,8,FIXED_Q_FIXED_BEAM_JOINT_GLOBAL_INFEASIBLE,0,E3_SITE_01_SEC_1_UE_1,0,0,0.8169329277011268,0.8169329277011268,0.7352396349310142,RELATIVE_0P9_CURRENT_LOAD_NOMINAL,True,False,True,0,0,0,1.0,135.9890320258751,6.3398860210605505,1.2576396710246487
44018,0,8,FIXED_Q_FIXED_BEAM_JOINT_GLOBAL_INFEASIBLE,75,E3_SITE_07_SEC_1_UE_4,18,3,0.1753201540979634,0.1753201540979634,0.15778813868816705,RELATIVE_0P9_CURRENT_LOAD_NOMINAL,True,False,True,75,18,3,1.0,1401.8638430543222,4.097475091324482,0.5425242861602482
44018,0,8,FIXED_Q_FIXED_BEAM_JOINT_GLOBAL_INFEASIBLE,178,E3_SITE_15_SEC_3_UE_3,44,2,0.4354593073905303,0.4354593073905303,0.3919133766514773,RELATIVE_0P9_CURRENT_LOAD_NOMINAL,True,False,True,178,44,2,1.0,670838404.296556,3.9126868301562885,0.7686478309452613
44018,0,8,FIXED_Q_FIXED_BEAM_JOINT_GLOBAL_INFEASIBLE,185,E3_SITE_16_SEC_2_UE_2,46,1,0.35607408902145665,0.35607408902145665,0.320466680119311,RELATIVE_0P9_CURRENT_LOAD_NOMINAL,True,False,True,185,46,1,1.0,563560591.4623123,3.5064919837635147,0.6513943590649509
44018,0,9,FIXED_Q_FIXED_BEAM_JOINT_GLOBAL_INFEASIBLE,0,E3_SITE_01_SEC_1_UE_1,0,0,0.8169329277011268,0.8169329277011268,0.7352396349310142,RELATIVE_0P9_CURRENT_LOAD_NOMINAL,True,False,True,0,0,0,1.0,104.66965170956625,6.340260551982406,1.2576771241168343
44018,0,9,FIXED_Q_FIXED_BEAM_JOINT_GLOBAL_INFEASIBLE,75,E3_SITE_07_SEC_1_UE_4,18,3,0.1753201540979634,0.1753201540979634,0.15778813868816705,RELATIVE_0P9_CURRENT_LOAD_NOMINAL,True,False,True,75,18,3,1.0,2170.320660934778,4.097424113803365,0.5425191884081364
44018,0,9,FIXED_Q_FIXED_BEAM_JOINT_GLOBAL_INFEASIBLE,178,E3_SITE_15_SEC_3_UE_3,44,2,0.4354593073905303,0.4354593073905303,0.3919133766514773,RELATIVE_0P9_CURRENT_LOAD_NOMINAL,True,False,True,178,44,2,1.0,359632562.8171975,3.9127205006731445,0.768651197996947
44018,0,9,FIXED_Q_FIXED_BEAM_JOINT_GLOBAL_INFEASIBLE,185,E3_SITE_16_SEC_2_UE_2,46,1,0.35607408902145665,0.35607408902145665,0.320466680119311,RELATIVE_0P9_CURRENT_LOAD_NOMINAL,True,False,True,185,46,1,1.0,297503959.65998966,3.507017362539792,0.6514468969425786
44018,0,10,FIXED_Q_FIXED_BEAM_JOINT_GLOBAL_INFEASIBLE,0,E3_SITE_01_SEC_1_UE_1,0,0,0.8169329277011268,0.8169329277011268,0.7352396349310142,RELATIVE_0P9_CURRENT_LOAD_NOMINAL,True,False,True,0,0,0,1.0,101.72806828435677,6.340396749439453,1.2576907438625389
44018,0,10,FIXED_Q_FIXED_BEAM_JOINT_GLOBAL_INFEASIBLE,75,E3_SITE_07_SEC_1_UE_4,18,3,0.1753201540979634,0.1753201540979634,0.15778813868816705,RELATIVE_0P9_CURRENT_LOAD_NOMINAL,True,False,True,75,18,3,1.0,2358.951799368922,4.097424113803365,0.5425191884081364
44018,0,10,FIXED_Q_FIXED_BEAM_JOINT_GLOBAL_INFEASIBLE,178,E3_SITE_15_SEC_3_UE_3,44,2,0.4354593073905303,0.4354593073905303,0.3919133766514773,RELATIVE_0P9_CURRENT_LOAD_NOMINAL,True,False,True,178,44,2,1.0,193494527.8706322,3.9127680609343427,0.7686559540230669
44018,0,10,FIXED_Q_FIXED_BEAM_JOINT_GLOBAL_INFEASIBLE,185,E3_SITE_16_SEC_2_UE_2,46,1,0.35607408902145665,0.35607408902145665,0.320466680119311,RELATIVE_0P9_CURRENT_LOAD_NOMINAL,True,False,True,185,46,1,1.0,157133769.78640777,3.507759332823226,0.6515210939709221
44018,0,11,FIXED_Q_FIXED_BEAM_JOINT_GLOBAL_INFEASIBLE,0,E3_SITE_01_SEC_1_UE_1,0,0,0.8169329277011268,0.8169329277011268,0.7352396349310142,RELATIVE_0P9_CURRENT_LOAD_NOMINAL,True,False,True,0,0,0,1.0,110.65778750562352,6.340396749439453,1.2576907438625389
44018,0,11,FIXED_Q_FIXED_BEAM_JOINT_GLOBAL_INFEASIBLE,75,E3_SITE_07_SEC_1_UE_4,18,3,0.1753201540979634,0.1753201540979634,0.15778813868816705,RELATIVE_0P9_CURRENT_LOAD_NOMINAL,True,False,True,75,18,3,1.0,2562.4370011532683,4.097424113803365,0.5425191884081364
44018,0,11,FIXED_Q_FIXED_BEAM_JOINT_GLOBAL_INFEASIBLE,178,E3_SITE_15_SEC_3_UE_3,44,2,0.4354593073905303,0.4354593073905303,0.3919133766514773,RELATIVE_0P9_CURRENT_LOAD_NOMINAL,True,False,True,178,44,2,1.0,104452504.11185394,3.912835240375815,0.768662671967214
44018,0,11,FIXED_Q_FIXED_BEAM_JOINT_GLOBAL_INFEASIBLE,185,E3_SITE_16_SEC_2_UE_2,46,1,0.35607408902145665,0.35607408902145665,0.320466680119311,RELATIVE_0P9_CURRENT_LOAD_NOMINAL,True,False,True,185,46,1,1.0,83036980.59890372,3.508807100598108,0.6516258707484103
44018,0,12,FIXED_Q_FIXED_BEAM_JOINT_GLOBAL_INFEASIBLE,0,E3_SITE_01_SEC_1_UE_1,0,0,0.8169329277011268,0.8169329277011268,0.7352396349310142,RELATIVE_0P9_CURRENT_LOAD_NOMINAL,True,False,True,0,0,0,1.0,107.02091807739903,6.340546905626646,1.2577057594812584
44018,0,12,FIXED_Q_FIXED_BEAM_JOINT_GLOBAL_INFEASIBLE,75,E3_SITE_07_SEC_1_UE_4,18,3,0.1753201540979634,0.1753201540979634,0.15778813868816705,RELATIVE_0P9_CURRENT_LOAD_NOMINAL,True,False,True,75,18,3,1.0,2342.802003547888,4.09744813703537,0.5425215907313369
44018,0,12,FIXED_Q_FIXED_BEAM_JOINT_GLOBAL_INFEASIBLE,178,E3_SITE_15_SEC_3_UE_3,44,2,0.4354593073905303,0.4354593073905303,0.3919133766514773,RELATIVE_0P9_CURRENT_LOAD_NOMINAL,True,False,True,178,44,2,1.0,56556518.85585631,3.9129301314387557,0.7686721610735081
44018,0,12,FIXED_Q_FIXED_BEAM_JOINT_GLOBAL_INFEASIBLE,185,E3_SITE_16_SEC_2_UE_2,46,1,0.35607408902145665,0.35607408902145665,0.320466680119311,RELATIVE_0P9_CURRENT_LOAD_NOMINAL,True,False,True,185,46,1,1.0,43903570.32157987,3.510286527437465,0.651773813432346
44018,0,13,FIXED_Q_FIXED_BEAM_JOINT_GLOBAL_INFEASIBLE,0,E3_SITE_01_SEC_1_UE_1,0,0,0.8169329277011268,0.8169329277011268,0.7352396349310142,RELATIVE_0P9_CURRENT_LOAD_NOMINAL,True,False,True,0,0,0,1.0,116.28646116635957,6.340546905626646,1.2577057594812584
44018,0,13,FIXED_Q_FIXED_BEAM_JOINT_GLOBAL_INFEASIBLE,75,E3_SITE_07_SEC_1_UE_4,18,3,0.1753201540979634,0.1753201540979634,0.15778813868816705,RELATIVE_0P9_CURRENT_LOAD_NOMINAL,True,False,True,75,18,3,1.0,2542.255666032458,4.09744813703537,0.5425215907313369
44018,0,13,FIXED_Q_FIXED_BEAM_JOINT_GLOBAL_INFEASIBLE,178,E3_SITE_15_SEC_3_UE_3,44,2,0.4354593073905303,0.4354593073905303,0.3919133766514773,RELATIVE_0P9_CURRENT_LOAD_NOMINAL,True,False,True,178,44,2,1.0,30706952.065591652,3.9130641637988095,0.7686855643095134
44018,0,13,FIXED_Q_FIXED_BEAM_JOINT_GLOBAL_INFEASIBLE,185,E3_SITE_16_SEC_2_UE_2,46,1,0.35607408902145665,0.35607408902145665,0.320466680119311,RELATIVE_0P9_CURRENT_LOAD_NOMINAL,True,False,True,185,46,1,1.0,23225006.516605012,3.51237510817337,0.6519826715059365
44018,0,14,FIXED_Q_FIXED_BEAM_JOINT_GLOBAL_INFEASIBLE,0,E3_SITE_01_SEC_1_UE_1,0,0,0.8169329277011268,0.8169329277011268,0.7352396349310142,RELATIVE_0P9_CURRENT_LOAD_NOMINAL,True,False,True,0,0,0,1.0,141.96661552167336,6.340396749439453,1.2576907438625389
44018,0,14,FIXED_Q_FIXED_BEAM_JOINT_GLOBAL_INFEASIBLE,75,E3_SITE_07_SEC_1_UE_4,18,3,0.1753201540979634,0.1753201540979634,0.15778813868816705,RELATIVE_0P9_CURRENT_LOAD_NOMINAL,True,False,True,75,18,3,1.0,3274.3614794290716,4.097424113803365,0.5425191884081364
44018,0,14,FIXED_Q_FIXED_BEAM_JOINT_GLOBAL_INFEASIBLE,178,E3_SITE_15_SEC_3_UE_3,44,2,0.4354593073905303,0.4354593073905303,0.3919133766514773,RELATIVE_0P9_CURRENT_LOAD_NOMINAL,True,False,True,178,44,2,1.0,16713319.400750052,3.9132534799052006,0.7687044959201526
44018,0,14,FIXED_Q_FIXED_BEAM_JOINT_GLOBAL_INFEASIBLE,185,E3_SITE_16_SEC_2_UE_2,46,1,0.35607408902145665,0.35607408902145665,0.320466680119311,RELATIVE_0P9_CURRENT_LOAD_NOMINAL,True,False,True,185,46,1,1.0,12292533.292237816,3.5153229846992424,0.6522774591585238
44018,0,15,FIXED_Q_FIXED_BEAM_JOINT_GLOBAL_INFEASIBLE,0,E3_SITE_01_SEC_1_UE_1,0,0,0.8169329277011268,0.8169329277011268,0.7352396349310142,RELATIVE_0P9_CURRENT_LOAD_NOMINAL,True,False,True,0,0,0,1.0,217.29756572125825,6.340005315577445,1.257651600476338
44018,0,15,FIXED_Q_FIXED_BEAM_JOINT_GLOBAL_INFEASIBLE,75,E3_SITE_07_SEC_1_UE_4,18,3,0.1753201540979634,0.1753201540979634,0.15778813868816705,RELATIVE_0P9_CURRENT_LOAD_NOMINAL,True,False,True,75,18,3,1.0,4171.258404340796,4.09740270291918,0.542517047319718
44018,0,15,FIXED_Q_FIXED_BEAM_JOINT_GLOBAL_INFEASIBLE,178,E3_SITE_15_SEC_3_UE_3,44,2,0.4354593073905303,0.4354593073905303,0.3919133766514773,RELATIVE_0P9_CURRENT_LOAD_NOMINAL,True,False,True,178,44,2,1.0,9116934.976853875,3.913520876792264,0.7687312356088589
44018,0,15,FIXED_Q_FIXED_BEAM_JOINT_GLOBAL_INFEASIBLE,185,E3_SITE_16_SEC_2_UE_2,46,1,0.35607408902145665,0.35607408902145665,0.320466680119311,RELATIVE_0P9_CURRENT_LOAD_NOMINAL,True,False,True,185,46,1,1.0,6509665.45406589,3.5194823453214683,0.6526933952207463
44018,0,16,FIXED_Q_FIXED_BEAM_JOINT_GLOBAL_INFEASIBLE,0,E3_SITE_01_SEC_1_UE_1,0,0,0.8169329277011268,0.8169329277011268,0.7352396349310142,RELATIVE_0P9_CURRENT_LOAD_NOMINAL,True,False,True,0,0,0,1.0,296.8680554819776,6.339777817261202,1.2576288506447137
44018,0,16,FIXED_Q_FIXED_BEAM_JOINT_GLOBAL_INFEASIBLE,75,E3_SITE_07_SEC_1_UE_4,18,3,0.1753201540979634,0.1753201540979634,0.15778813868816705,RELATIVE_0P9_CURRENT_LOAD_NOMINAL,True,False,True,75,18,3,1.0,4521.077891157027,4.09740270291918,0.542517047319718
44018,0,16,FIXED_Q_FIXED_BEAM_JOINT_GLOBAL_INFEASIBLE,178,E3_SITE_15_SEC_3_UE_3,44,2,0.4354593073905303,0.4354593073905303,0.3919133766514773,RELATIVE_0P9_CURRENT_LOAD_NOMINAL,True,False,True,178,44,2,1.0,8522641.389918104,3.9135880227898943,0.768737950208622
44018,0,16,FIXED_Q_FIXED_BEAM_JOINT_GLOBAL_INFEASIBLE,185,E3_SITE_16_SEC_2_UE_2,46,1,0.35607408902145665,0.35607408902145665,0.320466680119311,RELATIVE_0P9_CURRENT_LOAD_NOMINAL,True,False,True,185,46,1,1.0,4121150.501420642,3.523563580145385,0.6531015187031379
44018,0,17,FIXED_Q_FIXED_BEAM_JOINT_GLOBAL_INFEASIBLE,0,E3_SITE_01_SEC_1_UE_1,0,0,0.8169329277011268,0.8169329277011268,0.7352396349310142,RELATIVE_0P9_CURRENT_LOAD_NOMINAL,True,False,True,0,0,0,1.0,322.05518025290405,6.339777817261202,1.2576288506447137
44018,0,17,FIXED_Q_FIXED_BEAM_JOINT_GLOBAL_INFEASIBLE,75,E3_SITE_07_SEC_1_UE_4,18,3,0.1753201540979634,0.1753201540979634,0.15778813868816705,RELATIVE_0P9_CURRENT_LOAD_NOMINAL,True,False,True,75,18,3,1.0,4898.789972488823,4.09740270291918,0.542517047319718
44018,0,17,FIXED_Q_FIXED_BEAM_JOINT_GLOBAL_INFEASIBLE,178,E3_SITE_15_SEC_3_UE_3,44,2,0.4354593073905303,0.4354593073905303,0.3919133766514773,RELATIVE_0P9_CURRENT_LOAD_NOMINAL,True,False,True,178,44,2,1.0,8627630.984843235,3.9136325869009223,0.7687424066197248
44018,0,17,FIXED_Q_FIXED_BEAM_JOINT_GLOBAL_INFEASIBLE,185,E3_SITE_16_SEC_2_UE_2,46,1,0.35607408902145665,0.35607408902145665,0.320466680119311,RELATIVE_0P9_CURRENT_LOAD_NOMINAL,True,False,True,185,46,1,1.0,2952771.244428396,3.527353865084752,0.6534805471970747
44018,0,18,FIXED_Q_FIXED_BEAM_JOINT_GLOBAL_INFEASIBLE,0,E3_SITE_01_SEC_1_UE_1,0,0,0.8169329277011268,0.8169329277011268,0.7352396349310142,RELATIVE_0P9_CURRENT_LOAD_NOMINAL,True,False,True,0,0,0,1.0,349.2812016228262,6.339777817261202,1.2576288506447137
44018,0,18,FIXED_Q_FIXED_BEAM_JOINT_GLOBAL_INFEASIBLE,75,E3_SITE_07_SEC_1_UE_4,18,3,0.1753201540979634,0.1753201540979634,0.15778813868816705,RELATIVE_0P9_CURRENT_LOAD_NOMINAL,True,False,True,75,18,3,1.0,5306.73174839048,4.09740270291918,0.542517047319718
44018,0,18,FIXED_Q_FIXED_BEAM_JOINT_GLOBAL_INFEASIBLE,178,E3_SITE_15_SEC_3_UE_3,44,2,0.4354593073905303,0.4354593073905303,0.3919133766514773,RELATIVE_0P9_CURRENT_LOAD_NOMINAL,True,False,True,178,44,2,1.0,9439805.951488152,3.9136325869009223,0.7687424066197248
44018,0,18,FIXED_Q_FIXED_BEAM_JOINT_GLOBAL_INFEASIBLE,185,E3_SITE_16_SEC_2_UE_2,46,1,0.35607408902145665,0.35607408902145665,0.320466680119311,RELATIVE_0P9_CURRENT_LOAD_NOMINAL,True,False,True,185,46,1,1.0,3125060.5028414605,3.527353865084752,0.6534805471970747
44018,0,19,FIXED_Q_FIXED_BEAM_JOINT_GLOBAL_INFEASIBLE,0,E3_SITE_01_SEC_1_UE_1,0,0,0.8169329277011268,0.8169329277011268,0.7352396349310142,RELATIVE_0P9_CURRENT_LOAD_NOMINAL,True,False,True,0,0,0,1.0,425.7158019083654,6.3396714879667595,1.2576182177152697
44018,0,19,FIXED_Q_FIXED_BEAM_JOINT_GLOBAL_INFEASIBLE,75,E3_SITE_07_SEC_1_UE_4,18,3,0.1753201540979634,0.1753201540979634,0.15778813868816705,RELATIVE_0P9_CURRENT_LOAD_NOMINAL,True,False,True,75,18,3,1.0,5747.4574292145535,4.09740270291918,0.542517047319718
44018,0,19,FIXED_Q_FIXED_BEAM_JOINT_GLOBAL_INFEASIBLE,178,E3_SITE_15_SEC_3_UE_3,44,2,0.4354593073905303,0.4354593073905303,0.3919133766514773,RELATIVE_0P9_CURRENT_LOAD_NOMINAL,True,False,True,178,44,2,1.0,20635967.594424956,3.9133325716684837,0.7687124050964809
44018,0,19,FIXED_Q_FIXED_BEAM_JOINT_GLOBAL_INFEASIBLE,185,E3_SITE_16_SEC_2_UE_2,46,1,0.35607408902145665,0.35607408902145665,0.320466680119311,RELATIVE_0P9_CURRENT_LOAD_NOMINAL,True,False,True,185,46,1,1.0,5244817.642197283,3.522813659072941,0.6530265265958936
44018,0,40,FIXED_Q_FIXED_BEAM_JOINT_GLOBAL_INFEASIBLE,0,E3_SITE_01_SEC_1_UE_1,0,0,0.8169329277011268,0.8169329277011268,0.7352396349310142,RELATIVE_0P9_CURRENT_LOAD_NOMINAL,True,False,True,0,0,0,1.0,50640.6945976038,6.338284931678524,1.257479562086446
44018,0,40,FIXED_Q_FIXED_BEAM_JOINT_GLOBAL_INFEASIBLE,75,E3_SITE_07_SEC_1_UE_4,18,3,0.1753201540979634,0.1753201540979634,0.15778813868816705,RELATIVE_0P9_CURRENT_LOAD_NOMINAL,True,False,True,75,18,3,1.0,29517.723424052685,4.09740270291918,0.542517047319718
44018,0,40,FIXED_Q_FIXED_BEAM_JOINT_GLOBAL_INFEASIBLE,178,E3_SITE_15_SEC_3_UE_3,44,2,0.4354593073905303,0.4354593073905303,0.3919133766514773,RELATIVE_0P9_CURRENT_LOAD_NOMINAL,True,False,True,178,44,2,1.0,21722638.61734669,3.914565876583915,0.768835735588024
44018,0,40,FIXED_Q_FIXED_BEAM_JOINT_GLOBAL_INFEASIBLE,185,E3_SITE_16_SEC_2_UE_2,46,1,0.35607408902145665,0.35607408902145665,0.320466680119311,RELATIVE_0P9_CURRENT_LOAD_NOMINAL,True,False,True,185,46,1,1.0,209892420.8681902,3.5093193252259733,0.6516770932111968
44018,0,41,FIXED_Q_FIXED_BEAM_JOINT_GLOBAL_INFEASIBLE,0,E3_SITE_01_SEC_1_UE_1,0,0,0.8169329277011268,0.8169329277011268,0.7352396349310142,RELATIVE_0P9_CURRENT_LOAD_NOMINAL,True,False,True,0,0,0,1.0,40225.33354492614,6.338330347961824,1.2574841037147761
44018,0,41,FIXED_Q_FIXED_BEAM_JOINT_GLOBAL_INFEASIBLE,75,E3_SITE_07_SEC_1_UE_4,18,3,0.1753201540979634,0.1753201540979634,0.15778813868816705,RELATIVE_0P9_CURRENT_LOAD_NOMINAL,True,False,True,75,18,3,1.0,23446.761140512306,4.09743307760793,0.5425200847885929
44018,0,41,FIXED_Q_FIXED_BEAM_JOINT_GLOBAL_INFEASIBLE,178,E3_SITE_15_SEC_3_UE_3,44,2,0.4354593073905303,0.4354593073905303,0.3919133766514773,RELATIVE_0P9_CURRENT_LOAD_NOMINAL,True,False,True,178,44,2,1.0,12013857.855789024,3.91537437206931,0.7689165851365636
44018,0,41,FIXED_Q_FIXED_BEAM_JOINT_GLOBAL_INFEASIBLE,185,E3_SITE_16_SEC_2_UE_2,46,1,0.35607408902145665,0.35607408902145665,0.320466680119311,RELATIVE_0P9_CURRENT_LOAD_NOMINAL,True,False,True,185,46,1,1.0,105195401.77425906,3.511009708385408,0.6518461315271403
44018,0,42,FIXED_Q_FIXED_BEAM_JOINT_GLOBAL_INFEASIBLE,0,E3_SITE_01_SEC_1_UE_1,0,0,0.8169329277011268,0.8169329277011268,0.7352396349310142,RELATIVE_0P9_CURRENT_LOAD_NOMINAL,True,False,True,0,0,0,1.0,20160.423641111454,6.338502627425499,1.2575013316611434
44018,0,42,FIXED_Q_FIXED_BEAM_JOINT_GLOBAL_INFEASIBLE,75,E3_SITE_07_SEC_1_UE_4,18,3,0.1753201540979634,0.1753201540979634,0.15778813868816705,RELATIVE_0P9_CURRENT_LOAD_NOMINAL,True,False,True,75,18,3,1.0,11751.217353531418,4.097548300943037,0.5425316071221036
44018,0,42,FIXED_Q_FIXED_BEAM_JOINT_GLOBAL_INFEASIBLE,178,E3_SITE_15_SEC_3_UE_3,44,2,0.4354593073905303,0.4354593073905303,0.3919133766514773,RELATIVE_0P9_CURRENT_LOAD_NOMINAL,True,False,True,178,44,2,1.0,6642135.91988555,3.9165160513808206,0.7690307530677145
44018,0,42,FIXED_Q_FIXED_BEAM_JOINT_GLOBAL_INFEASIBLE,185,E3_SITE_16_SEC_2_UE_2,46,1,0.35607408902145665,0.35607408902145665,0.320466680119311,RELATIVE_0P9_CURRENT_LOAD_NOMINAL,True,False,True,185,46,1,1.0,52722592.40555024,3.513395919684533,0.6520847526570528
44018,0,43,FIXED_Q_FIXED_BEAM_JOINT_GLOBAL_INFEASIBLE,0,E3_SITE_01_SEC_1_UE_1,0,0,0.8169329277011268,0.8169329277011268,0.7352396349310142,RELATIVE_0P9_CURRENT_LOAD_NOMINAL,True,False,True,0,0,0,1.0,10104.146953442447,6.338745961478256,1.2575256650664193
44018,0,43,FIXED_Q_FIXED_BEAM_JOINT_GLOBAL_INFEASIBLE,75,E3_SITE_07_SEC_1_UE_4,18,3,0.1753201540979634,0.1753201540979634,0.15778813868816705,RELATIVE_0P9_CURRENT_LOAD_NOMINAL,True,False,True,75,18,3,1.0,11598.617753018061,4.09754823053233,0.542531600081033
44018,0,43,FIXED_Q_FIXED_BEAM_JOINT_GLOBAL_INFEASIBLE,178,E3_SITE_15_SEC_3_UE_3,44,2,0.4354593073905303,0.4354593073905303,0.3919133766514773,RELATIVE_0P9_CURRENT_LOAD_NOMINAL,True,False,True,178,44,2,1.0,3670743.593326194,3.918128016563589,0.7691919495859914
44018,0,43,FIXED_Q_FIXED_BEAM_JOINT_GLOBAL_INFEASIBLE,185,E3_SITE_16_SEC_2_UE_2,46,1,0.35607408902145665,0.35607408902145665,0.320466680119311,RELATIVE_0P9_CURRENT_LOAD_NOMINAL,True,False,True,185,46,1,1.0,26423890.23739601,3.51676350722832,0.6524215114114315
44018,0,44,FIXED_Q_FIXED_BEAM_JOINT_GLOBAL_INFEASIBLE,0,E3_SITE_01_SEC_1_UE_1,0,0,0.8169329277011268,0.8169329277011268,0.7352396349310142,RELATIVE_0P9_CURRENT_LOAD_NOMINAL,True,False,True,0,0,0,1.0,5064.069459758437,6.339089645734992,1.2575600334920929
44018,0,44,FIXED_Q_FIXED_BEAM_JOINT_GLOBAL_INFEASIBLE,75,E3_SITE_07_SEC_1_UE_4,18,3,0.1753201540979634,0.1753201540979634,0.15778813868816705,RELATIVE_0P9_CURRENT_LOAD_NOMINAL,True,False,True,75,18,3,1.0,21156.838671655016,4.09744813703537,0.5425215907313369
44018,0,44,FIXED_Q_FIXED_BEAM_JOINT_GLOBAL_INFEASIBLE,178,E3_SITE_15_SEC_3_UE_3,44,2,0.4354593073905303,0.4354593073905303,0.3919133766514773,RELATIVE_0P9_CURRENT_LOAD_NOMINAL,True,False,True,178,44,2,1.0,8072047.38542297,3.9165160513808206,0.7690307530677145
44018,0,44,FIXED_Q_FIXED_BEAM_JOINT_GLOBAL_INFEASIBLE,185,E3_SITE_16_SEC_2_UE_2,46,1,0.35607408902145665,0.35607408902145665,0.320466680119311,RELATIVE_0P9_CURRENT_LOAD_NOMINAL,True,False,True,185,46,1,1.0,46368894.99881214,3.5144120058984036,0.6521863612784399
44018,0,45,FIXED_Q_FIXED_BEAM_JOINT_GLOBAL_INFEASIBLE,0,E3_SITE_01_SEC_1_UE_1,0,0,0.8169329277011268,0.8169329277011268,0.7352396349310142,RELATIVE_0P9_CURRENT_LOAD_NOMINAL,True,False,True,0,0,0,1.0,2538.046963432562,6.339575044372152,1.257608573355809
44018,0,45,FIXED_Q_FIXED_BEAM_JOINT_GLOBAL_INFEASIBLE,75,E3_SITE_07_SEC_1_UE_4,18,3,0.1753201540979634,0.1753201540979634,0.15778813868816705,RELATIVE_0P9_CURRENT_LOAD_NOMINAL,True,False,True,75,18,3,1.0,11598.617753018061,4.09754823053233,0.542531600081033
44018,0,45,FIXED_Q_FIXED_BEAM_JOINT_GLOBAL_INFEASIBLE,178,E3_SITE_15_SEC_3_UE_3,44,2,0.4354593073905303,0.4354593073905303,0.3919133766514773,RELATIVE_0P9_CURRENT_LOAD_NOMINAL,True,False,True,178,44,2,1.0,4456107.210793503,3.918128016563589,0.7691919495859914
44018,0,45,FIXED_Q_FIXED_BEAM_JOINT_GLOBAL_INFEASIBLE,185,E3_SITE_16_SEC_2_UE_2,46,1,0.35607408902145665,0.35607408902145665,0.320466680119311,RELATIVE_0P9_CURRENT_LOAD_NOMINAL,True,False,True,185,46,1,1.0,23239498.21080819,3.5181971593866472,0.6525648766272643
44018,0,46,FIXED_Q_FIXED_BEAM_JOINT_GLOBAL_INFEASIBLE,0,E3_SITE_01_SEC_1_UE_1,0,0,0.8169329277011268,0.8169329277011268,0.7352396349310142,RELATIVE_0P9_CURRENT_LOAD_NOMINAL,True,False,True,0,0,0,1.0,3195.2118185923377,6.339394311085899,1.2575905000271836
44018,0,46,FIXED_Q_FIXED_BEAM_JOINT_GLOBAL_INFEASIBLE,75,E3_SITE_07_SEC_1_UE_4,18,3,0.1753201540979634,0.1753201540979634,0.15778813868816705,RELATIVE_0P9_CURRENT_LOAD_NOMINAL,True,False,True,75,18,3,1.0,21156.838671655016,4.09744813703537,0.5425215907313369
44018,0,46,FIXED_Q_FIXED_BEAM_JOINT_GLOBAL_INFEASIBLE,178,E3_SITE_15_SEC_3_UE_3,44,2,0.4354593073905303,0.4354593073905303,0.3919133766514773,RELATIVE_0P9_CURRENT_LOAD_NOMINAL,True,False,True,178,44,2,1.0,9786452.802976938,3.9165160513808206,0.7690307530677145
44018,0,46,FIXED_Q_FIXED_BEAM_JOINT_GLOBAL_INFEASIBLE,185,E3_SITE_16_SEC_2_UE_2,46,1,0.35607408902145665,0.35607408902145665,0.320466680119311,RELATIVE_0P9_CURRENT_LOAD_NOMINAL,True,False,True,185,46,1,1.0,46368894.99881214,3.5144120058984036,0.6521863612784399
44018,0,47,FIXED_Q_FIXED_BEAM_JOINT_GLOBAL_INFEASIBLE,0,E3_SITE_01_SEC_1_UE_1,0,0,0.8169329277011268,0.8169329277011268,0.7352396349310142,RELATIVE_0P9_CURRENT_LOAD_NOMINAL,True,False,True,0,0,0,1.0,1601.3993722133525,6.340005315577445,1.257651600476338
44018,0,47,FIXED_Q_FIXED_BEAM_JOINT_GLOBAL_INFEASIBLE,75,E3_SITE_07_SEC_1_UE_4,18,3,0.1753201540979634,0.1753201540979634,0.15778813868816705,RELATIVE_0P9_CURRENT_LOAD_NOMINAL,True,False,True,75,18,3,1.0,11598.617753018061,4.09754823053233,0.542531600081033
44018,0,47,FIXED_Q_FIXED_BEAM_JOINT_GLOBAL_INFEASIBLE,178,E3_SITE_15_SEC_3_UE_3,44,2,0.4354593073905303,0.4354593073905303,0.3919133766514773,RELATIVE_0P9_CURRENT_LOAD_NOMINAL,True,False,True,178,44,2,1.0,4984197.817759666,3.918128016563589,0.7691919495859914
44018,0,47,FIXED_Q_FIXED_BEAM_JOINT_GLOBAL_INFEASIBLE,185,E3_SITE_16_SEC_2_UE_2,46,1,0.35607408902145665,0.35607408902145665,0.320466680119311,RELATIVE_0P9_CURRENT_LOAD_NOMINAL,True,False,True,185,46,1,1.0,23239498.21080819,3.5181971593866472,0.6525648766272643
44018,0,48,FIXED_Q_FIXED_BEAM_JOINT_GLOBAL_INFEASIBLE,0,E3_SITE_01_SEC_1_UE_1,0,0,0.8169329277011268,0.8169329277011268,0.7352396349310142,RELATIVE_0P9_CURRENT_LOAD_NOMINAL,True,False,True,0,0,0,1.0,1800.1223235022171,6.3398860210605505,1.2576396710246487
44018,0,48,FIXED_Q_FIXED_BEAM_JOINT_GLOBAL_INFEASIBLE,75,E3_SITE_07_SEC_1_UE_4,18,3,0.1753201540979634,0.1753201540979634,0.15778813868816705,RELATIVE_0P9_CURRENT_LOAD_NOMINAL,True,False,True,75,18,3,1.0,21156.838671655016,4.09744813703537,0.5425215907313369
44018,0,48,FIXED_Q_FIXED_BEAM_JOINT_GLOBAL_INFEASIBLE,178,E3_SITE_15_SEC_3_UE_3,44,2,0.4354593073905303,0.4354593073905303,0.3919133766514773,RELATIVE_0P9_CURRENT_LOAD_NOMINAL,True,False,True,178,44,2,1.0,2498016.3161340524,3.9204035831015496,0.7694195062397875
44018,0,48,FIXED_Q_FIXED_BEAM_JOINT_GLOBAL_INFEASIBLE,185,E3_SITE_16_SEC_2_UE_2,46,1,0.35607408902145665,0.35607408902145665,0.320466680119311,RELATIVE_0P9_CURRENT_LOAD_NOMINAL,True,False,True,185,46,1,1.0,44083499.63690826,3.5147478885142394,0.6522199495400234
44018,0,49,FIXED_Q_FIXED_BEAM_JOINT_GLOBAL_INFEASIBLE,0,E3_SITE_01_SEC_1_UE_1,0,0,0.8169329277011268,0.8169329277011268,0.7352396349310142,RELATIVE_0P9_CURRENT_LOAD_NOMINAL,True,False,True,0,0,0,1.0,3591.716234418372,6.339309840086347,1.2575820529272284
44018,0,49,FIXED_Q_FIXED_BEAM_JOINT_GLOBAL_INFEASIBLE,75,E3_SITE_07_SEC_1_UE_4,18,3,0.1753201540979634,0.1753201540979634,0.15778813868816705,RELATIVE_0P9_CURRENT_LOAD_NOMINAL,True,False,True,75,18,3,1.0,29517.723424052685,4.09740270291918,0.542517047319718
44018,0,49,FIXED_Q_FIXED_BEAM_JOINT_GLOBAL_INFEASIBLE,178,E3_SITE_15_SEC_3_UE_3,44,2,0.4354593073905303,0.4354593073905303,0.3919133766514773,RELATIVE_0P9_CURRENT_LOAD_NOMINAL,True,False,True,178,44,2,1.0,4984197.817759666,3.918128016563589,0.7691919495859914
44018,0,49,FIXED_Q_FIXED_BEAM_JOINT_GLOBAL_INFEASIBLE,185,E3_SITE_16_SEC_2_UE_2,46,1,0.35607408902145665,0.35607408902145665,0.320466680119311,RELATIVE_0P9_CURRENT_LOAD_NOMINAL,True,False,True,185,46,1,1.0,87958145.53746732,3.5119676040129595,0.6519419210898955
44018,0,50,FIXED_Q_FIXED_BEAM_JOINT_GLOBAL_INFEASIBLE,0,E3_SITE_01_SEC_1_UE_1,0,0,0.8169329277011268,0.8169329277011268,0.7352396349310142,RELATIVE_0P9_CURRENT_LOAD_NOMINAL,True,False,True,0,0,0,1.0,1800.1223235022171,6.3398860210605505,1.2576396710246487
44018,0,50,FIXED_Q_FIXED_BEAM_JOINT_GLOBAL_INFEASIBLE,75,E3_SITE_07_SEC_1_UE_4,18,3,0.1753201540979634,0.1753201540979634,0.15778813868816705,RELATIVE_0P9_CURRENT_LOAD_NOMINAL,True,False,True,75,18,3,1.0,21156.838671655016,4.09744813703537,0.5425215907313369
44018,0,50,FIXED_Q_FIXED_BEAM_JOINT_GLOBAL_INFEASIBLE,178,E3_SITE_15_SEC_3_UE_3,44,2,0.4354593073905303,0.4354593073905303,0.3919133766514773,RELATIVE_0P9_CURRENT_LOAD_NOMINAL,True,False,True,178,44,2,1.0,2498016.3161340524,3.9204035831015496,0.7694195062397875
44018,0,50,FIXED_Q_FIXED_BEAM_JOINT_GLOBAL_INFEASIBLE,185,E3_SITE_16_SEC_2_UE_2,46,1,0.35607408902145665,0.35607408902145665,0.320466680119311,RELATIVE_0P9_CURRENT_LOAD_NOMINAL,True,False,True,185,46,1,1.0,44083499.63690826,3.5147478885142394,0.6522199495400234
44018,0,51,FIXED_Q_FIXED_BEAM_JOINT_GLOBAL_INFEASIBLE,0,E3_SITE_01_SEC_1_UE_1,0,0,0.8169329277011268,0.8169329277011268,0.7352396349310142,RELATIVE_0P9_CURRENT_LOAD_NOMINAL,True,False,True,0,0,0,1.0,3591.716234418372,6.339309840086347,1.2575820529272284
44018,0,51,FIXED_Q_FIXED_BEAM_JOINT_GLOBAL_INFEASIBLE,75,E3_SITE_07_SEC_1_UE_4,18,3,0.1753201540979634,0.1753201540979634,0.15778813868816705,RELATIVE_0P9_CURRENT_LOAD_NOMINAL,True,False,True,75,18,3,1.0,29517.723424052685,4.09740270291918,0.542517047319718
44018,0,51,FIXED_Q_FIXED_BEAM_JOINT_GLOBAL_INFEASIBLE,178,E3_SITE_15_SEC_3_UE_3,44,2,0.4354593073905303,0.4354593073905303,0.3919133766514773,RELATIVE_0P9_CURRENT_LOAD_NOMINAL,True,False,True,178,44,2,1.0,4984197.817759666,3.918128016563589,0.7691919495859914
44018,0,51,FIXED_Q_FIXED_BEAM_JOINT_GLOBAL_INFEASIBLE,185,E3_SITE_16_SEC_2_UE_2,46,1,0.35607408902145665,0.35607408902145665,0.320466680119311,RELATIVE_0P9_CURRENT_LOAD_NOMINAL,True,False,True,185,46,1,1.0,87958145.53746732,3.5119676040129595,0.6519419210898955
44018,0,52,FIXED_Q_FIXED_BEAM_JOINT_GLOBAL_INFEASIBLE,0,E3_SITE_01_SEC_1_UE_1,0,0,0.8169329277011268,0.8169329277011268,0.7352396349310142,RELATIVE_0P9_CURRENT_LOAD_NOMINAL,True,False,True,0,0,0,1.0,1800.1223235022171,6.3398860210605505,1.2576396710246487
44018,0,52,FIXED_Q_FIXED_BEAM_JOINT_GLOBAL_INFEASIBLE,75,E3_SITE_07_SEC_1_UE_4,18,3,0.1753201540979634,0.1753201540979634,0.15778813868816705,RELATIVE_0P9_CURRENT_LOAD_NOMINAL,True,False,True,75,18,3,1.0,21156.838671655016,4.09744813703537,0.5425215907313369
44018,0,52,FIXED_Q_FIXED_BEAM_JOINT_GLOBAL_INFEASIBLE,178,E3_SITE_15_SEC_3_UE_3,44,2,0.4354593073905303,0.4354593073905303,0.3919133766514773,RELATIVE_0P9_CURRENT_LOAD_NOMINAL,True,False,True,178,44,2,1.0,2498016.3161340524,3.9204035831015496,0.7694195062397875
44018,0,52,FIXED_Q_FIXED_BEAM_JOINT_GLOBAL_INFEASIBLE,185,E3_SITE_16_SEC_2_UE_2,46,1,0.35607408902145665,0.35607408902145665,0.320466680119311,RELATIVE_0P9_CURRENT_LOAD_NOMINAL,True,False,True,185,46,1,1.0,41507972.58186236,3.5107927688859375,0.6518244375771932
44018,0,53,FIXED_Q_FIXED_BEAM_JOINT_GLOBAL_INFEASIBLE,0,E3_SITE_01_SEC_1_UE_1,0,0,0.8169329277011268,0.8169329277011268,0.7352396349310142,RELATIVE_0P9_CURRENT_LOAD_NOMINAL,True,False,True,0,0,0,1.0,3591.716234418372,6.339309840086347,1.2575820529272284
44018,0,53,FIXED_Q_FIXED_BEAM_JOINT_GLOBAL_INFEASIBLE,75,E3_SITE_07_SEC_1_UE_4,18,3,0.1753201540979634,0.1753201540979634,0.15778813868816705,RELATIVE_0P9_CURRENT_LOAD_NOMINAL,True,False,True,75,18,3,1.0,29517.723424052685,4.09740270291918,0.542517047319718
44018,0,53,FIXED_Q_FIXED_BEAM_JOINT_GLOBAL_INFEASIBLE,178,E3_SITE_15_SEC_3_UE_3,44,2,0.4354593073905303,0.4354593073905303,0.3919133766514773,RELATIVE_0P9_CURRENT_LOAD_NOMINAL,True,False,True,178,44,2,1.0,4984197.817759666,3.918128016563589,0.7691919495859914
44018,0,53,FIXED_Q_FIXED_BEAM_JOINT_GLOBAL_INFEASIBLE,185,E3_SITE_16_SEC_2_UE_2,46,1,0.35607408902145665,0.35607408902145665,0.320466680119311,RELATIVE_0P9_CURRENT_LOAD_NOMINAL,True,False,True,185,46,1,1.0,82819293.46335123,3.509165665542596,0.6516617272428591
44018,0,54,FIXED_Q_FIXED_BEAM_JOINT_GLOBAL_INFEASIBLE,0,E3_SITE_01_SEC_1_UE_1,0,0,0.8169329277011268,0.8169329277011268,0.7352396349310142,RELATIVE_0P9_CURRENT_LOAD_NOMINAL,True,False,True,0,0,0,1.0,1800.1223235022171,6.3398860210605505,1.2576396710246487
44018,0,54,FIXED_Q_FIXED_BEAM_JOINT_GLOBAL_INFEASIBLE,75,E3_SITE_07_SEC_1_UE_4,18,3,0.1753201540979634,0.1753201540979634,0.15778813868816705,RELATIVE_0P9_CURRENT_LOAD_NOMINAL,True,False,True,75,18,3,1.0,21156.838671655016,4.09744813703537,0.5425215907313369
44018,0,54,FIXED_Q_FIXED_BEAM_JOINT_GLOBAL_INFEASIBLE,178,E3_SITE_15_SEC_3_UE_3,44,2,0.4354593073905303,0.4354593073905303,0.3919133766514773,RELATIVE_0P9_CURRENT_LOAD_NOMINAL,True,False,True,178,44,2,1.0,2498016.3161340524,3.9204035831015496,0.7694195062397875
44018,0,54,FIXED_Q_FIXED_BEAM_JOINT_GLOBAL_INFEASIBLE,185,E3_SITE_16_SEC_2_UE_2,46,1,0.35607408902145665,0.35607408902145665,0.320466680119311,RELATIVE_0P9_CURRENT_LOAD_NOMINAL,True,False,True,185,46,1,1.0,41507972.58186236,3.5107927688859375,0.6518244375771932
44018,0,55,FIXED_Q_FIXED_BEAM_JOINT_GLOBAL_INFEASIBLE,0,E3_SITE_01_SEC_1_UE_1,0,0,0.8169329277011268,0.8169329277011268,0.7352396349310142,RELATIVE_0P9_CURRENT_LOAD_NOMINAL,True,False,True,0,0,0,1.0,3591.716234418372,6.339309840086347,1.2575820529272284
44018,0,55,FIXED_Q_FIXED_BEAM_JOINT_GLOBAL_INFEASIBLE,75,E3_SITE_07_SEC_1_UE_4,18,3,0.1753201540979634,0.1753201540979634,0.15778813868816705,RELATIVE_0P9_CURRENT_LOAD_NOMINAL,True,False,True,75,18,3,1.0,9334.323736291068,4.09740270291918,0.542517047319718
44018,0,55,FIXED_Q_FIXED_BEAM_JOINT_GLOBAL_INFEASIBLE,178,E3_SITE_15_SEC_3_UE_3,44,2,0.4354593073905303,0.4354593073905303,0.3919133766514773,RELATIVE_0P9_CURRENT_LOAD_NOMINAL,True,False,True,178,44,2,1.0,4984197.817759666,3.918128016563589,0.7691919495859914
44018,0,55,FIXED_Q_FIXED_BEAM_JOINT_GLOBAL_INFEASIBLE,185,E3_SITE_16_SEC_2_UE_2,46,1,0.35607408902145665,0.35607408902145665,0.320466680119311,RELATIVE_0P9_CURRENT_LOAD_NOMINAL,True,False,True,185,46,1,1.0,82819293.46335123,3.509165665542596,0.6516617272428591
44018,0,56,FIXED_Q_FIXED_BEAM_JOINT_GLOBAL_INFEASIBLE,0,E3_SITE_01_SEC_1_UE_1,0,0,0.8169329277011268,0.8169329277011268,0.7352396349310142,RELATIVE_0P9_CURRENT_LOAD_NOMINAL,True,False,True,0,0,0,1.0,1135.8004009765314,6.339309840086347,1.2575820529272284
44018,0,56,FIXED_Q_FIXED_BEAM_JOINT_GLOBAL_INFEASIBLE,75,E3_SITE_07_SEC_1_UE_4,18,3,0.1753201540979634,0.1753201540979634,0.15778813868816705,RELATIVE_0P9_CURRENT_LOAD_NOMINAL,True,False,True,75,18,3,1.0,9334.323736291068,4.09740270291918,0.542517047319718
44018,0,56,FIXED_Q_FIXED_BEAM_JOINT_GLOBAL_INFEASIBLE,178,E3_SITE_15_SEC_3_UE_3,44,2,0.4354593073905303,0.4354593073905303,0.3919133766514773,RELATIVE_0P9_CURRENT_LOAD_NOMINAL,True,False,True,178,44,2,1.0,2498016.3161340524,3.9204035831015496,0.7694195062397875
44018,0,56,FIXED_Q_FIXED_BEAM_JOINT_GLOBAL_INFEASIBLE,185,E3_SITE_16_SEC_2_UE_2,46,1,0.35607408902145665,0.35607408902145665,0.320466680119311,RELATIVE_0P9_CURRENT_LOAD_NOMINAL,True,False,True,185,46,1,1.0,41507972.58186236,3.5107927688859375,0.6518244375771932
44018,0,57,FIXED_Q_FIXED_BEAM_JOINT_GLOBAL_INFEASIBLE,0,E3_SITE_01_SEC_1_UE_1,0,0,0.8169329277011268,0.8169329277011268,0.7352396349310142,RELATIVE_0P9_CURRENT_LOAD_NOMINAL,True,False,True,0,0,0,1.0,2266.2197373951994,6.33890186705209,1.2575412556238026
44018,0,57,FIXED_Q_FIXED_BEAM_JOINT_GLOBAL_INFEASIBLE,75,E3_SITE_07_SEC_1_UE_4,18,3,0.1753201540979634,0.1753201540979634,0.15778813868816705,RELATIVE_0P9_CURRENT_LOAD_NOMINAL,True,False,True,75,18,3,1.0,9334.323736291068,4.09740270291918,0.542517047319718
44018,0,57,FIXED_Q_FIXED_BEAM_JOINT_GLOBAL_INFEASIBLE,178,E3_SITE_15_SEC_3_UE_3,44,2,0.4354593073905303,0.4354593073905303,0.3919133766514773,RELATIVE_0P9_CURRENT_LOAD_NOMINAL,True,False,True,178,44,2,1.0,4984197.817759666,3.918128016563589,0.7691919495859914
44018,0,57,FIXED_Q_FIXED_BEAM_JOINT_GLOBAL_INFEASIBLE,185,E3_SITE_16_SEC_2_UE_2,46,1,0.35607408902145665,0.35607408902145665,0.320466680119311,RELATIVE_0P9_CURRENT_LOAD_NOMINAL,True,False,True,185,46,1,1.0,82819293.46335123,3.509165665542596,0.6516617272428591
44018,0,58,FIXED_Q_FIXED_BEAM_JOINT_GLOBAL_INFEASIBLE,0,E3_SITE_01_SEC_1_UE_1,0,0,0.8169329277011268,0.8169329277011268,0.7352396349310142,RELATIVE_0P9_CURRENT_LOAD_NOMINAL,True,False,True,0,0,0,1.0,1135.8004009765314,6.339309840086347,1.2575820529272284
44018,0,58,FIXED_Q_FIXED_BEAM_JOINT_GLOBAL_INFEASIBLE,75,E3_SITE_07_SEC_1_UE_4,18,3,0.1753201540979634,0.1753201540979634,0.15778813868816705,RELATIVE_0P9_CURRENT_LOAD_NOMINAL,True,False,True,75,18,3,1.0,9334.323736291068,4.09740270291918,0.542517047319718
44018,0,58,FIXED_Q_FIXED_BEAM_JOINT_GLOBAL_INFEASIBLE,178,E3_SITE_15_SEC_3_UE_3,44,2,0.4354593073905303,0.4354593073905303,0.3919133766514773,RELATIVE_0P9_CURRENT_LOAD_NOMINAL,True,False,True,178,44,2,1.0,2498016.3161340524,3.9204035831015496,0.7694195062397875
44018,0,58,FIXED_Q_FIXED_BEAM_JOINT_GLOBAL_INFEASIBLE,185,E3_SITE_16_SEC_2_UE_2,46,1,0.35607408902145665,0.35607408902145665,0.320466680119311,RELATIVE_0P9_CURRENT_LOAD_NOMINAL,True,False,True,185,46,1,1.0,165246215.19977513,3.508013264354859,0.6515464871240854
44018,0,59,FIXED_Q_FIXED_BEAM_JOINT_GLOBAL_INFEASIBLE,0,E3_SITE_01_SEC_1_UE_1,0,0,0.8169329277011268,0.8169329277011268,0.7352396349310142,RELATIVE_0P9_CURRENT_LOAD_NOMINAL,True,False,True,0,0,0,1.0,2266.2197373951994,6.33890186705209,1.2575412556238026
44018,0,59,FIXED_Q_FIXED_BEAM_JOINT_GLOBAL_INFEASIBLE,75,E3_SITE_07_SEC_1_UE_4,18,3,0.1753201540979634,0.1753201540979634,0.15778813868816705,RELATIVE_0P9_CURRENT_LOAD_NOMINAL,True,False,True,75,18,3,1.0,9334.323736291068,4.09740270291918,0.542517047319718
44018,0,59,FIXED_Q_FIXED_BEAM_JOINT_GLOBAL_INFEASIBLE,178,E3_SITE_15_SEC_3_UE_3,44,2,0.4354593073905303,0.4354593073905303,0.3919133766514773,RELATIVE_0P9_CURRENT_LOAD_NOMINAL,True,False,True,178,44,2,1.0,4984197.817759666,3.918128016563589,0.7691919495859914
44018,0,59,FIXED_Q_FIXED_BEAM_JOINT_GLOBAL_INFEASIBLE,185,E3_SITE_16_SEC_2_UE_2,46,1,0.35607408902145665,0.35607408902145665,0.320466680119311,RELATIVE_0P9_CURRENT_LOAD_NOMINAL,True,False,True,185,46,1,1.0,329709545.8793477,3.5071971759178933,0.6514648782803888
44018,1,0,FIXED_Q_FIXED_BEAM_JOINT_GLOBAL_INFEASIBLE,0,E3_SITE_01_SEC_1_UE_1,0,0,0.8169329277011268,0.8169329277011268,0.7352396349310142,RELATIVE_0P9_CURRENT_LOAD_NOMINAL,True,False,True,0,0,0,1.0,4236.680249239622,6.338284931678524,1.257479562086446
44018,1,0,FIXED_Q_FIXED_BEAM_JOINT_GLOBAL_INFEASIBLE,75,E3_SITE_07_SEC_1_UE_4,18,3,0.1753201540979634,0.1753201540979634,0.15778813868816705,RELATIVE_0P9_CURRENT_LOAD_NOMINAL,True,False,True,75,18,3,1.0,2552.7768846314743,4.09740270291918,0.542517047319718
44018,1,0,FIXED_Q_FIXED_BEAM_JOINT_GLOBAL_INFEASIBLE,178,E3_SITE_15_SEC_3_UE_3,44,2,0.4354593073905303,0.4354593073905303,0.3919133766514773,RELATIVE_0P9_CURRENT_LOAD_NOMINAL,True,False,True,178,44,2,1.0,21699452262.439106,3.9126143685769494,0.7686405847873274
44018,1,0,FIXED_Q_FIXED_BEAM_JOINT_GLOBAL_INFEASIBLE,185,E3_SITE_16_SEC_2_UE_2,46,1,0.35607408902145665,0.35607408902145665,0.320466680119311,RELATIVE_0P9_CURRENT_LOAD_NOMINAL,True,False,True,185,46,1,1.0,52414893340.881905,3.505361053868895,0.651281266075489
44018,1,1,FIXED_Q_FIXED_BEAM_JOINT_GLOBAL_INFEASIBLE,0,E3_SITE_01_SEC_1_UE_1,0,0,0.8169329277011268,0.8169329277011268,0.7352396349310142,RELATIVE_0P9_CURRENT_LOAD_NOMINAL,True,False,True,0,0,0,1.0,4551.131759476537,6.338284931678524,1.257479562086446
44018,1,1,FIXED_Q_FIXED_BEAM_JOINT_GLOBAL_INFEASIBLE,75,E3_SITE_07_SEC_1_UE_4,18,3,0.1753201540979634,0.1753201540979634,0.15778813868816705,RELATIVE_0P9_CURRENT_LOAD_NOMINAL,True,False,True,75,18,3,1.0,2741.156993776976,4.09740270291918,0.542517047319718
44018,1,1,FIXED_Q_FIXED_BEAM_JOINT_GLOBAL_INFEASIBLE,178,E3_SITE_15_SEC_3_UE_3,44,2,0.4354593073905303,0.4354593073905303,0.3919133766514773,RELATIVE_0P9_CURRENT_LOAD_NOMINAL,True,False,True,178,44,2,1.0,24227463931.312775,3.9126143685769494,0.7686405847873274
44018,1,1,FIXED_Q_FIXED_BEAM_JOINT_GLOBAL_INFEASIBLE,185,E3_SITE_16_SEC_2_UE_2,46,1,0.35607408902145665,0.35607408902145665,0.320466680119311,RELATIVE_0P9_CURRENT_LOAD_NOMINAL,True,False,True,185,46,1,1.0,54686581737.90407,3.505361053868895,0.651281266075489
44018,1,2,FIXED_Q_FIXED_BEAM_JOINT_GLOBAL_INFEASIBLE,0,E3_SITE_01_SEC_1_UE_1,0,0,0.8169329277011268,0.8169329277011268,0.7352396349310142,RELATIVE_0P9_CURRENT_LOAD_NOMINAL,True,False,True,0,0,0,1.0,3882.58289754284,6.338330347961824,1.2574841037147761
44018,1,2,FIXED_Q_FIXED_BEAM_JOINT_GLOBAL_INFEASIBLE,75,E3_SITE_07_SEC_1_UE_4,18,3,0.1753201540979634,0.1753201540979634,0.15778813868816705,RELATIVE_0P9_CURRENT_LOAD_NOMINAL,True,False,True,75,18,3,1.0,2337.4857205478065,4.09743307760793,0.5425200847885929
44018,1,2,FIXED_Q_FIXED_BEAM_JOINT_GLOBAL_INFEASIBLE,178,E3_SITE_15_SEC_3_UE_3,44,2,0.4354593073905303,0.4354593073905303,0.3919133766514773,RELATIVE_0P9_CURRENT_LOAD_NOMINAL,True,False,True,178,44,2,1.0,21530198760.725365,3.9126154860162794,0.7686406965312604
44018,1,2,FIXED_Q_FIXED_BEAM_JOINT_GLOBAL_INFEASIBLE,185,E3_SITE_16_SEC_2_UE_2,46,1,0.35607408902145665,0.35607408902145665,0.320466680119311,RELATIVE_0P9_CURRENT_LOAD_NOMINAL,True,False,True,185,46,1,1.0,45344731790.18415,3.505378496923058,0.6512830103809053
44018,1,3,FIXED_Q_FIXED_BEAM_JOINT_GLOBAL_INFEASIBLE,0,E3_SITE_01_SEC_1_UE_1,0,0,0.8169329277011268,0.8169329277011268,0.7352396349310142,RELATIVE_0P9_CURRENT_LOAD_NOMINAL,True,False,True,0,0,0,1.0,2089.4580957634735,6.338502627425499,1.2575013316611434
44018,1,3,FIXED_Q_FIXED_BEAM_JOINT_GLOBAL_INFEASIBLE,75,E3_SITE_07_SEC_1_UE_4,18,3,0.1753201540979634,0.1753201540979634,0.15778813868816705,RELATIVE_0P9_CURRENT_LOAD_NOMINAL,True,False,True,75,18,3,1.0,1257.3724006360023,4.097548300943037,0.5425316071221036
44018,1,3,FIXED_Q_FIXED_BEAM_JOINT_GLOBAL_INFEASIBLE,178,E3_SITE_15_SEC_3_UE_3,44,2,0.4354593073905303,0.4354593073905303,0.3919133766514773,RELATIVE_0P9_CURRENT_LOAD_NOMINAL,True,False,True,178,44,2,1.0,12088955660.858519,3.9126197249980312,0.7686411204294357
44018,1,3,FIXED_Q_FIXED_BEAM_JOINT_GLOBAL_INFEASIBLE,185,E3_SITE_16_SEC_2_UE_2,46,1,0.35607408902145665,0.35607408902145665,0.320466680119311,RELATIVE_0P9_CURRENT_LOAD_NOMINAL,True,False,True,185,46,1,1.0,23735143863.116745,3.505444665960307,0.6512896272846302
44018,1,4,FIXED_Q_FIXED_BEAM_JOINT_GLOBAL_INFEASIBLE,0,E3_SITE_01_SEC_1_UE_1,0,0,0.8169329277011268,0.8169329277011268,0.7352396349310142,RELATIVE_0P9_CURRENT_LOAD_NOMINAL,True,False,True,0,0,0,1.0,1124.2501216794649,6.338745961478256,1.2575256650664193
44018,1,4,FIXED_Q_FIXED_BEAM_JOINT_GLOBAL_INFEASIBLE,75,E3_SITE_07_SEC_1_UE_4,18,3,0.1753201540979634,0.1753201540979634,0.15778813868816705,RELATIVE_0P9_CURRENT_LOAD_NOMINAL,True,False,True,75,18,3,1.0,676.2156636383136,4.097711051536496,0.5425478821814496
44018,1,4,FIXED_Q_FIXED_BEAM_JOINT_GLOBAL_INFEASIBLE,178,E3_SITE_15_SEC_3_UE_3,44,2,0.4354593073905303,0.4354593073905303,0.3919133766514773,RELATIVE_0P9_CURRENT_LOAD_NOMINAL,True,False,True,178,44,2,1.0,6793545294.490087,3.91262571270927,0.7686417192005595
44018,1,4,FIXED_Q_FIXED_BEAM_JOINT_GLOBAL_INFEASIBLE,185,E3_SITE_16_SEC_2_UE_2,46,1,0.35607408902145665,0.35607408902145665,0.320466680119311,RELATIVE_0P9_CURRENT_LOAD_NOMINAL,True,False,True,185,46,1,1.0,12430114088.598656,3.5055381298784356,0.6512989736764431
44018,1,5,FIXED_Q_FIXED_BEAM_JOINT_GLOBAL_INFEASIBLE,0,E3_SITE_01_SEC_1_UE_1,0,0,0.8169329277011268,0.8169329277011268,0.7352396349310142,RELATIVE_0P9_CURRENT_LOAD_NOMINAL,True,False,True,0,0,0,1.0,604.8030352660462,6.339089645734992,1.2575600334920929
44018,1,5,FIXED_Q_FIXED_BEAM_JOINT_GLOBAL_INFEASIBLE,75,E3_SITE_07_SEC_1_UE_4,18,3,0.1753201540979634,0.1753201540979634,0.15778813868816705,RELATIVE_0P9_CURRENT_LOAD_NOMINAL,True,False,True,75,18,3,1.0,363.59657509885426,4.097940929506115,0.5425708699784114
44018,1,5,FIXED_Q_FIXED_BEAM_JOINT_GLOBAL_INFEASIBLE,178,E3_SITE_15_SEC_3_UE_3,44,2,0.4354593073905303,0.4354593073905303,0.3919133766514773,RELATIVE_0P9_CURRENT_LOAD_NOMINAL,True,False,True,178,44,2,1.0,3819260499.3904347,3.9126341705569736,0.7686425649853299
44018,1,5,FIXED_Q_FIXED_BEAM_JOINT_GLOBAL_INFEASIBLE,185,E3_SITE_16_SEC_2_UE_2,46,1,0.35607408902145665,0.35607408902145665,0.320466680119311,RELATIVE_0P9_CURRENT_LOAD_NOMINAL,True,False,True,185,46,1,1.0,6512924926.913771,3.5056701465205995,0.6513121753406594
44018,1,6,FIXED_Q_FIXED_BEAM_JOINT_GLOBAL_INFEASIBLE,0,E3_SITE_01_SEC_1_UE_1,0,0,0.8169329277011268,0.8169329277011268,0.7352396349310142,RELATIVE_0P9_CURRENT_LOAD_NOMINAL,True,False,True,0,0,0,1.0,325.3064379592011,6.339575044372152,1.257608573355809
44018,1,6,FIXED_Q_FIXED_BEAM_JOINT_GLOBAL_INFEASIBLE,75,E3_SITE_07_SEC_1_UE_4,18,3,0.1753201540979634,0.1753201540979634,0.15778813868816705,RELATIVE_0P9_CURRENT_LOAD_NOMINAL,True,False,True,75,18,3,1.0,369.5904601981735,4.097960852175172,0.5425728622453171
44018,1,6,FIXED_Q_FIXED_BEAM_JOINT_GLOBAL_INFEASIBLE,178,E3_SITE_15_SEC_3_UE_3,44,2,0.4354593073905303,0.4354593073905303,0.3919133766514773,RELATIVE_0P9_CURRENT_LOAD_NOMINAL,True,False,True,178,44,2,1.0,2147247832.6226442,3.9126461175460374,0.7686437596842363
44018,1,6,FIXED_Q_FIXED_BEAM_JOINT_GLOBAL_INFEASIBLE,185,E3_SITE_16_SEC_2_UE_2,46,1,0.35607408902145665,0.35607408902145665,0.320466680119311,RELATIVE_0P9_CURRENT_LOAD_NOMINAL,True,False,True,185,46,1,1.0,3414243396.917513,3.5058566157043716,0.6513308222590366
44018,1,7,FIXED_Q_FIXED_BEAM_JOINT_GLOBAL_INFEASIBLE,0,E3_SITE_01_SEC_1_UE_1,0,0,0.8169329277011268,0.8169329277011268,0.7352396349310142,RELATIVE_0P9_CURRENT_LOAD_NOMINAL,True,False,True,0,0,0,1.0,174.94656574321084,6.340260551982406,1.2576771241168343
44018,1,7,FIXED_Q_FIXED_BEAM_JOINT_GLOBAL_INFEASIBLE,75,E3_SITE_07_SEC_1_UE_4,18,3,0.1753201540979634,0.1753201540979634,0.15778813868816705,RELATIVE_0P9_CURRENT_LOAD_NOMINAL,True,False,True,75,18,3,1.0,790.8679797651093,4.097725157192485,0.5425492927470484
44018,1,7,FIXED_Q_FIXED_BEAM_JOINT_GLOBAL_INFEASIBLE,178,E3_SITE_15_SEC_3_UE_3,44,2,0.4354593073905303,0.4354593073905303,0.3919133766514773,RELATIVE_0P9_CURRENT_LOAD_NOMINAL,True,False,True,178,44,2,1.0,1206929321.3511982,3.9126629930400876,0.7686454472336413
44018,1,7,FIXED_Q_FIXED_BEAM_JOINT_GLOBAL_INFEASIBLE,185,E3_SITE_16_SEC_2_UE_2,46,1,0.35607408902145665,0.35607408902145665,0.320466680119311,RELATIVE_0P9_CURRENT_LOAD_NOMINAL,True,False,True,185,46,1,1.0,1790730790.0222058,3.5061199919136796,0.6513571598799675
44018,1,8,FIXED_Q_FIXED_BEAM_JOINT_GLOBAL_INFEASIBLE,0,E3_SITE_01_SEC_1_UE_1,0,0,0.8169329277011268,0.8169329277011268,0.7352396349310142,RELATIVE_0P9_CURRENT_LOAD_NOMINAL,True,False,True,0,0,0,1.0,94.0717046969508,6.341228585615059,1.2577739274800996
44018,1,8,FIXED_Q_FIXED_BEAM_JOINT_GLOBAL_INFEASIBLE,75,E3_SITE_07_SEC_1_UE_4,18,3,0.1753201540979634,0.1753201540979634,0.15778813868816705,RELATIVE_0P9_CURRENT_LOAD_NOMINAL,True,False,True,75,18,3,1.0,1692.0890301377135,4.09755828772782,0.5425326058005819
44018,1,8,FIXED_Q_FIXED_BEAM_JOINT_GLOBAL_INFEASIBLE,178,E3_SITE_15_SEC_3_UE_3,44,2,0.4354593073905303,0.4354593073905303,0.3919133766514773,RELATIVE_0P9_CURRENT_LOAD_NOMINAL,True,False,True,178,44,2,1.0,678081480.6326487,3.9126868301562885,0.7686478309452613
44018,1,8,FIXED_Q_FIXED_BEAM_JOINT_GLOBAL_INFEASIBLE,185,E3_SITE_16_SEC_2_UE_2,46,1,0.35607408902145665,0.35607408902145665,0.320466680119311,RELATIVE_0P9_CURRENT_LOAD_NOMINAL,True,False,True,185,46,1,1.0,939688098.9305452,3.5064919837635147,0.6513943590649509
44018,1,9,FIXED_Q_FIXED_BEAM_JOINT_GLOBAL_INFEASIBLE,0,E3_SITE_01_SEC_1_UE_1,0,0,0.8169329277011268,0.8169329277011268,0.7352396349310142,RELATIVE_0P9_CURRENT_LOAD_NOMINAL,True,False,True,0,0,0,1.0,90.10789823025554,6.341420904346239,1.2577931593532177
44018,1,9,FIXED_Q_FIXED_BEAM_JOINT_GLOBAL_INFEASIBLE,75,E3_SITE_07_SEC_1_UE_4,18,3,0.1753201540979634,0.1753201540979634,0.15778813868816705,RELATIVE_0P9_CURRENT_LOAD_NOMINAL,True,False,True,75,18,3,1.0,2378.8328858438645,4.097505334256665,0.5425273104534665
44018,1,9,FIXED_Q_FIXED_BEAM_JOINT_GLOBAL_INFEASIBLE,178,E3_SITE_15_SEC_3_UE_3,44,2,0.4354593073905303,0.4354593073905303,0.3919133766514773,RELATIVE_0P9_CURRENT_LOAD_NOMINAL,True,False,True,178,44,2,1.0,380722441.18108994,3.9127205006731445,0.768651197996947
44018,1,9,FIXED_Q_FIXED_BEAM_JOINT_GLOBAL_INFEASIBLE,185,E3_SITE_16_SEC_2_UE_2,46,1,0.35607408902145665,0.35607408902145665,0.320466680119311,RELATIVE_0P9_CURRENT_LOAD_NOMINAL,True,False,True,185,46,1,1.0,493350012.88383317,3.507017362539792,0.6514468969425786
44018,1,10,FIXED_Q_FIXED_BEAM_JOINT_GLOBAL_INFEASIBLE,0,E3_SITE_01_SEC_1_UE_1,0,0,0.8169329277011268,0.8169329277011268,0.7352396349310142,RELATIVE_0P9_CURRENT_LOAD_NOMINAL,True,False,True,0,0,0,1.0,85.9839037493223,6.341632929956407,1.2578143619142343
44018,1,10,FIXED_Q_FIXED_BEAM_JOINT_GLOBAL_INFEASIBLE,75,E3_SITE_07_SEC_1_UE_4,18,3,0.1753201540979634,0.1753201540979634,0.15778813868816705,RELATIVE_0P9_CURRENT_LOAD_NOMINAL,True,False,True,75,18,3,1.0,2025.7194344948218,4.09754823053233,0.542531600081033
44018,1,10,FIXED_Q_FIXED_BEAM_JOINT_GLOBAL_INFEASIBLE,178,E3_SITE_15_SEC_3_UE_3,44,2,0.4354593073905303,0.4354593073905303,0.3919133766514773,RELATIVE_0P9_CURRENT_LOAD_NOMINAL,True,False,True,178,44,2,1.0,213602580.48669797,3.9127680609343427,0.7686559540230669
44018,1,10,FIXED_Q_FIXED_BEAM_JOINT_GLOBAL_INFEASIBLE,185,E3_SITE_16_SEC_2_UE_2,46,1,0.35607408902145665,0.35607408902145665,0.320466680119311,RELATIVE_0P9_CURRENT_LOAD_NOMINAL,True,False,True,185,46,1,1.0,259146368.94805065,3.507759332823226,0.6515210939709221
44018,1,11,FIXED_Q_FIXED_BEAM_JOINT_GLOBAL_INFEASIBLE,0,E3_SITE_01_SEC_1_UE_1,0,0,0.8169329277011268,0.8169329277011268,0.7352396349310142,RELATIVE_0P9_CURRENT_LOAD_NOMINAL,True,False,True,0,0,0,1.0,73.25486288316003,6.342086545736112,1.2578597234922049
44018,1,11,FIXED_Q_FIXED_BEAM_JOINT_GLOBAL_INFEASIBLE,75,E3_SITE_07_SEC_1_UE_4,18,3,0.1753201540979634,0.1753201540979634,0.15778813868816705,RELATIVE_0P9_CURRENT_LOAD_NOMINAL,True,False,True,75,18,3,1.0,2171.4759443053035,4.09754823053233,0.542531600081033
44018,1,11,FIXED_Q_FIXED_BEAM_JOINT_GLOBAL_INFEASIBLE,178,E3_SITE_15_SEC_3_UE_3,44,2,0.4354593073905303,0.4354593073905303,0.3919133766514773,RELATIVE_0P9_CURRENT_LOAD_NOMINAL,True,False,True,178,44,2,1.0,119739154.15050782,3.912835240375815,0.768662671967214
44018,1,11,FIXED_Q_FIXED_BEAM_JOINT_GLOBAL_INFEASIBLE,185,E3_SITE_16_SEC_2_UE_2,46,1,0.35607408902145665,0.35607408902145665,0.320466680119311,RELATIVE_0P9_CURRENT_LOAD_NOMINAL,True,False,True,185,46,1,1.0,136192885.6930845,3.508807100598108,0.6516258707484103
44018,1,12,FIXED_Q_FIXED_BEAM_JOINT_GLOBAL_INFEASIBLE,0,E3_SITE_01_SEC_1_UE_1,0,0,0.8169329277011268,0.8169329277011268,0.7352396349310142,RELATIVE_0P9_CURRENT_LOAD_NOMINAL,True,False,True,0,0,0,1.0,78.56443042840694,6.342086545736112,1.2578597234922049
44018,1,12,FIXED_Q_FIXED_BEAM_JOINT_GLOBAL_INFEASIBLE,75,E3_SITE_07_SEC_1_UE_4,18,3,0.1753201540979634,0.1753201540979634,0.15778813868816705,RELATIVE_0P9_CURRENT_LOAD_NOMINAL,True,False,True,75,18,3,1.0,2234.7135224292833,4.09755828772782,0.5425326058005819
44018,1,12,FIXED_Q_FIXED_BEAM_JOINT_GLOBAL_INFEASIBLE,178,E3_SITE_15_SEC_3_UE_3,44,2,0.4354593073905303,0.4354593073905303,0.3919133766514773,RELATIVE_0P9_CURRENT_LOAD_NOMINAL,True,False,True,178,44,2,1.0,67061044.427474394,3.9129301314387557,0.7686721610735081
44018,1,12,FIXED_Q_FIXED_BEAM_JOINT_GLOBAL_INFEASIBLE,185,E3_SITE_16_SEC_2_UE_2,46,1,0.35607408902145665,0.35607408902145665,0.320466680119311,RELATIVE_0P9_CURRENT_LOAD_NOMINAL,True,False,True,185,46,1,1.0,71611688.66920438,3.510286527437465,0.651773813432346
44018,1,13,FIXED_Q_FIXED_BEAM_JOINT_GLOBAL_INFEASIBLE,0,E3_SITE_01_SEC_1_UE_1,0,0,0.8169329277011268,0.8169329277011268,0.7352396349310142,RELATIVE_0P9_CURRENT_LOAD_NOMINAL,True,False,True,0,0,0,1.0,84.25453712896986,6.342086545736112,1.2578597234922049
44018,1,13,FIXED_Q_FIXED_BEAM_JOINT_GLOBAL_INFEASIBLE,75,E3_SITE_07_SEC_1_UE_4,18,3,0.1753201540979634,0.1753201540979634,0.15778813868816705,RELATIVE_0P9_CURRENT_LOAD_NOMINAL,True,False,True,75,18,3,1.0,2494.7127570992043,4.09754823053233,0.542531600081033
44018,1,13,FIXED_Q_FIXED_BEAM_JOINT_GLOBAL_INFEASIBLE,178,E3_SITE_15_SEC_3_UE_3,44,2,0.4354593073905303,0.4354593073905303,0.3919133766514773,RELATIVE_0P9_CURRENT_LOAD_NOMINAL,True,False,True,178,44,2,1.0,37522498.229997456,3.9130641637988095,0.7686855643095134
44018,1,13,FIXED_Q_FIXED_BEAM_JOINT_GLOBAL_INFEASIBLE,185,E3_SITE_16_SEC_2_UE_2,46,1,0.35607408902145665,0.35607408902145665,0.320466680119311,RELATIVE_0P9_CURRENT_LOAD_NOMINAL,True,False,True,185,46,1,1.0,37673382.90027578,3.51237510817337,0.6519826715059365
44018,1,14,FIXED_Q_FIXED_BEAM_JOINT_GLOBAL_INFEASIBLE,0,E3_SITE_01_SEC_1_UE_1,0,0,0.8169329277011268,0.8169329277011268,0.7352396349310142,RELATIVE_0P9_CURRENT_LOAD_NOMINAL,True,False,True,0,0,0,1.0,101.56601953948285,6.341848684529979,1.2578359373715915
44018,1,14,FIXED_Q_FIXED_BEAM_JOINT_GLOBAL_INFEASIBLE,75,E3_SITE_07_SEC_1_UE_4,18,3,0.1753201540979634,0.1753201540979634,0.15778813868816705,RELATIVE_0P9_CURRENT_LOAD_NOMINAL,True,False,True,75,18,3,1.0,2673.78652269661,4.09754823053233,0.542531600081033
44018,1,14,FIXED_Q_FIXED_BEAM_JOINT_GLOBAL_INFEASIBLE,178,E3_SITE_15_SEC_3_UE_3,44,2,0.4354593073905303,0.4354593073905303,0.3919133766514773,RELATIVE_0P9_CURRENT_LOAD_NOMINAL,True,False,True,178,44,2,1.0,20974491.422963776,3.9132534799052006,0.7687044959201526
44018,1,14,FIXED_Q_FIXED_BEAM_JOINT_GLOBAL_INFEASIBLE,185,E3_SITE_16_SEC_2_UE_2,46,1,0.35607408902145665,0.35607408902145665,0.320466680119311,RELATIVE_0P9_CURRENT_LOAD_NOMINAL,True,False,True,185,46,1,1.0,19829311.990117326,3.5153229846992424,0.6522774591585238
44018,1,15,FIXED_Q_FIXED_BEAM_JOINT_GLOBAL_INFEASIBLE,0,E3_SITE_01_SEC_1_UE_1,0,0,0.8169329277011268,0.8169329277011268,0.7352396349310142,RELATIVE_0P9_CURRENT_LOAD_NOMINAL,True,False,True,0,0,0,1.0,121.98090262490112,6.341632929956407,1.2578143619142343
44018,1,15,FIXED_Q_FIXED_BEAM_JOINT_GLOBAL_INFEASIBLE,75,E3_SITE_07_SEC_1_UE_4,18,3,0.1753201540979634,0.1753201540979634,0.15778813868816705,RELATIVE_0P9_CURRENT_LOAD_NOMINAL,True,False,True,75,18,3,1.0,3607.6629477588585,4.097505334256665,0.5425273104534665
44018,1,15,FIXED_Q_FIXED_BEAM_JOINT_GLOBAL_INFEASIBLE,178,E3_SITE_15_SEC_3_UE_3,44,2,0.4354593073905303,0.4354593073905303,0.3919133766514773,RELATIVE_0P9_CURRENT_LOAD_NOMINAL,True,False,True,178,44,2,1.0,11712962.393526832,3.913520876792264,0.7687312356088589
44018,1,15,FIXED_Q_FIXED_BEAM_JOINT_GLOBAL_INFEASIBLE,185,E3_SITE_16_SEC_2_UE_2,46,1,0.35607408902145665,0.35607408902145665,0.320466680119311,RELATIVE_0P9_CURRENT_LOAD_NOMINAL,True,False,True,185,46,1,1.0,10442492.490625974,3.5194823453214683,0.6526933952207463
44018,1,16,FIXED_Q_FIXED_BEAM_JOINT_GLOBAL_INFEASIBLE,0,E3_SITE_01_SEC_1_UE_1,0,0,0.8169329277011268,0.8169329277011268,0.7352396349310142,RELATIVE_0P9_CURRENT_LOAD_NOMINAL,True,False,True,0,0,0,1.0,207.31850701716914,6.340868166580994,1.257737885576693
44018,1,16,FIXED_Q_FIXED_BEAM_JOINT_GLOBAL_INFEASIBLE,75,E3_SITE_07_SEC_1_UE_4,18,3,0.1753201540979634,0.1753201540979634,0.15778813868816705,RELATIVE_0P9_CURRENT_LOAD_NOMINAL,True,False,True,75,18,3,1.0,5602.355324192156,4.09744813703537,0.5425215907313369
44018,1,16,FIXED_Q_FIXED_BEAM_JOINT_GLOBAL_INFEASIBLE,178,E3_SITE_15_SEC_3_UE_3,44,2,0.4354593073905303,0.4354593073905303,0.3919133766514773,RELATIVE_0P9_CURRENT_LOAD_NOMINAL,True,False,True,178,44,2,1.0,7051858.346086052,3.9138424482373577,0.7687633927533684
44018,1,16,FIXED_Q_FIXED_BEAM_JOINT_GLOBAL_INFEASIBLE,185,E3_SITE_16_SEC_2_UE_2,46,1,0.35607408902145665,0.35607408902145665,0.320466680119311,RELATIVE_0P9_CURRENT_LOAD_NOMINAL,True,False,True,185,46,1,1.0,5502061.120719463,3.52534839065471,0.6532799997540705
44018,1,17,FIXED_Q_FIXED_BEAM_JOINT_GLOBAL_INFEASIBLE,0,E3_SITE_01_SEC_1_UE_1,0,0,0.8169329277011268,0.8169329277011268,0.7352396349310142,RELATIVE_0P9_CURRENT_LOAD_NOMINAL,True,False,True,0,0,0,1.0,222.32691957344545,6.340868166580994,1.257737885576693
44018,1,17,FIXED_Q_FIXED_BEAM_JOINT_GLOBAL_INFEASIBLE,75,E3_SITE_07_SEC_1_UE_4,18,3,0.1753201540979634,0.1753201540979634,0.15778813868816705,RELATIVE_0P9_CURRENT_LOAD_NOMINAL,True,False,True,75,18,3,1.0,6004.5354478126055,4.09744813703537,0.5425215907313369
44018,1,17,FIXED_Q_FIXED_BEAM_JOINT_GLOBAL_INFEASIBLE,178,E3_SITE_15_SEC_3_UE_3,44,2,0.4354593073905303,0.4354593073905303,0.3919133766514773,RELATIVE_0P9_CURRENT_LOAD_NOMINAL,True,False,True,178,44,2,1.0,7842256.6147388,3.9138424482373577,0.7687633927533684
44018,1,17,FIXED_Q_FIXED_BEAM_JOINT_GLOBAL_INFEASIBLE,185,E3_SITE_16_SEC_2_UE_2,46,1,0.35607408902145665,0.35607408902145665,0.320466680119311,RELATIVE_0P9_CURRENT_LOAD_NOMINAL,True,False,True,185,46,1,1.0,3190438.891766861,3.5322865976875133,0.6539738204573509
44018,1,18,FIXED_Q_FIXED_BEAM_JOINT_GLOBAL_INFEASIBLE,0,E3_SITE_01_SEC_1_UE_1,0,0,0.8169329277011268,0.8169329277011268,0.7352396349310142,RELATIVE_0P9_CURRENT_LOAD_NOMINAL,True,False,True,0,0,0,1.0,238.42997497752927,6.340868166580994,1.257737885576693
44018,1,18,FIXED_Q_FIXED_BEAM_JOINT_GLOBAL_INFEASIBLE,75,E3_SITE_07_SEC_1_UE_4,18,3,0.1753201540979634,0.1753201540979634,0.15778813868816705,RELATIVE_0P9_CURRENT_LOAD_NOMINAL,True,False,True,75,18,3,1.0,6435.824677064077,4.09744813703537,0.5425215907313369
44018,1,18,FIXED_Q_FIXED_BEAM_JOINT_GLOBAL_INFEASIBLE,178,E3_SITE_15_SEC_3_UE_3,44,2,0.4354593073905303,0.4354593073905303,0.3919133766514773,RELATIVE_0P9_CURRENT_LOAD_NOMINAL,True,False,True,178,44,2,1.0,8073990.881967454,3.9138985465894813,0.7687690025885807
44018,1,18,FIXED_Q_FIXED_BEAM_JOINT_GLOBAL_INFEASIBLE,185,E3_SITE_16_SEC_2_UE_2,46,1,0.35607408902145665,0.35607408902145665,0.320466680119311,RELATIVE_0P9_CURRENT_LOAD_NOMINAL,True,False,True,185,46,1,1.0,1962356.542237552,3.5402302410494553,0.654768184793545
44018,1,19,FIXED_Q_FIXED_BEAM_JOINT_GLOBAL_INFEASIBLE,0,E3_SITE_01_SEC_1_UE_1,0,0,0.8169329277011268,0.8169329277011268,0.7352396349310142,RELATIVE_0P9_CURRENT_LOAD_NOMINAL,True,False,True,0,0,0,1.0,321.92246480174396,6.340546905626646,1.2577057594812584
44018,1,19,FIXED_Q_FIXED_BEAM_JOINT_GLOBAL_INFEASIBLE,75,E3_SITE_07_SEC_1_UE_4,18,3,0.1753201540979634,0.1753201540979634,0.15778813868816705,RELATIVE_0P9_CURRENT_LOAD_NOMINAL,True,False,True,75,18,3,1.0,8191.56680588516,4.097424113803365,0.5425191884081364
44018,1,19,FIXED_Q_FIXED_BEAM_JOINT_GLOBAL_INFEASIBLE,178,E3_SITE_15_SEC_3_UE_3,44,2,0.4354593073905303,0.4354593073905303,0.3919133766514773,RELATIVE_0P9_CURRENT_LOAD_NOMINAL,True,False,True,178,44,2,1.0,17882304.378523808,3.913520876792264,0.7687312356088589
44018,1,19,FIXED_Q_FIXED_BEAM_JOINT_GLOBAL_INFEASIBLE,185,E3_SITE_16_SEC_2_UE_2,46,1,0.35607408902145665,0.35607408902145665,0.320466680119311,RELATIVE_0P9_CURRENT_LOAD_NOMINAL,True,False,True,185,46,1,1.0,2601239.722434191,3.5364412366607465,0.6543892843546741
44018,1,40,FIXED_Q_FIXED_BEAM_JOINT_GLOBAL_INFEASIBLE,0,E3_SITE_01_SEC_1_UE_1,0,0,0.8169329277011268,0.8169329277011268,0.7352396349310142,RELATIVE_0P9_CURRENT_LOAD_NOMINAL,True,False,True,0,0,0,1.0,50640.6945976038,6.338284931678524,1.257479562086446
44018,1,40,FIXED_Q_FIXED_BEAM_JOINT_GLOBAL_INFEASIBLE,75,E3_SITE_07_SEC_1_UE_4,18,3,0.1753201540979634,0.1753201540979634,0.15778813868816705,RELATIVE_0P9_CURRENT_LOAD_NOMINAL,True,False,True,75,18,3,1.0,29517.723424052685,4.09740270291918,0.542517047319718
44018,1,40,FIXED_Q_FIXED_BEAM_JOINT_GLOBAL_INFEASIBLE,178,E3_SITE_15_SEC_3_UE_3,44,2,0.4354593073905303,0.4354593073905303,0.3919133766514773,RELATIVE_0P9_CURRENT_LOAD_NOMINAL,True,False,True,178,44,2,1.0,14651918.912274282,3.91537437206931,0.7689165851365636
44018,1,40,FIXED_Q_FIXED_BEAM_JOINT_GLOBAL_INFEASIBLE,185,E3_SITE_16_SEC_2_UE_2,46,1,0.35607408902145665,0.35607408902145665,0.320466680119311,RELATIVE_0P9_CURRENT_LOAD_NOMINAL,True,False,True,185,46,1,1.0,264238902.37396052,3.5088735746215836,0.6516325181507578
44018,1,41,FIXED_Q_FIXED_BEAM_JOINT_GLOBAL_INFEASIBLE,0,E3_SITE_01_SEC_1_UE_1,0,0,0.8169329277011268,0.8169329277011268,0.7352396349310142,RELATIVE_0P9_CURRENT_LOAD_NOMINAL,True,False,True,0,0,0,1.0,40225.33354492614,6.338330347961824,1.2574841037147761
44018,1,41,FIXED_Q_FIXED_BEAM_JOINT_GLOBAL_INFEASIBLE,75,E3_SITE_07_SEC_1_UE_4,18,3,0.1753201540979634,0.1753201540979634,0.15778813868816705,RELATIVE_0P9_CURRENT_LOAD_NOMINAL,True,False,True,75,18,3,1.0,23446.761140512306,4.09743307760793,0.5425200847885929
44018,1,41,FIXED_Q_FIXED_BEAM_JOINT_GLOBAL_INFEASIBLE,178,E3_SITE_15_SEC_3_UE_3,44,2,0.4354593073905303,0.4354593073905303,0.3919133766514773,RELATIVE_0P9_CURRENT_LOAD_NOMINAL,True,False,True,178,44,2,1.0,8030123.78880558,3.9165160513808206,0.7690307530677145
44018,1,41,FIXED_Q_FIXED_BEAM_JOINT_GLOBAL_INFEASIBLE,185,E3_SITE_16_SEC_2_UE_2,46,1,0.35607408902145665,0.35607408902145665,0.320466680119311,RELATIVE_0P9_CURRENT_LOAD_NOMINAL,True,False,True,185,46,1,1.0,132433164.49751198,3.5103803829224987,0.6517831989808494
44018,1,42,FIXED_Q_FIXED_BEAM_JOINT_GLOBAL_INFEASIBLE,0,E3_SITE_01_SEC_1_UE_1,0,0,0.8169329277011268,0.8169329277011268,0.7352396349310142,RELATIVE_0P9_CURRENT_LOAD_NOMINAL,True,False,True,0,0,0,1.0,20160.423641111454,6.338502627425499,1.2575013316611434
44018,1,42,FIXED_Q_FIXED_BEAM_JOINT_GLOBAL_INFEASIBLE,75,E3_SITE_07_SEC_1_UE_4,18,3,0.1753201540979634,0.1753201540979634,0.15778813868816705,RELATIVE_0P9_CURRENT_LOAD_NOMINAL,True,False,True,75,18,3,1.0,11751.217353531418,4.097548300943037,0.5425316071221036
44018,1,42,FIXED_Q_FIXED_BEAM_JOINT_GLOBAL_INFEASIBLE,178,E3_SITE_15_SEC_3_UE_3,44,2,0.4354593073905303,0.4354593073905303,0.3919133766514773,RELATIVE_0P9_CURRENT_LOAD_NOMINAL,True,False,True,178,44,2,1.0,4397491.076140742,3.918128016563589,0.7691919495859914
44018,1,42,FIXED_Q_FIXED_BEAM_JOINT_GLOBAL_INFEASIBLE,185,E3_SITE_16_SEC_2_UE_2,46,1,0.35607408902145665,0.35607408902145665,0.320466680119311,RELATIVE_0P9_CURRENT_LOAD_NOMINAL,True,False,True,185,46,1,1.0,66373811.355012976,3.5125075997030444,0.6519959206589039
44018,1,43,FIXED_Q_FIXED_BEAM_JOINT_GLOBAL_INFEASIBLE,0,E3_SITE_01_SEC_1_UE_1,0,0,0.8169329277011268,0.8169329277011268,0.7352396349310142,RELATIVE_0P9_CURRENT_LOAD_NOMINAL,True,False,True,0,0,0,1.0,10104.146953442447,6.338745961478256,1.2575256650664193
44018,1,43,FIXED_Q_FIXED_BEAM_JOINT_GLOBAL_INFEASIBLE,75,E3_SITE_07_SEC_1_UE_4,18,3,0.1753201540979634,0.1753201540979634,0.15778813868816705,RELATIVE_0P9_CURRENT_LOAD_NOMINAL,True,False,True,75,18,3,1.0,23446.761140512306,4.09743307760793,0.5425200847885929
44018,1,43,FIXED_Q_FIXED_BEAM_JOINT_GLOBAL_INFEASIBLE,178,E3_SITE_15_SEC_3_UE_3,44,2,0.4354593073905303,0.4354593073905303,0.3919133766514773,RELATIVE_0P9_CURRENT_LOAD_NOMINAL,True,False,True,178,44,2,1.0,9578988.561140606,3.9165160513808206,0.7690307530677145
44018,1,43,FIXED_Q_FIXED_BEAM_JOINT_GLOBAL_INFEASIBLE,185,E3_SITE_16_SEC_2_UE_2,46,1,0.35607408902145665,0.35607408902145665,0.320466680119311,RELATIVE_0P9_CURRENT_LOAD_NOMINAL,True,False,True,185,46,1,1.0,104263313.12785123,3.5114723177428075,0.6518923924628802
44018,1,44,FIXED_Q_FIXED_BEAM_JOINT_GLOBAL_INFEASIBLE,0,E3_SITE_01_SEC_1_UE_1,0,0,0.8169329277011268,0.8169329277011268,0.7352396349310142,RELATIVE_0P9_CURRENT_LOAD_NOMINAL,True,False,True,0,0,0,1.0,5064.069459758437,6.339089645734992,1.2575600334920929
44018,1,44,FIXED_Q_FIXED_BEAM_JOINT_GLOBAL_INFEASIBLE,75,E3_SITE_07_SEC_1_UE_4,18,3,0.1753201540979634,0.1753201540979634,0.15778813868816705,RELATIVE_0P9_CURRENT_LOAD_NOMINAL,True,False,True,75,18,3,1.0,11751.217353531418,4.097548300943037,0.5425316071221036
44018,1,44,FIXED_Q_FIXED_BEAM_JOINT_GLOBAL_INFEASIBLE,178,E3_SITE_15_SEC_3_UE_3,44,2,0.4354593073905303,0.4354593073905303,0.3919133766514773,RELATIVE_0P9_CURRENT_LOAD_NOMINAL,True,False,True,178,44,2,1.0,4984197.817759666,3.918128016563589,0.7691919495859914
44018,1,44,FIXED_Q_FIXED_BEAM_JOINT_GLOBAL_INFEASIBLE,185,E3_SITE_16_SEC_2_UE_2,46,1,0.35607408902145665,0.35607408902145665,0.320466680119311,RELATIVE_0P9_CURRENT_LOAD_NOMINAL,True,False,True,185,46,1,1.0,52255441.47536166,3.5140488625293025,0.6521500469415298
44018,1,45,FIXED_Q_FIXED_BEAM_JOINT_GLOBAL_INFEASIBLE,0,E3_SITE_01_SEC_1_UE_1,0,0,0.8169329277011268,0.8169329277011268,0.7352396349310142,RELATIVE_0P9_CURRENT_LOAD_NOMINAL,True,False,True,0,0,0,1.0,3195.2118185923377,6.339394311085899,1.2575905000271836
44018,1,45,FIXED_Q_FIXED_BEAM_JOINT_GLOBAL_INFEASIBLE,75,E3_SITE_07_SEC_1_UE_4,18,3,0.1753201540979634,0.1753201540979634,0.15778813868816705,RELATIVE_0P9_CURRENT_LOAD_NOMINAL,True,False,True,75,18,3,1.0,23446.761140512306,4.09743307760793,0.5425200847885929
44018,1,45,FIXED_Q_FIXED_BEAM_JOINT_GLOBAL_INFEASIBLE,178,E3_SITE_15_SEC_3_UE_3,44,2,0.4354593073905303,0.4354593073905303,0.3919133766514773,RELATIVE_0P9_CURRENT_LOAD_NOMINAL,True,False,True,178,44,2,1.0,9944782.076125985,3.9165160513808206,0.7690307530677145
44018,1,45,FIXED_Q_FIXED_BEAM_JOINT_GLOBAL_INFEASIBLE,185,E3_SITE_16_SEC_2_UE_2,46,1,0.35607408902145665,0.35607408902145665,0.320466680119311,RELATIVE_0P9_CURRENT_LOAD_NOMINAL,True,False,True,185,46,1,1.0,104263313.12785123,3.5114723177428075,0.6518923924628802
44018,1,46,FIXED_Q_FIXED_BEAM_JOINT_GLOBAL_INFEASIBLE,0,E3_SITE_01_SEC_1_UE_1,0,0,0.8169329277011268,0.8169329277011268,0.7352396349310142,RELATIVE_0P9_CURRENT_LOAD_NOMINAL,True,False,True,0,0,0,1.0,1601.3993722133525,6.340005315577445,1.257651600476338
44018,1,46,FIXED_Q_FIXED_BEAM_JOINT_GLOBAL_INFEASIBLE,75,E3_SITE_07_SEC_1_UE_4,18,3,0.1753201540979634,0.1753201540979634,0.15778813868816705,RELATIVE_0P9_CURRENT_LOAD_NOMINAL,True,False,True,75,18,3,1.0,11751.217353531418,4.097548300943037,0.5425316071221036
44018,1,46,FIXED_Q_FIXED_BEAM_JOINT_GLOBAL_INFEASIBLE,178,E3_SITE_15_SEC_3_UE_3,44,2,0.4354593073905303,0.4354593073905303,0.3919133766514773,RELATIVE_0P9_CURRENT_LOAD_NOMINAL,True,False,True,178,44,2,1.0,4984197.817759666,3.918128016563589,0.7691919495859914
44018,1,46,FIXED_Q_FIXED_BEAM_JOINT_GLOBAL_INFEASIBLE,185,E3_SITE_16_SEC_2_UE_2,46,1,0.35607408902145665,0.35607408902145665,0.320466680119311,RELATIVE_0P9_CURRENT_LOAD_NOMINAL,True,False,True,185,46,1,1.0,52255441.47536166,3.5140488625293025,0.6521500469415298
44018,1,47,FIXED_Q_FIXED_BEAM_JOINT_GLOBAL_INFEASIBLE,0,E3_SITE_01_SEC_1_UE_1,0,0,0.8169329277011268,0.8169329277011268,0.7352396349310142,RELATIVE_0P9_CURRENT_LOAD_NOMINAL,True,False,True,0,0,0,1.0,3195.2118185923377,6.339394311085899,1.2575905000271836
44018,1,47,FIXED_Q_FIXED_BEAM_JOINT_GLOBAL_INFEASIBLE,75,E3_SITE_07_SEC_1_UE_4,18,3,0.1753201540979634,0.1753201540979634,0.15778813868816705,RELATIVE_0P9_CURRENT_LOAD_NOMINAL,True,False,True,75,18,3,1.0,23446.761140512306,4.09743307760793,0.5425200847885929
44018,1,47,FIXED_Q_FIXED_BEAM_JOINT_GLOBAL_INFEASIBLE,178,E3_SITE_15_SEC_3_UE_3,44,2,0.4354593073905303,0.4354593073905303,0.3919133766514773,RELATIVE_0P9_CURRENT_LOAD_NOMINAL,True,False,True,178,44,2,1.0,9944782.076125985,3.9165160513808206,0.7690307530677145
44018,1,47,FIXED_Q_FIXED_BEAM_JOINT_GLOBAL_INFEASIBLE,185,E3_SITE_16_SEC_2_UE_2,46,1,0.35607408902145665,0.35607408902145665,0.320466680119311,RELATIVE_0P9_CURRENT_LOAD_NOMINAL,True,False,True,185,46,1,1.0,104263313.12785123,3.5114723177428075,0.6518923924628802
44018,1,48,FIXED_Q_FIXED_BEAM_JOINT_GLOBAL_INFEASIBLE,0,E3_SITE_01_SEC_1_UE_1,0,0,0.8169329277011268,0.8169329277011268,0.7352396349310142,RELATIVE_0P9_CURRENT_LOAD_NOMINAL,True,False,True,0,0,0,1.0,1601.3993722133525,6.340005315577445,1.257651600476338
44018,1,48,FIXED_Q_FIXED_BEAM_JOINT_GLOBAL_INFEASIBLE,75,E3_SITE_07_SEC_1_UE_4,18,3,0.1753201540979634,0.1753201540979634,0.15778813868816705,RELATIVE_0P9_CURRENT_LOAD_NOMINAL,True,False,True,75,18,3,1.0,11751.217353531418,4.097548300943037,0.5425316071221036
44018,1,48,FIXED_Q_FIXED_BEAM_JOINT_GLOBAL_INFEASIBLE,178,E3_SITE_15_SEC_3_UE_3,44,2,0.4354593073905303,0.4354593073905303,0.3919133766514773,RELATIVE_0P9_CURRENT_LOAD_NOMINAL,True,False,True,178,44,2,1.0,4984197.817759666,3.918128016563589,0.7691919495859914
44018,1,48,FIXED_Q_FIXED_BEAM_JOINT_GLOBAL_INFEASIBLE,185,E3_SITE_16_SEC_2_UE_2,46,1,0.35607408902145665,0.35607408902145665,0.320466680119311,RELATIVE_0P9_CURRENT_LOAD_NOMINAL,True,False,True,185,46,1,1.0,52255441.47536166,3.5140488625293025,0.6521500469415298
44018,1,49,FIXED_Q_FIXED_BEAM_JOINT_GLOBAL_INFEASIBLE,0,E3_SITE_01_SEC_1_UE_1,0,0,0.8169329277011268,0.8169329277011268,0.7352396349310142,RELATIVE_0P9_CURRENT_LOAD_NOMINAL,True,False,True,0,0,0,1.0,3195.2118185923377,6.339394311085899,1.2575905000271836
44018,1,49,FIXED_Q_FIXED_BEAM_JOINT_GLOBAL_INFEASIBLE,75,E3_SITE_07_SEC_1_UE_4,18,3,0.1753201540979634,0.1753201540979634,0.15778813868816705,RELATIVE_0P9_CURRENT_LOAD_NOMINAL,True,False,True,75,18,3,1.0,23446.761140512306,4.09743307760793,0.5425200847885929
44018,1,49,FIXED_Q_FIXED_BEAM_JOINT_GLOBAL_INFEASIBLE,178,E3_SITE_15_SEC_3_UE_3,44,2,0.4354593073905303,0.4354593073905303,0.3919133766514773,RELATIVE_0P9_CURRENT_LOAD_NOMINAL,True,False,True,178,44,2,1.0,9944782.076125985,3.9165160513808206,0.7690307530677145
44018,1,49,FIXED_Q_FIXED_BEAM_JOINT_GLOBAL_INFEASIBLE,185,E3_SITE_16_SEC_2_UE_2,46,1,0.35607408902145665,0.35607408902145665,0.320466680119311,RELATIVE_0P9_CURRENT_LOAD_NOMINAL,True,False,True,185,46,1,1.0,32970954.587934457,3.5114723177428075,0.6518923924628802
44018,1,50,FIXED_Q_FIXED_BEAM_JOINT_GLOBAL_INFEASIBLE,0,E3_SITE_01_SEC_1_UE_1,0,0,0.8169329277011268,0.8169329277011268,0.7352396349310142,RELATIVE_0P9_CURRENT_LOAD_NOMINAL,True,False,True,0,0,0,1.0,1601.3993722133525,6.340005315577445,1.257651600476338
44018,1,50,FIXED_Q_FIXED_BEAM_JOINT_GLOBAL_INFEASIBLE,75,E3_SITE_07_SEC_1_UE_4,18,3,0.1753201540979634,0.1753201540979634,0.15778813868816705,RELATIVE_0P9_CURRENT_LOAD_NOMINAL,True,False,True,75,18,3,1.0,11751.217353531418,4.097548300943037,0.5425316071221036
44018,1,50,FIXED_Q_FIXED_BEAM_JOINT_GLOBAL_INFEASIBLE,178,E3_SITE_15_SEC_3_UE_3,44,2,0.4354593073905303,0.4354593073905303,0.3919133766514773,RELATIVE_0P9_CURRENT_LOAD_NOMINAL,True,False,True,178,44,2,1.0,4984197.817759666,3.918128016563589,0.7691919495859914
44018,1,50,FIXED_Q_FIXED_BEAM_JOINT_GLOBAL_INFEASIBLE,185,E3_SITE_16_SEC_2_UE_2,46,1,0.35607408902145665,0.35607408902145665,0.320466680119311,RELATIVE_0P9_CURRENT_LOAD_NOMINAL,True,False,True,185,46,1,1.0,16524621.519977236,3.5140488625293025,0.6521500469415298
44018,1,51,FIXED_Q_FIXED_BEAM_JOINT_GLOBAL_INFEASIBLE,0,E3_SITE_01_SEC_1_UE_1,0,0,0.8169329277011268,0.8169329277011268,0.7352396349310142,RELATIVE_0P9_CURRENT_LOAD_NOMINAL,True,False,True,0,0,0,1.0,3195.2118185923377,6.339394311085899,1.2575905000271836
44018,1,51,FIXED_Q_FIXED_BEAM_JOINT_GLOBAL_INFEASIBLE,75,E3_SITE_07_SEC_1_UE_4,18,3,0.1753201540979634,0.1753201540979634,0.15778813868816705,RELATIVE_0P9_CURRENT_LOAD_NOMINAL,True,False,True,75,18,3,1.0,23446.761140512306,4.09743307760793,0.5425200847885929
44018,1,51,FIXED_Q_FIXED_BEAM_JOINT_GLOBAL_INFEASIBLE,178,E3_SITE_15_SEC_3_UE_3,44,2,0.4354593073905303,0.4354593073905303,0.3919133766514773,RELATIVE_0P9_CURRENT_LOAD_NOMINAL,True,False,True,178,44,2,1.0,9944782.076125985,3.9165160513808206,0.7690307530677145
44018,1,51,FIXED_Q_FIXED_BEAM_JOINT_GLOBAL_INFEASIBLE,185,E3_SITE_16_SEC_2_UE_2,46,1,0.35607408902145665,0.35607408902145665,0.320466680119311,RELATIVE_0P9_CURRENT_LOAD_NOMINAL,True,False,True,185,46,1,1.0,32970954.587934457,3.5114723177428075,0.6518923924628802
44018,1,52,FIXED_Q_FIXED_BEAM_JOINT_GLOBAL_INFEASIBLE,0,E3_SITE_01_SEC_1_UE_1,0,0,0.8169329277011268,0.8169329277011268,0.7352396349310142,RELATIVE_0P9_CURRENT_LOAD_NOMINAL,True,False,True,0,0,0,1.0,1601.3993722133525,6.340005315577445,1.257651600476338
44018,1,52,FIXED_Q_FIXED_BEAM_JOINT_GLOBAL_INFEASIBLE,75,E3_SITE_07_SEC_1_UE_4,18,3,0.1753201540979634,0.1753201540979634,0.15778813868816705,RELATIVE_0P9_CURRENT_LOAD_NOMINAL,True,False,True,75,18,3,1.0,11751.217353531418,4.097548300943037,0.5425316071221036
44018,1,52,FIXED_Q_FIXED_BEAM_JOINT_GLOBAL_INFEASIBLE,178,E3_SITE_15_SEC_3_UE_3,44,2,0.4354593073905303,0.4354593073905303,0.3919133766514773,RELATIVE_0P9_CURRENT_LOAD_NOMINAL,True,False,True,178,44,2,1.0,4984197.817759666,3.918128016563589,0.7691919495859914
44018,1,52,FIXED_Q_FIXED_BEAM_JOINT_GLOBAL_INFEASIBLE,185,E3_SITE_16_SEC_2_UE_2,46,1,0.35607408902145665,0.35607408902145665,0.320466680119311,RELATIVE_0P9_CURRENT_LOAD_NOMINAL,True,False,True,185,46,1,1.0,16524621.519977236,3.5140488625293025,0.6521500469415298
44018,1,53,FIXED_Q_FIXED_BEAM_JOINT_GLOBAL_INFEASIBLE,0,E3_SITE_01_SEC_1_UE_1,0,0,0.8169329277011268,0.8169329277011268,0.7352396349310142,RELATIVE_0P9_CURRENT_LOAD_NOMINAL,True,False,True,0,0,0,1.0,1010.4146953440531,6.339394311085899,1.2575905000271836
44018,1,53,FIXED_Q_FIXED_BEAM_JOINT_GLOBAL_INFEASIBLE,75,E3_SITE_07_SEC_1_UE_4,18,3,0.1753201540979634,0.1753201540979634,0.15778813868816705,RELATIVE_0P9_CURRENT_LOAD_NOMINAL,True,False,True,75,18,3,1.0,7414.516895794614,4.09743307760793,0.5425200847885929
44018,1,53,FIXED_Q_FIXED_BEAM_JOINT_GLOBAL_INFEASIBLE,178,E3_SITE_15_SEC_3_UE_3,44,2,0.4354593073905303,0.4354593073905303,0.3919133766514773,RELATIVE_0P9_CURRENT_LOAD_NOMINAL,True,False,True,178,44,2,1.0,9944782.076125985,3.9165160513808206,0.7690307530677145
44018,1,53,FIXED_Q_FIXED_BEAM_JOINT_GLOBAL_INFEASIBLE,185,E3_SITE_16_SEC_2_UE_2,46,1,0.35607408902145665,0.35607408902145665,0.320466680119311,RELATIVE_0P9_CURRENT_LOAD_NOMINAL,True,False,True,185,46,1,1.0,32970954.587934457,3.5114723177428075,0.6518923924628802
44018,1,54,FIXED_Q_FIXED_BEAM_JOINT_GLOBAL_INFEASIBLE,0,E3_SITE_01_SEC_1_UE_1,0,0,0.8169329277011268,0.8169329277011268,0.7352396349310142,RELATIVE_0P9_CURRENT_LOAD_NOMINAL,True,False,True,0,0,0,1.0,506.4069459757954,6.340005315577445,1.257651600476338
44018,1,54,FIXED_Q_FIXED_BEAM_JOINT_GLOBAL_INFEASIBLE,75,E3_SITE_07_SEC_1_UE_4,18,3,0.1753201540979634,0.1753201540979634,0.15778813868816705,RELATIVE_0P9_CURRENT_LOAD_NOMINAL,True,False,True,75,18,3,1.0,4617.492895986061,4.097505334256665,0.5425273104534665
44018,1,54,FIXED_Q_FIXED_BEAM_JOINT_GLOBAL_INFEASIBLE,178,E3_SITE_15_SEC_3_UE_3,44,2,0.4354593073905303,0.4354593073905303,0.3919133766514773,RELATIVE_0P9_CURRENT_LOAD_NOMINAL,True,False,True,178,44,2,1.0,4984197.817759666,3.918128016563589,0.7691919495859914
44018,1,54,FIXED_Q_FIXED_BEAM_JOINT_GLOBAL_INFEASIBLE,185,E3_SITE_16_SEC_2_UE_2,46,1,0.35607408902145665,0.35607408902145665,0.320466680119311,RELATIVE_0P9_CURRENT_LOAD_NOMINAL,True,False,True,185,46,1,1.0,16524621.519977236,3.5140488625293025,0.6521500469415298
44018,1,55,FIXED_Q_FIXED_BEAM_JOINT_GLOBAL_INFEASIBLE,0,E3_SITE_01_SEC_1_UE_1,0,0,0.8169329277011268,0.8169329277011268,0.7352396349310142,RELATIVE_0P9_CURRENT_LOAD_NOMINAL,True,False,True,0,0,0,1.0,1010.4146953440531,6.339394311085899,1.2575905000271836
44018,1,55,FIXED_Q_FIXED_BEAM_JOINT_GLOBAL_INFEASIBLE,75,E3_SITE_07_SEC_1_UE_4,18,3,0.1753201540979634,0.1753201540979634,0.15778813868816705,RELATIVE_0P9_CURRENT_LOAD_NOMINAL,True,False,True,75,18,3,1.0,7944.482523441664,4.097424113803365,0.5425191884081364
44018,1,55,FIXED_Q_FIXED_BEAM_JOINT_GLOBAL_INFEASIBLE,178,E3_SITE_15_SEC_3_UE_3,44,2,0.4354593073905303,0.4354593073905303,0.3919133766514773,RELATIVE_0P9_CURRENT_LOAD_NOMINAL,True,False,True,178,44,2,1.0,9944782.076125985,3.9165160513808206,0.7690307530677145
44018,1,55,FIXED_Q_FIXED_BEAM_JOINT_GLOBAL_INFEASIBLE,185,E3_SITE_16_SEC_2_UE_2,46,1,0.35607408902145665,0.35607408902145665,0.320466680119311,RELATIVE_0P9_CURRENT_LOAD_NOMINAL,True,False,True,185,46,1,1.0,32970954.587934457,3.5114723177428075,0.6518923924628802
44018,1,56,FIXED_Q_FIXED_BEAM_JOINT_GLOBAL_INFEASIBLE,0,E3_SITE_01_SEC_1_UE_1,0,0,0.8169329277011268,0.8169329277011268,0.7352396349310142,RELATIVE_0P9_CURRENT_LOAD_NOMINAL,True,False,True,0,0,0,1.0,506.4069459757954,6.340005315577445,1.257651600476338
44018,1,56,FIXED_Q_FIXED_BEAM_JOINT_GLOBAL_INFEASIBLE,75,E3_SITE_07_SEC_1_UE_4,18,3,0.1753201540979634,0.1753201540979634,0.15778813868816705,RELATIVE_0P9_CURRENT_LOAD_NOMINAL,True,False,True,75,18,3,1.0,5581.21468101065,4.097475091324482,0.5425242861602482
44018,1,56,FIXED_Q_FIXED_BEAM_JOINT_GLOBAL_INFEASIBLE,178,E3_SITE_15_SEC_3_UE_3,44,2,0.4354593073905303,0.4354593073905303,0.3919133766514773,RELATIVE_0P9_CURRENT_LOAD_NOMINAL,True,False,True,178,44,2,1.0,4984197.817759666,3.918128016563589,0.7691919495859914
44018,1,56,FIXED_Q_FIXED_BEAM_JOINT_GLOBAL_INFEASIBLE,185,E3_SITE_16_SEC_2_UE_2,46,1,0.35607408902145665,0.35607408902145665,0.320466680119311,RELATIVE_0P9_CURRENT_LOAD_NOMINAL,True,False,True,185,46,1,1.0,16524621.519977236,3.5140488625293025,0.6521500469415298
44018,1,57,FIXED_Q_FIXED_BEAM_JOINT_GLOBAL_INFEASIBLE,0,E3_SITE_01_SEC_1_UE_1,0,0,0.8169329277011268,0.8169329277011268,0.7352396349310142,RELATIVE_0P9_CURRENT_LOAD_NOMINAL,True,False,True,0,0,0,1.0,1010.4146953440531,6.339394311085899,1.2575905000271836
44018,1,57,FIXED_Q_FIXED_BEAM_JOINT_GLOBAL_INFEASIBLE,75,E3_SITE_07_SEC_1_UE_4,18,3,0.1753201540979634,0.1753201540979634,0.15778813868816705,RELATIVE_0P9_CURRENT_LOAD_NOMINAL,True,False,True,75,18,3,1.0,9334.323736291068,4.09740270291918,0.542517047319718
44018,1,57,FIXED_Q_FIXED_BEAM_JOINT_GLOBAL_INFEASIBLE,178,E3_SITE_15_SEC_3_UE_3,44,2,0.4354593073905303,0.4354593073905303,0.3919133766514773,RELATIVE_0P9_CURRENT_LOAD_NOMINAL,True,False,True,178,44,2,1.0,9944782.076125985,3.9165160513808206,0.7690307530677145
44018,1,57,FIXED_Q_FIXED_BEAM_JOINT_GLOBAL_INFEASIBLE,185,E3_SITE_16_SEC_2_UE_2,46,1,0.35607408902145665,0.35607408902145665,0.320466680119311,RELATIVE_0P9_CURRENT_LOAD_NOMINAL,True,False,True,185,46,1,1.0,32970954.587934457,3.5114723177428075,0.6518923924628802
44018,1,58,FIXED_Q_FIXED_BEAM_JOINT_GLOBAL_INFEASIBLE,0,E3_SITE_01_SEC_1_UE_1,0,0,0.8169329277011268,0.8169329277011268,0.7352396349310142,RELATIVE_0P9_CURRENT_LOAD_NOMINAL,True,False,True,0,0,0,1.0,506.4069459757954,6.340005315577445,1.257651600476338
44018,1,58,FIXED_Q_FIXED_BEAM_JOINT_GLOBAL_INFEASIBLE,75,E3_SITE_07_SEC_1_UE_4,18,3,0.1753201540979634,0.1753201540979634,0.15778813868816705,RELATIVE_0P9_CURRENT_LOAD_NOMINAL,True,False,True,75,18,3,1.0,5581.21468101065,4.097475091324482,0.5425242861602482
44018,1,58,FIXED_Q_FIXED_BEAM_JOINT_GLOBAL_INFEASIBLE,178,E3_SITE_15_SEC_3_UE_3,44,2,0.4354593073905303,0.4354593073905303,0.3919133766514773,RELATIVE_0P9_CURRENT_LOAD_NOMINAL,True,False,True,178,44,2,1.0,4984197.817759666,3.918128016563589,0.7691919495859914
44018,1,58,FIXED_Q_FIXED_BEAM_JOINT_GLOBAL_INFEASIBLE,185,E3_SITE_16_SEC_2_UE_2,46,1,0.35607408902145665,0.35607408902145665,0.320466680119311,RELATIVE_0P9_CURRENT_LOAD_NOMINAL,True,False,True,185,46,1,1.0,38664174.27274524,3.511030829013945,0.6518482435899939
44018,1,59,FIXED_Q_FIXED_BEAM_JOINT_GLOBAL_INFEASIBLE,0,E3_SITE_01_SEC_1_UE_1,0,0,0.8169329277011268,0.8169329277011268,0.7352396349310142,RELATIVE_0P9_CURRENT_LOAD_NOMINAL,True,False,True,0,0,0,1.0,1010.4146953440531,6.339394311085899,1.2575905000271836
44018,1,59,FIXED_Q_FIXED_BEAM_JOINT_GLOBAL_INFEASIBLE,75,E3_SITE_07_SEC_1_UE_4,18,3,0.1753201540979634,0.1753201540979634,0.15778813868816705,RELATIVE_0P9_CURRENT_LOAD_NOMINAL,True,False,True,75,18,3,1.0,9334.323736291068,4.09740270291918,0.542517047319718
44018,1,59,FIXED_Q_FIXED_BEAM_JOINT_GLOBAL_INFEASIBLE,178,E3_SITE_15_SEC_3_UE_3,44,2,0.4354593073905303,0.4354593073905303,0.3919133766514773,RELATIVE_0P9_CURRENT_LOAD_NOMINAL,True,False,True,178,44,2,1.0,9944782.076125985,3.9165160513808206,0.7690307530677145
44018,1,59,FIXED_Q_FIXED_BEAM_JOINT_GLOBAL_INFEASIBLE,185,E3_SITE_16_SEC_2_UE_2,46,1,0.35607408902145665,0.35607408902145665,0.320466680119311,RELATIVE_0P9_CURRENT_LOAD_NOMINAL,True,False,True,185,46,1,1.0,77145169.86579722,3.509334286961531,0.6516785893847525
44018,2,0,FIXED_Q_FIXED_BEAM_JOINT_GLOBAL_INFEASIBLE,0,E3_SITE_01_SEC_1_UE_1,0,0,0.8169329277011268,0.8169329277011268,0.7352396349310142,RELATIVE_0P9_CURRENT_LOAD_NOMINAL,True,False,True,0,0,0,1.0,50640.6945976038,6.338284931678524,1.257479562086446
44018,2,0,FIXED_Q_FIXED_BEAM_JOINT_GLOBAL_INFEASIBLE,75,E3_SITE_07_SEC_1_UE_4,18,3,0.1753201540979634,0.1753201540979634,0.15778813868816705,RELATIVE_0P9_CURRENT_LOAD_NOMINAL,True,False,True,75,18,3,1.0,29517.723424052685,4.09740270291918,0.542517047319718
44018,2,0,FIXED_Q_FIXED_BEAM_JOINT_GLOBAL_INFEASIBLE,178,E3_SITE_15_SEC_3_UE_3,44,2,0.4354593073905303,0.4354593073905303,0.3919133766514773,RELATIVE_0P9_CURRENT_LOAD_NOMINAL,True,False,True,178,44,2,1.0,1838703597833.01,3.9126143685769494,0.7686405847873274
44018,2,0,FIXED_Q_FIXED_BEAM_JOINT_GLOBAL_INFEASIBLE,185,E3_SITE_16_SEC_2_UE_2,46,1,0.35607408902145665,0.35607408902145665,0.320466680119311,RELATIVE_0P9_CURRENT_LOAD_NOMINAL,True,False,True,185,46,1,1.0,204174004825.60767,3.505361053868895,0.651281266075489
44018,2,1,FIXED_Q_FIXED_BEAM_JOINT_GLOBAL_INFEASIBLE,0,E3_SITE_01_SEC_1_UE_1,0,0,0.8169329277011268,0.8169329277011268,0.7352396349310142,RELATIVE_0P9_CURRENT_LOAD_NOMINAL,True,False,True,0,0,0,1.0,50640.6945976038,6.338284931678524,1.257479562086446
44018,2,1,FIXED_Q_FIXED_BEAM_JOINT_GLOBAL_INFEASIBLE,75,E3_SITE_07_SEC_1_UE_4,18,3,0.1753201540979634,0.1753201540979634,0.15778813868816705,RELATIVE_0P9_CURRENT_LOAD_NOMINAL,True,False,True,75,18,3,1.0,29517.723424052685,4.09740270291918,0.542517047319718
44018,2,1,FIXED_Q_FIXED_BEAM_JOINT_GLOBAL_INFEASIBLE,178,E3_SITE_15_SEC_3_UE_3,44,2,0.4354593073905303,0.4354593073905303,0.3919133766514773,RELATIVE_0P9_CURRENT_LOAD_NOMINAL,True,False,True,178,44,2,1.0,1838703597833.01,3.9126143685769494,0.7686405847873274
44018,2,1,FIXED_Q_FIXED_BEAM_JOINT_GLOBAL_INFEASIBLE,185,E3_SITE_16_SEC_2_UE_2,46,1,0.35607408902145665,0.35607408902145665,0.320466680119311,RELATIVE_0P9_CURRENT_LOAD_NOMINAL,True,False,True,185,46,1,1.0,204174004825.60767,3.505361053868895,0.651281266075489
44018,2,2,FIXED_Q_FIXED_BEAM_JOINT_GLOBAL_INFEASIBLE,0,E3_SITE_01_SEC_1_UE_1,0,0,0.8169329277011268,0.8169329277011268,0.7352396349310142,RELATIVE_0P9_CURRENT_LOAD_NOMINAL,True,False,True,0,0,0,1.0,40225.33354492614,6.338330347961824,1.2574841037147761
44018,2,2,FIXED_Q_FIXED_BEAM_JOINT_GLOBAL_INFEASIBLE,75,E3_SITE_07_SEC_1_UE_4,18,3,0.1753201540979634,0.1753201540979634,0.15778813868816705,RELATIVE_0P9_CURRENT_LOAD_NOMINAL,True,False,True,75,18,3,1.0,23446.761140512306,4.09743307760793,0.5425200847885929
44018,2,2,FIXED_Q_FIXED_BEAM_JOINT_GLOBAL_INFEASIBLE,178,E3_SITE_15_SEC_3_UE_3,44,2,0.4354593073905303,0.4354593073905303,0.3919133766514773,RELATIVE_0P9_CURRENT_LOAD_NOMINAL,True,False,True,178,44,2,1.0,1460534183047.2698,3.9126154860162794,0.7686406965312604
44018,2,2,FIXED_Q_FIXED_BEAM_JOINT_GLOBAL_INFEASIBLE,185,E3_SITE_16_SEC_2_UE_2,46,1,0.35607408902145665,0.35607408902145665,0.320466680119311,RELATIVE_0P9_CURRENT_LOAD_NOMINAL,True,False,True,185,46,1,1.0,162181176829.6789,3.505378496923058,0.6512830103809053
44018,2,3,FIXED_Q_FIXED_BEAM_JOINT_GLOBAL_INFEASIBLE,0,E3_SITE_01_SEC_1_UE_1,0,0,0.8169329277011268,0.8169329277011268,0.7352396349310142,RELATIVE_0P9_CURRENT_LOAD_NOMINAL,True,False,True,0,0,0,1.0,20160.423641111454,6.338502627425499,1.2575013316611434
44018,2,3,FIXED_Q_FIXED_BEAM_JOINT_GLOBAL_INFEASIBLE,75,E3_SITE_07_SEC_1_UE_4,18,3,0.1753201540979634,0.1753201540979634,0.15778813868816705,RELATIVE_0P9_CURRENT_LOAD_NOMINAL,True,False,True,75,18,3,1.0,11751.217353531418,4.097548300943037,0.5425316071221036
44018,2,3,FIXED_Q_FIXED_BEAM_JOINT_GLOBAL_INFEASIBLE,178,E3_SITE_15_SEC_3_UE_3,44,2,0.4354593073905303,0.4354593073905303,0.3919133766514773,RELATIVE_0P9_CURRENT_LOAD_NOMINAL,True,False,True,178,44,2,1.0,732001086819.5106,3.9126197249980312,0.7686411204294357
44018,2,3,FIXED_Q_FIXED_BEAM_JOINT_GLOBAL_INFEASIBLE,185,E3_SITE_16_SEC_2_UE_2,46,1,0.35607408902145665,0.35607408902145665,0.320466680119311,RELATIVE_0P9_CURRENT_LOAD_NOMINAL,True,False,True,185,46,1,1.0,81283135361.68819,3.505444665960307,0.6512896272846302
44018,2,4,FIXED_Q_FIXED_BEAM_JOINT_GLOBAL_INFEASIBLE,0,E3_SITE_01_SEC_1_UE_1,0,0,0.8169329277011268,0.8169329277011268,0.7352396349310142,RELATIVE_0P9_CURRENT_LOAD_NOMINAL,True,False,True,0,0,0,1.0,10104.146953442447,6.338745961478256,1.2575256650664193
44018,2,4,FIXED_Q_FIXED_BEAM_JOINT_GLOBAL_INFEASIBLE,75,E3_SITE_07_SEC_1_UE_4,18,3,0.1753201540979634,0.1753201540979634,0.15778813868816705,RELATIVE_0P9_CURRENT_LOAD_NOMINAL,True,False,True,75,18,3,1.0,5889.560117168517,4.097711051536496,0.5425478821814496
44018,2,4,FIXED_Q_FIXED_BEAM_JOINT_GLOBAL_INFEASIBLE,178,E3_SITE_15_SEC_3_UE_3,44,2,0.4354593073905303,0.4354593073905303,0.3919133766514773,RELATIVE_0P9_CURRENT_LOAD_NOMINAL,True,False,True,178,44,2,1.0,366869599715.323,3.91262571270927,0.7686417192005595
44018,2,4,FIXED_Q_FIXED_BEAM_JOINT_GLOBAL_INFEASIBLE,185,E3_SITE_16_SEC_2_UE_2,46,1,0.35607408902145665,0.35607408902145665,0.320466680119311,RELATIVE_0P9_CURRENT_LOAD_NOMINAL,True,False,True,185,46,1,1.0,40738069752.47895,3.5055381298784356,0.6512989736764431
44018,2,5,FIXED_Q_FIXED_BEAM_JOINT_GLOBAL_INFEASIBLE,0,E3_SITE_01_SEC_1_UE_1,0,0,0.8169329277011268,0.8169329277011268,0.7352396349310142,RELATIVE_0P9_CURRENT_LOAD_NOMINAL,True,False,True,0,0,0,1.0,5064.069459758437,6.339089645734992,1.2575600334920929
44018,2,5,FIXED_Q_FIXED_BEAM_JOINT_GLOBAL_INFEASIBLE,75,E3_SITE_07_SEC_1_UE_4,18,3,0.1753201540979634,0.1753201540979634,0.15778813868816705,RELATIVE_0P9_CURRENT_LOAD_NOMINAL,True,False,True,75,18,3,1.0,2951.7723424051137,4.097940929506115,0.5425708699784114
44018,2,5,FIXED_Q_FIXED_BEAM_JOINT_GLOBAL_INFEASIBLE,178,E3_SITE_15_SEC_3_UE_3,44,2,0.4354593073905303,0.4354593073905303,0.3919133766514773,RELATIVE_0P9_CURRENT_LOAD_NOMINAL,True,False,True,178,44,2,1.0,183870359783.23395,3.9126341705569736,0.7686425649853299
44018,2,5,FIXED_Q_FIXED_BEAM_JOINT_GLOBAL_INFEASIBLE,185,E3_SITE_16_SEC_2_UE_2,46,1,0.35607408902145665,0.35607408902145665,0.320466680119311,RELATIVE_0P9_CURRENT_LOAD_NOMINAL,True,False,True,185,46,1,1.0,20417400482.553043,3.5056701465205995,0.6513121753406594
44018,2,6,FIXED_Q_FIXED_BEAM_JOINT_GLOBAL_INFEASIBLE,0,E3_SITE_01_SEC_1_UE_1,0,0,0.8169329277011268,0.8169329277011268,0.7352396349310142,RELATIVE_0P9_CURRENT_LOAD_NOMINAL,True,False,True,0,0,0,1.0,2538.046963432562,6.339575044372152,1.257608573355809
44018,2,6,FIXED_Q_FIXED_BEAM_JOINT_GLOBAL_INFEASIBLE,75,E3_SITE_07_SEC_1_UE_4,18,3,0.1753201540979634,0.1753201540979634,0.15778813868816705,RELATIVE_0P9_CURRENT_LOAD_NOMINAL,True,False,True,75,18,3,1.0,1479.390614587505,4.098265614126952,0.5426033384404951
44018,2,6,FIXED_Q_FIXED_BEAM_JOINT_GLOBAL_INFEASIBLE,178,E3_SITE_15_SEC_3_UE_3,44,2,0.4354593073905303,0.4354593073905303,0.3919133766514773,RELATIVE_0P9_CURRENT_LOAD_NOMINAL,True,False,True,178,44,2,1.0,92153476965.81299,3.9126461175460374,0.7686437596842363
44018,2,6,FIXED_Q_FIXED_BEAM_JOINT_GLOBAL_INFEASIBLE,185,E3_SITE_16_SEC_2_UE_2,46,1,0.35607408902145665,0.35607408902145665,0.320466680119311,RELATIVE_0P9_CURRENT_LOAD_NOMINAL,True,False,True,185,46,1,1.0,10232940465.713057,3.5058566157043716,0.6513308222590366
44018,2,7,FIXED_Q_FIXED_BEAM_JOINT_GLOBAL_INFEASIBLE,0,E3_SITE_01_SEC_1_UE_1,0,0,0.8169329277011268,0.8169329277011268,0.7352396349310142,RELATIVE_0P9_CURRENT_LOAD_NOMINAL,True,False,True,0,0,0,1.0,1272.0367364188403,6.340260551982406,1.2576771241168343
44018,2,7,FIXED_Q_FIXED_BEAM_JOINT_GLOBAL_INFEASIBLE,75,E3_SITE_07_SEC_1_UE_4,18,3,0.1753201540979634,0.1753201540979634,0.15778813868816705,RELATIVE_0P9_CURRENT_LOAD_NOMINAL,True,False,True,75,18,3,1.0,741.4516895792414,4.098724190194585,0.5426491960472584
44018,2,7,FIXED_Q_FIXED_BEAM_JOINT_GLOBAL_INFEASIBLE,178,E3_SITE_15_SEC_3_UE_3,44,2,0.4354593073905303,0.4354593073905303,0.3919133766514773,RELATIVE_0P9_CURRENT_LOAD_NOMINAL,True,False,True,178,44,2,1.0,46186146189.63337,3.9126629930400876,0.7686454472336413
44018,2,7,FIXED_Q_FIXED_BEAM_JOINT_GLOBAL_INFEASIBLE,185,E3_SITE_16_SEC_2_UE_2,46,1,0.35607408902145665,0.35607408902145665,0.320466680119311,RELATIVE_0P9_CURRENT_LOAD_NOMINAL,True,False,True,185,46,1,1.0,5128619123.882672,3.5061199919136796,0.6513571598799675
44018,2,8,FIXED_Q_FIXED_BEAM_JOINT_GLOBAL_INFEASIBLE,0,E3_SITE_01_SEC_1_UE_1,0,0,0.8169329277011268,0.8169329277011268,0.7352396349310142,RELATIVE_0P9_CURRENT_LOAD_NOMINAL,True,False,True,0,0,0,1.0,637.5285729979871,6.341228585615059,1.2577739274800996
44018,2,8,FIXED_Q_FIXED_BEAM_JOINT_GLOBAL_INFEASIBLE,75,E3_SITE_07_SEC_1_UE_4,18,3,0.1753201540979634,0.1753201540979634,0.15778813868816705,RELATIVE_0P9_CURRENT_LOAD_NOMINAL,True,False,True,75,18,3,1.0,371.60612116847796,4.099371840083131,0.5427139610361129
44018,2,8,FIXED_Q_FIXED_BEAM_JOINT_GLOBAL_INFEASIBLE,178,E3_SITE_15_SEC_3_UE_3,44,2,0.4354593073905303,0.4354593073905303,0.3919133766514773,RELATIVE_0P9_CURRENT_LOAD_NOMINAL,True,False,True,178,44,2,1.0,23147906840.6869,3.9126868301562885,0.7686478309452613
44018,2,8,FIXED_Q_FIXED_BEAM_JOINT_GLOBAL_INFEASIBLE,185,E3_SITE_16_SEC_2_UE_2,46,1,0.35607408902145665,0.35607408902145665,0.320466680119311,RELATIVE_0P9_CURRENT_LOAD_NOMINAL,True,False,True,185,46,1,1.0,2570398431.0265737,3.5064919837635147,0.6513943590649509
44018,2,9,FIXED_Q_FIXED_BEAM_JOINT_GLOBAL_INFEASIBLE,0,E3_SITE_01_SEC_1_UE_1,0,0,0.8169329277011268,0.8169329277011268,0.7352396349310142,RELATIVE_0P9_CURRENT_LOAD_NOMINAL,True,False,True,0,0,0,1.0,319.52118185919954,6.342595427906385,1.257910611709232
44018,2,9,FIXED_Q_FIXED_BEAM_JOINT_GLOBAL_INFEASIBLE,75,E3_SITE_07_SEC_1_UE_4,18,3,0.1753201540979634,0.1753201540979634,0.15778813868816705,RELATIVE_0P9_CURRENT_LOAD_NOMINAL,True,False,True,75,18,3,1.0,199.55637855993396,4.100185954580701,0.5427953724858701
44018,2,9,FIXED_Q_FIXED_BEAM_JOINT_GLOBAL_INFEASIBLE,178,E3_SITE_15_SEC_3_UE_3,44,2,0.4354593073905303,0.4354593073905303,0.3919133766514773,RELATIVE_0P9_CURRENT_LOAD_NOMINAL,True,False,True,178,44,2,1.0,11601435393.744846,3.9127205006731445,0.768651197996947
44018,2,9,FIXED_Q_FIXED_BEAM_JOINT_GLOBAL_INFEASIBLE,185,E3_SITE_16_SEC_2_UE_2,46,1,0.35607408902145665,0.35607408902145665,0.320466680119311,RELATIVE_0P9_CURRENT_LOAD_NOMINAL,True,False,True,185,46,1,1.0,1288250878.966047,3.507017362539792,0.6514468969425786
44018,2,10,FIXED_Q_FIXED_BEAM_JOINT_GLOBAL_INFEASIBLE,0,E3_SITE_01_SEC_1_UE_1,0,0,0.8169329277011268,0.8169329277011268,0.7352396349310142,RELATIVE_0P9_CURRENT_LOAD_NOMINAL,True,False,True,0,0,0,1.0,160.1399372213266,6.344525064426397,1.2581035753612333
44018,2,10,FIXED_Q_FIXED_BEAM_JOINT_GLOBAL_INFEASIBLE,75,E3_SITE_07_SEC_1_UE_4,18,3,0.1753201540979634,0.1753201540979634,0.15778813868816705,RELATIVE_0P9_CURRENT_LOAD_NOMINAL,True,False,True,75,18,3,1.0,176.49350502360247,4.100365686727209,0.5428133457005209
44018,2,10,FIXED_Q_FIXED_BEAM_JOINT_GLOBAL_INFEASIBLE,178,E3_SITE_15_SEC_3_UE_3,44,2,0.4354593073905303,0.4354593073905303,0.3919133766514773,RELATIVE_0P9_CURRENT_LOAD_NOMINAL,True,False,True,178,44,2,1.0,5814491311.097016,3.9127680609343427,0.7686559540230669
44018,2,10,FIXED_Q_FIXED_BEAM_JOINT_GLOBAL_INFEASIBLE,185,E3_SITE_16_SEC_2_UE_2,46,1,0.35607408902145665,0.35607408902145665,0.320466680119311,RELATIVE_0P9_CURRENT_LOAD_NOMINAL,True,False,True,185,46,1,1.0,645654894.2469054,3.507759332823226,0.6515210939709221
44018,2,11,FIXED_Q_FIXED_BEAM_JOINT_GLOBAL_INFEASIBLE,0,E3_SITE_01_SEC_1_UE_1,0,0,0.8169329277011268,0.8169329277011268,0.7352396349310142,RELATIVE_0P9_CURRENT_LOAD_NOMINAL,True,False,True,0,0,0,1.0,80.26009212920117,6.3472485973709825,1.258375928655692
44018,2,11,FIXED_Q_FIXED_BEAM_JOINT_GLOBAL_INFEASIBLE,75,E3_SITE_07_SEC_1_UE_4,18,3,0.1753201540979634,0.1753201540979634,0.15778813868816705,RELATIVE_0P9_CURRENT_LOAD_NOMINAL,True,False,True,75,18,3,1.0,183.82570318714457,4.100285858060759,0.5428053628338758
44018,2,11,FIXED_Q_FIXED_BEAM_JOINT_GLOBAL_INFEASIBLE,178,E3_SITE_15_SEC_3_UE_3,44,2,0.4354593073905303,0.4354593073905303,0.3919133766514773,RELATIVE_0P9_CURRENT_LOAD_NOMINAL,True,False,True,178,44,2,1.0,2914148815.158437,3.912835240375815,0.768662671967214
44018,2,11,FIXED_Q_FIXED_BEAM_JOINT_GLOBAL_INFEASIBLE,185,E3_SITE_16_SEC_2_UE_2,46,1,0.35607408902145665,0.35607408902145665,0.320466680119311,RELATIVE_0P9_CURRENT_LOAD_NOMINAL,True,False,True,185,46,1,1.0,323593990.32550925,3.508807100598108,0.6516258707484103
44018,2,12,FIXED_Q_FIXED_BEAM_JOINT_GLOBAL_INFEASIBLE,0,E3_SITE_01_SEC_1_UE_1,0,0,0.8169329277011268,0.8169329277011268,0.7352396349310142,RELATIVE_0P9_CURRENT_LOAD_NOMINAL,True,False,True,0,0,0,1.0,40.225333544903904,6.351091405984415,1.2587602095170352
44018,2,12,FIXED_Q_FIXED_BEAM_JOINT_GLOBAL_INFEASIBLE,75,E3_SITE_07_SEC_1_UE_4,18,3,0.1753201540979634,0.1753201540979634,0.15778813868816705,RELATIVE_0P9_CURRENT_LOAD_NOMINAL,True,False,True,75,18,3,1.0,352.15083941036534,4.099427952974207,0.5427195723252205
44018,2,12,FIXED_Q_FIXED_BEAM_JOINT_GLOBAL_INFEASIBLE,178,E3_SITE_15_SEC_3_UE_3,44,2,0.4354593073905303,0.4354593073905303,0.3919133766514773,RELATIVE_0P9_CURRENT_LOAD_NOMINAL,True,False,True,178,44,2,1.0,1460534183.0474296,3.9129301314387557,0.7686721610735081
44018,2,12,FIXED_Q_FIXED_BEAM_JOINT_GLOBAL_INFEASIBLE,185,E3_SITE_16_SEC_2_UE_2,46,1,0.35607408902145665,0.35607408902145665,0.320466680119311,RELATIVE_0P9_CURRENT_LOAD_NOMINAL,True,False,True,185,46,1,1.0,162181176.8296539,3.510286527437465,0.651773813432346
44018,2,13,FIXED_Q_FIXED_BEAM_JOINT_GLOBAL_INFEASIBLE,0,E3_SITE_01_SEC_1_UE_1,0,0,0.8169329277011268,0.8169329277011268,0.7352396349310142,RELATIVE_0P9_CURRENT_LOAD_NOMINAL,True,False,True,0,0,0,1.0,31.95211818591893,6.352695424721275,1.258920611390721
44018,2,13,FIXED_Q_FIXED_BEAM_JOINT_GLOBAL_INFEASIBLE,75,E3_SITE_07_SEC_1_UE_4,18,3,0.1753201540979634,0.1753201540979634,0.15778813868816705,RELATIVE_0P9_CURRENT_LOAD_NOMINAL,True,False,True,75,18,3,1.0,702.6332990601777,4.098763926874845,0.5426531697152844
44018,2,13,FIXED_Q_FIXED_BEAM_JOINT_GLOBAL_INFEASIBLE,178,E3_SITE_15_SEC_3_UE_3,44,2,0.4354593073905303,0.4354593073905303,0.3919133766514773,RELATIVE_0P9_CURRENT_LOAD_NOMINAL,True,False,True,178,44,2,1.0,732001086.8196172,3.9130641637988095,0.7686855643095134
44018,2,13,FIXED_Q_FIXED_BEAM_JOINT_GLOBAL_INFEASIBLE,185,E3_SITE_16_SEC_2_UE_2,46,1,0.35607408902145665,0.35607408902145665,0.320466680119311,RELATIVE_0P9_CURRENT_LOAD_NOMINAL,True,False,True,185,46,1,1.0,81283135.36166985,3.51237510817337,0.6519826715059365
44018,2,14,FIXED_Q_FIXED_BEAM_JOINT_GLOBAL_INFEASIBLE,0,E3_SITE_01_SEC_1_UE_1,0,0,0.8169329277011268,0.8169329277011268,0.7352396349310142,RELATIVE_0P9_CURRENT_LOAD_NOMINAL,True,False,True,0,0,0,1.0,31.95211818591893,6.352695424721275,1.258920611390721
44018,2,14,FIXED_Q_FIXED_BEAM_JOINT_GLOBAL_INFEASIBLE,75,E3_SITE_07_SEC_1_UE_4,18,3,0.1753201540979634,0.1753201540979634,0.15778813868816705,RELATIVE_0P9_CURRENT_LOAD_NOMINAL,True,False,True,75,18,3,1.0,1113.598732476994,4.098432824764967,0.5426200595042967
44018,2,14,FIXED_Q_FIXED_BEAM_JOINT_GLOBAL_INFEASIBLE,178,E3_SITE_15_SEC_3_UE_3,44,2,0.4354593073905303,0.4354593073905303,0.3919133766514773,RELATIVE_0P9_CURRENT_LOAD_NOMINAL,True,False,True,178,44,2,1.0,366869599.7152778,3.9132534799052006,0.7687044959201526
44018,2,14,FIXED_Q_FIXED_BEAM_JOINT_GLOBAL_INFEASIBLE,185,E3_SITE_16_SEC_2_UE_2,46,1,0.35607408902145665,0.35607408902145665,0.320466680119311,RELATIVE_0P9_CURRENT_LOAD_NOMINAL,True,False,True,185,46,1,1.0,40738069.752466254,3.5153229846992424,0.6522774591585238
44018,2,15,FIXED_Q_FIXED_BEAM_JOINT_GLOBAL_INFEASIBLE,0,E3_SITE_01_SEC_1_UE_1,0,0,0.8169329277011268,0.8169329277011268,0.7352396349310142,RELATIVE_0P9_CURRENT_LOAD_NOMINAL,True,False,True,0,0,0,1.0,35.91716234417726,6.351854397357955,1.2588365086543891
44018,2,15,FIXED_Q_FIXED_BEAM_JOINT_GLOBAL_INFEASIBLE,75,E3_SITE_07_SEC_1_UE_4,18,3,0.1753201540979634,0.1753201540979634,0.15778813868816705,RELATIVE_0P9_CURRENT_LOAD_NOMINAL,True,False,True,75,18,3,1.0,1159.8617753017256,4.098401028372771,0.542616879865077
44018,2,15,FIXED_Q_FIXED_BEAM_JOINT_GLOBAL_INFEASIBLE,178,E3_SITE_15_SEC_3_UE_3,44,2,0.4354593073905303,0.4354593073905303,0.3919133766514773,RELATIVE_0P9_CURRENT_LOAD_NOMINAL,True,False,True,178,44,2,1.0,183870359.7832461,3.913520876792264,0.7687312356088589
44018,2,15,FIXED_Q_FIXED_BEAM_JOINT_GLOBAL_INFEASIBLE,185,E3_SITE_16_SEC_2_UE_2,46,1,0.35607408902145665,0.35607408902145665,0.320466680119311,RELATIVE_0P9_CURRENT_LOAD_NOMINAL,True,False,True,185,46,1,1.0,20417400.482553415,3.5194823453214683,0.6526933952207463
44018,2,16,FIXED_Q_FIXED_BEAM_JOINT_GLOBAL_INFEASIBLE,0,E3_SITE_01_SEC_1_UE_1,0,0,0.8169329277011268,0.8169329277011268,0.7352396349310142,RELATIVE_0P9_CURRENT_LOAD_NOMINAL,True,False,True,0,0,0,1.0,40.225333544903904,6.351091405984415,1.2587602095170352
44018,2,16,FIXED_Q_FIXED_BEAM_JOINT_GLOBAL_INFEASIBLE,75,E3_SITE_07_SEC_1_UE_4,18,3,0.1753201540979634,0.1753201540979634,0.15778813868816705,RELATIVE_0P9_CURRENT_LOAD_NOMINAL,True,False,True,75,18,3,1.0,1159.8617753017256,4.098401028372771,0.542616879865077
44018,2,16,FIXED_Q_FIXED_BEAM_JOINT_GLOBAL_INFEASIBLE,178,E3_SITE_15_SEC_3_UE_3,44,2,0.4354593073905303,0.4354593073905303,0.3919133766514773,RELATIVE_0P9_CURRENT_LOAD_NOMINAL,True,False,True,178,44,2,1.0,92153476.96581653,3.9138985465894813,0.7687690025885807
44018,2,16,FIXED_Q_FIXED_BEAM_JOINT_GLOBAL_INFEASIBLE,185,E3_SITE_16_SEC_2_UE_2,46,1,0.35607408902145665,0.35607408902145665,0.320466680119311,RELATIVE_0P9_CURRENT_LOAD_NOMINAL,True,False,True,185,46,1,1.0,10232940.46571107,3.52534839065471,0.6532799997540705
44018,2,17,FIXED_Q_FIXED_BEAM_JOINT_GLOBAL_INFEASIBLE,0,E3_SITE_01_SEC_1_UE_1,0,0,0.8169329277011268,0.8169329277011268,0.7352396349310142,RELATIVE_0P9_CURRENT_LOAD_NOMINAL,True,False,True,0,0,0,1.0,50.640694597575944,6.349661086532066,1.2586171775718002
44018,2,17,FIXED_Q_FIXED_BEAM_JOINT_GLOBAL_INFEASIBLE,75,E3_SITE_07_SEC_1_UE_4,18,3,0.1753201540979634,0.1753201540979634,0.15778813868816705,RELATIVE_0P9_CURRENT_LOAD_NOMINAL,True,False,True,75,18,3,1.0,1460.1794630959628,4.098265411864367,0.5426033182142367
44018,2,17,FIXED_Q_FIXED_BEAM_JOINT_GLOBAL_INFEASIBLE,178,E3_SITE_15_SEC_3_UE_3,44,2,0.4354593073905303,0.4354593073905303,0.3919133766514773,RELATIVE_0P9_CURRENT_LOAD_NOMINAL,True,False,True,178,44,2,1.0,46186146.18963193,3.9144319428656624,0.7688223422161988
44018,2,17,FIXED_Q_FIXED_BEAM_JOINT_GLOBAL_INFEASIBLE,185,E3_SITE_16_SEC_2_UE_2,46,1,0.35607408902145665,0.35607408902145665,0.320466680119311,RELATIVE_0P9_CURRENT_LOAD_NOMINAL,True,False,True,185,46,1,1.0,5128619.123882293,3.533616089014605,0.65410676959006
44018,2,18,FIXED_Q_FIXED_BEAM_JOINT_GLOBAL_INFEASIBLE,0,E3_SITE_01_SEC_1_UE_1,0,0,0.8169329277011268,0.8169329277011268,0.7352396349310142,RELATIVE_0P9_CURRENT_LOAD_NOMINAL,True,False,True,0,0,0,1.0,63.75285729979593,6.3483857275976305,1.2584896416783566
44018,2,18,FIXED_Q_FIXED_BEAM_JOINT_GLOBAL_INFEASIBLE,75,E3_SITE_07_SEC_1_UE_4,18,3,0.1753201540979634,0.1753201540979634,0.15778813868816705,RELATIVE_0P9_CURRENT_LOAD_NOMINAL,True,False,True,75,18,3,1.0,1838.2570318715384,4.098144538786828,0.5425912309064826
44018,2,18,FIXED_Q_FIXED_BEAM_JOINT_GLOBAL_INFEASIBLE,178,E3_SITE_15_SEC_3_UE_3,44,2,0.4354593073905303,0.4354593073905303,0.3919133766514773,RELATIVE_0P9_CURRENT_LOAD_NOMINAL,True,False,True,178,44,2,1.0,23147906.840686455,3.9151852325574414,0.7688976711853767
44018,2,18,FIXED_Q_FIXED_BEAM_JOINT_GLOBAL_INFEASIBLE,185,E3_SITE_16_SEC_2_UE_2,46,1,0.35607408902145665,0.35607408902145665,0.320466680119311,RELATIVE_0P9_CURRENT_LOAD_NOMINAL,True,False,True,185,46,1,1.0,2570398.4310264913,3.5452581590594665,0.6552709765945461
44018,2,19,FIXED_Q_FIXED_BEAM_JOINT_GLOBAL_INFEASIBLE,0,E3_SITE_01_SEC_1_UE_1,0,0,0.8169329277011268,0.8169329277011268,0.7352396349310142,RELATIVE_0P9_CURRENT_LOAD_NOMINAL,True,False,True,0,0,0,1.0,113.5800400976339,6.345760809762549,1.2582271498948485
44018,2,19,FIXED_Q_FIXED_BEAM_JOINT_GLOBAL_INFEASIBLE,75,E3_SITE_07_SEC_1_UE_4,18,3,0.1753201540979634,0.1753201540979634,0.15778813868816705,RELATIVE_0P9_CURRENT_LOAD_NOMINAL,True,False,True,75,18,3,1.0,3521.5083941039093,4.097873090960328,0.5425640861238328
44018,2,19,FIXED_Q_FIXED_BEAM_JOINT_GLOBAL_INFEASIBLE,178,E3_SITE_15_SEC_3_UE_3,44,2,0.4354593073905303,0.4354593073905303,0.3919133766514773,RELATIVE_0P9_CURRENT_LOAD_NOMINAL,True,False,True,178,44,2,1.0,11601435.393745456,3.9162489782348597,0.7690040457531184
44018,2,19,FIXED_Q_FIXED_BEAM_JOINT_GLOBAL_INFEASIBLE,185,E3_SITE_16_SEC_2_UE_2,46,1,0.35607408902145665,0.35607408902145665,0.320466680119311,RELATIVE_0P9_CURRENT_LOAD_NOMINAL,True,False,True,185,46,1,1.0,1417027.575475587,3.5590009654121846,0.6566452572298179
44018,2,40,FIXED_Q_FIXED_BEAM_JOINT_GLOBAL_INFEASIBLE,0,E3_SITE_01_SEC_1_UE_1,0,0,0.8169329277011268,0.8169329277011268,0.7352396349310142,RELATIVE_0P9_CURRENT_LOAD_NOMINAL,True,False,True,0,0,0,1.0,16013.993722141204,6.338284931678524,1.257479562086446
44018,2,40,FIXED_Q_FIXED_BEAM_JOINT_GLOBAL_INFEASIBLE,75,E3_SITE_07_SEC_1_UE_4,18,3,0.1753201540979634,0.1753201540979634,0.15778813868816705,RELATIVE_0P9_CURRENT_LOAD_NOMINAL,True,False,True,75,18,3,1.0,29517.723424052685,4.09740270291918,0.542517047319718
44018,2,40,FIXED_Q_FIXED_BEAM_JOINT_GLOBAL_INFEASIBLE,178,E3_SITE_15_SEC_3_UE_3,44,2,0.4354593073905303,0.4354593073905303,0.3919133766514773,RELATIVE_0P9_CURRENT_LOAD_NOMINAL,True,False,True,178,44,2,1.0,6274733.29018667,3.917527882272055,0.7691319361568381
44018,2,40,FIXED_Q_FIXED_BEAM_JOINT_GLOBAL_INFEASIBLE,185,E3_SITE_16_SEC_2_UE_2,46,1,0.35607408902145665,0.35607408902145665,0.320466680119311,RELATIVE_0P9_CURRENT_LOAD_NOMINAL,True,False,True,185,46,1,1.0,1051954017.7426223,3.5062487718318214,0.6513700378717816
44018,2,41,FIXED_Q_FIXED_BEAM_JOINT_GLOBAL_INFEASIBLE,0,E3_SITE_01_SEC_1_UE_1,0,0,0.8169329277011268,0.8169329277011268,0.7352396349310142,RELATIVE_0P9_CURRENT_LOAD_NOMINAL,True,False,True,0,0,0,1.0,12720.36736419417,6.338330347961824,1.2574841037147761
44018,2,41,FIXED_Q_FIXED_BEAM_JOINT_GLOBAL_INFEASIBLE,75,E3_SITE_07_SEC_1_UE_4,18,3,0.1753201540979634,0.1753201540979634,0.15778813868816705,RELATIVE_0P9_CURRENT_LOAD_NOMINAL,True,False,True,75,18,3,1.0,9334.323736291068,4.09740270291918,0.542517047319718
44018,2,41,FIXED_Q_FIXED_BEAM_JOINT_GLOBAL_INFEASIBLE,178,E3_SITE_15_SEC_3_UE_3,44,2,0.4354593073905303,0.4354593073905303,0.3919133766514773,RELATIVE_0P9_CURRENT_LOAD_NOMINAL,True,False,True,178,44,2,1.0,3144816.2194576105,3.9195564458125043,0.7693347925108829
44018,2,41,FIXED_Q_FIXED_BEAM_JOINT_GLOBAL_INFEASIBLE,185,E3_SITE_16_SEC_2_UE_2,46,1,0.35607408902145665,0.35607408902145665,0.320466680119311,RELATIVE_0P9_CURRENT_LOAD_NOMINAL,True,False,True,185,46,1,1.0,527225924.0555135,3.5066738677561546,0.651412547464215
44018,2,42,FIXED_Q_FIXED_BEAM_JOINT_GLOBAL_INFEASIBLE,0,E3_SITE_01_SEC_1_UE_1,0,0,0.8169329277011268,0.8169329277011268,0.7352396349310142,RELATIVE_0P9_CURRENT_LOAD_NOMINAL,True,False,True,0,0,0,1.0,16013.993722141204,6.338284931678524,1.257479562086446
44018,2,42,FIXED_Q_FIXED_BEAM_JOINT_GLOBAL_INFEASIBLE,75,E3_SITE_07_SEC_1_UE_4,18,3,0.1753201540979634,0.1753201540979634,0.15778813868816705,RELATIVE_0P9_CURRENT_LOAD_NOMINAL,True,False,True,75,18,3,1.0,9334.323736291068,4.09740270291918,0.542517047319718
44018,2,42,FIXED_Q_FIXED_BEAM_JOINT_GLOBAL_INFEASIBLE,178,E3_SITE_15_SEC_3_UE_3,44,2,0.4354593073905303,0.4354593073905303,0.3919133766514773,RELATIVE_0P9_CURRENT_LOAD_NOMINAL,True,False,True,178,44,2,1.0,6274733.29018667,3.917527882272055,0.7691319361568381
44018,2,42,FIXED_Q_FIXED_BEAM_JOINT_GLOBAL_INFEASIBLE,185,E3_SITE_16_SEC_2_UE_2,46,1,0.35607408902145665,0.35607408902145665,0.320466680119311,RELATIVE_0P9_CURRENT_LOAD_NOMINAL,True,False,True,185,46,1,1.0,583749802.3082054,3.506676993862444,0.6514128600748439
44018,2,43,FIXED_Q_FIXED_BEAM_JOINT_GLOBAL_INFEASIBLE,0,E3_SITE_01_SEC_1_UE_1,0,0,0.8169329277011268,0.8169329277011268,0.7352396349310142,RELATIVE_0P9_CURRENT_LOAD_NOMINAL,True,False,True,0,0,0,1.0,8026.0092129236655,6.338438478766205,1.2574949167952143
44018,2,43,FIXED_Q_FIXED_BEAM_JOINT_GLOBAL_INFEASIBLE,75,E3_SITE_07_SEC_1_UE_4,18,3,0.1753201540979634,0.1753201540979634,0.15778813868816705,RELATIVE_0P9_CURRENT_LOAD_NOMINAL,True,False,True,75,18,3,1.0,9334.323736291068,4.09740270291918,0.542517047319718
44018,2,43,FIXED_Q_FIXED_BEAM_JOINT_GLOBAL_INFEASIBLE,178,E3_SITE_15_SEC_3_UE_3,44,2,0.4354593073905303,0.4354593073905303,0.3919133766514773,RELATIVE_0P9_CURRENT_LOAD_NOMINAL,True,False,True,178,44,2,1.0,3144816.2194576105,3.9195564458125043,0.7693347925108829
44018,2,43,FIXED_Q_FIXED_BEAM_JOINT_GLOBAL_INFEASIBLE,185,E3_SITE_16_SEC_2_UE_2,46,1,0.35607408902145665,0.35607408902145665,0.320466680119311,RELATIVE_0P9_CURRENT_LOAD_NOMINAL,True,False,True,185,46,1,1.0,292567948.5493217,3.5072786504307567,0.6514730257316752
44018,2,44,FIXED_Q_FIXED_BEAM_JOINT_GLOBAL_INFEASIBLE,0,E3_SITE_01_SEC_1_UE_1,0,0,0.8169329277011268,0.8169329277011268,0.7352396349310142,RELATIVE_0P9_CURRENT_LOAD_NOMINAL,True,False,True,0,0,0,1.0,16013.993722141204,6.338284931678524,1.257479562086446
44018,2,44,FIXED_Q_FIXED_BEAM_JOINT_GLOBAL_INFEASIBLE,75,E3_SITE_07_SEC_1_UE_4,18,3,0.1753201540979634,0.1753201540979634,0.15778813868816705,RELATIVE_0P9_CURRENT_LOAD_NOMINAL,True,False,True,75,18,3,1.0,9334.323736291068,4.09740270291918,0.542517047319718
44018,2,44,FIXED_Q_FIXED_BEAM_JOINT_GLOBAL_INFEASIBLE,178,E3_SITE_15_SEC_3_UE_3,44,2,0.4354593073905303,0.4354593073905303,0.3919133766514773,RELATIVE_0P9_CURRENT_LOAD_NOMINAL,True,False,True,178,44,2,1.0,6274733.29018667,3.917527882272055,0.7691319361568381
44018,2,44,FIXED_Q_FIXED_BEAM_JOINT_GLOBAL_INFEASIBLE,185,E3_SITE_16_SEC_2_UE_2,46,1,0.35607408902145665,0.35607408902145665,0.320466680119311,RELATIVE_0P9_CURRENT_LOAD_NOMINAL,True,False,True,185,46,1,1.0,522554414.75362074,3.5067902349850613,0.6514241841871056
44018,2,45,FIXED_Q_FIXED_BEAM_JOINT_GLOBAL_INFEASIBLE,0,E3_SITE_01_SEC_1_UE_1,0,0,0.8169329277011268,0.8169329277011268,0.7352396349310142,RELATIVE_0P9_CURRENT_LOAD_NOMINAL,True,False,True,0,0,0,1.0,8026.0092129236655,6.338438478766205,1.2574949167952143
44018,2,45,FIXED_Q_FIXED_BEAM_JOINT_GLOBAL_INFEASIBLE,75,E3_SITE_07_SEC_1_UE_4,18,3,0.1753201540979634,0.1753201540979634,0.15778813868816705,RELATIVE_0P9_CURRENT_LOAD_NOMINAL,True,False,True,75,18,3,1.0,9334.323736291068,4.09740270291918,0.542517047319718
44018,2,45,FIXED_Q_FIXED_BEAM_JOINT_GLOBAL_INFEASIBLE,178,E3_SITE_15_SEC_3_UE_3,44,2,0.4354593073905303,0.4354593073905303,0.3919133766514773,RELATIVE_0P9_CURRENT_LOAD_NOMINAL,True,False,True,178,44,2,1.0,3144816.2194576105,3.9195564458125043,0.7693347925108829
44018,2,45,FIXED_Q_FIXED_BEAM_JOINT_GLOBAL_INFEASIBLE,185,E3_SITE_16_SEC_2_UE_2,46,1,0.35607408902145665,0.35607408902145665,0.320466680119311,RELATIVE_0P9_CURRENT_LOAD_NOMINAL,True,False,True,185,46,1,1.0,261897601.55008772,3.5074385764624756,0.6514890183348471
44018,2,46,FIXED_Q_FIXED_BEAM_JOINT_GLOBAL_INFEASIBLE,0,E3_SITE_01_SEC_1_UE_1,0,0,0.8169329277011268,0.8169329277011268,0.7352396349310142,RELATIVE_0P9_CURRENT_LOAD_NOMINAL,True,False,True,0,0,0,1.0,16013.993722141204,6.338284931678524,1.257479562086446
44018,2,46,FIXED_Q_FIXED_BEAM_JOINT_GLOBAL_INFEASIBLE,75,E3_SITE_07_SEC_1_UE_4,18,3,0.1753201540979634,0.1753201540979634,0.15778813868816705,RELATIVE_0P9_CURRENT_LOAD_NOMINAL,True,False,True,75,18,3,1.0,9334.323736291068,4.09740270291918,0.542517047319718
44018,2,46,FIXED_Q_FIXED_BEAM_JOINT_GLOBAL_INFEASIBLE,178,E3_SITE_15_SEC_3_UE_3,44,2,0.4354593073905303,0.4354593073905303,0.3919133766514773,RELATIVE_0P9_CURRENT_LOAD_NOMINAL,True,False,True,178,44,2,1.0,6274733.29018667,3.917527882272055,0.7691319361568381
44018,2,46,FIXED_Q_FIXED_BEAM_JOINT_GLOBAL_INFEASIBLE,185,E3_SITE_16_SEC_2_UE_2,46,1,0.35607408902145665,0.35607408902145665,0.320466680119311,RELATIVE_0P9_CURRENT_LOAD_NOMINAL,True,False,True,185,46,1,1.0,522554414.75362074,3.5067902349850613,0.6514241841871056
44018,2,47,FIXED_Q_FIXED_BEAM_JOINT_GLOBAL_INFEASIBLE,0,E3_SITE_01_SEC_1_UE_1,0,0,0.8169329277011268,0.8169329277011268,0.7352396349310142,RELATIVE_0P9_CURRENT_LOAD_NOMINAL,True,False,True,0,0,0,1.0,8026.0092129236655,6.338438478766205,1.2574949167952143
44018,2,47,FIXED_Q_FIXED_BEAM_JOINT_GLOBAL_INFEASIBLE,75,E3_SITE_07_SEC_1_UE_4,18,3,0.1753201540979634,0.1753201540979634,0.15778813868816705,RELATIVE_0P9_CURRENT_LOAD_NOMINAL,True,False,True,75,18,3,1.0,9334.323736291068,4.09740270291918,0.542517047319718
44018,2,47,FIXED_Q_FIXED_BEAM_JOINT_GLOBAL_INFEASIBLE,178,E3_SITE_15_SEC_3_UE_3,44,2,0.4354593073905303,0.4354593073905303,0.3919133766514773,RELATIVE_0P9_CURRENT_LOAD_NOMINAL,True,False,True,178,44,2,1.0,12519738.870390166,3.9160909846377856,0.768988246393411
44018,2,47,FIXED_Q_FIXED_BEAM_JOINT_GLOBAL_INFEASIBLE,185,E3_SITE_16_SEC_2_UE_2,46,1,0.35607408902145665,0.35607408902145665,0.320466680119311,RELATIVE_0P9_CURRENT_LOAD_NOMINAL,True,False,True,185,46,1,1.0,261897601.55008772,3.5074385764624756,0.6514890183348471
44018,2,48,FIXED_Q_FIXED_BEAM_JOINT_GLOBAL_INFEASIBLE,0,E3_SITE_01_SEC_1_UE_1,0,0,0.8169329277011268,0.8169329277011268,0.7352396349310142,RELATIVE_0P9_CURRENT_LOAD_NOMINAL,True,False,True,0,0,0,1.0,4022.5333544917635,6.338655356162854,1.257516604534879
44018,2,48,FIXED_Q_FIXED_BEAM_JOINT_GLOBAL_INFEASIBLE,75,E3_SITE_07_SEC_1_UE_4,18,3,0.1753201540979634,0.1753201540979634,0.15778813868816705,RELATIVE_0P9_CURRENT_LOAD_NOMINAL,True,False,True,75,18,3,1.0,9334.323736291068,4.09740270291918,0.542517047319718
44018,2,48,FIXED_Q_FIXED_BEAM_JOINT_GLOBAL_INFEASIBLE,178,E3_SITE_15_SEC_3_UE_3,44,2,0.4354593073905303,0.4354593073905303,0.3919133766514773,RELATIVE_0P9_CURRENT_LOAD_NOMINAL,True,False,True,178,44,2,1.0,2914148.8151584174,3.916693299143203,0.7690484778439528
44018,2,48,FIXED_Q_FIXED_BEAM_JOINT_GLOBAL_INFEASIBLE,185,E3_SITE_16_SEC_2_UE_2,46,1,0.35607408902145665,0.35607408902145665,0.320466680119311,RELATIVE_0P9_CURRENT_LOAD_NOMINAL,True,False,True,185,46,1,1.0,131259734.41450435,3.5083541594768444,0.6515805766362839
44018,2,49,FIXED_Q_FIXED_BEAM_JOINT_GLOBAL_INFEASIBLE,0,E3_SITE_01_SEC_1_UE_1,0,0,0.8169329277011268,0.8169329277011268,0.7352396349310142,RELATIVE_0P9_CURRENT_LOAD_NOMINAL,True,False,True,0,0,0,1.0,2016.0423641108705,6.338961676437704,1.2575472365623641
44018,2,49,FIXED_Q_FIXED_BEAM_JOINT_GLOBAL_INFEASIBLE,75,E3_SITE_07_SEC_1_UE_4,18,3,0.1753201540979634,0.1753201540979634,0.15778813868816705,RELATIVE_0P9_CURRENT_LOAD_NOMINAL,True,False,True,75,18,3,1.0,9334.323736291068,4.09740270291918,0.542517047319718
44018,2,49,FIXED_Q_FIXED_BEAM_JOINT_GLOBAL_INFEASIBLE,178,E3_SITE_15_SEC_3_UE_3,44,2,0.4354593073905303,0.4354593073905303,0.3919133766514773,RELATIVE_0P9_CURRENT_LOAD_NOMINAL,True,False,True,178,44,2,1.0,2914148.8151584174,3.916693299143203,0.7690484778439528
44018,2,49,FIXED_Q_FIXED_BEAM_JOINT_GLOBAL_INFEASIBLE,185,E3_SITE_16_SEC_2_UE_2,46,1,0.35607408902145665,0.35607408902145665,0.320466680119311,RELATIVE_0P9_CURRENT_LOAD_NOMINAL,True,False,True,185,46,1,1.0,65785703.17785561,3.509647008821087,0.6517098615707082
44018,2,50,FIXED_Q_FIXED_BEAM_JOINT_GLOBAL_INFEASIBLE,0,E3_SITE_01_SEC_1_UE_1,0,0,0.8169329277011268,0.8169329277011268,0.7352396349310142,RELATIVE_0P9_CURRENT_LOAD_NOMINAL,True,False,True,0,0,0,1.0,1010.4146953440531,6.339394311085899,1.2575905000271836
44018,2,50,FIXED_Q_FIXED_BEAM_JOINT_GLOBAL_INFEASIBLE,75,E3_SITE_07_SEC_1_UE_4,18,3,0.1753201540979634,0.1753201540979634,0.15778813868816705,RELATIVE_0P9_CURRENT_LOAD_NOMINAL,True,False,True,75,18,3,1.0,9334.323736291068,4.09740270291918,0.542517047319718
44018,2,50,FIXED_Q_FIXED_BEAM_JOINT_GLOBAL_INFEASIBLE,178,E3_SITE_15_SEC_3_UE_3,44,2,0.4354593073905303,0.4354593073905303,0.3919133766514773,RELATIVE_0P9_CURRENT_LOAD_NOMINAL,True,False,True,178,44,2,1.0,4984197.817759656,3.9157120955029887,0.7689503574799315
44018,2,50,FIXED_Q_FIXED_BEAM_JOINT_GLOBAL_INFEASIBLE,185,E3_SITE_16_SEC_2_UE_2,46,1,0.35607408902145665,0.35607408902145665,0.320466680119311,RELATIVE_0P9_CURRENT_LOAD_NOMINAL,True,False,True,185,46,1,1.0,32970954.587934457,3.5114723177428075,0.6518923924628802
44018,2,51,FIXED_Q_FIXED_BEAM_JOINT_GLOBAL_INFEASIBLE,0,E3_SITE_01_SEC_1_UE_1,0,0,0.8169329277011268,0.8169329277011268,0.7352396349310142,RELATIVE_0P9_CURRENT_LOAD_NOMINAL,True,False,True,0,0,0,1.0,1010.4146953440531,6.339394311085899,1.2575905000271836
44018,2,51,FIXED_Q_FIXED_BEAM_JOINT_GLOBAL_INFEASIBLE,75,E3_SITE_07_SEC_1_UE_4,18,3,0.1753201540979634,0.1753201540979634,0.15778813868816705,RELATIVE_0P9_CURRENT_LOAD_NOMINAL,True,False,True,75,18,3,1.0,9334.323736291068,4.09740270291918,0.542517047319718
44018,2,51,FIXED_Q_FIXED_BEAM_JOINT_GLOBAL_INFEASIBLE,178,E3_SITE_15_SEC_3_UE_3,44,2,0.4354593073905303,0.4354593073905303,0.3919133766514773,RELATIVE_0P9_CURRENT_LOAD_NOMINAL,True,False,True,178,44,2,1.0,4984197.817759656,3.9157120955029887,0.7689503574799315
44018,2,51,FIXED_Q_FIXED_BEAM_JOINT_GLOBAL_INFEASIBLE,185,E3_SITE_16_SEC_2_UE_2,46,1,0.35607408902145665,0.35607408902145665,0.320466680119311,RELATIVE_0P9_CURRENT_LOAD_NOMINAL,True,False,True,185,46,1,1.0,32970954.587934457,3.5114723177428075,0.6518923924628802
44018,2,52,FIXED_Q_FIXED_BEAM_JOINT_GLOBAL_INFEASIBLE,0,E3_SITE_01_SEC_1_UE_1,0,0,0.8169329277011268,0.8169329277011268,0.7352396349310142,RELATIVE_0P9_CURRENT_LOAD_NOMINAL,True,False,True,0,0,0,1.0,1010.4146953440531,6.339394311085899,1.2575905000271836
44018,2,52,FIXED_Q_FIXED_BEAM_JOINT_GLOBAL_INFEASIBLE,75,E3_SITE_07_SEC_1_UE_4,18,3,0.1753201540979634,0.1753201540979634,0.15778813868816705,RELATIVE_0P9_CURRENT_LOAD_NOMINAL,True,False,True,75,18,3,1.0,9334.323736291068,4.09740270291918,0.542517047319718
44018,2,52,FIXED_Q_FIXED_BEAM_JOINT_GLOBAL_INFEASIBLE,178,E3_SITE_15_SEC_3_UE_3,44,2,0.4354593073905303,0.4354593073905303,0.3919133766514773,RELATIVE_0P9_CURRENT_LOAD_NOMINAL,True,False,True,178,44,2,1.0,4618614.618963193,3.9158529244172837,0.7689644403713609
44018,2,52,FIXED_Q_FIXED_BEAM_JOINT_GLOBAL_INFEASIBLE,185,E3_SITE_16_SEC_2_UE_2,46,1,0.35607408902145665,0.35607408902145665,0.320466680119311,RELATIVE_0P9_CURRENT_LOAD_NOMINAL,True,False,True,185,46,1,1.0,32970954.587934457,3.5114723177428075,0.6518923924628802
44018,2,53,FIXED_Q_FIXED_BEAM_JOINT_GLOBAL_INFEASIBLE,0,E3_SITE_01_SEC_1_UE_1,0,0,0.8169329277011268,0.8169329277011268,0.7352396349310142,RELATIVE_0P9_CURRENT_LOAD_NOMINAL,True,False,True,0,0,0,1.0,1010.4146953440531,6.339394311085899,1.2575905000271836
44018,2,53,FIXED_Q_FIXED_BEAM_JOINT_GLOBAL_INFEASIBLE,75,E3_SITE_07_SEC_1_UE_4,18,3,0.1753201540979634,0.1753201540979634,0.15778813868816705,RELATIVE_0P9_CURRENT_LOAD_NOMINAL,True,False,True,75,18,3,1.0,9334.323736291068,4.09740270291918,0.542517047319718
44018,2,53,FIXED_Q_FIXED_BEAM_JOINT_GLOBAL_INFEASIBLE,178,E3_SITE_15_SEC_3_UE_3,44,2,0.4354593073905303,0.4354593073905303,0.3919133766514773,RELATIVE_0P9_CURRENT_LOAD_NOMINAL,True,False,True,178,44,2,1.0,3959089.0540976524,3.9160909846377856,0.768988246393411
44018,2,53,FIXED_Q_FIXED_BEAM_JOINT_GLOBAL_INFEASIBLE,185,E3_SITE_16_SEC_2_UE_2,46,1,0.35607408902145665,0.35607408902145665,0.320466680119311,RELATIVE_0P9_CURRENT_LOAD_NOMINAL,True,False,True,185,46,1,1.0,32970954.587934457,3.5114723177428075,0.6518923924628802
44018,2,54,FIXED_Q_FIXED_BEAM_JOINT_GLOBAL_INFEASIBLE,0,E3_SITE_01_SEC_1_UE_1,0,0,0.8169329277011268,0.8169329277011268,0.7352396349310142,RELATIVE_0P9_CURRENT_LOAD_NOMINAL,True,False,True,0,0,0,1.0,1010.4146953440531,6.339394311085899,1.2575905000271836
44018,2,54,FIXED_Q_FIXED_BEAM_JOINT_GLOBAL_INFEASIBLE,75,E3_SITE_07_SEC_1_UE_4,18,3,0.1753201540979634,0.1753201540979634,0.15778813868816705,RELATIVE_0P9_CURRENT_LOAD_NOMINAL,True,False,True,75,18,3,1.0,9334.323736291068,4.09740270291918,0.542517047319718
44018,2,54,FIXED_Q_FIXED_BEAM_JOINT_GLOBAL_INFEASIBLE,178,E3_SITE_15_SEC_3_UE_3,44,2,0.4354593073905303,0.4354593073905303,0.3919133766514773,RELATIVE_0P9_CURRENT_LOAD_NOMINAL,True,False,True,178,44,2,1.0,3959089.0540976524,3.9160909846377856,0.768988246393411
44018,2,54,FIXED_Q_FIXED_BEAM_JOINT_GLOBAL_INFEASIBLE,185,E3_SITE_16_SEC_2_UE_2,46,1,0.35607408902145665,0.35607408902145665,0.320466680119311,RELATIVE_0P9_CURRENT_LOAD_NOMINAL,True,False,True,185,46,1,1.0,32970954.587934457,3.5114723177428075,0.6518923924628802
44018,2,55,FIXED_Q_FIXED_BEAM_JOINT_GLOBAL_INFEASIBLE,0,E3_SITE_01_SEC_1_UE_1,0,0,0.8169329277011268,0.8169329277011268,0.7352396349310142,RELATIVE_0P9_CURRENT_LOAD_NOMINAL,True,False,True,0,0,0,1.0,1010.4146953440531,6.339394311085899,1.2575905000271836
44018,2,55,FIXED_Q_FIXED_BEAM_JOINT_GLOBAL_INFEASIBLE,75,E3_SITE_07_SEC_1_UE_4,18,3,0.1753201540979634,0.1753201540979634,0.15778813868816705,RELATIVE_0P9_CURRENT_LOAD_NOMINAL,True,False,True,75,18,3,1.0,9334.323736291068,4.09740270291918,0.542517047319718
44018,2,55,FIXED_Q_FIXED_BEAM_JOINT_GLOBAL_INFEASIBLE,178,E3_SITE_15_SEC_3_UE_3,44,2,0.4354593073905303,0.4354593073905303,0.3919133766514773,RELATIVE_0P9_CURRENT_LOAD_NOMINAL,True,False,True,178,44,2,1.0,3959089.0540976524,3.9160909846377856,0.768988246393411
44018,2,55,FIXED_Q_FIXED_BEAM_JOINT_GLOBAL_INFEASIBLE,185,E3_SITE_16_SEC_2_UE_2,46,1,0.35607408902145665,0.35607408902145665,0.320466680119311,RELATIVE_0P9_CURRENT_LOAD_NOMINAL,True,False,True,185,46,1,1.0,32970954.587934457,3.5114723177428075,0.6518923924628802
44018,2,56,FIXED_Q_FIXED_BEAM_JOINT_GLOBAL_INFEASIBLE,0,E3_SITE_01_SEC_1_UE_1,0,0,0.8169329277011268,0.8169329277011268,0.7352396349310142,RELATIVE_0P9_CURRENT_LOAD_NOMINAL,True,False,True,0,0,0,1.0,1010.4146953440531,6.339394311085899,1.2575905000271836
44018,2,56,FIXED_Q_FIXED_BEAM_JOINT_GLOBAL_INFEASIBLE,75,E3_SITE_07_SEC_1_UE_4,18,3,0.1753201540979634,0.1753201540979634,0.15778813868816705,RELATIVE_0P9_CURRENT_LOAD_NOMINAL,True,False,True,75,18,3,1.0,9334.323736291068,4.09740270291918,0.542517047319718
44018,2,56,FIXED_Q_FIXED_BEAM_JOINT_GLOBAL_INFEASIBLE,178,E3_SITE_15_SEC_3_UE_3,44,2,0.4354593073905303,0.4354593073905303,0.3919133766514773,RELATIVE_0P9_CURRENT_LOAD_NOMINAL,True,False,True,178,44,2,1.0,3959089.0540976524,3.9160909846377856,0.768988246393411
44018,2,56,FIXED_Q_FIXED_BEAM_JOINT_GLOBAL_INFEASIBLE,185,E3_SITE_16_SEC_2_UE_2,46,1,0.35607408902145665,0.35607408902145665,0.320466680119311,RELATIVE_0P9_CURRENT_LOAD_NOMINAL,True,False,True,185,46,1,1.0,32970954.587934457,3.5114723177428075,0.6518923924628802
44018,2,57,FIXED_Q_FIXED_BEAM_JOINT_GLOBAL_INFEASIBLE,0,E3_SITE_01_SEC_1_UE_1,0,0,0.8169329277011268,0.8169329277011268,0.7352396349310142,RELATIVE_0P9_CURRENT_LOAD_NOMINAL,True,False,True,0,0,0,1.0,1010.4146953440531,6.339394311085899,1.2575905000271836
44018,2,57,FIXED_Q_FIXED_BEAM_JOINT_GLOBAL_INFEASIBLE,75,E3_SITE_07_SEC_1_UE_4,18,3,0.1753201540979634,0.1753201540979634,0.15778813868816705,RELATIVE_0P9_CURRENT_LOAD_NOMINAL,True,False,True,75,18,3,1.0,9334.323736291068,4.09740270291918,0.542517047319718
44018,2,57,FIXED_Q_FIXED_BEAM_JOINT_GLOBAL_INFEASIBLE,178,E3_SITE_15_SEC_3_UE_3,44,2,0.4354593073905303,0.4354593073905303,0.3919133766514773,RELATIVE_0P9_CURRENT_LOAD_NOMINAL,True,False,True,178,44,2,1.0,3959089.0540976524,3.9160909846377856,0.768988246393411
44018,2,57,FIXED_Q_FIXED_BEAM_JOINT_GLOBAL_INFEASIBLE,185,E3_SITE_16_SEC_2_UE_2,46,1,0.35607408902145665,0.35607408902145665,0.320466680119311,RELATIVE_0P9_CURRENT_LOAD_NOMINAL,True,False,True,185,46,1,1.0,52255441.47536166,3.5140488625293025,0.6521500469415298
44018,2,58,FIXED_Q_FIXED_BEAM_JOINT_GLOBAL_INFEASIBLE,0,E3_SITE_01_SEC_1_UE_1,0,0,0.8169329277011268,0.8169329277011268,0.7352396349310142,RELATIVE_0P9_CURRENT_LOAD_NOMINAL,True,False,True,0,0,0,1.0,1010.4146953440531,6.339394311085899,1.2575905000271836
44018,2,58,FIXED_Q_FIXED_BEAM_JOINT_GLOBAL_INFEASIBLE,75,E3_SITE_07_SEC_1_UE_4,18,3,0.1753201540979634,0.1753201540979634,0.15778813868816705,RELATIVE_0P9_CURRENT_LOAD_NOMINAL,True,False,True,75,18,3,1.0,9334.323736291068,4.09740270291918,0.542517047319718
44018,2,58,FIXED_Q_FIXED_BEAM_JOINT_GLOBAL_INFEASIBLE,178,E3_SITE_15_SEC_3_UE_3,44,2,0.4354593073905303,0.4354593073905303,0.3919133766514773,RELATIVE_0P9_CURRENT_LOAD_NOMINAL,True,False,True,178,44,2,1.0,3959089.0540976524,3.9160909846377856,0.768988246393411
44018,2,58,FIXED_Q_FIXED_BEAM_JOINT_GLOBAL_INFEASIBLE,185,E3_SITE_16_SEC_2_UE_2,46,1,0.35607408902145665,0.35607408902145665,0.320466680119311,RELATIVE_0P9_CURRENT_LOAD_NOMINAL,True,False,True,185,46,1,1.0,89408395.6077288,3.512038975723984,0.6519490582609979
44018,2,59,FIXED_Q_FIXED_BEAM_JOINT_GLOBAL_INFEASIBLE,0,E3_SITE_01_SEC_1_UE_1,0,0,0.8169329277011268,0.8169329277011268,0.7352396349310142,RELATIVE_0P9_CURRENT_LOAD_NOMINAL,True,False,True,0,0,0,1.0,1010.4146953440531,6.339394311085899,1.2575905000271836
44018,2,59,FIXED_Q_FIXED_BEAM_JOINT_GLOBAL_INFEASIBLE,75,E3_SITE_07_SEC_1_UE_4,18,3,0.1753201540979634,0.1753201540979634,0.15778813868816705,RELATIVE_0P9_CURRENT_LOAD_NOMINAL,True,False,True,75,18,3,1.0,9334.323736291068,4.09740270291918,0.542517047319718
44018,2,59,FIXED_Q_FIXED_BEAM_JOINT_GLOBAL_INFEASIBLE,178,E3_SITE_15_SEC_3_UE_3,44,2,0.4354593073905303,0.4354593073905303,0.3919133766514773,RELATIVE_0P9_CURRENT_LOAD_NOMINAL,True,False,True,178,44,2,1.0,3959089.0540976524,3.9160909846377856,0.768988246393411
44018,2,59,FIXED_Q_FIXED_BEAM_JOINT_GLOBAL_INFEASIBLE,185,E3_SITE_16_SEC_2_UE_2,46,1,0.35607408902145665,0.35607408902145665,0.320466680119311,RELATIVE_0P9_CURRENT_LOAD_NOMINAL,True,False,True,185,46,1,1.0,178393202.39793098,3.510048411793,0.6517500018678994
44018,3,0,FIXED_Q_FIXED_BEAM_JOINT_GLOBAL_INFEASIBLE,0,E3_SITE_01_SEC_1_UE_1,0,0,0.8169329277011268,0.8169329277011268,0.7352396349310142,RELATIVE_0P9_CURRENT_LOAD_NOMINAL,True,False,True,0,0,0,1.0,50640.6945976038,6.338284931678524,1.257479562086446
44018,3,0,FIXED_Q_FIXED_BEAM_JOINT_GLOBAL_INFEASIBLE,75,E3_SITE_07_SEC_1_UE_4,18,3,0.1753201540979634,0.1753201540979634,0.15778813868816705,RELATIVE_0P9_CURRENT_LOAD_NOMINAL,True,False,True,75,18,3,1.0,29517.723424052685,4.09740270291918,0.542517047319718
44018,3,0,FIXED_Q_FIXED_BEAM_JOINT_GLOBAL_INFEASIBLE,178,E3_SITE_15_SEC_3_UE_3,44,2,0.4354593073905303,0.4354593073905303,0.3919133766514773,RELATIVE_0P9_CURRENT_LOAD_NOMINAL,True,False,True,178,44,2,1.0,1838703597833.01,3.9126143685769494,0.7686405847873274
44018,3,0,FIXED_Q_FIXED_BEAM_JOINT_GLOBAL_INFEASIBLE,185,E3_SITE_16_SEC_2_UE_2,46,1,0.35607408902145665,0.35607408902145665,0.320466680119311,RELATIVE_0P9_CURRENT_LOAD_NOMINAL,True,False,True,185,46,1,1.0,204174004825.60767,3.505361053868895,0.651281266075489
44018,3,1,FIXED_Q_FIXED_BEAM_JOINT_GLOBAL_INFEASIBLE,0,E3_SITE_01_SEC_1_UE_1,0,0,0.8169329277011268,0.8169329277011268,0.7352396349310142,RELATIVE_0P9_CURRENT_LOAD_NOMINAL,True,False,True,0,0,0,1.0,50640.6945976038,6.338284931678524,1.257479562086446
44018,3,1,FIXED_Q_FIXED_BEAM_JOINT_GLOBAL_INFEASIBLE,75,E3_SITE_07_SEC_1_UE_4,18,3,0.1753201540979634,0.1753201540979634,0.15778813868816705,RELATIVE_0P9_CURRENT_LOAD_NOMINAL,True,False,True,75,18,3,1.0,29517.723424052685,4.09740270291918,0.542517047319718
44018,3,1,FIXED_Q_FIXED_BEAM_JOINT_GLOBAL_INFEASIBLE,178,E3_SITE_15_SEC_3_UE_3,44,2,0.4354593073905303,0.4354593073905303,0.3919133766514773,RELATIVE_0P9_CURRENT_LOAD_NOMINAL,True,False,True,178,44,2,1.0,1838703597833.01,3.9126143685769494,0.7686405847873274
44018,3,1,FIXED_Q_FIXED_BEAM_JOINT_GLOBAL_INFEASIBLE,185,E3_SITE_16_SEC_2_UE_2,46,1,0.35607408902145665,0.35607408902145665,0.320466680119311,RELATIVE_0P9_CURRENT_LOAD_NOMINAL,True,False,True,185,46,1,1.0,204174004825.60767,3.505361053868895,0.651281266075489
44018,3,2,FIXED_Q_FIXED_BEAM_JOINT_GLOBAL_INFEASIBLE,0,E3_SITE_01_SEC_1_UE_1,0,0,0.8169329277011268,0.8169329277011268,0.7352396349310142,RELATIVE_0P9_CURRENT_LOAD_NOMINAL,True,False,True,0,0,0,1.0,40225.33354492614,6.338330347961824,1.2574841037147761
44018,3,2,FIXED_Q_FIXED_BEAM_JOINT_GLOBAL_INFEASIBLE,75,E3_SITE_07_SEC_1_UE_4,18,3,0.1753201540979634,0.1753201540979634,0.15778813868816705,RELATIVE_0P9_CURRENT_LOAD_NOMINAL,True,False,True,75,18,3,1.0,23446.761140512306,4.09743307760793,0.5425200847885929
44018,3,2,FIXED_Q_FIXED_BEAM_JOINT_GLOBAL_INFEASIBLE,178,E3_SITE_15_SEC_3_UE_3,44,2,0.4354593073905303,0.4354593073905303,0.3919133766514773,RELATIVE_0P9_CURRENT_LOAD_NOMINAL,True,False,True,178,44,2,1.0,1460534183047.2698,3.9126154860162794,0.7686406965312604
44018,3,2,FIXED_Q_FIXED_BEAM_JOINT_GLOBAL_INFEASIBLE,185,E3_SITE_16_SEC_2_UE_2,46,1,0.35607408902145665,0.35607408902145665,0.320466680119311,RELATIVE_0P9_CURRENT_LOAD_NOMINAL,True,False,True,185,46,1,1.0,162181176829.6789,3.505378496923058,0.6512830103809053
44018,3,3,FIXED_Q_FIXED_BEAM_JOINT_GLOBAL_INFEASIBLE,0,E3_SITE_01_SEC_1_UE_1,0,0,0.8169329277011268,0.8169329277011268,0.7352396349310142,RELATIVE_0P9_CURRENT_LOAD_NOMINAL,True,False,True,0,0,0,1.0,20160.423641111454,6.338502627425499,1.2575013316611434
44018,3,3,FIXED_Q_FIXED_BEAM_JOINT_GLOBAL_INFEASIBLE,75,E3_SITE_07_SEC_1_UE_4,18,3,0.1753201540979634,0.1753201540979634,0.15778813868816705,RELATIVE_0P9_CURRENT_LOAD_NOMINAL,True,False,True,75,18,3,1.0,11751.217353531418,4.097548300943037,0.5425316071221036
44018,3,3,FIXED_Q_FIXED_BEAM_JOINT_GLOBAL_INFEASIBLE,178,E3_SITE_15_SEC_3_UE_3,44,2,0.4354593073905303,0.4354593073905303,0.3919133766514773,RELATIVE_0P9_CURRENT_LOAD_NOMINAL,True,False,True,178,44,2,1.0,732001086819.5106,3.9126197249980312,0.7686411204294357
44018,3,3,FIXED_Q_FIXED_BEAM_JOINT_GLOBAL_INFEASIBLE,185,E3_SITE_16_SEC_2_UE_2,46,1,0.35607408902145665,0.35607408902145665,0.320466680119311,RELATIVE_0P9_CURRENT_LOAD_NOMINAL,True,False,True,185,46,1,1.0,81283135361.68819,3.505444665960307,0.6512896272846302
44018,3,4,FIXED_Q_FIXED_BEAM_JOINT_GLOBAL_INFEASIBLE,0,E3_SITE_01_SEC_1_UE_1,0,0,0.8169329277011268,0.8169329277011268,0.7352396349310142,RELATIVE_0P9_CURRENT_LOAD_NOMINAL,True,False,True,0,0,0,1.0,10104.146953442447,6.338745961478256,1.2575256650664193
44018,3,4,FIXED_Q_FIXED_BEAM_JOINT_GLOBAL_INFEASIBLE,75,E3_SITE_07_SEC_1_UE_4,18,3,0.1753201540979634,0.1753201540979634,0.15778813868816705,RELATIVE_0P9_CURRENT_LOAD_NOMINAL,True,False,True,75,18,3,1.0,5889.560117168517,4.097711051536496,0.5425478821814496
44018,3,4,FIXED_Q_FIXED_BEAM_JOINT_GLOBAL_INFEASIBLE,178,E3_SITE_15_SEC_3_UE_3,44,2,0.4354593073905303,0.4354593073905303,0.3919133766514773,RELATIVE_0P9_CURRENT_LOAD_NOMINAL,True,False,True,178,44,2,1.0,366869599715.323,3.91262571270927,0.7686417192005595
44018,3,4,FIXED_Q_FIXED_BEAM_JOINT_GLOBAL_INFEASIBLE,185,E3_SITE_16_SEC_2_UE_2,46,1,0.35607408902145665,0.35607408902145665,0.320466680119311,RELATIVE_0P9_CURRENT_LOAD_NOMINAL,True,False,True,185,46,1,1.0,40738069752.47895,3.5055381298784356,0.6512989736764431
44018,3,5,FIXED_Q_FIXED_BEAM_JOINT_GLOBAL_INFEASIBLE,0,E3_SITE_01_SEC_1_UE_1,0,0,0.8169329277011268,0.8169329277011268,0.7352396349310142,RELATIVE_0P9_CURRENT_LOAD_NOMINAL,True,False,True,0,0,0,1.0,5064.069459758437,6.339089645734992,1.2575600334920929
44018,3,5,FIXED_Q_FIXED_BEAM_JOINT_GLOBAL_INFEASIBLE,75,E3_SITE_07_SEC_1_UE_4,18,3,0.1753201540979634,0.1753201540979634,0.15778813868816705,RELATIVE_0P9_CURRENT_LOAD_NOMINAL,True,False,True,75,18,3,1.0,2951.7723424051137,4.097940929506115,0.5425708699784114
44018,3,5,FIXED_Q_FIXED_BEAM_JOINT_GLOBAL_INFEASIBLE,178,E3_SITE_15_SEC_3_UE_3,44,2,0.4354593073905303,0.4354593073905303,0.3919133766514773,RELATIVE_0P9_CURRENT_LOAD_NOMINAL,True,False,True,178,44,2,1.0,183870359783.23395,3.9126341705569736,0.7686425649853299
44018,3,5,FIXED_Q_FIXED_BEAM_JOINT_GLOBAL_INFEASIBLE,185,E3_SITE_16_SEC_2_UE_2,46,1,0.35607408902145665,0.35607408902145665,0.320466680119311,RELATIVE_0P9_CURRENT_LOAD_NOMINAL,True,False,True,185,46,1,1.0,20417400482.553043,3.5056701465205995,0.6513121753406594
44018,3,6,FIXED_Q_FIXED_BEAM_JOINT_GLOBAL_INFEASIBLE,0,E3_SITE_01_SEC_1_UE_1,0,0,0.8169329277011268,0.8169329277011268,0.7352396349310142,RELATIVE_0P9_CURRENT_LOAD_NOMINAL,True,False,True,0,0,0,1.0,2538.046963432562,6.339575044372152,1.257608573355809
44018,3,6,FIXED_Q_FIXED_BEAM_JOINT_GLOBAL_INFEASIBLE,75,E3_SITE_07_SEC_1_UE_4,18,3,0.1753201540979634,0.1753201540979634,0.15778813868816705,RELATIVE_0P9_CURRENT_LOAD_NOMINAL,True,False,True,75,18,3,1.0,1479.390614587505,4.098265614126952,0.5426033384404951
44018,3,6,FIXED_Q_FIXED_BEAM_JOINT_GLOBAL_INFEASIBLE,178,E3_SITE_15_SEC_3_UE_3,44,2,0.4354593073905303,0.4354593073905303,0.3919133766514773,RELATIVE_0P9_CURRENT_LOAD_NOMINAL,True,False,True,178,44,2,1.0,92153476965.81299,3.9126461175460374,0.7686437596842363
44018,3,6,FIXED_Q_FIXED_BEAM_JOINT_GLOBAL_INFEASIBLE,185,E3_SITE_16_SEC_2_UE_2,46,1,0.35607408902145665,0.35607408902145665,0.320466680119311,RELATIVE_0P9_CURRENT_LOAD_NOMINAL,True,False,True,185,46,1,1.0,10232940465.713057,3.5058566157043716,0.6513308222590366
44018,3,7,FIXED_Q_FIXED_BEAM_JOINT_GLOBAL_INFEASIBLE,0,E3_SITE_01_SEC_1_UE_1,0,0,0.8169329277011268,0.8169329277011268,0.7352396349310142,RELATIVE_0P9_CURRENT_LOAD_NOMINAL,True,False,True,0,0,0,1.0,1272.0367364188403,6.340260551982406,1.2576771241168343
44018,3,7,FIXED_Q_FIXED_BEAM_JOINT_GLOBAL_INFEASIBLE,75,E3_SITE_07_SEC_1_UE_4,18,3,0.1753201540979634,0.1753201540979634,0.15778813868816705,RELATIVE_0P9_CURRENT_LOAD_NOMINAL,True,False,True,75,18,3,1.0,741.4516895792414,4.098724190194585,0.5426491960472584
44018,3,7,FIXED_Q_FIXED_BEAM_JOINT_GLOBAL_INFEASIBLE,178,E3_SITE_15_SEC_3_UE_3,44,2,0.4354593073905303,0.4354593073905303,0.3919133766514773,RELATIVE_0P9_CURRENT_LOAD_NOMINAL,True,False,True,178,44,2,1.0,46186146189.63337,3.9126629930400876,0.7686454472336413
44018,3,7,FIXED_Q_FIXED_BEAM_JOINT_GLOBAL_INFEASIBLE,185,E3_SITE_16_SEC_2_UE_2,46,1,0.35607408902145665,0.35607408902145665,0.320466680119311,RELATIVE_0P9_CURRENT_LOAD_NOMINAL,True,False,True,185,46,1,1.0,5128619123.882672,3.5061199919136796,0.6513571598799675
44018,3,8,FIXED_Q_FIXED_BEAM_JOINT_GLOBAL_INFEASIBLE,0,E3_SITE_01_SEC_1_UE_1,0,0,0.8169329277011268,0.8169329277011268,0.7352396349310142,RELATIVE_0P9_CURRENT_LOAD_NOMINAL,True,False,True,0,0,0,1.0,637.5285729979871,6.341228585615059,1.2577739274800996
44018,3,8,FIXED_Q_FIXED_BEAM_JOINT_GLOBAL_INFEASIBLE,75,E3_SITE_07_SEC_1_UE_4,18,3,0.1753201540979634,0.1753201540979634,0.15778813868816705,RELATIVE_0P9_CURRENT_LOAD_NOMINAL,True,False,True,75,18,3,1.0,371.60612116847796,4.099371840083131,0.5427139610361129
44018,3,8,FIXED_Q_FIXED_BEAM_JOINT_GLOBAL_INFEASIBLE,178,E3_SITE_15_SEC_3_UE_3,44,2,0.4354593073905303,0.4354593073905303,0.3919133766514773,RELATIVE_0P9_CURRENT_LOAD_NOMINAL,True,False,True,178,44,2,1.0,23147906840.6869,3.9126868301562885,0.7686478309452613
44018,3,8,FIXED_Q_FIXED_BEAM_JOINT_GLOBAL_INFEASIBLE,185,E3_SITE_16_SEC_2_UE_2,46,1,0.35607408902145665,0.35607408902145665,0.320466680119311,RELATIVE_0P9_CURRENT_LOAD_NOMINAL,True,False,True,185,46,1,1.0,2570398431.0265737,3.5064919837635147,0.6513943590649509
44018,3,9,FIXED_Q_FIXED_BEAM_JOINT_GLOBAL_INFEASIBLE,0,E3_SITE_01_SEC_1_UE_1,0,0,0.8169329277011268,0.8169329277011268,0.7352396349310142,RELATIVE_0P9_CURRENT_LOAD_NOMINAL,True,False,True,0,0,0,1.0,319.52118185919954,6.342595427906385,1.257910611709232
44018,3,9,FIXED_Q_FIXED_BEAM_JOINT_GLOBAL_INFEASIBLE,75,E3_SITE_07_SEC_1_UE_4,18,3,0.1753201540979634,0.1753201540979634,0.15778813868816705,RELATIVE_0P9_CURRENT_LOAD_NOMINAL,True,False,True,75,18,3,1.0,199.55637855993396,4.100185954580701,0.5427953724858701
44018,3,9,FIXED_Q_FIXED_BEAM_JOINT_GLOBAL_INFEASIBLE,178,E3_SITE_15_SEC_3_UE_3,44,2,0.4354593073905303,0.4354593073905303,0.3919133766514773,RELATIVE_0P9_CURRENT_LOAD_NOMINAL,True,False,True,178,44,2,1.0,11601435393.744846,3.9127205006731445,0.768651197996947
44018,3,9,FIXED_Q_FIXED_BEAM_JOINT_GLOBAL_INFEASIBLE,185,E3_SITE_16_SEC_2_UE_2,46,1,0.35607408902145665,0.35607408902145665,0.320466680119311,RELATIVE_0P9_CURRENT_LOAD_NOMINAL,True,False,True,185,46,1,1.0,1288250878.966047,3.507017362539792,0.6514468969425786
44018,3,10,FIXED_Q_FIXED_BEAM_JOINT_GLOBAL_INFEASIBLE,0,E3_SITE_01_SEC_1_UE_1,0,0,0.8169329277011268,0.8169329277011268,0.7352396349310142,RELATIVE_0P9_CURRENT_LOAD_NOMINAL,True,False,True,0,0,0,1.0,160.1399372213266,6.344525064426397,1.2581035753612333
44018,3,10,FIXED_Q_FIXED_BEAM_JOINT_GLOBAL_INFEASIBLE,75,E3_SITE_07_SEC_1_UE_4,18,3,0.1753201540979634,0.1753201540979634,0.15778813868816705,RELATIVE_0P9_CURRENT_LOAD_NOMINAL,True,False,True,75,18,3,1.0,176.49350502360247,4.100365686727209,0.5428133457005209
44018,3,10,FIXED_Q_FIXED_BEAM_JOINT_GLOBAL_INFEASIBLE,178,E3_SITE_15_SEC_3_UE_3,44,2,0.4354593073905303,0.4354593073905303,0.3919133766514773,RELATIVE_0P9_CURRENT_LOAD_NOMINAL,True,False,True,178,44,2,1.0,5814491311.097016,3.9127680609343427,0.7686559540230669
44018,3,10,FIXED_Q_FIXED_BEAM_JOINT_GLOBAL_INFEASIBLE,185,E3_SITE_16_SEC_2_UE_2,46,1,0.35607408902145665,0.35607408902145665,0.320466680119311,RELATIVE_0P9_CURRENT_LOAD_NOMINAL,True,False,True,185,46,1,1.0,645654894.2469054,3.507759332823226,0.6515210939709221
44018,3,11,FIXED_Q_FIXED_BEAM_JOINT_GLOBAL_INFEASIBLE,0,E3_SITE_01_SEC_1_UE_1,0,0,0.8169329277011268,0.8169329277011268,0.7352396349310142,RELATIVE_0P9_CURRENT_LOAD_NOMINAL,True,False,True,0,0,0,1.0,80.26009212920117,6.3472485973709825,1.258375928655692
44018,3,11,FIXED_Q_FIXED_BEAM_JOINT_GLOBAL_INFEASIBLE,75,E3_SITE_07_SEC_1_UE_4,18,3,0.1753201540979634,0.1753201540979634,0.15778813868816705,RELATIVE_0P9_CURRENT_LOAD_NOMINAL,True,False,True,75,18,3,1.0,183.82570318714457,4.100285858060759,0.5428053628338758
44018,3,11,FIXED_Q_FIXED_BEAM_JOINT_GLOBAL_INFEASIBLE,178,E3_SITE_15_SEC_3_UE_3,44,2,0.4354593073905303,0.4354593073905303,0.3919133766514773,RELATIVE_0P9_CURRENT_LOAD_NOMINAL,True,False,True,178,44,2,1.0,2914148815.158437,3.912835240375815,0.768662671967214
44018,3,11,FIXED_Q_FIXED_BEAM_JOINT_GLOBAL_INFEASIBLE,185,E3_SITE_16_SEC_2_UE_2,46,1,0.35607408902145665,0.35607408902145665,0.320466680119311,RELATIVE_0P9_CURRENT_LOAD_NOMINAL,True,False,True,185,46,1,1.0,323593990.32550925,3.508807100598108,0.6516258707484103
44018,3,12,FIXED_Q_FIXED_BEAM_JOINT_GLOBAL_INFEASIBLE,0,E3_SITE_01_SEC_1_UE_1,0,0,0.8169329277011268,0.8169329277011268,0.7352396349310142,RELATIVE_0P9_CURRENT_LOAD_NOMINAL,True,False,True,0,0,0,1.0,40.225333544903904,6.351091405984415,1.2587602095170352
44018,3,12,FIXED_Q_FIXED_BEAM_JOINT_GLOBAL_INFEASIBLE,75,E3_SITE_07_SEC_1_UE_4,18,3,0.1753201540979634,0.1753201540979634,0.15778813868816705,RELATIVE_0P9_CURRENT_LOAD_NOMINAL,True,False,True,75,18,3,1.0,352.15083941036534,4.099427952974207,0.5427195723252205
44018,3,12,FIXED_Q_FIXED_BEAM_JOINT_GLOBAL_INFEASIBLE,178,E3_SITE_15_SEC_3_UE_3,44,2,0.4354593073905303,0.4354593073905303,0.3919133766514773,RELATIVE_0P9_CURRENT_LOAD_NOMINAL,True,False,True,178,44,2,1.0,1460534183.0474296,3.9129301314387557,0.7686721610735081
44018,3,12,FIXED_Q_FIXED_BEAM_JOINT_GLOBAL_INFEASIBLE,185,E3_SITE_16_SEC_2_UE_2,46,1,0.35607408902145665,0.35607408902145665,0.320466680119311,RELATIVE_0P9_CURRENT_LOAD_NOMINAL,True,False,True,185,46,1,1.0,162181176.8296539,3.510286527437465,0.651773813432346
44018,3,13,FIXED_Q_FIXED_BEAM_JOINT_GLOBAL_INFEASIBLE,0,E3_SITE_01_SEC_1_UE_1,0,0,0.8169329277011268,0.8169329277011268,0.7352396349310142,RELATIVE_0P9_CURRENT_LOAD_NOMINAL,True,False,True,0,0,0,1.0,31.95211818591893,6.352695424721275,1.258920611390721
44018,3,13,FIXED_Q_FIXED_BEAM_JOINT_GLOBAL_INFEASIBLE,75,E3_SITE_07_SEC_1_UE_4,18,3,0.1753201540979634,0.1753201540979634,0.15778813868816705,RELATIVE_0P9_CURRENT_LOAD_NOMINAL,True,False,True,75,18,3,1.0,702.6332990601777,4.098763926874845,0.5426531697152844
44018,3,13,FIXED_Q_FIXED_BEAM_JOINT_GLOBAL_INFEASIBLE,178,E3_SITE_15_SEC_3_UE_3,44,2,0.4354593073905303,0.4354593073905303,0.3919133766514773,RELATIVE_0P9_CURRENT_LOAD_NOMINAL,True,False,True,178,44,2,1.0,732001086.8196172,3.9130641637988095,0.7686855643095134
44018,3,13,FIXED_Q_FIXED_BEAM_JOINT_GLOBAL_INFEASIBLE,185,E3_SITE_16_SEC_2_UE_2,46,1,0.35607408902145665,0.35607408902145665,0.320466680119311,RELATIVE_0P9_CURRENT_LOAD_NOMINAL,True,False,True,185,46,1,1.0,81283135.36166985,3.51237510817337,0.6519826715059365
44018,3,14,FIXED_Q_FIXED_BEAM_JOINT_GLOBAL_INFEASIBLE,0,E3_SITE_01_SEC_1_UE_1,0,0,0.8169329277011268,0.8169329277011268,0.7352396349310142,RELATIVE_0P9_CURRENT_LOAD_NOMINAL,True,False,True,0,0,0,1.0,31.95211818591893,6.352695424721275,1.258920611390721
44018,3,14,FIXED_Q_FIXED_BEAM_JOINT_GLOBAL_INFEASIBLE,75,E3_SITE_07_SEC_1_UE_4,18,3,0.1753201540979634,0.1753201540979634,0.15778813868816705,RELATIVE_0P9_CURRENT_LOAD_NOMINAL,True,False,True,75,18,3,1.0,1113.598732476994,4.098432824764967,0.5426200595042967
44018,3,14,FIXED_Q_FIXED_BEAM_JOINT_GLOBAL_INFEASIBLE,178,E3_SITE_15_SEC_3_UE_3,44,2,0.4354593073905303,0.4354593073905303,0.3919133766514773,RELATIVE_0P9_CURRENT_LOAD_NOMINAL,True,False,True,178,44,2,1.0,366869599.7152778,3.9132534799052006,0.7687044959201526
44018,3,14,FIXED_Q_FIXED_BEAM_JOINT_GLOBAL_INFEASIBLE,185,E3_SITE_16_SEC_2_UE_2,46,1,0.35607408902145665,0.35607408902145665,0.320466680119311,RELATIVE_0P9_CURRENT_LOAD_NOMINAL,True,False,True,185,46,1,1.0,40738069.752466254,3.5153229846992424,0.6522774591585238
44018,3,15,FIXED_Q_FIXED_BEAM_JOINT_GLOBAL_INFEASIBLE,0,E3_SITE_01_SEC_1_UE_1,0,0,0.8169329277011268,0.8169329277011268,0.7352396349310142,RELATIVE_0P9_CURRENT_LOAD_NOMINAL,True,False,True,0,0,0,1.0,35.91716234417726,6.351854397357955,1.2588365086543891
44018,3,15,FIXED_Q_FIXED_BEAM_JOINT_GLOBAL_INFEASIBLE,75,E3_SITE_07_SEC_1_UE_4,18,3,0.1753201540979634,0.1753201540979634,0.15778813868816705,RELATIVE_0P9_CURRENT_LOAD_NOMINAL,True,False,True,75,18,3,1.0,1159.8617753017256,4.098401028372771,0.542616879865077
44018,3,15,FIXED_Q_FIXED_BEAM_JOINT_GLOBAL_INFEASIBLE,178,E3_SITE_15_SEC_3_UE_3,44,2,0.4354593073905303,0.4354593073905303,0.3919133766514773,RELATIVE_0P9_CURRENT_LOAD_NOMINAL,True,False,True,178,44,2,1.0,183870359.7832461,3.913520876792264,0.7687312356088589
44018,3,15,FIXED_Q_FIXED_BEAM_JOINT_GLOBAL_INFEASIBLE,185,E3_SITE_16_SEC_2_UE_2,46,1,0.35607408902145665,0.35607408902145665,0.320466680119311,RELATIVE_0P9_CURRENT_LOAD_NOMINAL,True,False,True,185,46,1,1.0,20417400.482553415,3.5194823453214683,0.6526933952207463
44018,3,16,FIXED_Q_FIXED_BEAM_JOINT_GLOBAL_INFEASIBLE,0,E3_SITE_01_SEC_1_UE_1,0,0,0.8169329277011268,0.8169329277011268,0.7352396349310142,RELATIVE_0P9_CURRENT_LOAD_NOMINAL,True,False,True,0,0,0,1.0,40.225333544903904,6.351091405984415,1.2587602095170352
44018,3,16,FIXED_Q_FIXED_BEAM_JOINT_GLOBAL_INFEASIBLE,75,E3_SITE_07_SEC_1_UE_4,18,3,0.1753201540979634,0.1753201540979634,0.15778813868816705,RELATIVE_0P9_CURRENT_LOAD_NOMINAL,True,False,True,75,18,3,1.0,1159.8617753017256,4.098401028372771,0.542616879865077
44018,3,16,FIXED_Q_FIXED_BEAM_JOINT_GLOBAL_INFEASIBLE,178,E3_SITE_15_SEC_3_UE_3,44,2,0.4354593073905303,0.4354593073905303,0.3919133766514773,RELATIVE_0P9_CURRENT_LOAD_NOMINAL,True,False,True,178,44,2,1.0,92153476.96581653,3.9138985465894813,0.7687690025885807
44018,3,16,FIXED_Q_FIXED_BEAM_JOINT_GLOBAL_INFEASIBLE,185,E3_SITE_16_SEC_2_UE_2,46,1,0.35607408902145665,0.35607408902145665,0.320466680119311,RELATIVE_0P9_CURRENT_LOAD_NOMINAL,True,False,True,185,46,1,1.0,10232940.46571107,3.52534839065471,0.6532799997540705
44018,3,17,FIXED_Q_FIXED_BEAM_JOINT_GLOBAL_INFEASIBLE,0,E3_SITE_01_SEC_1_UE_1,0,0,0.8169329277011268,0.8169329277011268,0.7352396349310142,RELATIVE_0P9_CURRENT_LOAD_NOMINAL,True,False,True,0,0,0,1.0,50.640694597575944,6.349661086532066,1.2586171775718002
44018,3,17,FIXED_Q_FIXED_BEAM_JOINT_GLOBAL_INFEASIBLE,75,E3_SITE_07_SEC_1_UE_4,18,3,0.1753201540979634,0.1753201540979634,0.15778813868816705,RELATIVE_0P9_CURRENT_LOAD_NOMINAL,True,False,True,75,18,3,1.0,1460.1794630959628,4.098265411864367,0.5426033182142367
44018,3,17,FIXED_Q_FIXED_BEAM_JOINT_GLOBAL_INFEASIBLE,178,E3_SITE_15_SEC_3_UE_3,44,2,0.4354593073905303,0.4354593073905303,0.3919133766514773,RELATIVE_0P9_CURRENT_LOAD_NOMINAL,True,False,True,178,44,2,1.0,46186146.18963193,3.9144319428656624,0.7688223422161988
44018,3,17,FIXED_Q_FIXED_BEAM_JOINT_GLOBAL_INFEASIBLE,185,E3_SITE_16_SEC_2_UE_2,46,1,0.35607408902145665,0.35607408902145665,0.320466680119311,RELATIVE_0P9_CURRENT_LOAD_NOMINAL,True,False,True,185,46,1,1.0,5128619.123882293,3.533616089014605,0.65410676959006
44018,3,18,FIXED_Q_FIXED_BEAM_JOINT_GLOBAL_INFEASIBLE,0,E3_SITE_01_SEC_1_UE_1,0,0,0.8169329277011268,0.8169329277011268,0.7352396349310142,RELATIVE_0P9_CURRENT_LOAD_NOMINAL,True,False,True,0,0,0,1.0,63.75285729979593,6.3483857275976305,1.2584896416783566
44018,3,18,FIXED_Q_FIXED_BEAM_JOINT_GLOBAL_INFEASIBLE,75,E3_SITE_07_SEC_1_UE_4,18,3,0.1753201540979634,0.1753201540979634,0.15778813868816705,RELATIVE_0P9_CURRENT_LOAD_NOMINAL,True,False,True,75,18,3,1.0,1838.2570318715384,4.098144538786828,0.5425912309064826
44018,3,18,FIXED_Q_FIXED_BEAM_JOINT_GLOBAL_INFEASIBLE,178,E3_SITE_15_SEC_3_UE_3,44,2,0.4354593073905303,0.4354593073905303,0.3919133766514773,RELATIVE_0P9_CURRENT_LOAD_NOMINAL,True,False,True,178,44,2,1.0,23147906.840686455,3.9151852325574414,0.7688976711853767
44018,3,18,FIXED_Q_FIXED_BEAM_JOINT_GLOBAL_INFEASIBLE,185,E3_SITE_16_SEC_2_UE_2,46,1,0.35607408902145665,0.35607408902145665,0.320466680119311,RELATIVE_0P9_CURRENT_LOAD_NOMINAL,True,False,True,185,46,1,1.0,2570398.4310264913,3.5452581590594665,0.6552709765945461
44018,3,19,FIXED_Q_FIXED_BEAM_JOINT_GLOBAL_INFEASIBLE,0,E3_SITE_01_SEC_1_UE_1,0,0,0.8169329277011268,0.8169329277011268,0.7352396349310142,RELATIVE_0P9_CURRENT_LOAD_NOMINAL,True,False,True,0,0,0,1.0,113.5800400976339,6.345760809762549,1.2582271498948485
44018,3,19,FIXED_Q_FIXED_BEAM_JOINT_GLOBAL_INFEASIBLE,75,E3_SITE_07_SEC_1_UE_4,18,3,0.1753201540979634,0.1753201540979634,0.15778813868816705,RELATIVE_0P9_CURRENT_LOAD_NOMINAL,True,False,True,75,18,3,1.0,3521.5083941039093,4.097873090960328,0.5425640861238328
44018,3,19,FIXED_Q_FIXED_BEAM_JOINT_GLOBAL_INFEASIBLE,178,E3_SITE_15_SEC_3_UE_3,44,2,0.4354593073905303,0.4354593073905303,0.3919133766514773,RELATIVE_0P9_CURRENT_LOAD_NOMINAL,True,False,True,178,44,2,1.0,11601435.393745456,3.9162489782348597,0.7690040457531184
44018,3,19,FIXED_Q_FIXED_BEAM_JOINT_GLOBAL_INFEASIBLE,185,E3_SITE_16_SEC_2_UE_2,46,1,0.35607408902145665,0.35607408902145665,0.320466680119311,RELATIVE_0P9_CURRENT_LOAD_NOMINAL,True,False,True,185,46,1,1.0,1417027.575475587,3.5590009654121846,0.6566452572298179
44018,3,40,FIXED_Q_FIXED_BEAM_JOINT_GLOBAL_INFEASIBLE,0,E3_SITE_01_SEC_1_UE_1,0,0,0.8169329277011268,0.8169329277011268,0.7352396349310142,RELATIVE_0P9_CURRENT_LOAD_NOMINAL,True,False,True,0,0,0,1.0,50640.6945976038,6.338284931678524,1.257479562086446
44018,3,40,FIXED_Q_FIXED_BEAM_JOINT_GLOBAL_INFEASIBLE,75,E3_SITE_07_SEC_1_UE_4,18,3,0.1753201540979634,0.1753201540979634,0.15778813868816705,RELATIVE_0P9_CURRENT_LOAD_NOMINAL,True,False,True,75,18,3,1.0,29517.723424052685,4.09740270291918,0.542517047319718
44018,3,40,FIXED_Q_FIXED_BEAM_JOINT_GLOBAL_INFEASIBLE,178,E3_SITE_15_SEC_3_UE_3,44,2,0.4354593073905303,0.4354593073905303,0.3919133766514773,RELATIVE_0P9_CURRENT_LOAD_NOMINAL,True,False,True,178,44,2,1.0,6274733.29018667,3.917527882272055,0.7691319361568381
44018,3,40,FIXED_Q_FIXED_BEAM_JOINT_GLOBAL_INFEASIBLE,185,E3_SITE_16_SEC_2_UE_2,46,1,0.35607408902145665,0.35607408902145665,0.320466680119311,RELATIVE_0P9_CURRENT_LOAD_NOMINAL,True,False,True,185,46,1,1.0,734897460.2556342,3.5065183722916937,0.6513969979177688
44018,3,41,FIXED_Q_FIXED_BEAM_JOINT_GLOBAL_INFEASIBLE,0,E3_SITE_01_SEC_1_UE_1,0,0,0.8169329277011268,0.8169329277011268,0.7352396349310142,RELATIVE_0P9_CURRENT_LOAD_NOMINAL,True,False,True,0,0,0,1.0,40225.33354492614,6.338330347961824,1.2574841037147761
44018,3,41,FIXED_Q_FIXED_BEAM_JOINT_GLOBAL_INFEASIBLE,75,E3_SITE_07_SEC_1_UE_4,18,3,0.1753201540979634,0.1753201540979634,0.15778813868816705,RELATIVE_0P9_CURRENT_LOAD_NOMINAL,True,False,True,75,18,3,1.0,29517.723424052685,4.09740270291918,0.542517047319718
44018,3,41,FIXED_Q_FIXED_BEAM_JOINT_GLOBAL_INFEASIBLE,178,E3_SITE_15_SEC_3_UE_3,44,2,0.4354593073905303,0.4354593073905303,0.3919133766514773,RELATIVE_0P9_CURRENT_LOAD_NOMINAL,True,False,True,178,44,2,1.0,3144816.2194576105,3.9195564458125043,0.7693347925108829
44018,3,41,FIXED_Q_FIXED_BEAM_JOINT_GLOBAL_INFEASIBLE,185,E3_SITE_16_SEC_2_UE_2,46,1,0.35607408902145665,0.35607408902145665,0.320466680119311,RELATIVE_0P9_CURRENT_LOAD_NOMINAL,True,False,True,185,46,1,1.0,368321225.10523075,3.5070546313039626,0.6514506238189958
44018,3,42,FIXED_Q_FIXED_BEAM_JOINT_GLOBAL_INFEASIBLE,0,E3_SITE_01_SEC_1_UE_1,0,0,0.8169329277011268,0.8169329277011268,0.7352396349310142,RELATIVE_0P9_CURRENT_LOAD_NOMINAL,True,False,True,0,0,0,1.0,20160.423641111454,6.338502627425499,1.2575013316611434
44018,3,42,FIXED_Q_FIXED_BEAM_JOINT_GLOBAL_INFEASIBLE,75,E3_SITE_07_SEC_1_UE_4,18,3,0.1753201540979634,0.1753201540979634,0.15778813868816705,RELATIVE_0P9_CURRENT_LOAD_NOMINAL,True,False,True,75,18,3,1.0,29517.723424052685,4.09740270291918,0.542517047319718
44018,3,42,FIXED_Q_FIXED_BEAM_JOINT_GLOBAL_INFEASIBLE,178,E3_SITE_15_SEC_3_UE_3,44,2,0.4354593073905303,0.4354593073905303,0.3919133766514773,RELATIVE_0P9_CURRENT_LOAD_NOMINAL,True,False,True,178,44,2,1.0,6274733.29018667,3.917527882272055,0.7691319361568381
44018,3,42,FIXED_Q_FIXED_BEAM_JOINT_GLOBAL_INFEASIBLE,185,E3_SITE_16_SEC_2_UE_2,46,1,0.35607408902145665,0.35607408902145665,0.320466680119311,RELATIVE_0P9_CURRENT_LOAD_NOMINAL,True,False,True,185,46,1,1.0,522554414.75362074,3.5067902349850613,0.6514241841871056
44018,3,43,FIXED_Q_FIXED_BEAM_JOINT_GLOBAL_INFEASIBLE,0,E3_SITE_01_SEC_1_UE_1,0,0,0.8169329277011268,0.8169329277011268,0.7352396349310142,RELATIVE_0P9_CURRENT_LOAD_NOMINAL,True,False,True,0,0,0,1.0,10104.146953442447,6.338745961478256,1.2575256650664193
44018,3,43,FIXED_Q_FIXED_BEAM_JOINT_GLOBAL_INFEASIBLE,75,E3_SITE_07_SEC_1_UE_4,18,3,0.1753201540979634,0.1753201540979634,0.15778813868816705,RELATIVE_0P9_CURRENT_LOAD_NOMINAL,True,False,True,75,18,3,1.0,29517.723424052685,4.09740270291918,0.542517047319718
44018,3,43,FIXED_Q_FIXED_BEAM_JOINT_GLOBAL_INFEASIBLE,178,E3_SITE_15_SEC_3_UE_3,44,2,0.4354593073905303,0.4354593073905303,0.3919133766514773,RELATIVE_0P9_CURRENT_LOAD_NOMINAL,True,False,True,178,44,2,1.0,3144816.2194576105,3.9195564458125043,0.7693347925108829
44018,3,43,FIXED_Q_FIXED_BEAM_JOINT_GLOBAL_INFEASIBLE,185,E3_SITE_16_SEC_2_UE_2,46,1,0.35607408902145665,0.35607408902145665,0.320466680119311,RELATIVE_0P9_CURRENT_LOAD_NOMINAL,True,False,True,185,46,1,1.0,261897601.55008772,3.5074385764624756,0.6514890183348471
44018,3,44,FIXED_Q_FIXED_BEAM_JOINT_GLOBAL_INFEASIBLE,0,E3_SITE_01_SEC_1_UE_1,0,0,0.8169329277011268,0.8169329277011268,0.7352396349310142,RELATIVE_0P9_CURRENT_LOAD_NOMINAL,True,False,True,0,0,0,1.0,6375.285729981722,6.338502627425499,1.2575013316611434
44018,3,44,FIXED_Q_FIXED_BEAM_JOINT_GLOBAL_INFEASIBLE,75,E3_SITE_07_SEC_1_UE_4,18,3,0.1753201540979634,0.1753201540979634,0.15778813868816705,RELATIVE_0P9_CURRENT_LOAD_NOMINAL,True,False,True,75,18,3,1.0,9334.323736291068,4.09740270291918,0.542517047319718
44018,3,44,FIXED_Q_FIXED_BEAM_JOINT_GLOBAL_INFEASIBLE,178,E3_SITE_15_SEC_3_UE_3,44,2,0.4354593073905303,0.4354593073905303,0.3919133766514773,RELATIVE_0P9_CURRENT_LOAD_NOMINAL,True,False,True,178,44,2,1.0,6274733.29018667,3.917527882272055,0.7691319361568381
44018,3,44,FIXED_Q_FIXED_BEAM_JOINT_GLOBAL_INFEASIBLE,185,E3_SITE_16_SEC_2_UE_2,46,1,0.35607408902145665,0.35607408902145665,0.320466680119311,RELATIVE_0P9_CURRENT_LOAD_NOMINAL,True,False,True,185,46,1,1.0,522554414.75362074,3.5067902349850613,0.6514241841871056
44018,3,45,FIXED_Q_FIXED_BEAM_JOINT_GLOBAL_INFEASIBLE,0,E3_SITE_01_SEC_1_UE_1,0,0,0.8169329277011268,0.8169329277011268,0.7352396349310142,RELATIVE_0P9_CURRENT_LOAD_NOMINAL,True,False,True,0,0,0,1.0,3195.2118185929444,6.338745961478256,1.2575256650664193
44018,3,45,FIXED_Q_FIXED_BEAM_JOINT_GLOBAL_INFEASIBLE,75,E3_SITE_07_SEC_1_UE_4,18,3,0.1753201540979634,0.1753201540979634,0.15778813868816705,RELATIVE_0P9_CURRENT_LOAD_NOMINAL,True,False,True,75,18,3,1.0,9334.323736291068,4.09740270291918,0.542517047319718
44018,3,45,FIXED_Q_FIXED_BEAM_JOINT_GLOBAL_INFEASIBLE,178,E3_SITE_15_SEC_3_UE_3,44,2,0.4354593073905303,0.4354593073905303,0.3919133766514773,RELATIVE_0P9_CURRENT_LOAD_NOMINAL,True,False,True,178,44,2,1.0,3144816.2194576105,3.9195564458125043,0.7693347925108829
44018,3,45,FIXED_Q_FIXED_BEAM_JOINT_GLOBAL_INFEASIBLE,185,E3_SITE_16_SEC_2_UE_2,46,1,0.35607408902145665,0.35607408902145665,0.320466680119311,RELATIVE_0P9_CURRENT_LOAD_NOMINAL,True,False,True,185,46,1,1.0,261897601.55008772,3.5074385764624756,0.6514890183348471
44018,3,46,FIXED_Q_FIXED_BEAM_JOINT_GLOBAL_INFEASIBLE,0,E3_SITE_01_SEC_1_UE_1,0,0,0.8169329277011268,0.8169329277011268,0.7352396349310142,RELATIVE_0P9_CURRENT_LOAD_NOMINAL,True,False,True,0,0,0,1.0,6375.285729981722,6.338502627425499,1.2575013316611434
44018,3,46,FIXED_Q_FIXED_BEAM_JOINT_GLOBAL_INFEASIBLE,75,E3_SITE_07_SEC_1_UE_4,18,3,0.1753201540979634,0.1753201540979634,0.15778813868816705,RELATIVE_0P9_CURRENT_LOAD_NOMINAL,True,False,True,75,18,3,1.0,9334.323736291068,4.09740270291918,0.542517047319718
44018,3,46,FIXED_Q_FIXED_BEAM_JOINT_GLOBAL_INFEASIBLE,178,E3_SITE_15_SEC_3_UE_3,44,2,0.4354593073905303,0.4354593073905303,0.3919133766514773,RELATIVE_0P9_CURRENT_LOAD_NOMINAL,True,False,True,178,44,2,1.0,6274733.29018667,3.917527882272055,0.7691319361568381
44018,3,46,FIXED_Q_FIXED_BEAM_JOINT_GLOBAL_INFEASIBLE,185,E3_SITE_16_SEC_2_UE_2,46,1,0.35607408902145665,0.35607408902145665,0.320466680119311,RELATIVE_0P9_CURRENT_LOAD_NOMINAL,True,False,True,185,46,1,1.0,522554414.75362074,3.5067902349850613,0.6514241841871056
44018,3,47,FIXED_Q_FIXED_BEAM_JOINT_GLOBAL_INFEASIBLE,0,E3_SITE_01_SEC_1_UE_1,0,0,0.8169329277011268,0.8169329277011268,0.7352396349310142,RELATIVE_0P9_CURRENT_LOAD_NOMINAL,True,False,True,0,0,0,1.0,3195.2118185929444,6.338745961478256,1.2575256650664193
44018,3,47,FIXED_Q_FIXED_BEAM_JOINT_GLOBAL_INFEASIBLE,75,E3_SITE_07_SEC_1_UE_4,18,3,0.1753201540979634,0.1753201540979634,0.15778813868816705,RELATIVE_0P9_CURRENT_LOAD_NOMINAL,True,False,True,75,18,3,1.0,9334.323736291068,4.09740270291918,0.542517047319718
44018,3,47,FIXED_Q_FIXED_BEAM_JOINT_GLOBAL_INFEASIBLE,178,E3_SITE_15_SEC_3_UE_3,44,2,0.4354593073905303,0.4354593073905303,0.3919133766514773,RELATIVE_0P9_CURRENT_LOAD_NOMINAL,True,False,True,178,44,2,1.0,3144816.2194576105,3.9195564458125043,0.7693347925108829
44018,3,47,FIXED_Q_FIXED_BEAM_JOINT_GLOBAL_INFEASIBLE,185,E3_SITE_16_SEC_2_UE_2,46,1,0.35607408902145665,0.35607408902145665,0.320466680119311,RELATIVE_0P9_CURRENT_LOAD_NOMINAL,True,False,True,185,46,1,1.0,261897601.55008772,3.5074385764624756,0.6514890183348471
44018,3,48,FIXED_Q_FIXED_BEAM_JOINT_GLOBAL_INFEASIBLE,0,E3_SITE_01_SEC_1_UE_1,0,0,0.8169329277011268,0.8169329277011268,0.7352396349310142,RELATIVE_0P9_CURRENT_LOAD_NOMINAL,True,False,True,0,0,0,1.0,6375.285729981722,6.338502627425499,1.2575013316611434
44018,3,48,FIXED_Q_FIXED_BEAM_JOINT_GLOBAL_INFEASIBLE,75,E3_SITE_07_SEC_1_UE_4,18,3,0.1753201540979634,0.1753201540979634,0.15778813868816705,RELATIVE_0P9_CURRENT_LOAD_NOMINAL,True,False,True,75,18,3,1.0,9334.323736291068,4.09740270291918,0.542517047319718
44018,3,48,FIXED_Q_FIXED_BEAM_JOINT_GLOBAL_INFEASIBLE,178,E3_SITE_15_SEC_3_UE_3,44,2,0.4354593073905303,0.4354593073905303,0.3919133766514773,RELATIVE_0P9_CURRENT_LOAD_NOMINAL,True,False,True,178,44,2,1.0,6274733.29018667,3.917527882272055,0.7691319361568381
44018,3,48,FIXED_Q_FIXED_BEAM_JOINT_GLOBAL_INFEASIBLE,185,E3_SITE_16_SEC_2_UE_2,46,1,0.35607408902145665,0.35607408902145665,0.320466680119311,RELATIVE_0P9_CURRENT_LOAD_NOMINAL,True,False,True,185,46,1,1.0,522554414.75362074,3.5067902349850613,0.6514241841871056
44018,3,49,FIXED_Q_FIXED_BEAM_JOINT_GLOBAL_INFEASIBLE,0,E3_SITE_01_SEC_1_UE_1,0,0,0.8169329277011268,0.8169329277011268,0.7352396349310142,RELATIVE_0P9_CURRENT_LOAD_NOMINAL,True,False,True,0,0,0,1.0,4022.5333544917635,6.338655356162854,1.257516604534879
44018,3,49,FIXED_Q_FIXED_BEAM_JOINT_GLOBAL_INFEASIBLE,75,E3_SITE_07_SEC_1_UE_4,18,3,0.1753201540979634,0.1753201540979634,0.15778813868816705,RELATIVE_0P9_CURRENT_LOAD_NOMINAL,True,False,True,75,18,3,1.0,9334.323736291068,4.09740270291918,0.542517047319718
44018,3,49,FIXED_Q_FIXED_BEAM_JOINT_GLOBAL_INFEASIBLE,178,E3_SITE_15_SEC_3_UE_3,44,2,0.4354593073905303,0.4354593073905303,0.3919133766514773,RELATIVE_0P9_CURRENT_LOAD_NOMINAL,True,False,True,178,44,2,1.0,12519738.870390166,3.9160909846377856,0.768988246393411
44018,3,49,FIXED_Q_FIXED_BEAM_JOINT_GLOBAL_INFEASIBLE,185,E3_SITE_16_SEC_2_UE_2,46,1,0.35607408902145665,0.35607408902145665,0.320466680119311,RELATIVE_0P9_CURRENT_LOAD_NOMINAL,True,False,True,185,46,1,1.0,261897601.55008772,3.5074385764624756,0.6514890183348471
44018,3,50,FIXED_Q_FIXED_BEAM_JOINT_GLOBAL_INFEASIBLE,0,E3_SITE_01_SEC_1_UE_1,0,0,0.8169329277011268,0.8169329277011268,0.7352396349310142,RELATIVE_0P9_CURRENT_LOAD_NOMINAL,True,False,True,0,0,0,1.0,2016.0423641108705,6.338961676437704,1.2575472365623641
44018,3,50,FIXED_Q_FIXED_BEAM_JOINT_GLOBAL_INFEASIBLE,75,E3_SITE_07_SEC_1_UE_4,18,3,0.1753201540979634,0.1753201540979634,0.15778813868816705,RELATIVE_0P9_CURRENT_LOAD_NOMINAL,True,False,True,75,18,3,1.0,9334.323736291068,4.09740270291918,0.542517047319718
44018,3,50,FIXED_Q_FIXED_BEAM_JOINT_GLOBAL_INFEASIBLE,178,E3_SITE_15_SEC_3_UE_3,44,2,0.4354593073905303,0.4354593073905303,0.3919133766514773,RELATIVE_0P9_CURRENT_LOAD_NOMINAL,True,False,True,178,44,2,1.0,2914148.8151584174,3.916693299143203,0.7690484778439528
44018,3,50,FIXED_Q_FIXED_BEAM_JOINT_GLOBAL_INFEASIBLE,185,E3_SITE_16_SEC_2_UE_2,46,1,0.35607408902145665,0.35607408902145665,0.320466680119311,RELATIVE_0P9_CURRENT_LOAD_NOMINAL,True,False,True,185,46,1,1.0,131259734.41450435,3.5083541594768444,0.6515805766362839
44018,3,51,FIXED_Q_FIXED_BEAM_JOINT_GLOBAL_INFEASIBLE,0,E3_SITE_01_SEC_1_UE_1,0,0,0.8169329277011268,0.8169329277011268,0.7352396349310142,RELATIVE_0P9_CURRENT_LOAD_NOMINAL,True,False,True,0,0,0,1.0,1010.4146953440531,6.339394311085899,1.2575905000271836
44018,3,51,FIXED_Q_FIXED_BEAM_JOINT_GLOBAL_INFEASIBLE,75,E3_SITE_07_SEC_1_UE_4,18,3,0.1753201540979634,0.1753201540979634,0.15778813868816705,RELATIVE_0P9_CURRENT_LOAD_NOMINAL,True,False,True,75,18,3,1.0,9334.323736291068,4.09740270291918,0.542517047319718
44018,3,51,FIXED_Q_FIXED_BEAM_JOINT_GLOBAL_INFEASIBLE,178,E3_SITE_15_SEC_3_UE_3,44,2,0.4354593073905303,0.4354593073905303,0.3919133766514773,RELATIVE_0P9_CURRENT_LOAD_NOMINAL,True,False,True,178,44,2,1.0,4984197.817759656,3.9157120955029887,0.7689503574799315
44018,3,51,FIXED_Q_FIXED_BEAM_JOINT_GLOBAL_INFEASIBLE,185,E3_SITE_16_SEC_2_UE_2,46,1,0.35607408902145665,0.35607408902145665,0.320466680119311,RELATIVE_0P9_CURRENT_LOAD_NOMINAL,True,False,True,185,46,1,1.0,65785703.17785561,3.509647008821087,0.6517098615707082
44018,3,52,FIXED_Q_FIXED_BEAM_JOINT_GLOBAL_INFEASIBLE,0,E3_SITE_01_SEC_1_UE_1,0,0,0.8169329277011268,0.8169329277011268,0.7352396349310142,RELATIVE_0P9_CURRENT_LOAD_NOMINAL,True,False,True,0,0,0,1.0,1010.4146953440531,6.339394311085899,1.2575905000271836
44018,3,52,FIXED_Q_FIXED_BEAM_JOINT_GLOBAL_INFEASIBLE,75,E3_SITE_07_SEC_1_UE_4,18,3,0.1753201540979634,0.1753201540979634,0.15778813868816705,RELATIVE_0P9_CURRENT_LOAD_NOMINAL,True,False,True,75,18,3,1.0,9334.323736291068,4.09740270291918,0.542517047319718
44018,3,52,FIXED_Q_FIXED_BEAM_JOINT_GLOBAL_INFEASIBLE,178,E3_SITE_15_SEC_3_UE_3,44,2,0.4354593073905303,0.4354593073905303,0.3919133766514773,RELATIVE_0P9_CURRENT_LOAD_NOMINAL,True,False,True,178,44,2,1.0,4618614.618963193,3.9158529244172837,0.7689644403713609
44018,3,52,FIXED_Q_FIXED_BEAM_JOINT_GLOBAL_INFEASIBLE,185,E3_SITE_16_SEC_2_UE_2,46,1,0.35607408902145665,0.35607408902145665,0.320466680119311,RELATIVE_0P9_CURRENT_LOAD_NOMINAL,True,False,True,185,46,1,1.0,32970954.587934457,3.5114723177428075,0.6518923924628802
44018,3,53,FIXED_Q_FIXED_BEAM_JOINT_GLOBAL_INFEASIBLE,0,E3_SITE_01_SEC_1_UE_1,0,0,0.8169329277011268,0.8169329277011268,0.7352396349310142,RELATIVE_0P9_CURRENT_LOAD_NOMINAL,True,False,True,0,0,0,1.0,1010.4146953440531,6.339394311085899,1.2575905000271836
44018,3,53,FIXED_Q_FIXED_BEAM_JOINT_GLOBAL_INFEASIBLE,75,E3_SITE_07_SEC_1_UE_4,18,3,0.1753201540979634,0.1753201540979634,0.15778813868816705,RELATIVE_0P9_CURRENT_LOAD_NOMINAL,True,False,True,75,18,3,1.0,9334.323736291068,4.09740270291918,0.542517047319718
44018,3,53,FIXED_Q_FIXED_BEAM_JOINT_GLOBAL_INFEASIBLE,178,E3_SITE_15_SEC_3_UE_3,44,2,0.4354593073905303,0.4354593073905303,0.3919133766514773,RELATIVE_0P9_CURRENT_LOAD_NOMINAL,True,False,True,178,44,2,1.0,3959089.0540976524,3.9160909846377856,0.768988246393411
44018,3,53,FIXED_Q_FIXED_BEAM_JOINT_GLOBAL_INFEASIBLE,185,E3_SITE_16_SEC_2_UE_2,46,1,0.35607408902145665,0.35607408902145665,0.320466680119311,RELATIVE_0P9_CURRENT_LOAD_NOMINAL,True,False,True,185,46,1,1.0,32970954.587934457,3.5114723177428075,0.6518923924628802
44018,3,54,FIXED_Q_FIXED_BEAM_JOINT_GLOBAL_INFEASIBLE,0,E3_SITE_01_SEC_1_UE_1,0,0,0.8169329277011268,0.8169329277011268,0.7352396349310142,RELATIVE_0P9_CURRENT_LOAD_NOMINAL,True,False,True,0,0,0,1.0,1010.4146953440531,6.339394311085899,1.2575905000271836
44018,3,54,FIXED_Q_FIXED_BEAM_JOINT_GLOBAL_INFEASIBLE,75,E3_SITE_07_SEC_1_UE_4,18,3,0.1753201540979634,0.1753201540979634,0.15778813868816705,RELATIVE_0P9_CURRENT_LOAD_NOMINAL,True,False,True,75,18,3,1.0,9334.323736291068,4.09740270291918,0.542517047319718
44018,3,54,FIXED_Q_FIXED_BEAM_JOINT_GLOBAL_INFEASIBLE,178,E3_SITE_15_SEC_3_UE_3,44,2,0.4354593073905303,0.4354593073905303,0.3919133766514773,RELATIVE_0P9_CURRENT_LOAD_NOMINAL,True,False,True,178,44,2,1.0,3959089.0540976524,3.9160909846377856,0.768988246393411
44018,3,54,FIXED_Q_FIXED_BEAM_JOINT_GLOBAL_INFEASIBLE,185,E3_SITE_16_SEC_2_UE_2,46,1,0.35607408902145665,0.35607408902145665,0.320466680119311,RELATIVE_0P9_CURRENT_LOAD_NOMINAL,True,False,True,185,46,1,1.0,32970954.587934457,3.5114723177428075,0.6518923924628802
44018,3,55,FIXED_Q_FIXED_BEAM_JOINT_GLOBAL_INFEASIBLE,0,E3_SITE_01_SEC_1_UE_1,0,0,0.8169329277011268,0.8169329277011268,0.7352396349310142,RELATIVE_0P9_CURRENT_LOAD_NOMINAL,True,False,True,0,0,0,1.0,1010.4146953440531,6.339394311085899,1.2575905000271836
44018,3,55,FIXED_Q_FIXED_BEAM_JOINT_GLOBAL_INFEASIBLE,75,E3_SITE_07_SEC_1_UE_4,18,3,0.1753201540979634,0.1753201540979634,0.15778813868816705,RELATIVE_0P9_CURRENT_LOAD_NOMINAL,True,False,True,75,18,3,1.0,9334.323736291068,4.09740270291918,0.542517047319718
44018,3,55,FIXED_Q_FIXED_BEAM_JOINT_GLOBAL_INFEASIBLE,178,E3_SITE_15_SEC_3_UE_3,44,2,0.4354593073905303,0.4354593073905303,0.3919133766514773,RELATIVE_0P9_CURRENT_LOAD_NOMINAL,True,False,True,178,44,2,1.0,3959089.0540976524,3.9160909846377856,0.768988246393411
44018,3,55,FIXED_Q_FIXED_BEAM_JOINT_GLOBAL_INFEASIBLE,185,E3_SITE_16_SEC_2_UE_2,46,1,0.35607408902145665,0.35607408902145665,0.320466680119311,RELATIVE_0P9_CURRENT_LOAD_NOMINAL,True,False,True,185,46,1,1.0,32970954.587934457,3.5114723177428075,0.6518923924628802
44018,3,56,FIXED_Q_FIXED_BEAM_JOINT_GLOBAL_INFEASIBLE,0,E3_SITE_01_SEC_1_UE_1,0,0,0.8169329277011268,0.8169329277011268,0.7352396349310142,RELATIVE_0P9_CURRENT_LOAD_NOMINAL,True,False,True,0,0,0,1.0,1010.4146953440531,6.339394311085899,1.2575905000271836
44018,3,56,FIXED_Q_FIXED_BEAM_JOINT_GLOBAL_INFEASIBLE,75,E3_SITE_07_SEC_1_UE_4,18,3,0.1753201540979634,0.1753201540979634,0.15778813868816705,RELATIVE_0P9_CURRENT_LOAD_NOMINAL,True,False,True,75,18,3,1.0,9334.323736291068,4.09740270291918,0.542517047319718
44018,3,56,FIXED_Q_FIXED_BEAM_JOINT_GLOBAL_INFEASIBLE,178,E3_SITE_15_SEC_3_UE_3,44,2,0.4354593073905303,0.4354593073905303,0.3919133766514773,RELATIVE_0P9_CURRENT_LOAD_NOMINAL,True,False,True,178,44,2,1.0,3959089.0540976524,3.9160909846377856,0.768988246393411
44018,3,56,FIXED_Q_FIXED_BEAM_JOINT_GLOBAL_INFEASIBLE,185,E3_SITE_16_SEC_2_UE_2,46,1,0.35607408902145665,0.35607408902145665,0.320466680119311,RELATIVE_0P9_CURRENT_LOAD_NOMINAL,True,False,True,185,46,1,1.0,32970954.587934457,3.5114723177428075,0.6518923924628802
44018,3,57,FIXED_Q_FIXED_BEAM_JOINT_GLOBAL_INFEASIBLE,0,E3_SITE_01_SEC_1_UE_1,0,0,0.8169329277011268,0.8169329277011268,0.7352396349310142,RELATIVE_0P9_CURRENT_LOAD_NOMINAL,True,False,True,0,0,0,1.0,1010.4146953440531,6.339394311085899,1.2575905000271836
44018,3,57,FIXED_Q_FIXED_BEAM_JOINT_GLOBAL_INFEASIBLE,75,E3_SITE_07_SEC_1_UE_4,18,3,0.1753201540979634,0.1753201540979634,0.15778813868816705,RELATIVE_0P9_CURRENT_LOAD_NOMINAL,True,False,True,75,18,3,1.0,9334.323736291068,4.09740270291918,0.542517047319718
44018,3,57,FIXED_Q_FIXED_BEAM_JOINT_GLOBAL_INFEASIBLE,178,E3_SITE_15_SEC_3_UE_3,44,2,0.4354593073905303,0.4354593073905303,0.3919133766514773,RELATIVE_0P9_CURRENT_LOAD_NOMINAL,True,False,True,178,44,2,1.0,3959089.0540976524,3.9160909846377856,0.768988246393411
44018,3,57,FIXED_Q_FIXED_BEAM_JOINT_GLOBAL_INFEASIBLE,185,E3_SITE_16_SEC_2_UE_2,46,1,0.35607408902145665,0.35607408902145665,0.320466680119311,RELATIVE_0P9_CURRENT_LOAD_NOMINAL,True,False,True,185,46,1,1.0,32970954.587934457,3.5114723177428075,0.6518923924628802
44018,3,58,FIXED_Q_FIXED_BEAM_JOINT_GLOBAL_INFEASIBLE,0,E3_SITE_01_SEC_1_UE_1,0,0,0.8169329277011268,0.8169329277011268,0.7352396349310142,RELATIVE_0P9_CURRENT_LOAD_NOMINAL,True,False,True,0,0,0,1.0,1010.4146953440531,6.339394311085899,1.2575905000271836
44018,3,58,FIXED_Q_FIXED_BEAM_JOINT_GLOBAL_INFEASIBLE,75,E3_SITE_07_SEC_1_UE_4,18,3,0.1753201540979634,0.1753201540979634,0.15778813868816705,RELATIVE_0P9_CURRENT_LOAD_NOMINAL,True,False,True,75,18,3,1.0,9334.323736291068,4.09740270291918,0.542517047319718
44018,3,58,FIXED_Q_FIXED_BEAM_JOINT_GLOBAL_INFEASIBLE,178,E3_SITE_15_SEC_3_UE_3,44,2,0.4354593073905303,0.4354593073905303,0.3919133766514773,RELATIVE_0P9_CURRENT_LOAD_NOMINAL,True,False,True,178,44,2,1.0,3959089.0540976524,3.9160909846377856,0.768988246393411
44018,3,58,FIXED_Q_FIXED_BEAM_JOINT_GLOBAL_INFEASIBLE,185,E3_SITE_16_SEC_2_UE_2,46,1,0.35607408902145665,0.35607408902145665,0.320466680119311,RELATIVE_0P9_CURRENT_LOAD_NOMINAL,True,False,True,185,46,1,1.0,32970954.587934457,3.5114723177428075,0.6518923924628802
44018,3,59,FIXED_Q_FIXED_BEAM_JOINT_GLOBAL_INFEASIBLE,0,E3_SITE_01_SEC_1_UE_1,0,0,0.8169329277011268,0.8169329277011268,0.7352396349310142,RELATIVE_0P9_CURRENT_LOAD_NOMINAL,True,False,True,0,0,0,1.0,1010.4146953440531,6.339394311085899,1.2575905000271836
44018,3,59,FIXED_Q_FIXED_BEAM_JOINT_GLOBAL_INFEASIBLE,75,E3_SITE_07_SEC_1_UE_4,18,3,0.1753201540979634,0.1753201540979634,0.15778813868816705,RELATIVE_0P9_CURRENT_LOAD_NOMINAL,True,False,True,75,18,3,1.0,9334.323736291068,4.09740270291918,0.542517047319718
44018,3,59,FIXED_Q_FIXED_BEAM_JOINT_GLOBAL_INFEASIBLE,178,E3_SITE_15_SEC_3_UE_3,44,2,0.4354593073905303,0.4354593073905303,0.3919133766514773,RELATIVE_0P9_CURRENT_LOAD_NOMINAL,True,False,True,178,44,2,1.0,3959089.0540976524,3.9160909846377856,0.768988246393411
44018,3,59,FIXED_Q_FIXED_BEAM_JOINT_GLOBAL_INFEASIBLE,185,E3_SITE_16_SEC_2_UE_2,46,1,0.35607408902145665,0.35607408902145665,0.320466680119311,RELATIVE_0P9_CURRENT_LOAD_NOMINAL,True,False,True,185,46,1,1.0,208032659.51780072,3.509647008821087,0.6517098615707082
44018,3,118,EXPANDED_LOCAL_HYBRID_K8_FEASIBLE,185,E3_SITE_16_SEC_2_UE_2,46,1,0.35607408902145665,1.0276906870412184,0.9249216183370965,RELATIVE_0P9_CURRENT_LOAD_NOMINAL,True,False,True,185,46,1,1.0,513219189.1595648,5.736598512330516,1.4504746240878097
44018,4,0,FIXED_Q_FIXED_BEAM_JOINT_GLOBAL_INFEASIBLE,0,E3_SITE_01_SEC_1_UE_1,0,0,0.8169329277011268,0.8169329277011268,0.7352396349310142,RELATIVE_0P9_CURRENT_LOAD_NOMINAL,True,False,True,0,0,0,1.0,50640.6945976038,6.338284931678524,1.257479562086446
44018,4,0,FIXED_Q_FIXED_BEAM_JOINT_GLOBAL_INFEASIBLE,75,E3_SITE_07_SEC_1_UE_4,18,3,0.1753201540979634,0.1753201540979634,0.15778813868816705,RELATIVE_0P9_CURRENT_LOAD_NOMINAL,True,False,True,75,18,3,1.0,29517.723424052685,4.09740270291918,0.542517047319718
44018,4,0,FIXED_Q_FIXED_BEAM_JOINT_GLOBAL_INFEASIBLE,178,E3_SITE_15_SEC_3_UE_3,44,2,0.4354593073905303,0.4354593073905303,0.3919133766514773,RELATIVE_0P9_CURRENT_LOAD_NOMINAL,True,False,True,178,44,2,1.0,1838703597833.01,3.9126143685769494,0.7686405847873274
44018,4,0,FIXED_Q_FIXED_BEAM_JOINT_GLOBAL_INFEASIBLE,185,E3_SITE_16_SEC_2_UE_2,46,1,0.35607408902145665,0.35607408902145665,0.320466680119311,RELATIVE_0P9_CURRENT_LOAD_NOMINAL,True,False,True,185,46,1,1.0,204174004825.60767,3.505361053868895,0.651281266075489
44018,4,1,FIXED_Q_FIXED_BEAM_JOINT_GLOBAL_INFEASIBLE,0,E3_SITE_01_SEC_1_UE_1,0,0,0.8169329277011268,0.8169329277011268,0.7352396349310142,RELATIVE_0P9_CURRENT_LOAD_NOMINAL,True,False,True,0,0,0,1.0,50640.6945976038,6.338284931678524,1.257479562086446
44018,4,1,FIXED_Q_FIXED_BEAM_JOINT_GLOBAL_INFEASIBLE,75,E3_SITE_07_SEC_1_UE_4,18,3,0.1753201540979634,0.1753201540979634,0.15778813868816705,RELATIVE_0P9_CURRENT_LOAD_NOMINAL,True,False,True,75,18,3,1.0,29517.723424052685,4.09740270291918,0.542517047319718
44018,4,1,FIXED_Q_FIXED_BEAM_JOINT_GLOBAL_INFEASIBLE,178,E3_SITE_15_SEC_3_UE_3,44,2,0.4354593073905303,0.4354593073905303,0.3919133766514773,RELATIVE_0P9_CURRENT_LOAD_NOMINAL,True,False,True,178,44,2,1.0,1838703597833.01,3.9126143685769494,0.7686405847873274
44018,4,1,FIXED_Q_FIXED_BEAM_JOINT_GLOBAL_INFEASIBLE,185,E3_SITE_16_SEC_2_UE_2,46,1,0.35607408902145665,0.35607408902145665,0.320466680119311,RELATIVE_0P9_CURRENT_LOAD_NOMINAL,True,False,True,185,46,1,1.0,204174004825.60767,3.505361053868895,0.651281266075489
44018,4,2,FIXED_Q_FIXED_BEAM_JOINT_GLOBAL_INFEASIBLE,0,E3_SITE_01_SEC_1_UE_1,0,0,0.8169329277011268,0.8169329277011268,0.7352396349310142,RELATIVE_0P9_CURRENT_LOAD_NOMINAL,True,False,True,0,0,0,1.0,40225.33354492614,6.338330347961824,1.2574841037147761
44018,4,2,FIXED_Q_FIXED_BEAM_JOINT_GLOBAL_INFEASIBLE,75,E3_SITE_07_SEC_1_UE_4,18,3,0.1753201540979634,0.1753201540979634,0.15778813868816705,RELATIVE_0P9_CURRENT_LOAD_NOMINAL,True,False,True,75,18,3,1.0,23446.761140512306,4.09743307760793,0.5425200847885929
44018,4,2,FIXED_Q_FIXED_BEAM_JOINT_GLOBAL_INFEASIBLE,178,E3_SITE_15_SEC_3_UE_3,44,2,0.4354593073905303,0.4354593073905303,0.3919133766514773,RELATIVE_0P9_CURRENT_LOAD_NOMINAL,True,False,True,178,44,2,1.0,1460534183047.2698,3.9126154860162794,0.7686406965312604
44018,4,2,FIXED_Q_FIXED_BEAM_JOINT_GLOBAL_INFEASIBLE,185,E3_SITE_16_SEC_2_UE_2,46,1,0.35607408902145665,0.35607408902145665,0.320466680119311,RELATIVE_0P9_CURRENT_LOAD_NOMINAL,True,False,True,185,46,1,1.0,162181176829.6789,3.505378496923058,0.6512830103809053
44018,4,3,FIXED_Q_FIXED_BEAM_JOINT_GLOBAL_INFEASIBLE,0,E3_SITE_01_SEC_1_UE_1,0,0,0.8169329277011268,0.8169329277011268,0.7352396349310142,RELATIVE_0P9_CURRENT_LOAD_NOMINAL,True,False,True,0,0,0,1.0,20160.423641111454,6.338502627425499,1.2575013316611434
44018,4,3,FIXED_Q_FIXED_BEAM_JOINT_GLOBAL_INFEASIBLE,75,E3_SITE_07_SEC_1_UE_4,18,3,0.1753201540979634,0.1753201540979634,0.15778813868816705,RELATIVE_0P9_CURRENT_LOAD_NOMINAL,True,False,True,75,18,3,1.0,11751.217353531418,4.097548300943037,0.5425316071221036
44018,4,3,FIXED_Q_FIXED_BEAM_JOINT_GLOBAL_INFEASIBLE,178,E3_SITE_15_SEC_3_UE_3,44,2,0.4354593073905303,0.4354593073905303,0.3919133766514773,RELATIVE_0P9_CURRENT_LOAD_NOMINAL,True,False,True,178,44,2,1.0,732001086819.5106,3.9126197249980312,0.7686411204294357
44018,4,3,FIXED_Q_FIXED_BEAM_JOINT_GLOBAL_INFEASIBLE,185,E3_SITE_16_SEC_2_UE_2,46,1,0.35607408902145665,0.35607408902145665,0.320466680119311,RELATIVE_0P9_CURRENT_LOAD_NOMINAL,True,False,True,185,46,1,1.0,81283135361.68819,3.505444665960307,0.6512896272846302
44018,4,4,FIXED_Q_FIXED_BEAM_JOINT_GLOBAL_INFEASIBLE,0,E3_SITE_01_SEC_1_UE_1,0,0,0.8169329277011268,0.8169329277011268,0.7352396349310142,RELATIVE_0P9_CURRENT_LOAD_NOMINAL,True,False,True,0,0,0,1.0,10104.146953442447,6.338745961478256,1.2575256650664193
44018,4,4,FIXED_Q_FIXED_BEAM_JOINT_GLOBAL_INFEASIBLE,75,E3_SITE_07_SEC_1_UE_4,18,3,0.1753201540979634,0.1753201540979634,0.15778813868816705,RELATIVE_0P9_CURRENT_LOAD_NOMINAL,True,False,True,75,18,3,1.0,5889.560117168517,4.097711051536496,0.5425478821814496
44018,4,4,FIXED_Q_FIXED_BEAM_JOINT_GLOBAL_INFEASIBLE,178,E3_SITE_15_SEC_3_UE_3,44,2,0.4354593073905303,0.4354593073905303,0.3919133766514773,RELATIVE_0P9_CURRENT_LOAD_NOMINAL,True,False,True,178,44,2,1.0,366869599715.323,3.91262571270927,0.7686417192005595
44018,4,4,FIXED_Q_FIXED_BEAM_JOINT_GLOBAL_INFEASIBLE,185,E3_SITE_16_SEC_2_UE_2,46,1,0.35607408902145665,0.35607408902145665,0.320466680119311,RELATIVE_0P9_CURRENT_LOAD_NOMINAL,True,False,True,185,46,1,1.0,40738069752.47895,3.5055381298784356,0.6512989736764431
44018,4,5,FIXED_Q_FIXED_BEAM_JOINT_GLOBAL_INFEASIBLE,0,E3_SITE_01_SEC_1_UE_1,0,0,0.8169329277011268,0.8169329277011268,0.7352396349310142,RELATIVE_0P9_CURRENT_LOAD_NOMINAL,True,False,True,0,0,0,1.0,5064.069459758437,6.339089645734992,1.2575600334920929
44018,4,5,FIXED_Q_FIXED_BEAM_JOINT_GLOBAL_INFEASIBLE,75,E3_SITE_07_SEC_1_UE_4,18,3,0.1753201540979634,0.1753201540979634,0.15778813868816705,RELATIVE_0P9_CURRENT_LOAD_NOMINAL,True,False,True,75,18,3,1.0,2951.7723424051137,4.097940929506115,0.5425708699784114
44018,4,5,FIXED_Q_FIXED_BEAM_JOINT_GLOBAL_INFEASIBLE,178,E3_SITE_15_SEC_3_UE_3,44,2,0.4354593073905303,0.4354593073905303,0.3919133766514773,RELATIVE_0P9_CURRENT_LOAD_NOMINAL,True,False,True,178,44,2,1.0,183870359783.23395,3.9126341705569736,0.7686425649853299
44018,4,5,FIXED_Q_FIXED_BEAM_JOINT_GLOBAL_INFEASIBLE,185,E3_SITE_16_SEC_2_UE_2,46,1,0.35607408902145665,0.35607408902145665,0.320466680119311,RELATIVE_0P9_CURRENT_LOAD_NOMINAL,True,False,True,185,46,1,1.0,20417400482.553043,3.5056701465205995,0.6513121753406594
44018,4,6,FIXED_Q_FIXED_BEAM_JOINT_GLOBAL_INFEASIBLE,0,E3_SITE_01_SEC_1_UE_1,0,0,0.8169329277011268,0.8169329277011268,0.7352396349310142,RELATIVE_0P9_CURRENT_LOAD_NOMINAL,True,False,True,0,0,0,1.0,2538.046963432562,6.339575044372152,1.257608573355809
44018,4,6,FIXED_Q_FIXED_BEAM_JOINT_GLOBAL_INFEASIBLE,75,E3_SITE_07_SEC_1_UE_4,18,3,0.1753201540979634,0.1753201540979634,0.15778813868816705,RELATIVE_0P9_CURRENT_LOAD_NOMINAL,True,False,True,75,18,3,1.0,1479.390614587505,4.098265614126952,0.5426033384404951
44018,4,6,FIXED_Q_FIXED_BEAM_JOINT_GLOBAL_INFEASIBLE,178,E3_SITE_15_SEC_3_UE_3,44,2,0.4354593073905303,0.4354593073905303,0.3919133766514773,RELATIVE_0P9_CURRENT_LOAD_NOMINAL,True,False,True,178,44,2,1.0,92153476965.81299,3.9126461175460374,0.7686437596842363
44018,4,6,FIXED_Q_FIXED_BEAM_JOINT_GLOBAL_INFEASIBLE,185,E3_SITE_16_SEC_2_UE_2,46,1,0.35607408902145665,0.35607408902145665,0.320466680119311,RELATIVE_0P9_CURRENT_LOAD_NOMINAL,True,False,True,185,46,1,1.0,10232940465.713057,3.5058566157043716,0.6513308222590366
44018,4,7,FIXED_Q_FIXED_BEAM_JOINT_GLOBAL_INFEASIBLE,0,E3_SITE_01_SEC_1_UE_1,0,0,0.8169329277011268,0.8169329277011268,0.7352396349310142,RELATIVE_0P9_CURRENT_LOAD_NOMINAL,True,False,True,0,0,0,1.0,1272.0367364188403,6.340260551982406,1.2576771241168343
44018,4,7,FIXED_Q_FIXED_BEAM_JOINT_GLOBAL_INFEASIBLE,75,E3_SITE_07_SEC_1_UE_4,18,3,0.1753201540979634,0.1753201540979634,0.15778813868816705,RELATIVE_0P9_CURRENT_LOAD_NOMINAL,True,False,True,75,18,3,1.0,741.4516895792414,4.098724190194585,0.5426491960472584
44018,4,7,FIXED_Q_FIXED_BEAM_JOINT_GLOBAL_INFEASIBLE,178,E3_SITE_15_SEC_3_UE_3,44,2,0.4354593073905303,0.4354593073905303,0.3919133766514773,RELATIVE_0P9_CURRENT_LOAD_NOMINAL,True,False,True,178,44,2,1.0,46186146189.63337,3.9126629930400876,0.7686454472336413
44018,4,7,FIXED_Q_FIXED_BEAM_JOINT_GLOBAL_INFEASIBLE,185,E3_SITE_16_SEC_2_UE_2,46,1,0.35607408902145665,0.35607408902145665,0.320466680119311,RELATIVE_0P9_CURRENT_LOAD_NOMINAL,True,False,True,185,46,1,1.0,5128619123.882672,3.5061199919136796,0.6513571598799675
44018,4,8,FIXED_Q_FIXED_BEAM_JOINT_GLOBAL_INFEASIBLE,0,E3_SITE_01_SEC_1_UE_1,0,0,0.8169329277011268,0.8169329277011268,0.7352396349310142,RELATIVE_0P9_CURRENT_LOAD_NOMINAL,True,False,True,0,0,0,1.0,637.5285729979871,6.341228585615059,1.2577739274800996
44018,4,8,FIXED_Q_FIXED_BEAM_JOINT_GLOBAL_INFEASIBLE,75,E3_SITE_07_SEC_1_UE_4,18,3,0.1753201540979634,0.1753201540979634,0.15778813868816705,RELATIVE_0P9_CURRENT_LOAD_NOMINAL,True,False,True,75,18,3,1.0,371.60612116847796,4.099371840083131,0.5427139610361129
44018,4,8,FIXED_Q_FIXED_BEAM_JOINT_GLOBAL_INFEASIBLE,178,E3_SITE_15_SEC_3_UE_3,44,2,0.4354593073905303,0.4354593073905303,0.3919133766514773,RELATIVE_0P9_CURRENT_LOAD_NOMINAL,True,False,True,178,44,2,1.0,23147906840.6869,3.9126868301562885,0.7686478309452613
44018,4,8,FIXED_Q_FIXED_BEAM_JOINT_GLOBAL_INFEASIBLE,185,E3_SITE_16_SEC_2_UE_2,46,1,0.35607408902145665,0.35607408902145665,0.320466680119311,RELATIVE_0P9_CURRENT_LOAD_NOMINAL,True,False,True,185,46,1,1.0,2570398431.0265737,3.5064919837635147,0.6513943590649509
44018,4,9,FIXED_Q_FIXED_BEAM_JOINT_GLOBAL_INFEASIBLE,0,E3_SITE_01_SEC_1_UE_1,0,0,0.8169329277011268,0.8169329277011268,0.7352396349310142,RELATIVE_0P9_CURRENT_LOAD_NOMINAL,True,False,True,0,0,0,1.0,319.52118185919954,6.342595427906385,1.257910611709232
44018,4,9,FIXED_Q_FIXED_BEAM_JOINT_GLOBAL_INFEASIBLE,75,E3_SITE_07_SEC_1_UE_4,18,3,0.1753201540979634,0.1753201540979634,0.15778813868816705,RELATIVE_0P9_CURRENT_LOAD_NOMINAL,True,False,True,75,18,3,1.0,199.55637855993396,4.100185954580701,0.5427953724858701
44018,4,9,FIXED_Q_FIXED_BEAM_JOINT_GLOBAL_INFEASIBLE,178,E3_SITE_15_SEC_3_UE_3,44,2,0.4354593073905303,0.4354593073905303,0.3919133766514773,RELATIVE_0P9_CURRENT_LOAD_NOMINAL,True,False,True,178,44,2,1.0,11601435393.744846,3.9127205006731445,0.768651197996947
44018,4,9,FIXED_Q_FIXED_BEAM_JOINT_GLOBAL_INFEASIBLE,185,E3_SITE_16_SEC_2_UE_2,46,1,0.35607408902145665,0.35607408902145665,0.320466680119311,RELATIVE_0P9_CURRENT_LOAD_NOMINAL,True,False,True,185,46,1,1.0,1288250878.966047,3.507017362539792,0.6514468969425786
44018,4,10,FIXED_Q_FIXED_BEAM_JOINT_GLOBAL_INFEASIBLE,0,E3_SITE_01_SEC_1_UE_1,0,0,0.8169329277011268,0.8169329277011268,0.7352396349310142,RELATIVE_0P9_CURRENT_LOAD_NOMINAL,True,False,True,0,0,0,1.0,160.1399372213266,6.344525064426397,1.2581035753612333
44018,4,10,FIXED_Q_FIXED_BEAM_JOINT_GLOBAL_INFEASIBLE,75,E3_SITE_07_SEC_1_UE_4,18,3,0.1753201540979634,0.1753201540979634,0.15778813868816705,RELATIVE_0P9_CURRENT_LOAD_NOMINAL,True,False,True,75,18,3,1.0,176.49350502360247,4.100365686727209,0.5428133457005209
44018,4,10,FIXED_Q_FIXED_BEAM_JOINT_GLOBAL_INFEASIBLE,178,E3_SITE_15_SEC_3_UE_3,44,2,0.4354593073905303,0.4354593073905303,0.3919133766514773,RELATIVE_0P9_CURRENT_LOAD_NOMINAL,True,False,True,178,44,2,1.0,5814491311.097016,3.9127680609343427,0.7686559540230669
44018,4,10,FIXED_Q_FIXED_BEAM_JOINT_GLOBAL_INFEASIBLE,185,E3_SITE_16_SEC_2_UE_2,46,1,0.35607408902145665,0.35607408902145665,0.320466680119311,RELATIVE_0P9_CURRENT_LOAD_NOMINAL,True,False,True,185,46,1,1.0,645654894.2469054,3.507759332823226,0.6515210939709221
44018,4,11,FIXED_Q_FIXED_BEAM_JOINT_GLOBAL_INFEASIBLE,0,E3_SITE_01_SEC_1_UE_1,0,0,0.8169329277011268,0.8169329277011268,0.7352396349310142,RELATIVE_0P9_CURRENT_LOAD_NOMINAL,True,False,True,0,0,0,1.0,80.26009212920117,6.3472485973709825,1.258375928655692
44018,4,11,FIXED_Q_FIXED_BEAM_JOINT_GLOBAL_INFEASIBLE,75,E3_SITE_07_SEC_1_UE_4,18,3,0.1753201540979634,0.1753201540979634,0.15778813868816705,RELATIVE_0P9_CURRENT_LOAD_NOMINAL,True,False,True,75,18,3,1.0,183.82570318714457,4.100285858060759,0.5428053628338758
44018,4,11,FIXED_Q_FIXED_BEAM_JOINT_GLOBAL_INFEASIBLE,178,E3_SITE_15_SEC_3_UE_3,44,2,0.4354593073905303,0.4354593073905303,0.3919133766514773,RELATIVE_0P9_CURRENT_LOAD_NOMINAL,True,False,True,178,44,2,1.0,2914148815.158437,3.912835240375815,0.768662671967214
44018,4,11,FIXED_Q_FIXED_BEAM_JOINT_GLOBAL_INFEASIBLE,185,E3_SITE_16_SEC_2_UE_2,46,1,0.35607408902145665,0.35607408902145665,0.320466680119311,RELATIVE_0P9_CURRENT_LOAD_NOMINAL,True,False,True,185,46,1,1.0,323593990.32550925,3.508807100598108,0.6516258707484103
44018,4,12,FIXED_Q_FIXED_BEAM_JOINT_GLOBAL_INFEASIBLE,0,E3_SITE_01_SEC_1_UE_1,0,0,0.8169329277011268,0.8169329277011268,0.7352396349310142,RELATIVE_0P9_CURRENT_LOAD_NOMINAL,True,False,True,0,0,0,1.0,40.225333544903904,6.351091405984415,1.2587602095170352
44018,4,12,FIXED_Q_FIXED_BEAM_JOINT_GLOBAL_INFEASIBLE,75,E3_SITE_07_SEC_1_UE_4,18,3,0.1753201540979634,0.1753201540979634,0.15778813868816705,RELATIVE_0P9_CURRENT_LOAD_NOMINAL,True,False,True,75,18,3,1.0,352.15083941036534,4.099427952974207,0.5427195723252205
44018,4,12,FIXED_Q_FIXED_BEAM_JOINT_GLOBAL_INFEASIBLE,178,E3_SITE_15_SEC_3_UE_3,44,2,0.4354593073905303,0.4354593073905303,0.3919133766514773,RELATIVE_0P9_CURRENT_LOAD_NOMINAL,True,False,True,178,44,2,1.0,1460534183.0474296,3.9129301314387557,0.7686721610735081
44018,4,12,FIXED_Q_FIXED_BEAM_JOINT_GLOBAL_INFEASIBLE,185,E3_SITE_16_SEC_2_UE_2,46,1,0.35607408902145665,0.35607408902145665,0.320466680119311,RELATIVE_0P9_CURRENT_LOAD_NOMINAL,True,False,True,185,46,1,1.0,162181176.8296539,3.510286527437465,0.651773813432346
44018,4,13,FIXED_Q_FIXED_BEAM_JOINT_GLOBAL_INFEASIBLE,0,E3_SITE_01_SEC_1_UE_1,0,0,0.8169329277011268,0.8169329277011268,0.7352396349310142,RELATIVE_0P9_CURRENT_LOAD_NOMINAL,True,False,True,0,0,0,1.0,31.95211818591893,6.352695424721275,1.258920611390721
44018,4,13,FIXED_Q_FIXED_BEAM_JOINT_GLOBAL_INFEASIBLE,75,E3_SITE_07_SEC_1_UE_4,18,3,0.1753201540979634,0.1753201540979634,0.15778813868816705,RELATIVE_0P9_CURRENT_LOAD_NOMINAL,True,False,True,75,18,3,1.0,702.6332990601777,4.098763926874845,0.5426531697152844
44018,4,13,FIXED_Q_FIXED_BEAM_JOINT_GLOBAL_INFEASIBLE,178,E3_SITE_15_SEC_3_UE_3,44,2,0.4354593073905303,0.4354593073905303,0.3919133766514773,RELATIVE_0P9_CURRENT_LOAD_NOMINAL,True,False,True,178,44,2,1.0,732001086.8196172,3.9130641637988095,0.7686855643095134
44018,4,13,FIXED_Q_FIXED_BEAM_JOINT_GLOBAL_INFEASIBLE,185,E3_SITE_16_SEC_2_UE_2,46,1,0.35607408902145665,0.35607408902145665,0.320466680119311,RELATIVE_0P9_CURRENT_LOAD_NOMINAL,True,False,True,185,46,1,1.0,81283135.36166985,3.51237510817337,0.6519826715059365
44018,4,14,FIXED_Q_FIXED_BEAM_JOINT_GLOBAL_INFEASIBLE,0,E3_SITE_01_SEC_1_UE_1,0,0,0.8169329277011268,0.8169329277011268,0.7352396349310142,RELATIVE_0P9_CURRENT_LOAD_NOMINAL,True,False,True,0,0,0,1.0,31.95211818591893,6.352695424721275,1.258920611390721
44018,4,14,FIXED_Q_FIXED_BEAM_JOINT_GLOBAL_INFEASIBLE,75,E3_SITE_07_SEC_1_UE_4,18,3,0.1753201540979634,0.1753201540979634,0.15778813868816705,RELATIVE_0P9_CURRENT_LOAD_NOMINAL,True,False,True,75,18,3,1.0,1113.598732476994,4.098432824764967,0.5426200595042967
44018,4,14,FIXED_Q_FIXED_BEAM_JOINT_GLOBAL_INFEASIBLE,178,E3_SITE_15_SEC_3_UE_3,44,2,0.4354593073905303,0.4354593073905303,0.3919133766514773,RELATIVE_0P9_CURRENT_LOAD_NOMINAL,True,False,True,178,44,2,1.0,366869599.7152778,3.9132534799052006,0.7687044959201526
44018,4,14,FIXED_Q_FIXED_BEAM_JOINT_GLOBAL_INFEASIBLE,185,E3_SITE_16_SEC_2_UE_2,46,1,0.35607408902145665,0.35607408902145665,0.320466680119311,RELATIVE_0P9_CURRENT_LOAD_NOMINAL,True,False,True,185,46,1,1.0,40738069.752466254,3.5153229846992424,0.6522774591585238
44018,4,15,FIXED_Q_FIXED_BEAM_JOINT_GLOBAL_INFEASIBLE,0,E3_SITE_01_SEC_1_UE_1,0,0,0.8169329277011268,0.8169329277011268,0.7352396349310142,RELATIVE_0P9_CURRENT_LOAD_NOMINAL,True,False,True,0,0,0,1.0,35.91716234417726,6.351854397357955,1.2588365086543891
44018,4,15,FIXED_Q_FIXED_BEAM_JOINT_GLOBAL_INFEASIBLE,75,E3_SITE_07_SEC_1_UE_4,18,3,0.1753201540979634,0.1753201540979634,0.15778813868816705,RELATIVE_0P9_CURRENT_LOAD_NOMINAL,True,False,True,75,18,3,1.0,1159.8617753017256,4.098401028372771,0.542616879865077
44018,4,15,FIXED_Q_FIXED_BEAM_JOINT_GLOBAL_INFEASIBLE,178,E3_SITE_15_SEC_3_UE_3,44,2,0.4354593073905303,0.4354593073905303,0.3919133766514773,RELATIVE_0P9_CURRENT_LOAD_NOMINAL,True,False,True,178,44,2,1.0,183870359.7832461,3.913520876792264,0.7687312356088589
44018,4,15,FIXED_Q_FIXED_BEAM_JOINT_GLOBAL_INFEASIBLE,185,E3_SITE_16_SEC_2_UE_2,46,1,0.35607408902145665,0.35607408902145665,0.320466680119311,RELATIVE_0P9_CURRENT_LOAD_NOMINAL,True,False,True,185,46,1,1.0,20417400.482553415,3.5194823453214683,0.6526933952207463
44018,4,16,FIXED_Q_FIXED_BEAM_JOINT_GLOBAL_INFEASIBLE,0,E3_SITE_01_SEC_1_UE_1,0,0,0.8169329277011268,0.8169329277011268,0.7352396349310142,RELATIVE_0P9_CURRENT_LOAD_NOMINAL,True,False,True,0,0,0,1.0,40.225333544903904,6.351091405984415,1.2587602095170352
44018,4,16,FIXED_Q_FIXED_BEAM_JOINT_GLOBAL_INFEASIBLE,75,E3_SITE_07_SEC_1_UE_4,18,3,0.1753201540979634,0.1753201540979634,0.15778813868816705,RELATIVE_0P9_CURRENT_LOAD_NOMINAL,True,False,True,75,18,3,1.0,1159.8617753017256,4.098401028372771,0.542616879865077
44018,4,16,FIXED_Q_FIXED_BEAM_JOINT_GLOBAL_INFEASIBLE,178,E3_SITE_15_SEC_3_UE_3,44,2,0.4354593073905303,0.4354593073905303,0.3919133766514773,RELATIVE_0P9_CURRENT_LOAD_NOMINAL,True,False,True,178,44,2,1.0,92153476.96581653,3.9138985465894813,0.7687690025885807
44018,4,16,FIXED_Q_FIXED_BEAM_JOINT_GLOBAL_INFEASIBLE,185,E3_SITE_16_SEC_2_UE_2,46,1,0.35607408902145665,0.35607408902145665,0.320466680119311,RELATIVE_0P9_CURRENT_LOAD_NOMINAL,True,False,True,185,46,1,1.0,10232940.46571107,3.52534839065471,0.6532799997540705
44018,4,17,FIXED_Q_FIXED_BEAM_JOINT_GLOBAL_INFEASIBLE,0,E3_SITE_01_SEC_1_UE_1,0,0,0.8169329277011268,0.8169329277011268,0.7352396349310142,RELATIVE_0P9_CURRENT_LOAD_NOMINAL,True,False,True,0,0,0,1.0,50.640694597575944,6.349661086532066,1.2586171775718002
44018,4,17,FIXED_Q_FIXED_BEAM_JOINT_GLOBAL_INFEASIBLE,75,E3_SITE_07_SEC_1_UE_4,18,3,0.1753201540979634,0.1753201540979634,0.15778813868816705,RELATIVE_0P9_CURRENT_LOAD_NOMINAL,True,False,True,75,18,3,1.0,1460.1794630959628,4.098265411864367,0.5426033182142367
44018,4,17,FIXED_Q_FIXED_BEAM_JOINT_GLOBAL_INFEASIBLE,178,E3_SITE_15_SEC_3_UE_3,44,2,0.4354593073905303,0.4354593073905303,0.3919133766514773,RELATIVE_0P9_CURRENT_LOAD_NOMINAL,True,False,True,178,44,2,1.0,46186146.18963193,3.9144319428656624,0.7688223422161988
44018,4,17,FIXED_Q_FIXED_BEAM_JOINT_GLOBAL_INFEASIBLE,185,E3_SITE_16_SEC_2_UE_2,46,1,0.35607408902145665,0.35607408902145665,0.320466680119311,RELATIVE_0P9_CURRENT_LOAD_NOMINAL,True,False,True,185,46,1,1.0,5128619.123882293,3.533616089014605,0.65410676959006
44018,4,18,FIXED_Q_FIXED_BEAM_JOINT_GLOBAL_INFEASIBLE,0,E3_SITE_01_SEC_1_UE_1,0,0,0.8169329277011268,0.8169329277011268,0.7352396349310142,RELATIVE_0P9_CURRENT_LOAD_NOMINAL,True,False,True,0,0,0,1.0,63.75285729979593,6.3483857275976305,1.2584896416783566
44018,4,18,FIXED_Q_FIXED_BEAM_JOINT_GLOBAL_INFEASIBLE,75,E3_SITE_07_SEC_1_UE_4,18,3,0.1753201540979634,0.1753201540979634,0.15778813868816705,RELATIVE_0P9_CURRENT_LOAD_NOMINAL,True,False,True,75,18,3,1.0,1838.2570318715384,4.098144538786828,0.5425912309064826
44018,4,18,FIXED_Q_FIXED_BEAM_JOINT_GLOBAL_INFEASIBLE,178,E3_SITE_15_SEC_3_UE_3,44,2,0.4354593073905303,0.4354593073905303,0.3919133766514773,RELATIVE_0P9_CURRENT_LOAD_NOMINAL,True,False,True,178,44,2,1.0,23147906.840686455,3.9151852325574414,0.7688976711853767
44018,4,18,FIXED_Q_FIXED_BEAM_JOINT_GLOBAL_INFEASIBLE,185,E3_SITE_16_SEC_2_UE_2,46,1,0.35607408902145665,0.35607408902145665,0.320466680119311,RELATIVE_0P9_CURRENT_LOAD_NOMINAL,True,False,True,185,46,1,1.0,2570398.4310264913,3.5452581590594665,0.6552709765945461
44018,4,19,FIXED_Q_FIXED_BEAM_JOINT_GLOBAL_INFEASIBLE,0,E3_SITE_01_SEC_1_UE_1,0,0,0.8169329277011268,0.8169329277011268,0.7352396349310142,RELATIVE_0P9_CURRENT_LOAD_NOMINAL,True,False,True,0,0,0,1.0,113.5800400976339,6.345760809762549,1.2582271498948485
44018,4,19,FIXED_Q_FIXED_BEAM_JOINT_GLOBAL_INFEASIBLE,75,E3_SITE_07_SEC_1_UE_4,18,3,0.1753201540979634,0.1753201540979634,0.15778813868816705,RELATIVE_0P9_CURRENT_LOAD_NOMINAL,True,False,True,75,18,3,1.0,3521.5083941039093,4.097873090960328,0.5425640861238328
44018,4,19,FIXED_Q_FIXED_BEAM_JOINT_GLOBAL_INFEASIBLE,178,E3_SITE_15_SEC_3_UE_3,44,2,0.4354593073905303,0.4354593073905303,0.3919133766514773,RELATIVE_0P9_CURRENT_LOAD_NOMINAL,True,False,True,178,44,2,1.0,11601435.393745456,3.9162489782348597,0.7690040457531184
44018,4,19,FIXED_Q_FIXED_BEAM_JOINT_GLOBAL_INFEASIBLE,185,E3_SITE_16_SEC_2_UE_2,46,1,0.35607408902145665,0.35607408902145665,0.320466680119311,RELATIVE_0P9_CURRENT_LOAD_NOMINAL,True,False,True,185,46,1,1.0,1417027.575475587,3.5590009654121846,0.6566452572298179
44018,4,40,FIXED_Q_FIXED_BEAM_JOINT_GLOBAL_INFEASIBLE,0,E3_SITE_01_SEC_1_UE_1,0,0,0.8169329277011268,0.8169329277011268,0.7352396349310142,RELATIVE_0P9_CURRENT_LOAD_NOMINAL,True,False,True,0,0,0,1.0,50640.6945976038,6.338284931678524,1.257479562086446
44018,4,40,FIXED_Q_FIXED_BEAM_JOINT_GLOBAL_INFEASIBLE,75,E3_SITE_07_SEC_1_UE_4,18,3,0.1753201540979634,0.1753201540979634,0.15778813868816705,RELATIVE_0P9_CURRENT_LOAD_NOMINAL,True,False,True,75,18,3,1.0,29517.723424052685,4.09740270291918,0.542517047319718
44018,4,40,FIXED_Q_FIXED_BEAM_JOINT_GLOBAL_INFEASIBLE,178,E3_SITE_15_SEC_3_UE_3,44,2,0.4354593073905303,0.4354593073905303,0.3919133766514773,RELATIVE_0P9_CURRENT_LOAD_NOMINAL,True,False,True,178,44,2,1.0,7899421.191246841,3.916992916323246,0.7690784395619572
44018,4,40,FIXED_Q_FIXED_BEAM_JOINT_GLOBAL_INFEASIBLE,185,E3_SITE_16_SEC_2_UE_2,46,1,0.35607408902145665,0.35607408902145665,0.320466680119311,RELATIVE_0P9_CURRENT_LOAD_NOMINAL,True,False,True,185,46,1,1.0,338975712.7308426,3.508400907157466,0.6515852514043461
44018,4,41,FIXED_Q_FIXED_BEAM_JOINT_GLOBAL_INFEASIBLE,0,E3_SITE_01_SEC_1_UE_1,0,0,0.8169329277011268,0.8169329277011268,0.7352396349310142,RELATIVE_0P9_CURRENT_LOAD_NOMINAL,True,False,True,0,0,0,1.0,40225.33354492614,6.338330347961824,1.2574841037147761
44018,4,41,FIXED_Q_FIXED_BEAM_JOINT_GLOBAL_INFEASIBLE,75,E3_SITE_07_SEC_1_UE_4,18,3,0.1753201540979634,0.1753201540979634,0.15778813868816705,RELATIVE_0P9_CURRENT_LOAD_NOMINAL,True,False,True,75,18,3,1.0,23446.761140512306,4.09743307760793,0.5425200847885929
44018,4,41,FIXED_Q_FIXED_BEAM_JOINT_GLOBAL_INFEASIBLE,178,E3_SITE_15_SEC_3_UE_3,44,2,0.4354593073905303,0.4354593073905303,0.3919133766514773,RELATIVE_0P9_CURRENT_LOAD_NOMINAL,True,False,True,178,44,2,1.0,3959089.0540976464,3.9188012431813015,0.7692592722477627
44018,4,41,FIXED_Q_FIXED_BEAM_JOINT_GLOBAL_INFEASIBLE,185,E3_SITE_16_SEC_2_UE_2,46,1,0.35607408902145665,0.35607408902145665,0.320466680119311,RELATIVE_0P9_CURRENT_LOAD_NOMINAL,True,False,True,185,46,1,1.0,169890299.73040378,3.5097130161173866,0.6517164623003382
44018,4,42,FIXED_Q_FIXED_BEAM_JOINT_GLOBAL_INFEASIBLE,0,E3_SITE_01_SEC_1_UE_1,0,0,0.8169329277011268,0.8169329277011268,0.7352396349310142,RELATIVE_0P9_CURRENT_LOAD_NOMINAL,True,False,True,0,0,0,1.0,20160.423641111454,6.338502627425499,1.2575013316611434
44018,4,42,FIXED_Q_FIXED_BEAM_JOINT_GLOBAL_INFEASIBLE,75,E3_SITE_07_SEC_1_UE_4,18,3,0.1753201540979634,0.1753201540979634,0.15778813868816705,RELATIVE_0P9_CURRENT_LOAD_NOMINAL,True,False,True,75,18,3,1.0,29517.723424052685,4.09740270291918,0.542517047319718
44018,4,42,FIXED_Q_FIXED_BEAM_JOINT_GLOBAL_INFEASIBLE,178,E3_SITE_15_SEC_3_UE_3,44,2,0.4354593073905303,0.4354593073905303,0.3919133766514773,RELATIVE_0P9_CURRENT_LOAD_NOMINAL,True,False,True,178,44,2,1.0,7899421.191246841,3.916992916323246,0.7690784395619572
44018,4,42,FIXED_Q_FIXED_BEAM_JOINT_GLOBAL_INFEASIBLE,185,E3_SITE_16_SEC_2_UE_2,46,1,0.35607408902145665,0.35607408902145665,0.320466680119311,RELATIVE_0P9_CURRENT_LOAD_NOMINAL,True,False,True,185,46,1,1.0,107193532.37083974,3.508400907157466,0.6515852514043461
44018,4,43,FIXED_Q_FIXED_BEAM_JOINT_GLOBAL_INFEASIBLE,0,E3_SITE_01_SEC_1_UE_1,0,0,0.8169329277011268,0.8169329277011268,0.7352396349310142,RELATIVE_0P9_CURRENT_LOAD_NOMINAL,True,False,True,0,0,0,1.0,10104.146953442447,6.338745961478256,1.2575256650664193
44018,4,43,FIXED_Q_FIXED_BEAM_JOINT_GLOBAL_INFEASIBLE,75,E3_SITE_07_SEC_1_UE_4,18,3,0.1753201540979634,0.1753201540979634,0.15778813868816705,RELATIVE_0P9_CURRENT_LOAD_NOMINAL,True,False,True,75,18,3,1.0,23446.761140512306,4.09743307760793,0.5425200847885929
44018,4,43,FIXED_Q_FIXED_BEAM_JOINT_GLOBAL_INFEASIBLE,178,E3_SITE_15_SEC_3_UE_3,44,2,0.4354593073905303,0.4354593073905303,0.3919133766514773,RELATIVE_0P9_CURRENT_LOAD_NOMINAL,True,False,True,178,44,2,1.0,3959089.0540976464,3.9188012431813015,0.7692592722477627
44018,4,43,FIXED_Q_FIXED_BEAM_JOINT_GLOBAL_INFEASIBLE,185,E3_SITE_16_SEC_2_UE_2,46,1,0.35607408902145665,0.35607408902145665,0.320466680119311,RELATIVE_0P9_CURRENT_LOAD_NOMINAL,True,False,True,185,46,1,1.0,53724029.95167659,3.5097130161173866,0.6517164623003382
44018,4,44,FIXED_Q_FIXED_BEAM_JOINT_GLOBAL_INFEASIBLE,0,E3_SITE_01_SEC_1_UE_1,0,0,0.8169329277011268,0.8169329277011268,0.7352396349310142,RELATIVE_0P9_CURRENT_LOAD_NOMINAL,True,False,True,0,0,0,1.0,5064.069459758437,6.339089645734992,1.2575600334920929
44018,4,44,FIXED_Q_FIXED_BEAM_JOINT_GLOBAL_INFEASIBLE,75,E3_SITE_07_SEC_1_UE_4,18,3,0.1753201540979634,0.1753201540979634,0.15778813868816705,RELATIVE_0P9_CURRENT_LOAD_NOMINAL,True,False,True,75,18,3,1.0,29517.723424052685,4.09740270291918,0.542517047319718
44018,4,44,FIXED_Q_FIXED_BEAM_JOINT_GLOBAL_INFEASIBLE,178,E3_SITE_15_SEC_3_UE_3,44,2,0.4354593073905303,0.4354593073905303,0.3919133766514773,RELATIVE_0P9_CURRENT_LOAD_NOMINAL,True,False,True,178,44,2,1.0,7899421.191246841,3.916992916323246,0.7690784395619572
44018,4,44,FIXED_Q_FIXED_BEAM_JOINT_GLOBAL_INFEASIBLE,185,E3_SITE_16_SEC_2_UE_2,46,1,0.35607408902145665,0.35607408902145665,0.320466680119311,RELATIVE_0P9_CURRENT_LOAD_NOMINAL,True,False,True,185,46,1,1.0,107193532.37083974,3.508400907157466,0.6515852514043461
44018,4,45,FIXED_Q_FIXED_BEAM_JOINT_GLOBAL_INFEASIBLE,0,E3_SITE_01_SEC_1_UE_1,0,0,0.8169329277011268,0.8169329277011268,0.7352396349310142,RELATIVE_0P9_CURRENT_LOAD_NOMINAL,True,False,True,0,0,0,1.0,2538.046963432562,6.339575044372152,1.257608573355809
44018,4,45,FIXED_Q_FIXED_BEAM_JOINT_GLOBAL_INFEASIBLE,75,E3_SITE_07_SEC_1_UE_4,18,3,0.1753201540979634,0.1753201540979634,0.15778813868816705,RELATIVE_0P9_CURRENT_LOAD_NOMINAL,True,False,True,75,18,3,1.0,23446.761140512306,4.09743307760793,0.5425200847885929
44018,4,45,FIXED_Q_FIXED_BEAM_JOINT_GLOBAL_INFEASIBLE,178,E3_SITE_15_SEC_3_UE_3,44,2,0.4354593073905303,0.4354593073905303,0.3919133766514773,RELATIVE_0P9_CURRENT_LOAD_NOMINAL,True,False,True,178,44,2,1.0,3959089.0540976464,3.9188012431813015,0.7692592722477627
44018,4,45,FIXED_Q_FIXED_BEAM_JOINT_GLOBAL_INFEASIBLE,185,E3_SITE_16_SEC_2_UE_2,46,1,0.35607408902145665,0.35607408902145665,0.320466680119311,RELATIVE_0P9_CURRENT_LOAD_NOMINAL,True,False,True,185,46,1,1.0,53724029.95167659,3.5097130161173866,0.6517164623003382
44018,4,46,FIXED_Q_FIXED_BEAM_JOINT_GLOBAL_INFEASIBLE,0,E3_SITE_01_SEC_1_UE_1,0,0,0.8169329277011268,0.8169329277011268,0.7352396349310142,RELATIVE_0P9_CURRENT_LOAD_NOMINAL,True,False,True,0,0,0,1.0,5064.069459758437,6.339089645734992,1.2575600334920929
44018,4,46,FIXED_Q_FIXED_BEAM_JOINT_GLOBAL_INFEASIBLE,75,E3_SITE_07_SEC_1_UE_4,18,3,0.1753201540979634,0.1753201540979634,0.15778813868816705,RELATIVE_0P9_CURRENT_LOAD_NOMINAL,True,False,True,75,18,3,1.0,29517.723424052685,4.09740270291918,0.542517047319718
44018,4,46,FIXED_Q_FIXED_BEAM_JOINT_GLOBAL_INFEASIBLE,178,E3_SITE_15_SEC_3_UE_3,44,2,0.4354593073905303,0.4354593073905303,0.3919133766514773,RELATIVE_0P9_CURRENT_LOAD_NOMINAL,True,False,True,178,44,2,1.0,7899421.191246841,3.916992916323246,0.7690784395619572
44018,4,46,FIXED_Q_FIXED_BEAM_JOINT_GLOBAL_INFEASIBLE,185,E3_SITE_16_SEC_2_UE_2,46,1,0.35607408902145665,0.35607408902145665,0.320466680119311,RELATIVE_0P9_CURRENT_LOAD_NOMINAL,True,False,True,185,46,1,1.0,107193532.37083974,3.508400907157466,0.6515852514043461
44018,4,47,FIXED_Q_FIXED_BEAM_JOINT_GLOBAL_INFEASIBLE,0,E3_SITE_01_SEC_1_UE_1,0,0,0.8169329277011268,0.8169329277011268,0.7352396349310142,RELATIVE_0P9_CURRENT_LOAD_NOMINAL,True,False,True,0,0,0,1.0,802.6009212920983,6.339575044372152,1.257608573355809
44018,4,47,FIXED_Q_FIXED_BEAM_JOINT_GLOBAL_INFEASIBLE,75,E3_SITE_07_SEC_1_UE_4,18,3,0.1753201540979634,0.1753201540979634,0.15778813868816705,RELATIVE_0P9_CURRENT_LOAD_NOMINAL,True,False,True,75,18,3,1.0,7944.482523441664,4.097424113803365,0.5425191884081364
44018,4,47,FIXED_Q_FIXED_BEAM_JOINT_GLOBAL_INFEASIBLE,178,E3_SITE_15_SEC_3_UE_3,44,2,0.4354593073905303,0.4354593073905303,0.3919133766514773,RELATIVE_0P9_CURRENT_LOAD_NOMINAL,True,False,True,178,44,2,1.0,3959089.0540976464,3.9188012431813015,0.7692592722477627
44018,4,47,FIXED_Q_FIXED_BEAM_JOINT_GLOBAL_INFEASIBLE,185,E3_SITE_16_SEC_2_UE_2,46,1,0.35607408902145665,0.35607408902145665,0.320466680119311,RELATIVE_0P9_CURRENT_LOAD_NOMINAL,True,False,True,185,46,1,1.0,53724029.95167659,3.5097130161173866,0.6517164623003382
44018,4,48,FIXED_Q_FIXED_BEAM_JOINT_GLOBAL_INFEASIBLE,0,E3_SITE_01_SEC_1_UE_1,0,0,0.8169329277011268,0.8169329277011268,0.7352396349310142,RELATIVE_0P9_CURRENT_LOAD_NOMINAL,True,False,True,0,0,0,1.0,1601.3993722135062,6.339089645734992,1.2575600334920929
44018,4,48,FIXED_Q_FIXED_BEAM_JOINT_GLOBAL_INFEASIBLE,75,E3_SITE_07_SEC_1_UE_4,18,3,0.1753201540979634,0.1753201540979634,0.15778813868816705,RELATIVE_0P9_CURRENT_LOAD_NOMINAL,True,False,True,75,18,3,1.0,9334.323736291068,4.09740270291918,0.542517047319718
44018,4,48,FIXED_Q_FIXED_BEAM_JOINT_GLOBAL_INFEASIBLE,178,E3_SITE_15_SEC_3_UE_3,44,2,0.4354593073905303,0.4354593073905303,0.3919133766514773,RELATIVE_0P9_CURRENT_LOAD_NOMINAL,True,False,True,178,44,2,1.0,7899421.191246841,3.916992916323246,0.7690784395619572
44018,4,48,FIXED_Q_FIXED_BEAM_JOINT_GLOBAL_INFEASIBLE,185,E3_SITE_16_SEC_2_UE_2,46,1,0.35607408902145665,0.35607408902145665,0.320466680119311,RELATIVE_0P9_CURRENT_LOAD_NOMINAL,True,False,True,185,46,1,1.0,107193532.37083974,3.508400907157466,0.6515852514043461
44018,4,49,FIXED_Q_FIXED_BEAM_JOINT_GLOBAL_INFEASIBLE,0,E3_SITE_01_SEC_1_UE_1,0,0,0.8169329277011268,0.8169329277011268,0.7352396349310142,RELATIVE_0P9_CURRENT_LOAD_NOMINAL,True,False,True,0,0,0,1.0,802.6009212920983,6.339575044372152,1.257608573355809
44018,4,49,FIXED_Q_FIXED_BEAM_JOINT_GLOBAL_INFEASIBLE,75,E3_SITE_07_SEC_1_UE_4,18,3,0.1753201540979634,0.1753201540979634,0.15778813868816705,RELATIVE_0P9_CURRENT_LOAD_NOMINAL,True,False,True,75,18,3,1.0,7944.482523441664,4.097424113803365,0.5425191884081364
44018,4,49,FIXED_Q_FIXED_BEAM_JOINT_GLOBAL_INFEASIBLE,178,E3_SITE_15_SEC_3_UE_3,44,2,0.4354593073905303,0.4354593073905303,0.3919133766514773,RELATIVE_0P9_CURRENT_LOAD_NOMINAL,True,False,True,178,44,2,1.0,3959089.0540976464,3.9188012431813015,0.7692592722477627
44018,4,49,FIXED_Q_FIXED_BEAM_JOINT_GLOBAL_INFEASIBLE,185,E3_SITE_16_SEC_2_UE_2,46,1,0.35607408902145665,0.35607408902145665,0.320466680119311,RELATIVE_0P9_CURRENT_LOAD_NOMINAL,True,False,True,185,46,1,1.0,53724029.95167659,3.5097130161173866,0.6517164623003382
44018,4,50,FIXED_Q_FIXED_BEAM_JOINT_GLOBAL_INFEASIBLE,0,E3_SITE_01_SEC_1_UE_1,0,0,0.8169329277011268,0.8169329277011268,0.7352396349310142,RELATIVE_0P9_CURRENT_LOAD_NOMINAL,True,False,True,0,0,0,1.0,1601.3993722135062,6.339089645734992,1.2575600334920929
44018,4,50,FIXED_Q_FIXED_BEAM_JOINT_GLOBAL_INFEASIBLE,75,E3_SITE_07_SEC_1_UE_4,18,3,0.1753201540979634,0.1753201540979634,0.15778813868816705,RELATIVE_0P9_CURRENT_LOAD_NOMINAL,True,False,True,75,18,3,1.0,9334.323736291068,4.09740270291918,0.542517047319718
44018,4,50,FIXED_Q_FIXED_BEAM_JOINT_GLOBAL_INFEASIBLE,178,E3_SITE_15_SEC_3_UE_3,44,2,0.4354593073905303,0.4354593073905303,0.3919133766514773,RELATIVE_0P9_CURRENT_LOAD_NOMINAL,True,False,True,178,44,2,1.0,7899421.191246841,3.916992916323246,0.7690784395619572
44018,4,50,FIXED_Q_FIXED_BEAM_JOINT_GLOBAL_INFEASIBLE,185,E3_SITE_16_SEC_2_UE_2,46,1,0.35607408902145665,0.35607408902145665,0.320466680119311,RELATIVE_0P9_CURRENT_LOAD_NOMINAL,True,False,True,185,46,1,1.0,107193532.37083974,3.508400907157466,0.6515852514043461
44018,4,51,FIXED_Q_FIXED_BEAM_JOINT_GLOBAL_INFEASIBLE,0,E3_SITE_01_SEC_1_UE_1,0,0,0.8169329277011268,0.8169329277011268,0.7352396349310142,RELATIVE_0P9_CURRENT_LOAD_NOMINAL,True,False,True,0,0,0,1.0,2016.0423641108705,6.338961676437704,1.2575472365623641
44018,4,51,FIXED_Q_FIXED_BEAM_JOINT_GLOBAL_INFEASIBLE,75,E3_SITE_07_SEC_1_UE_4,18,3,0.1753201540979634,0.1753201540979634,0.15778813868816705,RELATIVE_0P9_CURRENT_LOAD_NOMINAL,True,False,True,75,18,3,1.0,9334.323736291068,4.09740270291918,0.542517047319718
44018,4,51,FIXED_Q_FIXED_BEAM_JOINT_GLOBAL_INFEASIBLE,178,E3_SITE_15_SEC_3_UE_3,44,2,0.4354593073905303,0.4354593073905303,0.3919133766514773,RELATIVE_0P9_CURRENT_LOAD_NOMINAL,True,False,True,178,44,2,1.0,3959089.0540976464,3.9188012431813015,0.7692592722477627
44018,4,51,FIXED_Q_FIXED_BEAM_JOINT_GLOBAL_INFEASIBLE,185,E3_SITE_16_SEC_2_UE_2,46,1,0.35607408902145665,0.35607408902145665,0.320466680119311,RELATIVE_0P9_CURRENT_LOAD_NOMINAL,True,False,True,185,46,1,1.0,81643753.90384018,3.508968407183733,0.6516420014069728
44018,4,52,FIXED_Q_FIXED_BEAM_JOINT_GLOBAL_INFEASIBLE,0,E3_SITE_01_SEC_1_UE_1,0,0,0.8169329277011268,0.8169329277011268,0.7352396349310142,RELATIVE_0P9_CURRENT_LOAD_NOMINAL,True,False,True,0,0,0,1.0,4022.5333544917635,6.338655356162854,1.257516604534879
44018,4,52,FIXED_Q_FIXED_BEAM_JOINT_GLOBAL_INFEASIBLE,75,E3_SITE_07_SEC_1_UE_4,18,3,0.1753201540979634,0.1753201540979634,0.15778813868816705,RELATIVE_0P9_CURRENT_LOAD_NOMINAL,True,False,True,75,18,3,1.0,9334.323736291068,4.09740270291918,0.542517047319718
44018,4,52,FIXED_Q_FIXED_BEAM_JOINT_GLOBAL_INFEASIBLE,178,E3_SITE_15_SEC_3_UE_3,44,2,0.4354593073905303,0.4354593073905303,0.3919133766514773,RELATIVE_0P9_CURRENT_LOAD_NOMINAL,True,False,True,178,44,2,1.0,2498016.316134057,3.916992916323246,0.7690784395619572
44018,4,52,FIXED_Q_FIXED_BEAM_JOINT_GLOBAL_INFEASIBLE,185,E3_SITE_16_SEC_2_UE_2,46,1,0.35607408902145665,0.35607408902145665,0.320466680119311,RELATIVE_0P9_CURRENT_LOAD_NOMINAL,True,False,True,185,46,1,1.0,131259734.41450435,3.5083541594768444,0.6515805766362839
44018,4,53,FIXED_Q_FIXED_BEAM_JOINT_GLOBAL_INFEASIBLE,0,E3_SITE_01_SEC_1_UE_1,0,0,0.8169329277011268,0.8169329277011268,0.7352396349310142,RELATIVE_0P9_CURRENT_LOAD_NOMINAL,True,False,True,0,0,0,1.0,2016.0423641108705,6.338961676437704,1.2575472365623641
44018,4,53,FIXED_Q_FIXED_BEAM_JOINT_GLOBAL_INFEASIBLE,75,E3_SITE_07_SEC_1_UE_4,18,3,0.1753201540979634,0.1753201540979634,0.15778813868816705,RELATIVE_0P9_CURRENT_LOAD_NOMINAL,True,False,True,75,18,3,1.0,9334.323736291068,4.09740270291918,0.542517047319718
44018,4,53,FIXED_Q_FIXED_BEAM_JOINT_GLOBAL_INFEASIBLE,178,E3_SITE_15_SEC_3_UE_3,44,2,0.4354593073905303,0.4354593073905303,0.3919133766514773,RELATIVE_0P9_CURRENT_LOAD_NOMINAL,True,False,True,178,44,2,1.0,3668695.9971528,3.9162489782348597,0.7690040457531184
44018,4,53,FIXED_Q_FIXED_BEAM_JOINT_GLOBAL_INFEASIBLE,185,E3_SITE_16_SEC_2_UE_2,46,1,0.35607408902145665,0.35607408902145665,0.320466680119311,RELATIVE_0P9_CURRENT_LOAD_NOMINAL,True,False,True,185,46,1,1.0,65785703.17785561,3.509647008821087,0.6517098615707082
44018,4,54,FIXED_Q_FIXED_BEAM_JOINT_GLOBAL_INFEASIBLE,0,E3_SITE_01_SEC_1_UE_1,0,0,0.8169329277011268,0.8169329277011268,0.7352396349310142,RELATIVE_0P9_CURRENT_LOAD_NOMINAL,True,False,True,0,0,0,1.0,1010.4146953440531,6.339394311085899,1.2575905000271836
44018,4,54,FIXED_Q_FIXED_BEAM_JOINT_GLOBAL_INFEASIBLE,75,E3_SITE_07_SEC_1_UE_4,18,3,0.1753201540979634,0.1753201540979634,0.15778813868816705,RELATIVE_0P9_CURRENT_LOAD_NOMINAL,True,False,True,75,18,3,1.0,9334.323736291068,4.09740270291918,0.542517047319718
44018,4,54,FIXED_Q_FIXED_BEAM_JOINT_GLOBAL_INFEASIBLE,178,E3_SITE_15_SEC_3_UE_3,44,2,0.4354593073905303,0.4354593073905303,0.3919133766514773,RELATIVE_0P9_CURRENT_LOAD_NOMINAL,True,False,True,178,44,2,1.0,3959089.0540976524,3.9160909846377856,0.768988246393411
44018,4,54,FIXED_Q_FIXED_BEAM_JOINT_GLOBAL_INFEASIBLE,185,E3_SITE_16_SEC_2_UE_2,46,1,0.35607408902145665,0.35607408902145665,0.320466680119311,RELATIVE_0P9_CURRENT_LOAD_NOMINAL,True,False,True,185,46,1,1.0,32970954.587934457,3.5114723177428075,0.6518923924628802
44018,4,55,FIXED_Q_FIXED_BEAM_JOINT_GLOBAL_INFEASIBLE,0,E3_SITE_01_SEC_1_UE_1,0,0,0.8169329277011268,0.8169329277011268,0.7352396349310142,RELATIVE_0P9_CURRENT_LOAD_NOMINAL,True,False,True,0,0,0,1.0,1010.4146953440531,6.339394311085899,1.2575905000271836
44018,4,55,FIXED_Q_FIXED_BEAM_JOINT_GLOBAL_INFEASIBLE,75,E3_SITE_07_SEC_1_UE_4,18,3,0.1753201540979634,0.1753201540979634,0.15778813868816705,RELATIVE_0P9_CURRENT_LOAD_NOMINAL,True,False,True,75,18,3,1.0,9334.323736291068,4.09740270291918,0.542517047319718
44018,4,55,FIXED_Q_FIXED_BEAM_JOINT_GLOBAL_INFEASIBLE,178,E3_SITE_15_SEC_3_UE_3,44,2,0.4354593073905303,0.4354593073905303,0.3919133766514773,RELATIVE_0P9_CURRENT_LOAD_NOMINAL,True,False,True,178,44,2,1.0,3959089.0540976524,3.9160909846377856,0.768988246393411
44018,4,55,FIXED_Q_FIXED_BEAM_JOINT_GLOBAL_INFEASIBLE,185,E3_SITE_16_SEC_2_UE_2,46,1,0.35607408902145665,0.35607408902145665,0.320466680119311,RELATIVE_0P9_CURRENT_LOAD_NOMINAL,True,False,True,185,46,1,1.0,32970954.587934457,3.5114723177428075,0.6518923924628802
44018,4,56,FIXED_Q_FIXED_BEAM_JOINT_GLOBAL_INFEASIBLE,0,E3_SITE_01_SEC_1_UE_1,0,0,0.8169329277011268,0.8169329277011268,0.7352396349310142,RELATIVE_0P9_CURRENT_LOAD_NOMINAL,True,False,True,0,0,0,1.0,1010.4146953440531,6.339394311085899,1.2575905000271836
44018,4,56,FIXED_Q_FIXED_BEAM_JOINT_GLOBAL_INFEASIBLE,75,E3_SITE_07_SEC_1_UE_4,18,3,0.1753201540979634,0.1753201540979634,0.15778813868816705,RELATIVE_0P9_CURRENT_LOAD_NOMINAL,True,False,True,75,18,3,1.0,9334.323736291068,4.09740270291918,0.542517047319718
44018,4,56,FIXED_Q_FIXED_BEAM_JOINT_GLOBAL_INFEASIBLE,178,E3_SITE_15_SEC_3_UE_3,44,2,0.4354593073905303,0.4354593073905303,0.3919133766514773,RELATIVE_0P9_CURRENT_LOAD_NOMINAL,True,False,True,178,44,2,1.0,3959089.0540976524,3.9160909846377856,0.768988246393411
44018,4,56,FIXED_Q_FIXED_BEAM_JOINT_GLOBAL_INFEASIBLE,185,E3_SITE_16_SEC_2_UE_2,46,1,0.35607408902145665,0.35607408902145665,0.320466680119311,RELATIVE_0P9_CURRENT_LOAD_NOMINAL,True,False,True,185,46,1,1.0,32970954.587934457,3.5114723177428075,0.6518923924628802
44018,4,57,FIXED_Q_FIXED_BEAM_JOINT_GLOBAL_INFEASIBLE,0,E3_SITE_01_SEC_1_UE_1,0,0,0.8169329277011268,0.8169329277011268,0.7352396349310142,RELATIVE_0P9_CURRENT_LOAD_NOMINAL,True,False,True,0,0,0,1.0,1010.4146953440531,6.339394311085899,1.2575905000271836
44018,4,57,FIXED_Q_FIXED_BEAM_JOINT_GLOBAL_INFEASIBLE,75,E3_SITE_07_SEC_1_UE_4,18,3,0.1753201540979634,0.1753201540979634,0.15778813868816705,RELATIVE_0P9_CURRENT_LOAD_NOMINAL,True,False,True,75,18,3,1.0,9334.323736291068,4.09740270291918,0.542517047319718
44018,4,57,FIXED_Q_FIXED_BEAM_JOINT_GLOBAL_INFEASIBLE,178,E3_SITE_15_SEC_3_UE_3,44,2,0.4354593073905303,0.4354593073905303,0.3919133766514773,RELATIVE_0P9_CURRENT_LOAD_NOMINAL,True,False,True,178,44,2,1.0,3959089.0540976524,3.9160909846377856,0.768988246393411
44018,4,57,FIXED_Q_FIXED_BEAM_JOINT_GLOBAL_INFEASIBLE,185,E3_SITE_16_SEC_2_UE_2,46,1,0.35607408902145665,0.35607408902145665,0.320466680119311,RELATIVE_0P9_CURRENT_LOAD_NOMINAL,True,False,True,185,46,1,1.0,65785703.17785561,3.509647008821087,0.6517098615707082
44018,4,58,FIXED_Q_FIXED_BEAM_JOINT_GLOBAL_INFEASIBLE,0,E3_SITE_01_SEC_1_UE_1,0,0,0.8169329277011268,0.8169329277011268,0.7352396349310142,RELATIVE_0P9_CURRENT_LOAD_NOMINAL,True,False,True,0,0,0,1.0,1010.4146953440531,6.339394311085899,1.2575905000271836
44018,4,58,FIXED_Q_FIXED_BEAM_JOINT_GLOBAL_INFEASIBLE,75,E3_SITE_07_SEC_1_UE_4,18,3,0.1753201540979634,0.1753201540979634,0.15778813868816705,RELATIVE_0P9_CURRENT_LOAD_NOMINAL,True,False,True,75,18,3,1.0,9334.323736291068,4.09740270291918,0.542517047319718
44018,4,58,FIXED_Q_FIXED_BEAM_JOINT_GLOBAL_INFEASIBLE,178,E3_SITE_15_SEC_3_UE_3,44,2,0.4354593073905303,0.4354593073905303,0.3919133766514773,RELATIVE_0P9_CURRENT_LOAD_NOMINAL,True,False,True,178,44,2,1.0,3959089.0540976524,3.9160909846377856,0.768988246393411
44018,4,58,FIXED_Q_FIXED_BEAM_JOINT_GLOBAL_INFEASIBLE,185,E3_SITE_16_SEC_2_UE_2,46,1,0.35607408902145665,0.35607408902145665,0.320466680119311,RELATIVE_0P9_CURRENT_LOAD_NOMINAL,True,False,True,185,46,1,1.0,131259734.41450435,3.5083541594768444,0.6515805766362839
44018,4,59,FIXED_Q_FIXED_BEAM_JOINT_GLOBAL_INFEASIBLE,0,E3_SITE_01_SEC_1_UE_1,0,0,0.8169329277011268,0.8169329277011268,0.7352396349310142,RELATIVE_0P9_CURRENT_LOAD_NOMINAL,True,False,True,0,0,0,1.0,1010.4146953440531,6.339394311085899,1.2575905000271836
44018,4,59,FIXED_Q_FIXED_BEAM_JOINT_GLOBAL_INFEASIBLE,75,E3_SITE_07_SEC_1_UE_4,18,3,0.1753201540979634,0.1753201540979634,0.15778813868816705,RELATIVE_0P9_CURRENT_LOAD_NOMINAL,True,False,True,75,18,3,1.0,9334.323736291068,4.09740270291918,0.542517047319718
44018,4,59,FIXED_Q_FIXED_BEAM_JOINT_GLOBAL_INFEASIBLE,178,E3_SITE_15_SEC_3_UE_3,44,2,0.4354593073905303,0.4354593073905303,0.3919133766514773,RELATIVE_0P9_CURRENT_LOAD_NOMINAL,True,False,True,178,44,2,1.0,3959089.0540976524,3.9160909846377856,0.768988246393411
44018,4,59,FIXED_Q_FIXED_BEAM_JOINT_GLOBAL_INFEASIBLE,185,E3_SITE_16_SEC_2_UE_2,46,1,0.35607408902145665,0.35607408902145665,0.320466680119311,RELATIVE_0P9_CURRENT_LOAD_NOMINAL,True,False,True,185,46,1,1.0,261897601.55008772,3.5074385764624756,0.6514890183348471
44018,4,118,EXPANDED_LOCAL_HYBRID_K8_FEASIBLE,185,E3_SITE_16_SEC_2_UE_2,46,1,0.35607408902145665,1.0276906870412184,0.9249216183370965,RELATIVE_0P9_CURRENT_LOAD_NOMINAL,True,False,True,185,46,1,1.0,436718409.36394745,5.736713103599656,1.4504860832147237
44018,4,119,EXPANDED_LOCAL_HYBRID_K8_FEASIBLE,185,E3_SITE_16_SEC_2_UE_2,46,1,0.35607408902145665,1.0276906870412184,0.9249216183370965,RELATIVE_0P9_CURRENT_LOAD_NOMINAL,True,False,True,185,46,1,1.0,215536588.91866568,5.736821113368256,1.4504968841915837
44018,4,120,EXPANDED_LOCAL_HYBRID_K8_FEASIBLE,185,E3_SITE_16_SEC_2_UE_2,46,1,0.35607408902145665,1.0276906870412184,0.9249216183370965,RELATIVE_0P9_CURRENT_LOAD_NOMINAL,True,False,True,185,46,1,1.0,106714097.92965013,5.73697367446444,1.450512140301202
