time_s,aggregate_nominal_interference_w,aggregate_safe_interference_w,aggregate_allowance_w,budget_sum_w,local_violation_count,network_nominal_sum_se_bps_hz,network_safe_sum_se_bps_hz,rate_retention_fraction,minimum_pol_scale,median_pol_scale
114.0,3.4152630043599703e-09,4.510685102645492e-14,4.5106851026454433e-14,4.5106851026454433e-14,0,545.5243122823117,540.8827284212475,0.9914915178726954,0.0036342014101489128,0.0036342029374522343
115.0,3.3511182447844523e-09,4.5106851026454875e-14,4.5106851026454433e-14,4.5106851026454433e-14,0,545.5243122823117,540.8828879886557,0.9914918103755309,0.0036688182123854507,0.003668819754236772
116.0,3.2881510823732733e-09,4.510685102645332e-14,4.5106851026454433e-14,4.5106851026454433e-14,0,545.5243122823117,540.8830476827239,0.9914921031105468,0.0037037800439119043,0.0037037816004562253
117.0,3.226342520095695e-09,4.51068510264551e-14,4.5106851026454433e-14,4.5106851026454433e-14,0,545.5243122823117,540.8832106977952,0.9914924019332897,0.0037390892661465698,0.003739090837529884
118.0,3.1656738066686613e-09,4.5106851026453474e-14,4.5106851026454433e-14,4.5106851026454433e-14,0,545.5243122823117,540.883374978627,0.9914927030762966,0.003774748211326708,0.00377474979769599
119.0,3.1061264292586095e-09,4.5106851026453916e-14,4.5106851026454433e-14,4.5106851026454433e-14,0,545.5243122823117,540.8835351664825,0.9914929967164734,0.003810759183831613,0.0038107607853348057
120.0,3.047682107134683e-09,4.510685102645431e-14,4.5106851026454433e-14,4.5106851026454433e-14,0,545.5243122823117,540.8836999544194,0.9914932987890542,0.0038471244614157116,0.0038471260782017135
121.0,2.990322786151451e-09,4.510685102645373e-14,4.5106851026454433e-14,4.5106851026454433e-14,0,545.5243122823117,540.8838651533024,0.9914936016149398,0.0038838462963663722,0.0038838479285850307
122.0,2.9340306339569365e-09,4.510685102645626e-14,4.5106851026454433e-14,4.5106851026454433e-14,0,545.5243122823117,540.8840381758073,0.9914939187822979,0.003920926916597831,0.0039209285643999284
123.0,2.8787880358116108e-09,4.5106851026453594e-14,4.5106851026454433e-14,4.5106851026454433e-14,0,545.5243122823117,540.8842202468561,0.9914942525365316,0.003958368526706797,0.003958370190244042
124.0,2.824577590950311e-09,4.5106851026454194e-14,4.5106851026454433e-14,4.5106851026454433e-14,0,545.5243122823117,540.8843882358418,0.9914945604769514,0.0039961733089927,0.003996174988417717
125.0,2.7713821094064227e-09,4.5106851026455797e-14,4.5106851026454433e-14,4.5106851026454433e-14,0,545.5243122823117,540.8845629604318,0.9914948807643997,0.0040343434244588415,0.004034345119925168
126.0,2.7191846092379104e-09,4.510685102645509e-14,4.5106851026454433e-14,4.5106851026454433e-14,0,545.5243122823117,540.8847425208212,0.9914952099163464,0.004072881013802592,0.0040728827254646605
127.0,2.6679683140923524e-09,4.5106851026453436e-14,4.5106851026454433e-14,4.5106851026454433e-14,0,545.5243122823117,540.884922253319,0.991495539383785,0.004111788198409339,0.004111789926422475
128.0,2.61771665107742e-09,4.5106851026454635e-14,4.5106851026454433e-14,4.5106851026454433e-14,0,545.5243122823117,540.8851040362166,0.991495872609809,0.004151067081347621,0.004151068825868033
129.0,2.5684132488777054e-09,4.510685102645378e-14,4.5106851026454433e-14,4.5106851026454433e-14,0,545.5243122823117,540.8852799894539,0.9914961951494894,0.004190719748385223,0.004190721509569998
130.0,2.5200419361021974e-09,4.5106851026455096e-14,4.5106851026454433e-14,4.5106851026454433e-14,0,545.5243122823117,540.8854615346779,0.9914965279398342,0.004230748269016324,0.004230750047023417
131.0,2.472586739805692e-09,4.510685102645454e-14,4.5106851026454433e-14,4.5106851026454433e-14,0,545.5243122823117,540.8856466483576,0.9914968672715111,0.004271154697524504,0.004271156492512734
132.0,2.4260318841851863e-09,4.5106851026455645e-14,4.5106851026454433e-14,4.5106851026454433e-14,0,545.5243122823117,540.8858339518561,0.9914972106173423,0.004311941074062657,0.0043119428861917
133.0,2.3803617894056188e-09,4.510685102645364e-14,4.5106851026454433e-14,4.5106851026454433e-14,0,545.5243122823117,540.8860259689642,0.9914975626036862,0.004353109425770394,0.004353111255200779
134.0,2.335561070544456e-09,4.51068510264548e-14,4.5106851026454433e-14,4.5106851026454433e-14,0,545.5243122823117,540.8862100235438,0.9914978999939278,0.004394661767922801,0.004394663614815903
135.0,2.2916145366388067e-09,4.5106851026453506e-14,4.5106851026454433e-14,4.5106851026454433e-14,0,545.5243122823117,540.8863999391226,0.9914982481279607,0.004436600105109785,0.0044366019696278226
136.0,2.2485071898125342e-09,4.510685102645514e-14,4.5106851026454433e-14,4.5106851026454433e-14,0,545.5243122823117,540.8865924562579,0.9914986010309036,0.004478926432452481,0.004478928314758508
137.0,2.206224224472012e-09,4.510685102645494e-14,4.5106851026454433e-14,4.5106851026454433e-14,0,545.5243122823117,540.8867902382993,0.9914989635849403,0.00452164273685449,0.004521644637112399
138.0,2.164751026558915e-09,4.510685102645461e-14,4.5106851026454433e-14,4.5106851026454433e-14,0,545.5243122823117,540.8869940238791,0.991499337144056,0.00456475099828653,0.004564752916661044
139.0,2.124073172858759e-09,4.510685102645485e-14,4.5106851026454433e-14,4.5106851026454433e-14,0,545.5243122823117,540.8871924412223,0.9914997008626635,0.0046082531910926795,0.0046082551277493505
140.0,2.08417643031913e-09,4.5106851026453714e-14,4.5106851026454433e-14,4.5106851026454433e-14,0,545.5243122823117,540.8873904155353,0.9915000637691528,0.004652151285354739,0.00465215324045995
141.0,2.0450467554266393e-09,4.5106851026454244e-14,4.5106851026454433e-14,4.5106851026454433e-14,0,545.5243122823117,540.8875969556877,0.9915004423776728,0.004696447248251864,0.0046964492219728204
142.0,2.0066702935835167e-09,4.5106851026453676e-14,4.5106851026454433e-14,4.5106851026454433e-14,0,545.5243122823117,540.8877993725026,0.9915008134277072,0.004741143045466308,0.004741145037971045
143.0,1.9690333784894916e-09,4.5106851026453594e-14,4.5106851026454433e-14,4.5106851026454433e-14,0,545.5243122823117,540.8880017723209,0.9915011844465852,0.004786240642621178,0.004786242654078554
144.0,1.932122531546126e-09,4.510685102645389e-14,4.5106851026454433e-14,4.5106851026454433e-14,0,545.5243122823117,540.8882090511983,0.991501564409261,0.004831742006719057,0.004831744037298759
145.0,1.8959244612453583e-09,4.5106851026454705e-14,4.5106851026454433e-14,4.5106851026454433e-14,0,545.5243122823117,540.8884168599984,0.9915019453433375,0.0048776491076155636,0.004877651157488106
146.0,1.8604260625526537e-09,4.5106851026454124e-14,4.5106851026454433e-14,4.5106851026454433e-14,0,545.5243122823117,540.8886326570315,0.9915023409206348,0.004923963919507017,0.0049239659888437445
147.0,1.8256144162791194e-09,4.510685102645524e-14,4.5106851026454433e-14,4.5106851026454433e-14,0,545.5243122823117,540.8888442980376,0.9915027288795238,0.004970688422429337,0.004970690511402424
148.0,1.7914767884330683e-09,4.510685102645467e-14,4.5106851026454433e-14,4.5106851026454433e-14,0,545.5243122823117,540.8890560918738,0.9915031171185655,0.005017824603771308,0.005017826712553767
149.0,1.7580006295475405e-09,4.5106851026454616e-14,4.5106851026454433e-14,4.5106851026454433e-14,0,545.5243122823117,540.8892709489697,0.9915035109728652,0.005065374459798771,0.005065376588564451
150.0,1.7251735739904617e-09,4.510685102645417e-14,4.5106851026454433e-14,4.5106851026454433e-14,0,545.5243122823117,540.8894932184154,0.9915039184147346,0.005113339997171542,0.005113342146095138
151.0,1.6929834392232258e-09,4.5106851026455065e-14,4.5106851026454433e-14,4.5106851026454433e-14,0,545.5243122823117,540.8897255904758,0.9915043443756958,0.00516172323449431,0.005161725403751364
152.0,1.6614182250562447e-09,4.510685102645465e-14,4.5106851026454433e-14,4.5106851026454433e-14,0,545.5243122823117,540.8899409243622,0.9915047391039995,0.005210526203823968,0.005210528393590876
153.0,1.630466112836041e-09,4.510685102645414e-14,4.5106851026454433e-14,4.5106851026454433e-14,0,545.5243122823117,540.8901644236194,0.991505148800235,0.0052597509522224655,0.005259753162676482
154.0,1.600115464619404e-09,4.510685102645418e-14,4.5106851026454433e-14,4.5106851026454433e-14,0,545.5243122823117,540.8903968111397,0.9915055747895357,0.005309399543266286,0.005309401774585535
155.0,1.5703548222866137e-09,4.510685102645426e-14,4.5106851026454433e-14,4.5106851026454433e-14,0,545.5243122823117,540.890634803173,0.991506011052463,0.00535947405858011,0.005359476310943589
156.0,1.5411729066246466e-09,4.5106851026453865e-14,4.5106851026454433e-14,4.5106851026454433e-14,0,545.5243122823117,540.8908592303535,0.9915064224496738,0.005409976599341268,0.0054099788729288605
157.0,1.5125586163557032e-09,4.5106851026454484e-14,4.5106851026454433e-14,4.5106851026454433e-14,0,545.5243122823117,540.8910903429864,0.9915068461019799,0.00546090928779027,0.005460911582782746
158.0,1.4845010271315552e-09,4.5106851026454377e-14,4.5106851026454433e-14,4.5106851026454433e-14,0,545.5243122823117,540.8913273545234,0.9915072805675602,0.005512274268708482,0.005512276585287519
159.0,1.456989390462088e-09,4.5106851026453846e-14,4.5106851026454433e-14,4.5106851026454433e-14,0,545.5243122823117,540.8915607422841,0.9915077083904006,0.005564073710915503,0.0055640760492636845
160.0,1.4300131326203417e-09,4.510685102645485e-14,4.5106851026454433e-14,4.5106851026454433e-14,0,545.5243122823117,540.8917968056415,0.9915081411178741,0.005616309808707112,0.005616312169007948
161.0,1.403561853474935e-09,4.51068510264538e-14,4.5106851026454433e-14,4.5106851026454433e-14,0,545.5243122823117,540.8920503043355,0.9915086058060434,0.00566898478332159,0.005668987165759521
162.0,1.37762532528971e-09,4.510685102645454e-14,4.5106851026454433e-14,4.5106851026454433e-14,0,545.5243122823117,540.8922908493103,0.9915090467487646,0.00572210088435946,0.005722103289119873
163.0,1.3521934914718084e-09,4.5106851026454806e-14,4.5106851026454433e-14,4.5106851026454433e-14,0,545.5243122823117,540.8925385921979,0.9915095008859718,0.005775660391189808,0.00577566281845905
164.0,1.3272564652663905e-09,4.5106851026455557e-14,4.5106851026454433e-14,4.5106851026454433e-14,0,545.5243122823117,540.892786628359,0.9915099555607783,0.0058296656143481075,0.005829668064313492
165.0,1.3028045284150084e-09,4.5106851026454755e-14,4.5106851026454433e-14,4.5106851026454433e-14,0,545.5243122823117,540.8930374473118,0.991510415336717,0.005884118896889874,0.005884121369739703
166.0,1.2788281297513197e-09,4.5106851026455014e-14,4.5106851026454433e-14,4.5106851026454433e-14,0,545.5243122823117,540.8932888826606,0.9915108762425706,0.005939022615757547,0.0059390251116811215
167.0,1.2553178837686829e-09,4.5106851026454414e-14,4.5106851026454433e-14,4.5106851026454433e-14,0,545.5243122823117,540.8935343207111,0.9915113261547834,0.005994379183086965,0.005994381702274597
168.0,1.2322645691305446e-09,4.51068510264548e-14,4.5106851026454433e-14,4.5106851026454433e-14,0,545.5243122823117,540.8937888100995,0.9915117926589936,0.0060501910475192515,0.006050193590162281
169.0,1.2096591271442495e-09,4.510685102645436e-14,4.5106851026454433e-14,4.5106851026454433e-14,0,545.5243122823117,540.8940480370326,0.9915122678475915,0.0061064606954748385,0.0061064632617656555
170.0,1.187492660188475e-09,4.510685102645435e-14,4.5106851026454433e-14,4.5106851026454433e-14,0,545.5243122823117,540.8943031027233,0.9915127354082206,0.00616319065241548,0.0061631932425475315
171.0,1.165756430106316e-09,4.510685102645449e-14,4.5106851026454433e-14,4.5106851026454433e-14,0,545.5243122823117,540.8945610889485,0.9915132083224785,0.0062203834840685165,0.00622038609823633
172.0,1.1444418565556725e-09,4.510685102645414e-14,4.5106851026454433e-14,4.5106851026454433e-14,0,545.5243122823117,540.8948299903208,0.9915137012452798,0.006278041797638021,0.00627804443603722
173.0,1.123540515325039e-09,4.510685102645422e-14,4.5106851026454433e-14,4.5106851026454433e-14,0,545.5243122823117,540.8950942746148,0.9915141857045205,0.0063361682429872715,0.006336170905814592
174.0,1.1030441366121434e-09,4.5106851026454225e-14,4.5106851026454433e-14,4.5106851026454433e-14,0,545.5243122823117,540.8953632717738,0.9915146788029084,0.0063947655138045,0.006394768201257811
175.0,1.082944603275394e-09,4.510685102645449e-14,4.5106851026454433e-14,4.5106851026454433e-14,0,545.5243122823117,540.8956381449261,0.9915151826725731,0.006453836348729684,0.006453839061008004
176.0,1.0632339490491402e-09,4.5106851026453796e-14,4.5106851026454433e-14,4.5106851026454433e-14,0,545.5243122823117,540.8959087628657,0.9915156787420122,0.0065133835324732246,0.006513386269776742
177.0,1.0439043567334196e-09,4.510685102645403e-14,4.5106851026454433e-14,4.5106851026454433e-14,0,545.5243122823117,540.8961885730987,0.9915161916618339,0.006573409896902943,0.00657341265943304
178.0,1.0249481563559188e-09,4.510685102645441e-14,4.5106851026454433e-14,4.5106851026454433e-14,0,545.5243122823117,540.8964619037015,0.9915166927038528,0.006633918322112128,0.006633921110071392
179.0,1.006357823313394e-09,4.510685102645394e-14,4.5106851026454433e-14,4.5106851026454433e-14,0,545.5243122823117,540.8967533847568,0.9915172270174457,0.006694911737452867,0.00669491455104512
180.0,9.881259764836404e-10,4.5106851026454377e-14,4.5106851026454433e-14,4.5106851026454433e-14,0,545.5243122823117,540.8970283643594,0.9915177310822442,0.0067563931225705165,0.006756395962000833
181.0,9.702453763249756e-10,4.5106851026454137e-14,4.5106851026454433e-14,4.5106851026454433e-14,0,545.5243122823117,540.8973121579522,0.9915182513039584,0.00681836550839246,0.0068183683738671855
182.0,9.527089229561531e-10,4.510685102645447e-14,4.5106851026454433e-14,4.5106851026454433e-14,0,545.5243122823117,540.8976053726644,0.9915187887955158,0.006880831978100111,0.00688083486982689
183.0,9.355096542167353e-10,4.5106851026453834e-14,4.5106851026454433e-14,4.5106851026454433e-14,0,545.5243122823117,540.8978892064439,0.991519309090896,0.006943795668093613,0.006943798586281406
184.0,9.186407437202404e-10,4.510685102645413e-14,4.5106851026454433e-14,4.5106851026454433e-14,0,545.5243122823117,540.898182655477,0.9915198470119867,0.007007259768913562,0.0070072627137726705
185.0,9.020954988893207e-10,4.5106851026454774e-14,4.5106851026454433e-14,4.5106851026454433e-14,0,545.5243122823117,540.8984765468882,0.9915203857440004,0.007071227526166132,0.007071230497908221
186.0,8.858673589897915e-10,4.510685102645406e-14,4.5106851026454433e-14,4.5106851026454433e-14,0,545.5243122823117,540.8987719468092,0.9915209272412615,0.007135702241397397,0.00713570524023552
187.0,8.699498931479991e-10,4.510685102645426e-14,4.5106851026454433e-14,4.5106851026454433e-14,0,545.5243122823117,540.8990622243164,0.9915214593486317,0.007200687272983734,0.007200690299132355
188.0,8.543367983702488e-10,4.510685102645408e-14,4.5106851026454433e-14,4.5106851026454433e-14,0,545.5243122823117,540.8993631185283,0.9915220109174713,0.007266186036974731,0.007266189090649753
189.0,8.390218975554754e-10,4.510685102645463e-14,4.5106851026454433e-14,4.5106851026454433e-14,0,545.5243122823117,540.8996829105793,0.9915225971279183,0.007332202007930187,0.007332205089348969
190.0,8.239991375068462e-10,4.510685102645397e-14,4.5106851026454433e-14,4.5106851026454433e-14,0,545.5243122823117,540.899984411315,0.9915231498085761,0.00739873871973714,0.007398741829118528
191.0,8.092625869452949e-10,4.5106851026454364e-14,4.5106851026454433e-14,4.5106851026454433e-14,0,545.5243122823117,540.9002880492033,0.9915237064068457,0.007465799766401455,0.007465802903965804
192.0,7.948064345205981e-10,4.510685102645442e-14,4.5106851026454433e-14,4.5106851026454433e-14,0,545.5243122823117,540.9005969686219,0.9915242726866828,0.00753338880284199,0.007533391968811193
193.0,7.806249868326585e-10,4.510685102645478e-14,4.5106851026454433e-14,4.5106851026454433e-14,0,545.5243122823117,540.9009142298968,0.991524854257967,0.0076015095456381885,0.0076015127402357
194.0,7.667126664504389e-10,4.5106851026454326e-14,4.5106851026454433e-14,4.5106851026454433e-14,0,545.5243122823117,540.9012279479084,0.9915254293340994,0.007670165773796432,0.007670168997247293
195.0,7.530640099467498e-10,4.51068510264543e-14,4.5106851026454433e-14,4.5106851026454433e-14,0,545.5243122823117,540.9015412397933,0.9915260036290994,0.007739361329456975,0.007739364581987842
196.0,7.396736659303909e-10,4.5106851026454257e-14,4.5106851026454433e-14,4.5106851026454433e-14,0,545.5243122823117,540.9018618504767,0.9915265913401806,0.007809100118638625,0.0078091034004778
197.0,7.265363930985767e-10,4.5106851026454244e-14,4.5106851026454433e-14,4.5106851026454433e-14,0,545.5243122823117,540.9021837054072,0.9915271813320897,0.007879386111915413,0.00787938942329286
198.0,7.136470582928697e-10,4.510685102645477e-14,4.5106851026454433e-14,4.5106851026454433e-14,0,545.5243122823117,540.9025017422409,0.99152776432505,0.007950223345115862,0.007950226686263244
199.0,7.01000634571872e-10,4.5106851026454755e-14,4.5106851026454433e-14,4.5106851026454433e-14,0,545.5243122823117,540.9028422534252,0.9915283885157168,0.008021615919984171,0.008021619291134876
200.0,6.885921992929577e-10,4.5106851026454414e-14,4.5106851026454433e-14,4.5106851026454433e-14,0,545.5243122823117,540.9031671544323,0.9915289840913855,0.008093568004851198,0.008093571406240362
201.0,6.764169322126165e-10,4.5106851026453796e-14,4.5106851026454433e-14,4.5106851026454433e-14,0,545.5243122823117,540.9035030698188,0.9915295998575008,0.008166083835269245,0.00816608726713379
202.0,6.644701136012621e-10,4.5106851026454484e-14,4.5106851026454433e-14,4.5106851026454433e-14,0,545.5243122823117,540.9038416010578,0.9915302204187322,0.008239167714638689,0.00823917117721734
203.0,6.527471223724037e-10,4.510685102645419e-14,4.5106851026454433e-14,4.5106851026454433e-14,0,545.5243122823117,540.9041741487821,0.9915308300115895,0.008312824014834743,0.008312827508368066
204.0,6.412434342317052e-10,4.510685102645401e-14,4.5106851026454433e-14,4.5106851026454433e-14,0,545.5243122823117,540.9045142547478,0.9915314534594507,0.008387057176807017,0.008387060701537444
205.0,6.299546198448233e-10,4.510685102645413e-14,4.5106851026454433e-14,4.5106851026454433e-14,0,545.5243122823117,540.9048551635136,0.9915320783789239,0.008461871711162416,0.008461875267334272
206.0,6.18876343020163e-10,4.510685102645429e-14,4.5106851026454433e-14,4.5106851026454433e-14,0,545.5243122823117,540.9051944329188,0.9915327002932869,0.00853727219876292,0.008537275786622459
207.0,6.080043589169562e-10,4.510685102645422e-14,4.5106851026454433e-14,4.5106851026454433e-14,0,545.5243122823117,540.9055404157164,0.9915333345139619,0.00861326329127517,0.008613266911070595
208.0,5.973345122710545e-10,4.510685102645458e-14,4.5106851026454433e-14,4.5106851026454433e-14,0,545.5243122823117,540.9058923385822,0.9915339796233694,0.008689849711725076,0.00868985336370658
209.0,5.86862735640093e-10,4.510685102645476e-14,4.5106851026454433e-14,4.5106851026454433e-14,0,545.5243122823117,540.906249871037,0.9915346350157078,0.008767036255053273,0.008767039939473063
210.0,5.765850476739513e-10,4.5106851026454105e-14,4.5106851026454433e-14,4.5106851026454433e-14,0,545.5243122823117,540.9066082534631,0.991535291966128,0.008844827788632631,0.008844831505744957
211.0,5.664975514054355e-10,4.510685102645438e-14,4.5106851026454433e-14,4.5106851026454433e-14,0,545.5243122823117,540.9069559499873,0.9915359293282332,0.008923229252786744,0.008923233002847938
212.0,5.565964325625541e-10,4.5106851026454515e-14,4.5106851026454433e-14,4.5106851026454433e-14,0,545.5243122823117,540.9073233155785,0.9915366027456832,0.009002245661304456,0.009002249444572952
213.0,5.468779579062824e-10,4.510685102645408e-14,4.5106851026454433e-14,4.5106851026454433e-14,0,545.5243122823117,540.9076812767588,0.991537258923918,0.00908188210192287,0.009081885918659242
214.0,5.373384735892628e-10,4.510685102645467e-14,4.5106851026454433e-14,4.5106851026454433e-14,0,545.5243122823117,540.908049717655,0.9915379343125081,0.009162143736816765,0.009162147587283755
215.0,5.279744035390588e-10,4.510685102645394e-14,4.5106851026454433e-14,4.5106851026454433e-14,0,545.5243122823117,540.9084185297764,0.991538610381591,0.009243035803068865,0.009243039687531415
216.0,5.187822478677983e-10,4.510685102645402e-14,4.5106851026454433e-14,4.5106851026454433e-14,0,545.5243122823117,540.9087973056058,0.9915393047151355,0.009324563613105267,0.009324567531830558
217.0,5.097585812987295e-10,4.5106851026454074e-14,4.5106851026454433e-14,4.5106851026454433e-14,0,545.5243122823117,540.9091924838419,0.9915400291159133,0.009406732555181015,0.009406736508438488
218.0,5.009000516262762e-10,4.510685102645418e-14,4.5106851026454433e-14,4.5106851026454433e-14,0,545.5243122823117,540.9095712295432,0.99154072339423,0.009489548093772199,0.009489552081833587
219.0,4.922033781941353e-10,4.510685102645442e-14,4.5106851026454433e-14,4.5106851026454433e-14,0,545.5243122823117,540.909947419276,0.9915414129872039,0.00957301577001022,0.009573019793149593
220.0,4.836653503984492e-10,4.510685102645424e-14,4.5106851026454433e-14,4.5106851026454433e-14,0,545.5243122823117,540.9103334548116,0.9915421206285077,0.009657141202099694,0.00965714526059348
221.0,4.752828262195634e-10,4.510685102645475e-14,4.5106851026454433e-14,4.5106851026454433e-14,0,545.5243122823117,540.9107163812198,0.9915428225704735,0.009741930085683477,0.009741934179810494
222.0,4.670527307736798e-10,4.5106851026454433e-14,4.5106851026454433e-14,4.5106851026454433e-14,0,545.5243122823117,540.9111086210866,0.9915435415849297,0.009827388194238736,0.009827392324280232
223.0,4.5897205489124345e-10,4.5106851026454774e-14,4.5106851026454433e-14,4.5106851026454433e-14,0,545.5243122823117,540.9114993654821,0.9915442578580393,0.009913521379438666,0.00991352554567835
224.0,4.5103785371994765e-10,4.510685102645414e-14,4.5106851026454433e-14,4.5106851026454433e-14,0,545.5243122823117,540.9119066862088,0.991545004517203,0.010000335571498478,0.010000339774222548
225.0,4.432472453527044e-10,4.510685102645412e-14,4.5106851026454433e-14,4.5106851026454433e-14,0,545.5243122823117,540.9123028619845,0.9915457307465694,0.010087836779500578,0.010087841018997758
226.0,4.3559740947789406e-10,4.510685102645408e-14,4.5106851026454433e-14,4.5106851026454433e-14,0,545.5243122823117,540.9127043504432,0.991546466714609,0.010176031091727825,0.010176035368289395
227.0,4.280855860563856e-10,4.5106851026454244e-14,4.5106851026454433e-14,4.5106851026454433e-14,0,545.5243122823117,540.913109855929,0.9915472100462565,0.010264924675953774,0.010264928989873611
228.0,4.207090740221558e-10,4.5106851026454736e-14,4.5106851026454433e-14,4.5106851026454433e-14,0,545.5243122823117,540.9135146329344,0.9915479520425274,0.010354523779721661,0.010354528131296267
229.0,4.134652300060171e-10,4.5106851026454497e-14,4.5106851026454433e-14,4.5106851026454433e-14,0,545.5243122823117,540.9139269824769,0.9915487079200076,0.010444834730617046,0.010444839120145577
230.0,4.0635146708216473e-10,4.510685102645409e-14,4.5106851026454433e-14,4.5106851026454433e-14,0,545.5243122823117,540.9143425894599,0.9915494697686982,0.010535863936537168,0.010535868364321481
231.0,3.993652535440277e-10,4.510685102645445e-14,4.5106851026454433e-14,4.5106851026454433e-14,0,545.5243122823117,540.9147774100002,0.9915502668377388,0.01062761788587033,0.010627622352215
232.0,3.9250411169657183e-10,4.510685102645448e-14,4.5106851026454433e-14,4.5106851026454433e-14,0,545.5243122823117,540.915199750492,0.9915510410296169,0.010720103147743831,0.0107201076529562
233.0,3.8576561667578423e-10,4.510685102645433e-14,4.5106851026454433e-14,4.5106851026454433e-14,0,545.5243122823117,540.915625259576,0.9915518210298376,0.010813326372203402,0.010813330916593606
234.0,3.791473952910351e-10,4.510685102645455e-14,4.5106851026454433e-14,4.5106851026454433e-14,0,545.5243122823117,540.9160501374096,0.9915525998729139,0.010907294290372403,0.010907298874253405
235.0,3.726471248896001e-10,4.510685102645483e-14,4.5106851026454433e-14,4.5106851026454433e-14,0,545.5243122823117,540.9164831462014,0.9915533936208405,0.011002013714597358,0.011002018338284984
236.0,3.6626253224343385e-10,4.510685102645431e-14,4.5106851026454433e-14,4.5106851026454433e-14,0,545.5243122823117,540.9169157142449,0.9915541865608319,0.011097491538575378,0.011097496202388354
237.0,3.599913924591776e-10,4.510685102645429e-14,4.5106851026454433e-14,4.5106851026454433e-14,0,545.5243122823117,540.9173659635871,0.9915550119123921,0.011193734737444071,0.01119373944170405
238.0,3.5383152791009856e-10,4.510685102645439e-14,4.5106851026454433e-14,4.5106851026454433e-14,0,545.5243122823117,540.9178065260105,0.9915558195068723,0.011290750367846809,0.011290755112878411
239.0,3.4778080718899063e-10,4.5106851026454534e-14,4.5106851026454433e-14,4.5106851026454433e-14,0,545.5243122823117,540.9182581281453,0.991556647338235,0.01138854556798382,0.011388550354114669
240.0,3.4183714408357087e-10,4.5106851026454433e-14,4.5106851026454433e-14,4.5106851026454433e-14,0,545.5243122823117,540.9187037475106,0.9915574642025895,0.011487127557619707,0.011487132385180454
241.0,3.359984965720877e-10,4.5106851026454156e-14,4.5106851026454433e-14,4.5106851026454433e-14,0,545.5243122823117,540.919159099057,0.9915582989069943,0.011586503638077457,0.011586508507401828
242.0,3.302628658405859e-10,4.5106851026454257e-14,4.5106851026454433e-14,4.5106851026454433e-14,0,545.5243122823117,540.9196148671839,0.9915591343750325,0.011686681192189801,0.011686686103614622
243.0,3.246282953204263e-10,4.510685102645422e-14,4.5106851026454433e-14,4.5106851026454433e-14,0,545.5243122823117,540.9200771332881,0.9915599817545054,0.011787667684224156,0.011787672638089388
244.0,3.190928697466977e-10,4.510685102645448e-14,4.5106851026454433e-14,4.5106851026454433e-14,0,545.5243122823117,540.9205571992486,0.9915608617628747,0.01188947065976314,0.011889475656411918
245.0,3.136547142350531e-10,4.510685102645472e-14,4.5106851026454433e-14,4.5106851026454433e-14,0,545.5243122823117,540.9210228225846,0.9915617152964855,0.011992097745578396,0.011992102785357058
246.0,3.0831199338028646e-10,4.510685102645434e-14,4.5106851026454433e-14,4.5106851026454433e-14,0,545.5243122823117,540.9214964641887,0.9915625835283745,0.01209555664943018,0.012095561732688307
247.0,3.030629103723663e-10,4.510685102645442e-14,4.5106851026454433e-14,4.5106851026454433e-14,0,545.5243122823117,540.9219733953174,0.9915634577902872,0.012199855159863772,0.012199860286954215
248.0,2.979057061326534e-10,4.510685102645438e-14,4.5106851026454433e-14,4.5106851026454433e-14,0,545.5243122823117,540.9224486667827,0.9915643290098727,0.012305001145944783,0.0123050063172237
249.0,2.928386584683988e-10,4.5106851026454465e-14,4.5106851026454433e-14,4.5106851026454433e-14,0,545.5243122823117,540.9229434619822,0.9915652360183934,0.012411002556961002,0.012411007772787891
250.0,2.87860081245618e-10,4.5106851026454364e-14,4.5106851026454433e-14,4.5106851026454433e-14,0,545.5243122823117,540.9234283496324,0.9915661248653969,0.012517867422081453,0.01251787268281919
251.0,2.8301971488857535e-10,4.510685102645428e-14,4.5106851026454433e-14,4.5106851026454433e-14,0,545.5243122823117,540.9239166796838,0.9915670200226617,0.0126244575062245,0.012624462811757602
252.0,2.782816025892842e-10,4.510685102645442e-14,4.5106851026454433e-14,4.5106851026454433e-14,0,545.5243122823117,540.9244046962052,0.9915679146051954,0.012731477930043875,0.0127314832805532
253.0,2.7362661070024097e-10,4.51068510264544e-14,4.5106851026454433e-14,4.5106851026454433e-14,0,545.5243122823117,540.9248939026311,0.9915688113689415,0.012839316475200273,0.012839321871029642
254.0,2.690531905415215e-10,4.510685102645453e-14,4.5106851026454433e-14,4.5106851026454433e-14,0,545.5243122823117,540.9253890496842,0.9915697190224447,0.012947979292696855,0.012947984734192673
255.0,2.6455982563277234e-10,4.510685102645444e-14,4.5106851026454433e-14,4.5106851026454433e-14,0,545.5243122823117,540.9258946240577,0.9915706457902571,0.013057472551573118,0.01305747803908439
256.0,2.60145030969602e-10,4.5106851026454295e-14,4.5106851026454433e-14,4.5106851026454433e-14,0,545.5243122823117,540.9264056729783,0.9915715825934555,0.013167802436808934,0.013167807970687253
257.0,2.558073523150937e-10,4.5106851026454446e-14,4.5106851026454433e-14,4.5106851026454433e-14,0,545.5243122823117,540.9269194354467,0.9915725243708555,0.013278975147169733,0.013278980727769311
258.0,2.5154536550873976e-10,4.5106851026454345e-14,4.5106851026454433e-14,4.5106851026454433e-14,0,545.5243122823117,540.9274320211425,0.9915734639911149,0.013390996892925708,0.013391002520603355
259.0,2.4735767579064905e-10,4.510685102645421e-14,4.5106851026454433e-14,4.5106851026454433e-14,0,545.5243122823117,540.9279438780785,0.9915744022754854,0.013503873893485606,0.013503879568600748
260.0,2.432429171394397e-10,4.510685102645451e-14,4.5106851026454433e-14,4.5106851026454433e-14,0,545.5243122823117,540.9284658732522,0.9915753591442481,0.013617612374979568,0.013617618097894253
261.0,2.3919975162731587e-10,4.510685102645442e-14,4.5106851026454433e-14,4.5106851026454433e-14,0,545.5243122823117,540.9289993337054,0.9915763370300017,0.013732218567686952,0.013732224338765838
262.0,2.352268687874759e-10,4.510685102645439e-14,4.5106851026454433e-14,4.5106851026454433e-14,0,545.5243122823117,540.929522208979,0.9915772955120745,0.013847698703429383,0.013847704523039756
263.0,2.3132298499787006e-10,4.510685102645461e-14,4.5106851026454433e-14,4.5106851026454433e-14,0,545.5243122823117,540.9300584470086,0.9915782784894002,0.013964059012807931,0.013964064881319689
264.0,2.2748684287727517e-10,4.5106851026454314e-14,4.5106851026454433e-14,4.5106851026454433e-14,0,545.5243122823117,540.930587971646,0.9915792491604143,0.014081305722386998,0.014081311640172662
265.0,2.2378156325322478e-10,4.5106851026454206e-14,4.5106851026454433e-14,4.5106851026454433e-14,0,545.5243122823117,540.9311060988043,0.9915801989387223,0.014197403247479234,0.014197409214055845
266.0,2.2012976194634831e-10,4.5106851026454156e-14,4.5106851026454433e-14,4.5106851026454433e-14,0,545.5243122823117,540.9316479147576,0.9915811921409337,0.014314681433244944,0.01431468744910869
267.0,2.165416158179368e-10,4.5106851026454484e-14,4.5106851026454433e-14,4.5106851026454433e-14,0,545.5243122823117,540.9321844333947,0.9915821756326406,0.01443279299901828,0.014432799064519391
268.0,2.1301596882855198e-10,4.5106851026454497e-14,4.5106851026454433e-14,4.5106851026454433e-14,0,545.5243122823117,540.9327381571453,0.9915831906630217,0.014551742080058308,0.014551748195548758
269.0,2.0955168836543879e-10,4.51068510264543e-14,4.5106851026454433e-14,4.5106851026454433e-14,0,545.5243122823117,540.9332812788595,0.9915841862588218,0.014671532744844886,0.014671538910678357
270.0,2.061476647180473e-10,4.510685102645426e-14,4.5106851026454433e-14,4.5106851026454433e-14,0,545.5243122823117,540.9338521077461,0.9915852326446085,0.014792168990805536,0.014792175207337391
271.0,2.0280281056500478e-10,4.5106851026454276e-14,4.5106851026454433e-14,4.5106851026454433e-14,0,545.5243122823117,540.9344155511051,0.9915862654919927,0.014913654739948264,0.014913661007535516
272.0,1.9951606047246763e-10,4.510685102645431e-14,4.5106851026454433e-14,4.5106851026454433e-14,0,545.5243122823117,540.9349715773646,0.9915872847431004,0.015035993834395538,0.01503600015339681
273.0,1.9628637040456575e-10,4.510685102645441e-14,4.5106851026454433e-14,4.5106851026454433e-14,0,545.5243122823117,540.9355366435532,0.9915883205652917,0.015159190031783648,0.015159196402559146
274.0,1.9322946959430323e-10,4.510685102645464e-14,4.5106851026454433e-14,4.5106851026454433e-14,0,545.5243122823117,540.9360754204525,0.9915893081966166,0.01527862911123052,0.015278635532201282
275.0,1.9018566751273396e-10,4.510685102645433e-14,4.5106851026454433e-14,4.5106851026454433e-14,0,545.5243122823117,540.9366324189662,0.9915903292299622,0.015400406232055158,0.015400412704203763
276.0,1.8719516770557921e-10,4.510685102645428e-14,4.5106851026454433e-14,4.5106851026454433e-14,0,545.5243122823117,540.9372027904803,0.9915913747773398,0.015522931914269473,0.015522938437910517
277.0,1.8425701173683373e-10,4.510685102645438e-14,4.5106851026454433e-14,4.5106851026454433e-14,0,545.5243122823117,540.9377599499265,0.9915923961056907,0.015646206493921056,0.015646213069369266
278.0,1.8137026027092082e-10,4.5106851026454276e-14,4.5106851026454433e-14,4.5106851026454433e-14,0,545.5243122823117,540.9383255964688,0.9915934329917276,0.01577023014430336,0.015770236771873537
279.0,1.7853399264775605e-10,4.5106851026454326e-14,4.5106851026454433e-14,4.5106851026454433e-14,0,545.5243122823117,540.9389096516726,0.9915945036226613,0.015895002870527742,0.015895009550534696
280.0,1.7574730646608916e-10,4.510685102645427e-14,4.5106851026454433e-14,4.5106851026454433e-14,0,545.5243122823117,540.9394775588141,0.9915955446526004,0.016020524504094413,0.016020531236852868
281.0,1.7300931717768622e-10,4.510685102645442e-14,4.5106851026454433e-14,4.5106851026454433e-14,0,545.5243122823117,540.940070354853,0.9915966313063489,0.016146794697346898,0.016146801483171457
282.0,1.7031915769107377e-10,4.510685102645417e-14,4.5106851026454433e-14,4.5106851026454433e-14,0,545.5243122823117,540.940644815339,0.9915976843492164,0.016273812917855075,0.016273819757060097
283.0,1.676759779828049e-10,4.510685102645429e-14,4.5106851026454433e-14,4.5106851026454433e-14,0,545.5243122823117,540.9412254944054,0.9915987487913563,0.016401578442818084,0.016401585335717627
284.0,1.6529245804578676e-10,4.5106851026454225e-14,4.5106851026454433e-14,4.5106851026454433e-14,0,545.5243122823117,540.9417689893471,0.9915997450713193,0.016519410691626116,0.016519417634045637
285.0,1.629444650711049e-10,4.510685102645448e-14,4.5106851026454433e-14,4.5106851026454433e-14,0,545.5243122823117,540.9423085720355,0.9916007341797353,0.016638005478983253,0.016638012471243222
286.0,1.6063865680328866e-10,4.5106851026454497e-14,4.5106851026454433e-14,4.5106851026454433e-14,0,545.5243122823117,540.9428617896123,0.9916017482822498,0.016756991036935866,0.016756998079200502
287.0,1.5837426749118944e-10,4.510685102645457e-14,4.5106851026454433e-14,4.5106851026454433e-14,0,545.5243122823117,540.9434169522098,0.9916027659501795,0.016876359175746484,0.016876366268176568
288.0,1.561505465185063e-10,4.5106851026454736e-14,4.5106851026454433e-14,4.5106851026454433e-14,0,545.5243122823117,540.9439592661413,0.9916037600652342,0.016996101464858644,0.016996108607611422
289.0,1.5396675806927993e-10,4.5106851026454377e-14,4.5106851026454433e-14,4.5106851026454433e-14,0,545.5243122823117,540.9445092399682,0.9916047682216343,0.017116209231311325,0.017116216424540386
290.0,1.518415836329603e-10,4.510685102645435e-14,4.5106851026454433e-14,4.5106851026454433e-14,0,545.5243122823117,540.9450625004789,0.991605782402851,0.017235572242876963,0.017235579486269324
291.0,1.4976437793694722e-10,4.5106851026454497e-14,4.5106851026454433e-14,4.5106851026454433e-14,0,545.5243122823117,540.9456117014943,0.9916067891426112,0.017354687821534473,0.01735469511498615
292.0,1.477246231752163e-10,4.5106851026454257e-14,4.5106851026454433e-14,4.5106851026454433e-14,0,545.5243122823117,540.946160106648,0.9916077944234785,0.01747409224440007,0.017474099588032442
293.0,1.4572164303736795e-10,4.5106851026454497e-14,4.5106851026454433e-14,4.5106851026454433e-14,0,545.5243122823117,540.9467050352209,0.9916087933314293,0.017593775246532443,0.01759378264046259
294.0,1.4375477442023613e-10,4.510685102645467e-14,4.5106851026454433e-14,4.5106851026454433e-14,0,545.5243122823117,540.9472491974553,0.9916097908346059,0.017713726327399978,0.017713733771740566
295.0,1.419316891117834e-10,4.5106851026454465e-14,4.5106851026454433e-14,4.5106851026454433e-14,0,545.5243122823117,540.9477683916299,0.9916107425688602,0.017827128041127207,0.01782713553312581
296.0,1.4010705075942843e-10,4.510685102645428e-14,4.5106851026454433e-14,4.5106851026454433e-14,0,545.5243122823117,540.9483043953852,0.991611725116738,0.017942835426168143,0.01794284296679373
297.0,1.3831566589936587e-10,4.5106851026454585e-14,4.5106851026454433e-14,4.5106851026454433e-14,0,545.5243122823117,540.9488362561988,0.991612700070194,0.018058654264169877,0.018058661853469292
298.0,1.3655693066740808e-10,4.510685102645448e-14,4.5106851026454433e-14,4.5106851026454433e-14,0,545.5243122823117,540.9493642918842,0.9916136680118118,0.018174572156476863,0.018174579794491736
299.0,1.3483025376261376e-10,4.510685102645428e-14,4.5106851026454433e-14,4.5106851026454433e-14,0,545.5243122823117,540.9499000527506,0.9916146501144503,0.018290576468362192,0.01829058415512884
300.0,1.3313505534948413e-10,4.5106851026454446e-14,4.5106851026454433e-14,4.5106851026454433e-14,0,545.5243122823117,540.9504227118643,0.9916156082002806,0.01840665438557498,0.01840666212112434
301.0,1.3147076680673382e-10,4.5106851026454414e-14,4.5106851026454433e-14,4.5106851026454433e-14,0,545.5243122823117,540.9509681528511,0.9916166080475368,0.018522792918363284,0.018522800702720825
302.0,1.2983683048192693e-10,4.510685102645438e-14,4.5106851026454433e-14,4.5106851026454433e-14,0,545.5243122823117,540.9515026728699,0.9916175878755787,0.01863897890576379,0.018638986738949457
303.0,1.28232699452199e-10,4.510685102645431e-14,4.5106851026454433e-14,4.5106851026454433e-14,0,545.5243122823117,540.9520299961401,0.9916185545112691,0.018755199020133808,0.018755206902161946
304.0,1.2665783729009872e-10,4.5106851026454414e-14,4.5106851026454433e-14,4.5106851026454433e-14,0,545.5243122823117,540.9525668997394,0.9916195387086498,0.01887143977198534,0.018871447702864617
305.0,1.2511171783528623e-10,4.510685102645433e-14,4.5106851026454433e-14,4.5106851026454433e-14,0,545.5243122823117,540.9530920848327,0.9916205014248506,0.018987687515060487,0.018987695494793844
306.0,1.2359382497153544e-10,4.510685102645446e-14,4.5106851026454433e-14,4.5106851026454433e-14,0,545.5243122823117,540.9536217801349,0.99162147240871,0.01910392845167764,0.019103936480262214
307.0,1.2210365240844585e-10,4.510685102645463e-14,4.5106851026454433e-14,4.5106851026454433e-14,0,545.5243122823117,540.9541669088026,0.9916224716834544,0.019220148638385098,0.01922015671581217
308.0,1.206407034691964e-10,4.5106851026454433e-14,4.5106851026454433e-14,4.5106851026454433e-14,0,545.5243122823117,540.9546919936856,0.9916234342159598,0.019336333991809986,0.01933634211806492
309.0,1.1920449088225766e-10,4.510685102645456e-14,4.5106851026454433e-14,4.5106851026454433e-14,0,545.5243122823117,540.9552269971075,0.9916244149301274,0.019452470294851636,0.01945247846991381
310.0,1.177945365785853e-10,4.510685102645424e-14,4.5106851026454433e-14,4.5106851026454433e-14,0,545.5243122823117,540.9557525523549,0.9916253783248571,0.019568543203091652,0.019568551426934436
311.0,1.1641037149334202e-10,4.5106851026454345e-14,4.5106851026454433e-14,4.5106851026454433e-14,0,545.5243122823117,540.9562796433999,0.9916263445348558,0.019684538251482718,0.01968454652407338
312.0,1.153210077077519e-10,4.510685102645441e-14,4.5106851026454433e-14,4.5106851026454433e-14,0,545.5243122823117,540.9567112187466,0.9916271356551358,0.019777293336913495,0.019777301648485256
313.0,1.1433775939810357e-10,4.510685102645436e-14,4.5106851026454433e-14,4.5106851026454433e-14,0,545.5243122823117,540.957106867254,0.9916278609179673,0.0198621487803917,0.019862157127624666
314.0,1.1339690488249692e-10,4.510685102645447e-14,4.5106851026454433e-14,4.5106851026454433e-14,0,545.5243122823117,540.9574813868927,0.9916285474494936,0.01994437673020059,0.019944385111990537
315.0,1.1253295404734604e-10,4.510685102645448e-14,4.5106851026454433e-14,4.5106851026454433e-14,0,545.5243122823117,540.9578343917692,0.9916291945423336,0.02002078997087775,0.02002079838478099
316.0,1.117036769624877e-10,4.5106851026454326e-14,4.5106851026454433e-14,4.5106851026454433e-14,0,545.5243122823117,540.9581746598317,0.9916298182873341,0.020094968736934626,0.02009497718201211
317.0,1.1089054667530974e-10,4.510685102645426e-14,4.5106851026454433e-14,4.5106851026454433e-14,0,545.5243122823117,540.9585043047166,0.9916304225589999,0.02016850964564764,0.020168518121631306
318.0,1.1009325521095701e-10,4.510685102645442e-14,4.5106851026454433e-14,4.5106851026454433e-14,0,545.5243122823117,540.958835491499,0.9916310296571164,0.020241407719542023,0.020241416226161706
319.0,1.0931150064668826e-10,4.510685102645438e-14,4.5106851026454433e-14,4.5106851026454433e-14,0,545.5243122823117,540.9591676030385,0.9916316384504038,0.02031365822388236,0.020313666760865916
320.0,1.0854498697950304e-10,4.510685102645427e-14,4.5106851026454433e-14,4.5106851026454433e-14,0,545.5243122823117,540.9595078099596,0.9916322620833262,0.020385256667867824,0.02038526523494122
321.0,1.0779342399759007e-10,4.510685102645442e-14,4.5106851026454433e-14,4.5106851026454433e-14,0,545.5243122823117,540.9598287999706,0.9916328504897525,0.020456198805548772,0.020456207402436193
322.0,1.0705652715429504e-10,4.5106851026454534e-14,4.5106851026454433e-14,4.5106851026454433e-14,0,545.5243122823117,540.9601506694763,0.9916334405083793,0.020526480636577873,0.020526489263001817
323.0,1.063340174453399e-10,4.510685102645429e-14,4.5106851026454433e-14,4.5106851026454433e-14,0,545.5243122823117,540.9604880722782,0.9916340590010739,0.020596098406722076,0.020596107062403467
324.0,1.0562562128899475e-10,4.510685102645434e-14,4.5106851026454433e-14,4.5106851026454433e-14,0,545.5243122823117,540.9608082039824,0.991634645834139,0.020665048608156725,0.02066505729281501
325.0,1.0493107040893256e-10,4.5106851026454314e-14,4.5106851026454433e-14,4.5106851026454433e-14,0,545.5243122823117,540.9611211634317,0.9916352195197516,0.020733327979562673,0.02073333669291593
326.0,1.0425010171991422e-10,4.510685102645448e-14,4.5106851026454433e-14,4.5106851026454433e-14,0,545.5243122823117,540.9614308275359,0.9916357871646708,0.020800933506007493,0.020800942247772538
327.0,1.0358245721636166e-10,4.5106851026454377e-14,4.5106851026454433e-14,4.5106851026454433e-14,0,545.5243122823117,540.961736277126,0.9916363470839691,0.020867862418599996,0.020867871188492468
328.0,1.0292788386321526e-10,4.510685102645445e-14,4.5106851026454433e-14,4.5106851026454433e-14,0,545.5243122823117,540.9620400772505,0.9916369039796339,0.020934112193973755,0.020934120991708247
329.0,1.023128259169901e-10,4.5106851026454497e-14,4.5106851026454433e-14,4.5106851026454433e-14,0,545.5243122823117,540.9623360368034,0.9916374465027556,0.02099694106801316,0.020996949892152006
330.0,1.0181670779312876e-10,4.510685102645438e-14,4.5106851026454433e-14,4.5106851026454433e-14,0,545.5243122823117,540.9625658918715,0.9916378678498209,0.02104803437322481,0.021048043218836042
331.0,1.013032708444438e-10,4.510685102645434e-14,4.5106851026454433e-14,4.5106851026454433e-14,0,545.5243122823117,540.9628084239162,0.9916383124350379,0.02110130599973947,0.021101314867738547
332.0,1.0080004821301814e-10,4.510685102645447e-14,4.5106851026454433e-14,4.5106851026454433e-14,0,545.5243122823117,540.9630578791334,0.9916387697111145,0.021153912298340034,0.021153921188447344
333.0,1.003067935758751e-10,4.510685102645449e-14,4.5106851026454433e-14,4.5106851026454433e-14,0,545.5243122823117,540.9632950383315,0.9916392044473723,0.021205860271581757,0.02120586918352064
334.0,9.982332161317845e-11,4.510685102645448e-14,4.5106851026454433e-14,4.5106851026454433e-14,0,545.5243122823117,540.9635298358353,0.9916396348544111,0.021257151166546914,0.021257160100041216
335.0,9.934944470526471e-11,4.5106851026454497e-14,4.5106851026454433e-14,4.5106851026454433e-14,0,545.5243122823117,540.9637614554802,0.9916400594361201,0.02130778702961135,0.02130779598438579
336.0,9.911233283657348e-11,4.5106851026454446e-14,4.5106851026454433e-14,4.5106851026454433e-14,0,545.5243122823117,540.9638789548616,0.9916402748241033,0.021333259697461308,0.02133326866294085
337.0,9.893839164187775e-11,4.510685102645437e-14,4.5106851026454433e-14,4.5106851026454433e-14,0,545.5243122823117,540.9639656262549,0.9916404337013365,0.021352004206603336,0.021352013179960418
338.0,9.876799446588451e-11,4.510685102645438e-14,4.5106851026454433e-14,4.5106851026454433e-14,0,545.5243122823117,540.9640502005892,0.991640588734453,0.021370414792736374,0.02137042377383066
339.0,9.860107136691486e-11,4.510685102645444e-14,4.5106851026454433e-14,4.5106851026454433e-14,0,545.5243122823117,540.9641293519253,0.9916407338266777,0.02138849627675842,0.021388505265451593
340.0,9.843755376027804e-11,4.510685102645444e-14,4.5106851026454433e-14,4.5106851026454433e-14,0,545.5243122823117,540.9642096909771,0.9916408810961027,0.0214062534455661,0.021406262441721877
341.0,9.827737439036759e-11,4.5106851026454553e-14,4.5106851026454433e-14,4.5106851026454433e-14,0,545.5243122823117,540.9642910689657,0.9916410302700017,0.02142369105115219,0.02142370005463626
342.0,9.817586488842515e-11,4.510685102645456e-14,4.5106851026454433e-14,4.5106851026454433e-14,0,545.5243122823117,540.9643388516812,0.9916411178604434,0.021434763764202606,0.02143477277234008
343.0,9.816359723041265e-11,4.51068510264545e-14,4.5106851026454433e-14,4.5106851026454433e-14,0,545.5243122823117,540.9643448430656,0.9916411288432434,0.02143610309030676,0.021436112099007098
344.0,9.815158187021132e-11,4.5106851026454446e-14,4.5106851026454433e-14,4.5106851026454433e-14,0,545.5243122823117,540.9643537818997,0.99164114522901,0.021437415115100715,0.021437424124352438
345.0,9.813981383528336e-11,4.5106851026454673e-14,4.5106851026454433e-14,4.5106851026454433e-14,0,545.5243122823117,540.9643595140038,0.9916411557365237,0.021438700366609584,0.021438709376401445
346.0,9.814167142768615e-11,4.510685102645459e-14,4.5106851026454433e-14,4.5106851026454433e-14,0,545.5243122823117,540.9643585756032,0.9916411540163426,0.021438497473410423,0.021438506483117018
347.0,9.814166687202962e-11,4.5106851026454377e-14,4.5106851026454433e-14,4.5106851026454433e-14,0,545.5243122823117,540.9643585756032,0.9916411540163426,0.021438497970989245,0.021438506980696048
348.0,9.814166241204531e-11,4.5106851026454566e-14,4.5106851026454433e-14,4.5106851026454433e-14,0,545.5243122823117,540.9643585875242,0.9916411540381949,0.02143849845811857,0.021438507467825576
349.0,9.814165804582721e-11,4.510685102645448e-14,4.5106851026454433e-14,4.5106851026454433e-14,0,545.5243122823117,540.9643585875242,0.9916411540381949,0.021438498935006572,0.021438507944713782
350.0,9.814165377150355e-11,4.5106851026454396e-14,4.5106851026454433e-14,4.5106851026454433e-14,0,545.5243122823117,540.9643585875242,0.9916411540381949,0.021438499401857693,0.0214385084115651
351.0,9.81416524486502e-11,4.510685102645445e-14,4.5106851026454433e-14,4.5106851026454433e-14,0,545.5243122823117,540.9643585875242,0.9916411540381949,0.021438499546342683,0.021438508556050145
352.0,9.81416524486502e-11,4.510685102645445e-14,4.5106851026454433e-14,4.5106851026454433e-14,0,545.5243122823117,540.9643585875242,0.9916411540381949,0.021438499546342683,0.021438508556050145
353.0,9.81416524486502e-11,4.510685102645445e-14,4.5106851026454433e-14,4.5106851026454433e-14,0,545.5243122823117,540.9643585875242,0.9916411540381949,0.021438499546342683,0.021438508556050145
354.0,9.81416524486502e-11,4.510685102645445e-14,4.5106851026454433e-14,4.5106851026454433e-14,0,545.5243122823117,540.9643585875242,0.9916411540381949,0.021438499546342683,0.021438508556050145
355.0,9.81416524486502e-11,4.510685102645445e-14,4.5106851026454433e-14,4.5106851026454433e-14,0,545.5243122823117,540.9643585875242,0.9916411540381949,0.021438499546342683,0.021438508556050145
356.0,9.81416524486502e-11,4.510685102645445e-14,4.5106851026454433e-14,4.5106851026454433e-14,0,545.5243122823117,540.9643585875242,0.9916411540381949,0.021438499546342683,0.021438508556050145
357.0,9.81416524486502e-11,4.510685102645445e-14,4.5106851026454433e-14,4.5106851026454433e-14,0,545.5243122823117,540.9643585875242,0.9916411540381949,0.021438499546342683,0.021438508556050145
358.0,9.81416524486502e-11,4.510685102645445e-14,4.5106851026454433e-14,4.5106851026454433e-14,0,545.5243122823117,540.9643585875242,0.9916411540381949,0.021438499546342683,0.021438508556050145
359.0,1.1258707589307668e-10,4.510685102645461e-14,4.5106851026454433e-14,4.5106851026454433e-14,0,545.5243122823117,540.957811327007,0.991629152262344,0.020015977285456364,0.02001598569733704
360.0,1.1258707589307668e-10,4.510685102645461e-14,4.5106851026454433e-14,4.5106851026454433e-14,0,545.5243122823117,540.957811327007,0.991629152262344,0.020015977285456364,0.02001598569733704
361.0,1.1258707589307668e-10,4.510685102645461e-14,4.5106851026454433e-14,4.5106851026454433e-14,0,545.5243122823117,540.957811327007,0.991629152262344,0.020015977285456364,0.02001598569733704
362.0,1.1258707589307668e-10,4.510685102645461e-14,4.5106851026454433e-14,4.5106851026454433e-14,0,545.5243122823117,540.957811327007,0.991629152262344,0.020015977285456364,0.02001598569733704
363.0,1.1258707589307668e-10,4.510685102645461e-14,4.5106851026454433e-14,4.5106851026454433e-14,0,545.5243122823117,540.957811327007,0.991629152262344,0.020015977285456364,0.02001598569733704
364.0,1.1258707589307668e-10,4.510685102645461e-14,4.5106851026454433e-14,4.5106851026454433e-14,0,545.5243122823117,540.957811327007,0.991629152262344,0.020015977285456364,0.02001598569733704
365.0,1.2263547001122216e-10,4.5106851026454364e-14,4.5106851026454433e-14,4.5106851026454433e-14,0,545.5243122823117,540.9539721903933,0.9916221147453586,0.019178428575020397,0.019178436634914267
366.0,1.2263547001122216e-10,4.5106851026454364e-14,4.5106851026454433e-14,4.5106851026454433e-14,0,545.5243122823117,540.9539721903933,0.9916221147453586,0.019178428575020397,0.019178436634914267
367.0,1.2263547001122216e-10,4.5106851026454364e-14,4.5106851026454433e-14,4.5106851026454433e-14,0,545.5243122823117,540.9539721903933,0.9916221147453586,0.019178428575020397,0.019178436634914267
368.0,1.2263547001122216e-10,4.5106851026454364e-14,4.5106851026454433e-14,4.5106851026454433e-14,0,545.5243122823117,540.9539721903933,0.9916221147453586,0.019178428575020397,0.019178436634914267
369.0,1.2263547001122216e-10,4.5106851026454364e-14,4.5106851026454433e-14,4.5106851026454433e-14,0,545.5243122823117,540.9539721903933,0.9916221147453586,0.019178428575020397,0.019178436634914267
370.0,1.3608188982832345e-10,4.510685102645436e-14,4.5106851026454433e-14,4.5106851026454433e-14,0,545.5243122823117,540.9495105621016,0.991613936139582,0.018206266831073663,0.01820627448240849
371.0,1.3608188982832345e-10,4.510685102645436e-14,4.5106851026454433e-14,4.5106851026454433e-14,0,545.5243122823117,540.9495105621016,0.991613936139582,0.018206266831073663,0.01820627448240849
372.0,1.3608188982832345e-10,4.510685102645436e-14,4.5106851026454433e-14,4.5106851026454433e-14,0,545.5243122823117,540.9495105621016,0.991613936139582,0.018206266831073663,0.01820627448240849
373.0,1.3608188982832345e-10,4.510685102645436e-14,4.5106851026454433e-14,4.5106851026454433e-14,0,545.5243122823117,540.9495105621016,0.991613936139582,0.018206266831073663,0.01820627448240849
374.0,1.3608188982832345e-10,4.510685102645436e-14,4.5106851026454433e-14,4.5106851026454433e-14,0,545.5243122823117,540.9495105621016,0.991613936139582,0.018206266831073663,0.01820627448240849
375.0,1.697367344146339e-10,4.5106851026454497e-14,4.5106851026454433e-14,4.5106851026454433e-14,0,545.5243122823117,540.9407748712769,0.9915979227546089,0.016301709444308837,0.016301716295237606
376.0,1.697367344146339e-10,4.5106851026454497e-14,4.5106851026454433e-14,4.5106851026454433e-14,0,545.5243122823117,540.9407748712769,0.9915979227546089,0.016301709444308837,0.016301716295237606
377.0,1.697367344146339e-10,4.5106851026454497e-14,4.5106851026454433e-14,4.5106851026454433e-14,0,545.5243122823117,540.9407748712769,0.9915979227546089,0.016301709444308837,0.016301716295237606
378.0,1.697367344146339e-10,4.5106851026454497e-14,4.5106851026454433e-14,4.5106851026454433e-14,0,545.5243122823117,540.9407748712769,0.9915979227546089,0.016301709444308837,0.016301716295237606
379.0,1.74267187306929e-10,4.510685102645447e-14,4.5106851026454433e-14,4.5106851026454433e-14,0,545.5243122823117,540.9397996760981,0.9915961351254294,0.01608841493399567,0.016088421695285647
380.0,1.74267187306929e-10,4.510685102645447e-14,4.5106851026454433e-14,4.5106851026454433e-14,0,545.5243122823117,540.9397996760981,0.9915961351254294,0.01608841493399567,0.016088421695285647
381.0,1.74267187306929e-10,4.510685102645447e-14,4.5106851026454433e-14,4.5106851026454433e-14,0,545.5243122823117,540.9397996760981,0.9915961351254294,0.01608841493399567,0.016088421695285647
382.0,1.8533868814021892e-10,4.510685102645438e-14,4.5106851026454433e-14,4.5106851026454433e-14,0,545.5243122823117,540.9375499497244,0.9915920111545575,0.015600482371028613,0.015600488927260882
383.0,1.853391014065978e-10,4.510685102645438e-14,4.5106851026454433e-14,4.5106851026454433e-14,0,545.5243122823117,540.9375498096535,0.9915920108977939,0.015600464978156836,0.015600471534381793
384.0,1.853391014065978e-10,4.510685102645438e-14,4.5106851026454433e-14,4.5106851026454433e-14,0,545.5243122823117,540.9375498096535,0.9915920108977939,0.015600464978156836,0.015600471534381793
385.0,1.853391014065978e-10,4.510685102645438e-14,4.5106851026454433e-14,4.5106851026454433e-14,0,545.5243122823117,540.9375498096535,0.9915920108977939,0.015600464978156836,0.015600471534381793
386.0,1.853391014065978e-10,4.510685102645438e-14,4.5106851026454433e-14,4.5106851026454433e-14,0,545.5243122823117,540.9375498096535,0.9915920108977939,0.015600464978156836,0.015600471534381793
387.0,1.853391014065978e-10,4.510685102645438e-14,4.5106851026454433e-14,4.5106851026454433e-14,0,545.5243122823117,540.9375498096535,0.9915920108977939,0.015600464978156836,0.015600471534381793
388.0,1.853391014065978e-10,4.510685102645438e-14,4.5106851026454433e-14,4.5106851026454433e-14,0,545.5243122823117,540.9375498096535,0.9915920108977939,0.015600464978156836,0.015600471534381793
389.0,1.853391014065978e-10,4.510685102645438e-14,4.5106851026454433e-14,4.5106851026454433e-14,0,545.5243122823117,540.9375498096535,0.9915920108977939,0.015600464978156836,0.015600471534381793
390.0,1.853391014065978e-10,4.510685102645438e-14,4.5106851026454433e-14,4.5106851026454433e-14,0,545.5243122823117,540.9375498096535,0.9915920108977939,0.015600464978156836,0.015600471534381793
391.0,1.853391014065978e-10,4.510685102645438e-14,4.5106851026454433e-14,4.5106851026454433e-14,0,545.5243122823117,540.9375498096535,0.9915920108977939,0.015600464978156836,0.015600471534381793
392.0,1.853391014065978e-10,4.510685102645438e-14,4.5106851026454433e-14,4.5106851026454433e-14,0,545.5243122823117,540.9375498096535,0.9915920108977939,0.015600464978156836,0.015600471534381793
393.0,2.2413539507110649e-10,4.510685102645449e-14,4.5106851026454433e-14,4.5106851026454433e-14,0,545.5243122823117,540.9310549429316,0.9915801051649499,0.01418619244083245,0.01418619840269763
394.0,2.3593070821449026e-10,4.510685102645439e-14,4.5106851026454433e-14,4.5106851026454433e-14,0,545.5243122823117,540.9294279267244,0.9915771226833803,0.013827027726869385,0.013827033537792612
395.0,2.459776615024869e-10,4.51068510264545e-14,4.5106851026454433e-14,4.5106851026454433e-14,0,545.5243122823117,540.9281192328478,0.9915747237181148,0.013541701462905072,0.013541707153917566
396.0,2.459776615024869e-10,4.51068510264545e-14,4.5106851026454433e-14,4.5106851026454433e-14,0,545.5243122823117,540.9281192328478,0.9915747237181148,0.013541701462905072,0.013541707153917566
397.0,2.459776615024869e-10,4.51068510264545e-14,4.5106851026454433e-14,4.5106851026454433e-14,0,545.5243122823117,540.9281192328478,0.9915747237181148,0.013541701462905072,0.013541707153917566
398.0,2.459776615024869e-10,4.51068510264545e-14,4.5106851026454433e-14,4.5106851026454433e-14,0,545.5243122823117,540.9281192328478,0.9915747237181148,0.013541701462905072,0.013541707153917566
399.0,2.459776615024869e-10,4.51068510264545e-14,4.5106851026454433e-14,4.5106851026454433e-14,0,545.5243122823117,540.9281192328478,0.9915747237181148,0.013541701462905072,0.013541707153917566
400.0,2.459776615024869e-10,4.51068510264545e-14,4.5106851026454433e-14,4.5106851026454433e-14,0,545.5243122823117,540.9281192328478,0.9915747237181148,0.013541701462905072,0.013541707153917566
401.0,2.459776615024869e-10,4.51068510264545e-14,4.5106851026454433e-14,4.5106851026454433e-14,0,545.5243122823117,540.9281192328478,0.9915747237181148,0.013541701462905072,0.013541707153917566
402.0,2.459776615024869e-10,4.51068510264545e-14,4.5106851026454433e-14,4.5106851026454433e-14,0,545.5243122823117,540.9281192328478,0.9915747237181148,0.013541701462905072,0.013541707153917566
403.0,2.459776615024869e-10,4.51068510264545e-14,4.5106851026454433e-14,4.5106851026454433e-14,0,545.5243122823117,540.9281192328478,0.9915747237181148,0.013541701462905072,0.013541707153917566
404.0,2.459776615024869e-10,4.51068510264545e-14,4.5106851026454433e-14,4.5106851026454433e-14,0,545.5243122823117,540.9281192328478,0.9915747237181148,0.013541701462905072,0.013541707153917566
405.0,2.459776615024869e-10,4.51068510264545e-14,4.5106851026454433e-14,4.5106851026454433e-14,0,545.5243122823117,540.9281192328478,0.9915747237181148,0.013541701462905072,0.013541707153917566
406.0,2.4940273485331464e-10,4.510685102645451e-14,4.5106851026454433e-14,4.5106851026454433e-14,0,545.5243122823117,540.9276885166928,0.991573934172818,0.013448395221501376,0.013448400873301146
407.0,2.5888937589130275e-10,4.510685102645448e-14,4.5106851026454433e-14,4.5106851026454433e-14,0,545.5243122823117,540.9265615218017,0.9915718682797574,0.01319969678938995,0.013199702336672139
408.0,2.5888937589130275e-10,4.510685102645448e-14,4.5106851026454433e-14,4.5106851026454433e-14,0,545.5243122823117,540.9265615218017,0.9915718682797574,0.01319969678938995,0.013199702336672139
409.0,2.588940416425064e-10,4.510685102645433e-14,4.5106851026454433e-14,4.5106851026454433e-14,0,545.5243122823117,540.9265611202154,0.9915718675436102,0.013199577847334987,0.013199583394567189
410.0,2.588940416425064e-10,4.510685102645433e-14,4.5106851026454433e-14,4.5106851026454433e-14,0,545.5243122823117,540.9265611202154,0.9915718675436102,0.013199577847334987,0.013199583394567189
411.0,2.588940416425064e-10,4.510685102645433e-14,4.5106851026454433e-14,4.5106851026454433e-14,0,545.5243122823117,540.9265611202154,0.9915718675436102,0.013199577847334987,0.013199583394567189
412.0,2.9262711916628434e-10,4.510685102645447e-14,4.5106851026454433e-14,4.5106851026454433e-14,0,545.5243122823117,540.922966070769,0.991565277462535,0.012415487685547403,0.012415492903259204
413.0,2.9262711916628434e-10,4.510685102645447e-14,4.5106851026454433e-14,4.5106851026454433e-14,0,545.5243122823117,540.922966070769,0.991565277462535,0.012415487685547403,0.012415492903259204
414.0,2.9262711916628434e-10,4.510685102645447e-14,4.5106851026454433e-14,4.5106851026454433e-14,0,545.5243122823117,540.922966070769,0.991565277462535,0.012415487685547403,0.012415492903259204
415.0,2.9262711916628434e-10,4.510685102645447e-14,4.5106851026454433e-14,4.5106851026454433e-14,0,545.5243122823117,540.922966070769,0.991565277462535,0.012415487685547403,0.012415492903259204
416.0,2.9262711916628434e-10,4.510685102645447e-14,4.5106851026454433e-14,4.5106851026454433e-14,0,545.5243122823117,540.922966070769,0.991565277462535,0.012415487685547403,0.012415492903259204
417.0,2.9262711916628434e-10,4.510685102645447e-14,4.5106851026454433e-14,4.5106851026454433e-14,0,545.5243122823117,540.922966070769,0.991565277462535,0.012415487685547403,0.012415492903259204
418.0,3.0902739164811707e-10,4.510685102645459e-14,4.5106851026454433e-14,4.5106851026454433e-14,0,545.5243122823117,540.9214309711639,0.9915624634731847,0.012081547933182786,0.012081553010553633
419.0,3.0902739164811707e-10,4.510685102645459e-14,4.5106851026454433e-14,4.5106851026454433e-14,0,545.5243122823117,540.9214309711639,0.9915624634731847,0.012081547933182786,0.012081553010553633
420.0,3.0902739164811707e-10,4.510685102645459e-14,4.5106851026454433e-14,4.5106851026454433e-14,0,545.5243122823117,540.9214309711639,0.9915624634731847,0.012081547933182786,0.012081553010553633
421.0,3.0902739164811707e-10,4.510685102645459e-14,4.5106851026454433e-14,4.5106851026454433e-14,0,545.5243122823117,540.9214309711639,0.9915624634731847,0.012081547933182786,0.012081553010553633
422.0,3.10350685230671e-10,4.510685102645439e-14,4.5106851026454433e-14,4.5106851026454433e-14,0,545.5243122823117,540.9213171702509,0.9915622548648597,0.012055763370578928,0.012055768437113597
423.0,3.10350685230671e-10,4.510685102645439e-14,4.5106851026454433e-14,4.5106851026454433e-14,0,545.5243122823117,540.9213171702509,0.9915622548648597,0.012055763370578928,0.012055768437113597
424.0,3.10350685230671e-10,4.510685102645439e-14,4.5106851026454433e-14,4.5106851026454433e-14,0,545.5243122823117,540.9213171702509,0.9915622548648597,0.012055763370578928,0.012055768437113597
425.0,3.10350685230671e-10,4.510685102645439e-14,4.5106851026454433e-14,4.5106851026454433e-14,0,545.5243122823117,540.9213171702509,0.9915622548648597,0.012055763370578928,0.012055768437113597
426.0,3.10350685230671e-10,4.510685102645439e-14,4.5106851026454433e-14,4.5106851026454433e-14,0,545.5243122823117,540.9213171702509,0.9915622548648597,0.012055763370578928,0.012055768437113597
427.0,3.103511550703758e-10,4.5106851026454377e-14,4.5106851026454433e-14,4.5106851026454433e-14,0,545.5243122823117,540.9213171702507,0.9915622548648595,0.012055754244983043,0.012055759311513878
428.0,3.103511550703758e-10,4.5106851026454377e-14,4.5106851026454433e-14,4.5106851026454433e-14,0,545.5243122823117,540.9213171702507,0.9915622548648595,0.012055754244983043,0.012055759311513878
429.0,3.103511550703758e-10,4.5106851026454377e-14,4.5106851026454433e-14,4.5106851026454433e-14,0,545.5243122823117,540.9213171702507,0.9915622548648595,0.012055754244983043,0.012055759311513878
430.0,3.103511550703758e-10,4.5106851026454377e-14,4.5106851026454433e-14,4.5106851026454433e-14,0,545.5243122823117,540.9213171702507,0.9915622548648595,0.012055754244983043,0.012055759311513878
431.0,3.103511550703758e-10,4.5106851026454377e-14,4.5106851026454433e-14,4.5106851026454433e-14,0,545.5243122823117,540.9213171702507,0.9915622548648595,0.012055754244983043,0.012055759311513878
432.0,3.103511550703758e-10,4.5106851026454377e-14,4.5106851026454433e-14,4.5106851026454433e-14,0,545.5243122823117,540.9213171702507,0.9915622548648595,0.012055754244983043,0.012055759311513878
433.0,3.103511550703758e-10,4.5106851026454377e-14,4.5106851026454433e-14,4.5106851026454433e-14,0,545.5243122823117,540.9213171702507,0.9915622548648595,0.012055754244983043,0.012055759311513878
434.0,3.103511550703758e-10,4.5106851026454377e-14,4.5106851026454433e-14,4.5106851026454433e-14,0,545.5243122823117,540.9213171702507,0.9915622548648595,0.012055754244983043,0.012055759311513878
435.0,3.103511550703758e-10,4.5106851026454377e-14,4.5106851026454433e-14,4.5106851026454433e-14,0,545.5243122823117,540.9213171702507,0.9915622548648595,0.012055754244983043,0.012055759311513878
436.0,3.103511550703758e-10,4.5106851026454377e-14,4.5106851026454433e-14,4.5106851026454433e-14,0,545.5243122823117,540.9213171702507,0.9915622548648595,0.012055754244983043,0.012055759311513878
437.0,3.103511550703758e-10,4.5106851026454377e-14,4.5106851026454433e-14,4.5106851026454433e-14,0,545.5243122823117,540.9213171702507,0.9915622548648595,0.012055754244983043,0.012055759311513878
438.0,3.103511550703758e-10,4.5106851026454377e-14,4.5106851026454433e-14,4.5106851026454433e-14,0,545.5243122823117,540.9213171702507,0.9915622548648595,0.012055754244983043,0.012055759311513878
439.0,3.103511550703758e-10,4.5106851026454377e-14,4.5106851026454433e-14,4.5106851026454433e-14,0,545.5243122823117,540.9213171702507,0.9915622548648595,0.012055754244983043,0.012055759311513878
440.0,3.103511550703758e-10,4.5106851026454377e-14,4.5106851026454433e-14,4.5106851026454433e-14,0,545.5243122823117,540.9213171702507,0.9915622548648595,0.012055754244983043,0.012055759311513878
441.0,3.103511550703758e-10,4.5106851026454377e-14,4.5106851026454433e-14,4.5106851026454433e-14,0,545.5243122823117,540.9213171702507,0.9915622548648595,0.012055754244983043,0.012055759311513878
442.0,3.103511550703758e-10,4.5106851026454377e-14,4.5106851026454433e-14,4.5106851026454433e-14,0,545.5243122823117,540.9213171702507,0.9915622548648595,0.012055754244983043,0.012055759311513878
443.0,3.103511550703758e-10,4.5106851026454377e-14,4.5106851026454433e-14,4.5106851026454433e-14,0,545.5243122823117,540.9213171702507,0.9915622548648595,0.012055754244983043,0.012055759311513878
444.0,3.103511550703758e-10,4.5106851026454377e-14,4.5106851026454433e-14,4.5106851026454433e-14,0,545.5243122823117,540.9213171702507,0.9915622548648595,0.012055754244983043,0.012055759311513878
445.0,3.103511550703758e-10,4.5106851026454377e-14,4.5106851026454433e-14,4.5106851026454433e-14,0,545.5243122823117,540.9213171702507,0.9915622548648595,0.012055754244983043,0.012055759311513878
446.0,3.103511550703758e-10,4.5106851026454377e-14,4.5106851026454433e-14,4.5106851026454433e-14,0,545.5243122823117,540.9213171702507,0.9915622548648595,0.012055754244983043,0.012055759311513878
447.0,3.103511550703758e-10,4.5106851026454377e-14,4.5106851026454433e-14,4.5106851026454433e-14,0,545.5243122823117,540.9213171702507,0.9915622548648595,0.012055754244983043,0.012055759311513878
448.0,3.103511550703758e-10,4.5106851026454377e-14,4.5106851026454433e-14,4.5106851026454433e-14,0,545.5243122823117,540.9213171702507,0.9915622548648595,0.012055754244983043,0.012055759311513878
449.0,2.959057316259493e-10,4.510685102645464e-14,4.5106851026454433e-14,4.5106851026454433e-14,0,545.5243122823117,540.9226379253134,0.9915646759394714,0.012346514781494105,0.012346519970219471
450.0,2.959057316259493e-10,4.510685102645464e-14,4.5106851026454433e-14,4.5106851026454433e-14,0,545.5243122823117,540.9226379253134,0.9915646759394714,0.012346514781494105,0.012346519970219471
451.0,2.959057316259493e-10,4.510685102645464e-14,4.5106851026454433e-14,4.5106851026454433e-14,0,545.5243122823117,540.9226379253134,0.9915646759394714,0.012346514781494105,0.012346519970219471
452.0,2.959057316259493e-10,4.510685102645464e-14,4.5106851026454433e-14,4.5106851026454433e-14,0,545.5243122823117,540.9226379253134,0.9915646759394714,0.012346514781494105,0.012346519970219471
453.0,2.959057316259493e-10,4.510685102645464e-14,4.5106851026454433e-14,4.5106851026454433e-14,0,545.5243122823117,540.9226379253134,0.9915646759394714,0.012346514781494105,0.012346519970219471
454.0,2.959057316259493e-10,4.510685102645464e-14,4.5106851026454433e-14,4.5106851026454433e-14,0,545.5243122823117,540.9226379253134,0.9915646759394714,0.012346514781494105,0.012346519970219471
455.0,2.8585733750780384e-10,4.510685102645456e-14,4.5106851026454433e-14,4.5106851026454433e-14,0,545.5243122823117,540.9236294523511,0.991566493506563,0.012561641570257685,0.012561646849391867
456.0,2.8585733750780384e-10,4.510685102645456e-14,4.5106851026454433e-14,4.5106851026454433e-14,0,545.5243122823117,540.9236294523511,0.991566493506563,0.012561641570257685,0.012561646849391867
457.0,2.8585733750780384e-10,4.510685102645456e-14,4.5106851026454433e-14,4.5106851026454433e-14,0,545.5243122823117,540.9236294523511,0.991566493506563,0.012561641570257685,0.012561646849391867
458.0,2.8585733750780384e-10,4.510685102645456e-14,4.5106851026454433e-14,4.5106851026454433e-14,0,545.5243122823117,540.9236294523511,0.991566493506563,0.012561641570257685,0.012561646849391867
459.0,2.7241091769070256e-10,4.5106851026454364e-14,4.5106851026454433e-14,4.5106851026454433e-14,0,545.5243122823117,540.9250219041646,0.9915690460084079,0.012867933705190588,0.012867939113046584
460.0,2.7241091769070256e-10,4.5106851026454364e-14,4.5106851026454433e-14,4.5106851026454433e-14,0,545.5243122823117,540.9250219041646,0.9915690460084079,0.012867933705190588,0.012867939113046584
461.0,2.7241091769070256e-10,4.5106851026454364e-14,4.5106851026454433e-14,4.5106851026454433e-14,0,545.5243122823117,540.9250219041646,0.9915690460084079,0.012867933705190588,0.012867939113046584
462.0,2.7241091769070256e-10,4.5106851026454364e-14,4.5106851026454433e-14,4.5106851026454433e-14,0,545.5243122823117,540.9250219041646,0.9915690460084079,0.012867933705190588,0.012867939113046584
463.0,2.7241091769070256e-10,4.5106851026454364e-14,4.5106851026454433e-14,4.5106851026454433e-14,0,545.5243122823117,540.9250219041646,0.9915690460084079,0.012867933705190588,0.012867939113046584
464.0,2.7241091769070256e-10,4.5106851026454364e-14,4.5106851026454433e-14,4.5106851026454433e-14,0,545.5243122823117,540.9250219041646,0.9915690460084079,0.012867933705190588,0.012867939113046584
465.0,2.7241091769070256e-10,4.5106851026454364e-14,4.5106851026454433e-14,4.5106851026454433e-14,0,545.5243122823117,540.9250219041646,0.9915690460084079,0.012867933705190588,0.012867939113046584
466.0,2.3875607310439207e-10,4.510685102645444e-14,4.5106851026454433e-14,4.5106851026454433e-14,0,545.5243122823117,540.9290570376139,0.9915764428069711,0.013744971882186282,0.013744977658624858
467.0,2.3875607310439207e-10,4.510685102645444e-14,4.5106851026454433e-14,4.5106851026454433e-14,0,545.5243122823117,540.9290570376139,0.9915764428069711,0.013744971882186282,0.013744977658624858
468.0,2.3875607310439207e-10,4.510685102645444e-14,4.5106851026454433e-14,4.5106851026454433e-14,0,545.5243122823117,540.9290570376139,0.9915764428069711,0.013744971882186282,0.013744977658624858
469.0,2.3875607310439207e-10,4.510685102645444e-14,4.5106851026454433e-14,4.5106851026454433e-14,0,545.5243122823117,540.9290570376139,0.9915764428069711,0.013744971882186282,0.013744977658624858
470.0,2.34225620212097e-10,4.5106851026454377e-14,4.5106851026454433e-14,4.5106851026454433e-14,0,545.5243122823117,540.9296567601316,0.9915775421576402,0.013877264647029736,0.013877270479065442
471.0,2.34225620212097e-10,4.5106851026454377e-14,4.5106851026454433e-14,4.5106851026454433e-14,0,545.5243122823117,540.9296567601316,0.9915775421576402,0.013877264647029736,0.013877270479065442
472.0,2.34225620212097e-10,4.5106851026454377e-14,4.5106851026454433e-14,4.5106851026454433e-14,0,545.5243122823117,540.9296567601316,0.9915775421576402,0.013877264647029736,0.013877270479065442
473.0,2.2315411937880706e-10,4.510685102645452e-14,4.5106851026454433e-14,4.5106851026454433e-14,0,545.5243122823117,540.9311924501952,0.9915803572293593,0.014217348702195967,0.014217354677154823
474.0,2.231537061124282e-10,4.5106851026454515e-14,4.5106851026454433e-14,4.5106851026454433e-14,0,545.5243122823117,540.9311925366219,0.9915803573877879,0.014217361866999722,0.014217367841964108
475.0,2.231537061124282e-10,4.5106851026454515e-14,4.5106851026454433e-14,4.5106851026454433e-14,0,545.5243122823117,540.9311925366219,0.9915803573877879,0.014217361866999722,0.014217367841964108
476.0,2.231537061124282e-10,4.5106851026454515e-14,4.5106851026454433e-14,4.5106851026454433e-14,0,545.5243122823117,540.9311925366219,0.9915803573877879,0.014217361866999722,0.014217367841964108
477.0,2.231537061124282e-10,4.5106851026454515e-14,4.5106851026454433e-14,4.5106851026454433e-14,0,545.5243122823117,540.9311925366219,0.9915803573877879,0.014217361866999722,0.014217367841964108
478.0,2.231537061124282e-10,4.5106851026454515e-14,4.5106851026454433e-14,4.5106851026454433e-14,0,545.5243122823117,540.9311925366219,0.9915803573877879,0.014217361866999722,0.014217367841964108
479.0,2.231537061124282e-10,4.5106851026454515e-14,4.5106851026454433e-14,4.5106851026454433e-14,0,545.5243122823117,540.9311925366219,0.9915803573877879,0.014217361866999722,0.014217367841964108
480.0,2.231537061124282e-10,4.5106851026454515e-14,4.5106851026454433e-14,4.5106851026454433e-14,0,545.5243122823117,540.9311925366219,0.9915803573877879,0.014217361866999722,0.014217367841964108
481.0,2.231537061124282e-10,4.5106851026454515e-14,4.5106851026454433e-14,4.5106851026454433e-14,0,545.5243122823117,540.9311925366219,0.9915803573877879,0.014217361866999722,0.014217367841964108
482.0,2.231537061124282e-10,4.5106851026454515e-14,4.5106851026454433e-14,4.5106851026454433e-14,0,545.5243122823117,540.9311925366219,0.9915803573877879,0.014217361866999722,0.014217367841964108
483.0,2.231537061124282e-10,4.5106851026454515e-14,4.5106851026454433e-14,4.5106851026454433e-14,0,545.5243122823117,540.9311925366219,0.9915803573877879,0.014217361866999722,0.014217367841964108
484.0,2.231537061124282e-10,4.5106851026454515e-14,4.5106851026454433e-14,4.5106851026454433e-14,0,545.5243122823117,540.9311925366219,0.9915803573877879,0.014217361866999722,0.014217367841964108
485.0,2.231537061124282e-10,4.5106851026454515e-14,4.5106851026454433e-14,4.5106851026454433e-14,0,545.5243122823117,540.9311925366219,0.9915803573877879,0.014217361866999722,0.014217367841964108
486.0,2.231537061124282e-10,4.5106851026454515e-14,4.5106851026454433e-14,4.5106851026454433e-14,0,545.5243122823117,540.9311925366219,0.9915803573877879,0.014217361866999722,0.014217367841964108
487.0,2.231537061124282e-10,4.5106851026454515e-14,4.5106851026454433e-14,4.5106851026454433e-14,0,545.5243122823117,540.9311925366219,0.9915803573877879,0.014217361866999722,0.014217367841964108
488.0,2.231537061124282e-10,4.5106851026454515e-14,4.5106851026454433e-14,4.5106851026454433e-14,0,545.5243122823117,540.9311925366219,0.9915803573877879,0.014217361866999722,0.014217367841964108
489.0,1.843574124479195e-10,4.5106851026454433e-14,4.5106851026454433e-14,4.5106851026454433e-14,0,545.5243122823117,540.9377393272782,0.9915923583023374,0.015641945465923388,0.015641952039580864
490.0,1.7256209930453572e-10,4.5106851026454515e-14,4.5106851026454433e-14,4.5106851026454433e-14,0,545.5243122823117,540.9401617944317,0.9915967989241372,0.016167704452817802,0.016167711247429863
491.0,1.7256209930453572e-10,4.5106851026454515e-14,4.5106851026454433e-14,4.5106851026454433e-14,0,545.5243122823117,540.9401617944317,0.9915967989241372,0.016167704452817802,0.016167711247429863
492.0,1.6251514601653912e-10,4.5106851026454414e-14,4.5106851026454433e-14,4.5106851026454433e-14,0,545.5243122823117,540.9424056650216,0.9916009121607784,0.01665996743675451,0.01665997443824417
493.0,1.6251514601653912e-10,4.5106851026454414e-14,4.5106851026454433e-14,4.5106851026454433e-14,0,545.5243122823117,540.9424056650216,0.9916009121607784,0.01665996743675451,0.01665997443824417
494.0,1.6251514601653912e-10,4.5106851026454414e-14,4.5106851026454433e-14,4.5106851026454433e-14,0,545.5243122823117,540.9424056650216,0.9916009121607784,0.01665996743675451,0.01665997443824417
495.0,1.6251514601653912e-10,4.5106851026454414e-14,4.5106851026454433e-14,4.5106851026454433e-14,0,545.5243122823117,540.9424056650216,0.9916009121607784,0.01665996743675451,0.01665997443824417
496.0,1.6251514601653912e-10,4.5106851026454414e-14,4.5106851026454433e-14,4.5106851026454433e-14,0,545.5243122823117,540.9424056650216,0.9916009121607784,0.01665996743675451,0.01665997443824417
497.0,1.6251514601653912e-10,4.5106851026454414e-14,4.5106851026454433e-14,4.5106851026454433e-14,0,545.5243122823117,540.9424056650216,0.9916009121607784,0.01665996743675451,0.01665997443824417
498.0,1.6251514601653912e-10,4.5106851026454414e-14,4.5106851026454433e-14,4.5106851026454433e-14,0,545.5243122823117,540.9424056650216,0.9916009121607784,0.01665996743675451,0.01665997443824417
499.0,1.6251514601653912e-10,4.5106851026454414e-14,4.5106851026454433e-14,4.5106851026454433e-14,0,545.5243122823117,540.9424056650216,0.9916009121607784,0.01665996743675451,0.01665997443824417
500.0,1.6251514601653912e-10,4.5106851026454414e-14,4.5106851026454433e-14,4.5106851026454433e-14,0,545.5243122823117,540.9424056650216,0.9916009121607784,0.01665996743675451,0.01665997443824417
501.0,1.6251514601653912e-10,4.5106851026454414e-14,4.5106851026454433e-14,4.5106851026454433e-14,0,545.5243122823117,540.9424056650216,0.9916009121607784,0.01665996743675451,0.01665997443824417
502.0,1.6251514601653912e-10,4.5106851026454414e-14,4.5106851026454433e-14,4.5106851026454433e-14,0,545.5243122823117,540.9424056650216,0.9916009121607784,0.01665996743675451,0.01665997443824417
503.0,1.6251514601653912e-10,4.5106851026454414e-14,4.5106851026454433e-14,4.5106851026454433e-14,0,545.5243122823117,540.9424056650216,0.9916009121607784,0.01665996743675451,0.01665997443824417
504.0,1.6251514601653912e-10,4.5106851026454414e-14,4.5106851026454433e-14,4.5106851026454433e-14,0,545.5243122823117,540.9424056650216,0.9916009121607784,0.01665996743675451,0.01665997443824417
505.0,1.6251514601653912e-10,4.5106851026454414e-14,4.5106851026454433e-14,4.5106851026454433e-14,0,545.5243122823117,540.9424056650216,0.9916009121607784,0.01665996743675451,0.01665997443824417
506.0,1.6251514601653912e-10,4.5106851026454414e-14,4.5106851026454433e-14,4.5106851026454433e-14,0,545.5243122823117,540.9424056650216,0.9916009121607784,0.01665996743675451,0.01665997443824417
507.0,1.6251514601653912e-10,4.5106851026454414e-14,4.5106851026454433e-14,4.5106851026454433e-14,0,545.5243122823117,540.9424056650216,0.9916009121607784,0.01665996743675451,0.01665997443824417
508.0,1.6251514601653912e-10,4.5106851026454414e-14,4.5106851026454433e-14,4.5106851026454433e-14,0,545.5243122823117,540.9424056650216,0.9916009121607784,0.01665996743675451,0.01665997443824417
509.0,1.590900726657114e-10,4.510685102645431e-14,4.5106851026454433e-14,4.5106851026454433e-14,0,545.5243122823117,540.9432277481613,0.9916024191204523,0.016838349877035204,0.01683835695349157
510.0,1.590900726657114e-10,4.510685102645431e-14,4.5106851026454433e-14,4.5106851026454433e-14,0,545.5243122823117,540.9432277481613,0.9916024191204523,0.016838349877035204,0.01683835695349157
511.0,1.4960343162772328e-10,4.5106851026454446e-14,4.5106851026454433e-14,4.5106851026454433e-14,0,545.5243122823117,540.9456563553383,0.9916068709975222,0.017364020569080693,0.017364027866454534
512.0,1.4960343162772328e-10,4.5106851026454446e-14,4.5106851026454433e-14,4.5106851026454433e-14,0,545.5243122823117,540.9456563553383,0.9916068709975222,0.017364020569080693,0.017364027866454534
513.0,1.4960343162772328e-10,4.5106851026454446e-14,4.5106851026454433e-14,4.5106851026454433e-14,0,545.5243122823117,540.9456563553383,0.9916068709975222,0.017364020569080693,0.017364027866454534
514.0,1.4960343162772328e-10,4.5106851026454446e-14,4.5106851026454433e-14,4.5106851026454433e-14,0,545.5243122823117,540.9456563553383,0.9916068709975222,0.017364020569080693,0.017364027866454534
515.0,1.4959876587651957e-10,4.5106851026454295e-14,4.5106851026454433e-14,4.5106851026454433e-14,0,545.5243122823117,540.9456580611488,0.9916068741244416,0.017364291345272308,0.017364298642759943
516.0,1.4959876587651957e-10,4.5106851026454295e-14,4.5106851026454433e-14,4.5106851026454433e-14,0,545.5243122823117,540.9456580611488,0.9916068741244416,0.017364291345272308,0.017364298642759943
517.0,1.4959876587651957e-10,4.5106851026454295e-14,4.5106851026454433e-14,4.5106851026454433e-14,0,545.5243122823117,540.9456580611488,0.9916068741244416,0.017364291345272308,0.017364298642759943
518.0,1.4959876587651957e-10,4.5106851026454295e-14,4.5106851026454433e-14,4.5106851026454433e-14,0,545.5243122823117,540.9456580611488,0.9916068741244416,0.017364291345272308,0.017364298642759943
519.0,1.4959876587651957e-10,4.5106851026454295e-14,4.5106851026454433e-14,4.5106851026454433e-14,0,545.5243122823117,540.9456580611488,0.9916068741244416,0.017364291345272308,0.017364298642759943
520.0,1.4959876587651957e-10,4.5106851026454295e-14,4.5106851026454433e-14,4.5106851026454433e-14,0,545.5243122823117,540.9456580611488,0.9916068741244416,0.017364291345272308,0.017364298642759943
521.0,1.4959876587651957e-10,4.5106851026454295e-14,4.5106851026454433e-14,4.5106851026454433e-14,0,545.5243122823117,540.9456580611488,0.9916068741244416,0.017364291345272308,0.017364298642759943
522.0,1.4959876587651957e-10,4.5106851026454295e-14,4.5106851026454433e-14,4.5106851026454433e-14,0,545.5243122823117,540.9456580611488,0.9916068741244416,0.017364291345272308,0.017364298642759943
523.0,1.1586568835274169e-10,4.510685102645446e-14,4.5106851026454433e-14,4.5106851026454433e-14,0,545.5243122823117,540.9565035149067,0.9916267549134617,0.01973075238525951,0.01973076067727205
524.0,1.1586568835274169e-10,4.510685102645446e-14,4.5106851026454433e-14,4.5106851026454433e-14,0,545.5243122823117,540.9565035149067,0.9916267549134617,0.01973075238525951,0.01973076067727205
525.0,1.1586568835274169e-10,4.510685102645446e-14,4.5106851026454433e-14,4.5106851026454433e-14,0,545.5243122823117,540.9565035149067,0.9916267549134617,0.01973075238525951,0.01973076067727205
526.0,1.1586568835274169e-10,4.510685102645446e-14,4.5106851026454433e-14,4.5106851026454433e-14,0,545.5243122823117,540.9565035149067,0.9916267549134617,0.01973075238525951,0.01973076067727205
527.0,1.1586568835274169e-10,4.510685102645446e-14,4.5106851026454433e-14,4.5106851026454433e-14,0,545.5243122823117,540.9565035149067,0.9916267549134617,0.01973075238525951,0.01973076067727205
528.0,1.1586568835274169e-10,4.510685102645446e-14,4.5106851026454433e-14,4.5106851026454433e-14,0,545.5243122823117,540.9565035149067,0.9916267549134617,0.01973075238525951,0.01973076067727205
529.0,1.1586568835274169e-10,4.510685102645446e-14,4.5106851026454433e-14,4.5106851026454433e-14,0,545.5243122823117,540.9565035149067,0.9916267549134617,0.01973075238525951,0.01973076067727205
530.0,1.1586568835274169e-10,4.510685102645446e-14,4.5106851026454433e-14,4.5106851026454433e-14,0,545.5243122823117,540.9565035149067,0.9916267549134617,0.01973075238525951,0.01973076067727205
531.0,1.1586568835274169e-10,4.510685102645446e-14,4.5106851026454433e-14,4.5106851026454433e-14,0,545.5243122823117,540.9565035149067,0.9916267549134617,0.01973075238525951,0.01973076067727205
532.0,1.1586568835274169e-10,4.510685102645446e-14,4.5106851026454433e-14,4.5106851026454433e-14,0,545.5243122823117,540.9565035149067,0.9916267549134617,0.01973075238525951,0.01973076067727205
533.0,1.1586568835274169e-10,4.510685102645446e-14,4.5106851026454433e-14,4.5106851026454433e-14,0,545.5243122823117,540.9565035149067,0.9916267549134617,0.01973075238525951,0.01973076067727205
534.0,1.1586568835274169e-10,4.510685102645446e-14,4.5106851026454433e-14,4.5106851026454433e-14,0,545.5243122823117,540.9565035149067,0.9916267549134617,0.01973075238525951,0.01973076067727205
535.0,9.946541587090894e-11,4.51068510264544e-14,4.5106851026454433e-14,4.5106851026454433e-14,0,545.5243122823117,540.9637041319238,0.9916399543563739,0.02129536155696897,0.021295370506521506
536.0,9.946541587090894e-11,4.51068510264544e-14,4.5106851026454433e-14,4.5106851026454433e-14,0,545.5243122823117,540.9637041319238,0.9916399543563739,0.02129536155696897,0.021295370506521506
537.0,9.946541587090894e-11,4.51068510264544e-14,4.5106851026454433e-14,4.5106851026454433e-14,0,545.5243122823117,540.9637041319238,0.9916399543563739,0.02129536155696897,0.021295370506521506
538.0,9.946541587090894e-11,4.51068510264544e-14,4.5106851026454433e-14,4.5106851026454433e-14,0,545.5243122823117,540.9637041319238,0.9916399543563739,0.02129536155696897,0.021295370506521506
539.0,9.946541587090894e-11,4.51068510264544e-14,4.5106851026454433e-14,4.5106851026454433e-14,0,545.5243122823117,540.9637041319238,0.9916399543563739,0.02129536155696897,0.021295370506521506
540.0,9.946541587090894e-11,4.51068510264544e-14,4.5106851026454433e-14,4.5106851026454433e-14,0,545.5243122823117,540.9637041319238,0.9916399543563739,0.02129536155696897,0.021295370506521506
541.0,9.946541587090894e-11,4.51068510264544e-14,4.5106851026454433e-14,4.5106851026454433e-14,0,545.5243122823117,540.9637041319238,0.9916399543563739,0.02129536155696897,0.021295370506521506
542.0,9.946541587090894e-11,4.51068510264544e-14,4.5106851026454433e-14,4.5106851026454433e-14,0,545.5243122823117,540.9637041319238,0.9916399543563739,0.02129536155696897,0.021295370506521506
543.0,9.814212228835499e-11,4.510685102645421e-14,4.5106851026454433e-14,4.5106851026454433e-14,0,545.5243122823117,540.9643585055677,0.9916411538879605,0.021438448229588375,0.021438457239274275
544.0,9.814212228835499e-11,4.510685102645421e-14,4.5106851026454433e-14,4.5106851026454433e-14,0,545.5243122823117,540.9643585055677,0.9916411538879605,0.021438448229588375,0.021438457239274275
545.0,9.814212228835499e-11,4.510685102645421e-14,4.5106851026454433e-14,4.5106851026454433e-14,0,545.5243122823117,540.9643585055677,0.9916411538879605,0.021438448229588375,0.021438457239274275
546.0,9.814212228835499e-11,4.510685102645421e-14,4.5106851026454433e-14,4.5106851026454433e-14,0,545.5243122823117,540.9643585055677,0.9916411538879605,0.021438448229588375,0.021438457239274275
547.0,9.814212228835499e-11,4.510685102645421e-14,4.5106851026454433e-14,4.5106851026454433e-14,0,545.5243122823117,540.9643585055677,0.9916411538879605,0.021438448229588375,0.021438457239274275
548.0,9.814212228835499e-11,4.510685102645421e-14,4.5106851026454433e-14,4.5106851026454433e-14,0,545.5243122823117,540.9643585055677,0.9916411538879605,0.021438448229588375,0.021438457239274275
549.0,9.814212228835499e-11,4.510685102645421e-14,4.5106851026454433e-14,4.5106851026454433e-14,0,545.5243122823117,540.9643585055677,0.9916411538879605,0.021438448229588375,0.021438457239274275
550.0,9.814212228835499e-11,4.510685102645421e-14,4.5106851026454433e-14,4.5106851026454433e-14,0,545.5243122823117,540.9643585055677,0.9916411538879605,0.021438448229588375,0.021438457239274275
551.0,9.814212228835499e-11,4.510685102645421e-14,4.5106851026454433e-14,4.5106851026454433e-14,0,545.5243122823117,540.9643585055677,0.9916411538879605,0.021438448229588375,0.021438457239274275
552.0,9.814212228835499e-11,4.510685102645421e-14,4.5106851026454433e-14,4.5106851026454433e-14,0,545.5243122823117,540.9643585055677,0.9916411538879605,0.021438448229588375,0.021438457239274275
553.0,9.814212228835499e-11,4.510685102645421e-14,4.5106851026454433e-14,4.5106851026454433e-14,0,545.5243122823117,540.9643585055677,0.9916411538879605,0.021438448229588375,0.021438457239274275
554.0,9.814212228835499e-11,4.510685102645421e-14,4.5106851026454433e-14,4.5106851026454433e-14,0,545.5243122823117,540.9643585055677,0.9916411538879605,0.021438448229588375,0.021438457239274275
555.0,9.814212228835499e-11,4.510685102645421e-14,4.5106851026454433e-14,4.5106851026454433e-14,0,545.5243122823117,540.9643585055677,0.9916411538879605,0.021438448229588375,0.021438457239274275
556.0,9.814212228835499e-11,4.510685102645421e-14,4.5106851026454433e-14,4.5106851026454433e-14,0,545.5243122823117,540.9643585055677,0.9916411538879605,0.021438448229588375,0.021438457239274275
557.0,9.814212228835499e-11,4.510685102645421e-14,4.5106851026454433e-14,4.5106851026454433e-14,0,545.5243122823117,540.9643585055677,0.9916411538879605,0.021438448229588375,0.021438457239274275
558.0,9.81416524486502e-11,4.510685102645445e-14,4.5106851026454433e-14,4.5106851026454433e-14,0,545.5243122823117,540.9643585875242,0.9916411540381949,0.021438499546342683,0.021438508556050145
559.0,9.81416524486502e-11,4.510685102645445e-14,4.5106851026454433e-14,4.5106851026454433e-14,0,545.5243122823117,540.9643585875242,0.9916411540381949,0.021438499546342683,0.021438508556050145
560.0,9.81416524486502e-11,4.510685102645445e-14,4.5106851026454433e-14,4.5106851026454433e-14,0,545.5243122823117,540.9643585875242,0.9916411540381949,0.021438499546342683,0.021438508556050145
561.0,9.81416524486502e-11,4.510685102645445e-14,4.5106851026454433e-14,4.5106851026454433e-14,0,545.5243122823117,540.9643585875242,0.9916411540381949,0.021438499546342683,0.021438508556050145
562.0,9.81416524486502e-11,4.510685102645445e-14,4.5106851026454433e-14,4.5106851026454433e-14,0,545.5243122823117,540.9643585875242,0.9916411540381949,0.021438499546342683,0.021438508556050145
563.0,9.81416524486502e-11,4.510685102645445e-14,4.5106851026454433e-14,4.5106851026454433e-14,0,545.5243122823117,540.9643585875242,0.9916411540381949,0.021438499546342683,0.021438508556050145
564.0,9.81416524486502e-11,4.510685102645445e-14,4.5106851026454433e-14,4.5106851026454433e-14,0,545.5243122823117,540.9643585875242,0.9916411540381949,0.021438499546342683,0.021438508556050145
565.0,9.81416524486502e-11,4.510685102645445e-14,4.5106851026454433e-14,4.5106851026454433e-14,0,545.5243122823117,540.9643585875242,0.9916411540381949,0.021438499546342683,0.021438508556050145
566.0,9.81416524486502e-11,4.510685102645445e-14,4.5106851026454433e-14,4.5106851026454433e-14,0,545.5243122823117,540.9643585875242,0.9916411540381949,0.021438499546342683,0.021438508556050145
567.0,9.81416524486502e-11,4.510685102645445e-14,4.5106851026454433e-14,4.5106851026454433e-14,0,545.5243122823117,540.9643585875242,0.9916411540381949,0.021438499546342683,0.021438508556050145
568.0,9.81416524486502e-11,4.510685102645445e-14,4.5106851026454433e-14,4.5106851026454433e-14,0,545.5243122823117,540.9643585875242,0.9916411540381949,0.021438499546342683,0.021438508556050145
569.0,9.81416524486502e-11,4.510685102645445e-14,4.5106851026454433e-14,4.5106851026454433e-14,0,545.5243122823117,540.9643585875242,0.9916411540381949,0.021438499546342683,0.021438508556050145
570.0,9.81416524486502e-11,4.510685102645445e-14,4.5106851026454433e-14,4.5106851026454433e-14,0,545.5243122823117,540.9643585875242,0.9916411540381949,0.021438499546342683,0.021438508556050145
571.0,9.81416524486502e-11,4.510685102645445e-14,4.5106851026454433e-14,4.5106851026454433e-14,0,545.5243122823117,540.9643585875242,0.9916411540381949,0.021438499546342683,0.021438508556050145
572.0,9.81416524486502e-11,4.510685102645445e-14,4.5106851026454433e-14,4.5106851026454433e-14,0,545.5243122823117,540.9643585875242,0.9916411540381949,0.021438499546342683,0.021438508556050145
573.0,9.81416524486502e-11,4.510685102645445e-14,4.5106851026454433e-14,4.5106851026454433e-14,0,545.5243122823117,540.9643585875242,0.9916411540381949,0.021438499546342683,0.021438508556050145
574.0,9.81416524486502e-11,4.510685102645445e-14,4.5106851026454433e-14,4.5106851026454433e-14,0,545.5243122823117,540.9643585875242,0.9916411540381949,0.021438499546342683,0.021438508556050145
575.0,9.81416524486502e-11,4.510685102645445e-14,4.5106851026454433e-14,4.5106851026454433e-14,0,545.5243122823117,540.9643585875242,0.9916411540381949,0.021438499546342683,0.021438508556050145
576.0,9.81416524486502e-11,4.510685102645445e-14,4.5106851026454433e-14,4.5106851026454433e-14,0,545.5243122823117,540.9643585875242,0.9916411540381949,0.021438499546342683,0.021438508556050145
577.0,9.81416524486502e-11,4.510685102645445e-14,4.5106851026454433e-14,4.5106851026454433e-14,0,545.5243122823117,540.9643585875242,0.9916411540381949,0.021438499546342683,0.021438508556050145
578.0,9.81416524486502e-11,4.510685102645445e-14,4.5106851026454433e-14,4.5106851026454433e-14,0,545.5243122823117,540.9643585875242,0.9916411540381949,0.021438499546342683,0.021438508556050145
579.0,9.81416524486502e-11,4.510685102645445e-14,4.5106851026454433e-14,4.5106851026454433e-14,0,545.5243122823117,540.9643585875242,0.9916411540381949,0.021438499546342683,0.021438508556050145
580.0,9.81416524486502e-11,4.510685102645445e-14,4.5106851026454433e-14,4.5106851026454433e-14,0,545.5243122823117,540.9643585875242,0.9916411540381949,0.021438499546342683,0.021438508556050145
581.0,9.81416524486502e-11,4.510685102645445e-14,4.5106851026454433e-14,4.5106851026454433e-14,0,545.5243122823117,540.9643585875242,0.9916411540381949,0.021438499546342683,0.021438508556050145
582.0,9.81416524486502e-11,4.510685102645445e-14,4.5106851026454433e-14,4.5106851026454433e-14,0,545.5243122823117,540.9643585875242,0.9916411540381949,0.021438499546342683,0.021438508556050145
583.0,9.81416524486502e-11,4.510685102645445e-14,4.5106851026454433e-14,4.5106851026454433e-14,0,545.5243122823117,540.9643585875242,0.9916411540381949,0.021438499546342683,0.021438508556050145
584.0,9.81416524486502e-11,4.510685102645445e-14,4.5106851026454433e-14,4.5106851026454433e-14,0,545.5243122823117,540.9643585875242,0.9916411540381949,0.021438499546342683,0.021438508556050145
585.0,9.81416524486502e-11,4.510685102645445e-14,4.5106851026454433e-14,4.5106851026454433e-14,0,545.5243122823117,540.9643585875242,0.9916411540381949,0.021438499546342683,0.021438508556050145
586.0,9.81416524486502e-11,4.510685102645445e-14,4.5106851026454433e-14,4.5106851026454433e-14,0,545.5243122823117,540.9643585875242,0.9916411540381949,0.021438499546342683,0.021438508556050145
587.0,9.81416524486502e-11,4.510685102645445e-14,4.5106851026454433e-14,4.5106851026454433e-14,0,545.5243122823117,540.9643585875242,0.9916411540381949,0.021438499546342683,0.021438508556050145
588.0,9.81416524486502e-11,4.510685102645445e-14,4.5106851026454433e-14,4.5106851026454433e-14,0,545.5243122823117,540.9643585875242,0.9916411540381949,0.021438499546342683,0.021438508556050145
589.0,9.81416524486502e-11,4.510685102645445e-14,4.5106851026454433e-14,4.5106851026454433e-14,0,545.5243122823117,540.9643585875242,0.9916411540381949,0.021438499546342683,0.021438508556050145
590.0,9.81416524486502e-11,4.510685102645445e-14,4.5106851026454433e-14,4.5106851026454433e-14,0,545.5243122823117,540.9643585875242,0.9916411540381949,0.021438499546342683,0.021438508556050145
591.0,9.81416524486502e-11,4.510685102645445e-14,4.5106851026454433e-14,4.5106851026454433e-14,0,545.5243122823117,540.9643585875242,0.9916411540381949,0.021438499546342683,0.021438508556050145
592.0,9.81416524486502e-11,4.510685102645445e-14,4.5106851026454433e-14,4.5106851026454433e-14,0,545.5243122823117,540.9643585875242,0.9916411540381949,0.021438499546342683,0.021438508556050145
593.0,9.81416524486502e-11,4.510685102645445e-14,4.5106851026454433e-14,4.5106851026454433e-14,0,545.5243122823117,540.9643585875242,0.9916411540381949,0.021438499546342683,0.021438508556050145
594.0,9.81416524486502e-11,4.510685102645445e-14,4.5106851026454433e-14,4.5106851026454433e-14,0,545.5243122823117,540.9643585875242,0.9916411540381949,0.021438499546342683,0.021438508556050145
595.0,9.81416524486502e-11,4.510685102645445e-14,4.5106851026454433e-14,4.5106851026454433e-14,0,545.5243122823117,540.9643585875242,0.9916411540381949,0.021438499546342683,0.021438508556050145
596.0,9.81416524486502e-11,4.510685102645445e-14,4.5106851026454433e-14,4.5106851026454433e-14,0,545.5243122823117,540.9643585875242,0.9916411540381949,0.021438499546342683,0.021438508556050145
597.0,9.81416524486502e-11,4.510685102645445e-14,4.5106851026454433e-14,4.5106851026454433e-14,0,545.5243122823117,540.9643585875242,0.9916411540381949,0.021438499546342683,0.021438508556050145
598.0,9.81416524486502e-11,4.510685102645445e-14,4.5106851026454433e-14,4.5106851026454433e-14,0,545.5243122823117,540.9643585875242,0.9916411540381949,0.021438499546342683,0.021438508556050145
599.0,9.81416524486502e-11,4.510685102645445e-14,4.5106851026454433e-14,4.5106851026454433e-14,0,545.5243122823117,540.9643585875242,0.9916411540381949,0.021438499546342683,0.021438508556050145
600.0,9.81416524486502e-11,4.510685102645445e-14,4.5106851026454433e-14,4.5106851026454433e-14,0,545.5243122823117,540.9643585875242,0.9916411540381949,0.021438499546342683,0.021438508556050145
601.0,9.81416524486502e-11,4.510685102645445e-14,4.5106851026454433e-14,4.5106851026454433e-14,0,545.5243122823117,540.9643585875242,0.9916411540381949,0.021438499546342683,0.021438508556050145
602.0,9.81416524486502e-11,4.510685102645445e-14,4.5106851026454433e-14,4.5106851026454433e-14,0,545.5243122823117,540.9643585875242,0.9916411540381949,0.021438499546342683,0.021438508556050145
603.0,9.81416524486502e-11,4.510685102645445e-14,4.5106851026454433e-14,4.5106851026454433e-14,0,545.5243122823117,540.9643585875242,0.9916411540381949,0.021438499546342683,0.021438508556050145
604.0,9.81416524486502e-11,4.510685102645445e-14,4.5106851026454433e-14,4.5106851026454433e-14,0,545.5243122823117,540.9643585875242,0.9916411540381949,0.021438499546342683,0.021438508556050145
605.0,9.81416524486502e-11,4.510685102645445e-14,4.5106851026454433e-14,4.5106851026454433e-14,0,545.5243122823117,540.9643585875242,0.9916411540381949,0.021438499546342683,0.021438508556050145
606.0,9.81416524486502e-11,4.510685102645445e-14,4.5106851026454433e-14,4.5106851026454433e-14,0,545.5243122823117,540.9643585875242,0.9916411540381949,0.021438499546342683,0.021438508556050145
607.0,9.81416524486502e-11,4.510685102645445e-14,4.5106851026454433e-14,4.5106851026454433e-14,0,545.5243122823117,540.9643585875242,0.9916411540381949,0.021438499546342683,0.021438508556050145
608.0,9.81416524486502e-11,4.510685102645445e-14,4.5106851026454433e-14,4.5106851026454433e-14,0,545.5243122823117,540.9643585875242,0.9916411540381949,0.021438499546342683,0.021438508556050145
609.0,9.81416524486502e-11,4.510685102645445e-14,4.5106851026454433e-14,4.5106851026454433e-14,0,545.5243122823117,540.9643585875242,0.9916411540381949,0.021438499546342683,0.021438508556050145
610.0,9.81416524486502e-11,4.510685102645445e-14,4.5106851026454433e-14,4.5106851026454433e-14,0,545.5243122823117,540.9643585875242,0.9916411540381949,0.021438499546342683,0.021438508556050145
611.0,9.81416524486502e-11,4.510685102645445e-14,4.5106851026454433e-14,4.5106851026454433e-14,0,545.5243122823117,540.9643585875242,0.9916411540381949,0.021438499546342683,0.021438508556050145
612.0,9.81416524486502e-11,4.510685102645445e-14,4.5106851026454433e-14,4.5106851026454433e-14,0,545.5243122823117,540.9643585875242,0.9916411540381949,0.021438499546342683,0.021438508556050145
613.0,9.81416524486502e-11,4.510685102645445e-14,4.5106851026454433e-14,4.5106851026454433e-14,0,545.5243122823117,540.9643585875242,0.9916411540381949,0.021438499546342683,0.021438508556050145
614.0,9.81416524486502e-11,4.510685102645445e-14,4.5106851026454433e-14,4.5106851026454433e-14,0,545.5243122823117,540.9643585875242,0.9916411540381949,0.021438499546342683,0.021438508556050145
615.0,9.81416524486502e-11,4.510685102645445e-14,4.5106851026454433e-14,4.5106851026454433e-14,0,545.5243122823117,540.9643585875242,0.9916411540381949,0.021438499546342683,0.021438508556050145
616.0,9.81416524486502e-11,4.510685102645445e-14,4.5106851026454433e-14,4.5106851026454433e-14,0,545.5243122823117,540.9643585875242,0.9916411540381949,0.021438499546342683,0.021438508556050145
617.0,9.81416524486502e-11,4.510685102645445e-14,4.5106851026454433e-14,4.5106851026454433e-14,0,545.5243122823117,540.9643585875242,0.9916411540381949,0.021438499546342683,0.021438508556050145
618.0,9.81416524486502e-11,4.510685102645445e-14,4.5106851026454433e-14,4.5106851026454433e-14,0,545.5243122823117,540.9643585875242,0.9916411540381949,0.021438499546342683,0.021438508556050145
619.0,9.81416524486502e-11,4.510685102645445e-14,4.5106851026454433e-14,4.5106851026454433e-14,0,545.5243122823117,540.9643585875242,0.9916411540381949,0.021438499546342683,0.021438508556050145
620.0,9.81416524486502e-11,4.510685102645445e-14,4.5106851026454433e-14,4.5106851026454433e-14,0,545.5243122823117,540.9643585875242,0.9916411540381949,0.021438499546342683,0.021438508556050145
621.0,9.81416524486502e-11,4.510685102645445e-14,4.5106851026454433e-14,4.5106851026454433e-14,0,545.5243122823117,540.9643585875242,0.9916411540381949,0.021438499546342683,0.021438508556050145
622.0,9.81416524486502e-11,4.510685102645445e-14,4.5106851026454433e-14,4.5106851026454433e-14,0,545.5243122823117,540.9643585875242,0.9916411540381949,0.021438499546342683,0.021438508556050145
623.0,9.81416524486502e-11,4.510685102645445e-14,4.5106851026454433e-14,4.5106851026454433e-14,0,545.5243122823117,540.9643585875242,0.9916411540381949,0.021438499546342683,0.021438508556050145
624.0,9.81416524486502e-11,4.510685102645445e-14,4.5106851026454433e-14,4.5106851026454433e-14,0,545.5243122823117,540.9643585875242,0.9916411540381949,0.021438499546342683,0.021438508556050145
625.0,9.81416524486502e-11,4.510685102645445e-14,4.5106851026454433e-14,4.5106851026454433e-14,0,545.5243122823117,540.9643585875242,0.9916411540381949,0.021438499546342683,0.021438508556050145
626.0,9.81416524486502e-11,4.510685102645445e-14,4.5106851026454433e-14,4.5106851026454433e-14,0,545.5243122823117,540.9643585875242,0.9916411540381949,0.021438499546342683,0.021438508556050145
627.0,9.81416524486502e-11,4.510685102645445e-14,4.5106851026454433e-14,4.5106851026454433e-14,0,545.5243122823117,540.9643585875242,0.9916411540381949,0.021438499546342683,0.021438508556050145
628.0,9.81416524486502e-11,4.510685102645445e-14,4.5106851026454433e-14,4.5106851026454433e-14,0,545.5243122823117,540.9643585875242,0.9916411540381949,0.021438499546342683,0.021438508556050145
629.0,9.81416524486502e-11,4.510685102645445e-14,4.5106851026454433e-14,4.5106851026454433e-14,0,545.5243122823117,540.9643585875242,0.9916411540381949,0.021438499546342683,0.021438508556050145
630.0,9.81416524486502e-11,4.510685102645445e-14,4.5106851026454433e-14,4.5106851026454433e-14,0,545.5243122823117,540.9643585875242,0.9916411540381949,0.021438499546342683,0.021438508556050145
631.0,9.81416524486502e-11,4.510685102645445e-14,4.5106851026454433e-14,4.5106851026454433e-14,0,545.5243122823117,540.9643585875242,0.9916411540381949,0.021438499546342683,0.021438508556050145
632.0,9.81416524486502e-11,4.510685102645445e-14,4.5106851026454433e-14,4.5106851026454433e-14,0,545.5243122823117,540.9643585875242,0.9916411540381949,0.021438499546342683,0.021438508556050145
633.0,9.81416524486502e-11,4.510685102645445e-14,4.5106851026454433e-14,4.5106851026454433e-14,0,545.5243122823117,540.9643585875242,0.9916411540381949,0.021438499546342683,0.021438508556050145
634.0,9.81416524486502e-11,4.510685102645445e-14,4.5106851026454433e-14,4.5106851026454433e-14,0,545.5243122823117,540.9643585875242,0.9916411540381949,0.021438499546342683,0.021438508556050145
635.0,9.81416524486502e-11,4.510685102645445e-14,4.5106851026454433e-14,4.5106851026454433e-14,0,545.5243122823117,540.9643585875242,0.9916411540381949,0.021438499546342683,0.021438508556050145
636.0,9.81416524486502e-11,4.510685102645445e-14,4.5106851026454433e-14,4.5106851026454433e-14,0,545.5243122823117,540.9643585875242,0.9916411540381949,0.021438499546342683,0.021438508556050145
637.0,9.81416524486502e-11,4.510685102645445e-14,4.5106851026454433e-14,4.5106851026454433e-14,0,545.5243122823117,540.9643585875242,0.9916411540381949,0.021438499546342683,0.021438508556050145
638.0,9.81416524486502e-11,4.510685102645445e-14,4.5106851026454433e-14,4.5106851026454433e-14,0,545.5243122823117,540.9643585875242,0.9916411540381949,0.021438499546342683,0.021438508556050145
639.0,9.81416524486502e-11,4.510685102645445e-14,4.5106851026454433e-14,4.5106851026454433e-14,0,545.5243122823117,540.9643585875242,0.9916411540381949,0.021438499546342683,0.021438508556050145
640.0,9.81416524486502e-11,4.510685102645445e-14,4.5106851026454433e-14,4.5106851026454433e-14,0,545.5243122823117,540.9643585875242,0.9916411540381949,0.021438499546342683,0.021438508556050145
641.0,9.81416524486502e-11,4.510685102645445e-14,4.5106851026454433e-14,4.5106851026454433e-14,0,545.5243122823117,540.9643585875242,0.9916411540381949,0.021438499546342683,0.021438508556050145
642.0,9.81416524486502e-11,4.510685102645445e-14,4.5106851026454433e-14,4.5106851026454433e-14,0,545.5243122823117,540.9643585875242,0.9916411540381949,0.021438499546342683,0.021438508556050145
643.0,9.81416524486502e-11,4.510685102645445e-14,4.5106851026454433e-14,4.5106851026454433e-14,0,545.5243122823117,540.9643585875242,0.9916411540381949,0.021438499546342683,0.021438508556050145
644.0,9.81416524486502e-11,4.510685102645445e-14,4.5106851026454433e-14,4.5106851026454433e-14,0,545.5243122823117,540.9643585875242,0.9916411540381949,0.021438499546342683,0.021438508556050145
645.0,9.81416524486502e-11,4.510685102645445e-14,4.5106851026454433e-14,4.5106851026454433e-14,0,545.5243122823117,540.9643585875242,0.9916411540381949,0.021438499546342683,0.021438508556050145
646.0,9.81416524486502e-11,4.510685102645445e-14,4.5106851026454433e-14,4.5106851026454433e-14,0,545.5243122823117,540.9643585875242,0.9916411540381949,0.021438499546342683,0.021438508556050145
647.0,9.81416524486502e-11,4.510685102645445e-14,4.5106851026454433e-14,4.5106851026454433e-14,0,545.5243122823117,540.9643585875242,0.9916411540381949,0.021438499546342683,0.021438508556050145
648.0,9.81416524486502e-11,4.510685102645445e-14,4.5106851026454433e-14,4.5106851026454433e-14,0,545.5243122823117,540.9643585875242,0.9916411540381949,0.021438499546342683,0.021438508556050145
649.0,9.81416524486502e-11,4.510685102645445e-14,4.5106851026454433e-14,4.5106851026454433e-14,0,545.5243122823117,540.9643585875242,0.9916411540381949,0.021438499546342683,0.021438508556050145
650.0,9.81416524486502e-11,4.510685102645445e-14,4.5106851026454433e-14,4.5106851026454433e-14,0,545.5243122823117,540.9643585875242,0.9916411540381949,0.021438499546342683,0.021438508556050145
651.0,9.81416524486502e-11,4.510685102645445e-14,4.5106851026454433e-14,4.5106851026454433e-14,0,545.5243122823117,540.9643585875242,0.9916411540381949,0.021438499546342683,0.021438508556050145
652.0,9.81416524486502e-11,4.510685102645445e-14,4.5106851026454433e-14,4.5106851026454433e-14,0,545.5243122823117,540.9643585875242,0.9916411540381949,0.021438499546342683,0.021438508556050145
653.0,9.81416524486502e-11,4.510685102645445e-14,4.5106851026454433e-14,4.5106851026454433e-14,0,545.5243122823117,540.9643585875242,0.9916411540381949,0.021438499546342683,0.021438508556050145
654.0,9.81416524486502e-11,4.510685102645445e-14,4.5106851026454433e-14,4.5106851026454433e-14,0,545.5243122823117,540.9643585875242,0.9916411540381949,0.021438499546342683,0.021438508556050145
655.0,9.81416524486502e-11,4.510685102645445e-14,4.5106851026454433e-14,4.5106851026454433e-14,0,545.5243122823117,540.9643585875242,0.9916411540381949,0.021438499546342683,0.021438508556050145
656.0,9.81416524486502e-11,4.510685102645445e-14,4.5106851026454433e-14,4.5106851026454433e-14,0,545.5243122823117,540.9643585875242,0.9916411540381949,0.021438499546342683,0.021438508556050145
657.0,9.81416524486502e-11,4.510685102645445e-14,4.5106851026454433e-14,4.5106851026454433e-14,0,545.5243122823117,540.9643585875242,0.9916411540381949,0.021438499546342683,0.021438508556050145
658.0,9.81416524486502e-11,4.510685102645445e-14,4.5106851026454433e-14,4.5106851026454433e-14,0,545.5243122823117,540.9643585875242,0.9916411540381949,0.021438499546342683,0.021438508556050145
659.0,9.81416524486502e-11,4.510685102645445e-14,4.5106851026454433e-14,4.5106851026454433e-14,0,545.5243122823117,540.9643585875242,0.9916411540381949,0.021438499546342683,0.021438508556050145
660.0,9.81416524486502e-11,4.510685102645445e-14,4.5106851026454433e-14,4.5106851026454433e-14,0,545.5243122823117,540.9643585875242,0.9916411540381949,0.021438499546342683,0.021438508556050145
661.0,9.81416524486502e-11,4.510685102645445e-14,4.5106851026454433e-14,4.5106851026454433e-14,0,545.5243122823117,540.9643585875242,0.9916411540381949,0.021438499546342683,0.021438508556050145
662.0,9.81416524486502e-11,4.510685102645445e-14,4.5106851026454433e-14,4.5106851026454433e-14,0,545.5243122823117,540.9643585875242,0.9916411540381949,0.021438499546342683,0.021438508556050145
663.0,9.81416524486502e-11,4.510685102645445e-14,4.5106851026454433e-14,4.5106851026454433e-14,0,545.5243122823117,540.9643585875242,0.9916411540381949,0.021438499546342683,0.021438508556050145
664.0,9.81416524486502e-11,4.510685102645445e-14,4.5106851026454433e-14,4.5106851026454433e-14,0,545.5243122823117,540.9643585875242,0.9916411540381949,0.021438499546342683,0.021438508556050145
665.0,9.81416524486502e-11,4.510685102645445e-14,4.5106851026454433e-14,4.5106851026454433e-14,0,545.5243122823117,540.9643585875242,0.9916411540381949,0.021438499546342683,0.021438508556050145
666.0,9.81416524486502e-11,4.510685102645445e-14,4.5106851026454433e-14,4.5106851026454433e-14,0,545.5243122823117,540.9643585875242,0.9916411540381949,0.021438499546342683,0.021438508556050145
667.0,9.81416524486502e-11,4.510685102645445e-14,4.5106851026454433e-14,4.5106851026454433e-14,0,545.5243122823117,540.9643585875242,0.9916411540381949,0.021438499546342683,0.021438508556050145
668.0,9.81416524486502e-11,4.510685102645445e-14,4.5106851026454433e-14,4.5106851026454433e-14,0,545.5243122823117,540.9643585875242,0.9916411540381949,0.021438499546342683,0.021438508556050145
669.0,9.81416524486502e-11,4.510685102645445e-14,4.5106851026454433e-14,4.5106851026454433e-14,0,545.5243122823117,540.9643585875242,0.9916411540381949,0.021438499546342683,0.021438508556050145
670.0,9.81416524486502e-11,4.510685102645445e-14,4.5106851026454433e-14,4.5106851026454433e-14,0,545.5243122823117,540.9643585875242,0.9916411540381949,0.021438499546342683,0.021438508556050145
671.0,9.81416524486502e-11,4.510685102645445e-14,4.5106851026454433e-14,4.5106851026454433e-14,0,545.5243122823117,540.9643585875242,0.9916411540381949,0.021438499546342683,0.021438508556050145
672.0,9.81416524486502e-11,4.510685102645445e-14,4.5106851026454433e-14,4.5106851026454433e-14,0,545.5243122823117,540.9643585875242,0.9916411540381949,0.021438499546342683,0.021438508556050145
673.0,9.81416524486502e-11,4.510685102645445e-14,4.5106851026454433e-14,4.5106851026454433e-14,0,545.5243122823117,540.9643585875242,0.9916411540381949,0.021438499546342683,0.021438508556050145
674.0,9.81416524486502e-11,4.510685102645445e-14,4.5106851026454433e-14,4.5106851026454433e-14,0,545.5243122823117,540.9643585875242,0.9916411540381949,0.021438499546342683,0.021438508556050145
675.0,9.81416524486502e-11,4.510685102645445e-14,4.5106851026454433e-14,4.5106851026454433e-14,0,545.5243122823117,540.9643585875242,0.9916411540381949,0.021438499546342683,0.021438508556050145
676.0,9.81416524486502e-11,4.510685102645445e-14,4.5106851026454433e-14,4.5106851026454433e-14,0,545.5243122823117,540.9643585875242,0.9916411540381949,0.021438499546342683,0.021438508556050145
677.0,9.81416524486502e-11,4.510685102645445e-14,4.5106851026454433e-14,4.5106851026454433e-14,0,545.5243122823117,540.9643585875242,0.9916411540381949,0.021438499546342683,0.021438508556050145
678.0,9.81416524486502e-11,4.510685102645445e-14,4.5106851026454433e-14,4.5106851026454433e-14,0,545.5243122823117,540.9643585875242,0.9916411540381949,0.021438499546342683,0.021438508556050145
679.0,9.81416524486502e-11,4.510685102645445e-14,4.5106851026454433e-14,4.5106851026454433e-14,0,545.5243122823117,540.9643585875242,0.9916411540381949,0.021438499546342683,0.021438508556050145
680.0,9.81416524486502e-11,4.510685102645445e-14,4.5106851026454433e-14,4.5106851026454433e-14,0,545.5243122823117,540.9643585875242,0.9916411540381949,0.021438499546342683,0.021438508556050145
681.0,9.81416524486502e-11,4.510685102645445e-14,4.5106851026454433e-14,4.5106851026454433e-14,0,545.5243122823117,540.9643585875242,0.9916411540381949,0.021438499546342683,0.021438508556050145
682.0,9.81416524486502e-11,4.510685102645445e-14,4.5106851026454433e-14,4.5106851026454433e-14,0,545.5243122823117,540.9643585875242,0.9916411540381949,0.021438499546342683,0.021438508556050145
683.0,9.81416524486502e-11,4.510685102645445e-14,4.5106851026454433e-14,4.5106851026454433e-14,0,545.5243122823117,540.9643585875242,0.9916411540381949,0.021438499546342683,0.021438508556050145
684.0,9.81416524486502e-11,4.510685102645445e-14,4.5106851026454433e-14,4.5106851026454433e-14,0,545.5243122823117,540.9643585875242,0.9916411540381949,0.021438499546342683,0.021438508556050145
685.0,9.81416524486502e-11,4.510685102645445e-14,4.5106851026454433e-14,4.5106851026454433e-14,0,545.5243122823117,540.9643585875242,0.9916411540381949,0.021438499546342683,0.021438508556050145
686.0,9.81416524486502e-11,4.510685102645445e-14,4.5106851026454433e-14,4.5106851026454433e-14,0,545.5243122823117,540.9643585875242,0.9916411540381949,0.021438499546342683,0.021438508556050145
687.0,9.81416524486502e-11,4.510685102645445e-14,4.5106851026454433e-14,4.5106851026454433e-14,0,545.5243122823117,540.9643585875242,0.9916411540381949,0.021438499546342683,0.021438508556050145
688.0,9.81416524486502e-11,4.510685102645445e-14,4.5106851026454433e-14,4.5106851026454433e-14,0,545.5243122823117,540.9643585875242,0.9916411540381949,0.021438499546342683,0.021438508556050145
689.0,9.81416524486502e-11,4.510685102645445e-14,4.5106851026454433e-14,4.5106851026454433e-14,0,545.5243122823117,540.9643585875242,0.9916411540381949,0.021438499546342683,0.021438508556050145
690.0,9.81416524486502e-11,4.510685102645445e-14,4.5106851026454433e-14,4.5106851026454433e-14,0,545.5243122823117,540.9643585875242,0.9916411540381949,0.021438499546342683,0.021438508556050145
691.0,9.81416524486502e-11,4.510685102645445e-14,4.5106851026454433e-14,4.5106851026454433e-14,0,545.5243122823117,540.9643585875242,0.9916411540381949,0.021438499546342683,0.021438508556050145
692.0,9.81416524486502e-11,4.510685102645445e-14,4.5106851026454433e-14,4.5106851026454433e-14,0,545.5243122823117,540.9643585875242,0.9916411540381949,0.021438499546342683,0.021438508556050145
693.0,9.81416524486502e-11,4.510685102645445e-14,4.5106851026454433e-14,4.5106851026454433e-14,0,545.5243122823117,540.9643585875242,0.9916411540381949,0.021438499546342683,0.021438508556050145
694.0,9.81416524486502e-11,4.510685102645445e-14,4.5106851026454433e-14,4.5106851026454433e-14,0,545.5243122823117,540.9643585875242,0.9916411540381949,0.021438499546342683,0.021438508556050145
695.0,9.81416524486502e-11,4.510685102645445e-14,4.5106851026454433e-14,4.5106851026454433e-14,0,545.5243122823117,540.9643585875242,0.9916411540381949,0.021438499546342683,0.021438508556050145
696.0,9.81416524486502e-11,4.510685102645445e-14,4.5106851026454433e-14,4.5106851026454433e-14,0,545.5243122823117,540.9643585875242,0.9916411540381949,0.021438499546342683,0.021438508556050145
697.0,9.81416524486502e-11,4.510685102645445e-14,4.5106851026454433e-14,4.5106851026454433e-14,0,545.5243122823117,540.9643585875242,0.9916411540381949,0.021438499546342683,0.021438508556050145
698.0,9.81416524486502e-11,4.510685102645445e-14,4.5106851026454433e-14,4.5106851026454433e-14,0,545.5243122823117,540.9643585875242,0.9916411540381949,0.021438499546342683,0.021438508556050145
699.0,9.81416524486502e-11,4.510685102645445e-14,4.5106851026454433e-14,4.5106851026454433e-14,0,545.5243122823117,540.9643585875242,0.9916411540381949,0.021438499546342683,0.021438508556050145
700.0,9.81416524486502e-11,4.510685102645445e-14,4.5106851026454433e-14,4.5106851026454433e-14,0,545.5243122823117,540.9643585875242,0.9916411540381949,0.021438499546342683,0.021438508556050145
