sector_id,site_id,p452_time_percentage,polarization_label,bs_gain_case,bs_gain_dbi,element_pattern_gain_dbi,coherent_array_upper_gain_dbi,horizontal_offset_deg,vertical_offset_deg,conducted_power_dbw_per_100mhz,bandwidth_adjustment_db,activity_factor,activity_adjustment_db,basic_transmission_loss_db,base_received_before_es_gain_dbw_per_10mhz
E3_SITE_01_SEC_1,E3_SITE_01,50.0,H,ZERO_DBI_PROPAGATION_REFERENCE,0.0,7.547696037531189,25.60949577737006,0.0,12.61937743257938,16.0,-10.0,1.0,0.0,120.20947068326,-114.20947068326
E3_SITE_01_SEC_1,E3_SITE_01,20.0,H,ZERO_DBI_PROPAGATION_REFERENCE,0.0,7.547696037531189,25.60949577737006,0.0,12.61937743257938,16.0,-10.0,1.0,0.0,119.894554790291,-113.894554790291
E3_SITE_01_SEC_1,E3_SITE_01,10.0,H,ZERO_DBI_PROPAGATION_REFERENCE,0.0,7.547696037531189,25.60949577737006,0.0,12.61937743257938,16.0,-10.0,1.0,0.0,119.729782622139,-113.729782622139
E3_SITE_01_SEC_1,E3_SITE_01,1.0,H,ZERO_DBI_PROPAGATION_REFERENCE,0.0,7.547696037531189,25.60949577737006,0.0,12.61937743257938,16.0,-10.0,1.0,0.0,119.064581283074,-113.064581283074
E3_SITE_01_SEC_1,E3_SITE_01,0.1,H,ZERO_DBI_PROPAGATION_REFERENCE,0.0,7.547696037531189,25.60949577737006,0.0,12.61937743257938,16.0,-10.0,1.0,0.0,118.390708465976,-112.390708465976
E3_SITE_01_SEC_1,E3_SITE_01,0.01,H,ZERO_DBI_PROPAGATION_REFERENCE,0.0,7.547696037531189,25.60949577737006,0.0,12.61937743257938,16.0,-10.0,1.0,0.0,117.716834494682,-111.716834494682
E3_SITE_01_SEC_1,E3_SITE_01,0.005,H,ZERO_DBI_PROPAGATION_REFERENCE,0.0,7.547696037531189,25.60949577737006,0.0,12.61937743257938,16.0,-10.0,1.0,0.0,117.513977449339,-111.513977449339
E3_SITE_01_SEC_1,E3_SITE_01,50.0,V,ZERO_DBI_PROPAGATION_REFERENCE,0.0,7.547696037531189,25.60949577737006,0.0,12.61937743257938,16.0,-10.0,1.0,0.0,120.20947068326,-114.20947068326
E3_SITE_01_SEC_1,E3_SITE_01,20.0,V,ZERO_DBI_PROPAGATION_REFERENCE,0.0,7.547696037531189,25.60949577737006,0.0,12.61937743257938,16.0,-10.0,1.0,0.0,119.894554790291,-113.894554790291
E3_SITE_01_SEC_1,E3_SITE_01,10.0,V,ZERO_DBI_PROPAGATION_REFERENCE,0.0,7.547696037531189,25.60949577737006,0.0,12.61937743257938,16.0,-10.0,1.0,0.0,119.729782622139,-113.729782622139
E3_SITE_01_SEC_1,E3_SITE_01,1.0,V,ZERO_DBI_PROPAGATION_REFERENCE,0.0,7.547696037531189,25.60949577737006,0.0,12.61937743257938,16.0,-10.0,1.0,0.0,119.064581283074,-113.064581283074
E3_SITE_01_SEC_1,E3_SITE_01,0.1,V,ZERO_DBI_PROPAGATION_REFERENCE,0.0,7.547696037531189,25.60949577737006,0.0,12.61937743257938,16.0,-10.0,1.0,0.0,118.390708465976,-112.390708465976
E3_SITE_01_SEC_1,E3_SITE_01,0.01,V,ZERO_DBI_PROPAGATION_REFERENCE,0.0,7.547696037531189,25.60949577737006,0.0,12.61937743257938,16.0,-10.0,1.0,0.0,117.716834494682,-111.716834494682
E3_SITE_01_SEC_1,E3_SITE_01,0.005,V,ZERO_DBI_PROPAGATION_REFERENCE,0.0,7.547696037531189,25.60949577737006,0.0,12.61937743257938,16.0,-10.0,1.0,0.0,117.513977449339,-111.513977449339
E3_SITE_01_SEC_1,E3_SITE_01,50.0,H,ELEMENT_PATTERN_REFERENCE,7.547696037531189,7.547696037531189,25.60949577737006,0.0,12.61937743257938,16.0,-10.0,1.0,0.0,120.20947068326,-106.6617746457288
E3_SITE_01_SEC_1,E3_SITE_01,20.0,H,ELEMENT_PATTERN_REFERENCE,7.547696037531189,7.547696037531189,25.60949577737006,0.0,12.61937743257938,16.0,-10.0,1.0,0.0,119.894554790291,-106.3468587527598
E3_SITE_01_SEC_1,E3_SITE_01,10.0,H,ELEMENT_PATTERN_REFERENCE,7.547696037531189,7.547696037531189,25.60949577737006,0.0,12.61937743257938,16.0,-10.0,1.0,0.0,119.729782622139,-106.18208658460782
E3_SITE_01_SEC_1,E3_SITE_01,1.0,H,ELEMENT_PATTERN_REFERENCE,7.547696037531189,7.547696037531189,25.60949577737006,0.0,12.61937743257938,16.0,-10.0,1.0,0.0,119.064581283074,-105.51688524554282
E3_SITE_01_SEC_1,E3_SITE_01,0.1,H,ELEMENT_PATTERN_REFERENCE,7.547696037531189,7.547696037531189,25.60949577737006,0.0,12.61937743257938,16.0,-10.0,1.0,0.0,118.390708465976,-104.8430124284448
E3_SITE_01_SEC_1,E3_SITE_01,0.01,H,ELEMENT_PATTERN_REFERENCE,7.547696037531189,7.547696037531189,25.60949577737006,0.0,12.61937743257938,16.0,-10.0,1.0,0.0,117.716834494682,-104.1691384571508
E3_SITE_01_SEC_1,E3_SITE_01,0.005,H,ELEMENT_PATTERN_REFERENCE,7.547696037531189,7.547696037531189,25.60949577737006,0.0,12.61937743257938,16.0,-10.0,1.0,0.0,117.513977449339,-103.9662814118078
E3_SITE_01_SEC_1,E3_SITE_01,50.0,V,ELEMENT_PATTERN_REFERENCE,7.547696037531189,7.547696037531189,25.60949577737006,0.0,12.61937743257938,16.0,-10.0,1.0,0.0,120.20947068326,-106.6617746457288
E3_SITE_01_SEC_1,E3_SITE_01,20.0,V,ELEMENT_PATTERN_REFERENCE,7.547696037531189,7.547696037531189,25.60949577737006,0.0,12.61937743257938,16.0,-10.0,1.0,0.0,119.894554790291,-106.3468587527598
E3_SITE_01_SEC_1,E3_SITE_01,10.0,V,ELEMENT_PATTERN_REFERENCE,7.547696037531189,7.547696037531189,25.60949577737006,0.0,12.61937743257938,16.0,-10.0,1.0,0.0,119.729782622139,-106.18208658460782
E3_SITE_01_SEC_1,E3_SITE_01,1.0,V,ELEMENT_PATTERN_REFERENCE,7.547696037531189,7.547696037531189,25.60949577737006,0.0,12.61937743257938,16.0,-10.0,1.0,0.0,119.064581283074,-105.51688524554282
E3_SITE_01_SEC_1,E3_SITE_01,0.1,V,ELEMENT_PATTERN_REFERENCE,7.547696037531189,7.547696037531189,25.60949577737006,0.0,12.61937743257938,16.0,-10.0,1.0,0.0,118.390708465976,-104.8430124284448
E3_SITE_01_SEC_1,E3_SITE_01,0.01,V,ELEMENT_PATTERN_REFERENCE,7.547696037531189,7.547696037531189,25.60949577737006,0.0,12.61937743257938,16.0,-10.0,1.0,0.0,117.716834494682,-104.1691384571508
E3_SITE_01_SEC_1,E3_SITE_01,0.005,V,ELEMENT_PATTERN_REFERENCE,7.547696037531189,7.547696037531189,25.60949577737006,0.0,12.61937743257938,16.0,-10.0,1.0,0.0,117.513977449339,-103.9662814118078
E3_SITE_01_SEC_1,E3_SITE_01,50.0,H,COHERENT_ARRAY_UPPER_ENVELOPE,25.60949577737006,7.547696037531189,25.60949577737006,0.0,12.61937743257938,16.0,-10.0,1.0,0.0,120.20947068326,-88.59997490588994
E3_SITE_01_SEC_1,E3_SITE_01,20.0,H,COHERENT_ARRAY_UPPER_ENVELOPE,25.60949577737006,7.547696037531189,25.60949577737006,0.0,12.61937743257938,16.0,-10.0,1.0,0.0,119.894554790291,-88.28505901292094
E3_SITE_01_SEC_1,E3_SITE_01,10.0,H,COHERENT_ARRAY_UPPER_ENVELOPE,25.60949577737006,7.547696037531189,25.60949577737006,0.0,12.61937743257938,16.0,-10.0,1.0,0.0,119.729782622139,-88.12028684476894
E3_SITE_01_SEC_1,E3_SITE_01,1.0,H,COHERENT_ARRAY_UPPER_ENVELOPE,25.60949577737006,7.547696037531189,25.60949577737006,0.0,12.61937743257938,16.0,-10.0,1.0,0.0,119.064581283074,-87.45508550570395
E3_SITE_01_SEC_1,E3_SITE_01,0.1,H,COHERENT_ARRAY_UPPER_ENVELOPE,25.60949577737006,7.547696037531189,25.60949577737006,0.0,12.61937743257938,16.0,-10.0,1.0,0.0,118.390708465976,-86.78121268860595
E3_SITE_01_SEC_1,E3_SITE_01,0.01,H,COHERENT_ARRAY_UPPER_ENVELOPE,25.60949577737006,7.547696037531189,25.60949577737006,0.0,12.61937743257938,16.0,-10.0,1.0,0.0,117.716834494682,-86.10733871731195
E3_SITE_01_SEC_1,E3_SITE_01,0.005,H,COHERENT_ARRAY_UPPER_ENVELOPE,25.60949577737006,7.547696037531189,25.60949577737006,0.0,12.61937743257938,16.0,-10.0,1.0,0.0,117.513977449339,-85.90448167196894
E3_SITE_01_SEC_1,E3_SITE_01,50.0,V,COHERENT_ARRAY_UPPER_ENVELOPE,25.60949577737006,7.547696037531189,25.60949577737006,0.0,12.61937743257938,16.0,-10.0,1.0,0.0,120.20947068326,-88.59997490588994
E3_SITE_01_SEC_1,E3_SITE_01,20.0,V,COHERENT_ARRAY_UPPER_ENVELOPE,25.60949577737006,7.547696037531189,25.60949577737006,0.0,12.61937743257938,16.0,-10.0,1.0,0.0,119.894554790291,-88.28505901292094
E3_SITE_01_SEC_1,E3_SITE_01,10.0,V,COHERENT_ARRAY_UPPER_ENVELOPE,25.60949577737006,7.547696037531189,25.60949577737006,0.0,12.61937743257938,16.0,-10.0,1.0,0.0,119.729782622139,-88.12028684476894
E3_SITE_01_SEC_1,E3_SITE_01,1.0,V,COHERENT_ARRAY_UPPER_ENVELOPE,25.60949577737006,7.547696037531189,25.60949577737006,0.0,12.61937743257938,16.0,-10.0,1.0,0.0,119.064581283074,-87.45508550570395
E3_SITE_01_SEC_1,E3_SITE_01,0.1,V,COHERENT_ARRAY_UPPER_ENVELOPE,25.60949577737006,7.547696037531189,25.60949577737006,0.0,12.61937743257938,16.0,-10.0,1.0,0.0,118.390708465976,-86.78121268860595
E3_SITE_01_SEC_1,E3_SITE_01,0.01,V,COHERENT_ARRAY_UPPER_ENVELOPE,25.60949577737006,7.547696037531189,25.60949577737006,0.0,12.61937743257938,16.0,-10.0,1.0,0.0,117.716834494682,-86.10733871731195
E3_SITE_01_SEC_1,E3_SITE_01,0.005,V,COHERENT_ARRAY_UPPER_ENVELOPE,25.60949577737006,7.547696037531189,25.60949577737006,0.0,12.61937743257938,16.0,-10.0,1.0,0.0,117.513977449339,-85.90448167196894
E3_SITE_01_SEC_2,E3_SITE_01,50.0,H,ZERO_DBI_PROPAGATION_REFERENCE,0.0,-22.0,-3.9382002601611283,-120.0,12.61937743257938,16.0,-10.0,1.0,0.0,120.20947068326,-114.20947068326
E3_SITE_01_SEC_2,E3_SITE_01,20.0,H,ZERO_DBI_PROPAGATION_REFERENCE,0.0,-22.0,-3.9382002601611283,-120.0,12.61937743257938,16.0,-10.0,1.0,0.0,119.894554790291,-113.894554790291
E3_SITE_01_SEC_2,E3_SITE_01,10.0,H,ZERO_DBI_PROPAGATION_REFERENCE,0.0,-22.0,-3.9382002601611283,-120.0,12.61937743257938,16.0,-10.0,1.0,0.0,119.729782622139,-113.729782622139
E3_SITE_01_SEC_2,E3_SITE_01,1.0,H,ZERO_DBI_PROPAGATION_REFERENCE,0.0,-22.0,-3.9382002601611283,-120.0,12.61937743257938,16.0,-10.0,1.0,0.0,119.064581283074,-113.064581283074
E3_SITE_01_SEC_2,E3_SITE_01,0.1,H,ZERO_DBI_PROPAGATION_REFERENCE,0.0,-22.0,-3.9382002601611283,-120.0,12.61937743257938,16.0,-10.0,1.0,0.0,118.390708465976,-112.390708465976
E3_SITE_01_SEC_2,E3_SITE_01,0.01,H,ZERO_DBI_PROPAGATION_REFERENCE,0.0,-22.0,-3.9382002601611283,-120.0,12.61937743257938,16.0,-10.0,1.0,0.0,117.716834494682,-111.716834494682
E3_SITE_01_SEC_2,E3_SITE_01,0.005,H,ZERO_DBI_PROPAGATION_REFERENCE,0.0,-22.0,-3.9382002601611283,-120.0,12.61937743257938,16.0,-10.0,1.0,0.0,117.513977449339,-111.513977449339
E3_SITE_01_SEC_2,E3_SITE_01,50.0,V,ZERO_DBI_PROPAGATION_REFERENCE,0.0,-22.0,-3.9382002601611283,-120.0,12.61937743257938,16.0,-10.0,1.0,0.0,120.20947068326,-114.20947068326
E3_SITE_01_SEC_2,E3_SITE_01,20.0,V,ZERO_DBI_PROPAGATION_REFERENCE,0.0,-22.0,-3.9382002601611283,-120.0,12.61937743257938,16.0,-10.0,1.0,0.0,119.894554790291,-113.894554790291
E3_SITE_01_SEC_2,E3_SITE_01,10.0,V,ZERO_DBI_PROPAGATION_REFERENCE,0.0,-22.0,-3.9382002601611283,-120.0,12.61937743257938,16.0,-10.0,1.0,0.0,119.729782622139,-113.729782622139
E3_SITE_01_SEC_2,E3_SITE_01,1.0,V,ZERO_DBI_PROPAGATION_REFERENCE,0.0,-22.0,-3.9382002601611283,-120.0,12.61937743257938,16.0,-10.0,1.0,0.0,119.064581283074,-113.064581283074
E3_SITE_01_SEC_2,E3_SITE_01,0.1,V,ZERO_DBI_PROPAGATION_REFERENCE,0.0,-22.0,-3.9382002601611283,-120.0,12.61937743257938,16.0,-10.0,1.0,0.0,118.390708465976,-112.390708465976
E3_SITE_01_SEC_2,E3_SITE_01,0.01,V,ZERO_DBI_PROPAGATION_REFERENCE,0.0,-22.0,-3.9382002601611283,-120.0,12.61937743257938,16.0,-10.0,1.0,0.0,117.716834494682,-111.716834494682
E3_SITE_01_SEC_2,E3_SITE_01,0.005,V,ZERO_DBI_PROPAGATION_REFERENCE,0.0,-22.0,-3.9382002601611283,-120.0,12.61937743257938,16.0,-10.0,1.0,0.0,117.513977449339,-111.513977449339
E3_SITE_01_SEC_2,E3_SITE_01,50.0,H,ELEMENT_PATTERN_REFERENCE,-22.0,-22.0,-3.9382002601611283,-120.0,12.61937743257938,16.0,-10.0,1.0,0.0,120.20947068326,-136.20947068326
E3_SITE_01_SEC_2,E3_SITE_01,20.0,H,ELEMENT_PATTERN_REFERENCE,-22.0,-22.0,-3.9382002601611283,-120.0,12.61937743257938,16.0,-10.0,1.0,0.0,119.894554790291,-135.894554790291
E3_SITE_01_SEC_2,E3_SITE_01,10.0,H,ELEMENT_PATTERN_REFERENCE,-22.0,-22.0,-3.9382002601611283,-120.0,12.61937743257938,16.0,-10.0,1.0,0.0,119.729782622139,-135.729782622139
E3_SITE_01_SEC_2,E3_SITE_01,1.0,H,ELEMENT_PATTERN_REFERENCE,-22.0,-22.0,-3.9382002601611283,-120.0,12.61937743257938,16.0,-10.0,1.0,0.0,119.064581283074,-135.064581283074
E3_SITE_01_SEC_2,E3_SITE_01,0.1,H,ELEMENT_PATTERN_REFERENCE,-22.0,-22.0,-3.9382002601611283,-120.0,12.61937743257938,16.0,-10.0,1.0,0.0,118.390708465976,-134.390708465976
E3_SITE_01_SEC_2,E3_SITE_01,0.01,H,ELEMENT_PATTERN_REFERENCE,-22.0,-22.0,-3.9382002601611283,-120.0,12.61937743257938,16.0,-10.0,1.0,0.0,117.716834494682,-133.71683449468202
E3_SITE_01_SEC_2,E3_SITE_01,0.005,H,ELEMENT_PATTERN_REFERENCE,-22.0,-22.0,-3.9382002601611283,-120.0,12.61937743257938,16.0,-10.0,1.0,0.0,117.513977449339,-133.513977449339
E3_SITE_01_SEC_2,E3_SITE_01,50.0,V,ELEMENT_PATTERN_REFERENCE,-22.0,-22.0,-3.9382002601611283,-120.0,12.61937743257938,16.0,-10.0,1.0,0.0,120.20947068326,-136.20947068326
E3_SITE_01_SEC_2,E3_SITE_01,20.0,V,ELEMENT_PATTERN_REFERENCE,-22.0,-22.0,-3.9382002601611283,-120.0,12.61937743257938,16.0,-10.0,1.0,0.0,119.894554790291,-135.894554790291
E3_SITE_01_SEC_2,E3_SITE_01,10.0,V,ELEMENT_PATTERN_REFERENCE,-22.0,-22.0,-3.9382002601611283,-120.0,12.61937743257938,16.0,-10.0,1.0,0.0,119.729782622139,-135.729782622139
E3_SITE_01_SEC_2,E3_SITE_01,1.0,V,ELEMENT_PATTERN_REFERENCE,-22.0,-22.0,-3.9382002601611283,-120.0,12.61937743257938,16.0,-10.0,1.0,0.0,119.064581283074,-135.064581283074
E3_SITE_01_SEC_2,E3_SITE_01,0.1,V,ELEMENT_PATTERN_REFERENCE,-22.0,-22.0,-3.9382002601611283,-120.0,12.61937743257938,16.0,-10.0,1.0,0.0,118.390708465976,-134.390708465976
E3_SITE_01_SEC_2,E3_SITE_01,0.01,V,ELEMENT_PATTERN_REFERENCE,-22.0,-22.0,-3.9382002601611283,-120.0,12.61937743257938,16.0,-10.0,1.0,0.0,117.716834494682,-133.71683449468202
E3_SITE_01_SEC_2,E3_SITE_01,0.005,V,ELEMENT_PATTERN_REFERENCE,-22.0,-22.0,-3.9382002601611283,-120.0,12.61937743257938,16.0,-10.0,1.0,0.0,117.513977449339,-133.513977449339
E3_SITE_01_SEC_2,E3_SITE_01,50.0,H,COHERENT_ARRAY_UPPER_ENVELOPE,-3.9382002601611283,-22.0,-3.9382002601611283,-120.0,12.61937743257938,16.0,-10.0,1.0,0.0,120.20947068326,-118.14767094342112
E3_SITE_01_SEC_2,E3_SITE_01,20.0,H,COHERENT_ARRAY_UPPER_ENVELOPE,-3.9382002601611283,-22.0,-3.9382002601611283,-120.0,12.61937743257938,16.0,-10.0,1.0,0.0,119.894554790291,-117.83275505045212
E3_SITE_01_SEC_2,E3_SITE_01,10.0,H,COHERENT_ARRAY_UPPER_ENVELOPE,-3.9382002601611283,-22.0,-3.9382002601611283,-120.0,12.61937743257938,16.0,-10.0,1.0,0.0,119.729782622139,-117.66798288230012
E3_SITE_01_SEC_2,E3_SITE_01,1.0,H,COHERENT_ARRAY_UPPER_ENVELOPE,-3.9382002601611283,-22.0,-3.9382002601611283,-120.0,12.61937743257938,16.0,-10.0,1.0,0.0,119.064581283074,-117.00278154323513
E3_SITE_01_SEC_2,E3_SITE_01,0.1,H,COHERENT_ARRAY_UPPER_ENVELOPE,-3.9382002601611283,-22.0,-3.9382002601611283,-120.0,12.61937743257938,16.0,-10.0,1.0,0.0,118.390708465976,-116.32890872613713
E3_SITE_01_SEC_2,E3_SITE_01,0.01,H,COHERENT_ARRAY_UPPER_ENVELOPE,-3.9382002601611283,-22.0,-3.9382002601611283,-120.0,12.61937743257938,16.0,-10.0,1.0,0.0,117.716834494682,-115.65503475484313
E3_SITE_01_SEC_2,E3_SITE_01,0.005,H,COHERENT_ARRAY_UPPER_ENVELOPE,-3.9382002601611283,-22.0,-3.9382002601611283,-120.0,12.61937743257938,16.0,-10.0,1.0,0.0,117.513977449339,-115.45217770950012
E3_SITE_01_SEC_2,E3_SITE_01,50.0,V,COHERENT_ARRAY_UPPER_ENVELOPE,-3.9382002601611283,-22.0,-3.9382002601611283,-120.0,12.61937743257938,16.0,-10.0,1.0,0.0,120.20947068326,-118.14767094342112
E3_SITE_01_SEC_2,E3_SITE_01,20.0,V,COHERENT_ARRAY_UPPER_ENVELOPE,-3.9382002601611283,-22.0,-3.9382002601611283,-120.0,12.61937743257938,16.0,-10.0,1.0,0.0,119.894554790291,-117.83275505045212
E3_SITE_01_SEC_2,E3_SITE_01,10.0,V,COHERENT_ARRAY_UPPER_ENVELOPE,-3.9382002601611283,-22.0,-3.9382002601611283,-120.0,12.61937743257938,16.0,-10.0,1.0,0.0,119.729782622139,-117.66798288230012
E3_SITE_01_SEC_2,E3_SITE_01,1.0,V,COHERENT_ARRAY_UPPER_ENVELOPE,-3.9382002601611283,-22.0,-3.9382002601611283,-120.0,12.61937743257938,16.0,-10.0,1.0,0.0,119.064581283074,-117.00278154323513
E3_SITE_01_SEC_2,E3_SITE_01,0.1,V,COHERENT_ARRAY_UPPER_ENVELOPE,-3.9382002601611283,-22.0,-3.9382002601611283,-120.0,12.61937743257938,16.0,-10.0,1.0,0.0,118.390708465976,-116.32890872613713
E3_SITE_01_SEC_2,E3_SITE_01,0.01,V,COHERENT_ARRAY_UPPER_ENVELOPE,-3.9382002601611283,-22.0,-3.9382002601611283,-120.0,12.61937743257938,16.0,-10.0,1.0,0.0,117.716834494682,-115.65503475484313
E3_SITE_01_SEC_2,E3_SITE_01,0.005,V,COHERENT_ARRAY_UPPER_ENVELOPE,-3.9382002601611283,-22.0,-3.9382002601611283,-120.0,12.61937743257938,16.0,-10.0,1.0,0.0,117.513977449339,-115.45217770950012
E3_SITE_01_SEC_3,E3_SITE_01,50.0,H,ZERO_DBI_PROPAGATION_REFERENCE,0.0,-22.0,-3.9382002601611283,120.0,12.61937743257938,16.0,-10.0,1.0,0.0,120.20947068326,-114.20947068326
E3_SITE_01_SEC_3,E3_SITE_01,20.0,H,ZERO_DBI_PROPAGATION_REFERENCE,0.0,-22.0,-3.9382002601611283,120.0,12.61937743257938,16.0,-10.0,1.0,0.0,119.894554790291,-113.894554790291
E3_SITE_01_SEC_3,E3_SITE_01,10.0,H,ZERO_DBI_PROPAGATION_REFERENCE,0.0,-22.0,-3.9382002601611283,120.0,12.61937743257938,16.0,-10.0,1.0,0.0,119.729782622139,-113.729782622139
E3_SITE_01_SEC_3,E3_SITE_01,1.0,H,ZERO_DBI_PROPAGATION_REFERENCE,0.0,-22.0,-3.9382002601611283,120.0,12.61937743257938,16.0,-10.0,1.0,0.0,119.064581283074,-113.064581283074
E3_SITE_01_SEC_3,E3_SITE_01,0.1,H,ZERO_DBI_PROPAGATION_REFERENCE,0.0,-22.0,-3.9382002601611283,120.0,12.61937743257938,16.0,-10.0,1.0,0.0,118.390708465976,-112.390708465976
E3_SITE_01_SEC_3,E3_SITE_01,0.01,H,ZERO_DBI_PROPAGATION_REFERENCE,0.0,-22.0,-3.9382002601611283,120.0,12.61937743257938,16.0,-10.0,1.0,0.0,117.716834494682,-111.716834494682
E3_SITE_01_SEC_3,E3_SITE_01,0.005,H,ZERO_DBI_PROPAGATION_REFERENCE,0.0,-22.0,-3.9382002601611283,120.0,12.61937743257938,16.0,-10.0,1.0,0.0,117.513977449339,-111.513977449339
E3_SITE_01_SEC_3,E3_SITE_01,50.0,V,ZERO_DBI_PROPAGATION_REFERENCE,0.0,-22.0,-3.9382002601611283,120.0,12.61937743257938,16.0,-10.0,1.0,0.0,120.20947068326,-114.20947068326
E3_SITE_01_SEC_3,E3_SITE_01,20.0,V,ZERO_DBI_PROPAGATION_REFERENCE,0.0,-22.0,-3.9382002601611283,120.0,12.61937743257938,16.0,-10.0,1.0,0.0,119.894554790291,-113.894554790291
E3_SITE_01_SEC_3,E3_SITE_01,10.0,V,ZERO_DBI_PROPAGATION_REFERENCE,0.0,-22.0,-3.9382002601611283,120.0,12.61937743257938,16.0,-10.0,1.0,0.0,119.729782622139,-113.729782622139
E3_SITE_01_SEC_3,E3_SITE_01,1.0,V,ZERO_DBI_PROPAGATION_REFERENCE,0.0,-22.0,-3.9382002601611283,120.0,12.61937743257938,16.0,-10.0,1.0,0.0,119.064581283074,-113.064581283074
E3_SITE_01_SEC_3,E3_SITE_01,0.1,V,ZERO_DBI_PROPAGATION_REFERENCE,0.0,-22.0,-3.9382002601611283,120.0,12.61937743257938,16.0,-10.0,1.0,0.0,118.390708465976,-112.390708465976
E3_SITE_01_SEC_3,E3_SITE_01,0.01,V,ZERO_DBI_PROPAGATION_REFERENCE,0.0,-22.0,-3.9382002601611283,120.0,12.61937743257938,16.0,-10.0,1.0,0.0,117.716834494682,-111.716834494682
E3_SITE_01_SEC_3,E3_SITE_01,0.005,V,ZERO_DBI_PROPAGATION_REFERENCE,0.0,-22.0,-3.9382002601611283,120.0,12.61937743257938,16.0,-10.0,1.0,0.0,117.513977449339,-111.513977449339
E3_SITE_01_SEC_3,E3_SITE_01,50.0,H,ELEMENT_PATTERN_REFERENCE,-22.0,-22.0,-3.9382002601611283,120.0,12.61937743257938,16.0,-10.0,1.0,0.0,120.20947068326,-136.20947068326
E3_SITE_01_SEC_3,E3_SITE_01,20.0,H,ELEMENT_PATTERN_REFERENCE,-22.0,-22.0,-3.9382002601611283,120.0,12.61937743257938,16.0,-10.0,1.0,0.0,119.894554790291,-135.894554790291
E3_SITE_01_SEC_3,E3_SITE_01,10.0,H,ELEMENT_PATTERN_REFERENCE,-22.0,-22.0,-3.9382002601611283,120.0,12.61937743257938,16.0,-10.0,1.0,0.0,119.729782622139,-135.729782622139
E3_SITE_01_SEC_3,E3_SITE_01,1.0,H,ELEMENT_PATTERN_REFERENCE,-22.0,-22.0,-3.9382002601611283,120.0,12.61937743257938,16.0,-10.0,1.0,0.0,119.064581283074,-135.064581283074
E3_SITE_01_SEC_3,E3_SITE_01,0.1,H,ELEMENT_PATTERN_REFERENCE,-22.0,-22.0,-3.9382002601611283,120.0,12.61937743257938,16.0,-10.0,1.0,0.0,118.390708465976,-134.390708465976
E3_SITE_01_SEC_3,E3_SITE_01,0.01,H,ELEMENT_PATTERN_REFERENCE,-22.0,-22.0,-3.9382002601611283,120.0,12.61937743257938,16.0,-10.0,1.0,0.0,117.716834494682,-133.71683449468202
E3_SITE_01_SEC_3,E3_SITE_01,0.005,H,ELEMENT_PATTERN_REFERENCE,-22.0,-22.0,-3.9382002601611283,120.0,12.61937743257938,16.0,-10.0,1.0,0.0,117.513977449339,-133.513977449339
E3_SITE_01_SEC_3,E3_SITE_01,50.0,V,ELEMENT_PATTERN_REFERENCE,-22.0,-22.0,-3.9382002601611283,120.0,12.61937743257938,16.0,-10.0,1.0,0.0,120.20947068326,-136.20947068326
E3_SITE_01_SEC_3,E3_SITE_01,20.0,V,ELEMENT_PATTERN_REFERENCE,-22.0,-22.0,-3.9382002601611283,120.0,12.61937743257938,16.0,-10.0,1.0,0.0,119.894554790291,-135.894554790291
E3_SITE_01_SEC_3,E3_SITE_01,10.0,V,ELEMENT_PATTERN_REFERENCE,-22.0,-22.0,-3.9382002601611283,120.0,12.61937743257938,16.0,-10.0,1.0,0.0,119.729782622139,-135.729782622139
E3_SITE_01_SEC_3,E3_SITE_01,1.0,V,ELEMENT_PATTERN_REFERENCE,-22.0,-22.0,-3.9382002601611283,120.0,12.61937743257938,16.0,-10.0,1.0,0.0,119.064581283074,-135.064581283074
E3_SITE_01_SEC_3,E3_SITE_01,0.1,V,ELEMENT_PATTERN_REFERENCE,-22.0,-22.0,-3.9382002601611283,120.0,12.61937743257938,16.0,-10.0,1.0,0.0,118.390708465976,-134.390708465976
E3_SITE_01_SEC_3,E3_SITE_01,0.01,V,ELEMENT_PATTERN_REFERENCE,-22.0,-22.0,-3.9382002601611283,120.0,12.61937743257938,16.0,-10.0,1.0,0.0,117.716834494682,-133.71683449468202
E3_SITE_01_SEC_3,E3_SITE_01,0.005,V,ELEMENT_PATTERN_REFERENCE,-22.0,-22.0,-3.9382002601611283,120.0,12.61937743257938,16.0,-10.0,1.0,0.0,117.513977449339,-133.513977449339
E3_SITE_01_SEC_3,E3_SITE_01,50.0,H,COHERENT_ARRAY_UPPER_ENVELOPE,-3.9382002601611283,-22.0,-3.9382002601611283,120.0,12.61937743257938,16.0,-10.0,1.0,0.0,120.20947068326,-118.14767094342112
E3_SITE_01_SEC_3,E3_SITE_01,20.0,H,COHERENT_ARRAY_UPPER_ENVELOPE,-3.9382002601611283,-22.0,-3.9382002601611283,120.0,12.61937743257938,16.0,-10.0,1.0,0.0,119.894554790291,-117.83275505045212
E3_SITE_01_SEC_3,E3_SITE_01,10.0,H,COHERENT_ARRAY_UPPER_ENVELOPE,-3.9382002601611283,-22.0,-3.9382002601611283,120.0,12.61937743257938,16.0,-10.0,1.0,0.0,119.729782622139,-117.66798288230012
E3_SITE_01_SEC_3,E3_SITE_01,1.0,H,COHERENT_ARRAY_UPPER_ENVELOPE,-3.9382002601611283,-22.0,-3.9382002601611283,120.0,12.61937743257938,16.0,-10.0,1.0,0.0,119.064581283074,-117.00278154323513
E3_SITE_01_SEC_3,E3_SITE_01,0.1,H,COHERENT_ARRAY_UPPER_ENVELOPE,-3.9382002601611283,-22.0,-3.9382002601611283,120.0,12.61937743257938,16.0,-10.0,1.0,0.0,118.390708465976,-116.32890872613713
E3_SITE_01_SEC_3,E3_SITE_01,0.01,H,COHERENT_ARRAY_UPPER_ENVELOPE,-3.9382002601611283,-22.0,-3.9382002601611283,120.0,12.61937743257938,16.0,-10.0,1.0,0.0,117.716834494682,-115.65503475484313
E3_SITE_01_SEC_3,E3_SITE_01,0.005,H,COHERENT_ARRAY_UPPER_ENVELOPE,-3.9382002601611283,-22.0,-3.9382002601611283,120.0,12.61937743257938,16.0,-10.0,1.0,0.0,117.513977449339,-115.45217770950012
E3_SITE_01_SEC_3,E3_SITE_01,50.0,V,COHERENT_ARRAY_UPPER_ENVELOPE,-3.9382002601611283,-22.0,-3.9382002601611283,120.0,12.61937743257938,16.0,-10.0,1.0,0.0,120.20947068326,-118.14767094342112
E3_SITE_01_SEC_3,E3_SITE_01,20.0,V,COHERENT_ARRAY_UPPER_ENVELOPE,-3.9382002601611283,-22.0,-3.9382002601611283,120.0,12.61937743257938,16.0,-10.0,1.0,0.0,119.894554790291,-117.83275505045212
E3_SITE_01_SEC_3,E3_SITE_01,10.0,V,COHERENT_ARRAY_UPPER_ENVELOPE,-3.9382002601611283,-22.0,-3.9382002601611283,120.0,12.61937743257938,16.0,-10.0,1.0,0.0,119.729782622139,-117.66798288230012
E3_SITE_01_SEC_3,E3_SITE_01,1.0,V,COHERENT_ARRAY_UPPER_ENVELOPE,-3.9382002601611283,-22.0,-3.9382002601611283,120.0,12.61937743257938,16.0,-10.0,1.0,0.0,119.064581283074,-117.00278154323513
E3_SITE_01_SEC_3,E3_SITE_01,0.1,V,COHERENT_ARRAY_UPPER_ENVELOPE,-3.9382002601611283,-22.0,-3.9382002601611283,120.0,12.61937743257938,16.0,-10.0,1.0,0.0,118.390708465976,-116.32890872613713
E3_SITE_01_SEC_3,E3_SITE_01,0.01,V,COHERENT_ARRAY_UPPER_ENVELOPE,-3.9382002601611283,-22.0,-3.9382002601611283,120.0,12.61937743257938,16.0,-10.0,1.0,0.0,117.716834494682,-115.65503475484313
E3_SITE_01_SEC_3,E3_SITE_01,0.005,V,COHERENT_ARRAY_UPPER_ENVELOPE,-3.9382002601611283,-22.0,-3.9382002601611283,120.0,12.61937743257938,16.0,-10.0,1.0,0.0,117.513977449339,-115.45217770950012
E3_SITE_02_SEC_1,E3_SITE_02,50.0,H,ZERO_DBI_PROPAGATION_REFERENCE,0.0,7.615050642850642,25.676850382689516,0.0,11.641917918868424,16.0,-10.0,1.0,0.0,121.54866990931,-115.54866990931
E3_SITE_02_SEC_1,E3_SITE_02,20.0,H,ZERO_DBI_PROPAGATION_REFERENCE,0.0,7.615050642850642,25.676850382689516,0.0,11.641917918868424,16.0,-10.0,1.0,0.0,121.189096827102,-115.189096827102
E3_SITE_02_SEC_1,E3_SITE_02,10.0,H,ZERO_DBI_PROPAGATION_REFERENCE,0.0,7.615050642850642,25.676850382689516,0.0,11.641917918868424,16.0,-10.0,1.0,0.0,121.000958858685,-115.000958858685
E3_SITE_02_SEC_1,E3_SITE_02,1.0,H,ZERO_DBI_PROPAGATION_REFERENCE,0.0,7.615050642850642,25.676850382689516,0.0,11.641917918868424,16.0,-10.0,1.0,0.0,120.244182088019,-114.244182088019
E3_SITE_02_SEC_1,E3_SITE_02,0.1,H,ZERO_DBI_PROPAGATION_REFERENCE,0.0,7.615050642850642,25.676850382689516,0.0,11.641917918868424,16.0,-10.0,1.0,0.0,119.476370952635,-113.476370952635
E3_SITE_02_SEC_1,E3_SITE_02,0.01,H,ZERO_DBI_PROPAGATION_REFERENCE,0.0,7.615050642850642,25.676850382689516,0.0,11.641917918868424,16.0,-10.0,1.0,0.0,118.708558849894,-112.708558849894
E3_SITE_02_SEC_1,E3_SITE_02,0.005,H,ZERO_DBI_PROPAGATION_REFERENCE,0.0,7.615050642850642,25.676850382689516,0.0,11.641917918868424,16.0,-10.0,1.0,0.0,118.477423751476,-112.477423751476
E3_SITE_02_SEC_1,E3_SITE_02,50.0,V,ZERO_DBI_PROPAGATION_REFERENCE,0.0,7.615050642850642,25.676850382689516,0.0,11.641917918868424,16.0,-10.0,1.0,0.0,121.54866990931,-115.54866990931
E3_SITE_02_SEC_1,E3_SITE_02,20.0,V,ZERO_DBI_PROPAGATION_REFERENCE,0.0,7.615050642850642,25.676850382689516,0.0,11.641917918868424,16.0,-10.0,1.0,0.0,121.189096827102,-115.189096827102
E3_SITE_02_SEC_1,E3_SITE_02,10.0,V,ZERO_DBI_PROPAGATION_REFERENCE,0.0,7.615050642850642,25.676850382689516,0.0,11.641917918868424,16.0,-10.0,1.0,0.0,121.000958858685,-115.000958858685
E3_SITE_02_SEC_1,E3_SITE_02,1.0,V,ZERO_DBI_PROPAGATION_REFERENCE,0.0,7.615050642850642,25.676850382689516,0.0,11.641917918868424,16.0,-10.0,1.0,0.0,120.244182088019,-114.244182088019
E3_SITE_02_SEC_1,E3_SITE_02,0.1,V,ZERO_DBI_PROPAGATION_REFERENCE,0.0,7.615050642850642,25.676850382689516,0.0,11.641917918868424,16.0,-10.0,1.0,0.0,119.476370952635,-113.476370952635
E3_SITE_02_SEC_1,E3_SITE_02,0.01,V,ZERO_DBI_PROPAGATION_REFERENCE,0.0,7.615050642850642,25.676850382689516,0.0,11.641917918868424,16.0,-10.0,1.0,0.0,118.708558849894,-112.708558849894
E3_SITE_02_SEC_1,E3_SITE_02,0.005,V,ZERO_DBI_PROPAGATION_REFERENCE,0.0,7.615050642850642,25.676850382689516,0.0,11.641917918868424,16.0,-10.0,1.0,0.0,118.477423751476,-112.477423751476
E3_SITE_02_SEC_1,E3_SITE_02,50.0,H,ELEMENT_PATTERN_REFERENCE,7.615050642850642,7.615050642850642,25.676850382689516,0.0,11.641917918868424,16.0,-10.0,1.0,0.0,121.54866990931,-107.93361926645936
E3_SITE_02_SEC_1,E3_SITE_02,20.0,H,ELEMENT_PATTERN_REFERENCE,7.615050642850642,7.615050642850642,25.676850382689516,0.0,11.641917918868424,16.0,-10.0,1.0,0.0,121.189096827102,-107.57404618425136
E3_SITE_02_SEC_1,E3_SITE_02,10.0,H,ELEMENT_PATTERN_REFERENCE,7.615050642850642,7.615050642850642,25.676850382689516,0.0,11.641917918868424,16.0,-10.0,1.0,0.0,121.000958858685,-107.38590821583436
E3_SITE_02_SEC_1,E3_SITE_02,1.0,H,ELEMENT_PATTERN_REFERENCE,7.615050642850642,7.615050642850642,25.676850382689516,0.0,11.641917918868424,16.0,-10.0,1.0,0.0,120.244182088019,-106.62913144516835
E3_SITE_02_SEC_1,E3_SITE_02,0.1,H,ELEMENT_PATTERN_REFERENCE,7.615050642850642,7.615050642850642,25.676850382689516,0.0,11.641917918868424,16.0,-10.0,1.0,0.0,119.476370952635,-105.86132030978436
E3_SITE_02_SEC_1,E3_SITE_02,0.01,H,ELEMENT_PATTERN_REFERENCE,7.615050642850642,7.615050642850642,25.676850382689516,0.0,11.641917918868424,16.0,-10.0,1.0,0.0,118.708558849894,-105.09350820704336
E3_SITE_02_SEC_1,E3_SITE_02,0.005,H,ELEMENT_PATTERN_REFERENCE,7.615050642850642,7.615050642850642,25.676850382689516,0.0,11.641917918868424,16.0,-10.0,1.0,0.0,118.477423751476,-104.86237310862536
E3_SITE_02_SEC_1,E3_SITE_02,50.0,V,ELEMENT_PATTERN_REFERENCE,7.615050642850642,7.615050642850642,25.676850382689516,0.0,11.641917918868424,16.0,-10.0,1.0,0.0,121.54866990931,-107.93361926645936
E3_SITE_02_SEC_1,E3_SITE_02,20.0,V,ELEMENT_PATTERN_REFERENCE,7.615050642850642,7.615050642850642,25.676850382689516,0.0,11.641917918868424,16.0,-10.0,1.0,0.0,121.189096827102,-107.57404618425136
E3_SITE_02_SEC_1,E3_SITE_02,10.0,V,ELEMENT_PATTERN_REFERENCE,7.615050642850642,7.615050642850642,25.676850382689516,0.0,11.641917918868424,16.0,-10.0,1.0,0.0,121.000958858685,-107.38590821583436
E3_SITE_02_SEC_1,E3_SITE_02,1.0,V,ELEMENT_PATTERN_REFERENCE,7.615050642850642,7.615050642850642,25.676850382689516,0.0,11.641917918868424,16.0,-10.0,1.0,0.0,120.244182088019,-106.62913144516835
E3_SITE_02_SEC_1,E3_SITE_02,0.1,V,ELEMENT_PATTERN_REFERENCE,7.615050642850642,7.615050642850642,25.676850382689516,0.0,11.641917918868424,16.0,-10.0,1.0,0.0,119.476370952635,-105.86132030978436
E3_SITE_02_SEC_1,E3_SITE_02,0.01,V,ELEMENT_PATTERN_REFERENCE,7.615050642850642,7.615050642850642,25.676850382689516,0.0,11.641917918868424,16.0,-10.0,1.0,0.0,118.708558849894,-105.09350820704336
E3_SITE_02_SEC_1,E3_SITE_02,0.005,V,ELEMENT_PATTERN_REFERENCE,7.615050642850642,7.615050642850642,25.676850382689516,0.0,11.641917918868424,16.0,-10.0,1.0,0.0,118.477423751476,-104.86237310862536
E3_SITE_02_SEC_1,E3_SITE_02,50.0,H,COHERENT_ARRAY_UPPER_ENVELOPE,25.676850382689516,7.615050642850642,25.676850382689516,0.0,11.641917918868424,16.0,-10.0,1.0,0.0,121.54866990931,-89.87181952662047
E3_SITE_02_SEC_1,E3_SITE_02,20.0,H,COHERENT_ARRAY_UPPER_ENVELOPE,25.676850382689516,7.615050642850642,25.676850382689516,0.0,11.641917918868424,16.0,-10.0,1.0,0.0,121.189096827102,-89.51224644441248
E3_SITE_02_SEC_1,E3_SITE_02,10.0,H,COHERENT_ARRAY_UPPER_ENVELOPE,25.676850382689516,7.615050642850642,25.676850382689516,0.0,11.641917918868424,16.0,-10.0,1.0,0.0,121.000958858685,-89.32410847599547
E3_SITE_02_SEC_1,E3_SITE_02,1.0,H,COHERENT_ARRAY_UPPER_ENVELOPE,25.676850382689516,7.615050642850642,25.676850382689516,0.0,11.641917918868424,16.0,-10.0,1.0,0.0,120.244182088019,-88.56733170532948
E3_SITE_02_SEC_1,E3_SITE_02,0.1,H,COHERENT_ARRAY_UPPER_ENVELOPE,25.676850382689516,7.615050642850642,25.676850382689516,0.0,11.641917918868424,16.0,-10.0,1.0,0.0,119.476370952635,-87.79952056994549
E3_SITE_02_SEC_1,E3_SITE_02,0.01,H,COHERENT_ARRAY_UPPER_ENVELOPE,25.676850382689516,7.615050642850642,25.676850382689516,0.0,11.641917918868424,16.0,-10.0,1.0,0.0,118.708558849894,-87.03170846720448
E3_SITE_02_SEC_1,E3_SITE_02,0.005,H,COHERENT_ARRAY_UPPER_ENVELOPE,25.676850382689516,7.615050642850642,25.676850382689516,0.0,11.641917918868424,16.0,-10.0,1.0,0.0,118.477423751476,-86.80057336878647
E3_SITE_02_SEC_1,E3_SITE_02,50.0,V,COHERENT_ARRAY_UPPER_ENVELOPE,25.676850382689516,7.615050642850642,25.676850382689516,0.0,11.641917918868424,16.0,-10.0,1.0,0.0,121.54866990931,-89.87181952662047
E3_SITE_02_SEC_1,E3_SITE_02,20.0,V,COHERENT_ARRAY_UPPER_ENVELOPE,25.676850382689516,7.615050642850642,25.676850382689516,0.0,11.641917918868424,16.0,-10.0,1.0,0.0,121.189096827102,-89.51224644441248
E3_SITE_02_SEC_1,E3_SITE_02,10.0,V,COHERENT_ARRAY_UPPER_ENVELOPE,25.676850382689516,7.615050642850642,25.676850382689516,0.0,11.641917918868424,16.0,-10.0,1.0,0.0,121.000958858685,-89.32410847599547
E3_SITE_02_SEC_1,E3_SITE_02,1.0,V,COHERENT_ARRAY_UPPER_ENVELOPE,25.676850382689516,7.615050642850642,25.676850382689516,0.0,11.641917918868424,16.0,-10.0,1.0,0.0,120.244182088019,-88.56733170532948
E3_SITE_02_SEC_1,E3_SITE_02,0.1,V,COHERENT_ARRAY_UPPER_ENVELOPE,25.676850382689516,7.615050642850642,25.676850382689516,0.0,11.641917918868424,16.0,-10.0,1.0,0.0,119.476370952635,-87.79952056994549
E3_SITE_02_SEC_1,E3_SITE_02,0.01,V,COHERENT_ARRAY_UPPER_ENVELOPE,25.676850382689516,7.615050642850642,25.676850382689516,0.0,11.641917918868424,16.0,-10.0,1.0,0.0,118.708558849894,-87.03170846720448
E3_SITE_02_SEC_1,E3_SITE_02,0.005,V,COHERENT_ARRAY_UPPER_ENVELOPE,25.676850382689516,7.615050642850642,25.676850382689516,0.0,11.641917918868424,16.0,-10.0,1.0,0.0,118.477423751476,-86.80057336878647
E3_SITE_02_SEC_2,E3_SITE_02,50.0,H,ZERO_DBI_PROPAGATION_REFERENCE,0.0,-22.0,-3.9382002601611283,-120.0,11.641917918868424,16.0,-10.0,1.0,0.0,121.54866990931,-115.54866990931
E3_SITE_02_SEC_2,E3_SITE_02,20.0,H,ZERO_DBI_PROPAGATION_REFERENCE,0.0,-22.0,-3.9382002601611283,-120.0,11.641917918868424,16.0,-10.0,1.0,0.0,121.189096827102,-115.189096827102
E3_SITE_02_SEC_2,E3_SITE_02,10.0,H,ZERO_DBI_PROPAGATION_REFERENCE,0.0,-22.0,-3.9382002601611283,-120.0,11.641917918868424,16.0,-10.0,1.0,0.0,121.000958858685,-115.000958858685
E3_SITE_02_SEC_2,E3_SITE_02,1.0,H,ZERO_DBI_PROPAGATION_REFERENCE,0.0,-22.0,-3.9382002601611283,-120.0,11.641917918868424,16.0,-10.0,1.0,0.0,120.244182088019,-114.244182088019
E3_SITE_02_SEC_2,E3_SITE_02,0.1,H,ZERO_DBI_PROPAGATION_REFERENCE,0.0,-22.0,-3.9382002601611283,-120.0,11.641917918868424,16.0,-10.0,1.0,0.0,119.476370952635,-113.476370952635
E3_SITE_02_SEC_2,E3_SITE_02,0.01,H,ZERO_DBI_PROPAGATION_REFERENCE,0.0,-22.0,-3.9382002601611283,-120.0,11.641917918868424,16.0,-10.0,1.0,0.0,118.708558849894,-112.708558849894
E3_SITE_02_SEC_2,E3_SITE_02,0.005,H,ZERO_DBI_PROPAGATION_REFERENCE,0.0,-22.0,-3.9382002601611283,-120.0,11.641917918868424,16.0,-10.0,1.0,0.0,118.477423751476,-112.477423751476
E3_SITE_02_SEC_2,E3_SITE_02,50.0,V,ZERO_DBI_PROPAGATION_REFERENCE,0.0,-22.0,-3.9382002601611283,-120.0,11.641917918868424,16.0,-10.0,1.0,0.0,121.54866990931,-115.54866990931
E3_SITE_02_SEC_2,E3_SITE_02,20.0,V,ZERO_DBI_PROPAGATION_REFERENCE,0.0,-22.0,-3.9382002601611283,-120.0,11.641917918868424,16.0,-10.0,1.0,0.0,121.189096827102,-115.189096827102
E3_SITE_02_SEC_2,E3_SITE_02,10.0,V,ZERO_DBI_PROPAGATION_REFERENCE,0.0,-22.0,-3.9382002601611283,-120.0,11.641917918868424,16.0,-10.0,1.0,0.0,121.000958858685,-115.000958858685
E3_SITE_02_SEC_2,E3_SITE_02,1.0,V,ZERO_DBI_PROPAGATION_REFERENCE,0.0,-22.0,-3.9382002601611283,-120.0,11.641917918868424,16.0,-10.0,1.0,0.0,120.244182088019,-114.244182088019
E3_SITE_02_SEC_2,E3_SITE_02,0.1,V,ZERO_DBI_PROPAGATION_REFERENCE,0.0,-22.0,-3.9382002601611283,-120.0,11.641917918868424,16.0,-10.0,1.0,0.0,119.476370952635,-113.476370952635
E3_SITE_02_SEC_2,E3_SITE_02,0.01,V,ZERO_DBI_PROPAGATION_REFERENCE,0.0,-22.0,-3.9382002601611283,-120.0,11.641917918868424,16.0,-10.0,1.0,0.0,118.708558849894,-112.708558849894
E3_SITE_02_SEC_2,E3_SITE_02,0.005,V,ZERO_DBI_PROPAGATION_REFERENCE,0.0,-22.0,-3.9382002601611283,-120.0,11.641917918868424,16.0,-10.0,1.0,0.0,118.477423751476,-112.477423751476
E3_SITE_02_SEC_2,E3_SITE_02,50.0,H,ELEMENT_PATTERN_REFERENCE,-22.0,-22.0,-3.9382002601611283,-120.0,11.641917918868424,16.0,-10.0,1.0,0.0,121.54866990931,-137.54866990930998
E3_SITE_02_SEC_2,E3_SITE_02,20.0,H,ELEMENT_PATTERN_REFERENCE,-22.0,-22.0,-3.9382002601611283,-120.0,11.641917918868424,16.0,-10.0,1.0,0.0,121.189096827102,-137.189096827102
E3_SITE_02_SEC_2,E3_SITE_02,10.0,H,ELEMENT_PATTERN_REFERENCE,-22.0,-22.0,-3.9382002601611283,-120.0,11.641917918868424,16.0,-10.0,1.0,0.0,121.000958858685,-137.000958858685
E3_SITE_02_SEC_2,E3_SITE_02,1.0,H,ELEMENT_PATTERN_REFERENCE,-22.0,-22.0,-3.9382002601611283,-120.0,11.641917918868424,16.0,-10.0,1.0,0.0,120.244182088019,-136.244182088019
E3_SITE_02_SEC_2,E3_SITE_02,0.1,H,ELEMENT_PATTERN_REFERENCE,-22.0,-22.0,-3.9382002601611283,-120.0,11.641917918868424,16.0,-10.0,1.0,0.0,119.476370952635,-135.476370952635
E3_SITE_02_SEC_2,E3_SITE_02,0.01,H,ELEMENT_PATTERN_REFERENCE,-22.0,-22.0,-3.9382002601611283,-120.0,11.641917918868424,16.0,-10.0,1.0,0.0,118.708558849894,-134.70855884989402
E3_SITE_02_SEC_2,E3_SITE_02,0.005,H,ELEMENT_PATTERN_REFERENCE,-22.0,-22.0,-3.9382002601611283,-120.0,11.641917918868424,16.0,-10.0,1.0,0.0,118.477423751476,-134.477423751476
E3_SITE_02_SEC_2,E3_SITE_02,50.0,V,ELEMENT_PATTERN_REFERENCE,-22.0,-22.0,-3.9382002601611283,-120.0,11.641917918868424,16.0,-10.0,1.0,0.0,121.54866990931,-137.54866990930998
E3_SITE_02_SEC_2,E3_SITE_02,20.0,V,ELEMENT_PATTERN_REFERENCE,-22.0,-22.0,-3.9382002601611283,-120.0,11.641917918868424,16.0,-10.0,1.0,0.0,121.189096827102,-137.189096827102
E3_SITE_02_SEC_2,E3_SITE_02,10.0,V,ELEMENT_PATTERN_REFERENCE,-22.0,-22.0,-3.9382002601611283,-120.0,11.641917918868424,16.0,-10.0,1.0,0.0,121.000958858685,-137.000958858685
E3_SITE_02_SEC_2,E3_SITE_02,1.0,V,ELEMENT_PATTERN_REFERENCE,-22.0,-22.0,-3.9382002601611283,-120.0,11.641917918868424,16.0,-10.0,1.0,0.0,120.244182088019,-136.244182088019
E3_SITE_02_SEC_2,E3_SITE_02,0.1,V,ELEMENT_PATTERN_REFERENCE,-22.0,-22.0,-3.9382002601611283,-120.0,11.641917918868424,16.0,-10.0,1.0,0.0,119.476370952635,-135.476370952635
E3_SITE_02_SEC_2,E3_SITE_02,0.01,V,ELEMENT_PATTERN_REFERENCE,-22.0,-22.0,-3.9382002601611283,-120.0,11.641917918868424,16.0,-10.0,1.0,0.0,118.708558849894,-134.70855884989402
E3_SITE_02_SEC_2,E3_SITE_02,0.005,V,ELEMENT_PATTERN_REFERENCE,-22.0,-22.0,-3.9382002601611283,-120.0,11.641917918868424,16.0,-10.0,1.0,0.0,118.477423751476,-134.477423751476
E3_SITE_02_SEC_2,E3_SITE_02,50.0,H,COHERENT_ARRAY_UPPER_ENVELOPE,-3.9382002601611283,-22.0,-3.9382002601611283,-120.0,11.641917918868424,16.0,-10.0,1.0,0.0,121.54866990931,-119.48687016947112
E3_SITE_02_SEC_2,E3_SITE_02,20.0,H,COHERENT_ARRAY_UPPER_ENVELOPE,-3.9382002601611283,-22.0,-3.9382002601611283,-120.0,11.641917918868424,16.0,-10.0,1.0,0.0,121.189096827102,-119.12729708726313
E3_SITE_02_SEC_2,E3_SITE_02,10.0,H,COHERENT_ARRAY_UPPER_ENVELOPE,-3.9382002601611283,-22.0,-3.9382002601611283,-120.0,11.641917918868424,16.0,-10.0,1.0,0.0,121.000958858685,-118.93915911884612
E3_SITE_02_SEC_2,E3_SITE_02,1.0,H,COHERENT_ARRAY_UPPER_ENVELOPE,-3.9382002601611283,-22.0,-3.9382002601611283,-120.0,11.641917918868424,16.0,-10.0,1.0,0.0,120.244182088019,-118.18238234818013
E3_SITE_02_SEC_2,E3_SITE_02,0.1,H,COHERENT_ARRAY_UPPER_ENVELOPE,-3.9382002601611283,-22.0,-3.9382002601611283,-120.0,11.641917918868424,16.0,-10.0,1.0,0.0,119.476370952635,-117.41457121279612
E3_SITE_02_SEC_2,E3_SITE_02,0.01,H,COHERENT_ARRAY_UPPER_ENVELOPE,-3.9382002601611283,-22.0,-3.9382002601611283,-120.0,11.641917918868424,16.0,-10.0,1.0,0.0,118.708558849894,-116.64675911005513
E3_SITE_02_SEC_2,E3_SITE_02,0.005,H,COHERENT_ARRAY_UPPER_ENVELOPE,-3.9382002601611283,-22.0,-3.9382002601611283,-120.0,11.641917918868424,16.0,-10.0,1.0,0.0,118.477423751476,-116.41562401163712
E3_SITE_02_SEC_2,E3_SITE_02,50.0,V,COHERENT_ARRAY_UPPER_ENVELOPE,-3.9382002601611283,-22.0,-3.9382002601611283,-120.0,11.641917918868424,16.0,-10.0,1.0,0.0,121.54866990931,-119.48687016947112
E3_SITE_02_SEC_2,E3_SITE_02,20.0,V,COHERENT_ARRAY_UPPER_ENVELOPE,-3.9382002601611283,-22.0,-3.9382002601611283,-120.0,11.641917918868424,16.0,-10.0,1.0,0.0,121.189096827102,-119.12729708726313
E3_SITE_02_SEC_2,E3_SITE_02,10.0,V,COHERENT_ARRAY_UPPER_ENVELOPE,-3.9382002601611283,-22.0,-3.9382002601611283,-120.0,11.641917918868424,16.0,-10.0,1.0,0.0,121.000958858685,-118.93915911884612
E3_SITE_02_SEC_2,E3_SITE_02,1.0,V,COHERENT_ARRAY_UPPER_ENVELOPE,-3.9382002601611283,-22.0,-3.9382002601611283,-120.0,11.641917918868424,16.0,-10.0,1.0,0.0,120.244182088019,-118.18238234818013
E3_SITE_02_SEC_2,E3_SITE_02,0.1,V,COHERENT_ARRAY_UPPER_ENVELOPE,-3.9382002601611283,-22.0,-3.9382002601611283,-120.0,11.641917918868424,16.0,-10.0,1.0,0.0,119.476370952635,-117.41457121279612
E3_SITE_02_SEC_2,E3_SITE_02,0.01,V,COHERENT_ARRAY_UPPER_ENVELOPE,-3.9382002601611283,-22.0,-3.9382002601611283,-120.0,11.641917918868424,16.0,-10.0,1.0,0.0,118.708558849894,-116.64675911005513
E3_SITE_02_SEC_2,E3_SITE_02,0.005,V,COHERENT_ARRAY_UPPER_ENVELOPE,-3.9382002601611283,-22.0,-3.9382002601611283,-120.0,11.641917918868424,16.0,-10.0,1.0,0.0,118.477423751476,-116.41562401163712
E3_SITE_02_SEC_3,E3_SITE_02,50.0,H,ZERO_DBI_PROPAGATION_REFERENCE,0.0,-22.0,-3.9382002601611283,120.0,11.641917918868424,16.0,-10.0,1.0,0.0,121.54866990931,-115.54866990931
E3_SITE_02_SEC_3,E3_SITE_02,20.0,H,ZERO_DBI_PROPAGATION_REFERENCE,0.0,-22.0,-3.9382002601611283,120.0,11.641917918868424,16.0,-10.0,1.0,0.0,121.189096827102,-115.189096827102
E3_SITE_02_SEC_3,E3_SITE_02,10.0,H,ZERO_DBI_PROPAGATION_REFERENCE,0.0,-22.0,-3.9382002601611283,120.0,11.641917918868424,16.0,-10.0,1.0,0.0,121.000958858685,-115.000958858685
E3_SITE_02_SEC_3,E3_SITE_02,1.0,H,ZERO_DBI_PROPAGATION_REFERENCE,0.0,-22.0,-3.9382002601611283,120.0,11.641917918868424,16.0,-10.0,1.0,0.0,120.244182088019,-114.244182088019
E3_SITE_02_SEC_3,E3_SITE_02,0.1,H,ZERO_DBI_PROPAGATION_REFERENCE,0.0,-22.0,-3.9382002601611283,120.0,11.641917918868424,16.0,-10.0,1.0,0.0,119.476370952635,-113.476370952635
E3_SITE_02_SEC_3,E3_SITE_02,0.01,H,ZERO_DBI_PROPAGATION_REFERENCE,0.0,-22.0,-3.9382002601611283,120.0,11.641917918868424,16.0,-10.0,1.0,0.0,118.708558849894,-112.708558849894
E3_SITE_02_SEC_3,E3_SITE_02,0.005,H,ZERO_DBI_PROPAGATION_REFERENCE,0.0,-22.0,-3.9382002601611283,120.0,11.641917918868424,16.0,-10.0,1.0,0.0,118.477423751476,-112.477423751476
E3_SITE_02_SEC_3,E3_SITE_02,50.0,V,ZERO_DBI_PROPAGATION_REFERENCE,0.0,-22.0,-3.9382002601611283,120.0,11.641917918868424,16.0,-10.0,1.0,0.0,121.54866990931,-115.54866990931
E3_SITE_02_SEC_3,E3_SITE_02,20.0,V,ZERO_DBI_PROPAGATION_REFERENCE,0.0,-22.0,-3.9382002601611283,120.0,11.641917918868424,16.0,-10.0,1.0,0.0,121.189096827102,-115.189096827102
E3_SITE_02_SEC_3,E3_SITE_02,10.0,V,ZERO_DBI_PROPAGATION_REFERENCE,0.0,-22.0,-3.9382002601611283,120.0,11.641917918868424,16.0,-10.0,1.0,0.0,121.000958858685,-115.000958858685
E3_SITE_02_SEC_3,E3_SITE_02,1.0,V,ZERO_DBI_PROPAGATION_REFERENCE,0.0,-22.0,-3.9382002601611283,120.0,11.641917918868424,16.0,-10.0,1.0,0.0,120.244182088019,-114.244182088019
E3_SITE_02_SEC_3,E3_SITE_02,0.1,V,ZERO_DBI_PROPAGATION_REFERENCE,0.0,-22.0,-3.9382002601611283,120.0,11.641917918868424,16.0,-10.0,1.0,0.0,119.476370952635,-113.476370952635
E3_SITE_02_SEC_3,E3_SITE_02,0.01,V,ZERO_DBI_PROPAGATION_REFERENCE,0.0,-22.0,-3.9382002601611283,120.0,11.641917918868424,16.0,-10.0,1.0,0.0,118.708558849894,-112.708558849894
E3_SITE_02_SEC_3,E3_SITE_02,0.005,V,ZERO_DBI_PROPAGATION_REFERENCE,0.0,-22.0,-3.9382002601611283,120.0,11.641917918868424,16.0,-10.0,1.0,0.0,118.477423751476,-112.477423751476
E3_SITE_02_SEC_3,E3_SITE_02,50.0,H,ELEMENT_PATTERN_REFERENCE,-22.0,-22.0,-3.9382002601611283,120.0,11.641917918868424,16.0,-10.0,1.0,0.0,121.54866990931,-137.54866990930998
E3_SITE_02_SEC_3,E3_SITE_02,20.0,H,ELEMENT_PATTERN_REFERENCE,-22.0,-22.0,-3.9382002601611283,120.0,11.641917918868424,16.0,-10.0,1.0,0.0,121.189096827102,-137.189096827102
E3_SITE_02_SEC_3,E3_SITE_02,10.0,H,ELEMENT_PATTERN_REFERENCE,-22.0,-22.0,-3.9382002601611283,120.0,11.641917918868424,16.0,-10.0,1.0,0.0,121.000958858685,-137.000958858685
E3_SITE_02_SEC_3,E3_SITE_02,1.0,H,ELEMENT_PATTERN_REFERENCE,-22.0,-22.0,-3.9382002601611283,120.0,11.641917918868424,16.0,-10.0,1.0,0.0,120.244182088019,-136.244182088019
E3_SITE_02_SEC_3,E3_SITE_02,0.1,H,ELEMENT_PATTERN_REFERENCE,-22.0,-22.0,-3.9382002601611283,120.0,11.641917918868424,16.0,-10.0,1.0,0.0,119.476370952635,-135.476370952635
E3_SITE_02_SEC_3,E3_SITE_02,0.01,H,ELEMENT_PATTERN_REFERENCE,-22.0,-22.0,-3.9382002601611283,120.0,11.641917918868424,16.0,-10.0,1.0,0.0,118.708558849894,-134.70855884989402
E3_SITE_02_SEC_3,E3_SITE_02,0.005,H,ELEMENT_PATTERN_REFERENCE,-22.0,-22.0,-3.9382002601611283,120.0,11.641917918868424,16.0,-10.0,1.0,0.0,118.477423751476,-134.477423751476
E3_SITE_02_SEC_3,E3_SITE_02,50.0,V,ELEMENT_PATTERN_REFERENCE,-22.0,-22.0,-3.9382002601611283,120.0,11.641917918868424,16.0,-10.0,1.0,0.0,121.54866990931,-137.54866990930998
E3_SITE_02_SEC_3,E3_SITE_02,20.0,V,ELEMENT_PATTERN_REFERENCE,-22.0,-22.0,-3.9382002601611283,120.0,11.641917918868424,16.0,-10.0,1.0,0.0,121.189096827102,-137.189096827102
E3_SITE_02_SEC_3,E3_SITE_02,10.0,V,ELEMENT_PATTERN_REFERENCE,-22.0,-22.0,-3.9382002601611283,120.0,11.641917918868424,16.0,-10.0,1.0,0.0,121.000958858685,-137.000958858685
E3_SITE_02_SEC_3,E3_SITE_02,1.0,V,ELEMENT_PATTERN_REFERENCE,-22.0,-22.0,-3.9382002601611283,120.0,11.641917918868424,16.0,-10.0,1.0,0.0,120.244182088019,-136.244182088019
E3_SITE_02_SEC_3,E3_SITE_02,0.1,V,ELEMENT_PATTERN_REFERENCE,-22.0,-22.0,-3.9382002601611283,120.0,11.641917918868424,16.0,-10.0,1.0,0.0,119.476370952635,-135.476370952635
E3_SITE_02_SEC_3,E3_SITE_02,0.01,V,ELEMENT_PATTERN_REFERENCE,-22.0,-22.0,-3.9382002601611283,120.0,11.641917918868424,16.0,-10.0,1.0,0.0,118.708558849894,-134.70855884989402
E3_SITE_02_SEC_3,E3_SITE_02,0.005,V,ELEMENT_PATTERN_REFERENCE,-22.0,-22.0,-3.9382002601611283,120.0,11.641917918868424,16.0,-10.0,1.0,0.0,118.477423751476,-134.477423751476
E3_SITE_02_SEC_3,E3_SITE_02,50.0,H,COHERENT_ARRAY_UPPER_ENVELOPE,-3.9382002601611283,-22.0,-3.9382002601611283,120.0,11.641917918868424,16.0,-10.0,1.0,0.0,121.54866990931,-119.48687016947112
E3_SITE_02_SEC_3,E3_SITE_02,20.0,H,COHERENT_ARRAY_UPPER_ENVELOPE,-3.9382002601611283,-22.0,-3.9382002601611283,120.0,11.641917918868424,16.0,-10.0,1.0,0.0,121.189096827102,-119.12729708726313
E3_SITE_02_SEC_3,E3_SITE_02,10.0,H,COHERENT_ARRAY_UPPER_ENVELOPE,-3.9382002601611283,-22.0,-3.9382002601611283,120.0,11.641917918868424,16.0,-10.0,1.0,0.0,121.000958858685,-118.93915911884612
E3_SITE_02_SEC_3,E3_SITE_02,1.0,H,COHERENT_ARRAY_UPPER_ENVELOPE,-3.9382002601611283,-22.0,-3.9382002601611283,120.0,11.641917918868424,16.0,-10.0,1.0,0.0,120.244182088019,-118.18238234818013
E3_SITE_02_SEC_3,E3_SITE_02,0.1,H,COHERENT_ARRAY_UPPER_ENVELOPE,-3.9382002601611283,-22.0,-3.9382002601611283,120.0,11.641917918868424,16.0,-10.0,1.0,0.0,119.476370952635,-117.41457121279612
E3_SITE_02_SEC_3,E3_SITE_02,0.01,H,COHERENT_ARRAY_UPPER_ENVELOPE,-3.9382002601611283,-22.0,-3.9382002601611283,120.0,11.641917918868424,16.0,-10.0,1.0,0.0,118.708558849894,-116.64675911005513
E3_SITE_02_SEC_3,E3_SITE_02,0.005,H,COHERENT_ARRAY_UPPER_ENVELOPE,-3.9382002601611283,-22.0,-3.9382002601611283,120.0,11.641917918868424,16.0,-10.0,1.0,0.0,118.477423751476,-116.41562401163712
E3_SITE_02_SEC_3,E3_SITE_02,50.0,V,COHERENT_ARRAY_UPPER_ENVELOPE,-3.9382002601611283,-22.0,-3.9382002601611283,120.0,11.641917918868424,16.0,-10.0,1.0,0.0,121.54866990931,-119.48687016947112
E3_SITE_02_SEC_3,E3_SITE_02,20.0,V,COHERENT_ARRAY_UPPER_ENVELOPE,-3.9382002601611283,-22.0,-3.9382002601611283,120.0,11.641917918868424,16.0,-10.0,1.0,0.0,121.189096827102,-119.12729708726313
E3_SITE_02_SEC_3,E3_SITE_02,10.0,V,COHERENT_ARRAY_UPPER_ENVELOPE,-3.9382002601611283,-22.0,-3.9382002601611283,120.0,11.641917918868424,16.0,-10.0,1.0,0.0,121.000958858685,-118.93915911884612
E3_SITE_02_SEC_3,E3_SITE_02,1.0,V,COHERENT_ARRAY_UPPER_ENVELOPE,-3.9382002601611283,-22.0,-3.9382002601611283,120.0,11.641917918868424,16.0,-10.0,1.0,0.0,120.244182088019,-118.18238234818013
E3_SITE_02_SEC_3,E3_SITE_02,0.1,V,COHERENT_ARRAY_UPPER_ENVELOPE,-3.9382002601611283,-22.0,-3.9382002601611283,120.0,11.641917918868424,16.0,-10.0,1.0,0.0,119.476370952635,-117.41457121279612
E3_SITE_02_SEC_3,E3_SITE_02,0.01,V,COHERENT_ARRAY_UPPER_ENVELOPE,-3.9382002601611283,-22.0,-3.9382002601611283,120.0,11.641917918868424,16.0,-10.0,1.0,0.0,118.708558849894,-116.64675911005513
E3_SITE_02_SEC_3,E3_SITE_02,0.005,V,COHERENT_ARRAY_UPPER_ENVELOPE,-3.9382002601611283,-22.0,-3.9382002601611283,120.0,11.641917918868424,16.0,-10.0,1.0,0.0,118.477423751476,-116.41562401163712
E3_SITE_03_SEC_1,E3_SITE_03,50.0,H,ZERO_DBI_PROPAGATION_REFERENCE,0.0,7.43903201746189,25.500831757300762,-7.585129192551676,11.831030906797317,16.0,-10.0,1.0,0.0,120.979700399108,-114.979700399108
E3_SITE_03_SEC_1,E3_SITE_03,20.0,H,ZERO_DBI_PROPAGATION_REFERENCE,0.0,7.43903201746189,25.500831757300762,-7.585129192551676,11.831030906797317,16.0,-10.0,1.0,0.0,120.639642757687,-114.639642757687
E3_SITE_03_SEC_1,E3_SITE_03,10.0,H,ZERO_DBI_PROPAGATION_REFERENCE,0.0,7.43903201746189,25.500831757300762,-7.585129192551676,11.831030906797317,16.0,-10.0,1.0,0.0,120.461715774316,-114.461715774316
E3_SITE_03_SEC_1,E3_SITE_03,1.0,H,ZERO_DBI_PROPAGATION_REFERENCE,0.0,7.43903201746189,25.500831757300762,-7.585129192551676,11.831030906797317,16.0,-10.0,1.0,0.0,119.744861356916,-113.744861356916
E3_SITE_03_SEC_1,E3_SITE_03,0.1,H,ZERO_DBI_PROPAGATION_REFERENCE,0.0,7.43903201746189,25.500831757300762,-7.585129192551676,11.831030906797317,16.0,-10.0,1.0,0.0,119.018044920633,-113.018044920633
E3_SITE_03_SEC_1,E3_SITE_03,0.01,H,ZERO_DBI_PROPAGATION_REFERENCE,0.0,7.43903201746189,25.500831757300762,-7.585129192551676,11.831030906797317,16.0,-10.0,1.0,0.0,118.291227440164,-112.291227440164
E3_SITE_03_SEC_1,E3_SITE_03,0.005,H,ZERO_DBI_PROPAGATION_REFERENCE,0.0,7.43903201746189,25.500831757300762,-7.585129192551676,11.831030906797317,16.0,-10.0,1.0,0.0,118.072432894623,-112.072432894623
E3_SITE_03_SEC_1,E3_SITE_03,50.0,V,ZERO_DBI_PROPAGATION_REFERENCE,0.0,7.43903201746189,25.500831757300762,-7.585129192551676,11.831030906797317,16.0,-10.0,1.0,0.0,120.979700399108,-114.979700399108
E3_SITE_03_SEC_1,E3_SITE_03,20.0,V,ZERO_DBI_PROPAGATION_REFERENCE,0.0,7.43903201746189,25.500831757300762,-7.585129192551676,11.831030906797317,16.0,-10.0,1.0,0.0,120.639642757687,-114.639642757687
E3_SITE_03_SEC_1,E3_SITE_03,10.0,V,ZERO_DBI_PROPAGATION_REFERENCE,0.0,7.43903201746189,25.500831757300762,-7.585129192551676,11.831030906797317,16.0,-10.0,1.0,0.0,120.461715774316,-114.461715774316
E3_SITE_03_SEC_1,E3_SITE_03,1.0,V,ZERO_DBI_PROPAGATION_REFERENCE,0.0,7.43903201746189,25.500831757300762,-7.585129192551676,11.831030906797317,16.0,-10.0,1.0,0.0,119.744861356916,-113.744861356916
E3_SITE_03_SEC_1,E3_SITE_03,0.1,V,ZERO_DBI_PROPAGATION_REFERENCE,0.0,7.43903201746189,25.500831757300762,-7.585129192551676,11.831030906797317,16.0,-10.0,1.0,0.0,119.018044920633,-113.018044920633
E3_SITE_03_SEC_1,E3_SITE_03,0.01,V,ZERO_DBI_PROPAGATION_REFERENCE,0.0,7.43903201746189,25.500831757300762,-7.585129192551676,11.831030906797317,16.0,-10.0,1.0,0.0,118.291227440164,-112.291227440164
E3_SITE_03_SEC_1,E3_SITE_03,0.005,V,ZERO_DBI_PROPAGATION_REFERENCE,0.0,7.43903201746189,25.500831757300762,-7.585129192551676,11.831030906797317,16.0,-10.0,1.0,0.0,118.072432894623,-112.072432894623
E3_SITE_03_SEC_1,E3_SITE_03,50.0,H,ELEMENT_PATTERN_REFERENCE,7.43903201746189,7.43903201746189,25.500831757300762,-7.585129192551676,11.831030906797317,16.0,-10.0,1.0,0.0,120.979700399108,-107.5406683816461
E3_SITE_03_SEC_1,E3_SITE_03,20.0,H,ELEMENT_PATTERN_REFERENCE,7.43903201746189,7.43903201746189,25.500831757300762,-7.585129192551676,11.831030906797317,16.0,-10.0,1.0,0.0,120.639642757687,-107.2006107402251
E3_SITE_03_SEC_1,E3_SITE_03,10.0,H,ELEMENT_PATTERN_REFERENCE,7.43903201746189,7.43903201746189,25.500831757300762,-7.585129192551676,11.831030906797317,16.0,-10.0,1.0,0.0,120.461715774316,-107.02268375685412
E3_SITE_03_SEC_1,E3_SITE_03,1.0,H,ELEMENT_PATTERN_REFERENCE,7.43903201746189,7.43903201746189,25.500831757300762,-7.585129192551676,11.831030906797317,16.0,-10.0,1.0,0.0,119.744861356916,-106.3058293394541
E3_SITE_03_SEC_1,E3_SITE_03,0.1,H,ELEMENT_PATTERN_REFERENCE,7.43903201746189,7.43903201746189,25.500831757300762,-7.585129192551676,11.831030906797317,16.0,-10.0,1.0,0.0,119.018044920633,-105.5790129031711
E3_SITE_03_SEC_1,E3_SITE_03,0.01,H,ELEMENT_PATTERN_REFERENCE,7.43903201746189,7.43903201746189,25.500831757300762,-7.585129192551676,11.831030906797317,16.0,-10.0,1.0,0.0,118.291227440164,-104.8521954227021
E3_SITE_03_SEC_1,E3_SITE_03,0.005,H,ELEMENT_PATTERN_REFERENCE,7.43903201746189,7.43903201746189,25.500831757300762,-7.585129192551676,11.831030906797317,16.0,-10.0,1.0,0.0,118.072432894623,-104.63340087716112
E3_SITE_03_SEC_1,E3_SITE_03,50.0,V,ELEMENT_PATTERN_REFERENCE,7.43903201746189,7.43903201746189,25.500831757300762,-7.585129192551676,11.831030906797317,16.0,-10.0,1.0,0.0,120.979700399108,-107.5406683816461
E3_SITE_03_SEC_1,E3_SITE_03,20.0,V,ELEMENT_PATTERN_REFERENCE,7.43903201746189,7.43903201746189,25.500831757300762,-7.585129192551676,11.831030906797317,16.0,-10.0,1.0,0.0,120.639642757687,-107.2006107402251
E3_SITE_03_SEC_1,E3_SITE_03,10.0,V,ELEMENT_PATTERN_REFERENCE,7.43903201746189,7.43903201746189,25.500831757300762,-7.585129192551676,11.831030906797317,16.0,-10.0,1.0,0.0,120.461715774316,-107.02268375685412
E3_SITE_03_SEC_1,E3_SITE_03,1.0,V,ELEMENT_PATTERN_REFERENCE,7.43903201746189,7.43903201746189,25.500831757300762,-7.585129192551676,11.831030906797317,16.0,-10.0,1.0,0.0,119.744861356916,-106.3058293394541
E3_SITE_03_SEC_1,E3_SITE_03,0.1,V,ELEMENT_PATTERN_REFERENCE,7.43903201746189,7.43903201746189,25.500831757300762,-7.585129192551676,11.831030906797317,16.0,-10.0,1.0,0.0,119.018044920633,-105.5790129031711
E3_SITE_03_SEC_1,E3_SITE_03,0.01,V,ELEMENT_PATTERN_REFERENCE,7.43903201746189,7.43903201746189,25.500831757300762,-7.585129192551676,11.831030906797317,16.0,-10.0,1.0,0.0,118.291227440164,-104.8521954227021
E3_SITE_03_SEC_1,E3_SITE_03,0.005,V,ELEMENT_PATTERN_REFERENCE,7.43903201746189,7.43903201746189,25.500831757300762,-7.585129192551676,11.831030906797317,16.0,-10.0,1.0,0.0,118.072432894623,-104.63340087716112
E3_SITE_03_SEC_1,E3_SITE_03,50.0,H,COHERENT_ARRAY_UPPER_ENVELOPE,25.500831757300762,7.43903201746189,25.500831757300762,-7.585129192551676,11.831030906797317,16.0,-10.0,1.0,0.0,120.979700399108,-89.47886864180724
E3_SITE_03_SEC_1,E3_SITE_03,20.0,H,COHERENT_ARRAY_UPPER_ENVELOPE,25.500831757300762,7.43903201746189,25.500831757300762,-7.585129192551676,11.831030906797317,16.0,-10.0,1.0,0.0,120.639642757687,-89.13881100038624
E3_SITE_03_SEC_1,E3_SITE_03,10.0,H,COHERENT_ARRAY_UPPER_ENVELOPE,25.500831757300762,7.43903201746189,25.500831757300762,-7.585129192551676,11.831030906797317,16.0,-10.0,1.0,0.0,120.461715774316,-88.96088401701525
E3_SITE_03_SEC_1,E3_SITE_03,1.0,H,COHERENT_ARRAY_UPPER_ENVELOPE,25.500831757300762,7.43903201746189,25.500831757300762,-7.585129192551676,11.831030906797317,16.0,-10.0,1.0,0.0,119.744861356916,-88.24402959961525
E3_SITE_03_SEC_1,E3_SITE_03,0.1,H,COHERENT_ARRAY_UPPER_ENVELOPE,25.500831757300762,7.43903201746189,25.500831757300762,-7.585129192551676,11.831030906797317,16.0,-10.0,1.0,0.0,119.018044920633,-87.51721316333224
E3_SITE_03_SEC_1,E3_SITE_03,0.01,H,COHERENT_ARRAY_UPPER_ENVELOPE,25.500831757300762,7.43903201746189,25.500831757300762,-7.585129192551676,11.831030906797317,16.0,-10.0,1.0,0.0,118.291227440164,-86.79039568286323
E3_SITE_03_SEC_1,E3_SITE_03,0.005,H,COHERENT_ARRAY_UPPER_ENVELOPE,25.500831757300762,7.43903201746189,25.500831757300762,-7.585129192551676,11.831030906797317,16.0,-10.0,1.0,0.0,118.072432894623,-86.57160113732225
E3_SITE_03_SEC_1,E3_SITE_03,50.0,V,COHERENT_ARRAY_UPPER_ENVELOPE,25.500831757300762,7.43903201746189,25.500831757300762,-7.585129192551676,11.831030906797317,16.0,-10.0,1.0,0.0,120.979700399108,-89.47886864180724
E3_SITE_03_SEC_1,E3_SITE_03,20.0,V,COHERENT_ARRAY_UPPER_ENVELOPE,25.500831757300762,7.43903201746189,25.500831757300762,-7.585129192551676,11.831030906797317,16.0,-10.0,1.0,0.0,120.639642757687,-89.13881100038624
E3_SITE_03_SEC_1,E3_SITE_03,10.0,V,COHERENT_ARRAY_UPPER_ENVELOPE,25.500831757300762,7.43903201746189,25.500831757300762,-7.585129192551676,11.831030906797317,16.0,-10.0,1.0,0.0,120.461715774316,-88.96088401701525
E3_SITE_03_SEC_1,E3_SITE_03,1.0,V,COHERENT_ARRAY_UPPER_ENVELOPE,25.500831757300762,7.43903201746189,25.500831757300762,-7.585129192551676,11.831030906797317,16.0,-10.0,1.0,0.0,119.744861356916,-88.24402959961525
E3_SITE_03_SEC_1,E3_SITE_03,0.1,V,COHERENT_ARRAY_UPPER_ENVELOPE,25.500831757300762,7.43903201746189,25.500831757300762,-7.585129192551676,11.831030906797317,16.0,-10.0,1.0,0.0,119.018044920633,-87.51721316333224
E3_SITE_03_SEC_1,E3_SITE_03,0.01,V,COHERENT_ARRAY_UPPER_ENVELOPE,25.500831757300762,7.43903201746189,25.500831757300762,-7.585129192551676,11.831030906797317,16.0,-10.0,1.0,0.0,118.291227440164,-86.79039568286323
E3_SITE_03_SEC_1,E3_SITE_03,0.005,V,COHERENT_ARRAY_UPPER_ENVELOPE,25.500831757300762,7.43903201746189,25.500831757300762,-7.585129192551676,11.831030906797317,16.0,-10.0,1.0,0.0,118.072432894623,-86.57160113732225
E3_SITE_03_SEC_2,E3_SITE_03,50.0,H,ZERO_DBI_PROPAGATION_REFERENCE,0.0,-22.0,-3.9382002601611283,-127.58512919255172,11.831030906797317,16.0,-10.0,1.0,0.0,120.979700399108,-114.979700399108
E3_SITE_03_SEC_2,E3_SITE_03,20.0,H,ZERO_DBI_PROPAGATION_REFERENCE,0.0,-22.0,-3.9382002601611283,-127.58512919255172,11.831030906797317,16.0,-10.0,1.0,0.0,120.639642757687,-114.639642757687
E3_SITE_03_SEC_2,E3_SITE_03,10.0,H,ZERO_DBI_PROPAGATION_REFERENCE,0.0,-22.0,-3.9382002601611283,-127.58512919255172,11.831030906797317,16.0,-10.0,1.0,0.0,120.461715774316,-114.461715774316
E3_SITE_03_SEC_2,E3_SITE_03,1.0,H,ZERO_DBI_PROPAGATION_REFERENCE,0.0,-22.0,-3.9382002601611283,-127.58512919255172,11.831030906797317,16.0,-10.0,1.0,0.0,119.744861356916,-113.744861356916
E3_SITE_03_SEC_2,E3_SITE_03,0.1,H,ZERO_DBI_PROPAGATION_REFERENCE,0.0,-22.0,-3.9382002601611283,-127.58512919255172,11.831030906797317,16.0,-10.0,1.0,0.0,119.018044920633,-113.018044920633
E3_SITE_03_SEC_2,E3_SITE_03,0.01,H,ZERO_DBI_PROPAGATION_REFERENCE,0.0,-22.0,-3.9382002601611283,-127.58512919255172,11.831030906797317,16.0,-10.0,1.0,0.0,118.291227440164,-112.291227440164
E3_SITE_03_SEC_2,E3_SITE_03,0.005,H,ZERO_DBI_PROPAGATION_REFERENCE,0.0,-22.0,-3.9382002601611283,-127.58512919255172,11.831030906797317,16.0,-10.0,1.0,0.0,118.072432894623,-112.072432894623
E3_SITE_03_SEC_2,E3_SITE_03,50.0,V,ZERO_DBI_PROPAGATION_REFERENCE,0.0,-22.0,-3.9382002601611283,-127.58512919255172,11.831030906797317,16.0,-10.0,1.0,0.0,120.979700399108,-114.979700399108
E3_SITE_03_SEC_2,E3_SITE_03,20.0,V,ZERO_DBI_PROPAGATION_REFERENCE,0.0,-22.0,-3.9382002601611283,-127.58512919255172,11.831030906797317,16.0,-10.0,1.0,0.0,120.639642757687,-114.639642757687
E3_SITE_03_SEC_2,E3_SITE_03,10.0,V,ZERO_DBI_PROPAGATION_REFERENCE,0.0,-22.0,-3.9382002601611283,-127.58512919255172,11.831030906797317,16.0,-10.0,1.0,0.0,120.461715774316,-114.461715774316
E3_SITE_03_SEC_2,E3_SITE_03,1.0,V,ZERO_DBI_PROPAGATION_REFERENCE,0.0,-22.0,-3.9382002601611283,-127.58512919255172,11.831030906797317,16.0,-10.0,1.0,0.0,119.744861356916,-113.744861356916
E3_SITE_03_SEC_2,E3_SITE_03,0.1,V,ZERO_DBI_PROPAGATION_REFERENCE,0.0,-22.0,-3.9382002601611283,-127.58512919255172,11.831030906797317,16.0,-10.0,1.0,0.0,119.018044920633,-113.018044920633
E3_SITE_03_SEC_2,E3_SITE_03,0.01,V,ZERO_DBI_PROPAGATION_REFERENCE,0.0,-22.0,-3.9382002601611283,-127.58512919255172,11.831030906797317,16.0,-10.0,1.0,0.0,118.291227440164,-112.291227440164
E3_SITE_03_SEC_2,E3_SITE_03,0.005,V,ZERO_DBI_PROPAGATION_REFERENCE,0.0,-22.0,-3.9382002601611283,-127.58512919255172,11.831030906797317,16.0,-10.0,1.0,0.0,118.072432894623,-112.072432894623
E3_SITE_03_SEC_2,E3_SITE_03,50.0,H,ELEMENT_PATTERN_REFERENCE,-22.0,-22.0,-3.9382002601611283,-127.58512919255172,11.831030906797317,16.0,-10.0,1.0,0.0,120.979700399108,-136.979700399108
E3_SITE_03_SEC_2,E3_SITE_03,20.0,H,ELEMENT_PATTERN_REFERENCE,-22.0,-22.0,-3.9382002601611283,-127.58512919255172,11.831030906797317,16.0,-10.0,1.0,0.0,120.639642757687,-136.639642757687
E3_SITE_03_SEC_2,E3_SITE_03,10.0,H,ELEMENT_PATTERN_REFERENCE,-22.0,-22.0,-3.9382002601611283,-127.58512919255172,11.831030906797317,16.0,-10.0,1.0,0.0,120.461715774316,-136.46171577431602
E3_SITE_03_SEC_2,E3_SITE_03,1.0,H,ELEMENT_PATTERN_REFERENCE,-22.0,-22.0,-3.9382002601611283,-127.58512919255172,11.831030906797317,16.0,-10.0,1.0,0.0,119.744861356916,-135.744861356916
E3_SITE_03_SEC_2,E3_SITE_03,0.1,H,ELEMENT_PATTERN_REFERENCE,-22.0,-22.0,-3.9382002601611283,-127.58512919255172,11.831030906797317,16.0,-10.0,1.0,0.0,119.018044920633,-135.018044920633
E3_SITE_03_SEC_2,E3_SITE_03,0.01,H,ELEMENT_PATTERN_REFERENCE,-22.0,-22.0,-3.9382002601611283,-127.58512919255172,11.831030906797317,16.0,-10.0,1.0,0.0,118.291227440164,-134.291227440164
E3_SITE_03_SEC_2,E3_SITE_03,0.005,H,ELEMENT_PATTERN_REFERENCE,-22.0,-22.0,-3.9382002601611283,-127.58512919255172,11.831030906797317,16.0,-10.0,1.0,0.0,118.072432894623,-134.072432894623
E3_SITE_03_SEC_2,E3_SITE_03,50.0,V,ELEMENT_PATTERN_REFERENCE,-22.0,-22.0,-3.9382002601611283,-127.58512919255172,11.831030906797317,16.0,-10.0,1.0,0.0,120.979700399108,-136.979700399108
E3_SITE_03_SEC_2,E3_SITE_03,20.0,V,ELEMENT_PATTERN_REFERENCE,-22.0,-22.0,-3.9382002601611283,-127.58512919255172,11.831030906797317,16.0,-10.0,1.0,0.0,120.639642757687,-136.639642757687
E3_SITE_03_SEC_2,E3_SITE_03,10.0,V,ELEMENT_PATTERN_REFERENCE,-22.0,-22.0,-3.9382002601611283,-127.58512919255172,11.831030906797317,16.0,-10.0,1.0,0.0,120.461715774316,-136.46171577431602
E3_SITE_03_SEC_2,E3_SITE_03,1.0,V,ELEMENT_PATTERN_REFERENCE,-22.0,-22.0,-3.9382002601611283,-127.58512919255172,11.831030906797317,16.0,-10.0,1.0,0.0,119.744861356916,-135.744861356916
E3_SITE_03_SEC_2,E3_SITE_03,0.1,V,ELEMENT_PATTERN_REFERENCE,-22.0,-22.0,-3.9382002601611283,-127.58512919255172,11.831030906797317,16.0,-10.0,1.0,0.0,119.018044920633,-135.018044920633
E3_SITE_03_SEC_2,E3_SITE_03,0.01,V,ELEMENT_PATTERN_REFERENCE,-22.0,-22.0,-3.9382002601611283,-127.58512919255172,11.831030906797317,16.0,-10.0,1.0,0.0,118.291227440164,-134.291227440164
E3_SITE_03_SEC_2,E3_SITE_03,0.005,V,ELEMENT_PATTERN_REFERENCE,-22.0,-22.0,-3.9382002601611283,-127.58512919255172,11.831030906797317,16.0,-10.0,1.0,0.0,118.072432894623,-134.072432894623
E3_SITE_03_SEC_2,E3_SITE_03,50.0,H,COHERENT_ARRAY_UPPER_ENVELOPE,-3.9382002601611283,-22.0,-3.9382002601611283,-127.58512919255172,11.831030906797317,16.0,-10.0,1.0,0.0,120.979700399108,-118.91790065926912
E3_SITE_03_SEC_2,E3_SITE_03,20.0,H,COHERENT_ARRAY_UPPER_ENVELOPE,-3.9382002601611283,-22.0,-3.9382002601611283,-127.58512919255172,11.831030906797317,16.0,-10.0,1.0,0.0,120.639642757687,-118.57784301784812
E3_SITE_03_SEC_2,E3_SITE_03,10.0,H,COHERENT_ARRAY_UPPER_ENVELOPE,-3.9382002601611283,-22.0,-3.9382002601611283,-127.58512919255172,11.831030906797317,16.0,-10.0,1.0,0.0,120.461715774316,-118.39991603447713
E3_SITE_03_SEC_2,E3_SITE_03,1.0,H,COHERENT_ARRAY_UPPER_ENVELOPE,-3.9382002601611283,-22.0,-3.9382002601611283,-127.58512919255172,11.831030906797317,16.0,-10.0,1.0,0.0,119.744861356916,-117.68306161707713
E3_SITE_03_SEC_2,E3_SITE_03,0.1,H,COHERENT_ARRAY_UPPER_ENVELOPE,-3.9382002601611283,-22.0,-3.9382002601611283,-127.58512919255172,11.831030906797317,16.0,-10.0,1.0,0.0,119.018044920633,-116.95624518079413
E3_SITE_03_SEC_2,E3_SITE_03,0.01,H,COHERENT_ARRAY_UPPER_ENVELOPE,-3.9382002601611283,-22.0,-3.9382002601611283,-127.58512919255172,11.831030906797317,16.0,-10.0,1.0,0.0,118.291227440164,-116.22942770032512
E3_SITE_03_SEC_2,E3_SITE_03,0.005,H,COHERENT_ARRAY_UPPER_ENVELOPE,-3.9382002601611283,-22.0,-3.9382002601611283,-127.58512919255172,11.831030906797317,16.0,-10.0,1.0,0.0,118.072432894623,-116.01063315478413
E3_SITE_03_SEC_2,E3_SITE_03,50.0,V,COHERENT_ARRAY_UPPER_ENVELOPE,-3.9382002601611283,-22.0,-3.9382002601611283,-127.58512919255172,11.831030906797317,16.0,-10.0,1.0,0.0,120.979700399108,-118.91790065926912
E3_SITE_03_SEC_2,E3_SITE_03,20.0,V,COHERENT_ARRAY_UPPER_ENVELOPE,-3.9382002601611283,-22.0,-3.9382002601611283,-127.58512919255172,11.831030906797317,16.0,-10.0,1.0,0.0,120.639642757687,-118.57784301784812
E3_SITE_03_SEC_2,E3_SITE_03,10.0,V,COHERENT_ARRAY_UPPER_ENVELOPE,-3.9382002601611283,-22.0,-3.9382002601611283,-127.58512919255172,11.831030906797317,16.0,-10.0,1.0,0.0,120.461715774316,-118.39991603447713
E3_SITE_03_SEC_2,E3_SITE_03,1.0,V,COHERENT_ARRAY_UPPER_ENVELOPE,-3.9382002601611283,-22.0,-3.9382002601611283,-127.58512919255172,11.831030906797317,16.0,-10.0,1.0,0.0,119.744861356916,-117.68306161707713
E3_SITE_03_SEC_2,E3_SITE_03,0.1,V,COHERENT_ARRAY_UPPER_ENVELOPE,-3.9382002601611283,-22.0,-3.9382002601611283,-127.58512919255172,11.831030906797317,16.0,-10.0,1.0,0.0,119.018044920633,-116.95624518079413
E3_SITE_03_SEC_2,E3_SITE_03,0.01,V,COHERENT_ARRAY_UPPER_ENVELOPE,-3.9382002601611283,-22.0,-3.9382002601611283,-127.58512919255172,11.831030906797317,16.0,-10.0,1.0,0.0,118.291227440164,-116.22942770032512
E3_SITE_03_SEC_2,E3_SITE_03,0.005,V,COHERENT_ARRAY_UPPER_ENVELOPE,-3.9382002601611283,-22.0,-3.9382002601611283,-127.58512919255172,11.831030906797317,16.0,-10.0,1.0,0.0,118.072432894623,-116.01063315478413
E3_SITE_03_SEC_3,E3_SITE_03,50.0,H,ZERO_DBI_PROPAGATION_REFERENCE,0.0,-22.0,-3.9382002601611283,112.41487080744828,11.831030906797317,16.0,-10.0,1.0,0.0,120.979700399108,-114.979700399108
E3_SITE_03_SEC_3,E3_SITE_03,20.0,H,ZERO_DBI_PROPAGATION_REFERENCE,0.0,-22.0,-3.9382002601611283,112.41487080744828,11.831030906797317,16.0,-10.0,1.0,0.0,120.639642757687,-114.639642757687
E3_SITE_03_SEC_3,E3_SITE_03,10.0,H,ZERO_DBI_PROPAGATION_REFERENCE,0.0,-22.0,-3.9382002601611283,112.41487080744828,11.831030906797317,16.0,-10.0,1.0,0.0,120.461715774316,-114.461715774316
E3_SITE_03_SEC_3,E3_SITE_03,1.0,H,ZERO_DBI_PROPAGATION_REFERENCE,0.0,-22.0,-3.9382002601611283,112.41487080744828,11.831030906797317,16.0,-10.0,1.0,0.0,119.744861356916,-113.744861356916
E3_SITE_03_SEC_3,E3_SITE_03,0.1,H,ZERO_DBI_PROPAGATION_REFERENCE,0.0,-22.0,-3.9382002601611283,112.41487080744828,11.831030906797317,16.0,-10.0,1.0,0.0,119.018044920633,-113.018044920633
E3_SITE_03_SEC_3,E3_SITE_03,0.01,H,ZERO_DBI_PROPAGATION_REFERENCE,0.0,-22.0,-3.9382002601611283,112.41487080744828,11.831030906797317,16.0,-10.0,1.0,0.0,118.291227440164,-112.291227440164
E3_SITE_03_SEC_3,E3_SITE_03,0.005,H,ZERO_DBI_PROPAGATION_REFERENCE,0.0,-22.0,-3.9382002601611283,112.41487080744828,11.831030906797317,16.0,-10.0,1.0,0.0,118.072432894623,-112.072432894623
E3_SITE_03_SEC_3,E3_SITE_03,50.0,V,ZERO_DBI_PROPAGATION_REFERENCE,0.0,-22.0,-3.9382002601611283,112.41487080744828,11.831030906797317,16.0,-10.0,1.0,0.0,120.979700399108,-114.979700399108
E3_SITE_03_SEC_3,E3_SITE_03,20.0,V,ZERO_DBI_PROPAGATION_REFERENCE,0.0,-22.0,-3.9382002601611283,112.41487080744828,11.831030906797317,16.0,-10.0,1.0,0.0,120.639642757687,-114.639642757687
E3_SITE_03_SEC_3,E3_SITE_03,10.0,V,ZERO_DBI_PROPAGATION_REFERENCE,0.0,-22.0,-3.9382002601611283,112.41487080744828,11.831030906797317,16.0,-10.0,1.0,0.0,120.461715774316,-114.461715774316
E3_SITE_03_SEC_3,E3_SITE_03,1.0,V,ZERO_DBI_PROPAGATION_REFERENCE,0.0,-22.0,-3.9382002601611283,112.41487080744828,11.831030906797317,16.0,-10.0,1.0,0.0,119.744861356916,-113.744861356916
E3_SITE_03_SEC_3,E3_SITE_03,0.1,V,ZERO_DBI_PROPAGATION_REFERENCE,0.0,-22.0,-3.9382002601611283,112.41487080744828,11.831030906797317,16.0,-10.0,1.0,0.0,119.018044920633,-113.018044920633
E3_SITE_03_SEC_3,E3_SITE_03,0.01,V,ZERO_DBI_PROPAGATION_REFERENCE,0.0,-22.0,-3.9382002601611283,112.41487080744828,11.831030906797317,16.0,-10.0,1.0,0.0,118.291227440164,-112.291227440164
E3_SITE_03_SEC_3,E3_SITE_03,0.005,V,ZERO_DBI_PROPAGATION_REFERENCE,0.0,-22.0,-3.9382002601611283,112.41487080744828,11.831030906797317,16.0,-10.0,1.0,0.0,118.072432894623,-112.072432894623
E3_SITE_03_SEC_3,E3_SITE_03,50.0,H,ELEMENT_PATTERN_REFERENCE,-22.0,-22.0,-3.9382002601611283,112.41487080744828,11.831030906797317,16.0,-10.0,1.0,0.0,120.979700399108,-136.979700399108
E3_SITE_03_SEC_3,E3_SITE_03,20.0,H,ELEMENT_PATTERN_REFERENCE,-22.0,-22.0,-3.9382002601611283,112.41487080744828,11.831030906797317,16.0,-10.0,1.0,0.0,120.639642757687,-136.639642757687
E3_SITE_03_SEC_3,E3_SITE_03,10.0,H,ELEMENT_PATTERN_REFERENCE,-22.0,-22.0,-3.9382002601611283,112.41487080744828,11.831030906797317,16.0,-10.0,1.0,0.0,120.461715774316,-136.46171577431602
E3_SITE_03_SEC_3,E3_SITE_03,1.0,H,ELEMENT_PATTERN_REFERENCE,-22.0,-22.0,-3.9382002601611283,112.41487080744828,11.831030906797317,16.0,-10.0,1.0,0.0,119.744861356916,-135.744861356916
E3_SITE_03_SEC_3,E3_SITE_03,0.1,H,ELEMENT_PATTERN_REFERENCE,-22.0,-22.0,-3.9382002601611283,112.41487080744828,11.831030906797317,16.0,-10.0,1.0,0.0,119.018044920633,-135.018044920633
E3_SITE_03_SEC_3,E3_SITE_03,0.01,H,ELEMENT_PATTERN_REFERENCE,-22.0,-22.0,-3.9382002601611283,112.41487080744828,11.831030906797317,16.0,-10.0,1.0,0.0,118.291227440164,-134.291227440164
E3_SITE_03_SEC_3,E3_SITE_03,0.005,H,ELEMENT_PATTERN_REFERENCE,-22.0,-22.0,-3.9382002601611283,112.41487080744828,11.831030906797317,16.0,-10.0,1.0,0.0,118.072432894623,-134.072432894623
E3_SITE_03_SEC_3,E3_SITE_03,50.0,V,ELEMENT_PATTERN_REFERENCE,-22.0,-22.0,-3.9382002601611283,112.41487080744828,11.831030906797317,16.0,-10.0,1.0,0.0,120.979700399108,-136.979700399108
E3_SITE_03_SEC_3,E3_SITE_03,20.0,V,ELEMENT_PATTERN_REFERENCE,-22.0,-22.0,-3.9382002601611283,112.41487080744828,11.831030906797317,16.0,-10.0,1.0,0.0,120.639642757687,-136.639642757687
E3_SITE_03_SEC_3,E3_SITE_03,10.0,V,ELEMENT_PATTERN_REFERENCE,-22.0,-22.0,-3.9382002601611283,112.41487080744828,11.831030906797317,16.0,-10.0,1.0,0.0,120.461715774316,-136.46171577431602
E3_SITE_03_SEC_3,E3_SITE_03,1.0,V,ELEMENT_PATTERN_REFERENCE,-22.0,-22.0,-3.9382002601611283,112.41487080744828,11.831030906797317,16.0,-10.0,1.0,0.0,119.744861356916,-135.744861356916
E3_SITE_03_SEC_3,E3_SITE_03,0.1,V,ELEMENT_PATTERN_REFERENCE,-22.0,-22.0,-3.9382002601611283,112.41487080744828,11.831030906797317,16.0,-10.0,1.0,0.0,119.018044920633,-135.018044920633
E3_SITE_03_SEC_3,E3_SITE_03,0.01,V,ELEMENT_PATTERN_REFERENCE,-22.0,-22.0,-3.9382002601611283,112.41487080744828,11.831030906797317,16.0,-10.0,1.0,0.0,118.291227440164,-134.291227440164
E3_SITE_03_SEC_3,E3_SITE_03,0.005,V,ELEMENT_PATTERN_REFERENCE,-22.0,-22.0,-3.9382002601611283,112.41487080744828,11.831030906797317,16.0,-10.0,1.0,0.0,118.072432894623,-134.072432894623
E3_SITE_03_SEC_3,E3_SITE_03,50.0,H,COHERENT_ARRAY_UPPER_ENVELOPE,-3.9382002601611283,-22.0,-3.9382002601611283,112.41487080744828,11.831030906797317,16.0,-10.0,1.0,0.0,120.979700399108,-118.91790065926912
E3_SITE_03_SEC_3,E3_SITE_03,20.0,H,COHERENT_ARRAY_UPPER_ENVELOPE,-3.9382002601611283,-22.0,-3.9382002601611283,112.41487080744828,11.831030906797317,16.0,-10.0,1.0,0.0,120.639642757687,-118.57784301784812
E3_SITE_03_SEC_3,E3_SITE_03,10.0,H,COHERENT_ARRAY_UPPER_ENVELOPE,-3.9382002601611283,-22.0,-3.9382002601611283,112.41487080744828,11.831030906797317,16.0,-10.0,1.0,0.0,120.461715774316,-118.39991603447713
E3_SITE_03_SEC_3,E3_SITE_03,1.0,H,COHERENT_ARRAY_UPPER_ENVELOPE,-3.9382002601611283,-22.0,-3.9382002601611283,112.41487080744828,11.831030906797317,16.0,-10.0,1.0,0.0,119.744861356916,-117.68306161707713
E3_SITE_03_SEC_3,E3_SITE_03,0.1,H,COHERENT_ARRAY_UPPER_ENVELOPE,-3.9382002601611283,-22.0,-3.9382002601611283,112.41487080744828,11.831030906797317,16.0,-10.0,1.0,0.0,119.018044920633,-116.95624518079413
E3_SITE_03_SEC_3,E3_SITE_03,0.01,H,COHERENT_ARRAY_UPPER_ENVELOPE,-3.9382002601611283,-22.0,-3.9382002601611283,112.41487080744828,11.831030906797317,16.0,-10.0,1.0,0.0,118.291227440164,-116.22942770032512
E3_SITE_03_SEC_3,E3_SITE_03,0.005,H,COHERENT_ARRAY_UPPER_ENVELOPE,-3.9382002601611283,-22.0,-3.9382002601611283,112.41487080744828,11.831030906797317,16.0,-10.0,1.0,0.0,118.072432894623,-116.01063315478413
E3_SITE_03_SEC_3,E3_SITE_03,50.0,V,COHERENT_ARRAY_UPPER_ENVELOPE,-3.9382002601611283,-22.0,-3.9382002601611283,112.41487080744828,11.831030906797317,16.0,-10.0,1.0,0.0,120.979700399108,-118.91790065926912
E3_SITE_03_SEC_3,E3_SITE_03,20.0,V,COHERENT_ARRAY_UPPER_ENVELOPE,-3.9382002601611283,-22.0,-3.9382002601611283,112.41487080744828,11.831030906797317,16.0,-10.0,1.0,0.0,120.639642757687,-118.57784301784812
E3_SITE_03_SEC_3,E3_SITE_03,10.0,V,COHERENT_ARRAY_UPPER_ENVELOPE,-3.9382002601611283,-22.0,-3.9382002601611283,112.41487080744828,11.831030906797317,16.0,-10.0,1.0,0.0,120.461715774316,-118.39991603447713
E3_SITE_03_SEC_3,E3_SITE_03,1.0,V,COHERENT_ARRAY_UPPER_ENVELOPE,-3.9382002601611283,-22.0,-3.9382002601611283,112.41487080744828,11.831030906797317,16.0,-10.0,1.0,0.0,119.744861356916,-117.68306161707713
E3_SITE_03_SEC_3,E3_SITE_03,0.1,V,COHERENT_ARRAY_UPPER_ENVELOPE,-3.9382002601611283,-22.0,-3.9382002601611283,112.41487080744828,11.831030906797317,16.0,-10.0,1.0,0.0,119.018044920633,-116.95624518079413
E3_SITE_03_SEC_3,E3_SITE_03,0.01,V,COHERENT_ARRAY_UPPER_ENVELOPE,-3.9382002601611283,-22.0,-3.9382002601611283,112.41487080744828,11.831030906797317,16.0,-10.0,1.0,0.0,118.291227440164,-116.22942770032512
E3_SITE_03_SEC_3,E3_SITE_03,0.005,V,COHERENT_ARRAY_UPPER_ENVELOPE,-3.9382002601611283,-22.0,-3.9382002601611283,112.41487080744828,11.831030906797317,16.0,-10.0,1.0,0.0,118.072432894623,-116.01063315478413
E3_SITE_04_SEC_1,E3_SITE_04,50.0,H,ZERO_DBI_PROPAGATION_REFERENCE,0.0,7.360772286767653,25.422572026606524,7.585129192551733,12.943231403563342,16.0,-10.0,1.0,0.0,120.986760183645,-114.986760183645
E3_SITE_04_SEC_1,E3_SITE_04,20.0,H,ZERO_DBI_PROPAGATION_REFERENCE,0.0,7.360772286767653,25.422572026606524,7.585129192551733,12.943231403563342,16.0,-10.0,1.0,0.0,120.646702542222,-114.646702542222
E3_SITE_04_SEC_1,E3_SITE_04,10.0,H,ZERO_DBI_PROPAGATION_REFERENCE,0.0,7.360772286767653,25.422572026606524,7.585129192551733,12.943231403563342,16.0,-10.0,1.0,0.0,120.468775558849,-114.468775558849
E3_SITE_04_SEC_1,E3_SITE_04,1.0,H,ZERO_DBI_PROPAGATION_REFERENCE,0.0,7.360772286767653,25.422572026606524,7.585129192551733,12.943231403563342,16.0,-10.0,1.0,0.0,119.751921141385,-113.751921141385
E3_SITE_04_SEC_1,E3_SITE_04,0.1,H,ZERO_DBI_PROPAGATION_REFERENCE,0.0,7.360772286767653,25.422572026606524,7.585129192551733,12.943231403563342,16.0,-10.0,1.0,0.0,119.025104704534,-113.025104704534
E3_SITE_04_SEC_1,E3_SITE_04,0.01,H,ZERO_DBI_PROPAGATION_REFERENCE,0.0,7.360772286767653,25.422572026606524,7.585129192551733,12.943231403563342,16.0,-10.0,1.0,0.0,118.298287220162,-112.298287220162
E3_SITE_04_SEC_1,E3_SITE_04,0.005,H,ZERO_DBI_PROPAGATION_REFERENCE,0.0,7.360772286767653,25.422572026606524,7.585129192551733,12.943231403563342,16.0,-10.0,1.0,0.0,118.079492671266,-112.079492671266
E3_SITE_04_SEC_1,E3_SITE_04,50.0,V,ZERO_DBI_PROPAGATION_REFERENCE,0.0,7.360772286767653,25.422572026606524,7.585129192551733,12.943231403563342,16.0,-10.0,1.0,0.0,120.986760183645,-114.986760183645
E3_SITE_04_SEC_1,E3_SITE_04,20.0,V,ZERO_DBI_PROPAGATION_REFERENCE,0.0,7.360772286767653,25.422572026606524,7.585129192551733,12.943231403563342,16.0,-10.0,1.0,0.0,120.646702542222,-114.646702542222
E3_SITE_04_SEC_1,E3_SITE_04,10.0,V,ZERO_DBI_PROPAGATION_REFERENCE,0.0,7.360772286767653,25.422572026606524,7.585129192551733,12.943231403563342,16.0,-10.0,1.0,0.0,120.468775558849,-114.468775558849
E3_SITE_04_SEC_1,E3_SITE_04,1.0,V,ZERO_DBI_PROPAGATION_REFERENCE,0.0,7.360772286767653,25.422572026606524,7.585129192551733,12.943231403563342,16.0,-10.0,1.0,0.0,119.751921141385,-113.751921141385
E3_SITE_04_SEC_1,E3_SITE_04,0.1,V,ZERO_DBI_PROPAGATION_REFERENCE,0.0,7.360772286767653,25.422572026606524,7.585129192551733,12.943231403563342,16.0,-10.0,1.0,0.0,119.025104704534,-113.025104704534
E3_SITE_04_SEC_1,E3_SITE_04,0.01,V,ZERO_DBI_PROPAGATION_REFERENCE,0.0,7.360772286767653,25.422572026606524,7.585129192551733,12.943231403563342,16.0,-10.0,1.0,0.0,118.298287220162,-112.298287220162
E3_SITE_04_SEC_1,E3_SITE_04,0.005,V,ZERO_DBI_PROPAGATION_REFERENCE,0.0,7.360772286767653,25.422572026606524,7.585129192551733,12.943231403563342,16.0,-10.0,1.0,0.0,118.079492671266,-112.079492671266
E3_SITE_04_SEC_1,E3_SITE_04,50.0,H,ELEMENT_PATTERN_REFERENCE,7.360772286767653,7.360772286767653,25.422572026606524,7.585129192551733,12.943231403563342,16.0,-10.0,1.0,0.0,120.986760183645,-107.62598789687736
E3_SITE_04_SEC_1,E3_SITE_04,20.0,H,ELEMENT_PATTERN_REFERENCE,7.360772286767653,7.360772286767653,25.422572026606524,7.585129192551733,12.943231403563342,16.0,-10.0,1.0,0.0,120.646702542222,-107.28593025545436
E3_SITE_04_SEC_1,E3_SITE_04,10.0,H,ELEMENT_PATTERN_REFERENCE,7.360772286767653,7.360772286767653,25.422572026606524,7.585129192551733,12.943231403563342,16.0,-10.0,1.0,0.0,120.468775558849,-107.10800327208136
E3_SITE_04_SEC_1,E3_SITE_04,1.0,H,ELEMENT_PATTERN_REFERENCE,7.360772286767653,7.360772286767653,25.422572026606524,7.585129192551733,12.943231403563342,16.0,-10.0,1.0,0.0,119.751921141385,-106.39114885461734
E3_SITE_04_SEC_1,E3_SITE_04,0.1,H,ELEMENT_PATTERN_REFERENCE,7.360772286767653,7.360772286767653,25.422572026606524,7.585129192551733,12.943231403563342,16.0,-10.0,1.0,0.0,119.025104704534,-105.66433241776636
E3_SITE_04_SEC_1,E3_SITE_04,0.01,H,ELEMENT_PATTERN_REFERENCE,7.360772286767653,7.360772286767653,25.422572026606524,7.585129192551733,12.943231403563342,16.0,-10.0,1.0,0.0,118.298287220162,-104.93751493339434
E3_SITE_04_SEC_1,E3_SITE_04,0.005,H,ELEMENT_PATTERN_REFERENCE,7.360772286767653,7.360772286767653,25.422572026606524,7.585129192551733,12.943231403563342,16.0,-10.0,1.0,0.0,118.079492671266,-104.71872038449834
E3_SITE_04_SEC_1,E3_SITE_04,50.0,V,ELEMENT_PATTERN_REFERENCE,7.360772286767653,7.360772286767653,25.422572026606524,7.585129192551733,12.943231403563342,16.0,-10.0,1.0,0.0,120.986760183645,-107.62598789687736
E3_SITE_04_SEC_1,E3_SITE_04,20.0,V,ELEMENT_PATTERN_REFERENCE,7.360772286767653,7.360772286767653,25.422572026606524,7.585129192551733,12.943231403563342,16.0,-10.0,1.0,0.0,120.646702542222,-107.28593025545436
E3_SITE_04_SEC_1,E3_SITE_04,10.0,V,ELEMENT_PATTERN_REFERENCE,7.360772286767653,7.360772286767653,25.422572026606524,7.585129192551733,12.943231403563342,16.0,-10.0,1.0,0.0,120.468775558849,-107.10800327208136
E3_SITE_04_SEC_1,E3_SITE_04,1.0,V,ELEMENT_PATTERN_REFERENCE,7.360772286767653,7.360772286767653,25.422572026606524,7.585129192551733,12.943231403563342,16.0,-10.0,1.0,0.0,119.751921141385,-106.39114885461734
E3_SITE_04_SEC_1,E3_SITE_04,0.1,V,ELEMENT_PATTERN_REFERENCE,7.360772286767653,7.360772286767653,25.422572026606524,7.585129192551733,12.943231403563342,16.0,-10.0,1.0,0.0,119.025104704534,-105.66433241776636
E3_SITE_04_SEC_1,E3_SITE_04,0.01,V,ELEMENT_PATTERN_REFERENCE,7.360772286767653,7.360772286767653,25.422572026606524,7.585129192551733,12.943231403563342,16.0,-10.0,1.0,0.0,118.298287220162,-104.93751493339434
E3_SITE_04_SEC_1,E3_SITE_04,0.005,V,ELEMENT_PATTERN_REFERENCE,7.360772286767653,7.360772286767653,25.422572026606524,7.585129192551733,12.943231403563342,16.0,-10.0,1.0,0.0,118.079492671266,-104.71872038449834
E3_SITE_04_SEC_1,E3_SITE_04,50.0,H,COHERENT_ARRAY_UPPER_ENVELOPE,25.422572026606524,7.360772286767653,25.422572026606524,7.585129192551733,12.943231403563342,16.0,-10.0,1.0,0.0,120.986760183645,-89.56418815703847
E3_SITE_04_SEC_1,E3_SITE_04,20.0,H,COHERENT_ARRAY_UPPER_ENVELOPE,25.422572026606524,7.360772286767653,25.422572026606524,7.585129192551733,12.943231403563342,16.0,-10.0,1.0,0.0,120.646702542222,-89.22413051561549
E3_SITE_04_SEC_1,E3_SITE_04,10.0,H,COHERENT_ARRAY_UPPER_ENVELOPE,25.422572026606524,7.360772286767653,25.422572026606524,7.585129192551733,12.943231403563342,16.0,-10.0,1.0,0.0,120.468775558849,-89.04620353224249
E3_SITE_04_SEC_1,E3_SITE_04,1.0,H,COHERENT_ARRAY_UPPER_ENVELOPE,25.422572026606524,7.360772286767653,25.422572026606524,7.585129192551733,12.943231403563342,16.0,-10.0,1.0,0.0,119.751921141385,-88.32934911477847
E3_SITE_04_SEC_1,E3_SITE_04,0.1,H,COHERENT_ARRAY_UPPER_ENVELOPE,25.422572026606524,7.360772286767653,25.422572026606524,7.585129192551733,12.943231403563342,16.0,-10.0,1.0,0.0,119.025104704534,-87.60253267792748
E3_SITE_04_SEC_1,E3_SITE_04,0.01,H,COHERENT_ARRAY_UPPER_ENVELOPE,25.422572026606524,7.360772286767653,25.422572026606524,7.585129192551733,12.943231403563342,16.0,-10.0,1.0,0.0,118.298287220162,-86.87571519355546
E3_SITE_04_SEC_1,E3_SITE_04,0.005,H,COHERENT_ARRAY_UPPER_ENVELOPE,25.422572026606524,7.360772286767653,25.422572026606524,7.585129192551733,12.943231403563342,16.0,-10.0,1.0,0.0,118.079492671266,-86.65692064465946
E3_SITE_04_SEC_1,E3_SITE_04,50.0,V,COHERENT_ARRAY_UPPER_ENVELOPE,25.422572026606524,7.360772286767653,25.422572026606524,7.585129192551733,12.943231403563342,16.0,-10.0,1.0,0.0,120.986760183645,-89.56418815703847
E3_SITE_04_SEC_1,E3_SITE_04,20.0,V,COHERENT_ARRAY_UPPER_ENVELOPE,25.422572026606524,7.360772286767653,25.422572026606524,7.585129192551733,12.943231403563342,16.0,-10.0,1.0,0.0,120.646702542222,-89.22413051561549
E3_SITE_04_SEC_1,E3_SITE_04,10.0,V,COHERENT_ARRAY_UPPER_ENVELOPE,25.422572026606524,7.360772286767653,25.422572026606524,7.585129192551733,12.943231403563342,16.0,-10.0,1.0,0.0,120.468775558849,-89.04620353224249
E3_SITE_04_SEC_1,E3_SITE_04,1.0,V,COHERENT_ARRAY_UPPER_ENVELOPE,25.422572026606524,7.360772286767653,25.422572026606524,7.585129192551733,12.943231403563342,16.0,-10.0,1.0,0.0,119.751921141385,-88.32934911477847
E3_SITE_04_SEC_1,E3_SITE_04,0.1,V,COHERENT_ARRAY_UPPER_ENVELOPE,25.422572026606524,7.360772286767653,25.422572026606524,7.585129192551733,12.943231403563342,16.0,-10.0,1.0,0.0,119.025104704534,-87.60253267792748
E3_SITE_04_SEC_1,E3_SITE_04,0.01,V,COHERENT_ARRAY_UPPER_ENVELOPE,25.422572026606524,7.360772286767653,25.422572026606524,7.585129192551733,12.943231403563342,16.0,-10.0,1.0,0.0,118.298287220162,-86.87571519355546
E3_SITE_04_SEC_1,E3_SITE_04,0.005,V,COHERENT_ARRAY_UPPER_ENVELOPE,25.422572026606524,7.360772286767653,25.422572026606524,7.585129192551733,12.943231403563342,16.0,-10.0,1.0,0.0,118.079492671266,-86.65692064465946
E3_SITE_04_SEC_2,E3_SITE_04,50.0,H,ZERO_DBI_PROPAGATION_REFERENCE,0.0,-22.0,-3.9382002601611283,-112.41487080744828,12.943231403563342,16.0,-10.0,1.0,0.0,120.986760183645,-114.986760183645
E3_SITE_04_SEC_2,E3_SITE_04,20.0,H,ZERO_DBI_PROPAGATION_REFERENCE,0.0,-22.0,-3.9382002601611283,-112.41487080744828,12.943231403563342,16.0,-10.0,1.0,0.0,120.646702542222,-114.646702542222
E3_SITE_04_SEC_2,E3_SITE_04,10.0,H,ZERO_DBI_PROPAGATION_REFERENCE,0.0,-22.0,-3.9382002601611283,-112.41487080744828,12.943231403563342,16.0,-10.0,1.0,0.0,120.468775558849,-114.468775558849
E3_SITE_04_SEC_2,E3_SITE_04,1.0,H,ZERO_DBI_PROPAGATION_REFERENCE,0.0,-22.0,-3.9382002601611283,-112.41487080744828,12.943231403563342,16.0,-10.0,1.0,0.0,119.751921141385,-113.751921141385
E3_SITE_04_SEC_2,E3_SITE_04,0.1,H,ZERO_DBI_PROPAGATION_REFERENCE,0.0,-22.0,-3.9382002601611283,-112.41487080744828,12.943231403563342,16.0,-10.0,1.0,0.0,119.025104704534,-113.025104704534
E3_SITE_04_SEC_2,E3_SITE_04,0.01,H,ZERO_DBI_PROPAGATION_REFERENCE,0.0,-22.0,-3.9382002601611283,-112.41487080744828,12.943231403563342,16.0,-10.0,1.0,0.0,118.298287220162,-112.298287220162
E3_SITE_04_SEC_2,E3_SITE_04,0.005,H,ZERO_DBI_PROPAGATION_REFERENCE,0.0,-22.0,-3.9382002601611283,-112.41487080744828,12.943231403563342,16.0,-10.0,1.0,0.0,118.079492671266,-112.079492671266
E3_SITE_04_SEC_2,E3_SITE_04,50.0,V,ZERO_DBI_PROPAGATION_REFERENCE,0.0,-22.0,-3.9382002601611283,-112.41487080744828,12.943231403563342,16.0,-10.0,1.0,0.0,120.986760183645,-114.986760183645
E3_SITE_04_SEC_2,E3_SITE_04,20.0,V,ZERO_DBI_PROPAGATION_REFERENCE,0.0,-22.0,-3.9382002601611283,-112.41487080744828,12.943231403563342,16.0,-10.0,1.0,0.0,120.646702542222,-114.646702542222
E3_SITE_04_SEC_2,E3_SITE_04,10.0,V,ZERO_DBI_PROPAGATION_REFERENCE,0.0,-22.0,-3.9382002601611283,-112.41487080744828,12.943231403563342,16.0,-10.0,1.0,0.0,120.468775558849,-114.468775558849
E3_SITE_04_SEC_2,E3_SITE_04,1.0,V,ZERO_DBI_PROPAGATION_REFERENCE,0.0,-22.0,-3.9382002601611283,-112.41487080744828,12.943231403563342,16.0,-10.0,1.0,0.0,119.751921141385,-113.751921141385
E3_SITE_04_SEC_2,E3_SITE_04,0.1,V,ZERO_DBI_PROPAGATION_REFERENCE,0.0,-22.0,-3.9382002601611283,-112.41487080744828,12.943231403563342,16.0,-10.0,1.0,0.0,119.025104704534,-113.025104704534
E3_SITE_04_SEC_2,E3_SITE_04,0.01,V,ZERO_DBI_PROPAGATION_REFERENCE,0.0,-22.0,-3.9382002601611283,-112.41487080744828,12.943231403563342,16.0,-10.0,1.0,0.0,118.298287220162,-112.298287220162
E3_SITE_04_SEC_2,E3_SITE_04,0.005,V,ZERO_DBI_PROPAGATION_REFERENCE,0.0,-22.0,-3.9382002601611283,-112.41487080744828,12.943231403563342,16.0,-10.0,1.0,0.0,118.079492671266,-112.079492671266
E3_SITE_04_SEC_2,E3_SITE_04,50.0,H,ELEMENT_PATTERN_REFERENCE,-22.0,-22.0,-3.9382002601611283,-112.41487080744828,12.943231403563342,16.0,-10.0,1.0,0.0,120.986760183645,-136.986760183645
E3_SITE_04_SEC_2,E3_SITE_04,20.0,H,ELEMENT_PATTERN_REFERENCE,-22.0,-22.0,-3.9382002601611283,-112.41487080744828,12.943231403563342,16.0,-10.0,1.0,0.0,120.646702542222,-136.646702542222
E3_SITE_04_SEC_2,E3_SITE_04,10.0,H,ELEMENT_PATTERN_REFERENCE,-22.0,-22.0,-3.9382002601611283,-112.41487080744828,12.943231403563342,16.0,-10.0,1.0,0.0,120.468775558849,-136.46877555884902
E3_SITE_04_SEC_2,E3_SITE_04,1.0,H,ELEMENT_PATTERN_REFERENCE,-22.0,-22.0,-3.9382002601611283,-112.41487080744828,12.943231403563342,16.0,-10.0,1.0,0.0,119.751921141385,-135.751921141385
E3_SITE_04_SEC_2,E3_SITE_04,0.1,H,ELEMENT_PATTERN_REFERENCE,-22.0,-22.0,-3.9382002601611283,-112.41487080744828,12.943231403563342,16.0,-10.0,1.0,0.0,119.025104704534,-135.025104704534
E3_SITE_04_SEC_2,E3_SITE_04,0.01,H,ELEMENT_PATTERN_REFERENCE,-22.0,-22.0,-3.9382002601611283,-112.41487080744828,12.943231403563342,16.0,-10.0,1.0,0.0,118.298287220162,-134.298287220162
E3_SITE_04_SEC_2,E3_SITE_04,0.005,H,ELEMENT_PATTERN_REFERENCE,-22.0,-22.0,-3.9382002601611283,-112.41487080744828,12.943231403563342,16.0,-10.0,1.0,0.0,118.079492671266,-134.079492671266
E3_SITE_04_SEC_2,E3_SITE_04,50.0,V,ELEMENT_PATTERN_REFERENCE,-22.0,-22.0,-3.9382002601611283,-112.41487080744828,12.943231403563342,16.0,-10.0,1.0,0.0,120.986760183645,-136.986760183645
E3_SITE_04_SEC_2,E3_SITE_04,20.0,V,ELEMENT_PATTERN_REFERENCE,-22.0,-22.0,-3.9382002601611283,-112.41487080744828,12.943231403563342,16.0,-10.0,1.0,0.0,120.646702542222,-136.646702542222
E3_SITE_04_SEC_2,E3_SITE_04,10.0,V,ELEMENT_PATTERN_REFERENCE,-22.0,-22.0,-3.9382002601611283,-112.41487080744828,12.943231403563342,16.0,-10.0,1.0,0.0,120.468775558849,-136.46877555884902
E3_SITE_04_SEC_2,E3_SITE_04,1.0,V,ELEMENT_PATTERN_REFERENCE,-22.0,-22.0,-3.9382002601611283,-112.41487080744828,12.943231403563342,16.0,-10.0,1.0,0.0,119.751921141385,-135.751921141385
E3_SITE_04_SEC_2,E3_SITE_04,0.1,V,ELEMENT_PATTERN_REFERENCE,-22.0,-22.0,-3.9382002601611283,-112.41487080744828,12.943231403563342,16.0,-10.0,1.0,0.0,119.025104704534,-135.025104704534
E3_SITE_04_SEC_2,E3_SITE_04,0.01,V,ELEMENT_PATTERN_REFERENCE,-22.0,-22.0,-3.9382002601611283,-112.41487080744828,12.943231403563342,16.0,-10.0,1.0,0.0,118.298287220162,-134.298287220162
E3_SITE_04_SEC_2,E3_SITE_04,0.005,V,ELEMENT_PATTERN_REFERENCE,-22.0,-22.0,-3.9382002601611283,-112.41487080744828,12.943231403563342,16.0,-10.0,1.0,0.0,118.079492671266,-134.079492671266
E3_SITE_04_SEC_2,E3_SITE_04,50.0,H,COHERENT_ARRAY_UPPER_ENVELOPE,-3.9382002601611283,-22.0,-3.9382002601611283,-112.41487080744828,12.943231403563342,16.0,-10.0,1.0,0.0,120.986760183645,-118.92496044380613
E3_SITE_04_SEC_2,E3_SITE_04,20.0,H,COHERENT_ARRAY_UPPER_ENVELOPE,-3.9382002601611283,-22.0,-3.9382002601611283,-112.41487080744828,12.943231403563342,16.0,-10.0,1.0,0.0,120.646702542222,-118.58490280238313
E3_SITE_04_SEC_2,E3_SITE_04,10.0,H,COHERENT_ARRAY_UPPER_ENVELOPE,-3.9382002601611283,-22.0,-3.9382002601611283,-112.41487080744828,12.943231403563342,16.0,-10.0,1.0,0.0,120.468775558849,-118.40697581901013
E3_SITE_04_SEC_2,E3_SITE_04,1.0,H,COHERENT_ARRAY_UPPER_ENVELOPE,-3.9382002601611283,-22.0,-3.9382002601611283,-112.41487080744828,12.943231403563342,16.0,-10.0,1.0,0.0,119.751921141385,-117.69012140154612
E3_SITE_04_SEC_2,E3_SITE_04,0.1,H,COHERENT_ARRAY_UPPER_ENVELOPE,-3.9382002601611283,-22.0,-3.9382002601611283,-112.41487080744828,12.943231403563342,16.0,-10.0,1.0,0.0,119.025104704534,-116.96330496469513
E3_SITE_04_SEC_2,E3_SITE_04,0.01,H,COHERENT_ARRAY_UPPER_ENVELOPE,-3.9382002601611283,-22.0,-3.9382002601611283,-112.41487080744828,12.943231403563342,16.0,-10.0,1.0,0.0,118.298287220162,-116.23648748032312
E3_SITE_04_SEC_2,E3_SITE_04,0.005,H,COHERENT_ARRAY_UPPER_ENVELOPE,-3.9382002601611283,-22.0,-3.9382002601611283,-112.41487080744828,12.943231403563342,16.0,-10.0,1.0,0.0,118.079492671266,-116.01769293142712
E3_SITE_04_SEC_2,E3_SITE_04,50.0,V,COHERENT_ARRAY_UPPER_ENVELOPE,-3.9382002601611283,-22.0,-3.9382002601611283,-112.41487080744828,12.943231403563342,16.0,-10.0,1.0,0.0,120.986760183645,-118.92496044380613
E3_SITE_04_SEC_2,E3_SITE_04,20.0,V,COHERENT_ARRAY_UPPER_ENVELOPE,-3.9382002601611283,-22.0,-3.9382002601611283,-112.41487080744828,12.943231403563342,16.0,-10.0,1.0,0.0,120.646702542222,-118.58490280238313
E3_SITE_04_SEC_2,E3_SITE_04,10.0,V,COHERENT_ARRAY_UPPER_ENVELOPE,-3.9382002601611283,-22.0,-3.9382002601611283,-112.41487080744828,12.943231403563342,16.0,-10.0,1.0,0.0,120.468775558849,-118.40697581901013
E3_SITE_04_SEC_2,E3_SITE_04,1.0,V,COHERENT_ARRAY_UPPER_ENVELOPE,-3.9382002601611283,-22.0,-3.9382002601611283,-112.41487080744828,12.943231403563342,16.0,-10.0,1.0,0.0,119.751921141385,-117.69012140154612
E3_SITE_04_SEC_2,E3_SITE_04,0.1,V,COHERENT_ARRAY_UPPER_ENVELOPE,-3.9382002601611283,-22.0,-3.9382002601611283,-112.41487080744828,12.943231403563342,16.0,-10.0,1.0,0.0,119.025104704534,-116.96330496469513
E3_SITE_04_SEC_2,E3_SITE_04,0.01,V,COHERENT_ARRAY_UPPER_ENVELOPE,-3.9382002601611283,-22.0,-3.9382002601611283,-112.41487080744828,12.943231403563342,16.0,-10.0,1.0,0.0,118.298287220162,-116.23648748032312
E3_SITE_04_SEC_2,E3_SITE_04,0.005,V,COHERENT_ARRAY_UPPER_ENVELOPE,-3.9382002601611283,-22.0,-3.9382002601611283,-112.41487080744828,12.943231403563342,16.0,-10.0,1.0,0.0,118.079492671266,-116.01769293142712
E3_SITE_04_SEC_3,E3_SITE_04,50.0,H,ZERO_DBI_PROPAGATION_REFERENCE,0.0,-22.0,-3.9382002601611283,127.58512919255172,12.943231403563342,16.0,-10.0,1.0,0.0,120.986760183645,-114.986760183645
E3_SITE_04_SEC_3,E3_SITE_04,20.0,H,ZERO_DBI_PROPAGATION_REFERENCE,0.0,-22.0,-3.9382002601611283,127.58512919255172,12.943231403563342,16.0,-10.0,1.0,0.0,120.646702542222,-114.646702542222
E3_SITE_04_SEC_3,E3_SITE_04,10.0,H,ZERO_DBI_PROPAGATION_REFERENCE,0.0,-22.0,-3.9382002601611283,127.58512919255172,12.943231403563342,16.0,-10.0,1.0,0.0,120.468775558849,-114.468775558849
E3_SITE_04_SEC_3,E3_SITE_04,1.0,H,ZERO_DBI_PROPAGATION_REFERENCE,0.0,-22.0,-3.9382002601611283,127.58512919255172,12.943231403563342,16.0,-10.0,1.0,0.0,119.751921141385,-113.751921141385
E3_SITE_04_SEC_3,E3_SITE_04,0.1,H,ZERO_DBI_PROPAGATION_REFERENCE,0.0,-22.0,-3.9382002601611283,127.58512919255172,12.943231403563342,16.0,-10.0,1.0,0.0,119.025104704534,-113.025104704534
E3_SITE_04_SEC_3,E3_SITE_04,0.01,H,ZERO_DBI_PROPAGATION_REFERENCE,0.0,-22.0,-3.9382002601611283,127.58512919255172,12.943231403563342,16.0,-10.0,1.0,0.0,118.298287220162,-112.298287220162
E3_SITE_04_SEC_3,E3_SITE_04,0.005,H,ZERO_DBI_PROPAGATION_REFERENCE,0.0,-22.0,-3.9382002601611283,127.58512919255172,12.943231403563342,16.0,-10.0,1.0,0.0,118.079492671266,-112.079492671266
E3_SITE_04_SEC_3,E3_SITE_04,50.0,V,ZERO_DBI_PROPAGATION_REFERENCE,0.0,-22.0,-3.9382002601611283,127.58512919255172,12.943231403563342,16.0,-10.0,1.0,0.0,120.986760183645,-114.986760183645
E3_SITE_04_SEC_3,E3_SITE_04,20.0,V,ZERO_DBI_PROPAGATION_REFERENCE,0.0,-22.0,-3.9382002601611283,127.58512919255172,12.943231403563342,16.0,-10.0,1.0,0.0,120.646702542222,-114.646702542222
E3_SITE_04_SEC_3,E3_SITE_04,10.0,V,ZERO_DBI_PROPAGATION_REFERENCE,0.0,-22.0,-3.9382002601611283,127.58512919255172,12.943231403563342,16.0,-10.0,1.0,0.0,120.468775558849,-114.468775558849
E3_SITE_04_SEC_3,E3_SITE_04,1.0,V,ZERO_DBI_PROPAGATION_REFERENCE,0.0,-22.0,-3.9382002601611283,127.58512919255172,12.943231403563342,16.0,-10.0,1.0,0.0,119.751921141385,-113.751921141385
E3_SITE_04_SEC_3,E3_SITE_04,0.1,V,ZERO_DBI_PROPAGATION_REFERENCE,0.0,-22.0,-3.9382002601611283,127.58512919255172,12.943231403563342,16.0,-10.0,1.0,0.0,119.025104704534,-113.025104704534
E3_SITE_04_SEC_3,E3_SITE_04,0.01,V,ZERO_DBI_PROPAGATION_REFERENCE,0.0,-22.0,-3.9382002601611283,127.58512919255172,12.943231403563342,16.0,-10.0,1.0,0.0,118.298287220162,-112.298287220162
E3_SITE_04_SEC_3,E3_SITE_04,0.005,V,ZERO_DBI_PROPAGATION_REFERENCE,0.0,-22.0,-3.9382002601611283,127.58512919255172,12.943231403563342,16.0,-10.0,1.0,0.0,118.079492671266,-112.079492671266
E3_SITE_04_SEC_3,E3_SITE_04,50.0,H,ELEMENT_PATTERN_REFERENCE,-22.0,-22.0,-3.9382002601611283,127.58512919255172,12.943231403563342,16.0,-10.0,1.0,0.0,120.986760183645,-136.986760183645
E3_SITE_04_SEC_3,E3_SITE_04,20.0,H,ELEMENT_PATTERN_REFERENCE,-22.0,-22.0,-3.9382002601611283,127.58512919255172,12.943231403563342,16.0,-10.0,1.0,0.0,120.646702542222,-136.646702542222
E3_SITE_04_SEC_3,E3_SITE_04,10.0,H,ELEMENT_PATTERN_REFERENCE,-22.0,-22.0,-3.9382002601611283,127.58512919255172,12.943231403563342,16.0,-10.0,1.0,0.0,120.468775558849,-136.46877555884902
E3_SITE_04_SEC_3,E3_SITE_04,1.0,H,ELEMENT_PATTERN_REFERENCE,-22.0,-22.0,-3.9382002601611283,127.58512919255172,12.943231403563342,16.0,-10.0,1.0,0.0,119.751921141385,-135.751921141385
E3_SITE_04_SEC_3,E3_SITE_04,0.1,H,ELEMENT_PATTERN_REFERENCE,-22.0,-22.0,-3.9382002601611283,127.58512919255172,12.943231403563342,16.0,-10.0,1.0,0.0,119.025104704534,-135.025104704534
E3_SITE_04_SEC_3,E3_SITE_04,0.01,H,ELEMENT_PATTERN_REFERENCE,-22.0,-22.0,-3.9382002601611283,127.58512919255172,12.943231403563342,16.0,-10.0,1.0,0.0,118.298287220162,-134.298287220162
E3_SITE_04_SEC_3,E3_SITE_04,0.005,H,ELEMENT_PATTERN_REFERENCE,-22.0,-22.0,-3.9382002601611283,127.58512919255172,12.943231403563342,16.0,-10.0,1.0,0.0,118.079492671266,-134.079492671266
E3_SITE_04_SEC_3,E3_SITE_04,50.0,V,ELEMENT_PATTERN_REFERENCE,-22.0,-22.0,-3.9382002601611283,127.58512919255172,12.943231403563342,16.0,-10.0,1.0,0.0,120.986760183645,-136.986760183645
E3_SITE_04_SEC_3,E3_SITE_04,20.0,V,ELEMENT_PATTERN_REFERENCE,-22.0,-22.0,-3.9382002601611283,127.58512919255172,12.943231403563342,16.0,-10.0,1.0,0.0,120.646702542222,-136.646702542222
E3_SITE_04_SEC_3,E3_SITE_04,10.0,V,ELEMENT_PATTERN_REFERENCE,-22.0,-22.0,-3.9382002601611283,127.58512919255172,12.943231403563342,16.0,-10.0,1.0,0.0,120.468775558849,-136.46877555884902
E3_SITE_04_SEC_3,E3_SITE_04,1.0,V,ELEMENT_PATTERN_REFERENCE,-22.0,-22.0,-3.9382002601611283,127.58512919255172,12.943231403563342,16.0,-10.0,1.0,0.0,119.751921141385,-135.751921141385
E3_SITE_04_SEC_3,E3_SITE_04,0.1,V,ELEMENT_PATTERN_REFERENCE,-22.0,-22.0,-3.9382002601611283,127.58512919255172,12.943231403563342,16.0,-10.0,1.0,0.0,119.025104704534,-135.025104704534
E3_SITE_04_SEC_3,E3_SITE_04,0.01,V,ELEMENT_PATTERN_REFERENCE,-22.0,-22.0,-3.9382002601611283,127.58512919255172,12.943231403563342,16.0,-10.0,1.0,0.0,118.298287220162,-134.298287220162
E3_SITE_04_SEC_3,E3_SITE_04,0.005,V,ELEMENT_PATTERN_REFERENCE,-22.0,-22.0,-3.9382002601611283,127.58512919255172,12.943231403563342,16.0,-10.0,1.0,0.0,118.079492671266,-134.079492671266
E3_SITE_04_SEC_3,E3_SITE_04,50.0,H,COHERENT_ARRAY_UPPER_ENVELOPE,-3.9382002601611283,-22.0,-3.9382002601611283,127.58512919255172,12.943231403563342,16.0,-10.0,1.0,0.0,120.986760183645,-118.92496044380613
E3_SITE_04_SEC_3,E3_SITE_04,20.0,H,COHERENT_ARRAY_UPPER_ENVELOPE,-3.9382002601611283,-22.0,-3.9382002601611283,127.58512919255172,12.943231403563342,16.0,-10.0,1.0,0.0,120.646702542222,-118.58490280238313
E3_SITE_04_SEC_3,E3_SITE_04,10.0,H,COHERENT_ARRAY_UPPER_ENVELOPE,-3.9382002601611283,-22.0,-3.9382002601611283,127.58512919255172,12.943231403563342,16.0,-10.0,1.0,0.0,120.468775558849,-118.40697581901013
E3_SITE_04_SEC_3,E3_SITE_04,1.0,H,COHERENT_ARRAY_UPPER_ENVELOPE,-3.9382002601611283,-22.0,-3.9382002601611283,127.58512919255172,12.943231403563342,16.0,-10.0,1.0,0.0,119.751921141385,-117.69012140154612
E3_SITE_04_SEC_3,E3_SITE_04,0.1,H,COHERENT_ARRAY_UPPER_ENVELOPE,-3.9382002601611283,-22.0,-3.9382002601611283,127.58512919255172,12.943231403563342,16.0,-10.0,1.0,0.0,119.025104704534,-116.96330496469513
E3_SITE_04_SEC_3,E3_SITE_04,0.01,H,COHERENT_ARRAY_UPPER_ENVELOPE,-3.9382002601611283,-22.0,-3.9382002601611283,127.58512919255172,12.943231403563342,16.0,-10.0,1.0,0.0,118.298287220162,-116.23648748032312
E3_SITE_04_SEC_3,E3_SITE_04,0.005,H,COHERENT_ARRAY_UPPER_ENVELOPE,-3.9382002601611283,-22.0,-3.9382002601611283,127.58512919255172,12.943231403563342,16.0,-10.0,1.0,0.0,118.079492671266,-116.01769293142712
E3_SITE_04_SEC_3,E3_SITE_04,50.0,V,COHERENT_ARRAY_UPPER_ENVELOPE,-3.9382002601611283,-22.0,-3.9382002601611283,127.58512919255172,12.943231403563342,16.0,-10.0,1.0,0.0,120.986760183645,-118.92496044380613
E3_SITE_04_SEC_3,E3_SITE_04,20.0,V,COHERENT_ARRAY_UPPER_ENVELOPE,-3.9382002601611283,-22.0,-3.9382002601611283,127.58512919255172,12.943231403563342,16.0,-10.0,1.0,0.0,120.646702542222,-118.58490280238313
E3_SITE_04_SEC_3,E3_SITE_04,10.0,V,COHERENT_ARRAY_UPPER_ENVELOPE,-3.9382002601611283,-22.0,-3.9382002601611283,127.58512919255172,12.943231403563342,16.0,-10.0,1.0,0.0,120.468775558849,-118.40697581901013
E3_SITE_04_SEC_3,E3_SITE_04,1.0,V,COHERENT_ARRAY_UPPER_ENVELOPE,-3.9382002601611283,-22.0,-3.9382002601611283,127.58512919255172,12.943231403563342,16.0,-10.0,1.0,0.0,119.751921141385,-117.69012140154612
E3_SITE_04_SEC_3,E3_SITE_04,0.1,V,COHERENT_ARRAY_UPPER_ENVELOPE,-3.9382002601611283,-22.0,-3.9382002601611283,127.58512919255172,12.943231403563342,16.0,-10.0,1.0,0.0,119.025104704534,-116.96330496469513
E3_SITE_04_SEC_3,E3_SITE_04,0.01,V,COHERENT_ARRAY_UPPER_ENVELOPE,-3.9382002601611283,-22.0,-3.9382002601611283,127.58512919255172,12.943231403563342,16.0,-10.0,1.0,0.0,118.298287220162,-116.23648748032312
E3_SITE_04_SEC_3,E3_SITE_04,0.005,V,COHERENT_ARRAY_UPPER_ENVELOPE,-3.9382002601611283,-22.0,-3.9382002601611283,127.58512919255172,12.943231403563342,16.0,-10.0,1.0,0.0,118.079492671266,-116.01769293142712
E3_SITE_05_SEC_1,E3_SITE_05,50.0,H,ZERO_DBI_PROPAGATION_REFERENCE,0.0,7.373191757199676,25.434991497038546,-8.944314819731972,11.861195887914102,16.0,-10.0,1.0,0.0,119.553041472872,-113.553041472872
E3_SITE_05_SEC_1,E3_SITE_05,20.0,H,ZERO_DBI_PROPAGATION_REFERENCE,0.0,7.373191757199676,25.434991497038546,-8.944314819731972,11.861195887914102,16.0,-10.0,1.0,0.0,119.25805963397,-113.25805963397
E3_SITE_05_SEC_1,E3_SITE_05,10.0,H,ZERO_DBI_PROPAGATION_REFERENCE,0.0,7.373191757199676,25.434991497038546,-8.944314819731972,11.861195887914102,16.0,-10.0,1.0,0.0,119.103717480197,-113.103717480197
E3_SITE_05_SEC_1,E3_SITE_05,1.0,H,ZERO_DBI_PROPAGATION_REFERENCE,0.0,7.373191757199676,25.434991497038546,-8.944314819731972,11.861195887914102,16.0,-10.0,1.0,0.0,118.479644933581,-112.479644933581
E3_SITE_05_SEC_1,E3_SITE_05,0.1,H,ZERO_DBI_PROPAGATION_REFERENCE,0.0,7.373191757199676,25.434991497038546,-8.944314819731972,11.861195887914102,16.0,-10.0,1.0,0.0,117.847852226218,-111.847852226218
E3_SITE_05_SEC_1,E3_SITE_05,0.01,H,ZERO_DBI_PROPAGATION_REFERENCE,0.0,7.373191757199676,25.434991497038546,-8.944314819731972,11.861195887914102,16.0,-10.0,1.0,0.0,117.216058273836,-111.216058273836
E3_SITE_05_SEC_1,E3_SITE_05,0.005,H,ZERO_DBI_PROPAGATION_REFERENCE,0.0,7.373191757199676,25.434991497038546,-8.944314819731972,11.861195887914102,16.0,-10.0,1.0,0.0,117.025868505497,-111.025868505497
E3_SITE_05_SEC_1,E3_SITE_05,50.0,V,ZERO_DBI_PROPAGATION_REFERENCE,0.0,7.373191757199676,25.434991497038546,-8.944314819731972,11.861195887914102,16.0,-10.0,1.0,0.0,119.553041472872,-113.553041472872
E3_SITE_05_SEC_1,E3_SITE_05,20.0,V,ZERO_DBI_PROPAGATION_REFERENCE,0.0,7.373191757199676,25.434991497038546,-8.944314819731972,11.861195887914102,16.0,-10.0,1.0,0.0,119.25805963397,-113.25805963397
E3_SITE_05_SEC_1,E3_SITE_05,10.0,V,ZERO_DBI_PROPAGATION_REFERENCE,0.0,7.373191757199676,25.434991497038546,-8.944314819731972,11.861195887914102,16.0,-10.0,1.0,0.0,119.103717480197,-113.103717480197
E3_SITE_05_SEC_1,E3_SITE_05,1.0,V,ZERO_DBI_PROPAGATION_REFERENCE,0.0,7.373191757199676,25.434991497038546,-8.944314819731972,11.861195887914102,16.0,-10.0,1.0,0.0,118.479644933581,-112.479644933581
E3_SITE_05_SEC_1,E3_SITE_05,0.1,V,ZERO_DBI_PROPAGATION_REFERENCE,0.0,7.373191757199676,25.434991497038546,-8.944314819731972,11.861195887914102,16.0,-10.0,1.0,0.0,117.847852226218,-111.847852226218
E3_SITE_05_SEC_1,E3_SITE_05,0.01,V,ZERO_DBI_PROPAGATION_REFERENCE,0.0,7.373191757199676,25.434991497038546,-8.944314819731972,11.861195887914102,16.0,-10.0,1.0,0.0,117.216058273836,-111.216058273836
E3_SITE_05_SEC_1,E3_SITE_05,0.005,V,ZERO_DBI_PROPAGATION_REFERENCE,0.0,7.373191757199676,25.434991497038546,-8.944314819731972,11.861195887914102,16.0,-10.0,1.0,0.0,117.025868505497,-111.025868505497
E3_SITE_05_SEC_1,E3_SITE_05,50.0,H,ELEMENT_PATTERN_REFERENCE,7.373191757199676,7.373191757199676,25.434991497038546,-8.944314819731972,11.861195887914102,16.0,-10.0,1.0,0.0,119.553041472872,-106.17984971567232
E3_SITE_05_SEC_1,E3_SITE_05,20.0,H,ELEMENT_PATTERN_REFERENCE,7.373191757199676,7.373191757199676,25.434991497038546,-8.944314819731972,11.861195887914102,16.0,-10.0,1.0,0.0,119.25805963397,-105.88486787677031
E3_SITE_05_SEC_1,E3_SITE_05,10.0,H,ELEMENT_PATTERN_REFERENCE,7.373191757199676,7.373191757199676,25.434991497038546,-8.944314819731972,11.861195887914102,16.0,-10.0,1.0,0.0,119.103717480197,-105.73052572299731
E3_SITE_05_SEC_1,E3_SITE_05,1.0,H,ELEMENT_PATTERN_REFERENCE,7.373191757199676,7.373191757199676,25.434991497038546,-8.944314819731972,11.861195887914102,16.0,-10.0,1.0,0.0,118.479644933581,-105.10645317638132
E3_SITE_05_SEC_1,E3_SITE_05,0.1,H,ELEMENT_PATTERN_REFERENCE,7.373191757199676,7.373191757199676,25.434991497038546,-8.944314819731972,11.861195887914102,16.0,-10.0,1.0,0.0,117.847852226218,-104.47466046901832
E3_SITE_05_SEC_1,E3_SITE_05,0.01,H,ELEMENT_PATTERN_REFERENCE,7.373191757199676,7.373191757199676,25.434991497038546,-8.944314819731972,11.861195887914102,16.0,-10.0,1.0,0.0,117.216058273836,-103.84286651663632
E3_SITE_05_SEC_1,E3_SITE_05,0.005,H,ELEMENT_PATTERN_REFERENCE,7.373191757199676,7.373191757199676,25.434991497038546,-8.944314819731972,11.861195887914102,16.0,-10.0,1.0,0.0,117.025868505497,-103.65267674829732
E3_SITE_05_SEC_1,E3_SITE_05,50.0,V,ELEMENT_PATTERN_REFERENCE,7.373191757199676,7.373191757199676,25.434991497038546,-8.944314819731972,11.861195887914102,16.0,-10.0,1.0,0.0,119.553041472872,-106.17984971567232
E3_SITE_05_SEC_1,E3_SITE_05,20.0,V,ELEMENT_PATTERN_REFERENCE,7.373191757199676,7.373191757199676,25.434991497038546,-8.944314819731972,11.861195887914102,16.0,-10.0,1.0,0.0,119.25805963397,-105.88486787677031
E3_SITE_05_SEC_1,E3_SITE_05,10.0,V,ELEMENT_PATTERN_REFERENCE,7.373191757199676,7.373191757199676,25.434991497038546,-8.944314819731972,11.861195887914102,16.0,-10.0,1.0,0.0,119.103717480197,-105.73052572299731
E3_SITE_05_SEC_1,E3_SITE_05,1.0,V,ELEMENT_PATTERN_REFERENCE,7.373191757199676,7.373191757199676,25.434991497038546,-8.944314819731972,11.861195887914102,16.0,-10.0,1.0,0.0,118.479644933581,-105.10645317638132
E3_SITE_05_SEC_1,E3_SITE_05,0.1,V,ELEMENT_PATTERN_REFERENCE,7.373191757199676,7.373191757199676,25.434991497038546,-8.944314819731972,11.861195887914102,16.0,-10.0,1.0,0.0,117.847852226218,-104.47466046901832
E3_SITE_05_SEC_1,E3_SITE_05,0.01,V,ELEMENT_PATTERN_REFERENCE,7.373191757199676,7.373191757199676,25.434991497038546,-8.944314819731972,11.861195887914102,16.0,-10.0,1.0,0.0,117.216058273836,-103.84286651663632
E3_SITE_05_SEC_1,E3_SITE_05,0.005,V,ELEMENT_PATTERN_REFERENCE,7.373191757199676,7.373191757199676,25.434991497038546,-8.944314819731972,11.861195887914102,16.0,-10.0,1.0,0.0,117.025868505497,-103.65267674829732
E3_SITE_05_SEC_1,E3_SITE_05,50.0,H,COHERENT_ARRAY_UPPER_ENVELOPE,25.434991497038546,7.373191757199676,25.434991497038546,-8.944314819731972,11.861195887914102,16.0,-10.0,1.0,0.0,119.553041472872,-88.11804997583346
E3_SITE_05_SEC_1,E3_SITE_05,20.0,H,COHERENT_ARRAY_UPPER_ENVELOPE,25.434991497038546,7.373191757199676,25.434991497038546,-8.944314819731972,11.861195887914102,16.0,-10.0,1.0,0.0,119.25805963397,-87.82306813693145
E3_SITE_05_SEC_1,E3_SITE_05,10.0,H,COHERENT_ARRAY_UPPER_ENVELOPE,25.434991497038546,7.373191757199676,25.434991497038546,-8.944314819731972,11.861195887914102,16.0,-10.0,1.0,0.0,119.103717480197,-87.66872598315845
E3_SITE_05_SEC_1,E3_SITE_05,1.0,H,COHERENT_ARRAY_UPPER_ENVELOPE,25.434991497038546,7.373191757199676,25.434991497038546,-8.944314819731972,11.861195887914102,16.0,-10.0,1.0,0.0,118.479644933581,-87.04465343654246
E3_SITE_05_SEC_1,E3_SITE_05,0.1,H,COHERENT_ARRAY_UPPER_ENVELOPE,25.434991497038546,7.373191757199676,25.434991497038546,-8.944314819731972,11.861195887914102,16.0,-10.0,1.0,0.0,117.847852226218,-86.41286072917944
E3_SITE_05_SEC_1,E3_SITE_05,0.01,H,COHERENT_ARRAY_UPPER_ENVELOPE,25.434991497038546,7.373191757199676,25.434991497038546,-8.944314819731972,11.861195887914102,16.0,-10.0,1.0,0.0,117.216058273836,-85.78106677679745
E3_SITE_05_SEC_1,E3_SITE_05,0.005,H,COHERENT_ARRAY_UPPER_ENVELOPE,25.434991497038546,7.373191757199676,25.434991497038546,-8.944314819731972,11.861195887914102,16.0,-10.0,1.0,0.0,117.025868505497,-85.59087700845845
E3_SITE_05_SEC_1,E3_SITE_05,50.0,V,COHERENT_ARRAY_UPPER_ENVELOPE,25.434991497038546,7.373191757199676,25.434991497038546,-8.944314819731972,11.861195887914102,16.0,-10.0,1.0,0.0,119.553041472872,-88.11804997583346
E3_SITE_05_SEC_1,E3_SITE_05,20.0,V,COHERENT_ARRAY_UPPER_ENVELOPE,25.434991497038546,7.373191757199676,25.434991497038546,-8.944314819731972,11.861195887914102,16.0,-10.0,1.0,0.0,119.25805963397,-87.82306813693145
E3_SITE_05_SEC_1,E3_SITE_05,10.0,V,COHERENT_ARRAY_UPPER_ENVELOPE,25.434991497038546,7.373191757199676,25.434991497038546,-8.944314819731972,11.861195887914102,16.0,-10.0,1.0,0.0,119.103717480197,-87.66872598315845
E3_SITE_05_SEC_1,E3_SITE_05,1.0,V,COHERENT_ARRAY_UPPER_ENVELOPE,25.434991497038546,7.373191757199676,25.434991497038546,-8.944314819731972,11.861195887914102,16.0,-10.0,1.0,0.0,118.479644933581,-87.04465343654246
E3_SITE_05_SEC_1,E3_SITE_05,0.1,V,COHERENT_ARRAY_UPPER_ENVELOPE,25.434991497038546,7.373191757199676,25.434991497038546,-8.944314819731972,11.861195887914102,16.0,-10.0,1.0,0.0,117.847852226218,-86.41286072917944
E3_SITE_05_SEC_1,E3_SITE_05,0.01,V,COHERENT_ARRAY_UPPER_ENVELOPE,25.434991497038546,7.373191757199676,25.434991497038546,-8.944314819731972,11.861195887914102,16.0,-10.0,1.0,0.0,117.216058273836,-85.78106677679745
E3_SITE_05_SEC_1,E3_SITE_05,0.005,V,COHERENT_ARRAY_UPPER_ENVELOPE,25.434991497038546,7.373191757199676,25.434991497038546,-8.944314819731972,11.861195887914102,16.0,-10.0,1.0,0.0,117.025868505497,-85.59087700845845
E3_SITE_05_SEC_2,E3_SITE_05,50.0,H,ZERO_DBI_PROPAGATION_REFERENCE,0.0,-22.0,-3.9382002601611283,-128.94431481973197,11.861195887914102,16.0,-10.0,1.0,0.0,119.553041472872,-113.553041472872
E3_SITE_05_SEC_2,E3_SITE_05,20.0,H,ZERO_DBI_PROPAGATION_REFERENCE,0.0,-22.0,-3.9382002601611283,-128.94431481973197,11.861195887914102,16.0,-10.0,1.0,0.0,119.25805963397,-113.25805963397
E3_SITE_05_SEC_2,E3_SITE_05,10.0,H,ZERO_DBI_PROPAGATION_REFERENCE,0.0,-22.0,-3.9382002601611283,-128.94431481973197,11.861195887914102,16.0,-10.0,1.0,0.0,119.103717480197,-113.103717480197
E3_SITE_05_SEC_2,E3_SITE_05,1.0,H,ZERO_DBI_PROPAGATION_REFERENCE,0.0,-22.0,-3.9382002601611283,-128.94431481973197,11.861195887914102,16.0,-10.0,1.0,0.0,118.479644933581,-112.479644933581
E3_SITE_05_SEC_2,E3_SITE_05,0.1,H,ZERO_DBI_PROPAGATION_REFERENCE,0.0,-22.0,-3.9382002601611283,-128.94431481973197,11.861195887914102,16.0,-10.0,1.0,0.0,117.847852226218,-111.847852226218
E3_SITE_05_SEC_2,E3_SITE_05,0.01,H,ZERO_DBI_PROPAGATION_REFERENCE,0.0,-22.0,-3.9382002601611283,-128.94431481973197,11.861195887914102,16.0,-10.0,1.0,0.0,117.216058273836,-111.216058273836
E3_SITE_05_SEC_2,E3_SITE_05,0.005,H,ZERO_DBI_PROPAGATION_REFERENCE,0.0,-22.0,-3.9382002601611283,-128.94431481973197,11.861195887914102,16.0,-10.0,1.0,0.0,117.025868505497,-111.025868505497
E3_SITE_05_SEC_2,E3_SITE_05,50.0,V,ZERO_DBI_PROPAGATION_REFERENCE,0.0,-22.0,-3.9382002601611283,-128.94431481973197,11.861195887914102,16.0,-10.0,1.0,0.0,119.553041472872,-113.553041472872
E3_SITE_05_SEC_2,E3_SITE_05,20.0,V,ZERO_DBI_PROPAGATION_REFERENCE,0.0,-22.0,-3.9382002601611283,-128.94431481973197,11.861195887914102,16.0,-10.0,1.0,0.0,119.25805963397,-113.25805963397
E3_SITE_05_SEC_2,E3_SITE_05,10.0,V,ZERO_DBI_PROPAGATION_REFERENCE,0.0,-22.0,-3.9382002601611283,-128.94431481973197,11.861195887914102,16.0,-10.0,1.0,0.0,119.103717480197,-113.103717480197
E3_SITE_05_SEC_2,E3_SITE_05,1.0,V,ZERO_DBI_PROPAGATION_REFERENCE,0.0,-22.0,-3.9382002601611283,-128.94431481973197,11.861195887914102,16.0,-10.0,1.0,0.0,118.479644933581,-112.479644933581
E3_SITE_05_SEC_2,E3_SITE_05,0.1,V,ZERO_DBI_PROPAGATION_REFERENCE,0.0,-22.0,-3.9382002601611283,-128.94431481973197,11.861195887914102,16.0,-10.0,1.0,0.0,117.847852226218,-111.847852226218
E3_SITE_05_SEC_2,E3_SITE_05,0.01,V,ZERO_DBI_PROPAGATION_REFERENCE,0.0,-22.0,-3.9382002601611283,-128.94431481973197,11.861195887914102,16.0,-10.0,1.0,0.0,117.216058273836,-111.216058273836
E3_SITE_05_SEC_2,E3_SITE_05,0.005,V,ZERO_DBI_PROPAGATION_REFERENCE,0.0,-22.0,-3.9382002601611283,-128.94431481973197,11.861195887914102,16.0,-10.0,1.0,0.0,117.025868505497,-111.025868505497
E3_SITE_05_SEC_2,E3_SITE_05,50.0,H,ELEMENT_PATTERN_REFERENCE,-22.0,-22.0,-3.9382002601611283,-128.94431481973197,11.861195887914102,16.0,-10.0,1.0,0.0,119.553041472872,-135.553041472872
E3_SITE_05_SEC_2,E3_SITE_05,20.0,H,ELEMENT_PATTERN_REFERENCE,-22.0,-22.0,-3.9382002601611283,-128.94431481973197,11.861195887914102,16.0,-10.0,1.0,0.0,119.25805963397,-135.25805963397
E3_SITE_05_SEC_2,E3_SITE_05,10.0,H,ELEMENT_PATTERN_REFERENCE,-22.0,-22.0,-3.9382002601611283,-128.94431481973197,11.861195887914102,16.0,-10.0,1.0,0.0,119.103717480197,-135.10371748019702
E3_SITE_05_SEC_2,E3_SITE_05,1.0,H,ELEMENT_PATTERN_REFERENCE,-22.0,-22.0,-3.9382002601611283,-128.94431481973197,11.861195887914102,16.0,-10.0,1.0,0.0,118.479644933581,-134.479644933581
E3_SITE_05_SEC_2,E3_SITE_05,0.1,H,ELEMENT_PATTERN_REFERENCE,-22.0,-22.0,-3.9382002601611283,-128.94431481973197,11.861195887914102,16.0,-10.0,1.0,0.0,117.847852226218,-133.84785222621798
E3_SITE_05_SEC_2,E3_SITE_05,0.01,H,ELEMENT_PATTERN_REFERENCE,-22.0,-22.0,-3.9382002601611283,-128.94431481973197,11.861195887914102,16.0,-10.0,1.0,0.0,117.216058273836,-133.21605827383598
E3_SITE_05_SEC_2,E3_SITE_05,0.005,H,ELEMENT_PATTERN_REFERENCE,-22.0,-22.0,-3.9382002601611283,-128.94431481973197,11.861195887914102,16.0,-10.0,1.0,0.0,117.025868505497,-133.025868505497
E3_SITE_05_SEC_2,E3_SITE_05,50.0,V,ELEMENT_PATTERN_REFERENCE,-22.0,-22.0,-3.9382002601611283,-128.94431481973197,11.861195887914102,16.0,-10.0,1.0,0.0,119.553041472872,-135.553041472872
E3_SITE_05_SEC_2,E3_SITE_05,20.0,V,ELEMENT_PATTERN_REFERENCE,-22.0,-22.0,-3.9382002601611283,-128.94431481973197,11.861195887914102,16.0,-10.0,1.0,0.0,119.25805963397,-135.25805963397
E3_SITE_05_SEC_2,E3_SITE_05,10.0,V,ELEMENT_PATTERN_REFERENCE,-22.0,-22.0,-3.9382002601611283,-128.94431481973197,11.861195887914102,16.0,-10.0,1.0,0.0,119.103717480197,-135.10371748019702
E3_SITE_05_SEC_2,E3_SITE_05,1.0,V,ELEMENT_PATTERN_REFERENCE,-22.0,-22.0,-3.9382002601611283,-128.94431481973197,11.861195887914102,16.0,-10.0,1.0,0.0,118.479644933581,-134.479644933581
E3_SITE_05_SEC_2,E3_SITE_05,0.1,V,ELEMENT_PATTERN_REFERENCE,-22.0,-22.0,-3.9382002601611283,-128.94431481973197,11.861195887914102,16.0,-10.0,1.0,0.0,117.847852226218,-133.84785222621798
E3_SITE_05_SEC_2,E3_SITE_05,0.01,V,ELEMENT_PATTERN_REFERENCE,-22.0,-22.0,-3.9382002601611283,-128.94431481973197,11.861195887914102,16.0,-10.0,1.0,0.0,117.216058273836,-133.21605827383598
E3_SITE_05_SEC_2,E3_SITE_05,0.005,V,ELEMENT_PATTERN_REFERENCE,-22.0,-22.0,-3.9382002601611283,-128.94431481973197,11.861195887914102,16.0,-10.0,1.0,0.0,117.025868505497,-133.025868505497
E3_SITE_05_SEC_2,E3_SITE_05,50.0,H,COHERENT_ARRAY_UPPER_ENVELOPE,-3.9382002601611283,-22.0,-3.9382002601611283,-128.94431481973197,11.861195887914102,16.0,-10.0,1.0,0.0,119.553041472872,-117.49124173303312
E3_SITE_05_SEC_2,E3_SITE_05,20.0,H,COHERENT_ARRAY_UPPER_ENVELOPE,-3.9382002601611283,-22.0,-3.9382002601611283,-128.94431481973197,11.861195887914102,16.0,-10.0,1.0,0.0,119.25805963397,-117.19625989413113
E3_SITE_05_SEC_2,E3_SITE_05,10.0,H,COHERENT_ARRAY_UPPER_ENVELOPE,-3.9382002601611283,-22.0,-3.9382002601611283,-128.94431481973197,11.861195887914102,16.0,-10.0,1.0,0.0,119.103717480197,-117.04191774035813
E3_SITE_05_SEC_2,E3_SITE_05,1.0,H,COHERENT_ARRAY_UPPER_ENVELOPE,-3.9382002601611283,-22.0,-3.9382002601611283,-128.94431481973197,11.861195887914102,16.0,-10.0,1.0,0.0,118.479644933581,-116.41784519374212
E3_SITE_05_SEC_2,E3_SITE_05,0.1,H,COHERENT_ARRAY_UPPER_ENVELOPE,-3.9382002601611283,-22.0,-3.9382002601611283,-128.94431481973197,11.861195887914102,16.0,-10.0,1.0,0.0,117.847852226218,-115.78605248637912
E3_SITE_05_SEC_2,E3_SITE_05,0.01,H,COHERENT_ARRAY_UPPER_ENVELOPE,-3.9382002601611283,-22.0,-3.9382002601611283,-128.94431481973197,11.861195887914102,16.0,-10.0,1.0,0.0,117.216058273836,-115.15425853399712
E3_SITE_05_SEC_2,E3_SITE_05,0.005,H,COHERENT_ARRAY_UPPER_ENVELOPE,-3.9382002601611283,-22.0,-3.9382002601611283,-128.94431481973197,11.861195887914102,16.0,-10.0,1.0,0.0,117.025868505497,-114.96406876565813
E3_SITE_05_SEC_2,E3_SITE_05,50.0,V,COHERENT_ARRAY_UPPER_ENVELOPE,-3.9382002601611283,-22.0,-3.9382002601611283,-128.94431481973197,11.861195887914102,16.0,-10.0,1.0,0.0,119.553041472872,-117.49124173303312
E3_SITE_05_SEC_2,E3_SITE_05,20.0,V,COHERENT_ARRAY_UPPER_ENVELOPE,-3.9382002601611283,-22.0,-3.9382002601611283,-128.94431481973197,11.861195887914102,16.0,-10.0,1.0,0.0,119.25805963397,-117.19625989413113
E3_SITE_05_SEC_2,E3_SITE_05,10.0,V,COHERENT_ARRAY_UPPER_ENVELOPE,-3.9382002601611283,-22.0,-3.9382002601611283,-128.94431481973197,11.861195887914102,16.0,-10.0,1.0,0.0,119.103717480197,-117.04191774035813
E3_SITE_05_SEC_2,E3_SITE_05,1.0,V,COHERENT_ARRAY_UPPER_ENVELOPE,-3.9382002601611283,-22.0,-3.9382002601611283,-128.94431481973197,11.861195887914102,16.0,-10.0,1.0,0.0,118.479644933581,-116.41784519374212
E3_SITE_05_SEC_2,E3_SITE_05,0.1,V,COHERENT_ARRAY_UPPER_ENVELOPE,-3.9382002601611283,-22.0,-3.9382002601611283,-128.94431481973197,11.861195887914102,16.0,-10.0,1.0,0.0,117.847852226218,-115.78605248637912
E3_SITE_05_SEC_2,E3_SITE_05,0.01,V,COHERENT_ARRAY_UPPER_ENVELOPE,-3.9382002601611283,-22.0,-3.9382002601611283,-128.94431481973197,11.861195887914102,16.0,-10.0,1.0,0.0,117.216058273836,-115.15425853399712
E3_SITE_05_SEC_2,E3_SITE_05,0.005,V,COHERENT_ARRAY_UPPER_ENVELOPE,-3.9382002601611283,-22.0,-3.9382002601611283,-128.94431481973197,11.861195887914102,16.0,-10.0,1.0,0.0,117.025868505497,-114.96406876565813
E3_SITE_05_SEC_3,E3_SITE_05,50.0,H,ZERO_DBI_PROPAGATION_REFERENCE,0.0,-22.0,-3.9382002601611283,111.05568518026804,11.861195887914102,16.0,-10.0,1.0,0.0,119.553041472872,-113.553041472872
E3_SITE_05_SEC_3,E3_SITE_05,20.0,H,ZERO_DBI_PROPAGATION_REFERENCE,0.0,-22.0,-3.9382002601611283,111.05568518026804,11.861195887914102,16.0,-10.0,1.0,0.0,119.25805963397,-113.25805963397
E3_SITE_05_SEC_3,E3_SITE_05,10.0,H,ZERO_DBI_PROPAGATION_REFERENCE,0.0,-22.0,-3.9382002601611283,111.05568518026804,11.861195887914102,16.0,-10.0,1.0,0.0,119.103717480197,-113.103717480197
E3_SITE_05_SEC_3,E3_SITE_05,1.0,H,ZERO_DBI_PROPAGATION_REFERENCE,0.0,-22.0,-3.9382002601611283,111.05568518026804,11.861195887914102,16.0,-10.0,1.0,0.0,118.479644933581,-112.479644933581
E3_SITE_05_SEC_3,E3_SITE_05,0.1,H,ZERO_DBI_PROPAGATION_REFERENCE,0.0,-22.0,-3.9382002601611283,111.05568518026804,11.861195887914102,16.0,-10.0,1.0,0.0,117.847852226218,-111.847852226218
E3_SITE_05_SEC_3,E3_SITE_05,0.01,H,ZERO_DBI_PROPAGATION_REFERENCE,0.0,-22.0,-3.9382002601611283,111.05568518026804,11.861195887914102,16.0,-10.0,1.0,0.0,117.216058273836,-111.216058273836
E3_SITE_05_SEC_3,E3_SITE_05,0.005,H,ZERO_DBI_PROPAGATION_REFERENCE,0.0,-22.0,-3.9382002601611283,111.05568518026804,11.861195887914102,16.0,-10.0,1.0,0.0,117.025868505497,-111.025868505497
E3_SITE_05_SEC_3,E3_SITE_05,50.0,V,ZERO_DBI_PROPAGATION_REFERENCE,0.0,-22.0,-3.9382002601611283,111.05568518026804,11.861195887914102,16.0,-10.0,1.0,0.0,119.553041472872,-113.553041472872
E3_SITE_05_SEC_3,E3_SITE_05,20.0,V,ZERO_DBI_PROPAGATION_REFERENCE,0.0,-22.0,-3.9382002601611283,111.05568518026804,11.861195887914102,16.0,-10.0,1.0,0.0,119.25805963397,-113.25805963397
E3_SITE_05_SEC_3,E3_SITE_05,10.0,V,ZERO_DBI_PROPAGATION_REFERENCE,0.0,-22.0,-3.9382002601611283,111.05568518026804,11.861195887914102,16.0,-10.0,1.0,0.0,119.103717480197,-113.103717480197
E3_SITE_05_SEC_3,E3_SITE_05,1.0,V,ZERO_DBI_PROPAGATION_REFERENCE,0.0,-22.0,-3.9382002601611283,111.05568518026804,11.861195887914102,16.0,-10.0,1.0,0.0,118.479644933581,-112.479644933581
E3_SITE_05_SEC_3,E3_SITE_05,0.1,V,ZERO_DBI_PROPAGATION_REFERENCE,0.0,-22.0,-3.9382002601611283,111.05568518026804,11.861195887914102,16.0,-10.0,1.0,0.0,117.847852226218,-111.847852226218
E3_SITE_05_SEC_3,E3_SITE_05,0.01,V,ZERO_DBI_PROPAGATION_REFERENCE,0.0,-22.0,-3.9382002601611283,111.05568518026804,11.861195887914102,16.0,-10.0,1.0,0.0,117.216058273836,-111.216058273836
E3_SITE_05_SEC_3,E3_SITE_05,0.005,V,ZERO_DBI_PROPAGATION_REFERENCE,0.0,-22.0,-3.9382002601611283,111.05568518026804,11.861195887914102,16.0,-10.0,1.0,0.0,117.025868505497,-111.025868505497
E3_SITE_05_SEC_3,E3_SITE_05,50.0,H,ELEMENT_PATTERN_REFERENCE,-22.0,-22.0,-3.9382002601611283,111.05568518026804,11.861195887914102,16.0,-10.0,1.0,0.0,119.553041472872,-135.553041472872
E3_SITE_05_SEC_3,E3_SITE_05,20.0,H,ELEMENT_PATTERN_REFERENCE,-22.0,-22.0,-3.9382002601611283,111.05568518026804,11.861195887914102,16.0,-10.0,1.0,0.0,119.25805963397,-135.25805963397
E3_SITE_05_SEC_3,E3_SITE_05,10.0,H,ELEMENT_PATTERN_REFERENCE,-22.0,-22.0,-3.9382002601611283,111.05568518026804,11.861195887914102,16.0,-10.0,1.0,0.0,119.103717480197,-135.10371748019702
E3_SITE_05_SEC_3,E3_SITE_05,1.0,H,ELEMENT_PATTERN_REFERENCE,-22.0,-22.0,-3.9382002601611283,111.05568518026804,11.861195887914102,16.0,-10.0,1.0,0.0,118.479644933581,-134.479644933581
E3_SITE_05_SEC_3,E3_SITE_05,0.1,H,ELEMENT_PATTERN_REFERENCE,-22.0,-22.0,-3.9382002601611283,111.05568518026804,11.861195887914102,16.0,-10.0,1.0,0.0,117.847852226218,-133.84785222621798
E3_SITE_05_SEC_3,E3_SITE_05,0.01,H,ELEMENT_PATTERN_REFERENCE,-22.0,-22.0,-3.9382002601611283,111.05568518026804,11.861195887914102,16.0,-10.0,1.0,0.0,117.216058273836,-133.21605827383598
E3_SITE_05_SEC_3,E3_SITE_05,0.005,H,ELEMENT_PATTERN_REFERENCE,-22.0,-22.0,-3.9382002601611283,111.05568518026804,11.861195887914102,16.0,-10.0,1.0,0.0,117.025868505497,-133.025868505497
E3_SITE_05_SEC_3,E3_SITE_05,50.0,V,ELEMENT_PATTERN_REFERENCE,-22.0,-22.0,-3.9382002601611283,111.05568518026804,11.861195887914102,16.0,-10.0,1.0,0.0,119.553041472872,-135.553041472872
E3_SITE_05_SEC_3,E3_SITE_05,20.0,V,ELEMENT_PATTERN_REFERENCE,-22.0,-22.0,-3.9382002601611283,111.05568518026804,11.861195887914102,16.0,-10.0,1.0,0.0,119.25805963397,-135.25805963397
E3_SITE_05_SEC_3,E3_SITE_05,10.0,V,ELEMENT_PATTERN_REFERENCE,-22.0,-22.0,-3.9382002601611283,111.05568518026804,11.861195887914102,16.0,-10.0,1.0,0.0,119.103717480197,-135.10371748019702
E3_SITE_05_SEC_3,E3_SITE_05,1.0,V,ELEMENT_PATTERN_REFERENCE,-22.0,-22.0,-3.9382002601611283,111.05568518026804,11.861195887914102,16.0,-10.0,1.0,0.0,118.479644933581,-134.479644933581
E3_SITE_05_SEC_3,E3_SITE_05,0.1,V,ELEMENT_PATTERN_REFERENCE,-22.0,-22.0,-3.9382002601611283,111.05568518026804,11.861195887914102,16.0,-10.0,1.0,0.0,117.847852226218,-133.84785222621798
E3_SITE_05_SEC_3,E3_SITE_05,0.01,V,ELEMENT_PATTERN_REFERENCE,-22.0,-22.0,-3.9382002601611283,111.05568518026804,11.861195887914102,16.0,-10.0,1.0,0.0,117.216058273836,-133.21605827383598
E3_SITE_05_SEC_3,E3_SITE_05,0.005,V,ELEMENT_PATTERN_REFERENCE,-22.0,-22.0,-3.9382002601611283,111.05568518026804,11.861195887914102,16.0,-10.0,1.0,0.0,117.025868505497,-133.025868505497
E3_SITE_05_SEC_3,E3_SITE_05,50.0,H,COHERENT_ARRAY_UPPER_ENVELOPE,-3.9382002601611283,-22.0,-3.9382002601611283,111.05568518026804,11.861195887914102,16.0,-10.0,1.0,0.0,119.553041472872,-117.49124173303312
E3_SITE_05_SEC_3,E3_SITE_05,20.0,H,COHERENT_ARRAY_UPPER_ENVELOPE,-3.9382002601611283,-22.0,-3.9382002601611283,111.05568518026804,11.861195887914102,16.0,-10.0,1.0,0.0,119.25805963397,-117.19625989413113
E3_SITE_05_SEC_3,E3_SITE_05,10.0,H,COHERENT_ARRAY_UPPER_ENVELOPE,-3.9382002601611283,-22.0,-3.9382002601611283,111.05568518026804,11.861195887914102,16.0,-10.0,1.0,0.0,119.103717480197,-117.04191774035813
E3_SITE_05_SEC_3,E3_SITE_05,1.0,H,COHERENT_ARRAY_UPPER_ENVELOPE,-3.9382002601611283,-22.0,-3.9382002601611283,111.05568518026804,11.861195887914102,16.0,-10.0,1.0,0.0,118.479644933581,-116.41784519374212
E3_SITE_05_SEC_3,E3_SITE_05,0.1,H,COHERENT_ARRAY_UPPER_ENVELOPE,-3.9382002601611283,-22.0,-3.9382002601611283,111.05568518026804,11.861195887914102,16.0,-10.0,1.0,0.0,117.847852226218,-115.78605248637912
E3_SITE_05_SEC_3,E3_SITE_05,0.01,H,COHERENT_ARRAY_UPPER_ENVELOPE,-3.9382002601611283,-22.0,-3.9382002601611283,111.05568518026804,11.861195887914102,16.0,-10.0,1.0,0.0,117.216058273836,-115.15425853399712
E3_SITE_05_SEC_3,E3_SITE_05,0.005,H,COHERENT_ARRAY_UPPER_ENVELOPE,-3.9382002601611283,-22.0,-3.9382002601611283,111.05568518026804,11.861195887914102,16.0,-10.0,1.0,0.0,117.025868505497,-114.96406876565813
E3_SITE_05_SEC_3,E3_SITE_05,50.0,V,COHERENT_ARRAY_UPPER_ENVELOPE,-3.9382002601611283,-22.0,-3.9382002601611283,111.05568518026804,11.861195887914102,16.0,-10.0,1.0,0.0,119.553041472872,-117.49124173303312
E3_SITE_05_SEC_3,E3_SITE_05,20.0,V,COHERENT_ARRAY_UPPER_ENVELOPE,-3.9382002601611283,-22.0,-3.9382002601611283,111.05568518026804,11.861195887914102,16.0,-10.0,1.0,0.0,119.25805963397,-117.19625989413113
E3_SITE_05_SEC_3,E3_SITE_05,10.0,V,COHERENT_ARRAY_UPPER_ENVELOPE,-3.9382002601611283,-22.0,-3.9382002601611283,111.05568518026804,11.861195887914102,16.0,-10.0,1.0,0.0,119.103717480197,-117.04191774035813
E3_SITE_05_SEC_3,E3_SITE_05,1.0,V,COHERENT_ARRAY_UPPER_ENVELOPE,-3.9382002601611283,-22.0,-3.9382002601611283,111.05568518026804,11.861195887914102,16.0,-10.0,1.0,0.0,118.479644933581,-116.41784519374212
E3_SITE_05_SEC_3,E3_SITE_05,0.1,V,COHERENT_ARRAY_UPPER_ENVELOPE,-3.9382002601611283,-22.0,-3.9382002601611283,111.05568518026804,11.861195887914102,16.0,-10.0,1.0,0.0,117.847852226218,-115.78605248637912
E3_SITE_05_SEC_3,E3_SITE_05,0.01,V,COHERENT_ARRAY_UPPER_ENVELOPE,-3.9382002601611283,-22.0,-3.9382002601611283,111.05568518026804,11.861195887914102,16.0,-10.0,1.0,0.0,117.216058273836,-115.15425853399712
E3_SITE_05_SEC_3,E3_SITE_05,0.005,V,COHERENT_ARRAY_UPPER_ENVELOPE,-3.9382002601611283,-22.0,-3.9382002601611283,111.05568518026804,11.861195887914102,16.0,-10.0,1.0,0.0,117.025868505497,-114.96406876565813
E3_SITE_06_SEC_1,E3_SITE_06,50.0,H,ZERO_DBI_PROPAGATION_REFERENCE,0.0,7.275331387732309,25.33713112757118,8.944314819755817,13.234159322539004,16.0,-10.0,1.0,0.0,148.129891813519,-142.129891813519
E3_SITE_06_SEC_1,E3_SITE_06,20.0,H,ZERO_DBI_PROPAGATION_REFERENCE,0.0,7.275331387732309,25.33713112757118,8.944314819755817,13.234159322539004,16.0,-10.0,1.0,0.0,147.83223734013,-141.83223734013
E3_SITE_06_SEC_1,E3_SITE_06,10.0,H,ZERO_DBI_PROPAGATION_REFERENCE,0.0,7.275331387732309,25.33713112757118,8.944314819755817,13.234159322539004,16.0,-10.0,1.0,0.0,147.617837594791,-141.617837594791
E3_SITE_06_SEC_1,E3_SITE_06,1.0,H,ZERO_DBI_PROPAGATION_REFERENCE,0.0,7.275331387732309,25.33713112757118,8.944314819755817,13.234159322539004,16.0,-10.0,1.0,0.0,146.721561998653,-140.721561998653
E3_SITE_06_SEC_1,E3_SITE_06,0.1,H,ZERO_DBI_PROPAGATION_REFERENCE,0.0,7.275331387732309,25.33713112757118,8.944314819755817,13.234159322539004,16.0,-10.0,1.0,0.0,145.955863573052,-139.955863573052
E3_SITE_06_SEC_1,E3_SITE_06,0.01,H,ZERO_DBI_PROPAGATION_REFERENCE,0.0,7.275331387732309,25.33713112757118,8.944314819755817,13.234159322539004,16.0,-10.0,1.0,0.0,145.243630754634,-139.243630754634
E3_SITE_06_SEC_1,E3_SITE_06,0.005,H,ZERO_DBI_PROPAGATION_REFERENCE,0.0,7.275331387732309,25.33713112757118,8.944314819755817,13.234159322539004,16.0,-10.0,1.0,0.0,145.014125957979,-139.014125957979
E3_SITE_06_SEC_1,E3_SITE_06,50.0,V,ZERO_DBI_PROPAGATION_REFERENCE,0.0,7.275331387732309,25.33713112757118,8.944314819755817,13.234159322539004,16.0,-10.0,1.0,0.0,148.129891813519,-142.129891813519
E3_SITE_06_SEC_1,E3_SITE_06,20.0,V,ZERO_DBI_PROPAGATION_REFERENCE,0.0,7.275331387732309,25.33713112757118,8.944314819755817,13.234159322539004,16.0,-10.0,1.0,0.0,147.83223734013,-141.83223734013
E3_SITE_06_SEC_1,E3_SITE_06,10.0,V,ZERO_DBI_PROPAGATION_REFERENCE,0.0,7.275331387732309,25.33713112757118,8.944314819755817,13.234159322539004,16.0,-10.0,1.0,0.0,147.617837594791,-141.617837594791
E3_SITE_06_SEC_1,E3_SITE_06,1.0,V,ZERO_DBI_PROPAGATION_REFERENCE,0.0,7.275331387732309,25.33713112757118,8.944314819755817,13.234159322539004,16.0,-10.0,1.0,0.0,146.721561998653,-140.721561998653
E3_SITE_06_SEC_1,E3_SITE_06,0.1,V,ZERO_DBI_PROPAGATION_REFERENCE,0.0,7.275331387732309,25.33713112757118,8.944314819755817,13.234159322539004,16.0,-10.0,1.0,0.0,145.955863573052,-139.955863573052
E3_SITE_06_SEC_1,E3_SITE_06,0.01,V,ZERO_DBI_PROPAGATION_REFERENCE,0.0,7.275331387732309,25.33713112757118,8.944314819755817,13.234159322539004,16.0,-10.0,1.0,0.0,145.243630754634,-139.243630754634
E3_SITE_06_SEC_1,E3_SITE_06,0.005,V,ZERO_DBI_PROPAGATION_REFERENCE,0.0,7.275331387732309,25.33713112757118,8.944314819755817,13.234159322539004,16.0,-10.0,1.0,0.0,145.014125957979,-139.014125957979
E3_SITE_06_SEC_1,E3_SITE_06,50.0,H,ELEMENT_PATTERN_REFERENCE,7.275331387732309,7.275331387732309,25.33713112757118,8.944314819755817,13.234159322539004,16.0,-10.0,1.0,0.0,148.129891813519,-134.8545604257867
E3_SITE_06_SEC_1,E3_SITE_06,20.0,H,ELEMENT_PATTERN_REFERENCE,7.275331387732309,7.275331387732309,25.33713112757118,8.944314819755817,13.234159322539004,16.0,-10.0,1.0,0.0,147.83223734013,-134.5569059523977
E3_SITE_06_SEC_1,E3_SITE_06,10.0,H,ELEMENT_PATTERN_REFERENCE,7.275331387732309,7.275331387732309,25.33713112757118,8.944314819755817,13.234159322539004,16.0,-10.0,1.0,0.0,147.617837594791,-134.3425062070587
E3_SITE_06_SEC_1,E3_SITE_06,1.0,H,ELEMENT_PATTERN_REFERENCE,7.275331387732309,7.275331387732309,25.33713112757118,8.944314819755817,13.234159322539004,16.0,-10.0,1.0,0.0,146.721561998653,-133.44623061092068
E3_SITE_06_SEC_1,E3_SITE_06,0.1,H,ELEMENT_PATTERN_REFERENCE,7.275331387732309,7.275331387732309,25.33713112757118,8.944314819755817,13.234159322539004,16.0,-10.0,1.0,0.0,145.955863573052,-132.6805321853197
E3_SITE_06_SEC_1,E3_SITE_06,0.01,H,ELEMENT_PATTERN_REFERENCE,7.275331387732309,7.275331387732309,25.33713112757118,8.944314819755817,13.234159322539004,16.0,-10.0,1.0,0.0,145.243630754634,-131.9682993669017
E3_SITE_06_SEC_1,E3_SITE_06,0.005,H,ELEMENT_PATTERN_REFERENCE,7.275331387732309,7.275331387732309,25.33713112757118,8.944314819755817,13.234159322539004,16.0,-10.0,1.0,0.0,145.014125957979,-131.73879457024668
E3_SITE_06_SEC_1,E3_SITE_06,50.0,V,ELEMENT_PATTERN_REFERENCE,7.275331387732309,7.275331387732309,25.33713112757118,8.944314819755817,13.234159322539004,16.0,-10.0,1.0,0.0,148.129891813519,-134.8545604257867
E3_SITE_06_SEC_1,E3_SITE_06,20.0,V,ELEMENT_PATTERN_REFERENCE,7.275331387732309,7.275331387732309,25.33713112757118,8.944314819755817,13.234159322539004,16.0,-10.0,1.0,0.0,147.83223734013,-134.5569059523977
E3_SITE_06_SEC_1,E3_SITE_06,10.0,V,ELEMENT_PATTERN_REFERENCE,7.275331387732309,7.275331387732309,25.33713112757118,8.944314819755817,13.234159322539004,16.0,-10.0,1.0,0.0,147.617837594791,-134.3425062070587
E3_SITE_06_SEC_1,E3_SITE_06,1.0,V,ELEMENT_PATTERN_REFERENCE,7.275331387732309,7.275331387732309,25.33713112757118,8.944314819755817,13.234159322539004,16.0,-10.0,1.0,0.0,146.721561998653,-133.44623061092068
E3_SITE_06_SEC_1,E3_SITE_06,0.1,V,ELEMENT_PATTERN_REFERENCE,7.275331387732309,7.275331387732309,25.33713112757118,8.944314819755817,13.234159322539004,16.0,-10.0,1.0,0.0,145.955863573052,-132.6805321853197
E3_SITE_06_SEC_1,E3_SITE_06,0.01,V,ELEMENT_PATTERN_REFERENCE,7.275331387732309,7.275331387732309,25.33713112757118,8.944314819755817,13.234159322539004,16.0,-10.0,1.0,0.0,145.243630754634,-131.9682993669017
E3_SITE_06_SEC_1,E3_SITE_06,0.005,V,ELEMENT_PATTERN_REFERENCE,7.275331387732309,7.275331387732309,25.33713112757118,8.944314819755817,13.234159322539004,16.0,-10.0,1.0,0.0,145.014125957979,-131.73879457024668
E3_SITE_06_SEC_1,E3_SITE_06,50.0,H,COHERENT_ARRAY_UPPER_ENVELOPE,25.33713112757118,7.275331387732309,25.33713112757118,8.944314819755817,13.234159322539004,16.0,-10.0,1.0,0.0,148.129891813519,-116.79276068594783
E3_SITE_06_SEC_1,E3_SITE_06,20.0,H,COHERENT_ARRAY_UPPER_ENVELOPE,25.33713112757118,7.275331387732309,25.33713112757118,8.944314819755817,13.234159322539004,16.0,-10.0,1.0,0.0,147.83223734013,-116.49510621255882
E3_SITE_06_SEC_1,E3_SITE_06,10.0,H,COHERENT_ARRAY_UPPER_ENVELOPE,25.33713112757118,7.275331387732309,25.33713112757118,8.944314819755817,13.234159322539004,16.0,-10.0,1.0,0.0,147.617837594791,-116.28070646721983
E3_SITE_06_SEC_1,E3_SITE_06,1.0,H,COHERENT_ARRAY_UPPER_ENVELOPE,25.33713112757118,7.275331387732309,25.33713112757118,8.944314819755817,13.234159322539004,16.0,-10.0,1.0,0.0,146.721561998653,-115.3844308710818
E3_SITE_06_SEC_1,E3_SITE_06,0.1,H,COHERENT_ARRAY_UPPER_ENVELOPE,25.33713112757118,7.275331387732309,25.33713112757118,8.944314819755817,13.234159322539004,16.0,-10.0,1.0,0.0,145.955863573052,-114.61873244548082
E3_SITE_06_SEC_1,E3_SITE_06,0.01,H,COHERENT_ARRAY_UPPER_ENVELOPE,25.33713112757118,7.275331387732309,25.33713112757118,8.944314819755817,13.234159322539004,16.0,-10.0,1.0,0.0,145.243630754634,-113.90649962706283
E3_SITE_06_SEC_1,E3_SITE_06,0.005,H,COHERENT_ARRAY_UPPER_ENVELOPE,25.33713112757118,7.275331387732309,25.33713112757118,8.944314819755817,13.234159322539004,16.0,-10.0,1.0,0.0,145.014125957979,-113.6769948304078
E3_SITE_06_SEC_1,E3_SITE_06,50.0,V,COHERENT_ARRAY_UPPER_ENVELOPE,25.33713112757118,7.275331387732309,25.33713112757118,8.944314819755817,13.234159322539004,16.0,-10.0,1.0,0.0,148.129891813519,-116.79276068594783
E3_SITE_06_SEC_1,E3_SITE_06,20.0,V,COHERENT_ARRAY_UPPER_ENVELOPE,25.33713112757118,7.275331387732309,25.33713112757118,8.944314819755817,13.234159322539004,16.0,-10.0,1.0,0.0,147.83223734013,-116.49510621255882
E3_SITE_06_SEC_1,E3_SITE_06,10.0,V,COHERENT_ARRAY_UPPER_ENVELOPE,25.33713112757118,7.275331387732309,25.33713112757118,8.944314819755817,13.234159322539004,16.0,-10.0,1.0,0.0,147.617837594791,-116.28070646721983
E3_SITE_06_SEC_1,E3_SITE_06,1.0,V,COHERENT_ARRAY_UPPER_ENVELOPE,25.33713112757118,7.275331387732309,25.33713112757118,8.944314819755817,13.234159322539004,16.0,-10.0,1.0,0.0,146.721561998653,-115.3844308710818
E3_SITE_06_SEC_1,E3_SITE_06,0.1,V,COHERENT_ARRAY_UPPER_ENVELOPE,25.33713112757118,7.275331387732309,25.33713112757118,8.944314819755817,13.234159322539004,16.0,-10.0,1.0,0.0,145.955863573052,-114.61873244548082
E3_SITE_06_SEC_1,E3_SITE_06,0.01,V,COHERENT_ARRAY_UPPER_ENVELOPE,25.33713112757118,7.275331387732309,25.33713112757118,8.944314819755817,13.234159322539004,16.0,-10.0,1.0,0.0,145.243630754634,-113.90649962706283
E3_SITE_06_SEC_1,E3_SITE_06,0.005,V,COHERENT_ARRAY_UPPER_ENVELOPE,25.33713112757118,7.275331387732309,25.33713112757118,8.944314819755817,13.234159322539004,16.0,-10.0,1.0,0.0,145.014125957979,-113.6769948304078
E3_SITE_06_SEC_2,E3_SITE_06,50.0,H,ZERO_DBI_PROPAGATION_REFERENCE,0.0,-22.0,-3.9382002601611283,-111.05568518024418,13.234159322539004,16.0,-10.0,1.0,0.0,148.129891813519,-142.129891813519
E3_SITE_06_SEC_2,E3_SITE_06,20.0,H,ZERO_DBI_PROPAGATION_REFERENCE,0.0,-22.0,-3.9382002601611283,-111.05568518024418,13.234159322539004,16.0,-10.0,1.0,0.0,147.83223734013,-141.83223734013
E3_SITE_06_SEC_2,E3_SITE_06,10.0,H,ZERO_DBI_PROPAGATION_REFERENCE,0.0,-22.0,-3.9382002601611283,-111.05568518024418,13.234159322539004,16.0,-10.0,1.0,0.0,147.617837594791,-141.617837594791
E3_SITE_06_SEC_2,E3_SITE_06,1.0,H,ZERO_DBI_PROPAGATION_REFERENCE,0.0,-22.0,-3.9382002601611283,-111.05568518024418,13.234159322539004,16.0,-10.0,1.0,0.0,146.721561998653,-140.721561998653
E3_SITE_06_SEC_2,E3_SITE_06,0.1,H,ZERO_DBI_PROPAGATION_REFERENCE,0.0,-22.0,-3.9382002601611283,-111.05568518024418,13.234159322539004,16.0,-10.0,1.0,0.0,145.955863573052,-139.955863573052
E3_SITE_06_SEC_2,E3_SITE_06,0.01,H,ZERO_DBI_PROPAGATION_REFERENCE,0.0,-22.0,-3.9382002601611283,-111.05568518024418,13.234159322539004,16.0,-10.0,1.0,0.0,145.243630754634,-139.243630754634
E3_SITE_06_SEC_2,E3_SITE_06,0.005,H,ZERO_DBI_PROPAGATION_REFERENCE,0.0,-22.0,-3.9382002601611283,-111.05568518024418,13.234159322539004,16.0,-10.0,1.0,0.0,145.014125957979,-139.014125957979
E3_SITE_06_SEC_2,E3_SITE_06,50.0,V,ZERO_DBI_PROPAGATION_REFERENCE,0.0,-22.0,-3.9382002601611283,-111.05568518024418,13.234159322539004,16.0,-10.0,1.0,0.0,148.129891813519,-142.129891813519
E3_SITE_06_SEC_2,E3_SITE_06,20.0,V,ZERO_DBI_PROPAGATION_REFERENCE,0.0,-22.0,-3.9382002601611283,-111.05568518024418,13.234159322539004,16.0,-10.0,1.0,0.0,147.83223734013,-141.83223734013
E3_SITE_06_SEC_2,E3_SITE_06,10.0,V,ZERO_DBI_PROPAGATION_REFERENCE,0.0,-22.0,-3.9382002601611283,-111.05568518024418,13.234159322539004,16.0,-10.0,1.0,0.0,147.617837594791,-141.617837594791
E3_SITE_06_SEC_2,E3_SITE_06,1.0,V,ZERO_DBI_PROPAGATION_REFERENCE,0.0,-22.0,-3.9382002601611283,-111.05568518024418,13.234159322539004,16.0,-10.0,1.0,0.0,146.721561998653,-140.721561998653
E3_SITE_06_SEC_2,E3_SITE_06,0.1,V,ZERO_DBI_PROPAGATION_REFERENCE,0.0,-22.0,-3.9382002601611283,-111.05568518024418,13.234159322539004,16.0,-10.0,1.0,0.0,145.955863573052,-139.955863573052
E3_SITE_06_SEC_2,E3_SITE_06,0.01,V,ZERO_DBI_PROPAGATION_REFERENCE,0.0,-22.0,-3.9382002601611283,-111.05568518024418,13.234159322539004,16.0,-10.0,1.0,0.0,145.243630754634,-139.243630754634
E3_SITE_06_SEC_2,E3_SITE_06,0.005,V,ZERO_DBI_PROPAGATION_REFERENCE,0.0,-22.0,-3.9382002601611283,-111.05568518024418,13.234159322539004,16.0,-10.0,1.0,0.0,145.014125957979,-139.014125957979
E3_SITE_06_SEC_2,E3_SITE_06,50.0,H,ELEMENT_PATTERN_REFERENCE,-22.0,-22.0,-3.9382002601611283,-111.05568518024418,13.234159322539004,16.0,-10.0,1.0,0.0,148.129891813519,-164.129891813519
E3_SITE_06_SEC_2,E3_SITE_06,20.0,H,ELEMENT_PATTERN_REFERENCE,-22.0,-22.0,-3.9382002601611283,-111.05568518024418,13.234159322539004,16.0,-10.0,1.0,0.0,147.83223734013,-163.83223734013
E3_SITE_06_SEC_2,E3_SITE_06,10.0,H,ELEMENT_PATTERN_REFERENCE,-22.0,-22.0,-3.9382002601611283,-111.05568518024418,13.234159322539004,16.0,-10.0,1.0,0.0,147.617837594791,-163.617837594791
E3_SITE_06_SEC_2,E3_SITE_06,1.0,H,ELEMENT_PATTERN_REFERENCE,-22.0,-22.0,-3.9382002601611283,-111.05568518024418,13.234159322539004,16.0,-10.0,1.0,0.0,146.721561998653,-162.721561998653
E3_SITE_06_SEC_2,E3_SITE_06,0.1,H,ELEMENT_PATTERN_REFERENCE,-22.0,-22.0,-3.9382002601611283,-111.05568518024418,13.234159322539004,16.0,-10.0,1.0,0.0,145.955863573052,-161.955863573052
E3_SITE_06_SEC_2,E3_SITE_06,0.01,H,ELEMENT_PATTERN_REFERENCE,-22.0,-22.0,-3.9382002601611283,-111.05568518024418,13.234159322539004,16.0,-10.0,1.0,0.0,145.243630754634,-161.243630754634
E3_SITE_06_SEC_2,E3_SITE_06,0.005,H,ELEMENT_PATTERN_REFERENCE,-22.0,-22.0,-3.9382002601611283,-111.05568518024418,13.234159322539004,16.0,-10.0,1.0,0.0,145.014125957979,-161.014125957979
E3_SITE_06_SEC_2,E3_SITE_06,50.0,V,ELEMENT_PATTERN_REFERENCE,-22.0,-22.0,-3.9382002601611283,-111.05568518024418,13.234159322539004,16.0,-10.0,1.0,0.0,148.129891813519,-164.129891813519
E3_SITE_06_SEC_2,E3_SITE_06,20.0,V,ELEMENT_PATTERN_REFERENCE,-22.0,-22.0,-3.9382002601611283,-111.05568518024418,13.234159322539004,16.0,-10.0,1.0,0.0,147.83223734013,-163.83223734013
E3_SITE_06_SEC_2,E3_SITE_06,10.0,V,ELEMENT_PATTERN_REFERENCE,-22.0,-22.0,-3.9382002601611283,-111.05568518024418,13.234159322539004,16.0,-10.0,1.0,0.0,147.617837594791,-163.617837594791
E3_SITE_06_SEC_2,E3_SITE_06,1.0,V,ELEMENT_PATTERN_REFERENCE,-22.0,-22.0,-3.9382002601611283,-111.05568518024418,13.234159322539004,16.0,-10.0,1.0,0.0,146.721561998653,-162.721561998653
E3_SITE_06_SEC_2,E3_SITE_06,0.1,V,ELEMENT_PATTERN_REFERENCE,-22.0,-22.0,-3.9382002601611283,-111.05568518024418,13.234159322539004,16.0,-10.0,1.0,0.0,145.955863573052,-161.955863573052
E3_SITE_06_SEC_2,E3_SITE_06,0.01,V,ELEMENT_PATTERN_REFERENCE,-22.0,-22.0,-3.9382002601611283,-111.05568518024418,13.234159322539004,16.0,-10.0,1.0,0.0,145.243630754634,-161.243630754634
E3_SITE_06_SEC_2,E3_SITE_06,0.005,V,ELEMENT_PATTERN_REFERENCE,-22.0,-22.0,-3.9382002601611283,-111.05568518024418,13.234159322539004,16.0,-10.0,1.0,0.0,145.014125957979,-161.014125957979
E3_SITE_06_SEC_2,E3_SITE_06,50.0,H,COHERENT_ARRAY_UPPER_ENVELOPE,-3.9382002601611283,-22.0,-3.9382002601611283,-111.05568518024418,13.234159322539004,16.0,-10.0,1.0,0.0,148.129891813519,-146.06809207368013
E3_SITE_06_SEC_2,E3_SITE_06,20.0,H,COHERENT_ARRAY_UPPER_ENVELOPE,-3.9382002601611283,-22.0,-3.9382002601611283,-111.05568518024418,13.234159322539004,16.0,-10.0,1.0,0.0,147.83223734013,-145.77043760029113
E3_SITE_06_SEC_2,E3_SITE_06,10.0,H,COHERENT_ARRAY_UPPER_ENVELOPE,-3.9382002601611283,-22.0,-3.9382002601611283,-111.05568518024418,13.234159322539004,16.0,-10.0,1.0,0.0,147.617837594791,-145.55603785495214
E3_SITE_06_SEC_2,E3_SITE_06,1.0,H,COHERENT_ARRAY_UPPER_ENVELOPE,-3.9382002601611283,-22.0,-3.9382002601611283,-111.05568518024418,13.234159322539004,16.0,-10.0,1.0,0.0,146.721561998653,-144.6597622588141
E3_SITE_06_SEC_2,E3_SITE_06,0.1,H,COHERENT_ARRAY_UPPER_ENVELOPE,-3.9382002601611283,-22.0,-3.9382002601611283,-111.05568518024418,13.234159322539004,16.0,-10.0,1.0,0.0,145.955863573052,-143.89406383321312
E3_SITE_06_SEC_2,E3_SITE_06,0.01,H,COHERENT_ARRAY_UPPER_ENVELOPE,-3.9382002601611283,-22.0,-3.9382002601611283,-111.05568518024418,13.234159322539004,16.0,-10.0,1.0,0.0,145.243630754634,-143.18183101479514
E3_SITE_06_SEC_2,E3_SITE_06,0.005,H,COHERENT_ARRAY_UPPER_ENVELOPE,-3.9382002601611283,-22.0,-3.9382002601611283,-111.05568518024418,13.234159322539004,16.0,-10.0,1.0,0.0,145.014125957979,-142.95232621814012
E3_SITE_06_SEC_2,E3_SITE_06,50.0,V,COHERENT_ARRAY_UPPER_ENVELOPE,-3.9382002601611283,-22.0,-3.9382002601611283,-111.05568518024418,13.234159322539004,16.0,-10.0,1.0,0.0,148.129891813519,-146.06809207368013
E3_SITE_06_SEC_2,E3_SITE_06,20.0,V,COHERENT_ARRAY_UPPER_ENVELOPE,-3.9382002601611283,-22.0,-3.9382002601611283,-111.05568518024418,13.234159322539004,16.0,-10.0,1.0,0.0,147.83223734013,-145.77043760029113
E3_SITE_06_SEC_2,E3_SITE_06,10.0,V,COHERENT_ARRAY_UPPER_ENVELOPE,-3.9382002601611283,-22.0,-3.9382002601611283,-111.05568518024418,13.234159322539004,16.0,-10.0,1.0,0.0,147.617837594791,-145.55603785495214
E3_SITE_06_SEC_2,E3_SITE_06,1.0,V,COHERENT_ARRAY_UPPER_ENVELOPE,-3.9382002601611283,-22.0,-3.9382002601611283,-111.05568518024418,13.234159322539004,16.0,-10.0,1.0,0.0,146.721561998653,-144.6597622588141
E3_SITE_06_SEC_2,E3_SITE_06,0.1,V,COHERENT_ARRAY_UPPER_ENVELOPE,-3.9382002601611283,-22.0,-3.9382002601611283,-111.05568518024418,13.234159322539004,16.0,-10.0,1.0,0.0,145.955863573052,-143.89406383321312
E3_SITE_06_SEC_2,E3_SITE_06,0.01,V,COHERENT_ARRAY_UPPER_ENVELOPE,-3.9382002601611283,-22.0,-3.9382002601611283,-111.05568518024418,13.234159322539004,16.0,-10.0,1.0,0.0,145.243630754634,-143.18183101479514
E3_SITE_06_SEC_2,E3_SITE_06,0.005,V,COHERENT_ARRAY_UPPER_ENVELOPE,-3.9382002601611283,-22.0,-3.9382002601611283,-111.05568518024418,13.234159322539004,16.0,-10.0,1.0,0.0,145.014125957979,-142.95232621814012
E3_SITE_06_SEC_3,E3_SITE_06,50.0,H,ZERO_DBI_PROPAGATION_REFERENCE,0.0,-22.0,-3.9382002601611283,128.94431481975585,13.234159322539004,16.0,-10.0,1.0,0.0,148.129891813519,-142.129891813519
E3_SITE_06_SEC_3,E3_SITE_06,20.0,H,ZERO_DBI_PROPAGATION_REFERENCE,0.0,-22.0,-3.9382002601611283,128.94431481975585,13.234159322539004,16.0,-10.0,1.0,0.0,147.83223734013,-141.83223734013
E3_SITE_06_SEC_3,E3_SITE_06,10.0,H,ZERO_DBI_PROPAGATION_REFERENCE,0.0,-22.0,-3.9382002601611283,128.94431481975585,13.234159322539004,16.0,-10.0,1.0,0.0,147.617837594791,-141.617837594791
E3_SITE_06_SEC_3,E3_SITE_06,1.0,H,ZERO_DBI_PROPAGATION_REFERENCE,0.0,-22.0,-3.9382002601611283,128.94431481975585,13.234159322539004,16.0,-10.0,1.0,0.0,146.721561998653,-140.721561998653
E3_SITE_06_SEC_3,E3_SITE_06,0.1,H,ZERO_DBI_PROPAGATION_REFERENCE,0.0,-22.0,-3.9382002601611283,128.94431481975585,13.234159322539004,16.0,-10.0,1.0,0.0,145.955863573052,-139.955863573052
E3_SITE_06_SEC_3,E3_SITE_06,0.01,H,ZERO_DBI_PROPAGATION_REFERENCE,0.0,-22.0,-3.9382002601611283,128.94431481975585,13.234159322539004,16.0,-10.0,1.0,0.0,145.243630754634,-139.243630754634
E3_SITE_06_SEC_3,E3_SITE_06,0.005,H,ZERO_DBI_PROPAGATION_REFERENCE,0.0,-22.0,-3.9382002601611283,128.94431481975585,13.234159322539004,16.0,-10.0,1.0,0.0,145.014125957979,-139.014125957979
E3_SITE_06_SEC_3,E3_SITE_06,50.0,V,ZERO_DBI_PROPAGATION_REFERENCE,0.0,-22.0,-3.9382002601611283,128.94431481975585,13.234159322539004,16.0,-10.0,1.0,0.0,148.129891813519,-142.129891813519
E3_SITE_06_SEC_3,E3_SITE_06,20.0,V,ZERO_DBI_PROPAGATION_REFERENCE,0.0,-22.0,-3.9382002601611283,128.94431481975585,13.234159322539004,16.0,-10.0,1.0,0.0,147.83223734013,-141.83223734013
E3_SITE_06_SEC_3,E3_SITE_06,10.0,V,ZERO_DBI_PROPAGATION_REFERENCE,0.0,-22.0,-3.9382002601611283,128.94431481975585,13.234159322539004,16.0,-10.0,1.0,0.0,147.617837594791,-141.617837594791
E3_SITE_06_SEC_3,E3_SITE_06,1.0,V,ZERO_DBI_PROPAGATION_REFERENCE,0.0,-22.0,-3.9382002601611283,128.94431481975585,13.234159322539004,16.0,-10.0,1.0,0.0,146.721561998653,-140.721561998653
E3_SITE_06_SEC_3,E3_SITE_06,0.1,V,ZERO_DBI_PROPAGATION_REFERENCE,0.0,-22.0,-3.9382002601611283,128.94431481975585,13.234159322539004,16.0,-10.0,1.0,0.0,145.955863573052,-139.955863573052
E3_SITE_06_SEC_3,E3_SITE_06,0.01,V,ZERO_DBI_PROPAGATION_REFERENCE,0.0,-22.0,-3.9382002601611283,128.94431481975585,13.234159322539004,16.0,-10.0,1.0,0.0,145.243630754634,-139.243630754634
E3_SITE_06_SEC_3,E3_SITE_06,0.005,V,ZERO_DBI_PROPAGATION_REFERENCE,0.0,-22.0,-3.9382002601611283,128.94431481975585,13.234159322539004,16.0,-10.0,1.0,0.0,145.014125957979,-139.014125957979
E3_SITE_06_SEC_3,E3_SITE_06,50.0,H,ELEMENT_PATTERN_REFERENCE,-22.0,-22.0,-3.9382002601611283,128.94431481975585,13.234159322539004,16.0,-10.0,1.0,0.0,148.129891813519,-164.129891813519
E3_SITE_06_SEC_3,E3_SITE_06,20.0,H,ELEMENT_PATTERN_REFERENCE,-22.0,-22.0,-3.9382002601611283,128.94431481975585,13.234159322539004,16.0,-10.0,1.0,0.0,147.83223734013,-163.83223734013
E3_SITE_06_SEC_3,E3_SITE_06,10.0,H,ELEMENT_PATTERN_REFERENCE,-22.0,-22.0,-3.9382002601611283,128.94431481975585,13.234159322539004,16.0,-10.0,1.0,0.0,147.617837594791,-163.617837594791
E3_SITE_06_SEC_3,E3_SITE_06,1.0,H,ELEMENT_PATTERN_REFERENCE,-22.0,-22.0,-3.9382002601611283,128.94431481975585,13.234159322539004,16.0,-10.0,1.0,0.0,146.721561998653,-162.721561998653
E3_SITE_06_SEC_3,E3_SITE_06,0.1,H,ELEMENT_PATTERN_REFERENCE,-22.0,-22.0,-3.9382002601611283,128.94431481975585,13.234159322539004,16.0,-10.0,1.0,0.0,145.955863573052,-161.955863573052
E3_SITE_06_SEC_3,E3_SITE_06,0.01,H,ELEMENT_PATTERN_REFERENCE,-22.0,-22.0,-3.9382002601611283,128.94431481975585,13.234159322539004,16.0,-10.0,1.0,0.0,145.243630754634,-161.243630754634
E3_SITE_06_SEC_3,E3_SITE_06,0.005,H,ELEMENT_PATTERN_REFERENCE,-22.0,-22.0,-3.9382002601611283,128.94431481975585,13.234159322539004,16.0,-10.0,1.0,0.0,145.014125957979,-161.014125957979
E3_SITE_06_SEC_3,E3_SITE_06,50.0,V,ELEMENT_PATTERN_REFERENCE,-22.0,-22.0,-3.9382002601611283,128.94431481975585,13.234159322539004,16.0,-10.0,1.0,0.0,148.129891813519,-164.129891813519
E3_SITE_06_SEC_3,E3_SITE_06,20.0,V,ELEMENT_PATTERN_REFERENCE,-22.0,-22.0,-3.9382002601611283,128.94431481975585,13.234159322539004,16.0,-10.0,1.0,0.0,147.83223734013,-163.83223734013
E3_SITE_06_SEC_3,E3_SITE_06,10.0,V,ELEMENT_PATTERN_REFERENCE,-22.0,-22.0,-3.9382002601611283,128.94431481975585,13.234159322539004,16.0,-10.0,1.0,0.0,147.617837594791,-163.617837594791
E3_SITE_06_SEC_3,E3_SITE_06,1.0,V,ELEMENT_PATTERN_REFERENCE,-22.0,-22.0,-3.9382002601611283,128.94431481975585,13.234159322539004,16.0,-10.0,1.0,0.0,146.721561998653,-162.721561998653
E3_SITE_06_SEC_3,E3_SITE_06,0.1,V,ELEMENT_PATTERN_REFERENCE,-22.0,-22.0,-3.9382002601611283,128.94431481975585,13.234159322539004,16.0,-10.0,1.0,0.0,145.955863573052,-161.955863573052
E3_SITE_06_SEC_3,E3_SITE_06,0.01,V,ELEMENT_PATTERN_REFERENCE,-22.0,-22.0,-3.9382002601611283,128.94431481975585,13.234159322539004,16.0,-10.0,1.0,0.0,145.243630754634,-161.243630754634
E3_SITE_06_SEC_3,E3_SITE_06,0.005,V,ELEMENT_PATTERN_REFERENCE,-22.0,-22.0,-3.9382002601611283,128.94431481975585,13.234159322539004,16.0,-10.0,1.0,0.0,145.014125957979,-161.014125957979
E3_SITE_06_SEC_3,E3_SITE_06,50.0,H,COHERENT_ARRAY_UPPER_ENVELOPE,-3.9382002601611283,-22.0,-3.9382002601611283,128.94431481975585,13.234159322539004,16.0,-10.0,1.0,0.0,148.129891813519,-146.06809207368013
E3_SITE_06_SEC_3,E3_SITE_06,20.0,H,COHERENT_ARRAY_UPPER_ENVELOPE,-3.9382002601611283,-22.0,-3.9382002601611283,128.94431481975585,13.234159322539004,16.0,-10.0,1.0,0.0,147.83223734013,-145.77043760029113
E3_SITE_06_SEC_3,E3_SITE_06,10.0,H,COHERENT_ARRAY_UPPER_ENVELOPE,-3.9382002601611283,-22.0,-3.9382002601611283,128.94431481975585,13.234159322539004,16.0,-10.0,1.0,0.0,147.617837594791,-145.55603785495214
E3_SITE_06_SEC_3,E3_SITE_06,1.0,H,COHERENT_ARRAY_UPPER_ENVELOPE,-3.9382002601611283,-22.0,-3.9382002601611283,128.94431481975585,13.234159322539004,16.0,-10.0,1.0,0.0,146.721561998653,-144.6597622588141
E3_SITE_06_SEC_3,E3_SITE_06,0.1,H,COHERENT_ARRAY_UPPER_ENVELOPE,-3.9382002601611283,-22.0,-3.9382002601611283,128.94431481975585,13.234159322539004,16.0,-10.0,1.0,0.0,145.955863573052,-143.89406383321312
E3_SITE_06_SEC_3,E3_SITE_06,0.01,H,COHERENT_ARRAY_UPPER_ENVELOPE,-3.9382002601611283,-22.0,-3.9382002601611283,128.94431481975585,13.234159322539004,16.0,-10.0,1.0,0.0,145.243630754634,-143.18183101479514
E3_SITE_06_SEC_3,E3_SITE_06,0.005,H,COHERENT_ARRAY_UPPER_ENVELOPE,-3.9382002601611283,-22.0,-3.9382002601611283,128.94431481975585,13.234159322539004,16.0,-10.0,1.0,0.0,145.014125957979,-142.95232621814012
E3_SITE_06_SEC_3,E3_SITE_06,50.0,V,COHERENT_ARRAY_UPPER_ENVELOPE,-3.9382002601611283,-22.0,-3.9382002601611283,128.94431481975585,13.234159322539004,16.0,-10.0,1.0,0.0,148.129891813519,-146.06809207368013
E3_SITE_06_SEC_3,E3_SITE_06,20.0,V,COHERENT_ARRAY_UPPER_ENVELOPE,-3.9382002601611283,-22.0,-3.9382002601611283,128.94431481975585,13.234159322539004,16.0,-10.0,1.0,0.0,147.83223734013,-145.77043760029113
E3_SITE_06_SEC_3,E3_SITE_06,10.0,V,COHERENT_ARRAY_UPPER_ENVELOPE,-3.9382002601611283,-22.0,-3.9382002601611283,128.94431481975585,13.234159322539004,16.0,-10.0,1.0,0.0,147.617837594791,-145.55603785495214
E3_SITE_06_SEC_3,E3_SITE_06,1.0,V,COHERENT_ARRAY_UPPER_ENVELOPE,-3.9382002601611283,-22.0,-3.9382002601611283,128.94431481975585,13.234159322539004,16.0,-10.0,1.0,0.0,146.721561998653,-144.6597622588141
E3_SITE_06_SEC_3,E3_SITE_06,0.1,V,COHERENT_ARRAY_UPPER_ENVELOPE,-3.9382002601611283,-22.0,-3.9382002601611283,128.94431481975585,13.234159322539004,16.0,-10.0,1.0,0.0,145.955863573052,-143.89406383321312
E3_SITE_06_SEC_3,E3_SITE_06,0.01,V,COHERENT_ARRAY_UPPER_ENVELOPE,-3.9382002601611283,-22.0,-3.9382002601611283,128.94431481975585,13.234159322539004,16.0,-10.0,1.0,0.0,145.243630754634,-143.18183101479514
E3_SITE_06_SEC_3,E3_SITE_06,0.005,V,COHERENT_ARRAY_UPPER_ENVELOPE,-3.9382002601611283,-22.0,-3.9382002601611283,128.94431481975585,13.234159322539004,16.0,-10.0,1.0,0.0,145.014125957979,-142.95232621814012
E3_SITE_07_SEC_1,E3_SITE_07,50.0,H,ZERO_DBI_PROPAGATION_REFERENCE,0.0,7.508413957629695,25.570213697468567,0.0,13.155958817884706,16.0,-10.0,1.0,0.0,118.624160440472,-112.624160440472
E3_SITE_07_SEC_1,E3_SITE_07,20.0,H,ZERO_DBI_PROPAGATION_REFERENCE,0.0,7.508413957629695,25.570213697468567,0.0,13.155958817884706,16.0,-10.0,1.0,0.0,118.355962032326,-112.355962032326
E3_SITE_07_SEC_1,E3_SITE_07,10.0,H,ZERO_DBI_PROPAGATION_REFERENCE,0.0,7.508413957629695,25.570213697468567,0.0,13.155958817884706,16.0,-10.0,1.0,0.0,118.215633664553,-112.215633664553
E3_SITE_07_SEC_1,E3_SITE_07,1.0,H,ZERO_DBI_PROPAGATION_REFERENCE,0.0,7.508413957629695,25.570213697468567,0.0,13.155958817884706,16.0,-10.0,1.0,0.0,117.647052247301,-111.647052247301
E3_SITE_07_SEC_1,E3_SITE_07,0.1,H,ZERO_DBI_PROPAGATION_REFERENCE,0.0,7.508413957629695,25.570213697468567,0.0,13.155958817884706,16.0,-10.0,1.0,0.0,117.071934066102,-111.071934066102
E3_SITE_07_SEC_1,E3_SITE_07,0.01,H,ZERO_DBI_PROPAGATION_REFERENCE,0.0,7.508413957629695,25.570213697468567,0.0,13.155958817884706,16.0,-10.0,1.0,0.0,116.496814497332,-110.496814497332
E3_SITE_07_SEC_1,E3_SITE_07,0.005,H,ZERO_DBI_PROPAGATION_REFERENCE,0.0,7.508413957629695,25.570213697468567,0.0,13.155958817884706,16.0,-10.0,1.0,0.0,116.323685306522,-110.323685306522
E3_SITE_07_SEC_1,E3_SITE_07,50.0,V,ZERO_DBI_PROPAGATION_REFERENCE,0.0,7.508413957629695,25.570213697468567,0.0,13.155958817884706,16.0,-10.0,1.0,0.0,118.624160440472,-112.624160440472
E3_SITE_07_SEC_1,E3_SITE_07,20.0,V,ZERO_DBI_PROPAGATION_REFERENCE,0.0,7.508413957629695,25.570213697468567,0.0,13.155958817884706,16.0,-10.0,1.0,0.0,118.355962032326,-112.355962032326
E3_SITE_07_SEC_1,E3_SITE_07,10.0,V,ZERO_DBI_PROPAGATION_REFERENCE,0.0,7.508413957629695,25.570213697468567,0.0,13.155958817884706,16.0,-10.0,1.0,0.0,118.215633664553,-112.215633664553
E3_SITE_07_SEC_1,E3_SITE_07,1.0,V,ZERO_DBI_PROPAGATION_REFERENCE,0.0,7.508413957629695,25.570213697468567,0.0,13.155958817884706,16.0,-10.0,1.0,0.0,117.647052247301,-111.647052247301
E3_SITE_07_SEC_1,E3_SITE_07,0.1,V,ZERO_DBI_PROPAGATION_REFERENCE,0.0,7.508413957629695,25.570213697468567,0.0,13.155958817884706,16.0,-10.0,1.0,0.0,117.071934066102,-111.071934066102
E3_SITE_07_SEC_1,E3_SITE_07,0.01,V,ZERO_DBI_PROPAGATION_REFERENCE,0.0,7.508413957629695,25.570213697468567,0.0,13.155958817884706,16.0,-10.0,1.0,0.0,116.496814497332,-110.496814497332
E3_SITE_07_SEC_1,E3_SITE_07,0.005,V,ZERO_DBI_PROPAGATION_REFERENCE,0.0,7.508413957629695,25.570213697468567,0.0,13.155958817884706,16.0,-10.0,1.0,0.0,116.323685306522,-110.323685306522
E3_SITE_07_SEC_1,E3_SITE_07,50.0,H,ELEMENT_PATTERN_REFERENCE,7.508413957629695,7.508413957629695,25.570213697468567,0.0,13.155958817884706,16.0,-10.0,1.0,0.0,118.624160440472,-105.1157464828423
E3_SITE_07_SEC_1,E3_SITE_07,20.0,H,ELEMENT_PATTERN_REFERENCE,7.508413957629695,7.508413957629695,25.570213697468567,0.0,13.155958817884706,16.0,-10.0,1.0,0.0,118.355962032326,-104.8475480746963
E3_SITE_07_SEC_1,E3_SITE_07,10.0,H,ELEMENT_PATTERN_REFERENCE,7.508413957629695,7.508413957629695,25.570213697468567,0.0,13.155958817884706,16.0,-10.0,1.0,0.0,118.215633664553,-104.7072197069233
E3_SITE_07_SEC_1,E3_SITE_07,1.0,H,ELEMENT_PATTERN_REFERENCE,7.508413957629695,7.508413957629695,25.570213697468567,0.0,13.155958817884706,16.0,-10.0,1.0,0.0,117.647052247301,-104.1386382896713
E3_SITE_07_SEC_1,E3_SITE_07,0.1,H,ELEMENT_PATTERN_REFERENCE,7.508413957629695,7.508413957629695,25.570213697468567,0.0,13.155958817884706,16.0,-10.0,1.0,0.0,117.071934066102,-103.5635201084723
E3_SITE_07_SEC_1,E3_SITE_07,0.01,H,ELEMENT_PATTERN_REFERENCE,7.508413957629695,7.508413957629695,25.570213697468567,0.0,13.155958817884706,16.0,-10.0,1.0,0.0,116.496814497332,-102.9884005397023
E3_SITE_07_SEC_1,E3_SITE_07,0.005,H,ELEMENT_PATTERN_REFERENCE,7.508413957629695,7.508413957629695,25.570213697468567,0.0,13.155958817884706,16.0,-10.0,1.0,0.0,116.323685306522,-102.8152713488923
E3_SITE_07_SEC_1,E3_SITE_07,50.0,V,ELEMENT_PATTERN_REFERENCE,7.508413957629695,7.508413957629695,25.570213697468567,0.0,13.155958817884706,16.0,-10.0,1.0,0.0,118.624160440472,-105.1157464828423
E3_SITE_07_SEC_1,E3_SITE_07,20.0,V,ELEMENT_PATTERN_REFERENCE,7.508413957629695,7.508413957629695,25.570213697468567,0.0,13.155958817884706,16.0,-10.0,1.0,0.0,118.355962032326,-104.8475480746963
E3_SITE_07_SEC_1,E3_SITE_07,10.0,V,ELEMENT_PATTERN_REFERENCE,7.508413957629695,7.508413957629695,25.570213697468567,0.0,13.155958817884706,16.0,-10.0,1.0,0.0,118.215633664553,-104.7072197069233
E3_SITE_07_SEC_1,E3_SITE_07,1.0,V,ELEMENT_PATTERN_REFERENCE,7.508413957629695,7.508413957629695,25.570213697468567,0.0,13.155958817884706,16.0,-10.0,1.0,0.0,117.647052247301,-104.1386382896713
E3_SITE_07_SEC_1,E3_SITE_07,0.1,V,ELEMENT_PATTERN_REFERENCE,7.508413957629695,7.508413957629695,25.570213697468567,0.0,13.155958817884706,16.0,-10.0,1.0,0.0,117.071934066102,-103.5635201084723
E3_SITE_07_SEC_1,E3_SITE_07,0.01,V,ELEMENT_PATTERN_REFERENCE,7.508413957629695,7.508413957629695,25.570213697468567,0.0,13.155958817884706,16.0,-10.0,1.0,0.0,116.496814497332,-102.9884005397023
E3_SITE_07_SEC_1,E3_SITE_07,0.005,V,ELEMENT_PATTERN_REFERENCE,7.508413957629695,7.508413957629695,25.570213697468567,0.0,13.155958817884706,16.0,-10.0,1.0,0.0,116.323685306522,-102.8152713488923
E3_SITE_07_SEC_1,E3_SITE_07,50.0,H,COHERENT_ARRAY_UPPER_ENVELOPE,25.570213697468567,7.508413957629695,25.570213697468567,0.0,13.155958817884706,16.0,-10.0,1.0,0.0,118.624160440472,-87.05394674300342
E3_SITE_07_SEC_1,E3_SITE_07,20.0,H,COHERENT_ARRAY_UPPER_ENVELOPE,25.570213697468567,7.508413957629695,25.570213697468567,0.0,13.155958817884706,16.0,-10.0,1.0,0.0,118.355962032326,-86.78574833485743
E3_SITE_07_SEC_1,E3_SITE_07,10.0,H,COHERENT_ARRAY_UPPER_ENVELOPE,25.570213697468567,7.508413957629695,25.570213697468567,0.0,13.155958817884706,16.0,-10.0,1.0,0.0,118.215633664553,-86.64541996708442
E3_SITE_07_SEC_1,E3_SITE_07,1.0,H,COHERENT_ARRAY_UPPER_ENVELOPE,25.570213697468567,7.508413957629695,25.570213697468567,0.0,13.155958817884706,16.0,-10.0,1.0,0.0,117.647052247301,-86.07683854983244
E3_SITE_07_SEC_1,E3_SITE_07,0.1,H,COHERENT_ARRAY_UPPER_ENVELOPE,25.570213697468567,7.508413957629695,25.570213697468567,0.0,13.155958817884706,16.0,-10.0,1.0,0.0,117.071934066102,-85.50172036863344
E3_SITE_07_SEC_1,E3_SITE_07,0.01,H,COHERENT_ARRAY_UPPER_ENVELOPE,25.570213697468567,7.508413957629695,25.570213697468567,0.0,13.155958817884706,16.0,-10.0,1.0,0.0,116.496814497332,-84.92660079986342
E3_SITE_07_SEC_1,E3_SITE_07,0.005,H,COHERENT_ARRAY_UPPER_ENVELOPE,25.570213697468567,7.508413957629695,25.570213697468567,0.0,13.155958817884706,16.0,-10.0,1.0,0.0,116.323685306522,-84.75347160905343
E3_SITE_07_SEC_1,E3_SITE_07,50.0,V,COHERENT_ARRAY_UPPER_ENVELOPE,25.570213697468567,7.508413957629695,25.570213697468567,0.0,13.155958817884706,16.0,-10.0,1.0,0.0,118.624160440472,-87.05394674300342
E3_SITE_07_SEC_1,E3_SITE_07,20.0,V,COHERENT_ARRAY_UPPER_ENVELOPE,25.570213697468567,7.508413957629695,25.570213697468567,0.0,13.155958817884706,16.0,-10.0,1.0,0.0,118.355962032326,-86.78574833485743
E3_SITE_07_SEC_1,E3_SITE_07,10.0,V,COHERENT_ARRAY_UPPER_ENVELOPE,25.570213697468567,7.508413957629695,25.570213697468567,0.0,13.155958817884706,16.0,-10.0,1.0,0.0,118.215633664553,-86.64541996708442
E3_SITE_07_SEC_1,E3_SITE_07,1.0,V,COHERENT_ARRAY_UPPER_ENVELOPE,25.570213697468567,7.508413957629695,25.570213697468567,0.0,13.155958817884706,16.0,-10.0,1.0,0.0,117.647052247301,-86.07683854983244
E3_SITE_07_SEC_1,E3_SITE_07,0.1,V,COHERENT_ARRAY_UPPER_ENVELOPE,25.570213697468567,7.508413957629695,25.570213697468567,0.0,13.155958817884706,16.0,-10.0,1.0,0.0,117.071934066102,-85.50172036863344
E3_SITE_07_SEC_1,E3_SITE_07,0.01,V,COHERENT_ARRAY_UPPER_ENVELOPE,25.570213697468567,7.508413957629695,25.570213697468567,0.0,13.155958817884706,16.0,-10.0,1.0,0.0,116.496814497332,-84.92660079986342
E3_SITE_07_SEC_1,E3_SITE_07,0.005,V,COHERENT_ARRAY_UPPER_ENVELOPE,25.570213697468567,7.508413957629695,25.570213697468567,0.0,13.155958817884706,16.0,-10.0,1.0,0.0,116.323685306522,-84.75347160905343
E3_SITE_07_SEC_2,E3_SITE_07,50.0,H,ZERO_DBI_PROPAGATION_REFERENCE,0.0,-22.0,-3.9382002601611283,-120.0,13.155958817884706,16.0,-10.0,1.0,0.0,118.624160440472,-112.624160440472
E3_SITE_07_SEC_2,E3_SITE_07,20.0,H,ZERO_DBI_PROPAGATION_REFERENCE,0.0,-22.0,-3.9382002601611283,-120.0,13.155958817884706,16.0,-10.0,1.0,0.0,118.355962032326,-112.355962032326
E3_SITE_07_SEC_2,E3_SITE_07,10.0,H,ZERO_DBI_PROPAGATION_REFERENCE,0.0,-22.0,-3.9382002601611283,-120.0,13.155958817884706,16.0,-10.0,1.0,0.0,118.215633664553,-112.215633664553
E3_SITE_07_SEC_2,E3_SITE_07,1.0,H,ZERO_DBI_PROPAGATION_REFERENCE,0.0,-22.0,-3.9382002601611283,-120.0,13.155958817884706,16.0,-10.0,1.0,0.0,117.647052247301,-111.647052247301
E3_SITE_07_SEC_2,E3_SITE_07,0.1,H,ZERO_DBI_PROPAGATION_REFERENCE,0.0,-22.0,-3.9382002601611283,-120.0,13.155958817884706,16.0,-10.0,1.0,0.0,117.071934066102,-111.071934066102
E3_SITE_07_SEC_2,E3_SITE_07,0.01,H,ZERO_DBI_PROPAGATION_REFERENCE,0.0,-22.0,-3.9382002601611283,-120.0,13.155958817884706,16.0,-10.0,1.0,0.0,116.496814497332,-110.496814497332
E3_SITE_07_SEC_2,E3_SITE_07,0.005,H,ZERO_DBI_PROPAGATION_REFERENCE,0.0,-22.0,-3.9382002601611283,-120.0,13.155958817884706,16.0,-10.0,1.0,0.0,116.323685306522,-110.323685306522
E3_SITE_07_SEC_2,E3_SITE_07,50.0,V,ZERO_DBI_PROPAGATION_REFERENCE,0.0,-22.0,-3.9382002601611283,-120.0,13.155958817884706,16.0,-10.0,1.0,0.0,118.624160440472,-112.624160440472
E3_SITE_07_SEC_2,E3_SITE_07,20.0,V,ZERO_DBI_PROPAGATION_REFERENCE,0.0,-22.0,-3.9382002601611283,-120.0,13.155958817884706,16.0,-10.0,1.0,0.0,118.355962032326,-112.355962032326
E3_SITE_07_SEC_2,E3_SITE_07,10.0,V,ZERO_DBI_PROPAGATION_REFERENCE,0.0,-22.0,-3.9382002601611283,-120.0,13.155958817884706,16.0,-10.0,1.0,0.0,118.215633664553,-112.215633664553
E3_SITE_07_SEC_2,E3_SITE_07,1.0,V,ZERO_DBI_PROPAGATION_REFERENCE,0.0,-22.0,-3.9382002601611283,-120.0,13.155958817884706,16.0,-10.0,1.0,0.0,117.647052247301,-111.647052247301
E3_SITE_07_SEC_2,E3_SITE_07,0.1,V,ZERO_DBI_PROPAGATION_REFERENCE,0.0,-22.0,-3.9382002601611283,-120.0,13.155958817884706,16.0,-10.0,1.0,0.0,117.071934066102,-111.071934066102
E3_SITE_07_SEC_2,E3_SITE_07,0.01,V,ZERO_DBI_PROPAGATION_REFERENCE,0.0,-22.0,-3.9382002601611283,-120.0,13.155958817884706,16.0,-10.0,1.0,0.0,116.496814497332,-110.496814497332
E3_SITE_07_SEC_2,E3_SITE_07,0.005,V,ZERO_DBI_PROPAGATION_REFERENCE,0.0,-22.0,-3.9382002601611283,-120.0,13.155958817884706,16.0,-10.0,1.0,0.0,116.323685306522,-110.323685306522
E3_SITE_07_SEC_2,E3_SITE_07,50.0,H,ELEMENT_PATTERN_REFERENCE,-22.0,-22.0,-3.9382002601611283,-120.0,13.155958817884706,16.0,-10.0,1.0,0.0,118.624160440472,-134.624160440472
E3_SITE_07_SEC_2,E3_SITE_07,20.0,H,ELEMENT_PATTERN_REFERENCE,-22.0,-22.0,-3.9382002601611283,-120.0,13.155958817884706,16.0,-10.0,1.0,0.0,118.355962032326,-134.355962032326
E3_SITE_07_SEC_2,E3_SITE_07,10.0,H,ELEMENT_PATTERN_REFERENCE,-22.0,-22.0,-3.9382002601611283,-120.0,13.155958817884706,16.0,-10.0,1.0,0.0,118.215633664553,-134.215633664553
E3_SITE_07_SEC_2,E3_SITE_07,1.0,H,ELEMENT_PATTERN_REFERENCE,-22.0,-22.0,-3.9382002601611283,-120.0,13.155958817884706,16.0,-10.0,1.0,0.0,117.647052247301,-133.64705224730102
E3_SITE_07_SEC_2,E3_SITE_07,0.1,H,ELEMENT_PATTERN_REFERENCE,-22.0,-22.0,-3.9382002601611283,-120.0,13.155958817884706,16.0,-10.0,1.0,0.0,117.071934066102,-133.07193406610202
E3_SITE_07_SEC_2,E3_SITE_07,0.01,H,ELEMENT_PATTERN_REFERENCE,-22.0,-22.0,-3.9382002601611283,-120.0,13.155958817884706,16.0,-10.0,1.0,0.0,116.496814497332,-132.496814497332
E3_SITE_07_SEC_2,E3_SITE_07,0.005,H,ELEMENT_PATTERN_REFERENCE,-22.0,-22.0,-3.9382002601611283,-120.0,13.155958817884706,16.0,-10.0,1.0,0.0,116.323685306522,-132.323685306522
E3_SITE_07_SEC_2,E3_SITE_07,50.0,V,ELEMENT_PATTERN_REFERENCE,-22.0,-22.0,-3.9382002601611283,-120.0,13.155958817884706,16.0,-10.0,1.0,0.0,118.624160440472,-134.624160440472
E3_SITE_07_SEC_2,E3_SITE_07,20.0,V,ELEMENT_PATTERN_REFERENCE,-22.0,-22.0,-3.9382002601611283,-120.0,13.155958817884706,16.0,-10.0,1.0,0.0,118.355962032326,-134.355962032326
E3_SITE_07_SEC_2,E3_SITE_07,10.0,V,ELEMENT_PATTERN_REFERENCE,-22.0,-22.0,-3.9382002601611283,-120.0,13.155958817884706,16.0,-10.0,1.0,0.0,118.215633664553,-134.215633664553
E3_SITE_07_SEC_2,E3_SITE_07,1.0,V,ELEMENT_PATTERN_REFERENCE,-22.0,-22.0,-3.9382002601611283,-120.0,13.155958817884706,16.0,-10.0,1.0,0.0,117.647052247301,-133.64705224730102
E3_SITE_07_SEC_2,E3_SITE_07,0.1,V,ELEMENT_PATTERN_REFERENCE,-22.0,-22.0,-3.9382002601611283,-120.0,13.155958817884706,16.0,-10.0,1.0,0.0,117.071934066102,-133.07193406610202
E3_SITE_07_SEC_2,E3_SITE_07,0.01,V,ELEMENT_PATTERN_REFERENCE,-22.0,-22.0,-3.9382002601611283,-120.0,13.155958817884706,16.0,-10.0,1.0,0.0,116.496814497332,-132.496814497332
E3_SITE_07_SEC_2,E3_SITE_07,0.005,V,ELEMENT_PATTERN_REFERENCE,-22.0,-22.0,-3.9382002601611283,-120.0,13.155958817884706,16.0,-10.0,1.0,0.0,116.323685306522,-132.323685306522
E3_SITE_07_SEC_2,E3_SITE_07,50.0,H,COHERENT_ARRAY_UPPER_ENVELOPE,-3.9382002601611283,-22.0,-3.9382002601611283,-120.0,13.155958817884706,16.0,-10.0,1.0,0.0,118.624160440472,-116.56236070063312
E3_SITE_07_SEC_2,E3_SITE_07,20.0,H,COHERENT_ARRAY_UPPER_ENVELOPE,-3.9382002601611283,-22.0,-3.9382002601611283,-120.0,13.155958817884706,16.0,-10.0,1.0,0.0,118.355962032326,-116.29416229248713
E3_SITE_07_SEC_2,E3_SITE_07,10.0,H,COHERENT_ARRAY_UPPER_ENVELOPE,-3.9382002601611283,-22.0,-3.9382002601611283,-120.0,13.155958817884706,16.0,-10.0,1.0,0.0,118.215633664553,-116.15383392471412
E3_SITE_07_SEC_2,E3_SITE_07,1.0,H,COHERENT_ARRAY_UPPER_ENVELOPE,-3.9382002601611283,-22.0,-3.9382002601611283,-120.0,13.155958817884706,16.0,-10.0,1.0,0.0,117.647052247301,-115.58525250746213
E3_SITE_07_SEC_2,E3_SITE_07,0.1,H,COHERENT_ARRAY_UPPER_ENVELOPE,-3.9382002601611283,-22.0,-3.9382002601611283,-120.0,13.155958817884706,16.0,-10.0,1.0,0.0,117.071934066102,-115.01013432626313
E3_SITE_07_SEC_2,E3_SITE_07,0.01,H,COHERENT_ARRAY_UPPER_ENVELOPE,-3.9382002601611283,-22.0,-3.9382002601611283,-120.0,13.155958817884706,16.0,-10.0,1.0,0.0,116.496814497332,-114.43501475749312
E3_SITE_07_SEC_2,E3_SITE_07,0.005,H,COHERENT_ARRAY_UPPER_ENVELOPE,-3.9382002601611283,-22.0,-3.9382002601611283,-120.0,13.155958817884706,16.0,-10.0,1.0,0.0,116.323685306522,-114.26188556668312
E3_SITE_07_SEC_2,E3_SITE_07,50.0,V,COHERENT_ARRAY_UPPER_ENVELOPE,-3.9382002601611283,-22.0,-3.9382002601611283,-120.0,13.155958817884706,16.0,-10.0,1.0,0.0,118.624160440472,-116.56236070063312
E3_SITE_07_SEC_2,E3_SITE_07,20.0,V,COHERENT_ARRAY_UPPER_ENVELOPE,-3.9382002601611283,-22.0,-3.9382002601611283,-120.0,13.155958817884706,16.0,-10.0,1.0,0.0,118.355962032326,-116.29416229248713
E3_SITE_07_SEC_2,E3_SITE_07,10.0,V,COHERENT_ARRAY_UPPER_ENVELOPE,-3.9382002601611283,-22.0,-3.9382002601611283,-120.0,13.155958817884706,16.0,-10.0,1.0,0.0,118.215633664553,-116.15383392471412
E3_SITE_07_SEC_2,E3_SITE_07,1.0,V,COHERENT_ARRAY_UPPER_ENVELOPE,-3.9382002601611283,-22.0,-3.9382002601611283,-120.0,13.155958817884706,16.0,-10.0,1.0,0.0,117.647052247301,-115.58525250746213
E3_SITE_07_SEC_2,E3_SITE_07,0.1,V,COHERENT_ARRAY_UPPER_ENVELOPE,-3.9382002601611283,-22.0,-3.9382002601611283,-120.0,13.155958817884706,16.0,-10.0,1.0,0.0,117.071934066102,-115.01013432626313
E3_SITE_07_SEC_2,E3_SITE_07,0.01,V,COHERENT_ARRAY_UPPER_ENVELOPE,-3.9382002601611283,-22.0,-3.9382002601611283,-120.0,13.155958817884706,16.0,-10.0,1.0,0.0,116.496814497332,-114.43501475749312
E3_SITE_07_SEC_2,E3_SITE_07,0.005,V,COHERENT_ARRAY_UPPER_ENVELOPE,-3.9382002601611283,-22.0,-3.9382002601611283,-120.0,13.155958817884706,16.0,-10.0,1.0,0.0,116.323685306522,-114.26188556668312
E3_SITE_07_SEC_3,E3_SITE_07,50.0,H,ZERO_DBI_PROPAGATION_REFERENCE,0.0,-22.0,-3.9382002601611283,120.0,13.155958817884706,16.0,-10.0,1.0,0.0,118.624160440472,-112.624160440472
E3_SITE_07_SEC_3,E3_SITE_07,20.0,H,ZERO_DBI_PROPAGATION_REFERENCE,0.0,-22.0,-3.9382002601611283,120.0,13.155958817884706,16.0,-10.0,1.0,0.0,118.355962032326,-112.355962032326
E3_SITE_07_SEC_3,E3_SITE_07,10.0,H,ZERO_DBI_PROPAGATION_REFERENCE,0.0,-22.0,-3.9382002601611283,120.0,13.155958817884706,16.0,-10.0,1.0,0.0,118.215633664553,-112.215633664553
E3_SITE_07_SEC_3,E3_SITE_07,1.0,H,ZERO_DBI_PROPAGATION_REFERENCE,0.0,-22.0,-3.9382002601611283,120.0,13.155958817884706,16.0,-10.0,1.0,0.0,117.647052247301,-111.647052247301
E3_SITE_07_SEC_3,E3_SITE_07,0.1,H,ZERO_DBI_PROPAGATION_REFERENCE,0.0,-22.0,-3.9382002601611283,120.0,13.155958817884706,16.0,-10.0,1.0,0.0,117.071934066102,-111.071934066102
E3_SITE_07_SEC_3,E3_SITE_07,0.01,H,ZERO_DBI_PROPAGATION_REFERENCE,0.0,-22.0,-3.9382002601611283,120.0,13.155958817884706,16.0,-10.0,1.0,0.0,116.496814497332,-110.496814497332
E3_SITE_07_SEC_3,E3_SITE_07,0.005,H,ZERO_DBI_PROPAGATION_REFERENCE,0.0,-22.0,-3.9382002601611283,120.0,13.155958817884706,16.0,-10.0,1.0,0.0,116.323685306522,-110.323685306522
E3_SITE_07_SEC_3,E3_SITE_07,50.0,V,ZERO_DBI_PROPAGATION_REFERENCE,0.0,-22.0,-3.9382002601611283,120.0,13.155958817884706,16.0,-10.0,1.0,0.0,118.624160440472,-112.624160440472
E3_SITE_07_SEC_3,E3_SITE_07,20.0,V,ZERO_DBI_PROPAGATION_REFERENCE,0.0,-22.0,-3.9382002601611283,120.0,13.155958817884706,16.0,-10.0,1.0,0.0,118.355962032326,-112.355962032326
E3_SITE_07_SEC_3,E3_SITE_07,10.0,V,ZERO_DBI_PROPAGATION_REFERENCE,0.0,-22.0,-3.9382002601611283,120.0,13.155958817884706,16.0,-10.0,1.0,0.0,118.215633664553,-112.215633664553
E3_SITE_07_SEC_3,E3_SITE_07,1.0,V,ZERO_DBI_PROPAGATION_REFERENCE,0.0,-22.0,-3.9382002601611283,120.0,13.155958817884706,16.0,-10.0,1.0,0.0,117.647052247301,-111.647052247301
E3_SITE_07_SEC_3,E3_SITE_07,0.1,V,ZERO_DBI_PROPAGATION_REFERENCE,0.0,-22.0,-3.9382002601611283,120.0,13.155958817884706,16.0,-10.0,1.0,0.0,117.071934066102,-111.071934066102
E3_SITE_07_SEC_3,E3_SITE_07,0.01,V,ZERO_DBI_PROPAGATION_REFERENCE,0.0,-22.0,-3.9382002601611283,120.0,13.155958817884706,16.0,-10.0,1.0,0.0,116.496814497332,-110.496814497332
E3_SITE_07_SEC_3,E3_SITE_07,0.005,V,ZERO_DBI_PROPAGATION_REFERENCE,0.0,-22.0,-3.9382002601611283,120.0,13.155958817884706,16.0,-10.0,1.0,0.0,116.323685306522,-110.323685306522
E3_SITE_07_SEC_3,E3_SITE_07,50.0,H,ELEMENT_PATTERN_REFERENCE,-22.0,-22.0,-3.9382002601611283,120.0,13.155958817884706,16.0,-10.0,1.0,0.0,118.624160440472,-134.624160440472
E3_SITE_07_SEC_3,E3_SITE_07,20.0,H,ELEMENT_PATTERN_REFERENCE,-22.0,-22.0,-3.9382002601611283,120.0,13.155958817884706,16.0,-10.0,1.0,0.0,118.355962032326,-134.355962032326
E3_SITE_07_SEC_3,E3_SITE_07,10.0,H,ELEMENT_PATTERN_REFERENCE,-22.0,-22.0,-3.9382002601611283,120.0,13.155958817884706,16.0,-10.0,1.0,0.0,118.215633664553,-134.215633664553
E3_SITE_07_SEC_3,E3_SITE_07,1.0,H,ELEMENT_PATTERN_REFERENCE,-22.0,-22.0,-3.9382002601611283,120.0,13.155958817884706,16.0,-10.0,1.0,0.0,117.647052247301,-133.64705224730102
E3_SITE_07_SEC_3,E3_SITE_07,0.1,H,ELEMENT_PATTERN_REFERENCE,-22.0,-22.0,-3.9382002601611283,120.0,13.155958817884706,16.0,-10.0,1.0,0.0,117.071934066102,-133.07193406610202
E3_SITE_07_SEC_3,E3_SITE_07,0.01,H,ELEMENT_PATTERN_REFERENCE,-22.0,-22.0,-3.9382002601611283,120.0,13.155958817884706,16.0,-10.0,1.0,0.0,116.496814497332,-132.496814497332
E3_SITE_07_SEC_3,E3_SITE_07,0.005,H,ELEMENT_PATTERN_REFERENCE,-22.0,-22.0,-3.9382002601611283,120.0,13.155958817884706,16.0,-10.0,1.0,0.0,116.323685306522,-132.323685306522
E3_SITE_07_SEC_3,E3_SITE_07,50.0,V,ELEMENT_PATTERN_REFERENCE,-22.0,-22.0,-3.9382002601611283,120.0,13.155958817884706,16.0,-10.0,1.0,0.0,118.624160440472,-134.624160440472
E3_SITE_07_SEC_3,E3_SITE_07,20.0,V,ELEMENT_PATTERN_REFERENCE,-22.0,-22.0,-3.9382002601611283,120.0,13.155958817884706,16.0,-10.0,1.0,0.0,118.355962032326,-134.355962032326
E3_SITE_07_SEC_3,E3_SITE_07,10.0,V,ELEMENT_PATTERN_REFERENCE,-22.0,-22.0,-3.9382002601611283,120.0,13.155958817884706,16.0,-10.0,1.0,0.0,118.215633664553,-134.215633664553
E3_SITE_07_SEC_3,E3_SITE_07,1.0,V,ELEMENT_PATTERN_REFERENCE,-22.0,-22.0,-3.9382002601611283,120.0,13.155958817884706,16.0,-10.0,1.0,0.0,117.647052247301,-133.64705224730102
E3_SITE_07_SEC_3,E3_SITE_07,0.1,V,ELEMENT_PATTERN_REFERENCE,-22.0,-22.0,-3.9382002601611283,120.0,13.155958817884706,16.0,-10.0,1.0,0.0,117.071934066102,-133.07193406610202
E3_SITE_07_SEC_3,E3_SITE_07,0.01,V,ELEMENT_PATTERN_REFERENCE,-22.0,-22.0,-3.9382002601611283,120.0,13.155958817884706,16.0,-10.0,1.0,0.0,116.496814497332,-132.496814497332
E3_SITE_07_SEC_3,E3_SITE_07,0.005,V,ELEMENT_PATTERN_REFERENCE,-22.0,-22.0,-3.9382002601611283,120.0,13.155958817884706,16.0,-10.0,1.0,0.0,116.323685306522,-132.323685306522
E3_SITE_07_SEC_3,E3_SITE_07,50.0,H,COHERENT_ARRAY_UPPER_ENVELOPE,-3.9382002601611283,-22.0,-3.9382002601611283,120.0,13.155958817884706,16.0,-10.0,1.0,0.0,118.624160440472,-116.56236070063312
E3_SITE_07_SEC_3,E3_SITE_07,20.0,H,COHERENT_ARRAY_UPPER_ENVELOPE,-3.9382002601611283,-22.0,-3.9382002601611283,120.0,13.155958817884706,16.0,-10.0,1.0,0.0,118.355962032326,-116.29416229248713
E3_SITE_07_SEC_3,E3_SITE_07,10.0,H,COHERENT_ARRAY_UPPER_ENVELOPE,-3.9382002601611283,-22.0,-3.9382002601611283,120.0,13.155958817884706,16.0,-10.0,1.0,0.0,118.215633664553,-116.15383392471412
E3_SITE_07_SEC_3,E3_SITE_07,1.0,H,COHERENT_ARRAY_UPPER_ENVELOPE,-3.9382002601611283,-22.0,-3.9382002601611283,120.0,13.155958817884706,16.0,-10.0,1.0,0.0,117.647052247301,-115.58525250746213
E3_SITE_07_SEC_3,E3_SITE_07,0.1,H,COHERENT_ARRAY_UPPER_ENVELOPE,-3.9382002601611283,-22.0,-3.9382002601611283,120.0,13.155958817884706,16.0,-10.0,1.0,0.0,117.071934066102,-115.01013432626313
E3_SITE_07_SEC_3,E3_SITE_07,0.01,H,COHERENT_ARRAY_UPPER_ENVELOPE,-3.9382002601611283,-22.0,-3.9382002601611283,120.0,13.155958817884706,16.0,-10.0,1.0,0.0,116.496814497332,-114.43501475749312
E3_SITE_07_SEC_3,E3_SITE_07,0.005,H,COHERENT_ARRAY_UPPER_ENVELOPE,-3.9382002601611283,-22.0,-3.9382002601611283,120.0,13.155958817884706,16.0,-10.0,1.0,0.0,116.323685306522,-114.26188556668312
E3_SITE_07_SEC_3,E3_SITE_07,50.0,V,COHERENT_ARRAY_UPPER_ENVELOPE,-3.9382002601611283,-22.0,-3.9382002601611283,120.0,13.155958817884706,16.0,-10.0,1.0,0.0,118.624160440472,-116.56236070063312
E3_SITE_07_SEC_3,E3_SITE_07,20.0,V,COHERENT_ARRAY_UPPER_ENVELOPE,-3.9382002601611283,-22.0,-3.9382002601611283,120.0,13.155958817884706,16.0,-10.0,1.0,0.0,118.355962032326,-116.29416229248713
E3_SITE_07_SEC_3,E3_SITE_07,10.0,V,COHERENT_ARRAY_UPPER_ENVELOPE,-3.9382002601611283,-22.0,-3.9382002601611283,120.0,13.155958817884706,16.0,-10.0,1.0,0.0,118.215633664553,-116.15383392471412
E3_SITE_07_SEC_3,E3_SITE_07,1.0,V,COHERENT_ARRAY_UPPER_ENVELOPE,-3.9382002601611283,-22.0,-3.9382002601611283,120.0,13.155958817884706,16.0,-10.0,1.0,0.0,117.647052247301,-115.58525250746213
E3_SITE_07_SEC_3,E3_SITE_07,0.1,V,COHERENT_ARRAY_UPPER_ENVELOPE,-3.9382002601611283,-22.0,-3.9382002601611283,120.0,13.155958817884706,16.0,-10.0,1.0,0.0,117.071934066102,-115.01013432626313
E3_SITE_07_SEC_3,E3_SITE_07,0.01,V,COHERENT_ARRAY_UPPER_ENVELOPE,-3.9382002601611283,-22.0,-3.9382002601611283,120.0,13.155958817884706,16.0,-10.0,1.0,0.0,116.496814497332,-114.43501475749312
E3_SITE_07_SEC_3,E3_SITE_07,0.005,V,COHERENT_ARRAY_UPPER_ENVELOPE,-3.9382002601611283,-22.0,-3.9382002601611283,120.0,13.155958817884706,16.0,-10.0,1.0,0.0,116.323685306522,-114.26188556668312
E3_SITE_08_SEC_1,E3_SITE_08,50.0,H,ZERO_DBI_PROPAGATION_REFERENCE,0.0,7.5677082151815664,25.629507955020436,0.0,12.337047157707149,16.0,-10.0,1.0,0.0,161.205387749133,-155.205387749133
E3_SITE_08_SEC_1,E3_SITE_08,20.0,H,ZERO_DBI_PROPAGATION_REFERENCE,0.0,7.5677082151815664,25.629507955020436,0.0,12.337047157707149,16.0,-10.0,1.0,0.0,160.845147990486,-154.845147990486
E3_SITE_08_SEC_1,E3_SITE_08,10.0,H,ZERO_DBI_PROPAGATION_REFERENCE,0.0,7.5677082151815664,25.629507955020436,0.0,12.337047157707149,16.0,-10.0,1.0,0.0,160.577100027834,-154.577100027834
E3_SITE_08_SEC_1,E3_SITE_08,1.0,H,ZERO_DBI_PROPAGATION_REFERENCE,0.0,7.5677082151815664,25.629507955020436,0.0,12.337047157707149,16.0,-10.0,1.0,0.0,159.718239655707,-153.718239655707
E3_SITE_08_SEC_1,E3_SITE_08,0.1,H,ZERO_DBI_PROPAGATION_REFERENCE,0.0,7.5677082151815664,25.629507955020436,0.0,12.337047157707149,16.0,-10.0,1.0,0.0,158.860818234626,-152.860818234626
E3_SITE_08_SEC_1,E3_SITE_08,0.01,H,ZERO_DBI_PROPAGATION_REFERENCE,0.0,7.5677082151815664,25.629507955020436,0.0,12.337047157707149,16.0,-10.0,1.0,0.0,158.002015257879,-152.002015257879
E3_SITE_08_SEC_1,E3_SITE_08,0.005,H,ZERO_DBI_PROPAGATION_REFERENCE,0.0,7.5677082151815664,25.629507955020436,0.0,12.337047157707149,16.0,-10.0,1.0,0.0,157.742623029016,-151.742623029016
E3_SITE_08_SEC_1,E3_SITE_08,50.0,V,ZERO_DBI_PROPAGATION_REFERENCE,0.0,7.5677082151815664,25.629507955020436,0.0,12.337047157707149,16.0,-10.0,1.0,0.0,161.205387749133,-155.205387749133
E3_SITE_08_SEC_1,E3_SITE_08,20.0,V,ZERO_DBI_PROPAGATION_REFERENCE,0.0,7.5677082151815664,25.629507955020436,0.0,12.337047157707149,16.0,-10.0,1.0,0.0,160.845147990486,-154.845147990486
E3_SITE_08_SEC_1,E3_SITE_08,10.0,V,ZERO_DBI_PROPAGATION_REFERENCE,0.0,7.5677082151815664,25.629507955020436,0.0,12.337047157707149,16.0,-10.0,1.0,0.0,160.577100027834,-154.577100027834
E3_SITE_08_SEC_1,E3_SITE_08,1.0,V,ZERO_DBI_PROPAGATION_REFERENCE,0.0,7.5677082151815664,25.629507955020436,0.0,12.337047157707149,16.0,-10.0,1.0,0.0,159.718239655707,-153.718239655707
E3_SITE_08_SEC_1,E3_SITE_08,0.1,V,ZERO_DBI_PROPAGATION_REFERENCE,0.0,7.5677082151815664,25.629507955020436,0.0,12.337047157707149,16.0,-10.0,1.0,0.0,158.860818234626,-152.860818234626
E3_SITE_08_SEC_1,E3_SITE_08,0.01,V,ZERO_DBI_PROPAGATION_REFERENCE,0.0,7.5677082151815664,25.629507955020436,0.0,12.337047157707149,16.0,-10.0,1.0,0.0,158.002015257879,-152.002015257879
E3_SITE_08_SEC_1,E3_SITE_08,0.005,V,ZERO_DBI_PROPAGATION_REFERENCE,0.0,7.5677082151815664,25.629507955020436,0.0,12.337047157707149,16.0,-10.0,1.0,0.0,157.742623029016,-151.742623029016
E3_SITE_08_SEC_1,E3_SITE_08,50.0,H,ELEMENT_PATTERN_REFERENCE,7.5677082151815664,7.5677082151815664,25.629507955020436,0.0,12.337047157707149,16.0,-10.0,1.0,0.0,161.205387749133,-147.63767953395143
E3_SITE_08_SEC_1,E3_SITE_08,20.0,H,ELEMENT_PATTERN_REFERENCE,7.5677082151815664,7.5677082151815664,25.629507955020436,0.0,12.337047157707149,16.0,-10.0,1.0,0.0,160.845147990486,-147.27743977530443
E3_SITE_08_SEC_1,E3_SITE_08,10.0,H,ELEMENT_PATTERN_REFERENCE,7.5677082151815664,7.5677082151815664,25.629507955020436,0.0,12.337047157707149,16.0,-10.0,1.0,0.0,160.577100027834,-147.00939181265244
E3_SITE_08_SEC_1,E3_SITE_08,1.0,H,ELEMENT_PATTERN_REFERENCE,7.5677082151815664,7.5677082151815664,25.629507955020436,0.0,12.337047157707149,16.0,-10.0,1.0,0.0,159.718239655707,-146.15053144052544
E3_SITE_08_SEC_1,E3_SITE_08,0.1,H,ELEMENT_PATTERN_REFERENCE,7.5677082151815664,7.5677082151815664,25.629507955020436,0.0,12.337047157707149,16.0,-10.0,1.0,0.0,158.860818234626,-145.29311001944444
E3_SITE_08_SEC_1,E3_SITE_08,0.01,H,ELEMENT_PATTERN_REFERENCE,7.5677082151815664,7.5677082151815664,25.629507955020436,0.0,12.337047157707149,16.0,-10.0,1.0,0.0,158.002015257879,-144.43430704269744
E3_SITE_08_SEC_1,E3_SITE_08,0.005,H,ELEMENT_PATTERN_REFERENCE,7.5677082151815664,7.5677082151815664,25.629507955020436,0.0,12.337047157707149,16.0,-10.0,1.0,0.0,157.742623029016,-144.17491481383442
E3_SITE_08_SEC_1,E3_SITE_08,50.0,V,ELEMENT_PATTERN_REFERENCE,7.5677082151815664,7.5677082151815664,25.629507955020436,0.0,12.337047157707149,16.0,-10.0,1.0,0.0,161.205387749133,-147.63767953395143
E3_SITE_08_SEC_1,E3_SITE_08,20.0,V,ELEMENT_PATTERN_REFERENCE,7.5677082151815664,7.5677082151815664,25.629507955020436,0.0,12.337047157707149,16.0,-10.0,1.0,0.0,160.845147990486,-147.27743977530443
E3_SITE_08_SEC_1,E3_SITE_08,10.0,V,ELEMENT_PATTERN_REFERENCE,7.5677082151815664,7.5677082151815664,25.629507955020436,0.0,12.337047157707149,16.0,-10.0,1.0,0.0,160.577100027834,-147.00939181265244
E3_SITE_08_SEC_1,E3_SITE_08,1.0,V,ELEMENT_PATTERN_REFERENCE,7.5677082151815664,7.5677082151815664,25.629507955020436,0.0,12.337047157707149,16.0,-10.0,1.0,0.0,159.718239655707,-146.15053144052544
E3_SITE_08_SEC_1,E3_SITE_08,0.1,V,ELEMENT_PATTERN_REFERENCE,7.5677082151815664,7.5677082151815664,25.629507955020436,0.0,12.337047157707149,16.0,-10.0,1.0,0.0,158.860818234626,-145.29311001944444
E3_SITE_08_SEC_1,E3_SITE_08,0.01,V,ELEMENT_PATTERN_REFERENCE,7.5677082151815664,7.5677082151815664,25.629507955020436,0.0,12.337047157707149,16.0,-10.0,1.0,0.0,158.002015257879,-144.43430704269744
E3_SITE_08_SEC_1,E3_SITE_08,0.005,V,ELEMENT_PATTERN_REFERENCE,7.5677082151815664,7.5677082151815664,25.629507955020436,0.0,12.337047157707149,16.0,-10.0,1.0,0.0,157.742623029016,-144.17491481383442
E3_SITE_08_SEC_1,E3_SITE_08,50.0,H,COHERENT_ARRAY_UPPER_ENVELOPE,25.629507955020436,7.5677082151815664,25.629507955020436,0.0,12.337047157707149,16.0,-10.0,1.0,0.0,161.205387749133,-129.57587979411255
E3_SITE_08_SEC_1,E3_SITE_08,20.0,H,COHERENT_ARRAY_UPPER_ENVELOPE,25.629507955020436,7.5677082151815664,25.629507955020436,0.0,12.337047157707149,16.0,-10.0,1.0,0.0,160.845147990486,-129.21564003546555
E3_SITE_08_SEC_1,E3_SITE_08,10.0,H,COHERENT_ARRAY_UPPER_ENVELOPE,25.629507955020436,7.5677082151815664,25.629507955020436,0.0,12.337047157707149,16.0,-10.0,1.0,0.0,160.577100027834,-128.94759207281356
E3_SITE_08_SEC_1,E3_SITE_08,1.0,H,COHERENT_ARRAY_UPPER_ENVELOPE,25.629507955020436,7.5677082151815664,25.629507955020436,0.0,12.337047157707149,16.0,-10.0,1.0,0.0,159.718239655707,-128.08873170068657
E3_SITE_08_SEC_1,E3_SITE_08,0.1,H,COHERENT_ARRAY_UPPER_ENVELOPE,25.629507955020436,7.5677082151815664,25.629507955020436,0.0,12.337047157707149,16.0,-10.0,1.0,0.0,158.860818234626,-127.23131027960557
E3_SITE_08_SEC_1,E3_SITE_08,0.01,H,COHERENT_ARRAY_UPPER_ENVELOPE,25.629507955020436,7.5677082151815664,25.629507955020436,0.0,12.337047157707149,16.0,-10.0,1.0,0.0,158.002015257879,-126.37250730285857
E3_SITE_08_SEC_1,E3_SITE_08,0.005,H,COHERENT_ARRAY_UPPER_ENVELOPE,25.629507955020436,7.5677082151815664,25.629507955020436,0.0,12.337047157707149,16.0,-10.0,1.0,0.0,157.742623029016,-126.11311507399554
E3_SITE_08_SEC_1,E3_SITE_08,50.0,V,COHERENT_ARRAY_UPPER_ENVELOPE,25.629507955020436,7.5677082151815664,25.629507955020436,0.0,12.337047157707149,16.0,-10.0,1.0,0.0,161.205387749133,-129.57587979411255
E3_SITE_08_SEC_1,E3_SITE_08,20.0,V,COHERENT_ARRAY_UPPER_ENVELOPE,25.629507955020436,7.5677082151815664,25.629507955020436,0.0,12.337047157707149,16.0,-10.0,1.0,0.0,160.845147990486,-129.21564003546555
E3_SITE_08_SEC_1,E3_SITE_08,10.0,V,COHERENT_ARRAY_UPPER_ENVELOPE,25.629507955020436,7.5677082151815664,25.629507955020436,0.0,12.337047157707149,16.0,-10.0,1.0,0.0,160.577100027834,-128.94759207281356
E3_SITE_08_SEC_1,E3_SITE_08,1.0,V,COHERENT_ARRAY_UPPER_ENVELOPE,25.629507955020436,7.5677082151815664,25.629507955020436,0.0,12.337047157707149,16.0,-10.0,1.0,0.0,159.718239655707,-128.08873170068657
E3_SITE_08_SEC_1,E3_SITE_08,0.1,V,COHERENT_ARRAY_UPPER_ENVELOPE,25.629507955020436,7.5677082151815664,25.629507955020436,0.0,12.337047157707149,16.0,-10.0,1.0,0.0,158.860818234626,-127.23131027960557
E3_SITE_08_SEC_1,E3_SITE_08,0.01,V,COHERENT_ARRAY_UPPER_ENVELOPE,25.629507955020436,7.5677082151815664,25.629507955020436,0.0,12.337047157707149,16.0,-10.0,1.0,0.0,158.002015257879,-126.37250730285857
E3_SITE_08_SEC_1,E3_SITE_08,0.005,V,COHERENT_ARRAY_UPPER_ENVELOPE,25.629507955020436,7.5677082151815664,25.629507955020436,0.0,12.337047157707149,16.0,-10.0,1.0,0.0,157.742623029016,-126.11311507399554
E3_SITE_08_SEC_2,E3_SITE_08,50.0,H,ZERO_DBI_PROPAGATION_REFERENCE,0.0,-22.0,-3.9382002601611283,-120.0,12.337047157707149,16.0,-10.0,1.0,0.0,161.205387749133,-155.205387749133
E3_SITE_08_SEC_2,E3_SITE_08,20.0,H,ZERO_DBI_PROPAGATION_REFERENCE,0.0,-22.0,-3.9382002601611283,-120.0,12.337047157707149,16.0,-10.0,1.0,0.0,160.845147990486,-154.845147990486
E3_SITE_08_SEC_2,E3_SITE_08,10.0,H,ZERO_DBI_PROPAGATION_REFERENCE,0.0,-22.0,-3.9382002601611283,-120.0,12.337047157707149,16.0,-10.0,1.0,0.0,160.577100027834,-154.577100027834
E3_SITE_08_SEC_2,E3_SITE_08,1.0,H,ZERO_DBI_PROPAGATION_REFERENCE,0.0,-22.0,-3.9382002601611283,-120.0,12.337047157707149,16.0,-10.0,1.0,0.0,159.718239655707,-153.718239655707
E3_SITE_08_SEC_2,E3_SITE_08,0.1,H,ZERO_DBI_PROPAGATION_REFERENCE,0.0,-22.0,-3.9382002601611283,-120.0,12.337047157707149,16.0,-10.0,1.0,0.0,158.860818234626,-152.860818234626
E3_SITE_08_SEC_2,E3_SITE_08,0.01,H,ZERO_DBI_PROPAGATION_REFERENCE,0.0,-22.0,-3.9382002601611283,-120.0,12.337047157707149,16.0,-10.0,1.0,0.0,158.002015257879,-152.002015257879
E3_SITE_08_SEC_2,E3_SITE_08,0.005,H,ZERO_DBI_PROPAGATION_REFERENCE,0.0,-22.0,-3.9382002601611283,-120.0,12.337047157707149,16.0,-10.0,1.0,0.0,157.742623029016,-151.742623029016
E3_SITE_08_SEC_2,E3_SITE_08,50.0,V,ZERO_DBI_PROPAGATION_REFERENCE,0.0,-22.0,-3.9382002601611283,-120.0,12.337047157707149,16.0,-10.0,1.0,0.0,161.205387749133,-155.205387749133
E3_SITE_08_SEC_2,E3_SITE_08,20.0,V,ZERO_DBI_PROPAGATION_REFERENCE,0.0,-22.0,-3.9382002601611283,-120.0,12.337047157707149,16.0,-10.0,1.0,0.0,160.845147990486,-154.845147990486
E3_SITE_08_SEC_2,E3_SITE_08,10.0,V,ZERO_DBI_PROPAGATION_REFERENCE,0.0,-22.0,-3.9382002601611283,-120.0,12.337047157707149,16.0,-10.0,1.0,0.0,160.577100027834,-154.577100027834
E3_SITE_08_SEC_2,E3_SITE_08,1.0,V,ZERO_DBI_PROPAGATION_REFERENCE,0.0,-22.0,-3.9382002601611283,-120.0,12.337047157707149,16.0,-10.0,1.0,0.0,159.718239655707,-153.718239655707
E3_SITE_08_SEC_2,E3_SITE_08,0.1,V,ZERO_DBI_PROPAGATION_REFERENCE,0.0,-22.0,-3.9382002601611283,-120.0,12.337047157707149,16.0,-10.0,1.0,0.0,158.860818234626,-152.860818234626
E3_SITE_08_SEC_2,E3_SITE_08,0.01,V,ZERO_DBI_PROPAGATION_REFERENCE,0.0,-22.0,-3.9382002601611283,-120.0,12.337047157707149,16.0,-10.0,1.0,0.0,158.002015257879,-152.002015257879
E3_SITE_08_SEC_2,E3_SITE_08,0.005,V,ZERO_DBI_PROPAGATION_REFERENCE,0.0,-22.0,-3.9382002601611283,-120.0,12.337047157707149,16.0,-10.0,1.0,0.0,157.742623029016,-151.742623029016
E3_SITE_08_SEC_2,E3_SITE_08,50.0,H,ELEMENT_PATTERN_REFERENCE,-22.0,-22.0,-3.9382002601611283,-120.0,12.337047157707149,16.0,-10.0,1.0,0.0,161.205387749133,-177.205387749133
E3_SITE_08_SEC_2,E3_SITE_08,20.0,H,ELEMENT_PATTERN_REFERENCE,-22.0,-22.0,-3.9382002601611283,-120.0,12.337047157707149,16.0,-10.0,1.0,0.0,160.845147990486,-176.845147990486
E3_SITE_08_SEC_2,E3_SITE_08,10.0,H,ELEMENT_PATTERN_REFERENCE,-22.0,-22.0,-3.9382002601611283,-120.0,12.337047157707149,16.0,-10.0,1.0,0.0,160.577100027834,-176.577100027834
E3_SITE_08_SEC_2,E3_SITE_08,1.0,H,ELEMENT_PATTERN_REFERENCE,-22.0,-22.0,-3.9382002601611283,-120.0,12.337047157707149,16.0,-10.0,1.0,0.0,159.718239655707,-175.718239655707
E3_SITE_08_SEC_2,E3_SITE_08,0.1,H,ELEMENT_PATTERN_REFERENCE,-22.0,-22.0,-3.9382002601611283,-120.0,12.337047157707149,16.0,-10.0,1.0,0.0,158.860818234626,-174.860818234626
E3_SITE_08_SEC_2,E3_SITE_08,0.01,H,ELEMENT_PATTERN_REFERENCE,-22.0,-22.0,-3.9382002601611283,-120.0,12.337047157707149,16.0,-10.0,1.0,0.0,158.002015257879,-174.002015257879
E3_SITE_08_SEC_2,E3_SITE_08,0.005,H,ELEMENT_PATTERN_REFERENCE,-22.0,-22.0,-3.9382002601611283,-120.0,12.337047157707149,16.0,-10.0,1.0,0.0,157.742623029016,-173.742623029016
E3_SITE_08_SEC_2,E3_SITE_08,50.0,V,ELEMENT_PATTERN_REFERENCE,-22.0,-22.0,-3.9382002601611283,-120.0,12.337047157707149,16.0,-10.0,1.0,0.0,161.205387749133,-177.205387749133
E3_SITE_08_SEC_2,E3_SITE_08,20.0,V,ELEMENT_PATTERN_REFERENCE,-22.0,-22.0,-3.9382002601611283,-120.0,12.337047157707149,16.0,-10.0,1.0,0.0,160.845147990486,-176.845147990486
E3_SITE_08_SEC_2,E3_SITE_08,10.0,V,ELEMENT_PATTERN_REFERENCE,-22.0,-22.0,-3.9382002601611283,-120.0,12.337047157707149,16.0,-10.0,1.0,0.0,160.577100027834,-176.577100027834
E3_SITE_08_SEC_2,E3_SITE_08,1.0,V,ELEMENT_PATTERN_REFERENCE,-22.0,-22.0,-3.9382002601611283,-120.0,12.337047157707149,16.0,-10.0,1.0,0.0,159.718239655707,-175.718239655707
E3_SITE_08_SEC_2,E3_SITE_08,0.1,V,ELEMENT_PATTERN_REFERENCE,-22.0,-22.0,-3.9382002601611283,-120.0,12.337047157707149,16.0,-10.0,1.0,0.0,158.860818234626,-174.860818234626
E3_SITE_08_SEC_2,E3_SITE_08,0.01,V,ELEMENT_PATTERN_REFERENCE,-22.0,-22.0,-3.9382002601611283,-120.0,12.337047157707149,16.0,-10.0,1.0,0.0,158.002015257879,-174.002015257879
E3_SITE_08_SEC_2,E3_SITE_08,0.005,V,ELEMENT_PATTERN_REFERENCE,-22.0,-22.0,-3.9382002601611283,-120.0,12.337047157707149,16.0,-10.0,1.0,0.0,157.742623029016,-173.742623029016
E3_SITE_08_SEC_2,E3_SITE_08,50.0,H,COHERENT_ARRAY_UPPER_ENVELOPE,-3.9382002601611283,-22.0,-3.9382002601611283,-120.0,12.337047157707149,16.0,-10.0,1.0,0.0,161.205387749133,-159.14358800929412
E3_SITE_08_SEC_2,E3_SITE_08,20.0,H,COHERENT_ARRAY_UPPER_ENVELOPE,-3.9382002601611283,-22.0,-3.9382002601611283,-120.0,12.337047157707149,16.0,-10.0,1.0,0.0,160.845147990486,-158.78334825064712
E3_SITE_08_SEC_2,E3_SITE_08,10.0,H,COHERENT_ARRAY_UPPER_ENVELOPE,-3.9382002601611283,-22.0,-3.9382002601611283,-120.0,12.337047157707149,16.0,-10.0,1.0,0.0,160.577100027834,-158.51530028799513
E3_SITE_08_SEC_2,E3_SITE_08,1.0,H,COHERENT_ARRAY_UPPER_ENVELOPE,-3.9382002601611283,-22.0,-3.9382002601611283,-120.0,12.337047157707149,16.0,-10.0,1.0,0.0,159.718239655707,-157.65643991586813
E3_SITE_08_SEC_2,E3_SITE_08,0.1,H,COHERENT_ARRAY_UPPER_ENVELOPE,-3.9382002601611283,-22.0,-3.9382002601611283,-120.0,12.337047157707149,16.0,-10.0,1.0,0.0,158.860818234626,-156.79901849478713
E3_SITE_08_SEC_2,E3_SITE_08,0.01,H,COHERENT_ARRAY_UPPER_ENVELOPE,-3.9382002601611283,-22.0,-3.9382002601611283,-120.0,12.337047157707149,16.0,-10.0,1.0,0.0,158.002015257879,-155.94021551804013
E3_SITE_08_SEC_2,E3_SITE_08,0.005,H,COHERENT_ARRAY_UPPER_ENVELOPE,-3.9382002601611283,-22.0,-3.9382002601611283,-120.0,12.337047157707149,16.0,-10.0,1.0,0.0,157.742623029016,-155.6808232891771
E3_SITE_08_SEC_2,E3_SITE_08,50.0,V,COHERENT_ARRAY_UPPER_ENVELOPE,-3.9382002601611283,-22.0,-3.9382002601611283,-120.0,12.337047157707149,16.0,-10.0,1.0,0.0,161.205387749133,-159.14358800929412
E3_SITE_08_SEC_2,E3_SITE_08,20.0,V,COHERENT_ARRAY_UPPER_ENVELOPE,-3.9382002601611283,-22.0,-3.9382002601611283,-120.0,12.337047157707149,16.0,-10.0,1.0,0.0,160.845147990486,-158.78334825064712
E3_SITE_08_SEC_2,E3_SITE_08,10.0,V,COHERENT_ARRAY_UPPER_ENVELOPE,-3.9382002601611283,-22.0,-3.9382002601611283,-120.0,12.337047157707149,16.0,-10.0,1.0,0.0,160.577100027834,-158.51530028799513
E3_SITE_08_SEC_2,E3_SITE_08,1.0,V,COHERENT_ARRAY_UPPER_ENVELOPE,-3.9382002601611283,-22.0,-3.9382002601611283,-120.0,12.337047157707149,16.0,-10.0,1.0,0.0,159.718239655707,-157.65643991586813
E3_SITE_08_SEC_2,E3_SITE_08,0.1,V,COHERENT_ARRAY_UPPER_ENVELOPE,-3.9382002601611283,-22.0,-3.9382002601611283,-120.0,12.337047157707149,16.0,-10.0,1.0,0.0,158.860818234626,-156.79901849478713
E3_SITE_08_SEC_2,E3_SITE_08,0.01,V,COHERENT_ARRAY_UPPER_ENVELOPE,-3.9382002601611283,-22.0,-3.9382002601611283,-120.0,12.337047157707149,16.0,-10.0,1.0,0.0,158.002015257879,-155.94021551804013
E3_SITE_08_SEC_2,E3_SITE_08,0.005,V,COHERENT_ARRAY_UPPER_ENVELOPE,-3.9382002601611283,-22.0,-3.9382002601611283,-120.0,12.337047157707149,16.0,-10.0,1.0,0.0,157.742623029016,-155.6808232891771
E3_SITE_08_SEC_3,E3_SITE_08,50.0,H,ZERO_DBI_PROPAGATION_REFERENCE,0.0,-22.0,-3.9382002601611283,120.0,12.337047157707149,16.0,-10.0,1.0,0.0,161.205387749133,-155.205387749133
E3_SITE_08_SEC_3,E3_SITE_08,20.0,H,ZERO_DBI_PROPAGATION_REFERENCE,0.0,-22.0,-3.9382002601611283,120.0,12.337047157707149,16.0,-10.0,1.0,0.0,160.845147990486,-154.845147990486
E3_SITE_08_SEC_3,E3_SITE_08,10.0,H,ZERO_DBI_PROPAGATION_REFERENCE,0.0,-22.0,-3.9382002601611283,120.0,12.337047157707149,16.0,-10.0,1.0,0.0,160.577100027834,-154.577100027834
E3_SITE_08_SEC_3,E3_SITE_08,1.0,H,ZERO_DBI_PROPAGATION_REFERENCE,0.0,-22.0,-3.9382002601611283,120.0,12.337047157707149,16.0,-10.0,1.0,0.0,159.718239655707,-153.718239655707
E3_SITE_08_SEC_3,E3_SITE_08,0.1,H,ZERO_DBI_PROPAGATION_REFERENCE,0.0,-22.0,-3.9382002601611283,120.0,12.337047157707149,16.0,-10.0,1.0,0.0,158.860818234626,-152.860818234626
E3_SITE_08_SEC_3,E3_SITE_08,0.01,H,ZERO_DBI_PROPAGATION_REFERENCE,0.0,-22.0,-3.9382002601611283,120.0,12.337047157707149,16.0,-10.0,1.0,0.0,158.002015257879,-152.002015257879
E3_SITE_08_SEC_3,E3_SITE_08,0.005,H,ZERO_DBI_PROPAGATION_REFERENCE,0.0,-22.0,-3.9382002601611283,120.0,12.337047157707149,16.0,-10.0,1.0,0.0,157.742623029016,-151.742623029016
E3_SITE_08_SEC_3,E3_SITE_08,50.0,V,ZERO_DBI_PROPAGATION_REFERENCE,0.0,-22.0,-3.9382002601611283,120.0,12.337047157707149,16.0,-10.0,1.0,0.0,161.205387749133,-155.205387749133
E3_SITE_08_SEC_3,E3_SITE_08,20.0,V,ZERO_DBI_PROPAGATION_REFERENCE,0.0,-22.0,-3.9382002601611283,120.0,12.337047157707149,16.0,-10.0,1.0,0.0,160.845147990486,-154.845147990486
E3_SITE_08_SEC_3,E3_SITE_08,10.0,V,ZERO_DBI_PROPAGATION_REFERENCE,0.0,-22.0,-3.9382002601611283,120.0,12.337047157707149,16.0,-10.0,1.0,0.0,160.577100027834,-154.577100027834
E3_SITE_08_SEC_3,E3_SITE_08,1.0,V,ZERO_DBI_PROPAGATION_REFERENCE,0.0,-22.0,-3.9382002601611283,120.0,12.337047157707149,16.0,-10.0,1.0,0.0,159.718239655707,-153.718239655707
E3_SITE_08_SEC_3,E3_SITE_08,0.1,V,ZERO_DBI_PROPAGATION_REFERENCE,0.0,-22.0,-3.9382002601611283,120.0,12.337047157707149,16.0,-10.0,1.0,0.0,158.860818234626,-152.860818234626
E3_SITE_08_SEC_3,E3_SITE_08,0.01,V,ZERO_DBI_PROPAGATION_REFERENCE,0.0,-22.0,-3.9382002601611283,120.0,12.337047157707149,16.0,-10.0,1.0,0.0,158.002015257879,-152.002015257879
E3_SITE_08_SEC_3,E3_SITE_08,0.005,V,ZERO_DBI_PROPAGATION_REFERENCE,0.0,-22.0,-3.9382002601611283,120.0,12.337047157707149,16.0,-10.0,1.0,0.0,157.742623029016,-151.742623029016
E3_SITE_08_SEC_3,E3_SITE_08,50.0,H,ELEMENT_PATTERN_REFERENCE,-22.0,-22.0,-3.9382002601611283,120.0,12.337047157707149,16.0,-10.0,1.0,0.0,161.205387749133,-177.205387749133
E3_SITE_08_SEC_3,E3_SITE_08,20.0,H,ELEMENT_PATTERN_REFERENCE,-22.0,-22.0,-3.9382002601611283,120.0,12.337047157707149,16.0,-10.0,1.0,0.0,160.845147990486,-176.845147990486
E3_SITE_08_SEC_3,E3_SITE_08,10.0,H,ELEMENT_PATTERN_REFERENCE,-22.0,-22.0,-3.9382002601611283,120.0,12.337047157707149,16.0,-10.0,1.0,0.0,160.577100027834,-176.577100027834
E3_SITE_08_SEC_3,E3_SITE_08,1.0,H,ELEMENT_PATTERN_REFERENCE,-22.0,-22.0,-3.9382002601611283,120.0,12.337047157707149,16.0,-10.0,1.0,0.0,159.718239655707,-175.718239655707
E3_SITE_08_SEC_3,E3_SITE_08,0.1,H,ELEMENT_PATTERN_REFERENCE,-22.0,-22.0,-3.9382002601611283,120.0,12.337047157707149,16.0,-10.0,1.0,0.0,158.860818234626,-174.860818234626
E3_SITE_08_SEC_3,E3_SITE_08,0.01,H,ELEMENT_PATTERN_REFERENCE,-22.0,-22.0,-3.9382002601611283,120.0,12.337047157707149,16.0,-10.0,1.0,0.0,158.002015257879,-174.002015257879
E3_SITE_08_SEC_3,E3_SITE_08,0.005,H,ELEMENT_PATTERN_REFERENCE,-22.0,-22.0,-3.9382002601611283,120.0,12.337047157707149,16.0,-10.0,1.0,0.0,157.742623029016,-173.742623029016
E3_SITE_08_SEC_3,E3_SITE_08,50.0,V,ELEMENT_PATTERN_REFERENCE,-22.0,-22.0,-3.9382002601611283,120.0,12.337047157707149,16.0,-10.0,1.0,0.0,161.205387749133,-177.205387749133
E3_SITE_08_SEC_3,E3_SITE_08,20.0,V,ELEMENT_PATTERN_REFERENCE,-22.0,-22.0,-3.9382002601611283,120.0,12.337047157707149,16.0,-10.0,1.0,0.0,160.845147990486,-176.845147990486
E3_SITE_08_SEC_3,E3_SITE_08,10.0,V,ELEMENT_PATTERN_REFERENCE,-22.0,-22.0,-3.9382002601611283,120.0,12.337047157707149,16.0,-10.0,1.0,0.0,160.577100027834,-176.577100027834
E3_SITE_08_SEC_3,E3_SITE_08,1.0,V,ELEMENT_PATTERN_REFERENCE,-22.0,-22.0,-3.9382002601611283,120.0,12.337047157707149,16.0,-10.0,1.0,0.0,159.718239655707,-175.718239655707
E3_SITE_08_SEC_3,E3_SITE_08,0.1,V,ELEMENT_PATTERN_REFERENCE,-22.0,-22.0,-3.9382002601611283,120.0,12.337047157707149,16.0,-10.0,1.0,0.0,158.860818234626,-174.860818234626
E3_SITE_08_SEC_3,E3_SITE_08,0.01,V,ELEMENT_PATTERN_REFERENCE,-22.0,-22.0,-3.9382002601611283,120.0,12.337047157707149,16.0,-10.0,1.0,0.0,158.002015257879,-174.002015257879
E3_SITE_08_SEC_3,E3_SITE_08,0.005,V,ELEMENT_PATTERN_REFERENCE,-22.0,-22.0,-3.9382002601611283,120.0,12.337047157707149,16.0,-10.0,1.0,0.0,157.742623029016,-173.742623029016
E3_SITE_08_SEC_3,E3_SITE_08,50.0,H,COHERENT_ARRAY_UPPER_ENVELOPE,-3.9382002601611283,-22.0,-3.9382002601611283,120.0,12.337047157707149,16.0,-10.0,1.0,0.0,161.205387749133,-159.14358800929412
E3_SITE_08_SEC_3,E3_SITE_08,20.0,H,COHERENT_ARRAY_UPPER_ENVELOPE,-3.9382002601611283,-22.0,-3.9382002601611283,120.0,12.337047157707149,16.0,-10.0,1.0,0.0,160.845147990486,-158.78334825064712
E3_SITE_08_SEC_3,E3_SITE_08,10.0,H,COHERENT_ARRAY_UPPER_ENVELOPE,-3.9382002601611283,-22.0,-3.9382002601611283,120.0,12.337047157707149,16.0,-10.0,1.0,0.0,160.577100027834,-158.51530028799513
E3_SITE_08_SEC_3,E3_SITE_08,1.0,H,COHERENT_ARRAY_UPPER_ENVELOPE,-3.9382002601611283,-22.0,-3.9382002601611283,120.0,12.337047157707149,16.0,-10.0,1.0,0.0,159.718239655707,-157.65643991586813
E3_SITE_08_SEC_3,E3_SITE_08,0.1,H,COHERENT_ARRAY_UPPER_ENVELOPE,-3.9382002601611283,-22.0,-3.9382002601611283,120.0,12.337047157707149,16.0,-10.0,1.0,0.0,158.860818234626,-156.79901849478713
E3_SITE_08_SEC_3,E3_SITE_08,0.01,H,COHERENT_ARRAY_UPPER_ENVELOPE,-3.9382002601611283,-22.0,-3.9382002601611283,120.0,12.337047157707149,16.0,-10.0,1.0,0.0,158.002015257879,-155.94021551804013
E3_SITE_08_SEC_3,E3_SITE_08,0.005,H,COHERENT_ARRAY_UPPER_ENVELOPE,-3.9382002601611283,-22.0,-3.9382002601611283,120.0,12.337047157707149,16.0,-10.0,1.0,0.0,157.742623029016,-155.6808232891771
E3_SITE_08_SEC_3,E3_SITE_08,50.0,V,COHERENT_ARRAY_UPPER_ENVELOPE,-3.9382002601611283,-22.0,-3.9382002601611283,120.0,12.337047157707149,16.0,-10.0,1.0,0.0,161.205387749133,-159.14358800929412
E3_SITE_08_SEC_3,E3_SITE_08,20.0,V,COHERENT_ARRAY_UPPER_ENVELOPE,-3.9382002601611283,-22.0,-3.9382002601611283,120.0,12.337047157707149,16.0,-10.0,1.0,0.0,160.845147990486,-158.78334825064712
E3_SITE_08_SEC_3,E3_SITE_08,10.0,V,COHERENT_ARRAY_UPPER_ENVELOPE,-3.9382002601611283,-22.0,-3.9382002601611283,120.0,12.337047157707149,16.0,-10.0,1.0,0.0,160.577100027834,-158.51530028799513
E3_SITE_08_SEC_3,E3_SITE_08,1.0,V,COHERENT_ARRAY_UPPER_ENVELOPE,-3.9382002601611283,-22.0,-3.9382002601611283,120.0,12.337047157707149,16.0,-10.0,1.0,0.0,159.718239655707,-157.65643991586813
E3_SITE_08_SEC_3,E3_SITE_08,0.1,V,COHERENT_ARRAY_UPPER_ENVELOPE,-3.9382002601611283,-22.0,-3.9382002601611283,120.0,12.337047157707149,16.0,-10.0,1.0,0.0,158.860818234626,-156.79901849478713
E3_SITE_08_SEC_3,E3_SITE_08,0.01,V,COHERENT_ARRAY_UPPER_ENVELOPE,-3.9382002601611283,-22.0,-3.9382002601611283,120.0,12.337047157707149,16.0,-10.0,1.0,0.0,158.002015257879,-155.94021551804013
E3_SITE_08_SEC_3,E3_SITE_08,0.005,V,COHERENT_ARRAY_UPPER_ENVELOPE,-3.9382002601611283,-22.0,-3.9382002601611283,120.0,12.337047157707149,16.0,-10.0,1.0,0.0,157.742623029016,-155.6808232891771
E3_SITE_09_SEC_1,E3_SITE_09,50.0,H,ZERO_DBI_PROPAGATION_REFERENCE,0.0,7.441175232641966,25.502974972480835,-6.582815745575886,12.386259471706524,16.0,-10.0,1.0,0.0,162.104202803347,-156.104202803347
E3_SITE_09_SEC_1,E3_SITE_09,20.0,H,ZERO_DBI_PROPAGATION_REFERENCE,0.0,7.441175232641966,25.502974972480835,-6.582815745575886,12.386259471706524,16.0,-10.0,1.0,0.0,161.76279988319,-155.76279988319
E3_SITE_09_SEC_1,E3_SITE_09,10.0,H,ZERO_DBI_PROPAGATION_REFERENCE,0.0,7.441175232641966,25.502974972480835,-6.582815745575886,12.386259471706524,16.0,-10.0,1.0,0.0,161.508290648165,-155.508290648165
E3_SITE_09_SEC_1,E3_SITE_09,1.0,H,ZERO_DBI_PROPAGATION_REFERENCE,0.0,7.441175232641966,25.502974972480835,-6.582815745575886,12.386259471706524,16.0,-10.0,1.0,0.0,160.689440756243,-154.689440756243
E3_SITE_09_SEC_1,E3_SITE_09,0.1,H,ZERO_DBI_PROPAGATION_REFERENCE,0.0,7.441175232641966,25.502974972480835,-6.582815745575886,12.386259471706524,16.0,-10.0,1.0,0.0,159.871801234057,-153.871801234057
E3_SITE_09_SEC_1,E3_SITE_09,0.01,H,ZERO_DBI_PROPAGATION_REFERENCE,0.0,7.441175232641966,25.502974972480835,-6.582815745575886,12.386259471706524,16.0,-10.0,1.0,0.0,159.053355578771,-153.053355578771
E3_SITE_09_SEC_1,E3_SITE_09,0.005,H,ZERO_DBI_PROPAGATION_REFERENCE,0.0,7.441175232641966,25.502974972480835,-6.582815745575886,12.386259471706524,16.0,-10.0,1.0,0.0,158.806466679556,-152.806466679556
E3_SITE_09_SEC_1,E3_SITE_09,50.0,V,ZERO_DBI_PROPAGATION_REFERENCE,0.0,7.441175232641966,25.502974972480835,-6.582815745575886,12.386259471706524,16.0,-10.0,1.0,0.0,162.104202803347,-156.104202803347
E3_SITE_09_SEC_1,E3_SITE_09,20.0,V,ZERO_DBI_PROPAGATION_REFERENCE,0.0,7.441175232641966,25.502974972480835,-6.582815745575886,12.386259471706524,16.0,-10.0,1.0,0.0,161.76279988319,-155.76279988319
E3_SITE_09_SEC_1,E3_SITE_09,10.0,V,ZERO_DBI_PROPAGATION_REFERENCE,0.0,7.441175232641966,25.502974972480835,-6.582815745575886,12.386259471706524,16.0,-10.0,1.0,0.0,161.508290648165,-155.508290648165
E3_SITE_09_SEC_1,E3_SITE_09,1.0,V,ZERO_DBI_PROPAGATION_REFERENCE,0.0,7.441175232641966,25.502974972480835,-6.582815745575886,12.386259471706524,16.0,-10.0,1.0,0.0,160.689440756243,-154.689440756243
E3_SITE_09_SEC_1,E3_SITE_09,0.1,V,ZERO_DBI_PROPAGATION_REFERENCE,0.0,7.441175232641966,25.502974972480835,-6.582815745575886,12.386259471706524,16.0,-10.0,1.0,0.0,159.871801234057,-153.871801234057
E3_SITE_09_SEC_1,E3_SITE_09,0.01,V,ZERO_DBI_PROPAGATION_REFERENCE,0.0,7.441175232641966,25.502974972480835,-6.582815745575886,12.386259471706524,16.0,-10.0,1.0,0.0,159.053355578771,-153.053355578771
E3_SITE_09_SEC_1,E3_SITE_09,0.005,V,ZERO_DBI_PROPAGATION_REFERENCE,0.0,7.441175232641966,25.502974972480835,-6.582815745575886,12.386259471706524,16.0,-10.0,1.0,0.0,158.806466679556,-152.806466679556
E3_SITE_09_SEC_1,E3_SITE_09,50.0,H,ELEMENT_PATTERN_REFERENCE,7.441175232641966,7.441175232641966,25.502974972480835,-6.582815745575886,12.386259471706524,16.0,-10.0,1.0,0.0,162.104202803347,-148.66302757070503
E3_SITE_09_SEC_1,E3_SITE_09,20.0,H,ELEMENT_PATTERN_REFERENCE,7.441175232641966,7.441175232641966,25.502974972480835,-6.582815745575886,12.386259471706524,16.0,-10.0,1.0,0.0,161.76279988319,-148.32162465054805
E3_SITE_09_SEC_1,E3_SITE_09,10.0,H,ELEMENT_PATTERN_REFERENCE,7.441175232641966,7.441175232641966,25.502974972480835,-6.582815745575886,12.386259471706524,16.0,-10.0,1.0,0.0,161.508290648165,-148.06711541552303
E3_SITE_09_SEC_1,E3_SITE_09,1.0,H,ELEMENT_PATTERN_REFERENCE,7.441175232641966,7.441175232641966,25.502974972480835,-6.582815745575886,12.386259471706524,16.0,-10.0,1.0,0.0,160.689440756243,-147.24826552360102
E3_SITE_09_SEC_1,E3_SITE_09,0.1,H,ELEMENT_PATTERN_REFERENCE,7.441175232641966,7.441175232641966,25.502974972480835,-6.582815745575886,12.386259471706524,16.0,-10.0,1.0,0.0,159.871801234057,-146.43062600141502
E3_SITE_09_SEC_1,E3_SITE_09,0.01,H,ELEMENT_PATTERN_REFERENCE,7.441175232641966,7.441175232641966,25.502974972480835,-6.582815745575886,12.386259471706524,16.0,-10.0,1.0,0.0,159.053355578771,-145.61218034612904
E3_SITE_09_SEC_1,E3_SITE_09,0.005,H,ELEMENT_PATTERN_REFERENCE,7.441175232641966,7.441175232641966,25.502974972480835,-6.582815745575886,12.386259471706524,16.0,-10.0,1.0,0.0,158.806466679556,-145.36529144691403
E3_SITE_09_SEC_1,E3_SITE_09,50.0,V,ELEMENT_PATTERN_REFERENCE,7.441175232641966,7.441175232641966,25.502974972480835,-6.582815745575886,12.386259471706524,16.0,-10.0,1.0,0.0,162.104202803347,-148.66302757070503
E3_SITE_09_SEC_1,E3_SITE_09,20.0,V,ELEMENT_PATTERN_REFERENCE,7.441175232641966,7.441175232641966,25.502974972480835,-6.582815745575886,12.386259471706524,16.0,-10.0,1.0,0.0,161.76279988319,-148.32162465054805
E3_SITE_09_SEC_1,E3_SITE_09,10.0,V,ELEMENT_PATTERN_REFERENCE,7.441175232641966,7.441175232641966,25.502974972480835,-6.582815745575886,12.386259471706524,16.0,-10.0,1.0,0.0,161.508290648165,-148.06711541552303
E3_SITE_09_SEC_1,E3_SITE_09,1.0,V,ELEMENT_PATTERN_REFERENCE,7.441175232641966,7.441175232641966,25.502974972480835,-6.582815745575886,12.386259471706524,16.0,-10.0,1.0,0.0,160.689440756243,-147.24826552360102
E3_SITE_09_SEC_1,E3_SITE_09,0.1,V,ELEMENT_PATTERN_REFERENCE,7.441175232641966,7.441175232641966,25.502974972480835,-6.582815745575886,12.386259471706524,16.0,-10.0,1.0,0.0,159.871801234057,-146.43062600141502
E3_SITE_09_SEC_1,E3_SITE_09,0.01,V,ELEMENT_PATTERN_REFERENCE,7.441175232641966,7.441175232641966,25.502974972480835,-6.582815745575886,12.386259471706524,16.0,-10.0,1.0,0.0,159.053355578771,-145.61218034612904
E3_SITE_09_SEC_1,E3_SITE_09,0.005,V,ELEMENT_PATTERN_REFERENCE,7.441175232641966,7.441175232641966,25.502974972480835,-6.582815745575886,12.386259471706524,16.0,-10.0,1.0,0.0,158.806466679556,-145.36529144691403
E3_SITE_09_SEC_1,E3_SITE_09,50.0,H,COHERENT_ARRAY_UPPER_ENVELOPE,25.502974972480835,7.441175232641966,25.502974972480835,-6.582815745575886,12.386259471706524,16.0,-10.0,1.0,0.0,162.104202803347,-130.60122783086615
E3_SITE_09_SEC_1,E3_SITE_09,20.0,H,COHERENT_ARRAY_UPPER_ENVELOPE,25.502974972480835,7.441175232641966,25.502974972480835,-6.582815745575886,12.386259471706524,16.0,-10.0,1.0,0.0,161.76279988319,-130.25982491070917
E3_SITE_09_SEC_1,E3_SITE_09,10.0,H,COHERENT_ARRAY_UPPER_ENVELOPE,25.502974972480835,7.441175232641966,25.502974972480835,-6.582815745575886,12.386259471706524,16.0,-10.0,1.0,0.0,161.508290648165,-130.00531567568416
E3_SITE_09_SEC_1,E3_SITE_09,1.0,H,COHERENT_ARRAY_UPPER_ENVELOPE,25.502974972480835,7.441175232641966,25.502974972480835,-6.582815745575886,12.386259471706524,16.0,-10.0,1.0,0.0,160.689440756243,-129.18646578376215
E3_SITE_09_SEC_1,E3_SITE_09,0.1,H,COHERENT_ARRAY_UPPER_ENVELOPE,25.502974972480835,7.441175232641966,25.502974972480835,-6.582815745575886,12.386259471706524,16.0,-10.0,1.0,0.0,159.871801234057,-128.36882626157615
E3_SITE_09_SEC_1,E3_SITE_09,0.01,H,COHERENT_ARRAY_UPPER_ENVELOPE,25.502974972480835,7.441175232641966,25.502974972480835,-6.582815745575886,12.386259471706524,16.0,-10.0,1.0,0.0,159.053355578771,-127.55038060629016
E3_SITE_09_SEC_1,E3_SITE_09,0.005,H,COHERENT_ARRAY_UPPER_ENVELOPE,25.502974972480835,7.441175232641966,25.502974972480835,-6.582815745575886,12.386259471706524,16.0,-10.0,1.0,0.0,158.806466679556,-127.30349170707515
E3_SITE_09_SEC_1,E3_SITE_09,50.0,V,COHERENT_ARRAY_UPPER_ENVELOPE,25.502974972480835,7.441175232641966,25.502974972480835,-6.582815745575886,12.386259471706524,16.0,-10.0,1.0,0.0,162.104202803347,-130.60122783086615
E3_SITE_09_SEC_1,E3_SITE_09,20.0,V,COHERENT_ARRAY_UPPER_ENVELOPE,25.502974972480835,7.441175232641966,25.502974972480835,-6.582815745575886,12.386259471706524,16.0,-10.0,1.0,0.0,161.76279988319,-130.25982491070917
E3_SITE_09_SEC_1,E3_SITE_09,10.0,V,COHERENT_ARRAY_UPPER_ENVELOPE,25.502974972480835,7.441175232641966,25.502974972480835,-6.582815745575886,12.386259471706524,16.0,-10.0,1.0,0.0,161.508290648165,-130.00531567568416
E3_SITE_09_SEC_1,E3_SITE_09,1.0,V,COHERENT_ARRAY_UPPER_ENVELOPE,25.502974972480835,7.441175232641966,25.502974972480835,-6.582815745575886,12.386259471706524,16.0,-10.0,1.0,0.0,160.689440756243,-129.18646578376215
E3_SITE_09_SEC_1,E3_SITE_09,0.1,V,COHERENT_ARRAY_UPPER_ENVELOPE,25.502974972480835,7.441175232641966,25.502974972480835,-6.582815745575886,12.386259471706524,16.0,-10.0,1.0,0.0,159.871801234057,-128.36882626157615
E3_SITE_09_SEC_1,E3_SITE_09,0.01,V,COHERENT_ARRAY_UPPER_ENVELOPE,25.502974972480835,7.441175232641966,25.502974972480835,-6.582815745575886,12.386259471706524,16.0,-10.0,1.0,0.0,159.053355578771,-127.55038060629016
E3_SITE_09_SEC_1,E3_SITE_09,0.005,V,COHERENT_ARRAY_UPPER_ENVELOPE,25.502974972480835,7.441175232641966,25.502974972480835,-6.582815745575886,12.386259471706524,16.0,-10.0,1.0,0.0,158.806466679556,-127.30349170707515
E3_SITE_09_SEC_2,E3_SITE_09,50.0,H,ZERO_DBI_PROPAGATION_REFERENCE,0.0,-22.0,-3.9382002601611283,-126.58281574557589,12.386259471706524,16.0,-10.0,1.0,0.0,162.104202803347,-156.104202803347
E3_SITE_09_SEC_2,E3_SITE_09,20.0,H,ZERO_DBI_PROPAGATION_REFERENCE,0.0,-22.0,-3.9382002601611283,-126.58281574557589,12.386259471706524,16.0,-10.0,1.0,0.0,161.76279988319,-155.76279988319
E3_SITE_09_SEC_2,E3_SITE_09,10.0,H,ZERO_DBI_PROPAGATION_REFERENCE,0.0,-22.0,-3.9382002601611283,-126.58281574557589,12.386259471706524,16.0,-10.0,1.0,0.0,161.508290648165,-155.508290648165
E3_SITE_09_SEC_2,E3_SITE_09,1.0,H,ZERO_DBI_PROPAGATION_REFERENCE,0.0,-22.0,-3.9382002601611283,-126.58281574557589,12.386259471706524,16.0,-10.0,1.0,0.0,160.689440756243,-154.689440756243
E3_SITE_09_SEC_2,E3_SITE_09,0.1,H,ZERO_DBI_PROPAGATION_REFERENCE,0.0,-22.0,-3.9382002601611283,-126.58281574557589,12.386259471706524,16.0,-10.0,1.0,0.0,159.871801234057,-153.871801234057
E3_SITE_09_SEC_2,E3_SITE_09,0.01,H,ZERO_DBI_PROPAGATION_REFERENCE,0.0,-22.0,-3.9382002601611283,-126.58281574557589,12.386259471706524,16.0,-10.0,1.0,0.0,159.053355578771,-153.053355578771
E3_SITE_09_SEC_2,E3_SITE_09,0.005,H,ZERO_DBI_PROPAGATION_REFERENCE,0.0,-22.0,-3.9382002601611283,-126.58281574557589,12.386259471706524,16.0,-10.0,1.0,0.0,158.806466679556,-152.806466679556
E3_SITE_09_SEC_2,E3_SITE_09,50.0,V,ZERO_DBI_PROPAGATION_REFERENCE,0.0,-22.0,-3.9382002601611283,-126.58281574557589,12.386259471706524,16.0,-10.0,1.0,0.0,162.104202803347,-156.104202803347
E3_SITE_09_SEC_2,E3_SITE_09,20.0,V,ZERO_DBI_PROPAGATION_REFERENCE,0.0,-22.0,-3.9382002601611283,-126.58281574557589,12.386259471706524,16.0,-10.0,1.0,0.0,161.76279988319,-155.76279988319
E3_SITE_09_SEC_2,E3_SITE_09,10.0,V,ZERO_DBI_PROPAGATION_REFERENCE,0.0,-22.0,-3.9382002601611283,-126.58281574557589,12.386259471706524,16.0,-10.0,1.0,0.0,161.508290648165,-155.508290648165
E3_SITE_09_SEC_2,E3_SITE_09,1.0,V,ZERO_DBI_PROPAGATION_REFERENCE,0.0,-22.0,-3.9382002601611283,-126.58281574557589,12.386259471706524,16.0,-10.0,1.0,0.0,160.689440756243,-154.689440756243
E3_SITE_09_SEC_2,E3_SITE_09,0.1,V,ZERO_DBI_PROPAGATION_REFERENCE,0.0,-22.0,-3.9382002601611283,-126.58281574557589,12.386259471706524,16.0,-10.0,1.0,0.0,159.871801234057,-153.871801234057
E3_SITE_09_SEC_2,E3_SITE_09,0.01,V,ZERO_DBI_PROPAGATION_REFERENCE,0.0,-22.0,-3.9382002601611283,-126.58281574557589,12.386259471706524,16.0,-10.0,1.0,0.0,159.053355578771,-153.053355578771
E3_SITE_09_SEC_2,E3_SITE_09,0.005,V,ZERO_DBI_PROPAGATION_REFERENCE,0.0,-22.0,-3.9382002601611283,-126.58281574557589,12.386259471706524,16.0,-10.0,1.0,0.0,158.806466679556,-152.806466679556
E3_SITE_09_SEC_2,E3_SITE_09,50.0,H,ELEMENT_PATTERN_REFERENCE,-22.0,-22.0,-3.9382002601611283,-126.58281574557589,12.386259471706524,16.0,-10.0,1.0,0.0,162.104202803347,-178.104202803347
E3_SITE_09_SEC_2,E3_SITE_09,20.0,H,ELEMENT_PATTERN_REFERENCE,-22.0,-22.0,-3.9382002601611283,-126.58281574557589,12.386259471706524,16.0,-10.0,1.0,0.0,161.76279988319,-177.76279988319
E3_SITE_09_SEC_2,E3_SITE_09,10.0,H,ELEMENT_PATTERN_REFERENCE,-22.0,-22.0,-3.9382002601611283,-126.58281574557589,12.386259471706524,16.0,-10.0,1.0,0.0,161.508290648165,-177.508290648165
E3_SITE_09_SEC_2,E3_SITE_09,1.0,H,ELEMENT_PATTERN_REFERENCE,-22.0,-22.0,-3.9382002601611283,-126.58281574557589,12.386259471706524,16.0,-10.0,1.0,0.0,160.689440756243,-176.689440756243
E3_SITE_09_SEC_2,E3_SITE_09,0.1,H,ELEMENT_PATTERN_REFERENCE,-22.0,-22.0,-3.9382002601611283,-126.58281574557589,12.386259471706524,16.0,-10.0,1.0,0.0,159.871801234057,-175.871801234057
E3_SITE_09_SEC_2,E3_SITE_09,0.01,H,ELEMENT_PATTERN_REFERENCE,-22.0,-22.0,-3.9382002601611283,-126.58281574557589,12.386259471706524,16.0,-10.0,1.0,0.0,159.053355578771,-175.053355578771
E3_SITE_09_SEC_2,E3_SITE_09,0.005,H,ELEMENT_PATTERN_REFERENCE,-22.0,-22.0,-3.9382002601611283,-126.58281574557589,12.386259471706524,16.0,-10.0,1.0,0.0,158.806466679556,-174.806466679556
E3_SITE_09_SEC_2,E3_SITE_09,50.0,V,ELEMENT_PATTERN_REFERENCE,-22.0,-22.0,-3.9382002601611283,-126.58281574557589,12.386259471706524,16.0,-10.0,1.0,0.0,162.104202803347,-178.104202803347
E3_SITE_09_SEC_2,E3_SITE_09,20.0,V,ELEMENT_PATTERN_REFERENCE,-22.0,-22.0,-3.9382002601611283,-126.58281574557589,12.386259471706524,16.0,-10.0,1.0,0.0,161.76279988319,-177.76279988319
E3_SITE_09_SEC_2,E3_SITE_09,10.0,V,ELEMENT_PATTERN_REFERENCE,-22.0,-22.0,-3.9382002601611283,-126.58281574557589,12.386259471706524,16.0,-10.0,1.0,0.0,161.508290648165,-177.508290648165
E3_SITE_09_SEC_2,E3_SITE_09,1.0,V,ELEMENT_PATTERN_REFERENCE,-22.0,-22.0,-3.9382002601611283,-126.58281574557589,12.386259471706524,16.0,-10.0,1.0,0.0,160.689440756243,-176.689440756243
E3_SITE_09_SEC_2,E3_SITE_09,0.1,V,ELEMENT_PATTERN_REFERENCE,-22.0,-22.0,-3.9382002601611283,-126.58281574557589,12.386259471706524,16.0,-10.0,1.0,0.0,159.871801234057,-175.871801234057
E3_SITE_09_SEC_2,E3_SITE_09,0.01,V,ELEMENT_PATTERN_REFERENCE,-22.0,-22.0,-3.9382002601611283,-126.58281574557589,12.386259471706524,16.0,-10.0,1.0,0.0,159.053355578771,-175.053355578771
E3_SITE_09_SEC_2,E3_SITE_09,0.005,V,ELEMENT_PATTERN_REFERENCE,-22.0,-22.0,-3.9382002601611283,-126.58281574557589,12.386259471706524,16.0,-10.0,1.0,0.0,158.806466679556,-174.806466679556
E3_SITE_09_SEC_2,E3_SITE_09,50.0,H,COHERENT_ARRAY_UPPER_ENVELOPE,-3.9382002601611283,-22.0,-3.9382002601611283,-126.58281574557589,12.386259471706524,16.0,-10.0,1.0,0.0,162.104202803347,-160.04240306350812
E3_SITE_09_SEC_2,E3_SITE_09,20.0,H,COHERENT_ARRAY_UPPER_ENVELOPE,-3.9382002601611283,-22.0,-3.9382002601611283,-126.58281574557589,12.386259471706524,16.0,-10.0,1.0,0.0,161.76279988319,-159.70100014335114
E3_SITE_09_SEC_2,E3_SITE_09,10.0,H,COHERENT_ARRAY_UPPER_ENVELOPE,-3.9382002601611283,-22.0,-3.9382002601611283,-126.58281574557589,12.386259471706524,16.0,-10.0,1.0,0.0,161.508290648165,-159.44649090832613
E3_SITE_09_SEC_2,E3_SITE_09,1.0,H,COHERENT_ARRAY_UPPER_ENVELOPE,-3.9382002601611283,-22.0,-3.9382002601611283,-126.58281574557589,12.386259471706524,16.0,-10.0,1.0,0.0,160.689440756243,-158.6276410164041
E3_SITE_09_SEC_2,E3_SITE_09,0.1,H,COHERENT_ARRAY_UPPER_ENVELOPE,-3.9382002601611283,-22.0,-3.9382002601611283,-126.58281574557589,12.386259471706524,16.0,-10.0,1.0,0.0,159.871801234057,-157.8100014942181
E3_SITE_09_SEC_2,E3_SITE_09,0.01,H,COHERENT_ARRAY_UPPER_ENVELOPE,-3.9382002601611283,-22.0,-3.9382002601611283,-126.58281574557589,12.386259471706524,16.0,-10.0,1.0,0.0,159.053355578771,-156.99155583893213
E3_SITE_09_SEC_2,E3_SITE_09,0.005,H,COHERENT_ARRAY_UPPER_ENVELOPE,-3.9382002601611283,-22.0,-3.9382002601611283,-126.58281574557589,12.386259471706524,16.0,-10.0,1.0,0.0,158.806466679556,-156.74466693971712
E3_SITE_09_SEC_2,E3_SITE_09,50.0,V,COHERENT_ARRAY_UPPER_ENVELOPE,-3.9382002601611283,-22.0,-3.9382002601611283,-126.58281574557589,12.386259471706524,16.0,-10.0,1.0,0.0,162.104202803347,-160.04240306350812
E3_SITE_09_SEC_2,E3_SITE_09,20.0,V,COHERENT_ARRAY_UPPER_ENVELOPE,-3.9382002601611283,-22.0,-3.9382002601611283,-126.58281574557589,12.386259471706524,16.0,-10.0,1.0,0.0,161.76279988319,-159.70100014335114
E3_SITE_09_SEC_2,E3_SITE_09,10.0,V,COHERENT_ARRAY_UPPER_ENVELOPE,-3.9382002601611283,-22.0,-3.9382002601611283,-126.58281574557589,12.386259471706524,16.0,-10.0,1.0,0.0,161.508290648165,-159.44649090832613
E3_SITE_09_SEC_2,E3_SITE_09,1.0,V,COHERENT_ARRAY_UPPER_ENVELOPE,-3.9382002601611283,-22.0,-3.9382002601611283,-126.58281574557589,12.386259471706524,16.0,-10.0,1.0,0.0,160.689440756243,-158.6276410164041
E3_SITE_09_SEC_2,E3_SITE_09,0.1,V,COHERENT_ARRAY_UPPER_ENVELOPE,-3.9382002601611283,-22.0,-3.9382002601611283,-126.58281574557589,12.386259471706524,16.0,-10.0,1.0,0.0,159.871801234057,-157.8100014942181
E3_SITE_09_SEC_2,E3_SITE_09,0.01,V,COHERENT_ARRAY_UPPER_ENVELOPE,-3.9382002601611283,-22.0,-3.9382002601611283,-126.58281574557589,12.386259471706524,16.0,-10.0,1.0,0.0,159.053355578771,-156.99155583893213
E3_SITE_09_SEC_2,E3_SITE_09,0.005,V,COHERENT_ARRAY_UPPER_ENVELOPE,-3.9382002601611283,-22.0,-3.9382002601611283,-126.58281574557589,12.386259471706524,16.0,-10.0,1.0,0.0,158.806466679556,-156.74466693971712
E3_SITE_09_SEC_3,E3_SITE_09,50.0,H,ZERO_DBI_PROPAGATION_REFERENCE,0.0,-22.0,-3.9382002601611283,113.41718425442411,12.386259471706524,16.0,-10.0,1.0,0.0,162.104202803347,-156.104202803347
E3_SITE_09_SEC_3,E3_SITE_09,20.0,H,ZERO_DBI_PROPAGATION_REFERENCE,0.0,-22.0,-3.9382002601611283,113.41718425442411,12.386259471706524,16.0,-10.0,1.0,0.0,161.76279988319,-155.76279988319
E3_SITE_09_SEC_3,E3_SITE_09,10.0,H,ZERO_DBI_PROPAGATION_REFERENCE,0.0,-22.0,-3.9382002601611283,113.41718425442411,12.386259471706524,16.0,-10.0,1.0,0.0,161.508290648165,-155.508290648165
E3_SITE_09_SEC_3,E3_SITE_09,1.0,H,ZERO_DBI_PROPAGATION_REFERENCE,0.0,-22.0,-3.9382002601611283,113.41718425442411,12.386259471706524,16.0,-10.0,1.0,0.0,160.689440756243,-154.689440756243
E3_SITE_09_SEC_3,E3_SITE_09,0.1,H,ZERO_DBI_PROPAGATION_REFERENCE,0.0,-22.0,-3.9382002601611283,113.41718425442411,12.386259471706524,16.0,-10.0,1.0,0.0,159.871801234057,-153.871801234057
E3_SITE_09_SEC_3,E3_SITE_09,0.01,H,ZERO_DBI_PROPAGATION_REFERENCE,0.0,-22.0,-3.9382002601611283,113.41718425442411,12.386259471706524,16.0,-10.0,1.0,0.0,159.053355578771,-153.053355578771
E3_SITE_09_SEC_3,E3_SITE_09,0.005,H,ZERO_DBI_PROPAGATION_REFERENCE,0.0,-22.0,-3.9382002601611283,113.41718425442411,12.386259471706524,16.0,-10.0,1.0,0.0,158.806466679556,-152.806466679556
E3_SITE_09_SEC_3,E3_SITE_09,50.0,V,ZERO_DBI_PROPAGATION_REFERENCE,0.0,-22.0,-3.9382002601611283,113.41718425442411,12.386259471706524,16.0,-10.0,1.0,0.0,162.104202803347,-156.104202803347
E3_SITE_09_SEC_3,E3_SITE_09,20.0,V,ZERO_DBI_PROPAGATION_REFERENCE,0.0,-22.0,-3.9382002601611283,113.41718425442411,12.386259471706524,16.0,-10.0,1.0,0.0,161.76279988319,-155.76279988319
E3_SITE_09_SEC_3,E3_SITE_09,10.0,V,ZERO_DBI_PROPAGATION_REFERENCE,0.0,-22.0,-3.9382002601611283,113.41718425442411,12.386259471706524,16.0,-10.0,1.0,0.0,161.508290648165,-155.508290648165
E3_SITE_09_SEC_3,E3_SITE_09,1.0,V,ZERO_DBI_PROPAGATION_REFERENCE,0.0,-22.0,-3.9382002601611283,113.41718425442411,12.386259471706524,16.0,-10.0,1.0,0.0,160.689440756243,-154.689440756243
E3_SITE_09_SEC_3,E3_SITE_09,0.1,V,ZERO_DBI_PROPAGATION_REFERENCE,0.0,-22.0,-3.9382002601611283,113.41718425442411,12.386259471706524,16.0,-10.0,1.0,0.0,159.871801234057,-153.871801234057
E3_SITE_09_SEC_3,E3_SITE_09,0.01,V,ZERO_DBI_PROPAGATION_REFERENCE,0.0,-22.0,-3.9382002601611283,113.41718425442411,12.386259471706524,16.0,-10.0,1.0,0.0,159.053355578771,-153.053355578771
E3_SITE_09_SEC_3,E3_SITE_09,0.005,V,ZERO_DBI_PROPAGATION_REFERENCE,0.0,-22.0,-3.9382002601611283,113.41718425442411,12.386259471706524,16.0,-10.0,1.0,0.0,158.806466679556,-152.806466679556
E3_SITE_09_SEC_3,E3_SITE_09,50.0,H,ELEMENT_PATTERN_REFERENCE,-22.0,-22.0,-3.9382002601611283,113.41718425442411,12.386259471706524,16.0,-10.0,1.0,0.0,162.104202803347,-178.104202803347
E3_SITE_09_SEC_3,E3_SITE_09,20.0,H,ELEMENT_PATTERN_REFERENCE,-22.0,-22.0,-3.9382002601611283,113.41718425442411,12.386259471706524,16.0,-10.0,1.0,0.0,161.76279988319,-177.76279988319
E3_SITE_09_SEC_3,E3_SITE_09,10.0,H,ELEMENT_PATTERN_REFERENCE,-22.0,-22.0,-3.9382002601611283,113.41718425442411,12.386259471706524,16.0,-10.0,1.0,0.0,161.508290648165,-177.508290648165
E3_SITE_09_SEC_3,E3_SITE_09,1.0,H,ELEMENT_PATTERN_REFERENCE,-22.0,-22.0,-3.9382002601611283,113.41718425442411,12.386259471706524,16.0,-10.0,1.0,0.0,160.689440756243,-176.689440756243
E3_SITE_09_SEC_3,E3_SITE_09,0.1,H,ELEMENT_PATTERN_REFERENCE,-22.0,-22.0,-3.9382002601611283,113.41718425442411,12.386259471706524,16.0,-10.0,1.0,0.0,159.871801234057,-175.871801234057
E3_SITE_09_SEC_3,E3_SITE_09,0.01,H,ELEMENT_PATTERN_REFERENCE,-22.0,-22.0,-3.9382002601611283,113.41718425442411,12.386259471706524,16.0,-10.0,1.0,0.0,159.053355578771,-175.053355578771
E3_SITE_09_SEC_3,E3_SITE_09,0.005,H,ELEMENT_PATTERN_REFERENCE,-22.0,-22.0,-3.9382002601611283,113.41718425442411,12.386259471706524,16.0,-10.0,1.0,0.0,158.806466679556,-174.806466679556
E3_SITE_09_SEC_3,E3_SITE_09,50.0,V,ELEMENT_PATTERN_REFERENCE,-22.0,-22.0,-3.9382002601611283,113.41718425442411,12.386259471706524,16.0,-10.0,1.0,0.0,162.104202803347,-178.104202803347
E3_SITE_09_SEC_3,E3_SITE_09,20.0,V,ELEMENT_PATTERN_REFERENCE,-22.0,-22.0,-3.9382002601611283,113.41718425442411,12.386259471706524,16.0,-10.0,1.0,0.0,161.76279988319,-177.76279988319
E3_SITE_09_SEC_3,E3_SITE_09,10.0,V,ELEMENT_PATTERN_REFERENCE,-22.0,-22.0,-3.9382002601611283,113.41718425442411,12.386259471706524,16.0,-10.0,1.0,0.0,161.508290648165,-177.508290648165
E3_SITE_09_SEC_3,E3_SITE_09,1.0,V,ELEMENT_PATTERN_REFERENCE,-22.0,-22.0,-3.9382002601611283,113.41718425442411,12.386259471706524,16.0,-10.0,1.0,0.0,160.689440756243,-176.689440756243
E3_SITE_09_SEC_3,E3_SITE_09,0.1,V,ELEMENT_PATTERN_REFERENCE,-22.0,-22.0,-3.9382002601611283,113.41718425442411,12.386259471706524,16.0,-10.0,1.0,0.0,159.871801234057,-175.871801234057
E3_SITE_09_SEC_3,E3_SITE_09,0.01,V,ELEMENT_PATTERN_REFERENCE,-22.0,-22.0,-3.9382002601611283,113.41718425442411,12.386259471706524,16.0,-10.0,1.0,0.0,159.053355578771,-175.053355578771
E3_SITE_09_SEC_3,E3_SITE_09,0.005,V,ELEMENT_PATTERN_REFERENCE,-22.0,-22.0,-3.9382002601611283,113.41718425442411,12.386259471706524,16.0,-10.0,1.0,0.0,158.806466679556,-174.806466679556
E3_SITE_09_SEC_3,E3_SITE_09,50.0,H,COHERENT_ARRAY_UPPER_ENVELOPE,-3.9382002601611283,-22.0,-3.9382002601611283,113.41718425442411,12.386259471706524,16.0,-10.0,1.0,0.0,162.104202803347,-160.04240306350812
E3_SITE_09_SEC_3,E3_SITE_09,20.0,H,COHERENT_ARRAY_UPPER_ENVELOPE,-3.9382002601611283,-22.0,-3.9382002601611283,113.41718425442411,12.386259471706524,16.0,-10.0,1.0,0.0,161.76279988319,-159.70100014335114
E3_SITE_09_SEC_3,E3_SITE_09,10.0,H,COHERENT_ARRAY_UPPER_ENVELOPE,-3.9382002601611283,-22.0,-3.9382002601611283,113.41718425442411,12.386259471706524,16.0,-10.0,1.0,0.0,161.508290648165,-159.44649090832613
E3_SITE_09_SEC_3,E3_SITE_09,1.0,H,COHERENT_ARRAY_UPPER_ENVELOPE,-3.9382002601611283,-22.0,-3.9382002601611283,113.41718425442411,12.386259471706524,16.0,-10.0,1.0,0.0,160.689440756243,-158.6276410164041
E3_SITE_09_SEC_3,E3_SITE_09,0.1,H,COHERENT_ARRAY_UPPER_ENVELOPE,-3.9382002601611283,-22.0,-3.9382002601611283,113.41718425442411,12.386259471706524,16.0,-10.0,1.0,0.0,159.871801234057,-157.8100014942181
E3_SITE_09_SEC_3,E3_SITE_09,0.01,H,COHERENT_ARRAY_UPPER_ENVELOPE,-3.9382002601611283,-22.0,-3.9382002601611283,113.41718425442411,12.386259471706524,16.0,-10.0,1.0,0.0,159.053355578771,-156.99155583893213
E3_SITE_09_SEC_3,E3_SITE_09,0.005,H,COHERENT_ARRAY_UPPER_ENVELOPE,-3.9382002601611283,-22.0,-3.9382002601611283,113.41718425442411,12.386259471706524,16.0,-10.0,1.0,0.0,158.806466679556,-156.74466693971712
E3_SITE_09_SEC_3,E3_SITE_09,50.0,V,COHERENT_ARRAY_UPPER_ENVELOPE,-3.9382002601611283,-22.0,-3.9382002601611283,113.41718425442411,12.386259471706524,16.0,-10.0,1.0,0.0,162.104202803347,-160.04240306350812
E3_SITE_09_SEC_3,E3_SITE_09,20.0,V,COHERENT_ARRAY_UPPER_ENVELOPE,-3.9382002601611283,-22.0,-3.9382002601611283,113.41718425442411,12.386259471706524,16.0,-10.0,1.0,0.0,161.76279988319,-159.70100014335114
E3_SITE_09_SEC_3,E3_SITE_09,10.0,V,COHERENT_ARRAY_UPPER_ENVELOPE,-3.9382002601611283,-22.0,-3.9382002601611283,113.41718425442411,12.386259471706524,16.0,-10.0,1.0,0.0,161.508290648165,-159.44649090832613
E3_SITE_09_SEC_3,E3_SITE_09,1.0,V,COHERENT_ARRAY_UPPER_ENVELOPE,-3.9382002601611283,-22.0,-3.9382002601611283,113.41718425442411,12.386259471706524,16.0,-10.0,1.0,0.0,160.689440756243,-158.6276410164041
E3_SITE_09_SEC_3,E3_SITE_09,0.1,V,COHERENT_ARRAY_UPPER_ENVELOPE,-3.9382002601611283,-22.0,-3.9382002601611283,113.41718425442411,12.386259471706524,16.0,-10.0,1.0,0.0,159.871801234057,-157.8100014942181
E3_SITE_09_SEC_3,E3_SITE_09,0.01,V,COHERENT_ARRAY_UPPER_ENVELOPE,-3.9382002601611283,-22.0,-3.9382002601611283,113.41718425442411,12.386259471706524,16.0,-10.0,1.0,0.0,159.053355578771,-156.99155583893213
E3_SITE_09_SEC_3,E3_SITE_09,0.005,V,COHERENT_ARRAY_UPPER_ENVELOPE,-3.9382002601611283,-22.0,-3.9382002601611283,113.41718425442411,12.386259471706524,16.0,-10.0,1.0,0.0,158.806466679556,-156.74466693971712
E3_SITE_10_SEC_1,E3_SITE_10,50.0,H,ZERO_DBI_PROPAGATION_REFERENCE,0.0,7.0448080411916045,25.106607781030476,-13.889966163597023,11.973972139794952,16.0,-10.0,1.0,0.0,121.809563228571,-115.809563228571
E3_SITE_10_SEC_1,E3_SITE_10,20.0,H,ZERO_DBI_PROPAGATION_REFERENCE,0.0,7.0448080411916045,25.106607781030476,-13.889966163597023,11.973972139794952,16.0,-10.0,1.0,0.0,121.44081599331,-115.44081599331
E3_SITE_10_SEC_1,E3_SITE_10,10.0,H,ZERO_DBI_PROPAGATION_REFERENCE,0.0,7.0448080411916045,25.106607781030476,-13.889966163597023,11.973972139794952,16.0,-10.0,1.0,0.0,121.247877869945,-115.247877869945
E3_SITE_10_SEC_1,E3_SITE_10,1.0,H,ZERO_DBI_PROPAGATION_REFERENCE,0.0,7.0448080411916045,25.106607781030476,-13.889966163597023,11.973972139794952,16.0,-10.0,1.0,0.0,120.472391838531,-114.472391838531
E3_SITE_10_SEC_1,E3_SITE_10,0.1,H,ZERO_DBI_PROPAGATION_REFERENCE,0.0,7.0448080411916045,25.106607781030476,-13.889966163597023,11.973972139794952,16.0,-10.0,1.0,0.0,119.685343422856,-113.685343422856
E3_SITE_10_SEC_1,E3_SITE_10,0.01,H,ZERO_DBI_PROPAGATION_REFERENCE,0.0,7.0448080411916045,25.106607781030476,-13.889966163597023,11.973972139794952,16.0,-10.0,1.0,0.0,118.898294073259,-112.898294073259
E3_SITE_10_SEC_1,E3_SITE_10,0.005,H,ZERO_DBI_PROPAGATION_REFERENCE,0.0,7.0448080411916045,25.106607781030476,-13.889966163597023,11.973972139794952,16.0,-10.0,1.0,0.0,118.66136801163,-112.66136801163
E3_SITE_10_SEC_1,E3_SITE_10,50.0,V,ZERO_DBI_PROPAGATION_REFERENCE,0.0,7.0448080411916045,25.106607781030476,-13.889966163597023,11.973972139794952,16.0,-10.0,1.0,0.0,121.809563228571,-115.809563228571
E3_SITE_10_SEC_1,E3_SITE_10,20.0,V,ZERO_DBI_PROPAGATION_REFERENCE,0.0,7.0448080411916045,25.106607781030476,-13.889966163597023,11.973972139794952,16.0,-10.0,1.0,0.0,121.44081599331,-115.44081599331
E3_SITE_10_SEC_1,E3_SITE_10,10.0,V,ZERO_DBI_PROPAGATION_REFERENCE,0.0,7.0448080411916045,25.106607781030476,-13.889966163597023,11.973972139794952,16.0,-10.0,1.0,0.0,121.247877869945,-115.247877869945
E3_SITE_10_SEC_1,E3_SITE_10,1.0,V,ZERO_DBI_PROPAGATION_REFERENCE,0.0,7.0448080411916045,25.106607781030476,-13.889966163597023,11.973972139794952,16.0,-10.0,1.0,0.0,120.472391838531,-114.472391838531
E3_SITE_10_SEC_1,E3_SITE_10,0.1,V,ZERO_DBI_PROPAGATION_REFERENCE,0.0,7.0448080411916045,25.106607781030476,-13.889966163597023,11.973972139794952,16.0,-10.0,1.0,0.0,119.685343422856,-113.685343422856
E3_SITE_10_SEC_1,E3_SITE_10,0.01,V,ZERO_DBI_PROPAGATION_REFERENCE,0.0,7.0448080411916045,25.106607781030476,-13.889966163597023,11.973972139794952,16.0,-10.0,1.0,0.0,118.898294073259,-112.898294073259
E3_SITE_10_SEC_1,E3_SITE_10,0.005,V,ZERO_DBI_PROPAGATION_REFERENCE,0.0,7.0448080411916045,25.106607781030476,-13.889966163597023,11.973972139794952,16.0,-10.0,1.0,0.0,118.66136801163,-112.66136801163
E3_SITE_10_SEC_1,E3_SITE_10,50.0,H,ELEMENT_PATTERN_REFERENCE,7.0448080411916045,7.0448080411916045,25.106607781030476,-13.889966163597023,11.973972139794952,16.0,-10.0,1.0,0.0,121.809563228571,-108.7647551873794
E3_SITE_10_SEC_1,E3_SITE_10,20.0,H,ELEMENT_PATTERN_REFERENCE,7.0448080411916045,7.0448080411916045,25.106607781030476,-13.889966163597023,11.973972139794952,16.0,-10.0,1.0,0.0,121.44081599331,-108.3960079521184
E3_SITE_10_SEC_1,E3_SITE_10,10.0,H,ELEMENT_PATTERN_REFERENCE,7.0448080411916045,7.0448080411916045,25.106607781030476,-13.889966163597023,11.973972139794952,16.0,-10.0,1.0,0.0,121.247877869945,-108.2030698287534
E3_SITE_10_SEC_1,E3_SITE_10,1.0,H,ELEMENT_PATTERN_REFERENCE,7.0448080411916045,7.0448080411916045,25.106607781030476,-13.889966163597023,11.973972139794952,16.0,-10.0,1.0,0.0,120.472391838531,-107.4275837973394
E3_SITE_10_SEC_1,E3_SITE_10,0.1,H,ELEMENT_PATTERN_REFERENCE,7.0448080411916045,7.0448080411916045,25.106607781030476,-13.889966163597023,11.973972139794952,16.0,-10.0,1.0,0.0,119.685343422856,-106.6405353816644
E3_SITE_10_SEC_1,E3_SITE_10,0.01,H,ELEMENT_PATTERN_REFERENCE,7.0448080411916045,7.0448080411916045,25.106607781030476,-13.889966163597023,11.973972139794952,16.0,-10.0,1.0,0.0,118.898294073259,-105.8534860320674
E3_SITE_10_SEC_1,E3_SITE_10,0.005,H,ELEMENT_PATTERN_REFERENCE,7.0448080411916045,7.0448080411916045,25.106607781030476,-13.889966163597023,11.973972139794952,16.0,-10.0,1.0,0.0,118.66136801163,-105.6165599704384
E3_SITE_10_SEC_1,E3_SITE_10,50.0,V,ELEMENT_PATTERN_REFERENCE,7.0448080411916045,7.0448080411916045,25.106607781030476,-13.889966163597023,11.973972139794952,16.0,-10.0,1.0,0.0,121.809563228571,-108.7647551873794
E3_SITE_10_SEC_1,E3_SITE_10,20.0,V,ELEMENT_PATTERN_REFERENCE,7.0448080411916045,7.0448080411916045,25.106607781030476,-13.889966163597023,11.973972139794952,16.0,-10.0,1.0,0.0,121.44081599331,-108.3960079521184
E3_SITE_10_SEC_1,E3_SITE_10,10.0,V,ELEMENT_PATTERN_REFERENCE,7.0448080411916045,7.0448080411916045,25.106607781030476,-13.889966163597023,11.973972139794952,16.0,-10.0,1.0,0.0,121.247877869945,-108.2030698287534
E3_SITE_10_SEC_1,E3_SITE_10,1.0,V,ELEMENT_PATTERN_REFERENCE,7.0448080411916045,7.0448080411916045,25.106607781030476,-13.889966163597023,11.973972139794952,16.0,-10.0,1.0,0.0,120.472391838531,-107.4275837973394
E3_SITE_10_SEC_1,E3_SITE_10,0.1,V,ELEMENT_PATTERN_REFERENCE,7.0448080411916045,7.0448080411916045,25.106607781030476,-13.889966163597023,11.973972139794952,16.0,-10.0,1.0,0.0,119.685343422856,-106.6405353816644
E3_SITE_10_SEC_1,E3_SITE_10,0.01,V,ELEMENT_PATTERN_REFERENCE,7.0448080411916045,7.0448080411916045,25.106607781030476,-13.889966163597023,11.973972139794952,16.0,-10.0,1.0,0.0,118.898294073259,-105.8534860320674
E3_SITE_10_SEC_1,E3_SITE_10,0.005,V,ELEMENT_PATTERN_REFERENCE,7.0448080411916045,7.0448080411916045,25.106607781030476,-13.889966163597023,11.973972139794952,16.0,-10.0,1.0,0.0,118.66136801163,-105.6165599704384
E3_SITE_10_SEC_1,E3_SITE_10,50.0,H,COHERENT_ARRAY_UPPER_ENVELOPE,25.106607781030476,7.0448080411916045,25.106607781030476,-13.889966163597023,11.973972139794952,16.0,-10.0,1.0,0.0,121.809563228571,-90.70295544754052
E3_SITE_10_SEC_1,E3_SITE_10,20.0,H,COHERENT_ARRAY_UPPER_ENVELOPE,25.106607781030476,7.0448080411916045,25.106607781030476,-13.889966163597023,11.973972139794952,16.0,-10.0,1.0,0.0,121.44081599331,-90.33420821227952
E3_SITE_10_SEC_1,E3_SITE_10,10.0,H,COHERENT_ARRAY_UPPER_ENVELOPE,25.106607781030476,7.0448080411916045,25.106607781030476,-13.889966163597023,11.973972139794952,16.0,-10.0,1.0,0.0,121.247877869945,-90.14127008891452
E3_SITE_10_SEC_1,E3_SITE_10,1.0,H,COHERENT_ARRAY_UPPER_ENVELOPE,25.106607781030476,7.0448080411916045,25.106607781030476,-13.889966163597023,11.973972139794952,16.0,-10.0,1.0,0.0,120.472391838531,-89.36578405750052
E3_SITE_10_SEC_1,E3_SITE_10,0.1,H,COHERENT_ARRAY_UPPER_ENVELOPE,25.106607781030476,7.0448080411916045,25.106607781030476,-13.889966163597023,11.973972139794952,16.0,-10.0,1.0,0.0,119.685343422856,-88.57873564182552
E3_SITE_10_SEC_1,E3_SITE_10,0.01,H,COHERENT_ARRAY_UPPER_ENVELOPE,25.106607781030476,7.0448080411916045,25.106607781030476,-13.889966163597023,11.973972139794952,16.0,-10.0,1.0,0.0,118.898294073259,-87.79168629222852
E3_SITE_10_SEC_1,E3_SITE_10,0.005,H,COHERENT_ARRAY_UPPER_ENVELOPE,25.106607781030476,7.0448080411916045,25.106607781030476,-13.889966163597023,11.973972139794952,16.0,-10.0,1.0,0.0,118.66136801163,-87.55476023059953
E3_SITE_10_SEC_1,E3_SITE_10,50.0,V,COHERENT_ARRAY_UPPER_ENVELOPE,25.106607781030476,7.0448080411916045,25.106607781030476,-13.889966163597023,11.973972139794952,16.0,-10.0,1.0,0.0,121.809563228571,-90.70295544754052
E3_SITE_10_SEC_1,E3_SITE_10,20.0,V,COHERENT_ARRAY_UPPER_ENVELOPE,25.106607781030476,7.0448080411916045,25.106607781030476,-13.889966163597023,11.973972139794952,16.0,-10.0,1.0,0.0,121.44081599331,-90.33420821227952
E3_SITE_10_SEC_1,E3_SITE_10,10.0,V,COHERENT_ARRAY_UPPER_ENVELOPE,25.106607781030476,7.0448080411916045,25.106607781030476,-13.889966163597023,11.973972139794952,16.0,-10.0,1.0,0.0,121.247877869945,-90.14127008891452
E3_SITE_10_SEC_1,E3_SITE_10,1.0,V,COHERENT_ARRAY_UPPER_ENVELOPE,25.106607781030476,7.0448080411916045,25.106607781030476,-13.889966163597023,11.973972139794952,16.0,-10.0,1.0,0.0,120.472391838531,-89.36578405750052
E3_SITE_10_SEC_1,E3_SITE_10,0.1,V,COHERENT_ARRAY_UPPER_ENVELOPE,25.106607781030476,7.0448080411916045,25.106607781030476,-13.889966163597023,11.973972139794952,16.0,-10.0,1.0,0.0,119.685343422856,-88.57873564182552
E3_SITE_10_SEC_1,E3_SITE_10,0.01,V,COHERENT_ARRAY_UPPER_ENVELOPE,25.106607781030476,7.0448080411916045,25.106607781030476,-13.889966163597023,11.973972139794952,16.0,-10.0,1.0,0.0,118.898294073259,-87.79168629222852
E3_SITE_10_SEC_1,E3_SITE_10,0.005,V,COHERENT_ARRAY_UPPER_ENVELOPE,25.106607781030476,7.0448080411916045,25.106607781030476,-13.889966163597023,11.973972139794952,16.0,-10.0,1.0,0.0,118.66136801163,-87.55476023059953
E3_SITE_10_SEC_2,E3_SITE_10,50.0,H,ZERO_DBI_PROPAGATION_REFERENCE,0.0,-22.0,-3.9382002601611283,-133.88996616359702,11.973972139794952,16.0,-10.0,1.0,0.0,121.809563228571,-115.809563228571
E3_SITE_10_SEC_2,E3_SITE_10,20.0,H,ZERO_DBI_PROPAGATION_REFERENCE,0.0,-22.0,-3.9382002601611283,-133.88996616359702,11.973972139794952,16.0,-10.0,1.0,0.0,121.44081599331,-115.44081599331
E3_SITE_10_SEC_2,E3_SITE_10,10.0,H,ZERO_DBI_PROPAGATION_REFERENCE,0.0,-22.0,-3.9382002601611283,-133.88996616359702,11.973972139794952,16.0,-10.0,1.0,0.0,121.247877869945,-115.247877869945
E3_SITE_10_SEC_2,E3_SITE_10,1.0,H,ZERO_DBI_PROPAGATION_REFERENCE,0.0,-22.0,-3.9382002601611283,-133.88996616359702,11.973972139794952,16.0,-10.0,1.0,0.0,120.472391838531,-114.472391838531
E3_SITE_10_SEC_2,E3_SITE_10,0.1,H,ZERO_DBI_PROPAGATION_REFERENCE,0.0,-22.0,-3.9382002601611283,-133.88996616359702,11.973972139794952,16.0,-10.0,1.0,0.0,119.685343422856,-113.685343422856
E3_SITE_10_SEC_2,E3_SITE_10,0.01,H,ZERO_DBI_PROPAGATION_REFERENCE,0.0,-22.0,-3.9382002601611283,-133.88996616359702,11.973972139794952,16.0,-10.0,1.0,0.0,118.898294073259,-112.898294073259
E3_SITE_10_SEC_2,E3_SITE_10,0.005,H,ZERO_DBI_PROPAGATION_REFERENCE,0.0,-22.0,-3.9382002601611283,-133.88996616359702,11.973972139794952,16.0,-10.0,1.0,0.0,118.66136801163,-112.66136801163
E3_SITE_10_SEC_2,E3_SITE_10,50.0,V,ZERO_DBI_PROPAGATION_REFERENCE,0.0,-22.0,-3.9382002601611283,-133.88996616359702,11.973972139794952,16.0,-10.0,1.0,0.0,121.809563228571,-115.809563228571
E3_SITE_10_SEC_2,E3_SITE_10,20.0,V,ZERO_DBI_PROPAGATION_REFERENCE,0.0,-22.0,-3.9382002601611283,-133.88996616359702,11.973972139794952,16.0,-10.0,1.0,0.0,121.44081599331,-115.44081599331
E3_SITE_10_SEC_2,E3_SITE_10,10.0,V,ZERO_DBI_PROPAGATION_REFERENCE,0.0,-22.0,-3.9382002601611283,-133.88996616359702,11.973972139794952,16.0,-10.0,1.0,0.0,121.247877869945,-115.247877869945
E3_SITE_10_SEC_2,E3_SITE_10,1.0,V,ZERO_DBI_PROPAGATION_REFERENCE,0.0,-22.0,-3.9382002601611283,-133.88996616359702,11.973972139794952,16.0,-10.0,1.0,0.0,120.472391838531,-114.472391838531
E3_SITE_10_SEC_2,E3_SITE_10,0.1,V,ZERO_DBI_PROPAGATION_REFERENCE,0.0,-22.0,-3.9382002601611283,-133.88996616359702,11.973972139794952,16.0,-10.0,1.0,0.0,119.685343422856,-113.685343422856
E3_SITE_10_SEC_2,E3_SITE_10,0.01,V,ZERO_DBI_PROPAGATION_REFERENCE,0.0,-22.0,-3.9382002601611283,-133.88996616359702,11.973972139794952,16.0,-10.0,1.0,0.0,118.898294073259,-112.898294073259
E3_SITE_10_SEC_2,E3_SITE_10,0.005,V,ZERO_DBI_PROPAGATION_REFERENCE,0.0,-22.0,-3.9382002601611283,-133.88996616359702,11.973972139794952,16.0,-10.0,1.0,0.0,118.66136801163,-112.66136801163
E3_SITE_10_SEC_2,E3_SITE_10,50.0,H,ELEMENT_PATTERN_REFERENCE,-22.0,-22.0,-3.9382002601611283,-133.88996616359702,11.973972139794952,16.0,-10.0,1.0,0.0,121.809563228571,-137.809563228571
E3_SITE_10_SEC_2,E3_SITE_10,20.0,H,ELEMENT_PATTERN_REFERENCE,-22.0,-22.0,-3.9382002601611283,-133.88996616359702,11.973972139794952,16.0,-10.0,1.0,0.0,121.44081599331,-137.44081599331
E3_SITE_10_SEC_2,E3_SITE_10,10.0,H,ELEMENT_PATTERN_REFERENCE,-22.0,-22.0,-3.9382002601611283,-133.88996616359702,11.973972139794952,16.0,-10.0,1.0,0.0,121.247877869945,-137.247877869945
E3_SITE_10_SEC_2,E3_SITE_10,1.0,H,ELEMENT_PATTERN_REFERENCE,-22.0,-22.0,-3.9382002601611283,-133.88996616359702,11.973972139794952,16.0,-10.0,1.0,0.0,120.472391838531,-136.472391838531
E3_SITE_10_SEC_2,E3_SITE_10,0.1,H,ELEMENT_PATTERN_REFERENCE,-22.0,-22.0,-3.9382002601611283,-133.88996616359702,11.973972139794952,16.0,-10.0,1.0,0.0,119.685343422856,-135.685343422856
E3_SITE_10_SEC_2,E3_SITE_10,0.01,H,ELEMENT_PATTERN_REFERENCE,-22.0,-22.0,-3.9382002601611283,-133.88996616359702,11.973972139794952,16.0,-10.0,1.0,0.0,118.898294073259,-134.898294073259
E3_SITE_10_SEC_2,E3_SITE_10,0.005,H,ELEMENT_PATTERN_REFERENCE,-22.0,-22.0,-3.9382002601611283,-133.88996616359702,11.973972139794952,16.0,-10.0,1.0,0.0,118.66136801163,-134.66136801163
E3_SITE_10_SEC_2,E3_SITE_10,50.0,V,ELEMENT_PATTERN_REFERENCE,-22.0,-22.0,-3.9382002601611283,-133.88996616359702,11.973972139794952,16.0,-10.0,1.0,0.0,121.809563228571,-137.809563228571
E3_SITE_10_SEC_2,E3_SITE_10,20.0,V,ELEMENT_PATTERN_REFERENCE,-22.0,-22.0,-3.9382002601611283,-133.88996616359702,11.973972139794952,16.0,-10.0,1.0,0.0,121.44081599331,-137.44081599331
E3_SITE_10_SEC_2,E3_SITE_10,10.0,V,ELEMENT_PATTERN_REFERENCE,-22.0,-22.0,-3.9382002601611283,-133.88996616359702,11.973972139794952,16.0,-10.0,1.0,0.0,121.247877869945,-137.247877869945
E3_SITE_10_SEC_2,E3_SITE_10,1.0,V,ELEMENT_PATTERN_REFERENCE,-22.0,-22.0,-3.9382002601611283,-133.88996616359702,11.973972139794952,16.0,-10.0,1.0,0.0,120.472391838531,-136.472391838531
E3_SITE_10_SEC_2,E3_SITE_10,0.1,V,ELEMENT_PATTERN_REFERENCE,-22.0,-22.0,-3.9382002601611283,-133.88996616359702,11.973972139794952,16.0,-10.0,1.0,0.0,119.685343422856,-135.685343422856
E3_SITE_10_SEC_2,E3_SITE_10,0.01,V,ELEMENT_PATTERN_REFERENCE,-22.0,-22.0,-3.9382002601611283,-133.88996616359702,11.973972139794952,16.0,-10.0,1.0,0.0,118.898294073259,-134.898294073259
E3_SITE_10_SEC_2,E3_SITE_10,0.005,V,ELEMENT_PATTERN_REFERENCE,-22.0,-22.0,-3.9382002601611283,-133.88996616359702,11.973972139794952,16.0,-10.0,1.0,0.0,118.66136801163,-134.66136801163
E3_SITE_10_SEC_2,E3_SITE_10,50.0,H,COHERENT_ARRAY_UPPER_ENVELOPE,-3.9382002601611283,-22.0,-3.9382002601611283,-133.88996616359702,11.973972139794952,16.0,-10.0,1.0,0.0,121.809563228571,-119.74776348873212
E3_SITE_10_SEC_2,E3_SITE_10,20.0,H,COHERENT_ARRAY_UPPER_ENVELOPE,-3.9382002601611283,-22.0,-3.9382002601611283,-133.88996616359702,11.973972139794952,16.0,-10.0,1.0,0.0,121.44081599331,-119.37901625347112
E3_SITE_10_SEC_2,E3_SITE_10,10.0,H,COHERENT_ARRAY_UPPER_ENVELOPE,-3.9382002601611283,-22.0,-3.9382002601611283,-133.88996616359702,11.973972139794952,16.0,-10.0,1.0,0.0,121.247877869945,-119.18607813010613
E3_SITE_10_SEC_2,E3_SITE_10,1.0,H,COHERENT_ARRAY_UPPER_ENVELOPE,-3.9382002601611283,-22.0,-3.9382002601611283,-133.88996616359702,11.973972139794952,16.0,-10.0,1.0,0.0,120.472391838531,-118.41059209869212
E3_SITE_10_SEC_2,E3_SITE_10,0.1,H,COHERENT_ARRAY_UPPER_ENVELOPE,-3.9382002601611283,-22.0,-3.9382002601611283,-133.88996616359702,11.973972139794952,16.0,-10.0,1.0,0.0,119.685343422856,-117.62354368301712
E3_SITE_10_SEC_2,E3_SITE_10,0.01,H,COHERENT_ARRAY_UPPER_ENVELOPE,-3.9382002601611283,-22.0,-3.9382002601611283,-133.88996616359702,11.973972139794952,16.0,-10.0,1.0,0.0,118.898294073259,-116.83649433342012
E3_SITE_10_SEC_2,E3_SITE_10,0.005,H,COHERENT_ARRAY_UPPER_ENVELOPE,-3.9382002601611283,-22.0,-3.9382002601611283,-133.88996616359702,11.973972139794952,16.0,-10.0,1.0,0.0,118.66136801163,-116.59956827179113
E3_SITE_10_SEC_2,E3_SITE_10,50.0,V,COHERENT_ARRAY_UPPER_ENVELOPE,-3.9382002601611283,-22.0,-3.9382002601611283,-133.88996616359702,11.973972139794952,16.0,-10.0,1.0,0.0,121.809563228571,-119.74776348873212
E3_SITE_10_SEC_2,E3_SITE_10,20.0,V,COHERENT_ARRAY_UPPER_ENVELOPE,-3.9382002601611283,-22.0,-3.9382002601611283,-133.88996616359702,11.973972139794952,16.0,-10.0,1.0,0.0,121.44081599331,-119.37901625347112
E3_SITE_10_SEC_2,E3_SITE_10,10.0,V,COHERENT_ARRAY_UPPER_ENVELOPE,-3.9382002601611283,-22.0,-3.9382002601611283,-133.88996616359702,11.973972139794952,16.0,-10.0,1.0,0.0,121.247877869945,-119.18607813010613
E3_SITE_10_SEC_2,E3_SITE_10,1.0,V,COHERENT_ARRAY_UPPER_ENVELOPE,-3.9382002601611283,-22.0,-3.9382002601611283,-133.88996616359702,11.973972139794952,16.0,-10.0,1.0,0.0,120.472391838531,-118.41059209869212
E3_SITE_10_SEC_2,E3_SITE_10,0.1,V,COHERENT_ARRAY_UPPER_ENVELOPE,-3.9382002601611283,-22.0,-3.9382002601611283,-133.88996616359702,11.973972139794952,16.0,-10.0,1.0,0.0,119.685343422856,-117.62354368301712
E3_SITE_10_SEC_2,E3_SITE_10,0.01,V,COHERENT_ARRAY_UPPER_ENVELOPE,-3.9382002601611283,-22.0,-3.9382002601611283,-133.88996616359702,11.973972139794952,16.0,-10.0,1.0,0.0,118.898294073259,-116.83649433342012
E3_SITE_10_SEC_2,E3_SITE_10,0.005,V,COHERENT_ARRAY_UPPER_ENVELOPE,-3.9382002601611283,-22.0,-3.9382002601611283,-133.88996616359702,11.973972139794952,16.0,-10.0,1.0,0.0,118.66136801163,-116.59956827179113
E3_SITE_10_SEC_3,E3_SITE_10,50.0,H,ZERO_DBI_PROPAGATION_REFERENCE,0.0,-22.0,-3.9382002601611283,106.11003383640298,11.973972139794952,16.0,-10.0,1.0,0.0,121.809563228571,-115.809563228571
E3_SITE_10_SEC_3,E3_SITE_10,20.0,H,ZERO_DBI_PROPAGATION_REFERENCE,0.0,-22.0,-3.9382002601611283,106.11003383640298,11.973972139794952,16.0,-10.0,1.0,0.0,121.44081599331,-115.44081599331
E3_SITE_10_SEC_3,E3_SITE_10,10.0,H,ZERO_DBI_PROPAGATION_REFERENCE,0.0,-22.0,-3.9382002601611283,106.11003383640298,11.973972139794952,16.0,-10.0,1.0,0.0,121.247877869945,-115.247877869945
E3_SITE_10_SEC_3,E3_SITE_10,1.0,H,ZERO_DBI_PROPAGATION_REFERENCE,0.0,-22.0,-3.9382002601611283,106.11003383640298,11.973972139794952,16.0,-10.0,1.0,0.0,120.472391838531,-114.472391838531
E3_SITE_10_SEC_3,E3_SITE_10,0.1,H,ZERO_DBI_PROPAGATION_REFERENCE,0.0,-22.0,-3.9382002601611283,106.11003383640298,11.973972139794952,16.0,-10.0,1.0,0.0,119.685343422856,-113.685343422856
E3_SITE_10_SEC_3,E3_SITE_10,0.01,H,ZERO_DBI_PROPAGATION_REFERENCE,0.0,-22.0,-3.9382002601611283,106.11003383640298,11.973972139794952,16.0,-10.0,1.0,0.0,118.898294073259,-112.898294073259
E3_SITE_10_SEC_3,E3_SITE_10,0.005,H,ZERO_DBI_PROPAGATION_REFERENCE,0.0,-22.0,-3.9382002601611283,106.11003383640298,11.973972139794952,16.0,-10.0,1.0,0.0,118.66136801163,-112.66136801163
E3_SITE_10_SEC_3,E3_SITE_10,50.0,V,ZERO_DBI_PROPAGATION_REFERENCE,0.0,-22.0,-3.9382002601611283,106.11003383640298,11.973972139794952,16.0,-10.0,1.0,0.0,121.809563228571,-115.809563228571
E3_SITE_10_SEC_3,E3_SITE_10,20.0,V,ZERO_DBI_PROPAGATION_REFERENCE,0.0,-22.0,-3.9382002601611283,106.11003383640298,11.973972139794952,16.0,-10.0,1.0,0.0,121.44081599331,-115.44081599331
E3_SITE_10_SEC_3,E3_SITE_10,10.0,V,ZERO_DBI_PROPAGATION_REFERENCE,0.0,-22.0,-3.9382002601611283,106.11003383640298,11.973972139794952,16.0,-10.0,1.0,0.0,121.247877869945,-115.247877869945
E3_SITE_10_SEC_3,E3_SITE_10,1.0,V,ZERO_DBI_PROPAGATION_REFERENCE,0.0,-22.0,-3.9382002601611283,106.11003383640298,11.973972139794952,16.0,-10.0,1.0,0.0,120.472391838531,-114.472391838531
E3_SITE_10_SEC_3,E3_SITE_10,0.1,V,ZERO_DBI_PROPAGATION_REFERENCE,0.0,-22.0,-3.9382002601611283,106.11003383640298,11.973972139794952,16.0,-10.0,1.0,0.0,119.685343422856,-113.685343422856
E3_SITE_10_SEC_3,E3_SITE_10,0.01,V,ZERO_DBI_PROPAGATION_REFERENCE,0.0,-22.0,-3.9382002601611283,106.11003383640298,11.973972139794952,16.0,-10.0,1.0,0.0,118.898294073259,-112.898294073259
E3_SITE_10_SEC_3,E3_SITE_10,0.005,V,ZERO_DBI_PROPAGATION_REFERENCE,0.0,-22.0,-3.9382002601611283,106.11003383640298,11.973972139794952,16.0,-10.0,1.0,0.0,118.66136801163,-112.66136801163
E3_SITE_10_SEC_3,E3_SITE_10,50.0,H,ELEMENT_PATTERN_REFERENCE,-22.0,-22.0,-3.9382002601611283,106.11003383640298,11.973972139794952,16.0,-10.0,1.0,0.0,121.809563228571,-137.809563228571
E3_SITE_10_SEC_3,E3_SITE_10,20.0,H,ELEMENT_PATTERN_REFERENCE,-22.0,-22.0,-3.9382002601611283,106.11003383640298,11.973972139794952,16.0,-10.0,1.0,0.0,121.44081599331,-137.44081599331
E3_SITE_10_SEC_3,E3_SITE_10,10.0,H,ELEMENT_PATTERN_REFERENCE,-22.0,-22.0,-3.9382002601611283,106.11003383640298,11.973972139794952,16.0,-10.0,1.0,0.0,121.247877869945,-137.247877869945
E3_SITE_10_SEC_3,E3_SITE_10,1.0,H,ELEMENT_PATTERN_REFERENCE,-22.0,-22.0,-3.9382002601611283,106.11003383640298,11.973972139794952,16.0,-10.0,1.0,0.0,120.472391838531,-136.472391838531
E3_SITE_10_SEC_3,E3_SITE_10,0.1,H,ELEMENT_PATTERN_REFERENCE,-22.0,-22.0,-3.9382002601611283,106.11003383640298,11.973972139794952,16.0,-10.0,1.0,0.0,119.685343422856,-135.685343422856
E3_SITE_10_SEC_3,E3_SITE_10,0.01,H,ELEMENT_PATTERN_REFERENCE,-22.0,-22.0,-3.9382002601611283,106.11003383640298,11.973972139794952,16.0,-10.0,1.0,0.0,118.898294073259,-134.898294073259
E3_SITE_10_SEC_3,E3_SITE_10,0.005,H,ELEMENT_PATTERN_REFERENCE,-22.0,-22.0,-3.9382002601611283,106.11003383640298,11.973972139794952,16.0,-10.0,1.0,0.0,118.66136801163,-134.66136801163
E3_SITE_10_SEC_3,E3_SITE_10,50.0,V,ELEMENT_PATTERN_REFERENCE,-22.0,-22.0,-3.9382002601611283,106.11003383640298,11.973972139794952,16.0,-10.0,1.0,0.0,121.809563228571,-137.809563228571
E3_SITE_10_SEC_3,E3_SITE_10,20.0,V,ELEMENT_PATTERN_REFERENCE,-22.0,-22.0,-3.9382002601611283,106.11003383640298,11.973972139794952,16.0,-10.0,1.0,0.0,121.44081599331,-137.44081599331
E3_SITE_10_SEC_3,E3_SITE_10,10.0,V,ELEMENT_PATTERN_REFERENCE,-22.0,-22.0,-3.9382002601611283,106.11003383640298,11.973972139794952,16.0,-10.0,1.0,0.0,121.247877869945,-137.247877869945
E3_SITE_10_SEC_3,E3_SITE_10,1.0,V,ELEMENT_PATTERN_REFERENCE,-22.0,-22.0,-3.9382002601611283,106.11003383640298,11.973972139794952,16.0,-10.0,1.0,0.0,120.472391838531,-136.472391838531
E3_SITE_10_SEC_3,E3_SITE_10,0.1,V,ELEMENT_PATTERN_REFERENCE,-22.0,-22.0,-3.9382002601611283,106.11003383640298,11.973972139794952,16.0,-10.0,1.0,0.0,119.685343422856,-135.685343422856
E3_SITE_10_SEC_3,E3_SITE_10,0.01,V,ELEMENT_PATTERN_REFERENCE,-22.0,-22.0,-3.9382002601611283,106.11003383640298,11.973972139794952,16.0,-10.0,1.0,0.0,118.898294073259,-134.898294073259
E3_SITE_10_SEC_3,E3_SITE_10,0.005,V,ELEMENT_PATTERN_REFERENCE,-22.0,-22.0,-3.9382002601611283,106.11003383640298,11.973972139794952,16.0,-10.0,1.0,0.0,118.66136801163,-134.66136801163
E3_SITE_10_SEC_3,E3_SITE_10,50.0,H,COHERENT_ARRAY_UPPER_ENVELOPE,-3.9382002601611283,-22.0,-3.9382002601611283,106.11003383640298,11.973972139794952,16.0,-10.0,1.0,0.0,121.809563228571,-119.74776348873212
E3_SITE_10_SEC_3,E3_SITE_10,20.0,H,COHERENT_ARRAY_UPPER_ENVELOPE,-3.9382002601611283,-22.0,-3.9382002601611283,106.11003383640298,11.973972139794952,16.0,-10.0,1.0,0.0,121.44081599331,-119.37901625347112
E3_SITE_10_SEC_3,E3_SITE_10,10.0,H,COHERENT_ARRAY_UPPER_ENVELOPE,-3.9382002601611283,-22.0,-3.9382002601611283,106.11003383640298,11.973972139794952,16.0,-10.0,1.0,0.0,121.247877869945,-119.18607813010613
E3_SITE_10_SEC_3,E3_SITE_10,1.0,H,COHERENT_ARRAY_UPPER_ENVELOPE,-3.9382002601611283,-22.0,-3.9382002601611283,106.11003383640298,11.973972139794952,16.0,-10.0,1.0,0.0,120.472391838531,-118.41059209869212
E3_SITE_10_SEC_3,E3_SITE_10,0.1,H,COHERENT_ARRAY_UPPER_ENVELOPE,-3.9382002601611283,-22.0,-3.9382002601611283,106.11003383640298,11.973972139794952,16.0,-10.0,1.0,0.0,119.685343422856,-117.62354368301712
E3_SITE_10_SEC_3,E3_SITE_10,0.01,H,COHERENT_ARRAY_UPPER_ENVELOPE,-3.9382002601611283,-22.0,-3.9382002601611283,106.11003383640298,11.973972139794952,16.0,-10.0,1.0,0.0,118.898294073259,-116.83649433342012
E3_SITE_10_SEC_3,E3_SITE_10,0.005,H,COHERENT_ARRAY_UPPER_ENVELOPE,-3.9382002601611283,-22.0,-3.9382002601611283,106.11003383640298,11.973972139794952,16.0,-10.0,1.0,0.0,118.66136801163,-116.59956827179113
E3_SITE_10_SEC_3,E3_SITE_10,50.0,V,COHERENT_ARRAY_UPPER_ENVELOPE,-3.9382002601611283,-22.0,-3.9382002601611283,106.11003383640298,11.973972139794952,16.0,-10.0,1.0,0.0,121.809563228571,-119.74776348873212
E3_SITE_10_SEC_3,E3_SITE_10,20.0,V,COHERENT_ARRAY_UPPER_ENVELOPE,-3.9382002601611283,-22.0,-3.9382002601611283,106.11003383640298,11.973972139794952,16.0,-10.0,1.0,0.0,121.44081599331,-119.37901625347112
E3_SITE_10_SEC_3,E3_SITE_10,10.0,V,COHERENT_ARRAY_UPPER_ENVELOPE,-3.9382002601611283,-22.0,-3.9382002601611283,106.11003383640298,11.973972139794952,16.0,-10.0,1.0,0.0,121.247877869945,-119.18607813010613
E3_SITE_10_SEC_3,E3_SITE_10,1.0,V,COHERENT_ARRAY_UPPER_ENVELOPE,-3.9382002601611283,-22.0,-3.9382002601611283,106.11003383640298,11.973972139794952,16.0,-10.0,1.0,0.0,120.472391838531,-118.41059209869212
E3_SITE_10_SEC_3,E3_SITE_10,0.1,V,COHERENT_ARRAY_UPPER_ENVELOPE,-3.9382002601611283,-22.0,-3.9382002601611283,106.11003383640298,11.973972139794952,16.0,-10.0,1.0,0.0,119.685343422856,-117.62354368301712
E3_SITE_10_SEC_3,E3_SITE_10,0.01,V,COHERENT_ARRAY_UPPER_ENVELOPE,-3.9382002601611283,-22.0,-3.9382002601611283,106.11003383640298,11.973972139794952,16.0,-10.0,1.0,0.0,118.898294073259,-116.83649433342012
E3_SITE_10_SEC_3,E3_SITE_10,0.005,V,COHERENT_ARRAY_UPPER_ENVELOPE,-3.9382002601611283,-22.0,-3.9382002601611283,106.11003383640298,11.973972139794952,16.0,-10.0,1.0,0.0,118.66136801163,-116.59956827179113
E3_SITE_11_SEC_1,E3_SITE_11,50.0,H,ZERO_DBI_PROPAGATION_REFERENCE,0.0,7.4548765798151635,25.516676319654035,6.582815745589983,12.18997160441143,16.0,-10.0,1.0,0.0,122.211439251188,-116.211439251188
E3_SITE_11_SEC_1,E3_SITE_11,20.0,H,ZERO_DBI_PROPAGATION_REFERENCE,0.0,7.4548765798151635,25.516676319654035,6.582815745589983,12.18997160441143,16.0,-10.0,1.0,0.0,121.828154452726,-115.828154452726
E3_SITE_11_SEC_1,E3_SITE_11,10.0,H,ZERO_DBI_PROPAGATION_REFERENCE,0.0,7.4548765798151635,25.516676319654035,6.582815745589983,12.18997160441143,16.0,-10.0,1.0,0.0,121.627609899043,-115.627609899043
E3_SITE_11_SEC_1,E3_SITE_11,1.0,H,ZERO_DBI_PROPAGATION_REFERENCE,0.0,7.4548765798151635,25.516676319654035,6.582815745589983,12.18997160441143,16.0,-10.0,1.0,0.0,120.822539884478,-114.822539884478
E3_SITE_11_SEC_1,E3_SITE_11,0.1,H,ZERO_DBI_PROPAGATION_REFERENCE,0.0,7.4548765798151635,25.516676319654035,6.582815745589983,12.18997160441143,16.0,-10.0,1.0,0.0,120.005044806179,-114.005044806179
E3_SITE_11_SEC_1,E3_SITE_11,0.01,H,ZERO_DBI_PROPAGATION_REFERENCE,0.0,7.4548765798151635,25.516676319654035,6.582815745589983,12.18997160441143,16.0,-10.0,1.0,0.0,119.187548844809,-113.187548844809
E3_SITE_11_SEC_1,E3_SITE_11,0.005,H,ZERO_DBI_PROPAGATION_REFERENCE,0.0,7.4548765798151635,25.516676319654035,6.582815745589983,12.18997160441143,16.0,-10.0,1.0,0.0,118.941457477684,-112.941457477684
E3_SITE_11_SEC_1,E3_SITE_11,50.0,V,ZERO_DBI_PROPAGATION_REFERENCE,0.0,7.4548765798151635,25.516676319654035,6.582815745589983,12.18997160441143,16.0,-10.0,1.0,0.0,122.211439251188,-116.211439251188
E3_SITE_11_SEC_1,E3_SITE_11,20.0,V,ZERO_DBI_PROPAGATION_REFERENCE,0.0,7.4548765798151635,25.516676319654035,6.582815745589983,12.18997160441143,16.0,-10.0,1.0,0.0,121.828154452726,-115.828154452726
E3_SITE_11_SEC_1,E3_SITE_11,10.0,V,ZERO_DBI_PROPAGATION_REFERENCE,0.0,7.4548765798151635,25.516676319654035,6.582815745589983,12.18997160441143,16.0,-10.0,1.0,0.0,121.627609899043,-115.627609899043
E3_SITE_11_SEC_1,E3_SITE_11,1.0,V,ZERO_DBI_PROPAGATION_REFERENCE,0.0,7.4548765798151635,25.516676319654035,6.582815745589983,12.18997160441143,16.0,-10.0,1.0,0.0,120.822539884478,-114.822539884478
E3_SITE_11_SEC_1,E3_SITE_11,0.1,V,ZERO_DBI_PROPAGATION_REFERENCE,0.0,7.4548765798151635,25.516676319654035,6.582815745589983,12.18997160441143,16.0,-10.0,1.0,0.0,120.005044806179,-114.005044806179
E3_SITE_11_SEC_1,E3_SITE_11,0.01,V,ZERO_DBI_PROPAGATION_REFERENCE,0.0,7.4548765798151635,25.516676319654035,6.582815745589983,12.18997160441143,16.0,-10.0,1.0,0.0,119.187548844809,-113.187548844809
E3_SITE_11_SEC_1,E3_SITE_11,0.005,V,ZERO_DBI_PROPAGATION_REFERENCE,0.0,7.4548765798151635,25.516676319654035,6.582815745589983,12.18997160441143,16.0,-10.0,1.0,0.0,118.941457477684,-112.941457477684
E3_SITE_11_SEC_1,E3_SITE_11,50.0,H,ELEMENT_PATTERN_REFERENCE,7.4548765798151635,7.4548765798151635,25.516676319654035,6.582815745589983,12.18997160441143,16.0,-10.0,1.0,0.0,122.211439251188,-108.75656267137283
E3_SITE_11_SEC_1,E3_SITE_11,20.0,H,ELEMENT_PATTERN_REFERENCE,7.4548765798151635,7.4548765798151635,25.516676319654035,6.582815745589983,12.18997160441143,16.0,-10.0,1.0,0.0,121.828154452726,-108.37327787291083
E3_SITE_11_SEC_1,E3_SITE_11,10.0,H,ELEMENT_PATTERN_REFERENCE,7.4548765798151635,7.4548765798151635,25.516676319654035,6.582815745589983,12.18997160441143,16.0,-10.0,1.0,0.0,121.627609899043,-108.17273331922785
E3_SITE_11_SEC_1,E3_SITE_11,1.0,H,ELEMENT_PATTERN_REFERENCE,7.4548765798151635,7.4548765798151635,25.516676319654035,6.582815745589983,12.18997160441143,16.0,-10.0,1.0,0.0,120.822539884478,-107.36766330466284
E3_SITE_11_SEC_1,E3_SITE_11,0.1,H,ELEMENT_PATTERN_REFERENCE,7.4548765798151635,7.4548765798151635,25.516676319654035,6.582815745589983,12.18997160441143,16.0,-10.0,1.0,0.0,120.005044806179,-106.55016822636384
E3_SITE_11_SEC_1,E3_SITE_11,0.01,H,ELEMENT_PATTERN_REFERENCE,7.4548765798151635,7.4548765798151635,25.516676319654035,6.582815745589983,12.18997160441143,16.0,-10.0,1.0,0.0,119.187548844809,-105.73267226499384
E3_SITE_11_SEC_1,E3_SITE_11,0.005,H,ELEMENT_PATTERN_REFERENCE,7.4548765798151635,7.4548765798151635,25.516676319654035,6.582815745589983,12.18997160441143,16.0,-10.0,1.0,0.0,118.941457477684,-105.48658089786883
E3_SITE_11_SEC_1,E3_SITE_11,50.0,V,ELEMENT_PATTERN_REFERENCE,7.4548765798151635,7.4548765798151635,25.516676319654035,6.582815745589983,12.18997160441143,16.0,-10.0,1.0,0.0,122.211439251188,-108.75656267137283
E3_SITE_11_SEC_1,E3_SITE_11,20.0,V,ELEMENT_PATTERN_REFERENCE,7.4548765798151635,7.4548765798151635,25.516676319654035,6.582815745589983,12.18997160441143,16.0,-10.0,1.0,0.0,121.828154452726,-108.37327787291083
E3_SITE_11_SEC_1,E3_SITE_11,10.0,V,ELEMENT_PATTERN_REFERENCE,7.4548765798151635,7.4548765798151635,25.516676319654035,6.582815745589983,12.18997160441143,16.0,-10.0,1.0,0.0,121.627609899043,-108.17273331922785
E3_SITE_11_SEC_1,E3_SITE_11,1.0,V,ELEMENT_PATTERN_REFERENCE,7.4548765798151635,7.4548765798151635,25.516676319654035,6.582815745589983,12.18997160441143,16.0,-10.0,1.0,0.0,120.822539884478,-107.36766330466284
E3_SITE_11_SEC_1,E3_SITE_11,0.1,V,ELEMENT_PATTERN_REFERENCE,7.4548765798151635,7.4548765798151635,25.516676319654035,6.582815745589983,12.18997160441143,16.0,-10.0,1.0,0.0,120.005044806179,-106.55016822636384
E3_SITE_11_SEC_1,E3_SITE_11,0.01,V,ELEMENT_PATTERN_REFERENCE,7.4548765798151635,7.4548765798151635,25.516676319654035,6.582815745589983,12.18997160441143,16.0,-10.0,1.0,0.0,119.187548844809,-105.73267226499384
E3_SITE_11_SEC_1,E3_SITE_11,0.005,V,ELEMENT_PATTERN_REFERENCE,7.4548765798151635,7.4548765798151635,25.516676319654035,6.582815745589983,12.18997160441143,16.0,-10.0,1.0,0.0,118.941457477684,-105.48658089786883
E3_SITE_11_SEC_1,E3_SITE_11,50.0,H,COHERENT_ARRAY_UPPER_ENVELOPE,25.516676319654035,7.4548765798151635,25.516676319654035,6.582815745589983,12.18997160441143,16.0,-10.0,1.0,0.0,122.211439251188,-90.69476293153396
E3_SITE_11_SEC_1,E3_SITE_11,20.0,H,COHERENT_ARRAY_UPPER_ENVELOPE,25.516676319654035,7.4548765798151635,25.516676319654035,6.582815745589983,12.18997160441143,16.0,-10.0,1.0,0.0,121.828154452726,-90.31147813307196
E3_SITE_11_SEC_1,E3_SITE_11,10.0,H,COHERENT_ARRAY_UPPER_ENVELOPE,25.516676319654035,7.4548765798151635,25.516676319654035,6.582815745589983,12.18997160441143,16.0,-10.0,1.0,0.0,121.627609899043,-90.11093357938896
E3_SITE_11_SEC_1,E3_SITE_11,1.0,H,COHERENT_ARRAY_UPPER_ENVELOPE,25.516676319654035,7.4548765798151635,25.516676319654035,6.582815745589983,12.18997160441143,16.0,-10.0,1.0,0.0,120.822539884478,-89.30586356482397
E3_SITE_11_SEC_1,E3_SITE_11,0.1,H,COHERENT_ARRAY_UPPER_ENVELOPE,25.516676319654035,7.4548765798151635,25.516676319654035,6.582815745589983,12.18997160441143,16.0,-10.0,1.0,0.0,120.005044806179,-88.48836848652496
E3_SITE_11_SEC_1,E3_SITE_11,0.01,H,COHERENT_ARRAY_UPPER_ENVELOPE,25.516676319654035,7.4548765798151635,25.516676319654035,6.582815745589983,12.18997160441143,16.0,-10.0,1.0,0.0,119.187548844809,-87.67087252515496
E3_SITE_11_SEC_1,E3_SITE_11,0.005,H,COHERENT_ARRAY_UPPER_ENVELOPE,25.516676319654035,7.4548765798151635,25.516676319654035,6.582815745589983,12.18997160441143,16.0,-10.0,1.0,0.0,118.941457477684,-87.42478115802996
E3_SITE_11_SEC_1,E3_SITE_11,50.0,V,COHERENT_ARRAY_UPPER_ENVELOPE,25.516676319654035,7.4548765798151635,25.516676319654035,6.582815745589983,12.18997160441143,16.0,-10.0,1.0,0.0,122.211439251188,-90.69476293153396
E3_SITE_11_SEC_1,E3_SITE_11,20.0,V,COHERENT_ARRAY_UPPER_ENVELOPE,25.516676319654035,7.4548765798151635,25.516676319654035,6.582815745589983,12.18997160441143,16.0,-10.0,1.0,0.0,121.828154452726,-90.31147813307196
E3_SITE_11_SEC_1,E3_SITE_11,10.0,V,COHERENT_ARRAY_UPPER_ENVELOPE,25.516676319654035,7.4548765798151635,25.516676319654035,6.582815745589983,12.18997160441143,16.0,-10.0,1.0,0.0,121.627609899043,-90.11093357938896
E3_SITE_11_SEC_1,E3_SITE_11,1.0,V,COHERENT_ARRAY_UPPER_ENVELOPE,25.516676319654035,7.4548765798151635,25.516676319654035,6.582815745589983,12.18997160441143,16.0,-10.0,1.0,0.0,120.822539884478,-89.30586356482397
E3_SITE_11_SEC_1,E3_SITE_11,0.1,V,COHERENT_ARRAY_UPPER_ENVELOPE,25.516676319654035,7.4548765798151635,25.516676319654035,6.582815745589983,12.18997160441143,16.0,-10.0,1.0,0.0,120.005044806179,-88.48836848652496
E3_SITE_11_SEC_1,E3_SITE_11,0.01,V,COHERENT_ARRAY_UPPER_ENVELOPE,25.516676319654035,7.4548765798151635,25.516676319654035,6.582815745589983,12.18997160441143,16.0,-10.0,1.0,0.0,119.187548844809,-87.67087252515496
E3_SITE_11_SEC_1,E3_SITE_11,0.005,V,COHERENT_ARRAY_UPPER_ENVELOPE,25.516676319654035,7.4548765798151635,25.516676319654035,6.582815745589983,12.18997160441143,16.0,-10.0,1.0,0.0,118.941457477684,-87.42478115802996
E3_SITE_11_SEC_2,E3_SITE_11,50.0,H,ZERO_DBI_PROPAGATION_REFERENCE,0.0,-22.0,-3.9382002601611283,-113.41718425441002,12.18997160441143,16.0,-10.0,1.0,0.0,122.211439251188,-116.211439251188
E3_SITE_11_SEC_2,E3_SITE_11,20.0,H,ZERO_DBI_PROPAGATION_REFERENCE,0.0,-22.0,-3.9382002601611283,-113.41718425441002,12.18997160441143,16.0,-10.0,1.0,0.0,121.828154452726,-115.828154452726
E3_SITE_11_SEC_2,E3_SITE_11,10.0,H,ZERO_DBI_PROPAGATION_REFERENCE,0.0,-22.0,-3.9382002601611283,-113.41718425441002,12.18997160441143,16.0,-10.0,1.0,0.0,121.627609899043,-115.627609899043
E3_SITE_11_SEC_2,E3_SITE_11,1.0,H,ZERO_DBI_PROPAGATION_REFERENCE,0.0,-22.0,-3.9382002601611283,-113.41718425441002,12.18997160441143,16.0,-10.0,1.0,0.0,120.822539884478,-114.822539884478
E3_SITE_11_SEC_2,E3_SITE_11,0.1,H,ZERO_DBI_PROPAGATION_REFERENCE,0.0,-22.0,-3.9382002601611283,-113.41718425441002,12.18997160441143,16.0,-10.0,1.0,0.0,120.005044806179,-114.005044806179
E3_SITE_11_SEC_2,E3_SITE_11,0.01,H,ZERO_DBI_PROPAGATION_REFERENCE,0.0,-22.0,-3.9382002601611283,-113.41718425441002,12.18997160441143,16.0,-10.0,1.0,0.0,119.187548844809,-113.187548844809
E3_SITE_11_SEC_2,E3_SITE_11,0.005,H,ZERO_DBI_PROPAGATION_REFERENCE,0.0,-22.0,-3.9382002601611283,-113.41718425441002,12.18997160441143,16.0,-10.0,1.0,0.0,118.941457477684,-112.941457477684
E3_SITE_11_SEC_2,E3_SITE_11,50.0,V,ZERO_DBI_PROPAGATION_REFERENCE,0.0,-22.0,-3.9382002601611283,-113.41718425441002,12.18997160441143,16.0,-10.0,1.0,0.0,122.211439251188,-116.211439251188
E3_SITE_11_SEC_2,E3_SITE_11,20.0,V,ZERO_DBI_PROPAGATION_REFERENCE,0.0,-22.0,-3.9382002601611283,-113.41718425441002,12.18997160441143,16.0,-10.0,1.0,0.0,121.828154452726,-115.828154452726
E3_SITE_11_SEC_2,E3_SITE_11,10.0,V,ZERO_DBI_PROPAGATION_REFERENCE,0.0,-22.0,-3.9382002601611283,-113.41718425441002,12.18997160441143,16.0,-10.0,1.0,0.0,121.627609899043,-115.627609899043
E3_SITE_11_SEC_2,E3_SITE_11,1.0,V,ZERO_DBI_PROPAGATION_REFERENCE,0.0,-22.0,-3.9382002601611283,-113.41718425441002,12.18997160441143,16.0,-10.0,1.0,0.0,120.822539884478,-114.822539884478
E3_SITE_11_SEC_2,E3_SITE_11,0.1,V,ZERO_DBI_PROPAGATION_REFERENCE,0.0,-22.0,-3.9382002601611283,-113.41718425441002,12.18997160441143,16.0,-10.0,1.0,0.0,120.005044806179,-114.005044806179
E3_SITE_11_SEC_2,E3_SITE_11,0.01,V,ZERO_DBI_PROPAGATION_REFERENCE,0.0,-22.0,-3.9382002601611283,-113.41718425441002,12.18997160441143,16.0,-10.0,1.0,0.0,119.187548844809,-113.187548844809
E3_SITE_11_SEC_2,E3_SITE_11,0.005,V,ZERO_DBI_PROPAGATION_REFERENCE,0.0,-22.0,-3.9382002601611283,-113.41718425441002,12.18997160441143,16.0,-10.0,1.0,0.0,118.941457477684,-112.941457477684
E3_SITE_11_SEC_2,E3_SITE_11,50.0,H,ELEMENT_PATTERN_REFERENCE,-22.0,-22.0,-3.9382002601611283,-113.41718425441002,12.18997160441143,16.0,-10.0,1.0,0.0,122.211439251188,-138.21143925118798
E3_SITE_11_SEC_2,E3_SITE_11,20.0,H,ELEMENT_PATTERN_REFERENCE,-22.0,-22.0,-3.9382002601611283,-113.41718425441002,12.18997160441143,16.0,-10.0,1.0,0.0,121.828154452726,-137.82815445272598
E3_SITE_11_SEC_2,E3_SITE_11,10.0,H,ELEMENT_PATTERN_REFERENCE,-22.0,-22.0,-3.9382002601611283,-113.41718425441002,12.18997160441143,16.0,-10.0,1.0,0.0,121.627609899043,-137.627609899043
E3_SITE_11_SEC_2,E3_SITE_11,1.0,H,ELEMENT_PATTERN_REFERENCE,-22.0,-22.0,-3.9382002601611283,-113.41718425441002,12.18997160441143,16.0,-10.0,1.0,0.0,120.822539884478,-136.822539884478
E3_SITE_11_SEC_2,E3_SITE_11,0.1,H,ELEMENT_PATTERN_REFERENCE,-22.0,-22.0,-3.9382002601611283,-113.41718425441002,12.18997160441143,16.0,-10.0,1.0,0.0,120.005044806179,-136.005044806179
E3_SITE_11_SEC_2,E3_SITE_11,0.01,H,ELEMENT_PATTERN_REFERENCE,-22.0,-22.0,-3.9382002601611283,-113.41718425441002,12.18997160441143,16.0,-10.0,1.0,0.0,119.187548844809,-135.187548844809
E3_SITE_11_SEC_2,E3_SITE_11,0.005,H,ELEMENT_PATTERN_REFERENCE,-22.0,-22.0,-3.9382002601611283,-113.41718425441002,12.18997160441143,16.0,-10.0,1.0,0.0,118.941457477684,-134.941457477684
E3_SITE_11_SEC_2,E3_SITE_11,50.0,V,ELEMENT_PATTERN_REFERENCE,-22.0,-22.0,-3.9382002601611283,-113.41718425441002,12.18997160441143,16.0,-10.0,1.0,0.0,122.211439251188,-138.21143925118798
E3_SITE_11_SEC_2,E3_SITE_11,20.0,V,ELEMENT_PATTERN_REFERENCE,-22.0,-22.0,-3.9382002601611283,-113.41718425441002,12.18997160441143,16.0,-10.0,1.0,0.0,121.828154452726,-137.82815445272598
E3_SITE_11_SEC_2,E3_SITE_11,10.0,V,ELEMENT_PATTERN_REFERENCE,-22.0,-22.0,-3.9382002601611283,-113.41718425441002,12.18997160441143,16.0,-10.0,1.0,0.0,121.627609899043,-137.627609899043
E3_SITE_11_SEC_2,E3_SITE_11,1.0,V,ELEMENT_PATTERN_REFERENCE,-22.0,-22.0,-3.9382002601611283,-113.41718425441002,12.18997160441143,16.0,-10.0,1.0,0.0,120.822539884478,-136.822539884478
E3_SITE_11_SEC_2,E3_SITE_11,0.1,V,ELEMENT_PATTERN_REFERENCE,-22.0,-22.0,-3.9382002601611283,-113.41718425441002,12.18997160441143,16.0,-10.0,1.0,0.0,120.005044806179,-136.005044806179
E3_SITE_11_SEC_2,E3_SITE_11,0.01,V,ELEMENT_PATTERN_REFERENCE,-22.0,-22.0,-3.9382002601611283,-113.41718425441002,12.18997160441143,16.0,-10.0,1.0,0.0,119.187548844809,-135.187548844809
E3_SITE_11_SEC_2,E3_SITE_11,0.005,V,ELEMENT_PATTERN_REFERENCE,-22.0,-22.0,-3.9382002601611283,-113.41718425441002,12.18997160441143,16.0,-10.0,1.0,0.0,118.941457477684,-134.941457477684
E3_SITE_11_SEC_2,E3_SITE_11,50.0,H,COHERENT_ARRAY_UPPER_ENVELOPE,-3.9382002601611283,-22.0,-3.9382002601611283,-113.41718425441002,12.18997160441143,16.0,-10.0,1.0,0.0,122.211439251188,-120.14963951134912
E3_SITE_11_SEC_2,E3_SITE_11,20.0,H,COHERENT_ARRAY_UPPER_ENVELOPE,-3.9382002601611283,-22.0,-3.9382002601611283,-113.41718425441002,12.18997160441143,16.0,-10.0,1.0,0.0,121.828154452726,-119.76635471288712
E3_SITE_11_SEC_2,E3_SITE_11,10.0,H,COHERENT_ARRAY_UPPER_ENVELOPE,-3.9382002601611283,-22.0,-3.9382002601611283,-113.41718425441002,12.18997160441143,16.0,-10.0,1.0,0.0,121.627609899043,-119.56581015920412
E3_SITE_11_SEC_2,E3_SITE_11,1.0,H,COHERENT_ARRAY_UPPER_ENVELOPE,-3.9382002601611283,-22.0,-3.9382002601611283,-113.41718425441002,12.18997160441143,16.0,-10.0,1.0,0.0,120.822539884478,-118.76074014463913
E3_SITE_11_SEC_2,E3_SITE_11,0.1,H,COHERENT_ARRAY_UPPER_ENVELOPE,-3.9382002601611283,-22.0,-3.9382002601611283,-113.41718425441002,12.18997160441143,16.0,-10.0,1.0,0.0,120.005044806179,-117.94324506634013
E3_SITE_11_SEC_2,E3_SITE_11,0.01,H,COHERENT_ARRAY_UPPER_ENVELOPE,-3.9382002601611283,-22.0,-3.9382002601611283,-113.41718425441002,12.18997160441143,16.0,-10.0,1.0,0.0,119.187548844809,-117.12574910497013
E3_SITE_11_SEC_2,E3_SITE_11,0.005,H,COHERENT_ARRAY_UPPER_ENVELOPE,-3.9382002601611283,-22.0,-3.9382002601611283,-113.41718425441002,12.18997160441143,16.0,-10.0,1.0,0.0,118.941457477684,-116.87965773784512
E3_SITE_11_SEC_2,E3_SITE_11,50.0,V,COHERENT_ARRAY_UPPER_ENVELOPE,-3.9382002601611283,-22.0,-3.9382002601611283,-113.41718425441002,12.18997160441143,16.0,-10.0,1.0,0.0,122.211439251188,-120.14963951134912
E3_SITE_11_SEC_2,E3_SITE_11,20.0,V,COHERENT_ARRAY_UPPER_ENVELOPE,-3.9382002601611283,-22.0,-3.9382002601611283,-113.41718425441002,12.18997160441143,16.0,-10.0,1.0,0.0,121.828154452726,-119.76635471288712
E3_SITE_11_SEC_2,E3_SITE_11,10.0,V,COHERENT_ARRAY_UPPER_ENVELOPE,-3.9382002601611283,-22.0,-3.9382002601611283,-113.41718425441002,12.18997160441143,16.0,-10.0,1.0,0.0,121.627609899043,-119.56581015920412
E3_SITE_11_SEC_2,E3_SITE_11,1.0,V,COHERENT_ARRAY_UPPER_ENVELOPE,-3.9382002601611283,-22.0,-3.9382002601611283,-113.41718425441002,12.18997160441143,16.0,-10.0,1.0,0.0,120.822539884478,-118.76074014463913
E3_SITE_11_SEC_2,E3_SITE_11,0.1,V,COHERENT_ARRAY_UPPER_ENVELOPE,-3.9382002601611283,-22.0,-3.9382002601611283,-113.41718425441002,12.18997160441143,16.0,-10.0,1.0,0.0,120.005044806179,-117.94324506634013
E3_SITE_11_SEC_2,E3_SITE_11,0.01,V,COHERENT_ARRAY_UPPER_ENVELOPE,-3.9382002601611283,-22.0,-3.9382002601611283,-113.41718425441002,12.18997160441143,16.0,-10.0,1.0,0.0,119.187548844809,-117.12574910497013
E3_SITE_11_SEC_2,E3_SITE_11,0.005,V,COHERENT_ARRAY_UPPER_ENVELOPE,-3.9382002601611283,-22.0,-3.9382002601611283,-113.41718425441002,12.18997160441143,16.0,-10.0,1.0,0.0,118.941457477684,-116.87965773784512
E3_SITE_11_SEC_3,E3_SITE_11,50.0,H,ZERO_DBI_PROPAGATION_REFERENCE,0.0,-22.0,-3.9382002601611283,126.58281574558998,12.18997160441143,16.0,-10.0,1.0,0.0,122.211439251188,-116.211439251188
E3_SITE_11_SEC_3,E3_SITE_11,20.0,H,ZERO_DBI_PROPAGATION_REFERENCE,0.0,-22.0,-3.9382002601611283,126.58281574558998,12.18997160441143,16.0,-10.0,1.0,0.0,121.828154452726,-115.828154452726
E3_SITE_11_SEC_3,E3_SITE_11,10.0,H,ZERO_DBI_PROPAGATION_REFERENCE,0.0,-22.0,-3.9382002601611283,126.58281574558998,12.18997160441143,16.0,-10.0,1.0,0.0,121.627609899043,-115.627609899043
E3_SITE_11_SEC_3,E3_SITE_11,1.0,H,ZERO_DBI_PROPAGATION_REFERENCE,0.0,-22.0,-3.9382002601611283,126.58281574558998,12.18997160441143,16.0,-10.0,1.0,0.0,120.822539884478,-114.822539884478
E3_SITE_11_SEC_3,E3_SITE_11,0.1,H,ZERO_DBI_PROPAGATION_REFERENCE,0.0,-22.0,-3.9382002601611283,126.58281574558998,12.18997160441143,16.0,-10.0,1.0,0.0,120.005044806179,-114.005044806179
E3_SITE_11_SEC_3,E3_SITE_11,0.01,H,ZERO_DBI_PROPAGATION_REFERENCE,0.0,-22.0,-3.9382002601611283,126.58281574558998,12.18997160441143,16.0,-10.0,1.0,0.0,119.187548844809,-113.187548844809
E3_SITE_11_SEC_3,E3_SITE_11,0.005,H,ZERO_DBI_PROPAGATION_REFERENCE,0.0,-22.0,-3.9382002601611283,126.58281574558998,12.18997160441143,16.0,-10.0,1.0,0.0,118.941457477684,-112.941457477684
E3_SITE_11_SEC_3,E3_SITE_11,50.0,V,ZERO_DBI_PROPAGATION_REFERENCE,0.0,-22.0,-3.9382002601611283,126.58281574558998,12.18997160441143,16.0,-10.0,1.0,0.0,122.211439251188,-116.211439251188
E3_SITE_11_SEC_3,E3_SITE_11,20.0,V,ZERO_DBI_PROPAGATION_REFERENCE,0.0,-22.0,-3.9382002601611283,126.58281574558998,12.18997160441143,16.0,-10.0,1.0,0.0,121.828154452726,-115.828154452726
E3_SITE_11_SEC_3,E3_SITE_11,10.0,V,ZERO_DBI_PROPAGATION_REFERENCE,0.0,-22.0,-3.9382002601611283,126.58281574558998,12.18997160441143,16.0,-10.0,1.0,0.0,121.627609899043,-115.627609899043
E3_SITE_11_SEC_3,E3_SITE_11,1.0,V,ZERO_DBI_PROPAGATION_REFERENCE,0.0,-22.0,-3.9382002601611283,126.58281574558998,12.18997160441143,16.0,-10.0,1.0,0.0,120.822539884478,-114.822539884478
E3_SITE_11_SEC_3,E3_SITE_11,0.1,V,ZERO_DBI_PROPAGATION_REFERENCE,0.0,-22.0,-3.9382002601611283,126.58281574558998,12.18997160441143,16.0,-10.0,1.0,0.0,120.005044806179,-114.005044806179
E3_SITE_11_SEC_3,E3_SITE_11,0.01,V,ZERO_DBI_PROPAGATION_REFERENCE,0.0,-22.0,-3.9382002601611283,126.58281574558998,12.18997160441143,16.0,-10.0,1.0,0.0,119.187548844809,-113.187548844809
E3_SITE_11_SEC_3,E3_SITE_11,0.005,V,ZERO_DBI_PROPAGATION_REFERENCE,0.0,-22.0,-3.9382002601611283,126.58281574558998,12.18997160441143,16.0,-10.0,1.0,0.0,118.941457477684,-112.941457477684
E3_SITE_11_SEC_3,E3_SITE_11,50.0,H,ELEMENT_PATTERN_REFERENCE,-22.0,-22.0,-3.9382002601611283,126.58281574558998,12.18997160441143,16.0,-10.0,1.0,0.0,122.211439251188,-138.21143925118798
E3_SITE_11_SEC_3,E3_SITE_11,20.0,H,ELEMENT_PATTERN_REFERENCE,-22.0,-22.0,-3.9382002601611283,126.58281574558998,12.18997160441143,16.0,-10.0,1.0,0.0,121.828154452726,-137.82815445272598
E3_SITE_11_SEC_3,E3_SITE_11,10.0,H,ELEMENT_PATTERN_REFERENCE,-22.0,-22.0,-3.9382002601611283,126.58281574558998,12.18997160441143,16.0,-10.0,1.0,0.0,121.627609899043,-137.627609899043
E3_SITE_11_SEC_3,E3_SITE_11,1.0,H,ELEMENT_PATTERN_REFERENCE,-22.0,-22.0,-3.9382002601611283,126.58281574558998,12.18997160441143,16.0,-10.0,1.0,0.0,120.822539884478,-136.822539884478
E3_SITE_11_SEC_3,E3_SITE_11,0.1,H,ELEMENT_PATTERN_REFERENCE,-22.0,-22.0,-3.9382002601611283,126.58281574558998,12.18997160441143,16.0,-10.0,1.0,0.0,120.005044806179,-136.005044806179
E3_SITE_11_SEC_3,E3_SITE_11,0.01,H,ELEMENT_PATTERN_REFERENCE,-22.0,-22.0,-3.9382002601611283,126.58281574558998,12.18997160441143,16.0,-10.0,1.0,0.0,119.187548844809,-135.187548844809
E3_SITE_11_SEC_3,E3_SITE_11,0.005,H,ELEMENT_PATTERN_REFERENCE,-22.0,-22.0,-3.9382002601611283,126.58281574558998,12.18997160441143,16.0,-10.0,1.0,0.0,118.941457477684,-134.941457477684
E3_SITE_11_SEC_3,E3_SITE_11,50.0,V,ELEMENT_PATTERN_REFERENCE,-22.0,-22.0,-3.9382002601611283,126.58281574558998,12.18997160441143,16.0,-10.0,1.0,0.0,122.211439251188,-138.21143925118798
E3_SITE_11_SEC_3,E3_SITE_11,20.0,V,ELEMENT_PATTERN_REFERENCE,-22.0,-22.0,-3.9382002601611283,126.58281574558998,12.18997160441143,16.0,-10.0,1.0,0.0,121.828154452726,-137.82815445272598
E3_SITE_11_SEC_3,E3_SITE_11,10.0,V,ELEMENT_PATTERN_REFERENCE,-22.0,-22.0,-3.9382002601611283,126.58281574558998,12.18997160441143,16.0,-10.0,1.0,0.0,121.627609899043,-137.627609899043
E3_SITE_11_SEC_3,E3_SITE_11,1.0,V,ELEMENT_PATTERN_REFERENCE,-22.0,-22.0,-3.9382002601611283,126.58281574558998,12.18997160441143,16.0,-10.0,1.0,0.0,120.822539884478,-136.822539884478
E3_SITE_11_SEC_3,E3_SITE_11,0.1,V,ELEMENT_PATTERN_REFERENCE,-22.0,-22.0,-3.9382002601611283,126.58281574558998,12.18997160441143,16.0,-10.0,1.0,0.0,120.005044806179,-136.005044806179
E3_SITE_11_SEC_3,E3_SITE_11,0.01,V,ELEMENT_PATTERN_REFERENCE,-22.0,-22.0,-3.9382002601611283,126.58281574558998,12.18997160441143,16.0,-10.0,1.0,0.0,119.187548844809,-135.187548844809
E3_SITE_11_SEC_3,E3_SITE_11,0.005,V,ELEMENT_PATTERN_REFERENCE,-22.0,-22.0,-3.9382002601611283,126.58281574558998,12.18997160441143,16.0,-10.0,1.0,0.0,118.941457477684,-134.941457477684
E3_SITE_11_SEC_3,E3_SITE_11,50.0,H,COHERENT_ARRAY_UPPER_ENVELOPE,-3.9382002601611283,-22.0,-3.9382002601611283,126.58281574558998,12.18997160441143,16.0,-10.0,1.0,0.0,122.211439251188,-120.14963951134912
E3_SITE_11_SEC_3,E3_SITE_11,20.0,H,COHERENT_ARRAY_UPPER_ENVELOPE,-3.9382002601611283,-22.0,-3.9382002601611283,126.58281574558998,12.18997160441143,16.0,-10.0,1.0,0.0,121.828154452726,-119.76635471288712
E3_SITE_11_SEC_3,E3_SITE_11,10.0,H,COHERENT_ARRAY_UPPER_ENVELOPE,-3.9382002601611283,-22.0,-3.9382002601611283,126.58281574558998,12.18997160441143,16.0,-10.0,1.0,0.0,121.627609899043,-119.56581015920412
E3_SITE_11_SEC_3,E3_SITE_11,1.0,H,COHERENT_ARRAY_UPPER_ENVELOPE,-3.9382002601611283,-22.0,-3.9382002601611283,126.58281574558998,12.18997160441143,16.0,-10.0,1.0,0.0,120.822539884478,-118.76074014463913
E3_SITE_11_SEC_3,E3_SITE_11,0.1,H,COHERENT_ARRAY_UPPER_ENVELOPE,-3.9382002601611283,-22.0,-3.9382002601611283,126.58281574558998,12.18997160441143,16.0,-10.0,1.0,0.0,120.005044806179,-117.94324506634013
E3_SITE_11_SEC_3,E3_SITE_11,0.01,H,COHERENT_ARRAY_UPPER_ENVELOPE,-3.9382002601611283,-22.0,-3.9382002601611283,126.58281574558998,12.18997160441143,16.0,-10.0,1.0,0.0,119.187548844809,-117.12574910497013
E3_SITE_11_SEC_3,E3_SITE_11,0.005,H,COHERENT_ARRAY_UPPER_ENVELOPE,-3.9382002601611283,-22.0,-3.9382002601611283,126.58281574558998,12.18997160441143,16.0,-10.0,1.0,0.0,118.941457477684,-116.87965773784512
E3_SITE_11_SEC_3,E3_SITE_11,50.0,V,COHERENT_ARRAY_UPPER_ENVELOPE,-3.9382002601611283,-22.0,-3.9382002601611283,126.58281574558998,12.18997160441143,16.0,-10.0,1.0,0.0,122.211439251188,-120.14963951134912
E3_SITE_11_SEC_3,E3_SITE_11,20.0,V,COHERENT_ARRAY_UPPER_ENVELOPE,-3.9382002601611283,-22.0,-3.9382002601611283,126.58281574558998,12.18997160441143,16.0,-10.0,1.0,0.0,121.828154452726,-119.76635471288712
E3_SITE_11_SEC_3,E3_SITE_11,10.0,V,COHERENT_ARRAY_UPPER_ENVELOPE,-3.9382002601611283,-22.0,-3.9382002601611283,126.58281574558998,12.18997160441143,16.0,-10.0,1.0,0.0,121.627609899043,-119.56581015920412
E3_SITE_11_SEC_3,E3_SITE_11,1.0,V,COHERENT_ARRAY_UPPER_ENVELOPE,-3.9382002601611283,-22.0,-3.9382002601611283,126.58281574558998,12.18997160441143,16.0,-10.0,1.0,0.0,120.822539884478,-118.76074014463913
E3_SITE_11_SEC_3,E3_SITE_11,0.1,V,COHERENT_ARRAY_UPPER_ENVELOPE,-3.9382002601611283,-22.0,-3.9382002601611283,126.58281574558998,12.18997160441143,16.0,-10.0,1.0,0.0,120.005044806179,-117.94324506634013
E3_SITE_11_SEC_3,E3_SITE_11,0.01,V,COHERENT_ARRAY_UPPER_ENVELOPE,-3.9382002601611283,-22.0,-3.9382002601611283,126.58281574558998,12.18997160441143,16.0,-10.0,1.0,0.0,119.187548844809,-117.12574910497013
E3_SITE_11_SEC_3,E3_SITE_11,0.005,V,COHERENT_ARRAY_UPPER_ENVELOPE,-3.9382002601611283,-22.0,-3.9382002601611283,126.58281574558998,12.18997160441143,16.0,-10.0,1.0,0.0,118.941457477684,-116.87965773784512
E3_SITE_12_SEC_1,E3_SITE_12,50.0,H,ZERO_DBI_PROPAGATION_REFERENCE,0.0,6.848550674022605,24.910350413861476,-16.094192730745476,12.09888743646128,16.0,-10.0,1.0,0.0,120.555248982578,-114.555248982578
E3_SITE_12_SEC_1,E3_SITE_12,20.0,H,ZERO_DBI_PROPAGATION_REFERENCE,0.0,6.848550674022605,24.910350413861476,-16.094192730745476,12.09888743646128,16.0,-10.0,1.0,0.0,120.229204298942,-114.229204298942
E3_SITE_12_SEC_1,E3_SITE_12,10.0,H,ZERO_DBI_PROPAGATION_REFERENCE,0.0,6.848550674022605,24.910350413861476,-16.094192730745476,12.09888743646128,16.0,-10.0,1.0,0.0,120.058609258722,-114.058609258722
E3_SITE_12_SEC_1,E3_SITE_12,1.0,H,ZERO_DBI_PROPAGATION_REFERENCE,0.0,6.848550674022605,24.910350413861476,-16.094192730745476,12.09888743646128,16.0,-10.0,1.0,0.0,119.370517141783,-113.370517141783
E3_SITE_12_SEC_1,E3_SITE_12,0.1,H,ZERO_DBI_PROPAGATION_REFERENCE,0.0,6.848550674022605,24.910350413861476,-16.094192730745476,12.09888743646128,16.0,-10.0,1.0,0.0,118.673193392176,-112.673193392176
E3_SITE_12_SEC_1,E3_SITE_12,0.01,H,ZERO_DBI_PROPAGATION_REFERENCE,0.0,6.848550674022605,24.910350413861476,-16.094192730745476,12.09888743646128,16.0,-10.0,1.0,0.0,117.975868539106,-111.975868539106
E3_SITE_12_SEC_1,E3_SITE_12,0.005,H,ZERO_DBI_PROPAGATION_REFERENCE,0.0,6.848550674022605,24.910350413861476,-16.094192730745476,12.09888743646128,16.0,-10.0,1.0,0.0,117.765952113815,-111.765952113815
E3_SITE_12_SEC_1,E3_SITE_12,50.0,V,ZERO_DBI_PROPAGATION_REFERENCE,0.0,6.848550674022605,24.910350413861476,-16.094192730745476,12.09888743646128,16.0,-10.0,1.0,0.0,120.555248982578,-114.555248982578
E3_SITE_12_SEC_1,E3_SITE_12,20.0,V,ZERO_DBI_PROPAGATION_REFERENCE,0.0,6.848550674022605,24.910350413861476,-16.094192730745476,12.09888743646128,16.0,-10.0,1.0,0.0,120.229204298942,-114.229204298942
E3_SITE_12_SEC_1,E3_SITE_12,10.0,V,ZERO_DBI_PROPAGATION_REFERENCE,0.0,6.848550674022605,24.910350413861476,-16.094192730745476,12.09888743646128,16.0,-10.0,1.0,0.0,120.058609258722,-114.058609258722
E3_SITE_12_SEC_1,E3_SITE_12,1.0,V,ZERO_DBI_PROPAGATION_REFERENCE,0.0,6.848550674022605,24.910350413861476,-16.094192730745476,12.09888743646128,16.0,-10.0,1.0,0.0,119.370517141783,-113.370517141783
E3_SITE_12_SEC_1,E3_SITE_12,0.1,V,ZERO_DBI_PROPAGATION_REFERENCE,0.0,6.848550674022605,24.910350413861476,-16.094192730745476,12.09888743646128,16.0,-10.0,1.0,0.0,118.673193392176,-112.673193392176
E3_SITE_12_SEC_1,E3_SITE_12,0.01,V,ZERO_DBI_PROPAGATION_REFERENCE,0.0,6.848550674022605,24.910350413861476,-16.094192730745476,12.09888743646128,16.0,-10.0,1.0,0.0,117.975868539106,-111.975868539106
E3_SITE_12_SEC_1,E3_SITE_12,0.005,V,ZERO_DBI_PROPAGATION_REFERENCE,0.0,6.848550674022605,24.910350413861476,-16.094192730745476,12.09888743646128,16.0,-10.0,1.0,0.0,117.765952113815,-111.765952113815
E3_SITE_12_SEC_1,E3_SITE_12,50.0,H,ELEMENT_PATTERN_REFERENCE,6.848550674022605,6.848550674022605,24.910350413861476,-16.094192730745476,12.09888743646128,16.0,-10.0,1.0,0.0,120.555248982578,-107.7066983085554
E3_SITE_12_SEC_1,E3_SITE_12,20.0,H,ELEMENT_PATTERN_REFERENCE,6.848550674022605,6.848550674022605,24.910350413861476,-16.094192730745476,12.09888743646128,16.0,-10.0,1.0,0.0,120.229204298942,-107.3806536249194
E3_SITE_12_SEC_1,E3_SITE_12,10.0,H,ELEMENT_PATTERN_REFERENCE,6.848550674022605,6.848550674022605,24.910350413861476,-16.094192730745476,12.09888743646128,16.0,-10.0,1.0,0.0,120.058609258722,-107.2100585846994
E3_SITE_12_SEC_1,E3_SITE_12,1.0,H,ELEMENT_PATTERN_REFERENCE,6.848550674022605,6.848550674022605,24.910350413861476,-16.094192730745476,12.09888743646128,16.0,-10.0,1.0,0.0,119.370517141783,-106.5219664677604
E3_SITE_12_SEC_1,E3_SITE_12,0.1,H,ELEMENT_PATTERN_REFERENCE,6.848550674022605,6.848550674022605,24.910350413861476,-16.094192730745476,12.09888743646128,16.0,-10.0,1.0,0.0,118.673193392176,-105.8246427181534
E3_SITE_12_SEC_1,E3_SITE_12,0.01,H,ELEMENT_PATTERN_REFERENCE,6.848550674022605,6.848550674022605,24.910350413861476,-16.094192730745476,12.09888743646128,16.0,-10.0,1.0,0.0,117.975868539106,-105.1273178650834
E3_SITE_12_SEC_1,E3_SITE_12,0.005,H,ELEMENT_PATTERN_REFERENCE,6.848550674022605,6.848550674022605,24.910350413861476,-16.094192730745476,12.09888743646128,16.0,-10.0,1.0,0.0,117.765952113815,-104.9174014397924
E3_SITE_12_SEC_1,E3_SITE_12,50.0,V,ELEMENT_PATTERN_REFERENCE,6.848550674022605,6.848550674022605,24.910350413861476,-16.094192730745476,12.09888743646128,16.0,-10.0,1.0,0.0,120.555248982578,-107.7066983085554
E3_SITE_12_SEC_1,E3_SITE_12,20.0,V,ELEMENT_PATTERN_REFERENCE,6.848550674022605,6.848550674022605,24.910350413861476,-16.094192730745476,12.09888743646128,16.0,-10.0,1.0,0.0,120.229204298942,-107.3806536249194
E3_SITE_12_SEC_1,E3_SITE_12,10.0,V,ELEMENT_PATTERN_REFERENCE,6.848550674022605,6.848550674022605,24.910350413861476,-16.094192730745476,12.09888743646128,16.0,-10.0,1.0,0.0,120.058609258722,-107.2100585846994
E3_SITE_12_SEC_1,E3_SITE_12,1.0,V,ELEMENT_PATTERN_REFERENCE,6.848550674022605,6.848550674022605,24.910350413861476,-16.094192730745476,12.09888743646128,16.0,-10.0,1.0,0.0,119.370517141783,-106.5219664677604
E3_SITE_12_SEC_1,E3_SITE_12,0.1,V,ELEMENT_PATTERN_REFERENCE,6.848550674022605,6.848550674022605,24.910350413861476,-16.094192730745476,12.09888743646128,16.0,-10.0,1.0,0.0,118.673193392176,-105.8246427181534
E3_SITE_12_SEC_1,E3_SITE_12,0.01,V,ELEMENT_PATTERN_REFERENCE,6.848550674022605,6.848550674022605,24.910350413861476,-16.094192730745476,12.09888743646128,16.0,-10.0,1.0,0.0,117.975868539106,-105.1273178650834
E3_SITE_12_SEC_1,E3_SITE_12,0.005,V,ELEMENT_PATTERN_REFERENCE,6.848550674022605,6.848550674022605,24.910350413861476,-16.094192730745476,12.09888743646128,16.0,-10.0,1.0,0.0,117.765952113815,-104.9174014397924
E3_SITE_12_SEC_1,E3_SITE_12,50.0,H,COHERENT_ARRAY_UPPER_ENVELOPE,24.910350413861476,6.848550674022605,24.910350413861476,-16.094192730745476,12.09888743646128,16.0,-10.0,1.0,0.0,120.555248982578,-89.64489856871651
E3_SITE_12_SEC_1,E3_SITE_12,20.0,H,COHERENT_ARRAY_UPPER_ENVELOPE,24.910350413861476,6.848550674022605,24.910350413861476,-16.094192730745476,12.09888743646128,16.0,-10.0,1.0,0.0,120.229204298942,-89.31885388508051
E3_SITE_12_SEC_1,E3_SITE_12,10.0,H,COHERENT_ARRAY_UPPER_ENVELOPE,24.910350413861476,6.848550674022605,24.910350413861476,-16.094192730745476,12.09888743646128,16.0,-10.0,1.0,0.0,120.058609258722,-89.14825884486052
E3_SITE_12_SEC_1,E3_SITE_12,1.0,H,COHERENT_ARRAY_UPPER_ENVELOPE,24.910350413861476,6.848550674022605,24.910350413861476,-16.094192730745476,12.09888743646128,16.0,-10.0,1.0,0.0,119.370517141783,-88.46016672792152
E3_SITE_12_SEC_1,E3_SITE_12,0.1,H,COHERENT_ARRAY_UPPER_ENVELOPE,24.910350413861476,6.848550674022605,24.910350413861476,-16.094192730745476,12.09888743646128,16.0,-10.0,1.0,0.0,118.673193392176,-87.76284297831452
E3_SITE_12_SEC_1,E3_SITE_12,0.01,H,COHERENT_ARRAY_UPPER_ENVELOPE,24.910350413861476,6.848550674022605,24.910350413861476,-16.094192730745476,12.09888743646128,16.0,-10.0,1.0,0.0,117.975868539106,-87.06551812524452
E3_SITE_12_SEC_1,E3_SITE_12,0.005,H,COHERENT_ARRAY_UPPER_ENVELOPE,24.910350413861476,6.848550674022605,24.910350413861476,-16.094192730745476,12.09888743646128,16.0,-10.0,1.0,0.0,117.765952113815,-86.85560169995352
E3_SITE_12_SEC_1,E3_SITE_12,50.0,V,COHERENT_ARRAY_UPPER_ENVELOPE,24.910350413861476,6.848550674022605,24.910350413861476,-16.094192730745476,12.09888743646128,16.0,-10.0,1.0,0.0,120.555248982578,-89.64489856871651
E3_SITE_12_SEC_1,E3_SITE_12,20.0,V,COHERENT_ARRAY_UPPER_ENVELOPE,24.910350413861476,6.848550674022605,24.910350413861476,-16.094192730745476,12.09888743646128,16.0,-10.0,1.0,0.0,120.229204298942,-89.31885388508051
E3_SITE_12_SEC_1,E3_SITE_12,10.0,V,COHERENT_ARRAY_UPPER_ENVELOPE,24.910350413861476,6.848550674022605,24.910350413861476,-16.094192730745476,12.09888743646128,16.0,-10.0,1.0,0.0,120.058609258722,-89.14825884486052
E3_SITE_12_SEC_1,E3_SITE_12,1.0,V,COHERENT_ARRAY_UPPER_ENVELOPE,24.910350413861476,6.848550674022605,24.910350413861476,-16.094192730745476,12.09888743646128,16.0,-10.0,1.0,0.0,119.370517141783,-88.46016672792152
E3_SITE_12_SEC_1,E3_SITE_12,0.1,V,COHERENT_ARRAY_UPPER_ENVELOPE,24.910350413861476,6.848550674022605,24.910350413861476,-16.094192730745476,12.09888743646128,16.0,-10.0,1.0,0.0,118.673193392176,-87.76284297831452
E3_SITE_12_SEC_1,E3_SITE_12,0.01,V,COHERENT_ARRAY_UPPER_ENVELOPE,24.910350413861476,6.848550674022605,24.910350413861476,-16.094192730745476,12.09888743646128,16.0,-10.0,1.0,0.0,117.975868539106,-87.06551812524452
E3_SITE_12_SEC_1,E3_SITE_12,0.005,V,COHERENT_ARRAY_UPPER_ENVELOPE,24.910350413861476,6.848550674022605,24.910350413861476,-16.094192730745476,12.09888743646128,16.0,-10.0,1.0,0.0,117.765952113815,-86.85560169995352
E3_SITE_12_SEC_2,E3_SITE_12,50.0,H,ZERO_DBI_PROPAGATION_REFERENCE,0.0,-22.0,-3.9382002601611283,-136.09419273074548,12.09888743646128,16.0,-10.0,1.0,0.0,120.555248982578,-114.555248982578
E3_SITE_12_SEC_2,E3_SITE_12,20.0,H,ZERO_DBI_PROPAGATION_REFERENCE,0.0,-22.0,-3.9382002601611283,-136.09419273074548,12.09888743646128,16.0,-10.0,1.0,0.0,120.229204298942,-114.229204298942
E3_SITE_12_SEC_2,E3_SITE_12,10.0,H,ZERO_DBI_PROPAGATION_REFERENCE,0.0,-22.0,-3.9382002601611283,-136.09419273074548,12.09888743646128,16.0,-10.0,1.0,0.0,120.058609258722,-114.058609258722
E3_SITE_12_SEC_2,E3_SITE_12,1.0,H,ZERO_DBI_PROPAGATION_REFERENCE,0.0,-22.0,-3.9382002601611283,-136.09419273074548,12.09888743646128,16.0,-10.0,1.0,0.0,119.370517141783,-113.370517141783
E3_SITE_12_SEC_2,E3_SITE_12,0.1,H,ZERO_DBI_PROPAGATION_REFERENCE,0.0,-22.0,-3.9382002601611283,-136.09419273074548,12.09888743646128,16.0,-10.0,1.0,0.0,118.673193392176,-112.673193392176
E3_SITE_12_SEC_2,E3_SITE_12,0.01,H,ZERO_DBI_PROPAGATION_REFERENCE,0.0,-22.0,-3.9382002601611283,-136.09419273074548,12.09888743646128,16.0,-10.0,1.0,0.0,117.975868539106,-111.975868539106
E3_SITE_12_SEC_2,E3_SITE_12,0.005,H,ZERO_DBI_PROPAGATION_REFERENCE,0.0,-22.0,-3.9382002601611283,-136.09419273074548,12.09888743646128,16.0,-10.0,1.0,0.0,117.765952113815,-111.765952113815
E3_SITE_12_SEC_2,E3_SITE_12,50.0,V,ZERO_DBI_PROPAGATION_REFERENCE,0.0,-22.0,-3.9382002601611283,-136.09419273074548,12.09888743646128,16.0,-10.0,1.0,0.0,120.555248982578,-114.555248982578
E3_SITE_12_SEC_2,E3_SITE_12,20.0,V,ZERO_DBI_PROPAGATION_REFERENCE,0.0,-22.0,-3.9382002601611283,-136.09419273074548,12.09888743646128,16.0,-10.0,1.0,0.0,120.229204298942,-114.229204298942
E3_SITE_12_SEC_2,E3_SITE_12,10.0,V,ZERO_DBI_PROPAGATION_REFERENCE,0.0,-22.0,-3.9382002601611283,-136.09419273074548,12.09888743646128,16.0,-10.0,1.0,0.0,120.058609258722,-114.058609258722
E3_SITE_12_SEC_2,E3_SITE_12,1.0,V,ZERO_DBI_PROPAGATION_REFERENCE,0.0,-22.0,-3.9382002601611283,-136.09419273074548,12.09888743646128,16.0,-10.0,1.0,0.0,119.370517141783,-113.370517141783
E3_SITE_12_SEC_2,E3_SITE_12,0.1,V,ZERO_DBI_PROPAGATION_REFERENCE,0.0,-22.0,-3.9382002601611283,-136.09419273074548,12.09888743646128,16.0,-10.0,1.0,0.0,118.673193392176,-112.673193392176
E3_SITE_12_SEC_2,E3_SITE_12,0.01,V,ZERO_DBI_PROPAGATION_REFERENCE,0.0,-22.0,-3.9382002601611283,-136.09419273074548,12.09888743646128,16.0,-10.0,1.0,0.0,117.975868539106,-111.975868539106
E3_SITE_12_SEC_2,E3_SITE_12,0.005,V,ZERO_DBI_PROPAGATION_REFERENCE,0.0,-22.0,-3.9382002601611283,-136.09419273074548,12.09888743646128,16.0,-10.0,1.0,0.0,117.765952113815,-111.765952113815
E3_SITE_12_SEC_2,E3_SITE_12,50.0,H,ELEMENT_PATTERN_REFERENCE,-22.0,-22.0,-3.9382002601611283,-136.09419273074548,12.09888743646128,16.0,-10.0,1.0,0.0,120.555248982578,-136.555248982578
E3_SITE_12_SEC_2,E3_SITE_12,20.0,H,ELEMENT_PATTERN_REFERENCE,-22.0,-22.0,-3.9382002601611283,-136.09419273074548,12.09888743646128,16.0,-10.0,1.0,0.0,120.229204298942,-136.229204298942
E3_SITE_12_SEC_2,E3_SITE_12,10.0,H,ELEMENT_PATTERN_REFERENCE,-22.0,-22.0,-3.9382002601611283,-136.09419273074548,12.09888743646128,16.0,-10.0,1.0,0.0,120.058609258722,-136.05860925872202
E3_SITE_12_SEC_2,E3_SITE_12,1.0,H,ELEMENT_PATTERN_REFERENCE,-22.0,-22.0,-3.9382002601611283,-136.09419273074548,12.09888743646128,16.0,-10.0,1.0,0.0,119.370517141783,-135.370517141783
E3_SITE_12_SEC_2,E3_SITE_12,0.1,H,ELEMENT_PATTERN_REFERENCE,-22.0,-22.0,-3.9382002601611283,-136.09419273074548,12.09888743646128,16.0,-10.0,1.0,0.0,118.673193392176,-134.67319339217602
E3_SITE_12_SEC_2,E3_SITE_12,0.01,H,ELEMENT_PATTERN_REFERENCE,-22.0,-22.0,-3.9382002601611283,-136.09419273074548,12.09888743646128,16.0,-10.0,1.0,0.0,117.975868539106,-133.975868539106
E3_SITE_12_SEC_2,E3_SITE_12,0.005,H,ELEMENT_PATTERN_REFERENCE,-22.0,-22.0,-3.9382002601611283,-136.09419273074548,12.09888743646128,16.0,-10.0,1.0,0.0,117.765952113815,-133.765952113815
E3_SITE_12_SEC_2,E3_SITE_12,50.0,V,ELEMENT_PATTERN_REFERENCE,-22.0,-22.0,-3.9382002601611283,-136.09419273074548,12.09888743646128,16.0,-10.0,1.0,0.0,120.555248982578,-136.555248982578
E3_SITE_12_SEC_2,E3_SITE_12,20.0,V,ELEMENT_PATTERN_REFERENCE,-22.0,-22.0,-3.9382002601611283,-136.09419273074548,12.09888743646128,16.0,-10.0,1.0,0.0,120.229204298942,-136.229204298942
E3_SITE_12_SEC_2,E3_SITE_12,10.0,V,ELEMENT_PATTERN_REFERENCE,-22.0,-22.0,-3.9382002601611283,-136.09419273074548,12.09888743646128,16.0,-10.0,1.0,0.0,120.058609258722,-136.05860925872202
E3_SITE_12_SEC_2,E3_SITE_12,1.0,V,ELEMENT_PATTERN_REFERENCE,-22.0,-22.0,-3.9382002601611283,-136.09419273074548,12.09888743646128,16.0,-10.0,1.0,0.0,119.370517141783,-135.370517141783
E3_SITE_12_SEC_2,E3_SITE_12,0.1,V,ELEMENT_PATTERN_REFERENCE,-22.0,-22.0,-3.9382002601611283,-136.09419273074548,12.09888743646128,16.0,-10.0,1.0,0.0,118.673193392176,-134.67319339217602
E3_SITE_12_SEC_2,E3_SITE_12,0.01,V,ELEMENT_PATTERN_REFERENCE,-22.0,-22.0,-3.9382002601611283,-136.09419273074548,12.09888743646128,16.0,-10.0,1.0,0.0,117.975868539106,-133.975868539106
E3_SITE_12_SEC_2,E3_SITE_12,0.005,V,ELEMENT_PATTERN_REFERENCE,-22.0,-22.0,-3.9382002601611283,-136.09419273074548,12.09888743646128,16.0,-10.0,1.0,0.0,117.765952113815,-133.765952113815
E3_SITE_12_SEC_2,E3_SITE_12,50.0,H,COHERENT_ARRAY_UPPER_ENVELOPE,-3.9382002601611283,-22.0,-3.9382002601611283,-136.09419273074548,12.09888743646128,16.0,-10.0,1.0,0.0,120.555248982578,-118.49344924273912
E3_SITE_12_SEC_2,E3_SITE_12,20.0,H,COHERENT_ARRAY_UPPER_ENVELOPE,-3.9382002601611283,-22.0,-3.9382002601611283,-136.09419273074548,12.09888743646128,16.0,-10.0,1.0,0.0,120.229204298942,-118.16740455910312
E3_SITE_12_SEC_2,E3_SITE_12,10.0,H,COHERENT_ARRAY_UPPER_ENVELOPE,-3.9382002601611283,-22.0,-3.9382002601611283,-136.09419273074548,12.09888743646128,16.0,-10.0,1.0,0.0,120.058609258722,-117.99680951888313
E3_SITE_12_SEC_2,E3_SITE_12,1.0,H,COHERENT_ARRAY_UPPER_ENVELOPE,-3.9382002601611283,-22.0,-3.9382002601611283,-136.09419273074548,12.09888743646128,16.0,-10.0,1.0,0.0,119.370517141783,-117.30871740194412
E3_SITE_12_SEC_2,E3_SITE_12,0.1,H,COHERENT_ARRAY_UPPER_ENVELOPE,-3.9382002601611283,-22.0,-3.9382002601611283,-136.09419273074548,12.09888743646128,16.0,-10.0,1.0,0.0,118.673193392176,-116.61139365233713
E3_SITE_12_SEC_2,E3_SITE_12,0.01,H,COHERENT_ARRAY_UPPER_ENVELOPE,-3.9382002601611283,-22.0,-3.9382002601611283,-136.09419273074548,12.09888743646128,16.0,-10.0,1.0,0.0,117.975868539106,-115.91406879926713
E3_SITE_12_SEC_2,E3_SITE_12,0.005,H,COHERENT_ARRAY_UPPER_ENVELOPE,-3.9382002601611283,-22.0,-3.9382002601611283,-136.09419273074548,12.09888743646128,16.0,-10.0,1.0,0.0,117.765952113815,-115.70415237397613
E3_SITE_12_SEC_2,E3_SITE_12,50.0,V,COHERENT_ARRAY_UPPER_ENVELOPE,-3.9382002601611283,-22.0,-3.9382002601611283,-136.09419273074548,12.09888743646128,16.0,-10.0,1.0,0.0,120.555248982578,-118.49344924273912
E3_SITE_12_SEC_2,E3_SITE_12,20.0,V,COHERENT_ARRAY_UPPER_ENVELOPE,-3.9382002601611283,-22.0,-3.9382002601611283,-136.09419273074548,12.09888743646128,16.0,-10.0,1.0,0.0,120.229204298942,-118.16740455910312
E3_SITE_12_SEC_2,E3_SITE_12,10.0,V,COHERENT_ARRAY_UPPER_ENVELOPE,-3.9382002601611283,-22.0,-3.9382002601611283,-136.09419273074548,12.09888743646128,16.0,-10.0,1.0,0.0,120.058609258722,-117.99680951888313
E3_SITE_12_SEC_2,E3_SITE_12,1.0,V,COHERENT_ARRAY_UPPER_ENVELOPE,-3.9382002601611283,-22.0,-3.9382002601611283,-136.09419273074548,12.09888743646128,16.0,-10.0,1.0,0.0,119.370517141783,-117.30871740194412
E3_SITE_12_SEC_2,E3_SITE_12,0.1,V,COHERENT_ARRAY_UPPER_ENVELOPE,-3.9382002601611283,-22.0,-3.9382002601611283,-136.09419273074548,12.09888743646128,16.0,-10.0,1.0,0.0,118.673193392176,-116.61139365233713
E3_SITE_12_SEC_2,E3_SITE_12,0.01,V,COHERENT_ARRAY_UPPER_ENVELOPE,-3.9382002601611283,-22.0,-3.9382002601611283,-136.09419273074548,12.09888743646128,16.0,-10.0,1.0,0.0,117.975868539106,-115.91406879926713
E3_SITE_12_SEC_2,E3_SITE_12,0.005,V,COHERENT_ARRAY_UPPER_ENVELOPE,-3.9382002601611283,-22.0,-3.9382002601611283,-136.09419273074548,12.09888743646128,16.0,-10.0,1.0,0.0,117.765952113815,-115.70415237397613
E3_SITE_12_SEC_3,E3_SITE_12,50.0,H,ZERO_DBI_PROPAGATION_REFERENCE,0.0,-22.0,-3.9382002601611283,103.90580726925452,12.09888743646128,16.0,-10.0,1.0,0.0,120.555248982578,-114.555248982578
E3_SITE_12_SEC_3,E3_SITE_12,20.0,H,ZERO_DBI_PROPAGATION_REFERENCE,0.0,-22.0,-3.9382002601611283,103.90580726925452,12.09888743646128,16.0,-10.0,1.0,0.0,120.229204298942,-114.229204298942
E3_SITE_12_SEC_3,E3_SITE_12,10.0,H,ZERO_DBI_PROPAGATION_REFERENCE,0.0,-22.0,-3.9382002601611283,103.90580726925452,12.09888743646128,16.0,-10.0,1.0,0.0,120.058609258722,-114.058609258722
E3_SITE_12_SEC_3,E3_SITE_12,1.0,H,ZERO_DBI_PROPAGATION_REFERENCE,0.0,-22.0,-3.9382002601611283,103.90580726925452,12.09888743646128,16.0,-10.0,1.0,0.0,119.370517141783,-113.370517141783
E3_SITE_12_SEC_3,E3_SITE_12,0.1,H,ZERO_DBI_PROPAGATION_REFERENCE,0.0,-22.0,-3.9382002601611283,103.90580726925452,12.09888743646128,16.0,-10.0,1.0,0.0,118.673193392176,-112.673193392176
E3_SITE_12_SEC_3,E3_SITE_12,0.01,H,ZERO_DBI_PROPAGATION_REFERENCE,0.0,-22.0,-3.9382002601611283,103.90580726925452,12.09888743646128,16.0,-10.0,1.0,0.0,117.975868539106,-111.975868539106
E3_SITE_12_SEC_3,E3_SITE_12,0.005,H,ZERO_DBI_PROPAGATION_REFERENCE,0.0,-22.0,-3.9382002601611283,103.90580726925452,12.09888743646128,16.0,-10.0,1.0,0.0,117.765952113815,-111.765952113815
E3_SITE_12_SEC_3,E3_SITE_12,50.0,V,ZERO_DBI_PROPAGATION_REFERENCE,0.0,-22.0,-3.9382002601611283,103.90580726925452,12.09888743646128,16.0,-10.0,1.0,0.0,120.555248982578,-114.555248982578
E3_SITE_12_SEC_3,E3_SITE_12,20.0,V,ZERO_DBI_PROPAGATION_REFERENCE,0.0,-22.0,-3.9382002601611283,103.90580726925452,12.09888743646128,16.0,-10.0,1.0,0.0,120.229204298942,-114.229204298942
E3_SITE_12_SEC_3,E3_SITE_12,10.0,V,ZERO_DBI_PROPAGATION_REFERENCE,0.0,-22.0,-3.9382002601611283,103.90580726925452,12.09888743646128,16.0,-10.0,1.0,0.0,120.058609258722,-114.058609258722
E3_SITE_12_SEC_3,E3_SITE_12,1.0,V,ZERO_DBI_PROPAGATION_REFERENCE,0.0,-22.0,-3.9382002601611283,103.90580726925452,12.09888743646128,16.0,-10.0,1.0,0.0,119.370517141783,-113.370517141783
E3_SITE_12_SEC_3,E3_SITE_12,0.1,V,ZERO_DBI_PROPAGATION_REFERENCE,0.0,-22.0,-3.9382002601611283,103.90580726925452,12.09888743646128,16.0,-10.0,1.0,0.0,118.673193392176,-112.673193392176
E3_SITE_12_SEC_3,E3_SITE_12,0.01,V,ZERO_DBI_PROPAGATION_REFERENCE,0.0,-22.0,-3.9382002601611283,103.90580726925452,12.09888743646128,16.0,-10.0,1.0,0.0,117.975868539106,-111.975868539106
E3_SITE_12_SEC_3,E3_SITE_12,0.005,V,ZERO_DBI_PROPAGATION_REFERENCE,0.0,-22.0,-3.9382002601611283,103.90580726925452,12.09888743646128,16.0,-10.0,1.0,0.0,117.765952113815,-111.765952113815
E3_SITE_12_SEC_3,E3_SITE_12,50.0,H,ELEMENT_PATTERN_REFERENCE,-22.0,-22.0,-3.9382002601611283,103.90580726925452,12.09888743646128,16.0,-10.0,1.0,0.0,120.555248982578,-136.555248982578
E3_SITE_12_SEC_3,E3_SITE_12,20.0,H,ELEMENT_PATTERN_REFERENCE,-22.0,-22.0,-3.9382002601611283,103.90580726925452,12.09888743646128,16.0,-10.0,1.0,0.0,120.229204298942,-136.229204298942
E3_SITE_12_SEC_3,E3_SITE_12,10.0,H,ELEMENT_PATTERN_REFERENCE,-22.0,-22.0,-3.9382002601611283,103.90580726925452,12.09888743646128,16.0,-10.0,1.0,0.0,120.058609258722,-136.05860925872202
E3_SITE_12_SEC_3,E3_SITE_12,1.0,H,ELEMENT_PATTERN_REFERENCE,-22.0,-22.0,-3.9382002601611283,103.90580726925452,12.09888743646128,16.0,-10.0,1.0,0.0,119.370517141783,-135.370517141783
E3_SITE_12_SEC_3,E3_SITE_12,0.1,H,ELEMENT_PATTERN_REFERENCE,-22.0,-22.0,-3.9382002601611283,103.90580726925452,12.09888743646128,16.0,-10.0,1.0,0.0,118.673193392176,-134.67319339217602
E3_SITE_12_SEC_3,E3_SITE_12,0.01,H,ELEMENT_PATTERN_REFERENCE,-22.0,-22.0,-3.9382002601611283,103.90580726925452,12.09888743646128,16.0,-10.0,1.0,0.0,117.975868539106,-133.975868539106
E3_SITE_12_SEC_3,E3_SITE_12,0.005,H,ELEMENT_PATTERN_REFERENCE,-22.0,-22.0,-3.9382002601611283,103.90580726925452,12.09888743646128,16.0,-10.0,1.0,0.0,117.765952113815,-133.765952113815
E3_SITE_12_SEC_3,E3_SITE_12,50.0,V,ELEMENT_PATTERN_REFERENCE,-22.0,-22.0,-3.9382002601611283,103.90580726925452,12.09888743646128,16.0,-10.0,1.0,0.0,120.555248982578,-136.555248982578
E3_SITE_12_SEC_3,E3_SITE_12,20.0,V,ELEMENT_PATTERN_REFERENCE,-22.0,-22.0,-3.9382002601611283,103.90580726925452,12.09888743646128,16.0,-10.0,1.0,0.0,120.229204298942,-136.229204298942
E3_SITE_12_SEC_3,E3_SITE_12,10.0,V,ELEMENT_PATTERN_REFERENCE,-22.0,-22.0,-3.9382002601611283,103.90580726925452,12.09888743646128,16.0,-10.0,1.0,0.0,120.058609258722,-136.05860925872202
E3_SITE_12_SEC_3,E3_SITE_12,1.0,V,ELEMENT_PATTERN_REFERENCE,-22.0,-22.0,-3.9382002601611283,103.90580726925452,12.09888743646128,16.0,-10.0,1.0,0.0,119.370517141783,-135.370517141783
E3_SITE_12_SEC_3,E3_SITE_12,0.1,V,ELEMENT_PATTERN_REFERENCE,-22.0,-22.0,-3.9382002601611283,103.90580726925452,12.09888743646128,16.0,-10.0,1.0,0.0,118.673193392176,-134.67319339217602
E3_SITE_12_SEC_3,E3_SITE_12,0.01,V,ELEMENT_PATTERN_REFERENCE,-22.0,-22.0,-3.9382002601611283,103.90580726925452,12.09888743646128,16.0,-10.0,1.0,0.0,117.975868539106,-133.975868539106
E3_SITE_12_SEC_3,E3_SITE_12,0.005,V,ELEMENT_PATTERN_REFERENCE,-22.0,-22.0,-3.9382002601611283,103.90580726925452,12.09888743646128,16.0,-10.0,1.0,0.0,117.765952113815,-133.765952113815
E3_SITE_12_SEC_3,E3_SITE_12,50.0,H,COHERENT_ARRAY_UPPER_ENVELOPE,-3.9382002601611283,-22.0,-3.9382002601611283,103.90580726925452,12.09888743646128,16.0,-10.0,1.0,0.0,120.555248982578,-118.49344924273912
E3_SITE_12_SEC_3,E3_SITE_12,20.0,H,COHERENT_ARRAY_UPPER_ENVELOPE,-3.9382002601611283,-22.0,-3.9382002601611283,103.90580726925452,12.09888743646128,16.0,-10.0,1.0,0.0,120.229204298942,-118.16740455910312
E3_SITE_12_SEC_3,E3_SITE_12,10.0,H,COHERENT_ARRAY_UPPER_ENVELOPE,-3.9382002601611283,-22.0,-3.9382002601611283,103.90580726925452,12.09888743646128,16.0,-10.0,1.0,0.0,120.058609258722,-117.99680951888313
E3_SITE_12_SEC_3,E3_SITE_12,1.0,H,COHERENT_ARRAY_UPPER_ENVELOPE,-3.9382002601611283,-22.0,-3.9382002601611283,103.90580726925452,12.09888743646128,16.0,-10.0,1.0,0.0,119.370517141783,-117.30871740194412
E3_SITE_12_SEC_3,E3_SITE_12,0.1,H,COHERENT_ARRAY_UPPER_ENVELOPE,-3.9382002601611283,-22.0,-3.9382002601611283,103.90580726925452,12.09888743646128,16.0,-10.0,1.0,0.0,118.673193392176,-116.61139365233713
E3_SITE_12_SEC_3,E3_SITE_12,0.01,H,COHERENT_ARRAY_UPPER_ENVELOPE,-3.9382002601611283,-22.0,-3.9382002601611283,103.90580726925452,12.09888743646128,16.0,-10.0,1.0,0.0,117.975868539106,-115.91406879926713
E3_SITE_12_SEC_3,E3_SITE_12,0.005,H,COHERENT_ARRAY_UPPER_ENVELOPE,-3.9382002601611283,-22.0,-3.9382002601611283,103.90580726925452,12.09888743646128,16.0,-10.0,1.0,0.0,117.765952113815,-115.70415237397613
E3_SITE_12_SEC_3,E3_SITE_12,50.0,V,COHERENT_ARRAY_UPPER_ENVELOPE,-3.9382002601611283,-22.0,-3.9382002601611283,103.90580726925452,12.09888743646128,16.0,-10.0,1.0,0.0,120.555248982578,-118.49344924273912
E3_SITE_12_SEC_3,E3_SITE_12,20.0,V,COHERENT_ARRAY_UPPER_ENVELOPE,-3.9382002601611283,-22.0,-3.9382002601611283,103.90580726925452,12.09888743646128,16.0,-10.0,1.0,0.0,120.229204298942,-118.16740455910312
E3_SITE_12_SEC_3,E3_SITE_12,10.0,V,COHERENT_ARRAY_UPPER_ENVELOPE,-3.9382002601611283,-22.0,-3.9382002601611283,103.90580726925452,12.09888743646128,16.0,-10.0,1.0,0.0,120.058609258722,-117.99680951888313
E3_SITE_12_SEC_3,E3_SITE_12,1.0,V,COHERENT_ARRAY_UPPER_ENVELOPE,-3.9382002601611283,-22.0,-3.9382002601611283,103.90580726925452,12.09888743646128,16.0,-10.0,1.0,0.0,119.370517141783,-117.30871740194412
E3_SITE_12_SEC_3,E3_SITE_12,0.1,V,COHERENT_ARRAY_UPPER_ENVELOPE,-3.9382002601611283,-22.0,-3.9382002601611283,103.90580726925452,12.09888743646128,16.0,-10.0,1.0,0.0,118.673193392176,-116.61139365233713
E3_SITE_12_SEC_3,E3_SITE_12,0.01,V,COHERENT_ARRAY_UPPER_ENVELOPE,-3.9382002601611283,-22.0,-3.9382002601611283,103.90580726925452,12.09888743646128,16.0,-10.0,1.0,0.0,117.975868539106,-115.91406879926713
E3_SITE_12_SEC_3,E3_SITE_12,0.005,V,COHERENT_ARRAY_UPPER_ENVELOPE,-3.9382002601611283,-22.0,-3.9382002601611283,103.90580726925452,12.09888743646128,16.0,-10.0,1.0,0.0,117.765952113815,-115.70415237397613
E3_SITE_13_SEC_1,E3_SITE_13,50.0,H,ZERO_DBI_PROPAGATION_REFERENCE,0.0,6.995384517517413,25.057184257356283,13.889966163616322,12.679795257193142,16.0,-10.0,1.0,0.0,121.813932112805,-115.813932112805
E3_SITE_13_SEC_1,E3_SITE_13,20.0,H,ZERO_DBI_PROPAGATION_REFERENCE,0.0,6.995384517517413,25.057184257356283,13.889966163616322,12.679795257193142,16.0,-10.0,1.0,0.0,121.445184877542,-115.445184877542
E3_SITE_13_SEC_1,E3_SITE_13,10.0,H,ZERO_DBI_PROPAGATION_REFERENCE,0.0,6.995384517517413,25.057184257356283,13.889966163616322,12.679795257193142,16.0,-10.0,1.0,0.0,121.252246754176,-115.252246754176
E3_SITE_13_SEC_1,E3_SITE_13,1.0,H,ZERO_DBI_PROPAGATION_REFERENCE,0.0,6.995384517517413,25.057184257356283,13.889966163616322,12.679795257193142,16.0,-10.0,1.0,0.0,120.476760722722,-114.476760722722
E3_SITE_13_SEC_1,E3_SITE_13,0.1,H,ZERO_DBI_PROPAGATION_REFERENCE,0.0,6.995384517517413,25.057184257356283,13.889966163616322,12.679795257193142,16.0,-10.0,1.0,0.0,119.6897123067,-113.6897123067
E3_SITE_13_SEC_1,E3_SITE_13,0.01,H,ZERO_DBI_PROPAGATION_REFERENCE,0.0,6.995384517517413,25.057184257356283,13.889966163616322,12.679795257193142,16.0,-10.0,1.0,0.0,118.902662954782,-112.902662954782
E3_SITE_13_SEC_1,E3_SITE_13,0.005,H,ZERO_DBI_PROPAGATION_REFERENCE,0.0,6.995384517517413,25.057184257356283,13.889966163616322,12.679795257193142,16.0,-10.0,1.0,0.0,118.665736891189,-112.665736891189
E3_SITE_13_SEC_1,E3_SITE_13,50.0,V,ZERO_DBI_PROPAGATION_REFERENCE,0.0,6.995384517517413,25.057184257356283,13.889966163616322,12.679795257193142,16.0,-10.0,1.0,0.0,121.813932112805,-115.813932112805
E3_SITE_13_SEC_1,E3_SITE_13,20.0,V,ZERO_DBI_PROPAGATION_REFERENCE,0.0,6.995384517517413,25.057184257356283,13.889966163616322,12.679795257193142,16.0,-10.0,1.0,0.0,121.445184877542,-115.445184877542
E3_SITE_13_SEC_1,E3_SITE_13,10.0,V,ZERO_DBI_PROPAGATION_REFERENCE,0.0,6.995384517517413,25.057184257356283,13.889966163616322,12.679795257193142,16.0,-10.0,1.0,0.0,121.252246754176,-115.252246754176
E3_SITE_13_SEC_1,E3_SITE_13,1.0,V,ZERO_DBI_PROPAGATION_REFERENCE,0.0,6.995384517517413,25.057184257356283,13.889966163616322,12.679795257193142,16.0,-10.0,1.0,0.0,120.476760722722,-114.476760722722
E3_SITE_13_SEC_1,E3_SITE_13,0.1,V,ZERO_DBI_PROPAGATION_REFERENCE,0.0,6.995384517517413,25.057184257356283,13.889966163616322,12.679795257193142,16.0,-10.0,1.0,0.0,119.6897123067,-113.6897123067
E3_SITE_13_SEC_1,E3_SITE_13,0.01,V,ZERO_DBI_PROPAGATION_REFERENCE,0.0,6.995384517517413,25.057184257356283,13.889966163616322,12.679795257193142,16.0,-10.0,1.0,0.0,118.902662954782,-112.902662954782
E3_SITE_13_SEC_1,E3_SITE_13,0.005,V,ZERO_DBI_PROPAGATION_REFERENCE,0.0,6.995384517517413,25.057184257356283,13.889966163616322,12.679795257193142,16.0,-10.0,1.0,0.0,118.665736891189,-112.665736891189
E3_SITE_13_SEC_1,E3_SITE_13,50.0,H,ELEMENT_PATTERN_REFERENCE,6.995384517517413,6.995384517517413,25.057184257356283,13.889966163616322,12.679795257193142,16.0,-10.0,1.0,0.0,121.813932112805,-108.8185475952876
E3_SITE_13_SEC_1,E3_SITE_13,20.0,H,ELEMENT_PATTERN_REFERENCE,6.995384517517413,6.995384517517413,25.057184257356283,13.889966163616322,12.679795257193142,16.0,-10.0,1.0,0.0,121.445184877542,-108.4498003600246
E3_SITE_13_SEC_1,E3_SITE_13,10.0,H,ELEMENT_PATTERN_REFERENCE,6.995384517517413,6.995384517517413,25.057184257356283,13.889966163616322,12.679795257193142,16.0,-10.0,1.0,0.0,121.252246754176,-108.2568622366586
E3_SITE_13_SEC_1,E3_SITE_13,1.0,H,ELEMENT_PATTERN_REFERENCE,6.995384517517413,6.995384517517413,25.057184257356283,13.889966163616322,12.679795257193142,16.0,-10.0,1.0,0.0,120.476760722722,-107.4813762052046
E3_SITE_13_SEC_1,E3_SITE_13,0.1,H,ELEMENT_PATTERN_REFERENCE,6.995384517517413,6.995384517517413,25.057184257356283,13.889966163616322,12.679795257193142,16.0,-10.0,1.0,0.0,119.6897123067,-106.6943277891826
E3_SITE_13_SEC_1,E3_SITE_13,0.01,H,ELEMENT_PATTERN_REFERENCE,6.995384517517413,6.995384517517413,25.057184257356283,13.889966163616322,12.679795257193142,16.0,-10.0,1.0,0.0,118.902662954782,-105.9072784372646
E3_SITE_13_SEC_1,E3_SITE_13,0.005,H,ELEMENT_PATTERN_REFERENCE,6.995384517517413,6.995384517517413,25.057184257356283,13.889966163616322,12.679795257193142,16.0,-10.0,1.0,0.0,118.665736891189,-105.6703523736716
E3_SITE_13_SEC_1,E3_SITE_13,50.0,V,ELEMENT_PATTERN_REFERENCE,6.995384517517413,6.995384517517413,25.057184257356283,13.889966163616322,12.679795257193142,16.0,-10.0,1.0,0.0,121.813932112805,-108.8185475952876
E3_SITE_13_SEC_1,E3_SITE_13,20.0,V,ELEMENT_PATTERN_REFERENCE,6.995384517517413,6.995384517517413,25.057184257356283,13.889966163616322,12.679795257193142,16.0,-10.0,1.0,0.0,121.445184877542,-108.4498003600246
E3_SITE_13_SEC_1,E3_SITE_13,10.0,V,ELEMENT_PATTERN_REFERENCE,6.995384517517413,6.995384517517413,25.057184257356283,13.889966163616322,12.679795257193142,16.0,-10.0,1.0,0.0,121.252246754176,-108.2568622366586
E3_SITE_13_SEC_1,E3_SITE_13,1.0,V,ELEMENT_PATTERN_REFERENCE,6.995384517517413,6.995384517517413,25.057184257356283,13.889966163616322,12.679795257193142,16.0,-10.0,1.0,0.0,120.476760722722,-107.4813762052046
E3_SITE_13_SEC_1,E3_SITE_13,0.1,V,ELEMENT_PATTERN_REFERENCE,6.995384517517413,6.995384517517413,25.057184257356283,13.889966163616322,12.679795257193142,16.0,-10.0,1.0,0.0,119.6897123067,-106.6943277891826
E3_SITE_13_SEC_1,E3_SITE_13,0.01,V,ELEMENT_PATTERN_REFERENCE,6.995384517517413,6.995384517517413,25.057184257356283,13.889966163616322,12.679795257193142,16.0,-10.0,1.0,0.0,118.902662954782,-105.9072784372646
E3_SITE_13_SEC_1,E3_SITE_13,0.005,V,ELEMENT_PATTERN_REFERENCE,6.995384517517413,6.995384517517413,25.057184257356283,13.889966163616322,12.679795257193142,16.0,-10.0,1.0,0.0,118.665736891189,-105.6703523736716
E3_SITE_13_SEC_1,E3_SITE_13,50.0,H,COHERENT_ARRAY_UPPER_ENVELOPE,25.057184257356283,6.995384517517413,25.057184257356283,13.889966163616322,12.679795257193142,16.0,-10.0,1.0,0.0,121.813932112805,-90.75674785544872
E3_SITE_13_SEC_1,E3_SITE_13,20.0,H,COHERENT_ARRAY_UPPER_ENVELOPE,25.057184257356283,6.995384517517413,25.057184257356283,13.889966163616322,12.679795257193142,16.0,-10.0,1.0,0.0,121.445184877542,-90.38800062018572
E3_SITE_13_SEC_1,E3_SITE_13,10.0,H,COHERENT_ARRAY_UPPER_ENVELOPE,25.057184257356283,6.995384517517413,25.057184257356283,13.889966163616322,12.679795257193142,16.0,-10.0,1.0,0.0,121.252246754176,-90.19506249681972
E3_SITE_13_SEC_1,E3_SITE_13,1.0,H,COHERENT_ARRAY_UPPER_ENVELOPE,25.057184257356283,6.995384517517413,25.057184257356283,13.889966163616322,12.679795257193142,16.0,-10.0,1.0,0.0,120.476760722722,-89.41957646536572
E3_SITE_13_SEC_1,E3_SITE_13,0.1,H,COHERENT_ARRAY_UPPER_ENVELOPE,25.057184257356283,6.995384517517413,25.057184257356283,13.889966163616322,12.679795257193142,16.0,-10.0,1.0,0.0,119.6897123067,-88.63252804934372
E3_SITE_13_SEC_1,E3_SITE_13,0.01,H,COHERENT_ARRAY_UPPER_ENVELOPE,25.057184257356283,6.995384517517413,25.057184257356283,13.889966163616322,12.679795257193142,16.0,-10.0,1.0,0.0,118.902662954782,-87.84547869742572
E3_SITE_13_SEC_1,E3_SITE_13,0.005,H,COHERENT_ARRAY_UPPER_ENVELOPE,25.057184257356283,6.995384517517413,25.057184257356283,13.889966163616322,12.679795257193142,16.0,-10.0,1.0,0.0,118.665736891189,-87.60855263383272
E3_SITE_13_SEC_1,E3_SITE_13,50.0,V,COHERENT_ARRAY_UPPER_ENVELOPE,25.057184257356283,6.995384517517413,25.057184257356283,13.889966163616322,12.679795257193142,16.0,-10.0,1.0,0.0,121.813932112805,-90.75674785544872
E3_SITE_13_SEC_1,E3_SITE_13,20.0,V,COHERENT_ARRAY_UPPER_ENVELOPE,25.057184257356283,6.995384517517413,25.057184257356283,13.889966163616322,12.679795257193142,16.0,-10.0,1.0,0.0,121.445184877542,-90.38800062018572
E3_SITE_13_SEC_1,E3_SITE_13,10.0,V,COHERENT_ARRAY_UPPER_ENVELOPE,25.057184257356283,6.995384517517413,25.057184257356283,13.889966163616322,12.679795257193142,16.0,-10.0,1.0,0.0,121.252246754176,-90.19506249681972
E3_SITE_13_SEC_1,E3_SITE_13,1.0,V,COHERENT_ARRAY_UPPER_ENVELOPE,25.057184257356283,6.995384517517413,25.057184257356283,13.889966163616322,12.679795257193142,16.0,-10.0,1.0,0.0,120.476760722722,-89.41957646536572
E3_SITE_13_SEC_1,E3_SITE_13,0.1,V,COHERENT_ARRAY_UPPER_ENVELOPE,25.057184257356283,6.995384517517413,25.057184257356283,13.889966163616322,12.679795257193142,16.0,-10.0,1.0,0.0,119.6897123067,-88.63252804934372
E3_SITE_13_SEC_1,E3_SITE_13,0.01,V,COHERENT_ARRAY_UPPER_ENVELOPE,25.057184257356283,6.995384517517413,25.057184257356283,13.889966163616322,12.679795257193142,16.0,-10.0,1.0,0.0,118.902662954782,-87.84547869742572
E3_SITE_13_SEC_1,E3_SITE_13,0.005,V,COHERENT_ARRAY_UPPER_ENVELOPE,25.057184257356283,6.995384517517413,25.057184257356283,13.889966163616322,12.679795257193142,16.0,-10.0,1.0,0.0,118.665736891189,-87.60855263383272
E3_SITE_13_SEC_2,E3_SITE_13,50.0,H,ZERO_DBI_PROPAGATION_REFERENCE,0.0,-22.0,-3.9382002601611283,-106.11003383638368,12.679795257193142,16.0,-10.0,1.0,0.0,121.813932112805,-115.813932112805
E3_SITE_13_SEC_2,E3_SITE_13,20.0,H,ZERO_DBI_PROPAGATION_REFERENCE,0.0,-22.0,-3.9382002601611283,-106.11003383638368,12.679795257193142,16.0,-10.0,1.0,0.0,121.445184877542,-115.445184877542
E3_SITE_13_SEC_2,E3_SITE_13,10.0,H,ZERO_DBI_PROPAGATION_REFERENCE,0.0,-22.0,-3.9382002601611283,-106.11003383638368,12.679795257193142,16.0,-10.0,1.0,0.0,121.252246754176,-115.252246754176
E3_SITE_13_SEC_2,E3_SITE_13,1.0,H,ZERO_DBI_PROPAGATION_REFERENCE,0.0,-22.0,-3.9382002601611283,-106.11003383638368,12.679795257193142,16.0,-10.0,1.0,0.0,120.476760722722,-114.476760722722
E3_SITE_13_SEC_2,E3_SITE_13,0.1,H,ZERO_DBI_PROPAGATION_REFERENCE,0.0,-22.0,-3.9382002601611283,-106.11003383638368,12.679795257193142,16.0,-10.0,1.0,0.0,119.6897123067,-113.6897123067
E3_SITE_13_SEC_2,E3_SITE_13,0.01,H,ZERO_DBI_PROPAGATION_REFERENCE,0.0,-22.0,-3.9382002601611283,-106.11003383638368,12.679795257193142,16.0,-10.0,1.0,0.0,118.902662954782,-112.902662954782
E3_SITE_13_SEC_2,E3_SITE_13,0.005,H,ZERO_DBI_PROPAGATION_REFERENCE,0.0,-22.0,-3.9382002601611283,-106.11003383638368,12.679795257193142,16.0,-10.0,1.0,0.0,118.665736891189,-112.665736891189
E3_SITE_13_SEC_2,E3_SITE_13,50.0,V,ZERO_DBI_PROPAGATION_REFERENCE,0.0,-22.0,-3.9382002601611283,-106.11003383638368,12.679795257193142,16.0,-10.0,1.0,0.0,121.813932112805,-115.813932112805
E3_SITE_13_SEC_2,E3_SITE_13,20.0,V,ZERO_DBI_PROPAGATION_REFERENCE,0.0,-22.0,-3.9382002601611283,-106.11003383638368,12.679795257193142,16.0,-10.0,1.0,0.0,121.445184877542,-115.445184877542
E3_SITE_13_SEC_2,E3_SITE_13,10.0,V,ZERO_DBI_PROPAGATION_REFERENCE,0.0,-22.0,-3.9382002601611283,-106.11003383638368,12.679795257193142,16.0,-10.0,1.0,0.0,121.252246754176,-115.252246754176
E3_SITE_13_SEC_2,E3_SITE_13,1.0,V,ZERO_DBI_PROPAGATION_REFERENCE,0.0,-22.0,-3.9382002601611283,-106.11003383638368,12.679795257193142,16.0,-10.0,1.0,0.0,120.476760722722,-114.476760722722
E3_SITE_13_SEC_2,E3_SITE_13,0.1,V,ZERO_DBI_PROPAGATION_REFERENCE,0.0,-22.0,-3.9382002601611283,-106.11003383638368,12.679795257193142,16.0,-10.0,1.0,0.0,119.6897123067,-113.6897123067
E3_SITE_13_SEC_2,E3_SITE_13,0.01,V,ZERO_DBI_PROPAGATION_REFERENCE,0.0,-22.0,-3.9382002601611283,-106.11003383638368,12.679795257193142,16.0,-10.0,1.0,0.0,118.902662954782,-112.902662954782
E3_SITE_13_SEC_2,E3_SITE_13,0.005,V,ZERO_DBI_PROPAGATION_REFERENCE,0.0,-22.0,-3.9382002601611283,-106.11003383638368,12.679795257193142,16.0,-10.0,1.0,0.0,118.665736891189,-112.665736891189
E3_SITE_13_SEC_2,E3_SITE_13,50.0,H,ELEMENT_PATTERN_REFERENCE,-22.0,-22.0,-3.9382002601611283,-106.11003383638368,12.679795257193142,16.0,-10.0,1.0,0.0,121.813932112805,-137.813932112805
E3_SITE_13_SEC_2,E3_SITE_13,20.0,H,ELEMENT_PATTERN_REFERENCE,-22.0,-22.0,-3.9382002601611283,-106.11003383638368,12.679795257193142,16.0,-10.0,1.0,0.0,121.445184877542,-137.445184877542
E3_SITE_13_SEC_2,E3_SITE_13,10.0,H,ELEMENT_PATTERN_REFERENCE,-22.0,-22.0,-3.9382002601611283,-106.11003383638368,12.679795257193142,16.0,-10.0,1.0,0.0,121.252246754176,-137.252246754176
E3_SITE_13_SEC_2,E3_SITE_13,1.0,H,ELEMENT_PATTERN_REFERENCE,-22.0,-22.0,-3.9382002601611283,-106.11003383638368,12.679795257193142,16.0,-10.0,1.0,0.0,120.476760722722,-136.47676072272202
E3_SITE_13_SEC_2,E3_SITE_13,0.1,H,ELEMENT_PATTERN_REFERENCE,-22.0,-22.0,-3.9382002601611283,-106.11003383638368,12.679795257193142,16.0,-10.0,1.0,0.0,119.6897123067,-135.68971230670002
E3_SITE_13_SEC_2,E3_SITE_13,0.01,H,ELEMENT_PATTERN_REFERENCE,-22.0,-22.0,-3.9382002601611283,-106.11003383638368,12.679795257193142,16.0,-10.0,1.0,0.0,118.902662954782,-134.902662954782
E3_SITE_13_SEC_2,E3_SITE_13,0.005,H,ELEMENT_PATTERN_REFERENCE,-22.0,-22.0,-3.9382002601611283,-106.11003383638368,12.679795257193142,16.0,-10.0,1.0,0.0,118.665736891189,-134.665736891189
E3_SITE_13_SEC_2,E3_SITE_13,50.0,V,ELEMENT_PATTERN_REFERENCE,-22.0,-22.0,-3.9382002601611283,-106.11003383638368,12.679795257193142,16.0,-10.0,1.0,0.0,121.813932112805,-137.813932112805
E3_SITE_13_SEC_2,E3_SITE_13,20.0,V,ELEMENT_PATTERN_REFERENCE,-22.0,-22.0,-3.9382002601611283,-106.11003383638368,12.679795257193142,16.0,-10.0,1.0,0.0,121.445184877542,-137.445184877542
E3_SITE_13_SEC_2,E3_SITE_13,10.0,V,ELEMENT_PATTERN_REFERENCE,-22.0,-22.0,-3.9382002601611283,-106.11003383638368,12.679795257193142,16.0,-10.0,1.0,0.0,121.252246754176,-137.252246754176
E3_SITE_13_SEC_2,E3_SITE_13,1.0,V,ELEMENT_PATTERN_REFERENCE,-22.0,-22.0,-3.9382002601611283,-106.11003383638368,12.679795257193142,16.0,-10.0,1.0,0.0,120.476760722722,-136.47676072272202
E3_SITE_13_SEC_2,E3_SITE_13,0.1,V,ELEMENT_PATTERN_REFERENCE,-22.0,-22.0,-3.9382002601611283,-106.11003383638368,12.679795257193142,16.0,-10.0,1.0,0.0,119.6897123067,-135.68971230670002
E3_SITE_13_SEC_2,E3_SITE_13,0.01,V,ELEMENT_PATTERN_REFERENCE,-22.0,-22.0,-3.9382002601611283,-106.11003383638368,12.679795257193142,16.0,-10.0,1.0,0.0,118.902662954782,-134.902662954782
E3_SITE_13_SEC_2,E3_SITE_13,0.005,V,ELEMENT_PATTERN_REFERENCE,-22.0,-22.0,-3.9382002601611283,-106.11003383638368,12.679795257193142,16.0,-10.0,1.0,0.0,118.665736891189,-134.665736891189
E3_SITE_13_SEC_2,E3_SITE_13,50.0,H,COHERENT_ARRAY_UPPER_ENVELOPE,-3.9382002601611283,-22.0,-3.9382002601611283,-106.11003383638368,12.679795257193142,16.0,-10.0,1.0,0.0,121.813932112805,-119.75213237296613
E3_SITE_13_SEC_2,E3_SITE_13,20.0,H,COHERENT_ARRAY_UPPER_ENVELOPE,-3.9382002601611283,-22.0,-3.9382002601611283,-106.11003383638368,12.679795257193142,16.0,-10.0,1.0,0.0,121.445184877542,-119.38338513770313
E3_SITE_13_SEC_2,E3_SITE_13,10.0,H,COHERENT_ARRAY_UPPER_ENVELOPE,-3.9382002601611283,-22.0,-3.9382002601611283,-106.11003383638368,12.679795257193142,16.0,-10.0,1.0,0.0,121.252246754176,-119.19044701433712
E3_SITE_13_SEC_2,E3_SITE_13,1.0,H,COHERENT_ARRAY_UPPER_ENVELOPE,-3.9382002601611283,-22.0,-3.9382002601611283,-106.11003383638368,12.679795257193142,16.0,-10.0,1.0,0.0,120.476760722722,-118.41496098288313
E3_SITE_13_SEC_2,E3_SITE_13,0.1,H,COHERENT_ARRAY_UPPER_ENVELOPE,-3.9382002601611283,-22.0,-3.9382002601611283,-106.11003383638368,12.679795257193142,16.0,-10.0,1.0,0.0,119.6897123067,-117.62791256686113
E3_SITE_13_SEC_2,E3_SITE_13,0.01,H,COHERENT_ARRAY_UPPER_ENVELOPE,-3.9382002601611283,-22.0,-3.9382002601611283,-106.11003383638368,12.679795257193142,16.0,-10.0,1.0,0.0,118.902662954782,-116.84086321494313
E3_SITE_13_SEC_2,E3_SITE_13,0.005,H,COHERENT_ARRAY_UPPER_ENVELOPE,-3.9382002601611283,-22.0,-3.9382002601611283,-106.11003383638368,12.679795257193142,16.0,-10.0,1.0,0.0,118.665736891189,-116.60393715135012
E3_SITE_13_SEC_2,E3_SITE_13,50.0,V,COHERENT_ARRAY_UPPER_ENVELOPE,-3.9382002601611283,-22.0,-3.9382002601611283,-106.11003383638368,12.679795257193142,16.0,-10.0,1.0,0.0,121.813932112805,-119.75213237296613
E3_SITE_13_SEC_2,E3_SITE_13,20.0,V,COHERENT_ARRAY_UPPER_ENVELOPE,-3.9382002601611283,-22.0,-3.9382002601611283,-106.11003383638368,12.679795257193142,16.0,-10.0,1.0,0.0,121.445184877542,-119.38338513770313
E3_SITE_13_SEC_2,E3_SITE_13,10.0,V,COHERENT_ARRAY_UPPER_ENVELOPE,-3.9382002601611283,-22.0,-3.9382002601611283,-106.11003383638368,12.679795257193142,16.0,-10.0,1.0,0.0,121.252246754176,-119.19044701433712
E3_SITE_13_SEC_2,E3_SITE_13,1.0,V,COHERENT_ARRAY_UPPER_ENVELOPE,-3.9382002601611283,-22.0,-3.9382002601611283,-106.11003383638368,12.679795257193142,16.0,-10.0,1.0,0.0,120.476760722722,-118.41496098288313
E3_SITE_13_SEC_2,E3_SITE_13,0.1,V,COHERENT_ARRAY_UPPER_ENVELOPE,-3.9382002601611283,-22.0,-3.9382002601611283,-106.11003383638368,12.679795257193142,16.0,-10.0,1.0,0.0,119.6897123067,-117.62791256686113
E3_SITE_13_SEC_2,E3_SITE_13,0.01,V,COHERENT_ARRAY_UPPER_ENVELOPE,-3.9382002601611283,-22.0,-3.9382002601611283,-106.11003383638368,12.679795257193142,16.0,-10.0,1.0,0.0,118.902662954782,-116.84086321494313
E3_SITE_13_SEC_2,E3_SITE_13,0.005,V,COHERENT_ARRAY_UPPER_ENVELOPE,-3.9382002601611283,-22.0,-3.9382002601611283,-106.11003383638368,12.679795257193142,16.0,-10.0,1.0,0.0,118.665736891189,-116.60393715135012
E3_SITE_13_SEC_3,E3_SITE_13,50.0,H,ZERO_DBI_PROPAGATION_REFERENCE,0.0,-22.0,-3.9382002601611283,133.88996616361635,12.679795257193142,16.0,-10.0,1.0,0.0,121.813932112805,-115.813932112805
E3_SITE_13_SEC_3,E3_SITE_13,20.0,H,ZERO_DBI_PROPAGATION_REFERENCE,0.0,-22.0,-3.9382002601611283,133.88996616361635,12.679795257193142,16.0,-10.0,1.0,0.0,121.445184877542,-115.445184877542
E3_SITE_13_SEC_3,E3_SITE_13,10.0,H,ZERO_DBI_PROPAGATION_REFERENCE,0.0,-22.0,-3.9382002601611283,133.88996616361635,12.679795257193142,16.0,-10.0,1.0,0.0,121.252246754176,-115.252246754176
E3_SITE_13_SEC_3,E3_SITE_13,1.0,H,ZERO_DBI_PROPAGATION_REFERENCE,0.0,-22.0,-3.9382002601611283,133.88996616361635,12.679795257193142,16.0,-10.0,1.0,0.0,120.476760722722,-114.476760722722
E3_SITE_13_SEC_3,E3_SITE_13,0.1,H,ZERO_DBI_PROPAGATION_REFERENCE,0.0,-22.0,-3.9382002601611283,133.88996616361635,12.679795257193142,16.0,-10.0,1.0,0.0,119.6897123067,-113.6897123067
E3_SITE_13_SEC_3,E3_SITE_13,0.01,H,ZERO_DBI_PROPAGATION_REFERENCE,0.0,-22.0,-3.9382002601611283,133.88996616361635,12.679795257193142,16.0,-10.0,1.0,0.0,118.902662954782,-112.902662954782
E3_SITE_13_SEC_3,E3_SITE_13,0.005,H,ZERO_DBI_PROPAGATION_REFERENCE,0.0,-22.0,-3.9382002601611283,133.88996616361635,12.679795257193142,16.0,-10.0,1.0,0.0,118.665736891189,-112.665736891189
E3_SITE_13_SEC_3,E3_SITE_13,50.0,V,ZERO_DBI_PROPAGATION_REFERENCE,0.0,-22.0,-3.9382002601611283,133.88996616361635,12.679795257193142,16.0,-10.0,1.0,0.0,121.813932112805,-115.813932112805
E3_SITE_13_SEC_3,E3_SITE_13,20.0,V,ZERO_DBI_PROPAGATION_REFERENCE,0.0,-22.0,-3.9382002601611283,133.88996616361635,12.679795257193142,16.0,-10.0,1.0,0.0,121.445184877542,-115.445184877542
E3_SITE_13_SEC_3,E3_SITE_13,10.0,V,ZERO_DBI_PROPAGATION_REFERENCE,0.0,-22.0,-3.9382002601611283,133.88996616361635,12.679795257193142,16.0,-10.0,1.0,0.0,121.252246754176,-115.252246754176
E3_SITE_13_SEC_3,E3_SITE_13,1.0,V,ZERO_DBI_PROPAGATION_REFERENCE,0.0,-22.0,-3.9382002601611283,133.88996616361635,12.679795257193142,16.0,-10.0,1.0,0.0,120.476760722722,-114.476760722722
E3_SITE_13_SEC_3,E3_SITE_13,0.1,V,ZERO_DBI_PROPAGATION_REFERENCE,0.0,-22.0,-3.9382002601611283,133.88996616361635,12.679795257193142,16.0,-10.0,1.0,0.0,119.6897123067,-113.6897123067
E3_SITE_13_SEC_3,E3_SITE_13,0.01,V,ZERO_DBI_PROPAGATION_REFERENCE,0.0,-22.0,-3.9382002601611283,133.88996616361635,12.679795257193142,16.0,-10.0,1.0,0.0,118.902662954782,-112.902662954782
E3_SITE_13_SEC_3,E3_SITE_13,0.005,V,ZERO_DBI_PROPAGATION_REFERENCE,0.0,-22.0,-3.9382002601611283,133.88996616361635,12.679795257193142,16.0,-10.0,1.0,0.0,118.665736891189,-112.665736891189
E3_SITE_13_SEC_3,E3_SITE_13,50.0,H,ELEMENT_PATTERN_REFERENCE,-22.0,-22.0,-3.9382002601611283,133.88996616361635,12.679795257193142,16.0,-10.0,1.0,0.0,121.813932112805,-137.813932112805
E3_SITE_13_SEC_3,E3_SITE_13,20.0,H,ELEMENT_PATTERN_REFERENCE,-22.0,-22.0,-3.9382002601611283,133.88996616361635,12.679795257193142,16.0,-10.0,1.0,0.0,121.445184877542,-137.445184877542
E3_SITE_13_SEC_3,E3_SITE_13,10.0,H,ELEMENT_PATTERN_REFERENCE,-22.0,-22.0,-3.9382002601611283,133.88996616361635,12.679795257193142,16.0,-10.0,1.0,0.0,121.252246754176,-137.252246754176
E3_SITE_13_SEC_3,E3_SITE_13,1.0,H,ELEMENT_PATTERN_REFERENCE,-22.0,-22.0,-3.9382002601611283,133.88996616361635,12.679795257193142,16.0,-10.0,1.0,0.0,120.476760722722,-136.47676072272202
E3_SITE_13_SEC_3,E3_SITE_13,0.1,H,ELEMENT_PATTERN_REFERENCE,-22.0,-22.0,-3.9382002601611283,133.88996616361635,12.679795257193142,16.0,-10.0,1.0,0.0,119.6897123067,-135.68971230670002
E3_SITE_13_SEC_3,E3_SITE_13,0.01,H,ELEMENT_PATTERN_REFERENCE,-22.0,-22.0,-3.9382002601611283,133.88996616361635,12.679795257193142,16.0,-10.0,1.0,0.0,118.902662954782,-134.902662954782
E3_SITE_13_SEC_3,E3_SITE_13,0.005,H,ELEMENT_PATTERN_REFERENCE,-22.0,-22.0,-3.9382002601611283,133.88996616361635,12.679795257193142,16.0,-10.0,1.0,0.0,118.665736891189,-134.665736891189
E3_SITE_13_SEC_3,E3_SITE_13,50.0,V,ELEMENT_PATTERN_REFERENCE,-22.0,-22.0,-3.9382002601611283,133.88996616361635,12.679795257193142,16.0,-10.0,1.0,0.0,121.813932112805,-137.813932112805
E3_SITE_13_SEC_3,E3_SITE_13,20.0,V,ELEMENT_PATTERN_REFERENCE,-22.0,-22.0,-3.9382002601611283,133.88996616361635,12.679795257193142,16.0,-10.0,1.0,0.0,121.445184877542,-137.445184877542
E3_SITE_13_SEC_3,E3_SITE_13,10.0,V,ELEMENT_PATTERN_REFERENCE,-22.0,-22.0,-3.9382002601611283,133.88996616361635,12.679795257193142,16.0,-10.0,1.0,0.0,121.252246754176,-137.252246754176
E3_SITE_13_SEC_3,E3_SITE_13,1.0,V,ELEMENT_PATTERN_REFERENCE,-22.0,-22.0,-3.9382002601611283,133.88996616361635,12.679795257193142,16.0,-10.0,1.0,0.0,120.476760722722,-136.47676072272202
E3_SITE_13_SEC_3,E3_SITE_13,0.1,V,ELEMENT_PATTERN_REFERENCE,-22.0,-22.0,-3.9382002601611283,133.88996616361635,12.679795257193142,16.0,-10.0,1.0,0.0,119.6897123067,-135.68971230670002
E3_SITE_13_SEC_3,E3_SITE_13,0.01,V,ELEMENT_PATTERN_REFERENCE,-22.0,-22.0,-3.9382002601611283,133.88996616361635,12.679795257193142,16.0,-10.0,1.0,0.0,118.902662954782,-134.902662954782
E3_SITE_13_SEC_3,E3_SITE_13,0.005,V,ELEMENT_PATTERN_REFERENCE,-22.0,-22.0,-3.9382002601611283,133.88996616361635,12.679795257193142,16.0,-10.0,1.0,0.0,118.665736891189,-134.665736891189
E3_SITE_13_SEC_3,E3_SITE_13,50.0,H,COHERENT_ARRAY_UPPER_ENVELOPE,-3.9382002601611283,-22.0,-3.9382002601611283,133.88996616361635,12.679795257193142,16.0,-10.0,1.0,0.0,121.813932112805,-119.75213237296613
E3_SITE_13_SEC_3,E3_SITE_13,20.0,H,COHERENT_ARRAY_UPPER_ENVELOPE,-3.9382002601611283,-22.0,-3.9382002601611283,133.88996616361635,12.679795257193142,16.0,-10.0,1.0,0.0,121.445184877542,-119.38338513770313
E3_SITE_13_SEC_3,E3_SITE_13,10.0,H,COHERENT_ARRAY_UPPER_ENVELOPE,-3.9382002601611283,-22.0,-3.9382002601611283,133.88996616361635,12.679795257193142,16.0,-10.0,1.0,0.0,121.252246754176,-119.19044701433712
E3_SITE_13_SEC_3,E3_SITE_13,1.0,H,COHERENT_ARRAY_UPPER_ENVELOPE,-3.9382002601611283,-22.0,-3.9382002601611283,133.88996616361635,12.679795257193142,16.0,-10.0,1.0,0.0,120.476760722722,-118.41496098288313
E3_SITE_13_SEC_3,E3_SITE_13,0.1,H,COHERENT_ARRAY_UPPER_ENVELOPE,-3.9382002601611283,-22.0,-3.9382002601611283,133.88996616361635,12.679795257193142,16.0,-10.0,1.0,0.0,119.6897123067,-117.62791256686113
E3_SITE_13_SEC_3,E3_SITE_13,0.01,H,COHERENT_ARRAY_UPPER_ENVELOPE,-3.9382002601611283,-22.0,-3.9382002601611283,133.88996616361635,12.679795257193142,16.0,-10.0,1.0,0.0,118.902662954782,-116.84086321494313
E3_SITE_13_SEC_3,E3_SITE_13,0.005,H,COHERENT_ARRAY_UPPER_ENVELOPE,-3.9382002601611283,-22.0,-3.9382002601611283,133.88996616361635,12.679795257193142,16.0,-10.0,1.0,0.0,118.665736891189,-116.60393715135012
E3_SITE_13_SEC_3,E3_SITE_13,50.0,V,COHERENT_ARRAY_UPPER_ENVELOPE,-3.9382002601611283,-22.0,-3.9382002601611283,133.88996616361635,12.679795257193142,16.0,-10.0,1.0,0.0,121.813932112805,-119.75213237296613
E3_SITE_13_SEC_3,E3_SITE_13,20.0,V,COHERENT_ARRAY_UPPER_ENVELOPE,-3.9382002601611283,-22.0,-3.9382002601611283,133.88996616361635,12.679795257193142,16.0,-10.0,1.0,0.0,121.445184877542,-119.38338513770313
E3_SITE_13_SEC_3,E3_SITE_13,10.0,V,COHERENT_ARRAY_UPPER_ENVELOPE,-3.9382002601611283,-22.0,-3.9382002601611283,133.88996616361635,12.679795257193142,16.0,-10.0,1.0,0.0,121.252246754176,-119.19044701433712
E3_SITE_13_SEC_3,E3_SITE_13,1.0,V,COHERENT_ARRAY_UPPER_ENVELOPE,-3.9382002601611283,-22.0,-3.9382002601611283,133.88996616361635,12.679795257193142,16.0,-10.0,1.0,0.0,120.476760722722,-118.41496098288313
E3_SITE_13_SEC_3,E3_SITE_13,0.1,V,COHERENT_ARRAY_UPPER_ENVELOPE,-3.9382002601611283,-22.0,-3.9382002601611283,133.88996616361635,12.679795257193142,16.0,-10.0,1.0,0.0,119.6897123067,-117.62791256686113
E3_SITE_13_SEC_3,E3_SITE_13,0.01,V,COHERENT_ARRAY_UPPER_ENVELOPE,-3.9382002601611283,-22.0,-3.9382002601611283,133.88996616361635,12.679795257193142,16.0,-10.0,1.0,0.0,118.902662954782,-116.84086321494313
E3_SITE_13_SEC_3,E3_SITE_13,0.005,V,COHERENT_ARRAY_UPPER_ENVELOPE,-3.9382002601611283,-22.0,-3.9382002601611283,133.88996616361635,12.679795257193142,16.0,-10.0,1.0,0.0,118.665736891189,-116.60393715135012
E3_SITE_14_SEC_1,E3_SITE_14,50.0,H,ZERO_DBI_PROPAGATION_REFERENCE,0.0,6.522220649177242,24.584020389016114,-19.098683392574912,12.471638723080035,16.0,-10.0,1.0,0.0,119.112915913129,-113.112915913129
E3_SITE_14_SEC_1,E3_SITE_14,20.0,H,ZERO_DBI_PROPAGATION_REFERENCE,0.0,6.522220649177242,24.584020389016114,-19.098683392574912,12.471638723080035,16.0,-10.0,1.0,0.0,118.830879479244,-112.830879479244
E3_SITE_14_SEC_1,E3_SITE_14,10.0,H,ZERO_DBI_PROPAGATION_REFERENCE,0.0,6.522220649177242,24.584020389016114,-19.098683392574912,12.471638723080035,16.0,-10.0,1.0,0.0,118.683310697308,-112.683310697308
E3_SITE_14_SEC_1,E3_SITE_14,1.0,H,ZERO_DBI_PROPAGATION_REFERENCE,0.0,6.522220649177242,24.584020389016114,-19.098683392574912,12.471638723080035,16.0,-10.0,1.0,0.0,118.08602979391,-112.08602979391
E3_SITE_14_SEC_1,E3_SITE_14,0.1,H,ZERO_DBI_PROPAGATION_REFERENCE,0.0,6.522220649177242,24.584020389016114,-19.098683392574912,12.471638723080035,16.0,-10.0,1.0,0.0,117.48161273632,-111.48161273632
E3_SITE_14_SEC_1,E3_SITE_14,0.01,H,ZERO_DBI_PROPAGATION_REFERENCE,0.0,6.522220649177242,24.584020389016114,-19.098683392574912,12.471638723080035,16.0,-10.0,1.0,0.0,116.877194367229,-110.877194367229
E3_SITE_14_SEC_1,E3_SITE_14,0.005,H,ZERO_DBI_PROPAGATION_REFERENCE,0.0,6.522220649177242,24.584020389016114,-19.098683392574912,12.471638723080035,16.0,-10.0,1.0,0.0,116.695245418589,-110.695245418589
E3_SITE_14_SEC_1,E3_SITE_14,50.0,V,ZERO_DBI_PROPAGATION_REFERENCE,0.0,6.522220649177242,24.584020389016114,-19.098683392574912,12.471638723080035,16.0,-10.0,1.0,0.0,119.112915913129,-113.112915913129
E3_SITE_14_SEC_1,E3_SITE_14,20.0,V,ZERO_DBI_PROPAGATION_REFERENCE,0.0,6.522220649177242,24.584020389016114,-19.098683392574912,12.471638723080035,16.0,-10.0,1.0,0.0,118.830879479244,-112.830879479244
E3_SITE_14_SEC_1,E3_SITE_14,10.0,V,ZERO_DBI_PROPAGATION_REFERENCE,0.0,6.522220649177242,24.584020389016114,-19.098683392574912,12.471638723080035,16.0,-10.0,1.0,0.0,118.683310697308,-112.683310697308
E3_SITE_14_SEC_1,E3_SITE_14,1.0,V,ZERO_DBI_PROPAGATION_REFERENCE,0.0,6.522220649177242,24.584020389016114,-19.098683392574912,12.471638723080035,16.0,-10.0,1.0,0.0,118.08602979391,-112.08602979391
E3_SITE_14_SEC_1,E3_SITE_14,0.1,V,ZERO_DBI_PROPAGATION_REFERENCE,0.0,6.522220649177242,24.584020389016114,-19.098683392574912,12.471638723080035,16.0,-10.0,1.0,0.0,117.48161273632,-111.48161273632
E3_SITE_14_SEC_1,E3_SITE_14,0.01,V,ZERO_DBI_PROPAGATION_REFERENCE,0.0,6.522220649177242,24.584020389016114,-19.098683392574912,12.471638723080035,16.0,-10.0,1.0,0.0,116.877194367229,-110.877194367229
E3_SITE_14_SEC_1,E3_SITE_14,0.005,V,ZERO_DBI_PROPAGATION_REFERENCE,0.0,6.522220649177242,24.584020389016114,-19.098683392574912,12.471638723080035,16.0,-10.0,1.0,0.0,116.695245418589,-110.695245418589
E3_SITE_14_SEC_1,E3_SITE_14,50.0,H,ELEMENT_PATTERN_REFERENCE,6.522220649177242,6.522220649177242,24.584020389016114,-19.098683392574912,12.471638723080035,16.0,-10.0,1.0,0.0,119.112915913129,-106.59069526395176
E3_SITE_14_SEC_1,E3_SITE_14,20.0,H,ELEMENT_PATTERN_REFERENCE,6.522220649177242,6.522220649177242,24.584020389016114,-19.098683392574912,12.471638723080035,16.0,-10.0,1.0,0.0,118.830879479244,-106.30865883006676
E3_SITE_14_SEC_1,E3_SITE_14,10.0,H,ELEMENT_PATTERN_REFERENCE,6.522220649177242,6.522220649177242,24.584020389016114,-19.098683392574912,12.471638723080035,16.0,-10.0,1.0,0.0,118.683310697308,-106.16109004813076
E3_SITE_14_SEC_1,E3_SITE_14,1.0,H,ELEMENT_PATTERN_REFERENCE,6.522220649177242,6.522220649177242,24.584020389016114,-19.098683392574912,12.471638723080035,16.0,-10.0,1.0,0.0,118.08602979391,-105.56380914473276
E3_SITE_14_SEC_1,E3_SITE_14,0.1,H,ELEMENT_PATTERN_REFERENCE,6.522220649177242,6.522220649177242,24.584020389016114,-19.098683392574912,12.471638723080035,16.0,-10.0,1.0,0.0,117.48161273632,-104.95939208714276
E3_SITE_14_SEC_1,E3_SITE_14,0.01,H,ELEMENT_PATTERN_REFERENCE,6.522220649177242,6.522220649177242,24.584020389016114,-19.098683392574912,12.471638723080035,16.0,-10.0,1.0,0.0,116.877194367229,-104.35497371805177
E3_SITE_14_SEC_1,E3_SITE_14,0.005,H,ELEMENT_PATTERN_REFERENCE,6.522220649177242,6.522220649177242,24.584020389016114,-19.098683392574912,12.471638723080035,16.0,-10.0,1.0,0.0,116.695245418589,-104.17302476941175
E3_SITE_14_SEC_1,E3_SITE_14,50.0,V,ELEMENT_PATTERN_REFERENCE,6.522220649177242,6.522220649177242,24.584020389016114,-19.098683392574912,12.471638723080035,16.0,-10.0,1.0,0.0,119.112915913129,-106.59069526395176
E3_SITE_14_SEC_1,E3_SITE_14,20.0,V,ELEMENT_PATTERN_REFERENCE,6.522220649177242,6.522220649177242,24.584020389016114,-19.098683392574912,12.471638723080035,16.0,-10.0,1.0,0.0,118.830879479244,-106.30865883006676
E3_SITE_14_SEC_1,E3_SITE_14,10.0,V,ELEMENT_PATTERN_REFERENCE,6.522220649177242,6.522220649177242,24.584020389016114,-19.098683392574912,12.471638723080035,16.0,-10.0,1.0,0.0,118.683310697308,-106.16109004813076
E3_SITE_14_SEC_1,E3_SITE_14,1.0,V,ELEMENT_PATTERN_REFERENCE,6.522220649177242,6.522220649177242,24.584020389016114,-19.098683392574912,12.471638723080035,16.0,-10.0,1.0,0.0,118.08602979391,-105.56380914473276
E3_SITE_14_SEC_1,E3_SITE_14,0.1,V,ELEMENT_PATTERN_REFERENCE,6.522220649177242,6.522220649177242,24.584020389016114,-19.098683392574912,12.471638723080035,16.0,-10.0,1.0,0.0,117.48161273632,-104.95939208714276
E3_SITE_14_SEC_1,E3_SITE_14,0.01,V,ELEMENT_PATTERN_REFERENCE,6.522220649177242,6.522220649177242,24.584020389016114,-19.098683392574912,12.471638723080035,16.0,-10.0,1.0,0.0,116.877194367229,-104.35497371805177
E3_SITE_14_SEC_1,E3_SITE_14,0.005,V,ELEMENT_PATTERN_REFERENCE,6.522220649177242,6.522220649177242,24.584020389016114,-19.098683392574912,12.471638723080035,16.0,-10.0,1.0,0.0,116.695245418589,-104.17302476941175
E3_SITE_14_SEC_1,E3_SITE_14,50.0,H,COHERENT_ARRAY_UPPER_ENVELOPE,24.584020389016114,6.522220649177242,24.584020389016114,-19.098683392574912,12.471638723080035,16.0,-10.0,1.0,0.0,119.112915913129,-88.52889552411288
E3_SITE_14_SEC_1,E3_SITE_14,20.0,H,COHERENT_ARRAY_UPPER_ENVELOPE,24.584020389016114,6.522220649177242,24.584020389016114,-19.098683392574912,12.471638723080035,16.0,-10.0,1.0,0.0,118.830879479244,-88.24685909022789
E3_SITE_14_SEC_1,E3_SITE_14,10.0,H,COHERENT_ARRAY_UPPER_ENVELOPE,24.584020389016114,6.522220649177242,24.584020389016114,-19.098683392574912,12.471638723080035,16.0,-10.0,1.0,0.0,118.683310697308,-88.09929030829188
E3_SITE_14_SEC_1,E3_SITE_14,1.0,H,COHERENT_ARRAY_UPPER_ENVELOPE,24.584020389016114,6.522220649177242,24.584020389016114,-19.098683392574912,12.471638723080035,16.0,-10.0,1.0,0.0,118.08602979391,-87.50200940489388
E3_SITE_14_SEC_1,E3_SITE_14,0.1,H,COHERENT_ARRAY_UPPER_ENVELOPE,24.584020389016114,6.522220649177242,24.584020389016114,-19.098683392574912,12.471638723080035,16.0,-10.0,1.0,0.0,117.48161273632,-86.89759234730388
E3_SITE_14_SEC_1,E3_SITE_14,0.01,H,COHERENT_ARRAY_UPPER_ENVELOPE,24.584020389016114,6.522220649177242,24.584020389016114,-19.098683392574912,12.471638723080035,16.0,-10.0,1.0,0.0,116.877194367229,-86.29317397821288
E3_SITE_14_SEC_1,E3_SITE_14,0.005,H,COHERENT_ARRAY_UPPER_ENVELOPE,24.584020389016114,6.522220649177242,24.584020389016114,-19.098683392574912,12.471638723080035,16.0,-10.0,1.0,0.0,116.695245418589,-86.11122502957288
E3_SITE_14_SEC_1,E3_SITE_14,50.0,V,COHERENT_ARRAY_UPPER_ENVELOPE,24.584020389016114,6.522220649177242,24.584020389016114,-19.098683392574912,12.471638723080035,16.0,-10.0,1.0,0.0,119.112915913129,-88.52889552411288
E3_SITE_14_SEC_1,E3_SITE_14,20.0,V,COHERENT_ARRAY_UPPER_ENVELOPE,24.584020389016114,6.522220649177242,24.584020389016114,-19.098683392574912,12.471638723080035,16.0,-10.0,1.0,0.0,118.830879479244,-88.24685909022789
E3_SITE_14_SEC_1,E3_SITE_14,10.0,V,COHERENT_ARRAY_UPPER_ENVELOPE,24.584020389016114,6.522220649177242,24.584020389016114,-19.098683392574912,12.471638723080035,16.0,-10.0,1.0,0.0,118.683310697308,-88.09929030829188
E3_SITE_14_SEC_1,E3_SITE_14,1.0,V,COHERENT_ARRAY_UPPER_ENVELOPE,24.584020389016114,6.522220649177242,24.584020389016114,-19.098683392574912,12.471638723080035,16.0,-10.0,1.0,0.0,118.08602979391,-87.50200940489388
E3_SITE_14_SEC_1,E3_SITE_14,0.1,V,COHERENT_ARRAY_UPPER_ENVELOPE,24.584020389016114,6.522220649177242,24.584020389016114,-19.098683392574912,12.471638723080035,16.0,-10.0,1.0,0.0,117.48161273632,-86.89759234730388
E3_SITE_14_SEC_1,E3_SITE_14,0.01,V,COHERENT_ARRAY_UPPER_ENVELOPE,24.584020389016114,6.522220649177242,24.584020389016114,-19.098683392574912,12.471638723080035,16.0,-10.0,1.0,0.0,116.877194367229,-86.29317397821288
E3_SITE_14_SEC_1,E3_SITE_14,0.005,V,COHERENT_ARRAY_UPPER_ENVELOPE,24.584020389016114,6.522220649177242,24.584020389016114,-19.098683392574912,12.471638723080035,16.0,-10.0,1.0,0.0,116.695245418589,-86.11122502957288
E3_SITE_14_SEC_2,E3_SITE_14,50.0,H,ZERO_DBI_PROPAGATION_REFERENCE,0.0,-22.0,-3.9382002601611283,-139.0986833925749,12.471638723080035,16.0,-10.0,1.0,0.0,119.112915913129,-113.112915913129
E3_SITE_14_SEC_2,E3_SITE_14,20.0,H,ZERO_DBI_PROPAGATION_REFERENCE,0.0,-22.0,-3.9382002601611283,-139.0986833925749,12.471638723080035,16.0,-10.0,1.0,0.0,118.830879479244,-112.830879479244
E3_SITE_14_SEC_2,E3_SITE_14,10.0,H,ZERO_DBI_PROPAGATION_REFERENCE,0.0,-22.0,-3.9382002601611283,-139.0986833925749,12.471638723080035,16.0,-10.0,1.0,0.0,118.683310697308,-112.683310697308
E3_SITE_14_SEC_2,E3_SITE_14,1.0,H,ZERO_DBI_PROPAGATION_REFERENCE,0.0,-22.0,-3.9382002601611283,-139.0986833925749,12.471638723080035,16.0,-10.0,1.0,0.0,118.08602979391,-112.08602979391
E3_SITE_14_SEC_2,E3_SITE_14,0.1,H,ZERO_DBI_PROPAGATION_REFERENCE,0.0,-22.0,-3.9382002601611283,-139.0986833925749,12.471638723080035,16.0,-10.0,1.0,0.0,117.48161273632,-111.48161273632
E3_SITE_14_SEC_2,E3_SITE_14,0.01,H,ZERO_DBI_PROPAGATION_REFERENCE,0.0,-22.0,-3.9382002601611283,-139.0986833925749,12.471638723080035,16.0,-10.0,1.0,0.0,116.877194367229,-110.877194367229
E3_SITE_14_SEC_2,E3_SITE_14,0.005,H,ZERO_DBI_PROPAGATION_REFERENCE,0.0,-22.0,-3.9382002601611283,-139.0986833925749,12.471638723080035,16.0,-10.0,1.0,0.0,116.695245418589,-110.695245418589
E3_SITE_14_SEC_2,E3_SITE_14,50.0,V,ZERO_DBI_PROPAGATION_REFERENCE,0.0,-22.0,-3.9382002601611283,-139.0986833925749,12.471638723080035,16.0,-10.0,1.0,0.0,119.112915913129,-113.112915913129
E3_SITE_14_SEC_2,E3_SITE_14,20.0,V,ZERO_DBI_PROPAGATION_REFERENCE,0.0,-22.0,-3.9382002601611283,-139.0986833925749,12.471638723080035,16.0,-10.0,1.0,0.0,118.830879479244,-112.830879479244
E3_SITE_14_SEC_2,E3_SITE_14,10.0,V,ZERO_DBI_PROPAGATION_REFERENCE,0.0,-22.0,-3.9382002601611283,-139.0986833925749,12.471638723080035,16.0,-10.0,1.0,0.0,118.683310697308,-112.683310697308
E3_SITE_14_SEC_2,E3_SITE_14,1.0,V,ZERO_DBI_PROPAGATION_REFERENCE,0.0,-22.0,-3.9382002601611283,-139.0986833925749,12.471638723080035,16.0,-10.0,1.0,0.0,118.08602979391,-112.08602979391
E3_SITE_14_SEC_2,E3_SITE_14,0.1,V,ZERO_DBI_PROPAGATION_REFERENCE,0.0,-22.0,-3.9382002601611283,-139.0986833925749,12.471638723080035,16.0,-10.0,1.0,0.0,117.48161273632,-111.48161273632
E3_SITE_14_SEC_2,E3_SITE_14,0.01,V,ZERO_DBI_PROPAGATION_REFERENCE,0.0,-22.0,-3.9382002601611283,-139.0986833925749,12.471638723080035,16.0,-10.0,1.0,0.0,116.877194367229,-110.877194367229
E3_SITE_14_SEC_2,E3_SITE_14,0.005,V,ZERO_DBI_PROPAGATION_REFERENCE,0.0,-22.0,-3.9382002601611283,-139.0986833925749,12.471638723080035,16.0,-10.0,1.0,0.0,116.695245418589,-110.695245418589
E3_SITE_14_SEC_2,E3_SITE_14,50.0,H,ELEMENT_PATTERN_REFERENCE,-22.0,-22.0,-3.9382002601611283,-139.0986833925749,12.471638723080035,16.0,-10.0,1.0,0.0,119.112915913129,-135.112915913129
E3_SITE_14_SEC_2,E3_SITE_14,20.0,H,ELEMENT_PATTERN_REFERENCE,-22.0,-22.0,-3.9382002601611283,-139.0986833925749,12.471638723080035,16.0,-10.0,1.0,0.0,118.830879479244,-134.830879479244
E3_SITE_14_SEC_2,E3_SITE_14,10.0,H,ELEMENT_PATTERN_REFERENCE,-22.0,-22.0,-3.9382002601611283,-139.0986833925749,12.471638723080035,16.0,-10.0,1.0,0.0,118.683310697308,-134.683310697308
E3_SITE_14_SEC_2,E3_SITE_14,1.0,H,ELEMENT_PATTERN_REFERENCE,-22.0,-22.0,-3.9382002601611283,-139.0986833925749,12.471638723080035,16.0,-10.0,1.0,0.0,118.08602979391,-134.08602979391
E3_SITE_14_SEC_2,E3_SITE_14,0.1,H,ELEMENT_PATTERN_REFERENCE,-22.0,-22.0,-3.9382002601611283,-139.0986833925749,12.471638723080035,16.0,-10.0,1.0,0.0,117.48161273632,-133.48161273632002
E3_SITE_14_SEC_2,E3_SITE_14,0.01,H,ELEMENT_PATTERN_REFERENCE,-22.0,-22.0,-3.9382002601611283,-139.0986833925749,12.471638723080035,16.0,-10.0,1.0,0.0,116.877194367229,-132.87719436722898
E3_SITE_14_SEC_2,E3_SITE_14,0.005,H,ELEMENT_PATTERN_REFERENCE,-22.0,-22.0,-3.9382002601611283,-139.0986833925749,12.471638723080035,16.0,-10.0,1.0,0.0,116.695245418589,-132.695245418589
E3_SITE_14_SEC_2,E3_SITE_14,50.0,V,ELEMENT_PATTERN_REFERENCE,-22.0,-22.0,-3.9382002601611283,-139.0986833925749,12.471638723080035,16.0,-10.0,1.0,0.0,119.112915913129,-135.112915913129
E3_SITE_14_SEC_2,E3_SITE_14,20.0,V,ELEMENT_PATTERN_REFERENCE,-22.0,-22.0,-3.9382002601611283,-139.0986833925749,12.471638723080035,16.0,-10.0,1.0,0.0,118.830879479244,-134.830879479244
E3_SITE_14_SEC_2,E3_SITE_14,10.0,V,ELEMENT_PATTERN_REFERENCE,-22.0,-22.0,-3.9382002601611283,-139.0986833925749,12.471638723080035,16.0,-10.0,1.0,0.0,118.683310697308,-134.683310697308
E3_SITE_14_SEC_2,E3_SITE_14,1.0,V,ELEMENT_PATTERN_REFERENCE,-22.0,-22.0,-3.9382002601611283,-139.0986833925749,12.471638723080035,16.0,-10.0,1.0,0.0,118.08602979391,-134.08602979391
E3_SITE_14_SEC_2,E3_SITE_14,0.1,V,ELEMENT_PATTERN_REFERENCE,-22.0,-22.0,-3.9382002601611283,-139.0986833925749,12.471638723080035,16.0,-10.0,1.0,0.0,117.48161273632,-133.48161273632002
E3_SITE_14_SEC_2,E3_SITE_14,0.01,V,ELEMENT_PATTERN_REFERENCE,-22.0,-22.0,-3.9382002601611283,-139.0986833925749,12.471638723080035,16.0,-10.0,1.0,0.0,116.877194367229,-132.87719436722898
E3_SITE_14_SEC_2,E3_SITE_14,0.005,V,ELEMENT_PATTERN_REFERENCE,-22.0,-22.0,-3.9382002601611283,-139.0986833925749,12.471638723080035,16.0,-10.0,1.0,0.0,116.695245418589,-132.695245418589
E3_SITE_14_SEC_2,E3_SITE_14,50.0,H,COHERENT_ARRAY_UPPER_ENVELOPE,-3.9382002601611283,-22.0,-3.9382002601611283,-139.0986833925749,12.471638723080035,16.0,-10.0,1.0,0.0,119.112915913129,-117.05111617329013
E3_SITE_14_SEC_2,E3_SITE_14,20.0,H,COHERENT_ARRAY_UPPER_ENVELOPE,-3.9382002601611283,-22.0,-3.9382002601611283,-139.0986833925749,12.471638723080035,16.0,-10.0,1.0,0.0,118.830879479244,-116.76907973940513
E3_SITE_14_SEC_2,E3_SITE_14,10.0,H,COHERENT_ARRAY_UPPER_ENVELOPE,-3.9382002601611283,-22.0,-3.9382002601611283,-139.0986833925749,12.471638723080035,16.0,-10.0,1.0,0.0,118.683310697308,-116.62151095746913
E3_SITE_14_SEC_2,E3_SITE_14,1.0,H,COHERENT_ARRAY_UPPER_ENVELOPE,-3.9382002601611283,-22.0,-3.9382002601611283,-139.0986833925749,12.471638723080035,16.0,-10.0,1.0,0.0,118.08602979391,-116.02423005407113
E3_SITE_14_SEC_2,E3_SITE_14,0.1,H,COHERENT_ARRAY_UPPER_ENVELOPE,-3.9382002601611283,-22.0,-3.9382002601611283,-139.0986833925749,12.471638723080035,16.0,-10.0,1.0,0.0,117.48161273632,-115.41981299648113
E3_SITE_14_SEC_2,E3_SITE_14,0.01,H,COHERENT_ARRAY_UPPER_ENVELOPE,-3.9382002601611283,-22.0,-3.9382002601611283,-139.0986833925749,12.471638723080035,16.0,-10.0,1.0,0.0,116.877194367229,-114.81539462739012
E3_SITE_14_SEC_2,E3_SITE_14,0.005,H,COHERENT_ARRAY_UPPER_ENVELOPE,-3.9382002601611283,-22.0,-3.9382002601611283,-139.0986833925749,12.471638723080035,16.0,-10.0,1.0,0.0,116.695245418589,-114.63344567875012
E3_SITE_14_SEC_2,E3_SITE_14,50.0,V,COHERENT_ARRAY_UPPER_ENVELOPE,-3.9382002601611283,-22.0,-3.9382002601611283,-139.0986833925749,12.471638723080035,16.0,-10.0,1.0,0.0,119.112915913129,-117.05111617329013
E3_SITE_14_SEC_2,E3_SITE_14,20.0,V,COHERENT_ARRAY_UPPER_ENVELOPE,-3.9382002601611283,-22.0,-3.9382002601611283,-139.0986833925749,12.471638723080035,16.0,-10.0,1.0,0.0,118.830879479244,-116.76907973940513
E3_SITE_14_SEC_2,E3_SITE_14,10.0,V,COHERENT_ARRAY_UPPER_ENVELOPE,-3.9382002601611283,-22.0,-3.9382002601611283,-139.0986833925749,12.471638723080035,16.0,-10.0,1.0,0.0,118.683310697308,-116.62151095746913
E3_SITE_14_SEC_2,E3_SITE_14,1.0,V,COHERENT_ARRAY_UPPER_ENVELOPE,-3.9382002601611283,-22.0,-3.9382002601611283,-139.0986833925749,12.471638723080035,16.0,-10.0,1.0,0.0,118.08602979391,-116.02423005407113
E3_SITE_14_SEC_2,E3_SITE_14,0.1,V,COHERENT_ARRAY_UPPER_ENVELOPE,-3.9382002601611283,-22.0,-3.9382002601611283,-139.0986833925749,12.471638723080035,16.0,-10.0,1.0,0.0,117.48161273632,-115.41981299648113
E3_SITE_14_SEC_2,E3_SITE_14,0.01,V,COHERENT_ARRAY_UPPER_ENVELOPE,-3.9382002601611283,-22.0,-3.9382002601611283,-139.0986833925749,12.471638723080035,16.0,-10.0,1.0,0.0,116.877194367229,-114.81539462739012
E3_SITE_14_SEC_2,E3_SITE_14,0.005,V,COHERENT_ARRAY_UPPER_ENVELOPE,-3.9382002601611283,-22.0,-3.9382002601611283,-139.0986833925749,12.471638723080035,16.0,-10.0,1.0,0.0,116.695245418589,-114.63344567875012
E3_SITE_14_SEC_3,E3_SITE_14,50.0,H,ZERO_DBI_PROPAGATION_REFERENCE,0.0,-21.3584401388427,-3.2966403990038273,100.90131660742507,12.471638723080035,16.0,-10.0,1.0,0.0,119.112915913129,-113.112915913129
E3_SITE_14_SEC_3,E3_SITE_14,20.0,H,ZERO_DBI_PROPAGATION_REFERENCE,0.0,-21.3584401388427,-3.2966403990038273,100.90131660742507,12.471638723080035,16.0,-10.0,1.0,0.0,118.830879479244,-112.830879479244
E3_SITE_14_SEC_3,E3_SITE_14,10.0,H,ZERO_DBI_PROPAGATION_REFERENCE,0.0,-21.3584401388427,-3.2966403990038273,100.90131660742507,12.471638723080035,16.0,-10.0,1.0,0.0,118.683310697308,-112.683310697308
E3_SITE_14_SEC_3,E3_SITE_14,1.0,H,ZERO_DBI_PROPAGATION_REFERENCE,0.0,-21.3584401388427,-3.2966403990038273,100.90131660742507,12.471638723080035,16.0,-10.0,1.0,0.0,118.08602979391,-112.08602979391
E3_SITE_14_SEC_3,E3_SITE_14,0.1,H,ZERO_DBI_PROPAGATION_REFERENCE,0.0,-21.3584401388427,-3.2966403990038273,100.90131660742507,12.471638723080035,16.0,-10.0,1.0,0.0,117.48161273632,-111.48161273632
E3_SITE_14_SEC_3,E3_SITE_14,0.01,H,ZERO_DBI_PROPAGATION_REFERENCE,0.0,-21.3584401388427,-3.2966403990038273,100.90131660742507,12.471638723080035,16.0,-10.0,1.0,0.0,116.877194367229,-110.877194367229
E3_SITE_14_SEC_3,E3_SITE_14,0.005,H,ZERO_DBI_PROPAGATION_REFERENCE,0.0,-21.3584401388427,-3.2966403990038273,100.90131660742507,12.471638723080035,16.0,-10.0,1.0,0.0,116.695245418589,-110.695245418589
E3_SITE_14_SEC_3,E3_SITE_14,50.0,V,ZERO_DBI_PROPAGATION_REFERENCE,0.0,-21.3584401388427,-3.2966403990038273,100.90131660742507,12.471638723080035,16.0,-10.0,1.0,0.0,119.112915913129,-113.112915913129
E3_SITE_14_SEC_3,E3_SITE_14,20.0,V,ZERO_DBI_PROPAGATION_REFERENCE,0.0,-21.3584401388427,-3.2966403990038273,100.90131660742507,12.471638723080035,16.0,-10.0,1.0,0.0,118.830879479244,-112.830879479244
E3_SITE_14_SEC_3,E3_SITE_14,10.0,V,ZERO_DBI_PROPAGATION_REFERENCE,0.0,-21.3584401388427,-3.2966403990038273,100.90131660742507,12.471638723080035,16.0,-10.0,1.0,0.0,118.683310697308,-112.683310697308
E3_SITE_14_SEC_3,E3_SITE_14,1.0,V,ZERO_DBI_PROPAGATION_REFERENCE,0.0,-21.3584401388427,-3.2966403990038273,100.90131660742507,12.471638723080035,16.0,-10.0,1.0,0.0,118.08602979391,-112.08602979391
E3_SITE_14_SEC_3,E3_SITE_14,0.1,V,ZERO_DBI_PROPAGATION_REFERENCE,0.0,-21.3584401388427,-3.2966403990038273,100.90131660742507,12.471638723080035,16.0,-10.0,1.0,0.0,117.48161273632,-111.48161273632
E3_SITE_14_SEC_3,E3_SITE_14,0.01,V,ZERO_DBI_PROPAGATION_REFERENCE,0.0,-21.3584401388427,-3.2966403990038273,100.90131660742507,12.471638723080035,16.0,-10.0,1.0,0.0,116.877194367229,-110.877194367229
E3_SITE_14_SEC_3,E3_SITE_14,0.005,V,ZERO_DBI_PROPAGATION_REFERENCE,0.0,-21.3584401388427,-3.2966403990038273,100.90131660742507,12.471638723080035,16.0,-10.0,1.0,0.0,116.695245418589,-110.695245418589
E3_SITE_14_SEC_3,E3_SITE_14,50.0,H,ELEMENT_PATTERN_REFERENCE,-21.3584401388427,-21.3584401388427,-3.2966403990038273,100.90131660742507,12.471638723080035,16.0,-10.0,1.0,0.0,119.112915913129,-134.4713560519717
E3_SITE_14_SEC_3,E3_SITE_14,20.0,H,ELEMENT_PATTERN_REFERENCE,-21.3584401388427,-21.3584401388427,-3.2966403990038273,100.90131660742507,12.471638723080035,16.0,-10.0,1.0,0.0,118.830879479244,-134.1893196180867
E3_SITE_14_SEC_3,E3_SITE_14,10.0,H,ELEMENT_PATTERN_REFERENCE,-21.3584401388427,-21.3584401388427,-3.2966403990038273,100.90131660742507,12.471638723080035,16.0,-10.0,1.0,0.0,118.683310697308,-134.0417508361507
E3_SITE_14_SEC_3,E3_SITE_14,1.0,H,ELEMENT_PATTERN_REFERENCE,-21.3584401388427,-21.3584401388427,-3.2966403990038273,100.90131660742507,12.471638723080035,16.0,-10.0,1.0,0.0,118.08602979391,-133.4444699327527
E3_SITE_14_SEC_3,E3_SITE_14,0.1,H,ELEMENT_PATTERN_REFERENCE,-21.3584401388427,-21.3584401388427,-3.2966403990038273,100.90131660742507,12.471638723080035,16.0,-10.0,1.0,0.0,117.48161273632,-132.8400528751627
E3_SITE_14_SEC_3,E3_SITE_14,0.01,H,ELEMENT_PATTERN_REFERENCE,-21.3584401388427,-21.3584401388427,-3.2966403990038273,100.90131660742507,12.471638723080035,16.0,-10.0,1.0,0.0,116.877194367229,-132.2356345060717
E3_SITE_14_SEC_3,E3_SITE_14,0.005,H,ELEMENT_PATTERN_REFERENCE,-21.3584401388427,-21.3584401388427,-3.2966403990038273,100.90131660742507,12.471638723080035,16.0,-10.0,1.0,0.0,116.695245418589,-132.0536855574317
E3_SITE_14_SEC_3,E3_SITE_14,50.0,V,ELEMENT_PATTERN_REFERENCE,-21.3584401388427,-21.3584401388427,-3.2966403990038273,100.90131660742507,12.471638723080035,16.0,-10.0,1.0,0.0,119.112915913129,-134.4713560519717
E3_SITE_14_SEC_3,E3_SITE_14,20.0,V,ELEMENT_PATTERN_REFERENCE,-21.3584401388427,-21.3584401388427,-3.2966403990038273,100.90131660742507,12.471638723080035,16.0,-10.0,1.0,0.0,118.830879479244,-134.1893196180867
E3_SITE_14_SEC_3,E3_SITE_14,10.0,V,ELEMENT_PATTERN_REFERENCE,-21.3584401388427,-21.3584401388427,-3.2966403990038273,100.90131660742507,12.471638723080035,16.0,-10.0,1.0,0.0,118.683310697308,-134.0417508361507
E3_SITE_14_SEC_3,E3_SITE_14,1.0,V,ELEMENT_PATTERN_REFERENCE,-21.3584401388427,-21.3584401388427,-3.2966403990038273,100.90131660742507,12.471638723080035,16.0,-10.0,1.0,0.0,118.08602979391,-133.4444699327527
E3_SITE_14_SEC_3,E3_SITE_14,0.1,V,ELEMENT_PATTERN_REFERENCE,-21.3584401388427,-21.3584401388427,-3.2966403990038273,100.90131660742507,12.471638723080035,16.0,-10.0,1.0,0.0,117.48161273632,-132.8400528751627
E3_SITE_14_SEC_3,E3_SITE_14,0.01,V,ELEMENT_PATTERN_REFERENCE,-21.3584401388427,-21.3584401388427,-3.2966403990038273,100.90131660742507,12.471638723080035,16.0,-10.0,1.0,0.0,116.877194367229,-132.2356345060717
E3_SITE_14_SEC_3,E3_SITE_14,0.005,V,ELEMENT_PATTERN_REFERENCE,-21.3584401388427,-21.3584401388427,-3.2966403990038273,100.90131660742507,12.471638723080035,16.0,-10.0,1.0,0.0,116.695245418589,-132.0536855574317
E3_SITE_14_SEC_3,E3_SITE_14,50.0,H,COHERENT_ARRAY_UPPER_ENVELOPE,-3.2966403990038273,-21.3584401388427,-3.2966403990038273,100.90131660742507,12.471638723080035,16.0,-10.0,1.0,0.0,119.112915913129,-116.40955631213282
E3_SITE_14_SEC_3,E3_SITE_14,20.0,H,COHERENT_ARRAY_UPPER_ENVELOPE,-3.2966403990038273,-21.3584401388427,-3.2966403990038273,100.90131660742507,12.471638723080035,16.0,-10.0,1.0,0.0,118.830879479244,-116.12751987824782
E3_SITE_14_SEC_3,E3_SITE_14,10.0,H,COHERENT_ARRAY_UPPER_ENVELOPE,-3.2966403990038273,-21.3584401388427,-3.2966403990038273,100.90131660742507,12.471638723080035,16.0,-10.0,1.0,0.0,118.683310697308,-115.97995109631182
E3_SITE_14_SEC_3,E3_SITE_14,1.0,H,COHERENT_ARRAY_UPPER_ENVELOPE,-3.2966403990038273,-21.3584401388427,-3.2966403990038273,100.90131660742507,12.471638723080035,16.0,-10.0,1.0,0.0,118.08602979391,-115.38267019291382
E3_SITE_14_SEC_3,E3_SITE_14,0.1,H,COHERENT_ARRAY_UPPER_ENVELOPE,-3.2966403990038273,-21.3584401388427,-3.2966403990038273,100.90131660742507,12.471638723080035,16.0,-10.0,1.0,0.0,117.48161273632,-114.77825313532384
E3_SITE_14_SEC_3,E3_SITE_14,0.01,H,COHERENT_ARRAY_UPPER_ENVELOPE,-3.2966403990038273,-21.3584401388427,-3.2966403990038273,100.90131660742507,12.471638723080035,16.0,-10.0,1.0,0.0,116.877194367229,-114.17383476623283
E3_SITE_14_SEC_3,E3_SITE_14,0.005,H,COHERENT_ARRAY_UPPER_ENVELOPE,-3.2966403990038273,-21.3584401388427,-3.2966403990038273,100.90131660742507,12.471638723080035,16.0,-10.0,1.0,0.0,116.695245418589,-113.99188581759282
E3_SITE_14_SEC_3,E3_SITE_14,50.0,V,COHERENT_ARRAY_UPPER_ENVELOPE,-3.2966403990038273,-21.3584401388427,-3.2966403990038273,100.90131660742507,12.471638723080035,16.0,-10.0,1.0,0.0,119.112915913129,-116.40955631213282
E3_SITE_14_SEC_3,E3_SITE_14,20.0,V,COHERENT_ARRAY_UPPER_ENVELOPE,-3.2966403990038273,-21.3584401388427,-3.2966403990038273,100.90131660742507,12.471638723080035,16.0,-10.0,1.0,0.0,118.830879479244,-116.12751987824782
E3_SITE_14_SEC_3,E3_SITE_14,10.0,V,COHERENT_ARRAY_UPPER_ENVELOPE,-3.2966403990038273,-21.3584401388427,-3.2966403990038273,100.90131660742507,12.471638723080035,16.0,-10.0,1.0,0.0,118.683310697308,-115.97995109631182
E3_SITE_14_SEC_3,E3_SITE_14,1.0,V,COHERENT_ARRAY_UPPER_ENVELOPE,-3.2966403990038273,-21.3584401388427,-3.2966403990038273,100.90131660742507,12.471638723080035,16.0,-10.0,1.0,0.0,118.08602979391,-115.38267019291382
E3_SITE_14_SEC_3,E3_SITE_14,0.1,V,COHERENT_ARRAY_UPPER_ENVELOPE,-3.2966403990038273,-21.3584401388427,-3.2966403990038273,100.90131660742507,12.471638723080035,16.0,-10.0,1.0,0.0,117.48161273632,-114.77825313532384
E3_SITE_14_SEC_3,E3_SITE_14,0.01,V,COHERENT_ARRAY_UPPER_ENVELOPE,-3.2966403990038273,-21.3584401388427,-3.2966403990038273,100.90131660742507,12.471638723080035,16.0,-10.0,1.0,0.0,116.877194367229,-114.17383476623283
E3_SITE_14_SEC_3,E3_SITE_14,0.005,V,COHERENT_ARRAY_UPPER_ENVELOPE,-3.2966403990038273,-21.3584401388427,-3.2966403990038273,100.90131660742507,12.471638723080035,16.0,-10.0,1.0,0.0,116.695245418589,-113.99188581759282
E3_SITE_15_SEC_1,E3_SITE_15,50.0,H,ZERO_DBI_PROPAGATION_REFERENCE,0.0,6.77720160388296,24.839001343721833,16.094192730742805,13.095949589290823,16.0,-10.0,1.0,0.0,120.562134710459,-114.562134710459
E3_SITE_15_SEC_1,E3_SITE_15,20.0,H,ZERO_DBI_PROPAGATION_REFERENCE,0.0,6.77720160388296,24.839001343721833,16.094192730742805,13.095949589290823,16.0,-10.0,1.0,0.0,120.236090026821,-114.236090026821
E3_SITE_15_SEC_1,E3_SITE_15,10.0,H,ZERO_DBI_PROPAGATION_REFERENCE,0.0,6.77720160388296,24.839001343721833,16.094192730742805,13.095949589290823,16.0,-10.0,1.0,0.0,120.065494986598,-114.065494986598
E3_SITE_15_SEC_1,E3_SITE_15,1.0,H,ZERO_DBI_PROPAGATION_REFERENCE,0.0,6.77720160388296,24.839001343721833,16.094192730742805,13.095949589290823,16.0,-10.0,1.0,0.0,119.377402869593,-113.377402869593
E3_SITE_15_SEC_1,E3_SITE_15,0.1,H,ZERO_DBI_PROPAGATION_REFERENCE,0.0,6.77720160388296,24.839001343721833,16.094192730742805,13.095949589290823,16.0,-10.0,1.0,0.0,118.680079119389,-112.680079119389
E3_SITE_15_SEC_1,E3_SITE_15,0.01,H,ZERO_DBI_PROPAGATION_REFERENCE,0.0,6.77720160388296,24.839001343721833,16.094192730742805,13.095949589290823,16.0,-10.0,1.0,0.0,117.982754262155,-111.982754262155
E3_SITE_15_SEC_1,E3_SITE_15,0.005,H,ZERO_DBI_PROPAGATION_REFERENCE,0.0,6.77720160388296,24.839001343721833,16.094192730742805,13.095949589290823,16.0,-10.0,1.0,0.0,117.772837833258,-111.772837833258
E3_SITE_15_SEC_1,E3_SITE_15,50.0,V,ZERO_DBI_PROPAGATION_REFERENCE,0.0,6.77720160388296,24.839001343721833,16.094192730742805,13.095949589290823,16.0,-10.0,1.0,0.0,120.562134710459,-114.562134710459
E3_SITE_15_SEC_1,E3_SITE_15,20.0,V,ZERO_DBI_PROPAGATION_REFERENCE,0.0,6.77720160388296,24.839001343721833,16.094192730742805,13.095949589290823,16.0,-10.0,1.0,0.0,120.236090026821,-114.236090026821
E3_SITE_15_SEC_1,E3_SITE_15,10.0,V,ZERO_DBI_PROPAGATION_REFERENCE,0.0,6.77720160388296,24.839001343721833,16.094192730742805,13.095949589290823,16.0,-10.0,1.0,0.0,120.065494986598,-114.065494986598
E3_SITE_15_SEC_1,E3_SITE_15,1.0,V,ZERO_DBI_PROPAGATION_REFERENCE,0.0,6.77720160388296,24.839001343721833,16.094192730742805,13.095949589290823,16.0,-10.0,1.0,0.0,119.377402869593,-113.377402869593
E3_SITE_15_SEC_1,E3_SITE_15,0.1,V,ZERO_DBI_PROPAGATION_REFERENCE,0.0,6.77720160388296,24.839001343721833,16.094192730742805,13.095949589290823,16.0,-10.0,1.0,0.0,118.680079119389,-112.680079119389
E3_SITE_15_SEC_1,E3_SITE_15,0.01,V,ZERO_DBI_PROPAGATION_REFERENCE,0.0,6.77720160388296,24.839001343721833,16.094192730742805,13.095949589290823,16.0,-10.0,1.0,0.0,117.982754262155,-111.982754262155
E3_SITE_15_SEC_1,E3_SITE_15,0.005,V,ZERO_DBI_PROPAGATION_REFERENCE,0.0,6.77720160388296,24.839001343721833,16.094192730742805,13.095949589290823,16.0,-10.0,1.0,0.0,117.772837833258,-111.772837833258
E3_SITE_15_SEC_1,E3_SITE_15,50.0,H,ELEMENT_PATTERN_REFERENCE,6.77720160388296,6.77720160388296,24.839001343721833,16.094192730742805,13.095949589290823,16.0,-10.0,1.0,0.0,120.562134710459,-107.78493310657603
E3_SITE_15_SEC_1,E3_SITE_15,20.0,H,ELEMENT_PATTERN_REFERENCE,6.77720160388296,6.77720160388296,24.839001343721833,16.094192730742805,13.095949589290823,16.0,-10.0,1.0,0.0,120.236090026821,-107.45888842293805
E3_SITE_15_SEC_1,E3_SITE_15,10.0,H,ELEMENT_PATTERN_REFERENCE,6.77720160388296,6.77720160388296,24.839001343721833,16.094192730742805,13.095949589290823,16.0,-10.0,1.0,0.0,120.065494986598,-107.28829338271504
E3_SITE_15_SEC_1,E3_SITE_15,1.0,H,ELEMENT_PATTERN_REFERENCE,6.77720160388296,6.77720160388296,24.839001343721833,16.094192730742805,13.095949589290823,16.0,-10.0,1.0,0.0,119.377402869593,-106.60020126571004
E3_SITE_15_SEC_1,E3_SITE_15,0.1,H,ELEMENT_PATTERN_REFERENCE,6.77720160388296,6.77720160388296,24.839001343721833,16.094192730742805,13.095949589290823,16.0,-10.0,1.0,0.0,118.680079119389,-105.90287751550603
E3_SITE_15_SEC_1,E3_SITE_15,0.01,H,ELEMENT_PATTERN_REFERENCE,6.77720160388296,6.77720160388296,24.839001343721833,16.094192730742805,13.095949589290823,16.0,-10.0,1.0,0.0,117.982754262155,-105.20555265827204
E3_SITE_15_SEC_1,E3_SITE_15,0.005,H,ELEMENT_PATTERN_REFERENCE,6.77720160388296,6.77720160388296,24.839001343721833,16.094192730742805,13.095949589290823,16.0,-10.0,1.0,0.0,117.772837833258,-104.99563622937504
E3_SITE_15_SEC_1,E3_SITE_15,50.0,V,ELEMENT_PATTERN_REFERENCE,6.77720160388296,6.77720160388296,24.839001343721833,16.094192730742805,13.095949589290823,16.0,-10.0,1.0,0.0,120.562134710459,-107.78493310657603
E3_SITE_15_SEC_1,E3_SITE_15,20.0,V,ELEMENT_PATTERN_REFERENCE,6.77720160388296,6.77720160388296,24.839001343721833,16.094192730742805,13.095949589290823,16.0,-10.0,1.0,0.0,120.236090026821,-107.45888842293805
E3_SITE_15_SEC_1,E3_SITE_15,10.0,V,ELEMENT_PATTERN_REFERENCE,6.77720160388296,6.77720160388296,24.839001343721833,16.094192730742805,13.095949589290823,16.0,-10.0,1.0,0.0,120.065494986598,-107.28829338271504
E3_SITE_15_SEC_1,E3_SITE_15,1.0,V,ELEMENT_PATTERN_REFERENCE,6.77720160388296,6.77720160388296,24.839001343721833,16.094192730742805,13.095949589290823,16.0,-10.0,1.0,0.0,119.377402869593,-106.60020126571004
E3_SITE_15_SEC_1,E3_SITE_15,0.1,V,ELEMENT_PATTERN_REFERENCE,6.77720160388296,6.77720160388296,24.839001343721833,16.094192730742805,13.095949589290823,16.0,-10.0,1.0,0.0,118.680079119389,-105.90287751550603
E3_SITE_15_SEC_1,E3_SITE_15,0.01,V,ELEMENT_PATTERN_REFERENCE,6.77720160388296,6.77720160388296,24.839001343721833,16.094192730742805,13.095949589290823,16.0,-10.0,1.0,0.0,117.982754262155,-105.20555265827204
E3_SITE_15_SEC_1,E3_SITE_15,0.005,V,ELEMENT_PATTERN_REFERENCE,6.77720160388296,6.77720160388296,24.839001343721833,16.094192730742805,13.095949589290823,16.0,-10.0,1.0,0.0,117.772837833258,-104.99563622937504
E3_SITE_15_SEC_1,E3_SITE_15,50.0,H,COHERENT_ARRAY_UPPER_ENVELOPE,24.839001343721833,6.77720160388296,24.839001343721833,16.094192730742805,13.095949589290823,16.0,-10.0,1.0,0.0,120.562134710459,-89.72313336673717
E3_SITE_15_SEC_1,E3_SITE_15,20.0,H,COHERENT_ARRAY_UPPER_ENVELOPE,24.839001343721833,6.77720160388296,24.839001343721833,16.094192730742805,13.095949589290823,16.0,-10.0,1.0,0.0,120.236090026821,-89.39708868309917
E3_SITE_15_SEC_1,E3_SITE_15,10.0,H,COHERENT_ARRAY_UPPER_ENVELOPE,24.839001343721833,6.77720160388296,24.839001343721833,16.094192730742805,13.095949589290823,16.0,-10.0,1.0,0.0,120.065494986598,-89.22649364287616
E3_SITE_15_SEC_1,E3_SITE_15,1.0,H,COHERENT_ARRAY_UPPER_ENVELOPE,24.839001343721833,6.77720160388296,24.839001343721833,16.094192730742805,13.095949589290823,16.0,-10.0,1.0,0.0,119.377402869593,-88.53840152587117
E3_SITE_15_SEC_1,E3_SITE_15,0.1,H,COHERENT_ARRAY_UPPER_ENVELOPE,24.839001343721833,6.77720160388296,24.839001343721833,16.094192730742805,13.095949589290823,16.0,-10.0,1.0,0.0,118.680079119389,-87.84107777566717
E3_SITE_15_SEC_1,E3_SITE_15,0.01,H,COHERENT_ARRAY_UPPER_ENVELOPE,24.839001343721833,6.77720160388296,24.839001343721833,16.094192730742805,13.095949589290823,16.0,-10.0,1.0,0.0,117.982754262155,-87.14375291843317
E3_SITE_15_SEC_1,E3_SITE_15,0.005,H,COHERENT_ARRAY_UPPER_ENVELOPE,24.839001343721833,6.77720160388296,24.839001343721833,16.094192730742805,13.095949589290823,16.0,-10.0,1.0,0.0,117.772837833258,-86.93383648953616
E3_SITE_15_SEC_1,E3_SITE_15,50.0,V,COHERENT_ARRAY_UPPER_ENVELOPE,24.839001343721833,6.77720160388296,24.839001343721833,16.094192730742805,13.095949589290823,16.0,-10.0,1.0,0.0,120.562134710459,-89.72313336673717
E3_SITE_15_SEC_1,E3_SITE_15,20.0,V,COHERENT_ARRAY_UPPER_ENVELOPE,24.839001343721833,6.77720160388296,24.839001343721833,16.094192730742805,13.095949589290823,16.0,-10.0,1.0,0.0,120.236090026821,-89.39708868309917
E3_SITE_15_SEC_1,E3_SITE_15,10.0,V,COHERENT_ARRAY_UPPER_ENVELOPE,24.839001343721833,6.77720160388296,24.839001343721833,16.094192730742805,13.095949589290823,16.0,-10.0,1.0,0.0,120.065494986598,-89.22649364287616
E3_SITE_15_SEC_1,E3_SITE_15,1.0,V,COHERENT_ARRAY_UPPER_ENVELOPE,24.839001343721833,6.77720160388296,24.839001343721833,16.094192730742805,13.095949589290823,16.0,-10.0,1.0,0.0,119.377402869593,-88.53840152587117
E3_SITE_15_SEC_1,E3_SITE_15,0.1,V,COHERENT_ARRAY_UPPER_ENVELOPE,24.839001343721833,6.77720160388296,24.839001343721833,16.094192730742805,13.095949589290823,16.0,-10.0,1.0,0.0,118.680079119389,-87.84107777566717
E3_SITE_15_SEC_1,E3_SITE_15,0.01,V,COHERENT_ARRAY_UPPER_ENVELOPE,24.839001343721833,6.77720160388296,24.839001343721833,16.094192730742805,13.095949589290823,16.0,-10.0,1.0,0.0,117.982754262155,-87.14375291843317
E3_SITE_15_SEC_1,E3_SITE_15,0.005,V,COHERENT_ARRAY_UPPER_ENVELOPE,24.839001343721833,6.77720160388296,24.839001343721833,16.094192730742805,13.095949589290823,16.0,-10.0,1.0,0.0,117.772837833258,-86.93383648953616
E3_SITE_15_SEC_2,E3_SITE_15,50.0,H,ZERO_DBI_PROPAGATION_REFERENCE,0.0,-22.0,-3.9382002601611283,-103.9058072692572,13.095949589290823,16.0,-10.0,1.0,0.0,120.562134710459,-114.562134710459
E3_SITE_15_SEC_2,E3_SITE_15,20.0,H,ZERO_DBI_PROPAGATION_REFERENCE,0.0,-22.0,-3.9382002601611283,-103.9058072692572,13.095949589290823,16.0,-10.0,1.0,0.0,120.236090026821,-114.236090026821
E3_SITE_15_SEC_2,E3_SITE_15,10.0,H,ZERO_DBI_PROPAGATION_REFERENCE,0.0,-22.0,-3.9382002601611283,-103.9058072692572,13.095949589290823,16.0,-10.0,1.0,0.0,120.065494986598,-114.065494986598
E3_SITE_15_SEC_2,E3_SITE_15,1.0,H,ZERO_DBI_PROPAGATION_REFERENCE,0.0,-22.0,-3.9382002601611283,-103.9058072692572,13.095949589290823,16.0,-10.0,1.0,0.0,119.377402869593,-113.377402869593
E3_SITE_15_SEC_2,E3_SITE_15,0.1,H,ZERO_DBI_PROPAGATION_REFERENCE,0.0,-22.0,-3.9382002601611283,-103.9058072692572,13.095949589290823,16.0,-10.0,1.0,0.0,118.680079119389,-112.680079119389
E3_SITE_15_SEC_2,E3_SITE_15,0.01,H,ZERO_DBI_PROPAGATION_REFERENCE,0.0,-22.0,-3.9382002601611283,-103.9058072692572,13.095949589290823,16.0,-10.0,1.0,0.0,117.982754262155,-111.982754262155
E3_SITE_15_SEC_2,E3_SITE_15,0.005,H,ZERO_DBI_PROPAGATION_REFERENCE,0.0,-22.0,-3.9382002601611283,-103.9058072692572,13.095949589290823,16.0,-10.0,1.0,0.0,117.772837833258,-111.772837833258
E3_SITE_15_SEC_2,E3_SITE_15,50.0,V,ZERO_DBI_PROPAGATION_REFERENCE,0.0,-22.0,-3.9382002601611283,-103.9058072692572,13.095949589290823,16.0,-10.0,1.0,0.0,120.562134710459,-114.562134710459
E3_SITE_15_SEC_2,E3_SITE_15,20.0,V,ZERO_DBI_PROPAGATION_REFERENCE,0.0,-22.0,-3.9382002601611283,-103.9058072692572,13.095949589290823,16.0,-10.0,1.0,0.0,120.236090026821,-114.236090026821
E3_SITE_15_SEC_2,E3_SITE_15,10.0,V,ZERO_DBI_PROPAGATION_REFERENCE,0.0,-22.0,-3.9382002601611283,-103.9058072692572,13.095949589290823,16.0,-10.0,1.0,0.0,120.065494986598,-114.065494986598
E3_SITE_15_SEC_2,E3_SITE_15,1.0,V,ZERO_DBI_PROPAGATION_REFERENCE,0.0,-22.0,-3.9382002601611283,-103.9058072692572,13.095949589290823,16.0,-10.0,1.0,0.0,119.377402869593,-113.377402869593
E3_SITE_15_SEC_2,E3_SITE_15,0.1,V,ZERO_DBI_PROPAGATION_REFERENCE,0.0,-22.0,-3.9382002601611283,-103.9058072692572,13.095949589290823,16.0,-10.0,1.0,0.0,118.680079119389,-112.680079119389
E3_SITE_15_SEC_2,E3_SITE_15,0.01,V,ZERO_DBI_PROPAGATION_REFERENCE,0.0,-22.0,-3.9382002601611283,-103.9058072692572,13.095949589290823,16.0,-10.0,1.0,0.0,117.982754262155,-111.982754262155
E3_SITE_15_SEC_2,E3_SITE_15,0.005,V,ZERO_DBI_PROPAGATION_REFERENCE,0.0,-22.0,-3.9382002601611283,-103.9058072692572,13.095949589290823,16.0,-10.0,1.0,0.0,117.772837833258,-111.772837833258
E3_SITE_15_SEC_2,E3_SITE_15,50.0,H,ELEMENT_PATTERN_REFERENCE,-22.0,-22.0,-3.9382002601611283,-103.9058072692572,13.095949589290823,16.0,-10.0,1.0,0.0,120.562134710459,-136.56213471045902
E3_SITE_15_SEC_2,E3_SITE_15,20.0,H,ELEMENT_PATTERN_REFERENCE,-22.0,-22.0,-3.9382002601611283,-103.9058072692572,13.095949589290823,16.0,-10.0,1.0,0.0,120.236090026821,-136.236090026821
E3_SITE_15_SEC_2,E3_SITE_15,10.0,H,ELEMENT_PATTERN_REFERENCE,-22.0,-22.0,-3.9382002601611283,-103.9058072692572,13.095949589290823,16.0,-10.0,1.0,0.0,120.065494986598,-136.065494986598
E3_SITE_15_SEC_2,E3_SITE_15,1.0,H,ELEMENT_PATTERN_REFERENCE,-22.0,-22.0,-3.9382002601611283,-103.9058072692572,13.095949589290823,16.0,-10.0,1.0,0.0,119.377402869593,-135.377402869593
E3_SITE_15_SEC_2,E3_SITE_15,0.1,H,ELEMENT_PATTERN_REFERENCE,-22.0,-22.0,-3.9382002601611283,-103.9058072692572,13.095949589290823,16.0,-10.0,1.0,0.0,118.680079119389,-134.680079119389
E3_SITE_15_SEC_2,E3_SITE_15,0.01,H,ELEMENT_PATTERN_REFERENCE,-22.0,-22.0,-3.9382002601611283,-103.9058072692572,13.095949589290823,16.0,-10.0,1.0,0.0,117.982754262155,-133.982754262155
E3_SITE_15_SEC_2,E3_SITE_15,0.005,H,ELEMENT_PATTERN_REFERENCE,-22.0,-22.0,-3.9382002601611283,-103.9058072692572,13.095949589290823,16.0,-10.0,1.0,0.0,117.772837833258,-133.772837833258
E3_SITE_15_SEC_2,E3_SITE_15,50.0,V,ELEMENT_PATTERN_REFERENCE,-22.0,-22.0,-3.9382002601611283,-103.9058072692572,13.095949589290823,16.0,-10.0,1.0,0.0,120.562134710459,-136.56213471045902
E3_SITE_15_SEC_2,E3_SITE_15,20.0,V,ELEMENT_PATTERN_REFERENCE,-22.0,-22.0,-3.9382002601611283,-103.9058072692572,13.095949589290823,16.0,-10.0,1.0,0.0,120.236090026821,-136.236090026821
E3_SITE_15_SEC_2,E3_SITE_15,10.0,V,ELEMENT_PATTERN_REFERENCE,-22.0,-22.0,-3.9382002601611283,-103.9058072692572,13.095949589290823,16.0,-10.0,1.0,0.0,120.065494986598,-136.065494986598
E3_SITE_15_SEC_2,E3_SITE_15,1.0,V,ELEMENT_PATTERN_REFERENCE,-22.0,-22.0,-3.9382002601611283,-103.9058072692572,13.095949589290823,16.0,-10.0,1.0,0.0,119.377402869593,-135.377402869593
E3_SITE_15_SEC_2,E3_SITE_15,0.1,V,ELEMENT_PATTERN_REFERENCE,-22.0,-22.0,-3.9382002601611283,-103.9058072692572,13.095949589290823,16.0,-10.0,1.0,0.0,118.680079119389,-134.680079119389
E3_SITE_15_SEC_2,E3_SITE_15,0.01,V,ELEMENT_PATTERN_REFERENCE,-22.0,-22.0,-3.9382002601611283,-103.9058072692572,13.095949589290823,16.0,-10.0,1.0,0.0,117.982754262155,-133.982754262155
E3_SITE_15_SEC_2,E3_SITE_15,0.005,V,ELEMENT_PATTERN_REFERENCE,-22.0,-22.0,-3.9382002601611283,-103.9058072692572,13.095949589290823,16.0,-10.0,1.0,0.0,117.772837833258,-133.772837833258
E3_SITE_15_SEC_2,E3_SITE_15,50.0,H,COHERENT_ARRAY_UPPER_ENVELOPE,-3.9382002601611283,-22.0,-3.9382002601611283,-103.9058072692572,13.095949589290823,16.0,-10.0,1.0,0.0,120.562134710459,-118.50033497062013
E3_SITE_15_SEC_2,E3_SITE_15,20.0,H,COHERENT_ARRAY_UPPER_ENVELOPE,-3.9382002601611283,-22.0,-3.9382002601611283,-103.9058072692572,13.095949589290823,16.0,-10.0,1.0,0.0,120.236090026821,-118.17429028698213
E3_SITE_15_SEC_2,E3_SITE_15,10.0,H,COHERENT_ARRAY_UPPER_ENVELOPE,-3.9382002601611283,-22.0,-3.9382002601611283,-103.9058072692572,13.095949589290823,16.0,-10.0,1.0,0.0,120.065494986598,-118.00369524675912
E3_SITE_15_SEC_2,E3_SITE_15,1.0,H,COHERENT_ARRAY_UPPER_ENVELOPE,-3.9382002601611283,-22.0,-3.9382002601611283,-103.9058072692572,13.095949589290823,16.0,-10.0,1.0,0.0,119.377402869593,-117.31560312975412
E3_SITE_15_SEC_2,E3_SITE_15,0.1,H,COHERENT_ARRAY_UPPER_ENVELOPE,-3.9382002601611283,-22.0,-3.9382002601611283,-103.9058072692572,13.095949589290823,16.0,-10.0,1.0,0.0,118.680079119389,-116.61827937955013
E3_SITE_15_SEC_2,E3_SITE_15,0.01,H,COHERENT_ARRAY_UPPER_ENVELOPE,-3.9382002601611283,-22.0,-3.9382002601611283,-103.9058072692572,13.095949589290823,16.0,-10.0,1.0,0.0,117.982754262155,-115.92095452231612
E3_SITE_15_SEC_2,E3_SITE_15,0.005,H,COHERENT_ARRAY_UPPER_ENVELOPE,-3.9382002601611283,-22.0,-3.9382002601611283,-103.9058072692572,13.095949589290823,16.0,-10.0,1.0,0.0,117.772837833258,-115.71103809341912
E3_SITE_15_SEC_2,E3_SITE_15,50.0,V,COHERENT_ARRAY_UPPER_ENVELOPE,-3.9382002601611283,-22.0,-3.9382002601611283,-103.9058072692572,13.095949589290823,16.0,-10.0,1.0,0.0,120.562134710459,-118.50033497062013
E3_SITE_15_SEC_2,E3_SITE_15,20.0,V,COHERENT_ARRAY_UPPER_ENVELOPE,-3.9382002601611283,-22.0,-3.9382002601611283,-103.9058072692572,13.095949589290823,16.0,-10.0,1.0,0.0,120.236090026821,-118.17429028698213
E3_SITE_15_SEC_2,E3_SITE_15,10.0,V,COHERENT_ARRAY_UPPER_ENVELOPE,-3.9382002601611283,-22.0,-3.9382002601611283,-103.9058072692572,13.095949589290823,16.0,-10.0,1.0,0.0,120.065494986598,-118.00369524675912
E3_SITE_15_SEC_2,E3_SITE_15,1.0,V,COHERENT_ARRAY_UPPER_ENVELOPE,-3.9382002601611283,-22.0,-3.9382002601611283,-103.9058072692572,13.095949589290823,16.0,-10.0,1.0,0.0,119.377402869593,-117.31560312975412
E3_SITE_15_SEC_2,E3_SITE_15,0.1,V,COHERENT_ARRAY_UPPER_ENVELOPE,-3.9382002601611283,-22.0,-3.9382002601611283,-103.9058072692572,13.095949589290823,16.0,-10.0,1.0,0.0,118.680079119389,-116.61827937955013
E3_SITE_15_SEC_2,E3_SITE_15,0.01,V,COHERENT_ARRAY_UPPER_ENVELOPE,-3.9382002601611283,-22.0,-3.9382002601611283,-103.9058072692572,13.095949589290823,16.0,-10.0,1.0,0.0,117.982754262155,-115.92095452231612
E3_SITE_15_SEC_2,E3_SITE_15,0.005,V,COHERENT_ARRAY_UPPER_ENVELOPE,-3.9382002601611283,-22.0,-3.9382002601611283,-103.9058072692572,13.095949589290823,16.0,-10.0,1.0,0.0,117.772837833258,-115.71103809341912
E3_SITE_15_SEC_3,E3_SITE_15,50.0,H,ZERO_DBI_PROPAGATION_REFERENCE,0.0,-22.0,-3.9382002601611283,136.0941927307428,13.095949589290823,16.0,-10.0,1.0,0.0,120.562134710459,-114.562134710459
E3_SITE_15_SEC_3,E3_SITE_15,20.0,H,ZERO_DBI_PROPAGATION_REFERENCE,0.0,-22.0,-3.9382002601611283,136.0941927307428,13.095949589290823,16.0,-10.0,1.0,0.0,120.236090026821,-114.236090026821
E3_SITE_15_SEC_3,E3_SITE_15,10.0,H,ZERO_DBI_PROPAGATION_REFERENCE,0.0,-22.0,-3.9382002601611283,136.0941927307428,13.095949589290823,16.0,-10.0,1.0,0.0,120.065494986598,-114.065494986598
E3_SITE_15_SEC_3,E3_SITE_15,1.0,H,ZERO_DBI_PROPAGATION_REFERENCE,0.0,-22.0,-3.9382002601611283,136.0941927307428,13.095949589290823,16.0,-10.0,1.0,0.0,119.377402869593,-113.377402869593
E3_SITE_15_SEC_3,E3_SITE_15,0.1,H,ZERO_DBI_PROPAGATION_REFERENCE,0.0,-22.0,-3.9382002601611283,136.0941927307428,13.095949589290823,16.0,-10.0,1.0,0.0,118.680079119389,-112.680079119389
E3_SITE_15_SEC_3,E3_SITE_15,0.01,H,ZERO_DBI_PROPAGATION_REFERENCE,0.0,-22.0,-3.9382002601611283,136.0941927307428,13.095949589290823,16.0,-10.0,1.0,0.0,117.982754262155,-111.982754262155
E3_SITE_15_SEC_3,E3_SITE_15,0.005,H,ZERO_DBI_PROPAGATION_REFERENCE,0.0,-22.0,-3.9382002601611283,136.0941927307428,13.095949589290823,16.0,-10.0,1.0,0.0,117.772837833258,-111.772837833258
E3_SITE_15_SEC_3,E3_SITE_15,50.0,V,ZERO_DBI_PROPAGATION_REFERENCE,0.0,-22.0,-3.9382002601611283,136.0941927307428,13.095949589290823,16.0,-10.0,1.0,0.0,120.562134710459,-114.562134710459
E3_SITE_15_SEC_3,E3_SITE_15,20.0,V,ZERO_DBI_PROPAGATION_REFERENCE,0.0,-22.0,-3.9382002601611283,136.0941927307428,13.095949589290823,16.0,-10.0,1.0,0.0,120.236090026821,-114.236090026821
E3_SITE_15_SEC_3,E3_SITE_15,10.0,V,ZERO_DBI_PROPAGATION_REFERENCE,0.0,-22.0,-3.9382002601611283,136.0941927307428,13.095949589290823,16.0,-10.0,1.0,0.0,120.065494986598,-114.065494986598
E3_SITE_15_SEC_3,E3_SITE_15,1.0,V,ZERO_DBI_PROPAGATION_REFERENCE,0.0,-22.0,-3.9382002601611283,136.0941927307428,13.095949589290823,16.0,-10.0,1.0,0.0,119.377402869593,-113.377402869593
E3_SITE_15_SEC_3,E3_SITE_15,0.1,V,ZERO_DBI_PROPAGATION_REFERENCE,0.0,-22.0,-3.9382002601611283,136.0941927307428,13.095949589290823,16.0,-10.0,1.0,0.0,118.680079119389,-112.680079119389
E3_SITE_15_SEC_3,E3_SITE_15,0.01,V,ZERO_DBI_PROPAGATION_REFERENCE,0.0,-22.0,-3.9382002601611283,136.0941927307428,13.095949589290823,16.0,-10.0,1.0,0.0,117.982754262155,-111.982754262155
E3_SITE_15_SEC_3,E3_SITE_15,0.005,V,ZERO_DBI_PROPAGATION_REFERENCE,0.0,-22.0,-3.9382002601611283,136.0941927307428,13.095949589290823,16.0,-10.0,1.0,0.0,117.772837833258,-111.772837833258
E3_SITE_15_SEC_3,E3_SITE_15,50.0,H,ELEMENT_PATTERN_REFERENCE,-22.0,-22.0,-3.9382002601611283,136.0941927307428,13.095949589290823,16.0,-10.0,1.0,0.0,120.562134710459,-136.56213471045902
E3_SITE_15_SEC_3,E3_SITE_15,20.0,H,ELEMENT_PATTERN_REFERENCE,-22.0,-22.0,-3.9382002601611283,136.0941927307428,13.095949589290823,16.0,-10.0,1.0,0.0,120.236090026821,-136.236090026821
E3_SITE_15_SEC_3,E3_SITE_15,10.0,H,ELEMENT_PATTERN_REFERENCE,-22.0,-22.0,-3.9382002601611283,136.0941927307428,13.095949589290823,16.0,-10.0,1.0,0.0,120.065494986598,-136.065494986598
E3_SITE_15_SEC_3,E3_SITE_15,1.0,H,ELEMENT_PATTERN_REFERENCE,-22.0,-22.0,-3.9382002601611283,136.0941927307428,13.095949589290823,16.0,-10.0,1.0,0.0,119.377402869593,-135.377402869593
E3_SITE_15_SEC_3,E3_SITE_15,0.1,H,ELEMENT_PATTERN_REFERENCE,-22.0,-22.0,-3.9382002601611283,136.0941927307428,13.095949589290823,16.0,-10.0,1.0,0.0,118.680079119389,-134.680079119389
E3_SITE_15_SEC_3,E3_SITE_15,0.01,H,ELEMENT_PATTERN_REFERENCE,-22.0,-22.0,-3.9382002601611283,136.0941927307428,13.095949589290823,16.0,-10.0,1.0,0.0,117.982754262155,-133.982754262155
E3_SITE_15_SEC_3,E3_SITE_15,0.005,H,ELEMENT_PATTERN_REFERENCE,-22.0,-22.0,-3.9382002601611283,136.0941927307428,13.095949589290823,16.0,-10.0,1.0,0.0,117.772837833258,-133.772837833258
E3_SITE_15_SEC_3,E3_SITE_15,50.0,V,ELEMENT_PATTERN_REFERENCE,-22.0,-22.0,-3.9382002601611283,136.0941927307428,13.095949589290823,16.0,-10.0,1.0,0.0,120.562134710459,-136.56213471045902
E3_SITE_15_SEC_3,E3_SITE_15,20.0,V,ELEMENT_PATTERN_REFERENCE,-22.0,-22.0,-3.9382002601611283,136.0941927307428,13.095949589290823,16.0,-10.0,1.0,0.0,120.236090026821,-136.236090026821
E3_SITE_15_SEC_3,E3_SITE_15,10.0,V,ELEMENT_PATTERN_REFERENCE,-22.0,-22.0,-3.9382002601611283,136.0941927307428,13.095949589290823,16.0,-10.0,1.0,0.0,120.065494986598,-136.065494986598
E3_SITE_15_SEC_3,E3_SITE_15,1.0,V,ELEMENT_PATTERN_REFERENCE,-22.0,-22.0,-3.9382002601611283,136.0941927307428,13.095949589290823,16.0,-10.0,1.0,0.0,119.377402869593,-135.377402869593
E3_SITE_15_SEC_3,E3_SITE_15,0.1,V,ELEMENT_PATTERN_REFERENCE,-22.0,-22.0,-3.9382002601611283,136.0941927307428,13.095949589290823,16.0,-10.0,1.0,0.0,118.680079119389,-134.680079119389
E3_SITE_15_SEC_3,E3_SITE_15,0.01,V,ELEMENT_PATTERN_REFERENCE,-22.0,-22.0,-3.9382002601611283,136.0941927307428,13.095949589290823,16.0,-10.0,1.0,0.0,117.982754262155,-133.982754262155
E3_SITE_15_SEC_3,E3_SITE_15,0.005,V,ELEMENT_PATTERN_REFERENCE,-22.0,-22.0,-3.9382002601611283,136.0941927307428,13.095949589290823,16.0,-10.0,1.0,0.0,117.772837833258,-133.772837833258
E3_SITE_15_SEC_3,E3_SITE_15,50.0,H,COHERENT_ARRAY_UPPER_ENVELOPE,-3.9382002601611283,-22.0,-3.9382002601611283,136.0941927307428,13.095949589290823,16.0,-10.0,1.0,0.0,120.562134710459,-118.50033497062013
E3_SITE_15_SEC_3,E3_SITE_15,20.0,H,COHERENT_ARRAY_UPPER_ENVELOPE,-3.9382002601611283,-22.0,-3.9382002601611283,136.0941927307428,13.095949589290823,16.0,-10.0,1.0,0.0,120.236090026821,-118.17429028698213
E3_SITE_15_SEC_3,E3_SITE_15,10.0,H,COHERENT_ARRAY_UPPER_ENVELOPE,-3.9382002601611283,-22.0,-3.9382002601611283,136.0941927307428,13.095949589290823,16.0,-10.0,1.0,0.0,120.065494986598,-118.00369524675912
E3_SITE_15_SEC_3,E3_SITE_15,1.0,H,COHERENT_ARRAY_UPPER_ENVELOPE,-3.9382002601611283,-22.0,-3.9382002601611283,136.0941927307428,13.095949589290823,16.0,-10.0,1.0,0.0,119.377402869593,-117.31560312975412
E3_SITE_15_SEC_3,E3_SITE_15,0.1,H,COHERENT_ARRAY_UPPER_ENVELOPE,-3.9382002601611283,-22.0,-3.9382002601611283,136.0941927307428,13.095949589290823,16.0,-10.0,1.0,0.0,118.680079119389,-116.61827937955013
E3_SITE_15_SEC_3,E3_SITE_15,0.01,H,COHERENT_ARRAY_UPPER_ENVELOPE,-3.9382002601611283,-22.0,-3.9382002601611283,136.0941927307428,13.095949589290823,16.0,-10.0,1.0,0.0,117.982754262155,-115.92095452231612
E3_SITE_15_SEC_3,E3_SITE_15,0.005,H,COHERENT_ARRAY_UPPER_ENVELOPE,-3.9382002601611283,-22.0,-3.9382002601611283,136.0941927307428,13.095949589290823,16.0,-10.0,1.0,0.0,117.772837833258,-115.71103809341912
E3_SITE_15_SEC_3,E3_SITE_15,50.0,V,COHERENT_ARRAY_UPPER_ENVELOPE,-3.9382002601611283,-22.0,-3.9382002601611283,136.0941927307428,13.095949589290823,16.0,-10.0,1.0,0.0,120.562134710459,-118.50033497062013
E3_SITE_15_SEC_3,E3_SITE_15,20.0,V,COHERENT_ARRAY_UPPER_ENVELOPE,-3.9382002601611283,-22.0,-3.9382002601611283,136.0941927307428,13.095949589290823,16.0,-10.0,1.0,0.0,120.236090026821,-118.17429028698213
E3_SITE_15_SEC_3,E3_SITE_15,10.0,V,COHERENT_ARRAY_UPPER_ENVELOPE,-3.9382002601611283,-22.0,-3.9382002601611283,136.0941927307428,13.095949589290823,16.0,-10.0,1.0,0.0,120.065494986598,-118.00369524675912
E3_SITE_15_SEC_3,E3_SITE_15,1.0,V,COHERENT_ARRAY_UPPER_ENVELOPE,-3.9382002601611283,-22.0,-3.9382002601611283,136.0941927307428,13.095949589290823,16.0,-10.0,1.0,0.0,119.377402869593,-117.31560312975412
E3_SITE_15_SEC_3,E3_SITE_15,0.1,V,COHERENT_ARRAY_UPPER_ENVELOPE,-3.9382002601611283,-22.0,-3.9382002601611283,136.0941927307428,13.095949589290823,16.0,-10.0,1.0,0.0,118.680079119389,-116.61827937955013
E3_SITE_15_SEC_3,E3_SITE_15,0.01,V,COHERENT_ARRAY_UPPER_ENVELOPE,-3.9382002601611283,-22.0,-3.9382002601611283,136.0941927307428,13.095949589290823,16.0,-10.0,1.0,0.0,117.982754262155,-115.92095452231612
E3_SITE_15_SEC_3,E3_SITE_15,0.005,V,COHERENT_ARRAY_UPPER_ENVELOPE,-3.9382002601611283,-22.0,-3.9382002601611283,136.0941927307428,13.095949589290823,16.0,-10.0,1.0,0.0,117.772837833258,-115.71103809341912
E3_SITE_16_SEC_1,E3_SITE_16,50.0,H,ZERO_DBI_PROPAGATION_REFERENCE,0.0,7.258517480077728,25.3203172199166,-10.889433435661545,11.93666103535363,16.0,-10.0,1.0,0.0,117.856284606679,-111.856284606679
E3_SITE_16_SEC_1,E3_SITE_16,20.0,H,ZERO_DBI_PROPAGATION_REFERENCE,0.0,7.258517480077728,25.3203172199166,-10.889433435661545,11.93666103535363,16.0,-10.0,1.0,0.0,117.608220398658,-111.608220398658
E3_SITE_16_SEC_1,E3_SITE_16,10.0,H,ZERO_DBI_PROPAGATION_REFERENCE,0.0,7.258517480077728,25.3203172199166,-10.889433435661545,11.93666103535363,16.0,-10.0,1.0,0.0,117.478426766875,-111.478426766875
E3_SITE_16_SEC_1,E3_SITE_16,1.0,H,ZERO_DBI_PROPAGATION_REFERENCE,0.0,7.258517480077728,25.3203172199166,-10.889433435661545,11.93666103535363,16.0,-10.0,1.0,0.0,116.951732388245,-110.951732388245
E3_SITE_16_SEC_1,E3_SITE_16,0.1,H,ZERO_DBI_PROPAGATION_REFERENCE,0.0,7.258517480077728,25.3203172199166,-10.889433435661545,11.93666103535363,16.0,-10.0,1.0,0.0,116.419320055812,-110.419320055812
E3_SITE_16_SEC_1,E3_SITE_16,0.01,H,ZERO_DBI_PROPAGATION_REFERENCE,0.0,7.258517480077728,25.3203172199166,-10.889433435661545,11.93666103535363,16.0,-10.0,1.0,0.0,115.886906227883,-109.886906227883
E3_SITE_16_SEC_1,E3_SITE_16,0.005,H,ZERO_DBI_PROPAGATION_REFERENCE,0.0,7.258517480077728,25.3203172199166,-10.889433435661545,11.93666103535363,16.0,-10.0,1.0,0.0,115.726632659068,-109.726632659068
E3_SITE_16_SEC_1,E3_SITE_16,50.0,V,ZERO_DBI_PROPAGATION_REFERENCE,0.0,7.258517480077728,25.3203172199166,-10.889433435661545,11.93666103535363,16.0,-10.0,1.0,0.0,117.856284606679,-111.856284606679
E3_SITE_16_SEC_1,E3_SITE_16,20.0,V,ZERO_DBI_PROPAGATION_REFERENCE,0.0,7.258517480077728,25.3203172199166,-10.889433435661545,11.93666103535363,16.0,-10.0,1.0,0.0,117.608220398658,-111.608220398658
E3_SITE_16_SEC_1,E3_SITE_16,10.0,V,ZERO_DBI_PROPAGATION_REFERENCE,0.0,7.258517480077728,25.3203172199166,-10.889433435661545,11.93666103535363,16.0,-10.0,1.0,0.0,117.478426766875,-111.478426766875
E3_SITE_16_SEC_1,E3_SITE_16,1.0,V,ZERO_DBI_PROPAGATION_REFERENCE,0.0,7.258517480077728,25.3203172199166,-10.889433435661545,11.93666103535363,16.0,-10.0,1.0,0.0,116.951732388245,-110.951732388245
E3_SITE_16_SEC_1,E3_SITE_16,0.1,V,ZERO_DBI_PROPAGATION_REFERENCE,0.0,7.258517480077728,25.3203172199166,-10.889433435661545,11.93666103535363,16.0,-10.0,1.0,0.0,116.419320055812,-110.419320055812
E3_SITE_16_SEC_1,E3_SITE_16,0.01,V,ZERO_DBI_PROPAGATION_REFERENCE,0.0,7.258517480077728,25.3203172199166,-10.889433435661545,11.93666103535363,16.0,-10.0,1.0,0.0,115.886906227883,-109.886906227883
E3_SITE_16_SEC_1,E3_SITE_16,0.005,V,ZERO_DBI_PROPAGATION_REFERENCE,0.0,7.258517480077728,25.3203172199166,-10.889433435661545,11.93666103535363,16.0,-10.0,1.0,0.0,115.726632659068,-109.726632659068
E3_SITE_16_SEC_1,E3_SITE_16,50.0,H,ELEMENT_PATTERN_REFERENCE,7.258517480077728,7.258517480077728,25.3203172199166,-10.889433435661545,11.93666103535363,16.0,-10.0,1.0,0.0,117.856284606679,-104.59776712660128
E3_SITE_16_SEC_1,E3_SITE_16,20.0,H,ELEMENT_PATTERN_REFERENCE,7.258517480077728,7.258517480077728,25.3203172199166,-10.889433435661545,11.93666103535363,16.0,-10.0,1.0,0.0,117.608220398658,-104.34970291858028
E3_SITE_16_SEC_1,E3_SITE_16,10.0,H,ELEMENT_PATTERN_REFERENCE,7.258517480077728,7.258517480077728,25.3203172199166,-10.889433435661545,11.93666103535363,16.0,-10.0,1.0,0.0,117.478426766875,-104.21990928679728
E3_SITE_16_SEC_1,E3_SITE_16,1.0,H,ELEMENT_PATTERN_REFERENCE,7.258517480077728,7.258517480077728,25.3203172199166,-10.889433435661545,11.93666103535363,16.0,-10.0,1.0,0.0,116.951732388245,-103.69321490816728
E3_SITE_16_SEC_1,E3_SITE_16,0.1,H,ELEMENT_PATTERN_REFERENCE,7.258517480077728,7.258517480077728,25.3203172199166,-10.889433435661545,11.93666103535363,16.0,-10.0,1.0,0.0,116.419320055812,-103.16080257573428
E3_SITE_16_SEC_1,E3_SITE_16,0.01,H,ELEMENT_PATTERN_REFERENCE,7.258517480077728,7.258517480077728,25.3203172199166,-10.889433435661545,11.93666103535363,16.0,-10.0,1.0,0.0,115.886906227883,-102.62838874780527
E3_SITE_16_SEC_1,E3_SITE_16,0.005,H,ELEMENT_PATTERN_REFERENCE,7.258517480077728,7.258517480077728,25.3203172199166,-10.889433435661545,11.93666103535363,16.0,-10.0,1.0,0.0,115.726632659068,-102.46811517899027
E3_SITE_16_SEC_1,E3_SITE_16,50.0,V,ELEMENT_PATTERN_REFERENCE,7.258517480077728,7.258517480077728,25.3203172199166,-10.889433435661545,11.93666103535363,16.0,-10.0,1.0,0.0,117.856284606679,-104.59776712660128
E3_SITE_16_SEC_1,E3_SITE_16,20.0,V,ELEMENT_PATTERN_REFERENCE,7.258517480077728,7.258517480077728,25.3203172199166,-10.889433435661545,11.93666103535363,16.0,-10.0,1.0,0.0,117.608220398658,-104.34970291858028
E3_SITE_16_SEC_1,E3_SITE_16,10.0,V,ELEMENT_PATTERN_REFERENCE,7.258517480077728,7.258517480077728,25.3203172199166,-10.889433435661545,11.93666103535363,16.0,-10.0,1.0,0.0,117.478426766875,-104.21990928679728
E3_SITE_16_SEC_1,E3_SITE_16,1.0,V,ELEMENT_PATTERN_REFERENCE,7.258517480077728,7.258517480077728,25.3203172199166,-10.889433435661545,11.93666103535363,16.0,-10.0,1.0,0.0,116.951732388245,-103.69321490816728
E3_SITE_16_SEC_1,E3_SITE_16,0.1,V,ELEMENT_PATTERN_REFERENCE,7.258517480077728,7.258517480077728,25.3203172199166,-10.889433435661545,11.93666103535363,16.0,-10.0,1.0,0.0,116.419320055812,-103.16080257573428
E3_SITE_16_SEC_1,E3_SITE_16,0.01,V,ELEMENT_PATTERN_REFERENCE,7.258517480077728,7.258517480077728,25.3203172199166,-10.889433435661545,11.93666103535363,16.0,-10.0,1.0,0.0,115.886906227883,-102.62838874780527
E3_SITE_16_SEC_1,E3_SITE_16,0.005,V,ELEMENT_PATTERN_REFERENCE,7.258517480077728,7.258517480077728,25.3203172199166,-10.889433435661545,11.93666103535363,16.0,-10.0,1.0,0.0,115.726632659068,-102.46811517899027
E3_SITE_16_SEC_1,E3_SITE_16,50.0,H,COHERENT_ARRAY_UPPER_ENVELOPE,25.3203172199166,7.258517480077728,25.3203172199166,-10.889433435661545,11.93666103535363,16.0,-10.0,1.0,0.0,117.856284606679,-86.5359673867624
E3_SITE_16_SEC_1,E3_SITE_16,20.0,H,COHERENT_ARRAY_UPPER_ENVELOPE,25.3203172199166,7.258517480077728,25.3203172199166,-10.889433435661545,11.93666103535363,16.0,-10.0,1.0,0.0,117.608220398658,-86.2879031787414
E3_SITE_16_SEC_1,E3_SITE_16,10.0,H,COHERENT_ARRAY_UPPER_ENVELOPE,25.3203172199166,7.258517480077728,25.3203172199166,-10.889433435661545,11.93666103535363,16.0,-10.0,1.0,0.0,117.478426766875,-86.1581095469584
E3_SITE_16_SEC_1,E3_SITE_16,1.0,H,COHERENT_ARRAY_UPPER_ENVELOPE,25.3203172199166,7.258517480077728,25.3203172199166,-10.889433435661545,11.93666103535363,16.0,-10.0,1.0,0.0,116.951732388245,-85.6314151683284
E3_SITE_16_SEC_1,E3_SITE_16,0.1,H,COHERENT_ARRAY_UPPER_ENVELOPE,25.3203172199166,7.258517480077728,25.3203172199166,-10.889433435661545,11.93666103535363,16.0,-10.0,1.0,0.0,116.419320055812,-85.09900283589539
E3_SITE_16_SEC_1,E3_SITE_16,0.01,H,COHERENT_ARRAY_UPPER_ENVELOPE,25.3203172199166,7.258517480077728,25.3203172199166,-10.889433435661545,11.93666103535363,16.0,-10.0,1.0,0.0,115.886906227883,-84.5665890079664
E3_SITE_16_SEC_1,E3_SITE_16,0.005,H,COHERENT_ARRAY_UPPER_ENVELOPE,25.3203172199166,7.258517480077728,25.3203172199166,-10.889433435661545,11.93666103535363,16.0,-10.0,1.0,0.0,115.726632659068,-84.4063154391514
E3_SITE_16_SEC_1,E3_SITE_16,50.0,V,COHERENT_ARRAY_UPPER_ENVELOPE,25.3203172199166,7.258517480077728,25.3203172199166,-10.889433435661545,11.93666103535363,16.0,-10.0,1.0,0.0,117.856284606679,-86.5359673867624
E3_SITE_16_SEC_1,E3_SITE_16,20.0,V,COHERENT_ARRAY_UPPER_ENVELOPE,25.3203172199166,7.258517480077728,25.3203172199166,-10.889433435661545,11.93666103535363,16.0,-10.0,1.0,0.0,117.608220398658,-86.2879031787414
E3_SITE_16_SEC_1,E3_SITE_16,10.0,V,COHERENT_ARRAY_UPPER_ENVELOPE,25.3203172199166,7.258517480077728,25.3203172199166,-10.889433435661545,11.93666103535363,16.0,-10.0,1.0,0.0,117.478426766875,-86.1581095469584
E3_SITE_16_SEC_1,E3_SITE_16,1.0,V,COHERENT_ARRAY_UPPER_ENVELOPE,25.3203172199166,7.258517480077728,25.3203172199166,-10.889433435661545,11.93666103535363,16.0,-10.0,1.0,0.0,116.951732388245,-85.6314151683284
E3_SITE_16_SEC_1,E3_SITE_16,0.1,V,COHERENT_ARRAY_UPPER_ENVELOPE,25.3203172199166,7.258517480077728,25.3203172199166,-10.889433435661545,11.93666103535363,16.0,-10.0,1.0,0.0,116.419320055812,-85.09900283589539
E3_SITE_16_SEC_1,E3_SITE_16,0.01,V,COHERENT_ARRAY_UPPER_ENVELOPE,25.3203172199166,7.258517480077728,25.3203172199166,-10.889433435661545,11.93666103535363,16.0,-10.0,1.0,0.0,115.886906227883,-84.5665890079664
E3_SITE_16_SEC_1,E3_SITE_16,0.005,V,COHERENT_ARRAY_UPPER_ENVELOPE,25.3203172199166,7.258517480077728,25.3203172199166,-10.889433435661545,11.93666103535363,16.0,-10.0,1.0,0.0,115.726632659068,-84.4063154391514
E3_SITE_16_SEC_2,E3_SITE_16,50.0,H,ZERO_DBI_PROPAGATION_REFERENCE,0.0,-22.0,-3.9382002601611283,-130.88943343566154,11.93666103535363,16.0,-10.0,1.0,0.0,117.856284606679,-111.856284606679
E3_SITE_16_SEC_2,E3_SITE_16,20.0,H,ZERO_DBI_PROPAGATION_REFERENCE,0.0,-22.0,-3.9382002601611283,-130.88943343566154,11.93666103535363,16.0,-10.0,1.0,0.0,117.608220398658,-111.608220398658
E3_SITE_16_SEC_2,E3_SITE_16,10.0,H,ZERO_DBI_PROPAGATION_REFERENCE,0.0,-22.0,-3.9382002601611283,-130.88943343566154,11.93666103535363,16.0,-10.0,1.0,0.0,117.478426766875,-111.478426766875
E3_SITE_16_SEC_2,E3_SITE_16,1.0,H,ZERO_DBI_PROPAGATION_REFERENCE,0.0,-22.0,-3.9382002601611283,-130.88943343566154,11.93666103535363,16.0,-10.0,1.0,0.0,116.951732388245,-110.951732388245
E3_SITE_16_SEC_2,E3_SITE_16,0.1,H,ZERO_DBI_PROPAGATION_REFERENCE,0.0,-22.0,-3.9382002601611283,-130.88943343566154,11.93666103535363,16.0,-10.0,1.0,0.0,116.419320055812,-110.419320055812
E3_SITE_16_SEC_2,E3_SITE_16,0.01,H,ZERO_DBI_PROPAGATION_REFERENCE,0.0,-22.0,-3.9382002601611283,-130.88943343566154,11.93666103535363,16.0,-10.0,1.0,0.0,115.886906227883,-109.886906227883
E3_SITE_16_SEC_2,E3_SITE_16,0.005,H,ZERO_DBI_PROPAGATION_REFERENCE,0.0,-22.0,-3.9382002601611283,-130.88943343566154,11.93666103535363,16.0,-10.0,1.0,0.0,115.726632659068,-109.726632659068
E3_SITE_16_SEC_2,E3_SITE_16,50.0,V,ZERO_DBI_PROPAGATION_REFERENCE,0.0,-22.0,-3.9382002601611283,-130.88943343566154,11.93666103535363,16.0,-10.0,1.0,0.0,117.856284606679,-111.856284606679
E3_SITE_16_SEC_2,E3_SITE_16,20.0,V,ZERO_DBI_PROPAGATION_REFERENCE,0.0,-22.0,-3.9382002601611283,-130.88943343566154,11.93666103535363,16.0,-10.0,1.0,0.0,117.608220398658,-111.608220398658
E3_SITE_16_SEC_2,E3_SITE_16,10.0,V,ZERO_DBI_PROPAGATION_REFERENCE,0.0,-22.0,-3.9382002601611283,-130.88943343566154,11.93666103535363,16.0,-10.0,1.0,0.0,117.478426766875,-111.478426766875
E3_SITE_16_SEC_2,E3_SITE_16,1.0,V,ZERO_DBI_PROPAGATION_REFERENCE,0.0,-22.0,-3.9382002601611283,-130.88943343566154,11.93666103535363,16.0,-10.0,1.0,0.0,116.951732388245,-110.951732388245
E3_SITE_16_SEC_2,E3_SITE_16,0.1,V,ZERO_DBI_PROPAGATION_REFERENCE,0.0,-22.0,-3.9382002601611283,-130.88943343566154,11.93666103535363,16.0,-10.0,1.0,0.0,116.419320055812,-110.419320055812
E3_SITE_16_SEC_2,E3_SITE_16,0.01,V,ZERO_DBI_PROPAGATION_REFERENCE,0.0,-22.0,-3.9382002601611283,-130.88943343566154,11.93666103535363,16.0,-10.0,1.0,0.0,115.886906227883,-109.886906227883
E3_SITE_16_SEC_2,E3_SITE_16,0.005,V,ZERO_DBI_PROPAGATION_REFERENCE,0.0,-22.0,-3.9382002601611283,-130.88943343566154,11.93666103535363,16.0,-10.0,1.0,0.0,115.726632659068,-109.726632659068
E3_SITE_16_SEC_2,E3_SITE_16,50.0,H,ELEMENT_PATTERN_REFERENCE,-22.0,-22.0,-3.9382002601611283,-130.88943343566154,11.93666103535363,16.0,-10.0,1.0,0.0,117.856284606679,-133.856284606679
E3_SITE_16_SEC_2,E3_SITE_16,20.0,H,ELEMENT_PATTERN_REFERENCE,-22.0,-22.0,-3.9382002601611283,-130.88943343566154,11.93666103535363,16.0,-10.0,1.0,0.0,117.608220398658,-133.608220398658
E3_SITE_16_SEC_2,E3_SITE_16,10.0,H,ELEMENT_PATTERN_REFERENCE,-22.0,-22.0,-3.9382002601611283,-130.88943343566154,11.93666103535363,16.0,-10.0,1.0,0.0,117.478426766875,-133.478426766875
E3_SITE_16_SEC_2,E3_SITE_16,1.0,H,ELEMENT_PATTERN_REFERENCE,-22.0,-22.0,-3.9382002601611283,-130.88943343566154,11.93666103535363,16.0,-10.0,1.0,0.0,116.951732388245,-132.951732388245
E3_SITE_16_SEC_2,E3_SITE_16,0.1,H,ELEMENT_PATTERN_REFERENCE,-22.0,-22.0,-3.9382002601611283,-130.88943343566154,11.93666103535363,16.0,-10.0,1.0,0.0,116.419320055812,-132.419320055812
E3_SITE_16_SEC_2,E3_SITE_16,0.01,H,ELEMENT_PATTERN_REFERENCE,-22.0,-22.0,-3.9382002601611283,-130.88943343566154,11.93666103535363,16.0,-10.0,1.0,0.0,115.886906227883,-131.886906227883
E3_SITE_16_SEC_2,E3_SITE_16,0.005,H,ELEMENT_PATTERN_REFERENCE,-22.0,-22.0,-3.9382002601611283,-130.88943343566154,11.93666103535363,16.0,-10.0,1.0,0.0,115.726632659068,-131.726632659068
E3_SITE_16_SEC_2,E3_SITE_16,50.0,V,ELEMENT_PATTERN_REFERENCE,-22.0,-22.0,-3.9382002601611283,-130.88943343566154,11.93666103535363,16.0,-10.0,1.0,0.0,117.856284606679,-133.856284606679
E3_SITE_16_SEC_2,E3_SITE_16,20.0,V,ELEMENT_PATTERN_REFERENCE,-22.0,-22.0,-3.9382002601611283,-130.88943343566154,11.93666103535363,16.0,-10.0,1.0,0.0,117.608220398658,-133.608220398658
E3_SITE_16_SEC_2,E3_SITE_16,10.0,V,ELEMENT_PATTERN_REFERENCE,-22.0,-22.0,-3.9382002601611283,-130.88943343566154,11.93666103535363,16.0,-10.0,1.0,0.0,117.478426766875,-133.478426766875
E3_SITE_16_SEC_2,E3_SITE_16,1.0,V,ELEMENT_PATTERN_REFERENCE,-22.0,-22.0,-3.9382002601611283,-130.88943343566154,11.93666103535363,16.0,-10.0,1.0,0.0,116.951732388245,-132.951732388245
E3_SITE_16_SEC_2,E3_SITE_16,0.1,V,ELEMENT_PATTERN_REFERENCE,-22.0,-22.0,-3.9382002601611283,-130.88943343566154,11.93666103535363,16.0,-10.0,1.0,0.0,116.419320055812,-132.419320055812
E3_SITE_16_SEC_2,E3_SITE_16,0.01,V,ELEMENT_PATTERN_REFERENCE,-22.0,-22.0,-3.9382002601611283,-130.88943343566154,11.93666103535363,16.0,-10.0,1.0,0.0,115.886906227883,-131.886906227883
E3_SITE_16_SEC_2,E3_SITE_16,0.005,V,ELEMENT_PATTERN_REFERENCE,-22.0,-22.0,-3.9382002601611283,-130.88943343566154,11.93666103535363,16.0,-10.0,1.0,0.0,115.726632659068,-131.726632659068
E3_SITE_16_SEC_2,E3_SITE_16,50.0,H,COHERENT_ARRAY_UPPER_ENVELOPE,-3.9382002601611283,-22.0,-3.9382002601611283,-130.88943343566154,11.93666103535363,16.0,-10.0,1.0,0.0,117.856284606679,-115.79448486684012
E3_SITE_16_SEC_2,E3_SITE_16,20.0,H,COHERENT_ARRAY_UPPER_ENVELOPE,-3.9382002601611283,-22.0,-3.9382002601611283,-130.88943343566154,11.93666103535363,16.0,-10.0,1.0,0.0,117.608220398658,-115.54642065881913
E3_SITE_16_SEC_2,E3_SITE_16,10.0,H,COHERENT_ARRAY_UPPER_ENVELOPE,-3.9382002601611283,-22.0,-3.9382002601611283,-130.88943343566154,11.93666103535363,16.0,-10.0,1.0,0.0,117.478426766875,-115.41662702703613
E3_SITE_16_SEC_2,E3_SITE_16,1.0,H,COHERENT_ARRAY_UPPER_ENVELOPE,-3.9382002601611283,-22.0,-3.9382002601611283,-130.88943343566154,11.93666103535363,16.0,-10.0,1.0,0.0,116.951732388245,-114.88993264840613
E3_SITE_16_SEC_2,E3_SITE_16,0.1,H,COHERENT_ARRAY_UPPER_ENVELOPE,-3.9382002601611283,-22.0,-3.9382002601611283,-130.88943343566154,11.93666103535363,16.0,-10.0,1.0,0.0,116.419320055812,-114.35752031597312
E3_SITE_16_SEC_2,E3_SITE_16,0.01,H,COHERENT_ARRAY_UPPER_ENVELOPE,-3.9382002601611283,-22.0,-3.9382002601611283,-130.88943343566154,11.93666103535363,16.0,-10.0,1.0,0.0,115.886906227883,-113.82510648804413
E3_SITE_16_SEC_2,E3_SITE_16,0.005,H,COHERENT_ARRAY_UPPER_ENVELOPE,-3.9382002601611283,-22.0,-3.9382002601611283,-130.88943343566154,11.93666103535363,16.0,-10.0,1.0,0.0,115.726632659068,-113.66483291922913
E3_SITE_16_SEC_2,E3_SITE_16,50.0,V,COHERENT_ARRAY_UPPER_ENVELOPE,-3.9382002601611283,-22.0,-3.9382002601611283,-130.88943343566154,11.93666103535363,16.0,-10.0,1.0,0.0,117.856284606679,-115.79448486684012
E3_SITE_16_SEC_2,E3_SITE_16,20.0,V,COHERENT_ARRAY_UPPER_ENVELOPE,-3.9382002601611283,-22.0,-3.9382002601611283,-130.88943343566154,11.93666103535363,16.0,-10.0,1.0,0.0,117.608220398658,-115.54642065881913
E3_SITE_16_SEC_2,E3_SITE_16,10.0,V,COHERENT_ARRAY_UPPER_ENVELOPE,-3.9382002601611283,-22.0,-3.9382002601611283,-130.88943343566154,11.93666103535363,16.0,-10.0,1.0,0.0,117.478426766875,-115.41662702703613
E3_SITE_16_SEC_2,E3_SITE_16,1.0,V,COHERENT_ARRAY_UPPER_ENVELOPE,-3.9382002601611283,-22.0,-3.9382002601611283,-130.88943343566154,11.93666103535363,16.0,-10.0,1.0,0.0,116.951732388245,-114.88993264840613
E3_SITE_16_SEC_2,E3_SITE_16,0.1,V,COHERENT_ARRAY_UPPER_ENVELOPE,-3.9382002601611283,-22.0,-3.9382002601611283,-130.88943343566154,11.93666103535363,16.0,-10.0,1.0,0.0,116.419320055812,-114.35752031597312
E3_SITE_16_SEC_2,E3_SITE_16,0.01,V,COHERENT_ARRAY_UPPER_ENVELOPE,-3.9382002601611283,-22.0,-3.9382002601611283,-130.88943343566154,11.93666103535363,16.0,-10.0,1.0,0.0,115.886906227883,-113.82510648804413
E3_SITE_16_SEC_2,E3_SITE_16,0.005,V,COHERENT_ARRAY_UPPER_ENVELOPE,-3.9382002601611283,-22.0,-3.9382002601611283,-130.88943343566154,11.93666103535363,16.0,-10.0,1.0,0.0,115.726632659068,-113.66483291922913
E3_SITE_16_SEC_3,E3_SITE_16,50.0,H,ZERO_DBI_PROPAGATION_REFERENCE,0.0,-22.0,-3.9382002601611283,109.11056656433846,11.93666103535363,16.0,-10.0,1.0,0.0,117.856284606679,-111.856284606679
E3_SITE_16_SEC_3,E3_SITE_16,20.0,H,ZERO_DBI_PROPAGATION_REFERENCE,0.0,-22.0,-3.9382002601611283,109.11056656433846,11.93666103535363,16.0,-10.0,1.0,0.0,117.608220398658,-111.608220398658
E3_SITE_16_SEC_3,E3_SITE_16,10.0,H,ZERO_DBI_PROPAGATION_REFERENCE,0.0,-22.0,-3.9382002601611283,109.11056656433846,11.93666103535363,16.0,-10.0,1.0,0.0,117.478426766875,-111.478426766875
E3_SITE_16_SEC_3,E3_SITE_16,1.0,H,ZERO_DBI_PROPAGATION_REFERENCE,0.0,-22.0,-3.9382002601611283,109.11056656433846,11.93666103535363,16.0,-10.0,1.0,0.0,116.951732388245,-110.951732388245
E3_SITE_16_SEC_3,E3_SITE_16,0.1,H,ZERO_DBI_PROPAGATION_REFERENCE,0.0,-22.0,-3.9382002601611283,109.11056656433846,11.93666103535363,16.0,-10.0,1.0,0.0,116.419320055812,-110.419320055812
E3_SITE_16_SEC_3,E3_SITE_16,0.01,H,ZERO_DBI_PROPAGATION_REFERENCE,0.0,-22.0,-3.9382002601611283,109.11056656433846,11.93666103535363,16.0,-10.0,1.0,0.0,115.886906227883,-109.886906227883
E3_SITE_16_SEC_3,E3_SITE_16,0.005,H,ZERO_DBI_PROPAGATION_REFERENCE,0.0,-22.0,-3.9382002601611283,109.11056656433846,11.93666103535363,16.0,-10.0,1.0,0.0,115.726632659068,-109.726632659068
E3_SITE_16_SEC_3,E3_SITE_16,50.0,V,ZERO_DBI_PROPAGATION_REFERENCE,0.0,-22.0,-3.9382002601611283,109.11056656433846,11.93666103535363,16.0,-10.0,1.0,0.0,117.856284606679,-111.856284606679
E3_SITE_16_SEC_3,E3_SITE_16,20.0,V,ZERO_DBI_PROPAGATION_REFERENCE,0.0,-22.0,-3.9382002601611283,109.11056656433846,11.93666103535363,16.0,-10.0,1.0,0.0,117.608220398658,-111.608220398658
E3_SITE_16_SEC_3,E3_SITE_16,10.0,V,ZERO_DBI_PROPAGATION_REFERENCE,0.0,-22.0,-3.9382002601611283,109.11056656433846,11.93666103535363,16.0,-10.0,1.0,0.0,117.478426766875,-111.478426766875
E3_SITE_16_SEC_3,E3_SITE_16,1.0,V,ZERO_DBI_PROPAGATION_REFERENCE,0.0,-22.0,-3.9382002601611283,109.11056656433846,11.93666103535363,16.0,-10.0,1.0,0.0,116.951732388245,-110.951732388245
E3_SITE_16_SEC_3,E3_SITE_16,0.1,V,ZERO_DBI_PROPAGATION_REFERENCE,0.0,-22.0,-3.9382002601611283,109.11056656433846,11.93666103535363,16.0,-10.0,1.0,0.0,116.419320055812,-110.419320055812
E3_SITE_16_SEC_3,E3_SITE_16,0.01,V,ZERO_DBI_PROPAGATION_REFERENCE,0.0,-22.0,-3.9382002601611283,109.11056656433846,11.93666103535363,16.0,-10.0,1.0,0.0,115.886906227883,-109.886906227883
E3_SITE_16_SEC_3,E3_SITE_16,0.005,V,ZERO_DBI_PROPAGATION_REFERENCE,0.0,-22.0,-3.9382002601611283,109.11056656433846,11.93666103535363,16.0,-10.0,1.0,0.0,115.726632659068,-109.726632659068
E3_SITE_16_SEC_3,E3_SITE_16,50.0,H,ELEMENT_PATTERN_REFERENCE,-22.0,-22.0,-3.9382002601611283,109.11056656433846,11.93666103535363,16.0,-10.0,1.0,0.0,117.856284606679,-133.856284606679
E3_SITE_16_SEC_3,E3_SITE_16,20.0,H,ELEMENT_PATTERN_REFERENCE,-22.0,-22.0,-3.9382002601611283,109.11056656433846,11.93666103535363,16.0,-10.0,1.0,0.0,117.608220398658,-133.608220398658
E3_SITE_16_SEC_3,E3_SITE_16,10.0,H,ELEMENT_PATTERN_REFERENCE,-22.0,-22.0,-3.9382002601611283,109.11056656433846,11.93666103535363,16.0,-10.0,1.0,0.0,117.478426766875,-133.478426766875
E3_SITE_16_SEC_3,E3_SITE_16,1.0,H,ELEMENT_PATTERN_REFERENCE,-22.0,-22.0,-3.9382002601611283,109.11056656433846,11.93666103535363,16.0,-10.0,1.0,0.0,116.951732388245,-132.951732388245
E3_SITE_16_SEC_3,E3_SITE_16,0.1,H,ELEMENT_PATTERN_REFERENCE,-22.0,-22.0,-3.9382002601611283,109.11056656433846,11.93666103535363,16.0,-10.0,1.0,0.0,116.419320055812,-132.419320055812
E3_SITE_16_SEC_3,E3_SITE_16,0.01,H,ELEMENT_PATTERN_REFERENCE,-22.0,-22.0,-3.9382002601611283,109.11056656433846,11.93666103535363,16.0,-10.0,1.0,0.0,115.886906227883,-131.886906227883
E3_SITE_16_SEC_3,E3_SITE_16,0.005,H,ELEMENT_PATTERN_REFERENCE,-22.0,-22.0,-3.9382002601611283,109.11056656433846,11.93666103535363,16.0,-10.0,1.0,0.0,115.726632659068,-131.726632659068
E3_SITE_16_SEC_3,E3_SITE_16,50.0,V,ELEMENT_PATTERN_REFERENCE,-22.0,-22.0,-3.9382002601611283,109.11056656433846,11.93666103535363,16.0,-10.0,1.0,0.0,117.856284606679,-133.856284606679
E3_SITE_16_SEC_3,E3_SITE_16,20.0,V,ELEMENT_PATTERN_REFERENCE,-22.0,-22.0,-3.9382002601611283,109.11056656433846,11.93666103535363,16.0,-10.0,1.0,0.0,117.608220398658,-133.608220398658
E3_SITE_16_SEC_3,E3_SITE_16,10.0,V,ELEMENT_PATTERN_REFERENCE,-22.0,-22.0,-3.9382002601611283,109.11056656433846,11.93666103535363,16.0,-10.0,1.0,0.0,117.478426766875,-133.478426766875
E3_SITE_16_SEC_3,E3_SITE_16,1.0,V,ELEMENT_PATTERN_REFERENCE,-22.0,-22.0,-3.9382002601611283,109.11056656433846,11.93666103535363,16.0,-10.0,1.0,0.0,116.951732388245,-132.951732388245
E3_SITE_16_SEC_3,E3_SITE_16,0.1,V,ELEMENT_PATTERN_REFERENCE,-22.0,-22.0,-3.9382002601611283,109.11056656433846,11.93666103535363,16.0,-10.0,1.0,0.0,116.419320055812,-132.419320055812
E3_SITE_16_SEC_3,E3_SITE_16,0.01,V,ELEMENT_PATTERN_REFERENCE,-22.0,-22.0,-3.9382002601611283,109.11056656433846,11.93666103535363,16.0,-10.0,1.0,0.0,115.886906227883,-131.886906227883
E3_SITE_16_SEC_3,E3_SITE_16,0.005,V,ELEMENT_PATTERN_REFERENCE,-22.0,-22.0,-3.9382002601611283,109.11056656433846,11.93666103535363,16.0,-10.0,1.0,0.0,115.726632659068,-131.726632659068
E3_SITE_16_SEC_3,E3_SITE_16,50.0,H,COHERENT_ARRAY_UPPER_ENVELOPE,-3.9382002601611283,-22.0,-3.9382002601611283,109.11056656433846,11.93666103535363,16.0,-10.0,1.0,0.0,117.856284606679,-115.79448486684012
E3_SITE_16_SEC_3,E3_SITE_16,20.0,H,COHERENT_ARRAY_UPPER_ENVELOPE,-3.9382002601611283,-22.0,-3.9382002601611283,109.11056656433846,11.93666103535363,16.0,-10.0,1.0,0.0,117.608220398658,-115.54642065881913
E3_SITE_16_SEC_3,E3_SITE_16,10.0,H,COHERENT_ARRAY_UPPER_ENVELOPE,-3.9382002601611283,-22.0,-3.9382002601611283,109.11056656433846,11.93666103535363,16.0,-10.0,1.0,0.0,117.478426766875,-115.41662702703613
E3_SITE_16_SEC_3,E3_SITE_16,1.0,H,COHERENT_ARRAY_UPPER_ENVELOPE,-3.9382002601611283,-22.0,-3.9382002601611283,109.11056656433846,11.93666103535363,16.0,-10.0,1.0,0.0,116.951732388245,-114.88993264840613
E3_SITE_16_SEC_3,E3_SITE_16,0.1,H,COHERENT_ARRAY_UPPER_ENVELOPE,-3.9382002601611283,-22.0,-3.9382002601611283,109.11056656433846,11.93666103535363,16.0,-10.0,1.0,0.0,116.419320055812,-114.35752031597312
E3_SITE_16_SEC_3,E3_SITE_16,0.01,H,COHERENT_ARRAY_UPPER_ENVELOPE,-3.9382002601611283,-22.0,-3.9382002601611283,109.11056656433846,11.93666103535363,16.0,-10.0,1.0,0.0,115.886906227883,-113.82510648804413
E3_SITE_16_SEC_3,E3_SITE_16,0.005,H,COHERENT_ARRAY_UPPER_ENVELOPE,-3.9382002601611283,-22.0,-3.9382002601611283,109.11056656433846,11.93666103535363,16.0,-10.0,1.0,0.0,115.726632659068,-113.66483291922913
E3_SITE_16_SEC_3,E3_SITE_16,50.0,V,COHERENT_ARRAY_UPPER_ENVELOPE,-3.9382002601611283,-22.0,-3.9382002601611283,109.11056656433846,11.93666103535363,16.0,-10.0,1.0,0.0,117.856284606679,-115.79448486684012
E3_SITE_16_SEC_3,E3_SITE_16,20.0,V,COHERENT_ARRAY_UPPER_ENVELOPE,-3.9382002601611283,-22.0,-3.9382002601611283,109.11056656433846,11.93666103535363,16.0,-10.0,1.0,0.0,117.608220398658,-115.54642065881913
E3_SITE_16_SEC_3,E3_SITE_16,10.0,V,COHERENT_ARRAY_UPPER_ENVELOPE,-3.9382002601611283,-22.0,-3.9382002601611283,109.11056656433846,11.93666103535363,16.0,-10.0,1.0,0.0,117.478426766875,-115.41662702703613
E3_SITE_16_SEC_3,E3_SITE_16,1.0,V,COHERENT_ARRAY_UPPER_ENVELOPE,-3.9382002601611283,-22.0,-3.9382002601611283,109.11056656433846,11.93666103535363,16.0,-10.0,1.0,0.0,116.951732388245,-114.88993264840613
E3_SITE_16_SEC_3,E3_SITE_16,0.1,V,COHERENT_ARRAY_UPPER_ENVELOPE,-3.9382002601611283,-22.0,-3.9382002601611283,109.11056656433846,11.93666103535363,16.0,-10.0,1.0,0.0,116.419320055812,-114.35752031597312
E3_SITE_16_SEC_3,E3_SITE_16,0.01,V,COHERENT_ARRAY_UPPER_ENVELOPE,-3.9382002601611283,-22.0,-3.9382002601611283,109.11056656433846,11.93666103535363,16.0,-10.0,1.0,0.0,115.886906227883,-113.82510648804413
E3_SITE_16_SEC_3,E3_SITE_16,0.005,V,COHERENT_ARRAY_UPPER_ENVELOPE,-3.9382002601611283,-22.0,-3.9382002601611283,109.11056656433846,11.93666103535363,16.0,-10.0,1.0,0.0,115.726632659068,-113.66483291922913
E3_SITE_17_SEC_1,E3_SITE_17,50.0,H,ZERO_DBI_PROPAGATION_REFERENCE,0.0,6.480935403227959,24.54273514306683,19.098683392596257,13.04138104073046,16.0,-10.0,1.0,0.0,162.183591456292,-156.183591456292
E3_SITE_17_SEC_1,E3_SITE_17,20.0,H,ZERO_DBI_PROPAGATION_REFERENCE,0.0,6.480935403227959,24.54273514306683,19.098683392596257,13.04138104073046,16.0,-10.0,1.0,0.0,161.940123993172,-155.940123993172
E3_SITE_17_SEC_1,E3_SITE_17,10.0,H,ZERO_DBI_PROPAGATION_REFERENCE,0.0,6.480935403227959,24.54273514306683,19.098683392596257,13.04138104073046,16.0,-10.0,1.0,0.0,161.757739594946,-155.757739594946
E3_SITE_17_SEC_1,E3_SITE_17,1.0,H,ZERO_DBI_PROPAGATION_REFERENCE,0.0,6.480935403227959,24.54273514306683,19.098683392596257,13.04138104073046,16.0,-10.0,1.0,0.0,161.164725964078,-155.164725964078
E3_SITE_17_SEC_1,E3_SITE_17,0.1,H,ZERO_DBI_PROPAGATION_REFERENCE,0.0,6.480935403227959,24.54273514306683,19.098683392596257,13.04138104073046,16.0,-10.0,1.0,0.0,160.572207459625,-154.572207459625
E3_SITE_17_SEC_1,E3_SITE_17,0.01,H,ZERO_DBI_PROPAGATION_REFERENCE,0.0,6.480935403227959,24.54273514306683,19.098683392596257,13.04138104073046,16.0,-10.0,1.0,0.0,159.979677861568,-153.979677861568
E3_SITE_17_SEC_1,E3_SITE_17,0.005,H,ZERO_DBI_PROPAGATION_REFERENCE,0.0,6.480935403227959,24.54273514306683,19.098683392596257,13.04138104073046,16.0,-10.0,1.0,0.0,159.801301127382,-153.801301127382
E3_SITE_17_SEC_1,E3_SITE_17,50.0,V,ZERO_DBI_PROPAGATION_REFERENCE,0.0,6.480935403227959,24.54273514306683,19.098683392596257,13.04138104073046,16.0,-10.0,1.0,0.0,162.183591456292,-156.183591456292
E3_SITE_17_SEC_1,E3_SITE_17,20.0,V,ZERO_DBI_PROPAGATION_REFERENCE,0.0,6.480935403227959,24.54273514306683,19.098683392596257,13.04138104073046,16.0,-10.0,1.0,0.0,161.940123993172,-155.940123993172
E3_SITE_17_SEC_1,E3_SITE_17,10.0,V,ZERO_DBI_PROPAGATION_REFERENCE,0.0,6.480935403227959,24.54273514306683,19.098683392596257,13.04138104073046,16.0,-10.0,1.0,0.0,161.757739594946,-155.757739594946
E3_SITE_17_SEC_1,E3_SITE_17,1.0,V,ZERO_DBI_PROPAGATION_REFERENCE,0.0,6.480935403227959,24.54273514306683,19.098683392596257,13.04138104073046,16.0,-10.0,1.0,0.0,161.164725964078,-155.164725964078
E3_SITE_17_SEC_1,E3_SITE_17,0.1,V,ZERO_DBI_PROPAGATION_REFERENCE,0.0,6.480935403227959,24.54273514306683,19.098683392596257,13.04138104073046,16.0,-10.0,1.0,0.0,160.572207459625,-154.572207459625
E3_SITE_17_SEC_1,E3_SITE_17,0.01,V,ZERO_DBI_PROPAGATION_REFERENCE,0.0,6.480935403227959,24.54273514306683,19.098683392596257,13.04138104073046,16.0,-10.0,1.0,0.0,159.979677861568,-153.979677861568
E3_SITE_17_SEC_1,E3_SITE_17,0.005,V,ZERO_DBI_PROPAGATION_REFERENCE,0.0,6.480935403227959,24.54273514306683,19.098683392596257,13.04138104073046,16.0,-10.0,1.0,0.0,159.801301127382,-153.801301127382
E3_SITE_17_SEC_1,E3_SITE_17,50.0,H,ELEMENT_PATTERN_REFERENCE,6.480935403227959,6.480935403227959,24.54273514306683,19.098683392596257,13.04138104073046,16.0,-10.0,1.0,0.0,162.183591456292,-149.70265605306403
E3_SITE_17_SEC_1,E3_SITE_17,20.0,H,ELEMENT_PATTERN_REFERENCE,6.480935403227959,6.480935403227959,24.54273514306683,19.098683392596257,13.04138104073046,16.0,-10.0,1.0,0.0,161.940123993172,-149.45918858994403
E3_SITE_17_SEC_1,E3_SITE_17,10.0,H,ELEMENT_PATTERN_REFERENCE,6.480935403227959,6.480935403227959,24.54273514306683,19.098683392596257,13.04138104073046,16.0,-10.0,1.0,0.0,161.757739594946,-149.27680419171804
E3_SITE_17_SEC_1,E3_SITE_17,1.0,H,ELEMENT_PATTERN_REFERENCE,6.480935403227959,6.480935403227959,24.54273514306683,19.098683392596257,13.04138104073046,16.0,-10.0,1.0,0.0,161.164725964078,-148.68379056085004
E3_SITE_17_SEC_1,E3_SITE_17,0.1,H,ELEMENT_PATTERN_REFERENCE,6.480935403227959,6.480935403227959,24.54273514306683,19.098683392596257,13.04138104073046,16.0,-10.0,1.0,0.0,160.572207459625,-148.09127205639703
E3_SITE_17_SEC_1,E3_SITE_17,0.01,H,ELEMENT_PATTERN_REFERENCE,6.480935403227959,6.480935403227959,24.54273514306683,19.098683392596257,13.04138104073046,16.0,-10.0,1.0,0.0,159.979677861568,-147.49874245834005
E3_SITE_17_SEC_1,E3_SITE_17,0.005,H,ELEMENT_PATTERN_REFERENCE,6.480935403227959,6.480935403227959,24.54273514306683,19.098683392596257,13.04138104073046,16.0,-10.0,1.0,0.0,159.801301127382,-147.32036572415404
E3_SITE_17_SEC_1,E3_SITE_17,50.0,V,ELEMENT_PATTERN_REFERENCE,6.480935403227959,6.480935403227959,24.54273514306683,19.098683392596257,13.04138104073046,16.0,-10.0,1.0,0.0,162.183591456292,-149.70265605306403
E3_SITE_17_SEC_1,E3_SITE_17,20.0,V,ELEMENT_PATTERN_REFERENCE,6.480935403227959,6.480935403227959,24.54273514306683,19.098683392596257,13.04138104073046,16.0,-10.0,1.0,0.0,161.940123993172,-149.45918858994403
E3_SITE_17_SEC_1,E3_SITE_17,10.0,V,ELEMENT_PATTERN_REFERENCE,6.480935403227959,6.480935403227959,24.54273514306683,19.098683392596257,13.04138104073046,16.0,-10.0,1.0,0.0,161.757739594946,-149.27680419171804
E3_SITE_17_SEC_1,E3_SITE_17,1.0,V,ELEMENT_PATTERN_REFERENCE,6.480935403227959,6.480935403227959,24.54273514306683,19.098683392596257,13.04138104073046,16.0,-10.0,1.0,0.0,161.164725964078,-148.68379056085004
E3_SITE_17_SEC_1,E3_SITE_17,0.1,V,ELEMENT_PATTERN_REFERENCE,6.480935403227959,6.480935403227959,24.54273514306683,19.098683392596257,13.04138104073046,16.0,-10.0,1.0,0.0,160.572207459625,-148.09127205639703
E3_SITE_17_SEC_1,E3_SITE_17,0.01,V,ELEMENT_PATTERN_REFERENCE,6.480935403227959,6.480935403227959,24.54273514306683,19.098683392596257,13.04138104073046,16.0,-10.0,1.0,0.0,159.979677861568,-147.49874245834005
E3_SITE_17_SEC_1,E3_SITE_17,0.005,V,ELEMENT_PATTERN_REFERENCE,6.480935403227959,6.480935403227959,24.54273514306683,19.098683392596257,13.04138104073046,16.0,-10.0,1.0,0.0,159.801301127382,-147.32036572415404
E3_SITE_17_SEC_1,E3_SITE_17,50.0,H,COHERENT_ARRAY_UPPER_ENVELOPE,24.54273514306683,6.480935403227959,24.54273514306683,19.098683392596257,13.04138104073046,16.0,-10.0,1.0,0.0,162.183591456292,-131.64085631322516
E3_SITE_17_SEC_1,E3_SITE_17,20.0,H,COHERENT_ARRAY_UPPER_ENVELOPE,24.54273514306683,6.480935403227959,24.54273514306683,19.098683392596257,13.04138104073046,16.0,-10.0,1.0,0.0,161.940123993172,-131.39738885010516
E3_SITE_17_SEC_1,E3_SITE_17,10.0,H,COHERENT_ARRAY_UPPER_ENVELOPE,24.54273514306683,6.480935403227959,24.54273514306683,19.098683392596257,13.04138104073046,16.0,-10.0,1.0,0.0,161.757739594946,-131.21500445187917
E3_SITE_17_SEC_1,E3_SITE_17,1.0,H,COHERENT_ARRAY_UPPER_ENVELOPE,24.54273514306683,6.480935403227959,24.54273514306683,19.098683392596257,13.04138104073046,16.0,-10.0,1.0,0.0,161.164725964078,-130.62199082101117
E3_SITE_17_SEC_1,E3_SITE_17,0.1,H,COHERENT_ARRAY_UPPER_ENVELOPE,24.54273514306683,6.480935403227959,24.54273514306683,19.098683392596257,13.04138104073046,16.0,-10.0,1.0,0.0,160.572207459625,-130.02947231655816
E3_SITE_17_SEC_1,E3_SITE_17,0.01,H,COHERENT_ARRAY_UPPER_ENVELOPE,24.54273514306683,6.480935403227959,24.54273514306683,19.098683392596257,13.04138104073046,16.0,-10.0,1.0,0.0,159.979677861568,-129.43694271850117
E3_SITE_17_SEC_1,E3_SITE_17,0.005,H,COHERENT_ARRAY_UPPER_ENVELOPE,24.54273514306683,6.480935403227959,24.54273514306683,19.098683392596257,13.04138104073046,16.0,-10.0,1.0,0.0,159.801301127382,-129.25856598431517
E3_SITE_17_SEC_1,E3_SITE_17,50.0,V,COHERENT_ARRAY_UPPER_ENVELOPE,24.54273514306683,6.480935403227959,24.54273514306683,19.098683392596257,13.04138104073046,16.0,-10.0,1.0,0.0,162.183591456292,-131.64085631322516
E3_SITE_17_SEC_1,E3_SITE_17,20.0,V,COHERENT_ARRAY_UPPER_ENVELOPE,24.54273514306683,6.480935403227959,24.54273514306683,19.098683392596257,13.04138104073046,16.0,-10.0,1.0,0.0,161.940123993172,-131.39738885010516
E3_SITE_17_SEC_1,E3_SITE_17,10.0,V,COHERENT_ARRAY_UPPER_ENVELOPE,24.54273514306683,6.480935403227959,24.54273514306683,19.098683392596257,13.04138104073046,16.0,-10.0,1.0,0.0,161.757739594946,-131.21500445187917
E3_SITE_17_SEC_1,E3_SITE_17,1.0,V,COHERENT_ARRAY_UPPER_ENVELOPE,24.54273514306683,6.480935403227959,24.54273514306683,19.098683392596257,13.04138104073046,16.0,-10.0,1.0,0.0,161.164725964078,-130.62199082101117
E3_SITE_17_SEC_1,E3_SITE_17,0.1,V,COHERENT_ARRAY_UPPER_ENVELOPE,24.54273514306683,6.480935403227959,24.54273514306683,19.098683392596257,13.04138104073046,16.0,-10.0,1.0,0.0,160.572207459625,-130.02947231655816
E3_SITE_17_SEC_1,E3_SITE_17,0.01,V,COHERENT_ARRAY_UPPER_ENVELOPE,24.54273514306683,6.480935403227959,24.54273514306683,19.098683392596257,13.04138104073046,16.0,-10.0,1.0,0.0,159.979677861568,-129.43694271850117
E3_SITE_17_SEC_1,E3_SITE_17,0.005,V,COHERENT_ARRAY_UPPER_ENVELOPE,24.54273514306683,6.480935403227959,24.54273514306683,19.098683392596257,13.04138104073046,16.0,-10.0,1.0,0.0,159.801301127382,-129.25856598431517
E3_SITE_17_SEC_2,E3_SITE_17,50.0,H,ZERO_DBI_PROPAGATION_REFERENCE,0.0,-21.399725384777437,-3.337925644938565,-100.90131660740374,13.04138104073046,16.0,-10.0,1.0,0.0,162.183591456292,-156.183591456292
E3_SITE_17_SEC_2,E3_SITE_17,20.0,H,ZERO_DBI_PROPAGATION_REFERENCE,0.0,-21.399725384777437,-3.337925644938565,-100.90131660740374,13.04138104073046,16.0,-10.0,1.0,0.0,161.940123993172,-155.940123993172
E3_SITE_17_SEC_2,E3_SITE_17,10.0,H,ZERO_DBI_PROPAGATION_REFERENCE,0.0,-21.399725384777437,-3.337925644938565,-100.90131660740374,13.04138104073046,16.0,-10.0,1.0,0.0,161.757739594946,-155.757739594946
E3_SITE_17_SEC_2,E3_SITE_17,1.0,H,ZERO_DBI_PROPAGATION_REFERENCE,0.0,-21.399725384777437,-3.337925644938565,-100.90131660740374,13.04138104073046,16.0,-10.0,1.0,0.0,161.164725964078,-155.164725964078
E3_SITE_17_SEC_2,E3_SITE_17,0.1,H,ZERO_DBI_PROPAGATION_REFERENCE,0.0,-21.399725384777437,-3.337925644938565,-100.90131660740374,13.04138104073046,16.0,-10.0,1.0,0.0,160.572207459625,-154.572207459625
E3_SITE_17_SEC_2,E3_SITE_17,0.01,H,ZERO_DBI_PROPAGATION_REFERENCE,0.0,-21.399725384777437,-3.337925644938565,-100.90131660740374,13.04138104073046,16.0,-10.0,1.0,0.0,159.979677861568,-153.979677861568
E3_SITE_17_SEC_2,E3_SITE_17,0.005,H,ZERO_DBI_PROPAGATION_REFERENCE,0.0,-21.399725384777437,-3.337925644938565,-100.90131660740374,13.04138104073046,16.0,-10.0,1.0,0.0,159.801301127382,-153.801301127382
E3_SITE_17_SEC_2,E3_SITE_17,50.0,V,ZERO_DBI_PROPAGATION_REFERENCE,0.0,-21.399725384777437,-3.337925644938565,-100.90131660740374,13.04138104073046,16.0,-10.0,1.0,0.0,162.183591456292,-156.183591456292
E3_SITE_17_SEC_2,E3_SITE_17,20.0,V,ZERO_DBI_PROPAGATION_REFERENCE,0.0,-21.399725384777437,-3.337925644938565,-100.90131660740374,13.04138104073046,16.0,-10.0,1.0,0.0,161.940123993172,-155.940123993172
E3_SITE_17_SEC_2,E3_SITE_17,10.0,V,ZERO_DBI_PROPAGATION_REFERENCE,0.0,-21.399725384777437,-3.337925644938565,-100.90131660740374,13.04138104073046,16.0,-10.0,1.0,0.0,161.757739594946,-155.757739594946
E3_SITE_17_SEC_2,E3_SITE_17,1.0,V,ZERO_DBI_PROPAGATION_REFERENCE,0.0,-21.399725384777437,-3.337925644938565,-100.90131660740374,13.04138104073046,16.0,-10.0,1.0,0.0,161.164725964078,-155.164725964078
E3_SITE_17_SEC_2,E3_SITE_17,0.1,V,ZERO_DBI_PROPAGATION_REFERENCE,0.0,-21.399725384777437,-3.337925644938565,-100.90131660740374,13.04138104073046,16.0,-10.0,1.0,0.0,160.572207459625,-154.572207459625
E3_SITE_17_SEC_2,E3_SITE_17,0.01,V,ZERO_DBI_PROPAGATION_REFERENCE,0.0,-21.399725384777437,-3.337925644938565,-100.90131660740374,13.04138104073046,16.0,-10.0,1.0,0.0,159.979677861568,-153.979677861568
E3_SITE_17_SEC_2,E3_SITE_17,0.005,V,ZERO_DBI_PROPAGATION_REFERENCE,0.0,-21.399725384777437,-3.337925644938565,-100.90131660740374,13.04138104073046,16.0,-10.0,1.0,0.0,159.801301127382,-153.801301127382
E3_SITE_17_SEC_2,E3_SITE_17,50.0,H,ELEMENT_PATTERN_REFERENCE,-21.399725384777437,-21.399725384777437,-3.337925644938565,-100.90131660740374,13.04138104073046,16.0,-10.0,1.0,0.0,162.183591456292,-177.58331684106943
E3_SITE_17_SEC_2,E3_SITE_17,20.0,H,ELEMENT_PATTERN_REFERENCE,-21.399725384777437,-21.399725384777437,-3.337925644938565,-100.90131660740374,13.04138104073046,16.0,-10.0,1.0,0.0,161.940123993172,-177.33984937794943
E3_SITE_17_SEC_2,E3_SITE_17,10.0,H,ELEMENT_PATTERN_REFERENCE,-21.399725384777437,-21.399725384777437,-3.337925644938565,-100.90131660740374,13.04138104073046,16.0,-10.0,1.0,0.0,161.757739594946,-177.15746497972344
E3_SITE_17_SEC_2,E3_SITE_17,1.0,H,ELEMENT_PATTERN_REFERENCE,-21.399725384777437,-21.399725384777437,-3.337925644938565,-100.90131660740374,13.04138104073046,16.0,-10.0,1.0,0.0,161.164725964078,-176.56445134885544
E3_SITE_17_SEC_2,E3_SITE_17,0.1,H,ELEMENT_PATTERN_REFERENCE,-21.399725384777437,-21.399725384777437,-3.337925644938565,-100.90131660740374,13.04138104073046,16.0,-10.0,1.0,0.0,160.572207459625,-175.97193284440243
E3_SITE_17_SEC_2,E3_SITE_17,0.01,H,ELEMENT_PATTERN_REFERENCE,-21.399725384777437,-21.399725384777437,-3.337925644938565,-100.90131660740374,13.04138104073046,16.0,-10.0,1.0,0.0,159.979677861568,-175.37940324634545
E3_SITE_17_SEC_2,E3_SITE_17,0.005,H,ELEMENT_PATTERN_REFERENCE,-21.399725384777437,-21.399725384777437,-3.337925644938565,-100.90131660740374,13.04138104073046,16.0,-10.0,1.0,0.0,159.801301127382,-175.20102651215944
E3_SITE_17_SEC_2,E3_SITE_17,50.0,V,ELEMENT_PATTERN_REFERENCE,-21.399725384777437,-21.399725384777437,-3.337925644938565,-100.90131660740374,13.04138104073046,16.0,-10.0,1.0,0.0,162.183591456292,-177.58331684106943
E3_SITE_17_SEC_2,E3_SITE_17,20.0,V,ELEMENT_PATTERN_REFERENCE,-21.399725384777437,-21.399725384777437,-3.337925644938565,-100.90131660740374,13.04138104073046,16.0,-10.0,1.0,0.0,161.940123993172,-177.33984937794943
E3_SITE_17_SEC_2,E3_SITE_17,10.0,V,ELEMENT_PATTERN_REFERENCE,-21.399725384777437,-21.399725384777437,-3.337925644938565,-100.90131660740374,13.04138104073046,16.0,-10.0,1.0,0.0,161.757739594946,-177.15746497972344
E3_SITE_17_SEC_2,E3_SITE_17,1.0,V,ELEMENT_PATTERN_REFERENCE,-21.399725384777437,-21.399725384777437,-3.337925644938565,-100.90131660740374,13.04138104073046,16.0,-10.0,1.0,0.0,161.164725964078,-176.56445134885544
E3_SITE_17_SEC_2,E3_SITE_17,0.1,V,ELEMENT_PATTERN_REFERENCE,-21.399725384777437,-21.399725384777437,-3.337925644938565,-100.90131660740374,13.04138104073046,16.0,-10.0,1.0,0.0,160.572207459625,-175.97193284440243
E3_SITE_17_SEC_2,E3_SITE_17,0.01,V,ELEMENT_PATTERN_REFERENCE,-21.399725384777437,-21.399725384777437,-3.337925644938565,-100.90131660740374,13.04138104073046,16.0,-10.0,1.0,0.0,159.979677861568,-175.37940324634545
E3_SITE_17_SEC_2,E3_SITE_17,0.005,V,ELEMENT_PATTERN_REFERENCE,-21.399725384777437,-21.399725384777437,-3.337925644938565,-100.90131660740374,13.04138104073046,16.0,-10.0,1.0,0.0,159.801301127382,-175.20102651215944
E3_SITE_17_SEC_2,E3_SITE_17,50.0,H,COHERENT_ARRAY_UPPER_ENVELOPE,-3.337925644938565,-21.399725384777437,-3.337925644938565,-100.90131660740374,13.04138104073046,16.0,-10.0,1.0,0.0,162.183591456292,-159.52151710123056
E3_SITE_17_SEC_2,E3_SITE_17,20.0,H,COHERENT_ARRAY_UPPER_ENVELOPE,-3.337925644938565,-21.399725384777437,-3.337925644938565,-100.90131660740374,13.04138104073046,16.0,-10.0,1.0,0.0,161.940123993172,-159.27804963811056
E3_SITE_17_SEC_2,E3_SITE_17,10.0,H,COHERENT_ARRAY_UPPER_ENVELOPE,-3.337925644938565,-21.399725384777437,-3.337925644938565,-100.90131660740374,13.04138104073046,16.0,-10.0,1.0,0.0,161.757739594946,-159.09566523988457
E3_SITE_17_SEC_2,E3_SITE_17,1.0,H,COHERENT_ARRAY_UPPER_ENVELOPE,-3.337925644938565,-21.399725384777437,-3.337925644938565,-100.90131660740374,13.04138104073046,16.0,-10.0,1.0,0.0,161.164725964078,-158.50265160901657
E3_SITE_17_SEC_2,E3_SITE_17,0.1,H,COHERENT_ARRAY_UPPER_ENVELOPE,-3.337925644938565,-21.399725384777437,-3.337925644938565,-100.90131660740374,13.04138104073046,16.0,-10.0,1.0,0.0,160.572207459625,-157.91013310456356
E3_SITE_17_SEC_2,E3_SITE_17,0.01,H,COHERENT_ARRAY_UPPER_ENVELOPE,-3.337925644938565,-21.399725384777437,-3.337925644938565,-100.90131660740374,13.04138104073046,16.0,-10.0,1.0,0.0,159.979677861568,-157.31760350650657
E3_SITE_17_SEC_2,E3_SITE_17,0.005,H,COHERENT_ARRAY_UPPER_ENVELOPE,-3.337925644938565,-21.399725384777437,-3.337925644938565,-100.90131660740374,13.04138104073046,16.0,-10.0,1.0,0.0,159.801301127382,-157.13922677232057
E3_SITE_17_SEC_2,E3_SITE_17,50.0,V,COHERENT_ARRAY_UPPER_ENVELOPE,-3.337925644938565,-21.399725384777437,-3.337925644938565,-100.90131660740374,13.04138104073046,16.0,-10.0,1.0,0.0,162.183591456292,-159.52151710123056
E3_SITE_17_SEC_2,E3_SITE_17,20.0,V,COHERENT_ARRAY_UPPER_ENVELOPE,-3.337925644938565,-21.399725384777437,-3.337925644938565,-100.90131660740374,13.04138104073046,16.0,-10.0,1.0,0.0,161.940123993172,-159.27804963811056
E3_SITE_17_SEC_2,E3_SITE_17,10.0,V,COHERENT_ARRAY_UPPER_ENVELOPE,-3.337925644938565,-21.399725384777437,-3.337925644938565,-100.90131660740374,13.04138104073046,16.0,-10.0,1.0,0.0,161.757739594946,-159.09566523988457
E3_SITE_17_SEC_2,E3_SITE_17,1.0,V,COHERENT_ARRAY_UPPER_ENVELOPE,-3.337925644938565,-21.399725384777437,-3.337925644938565,-100.90131660740374,13.04138104073046,16.0,-10.0,1.0,0.0,161.164725964078,-158.50265160901657
E3_SITE_17_SEC_2,E3_SITE_17,0.1,V,COHERENT_ARRAY_UPPER_ENVELOPE,-3.337925644938565,-21.399725384777437,-3.337925644938565,-100.90131660740374,13.04138104073046,16.0,-10.0,1.0,0.0,160.572207459625,-157.91013310456356
E3_SITE_17_SEC_2,E3_SITE_17,0.01,V,COHERENT_ARRAY_UPPER_ENVELOPE,-3.337925644938565,-21.399725384777437,-3.337925644938565,-100.90131660740374,13.04138104073046,16.0,-10.0,1.0,0.0,159.979677861568,-157.31760350650657
E3_SITE_17_SEC_2,E3_SITE_17,0.005,V,COHERENT_ARRAY_UPPER_ENVELOPE,-3.337925644938565,-21.399725384777437,-3.337925644938565,-100.90131660740374,13.04138104073046,16.0,-10.0,1.0,0.0,159.801301127382,-157.13922677232057
E3_SITE_17_SEC_3,E3_SITE_17,50.0,H,ZERO_DBI_PROPAGATION_REFERENCE,0.0,-22.0,-3.9382002601611283,139.09868339259629,13.04138104073046,16.0,-10.0,1.0,0.0,162.183591456292,-156.183591456292
E3_SITE_17_SEC_3,E3_SITE_17,20.0,H,ZERO_DBI_PROPAGATION_REFERENCE,0.0,-22.0,-3.9382002601611283,139.09868339259629,13.04138104073046,16.0,-10.0,1.0,0.0,161.940123993172,-155.940123993172
E3_SITE_17_SEC_3,E3_SITE_17,10.0,H,ZERO_DBI_PROPAGATION_REFERENCE,0.0,-22.0,-3.9382002601611283,139.09868339259629,13.04138104073046,16.0,-10.0,1.0,0.0,161.757739594946,-155.757739594946
E3_SITE_17_SEC_3,E3_SITE_17,1.0,H,ZERO_DBI_PROPAGATION_REFERENCE,0.0,-22.0,-3.9382002601611283,139.09868339259629,13.04138104073046,16.0,-10.0,1.0,0.0,161.164725964078,-155.164725964078
E3_SITE_17_SEC_3,E3_SITE_17,0.1,H,ZERO_DBI_PROPAGATION_REFERENCE,0.0,-22.0,-3.9382002601611283,139.09868339259629,13.04138104073046,16.0,-10.0,1.0,0.0,160.572207459625,-154.572207459625
E3_SITE_17_SEC_3,E3_SITE_17,0.01,H,ZERO_DBI_PROPAGATION_REFERENCE,0.0,-22.0,-3.9382002601611283,139.09868339259629,13.04138104073046,16.0,-10.0,1.0,0.0,159.979677861568,-153.979677861568
E3_SITE_17_SEC_3,E3_SITE_17,0.005,H,ZERO_DBI_PROPAGATION_REFERENCE,0.0,-22.0,-3.9382002601611283,139.09868339259629,13.04138104073046,16.0,-10.0,1.0,0.0,159.801301127382,-153.801301127382
E3_SITE_17_SEC_3,E3_SITE_17,50.0,V,ZERO_DBI_PROPAGATION_REFERENCE,0.0,-22.0,-3.9382002601611283,139.09868339259629,13.04138104073046,16.0,-10.0,1.0,0.0,162.183591456292,-156.183591456292
E3_SITE_17_SEC_3,E3_SITE_17,20.0,V,ZERO_DBI_PROPAGATION_REFERENCE,0.0,-22.0,-3.9382002601611283,139.09868339259629,13.04138104073046,16.0,-10.0,1.0,0.0,161.940123993172,-155.940123993172
E3_SITE_17_SEC_3,E3_SITE_17,10.0,V,ZERO_DBI_PROPAGATION_REFERENCE,0.0,-22.0,-3.9382002601611283,139.09868339259629,13.04138104073046,16.0,-10.0,1.0,0.0,161.757739594946,-155.757739594946
E3_SITE_17_SEC_3,E3_SITE_17,1.0,V,ZERO_DBI_PROPAGATION_REFERENCE,0.0,-22.0,-3.9382002601611283,139.09868339259629,13.04138104073046,16.0,-10.0,1.0,0.0,161.164725964078,-155.164725964078
E3_SITE_17_SEC_3,E3_SITE_17,0.1,V,ZERO_DBI_PROPAGATION_REFERENCE,0.0,-22.0,-3.9382002601611283,139.09868339259629,13.04138104073046,16.0,-10.0,1.0,0.0,160.572207459625,-154.572207459625
E3_SITE_17_SEC_3,E3_SITE_17,0.01,V,ZERO_DBI_PROPAGATION_REFERENCE,0.0,-22.0,-3.9382002601611283,139.09868339259629,13.04138104073046,16.0,-10.0,1.0,0.0,159.979677861568,-153.979677861568
E3_SITE_17_SEC_3,E3_SITE_17,0.005,V,ZERO_DBI_PROPAGATION_REFERENCE,0.0,-22.0,-3.9382002601611283,139.09868339259629,13.04138104073046,16.0,-10.0,1.0,0.0,159.801301127382,-153.801301127382
E3_SITE_17_SEC_3,E3_SITE_17,50.0,H,ELEMENT_PATTERN_REFERENCE,-22.0,-22.0,-3.9382002601611283,139.09868339259629,13.04138104073046,16.0,-10.0,1.0,0.0,162.183591456292,-178.183591456292
E3_SITE_17_SEC_3,E3_SITE_17,20.0,H,ELEMENT_PATTERN_REFERENCE,-22.0,-22.0,-3.9382002601611283,139.09868339259629,13.04138104073046,16.0,-10.0,1.0,0.0,161.940123993172,-177.940123993172
E3_SITE_17_SEC_3,E3_SITE_17,10.0,H,ELEMENT_PATTERN_REFERENCE,-22.0,-22.0,-3.9382002601611283,139.09868339259629,13.04138104073046,16.0,-10.0,1.0,0.0,161.757739594946,-177.757739594946
E3_SITE_17_SEC_3,E3_SITE_17,1.0,H,ELEMENT_PATTERN_REFERENCE,-22.0,-22.0,-3.9382002601611283,139.09868339259629,13.04138104073046,16.0,-10.0,1.0,0.0,161.164725964078,-177.164725964078
E3_SITE_17_SEC_3,E3_SITE_17,0.1,H,ELEMENT_PATTERN_REFERENCE,-22.0,-22.0,-3.9382002601611283,139.09868339259629,13.04138104073046,16.0,-10.0,1.0,0.0,160.572207459625,-176.572207459625
E3_SITE_17_SEC_3,E3_SITE_17,0.01,H,ELEMENT_PATTERN_REFERENCE,-22.0,-22.0,-3.9382002601611283,139.09868339259629,13.04138104073046,16.0,-10.0,1.0,0.0,159.979677861568,-175.979677861568
E3_SITE_17_SEC_3,E3_SITE_17,0.005,H,ELEMENT_PATTERN_REFERENCE,-22.0,-22.0,-3.9382002601611283,139.09868339259629,13.04138104073046,16.0,-10.0,1.0,0.0,159.801301127382,-175.801301127382
E3_SITE_17_SEC_3,E3_SITE_17,50.0,V,ELEMENT_PATTERN_REFERENCE,-22.0,-22.0,-3.9382002601611283,139.09868339259629,13.04138104073046,16.0,-10.0,1.0,0.0,162.183591456292,-178.183591456292
E3_SITE_17_SEC_3,E3_SITE_17,20.0,V,ELEMENT_PATTERN_REFERENCE,-22.0,-22.0,-3.9382002601611283,139.09868339259629,13.04138104073046,16.0,-10.0,1.0,0.0,161.940123993172,-177.940123993172
E3_SITE_17_SEC_3,E3_SITE_17,10.0,V,ELEMENT_PATTERN_REFERENCE,-22.0,-22.0,-3.9382002601611283,139.09868339259629,13.04138104073046,16.0,-10.0,1.0,0.0,161.757739594946,-177.757739594946
E3_SITE_17_SEC_3,E3_SITE_17,1.0,V,ELEMENT_PATTERN_REFERENCE,-22.0,-22.0,-3.9382002601611283,139.09868339259629,13.04138104073046,16.0,-10.0,1.0,0.0,161.164725964078,-177.164725964078
E3_SITE_17_SEC_3,E3_SITE_17,0.1,V,ELEMENT_PATTERN_REFERENCE,-22.0,-22.0,-3.9382002601611283,139.09868339259629,13.04138104073046,16.0,-10.0,1.0,0.0,160.572207459625,-176.572207459625
E3_SITE_17_SEC_3,E3_SITE_17,0.01,V,ELEMENT_PATTERN_REFERENCE,-22.0,-22.0,-3.9382002601611283,139.09868339259629,13.04138104073046,16.0,-10.0,1.0,0.0,159.979677861568,-175.979677861568
E3_SITE_17_SEC_3,E3_SITE_17,0.005,V,ELEMENT_PATTERN_REFERENCE,-22.0,-22.0,-3.9382002601611283,139.09868339259629,13.04138104073046,16.0,-10.0,1.0,0.0,159.801301127382,-175.801301127382
E3_SITE_17_SEC_3,E3_SITE_17,50.0,H,COHERENT_ARRAY_UPPER_ENVELOPE,-3.9382002601611283,-22.0,-3.9382002601611283,139.09868339259629,13.04138104073046,16.0,-10.0,1.0,0.0,162.183591456292,-160.12179171645312
E3_SITE_17_SEC_3,E3_SITE_17,20.0,H,COHERENT_ARRAY_UPPER_ENVELOPE,-3.9382002601611283,-22.0,-3.9382002601611283,139.09868339259629,13.04138104073046,16.0,-10.0,1.0,0.0,161.940123993172,-159.87832425333312
E3_SITE_17_SEC_3,E3_SITE_17,10.0,H,COHERENT_ARRAY_UPPER_ENVELOPE,-3.9382002601611283,-22.0,-3.9382002601611283,139.09868339259629,13.04138104073046,16.0,-10.0,1.0,0.0,161.757739594946,-159.69593985510713
E3_SITE_17_SEC_3,E3_SITE_17,1.0,H,COHERENT_ARRAY_UPPER_ENVELOPE,-3.9382002601611283,-22.0,-3.9382002601611283,139.09868339259629,13.04138104073046,16.0,-10.0,1.0,0.0,161.164725964078,-159.10292622423913
E3_SITE_17_SEC_3,E3_SITE_17,0.1,H,COHERENT_ARRAY_UPPER_ENVELOPE,-3.9382002601611283,-22.0,-3.9382002601611283,139.09868339259629,13.04138104073046,16.0,-10.0,1.0,0.0,160.572207459625,-158.51040771978612
E3_SITE_17_SEC_3,E3_SITE_17,0.01,H,COHERENT_ARRAY_UPPER_ENVELOPE,-3.9382002601611283,-22.0,-3.9382002601611283,139.09868339259629,13.04138104073046,16.0,-10.0,1.0,0.0,159.979677861568,-157.91787812172913
E3_SITE_17_SEC_3,E3_SITE_17,0.005,H,COHERENT_ARRAY_UPPER_ENVELOPE,-3.9382002601611283,-22.0,-3.9382002601611283,139.09868339259629,13.04138104073046,16.0,-10.0,1.0,0.0,159.801301127382,-157.73950138754313
E3_SITE_17_SEC_3,E3_SITE_17,50.0,V,COHERENT_ARRAY_UPPER_ENVELOPE,-3.9382002601611283,-22.0,-3.9382002601611283,139.09868339259629,13.04138104073046,16.0,-10.0,1.0,0.0,162.183591456292,-160.12179171645312
E3_SITE_17_SEC_3,E3_SITE_17,20.0,V,COHERENT_ARRAY_UPPER_ENVELOPE,-3.9382002601611283,-22.0,-3.9382002601611283,139.09868339259629,13.04138104073046,16.0,-10.0,1.0,0.0,161.940123993172,-159.87832425333312
E3_SITE_17_SEC_3,E3_SITE_17,10.0,V,COHERENT_ARRAY_UPPER_ENVELOPE,-3.9382002601611283,-22.0,-3.9382002601611283,139.09868339259629,13.04138104073046,16.0,-10.0,1.0,0.0,161.757739594946,-159.69593985510713
E3_SITE_17_SEC_3,E3_SITE_17,1.0,V,COHERENT_ARRAY_UPPER_ENVELOPE,-3.9382002601611283,-22.0,-3.9382002601611283,139.09868339259629,13.04138104073046,16.0,-10.0,1.0,0.0,161.164725964078,-159.10292622423913
E3_SITE_17_SEC_3,E3_SITE_17,0.1,V,COHERENT_ARRAY_UPPER_ENVELOPE,-3.9382002601611283,-22.0,-3.9382002601611283,139.09868339259629,13.04138104073046,16.0,-10.0,1.0,0.0,160.572207459625,-158.51040771978612
E3_SITE_17_SEC_3,E3_SITE_17,0.01,V,COHERENT_ARRAY_UPPER_ENVELOPE,-3.9382002601611283,-22.0,-3.9382002601611283,139.09868339259629,13.04138104073046,16.0,-10.0,1.0,0.0,159.979677861568,-157.91787812172913
E3_SITE_17_SEC_3,E3_SITE_17,0.005,V,COHERENT_ARRAY_UPPER_ENVELOPE,-3.9382002601611283,-22.0,-3.9382002601611283,139.09868339259629,13.04138104073046,16.0,-10.0,1.0,0.0,159.801301127382,-157.73950138754313
E3_SITE_18_SEC_1,E3_SITE_18,50.0,H,ZERO_DBI_PROPAGATION_REFERENCE,0.0,7.183227347738755,25.245027087577625,10.889433435686726,12.99970297481426,16.0,-10.0,1.0,0.0,117.863252559341,-111.863252559341
E3_SITE_18_SEC_1,E3_SITE_18,20.0,H,ZERO_DBI_PROPAGATION_REFERENCE,0.0,7.183227347738755,25.245027087577625,10.889433435686726,12.99970297481426,16.0,-10.0,1.0,0.0,117.615188351318,-111.615188351318
E3_SITE_18_SEC_1,E3_SITE_18,10.0,H,ZERO_DBI_PROPAGATION_REFERENCE,0.0,7.183227347738755,25.245027087577625,10.889433435686726,12.99970297481426,16.0,-10.0,1.0,0.0,117.485394719533,-111.485394719533
E3_SITE_18_SEC_1,E3_SITE_18,1.0,H,ZERO_DBI_PROPAGATION_REFERENCE,0.0,7.183227347738755,25.245027087577625,10.889433435686726,12.99970297481426,16.0,-10.0,1.0,0.0,116.958700340829,-110.958700340829
E3_SITE_18_SEC_1,E3_SITE_18,0.1,H,ZERO_DBI_PROPAGATION_REFERENCE,0.0,7.183227347738755,25.245027087577625,10.889433435686726,12.99970297481426,16.0,-10.0,1.0,0.0,116.426288007663,-110.426288007663
E3_SITE_18_SEC_1,E3_SITE_18,0.01,H,ZERO_DBI_PROPAGATION_REFERENCE,0.0,7.183227347738755,25.245027087577625,10.889433435686726,12.99970297481426,16.0,-10.0,1.0,0.0,115.89387417421,-109.89387417421
E3_SITE_18_SEC_1,E3_SITE_18,0.005,H,ZERO_DBI_PROPAGATION_REFERENCE,0.0,7.183227347738755,25.245027087577625,10.889433435686726,12.99970297481426,16.0,-10.0,1.0,0.0,115.73360060041,-109.73360060041
E3_SITE_18_SEC_1,E3_SITE_18,50.0,V,ZERO_DBI_PROPAGATION_REFERENCE,0.0,7.183227347738755,25.245027087577625,10.889433435686726,12.99970297481426,16.0,-10.0,1.0,0.0,117.863252559341,-111.863252559341
E3_SITE_18_SEC_1,E3_SITE_18,20.0,V,ZERO_DBI_PROPAGATION_REFERENCE,0.0,7.183227347738755,25.245027087577625,10.889433435686726,12.99970297481426,16.0,-10.0,1.0,0.0,117.615188351318,-111.615188351318
E3_SITE_18_SEC_1,E3_SITE_18,10.0,V,ZERO_DBI_PROPAGATION_REFERENCE,0.0,7.183227347738755,25.245027087577625,10.889433435686726,12.99970297481426,16.0,-10.0,1.0,0.0,117.485394719533,-111.485394719533
E3_SITE_18_SEC_1,E3_SITE_18,1.0,V,ZERO_DBI_PROPAGATION_REFERENCE,0.0,7.183227347738755,25.245027087577625,10.889433435686726,12.99970297481426,16.0,-10.0,1.0,0.0,116.958700340829,-110.958700340829
E3_SITE_18_SEC_1,E3_SITE_18,0.1,V,ZERO_DBI_PROPAGATION_REFERENCE,0.0,7.183227347738755,25.245027087577625,10.889433435686726,12.99970297481426,16.0,-10.0,1.0,0.0,116.426288007663,-110.426288007663
E3_SITE_18_SEC_1,E3_SITE_18,0.01,V,ZERO_DBI_PROPAGATION_REFERENCE,0.0,7.183227347738755,25.245027087577625,10.889433435686726,12.99970297481426,16.0,-10.0,1.0,0.0,115.89387417421,-109.89387417421
E3_SITE_18_SEC_1,E3_SITE_18,0.005,V,ZERO_DBI_PROPAGATION_REFERENCE,0.0,7.183227347738755,25.245027087577625,10.889433435686726,12.99970297481426,16.0,-10.0,1.0,0.0,115.73360060041,-109.73360060041
E3_SITE_18_SEC_1,E3_SITE_18,50.0,H,ELEMENT_PATTERN_REFERENCE,7.183227347738755,7.183227347738755,25.245027087577625,10.889433435686726,12.99970297481426,16.0,-10.0,1.0,0.0,117.863252559341,-104.68002521160226
E3_SITE_18_SEC_1,E3_SITE_18,20.0,H,ELEMENT_PATTERN_REFERENCE,7.183227347738755,7.183227347738755,25.245027087577625,10.889433435686726,12.99970297481426,16.0,-10.0,1.0,0.0,117.615188351318,-104.43196100357925
E3_SITE_18_SEC_1,E3_SITE_18,10.0,H,ELEMENT_PATTERN_REFERENCE,7.183227347738755,7.183227347738755,25.245027087577625,10.889433435686726,12.99970297481426,16.0,-10.0,1.0,0.0,117.485394719533,-104.30216737179424
E3_SITE_18_SEC_1,E3_SITE_18,1.0,H,ELEMENT_PATTERN_REFERENCE,7.183227347738755,7.183227347738755,25.245027087577625,10.889433435686726,12.99970297481426,16.0,-10.0,1.0,0.0,116.958700340829,-103.77547299309025
E3_SITE_18_SEC_1,E3_SITE_18,0.1,H,ELEMENT_PATTERN_REFERENCE,7.183227347738755,7.183227347738755,25.245027087577625,10.889433435686726,12.99970297481426,16.0,-10.0,1.0,0.0,116.426288007663,-103.24306065992424
E3_SITE_18_SEC_1,E3_SITE_18,0.01,H,ELEMENT_PATTERN_REFERENCE,7.183227347738755,7.183227347738755,25.245027087577625,10.889433435686726,12.99970297481426,16.0,-10.0,1.0,0.0,115.89387417421,-102.71064682647123
E3_SITE_18_SEC_1,E3_SITE_18,0.005,H,ELEMENT_PATTERN_REFERENCE,7.183227347738755,7.183227347738755,25.245027087577625,10.889433435686726,12.99970297481426,16.0,-10.0,1.0,0.0,115.73360060041,-102.55037325267124
E3_SITE_18_SEC_1,E3_SITE_18,50.0,V,ELEMENT_PATTERN_REFERENCE,7.183227347738755,7.183227347738755,25.245027087577625,10.889433435686726,12.99970297481426,16.0,-10.0,1.0,0.0,117.863252559341,-104.68002521160226
E3_SITE_18_SEC_1,E3_SITE_18,20.0,V,ELEMENT_PATTERN_REFERENCE,7.183227347738755,7.183227347738755,25.245027087577625,10.889433435686726,12.99970297481426,16.0,-10.0,1.0,0.0,117.615188351318,-104.43196100357925
E3_SITE_18_SEC_1,E3_SITE_18,10.0,V,ELEMENT_PATTERN_REFERENCE,7.183227347738755,7.183227347738755,25.245027087577625,10.889433435686726,12.99970297481426,16.0,-10.0,1.0,0.0,117.485394719533,-104.30216737179424
E3_SITE_18_SEC_1,E3_SITE_18,1.0,V,ELEMENT_PATTERN_REFERENCE,7.183227347738755,7.183227347738755,25.245027087577625,10.889433435686726,12.99970297481426,16.0,-10.0,1.0,0.0,116.958700340829,-103.77547299309025
E3_SITE_18_SEC_1,E3_SITE_18,0.1,V,ELEMENT_PATTERN_REFERENCE,7.183227347738755,7.183227347738755,25.245027087577625,10.889433435686726,12.99970297481426,16.0,-10.0,1.0,0.0,116.426288007663,-103.24306065992424
E3_SITE_18_SEC_1,E3_SITE_18,0.01,V,ELEMENT_PATTERN_REFERENCE,7.183227347738755,7.183227347738755,25.245027087577625,10.889433435686726,12.99970297481426,16.0,-10.0,1.0,0.0,115.89387417421,-102.71064682647123
E3_SITE_18_SEC_1,E3_SITE_18,0.005,V,ELEMENT_PATTERN_REFERENCE,7.183227347738755,7.183227347738755,25.245027087577625,10.889433435686726,12.99970297481426,16.0,-10.0,1.0,0.0,115.73360060041,-102.55037325267124
E3_SITE_18_SEC_1,E3_SITE_18,50.0,H,COHERENT_ARRAY_UPPER_ENVELOPE,25.245027087577625,7.183227347738755,25.245027087577625,10.889433435686726,12.99970297481426,16.0,-10.0,1.0,0.0,117.863252559341,-86.61822547176338
E3_SITE_18_SEC_1,E3_SITE_18,20.0,H,COHERENT_ARRAY_UPPER_ENVELOPE,25.245027087577625,7.183227347738755,25.245027087577625,10.889433435686726,12.99970297481426,16.0,-10.0,1.0,0.0,117.615188351318,-86.37016126374037
E3_SITE_18_SEC_1,E3_SITE_18,10.0,H,COHERENT_ARRAY_UPPER_ENVELOPE,25.245027087577625,7.183227347738755,25.245027087577625,10.889433435686726,12.99970297481426,16.0,-10.0,1.0,0.0,117.485394719533,-86.24036763195538
E3_SITE_18_SEC_1,E3_SITE_18,1.0,H,COHERENT_ARRAY_UPPER_ENVELOPE,25.245027087577625,7.183227347738755,25.245027087577625,10.889433435686726,12.99970297481426,16.0,-10.0,1.0,0.0,116.958700340829,-85.71367325325137
E3_SITE_18_SEC_1,E3_SITE_18,0.1,H,COHERENT_ARRAY_UPPER_ENVELOPE,25.245027087577625,7.183227347738755,25.245027087577625,10.889433435686726,12.99970297481426,16.0,-10.0,1.0,0.0,116.426288007663,-85.18126092008538
E3_SITE_18_SEC_1,E3_SITE_18,0.01,H,COHERENT_ARRAY_UPPER_ENVELOPE,25.245027087577625,7.183227347738755,25.245027087577625,10.889433435686726,12.99970297481426,16.0,-10.0,1.0,0.0,115.89387417421,-84.64884708663237
E3_SITE_18_SEC_1,E3_SITE_18,0.005,H,COHERENT_ARRAY_UPPER_ENVELOPE,25.245027087577625,7.183227347738755,25.245027087577625,10.889433435686726,12.99970297481426,16.0,-10.0,1.0,0.0,115.73360060041,-84.48857351283237
E3_SITE_18_SEC_1,E3_SITE_18,50.0,V,COHERENT_ARRAY_UPPER_ENVELOPE,25.245027087577625,7.183227347738755,25.245027087577625,10.889433435686726,12.99970297481426,16.0,-10.0,1.0,0.0,117.863252559341,-86.61822547176338
E3_SITE_18_SEC_1,E3_SITE_18,20.0,V,COHERENT_ARRAY_UPPER_ENVELOPE,25.245027087577625,7.183227347738755,25.245027087577625,10.889433435686726,12.99970297481426,16.0,-10.0,1.0,0.0,117.615188351318,-86.37016126374037
E3_SITE_18_SEC_1,E3_SITE_18,10.0,V,COHERENT_ARRAY_UPPER_ENVELOPE,25.245027087577625,7.183227347738755,25.245027087577625,10.889433435686726,12.99970297481426,16.0,-10.0,1.0,0.0,117.485394719533,-86.24036763195538
E3_SITE_18_SEC_1,E3_SITE_18,1.0,V,COHERENT_ARRAY_UPPER_ENVELOPE,25.245027087577625,7.183227347738755,25.245027087577625,10.889433435686726,12.99970297481426,16.0,-10.0,1.0,0.0,116.958700340829,-85.71367325325137
E3_SITE_18_SEC_1,E3_SITE_18,0.1,V,COHERENT_ARRAY_UPPER_ENVELOPE,25.245027087577625,7.183227347738755,25.245027087577625,10.889433435686726,12.99970297481426,16.0,-10.0,1.0,0.0,116.426288007663,-85.18126092008538
E3_SITE_18_SEC_1,E3_SITE_18,0.01,V,COHERENT_ARRAY_UPPER_ENVELOPE,25.245027087577625,7.183227347738755,25.245027087577625,10.889433435686726,12.99970297481426,16.0,-10.0,1.0,0.0,115.89387417421,-84.64884708663237
E3_SITE_18_SEC_1,E3_SITE_18,0.005,V,COHERENT_ARRAY_UPPER_ENVELOPE,25.245027087577625,7.183227347738755,25.245027087577625,10.889433435686726,12.99970297481426,16.0,-10.0,1.0,0.0,115.73360060041,-84.48857351283237
E3_SITE_18_SEC_2,E3_SITE_18,50.0,H,ZERO_DBI_PROPAGATION_REFERENCE,0.0,-22.0,-3.9382002601611283,-109.11056656431326,12.99970297481426,16.0,-10.0,1.0,0.0,117.863252559341,-111.863252559341
E3_SITE_18_SEC_2,E3_SITE_18,20.0,H,ZERO_DBI_PROPAGATION_REFERENCE,0.0,-22.0,-3.9382002601611283,-109.11056656431326,12.99970297481426,16.0,-10.0,1.0,0.0,117.615188351318,-111.615188351318
E3_SITE_18_SEC_2,E3_SITE_18,10.0,H,ZERO_DBI_PROPAGATION_REFERENCE,0.0,-22.0,-3.9382002601611283,-109.11056656431326,12.99970297481426,16.0,-10.0,1.0,0.0,117.485394719533,-111.485394719533
E3_SITE_18_SEC_2,E3_SITE_18,1.0,H,ZERO_DBI_PROPAGATION_REFERENCE,0.0,-22.0,-3.9382002601611283,-109.11056656431326,12.99970297481426,16.0,-10.0,1.0,0.0,116.958700340829,-110.958700340829
E3_SITE_18_SEC_2,E3_SITE_18,0.1,H,ZERO_DBI_PROPAGATION_REFERENCE,0.0,-22.0,-3.9382002601611283,-109.11056656431326,12.99970297481426,16.0,-10.0,1.0,0.0,116.426288007663,-110.426288007663
E3_SITE_18_SEC_2,E3_SITE_18,0.01,H,ZERO_DBI_PROPAGATION_REFERENCE,0.0,-22.0,-3.9382002601611283,-109.11056656431326,12.99970297481426,16.0,-10.0,1.0,0.0,115.89387417421,-109.89387417421
E3_SITE_18_SEC_2,E3_SITE_18,0.005,H,ZERO_DBI_PROPAGATION_REFERENCE,0.0,-22.0,-3.9382002601611283,-109.11056656431326,12.99970297481426,16.0,-10.0,1.0,0.0,115.73360060041,-109.73360060041
E3_SITE_18_SEC_2,E3_SITE_18,50.0,V,ZERO_DBI_PROPAGATION_REFERENCE,0.0,-22.0,-3.9382002601611283,-109.11056656431326,12.99970297481426,16.0,-10.0,1.0,0.0,117.863252559341,-111.863252559341
E3_SITE_18_SEC_2,E3_SITE_18,20.0,V,ZERO_DBI_PROPAGATION_REFERENCE,0.0,-22.0,-3.9382002601611283,-109.11056656431326,12.99970297481426,16.0,-10.0,1.0,0.0,117.615188351318,-111.615188351318
E3_SITE_18_SEC_2,E3_SITE_18,10.0,V,ZERO_DBI_PROPAGATION_REFERENCE,0.0,-22.0,-3.9382002601611283,-109.11056656431326,12.99970297481426,16.0,-10.0,1.0,0.0,117.485394719533,-111.485394719533
E3_SITE_18_SEC_2,E3_SITE_18,1.0,V,ZERO_DBI_PROPAGATION_REFERENCE,0.0,-22.0,-3.9382002601611283,-109.11056656431326,12.99970297481426,16.0,-10.0,1.0,0.0,116.958700340829,-110.958700340829
E3_SITE_18_SEC_2,E3_SITE_18,0.1,V,ZERO_DBI_PROPAGATION_REFERENCE,0.0,-22.0,-3.9382002601611283,-109.11056656431326,12.99970297481426,16.0,-10.0,1.0,0.0,116.426288007663,-110.426288007663
E3_SITE_18_SEC_2,E3_SITE_18,0.01,V,ZERO_DBI_PROPAGATION_REFERENCE,0.0,-22.0,-3.9382002601611283,-109.11056656431326,12.99970297481426,16.0,-10.0,1.0,0.0,115.89387417421,-109.89387417421
E3_SITE_18_SEC_2,E3_SITE_18,0.005,V,ZERO_DBI_PROPAGATION_REFERENCE,0.0,-22.0,-3.9382002601611283,-109.11056656431326,12.99970297481426,16.0,-10.0,1.0,0.0,115.73360060041,-109.73360060041
E3_SITE_18_SEC_2,E3_SITE_18,50.0,H,ELEMENT_PATTERN_REFERENCE,-22.0,-22.0,-3.9382002601611283,-109.11056656431326,12.99970297481426,16.0,-10.0,1.0,0.0,117.863252559341,-133.863252559341
E3_SITE_18_SEC_2,E3_SITE_18,20.0,H,ELEMENT_PATTERN_REFERENCE,-22.0,-22.0,-3.9382002601611283,-109.11056656431326,12.99970297481426,16.0,-10.0,1.0,0.0,117.615188351318,-133.615188351318
E3_SITE_18_SEC_2,E3_SITE_18,10.0,H,ELEMENT_PATTERN_REFERENCE,-22.0,-22.0,-3.9382002601611283,-109.11056656431326,12.99970297481426,16.0,-10.0,1.0,0.0,117.485394719533,-133.48539471953302
E3_SITE_18_SEC_2,E3_SITE_18,1.0,H,ELEMENT_PATTERN_REFERENCE,-22.0,-22.0,-3.9382002601611283,-109.11056656431326,12.99970297481426,16.0,-10.0,1.0,0.0,116.958700340829,-132.958700340829
E3_SITE_18_SEC_2,E3_SITE_18,0.1,H,ELEMENT_PATTERN_REFERENCE,-22.0,-22.0,-3.9382002601611283,-109.11056656431326,12.99970297481426,16.0,-10.0,1.0,0.0,116.426288007663,-132.426288007663
E3_SITE_18_SEC_2,E3_SITE_18,0.01,H,ELEMENT_PATTERN_REFERENCE,-22.0,-22.0,-3.9382002601611283,-109.11056656431326,12.99970297481426,16.0,-10.0,1.0,0.0,115.89387417421,-131.89387417421
E3_SITE_18_SEC_2,E3_SITE_18,0.005,H,ELEMENT_PATTERN_REFERENCE,-22.0,-22.0,-3.9382002601611283,-109.11056656431326,12.99970297481426,16.0,-10.0,1.0,0.0,115.73360060041,-131.73360060041
E3_SITE_18_SEC_2,E3_SITE_18,50.0,V,ELEMENT_PATTERN_REFERENCE,-22.0,-22.0,-3.9382002601611283,-109.11056656431326,12.99970297481426,16.0,-10.0,1.0,0.0,117.863252559341,-133.863252559341
E3_SITE_18_SEC_2,E3_SITE_18,20.0,V,ELEMENT_PATTERN_REFERENCE,-22.0,-22.0,-3.9382002601611283,-109.11056656431326,12.99970297481426,16.0,-10.0,1.0,0.0,117.615188351318,-133.615188351318
E3_SITE_18_SEC_2,E3_SITE_18,10.0,V,ELEMENT_PATTERN_REFERENCE,-22.0,-22.0,-3.9382002601611283,-109.11056656431326,12.99970297481426,16.0,-10.0,1.0,0.0,117.485394719533,-133.48539471953302
E3_SITE_18_SEC_2,E3_SITE_18,1.0,V,ELEMENT_PATTERN_REFERENCE,-22.0,-22.0,-3.9382002601611283,-109.11056656431326,12.99970297481426,16.0,-10.0,1.0,0.0,116.958700340829,-132.958700340829
E3_SITE_18_SEC_2,E3_SITE_18,0.1,V,ELEMENT_PATTERN_REFERENCE,-22.0,-22.0,-3.9382002601611283,-109.11056656431326,12.99970297481426,16.0,-10.0,1.0,0.0,116.426288007663,-132.426288007663
E3_SITE_18_SEC_2,E3_SITE_18,0.01,V,ELEMENT_PATTERN_REFERENCE,-22.0,-22.0,-3.9382002601611283,-109.11056656431326,12.99970297481426,16.0,-10.0,1.0,0.0,115.89387417421,-131.89387417421
E3_SITE_18_SEC_2,E3_SITE_18,0.005,V,ELEMENT_PATTERN_REFERENCE,-22.0,-22.0,-3.9382002601611283,-109.11056656431326,12.99970297481426,16.0,-10.0,1.0,0.0,115.73360060041,-131.73360060041
E3_SITE_18_SEC_2,E3_SITE_18,50.0,H,COHERENT_ARRAY_UPPER_ENVELOPE,-3.9382002601611283,-22.0,-3.9382002601611283,-109.11056656431326,12.99970297481426,16.0,-10.0,1.0,0.0,117.863252559341,-115.80145281950213
E3_SITE_18_SEC_2,E3_SITE_18,20.0,H,COHERENT_ARRAY_UPPER_ENVELOPE,-3.9382002601611283,-22.0,-3.9382002601611283,-109.11056656431326,12.99970297481426,16.0,-10.0,1.0,0.0,117.615188351318,-115.55338861147912
E3_SITE_18_SEC_2,E3_SITE_18,10.0,H,COHERENT_ARRAY_UPPER_ENVELOPE,-3.9382002601611283,-22.0,-3.9382002601611283,-109.11056656431326,12.99970297481426,16.0,-10.0,1.0,0.0,117.485394719533,-115.42359497969413
E3_SITE_18_SEC_2,E3_SITE_18,1.0,H,COHERENT_ARRAY_UPPER_ENVELOPE,-3.9382002601611283,-22.0,-3.9382002601611283,-109.11056656431326,12.99970297481426,16.0,-10.0,1.0,0.0,116.958700340829,-114.89690060099012
E3_SITE_18_SEC_2,E3_SITE_18,0.1,H,COHERENT_ARRAY_UPPER_ENVELOPE,-3.9382002601611283,-22.0,-3.9382002601611283,-109.11056656431326,12.99970297481426,16.0,-10.0,1.0,0.0,116.426288007663,-114.36448826782413
E3_SITE_18_SEC_2,E3_SITE_18,0.01,H,COHERENT_ARRAY_UPPER_ENVELOPE,-3.9382002601611283,-22.0,-3.9382002601611283,-109.11056656431326,12.99970297481426,16.0,-10.0,1.0,0.0,115.89387417421,-113.83207443437112
E3_SITE_18_SEC_2,E3_SITE_18,0.005,H,COHERENT_ARRAY_UPPER_ENVELOPE,-3.9382002601611283,-22.0,-3.9382002601611283,-109.11056656431326,12.99970297481426,16.0,-10.0,1.0,0.0,115.73360060041,-113.67180086057112
E3_SITE_18_SEC_2,E3_SITE_18,50.0,V,COHERENT_ARRAY_UPPER_ENVELOPE,-3.9382002601611283,-22.0,-3.9382002601611283,-109.11056656431326,12.99970297481426,16.0,-10.0,1.0,0.0,117.863252559341,-115.80145281950213
E3_SITE_18_SEC_2,E3_SITE_18,20.0,V,COHERENT_ARRAY_UPPER_ENVELOPE,-3.9382002601611283,-22.0,-3.9382002601611283,-109.11056656431326,12.99970297481426,16.0,-10.0,1.0,0.0,117.615188351318,-115.55338861147912
E3_SITE_18_SEC_2,E3_SITE_18,10.0,V,COHERENT_ARRAY_UPPER_ENVELOPE,-3.9382002601611283,-22.0,-3.9382002601611283,-109.11056656431326,12.99970297481426,16.0,-10.0,1.0,0.0,117.485394719533,-115.42359497969413
E3_SITE_18_SEC_2,E3_SITE_18,1.0,V,COHERENT_ARRAY_UPPER_ENVELOPE,-3.9382002601611283,-22.0,-3.9382002601611283,-109.11056656431326,12.99970297481426,16.0,-10.0,1.0,0.0,116.958700340829,-114.89690060099012
E3_SITE_18_SEC_2,E3_SITE_18,0.1,V,COHERENT_ARRAY_UPPER_ENVELOPE,-3.9382002601611283,-22.0,-3.9382002601611283,-109.11056656431326,12.99970297481426,16.0,-10.0,1.0,0.0,116.426288007663,-114.36448826782413
E3_SITE_18_SEC_2,E3_SITE_18,0.01,V,COHERENT_ARRAY_UPPER_ENVELOPE,-3.9382002601611283,-22.0,-3.9382002601611283,-109.11056656431326,12.99970297481426,16.0,-10.0,1.0,0.0,115.89387417421,-113.83207443437112
E3_SITE_18_SEC_2,E3_SITE_18,0.005,V,COHERENT_ARRAY_UPPER_ENVELOPE,-3.9382002601611283,-22.0,-3.9382002601611283,-109.11056656431326,12.99970297481426,16.0,-10.0,1.0,0.0,115.73360060041,-113.67180086057112
E3_SITE_18_SEC_3,E3_SITE_18,50.0,H,ZERO_DBI_PROPAGATION_REFERENCE,0.0,-22.0,-3.9382002601611283,130.88943343568673,12.99970297481426,16.0,-10.0,1.0,0.0,117.863252559341,-111.863252559341
E3_SITE_18_SEC_3,E3_SITE_18,20.0,H,ZERO_DBI_PROPAGATION_REFERENCE,0.0,-22.0,-3.9382002601611283,130.88943343568673,12.99970297481426,16.0,-10.0,1.0,0.0,117.615188351318,-111.615188351318
E3_SITE_18_SEC_3,E3_SITE_18,10.0,H,ZERO_DBI_PROPAGATION_REFERENCE,0.0,-22.0,-3.9382002601611283,130.88943343568673,12.99970297481426,16.0,-10.0,1.0,0.0,117.485394719533,-111.485394719533
E3_SITE_18_SEC_3,E3_SITE_18,1.0,H,ZERO_DBI_PROPAGATION_REFERENCE,0.0,-22.0,-3.9382002601611283,130.88943343568673,12.99970297481426,16.0,-10.0,1.0,0.0,116.958700340829,-110.958700340829
E3_SITE_18_SEC_3,E3_SITE_18,0.1,H,ZERO_DBI_PROPAGATION_REFERENCE,0.0,-22.0,-3.9382002601611283,130.88943343568673,12.99970297481426,16.0,-10.0,1.0,0.0,116.426288007663,-110.426288007663
E3_SITE_18_SEC_3,E3_SITE_18,0.01,H,ZERO_DBI_PROPAGATION_REFERENCE,0.0,-22.0,-3.9382002601611283,130.88943343568673,12.99970297481426,16.0,-10.0,1.0,0.0,115.89387417421,-109.89387417421
E3_SITE_18_SEC_3,E3_SITE_18,0.005,H,ZERO_DBI_PROPAGATION_REFERENCE,0.0,-22.0,-3.9382002601611283,130.88943343568673,12.99970297481426,16.0,-10.0,1.0,0.0,115.73360060041,-109.73360060041
E3_SITE_18_SEC_3,E3_SITE_18,50.0,V,ZERO_DBI_PROPAGATION_REFERENCE,0.0,-22.0,-3.9382002601611283,130.88943343568673,12.99970297481426,16.0,-10.0,1.0,0.0,117.863252559341,-111.863252559341
E3_SITE_18_SEC_3,E3_SITE_18,20.0,V,ZERO_DBI_PROPAGATION_REFERENCE,0.0,-22.0,-3.9382002601611283,130.88943343568673,12.99970297481426,16.0,-10.0,1.0,0.0,117.615188351318,-111.615188351318
E3_SITE_18_SEC_3,E3_SITE_18,10.0,V,ZERO_DBI_PROPAGATION_REFERENCE,0.0,-22.0,-3.9382002601611283,130.88943343568673,12.99970297481426,16.0,-10.0,1.0,0.0,117.485394719533,-111.485394719533
E3_SITE_18_SEC_3,E3_SITE_18,1.0,V,ZERO_DBI_PROPAGATION_REFERENCE,0.0,-22.0,-3.9382002601611283,130.88943343568673,12.99970297481426,16.0,-10.0,1.0,0.0,116.958700340829,-110.958700340829
E3_SITE_18_SEC_3,E3_SITE_18,0.1,V,ZERO_DBI_PROPAGATION_REFERENCE,0.0,-22.0,-3.9382002601611283,130.88943343568673,12.99970297481426,16.0,-10.0,1.0,0.0,116.426288007663,-110.426288007663
E3_SITE_18_SEC_3,E3_SITE_18,0.01,V,ZERO_DBI_PROPAGATION_REFERENCE,0.0,-22.0,-3.9382002601611283,130.88943343568673,12.99970297481426,16.0,-10.0,1.0,0.0,115.89387417421,-109.89387417421
E3_SITE_18_SEC_3,E3_SITE_18,0.005,V,ZERO_DBI_PROPAGATION_REFERENCE,0.0,-22.0,-3.9382002601611283,130.88943343568673,12.99970297481426,16.0,-10.0,1.0,0.0,115.73360060041,-109.73360060041
E3_SITE_18_SEC_3,E3_SITE_18,50.0,H,ELEMENT_PATTERN_REFERENCE,-22.0,-22.0,-3.9382002601611283,130.88943343568673,12.99970297481426,16.0,-10.0,1.0,0.0,117.863252559341,-133.863252559341
E3_SITE_18_SEC_3,E3_SITE_18,20.0,H,ELEMENT_PATTERN_REFERENCE,-22.0,-22.0,-3.9382002601611283,130.88943343568673,12.99970297481426,16.0,-10.0,1.0,0.0,117.615188351318,-133.615188351318
E3_SITE_18_SEC_3,E3_SITE_18,10.0,H,ELEMENT_PATTERN_REFERENCE,-22.0,-22.0,-3.9382002601611283,130.88943343568673,12.99970297481426,16.0,-10.0,1.0,0.0,117.485394719533,-133.48539471953302
E3_SITE_18_SEC_3,E3_SITE_18,1.0,H,ELEMENT_PATTERN_REFERENCE,-22.0,-22.0,-3.9382002601611283,130.88943343568673,12.99970297481426,16.0,-10.0,1.0,0.0,116.958700340829,-132.958700340829
E3_SITE_18_SEC_3,E3_SITE_18,0.1,H,ELEMENT_PATTERN_REFERENCE,-22.0,-22.0,-3.9382002601611283,130.88943343568673,12.99970297481426,16.0,-10.0,1.0,0.0,116.426288007663,-132.426288007663
E3_SITE_18_SEC_3,E3_SITE_18,0.01,H,ELEMENT_PATTERN_REFERENCE,-22.0,-22.0,-3.9382002601611283,130.88943343568673,12.99970297481426,16.0,-10.0,1.0,0.0,115.89387417421,-131.89387417421
E3_SITE_18_SEC_3,E3_SITE_18,0.005,H,ELEMENT_PATTERN_REFERENCE,-22.0,-22.0,-3.9382002601611283,130.88943343568673,12.99970297481426,16.0,-10.0,1.0,0.0,115.73360060041,-131.73360060041
E3_SITE_18_SEC_3,E3_SITE_18,50.0,V,ELEMENT_PATTERN_REFERENCE,-22.0,-22.0,-3.9382002601611283,130.88943343568673,12.99970297481426,16.0,-10.0,1.0,0.0,117.863252559341,-133.863252559341
E3_SITE_18_SEC_3,E3_SITE_18,20.0,V,ELEMENT_PATTERN_REFERENCE,-22.0,-22.0,-3.9382002601611283,130.88943343568673,12.99970297481426,16.0,-10.0,1.0,0.0,117.615188351318,-133.615188351318
E3_SITE_18_SEC_3,E3_SITE_18,10.0,V,ELEMENT_PATTERN_REFERENCE,-22.0,-22.0,-3.9382002601611283,130.88943343568673,12.99970297481426,16.0,-10.0,1.0,0.0,117.485394719533,-133.48539471953302
E3_SITE_18_SEC_3,E3_SITE_18,1.0,V,ELEMENT_PATTERN_REFERENCE,-22.0,-22.0,-3.9382002601611283,130.88943343568673,12.99970297481426,16.0,-10.0,1.0,0.0,116.958700340829,-132.958700340829
E3_SITE_18_SEC_3,E3_SITE_18,0.1,V,ELEMENT_PATTERN_REFERENCE,-22.0,-22.0,-3.9382002601611283,130.88943343568673,12.99970297481426,16.0,-10.0,1.0,0.0,116.426288007663,-132.426288007663
E3_SITE_18_SEC_3,E3_SITE_18,0.01,V,ELEMENT_PATTERN_REFERENCE,-22.0,-22.0,-3.9382002601611283,130.88943343568673,12.99970297481426,16.0,-10.0,1.0,0.0,115.89387417421,-131.89387417421
E3_SITE_18_SEC_3,E3_SITE_18,0.005,V,ELEMENT_PATTERN_REFERENCE,-22.0,-22.0,-3.9382002601611283,130.88943343568673,12.99970297481426,16.0,-10.0,1.0,0.0,115.73360060041,-131.73360060041
E3_SITE_18_SEC_3,E3_SITE_18,50.0,H,COHERENT_ARRAY_UPPER_ENVELOPE,-3.9382002601611283,-22.0,-3.9382002601611283,130.88943343568673,12.99970297481426,16.0,-10.0,1.0,0.0,117.863252559341,-115.80145281950213
E3_SITE_18_SEC_3,E3_SITE_18,20.0,H,COHERENT_ARRAY_UPPER_ENVELOPE,-3.9382002601611283,-22.0,-3.9382002601611283,130.88943343568673,12.99970297481426,16.0,-10.0,1.0,0.0,117.615188351318,-115.55338861147912
E3_SITE_18_SEC_3,E3_SITE_18,10.0,H,COHERENT_ARRAY_UPPER_ENVELOPE,-3.9382002601611283,-22.0,-3.9382002601611283,130.88943343568673,12.99970297481426,16.0,-10.0,1.0,0.0,117.485394719533,-115.42359497969413
E3_SITE_18_SEC_3,E3_SITE_18,1.0,H,COHERENT_ARRAY_UPPER_ENVELOPE,-3.9382002601611283,-22.0,-3.9382002601611283,130.88943343568673,12.99970297481426,16.0,-10.0,1.0,0.0,116.958700340829,-114.89690060099012
E3_SITE_18_SEC_3,E3_SITE_18,0.1,H,COHERENT_ARRAY_UPPER_ENVELOPE,-3.9382002601611283,-22.0,-3.9382002601611283,130.88943343568673,12.99970297481426,16.0,-10.0,1.0,0.0,116.426288007663,-114.36448826782413
E3_SITE_18_SEC_3,E3_SITE_18,0.01,H,COHERENT_ARRAY_UPPER_ENVELOPE,-3.9382002601611283,-22.0,-3.9382002601611283,130.88943343568673,12.99970297481426,16.0,-10.0,1.0,0.0,115.89387417421,-113.83207443437112
E3_SITE_18_SEC_3,E3_SITE_18,0.005,H,COHERENT_ARRAY_UPPER_ENVELOPE,-3.9382002601611283,-22.0,-3.9382002601611283,130.88943343568673,12.99970297481426,16.0,-10.0,1.0,0.0,115.73360060041,-113.67180086057112
E3_SITE_18_SEC_3,E3_SITE_18,50.0,V,COHERENT_ARRAY_UPPER_ENVELOPE,-3.9382002601611283,-22.0,-3.9382002601611283,130.88943343568673,12.99970297481426,16.0,-10.0,1.0,0.0,117.863252559341,-115.80145281950213
E3_SITE_18_SEC_3,E3_SITE_18,20.0,V,COHERENT_ARRAY_UPPER_ENVELOPE,-3.9382002601611283,-22.0,-3.9382002601611283,130.88943343568673,12.99970297481426,16.0,-10.0,1.0,0.0,117.615188351318,-115.55338861147912
E3_SITE_18_SEC_3,E3_SITE_18,10.0,V,COHERENT_ARRAY_UPPER_ENVELOPE,-3.9382002601611283,-22.0,-3.9382002601611283,130.88943343568673,12.99970297481426,16.0,-10.0,1.0,0.0,117.485394719533,-115.42359497969413
E3_SITE_18_SEC_3,E3_SITE_18,1.0,V,COHERENT_ARRAY_UPPER_ENVELOPE,-3.9382002601611283,-22.0,-3.9382002601611283,130.88943343568673,12.99970297481426,16.0,-10.0,1.0,0.0,116.958700340829,-114.89690060099012
E3_SITE_18_SEC_3,E3_SITE_18,0.1,V,COHERENT_ARRAY_UPPER_ENVELOPE,-3.9382002601611283,-22.0,-3.9382002601611283,130.88943343568673,12.99970297481426,16.0,-10.0,1.0,0.0,116.426288007663,-114.36448826782413
E3_SITE_18_SEC_3,E3_SITE_18,0.01,V,COHERENT_ARRAY_UPPER_ENVELOPE,-3.9382002601611283,-22.0,-3.9382002601611283,130.88943343568673,12.99970297481426,16.0,-10.0,1.0,0.0,115.89387417421,-113.83207443437112
E3_SITE_18_SEC_3,E3_SITE_18,0.005,V,COHERENT_ARRAY_UPPER_ENVELOPE,-3.9382002601611283,-22.0,-3.9382002601611283,130.88943343568673,12.99970297481426,16.0,-10.0,1.0,0.0,115.73360060041,-113.67180086057112
E3_SITE_19_SEC_1,E3_SITE_19,50.0,H,ZERO_DBI_PROPAGATION_REFERENCE,0.0,7.504538205394204,25.566337945233077,0.0,13.207718962187377,16.0,-10.0,1.0,0.0,116.68059257543,-110.68059257543
E3_SITE_19_SEC_1,E3_SITE_19,20.0,H,ZERO_DBI_PROPAGATION_REFERENCE,0.0,7.504538205394204,25.566337945233077,0.0,13.207718962187377,16.0,-10.0,1.0,0.0,116.461273131842,-110.461273131842
E3_SITE_19_SEC_1,E3_SITE_19,10.0,H,ZERO_DBI_PROPAGATION_REFERENCE,0.0,7.504538205394204,25.566337945233077,0.0,13.207718962187377,16.0,-10.0,1.0,0.0,116.346519506734,-110.346519506734
E3_SITE_19_SEC_1,E3_SITE_19,1.0,H,ZERO_DBI_PROPAGATION_REFERENCE,0.0,7.504538205394204,25.566337945233077,0.0,13.207718962187377,16.0,-10.0,1.0,0.0,115.879867915596,-109.879867915596
E3_SITE_19_SEC_1,E3_SITE_19,0.1,H,ZERO_DBI_PROPAGATION_REFERENCE,0.0,7.504538205394204,25.566337945233077,0.0,13.207718962187377,16.0,-10.0,1.0,0.0,115.408567625315,-109.408567625315
E3_SITE_19_SEC_1,E3_SITE_19,0.01,H,ZERO_DBI_PROPAGATION_REFERENCE,0.0,7.504538205394204,25.566337945233077,0.0,13.207718962187377,16.0,-10.0,1.0,0.0,114.937265655311,-108.937265655311
E3_SITE_19_SEC_1,E3_SITE_19,0.005,H,ZERO_DBI_PROPAGATION_REFERENCE,0.0,7.504538205394204,25.566337945233077,0.0,13.207718962187377,16.0,-10.0,1.0,0.0,114.795388439828,-108.795388439828
E3_SITE_19_SEC_1,E3_SITE_19,50.0,V,ZERO_DBI_PROPAGATION_REFERENCE,0.0,7.504538205394204,25.566337945233077,0.0,13.207718962187377,16.0,-10.0,1.0,0.0,116.68059257543,-110.68059257543
E3_SITE_19_SEC_1,E3_SITE_19,20.0,V,ZERO_DBI_PROPAGATION_REFERENCE,0.0,7.504538205394204,25.566337945233077,0.0,13.207718962187377,16.0,-10.0,1.0,0.0,116.461273131842,-110.461273131842
E3_SITE_19_SEC_1,E3_SITE_19,10.0,V,ZERO_DBI_PROPAGATION_REFERENCE,0.0,7.504538205394204,25.566337945233077,0.0,13.207718962187377,16.0,-10.0,1.0,0.0,116.346519506734,-110.346519506734
E3_SITE_19_SEC_1,E3_SITE_19,1.0,V,ZERO_DBI_PROPAGATION_REFERENCE,0.0,7.504538205394204,25.566337945233077,0.0,13.207718962187377,16.0,-10.0,1.0,0.0,115.879867915596,-109.879867915596
E3_SITE_19_SEC_1,E3_SITE_19,0.1,V,ZERO_DBI_PROPAGATION_REFERENCE,0.0,7.504538205394204,25.566337945233077,0.0,13.207718962187377,16.0,-10.0,1.0,0.0,115.408567625315,-109.408567625315
E3_SITE_19_SEC_1,E3_SITE_19,0.01,V,ZERO_DBI_PROPAGATION_REFERENCE,0.0,7.504538205394204,25.566337945233077,0.0,13.207718962187377,16.0,-10.0,1.0,0.0,114.937265655311,-108.937265655311
E3_SITE_19_SEC_1,E3_SITE_19,0.005,V,ZERO_DBI_PROPAGATION_REFERENCE,0.0,7.504538205394204,25.566337945233077,0.0,13.207718962187377,16.0,-10.0,1.0,0.0,114.795388439828,-108.795388439828
E3_SITE_19_SEC_1,E3_SITE_19,50.0,H,ELEMENT_PATTERN_REFERENCE,7.504538205394204,7.504538205394204,25.566337945233077,0.0,13.207718962187377,16.0,-10.0,1.0,0.0,116.68059257543,-103.1760543700358
E3_SITE_19_SEC_1,E3_SITE_19,20.0,H,ELEMENT_PATTERN_REFERENCE,7.504538205394204,7.504538205394204,25.566337945233077,0.0,13.207718962187377,16.0,-10.0,1.0,0.0,116.461273131842,-102.9567349264478
E3_SITE_19_SEC_1,E3_SITE_19,10.0,H,ELEMENT_PATTERN_REFERENCE,7.504538205394204,7.504538205394204,25.566337945233077,0.0,13.207718962187377,16.0,-10.0,1.0,0.0,116.346519506734,-102.8419813013398
E3_SITE_19_SEC_1,E3_SITE_19,1.0,H,ELEMENT_PATTERN_REFERENCE,7.504538205394204,7.504538205394204,25.566337945233077,0.0,13.207718962187377,16.0,-10.0,1.0,0.0,115.879867915596,-102.37532971020178
E3_SITE_19_SEC_1,E3_SITE_19,0.1,H,ELEMENT_PATTERN_REFERENCE,7.504538205394204,7.504538205394204,25.566337945233077,0.0,13.207718962187377,16.0,-10.0,1.0,0.0,115.408567625315,-101.9040294199208
E3_SITE_19_SEC_1,E3_SITE_19,0.01,H,ELEMENT_PATTERN_REFERENCE,7.504538205394204,7.504538205394204,25.566337945233077,0.0,13.207718962187377,16.0,-10.0,1.0,0.0,114.937265655311,-101.4327274499168
E3_SITE_19_SEC_1,E3_SITE_19,0.005,H,ELEMENT_PATTERN_REFERENCE,7.504538205394204,7.504538205394204,25.566337945233077,0.0,13.207718962187377,16.0,-10.0,1.0,0.0,114.795388439828,-101.2908502344338
E3_SITE_19_SEC_1,E3_SITE_19,50.0,V,ELEMENT_PATTERN_REFERENCE,7.504538205394204,7.504538205394204,25.566337945233077,0.0,13.207718962187377,16.0,-10.0,1.0,0.0,116.68059257543,-103.1760543700358
E3_SITE_19_SEC_1,E3_SITE_19,20.0,V,ELEMENT_PATTERN_REFERENCE,7.504538205394204,7.504538205394204,25.566337945233077,0.0,13.207718962187377,16.0,-10.0,1.0,0.0,116.461273131842,-102.9567349264478
E3_SITE_19_SEC_1,E3_SITE_19,10.0,V,ELEMENT_PATTERN_REFERENCE,7.504538205394204,7.504538205394204,25.566337945233077,0.0,13.207718962187377,16.0,-10.0,1.0,0.0,116.346519506734,-102.8419813013398
E3_SITE_19_SEC_1,E3_SITE_19,1.0,V,ELEMENT_PATTERN_REFERENCE,7.504538205394204,7.504538205394204,25.566337945233077,0.0,13.207718962187377,16.0,-10.0,1.0,0.0,115.879867915596,-102.37532971020178
E3_SITE_19_SEC_1,E3_SITE_19,0.1,V,ELEMENT_PATTERN_REFERENCE,7.504538205394204,7.504538205394204,25.566337945233077,0.0,13.207718962187377,16.0,-10.0,1.0,0.0,115.408567625315,-101.9040294199208
E3_SITE_19_SEC_1,E3_SITE_19,0.01,V,ELEMENT_PATTERN_REFERENCE,7.504538205394204,7.504538205394204,25.566337945233077,0.0,13.207718962187377,16.0,-10.0,1.0,0.0,114.937265655311,-101.4327274499168
E3_SITE_19_SEC_1,E3_SITE_19,0.005,V,ELEMENT_PATTERN_REFERENCE,7.504538205394204,7.504538205394204,25.566337945233077,0.0,13.207718962187377,16.0,-10.0,1.0,0.0,114.795388439828,-101.2908502344338
E3_SITE_19_SEC_1,E3_SITE_19,50.0,H,COHERENT_ARRAY_UPPER_ENVELOPE,25.566337945233077,7.504538205394204,25.566337945233077,0.0,13.207718962187377,16.0,-10.0,1.0,0.0,116.68059257543,-85.11425463019692
E3_SITE_19_SEC_1,E3_SITE_19,20.0,H,COHERENT_ARRAY_UPPER_ENVELOPE,25.566337945233077,7.504538205394204,25.566337945233077,0.0,13.207718962187377,16.0,-10.0,1.0,0.0,116.461273131842,-84.89493518660893
E3_SITE_19_SEC_1,E3_SITE_19,10.0,H,COHERENT_ARRAY_UPPER_ENVELOPE,25.566337945233077,7.504538205394204,25.566337945233077,0.0,13.207718962187377,16.0,-10.0,1.0,0.0,116.346519506734,-84.78018156150092
E3_SITE_19_SEC_1,E3_SITE_19,1.0,H,COHERENT_ARRAY_UPPER_ENVELOPE,25.566337945233077,7.504538205394204,25.566337945233077,0.0,13.207718962187377,16.0,-10.0,1.0,0.0,115.879867915596,-84.31352997036292
E3_SITE_19_SEC_1,E3_SITE_19,0.1,H,COHERENT_ARRAY_UPPER_ENVELOPE,25.566337945233077,7.504538205394204,25.566337945233077,0.0,13.207718962187377,16.0,-10.0,1.0,0.0,115.408567625315,-83.84222968008193
E3_SITE_19_SEC_1,E3_SITE_19,0.01,H,COHERENT_ARRAY_UPPER_ENVELOPE,25.566337945233077,7.504538205394204,25.566337945233077,0.0,13.207718962187377,16.0,-10.0,1.0,0.0,114.937265655311,-83.37092771007792
E3_SITE_19_SEC_1,E3_SITE_19,0.005,H,COHERENT_ARRAY_UPPER_ENVELOPE,25.566337945233077,7.504538205394204,25.566337945233077,0.0,13.207718962187377,16.0,-10.0,1.0,0.0,114.795388439828,-83.22905049459493
E3_SITE_19_SEC_1,E3_SITE_19,50.0,V,COHERENT_ARRAY_UPPER_ENVELOPE,25.566337945233077,7.504538205394204,25.566337945233077,0.0,13.207718962187377,16.0,-10.0,1.0,0.0,116.68059257543,-85.11425463019692
E3_SITE_19_SEC_1,E3_SITE_19,20.0,V,COHERENT_ARRAY_UPPER_ENVELOPE,25.566337945233077,7.504538205394204,25.566337945233077,0.0,13.207718962187377,16.0,-10.0,1.0,0.0,116.461273131842,-84.89493518660893
E3_SITE_19_SEC_1,E3_SITE_19,10.0,V,COHERENT_ARRAY_UPPER_ENVELOPE,25.566337945233077,7.504538205394204,25.566337945233077,0.0,13.207718962187377,16.0,-10.0,1.0,0.0,116.346519506734,-84.78018156150092
E3_SITE_19_SEC_1,E3_SITE_19,1.0,V,COHERENT_ARRAY_UPPER_ENVELOPE,25.566337945233077,7.504538205394204,25.566337945233077,0.0,13.207718962187377,16.0,-10.0,1.0,0.0,115.879867915596,-84.31352997036292
E3_SITE_19_SEC_1,E3_SITE_19,0.1,V,COHERENT_ARRAY_UPPER_ENVELOPE,25.566337945233077,7.504538205394204,25.566337945233077,0.0,13.207718962187377,16.0,-10.0,1.0,0.0,115.408567625315,-83.84222968008193
E3_SITE_19_SEC_1,E3_SITE_19,0.01,V,COHERENT_ARRAY_UPPER_ENVELOPE,25.566337945233077,7.504538205394204,25.566337945233077,0.0,13.207718962187377,16.0,-10.0,1.0,0.0,114.937265655311,-83.37092771007792
E3_SITE_19_SEC_1,E3_SITE_19,0.005,V,COHERENT_ARRAY_UPPER_ENVELOPE,25.566337945233077,7.504538205394204,25.566337945233077,0.0,13.207718962187377,16.0,-10.0,1.0,0.0,114.795388439828,-83.22905049459493
E3_SITE_19_SEC_2,E3_SITE_19,50.0,H,ZERO_DBI_PROPAGATION_REFERENCE,0.0,-22.0,-3.9382002601611283,-120.0,13.207718962187377,16.0,-10.0,1.0,0.0,116.68059257543,-110.68059257543
E3_SITE_19_SEC_2,E3_SITE_19,20.0,H,ZERO_DBI_PROPAGATION_REFERENCE,0.0,-22.0,-3.9382002601611283,-120.0,13.207718962187377,16.0,-10.0,1.0,0.0,116.461273131842,-110.461273131842
E3_SITE_19_SEC_2,E3_SITE_19,10.0,H,ZERO_DBI_PROPAGATION_REFERENCE,0.0,-22.0,-3.9382002601611283,-120.0,13.207718962187377,16.0,-10.0,1.0,0.0,116.346519506734,-110.346519506734
E3_SITE_19_SEC_2,E3_SITE_19,1.0,H,ZERO_DBI_PROPAGATION_REFERENCE,0.0,-22.0,-3.9382002601611283,-120.0,13.207718962187377,16.0,-10.0,1.0,0.0,115.879867915596,-109.879867915596
E3_SITE_19_SEC_2,E3_SITE_19,0.1,H,ZERO_DBI_PROPAGATION_REFERENCE,0.0,-22.0,-3.9382002601611283,-120.0,13.207718962187377,16.0,-10.0,1.0,0.0,115.408567625315,-109.408567625315
E3_SITE_19_SEC_2,E3_SITE_19,0.01,H,ZERO_DBI_PROPAGATION_REFERENCE,0.0,-22.0,-3.9382002601611283,-120.0,13.207718962187377,16.0,-10.0,1.0,0.0,114.937265655311,-108.937265655311
E3_SITE_19_SEC_2,E3_SITE_19,0.005,H,ZERO_DBI_PROPAGATION_REFERENCE,0.0,-22.0,-3.9382002601611283,-120.0,13.207718962187377,16.0,-10.0,1.0,0.0,114.795388439828,-108.795388439828
E3_SITE_19_SEC_2,E3_SITE_19,50.0,V,ZERO_DBI_PROPAGATION_REFERENCE,0.0,-22.0,-3.9382002601611283,-120.0,13.207718962187377,16.0,-10.0,1.0,0.0,116.68059257543,-110.68059257543
E3_SITE_19_SEC_2,E3_SITE_19,20.0,V,ZERO_DBI_PROPAGATION_REFERENCE,0.0,-22.0,-3.9382002601611283,-120.0,13.207718962187377,16.0,-10.0,1.0,0.0,116.461273131842,-110.461273131842
E3_SITE_19_SEC_2,E3_SITE_19,10.0,V,ZERO_DBI_PROPAGATION_REFERENCE,0.0,-22.0,-3.9382002601611283,-120.0,13.207718962187377,16.0,-10.0,1.0,0.0,116.346519506734,-110.346519506734
E3_SITE_19_SEC_2,E3_SITE_19,1.0,V,ZERO_DBI_PROPAGATION_REFERENCE,0.0,-22.0,-3.9382002601611283,-120.0,13.207718962187377,16.0,-10.0,1.0,0.0,115.879867915596,-109.879867915596
E3_SITE_19_SEC_2,E3_SITE_19,0.1,V,ZERO_DBI_PROPAGATION_REFERENCE,0.0,-22.0,-3.9382002601611283,-120.0,13.207718962187377,16.0,-10.0,1.0,0.0,115.408567625315,-109.408567625315
E3_SITE_19_SEC_2,E3_SITE_19,0.01,V,ZERO_DBI_PROPAGATION_REFERENCE,0.0,-22.0,-3.9382002601611283,-120.0,13.207718962187377,16.0,-10.0,1.0,0.0,114.937265655311,-108.937265655311
E3_SITE_19_SEC_2,E3_SITE_19,0.005,V,ZERO_DBI_PROPAGATION_REFERENCE,0.0,-22.0,-3.9382002601611283,-120.0,13.207718962187377,16.0,-10.0,1.0,0.0,114.795388439828,-108.795388439828
E3_SITE_19_SEC_2,E3_SITE_19,50.0,H,ELEMENT_PATTERN_REFERENCE,-22.0,-22.0,-3.9382002601611283,-120.0,13.207718962187377,16.0,-10.0,1.0,0.0,116.68059257543,-132.68059257543
E3_SITE_19_SEC_2,E3_SITE_19,20.0,H,ELEMENT_PATTERN_REFERENCE,-22.0,-22.0,-3.9382002601611283,-120.0,13.207718962187377,16.0,-10.0,1.0,0.0,116.461273131842,-132.461273131842
E3_SITE_19_SEC_2,E3_SITE_19,10.0,H,ELEMENT_PATTERN_REFERENCE,-22.0,-22.0,-3.9382002601611283,-120.0,13.207718962187377,16.0,-10.0,1.0,0.0,116.346519506734,-132.346519506734
E3_SITE_19_SEC_2,E3_SITE_19,1.0,H,ELEMENT_PATTERN_REFERENCE,-22.0,-22.0,-3.9382002601611283,-120.0,13.207718962187377,16.0,-10.0,1.0,0.0,115.879867915596,-131.87986791559598
E3_SITE_19_SEC_2,E3_SITE_19,0.1,H,ELEMENT_PATTERN_REFERENCE,-22.0,-22.0,-3.9382002601611283,-120.0,13.207718962187377,16.0,-10.0,1.0,0.0,115.408567625315,-131.40856762531502
E3_SITE_19_SEC_2,E3_SITE_19,0.01,H,ELEMENT_PATTERN_REFERENCE,-22.0,-22.0,-3.9382002601611283,-120.0,13.207718962187377,16.0,-10.0,1.0,0.0,114.937265655311,-130.937265655311
E3_SITE_19_SEC_2,E3_SITE_19,0.005,H,ELEMENT_PATTERN_REFERENCE,-22.0,-22.0,-3.9382002601611283,-120.0,13.207718962187377,16.0,-10.0,1.0,0.0,114.795388439828,-130.795388439828
E3_SITE_19_SEC_2,E3_SITE_19,50.0,V,ELEMENT_PATTERN_REFERENCE,-22.0,-22.0,-3.9382002601611283,-120.0,13.207718962187377,16.0,-10.0,1.0,0.0,116.68059257543,-132.68059257543
E3_SITE_19_SEC_2,E3_SITE_19,20.0,V,ELEMENT_PATTERN_REFERENCE,-22.0,-22.0,-3.9382002601611283,-120.0,13.207718962187377,16.0,-10.0,1.0,0.0,116.461273131842,-132.461273131842
E3_SITE_19_SEC_2,E3_SITE_19,10.0,V,ELEMENT_PATTERN_REFERENCE,-22.0,-22.0,-3.9382002601611283,-120.0,13.207718962187377,16.0,-10.0,1.0,0.0,116.346519506734,-132.346519506734
E3_SITE_19_SEC_2,E3_SITE_19,1.0,V,ELEMENT_PATTERN_REFERENCE,-22.0,-22.0,-3.9382002601611283,-120.0,13.207718962187377,16.0,-10.0,1.0,0.0,115.879867915596,-131.87986791559598
E3_SITE_19_SEC_2,E3_SITE_19,0.1,V,ELEMENT_PATTERN_REFERENCE,-22.0,-22.0,-3.9382002601611283,-120.0,13.207718962187377,16.0,-10.0,1.0,0.0,115.408567625315,-131.40856762531502
E3_SITE_19_SEC_2,E3_SITE_19,0.01,V,ELEMENT_PATTERN_REFERENCE,-22.0,-22.0,-3.9382002601611283,-120.0,13.207718962187377,16.0,-10.0,1.0,0.0,114.937265655311,-130.937265655311
E3_SITE_19_SEC_2,E3_SITE_19,0.005,V,ELEMENT_PATTERN_REFERENCE,-22.0,-22.0,-3.9382002601611283,-120.0,13.207718962187377,16.0,-10.0,1.0,0.0,114.795388439828,-130.795388439828
E3_SITE_19_SEC_2,E3_SITE_19,50.0,H,COHERENT_ARRAY_UPPER_ENVELOPE,-3.9382002601611283,-22.0,-3.9382002601611283,-120.0,13.207718962187377,16.0,-10.0,1.0,0.0,116.68059257543,-114.61879283559112
E3_SITE_19_SEC_2,E3_SITE_19,20.0,H,COHERENT_ARRAY_UPPER_ENVELOPE,-3.9382002601611283,-22.0,-3.9382002601611283,-120.0,13.207718962187377,16.0,-10.0,1.0,0.0,116.461273131842,-114.39947339200313
E3_SITE_19_SEC_2,E3_SITE_19,10.0,H,COHERENT_ARRAY_UPPER_ENVELOPE,-3.9382002601611283,-22.0,-3.9382002601611283,-120.0,13.207718962187377,16.0,-10.0,1.0,0.0,116.346519506734,-114.28471976689512
E3_SITE_19_SEC_2,E3_SITE_19,1.0,H,COHERENT_ARRAY_UPPER_ENVELOPE,-3.9382002601611283,-22.0,-3.9382002601611283,-120.0,13.207718962187377,16.0,-10.0,1.0,0.0,115.879867915596,-113.81806817575712
E3_SITE_19_SEC_2,E3_SITE_19,0.1,H,COHERENT_ARRAY_UPPER_ENVELOPE,-3.9382002601611283,-22.0,-3.9382002601611283,-120.0,13.207718962187377,16.0,-10.0,1.0,0.0,115.408567625315,-113.34676788547613
E3_SITE_19_SEC_2,E3_SITE_19,0.01,H,COHERENT_ARRAY_UPPER_ENVELOPE,-3.9382002601611283,-22.0,-3.9382002601611283,-120.0,13.207718962187377,16.0,-10.0,1.0,0.0,114.937265655311,-112.87546591547212
E3_SITE_19_SEC_2,E3_SITE_19,0.005,H,COHERENT_ARRAY_UPPER_ENVELOPE,-3.9382002601611283,-22.0,-3.9382002601611283,-120.0,13.207718962187377,16.0,-10.0,1.0,0.0,114.795388439828,-112.73358869998913
E3_SITE_19_SEC_2,E3_SITE_19,50.0,V,COHERENT_ARRAY_UPPER_ENVELOPE,-3.9382002601611283,-22.0,-3.9382002601611283,-120.0,13.207718962187377,16.0,-10.0,1.0,0.0,116.68059257543,-114.61879283559112
E3_SITE_19_SEC_2,E3_SITE_19,20.0,V,COHERENT_ARRAY_UPPER_ENVELOPE,-3.9382002601611283,-22.0,-3.9382002601611283,-120.0,13.207718962187377,16.0,-10.0,1.0,0.0,116.461273131842,-114.39947339200313
E3_SITE_19_SEC_2,E3_SITE_19,10.0,V,COHERENT_ARRAY_UPPER_ENVELOPE,-3.9382002601611283,-22.0,-3.9382002601611283,-120.0,13.207718962187377,16.0,-10.0,1.0,0.0,116.346519506734,-114.28471976689512
E3_SITE_19_SEC_2,E3_SITE_19,1.0,V,COHERENT_ARRAY_UPPER_ENVELOPE,-3.9382002601611283,-22.0,-3.9382002601611283,-120.0,13.207718962187377,16.0,-10.0,1.0,0.0,115.879867915596,-113.81806817575712
E3_SITE_19_SEC_2,E3_SITE_19,0.1,V,COHERENT_ARRAY_UPPER_ENVELOPE,-3.9382002601611283,-22.0,-3.9382002601611283,-120.0,13.207718962187377,16.0,-10.0,1.0,0.0,115.408567625315,-113.34676788547613
E3_SITE_19_SEC_2,E3_SITE_19,0.01,V,COHERENT_ARRAY_UPPER_ENVELOPE,-3.9382002601611283,-22.0,-3.9382002601611283,-120.0,13.207718962187377,16.0,-10.0,1.0,0.0,114.937265655311,-112.87546591547212
E3_SITE_19_SEC_2,E3_SITE_19,0.005,V,COHERENT_ARRAY_UPPER_ENVELOPE,-3.9382002601611283,-22.0,-3.9382002601611283,-120.0,13.207718962187377,16.0,-10.0,1.0,0.0,114.795388439828,-112.73358869998913
E3_SITE_19_SEC_3,E3_SITE_19,50.0,H,ZERO_DBI_PROPAGATION_REFERENCE,0.0,-22.0,-3.9382002601611283,120.0,13.207718962187377,16.0,-10.0,1.0,0.0,116.68059257543,-110.68059257543
E3_SITE_19_SEC_3,E3_SITE_19,20.0,H,ZERO_DBI_PROPAGATION_REFERENCE,0.0,-22.0,-3.9382002601611283,120.0,13.207718962187377,16.0,-10.0,1.0,0.0,116.461273131842,-110.461273131842
E3_SITE_19_SEC_3,E3_SITE_19,10.0,H,ZERO_DBI_PROPAGATION_REFERENCE,0.0,-22.0,-3.9382002601611283,120.0,13.207718962187377,16.0,-10.0,1.0,0.0,116.346519506734,-110.346519506734
E3_SITE_19_SEC_3,E3_SITE_19,1.0,H,ZERO_DBI_PROPAGATION_REFERENCE,0.0,-22.0,-3.9382002601611283,120.0,13.207718962187377,16.0,-10.0,1.0,0.0,115.879867915596,-109.879867915596
E3_SITE_19_SEC_3,E3_SITE_19,0.1,H,ZERO_DBI_PROPAGATION_REFERENCE,0.0,-22.0,-3.9382002601611283,120.0,13.207718962187377,16.0,-10.0,1.0,0.0,115.408567625315,-109.408567625315
E3_SITE_19_SEC_3,E3_SITE_19,0.01,H,ZERO_DBI_PROPAGATION_REFERENCE,0.0,-22.0,-3.9382002601611283,120.0,13.207718962187377,16.0,-10.0,1.0,0.0,114.937265655311,-108.937265655311
E3_SITE_19_SEC_3,E3_SITE_19,0.005,H,ZERO_DBI_PROPAGATION_REFERENCE,0.0,-22.0,-3.9382002601611283,120.0,13.207718962187377,16.0,-10.0,1.0,0.0,114.795388439828,-108.795388439828
E3_SITE_19_SEC_3,E3_SITE_19,50.0,V,ZERO_DBI_PROPAGATION_REFERENCE,0.0,-22.0,-3.9382002601611283,120.0,13.207718962187377,16.0,-10.0,1.0,0.0,116.68059257543,-110.68059257543
E3_SITE_19_SEC_3,E3_SITE_19,20.0,V,ZERO_DBI_PROPAGATION_REFERENCE,0.0,-22.0,-3.9382002601611283,120.0,13.207718962187377,16.0,-10.0,1.0,0.0,116.461273131842,-110.461273131842
E3_SITE_19_SEC_3,E3_SITE_19,10.0,V,ZERO_DBI_PROPAGATION_REFERENCE,0.0,-22.0,-3.9382002601611283,120.0,13.207718962187377,16.0,-10.0,1.0,0.0,116.346519506734,-110.346519506734
E3_SITE_19_SEC_3,E3_SITE_19,1.0,V,ZERO_DBI_PROPAGATION_REFERENCE,0.0,-22.0,-3.9382002601611283,120.0,13.207718962187377,16.0,-10.0,1.0,0.0,115.879867915596,-109.879867915596
E3_SITE_19_SEC_3,E3_SITE_19,0.1,V,ZERO_DBI_PROPAGATION_REFERENCE,0.0,-22.0,-3.9382002601611283,120.0,13.207718962187377,16.0,-10.0,1.0,0.0,115.408567625315,-109.408567625315
E3_SITE_19_SEC_3,E3_SITE_19,0.01,V,ZERO_DBI_PROPAGATION_REFERENCE,0.0,-22.0,-3.9382002601611283,120.0,13.207718962187377,16.0,-10.0,1.0,0.0,114.937265655311,-108.937265655311
E3_SITE_19_SEC_3,E3_SITE_19,0.005,V,ZERO_DBI_PROPAGATION_REFERENCE,0.0,-22.0,-3.9382002601611283,120.0,13.207718962187377,16.0,-10.0,1.0,0.0,114.795388439828,-108.795388439828
E3_SITE_19_SEC_3,E3_SITE_19,50.0,H,ELEMENT_PATTERN_REFERENCE,-22.0,-22.0,-3.9382002601611283,120.0,13.207718962187377,16.0,-10.0,1.0,0.0,116.68059257543,-132.68059257543
E3_SITE_19_SEC_3,E3_SITE_19,20.0,H,ELEMENT_PATTERN_REFERENCE,-22.0,-22.0,-3.9382002601611283,120.0,13.207718962187377,16.0,-10.0,1.0,0.0,116.461273131842,-132.461273131842
E3_SITE_19_SEC_3,E3_SITE_19,10.0,H,ELEMENT_PATTERN_REFERENCE,-22.0,-22.0,-3.9382002601611283,120.0,13.207718962187377,16.0,-10.0,1.0,0.0,116.346519506734,-132.346519506734
E3_SITE_19_SEC_3,E3_SITE_19,1.0,H,ELEMENT_PATTERN_REFERENCE,-22.0,-22.0,-3.9382002601611283,120.0,13.207718962187377,16.0,-10.0,1.0,0.0,115.879867915596,-131.87986791559598
E3_SITE_19_SEC_3,E3_SITE_19,0.1,H,ELEMENT_PATTERN_REFERENCE,-22.0,-22.0,-3.9382002601611283,120.0,13.207718962187377,16.0,-10.0,1.0,0.0,115.408567625315,-131.40856762531502
E3_SITE_19_SEC_3,E3_SITE_19,0.01,H,ELEMENT_PATTERN_REFERENCE,-22.0,-22.0,-3.9382002601611283,120.0,13.207718962187377,16.0,-10.0,1.0,0.0,114.937265655311,-130.937265655311
E3_SITE_19_SEC_3,E3_SITE_19,0.005,H,ELEMENT_PATTERN_REFERENCE,-22.0,-22.0,-3.9382002601611283,120.0,13.207718962187377,16.0,-10.0,1.0,0.0,114.795388439828,-130.795388439828
E3_SITE_19_SEC_3,E3_SITE_19,50.0,V,ELEMENT_PATTERN_REFERENCE,-22.0,-22.0,-3.9382002601611283,120.0,13.207718962187377,16.0,-10.0,1.0,0.0,116.68059257543,-132.68059257543
E3_SITE_19_SEC_3,E3_SITE_19,20.0,V,ELEMENT_PATTERN_REFERENCE,-22.0,-22.0,-3.9382002601611283,120.0,13.207718962187377,16.0,-10.0,1.0,0.0,116.461273131842,-132.461273131842
E3_SITE_19_SEC_3,E3_SITE_19,10.0,V,ELEMENT_PATTERN_REFERENCE,-22.0,-22.0,-3.9382002601611283,120.0,13.207718962187377,16.0,-10.0,1.0,0.0,116.346519506734,-132.346519506734
E3_SITE_19_SEC_3,E3_SITE_19,1.0,V,ELEMENT_PATTERN_REFERENCE,-22.0,-22.0,-3.9382002601611283,120.0,13.207718962187377,16.0,-10.0,1.0,0.0,115.879867915596,-131.87986791559598
E3_SITE_19_SEC_3,E3_SITE_19,0.1,V,ELEMENT_PATTERN_REFERENCE,-22.0,-22.0,-3.9382002601611283,120.0,13.207718962187377,16.0,-10.0,1.0,0.0,115.408567625315,-131.40856762531502
E3_SITE_19_SEC_3,E3_SITE_19,0.01,V,ELEMENT_PATTERN_REFERENCE,-22.0,-22.0,-3.9382002601611283,120.0,13.207718962187377,16.0,-10.0,1.0,0.0,114.937265655311,-130.937265655311
E3_SITE_19_SEC_3,E3_SITE_19,0.005,V,ELEMENT_PATTERN_REFERENCE,-22.0,-22.0,-3.9382002601611283,120.0,13.207718962187377,16.0,-10.0,1.0,0.0,114.795388439828,-130.795388439828
E3_SITE_19_SEC_3,E3_SITE_19,50.0,H,COHERENT_ARRAY_UPPER_ENVELOPE,-3.9382002601611283,-22.0,-3.9382002601611283,120.0,13.207718962187377,16.0,-10.0,1.0,0.0,116.68059257543,-114.61879283559112
E3_SITE_19_SEC_3,E3_SITE_19,20.0,H,COHERENT_ARRAY_UPPER_ENVELOPE,-3.9382002601611283,-22.0,-3.9382002601611283,120.0,13.207718962187377,16.0,-10.0,1.0,0.0,116.461273131842,-114.39947339200313
E3_SITE_19_SEC_3,E3_SITE_19,10.0,H,COHERENT_ARRAY_UPPER_ENVELOPE,-3.9382002601611283,-22.0,-3.9382002601611283,120.0,13.207718962187377,16.0,-10.0,1.0,0.0,116.346519506734,-114.28471976689512
E3_SITE_19_SEC_3,E3_SITE_19,1.0,H,COHERENT_ARRAY_UPPER_ENVELOPE,-3.9382002601611283,-22.0,-3.9382002601611283,120.0,13.207718962187377,16.0,-10.0,1.0,0.0,115.879867915596,-113.81806817575712
E3_SITE_19_SEC_3,E3_SITE_19,0.1,H,COHERENT_ARRAY_UPPER_ENVELOPE,-3.9382002601611283,-22.0,-3.9382002601611283,120.0,13.207718962187377,16.0,-10.0,1.0,0.0,115.408567625315,-113.34676788547613
E3_SITE_19_SEC_3,E3_SITE_19,0.01,H,COHERENT_ARRAY_UPPER_ENVELOPE,-3.9382002601611283,-22.0,-3.9382002601611283,120.0,13.207718962187377,16.0,-10.0,1.0,0.0,114.937265655311,-112.87546591547212
E3_SITE_19_SEC_3,E3_SITE_19,0.005,H,COHERENT_ARRAY_UPPER_ENVELOPE,-3.9382002601611283,-22.0,-3.9382002601611283,120.0,13.207718962187377,16.0,-10.0,1.0,0.0,114.795388439828,-112.73358869998913
E3_SITE_19_SEC_3,E3_SITE_19,50.0,V,COHERENT_ARRAY_UPPER_ENVELOPE,-3.9382002601611283,-22.0,-3.9382002601611283,120.0,13.207718962187377,16.0,-10.0,1.0,0.0,116.68059257543,-114.61879283559112
E3_SITE_19_SEC_3,E3_SITE_19,20.0,V,COHERENT_ARRAY_UPPER_ENVELOPE,-3.9382002601611283,-22.0,-3.9382002601611283,120.0,13.207718962187377,16.0,-10.0,1.0,0.0,116.461273131842,-114.39947339200313
E3_SITE_19_SEC_3,E3_SITE_19,10.0,V,COHERENT_ARRAY_UPPER_ENVELOPE,-3.9382002601611283,-22.0,-3.9382002601611283,120.0,13.207718962187377,16.0,-10.0,1.0,0.0,116.346519506734,-114.28471976689512
E3_SITE_19_SEC_3,E3_SITE_19,1.0,V,COHERENT_ARRAY_UPPER_ENVELOPE,-3.9382002601611283,-22.0,-3.9382002601611283,120.0,13.207718962187377,16.0,-10.0,1.0,0.0,115.879867915596,-113.81806817575712
E3_SITE_19_SEC_3,E3_SITE_19,0.1,V,COHERENT_ARRAY_UPPER_ENVELOPE,-3.9382002601611283,-22.0,-3.9382002601611283,120.0,13.207718962187377,16.0,-10.0,1.0,0.0,115.408567625315,-113.34676788547613
E3_SITE_19_SEC_3,E3_SITE_19,0.01,V,COHERENT_ARRAY_UPPER_ENVELOPE,-3.9382002601611283,-22.0,-3.9382002601611283,120.0,13.207718962187377,16.0,-10.0,1.0,0.0,114.937265655311,-112.87546591547212
E3_SITE_19_SEC_3,E3_SITE_19,0.005,V,COHERENT_ARRAY_UPPER_ENVELOPE,-3.9382002601611283,-22.0,-3.9382002601611283,120.0,13.207718962187377,16.0,-10.0,1.0,0.0,114.795388439828,-112.73358869998913
